Time,Task,Task_Name
10:55:45.547, 0, IndexStatus
10:55:45.547, 1, AllPassVerifyTask
10:55:45.547, 1, Auto_AutoRT_Task[0]
10:55:45.547, 1, Auto123TrayToRearTask[0]
10:55:45.547, 1, Auto123TrayToRearTask[1]
10:55:45.547, 1, Auto123TrayToRearTask[2]
10:55:45.547, 1, AutoCleanIndexTask
10:55:45.547, 1, AutoCleanPickFromCleanKitStageTask
10:55:45.547, 1, AutoCleanPickFromShuttleTask
10:55:45.547, 1, AutoCleanPlaceToCleanKitTask
10:55:45.547, 1, AutoCleanPlaceToShuttleTask
10:55:45.547, 1, AutoCleanShuttle1Task
10:55:45.547, 1, AutoCleanShuttle2Task
10:55:45.547, 1, AutoCleanTask
10:55:45.547, 1, AutoColorTask
10:55:45.547, 1, AutoEmptyTask
10:55:45.547, 1, AutoRetestTask
10:55:45.547, 1, AutoTrackDetectICFloatingTask[0]
10:55:45.547, 1, AutoTrackDetectICFloatingTask[1]
10:55:45.547, 1, AutoTrackDetectICFloatingTask[2]
10:55:45.547, 1, AutoTrayReceiveTask[0]
10:55:45.547, 1, AutoTrayToFrontTask[0]
10:55:45.547, 1, AutoTrayToRearTask[0]
10:55:45.547, 1, BinTrayTask[0]
10:55:45.547, 1, BinTrayTask[1]
10:55:45.547, 1, BinTrayTask[2]
10:55:45.547, 1, DoFix3FullTray
10:55:45.547, 1, DoPickFix3IC
10:55:45.547, 1, DoPlaceFix3IC
10:55:45.547, 1, Fix3CanFullTask
10:55:45.547, 1, FrontTestDestroyICTask
10:55:45.547, 1, FrontTestSuckICTask
10:55:45.547, 1, FrontTestSuckTestICTask
10:55:45.547, 1, iAutoTask[0][0]
10:55:45.547, 1, iAutoTask[0][1]
10:55:45.547, 1, iAutoTask[0][2]
10:55:45.547, 1, iAutoTask[0][3]
10:55:45.547, 1, iAutoTask[0][4]
10:55:45.547, 1, iAutoTask[0][5]
10:55:45.547, 1, iAutoTask[0][6]
10:55:45.547, 1, iAutoTask[1][0]
10:55:45.547, 1, iAutoTask[1][1]
10:55:45.547, 1, iAutoTask[1][2]
10:55:45.547, 1, iAutoTask[1][3]
10:55:45.547, 1, iAutoTask[1][4]
10:55:45.547, 1, iAutoTask[1][5]
10:55:45.547, 1, iAutoTask[1][6]
10:55:45.547, 1, iAutoTask[2][0]
10:55:45.547, 1, iAutoTask[2][1]
10:55:45.547, 1, iAutoTask[2][2]
10:55:45.547, 1, iAutoTask[2][3]
10:55:45.547, 1, iAutoTask[2][4]
10:55:45.547, 1, iAutoTask[2][5]
10:55:45.547, 1, iAutoTask[2][6]
10:55:45.547, 1, iLifterTask[0][0]
10:55:45.547, 1, iLifterTask[0][1]
10:55:45.547, 1, iLifterTask[0][2]
10:55:45.547, 1, iLifterTask[0][3]
10:55:45.547, 1, iLifterTask[0][4]
10:55:45.547, 1, iLifterTask[0][5]
10:55:45.547, 1, iLifterTask[0][6]
10:55:45.547, 1, iLifterTask[1][0]
10:55:45.547, 1, iLifterTask[1][1]
10:55:45.547, 1, iLifterTask[1][2]
10:55:45.547, 1, iLifterTask[1][3]
10:55:45.547, 1, iLifterTask[1][4]
10:55:45.547, 1, iLifterTask[1][5]
10:55:45.547, 1, iLifterTask[1][6]
10:55:45.547, 1, iLifterTask[2][0]
10:55:45.547, 1, iLifterTask[2][1]
10:55:45.547, 1, iLifterTask[2][2]
10:55:45.547, 1, iLifterTask[2][3]
10:55:45.547, 1, iLifterTask[2][4]
10:55:45.547, 1, iLifterTask[2][5]
10:55:45.547, 1, iLifterTask[2][6]
10:55:45.547, 1, InArmPickFromHotPlateTask
10:55:45.547, 1, InArmPlaceToHotPlateTask
10:55:45.547, 1, InArmTask
10:55:45.547, 1, InArmTryPickFromHotPlateTask
10:55:45.547, 1, IndexArm1PickUpErrNeedPiggybackTask
10:55:45.547, 1, IndexArm2PickUpErrNeedPiggybackTask
10:55:45.547, 1, IndexEveryTimeCheckEPTask
10:55:45.547, 1, IndexSocketCheckTask
10:55:45.547, 1, InterFaceErrorStepTask
10:55:45.547, 1, Loader_AutoRT_Task
10:55:45.547, 1, LoadNewAutoTrayToCarTask[0]
10:55:45.547, 1, LoadNewColorTrayToCarTask
10:55:45.547, 1, LoadNewEmptyTrayToCarTask
10:55:45.547, 1, LoadNewICTrayTask
10:55:45.547, 1, LoadTask
10:55:45.547, 1, PickFromShuttle1Task
10:55:45.547, 1, PickFromShuttle2Task
10:55:45.547, 1, PlaceToAutoTask
10:55:45.547, 1, PlaceToFixTask
10:55:45.547, 1, RearTestSuckICTask
10:55:45.547, 1, RearTestSuckTestICTask
10:55:45.547, 1, SetStepMotorTask
10:55:45.547, 1, SetupTask
10:55:45.547, 1, SlapTrayTask
10:55:45.547, 1, TempICTask
10:55:45.547, 1, TestHeadMotorTask
10:55:45.547, 1, TestTask
10:55:45.547, 1, TestTwoArm32SiteTask
10:55:45.547, 1, TestYFrontTask
10:55:45.547, 1, TestYRearTask
10:55:45.547, 1, TestYTask
10:55:45.547, 1, TrayArm_AutoRT_Task
10:55:45.547, 1, TrayArmCatchFromLoaderTask
10:55:45.547, 1, TrayArmPlaceToBufferTask
10:55:45.547, 1, TrayArmPlaceTrayToAutoTask
10:55:45.547, 1, TrayFeedTask
10:55:45.548, 0, BTestSocketClampCloseTask
10:55:45.548, 0, FTestSocketClampCloseTask
10:55:45.548, 0, InArmAdditionalFunctionTask
10:55:45.548, 0, InArmInArmCheckShtFloatTask;
10:55:45.548, 0, OutArmAdditionalFunctionTask
10:55:45.548, 1, 32RTCAutoModelVerifyTask
10:55:45.548, 1, AOITask
10:55:45.548, 1, Auto_TeachPitch
10:55:45.548, 1, Auto2ReceiveTask
10:55:45.548, 1, Auto2TrayToFrontTask
10:55:45.548, 1, Auto2TrayToRearTask
10:55:45.548, 1, AutoAuto2Task
10:55:45.548, 1, AutoColorReceiveTask
10:55:45.548, 1, AutoEmpty1ReceiveTask
10:55:45.548, 1, AutoEmptyReceiveTask
10:55:45.548, 1, AutoLoaderReceiveTask
10:55:45.548, 1, AutoLoaderTask
10:55:45.548, 1, AutoTrayReceiveTask[1]
10:55:45.548, 1, AutoTrayReceiveTask[2]
10:55:45.548, 1, BGAViewInspectionTask
10:55:45.548, 1, BGAViewTask
10:55:45.548, 1, BRTCAutoModelVerifyTask
10:55:45.548, 1, BRTCGiveWayCheckTask
10:55:45.548, 1, BRTCUseSocketFloatTask
10:55:45.548, 1, CheckOCRInArmSuckTask
10:55:45.548, 1, CheckShuttle1MustHasICTask
10:55:45.548, 1, CheckShuttle1ProminentNoHasICTasK
10:55:45.548, 1, CheckShuttle1ProminentTasK
10:55:45.548, 1, CheckShuttle2MustHasICTask
10:55:45.548, 1, CheckShuttle2ProminentNoHasICTasK
10:55:45.548, 1, CheckShuttle2ProminentTasK
10:55:45.548, 1, ClearSocketFunctionTask
10:55:45.548, 1, ColorTrayToFrontTask
10:55:45.548, 1, ColorTrayToRearTask
10:55:45.548, 1, ConntectionOkTask
10:55:45.548, 1, DoEndMode
10:55:45.548, 1, DoStartMode
10:55:45.548, 1, EmptyTrayToFrontTask
10:55:45.548, 1, EmptyTrayToRearTask
10:55:45.548, 1, FrontTestPurgBeforePickShuttle
10:55:45.548, 1, FRTCAutoModelVerifyTask
10:55:45.548, 1, FRTCUseSocketFloatTask
10:55:45.548, 1, HomeStep
10:55:45.548, 1, iAuto3MagazineTask
10:55:45.548, 1, iCatchTrayChangeTrayTask
10:55:45.548, 1, iDoMagazineScanHasTrayTask
10:55:45.548, 1, iMagazineTrayFeedTask
10:55:45.548, 1, iMagazineUpDownTask
10:55:45.548, 1, InArmDevicePosPrecise
10:55:45.548, 1, InArmLaserCheckTask
10:55:45.548, 1, InArmLaserInitTask
10:55:45.548, 1, InArmPitchCHKTask
10:55:45.548, 1, InArmRotateKit
10:55:45.548, 1, InArmZCheckPosTask
10:55:45.548, 1, IndexYAxisServoOnStateTask
10:55:45.548, 1, InitialICCheckTask
10:55:45.548, 1, InitialStartTask
10:55:45.548, 1, LoaderTrackDetectICFloatingTask
10:55:45.548, 1, LoaderTrayToFrontTask
10:55:45.548, 1, LoaderTrayToRearTask
10:55:45.548, 1, LoadNewAuto2TrayToCarTask
10:55:45.548, 1, LoadNewColorTrayToCarTask
10:55:45.548, 1, LoadNewLoaderTrayToCarTask
10:55:45.548, 1, OCRFlow
10:55:45.548, 1, OutArmAfterPlaceToAutoTask
10:55:45.548, 1, OutArmPitchCHKTask
10:55:45.548, 1, OutArmRotateKit
10:55:45.548, 1, PADViewInspectionTask
10:55:45.548, 1, PADViewTask
10:55:45.548, 1, RearTestPurgBeforePickShuttle
10:55:45.548, 1, ReTestStartTask
10:55:45.548, 1, ScanAOITask
10:55:45.548, 1, ScannerAOIInspectionTask
10:55:45.548, 1, ShakeInArmRotateKit
10:55:45.548, 1, ShakeOutArmRotateKit
10:55:45.548, 1, ShtLaserCheckTask
10:55:45.548, 1, ShtLaserInitTask
10:55:45.548, 1, StepShuttleTask[0]
10:55:45.548, 1, StepShuttleTask[1]
10:55:45.548, 1, SupplyNewIC_From_LoaderCar
10:55:45.548, 1, Task_DoFix3FullTray
10:55:45.548, 1, Task_DoPickFix3IC
10:55:45.548, 1, Task_DoPlaceFix3IC
10:55:45.548, 1, TestSuckTestIC_TwoArm32Site_Task
10:55:45.548, 1, TopViewInspectionTask
10:55:45.548, 1, TopViewTask
10:55:45.548, 1, TrayArm_PickFromAuto_AutoRT_Task
10:55:45.548, 1, TrayArm_PlaceToLoad_AutoRT_Task
10:55:45.548, 1, TrayZAutoTrayToWaitTask[0]
10:55:45.548, 1, TrayZAutoTrayToWaitTask[1]
10:55:45.548, 1, TrayZAutoTrayToWaitTask[2]
10:55:45.548, 1, TrayZLoadTrayToWaitTask
10:55:45.548, 1, UnLoadNewAuto2TrayTask
10:55:45.548, 1, UnLoadNewAutoTrayTask[0]
10:55:45.548, 1, UnLoadNewColorTrayTask
10:55:45.548, 1, UnLoadNewEmptyTrayTask
10:55:45.548, 1, UnLoadNewLoaderTrayTask
10:55:45.548, 10, iUnloadFixTray
10:55:45.554, 1, Auto_AutoRT_Task[0]
10:55:45.554, 1, AutoCleanIndexTask
10:55:45.554, 1, AutoCleanPickFromCleanKitStageTask
10:55:45.554, 1, AutoCleanPickFromShuttleTask
10:55:45.554, 1, AutoCleanPlaceToCleanKitTask
10:55:45.554, 1, AutoCleanPlaceToShuttleTask
10:55:45.554, 1, AutoCleanShuttle1Task
10:55:45.554, 1, AutoCleanShuttle2Task
10:55:45.554, 1, AutoCleanTask
10:55:45.554, 1, AutoColorTask
10:55:45.554, 1, AutoEmptyTask
10:55:45.554, 1, AutoRetestTask
10:55:45.554, 1, BinTrayTask[0]
10:55:45.554, 1, BinTrayTask[1]
10:55:45.554, 1, BinTrayTask[2]
10:55:45.554, 1, DoFix3FullTray
10:55:45.554, 1, DoPickFix3IC
10:55:45.554, 1, DoPlaceFix3IC
10:55:45.554, 1, Fix3CanFullTask
10:55:45.554, 1, FrontTestDestroyICTask
10:55:45.554, 1, FrontTestSuckICTask
10:55:45.554, 1, FrontTestSuckTestICTask
10:55:45.554, 1, InArmPickFromHotPlateTask
10:55:45.554, 1, InArmPlaceToHotPlateTask
10:55:45.554, 1, InArmTask
10:55:45.554, 1, InArmTryPickFromHotPlateTask
10:55:45.554, 1, Loader_AutoRT_Task
10:55:45.554, 1, LoadNewColorTrayToCarTask
10:55:45.554, 1, LoadNewEmptyTrayToCarTask
10:55:45.554, 1, LoadNewICTrayTask
10:55:45.554, 1, LoadTask
10:55:45.554, 1, PickFromShuttle1Task
10:55:45.554, 1, PickFromShuttle2Task
10:55:45.554, 1, PlaceToAutoTask
10:55:45.554, 1, PlaceToFixTask
10:55:45.554, 1, RearTestSuckICTask
10:55:45.554, 1, RearTestSuckTestICTask
10:55:45.554, 1, TestHeadMotorTask
10:55:45.554, 1, TestTask
10:55:45.554, 1, TestTwoArm32SiteTask
10:55:45.554, 1, TestYFrontTask
10:55:45.554, 1, TestYRearTask
10:55:45.554, 1, TestYTask
10:55:45.554, 1, TrayArm_AutoRT_Task
10:55:45.554, 1, TrayArmCatchFromLoaderTask
10:55:45.554, 1, TrayArmPlaceToBufferTask
10:55:45.554, 1, TrayArmPlaceTrayToAutoTask
10:55:45.554, 1, TrayFeedTask
10:55:45.555, 0, InArmAdditionalFunctionTask
10:55:45.555, 0, InArmInArmCheckShtFloatTask;
10:55:45.555, 0, IndexStatus
10:55:45.555, 0, WhichAutoNeedTray
10:55:45.555, 1, 32RTCAutoModelVerifyTask
10:55:45.555, 1, AllPassVerifyTask
10:55:45.555, 1, AOITask
10:55:45.555, 1, Auto_TeachPitch
10:55:45.555, 1, Auto123TrayToRearTask[0]
10:55:45.555, 1, Auto123TrayToRearTask[1]
10:55:45.555, 1, Auto123TrayToRearTask[2]
10:55:45.555, 1, Auto2ReceiveTask
10:55:45.555, 1, Auto2TrayToFrontTask
10:55:45.555, 1, Auto2TrayToRearTask
10:55:45.555, 1, AutoAuto2Task
10:55:45.555, 1, AutoColorReceiveTask
10:55:45.555, 1, AutoEmpty1ReceiveTask
10:55:45.555, 1, AutoEmptyReceiveTask
10:55:45.555, 1, AutoLoaderReceiveTask
10:55:45.555, 1, AutoLoaderTask
10:55:45.555, 1, AutoTrackDetectICFloatingTask[0]
10:55:45.555, 1, AutoTrackDetectICFloatingTask[1]
10:55:45.555, 1, AutoTrackDetectICFloatingTask[2]
10:55:45.555, 1, AutoTrayReceiveTask[0]
10:55:45.555, 1, AutoTrayReceiveTask[1]
10:55:45.555, 1, AutoTrayReceiveTask[2]
10:55:45.555, 1, AutoTrayToFrontTask[0]
10:55:45.555, 1, AutoTrayToRearTask[0]
10:55:45.555, 1, BGAViewInspectionTask
10:55:45.555, 1, BGAViewTask
10:55:45.555, 1, BRTCAutoModelVerifyTask
10:55:45.555, 1, BRTCGiveWayCheckTask
10:55:45.555, 1, BRTCUseSocketFloatTask
10:55:45.555, 1, CheckOCRInArmSuckTask
10:55:45.555, 1, CheckShuttle1MustHasICTask
10:55:45.555, 1, CheckShuttle1ProminentNoHasICTasK
10:55:45.555, 1, CheckShuttle1ProminentTasK
10:55:45.555, 1, CheckShuttle2MustHasICTask
10:55:45.555, 1, CheckShuttle2ProminentNoHasICTasK
10:55:45.555, 1, CheckShuttle2ProminentTasK
10:55:45.555, 1, ClearSocketFunctionTask
10:55:45.555, 1, ColorTrayToFrontTask
10:55:45.555, 1, ColorTrayToRearTask
10:55:45.555, 1, ConntectionOkTask
10:55:45.555, 1, DoEndMode
10:55:45.555, 1, DoStartMode
10:55:45.555, 1, EmptyTrayToFrontTask
10:55:45.555, 1, EmptyTrayToRearTask
10:55:45.555, 1, FrontTestPurgBeforePickShuttle
10:55:45.555, 1, FRTCAutoModelVerifyTask
10:55:45.555, 1, FRTCUseSocketFloatTask
10:55:45.555, 1, HomeStep
10:55:45.555, 1, iAuto3MagazineTask
10:55:45.555, 1, iAutoTask[0][0]
10:55:45.555, 1, iAutoTask[0][1]
10:55:45.555, 1, iAutoTask[0][2]
10:55:45.555, 1, iAutoTask[0][3]
10:55:45.555, 1, iAutoTask[0][4]
10:55:45.555, 1, iAutoTask[0][5]
10:55:45.555, 1, iAutoTask[0][6]
10:55:45.555, 1, iAutoTask[1][0]
10:55:45.555, 1, iAutoTask[1][1]
10:55:45.555, 1, iAutoTask[1][2]
10:55:45.555, 1, iAutoTask[1][3]
10:55:45.555, 1, iAutoTask[1][4]
10:55:45.555, 1, iAutoTask[1][5]
10:55:45.555, 1, iAutoTask[1][6]
10:55:45.555, 1, iAutoTask[2][0]
10:55:45.555, 1, iAutoTask[2][1]
10:55:45.555, 1, iAutoTask[2][2]
10:55:45.555, 1, iAutoTask[2][3]
10:55:45.555, 1, iAutoTask[2][4]
10:55:45.555, 1, iAutoTask[2][5]
10:55:45.555, 1, iAutoTask[2][6]
10:55:45.555, 1, iCatchTrayChangeTrayTask
10:55:45.555, 1, iDoMagazineScanHasTrayTask
10:55:45.555, 1, iLifterTask[0][0]
10:55:45.555, 1, iLifterTask[0][1]
10:55:45.555, 1, iLifterTask[0][2]
10:55:45.555, 1, iLifterTask[0][3]
10:55:45.555, 1, iLifterTask[0][4]
10:55:45.555, 1, iLifterTask[0][5]
10:55:45.555, 1, iLifterTask[0][6]
10:55:45.555, 1, iLifterTask[1][0]
10:55:45.555, 1, iLifterTask[1][1]
10:55:45.555, 1, iLifterTask[1][2]
10:55:45.555, 1, iLifterTask[1][3]
10:55:45.555, 1, iLifterTask[1][4]
10:55:45.555, 1, iLifterTask[1][5]
10:55:45.555, 1, iLifterTask[1][6]
10:55:45.555, 1, iLifterTask[2][0]
10:55:45.555, 1, iLifterTask[2][1]
10:55:45.555, 1, iLifterTask[2][2]
10:55:45.555, 1, iLifterTask[2][3]
10:55:45.555, 1, iLifterTask[2][4]
10:55:45.555, 1, iLifterTask[2][5]
10:55:45.555, 1, iLifterTask[2][6]
10:55:45.555, 1, iMagazineTrayFeedTask
10:55:45.555, 1, iMagazineUpDownTask
10:55:45.555, 1, InArmDevicePosPrecise
10:55:45.555, 1, InArmLaserCheckTask
10:55:45.555, 1, InArmLaserInitTask
10:55:45.555, 1, InArmPitchCHKTask
10:55:45.555, 1, InArmRotateKit
10:55:45.555, 1, InArmZCheckPosTask
10:55:45.555, 1, IndexArm1PickUpErrNeedPiggybackTask
10:55:45.555, 1, IndexArm2PickUpErrNeedPiggybackTask
10:55:45.555, 1, IndexEveryTimeCheckEPTask
10:55:45.555, 1, IndexSocketCheckTask
10:55:45.555, 1, IndexYAxisServoOnStateTask
10:55:45.555, 1, InitialICCheckTask
10:55:45.555, 1, InitialStartTask
10:55:45.555, 1, InterFaceErrorStepTask
10:55:45.555, 1, LoaderTrackDetectICFloatingTask
10:55:45.555, 1, LoaderTrayToFrontTask
10:55:45.555, 1, LoaderTrayToRearTask
10:55:45.555, 1, LoadNewAuto2TrayToCarTask
10:55:45.555, 1, LoadNewAutoTrayToCarTask[0]
10:55:45.555, 1, LoadNewColorTrayToCarTask
10:55:45.555, 1, LoadNewLoaderTrayToCarTask
10:55:45.555, 1, OCRFlow
10:55:45.555, 1, OutArmAfterPlaceToAutoTask
10:55:45.555, 1, OutArmPitchCHKTask
10:55:45.555, 1, OutArmRotateKit
10:55:45.555, 1, PADViewInspectionTask
10:55:45.555, 1, PADViewTask
10:55:45.555, 1, RearTestPurgBeforePickShuttle
10:55:45.555, 1, ReTestStartTask
10:55:45.555, 1, ScanAOITask
10:55:45.555, 1, ScannerAOIInspectionTask
10:55:45.555, 1, SetStepMotorTask
10:55:45.555, 1, SetupTask
10:55:45.555, 1, ShakeInArmRotateKit
10:55:45.555, 1, ShakeOutArmRotateKit
10:55:45.555, 1, ShtLaserCheckTask
10:55:45.555, 1, ShtLaserInitTask
10:55:45.555, 1, SlapTrayTask
10:55:45.555, 1, StepShuttleTask[0]
10:55:45.555, 1, StepShuttleTask[1]
10:55:45.555, 1, SupplyNewIC_From_LoaderCar
10:55:45.555, 1, Task_DoFix3FullTray
10:55:45.555, 1, Task_DoPickFix3IC
10:55:45.555, 1, Task_DoPlaceFix3IC
10:55:45.555, 1, TempICTask
10:55:45.555, 1, TestSuckTestIC_TwoArm32Site_Task
10:55:45.555, 1, TopViewInspectionTask
10:55:45.555, 1, TopViewTask
10:55:45.555, 1, TrayArm_PickFromAuto_AutoRT_Task
10:55:45.555, 1, TrayArm_PlaceToLoad_AutoRT_Task
10:55:45.555, 1, TrayZAutoTrayToWaitTask[0]
10:55:45.555, 1, TrayZAutoTrayToWaitTask[1]
10:55:45.555, 1, TrayZAutoTrayToWaitTask[2]
10:55:45.555, 1, TrayZLoadTrayToWaitTask
10:55:45.555, 1, UnLoadNewAuto2TrayTask
10:55:45.555, 1, UnLoadNewAutoTrayTask[0]
10:55:45.555, 1, UnLoadNewColorTrayTask
10:55:45.555, 1, UnLoadNewEmptyTrayTask
10:55:45.555, 1, UnLoadNewLoaderTrayTask
10:55:45.555, 10, iUnloadFixTray
10:55:45.587, 2, HomeStep
10:55:45.589, 3, HomeStep
10:55:48.659, 4, HomeStep
10:55:50.701, 5, HomeStep
10:55:50.711, 10, HomeStep
10:55:51.017, 20, HomeStep
10:55:51.071, 300, HomeStep
10:55:51.082, 310, HomeStep
10:55:51.087, 350, HomeStep
10:55:51.089, 375, HomeStep
10:55:51.091, 400, HomeStep
10:55:51.299, 500, HomeStep
10:55:51.303, 600, HomeStep
10:55:51.306, 650, HomeStep
10:55:51.308, 600, HomeStep
10:55:51.310, 700, HomeStep
10:55:51.312, 710, HomeStep
10:55:51.314, 750, HomeStep
10:55:51.316, 800, HomeStep
10:55:51.318, 900, HomeStep
10:55:51.323, 1000, HomeStep
10:55:51.531, 1100, HomeStep
10:55:51.533, 1200, HomeStep
10:55:51.636, 1250, HomeStep
10:55:51.640, 1300, HomeStep
10:55:51.642, 1310, HomeStep
10:55:55.730, 1520, HomeStep
10:55:55.959, 1530, HomeStep
10:55:55.962, 1540, HomeStep
10:55:57.852, 1545, HomeStep
10:55:57.854, 1550, HomeStep
10:55:57.862, 1600, HomeStep
10:56:00.642, 1, HomeStep
10:56:00.647, 2000, InitialICCheckTask
10:56:00.650, 2100, InitialICCheckTask
10:56:00.854, 2250, InitialICCheckTask
10:56:00.856, 10000, InitialICCheckTask
10:56:07.300, 10100, InitialICCheckTask
10:56:07.311, 100, AutoColorTask
10:56:07.311, 100, BinTrayTask[0]
10:56:07.311, 100, BinTrayTask[1]
10:56:07.311, 100, BinTrayTask[2]
10:56:07.311, 200000, TestHeadMotorTask
10:56:07.311, 300, LoadTask
10:56:07.313, 200, AutoColorTask
10:56:07.313, 200, BinTrayTask[0]
10:56:07.313, 200, BinTrayTask[1]
10:56:07.313, 200, BinTrayTask[2]
10:56:07.313, 300000, TestHeadMotorTask
10:56:07.313, 600, LoadTask
10:56:07.315, 300, BinTrayTask[0]
10:56:07.315, 300, BinTrayTask[1]
10:56:07.315, 300, BinTrayTask[2]
10:56:07.315, 50, LoadNewColorTrayToCarTask
10:56:07.315, 50, LoadNewColorTrayToCarTask
10:56:07.315, 800, LoadTask
10:56:07.318, 60, LoadNewColorTrayToCarTask
10:56:07.318, 60, LoadNewColorTrayToCarTask
10:56:07.322, 1000, iLifterTask[0][2]
10:56:07.322, 1100, iLifterTask[0][2]
10:56:07.349, 100, InArmTask
10:56:07.426, 1, iLifterTask[0][2]
10:56:07.426, 100, LoadNewColorTrayToCarTask
10:56:07.426, 100, LoadNewColorTrayToCarTask
10:56:07.520, 400000, TestHeadMotorTask
10:56:07.522, 500000, TestHeadMotorTask
10:56:07.528, 200, LoadNewColorTrayToCarTask
10:56:07.528, 200, LoadNewColorTrayToCarTask
10:56:07.530, 1000, iLifterTask[1][5]
10:56:07.532, 1100, iLifterTask[1][5]
10:56:07.725, 600000, TestHeadMotorTask
10:56:07.732, 11, TestHeadMotorTask
10:56:07.734, 10, TestHeadMotorTask
10:56:07.734, 9, TestHeadMotorTask
10:56:07.736, 15, TestHeadMotorTask
10:56:07.738, 20, TestHeadMotorTask
10:56:07.738, 21, TestHeadMotorTask
10:56:07.740, 100, TestHeadMotorTask
10:56:07.742, 120, TestHeadMotorTask
10:56:07.742, 12100, TestHeadMotorTask
10:56:07.744, 12300, TestHeadMotorTask
10:56:07.744, 2, IndexStatus
10:56:07.746, 130, TestHeadMotorTask
10:56:07.746, 15000, TestHeadMotorTask
10:56:07.748, 0, IndexStatus
10:56:07.748, 15100, TestHeadMotorTask
10:56:07.750, 140, TestHeadMotorTask
10:56:07.750, 14100, TestHeadMotorTask
10:56:07.752, 14101, TestHeadMotorTask
10:56:07.757, 1, IndexStatus
10:56:07.757, 14300, TestHeadMotorTask
10:56:07.759, 141, TestHeadMotorTask
10:56:07.760, 142100, TestHeadMotorTask
10:56:08.272, 142110, TestHeadMotorTask
10:56:08.274, 142, TestHeadMotorTask
10:56:08.788, 0, IndexStatus
10:56:08.788, 150, TestHeadMotorTask
10:56:08.788, 1500, TestHeadMotorTask
10:56:08.790, 1550, TestHeadMotorTask
10:56:09.577, 1, iLifterTask[1][5]
10:56:09.577, 300, LoadNewColorTrayToCarTask
10:56:09.577, 300, LoadNewColorTrayToCarTask
10:56:09.680, 400, LoadNewColorTrayToCarTask
10:56:09.680, 400, LoadNewColorTrayToCarTask
10:56:10.383, 100, LoadNewICTrayTask
10:56:10.383, 900, LoadTask
10:56:10.385, 50, TrayZLoadTrayToWaitTask
10:56:10.703, 410, LoadNewColorTrayToCarTask
10:56:10.703, 410, LoadNewColorTrayToCarTask
10:56:11.218, 420, LoadNewColorTrayToCarTask
10:56:11.218, 420, LoadNewColorTrayToCarTask
10:56:11.225, 1, AutoColorTask
10:56:11.225, 1, LoadNewColorTrayToCarTask
10:56:11.225, 1, LoadNewColorTrayToCarTask
10:56:11.229, 100, AutoColorTask
10:56:11.229, 300, AutoColorTask
10:56:11.231, 100, ColorTrayToRearTask
10:56:11.437, 200, ColorTrayToRearTask
10:56:11.437, 450, ColorTrayToRearTask
10:56:11.439, 480, ColorTrayToRearTask
10:56:11.643, 500, ColorTrayToRearTask
10:56:11.645, 510, ColorTrayToRearTask
10:56:11.962, 2149, TrayArmCatchNewTrayFromBufferTask
10:56:11.964, 2199, TrayArmCatchNewTrayFromBufferTask
10:56:11.965, 2200, TrayArmCatchNewTrayFromBufferTask
10:56:11.966, 2100, TrayArmCatchNewTrayFromBufferTask
10:56:11.968, 1, TrayArmCatchNewTrayFromBufferTask
10:56:11.971, 2100, TrayArmCatchNewTrayFromBufferTask
10:56:11.971, 2149, TrayArmCatchNewTrayFromBufferTask
10:56:11.973, 2199, TrayArmCatchNewTrayFromBufferTask
10:56:11.975, 2200, TrayArmCatchNewTrayFromBufferTask
10:56:11.976, 2100, TrayArmCatchNewTrayFromBufferTask
10:56:11.978, 1, TrayArmCatchNewTrayFromBufferTask
10:56:11.980, 2100, TrayArmCatchNewTrayFromBufferTask
10:56:11.985, 2149, TrayArmCatchNewTrayFromBufferTask
10:56:11.987, 2199, TrayArmCatchNewTrayFromBufferTask
10:56:11.989, 2100, TrayArmCatchNewTrayFromBufferTask
10:56:11.989, 2200, TrayArmCatchNewTrayFromBufferTask
10:56:11.991, 1, TrayArmCatchNewTrayFromBufferTask
10:56:11.993, 2100, TrayArmCatchNewTrayFromBufferTask
10:56:11.993, 2149, TrayArmCatchNewTrayFromBufferTask
10:56:11.996, 2199, TrayArmCatchNewTrayFromBufferTask
10:56:11.997, 2100, TrayArmCatchNewTrayFromBufferTask
10:56:11.997, 2200, TrayArmCatchNewTrayFromBufferTask
10:56:11.999, 1, TrayArmCatchNewTrayFromBufferTask
10:56:12.002, 2100, TrayArmCatchNewTrayFromBufferTask
10:56:12.002, 2149, TrayArmCatchNewTrayFromBufferTask
10:56:12.005, 2199, TrayArmCatchNewTrayFromBufferTask
10:56:12.007, 2100, TrayArmCatchNewTrayFromBufferTask
10:56:12.007, 2200, TrayArmCatchNewTrayFromBufferTask
10:56:12.009, 1, TrayArmCatchNewTrayFromBufferTask
10:56:12.011, 2100, TrayArmCatchNewTrayFromBufferTask
10:56:12.011, 2149, TrayArmCatchNewTrayFromBufferTask
10:56:12.013, 2199, TrayArmCatchNewTrayFromBufferTask
10:56:12.015, 2100, TrayArmCatchNewTrayFromBufferTask
10:56:12.015, 2200, TrayArmCatchNewTrayFromBufferTask
10:56:12.017, 1, TrayArmCatchNewTrayFromBufferTask
10:56:12.019, 2100, TrayArmCatchNewTrayFromBufferTask
10:56:12.019, 2149, TrayArmCatchNewTrayFromBufferTask
10:56:12.021, 2199, TrayArmCatchNewTrayFromBufferTask
10:56:12.023, 2100, TrayArmCatchNewTrayFromBufferTask
10:56:12.023, 2200, TrayArmCatchNewTrayFromBufferTask
10:56:12.025, 1, TrayArmCatchNewTrayFromBufferTask
10:56:12.028, 2100, TrayArmCatchNewTrayFromBufferTask
10:56:12.028, 2149, TrayArmCatchNewTrayFromBufferTask
10:56:12.032, 2199, TrayArmCatchNewTrayFromBufferTask
10:56:12.034, 2100, TrayArmCatchNewTrayFromBufferTask
10:56:12.034, 2200, TrayArmCatchNewTrayFromBufferTask
10:56:12.036, 1, TrayArmCatchNewTrayFromBufferTask
10:56:12.038, 2100, TrayArmCatchNewTrayFromBufferTask
10:56:12.038, 2149, TrayArmCatchNewTrayFromBufferTask
10:56:12.040, 2199, TrayArmCatchNewTrayFromBufferTask
10:56:12.042, 2100, TrayArmCatchNewTrayFromBufferTask
10:56:12.042, 2200, TrayArmCatchNewTrayFromBufferTask
10:56:12.045, 1, TrayArmCatchNewTrayFromBufferTask
10:56:12.047, 2100, TrayArmCatchNewTrayFromBufferTask
10:56:12.047, 2149, TrayArmCatchNewTrayFromBufferTask
10:56:12.049, 2199, TrayArmCatchNewTrayFromBufferTask
10:56:12.051, 2100, TrayArmCatchNewTrayFromBufferTask
10:56:12.051, 2200, TrayArmCatchNewTrayFromBufferTask
10:56:12.053, 1, TrayArmCatchNewTrayFromBufferTask
10:56:12.055, 2100, TrayArmCatchNewTrayFromBufferTask
10:56:12.055, 2149, TrayArmCatchNewTrayFromBufferTask
10:56:12.057, 2199, TrayArmCatchNewTrayFromBufferTask
10:56:12.059, 2200, TrayArmCatchNewTrayFromBufferTask
10:56:12.060, 2100, TrayArmCatchNewTrayFromBufferTask
10:56:12.062, 1, TrayArmCatchNewTrayFromBufferTask
10:56:12.064, 2100, TrayArmCatchNewTrayFromBufferTask
10:56:12.064, 2149, TrayArmCatchNewTrayFromBufferTask
10:56:12.066, 2199, TrayArmCatchNewTrayFromBufferTask
10:56:12.068, 2100, TrayArmCatchNewTrayFromBufferTask
10:56:12.068, 2200, TrayArmCatchNewTrayFromBufferTask
10:56:12.070, 1, TrayArmCatchNewTrayFromBufferTask
10:56:12.072, 2100, TrayArmCatchNewTrayFromBufferTask
10:56:12.072, 2149, TrayArmCatchNewTrayFromBufferTask
10:56:12.074, 2199, TrayArmCatchNewTrayFromBufferTask
10:56:12.076, 2100, TrayArmCatchNewTrayFromBufferTask
10:56:12.076, 2200, TrayArmCatchNewTrayFromBufferTask
10:56:12.078, 1, TrayArmCatchNewTrayFromBufferTask
10:56:12.080, 2100, TrayArmCatchNewTrayFromBufferTask
10:56:12.080, 2149, TrayArmCatchNewTrayFromBufferTask
10:56:12.082, 2199, TrayArmCatchNewTrayFromBufferTask
10:56:12.084, 2100, TrayArmCatchNewTrayFromBufferTask
10:56:12.084, 2200, TrayArmCatchNewTrayFromBufferTask
10:56:12.086, 1, TrayArmCatchNewTrayFromBufferTask
10:56:12.088, 2100, TrayArmCatchNewTrayFromBufferTask
10:56:12.088, 2149, TrayArmCatchNewTrayFromBufferTask
10:56:12.090, 2199, TrayArmCatchNewTrayFromBufferTask
10:56:12.093, 2100, TrayArmCatchNewTrayFromBufferTask
10:56:12.093, 2200, TrayArmCatchNewTrayFromBufferTask
10:56:12.095, 1, TrayArmCatchNewTrayFromBufferTask
10:56:12.097, 2100, TrayArmCatchNewTrayFromBufferTask
10:56:12.097, 2149, TrayArmCatchNewTrayFromBufferTask
10:56:12.099, 2199, TrayArmCatchNewTrayFromBufferTask
10:56:12.101, 2200, TrayArmCatchNewTrayFromBufferTask
10:56:12.102, 2100, TrayArmCatchNewTrayFromBufferTask
10:56:12.104, 1, TrayArmCatchNewTrayFromBufferTask
10:56:12.106, 2100, TrayArmCatchNewTrayFromBufferTask
10:56:12.106, 2149, TrayArmCatchNewTrayFromBufferTask
10:56:12.108, 2199, TrayArmCatchNewTrayFromBufferTask
10:56:12.110, 2100, TrayArmCatchNewTrayFromBufferTask
10:56:12.110, 2200, TrayArmCatchNewTrayFromBufferTask
10:56:12.112, 1, TrayArmCatchNewTrayFromBufferTask
10:56:12.114, 2100, TrayArmCatchNewTrayFromBufferTask
10:56:12.114, 2149, TrayArmCatchNewTrayFromBufferTask
10:56:12.116, 2199, TrayArmCatchNewTrayFromBufferTask
10:56:12.118, 2100, TrayArmCatchNewTrayFromBufferTask
10:56:12.118, 2200, TrayArmCatchNewTrayFromBufferTask
10:56:12.120, 1, TrayArmCatchNewTrayFromBufferTask
10:56:12.122, 2100, TrayArmCatchNewTrayFromBufferTask
10:56:12.122, 2149, TrayArmCatchNewTrayFromBufferTask
10:56:12.124, 2199, TrayArmCatchNewTrayFromBufferTask
10:56:12.126, 2100, TrayArmCatchNewTrayFromBufferTask
10:56:12.126, 2200, TrayArmCatchNewTrayFromBufferTask
10:56:12.128, 1, TrayArmCatchNewTrayFromBufferTask
10:56:12.130, 2100, TrayArmCatchNewTrayFromBufferTask
10:56:12.130, 2149, TrayArmCatchNewTrayFromBufferTask
10:56:12.133, 2199, TrayArmCatchNewTrayFromBufferTask
10:56:12.135, 2100, TrayArmCatchNewTrayFromBufferTask
10:56:12.135, 2200, TrayArmCatchNewTrayFromBufferTask
10:56:12.137, 1, TrayArmCatchNewTrayFromBufferTask
10:56:12.139, 2100, TrayArmCatchNewTrayFromBufferTask
10:56:12.139, 2149, TrayArmCatchNewTrayFromBufferTask
10:56:12.140, 2199, TrayArmCatchNewTrayFromBufferTask
10:56:12.143, 2100, TrayArmCatchNewTrayFromBufferTask
10:56:12.143, 2200, TrayArmCatchNewTrayFromBufferTask
10:56:12.145, 1, TrayArmCatchNewTrayFromBufferTask
10:56:12.147, 2100, TrayArmCatchNewTrayFromBufferTask
10:56:12.184, 2149, TrayArmCatchNewTrayFromBufferTask
10:56:12.186, 2199, TrayArmCatchNewTrayFromBufferTask
10:56:12.188, 2100, TrayArmCatchNewTrayFromBufferTask
10:56:12.188, 2200, TrayArmCatchNewTrayFromBufferTask
10:56:12.190, 1, TrayArmCatchNewTrayFromBufferTask
10:56:12.192, 2100, TrayArmCatchNewTrayFromBufferTask
10:56:12.192, 2149, TrayArmCatchNewTrayFromBufferTask
10:56:12.194, 2199, TrayArmCatchNewTrayFromBufferTask
10:56:12.196, 2100, TrayArmCatchNewTrayFromBufferTask
10:56:12.196, 2200, TrayArmCatchNewTrayFromBufferTask
10:56:12.198, 1, TrayArmCatchNewTrayFromBufferTask
10:56:12.200, 2100, TrayArmCatchNewTrayFromBufferTask
10:56:12.200, 2149, TrayArmCatchNewTrayFromBufferTask
10:56:12.202, 2199, TrayArmCatchNewTrayFromBufferTask
10:56:12.204, 2200, TrayArmCatchNewTrayFromBufferTask
10:56:12.205, 2100, TrayArmCatchNewTrayFromBufferTask
10:56:12.206, 1, TrayArmCatchNewTrayFromBufferTask
10:56:12.208, 2100, TrayArmCatchNewTrayFromBufferTask
10:56:12.208, 2149, TrayArmCatchNewTrayFromBufferTask
10:56:12.210, 2199, TrayArmCatchNewTrayFromBufferTask
10:56:12.212, 2100, TrayArmCatchNewTrayFromBufferTask
10:56:12.212, 2200, TrayArmCatchNewTrayFromBufferTask
10:56:12.214, 1, TrayArmCatchNewTrayFromBufferTask
10:56:12.216, 2100, TrayArmCatchNewTrayFromBufferTask
10:56:12.216, 2149, TrayArmCatchNewTrayFromBufferTask
10:56:12.218, 2199, TrayArmCatchNewTrayFromBufferTask
10:56:12.221, 2100, TrayArmCatchNewTrayFromBufferTask
10:56:12.221, 2200, TrayArmCatchNewTrayFromBufferTask
10:56:12.223, 1, TrayArmCatchNewTrayFromBufferTask
10:56:12.225, 2100, TrayArmCatchNewTrayFromBufferTask
10:56:12.225, 2149, TrayArmCatchNewTrayFromBufferTask
10:56:12.227, 2199, TrayArmCatchNewTrayFromBufferTask
10:56:12.229, 2100, TrayArmCatchNewTrayFromBufferTask
10:56:12.229, 2200, TrayArmCatchNewTrayFromBufferTask
10:56:12.231, 1, TrayArmCatchNewTrayFromBufferTask
10:56:12.233, 2100, TrayArmCatchNewTrayFromBufferTask
10:56:12.233, 2149, TrayArmCatchNewTrayFromBufferTask
10:56:12.235, 2199, TrayArmCatchNewTrayFromBufferTask
10:56:12.237, 2100, TrayArmCatchNewTrayFromBufferTask
10:56:12.237, 2200, TrayArmCatchNewTrayFromBufferTask
10:56:12.239, 1, TrayArmCatchNewTrayFromBufferTask
10:56:12.241, 2100, TrayArmCatchNewTrayFromBufferTask
10:56:12.241, 2149, TrayArmCatchNewTrayFromBufferTask
10:56:12.243, 2199, TrayArmCatchNewTrayFromBufferTask
10:56:12.245, 2100, TrayArmCatchNewTrayFromBufferTask
10:56:12.245, 2200, TrayArmCatchNewTrayFromBufferTask
10:56:12.247, 1, TrayArmCatchNewTrayFromBufferTask
10:56:12.249, 2100, TrayArmCatchNewTrayFromBufferTask
10:56:12.249, 2149, TrayArmCatchNewTrayFromBufferTask
10:56:12.251, 2199, TrayArmCatchNewTrayFromBufferTask
10:56:12.253, 2100, TrayArmCatchNewTrayFromBufferTask
10:56:12.253, 2200, TrayArmCatchNewTrayFromBufferTask
10:56:12.255, 1, TrayArmCatchNewTrayFromBufferTask
10:56:12.257, 2100, TrayArmCatchNewTrayFromBufferTask
10:56:12.257, 2149, TrayArmCatchNewTrayFromBufferTask
10:56:12.259, 2199, TrayArmCatchNewTrayFromBufferTask
10:56:12.261, 2100, TrayArmCatchNewTrayFromBufferTask
10:56:12.261, 2200, TrayArmCatchNewTrayFromBufferTask
10:56:12.263, 1, TrayArmCatchNewTrayFromBufferTask
10:56:12.265, 2100, TrayArmCatchNewTrayFromBufferTask
10:56:12.265, 2149, TrayArmCatchNewTrayFromBufferTask
10:56:12.268, 2199, TrayArmCatchNewTrayFromBufferTask
10:56:12.270, 2100, TrayArmCatchNewTrayFromBufferTask
10:56:12.270, 2200, TrayArmCatchNewTrayFromBufferTask
10:56:12.272, 1, TrayArmCatchNewTrayFromBufferTask
10:56:12.275, 2100, TrayArmCatchNewTrayFromBufferTask
10:56:12.276, 2149, TrayArmCatchNewTrayFromBufferTask
10:56:12.278, 2199, TrayArmCatchNewTrayFromBufferTask
10:56:12.280, 2100, TrayArmCatchNewTrayFromBufferTask
10:56:12.280, 2200, TrayArmCatchNewTrayFromBufferTask
10:56:12.283, 1, TrayArmCatchNewTrayFromBufferTask
10:56:12.285, 2100, TrayArmCatchNewTrayFromBufferTask
10:56:12.285, 2149, TrayArmCatchNewTrayFromBufferTask
10:56:12.287, 2199, TrayArmCatchNewTrayFromBufferTask
10:56:12.289, 2100, TrayArmCatchNewTrayFromBufferTask
10:56:12.289, 2200, TrayArmCatchNewTrayFromBufferTask
10:56:12.291, 1, TrayArmCatchNewTrayFromBufferTask
10:56:12.294, 2100, TrayArmCatchNewTrayFromBufferTask
10:56:12.294, 2149, TrayArmCatchNewTrayFromBufferTask
10:56:12.296, 2199, TrayArmCatchNewTrayFromBufferTask
10:56:12.298, 2100, TrayArmCatchNewTrayFromBufferTask
10:56:12.298, 2200, TrayArmCatchNewTrayFromBufferTask
10:56:12.300, 1, TrayArmCatchNewTrayFromBufferTask
10:56:12.302, 2100, TrayArmCatchNewTrayFromBufferTask
10:56:12.302, 2149, TrayArmCatchNewTrayFromBufferTask
10:56:12.304, 2199, TrayArmCatchNewTrayFromBufferTask
10:56:12.307, 2100, TrayArmCatchNewTrayFromBufferTask
10:56:12.307, 2200, TrayArmCatchNewTrayFromBufferTask
10:56:12.309, 1, TrayArmCatchNewTrayFromBufferTask
10:56:12.311, 2100, TrayArmCatchNewTrayFromBufferTask
10:56:12.311, 2149, TrayArmCatchNewTrayFromBufferTask
10:56:12.313, 2199, TrayArmCatchNewTrayFromBufferTask
10:56:12.315, 2100, TrayArmCatchNewTrayFromBufferTask
10:56:12.315, 2200, TrayArmCatchNewTrayFromBufferTask
10:56:12.317, 1, TrayArmCatchNewTrayFromBufferTask
10:56:12.319, 2100, TrayArmCatchNewTrayFromBufferTask
10:56:12.319, 2149, TrayArmCatchNewTrayFromBufferTask
10:56:12.321, 2199, TrayArmCatchNewTrayFromBufferTask
10:56:12.324, 2100, TrayArmCatchNewTrayFromBufferTask
10:56:12.324, 2200, TrayArmCatchNewTrayFromBufferTask
10:56:12.326, 1, TrayArmCatchNewTrayFromBufferTask
10:56:12.328, 2100, TrayArmCatchNewTrayFromBufferTask
10:56:12.328, 2149, TrayArmCatchNewTrayFromBufferTask
10:56:12.330, 2199, TrayArmCatchNewTrayFromBufferTask
10:56:12.332, 2200, TrayArmCatchNewTrayFromBufferTask
10:56:12.333, 2100, TrayArmCatchNewTrayFromBufferTask
10:56:12.335, 1, TrayArmCatchNewTrayFromBufferTask
10:56:12.337, 2100, TrayArmCatchNewTrayFromBufferTask
10:56:12.337, 2149, TrayArmCatchNewTrayFromBufferTask
10:56:12.339, 2199, TrayArmCatchNewTrayFromBufferTask
10:56:12.341, 2100, TrayArmCatchNewTrayFromBufferTask
10:56:12.341, 2200, TrayArmCatchNewTrayFromBufferTask
10:56:12.343, 1, TrayArmCatchNewTrayFromBufferTask
10:56:12.345, 2100, TrayArmCatchNewTrayFromBufferTask
10:56:12.345, 2149, TrayArmCatchNewTrayFromBufferTask
10:56:12.347, 2199, TrayArmCatchNewTrayFromBufferTask
10:56:12.349, 2100, TrayArmCatchNewTrayFromBufferTask
10:56:12.349, 2200, TrayArmCatchNewTrayFromBufferTask
10:56:12.351, 1, TrayArmCatchNewTrayFromBufferTask
10:56:12.353, 2100, TrayArmCatchNewTrayFromBufferTask
10:56:12.353, 2149, TrayArmCatchNewTrayFromBufferTask
10:56:12.355, 2199, TrayArmCatchNewTrayFromBufferTask
10:56:12.357, 2100, TrayArmCatchNewTrayFromBufferTask
10:56:12.357, 2200, TrayArmCatchNewTrayFromBufferTask
10:56:12.359, 1, TrayArmCatchNewTrayFromBufferTask
10:56:12.361, 2100, TrayArmCatchNewTrayFromBufferTask
10:56:12.361, 2149, TrayArmCatchNewTrayFromBufferTask
10:56:12.363, 2199, TrayArmCatchNewTrayFromBufferTask
10:56:12.367, 2100, TrayArmCatchNewTrayFromBufferTask
10:56:12.367, 2200, TrayArmCatchNewTrayFromBufferTask
10:56:12.369, 1, TrayArmCatchNewTrayFromBufferTask
10:56:12.371, 2100, TrayArmCatchNewTrayFromBufferTask
10:56:12.371, 2149, TrayArmCatchNewTrayFromBufferTask
10:56:12.373, 2199, TrayArmCatchNewTrayFromBufferTask
10:56:12.375, 2100, TrayArmCatchNewTrayFromBufferTask
10:56:12.375, 2200, TrayArmCatchNewTrayFromBufferTask
10:56:12.377, 1, TrayArmCatchNewTrayFromBufferTask
10:56:12.379, 2100, TrayArmCatchNewTrayFromBufferTask
10:56:12.379, 2149, TrayArmCatchNewTrayFromBufferTask
10:56:12.381, 2199, TrayArmCatchNewTrayFromBufferTask
10:56:12.383, 2100, TrayArmCatchNewTrayFromBufferTask
10:56:12.383, 2200, TrayArmCatchNewTrayFromBufferTask
10:56:12.385, 1, TrayArmCatchNewTrayFromBufferTask
10:56:12.387, 2100, TrayArmCatchNewTrayFromBufferTask
10:56:12.387, 2149, TrayArmCatchNewTrayFromBufferTask
10:56:12.390, 2199, TrayArmCatchNewTrayFromBufferTask
10:56:12.392, 2100, TrayArmCatchNewTrayFromBufferTask
10:56:12.392, 2200, TrayArmCatchNewTrayFromBufferTask
10:56:12.394, 1, TrayArmCatchNewTrayFromBufferTask
10:56:12.396, 2100, TrayArmCatchNewTrayFromBufferTask
10:56:12.396, 2149, TrayArmCatchNewTrayFromBufferTask
10:56:12.399, 2199, TrayArmCatchNewTrayFromBufferTask
10:56:12.401, 2100, TrayArmCatchNewTrayFromBufferTask
10:56:12.401, 2200, TrayArmCatchNewTrayFromBufferTask
10:56:12.403, 1, TrayArmCatchNewTrayFromBufferTask
10:56:12.405, 2100, TrayArmCatchNewTrayFromBufferTask
10:56:12.405, 2149, TrayArmCatchNewTrayFromBufferTask
10:56:12.407, 2199, TrayArmCatchNewTrayFromBufferTask
10:56:12.409, 2100, TrayArmCatchNewTrayFromBufferTask
10:56:12.409, 2200, TrayArmCatchNewTrayFromBufferTask
10:56:12.411, 1, TrayArmCatchNewTrayFromBufferTask
10:56:12.413, 2100, TrayArmCatchNewTrayFromBufferTask
10:56:12.413, 2149, TrayArmCatchNewTrayFromBufferTask
10:56:12.415, 2199, TrayArmCatchNewTrayFromBufferTask
10:56:12.417, 2100, TrayArmCatchNewTrayFromBufferTask
10:56:12.417, 2200, TrayArmCatchNewTrayFromBufferTask
10:56:12.419, 1, TrayArmCatchNewTrayFromBufferTask
10:56:12.421, 2100, TrayArmCatchNewTrayFromBufferTask
10:56:12.421, 2149, TrayArmCatchNewTrayFromBufferTask
10:56:12.424, 2199, TrayArmCatchNewTrayFromBufferTask
10:56:12.426, 2100, TrayArmCatchNewTrayFromBufferTask
10:56:12.426, 2200, TrayArmCatchNewTrayFromBufferTask
10:56:12.428, 1, TrayArmCatchNewTrayFromBufferTask
10:56:12.430, 2100, TrayArmCatchNewTrayFromBufferTask
10:56:12.430, 2149, TrayArmCatchNewTrayFromBufferTask
10:56:12.432, 2199, TrayArmCatchNewTrayFromBufferTask
10:56:12.434, 2100, TrayArmCatchNewTrayFromBufferTask
10:56:12.434, 2200, TrayArmCatchNewTrayFromBufferTask
10:56:12.436, 1, TrayArmCatchNewTrayFromBufferTask
10:56:12.438, 2100, TrayArmCatchNewTrayFromBufferTask
10:56:12.438, 2149, TrayArmCatchNewTrayFromBufferTask
10:56:12.440, 2199, TrayArmCatchNewTrayFromBufferTask
10:56:12.443, 2100, TrayArmCatchNewTrayFromBufferTask
10:56:12.443, 2200, TrayArmCatchNewTrayFromBufferTask
10:56:12.445, 1, TrayArmCatchNewTrayFromBufferTask
10:56:12.447, 2100, TrayArmCatchNewTrayFromBufferTask
10:56:12.447, 2149, TrayArmCatchNewTrayFromBufferTask
10:56:12.449, 2199, TrayArmCatchNewTrayFromBufferTask
10:56:12.452, 2100, TrayArmCatchNewTrayFromBufferTask
10:56:12.452, 2200, TrayArmCatchNewTrayFromBufferTask
10:56:12.453, 1, TrayArmCatchNewTrayFromBufferTask
10:56:12.456, 2100, TrayArmCatchNewTrayFromBufferTask
10:56:12.456, 2149, TrayArmCatchNewTrayFromBufferTask
10:56:12.458, 2199, TrayArmCatchNewTrayFromBufferTask
10:56:12.460, 2100, TrayArmCatchNewTrayFromBufferTask
10:56:12.460, 2200, TrayArmCatchNewTrayFromBufferTask
10:56:12.462, 1, TrayArmCatchNewTrayFromBufferTask
10:56:12.464, 2100, TrayArmCatchNewTrayFromBufferTask
10:56:12.464, 2149, TrayArmCatchNewTrayFromBufferTask
10:56:12.466, 2199, TrayArmCatchNewTrayFromBufferTask
10:56:12.468, 2100, TrayArmCatchNewTrayFromBufferTask
10:56:12.468, 2200, TrayArmCatchNewTrayFromBufferTask
10:56:12.470, 1, TrayArmCatchNewTrayFromBufferTask
10:56:12.472, 2100, TrayArmCatchNewTrayFromBufferTask
10:56:12.472, 2149, TrayArmCatchNewTrayFromBufferTask
10:56:12.474, 2199, TrayArmCatchNewTrayFromBufferTask
10:56:12.476, 2100, TrayArmCatchNewTrayFromBufferTask
10:56:12.476, 2200, TrayArmCatchNewTrayFromBufferTask
10:56:12.479, 1, TrayArmCatchNewTrayFromBufferTask
10:56:12.481, 2100, TrayArmCatchNewTrayFromBufferTask
10:56:12.481, 2149, TrayArmCatchNewTrayFromBufferTask
10:56:12.483, 2199, TrayArmCatchNewTrayFromBufferTask
10:56:12.485, 2100, TrayArmCatchNewTrayFromBufferTask
10:56:12.485, 2200, TrayArmCatchNewTrayFromBufferTask
10:56:12.487, 1, TrayArmCatchNewTrayFromBufferTask
10:56:12.489, 2100, TrayArmCatchNewTrayFromBufferTask
10:56:12.489, 2149, TrayArmCatchNewTrayFromBufferTask
10:56:12.491, 2199, TrayArmCatchNewTrayFromBufferTask
10:56:12.493, 2100, TrayArmCatchNewTrayFromBufferTask
10:56:12.493, 2200, TrayArmCatchNewTrayFromBufferTask
10:56:12.495, 1, TrayArmCatchNewTrayFromBufferTask
10:56:12.497, 2100, TrayArmCatchNewTrayFromBufferTask
10:56:12.497, 2149, TrayArmCatchNewTrayFromBufferTask
10:56:12.500, 2199, TrayArmCatchNewTrayFromBufferTask
10:56:12.502, 2100, TrayArmCatchNewTrayFromBufferTask
10:56:12.502, 2200, TrayArmCatchNewTrayFromBufferTask
10:56:12.504, 1, TrayArmCatchNewTrayFromBufferTask
10:56:12.506, 2100, TrayArmCatchNewTrayFromBufferTask
10:56:12.506, 2149, TrayArmCatchNewTrayFromBufferTask
10:56:12.508, 2199, TrayArmCatchNewTrayFromBufferTask
10:56:12.509, 2100, TrayArmCatchNewTrayFromBufferTask
10:56:12.509, 2200, TrayArmCatchNewTrayFromBufferTask
10:56:12.511, 1, TrayArmCatchNewTrayFromBufferTask
10:56:12.513, 2100, TrayArmCatchNewTrayFromBufferTask
10:56:12.513, 2149, TrayArmCatchNewTrayFromBufferTask
10:56:12.516, 2199, TrayArmCatchNewTrayFromBufferTask
10:56:12.518, 2100, TrayArmCatchNewTrayFromBufferTask
10:56:12.518, 2200, TrayArmCatchNewTrayFromBufferTask
10:56:12.521, 1, TrayArmCatchNewTrayFromBufferTask
10:56:12.523, 2100, TrayArmCatchNewTrayFromBufferTask
10:56:12.523, 2149, TrayArmCatchNewTrayFromBufferTask
10:56:12.525, 2199, TrayArmCatchNewTrayFromBufferTask
10:56:12.527, 2100, TrayArmCatchNewTrayFromBufferTask
10:56:12.527, 2200, TrayArmCatchNewTrayFromBufferTask
10:56:12.529, 1, TrayArmCatchNewTrayFromBufferTask
10:56:12.531, 2100, TrayArmCatchNewTrayFromBufferTask
10:56:12.531, 2149, TrayArmCatchNewTrayFromBufferTask
10:56:12.533, 2199, TrayArmCatchNewTrayFromBufferTask
10:56:12.535, 2100, TrayArmCatchNewTrayFromBufferTask
10:56:12.535, 2200, TrayArmCatchNewTrayFromBufferTask
10:56:12.537, 1, TrayArmCatchNewTrayFromBufferTask
10:56:12.540, 2100, TrayArmCatchNewTrayFromBufferTask
10:56:12.540, 2149, TrayArmCatchNewTrayFromBufferTask
10:56:12.542, 2199, TrayArmCatchNewTrayFromBufferTask
10:56:12.544, 2100, TrayArmCatchNewTrayFromBufferTask
10:56:12.544, 2200, TrayArmCatchNewTrayFromBufferTask
10:56:12.546, 1, TrayArmCatchNewTrayFromBufferTask
10:56:12.548, 2100, TrayArmCatchNewTrayFromBufferTask
10:56:12.548, 2149, TrayArmCatchNewTrayFromBufferTask
10:56:12.550, 2199, TrayArmCatchNewTrayFromBufferTask
10:56:12.552, 2100, TrayArmCatchNewTrayFromBufferTask
10:56:12.552, 2200, TrayArmCatchNewTrayFromBufferTask
10:56:12.554, 1, TrayArmCatchNewTrayFromBufferTask
10:56:12.557, 2100, TrayArmCatchNewTrayFromBufferTask
10:56:12.557, 2149, TrayArmCatchNewTrayFromBufferTask
10:56:12.559, 2199, TrayArmCatchNewTrayFromBufferTask
10:56:12.561, 2100, TrayArmCatchNewTrayFromBufferTask
10:56:12.561, 2200, TrayArmCatchNewTrayFromBufferTask
10:56:12.563, 1, TrayArmCatchNewTrayFromBufferTask
10:56:12.565, 2100, TrayArmCatchNewTrayFromBufferTask
10:56:12.565, 2149, TrayArmCatchNewTrayFromBufferTask
10:56:12.567, 2199, TrayArmCatchNewTrayFromBufferTask
10:56:12.569, 2100, TrayArmCatchNewTrayFromBufferTask
10:56:12.569, 2200, TrayArmCatchNewTrayFromBufferTask
10:56:12.572, 1, TrayArmCatchNewTrayFromBufferTask
10:56:12.574, 2100, TrayArmCatchNewTrayFromBufferTask
10:56:12.574, 2149, TrayArmCatchNewTrayFromBufferTask
10:56:12.576, 2199, TrayArmCatchNewTrayFromBufferTask
10:56:12.578, 2100, TrayArmCatchNewTrayFromBufferTask
10:56:12.578, 2200, TrayArmCatchNewTrayFromBufferTask
10:56:12.580, 1, TrayArmCatchNewTrayFromBufferTask
10:56:12.582, 2100, TrayArmCatchNewTrayFromBufferTask
10:56:12.582, 2149, TrayArmCatchNewTrayFromBufferTask
10:56:12.584, 2199, TrayArmCatchNewTrayFromBufferTask
10:56:12.586, 2100, TrayArmCatchNewTrayFromBufferTask
10:56:12.586, 2200, TrayArmCatchNewTrayFromBufferTask
10:56:12.588, 1, TrayArmCatchNewTrayFromBufferTask
10:56:12.591, 2100, TrayArmCatchNewTrayFromBufferTask
10:56:12.591, 2149, TrayArmCatchNewTrayFromBufferTask
10:56:12.593, 2199, TrayArmCatchNewTrayFromBufferTask
10:56:12.595, 2100, TrayArmCatchNewTrayFromBufferTask
10:56:12.595, 2200, TrayArmCatchNewTrayFromBufferTask
10:56:12.597, 1, TrayArmCatchNewTrayFromBufferTask
10:56:12.599, 2100, TrayArmCatchNewTrayFromBufferTask
10:56:12.599, 2149, TrayArmCatchNewTrayFromBufferTask
10:56:12.601, 2199, TrayArmCatchNewTrayFromBufferTask
10:56:12.603, 2200, TrayArmCatchNewTrayFromBufferTask
10:56:12.604, 2100, TrayArmCatchNewTrayFromBufferTask
10:56:12.607, 1, TrayArmCatchNewTrayFromBufferTask
10:56:12.609, 2100, TrayArmCatchNewTrayFromBufferTask
10:56:12.609, 2149, TrayArmCatchNewTrayFromBufferTask
10:56:12.611, 2199, TrayArmCatchNewTrayFromBufferTask
10:56:12.613, 2100, TrayArmCatchNewTrayFromBufferTask
10:56:12.613, 2200, TrayArmCatchNewTrayFromBufferTask
10:56:12.615, 1, TrayArmCatchNewTrayFromBufferTask
10:56:12.617, 2100, TrayArmCatchNewTrayFromBufferTask
10:56:12.617, 2149, TrayArmCatchNewTrayFromBufferTask
10:56:12.619, 2199, TrayArmCatchNewTrayFromBufferTask
10:56:12.621, 2100, TrayArmCatchNewTrayFromBufferTask
10:56:12.621, 2200, TrayArmCatchNewTrayFromBufferTask
10:56:12.623, 1, TrayArmCatchNewTrayFromBufferTask
10:56:12.625, 2100, TrayArmCatchNewTrayFromBufferTask
10:56:12.625, 2149, TrayArmCatchNewTrayFromBufferTask
10:56:12.627, 2199, TrayArmCatchNewTrayFromBufferTask
10:56:12.629, 2200, TrayArmCatchNewTrayFromBufferTask
10:56:12.630, 2100, TrayArmCatchNewTrayFromBufferTask
10:56:12.632, 1, TrayArmCatchNewTrayFromBufferTask
10:56:12.634, 2100, TrayArmCatchNewTrayFromBufferTask
10:56:12.634, 2149, TrayArmCatchNewTrayFromBufferTask
10:56:12.636, 2199, TrayArmCatchNewTrayFromBufferTask
10:56:12.639, 2100, TrayArmCatchNewTrayFromBufferTask
10:56:12.639, 2200, TrayArmCatchNewTrayFromBufferTask
10:56:12.641, 1, TrayArmCatchNewTrayFromBufferTask
10:56:12.643, 2100, TrayArmCatchNewTrayFromBufferTask
10:56:12.643, 2149, TrayArmCatchNewTrayFromBufferTask
10:56:12.645, 2199, TrayArmCatchNewTrayFromBufferTask
10:56:12.647, 2200, TrayArmCatchNewTrayFromBufferTask
10:56:12.648, 2100, TrayArmCatchNewTrayFromBufferTask
10:56:12.650, 1, TrayArmCatchNewTrayFromBufferTask
10:56:12.652, 2100, TrayArmCatchNewTrayFromBufferTask
10:56:12.652, 2149, TrayArmCatchNewTrayFromBufferTask
10:56:12.654, 2199, TrayArmCatchNewTrayFromBufferTask
10:56:12.656, 2100, TrayArmCatchNewTrayFromBufferTask
10:56:12.656, 2200, TrayArmCatchNewTrayFromBufferTask
10:56:12.658, 1, TrayArmCatchNewTrayFromBufferTask
10:56:12.660, 2100, TrayArmCatchNewTrayFromBufferTask
10:56:12.660, 2149, TrayArmCatchNewTrayFromBufferTask
10:56:12.662, 2199, TrayArmCatchNewTrayFromBufferTask
10:56:12.664, 2100, TrayArmCatchNewTrayFromBufferTask
10:56:12.664, 2200, TrayArmCatchNewTrayFromBufferTask
10:56:12.667, 1, TrayArmCatchNewTrayFromBufferTask
10:56:12.680, 1, AutoColorTask
10:56:12.680, 1, ColorTrayToRearTask
10:56:12.680, 20, AutoColorTask
10:56:12.680, 2100, TrayArmCatchNewTrayFromBufferTask
10:56:12.680, 2149, TrayArmCatchNewTrayFromBufferTask
10:56:12.682, 2199, TrayArmCatchNewTrayFromBufferTask
10:56:12.682, 30, AutoColorTask
10:56:12.684, 2200, TrayArmCatchNewTrayFromBufferTask
10:56:12.684, 2250, TrayArmCatchNewTrayFromBufferTask
10:56:12.686, 2260, TrayArmCatchNewTrayFromBufferTask
10:56:12.890, 40, AutoColorTask
10:56:12.892, 50, AutoColorTask
10:56:13.106, 60, AutoColorTask
10:56:13.108, 65, AutoColorTask
10:56:13.216, 200, AutoColorReceiveTask
10:56:13.216, 50, UnLoadNewColorTrayTask
10:56:13.216, 60, AutoColorTask
10:56:13.218, 1000, iLifterTask[1][5]
10:56:13.220, 1100, iLifterTask[1][5]
10:56:14.730, 2300, TrayArmCatchNewTrayFromBufferTask
10:56:14.730, 2310, TrayArmCatchNewTrayFromBufferTask
10:56:14.732, 2340, TrayArmCatchNewTrayFromBufferTask
10:56:15.262, 1, iLifterTask[1][5]
10:56:15.262, 100, UnLoadNewColorTrayTask
10:56:15.366, 150, UnLoadNewColorTrayTask
10:56:15.755, 2350, TrayArmCatchNewTrayFromBufferTask
10:56:15.755, 2352, TrayArmCatchNewTrayFromBufferTask
10:56:15.757, 2355, TrayArmCatchNewTrayFromBufferTask
10:56:15.759, 2500, TrayArmCatchNewTrayFromBufferTask
10:56:15.865, 2550, TrayArmCatchNewTrayFromBufferTask
10:56:15.865, 2600, TrayArmCatchNewTrayFromBufferTask
10:56:15.866, 2700, TrayArmCatchNewTrayFromBufferTask
10:56:15.880, 1000, iLifterTask[0][2]
10:56:15.880, 200, UnLoadNewColorTrayTask
10:56:15.882, 1100, iLifterTask[0][2]
10:56:15.983, 100, TrayArmPlaceTrayToAutoTask
10:56:15.984, 1, iLifterTask[0][2]
10:56:15.984, 200, TrayArmPlaceTrayToAutoTask
10:56:15.984, 300, UnLoadNewColorTrayTask
10:56:16.087, 210, TrayArmPlaceTrayToAutoTask
10:56:16.087, 400, UnLoadNewColorTrayTask
10:56:16.092, 250, TrayArmPlaceTrayToAutoTask
10:56:16.092, 500, UnLoadNewColorTrayTask
10:56:16.121, 300, TrayArmPlaceTrayToAutoTask
10:56:16.616, 1, UnLoadNewColorTrayTask
10:56:16.616, 300, AutoColorReceiveTask
10:56:16.618, 1, AutoColorReceiveTask
10:56:16.618, 70, AutoColorTask
10:56:16.635, 400, TrayArmPlaceTrayToAutoTask
10:56:17.649, 100, AutoColorTask
10:56:17.651, 150, AutoColorTask
10:56:18.679, 500, TrayArmPlaceTrayToAutoTask
10:56:18.682, 510, TrayArmPlaceTrayToAutoTask
10:56:18.795, 1600, BinTrayTask[0]
10:56:18.795, 520, TrayArmPlaceTrayToAutoTask
10:56:18.798, 1700, BinTrayTask[0]
10:56:19.693, 1, AutoColorTask
10:56:19.695, 20, AutoColorTask
10:56:19.697, 30, AutoColorTask
10:56:19.902, 40, AutoColorTask
10:56:19.904, 50, AutoColorTask
10:56:20.119, 60, AutoColorTask
10:56:20.119, 65, AutoColorTask
10:56:20.230, 200, AutoColorReceiveTask
10:56:20.230, 50, UnLoadNewColorTrayTask
10:56:20.230, 60, AutoColorTask
10:56:20.232, 1000, iLifterTask[1][5]
10:56:20.234, 1100, iLifterTask[1][5]
10:56:20.596, 1000, iLifterTask[0][0]
10:56:20.596, 55, TrayZLoadTrayToWaitTask
10:56:20.598, 1100, iLifterTask[0][0]
10:56:20.699, 1, iLifterTask[0][0]
10:56:20.699, 100, TrayZLoadTrayToWaitTask
10:56:20.805, 1000, iLifterTask[1][3]
10:56:20.805, 200, TrayZLoadTrayToWaitTask
10:56:20.807, 1100, iLifterTask[1][3]
10:56:20.838, 530, TrayArmPlaceTrayToAutoTask
10:56:21.350, 540, TrayArmPlaceTrayToAutoTask
10:56:21.863, 1000, TrayArmPlaceTrayToAutoTask
10:56:21.967, 1040, TrayArmPlaceTrayToAutoTask
10:56:21.970, 1100, TrayArmPlaceTrayToAutoTask
10:56:21.970, 1140, TrayArmPlaceTrayToAutoTask
10:56:21.973, 1150, TrayArmPlaceTrayToAutoTask
10:56:22.016, 0, WhichAutoNeedTray
10:56:22.018, 1, TrayArmPlaceTrayToAutoTask
10:56:22.275, 1, iLifterTask[1][5]
10:56:22.275, 100, UnLoadNewColorTrayTask
10:56:22.382, 150, UnLoadNewColorTrayTask
10:56:22.851, 1, iLifterTask[1][3]
10:56:22.851, 300, TrayZLoadTrayToWaitTask
10:56:22.894, 1000, iLifterTask[0][2]
10:56:22.894, 200, UnLoadNewColorTrayTask
10:56:22.896, 1100, iLifterTask[0][2]
10:56:22.956, 1, TrayZLoadTrayToWaitTask
10:56:22.956, 300, LoadNewICTrayTask
10:56:22.956, 400, TrayZLoadTrayToWaitTask
10:56:22.958, 50, iLifterTask[2][6]
10:56:22.960, 1000, iLifterTask[2][6]
10:56:22.960, 1100, iLifterTask[2][6]
10:56:22.989, 1, BinTrayTask[0]
10:56:22.989, 1710, BinTrayTask[0]
10:56:22.992, 100, BinTrayTask[0]
10:56:22.994, 200, BinTrayTask[0]
10:56:22.994, 500, BinTrayTask[0]
10:56:22.996, 800, BinTrayTask[0]
10:56:22.998, 1, iLifterTask[0][2]
10:56:22.998, 300, UnLoadNewColorTrayTask
10:56:23.102, 400, UnLoadNewColorTrayTask
10:56:23.104, 500, UnLoadNewColorTrayTask
10:56:23.132, 15, InArmPickFromLoadTask
10:56:23.135, 10, InArmPickFromLoadTask
10:56:23.139, 15, InArmPickFromLoadTask
10:56:23.141, 10, InArmPickFromLoadTask
10:56:23.143, 15, InArmPickFromLoadTask
10:56:23.147, 10, InArmPickFromLoadTask
10:56:23.149, 15, InArmPickFromLoadTask
10:56:23.151, 10, InArmPickFromLoadTask
10:56:23.155, 15, InArmPickFromLoadTask
10:56:23.157, 10, InArmPickFromLoadTask
10:56:23.159, 15, InArmPickFromLoadTask
10:56:23.163, 10, InArmPickFromLoadTask
10:56:23.165, 15, InArmPickFromLoadTask
10:56:23.168, 10, InArmPickFromLoadTask
10:56:23.173, 15, InArmPickFromLoadTask
10:56:23.175, 10, InArmPickFromLoadTask
10:56:23.177, 15, InArmPickFromLoadTask
10:56:23.181, 10, InArmPickFromLoadTask
10:56:23.183, 15, InArmPickFromLoadTask
10:56:23.185, 10, InArmPickFromLoadTask
10:56:23.189, 15, InArmPickFromLoadTask
10:56:23.191, 10, InArmPickFromLoadTask
10:56:23.193, 15, InArmPickFromLoadTask
10:56:23.198, 10, InArmPickFromLoadTask
10:56:23.201, 15, InArmPickFromLoadTask
10:56:23.203, 10, InArmPickFromLoadTask
10:56:23.207, 15, InArmPickFromLoadTask
10:56:23.209, 10, InArmPickFromLoadTask
10:56:23.211, 15, InArmPickFromLoadTask
10:56:23.215, 10, InArmPickFromLoadTask
10:56:23.217, 15, InArmPickFromLoadTask
10:56:23.219, 10, InArmPickFromLoadTask
10:56:23.223, 15, InArmPickFromLoadTask
10:56:23.226, 10, InArmPickFromLoadTask
10:56:23.228, 15, InArmPickFromLoadTask
10:56:23.232, 10, InArmPickFromLoadTask
10:56:23.234, 15, InArmPickFromLoadTask
10:56:23.236, 10, InArmPickFromLoadTask
10:56:23.240, 15, InArmPickFromLoadTask
10:56:23.242, 10, InArmPickFromLoadTask
10:56:23.244, 15, InArmPickFromLoadTask
10:56:23.248, 10, InArmPickFromLoadTask
10:56:23.250, 15, InArmPickFromLoadTask
10:56:23.252, 10, InArmPickFromLoadTask
10:56:23.256, 15, InArmPickFromLoadTask
10:56:23.258, 10, InArmPickFromLoadTask
10:56:23.260, 15, InArmPickFromLoadTask
10:56:23.265, 10, InArmPickFromLoadTask
10:56:23.268, 15, InArmPickFromLoadTask
10:56:23.270, 10, InArmPickFromLoadTask
10:56:23.274, 15, InArmPickFromLoadTask
10:56:23.276, 10, InArmPickFromLoadTask
10:56:23.278, 15, InArmPickFromLoadTask
10:56:23.282, 10, InArmPickFromLoadTask
10:56:23.284, 15, InArmPickFromLoadTask
10:56:23.286, 10, InArmPickFromLoadTask
10:56:23.291, 15, InArmPickFromLoadTask
10:56:23.293, 10, InArmPickFromLoadTask
10:56:23.295, 15, InArmPickFromLoadTask
10:56:23.299, 10, InArmPickFromLoadTask
10:56:23.301, 15, InArmPickFromLoadTask
10:56:23.303, 10, InArmPickFromLoadTask
10:56:23.307, 15, InArmPickFromLoadTask
10:56:23.309, 10, InArmPickFromLoadTask
10:56:23.311, 15, InArmPickFromLoadTask
10:56:23.315, 10, InArmPickFromLoadTask
10:56:23.317, 15, InArmPickFromLoadTask
10:56:23.319, 10, InArmPickFromLoadTask
10:56:23.324, 15, InArmPickFromLoadTask
10:56:23.326, 10, InArmPickFromLoadTask
10:56:23.328, 15, InArmPickFromLoadTask
10:56:23.332, 10, InArmPickFromLoadTask
10:56:23.334, 15, InArmPickFromLoadTask
10:56:23.336, 10, InArmPickFromLoadTask
10:56:23.339, 15, InArmPickFromLoadTask
10:56:23.341, 10, InArmPickFromLoadTask
10:56:23.344, 15, InArmPickFromLoadTask
10:56:23.348, 10, InArmPickFromLoadTask
10:56:23.350, 15, InArmPickFromLoadTask
10:56:23.352, 10, InArmPickFromLoadTask
10:56:23.356, 15, InArmPickFromLoadTask
10:56:23.358, 10, InArmPickFromLoadTask
10:56:23.360, 15, InArmPickFromLoadTask
10:56:23.365, 10, InArmPickFromLoadTask
10:56:23.367, 15, InArmPickFromLoadTask
10:56:23.369, 10, InArmPickFromLoadTask
10:56:23.373, 15, InArmPickFromLoadTask
10:56:23.375, 10, InArmPickFromLoadTask
10:56:23.377, 15, InArmPickFromLoadTask
10:56:23.381, 10, InArmPickFromLoadTask
10:56:23.383, 15, InArmPickFromLoadTask
10:56:23.385, 10, InArmPickFromLoadTask
10:56:23.389, 15, InArmPickFromLoadTask
10:56:23.391, 10, InArmPickFromLoadTask
10:56:23.393, 15, InArmPickFromLoadTask
10:56:23.397, 10, InArmPickFromLoadTask
10:56:23.400, 15, InArmPickFromLoadTask
10:56:23.403, 10, InArmPickFromLoadTask
10:56:23.408, 15, InArmPickFromLoadTask
10:56:23.410, 10, InArmPickFromLoadTask
10:56:23.413, 15, InArmPickFromLoadTask
10:56:23.417, 10, InArmPickFromLoadTask
10:56:23.420, 15, InArmPickFromLoadTask
10:56:23.424, 10, InArmPickFromLoadTask
10:56:23.428, 15, InArmPickFromLoadTask
10:56:23.430, 10, InArmPickFromLoadTask
10:56:23.432, 15, InArmPickFromLoadTask
10:56:23.436, 10, InArmPickFromLoadTask
10:56:23.439, 15, InArmPickFromLoadTask
10:56:23.441, 10, InArmPickFromLoadTask
10:56:23.445, 15, InArmPickFromLoadTask
10:56:23.447, 10, InArmPickFromLoadTask
10:56:23.449, 15, InArmPickFromLoadTask
10:56:23.453, 10, InArmPickFromLoadTask
10:56:23.455, 15, InArmPickFromLoadTask
10:56:23.457, 10, InArmPickFromLoadTask
10:56:23.461, 15, InArmPickFromLoadTask
10:56:23.463, 10, InArmPickFromLoadTask
10:56:23.466, 15, InArmPickFromLoadTask
10:56:23.470, 10, InArmPickFromLoadTask
10:56:23.473, 15, InArmPickFromLoadTask
10:56:23.475, 1, iLifterTask[2][6]
10:56:23.475, 10, InArmPickFromLoadTask
10:56:23.475, 400, LoadNewICTrayTask
10:56:23.475, 500, LoadNewICTrayTask
10:56:23.485, 1, LoadNewICTrayTask
10:56:23.485, 600, LoadTask
10:56:23.487, 1000, LoadTask
10:56:23.487, 15, InArmPickFromLoadTask
10:56:23.508, 50, SupplyNewIC_From_LoaderCar
10:56:23.510, 10, InArmPickFromLoadTask
10:56:23.510, 100, SupplyNewIC_From_LoaderCar
10:56:23.512, 105, SupplyNewIC_From_LoaderCar
10:56:23.512, 15, InArmPickFromLoadTask
10:56:23.512, 150, SupplyNewIC_From_LoaderCar
10:56:23.515, 300, SupplyNewIC_From_LoaderCar
10:56:23.517, 10, InArmPickFromLoadTask
10:56:23.517, 350, SupplyNewIC_From_LoaderCar
10:56:23.519, 15, InArmPickFromLoadTask
10:56:23.521, 10, InArmPickFromLoadTask
10:56:23.525, 15, InArmPickFromLoadTask
10:56:23.527, 10, InArmPickFromLoadTask
10:56:23.531, 15, InArmPickFromLoadTask
10:56:23.536, 10, InArmPickFromLoadTask
10:56:23.538, 15, InArmPickFromLoadTask
10:56:23.540, 10, InArmPickFromLoadTask
10:56:23.544, 15, InArmPickFromLoadTask
10:56:23.546, 10, InArmPickFromLoadTask
10:56:23.548, 15, InArmPickFromLoadTask
10:56:23.552, 10, InArmPickFromLoadTask
10:56:23.555, 15, InArmPickFromLoadTask
10:56:23.557, 10, InArmPickFromLoadTask
10:56:23.561, 15, InArmPickFromLoadTask
10:56:23.563, 10, InArmPickFromLoadTask
10:56:23.565, 15, InArmPickFromLoadTask
10:56:23.569, 10, InArmPickFromLoadTask
10:56:23.571, 15, InArmPickFromLoadTask
10:56:23.573, 10, InArmPickFromLoadTask
10:56:23.577, 15, InArmPickFromLoadTask
10:56:23.579, 10, InArmPickFromLoadTask
10:56:23.581, 15, InArmPickFromLoadTask
10:56:23.586, 10, InArmPickFromLoadTask
10:56:23.588, 15, InArmPickFromLoadTask
10:56:23.590, 10, InArmPickFromLoadTask
10:56:23.594, 15, InArmPickFromLoadTask
10:56:23.597, 10, InArmPickFromLoadTask
10:56:23.599, 15, InArmPickFromLoadTask
10:56:23.603, 10, InArmPickFromLoadTask
10:56:23.605, 15, InArmPickFromLoadTask
10:56:23.607, 10, InArmPickFromLoadTask
10:56:23.613, 15, InArmPickFromLoadTask
10:56:23.615, 10, InArmPickFromLoadTask
10:56:23.625, 1, UnLoadNewColorTrayTask
10:56:23.625, 15, InArmPickFromLoadTask
10:56:23.625, 300, AutoColorReceiveTask
10:56:23.628, 1, AutoColorReceiveTask
10:56:23.630, 10, InArmPickFromLoadTask
10:56:23.630, 65, AutoColorTask
10:56:23.632, 15, InArmPickFromLoadTask
10:56:23.634, 10, InArmPickFromLoadTask
10:56:23.638, 15, InArmPickFromLoadTask
10:56:23.640, 10, InArmPickFromLoadTask
10:56:23.644, 15, InArmPickFromLoadTask
10:56:23.650, 10, InArmPickFromLoadTask
10:56:23.652, 15, InArmPickFromLoadTask
10:56:23.654, 10, InArmPickFromLoadTask
10:56:23.658, 15, InArmPickFromLoadTask
10:56:23.660, 10, InArmPickFromLoadTask
10:56:23.662, 15, InArmPickFromLoadTask
10:56:23.666, 10, InArmPickFromLoadTask
10:56:23.668, 15, InArmPickFromLoadTask
10:56:23.670, 10, InArmPickFromLoadTask
10:56:23.675, 15, InArmPickFromLoadTask
10:56:23.677, 10, InArmPickFromLoadTask
10:56:23.679, 15, InArmPickFromLoadTask
10:56:23.684, 10, InArmPickFromLoadTask
10:56:23.687, 15, InArmPickFromLoadTask
10:56:23.689, 10, InArmPickFromLoadTask
10:56:23.693, 15, InArmPickFromLoadTask
10:56:23.695, 10, InArmPickFromLoadTask
10:56:23.697, 15, InArmPickFromLoadTask
10:56:23.701, 10, InArmPickFromLoadTask
10:56:23.703, 15, InArmPickFromLoadTask
10:56:23.705, 10, InArmPickFromLoadTask
10:56:23.711, 15, InArmPickFromLoadTask
10:56:23.713, 10, InArmPickFromLoadTask
10:56:23.715, 15, InArmPickFromLoadTask
10:56:23.719, 10, InArmPickFromLoadTask
10:56:23.721, 15, InArmPickFromLoadTask
10:56:23.723, 10, InArmPickFromLoadTask
10:56:23.723, 1000, SupplyNewIC_From_LoaderCar
10:56:23.727, 15, InArmPickFromLoadTask
10:56:23.729, 10, InArmPickFromLoadTask
10:56:23.735, 15, InArmPickFromLoadTask
10:56:23.735, 200, AutoColorReceiveTask
10:56:23.735, 60, AutoColorTask
10:56:23.738, 50, UnLoadNewColorTrayTask
10:56:23.740, 10, InArmPickFromLoadTask
10:56:23.740, 1000, iLifterTask[1][5]
10:56:23.740, 1100, iLifterTask[1][5]
10:56:23.742, 15, InArmPickFromLoadTask
10:56:23.746, 10, InArmPickFromLoadTask
10:56:23.750, 15, InArmPickFromLoadTask
10:56:23.752, 10, InArmPickFromLoadTask
10:56:23.755, 15, InArmPickFromLoadTask
10:56:23.760, 10, InArmPickFromLoadTask
10:56:23.762, 15, InArmPickFromLoadTask
10:56:23.764, 10, InArmPickFromLoadTask
10:56:23.768, 15, InArmPickFromLoadTask
10:56:23.770, 10, InArmPickFromLoadTask
10:56:23.772, 15, InArmPickFromLoadTask
10:56:23.776, 10, InArmPickFromLoadTask
10:56:23.779, 15, InArmPickFromLoadTask
10:56:23.781, 10, InArmPickFromLoadTask
10:56:23.785, 15, InArmPickFromLoadTask
10:56:23.787, 10, InArmPickFromLoadTask
10:56:23.789, 15, InArmPickFromLoadTask
10:56:23.793, 10, InArmPickFromLoadTask
10:56:23.796, 15, InArmPickFromLoadTask
10:56:23.798, 10, InArmPickFromLoadTask
10:56:23.801, 15, InArmPickFromLoadTask
10:56:23.803, 10, InArmPickFromLoadTask
10:56:23.806, 15, InArmPickFromLoadTask
10:56:23.811, 10, InArmPickFromLoadTask
10:56:23.813, 15, InArmPickFromLoadTask
10:56:23.815, 10, InArmPickFromLoadTask
10:56:23.819, 15, InArmPickFromLoadTask
10:56:23.821, 10, InArmPickFromLoadTask
10:56:23.823, 15, InArmPickFromLoadTask
10:56:23.827, 10, InArmPickFromLoadTask
10:56:23.828, 1100, SupplyNewIC_From_LoaderCar
10:56:23.830, 15, InArmPickFromLoadTask
10:56:23.832, 10, InArmPickFromLoadTask
10:56:23.836, 15, InArmPickFromLoadTask
10:56:23.838, 10, InArmPickFromLoadTask
10:56:23.840, 15, InArmPickFromLoadTask
10:56:23.845, 10, InArmPickFromLoadTask
10:56:23.847, 15, InArmPickFromLoadTask
10:56:23.849, 10, InArmPickFromLoadTask
10:56:23.853, 15, InArmPickFromLoadTask
10:56:23.855, 10, InArmPickFromLoadTask
10:56:23.857, 15, InArmPickFromLoadTask
10:56:23.861, 10, InArmPickFromLoadTask
10:56:23.864, 15, InArmPickFromLoadTask
10:56:23.867, 10, InArmPickFromLoadTask
10:56:23.871, 15, InArmPickFromLoadTask
10:56:23.873, 10, InArmPickFromLoadTask
10:56:23.875, 15, InArmPickFromLoadTask
10:56:23.879, 10, InArmPickFromLoadTask
10:56:23.881, 15, InArmPickFromLoadTask
10:56:23.883, 10, InArmPickFromLoadTask
10:56:23.887, 15, InArmPickFromLoadTask
10:56:23.889, 10, InArmPickFromLoadTask
10:56:23.891, 15, InArmPickFromLoadTask
10:56:23.896, 10, InArmPickFromLoadTask
10:56:23.898, 15, InArmPickFromLoadTask
10:56:23.900, 10, InArmPickFromLoadTask
10:56:23.904, 15, InArmPickFromLoadTask
10:56:23.906, 10, InArmPickFromLoadTask
10:56:23.908, 15, InArmPickFromLoadTask
10:56:23.912, 10, InArmPickFromLoadTask
10:56:23.914, 15, InArmPickFromLoadTask
10:56:23.916, 10, InArmPickFromLoadTask
10:56:23.920, 15, InArmPickFromLoadTask
10:56:23.922, 10, InArmPickFromLoadTask
10:56:23.924, 15, InArmPickFromLoadTask
10:56:23.928, 10, InArmPickFromLoadTask
10:56:23.930, 15, InArmPickFromLoadTask
10:56:23.932, 10, InArmPickFromLoadTask
10:56:23.937, 15, InArmPickFromLoadTask
10:56:23.939, 10, InArmPickFromLoadTask
10:56:23.941, 15, InArmPickFromLoadTask
10:56:23.944, 10, InArmPickFromLoadTask
10:56:23.946, 15, InArmPickFromLoadTask
10:56:23.948, 10, InArmPickFromLoadTask
10:56:23.953, 15, InArmPickFromLoadTask
10:56:23.955, 10, InArmPickFromLoadTask
10:56:23.957, 15, InArmPickFromLoadTask
10:56:23.962, 10, InArmPickFromLoadTask
10:56:23.964, 15, InArmPickFromLoadTask
10:56:23.966, 10, InArmPickFromLoadTask
10:56:23.970, 15, InArmPickFromLoadTask
10:56:23.973, 10, InArmPickFromLoadTask
10:56:23.978, 15, InArmPickFromLoadTask
10:56:23.982, 10, InArmPickFromLoadTask
10:56:23.984, 15, InArmPickFromLoadTask
10:56:23.987, 10, InArmPickFromLoadTask
10:56:23.991, 15, InArmPickFromLoadTask
10:56:23.993, 10, InArmPickFromLoadTask
10:56:23.995, 15, InArmPickFromLoadTask
10:56:23.999, 10, InArmPickFromLoadTask
10:56:24.001, 15, InArmPickFromLoadTask
10:56:24.003, 10, InArmPickFromLoadTask
10:56:24.008, 15, InArmPickFromLoadTask
10:56:24.010, 10, InArmPickFromLoadTask
10:56:24.012, 15, InArmPickFromLoadTask
10:56:24.016, 10, InArmPickFromLoadTask
10:56:24.018, 15, InArmPickFromLoadTask
10:56:24.020, 10, InArmPickFromLoadTask
10:56:24.025, 15, InArmPickFromLoadTask
10:56:24.029, 10, InArmPickFromLoadTask
10:56:24.031, 15, InArmPickFromLoadTask
10:56:24.036, 10, InArmPickFromLoadTask
10:56:24.036, 1200, SupplyNewIC_From_LoaderCar
10:56:24.036, 1300, SupplyNewIC_From_LoaderCar
10:56:24.056, 1, LoadTask
10:56:24.056, 1, SupplyNewIC_From_LoaderCar
10:56:24.056, 12, InArmPickFromLoadTask
10:56:24.058, 300, LoadTask
10:56:24.061, 600, LoadTask
10:56:24.063, 800, LoadTask
10:56:24.222, 850, BinTrayTask[0]
10:56:24.406, 200, InArmPickFromLoadTask
10:56:24.408, 1000, InArmPickFromLoadTask
10:56:24.517, 2000, InArmPickFromLoadTask
10:56:24.772, 2100, InArmPickFromLoadTask
10:56:24.774, 1, InArmPickFromLoadTask
10:56:24.774, 400, InArmTask
10:56:24.778, 1000, InArmTask
10:56:24.780, 100, InArmPlaceToHotPlateTask
10:56:24.780, 1100, InArmTask
10:56:25.212, 200, InArmPlaceToHotPlateTask
10:56:25.216, 350, InArmPlaceToHotPlateTask
10:56:25.319, 400, InArmPlaceToHotPlateTask
10:56:25.783, 1, iLifterTask[1][5]
10:56:25.783, 100, UnLoadNewColorTrayTask
10:56:25.885, 150, UnLoadNewColorTrayTask
10:56:26.169, 500, InArmPlaceToHotPlateTask
10:56:26.173, 501, InArmPlaceToHotPlateTask
10:56:26.175, 50, InArmTask
10:56:26.177, 10, InArmPickFromLoadTask
10:56:26.177, 100, InArmTask
10:56:26.177, 12, InArmPickFromLoadTask
10:56:26.398, 1000, iLifterTask[0][2]
10:56:26.398, 200, UnLoadNewColorTrayTask
10:56:26.400, 1100, iLifterTask[0][2]
10:56:26.503, 1, iLifterTask[0][2]
10:56:26.503, 300, UnLoadNewColorTrayTask
10:56:26.596, 200, InArmPickFromLoadTask
10:56:26.598, 1000, InArmPickFromLoadTask
10:56:26.609, 400, UnLoadNewColorTrayTask
10:56:26.611, 500, UnLoadNewColorTrayTask
10:56:26.705, 2000, InArmPickFromLoadTask
10:56:26.953, 2100, InArmPickFromLoadTask
10:56:26.957, 1, InArmPickFromLoadTask
10:56:26.957, 400, InArmTask
10:56:26.959, 1, InArmPlaceToHotPlateTask
10:56:26.959, 1000, InArmTask
10:56:26.961, 100, InArmPlaceToHotPlateTask
10:56:26.961, 1100, InArmTask
10:56:27.133, 1, AutoColorReceiveTask
10:56:27.133, 1, UnLoadNewColorTrayTask
10:56:27.133, 100, LoadNewICTrayTask
10:56:27.133, 300, AutoColorReceiveTask
10:56:27.133, 900, LoadTask
10:56:27.135, 50, TrayZLoadTrayToWaitTask
10:56:27.135, 65, AutoColorTask
10:56:27.244, 200, AutoColorReceiveTask
10:56:27.244, 50, UnLoadNewColorTrayTask
10:56:27.244, 60, AutoColorTask
10:56:27.246, 1000, iLifterTask[1][5]
10:56:27.248, 1100, iLifterTask[1][5]
10:56:27.380, 200, InArmPlaceToHotPlateTask
10:56:27.382, 350, InArmPlaceToHotPlateTask
10:56:27.488, 400, InArmPlaceToHotPlateTask
10:56:28.332, 500, InArmPlaceToHotPlateTask
10:56:28.334, 501, InArmPlaceToHotPlateTask
10:56:28.338, 10, InArmPickFromLoadTask
10:56:28.338, 50, InArmTask
10:56:28.340, 100, InArmTask
10:56:28.340, 12, InArmPickFromLoadTask
10:56:28.730, 200, InArmPickFromLoadTask
10:56:28.734, 1000, InArmPickFromLoadTask
10:56:28.839, 2000, InArmPickFromLoadTask
10:56:29.092, 2100, InArmPickFromLoadTask
10:56:29.097, 1, InArmPickFromLoadTask
10:56:29.097, 400, InArmTask
10:56:29.099, 1, InArmPlaceToHotPlateTask
10:56:29.099, 1000, InArmTask
10:56:29.101, 100, InArmPlaceToHotPlateTask
10:56:29.101, 1100, InArmTask
10:56:29.291, 1, iLifterTask[1][5]
10:56:29.291, 100, UnLoadNewColorTrayTask
10:56:29.395, 150, UnLoadNewColorTrayTask
10:56:29.500, 200, InArmPlaceToHotPlateTask
10:56:29.504, 350, InArmPlaceToHotPlateTask
10:56:29.608, 400, InArmPlaceToHotPlateTask
10:56:29.909, 1000, iLifterTask[0][2]
10:56:29.909, 200, UnLoadNewColorTrayTask
10:56:29.911, 1100, iLifterTask[0][2]
10:56:30.015, 1, iLifterTask[0][2]
10:56:30.015, 300, UnLoadNewColorTrayTask
10:56:30.121, 400, UnLoadNewColorTrayTask
10:56:30.121, 500, UnLoadNewColorTrayTask
10:56:30.447, 500, InArmPlaceToHotPlateTask
10:56:30.451, 501, InArmPlaceToHotPlateTask
10:56:30.453, 50, InArmTask
10:56:30.455, 10, InArmPickFromLoadTask
10:56:30.455, 100, InArmTask
10:56:30.455, 12, InArmPickFromLoadTask
10:56:30.646, 1, AutoColorReceiveTask
10:56:30.646, 1, UnLoadNewColorTrayTask
10:56:30.646, 300, AutoColorReceiveTask
10:56:30.647, 65, AutoColorTask
10:56:30.755, 200, AutoColorReceiveTask
10:56:30.755, 60, AutoColorTask
10:56:30.757, 50, UnLoadNewColorTrayTask
10:56:30.760, 1000, iLifterTask[1][5]
10:56:30.760, 1100, iLifterTask[1][5]
10:56:30.874, 200, InArmPickFromLoadTask
10:56:30.876, 1000, InArmPickFromLoadTask
10:56:30.984, 2000, InArmPickFromLoadTask
10:56:31.240, 2100, InArmPickFromLoadTask
10:56:31.244, 1, InArmPickFromLoadTask
10:56:31.244, 400, InArmTask
10:56:31.246, 1, InArmPlaceToHotPlateTask
10:56:31.246, 1000, InArmTask
10:56:31.249, 100, InArmPlaceToHotPlateTask
10:56:31.249, 1100, InArmTask
10:56:31.653, 200, InArmPlaceToHotPlateTask
10:56:31.655, 350, InArmPlaceToHotPlateTask
10:56:31.760, 400, InArmPlaceToHotPlateTask
10:56:32.613, 500, InArmPlaceToHotPlateTask
10:56:32.615, 501, InArmPlaceToHotPlateTask
10:56:32.617, 50, InArmTask
10:56:32.619, 10, InArmPickFromLoadTask
10:56:32.621, 100, InArmTask
10:56:32.621, 12, InArmPickFromLoadTask
10:56:32.804, 1, iLifterTask[1][5]
10:56:32.804, 100, UnLoadNewColorTrayTask
10:56:32.907, 150, UnLoadNewColorTrayTask
10:56:33.027, 200, InArmPickFromLoadTask
10:56:33.029, 1000, InArmPickFromLoadTask
10:56:33.137, 2000, InArmPickFromLoadTask
10:56:33.394, 2100, InArmPickFromLoadTask
10:56:33.398, 1, InArmPickFromLoadTask
10:56:33.398, 400, InArmTask
10:56:33.400, 1, InArmPlaceToHotPlateTask
10:56:33.400, 1000, InArmTask
10:56:33.402, 100, InArmPlaceToHotPlateTask
10:56:33.402, 1100, InArmTask
10:56:33.419, 200, UnLoadNewColorTrayTask
10:56:33.421, 1000, iLifterTask[0][2]
10:56:33.425, 1100, iLifterTask[0][2]
10:56:33.529, 1, iLifterTask[0][2]
10:56:33.529, 300, UnLoadNewColorTrayTask
10:56:33.633, 400, UnLoadNewColorTrayTask
10:56:33.636, 500, UnLoadNewColorTrayTask
10:56:33.807, 200, InArmPlaceToHotPlateTask
10:56:33.811, 350, InArmPlaceToHotPlateTask
10:56:33.917, 400, InArmPlaceToHotPlateTask
10:56:34.156, 1, UnLoadNewColorTrayTask
10:56:34.156, 300, AutoColorReceiveTask
10:56:34.159, 1, AutoColorReceiveTask
10:56:34.161, 65, AutoColorTask
10:56:34.274, 200, AutoColorReceiveTask
10:56:34.274, 50, UnLoadNewColorTrayTask
10:56:34.274, 60, AutoColorTask
10:56:34.276, 1000, iLifterTask[1][5]
10:56:34.279, 1100, iLifterTask[1][5]
10:56:34.787, 500, InArmPlaceToHotPlateTask
10:56:34.789, 501, InArmPlaceToHotPlateTask
10:56:34.792, 50, InArmTask
10:56:34.794, 10, InArmPickFromLoadTask
10:56:34.796, 100, InArmTask
10:56:34.796, 12, InArmPickFromLoadTask
10:56:35.210, 200, InArmPickFromLoadTask
10:56:35.212, 1000, InArmPickFromLoadTask
10:56:35.320, 2000, InArmPickFromLoadTask
10:56:35.586, 2100, InArmPickFromLoadTask
10:56:35.588, 1, InArmPickFromLoadTask
10:56:35.588, 400, InArmTask
10:56:35.592, 1, InArmPlaceToHotPlateTask
10:56:35.592, 1000, InArmTask
10:56:35.594, 100, InArmPlaceToHotPlateTask
10:56:35.594, 1100, InArmTask
10:56:35.996, 200, InArmPlaceToHotPlateTask
10:56:35.998, 350, InArmPlaceToHotPlateTask
10:56:36.104, 400, InArmPlaceToHotPlateTask
10:56:36.320, 1, iLifterTask[1][5]
10:56:36.320, 100, UnLoadNewColorTrayTask
10:56:36.424, 150, UnLoadNewColorTrayTask
10:56:36.935, 200, UnLoadNewColorTrayTask
10:56:36.937, 1000, iLifterTask[0][2]
10:56:36.939, 1100, iLifterTask[0][2]
10:56:36.954, 500, InArmPlaceToHotPlateTask
10:56:36.958, 501, InArmPlaceToHotPlateTask
10:56:36.960, 50, InArmTask
10:56:36.962, 10, InArmPickFromLoadTask
10:56:36.962, 100, InArmTask
10:56:36.962, 12, InArmPickFromLoadTask
10:56:37.043, 1, iLifterTask[0][2]
10:56:37.043, 300, UnLoadNewColorTrayTask
10:56:37.146, 400, UnLoadNewColorTrayTask
10:56:37.148, 500, UnLoadNewColorTrayTask
10:56:37.348, 1000, iLifterTask[0][0]
10:56:37.348, 55, TrayZLoadTrayToWaitTask
10:56:37.351, 1100, iLifterTask[0][0]
10:56:37.374, 200, InArmPickFromLoadTask
10:56:37.377, 1000, InArmPickFromLoadTask
10:56:37.453, 1, iLifterTask[0][0]
10:56:37.453, 100, TrayZLoadTrayToWaitTask
10:56:37.482, 2000, InArmPickFromLoadTask
10:56:37.556, 200, TrayZLoadTrayToWaitTask
10:56:37.558, 1000, iLifterTask[1][3]
10:56:37.560, 1100, iLifterTask[1][3]
10:56:37.672, 1, AutoColorReceiveTask
10:56:37.672, 1, UnLoadNewColorTrayTask
10:56:37.672, 300, AutoColorReceiveTask
10:56:37.674, 65, AutoColorTask
10:56:37.748, 2100, InArmPickFromLoadTask
10:56:37.752, 1, InArmPickFromLoadTask
10:56:37.752, 400, InArmTask
10:56:37.754, 1, InArmPlaceToHotPlateTask
10:56:37.754, 1000, InArmTask
10:56:37.756, 100, InArmPlaceToHotPlateTask
10:56:37.756, 1100, InArmTask
10:56:37.779, 200, AutoColorReceiveTask
10:56:37.779, 60, AutoColorTask
10:56:37.781, 50, UnLoadNewColorTrayTask
10:56:37.786, 1000, iLifterTask[1][5]
10:56:37.786, 1100, iLifterTask[1][5]
10:56:38.161, 200, InArmPlaceToHotPlateTask
10:56:38.166, 350, InArmPlaceToHotPlateTask
10:56:38.271, 400, InArmPlaceToHotPlateTask
10:56:39.111, 500, InArmPlaceToHotPlateTask
10:56:39.113, 501, InArmPlaceToHotPlateTask
10:56:39.115, 50, InArmTask
10:56:39.117, 10, InArmPickFromLoadTask
10:56:39.119, 100, InArmTask
10:56:39.119, 12, InArmPickFromLoadTask
10:56:39.532, 200, InArmPickFromLoadTask
10:56:39.535, 1000, InArmPickFromLoadTask
10:56:39.604, 1, iLifterTask[1][3]
10:56:39.604, 300, TrayZLoadTrayToWaitTask
10:56:39.643, 2000, InArmPickFromLoadTask
10:56:39.707, 400, TrayZLoadTrayToWaitTask
10:56:39.710, 1, TrayZLoadTrayToWaitTask
10:56:39.710, 300, LoadNewICTrayTask
10:56:39.712, 1000, iLifterTask[2][6]
10:56:39.712, 50, iLifterTask[2][6]
10:56:39.714, 1100, iLifterTask[2][6]
10:56:39.828, 1, iLifterTask[1][5]
10:56:39.828, 100, UnLoadNewColorTrayTask
10:56:39.901, 2100, InArmPickFromLoadTask
10:56:39.903, 1, InArmPickFromLoadTask
10:56:39.903, 400, InArmTask
10:56:39.907, 1, InArmPlaceToHotPlateTask
10:56:39.907, 1000, InArmTask
10:56:39.909, 100, InArmPlaceToHotPlateTask
10:56:39.909, 1100, InArmTask
10:56:39.933, 150, UnLoadNewColorTrayTask
10:56:40.225, 1, iLifterTask[2][6]
10:56:40.225, 400, LoadNewICTrayTask
10:56:40.225, 500, LoadNewICTrayTask
10:56:40.233, 1, LoadNewICTrayTask
10:56:40.233, 600, LoadTask
10:56:40.235, 1000, LoadTask
10:56:40.320, 200, InArmPlaceToHotPlateTask
10:56:40.322, 350, InArmPlaceToHotPlateTask
10:56:40.428, 400, InArmPlaceToHotPlateTask
10:56:40.445, 1000, iLifterTask[0][2]
10:56:40.445, 200, UnLoadNewColorTrayTask
10:56:40.447, 1100, iLifterTask[0][2]
10:56:40.548, 1, iLifterTask[0][2]
10:56:40.548, 300, UnLoadNewColorTrayTask
10:56:40.651, 400, UnLoadNewColorTrayTask
10:56:40.656, 500, UnLoadNewColorTrayTask
10:56:41.176, 1, UnLoadNewColorTrayTask
10:56:41.176, 300, AutoColorReceiveTask
10:56:41.179, 1, AutoColorReceiveTask
10:56:41.182, 65, AutoColorTask
10:56:41.289, 200, AutoColorReceiveTask
10:56:41.289, 60, AutoColorTask
10:56:41.291, 50, UnLoadNewColorTrayTask
10:56:41.293, 1000, iLifterTask[1][5]
10:56:41.293, 1100, iLifterTask[1][5]
10:56:41.297, 500, InArmPlaceToHotPlateTask
10:56:41.299, 501, InArmPlaceToHotPlateTask
10:56:41.302, 50, InArmTask
10:56:41.305, 10, InArmPickFromLoadTask
10:56:41.307, 100, InArmTask
10:56:41.307, 12, InArmPickFromLoadTask
10:56:41.711, 200, InArmPickFromLoadTask
10:56:41.713, 1000, InArmPickFromLoadTask
10:56:41.819, 2000, InArmPickFromLoadTask
10:56:42.081, 2100, InArmPickFromLoadTask
10:56:42.087, 1, InArmPickFromLoadTask
10:56:42.087, 400, InArmTask
10:56:42.089, 1, InArmPlaceToHotPlateTask
10:56:42.089, 1000, InArmTask
10:56:42.091, 100, InArmPlaceToHotPlateTask
10:56:42.091, 1100, InArmTask
10:56:42.492, 200, InArmPlaceToHotPlateTask
10:56:42.494, 350, InArmPlaceToHotPlateTask
10:56:42.601, 400, InArmPlaceToHotPlateTask
10:56:43.337, 1, iLifterTask[1][5]
10:56:43.337, 100, UnLoadNewColorTrayTask
10:56:43.443, 150, UnLoadNewColorTrayTask
10:56:43.447, 500, InArmPlaceToHotPlateTask
10:56:43.449, 501, InArmPlaceToHotPlateTask
10:56:43.451, 50, InArmTask
10:56:43.453, 10, InArmPickFromLoadTask
10:56:43.455, 100, InArmTask
10:56:43.455, 12, InArmPickFromLoadTask
10:56:43.858, 200, InArmPickFromLoadTask
10:56:43.862, 1000, InArmPickFromLoadTask
10:56:43.954, 1000, iLifterTask[0][2]
10:56:43.954, 200, UnLoadNewColorTrayTask
10:56:43.956, 1100, iLifterTask[0][2]
10:56:43.970, 2000, InArmPickFromLoadTask
10:56:44.058, 1, iLifterTask[0][2]
10:56:44.058, 300, UnLoadNewColorTrayTask
10:56:44.161, 400, UnLoadNewColorTrayTask
10:56:44.163, 500, UnLoadNewColorTrayTask
10:56:44.228, 2100, InArmPickFromLoadTask
10:56:44.233, 1, InArmPickFromLoadTask
10:56:44.233, 400, InArmTask
10:56:44.235, 1, InArmPlaceToHotPlateTask
10:56:44.235, 1000, InArmTask
10:56:44.237, 100, InArmPlaceToHotPlateTask
10:56:44.237, 1100, InArmTask
10:56:44.631, 200, InArmPlaceToHotPlateTask
10:56:44.633, 350, InArmPlaceToHotPlateTask
10:56:44.686, 1, UnLoadNewColorTrayTask
10:56:44.686, 300, AutoColorReceiveTask
10:56:44.688, 1, AutoColorReceiveTask
10:56:44.691, 65, AutoColorTask
10:56:44.740, 400, InArmPlaceToHotPlateTask
10:56:44.799, 200, AutoColorReceiveTask
10:56:44.799, 50, UnLoadNewColorTrayTask
10:56:44.799, 60, AutoColorTask
10:56:44.801, 1000, iLifterTask[1][5]
10:56:44.803, 1100, iLifterTask[1][5]
10:56:45.600, 500, InArmPlaceToHotPlateTask
10:56:45.603, 501, InArmPlaceToHotPlateTask
10:56:45.604, 50, InArmTask
10:56:45.606, 10, InArmPickFromLoadTask
10:56:45.608, 100, InArmTask
10:56:45.608, 12, InArmPickFromLoadTask
10:56:46.012, 200, InArmPickFromLoadTask
10:56:46.016, 1000, InArmPickFromLoadTask
10:56:46.120, 2000, InArmPickFromLoadTask
10:56:46.381, 2100, InArmPickFromLoadTask
10:56:46.383, 1, InArmPickFromLoadTask
10:56:46.383, 400, InArmTask
10:56:46.385, 1, InArmPlaceToHotPlateTask
10:56:46.385, 1000, InArmTask
10:56:46.390, 100, InArmPlaceToHotPlateTask
10:56:46.390, 1100, InArmTask
10:56:46.781, 200, InArmPlaceToHotPlateTask
10:56:46.783, 350, InArmPlaceToHotPlateTask
10:56:46.847, 1, iLifterTask[1][5]
10:56:46.847, 100, UnLoadNewColorTrayTask
10:56:46.891, 400, InArmPlaceToHotPlateTask
10:56:46.952, 150, UnLoadNewColorTrayTask
10:56:47.464, 1000, iLifterTask[0][2]
10:56:47.464, 200, UnLoadNewColorTrayTask
10:56:47.466, 1100, iLifterTask[0][2]
10:56:47.569, 1, iLifterTask[0][2]
10:56:47.569, 300, UnLoadNewColorTrayTask
10:56:47.672, 400, UnLoadNewColorTrayTask
10:56:47.676, 500, UnLoadNewColorTrayTask
10:56:47.745, 500, InArmPlaceToHotPlateTask
10:56:47.749, 501, InArmPlaceToHotPlateTask
10:56:47.751, 50, InArmTask
10:56:47.753, 10, InArmPickFromLoadTask
10:56:47.753, 100, InArmTask
10:56:47.753, 12, InArmPickFromLoadTask
10:56:48.167, 200, InArmPickFromLoadTask
10:56:48.169, 1000, InArmPickFromLoadTask
10:56:48.196, 1, AutoColorReceiveTask
10:56:48.196, 1, UnLoadNewColorTrayTask
10:56:48.196, 300, AutoColorReceiveTask
10:56:48.199, 65, AutoColorTask
10:56:48.277, 2000, InArmPickFromLoadTask
10:56:48.308, 200, AutoColorReceiveTask
10:56:48.308, 60, AutoColorTask
10:56:48.310, 50, UnLoadNewColorTrayTask
10:56:48.312, 1000, iLifterTask[1][5]
10:56:48.312, 1100, iLifterTask[1][5]
10:56:48.546, 2100, InArmPickFromLoadTask
10:56:48.548, 1, InArmPickFromLoadTask
10:56:48.548, 400, InArmTask
10:56:48.553, 1, InArmPlaceToHotPlateTask
10:56:48.553, 1000, InArmTask
10:56:48.555, 100, InArmPlaceToHotPlateTask
10:56:48.555, 1100, InArmTask
10:56:48.953, 200, InArmPlaceToHotPlateTask
10:56:48.957, 350, InArmPlaceToHotPlateTask
10:56:49.061, 400, InArmPlaceToHotPlateTask
10:56:49.911, 500, InArmPlaceToHotPlateTask
10:56:49.913, 501, InArmPlaceToHotPlateTask
10:56:49.917, 50, InArmTask
10:56:49.918, 10, InArmPickFromLoadTask
10:56:49.920, 100, InArmTask
10:56:49.920, 12, InArmPickFromLoadTask
10:56:50.321, 200, InArmPickFromLoadTask
10:56:50.324, 1000, InArmPickFromLoadTask
10:56:50.356, 1, iLifterTask[1][5]
10:56:50.356, 100, UnLoadNewColorTrayTask
10:56:50.432, 2000, InArmPickFromLoadTask
10:56:50.458, 150, UnLoadNewColorTrayTask
10:56:50.701, 2100, InArmPickFromLoadTask
10:56:50.703, 1, InArmPickFromLoadTask
10:56:50.703, 400, InArmTask
10:56:50.705, 1, InArmPlaceToHotPlateTask
10:56:50.705, 1000, InArmTask
10:56:50.709, 100, InArmPlaceToHotPlateTask
10:56:50.709, 1100, InArmTask
10:56:50.972, 1000, iLifterTask[0][2]
10:56:50.972, 200, UnLoadNewColorTrayTask
10:56:50.974, 1100, iLifterTask[0][2]
10:56:51.075, 1, iLifterTask[0][2]
10:56:51.076, 300, UnLoadNewColorTrayTask
10:56:51.093, 200, InArmPlaceToHotPlateTask
10:56:51.095, 350, InArmPlaceToHotPlateTask
10:56:51.182, 400, UnLoadNewColorTrayTask
10:56:51.182, 500, UnLoadNewColorTrayTask
10:56:51.202, 400, InArmPlaceToHotPlateTask
10:56:51.704, 1, UnLoadNewColorTrayTask
10:56:51.704, 300, AutoColorReceiveTask
10:56:51.706, 1, AutoColorReceiveTask
10:56:51.708, 65, AutoColorTask
10:56:51.814, 200, AutoColorReceiveTask
10:56:51.814, 60, AutoColorTask
10:56:51.816, 50, UnLoadNewColorTrayTask
10:56:51.818, 1000, iLifterTask[1][5]
10:56:51.818, 1100, iLifterTask[1][5]
10:56:52.067, 500, InArmPlaceToHotPlateTask
10:56:52.068, 501, InArmPlaceToHotPlateTask
10:56:52.072, 10, InArmPickFromLoadTask
10:56:52.072, 50, InArmTask
10:56:52.074, 100, InArmTask
10:56:52.074, 12, InArmPickFromLoadTask
10:56:52.478, 200, InArmPickFromLoadTask
10:56:52.482, 1000, InArmPickFromLoadTask
10:56:52.588, 2000, InArmPickFromLoadTask
10:56:52.842, 2100, InArmPickFromLoadTask
10:56:52.844, 1, InArmPickFromLoadTask
10:56:52.844, 400, InArmTask
10:56:52.848, 1, InArmPlaceToHotPlateTask
10:56:52.848, 1000, InArmTask
10:56:52.851, 100, InArmPlaceToHotPlateTask
10:56:52.851, 1100, InArmTask
10:56:53.253, 200, InArmPlaceToHotPlateTask
10:56:53.258, 350, InArmPlaceToHotPlateTask
10:56:53.362, 400, InArmPlaceToHotPlateTask
10:56:53.861, 1, iLifterTask[1][5]
10:56:53.861, 100, UnLoadNewColorTrayTask
10:56:53.965, 150, UnLoadNewColorTrayTask
10:56:54.197, 500, InArmPlaceToHotPlateTask
10:56:54.199, 501, InArmPlaceToHotPlateTask
10:56:54.204, 10, InArmPickFromLoadTask
10:56:54.204, 50, InArmTask
10:56:54.207, 100, InArmTask
10:56:54.207, 12, InArmPickFromLoadTask
10:56:54.478, 1000, iLifterTask[0][2]
10:56:54.478, 200, UnLoadNewColorTrayTask
10:56:54.481, 1100, iLifterTask[0][2]
10:56:54.584, 1, iLifterTask[0][2]
10:56:54.584, 300, UnLoadNewColorTrayTask
10:56:54.611, 200, InArmPickFromLoadTask
10:56:54.615, 1000, InArmPickFromLoadTask
10:56:54.690, 400, UnLoadNewColorTrayTask
10:56:54.694, 500, UnLoadNewColorTrayTask
10:56:54.720, 2000, InArmPickFromLoadTask
10:56:54.974, 2100, InArmPickFromLoadTask
10:56:54.976, 1, InArmPickFromLoadTask
10:56:54.976, 400, InArmTask
10:56:54.981, 1, InArmPlaceToHotPlateTask
10:56:54.981, 1000, InArmTask
10:56:54.983, 100, InArmPlaceToHotPlateTask
10:56:54.983, 1100, InArmTask
10:56:55.214, 1, UnLoadNewColorTrayTask
10:56:55.214, 300, AutoColorReceiveTask
10:56:55.217, 1, AutoColorReceiveTask
10:56:55.219, 65, AutoColorTask
10:56:55.329, 200, AutoColorReceiveTask
10:56:55.329, 50, UnLoadNewColorTrayTask
10:56:55.329, 60, AutoColorTask
10:56:55.331, 1000, iLifterTask[1][5]
10:56:55.333, 1100, iLifterTask[1][5]
10:56:55.390, 200, InArmPlaceToHotPlateTask
10:56:55.392, 350, InArmPlaceToHotPlateTask
10:56:55.500, 400, InArmPlaceToHotPlateTask
10:56:56.345, 500, InArmPlaceToHotPlateTask
10:56:56.347, 501, InArmPlaceToHotPlateTask
10:56:56.350, 50, InArmTask
10:56:56.352, 10, InArmPickFromLoadTask
10:56:56.354, 100, InArmTask
10:56:56.354, 12, InArmPickFromLoadTask
10:56:56.751, 200, InArmPickFromLoadTask
10:56:56.753, 1000, InArmPickFromLoadTask
10:56:56.862, 2000, InArmPickFromLoadTask
10:56:57.123, 2100, InArmPickFromLoadTask
10:56:57.125, 1, InArmPickFromLoadTask
10:56:57.125, 400, InArmTask
10:56:57.128, 1, InArmPlaceToHotPlateTask
10:56:57.128, 1000, InArmTask
10:56:57.132, 100, InArmPlaceToHotPlateTask
10:56:57.132, 1100, InArmTask
10:56:57.375, 1, iLifterTask[1][5]
10:56:57.375, 100, UnLoadNewColorTrayTask
10:56:57.478, 150, UnLoadNewColorTrayTask
10:56:57.520, 200, InArmPlaceToHotPlateTask
10:56:57.522, 350, InArmPlaceToHotPlateTask
10:56:57.628, 400, InArmPlaceToHotPlateTask
10:56:57.992, 1000, iLifterTask[0][2]
10:56:57.992, 200, UnLoadNewColorTrayTask
10:56:57.994, 1100, iLifterTask[0][2]
10:56:58.096, 1, iLifterTask[0][2]
10:56:58.096, 300, UnLoadNewColorTrayTask
10:56:58.199, 400, UnLoadNewColorTrayTask
10:56:58.201, 500, UnLoadNewColorTrayTask
10:56:58.454, 500, InArmPlaceToHotPlateTask
10:56:58.458, 501, InArmPlaceToHotPlateTask
10:56:58.460, 50, InArmTask
10:56:58.462, 500, InArmTask
10:56:58.466, 1500, InArmTask
10:56:58.466, 1600, TestHeadMotorTask
10:56:58.466, 1720, TestHeadMotorTask
10:56:58.466, 2, IndexStatus
10:56:58.468, 100, InArmPickFromHotPlateTask
10:56:58.468, 1550, InArmTask
10:56:58.470, 110, InArmPickFromHotPlateTask
10:56:58.517, 150, InArmPickFromHotPlateTask
10:56:58.519, 190, InArmPickFromHotPlateTask
10:56:58.525, 200, InArmPickFromHotPlateTask
10:56:58.724, 1, AutoColorReceiveTask
10:56:58.724, 1, UnLoadNewColorTrayTask
10:56:58.724, 300, AutoColorReceiveTask
10:56:58.726, 65, AutoColorTask
10:56:58.836, 200, AutoColorReceiveTask
10:56:58.836, 50, UnLoadNewColorTrayTask
10:56:58.836, 60, AutoColorTask
10:56:58.838, 1000, iLifterTask[1][5]
10:56:58.840, 1100, iLifterTask[1][5]
10:56:58.858, 300, InArmPickFromHotPlateTask
10:56:58.967, 340, InArmPickFromHotPlateTask
10:56:59.487, 600, TestHeadMotorTask
10:56:59.489, 50, TestYTask
10:56:59.491, 100, TestYFrontTask
10:56:59.491, 100, TestYTask
10:56:59.491, 108, TestYFrontTask
10:56:59.491, 110, TestYFrontTask
10:56:59.614, 115, TestYFrontTask
10:56:59.614, 200, TestYFrontTask
10:56:59.617, 2091, TestYFrontTask
10:56:59.617, 2092, TestYFrontTask
10:56:59.617, 210, TestYFrontTask
10:56:59.620, 1, IndexStatus
10:56:59.620, 60, TestYTask
10:56:59.625, 70, TestYTask
10:56:59.628, 100, TestYRearTask
10:56:59.628, 108, TestYRearTask
10:56:59.628, 109, TestYRearTask
10:56:59.628, 110, TestYRearTask
10:56:59.628, 200, TestYTask
10:56:59.629, 115, TestYRearTask
10:56:59.630, 210, TestYTask
10:56:59.683, 200, TestYRearTask
10:56:59.686, 2, IndexStatus
10:56:59.686, 2091, TestYRearTask
10:56:59.686, 2092, TestYRearTask
10:56:59.686, 210, TestYRearTask
10:56:59.879, 350, InArmPickFromHotPlateTask
10:56:59.883, 1, InArmPickFromHotPlateTask
10:56:59.883, 2000, InArmTask
10:56:59.883, 209, TestYRearTask
10:56:59.883, 2091, TestYRearTask
10:56:59.883, 2092, TestYRearTask
10:56:59.883, 210, TestYRearTask
10:57:00.312, 1, InArmInArmCheckShtFloatTask;
10:57:00.881, 1, iLifterTask[1][5]
10:57:00.881, 100, UnLoadNewColorTrayTask
10:57:00.987, 150, UnLoadNewColorTrayTask
10:57:01.040, 1301, InArmInArmCheckShtFloatTask;
10:57:01.142, 9000, InArmInArmCheckShtFloatTask;
10:57:01.148, 1, InArmInArmCheckShtFloatTask;
10:57:01.148, 10, InArmPickFromLoadTask
10:57:01.148, 209, TestYRearTask
10:57:01.148, 2091, TestYRearTask
10:57:01.148, 2092, TestYRearTask
10:57:01.148, 210, TestYRearTask
10:57:01.148, 50, InArmTask
10:57:01.150, 100, InArmTask
10:57:01.150, 12, InArmPickFromLoadTask
10:57:01.497, 1000, iLifterTask[0][2]
10:57:01.497, 200, UnLoadNewColorTrayTask
10:57:01.499, 1100, iLifterTask[0][2]
10:57:01.574, 200, InArmPickFromLoadTask
10:57:01.576, 1000, InArmPickFromLoadTask
10:57:01.602, 1, iLifterTask[0][2]
10:57:01.602, 300, UnLoadNewColorTrayTask
10:57:01.687, 2000, InArmPickFromLoadTask
10:57:01.706, 400, UnLoadNewColorTrayTask
10:57:01.710, 500, UnLoadNewColorTrayTask
10:57:01.943, 2100, InArmPickFromLoadTask
10:57:01.947, 1, InArmPickFromLoadTask
10:57:01.947, 209, TestYRearTask
10:57:01.947, 2091, TestYRearTask
10:57:01.947, 2092, TestYRearTask
10:57:01.947, 210, TestYRearTask
10:57:01.947, 400, InArmTask
10:57:01.950, 1, InArmPlaceToHotPlateTask
10:57:01.950, 1000, InArmTask
10:57:01.952, 100, InArmPlaceToHotPlateTask
10:57:01.952, 1100, InArmTask
10:57:02.231, 1, AutoColorReceiveTask
10:57:02.231, 1, UnLoadNewColorTrayTask
10:57:02.231, 300, AutoColorReceiveTask
10:57:02.233, 65, AutoColorTask
10:57:02.343, 200, AutoColorReceiveTask
10:57:02.343, 60, AutoColorTask
10:57:02.345, 50, UnLoadNewColorTrayTask
10:57:02.347, 1000, iLifterTask[1][5]
10:57:02.347, 1100, iLifterTask[1][5]
10:57:02.396, 200, InArmPlaceToHotPlateTask
10:57:02.398, 350, InArmPlaceToHotPlateTask
10:57:02.506, 400, InArmPlaceToHotPlateTask
10:57:03.353, 500, InArmPlaceToHotPlateTask
10:57:03.355, 501, InArmPlaceToHotPlateTask
10:57:03.359, 209, TestYRearTask
10:57:03.359, 2091, TestYRearTask
10:57:03.359, 2092, TestYRearTask
10:57:03.359, 210, TestYRearTask
10:57:03.359, 50, InArmTask
10:57:03.361, 500, InArmTask
10:57:03.363, 1500, InArmTask
10:57:03.367, 100, InArmPickFromHotPlateTask
10:57:03.367, 1550, InArmTask
10:57:03.369, 110, InArmPickFromHotPlateTask
10:57:03.381, 150, InArmPickFromHotPlateTask
10:57:03.384, 190, InArmPickFromHotPlateTask
10:57:03.390, 200, InArmPickFromHotPlateTask
10:57:03.710, 300, InArmPickFromHotPlateTask
10:57:03.820, 340, InArmPickFromHotPlateTask
10:57:04.390, 1, iLifterTask[1][5]
10:57:04.390, 100, UnLoadNewColorTrayTask
10:57:04.494, 150, UnLoadNewColorTrayTask
10:57:04.620, 350, InArmPickFromHotPlateTask
10:57:04.624, 1, InArmPickFromHotPlateTask
10:57:04.624, 2000, InArmTask
10:57:04.624, 209, TestYRearTask
10:57:04.624, 2091, TestYRearTask
10:57:04.624, 2092, TestYRearTask
10:57:04.624, 210, TestYRearTask
10:57:05.006, 200, UnLoadNewColorTrayTask
10:57:05.008, 1000, iLifterTask[0][2]
10:57:05.008, 1100, iLifterTask[0][2]
10:57:05.113, 1, iLifterTask[0][2]
10:57:05.113, 300, UnLoadNewColorTrayTask
10:57:05.219, 400, UnLoadNewColorTrayTask
10:57:05.219, 500, UnLoadNewColorTrayTask
10:57:05.743, 1, UnLoadNewColorTrayTask
10:57:05.743, 300, AutoColorReceiveTask
10:57:05.744, 1, AutoColorReceiveTask
10:57:05.746, 65, AutoColorTask
10:57:05.836, 1301, InArmInArmCheckShtFloatTask;
10:57:05.853, 200, AutoColorReceiveTask
10:57:05.853, 50, UnLoadNewColorTrayTask
10:57:05.853, 60, AutoColorTask
10:57:05.855, 1000, iLifterTask[1][5]
10:57:05.857, 1100, iLifterTask[1][5]
10:57:05.938, 9000, InArmInArmCheckShtFloatTask;
10:57:05.941, 1, InArmInArmCheckShtFloatTask;
10:57:05.941, 209, TestYRearTask
10:57:05.941, 2091, TestYRearTask
10:57:05.941, 2092, TestYRearTask
10:57:05.941, 210, TestYRearTask
10:57:05.941, 50, InArmTask
10:57:05.943, 10, InArmPickFromLoadTask
10:57:05.945, 100, InArmTask
10:57:05.945, 12, InArmPickFromLoadTask
10:57:06.377, 200, InArmPickFromLoadTask
10:57:06.381, 1000, InArmPickFromLoadTask
10:57:06.488, 2000, InArmPickFromLoadTask
10:57:06.745, 2100, InArmPickFromLoadTask
10:57:06.750, 1, InArmPickFromLoadTask
10:57:06.750, 209, TestYRearTask
10:57:06.750, 2091, TestYRearTask
10:57:06.750, 2092, TestYRearTask
10:57:06.750, 210, TestYRearTask
10:57:06.750, 400, InArmTask
10:57:06.752, 1, InArmPlaceToHotPlateTask
10:57:06.752, 1000, InArmTask
10:57:06.754, 100, InArmPlaceToHotPlateTask
10:57:06.754, 1100, InArmTask
10:57:07.182, 200, InArmPlaceToHotPlateTask
10:57:07.184, 350, InArmPlaceToHotPlateTask
10:57:07.291, 400, InArmPlaceToHotPlateTask
10:57:07.901, 1, iLifterTask[1][5]
10:57:07.901, 100, UnLoadNewColorTrayTask
10:57:08.005, 150, UnLoadNewColorTrayTask
10:57:08.140, 500, InArmPlaceToHotPlateTask
10:57:08.145, 501, InArmPlaceToHotPlateTask
10:57:08.147, 209, TestYRearTask
10:57:08.147, 2091, TestYRearTask
10:57:08.147, 2092, TestYRearTask
10:57:08.147, 210, TestYRearTask
10:57:08.147, 50, InArmTask
10:57:08.149, 500, InArmTask
10:57:08.153, 1500, InArmTask
10:57:08.155, 100, InArmPickFromHotPlateTask
10:57:08.155, 1550, InArmTask
10:57:08.157, 110, InArmPickFromHotPlateTask
10:57:08.169, 150, InArmPickFromHotPlateTask
10:57:08.173, 190, InArmPickFromHotPlateTask
10:57:08.177, 200, InArmPickFromHotPlateTask
10:57:08.506, 300, InArmPickFromHotPlateTask
10:57:08.518, 1000, iLifterTask[0][2]
10:57:08.518, 200, UnLoadNewColorTrayTask
10:57:08.520, 1100, iLifterTask[0][2]
10:57:08.613, 340, InArmPickFromHotPlateTask
10:57:08.624, 1, iLifterTask[0][2]
10:57:08.624, 300, UnLoadNewColorTrayTask
10:57:08.726, 400, UnLoadNewColorTrayTask
10:57:08.731, 500, UnLoadNewColorTrayTask
10:57:09.253, 1, UnLoadNewColorTrayTask
10:57:09.253, 300, AutoColorReceiveTask
10:57:09.255, 1, AutoColorReceiveTask
10:57:09.258, 65, AutoColorTask
10:57:09.366, 200, AutoColorReceiveTask
10:57:09.366, 60, AutoColorTask
10:57:09.368, 50, UnLoadNewColorTrayTask
10:57:09.371, 1000, iLifterTask[1][5]
10:57:09.371, 1100, iLifterTask[1][5]
10:57:09.434, 350, InArmPickFromHotPlateTask
10:57:09.439, 1, InArmPickFromHotPlateTask
10:57:09.439, 2000, InArmTask
10:57:09.439, 209, TestYRearTask
10:57:09.439, 2091, TestYRearTask
10:57:09.439, 2092, TestYRearTask
10:57:09.439, 210, TestYRearTask
10:57:10.634, 1301, InArmInArmCheckShtFloatTask;
10:57:10.736, 9000, InArmInArmCheckShtFloatTask;
10:57:10.738, 1, InArmInArmCheckShtFloatTask;
10:57:10.738, 209, TestYRearTask
10:57:10.738, 2091, TestYRearTask
10:57:10.738, 2092, TestYRearTask
10:57:10.738, 210, TestYRearTask
10:57:10.738, 50, InArmTask
10:57:10.740, 10, InArmPickFromLoadTask
10:57:10.742, 100, InArmTask
10:57:10.742, 12, InArmPickFromLoadTask
10:57:11.180, 200, InArmPickFromLoadTask
10:57:11.184, 1000, InArmPickFromLoadTask
10:57:11.293, 2000, InArmPickFromLoadTask
10:57:11.413, 1, iLifterTask[1][5]
10:57:11.413, 100, UnLoadNewColorTrayTask
10:57:11.516, 150, UnLoadNewColorTrayTask
10:57:11.553, 2100, InArmPickFromLoadTask
10:57:11.557, 1, InArmPickFromLoadTask
10:57:11.557, 209, TestYRearTask
10:57:11.557, 2091, TestYRearTask
10:57:11.557, 2092, TestYRearTask
10:57:11.557, 210, TestYRearTask
10:57:11.557, 400, InArmTask
10:57:11.560, 1, InArmPlaceToHotPlateTask
10:57:11.560, 1000, InArmTask
10:57:11.561, 100, InArmPlaceToHotPlateTask
10:57:11.561, 1100, InArmTask
10:57:11.992, 200, InArmPlaceToHotPlateTask
10:57:11.994, 350, InArmPlaceToHotPlateTask
10:57:12.028, 200, UnLoadNewColorTrayTask
10:57:12.030, 1000, iLifterTask[0][2]
10:57:12.032, 1100, iLifterTask[0][2]
10:57:12.100, 400, InArmPlaceToHotPlateTask
10:57:12.132, 1, iLifterTask[0][2]
10:57:12.132, 300, UnLoadNewColorTrayTask
10:57:12.236, 400, UnLoadNewColorTrayTask
10:57:12.238, 500, UnLoadNewColorTrayTask
10:57:12.761, 1, AutoColorReceiveTask
10:57:12.761, 1, UnLoadNewColorTrayTask
10:57:12.761, 300, AutoColorReceiveTask
10:57:12.763, 65, AutoColorTask
10:57:12.871, 200, AutoColorReceiveTask
10:57:12.871, 60, AutoColorTask
10:57:12.873, 50, UnLoadNewColorTrayTask
10:57:12.876, 1000, iLifterTask[1][5]
10:57:12.876, 1100, iLifterTask[1][5]
10:57:12.954, 500, InArmPlaceToHotPlateTask
10:57:12.959, 501, InArmPlaceToHotPlateTask
10:57:12.962, 209, TestYRearTask
10:57:12.962, 2091, TestYRearTask
10:57:12.962, 2092, TestYRearTask
10:57:12.962, 210, TestYRearTask
10:57:12.962, 50, InArmTask
10:57:12.964, 500, InArmTask
10:57:12.968, 1500, InArmTask
10:57:12.970, 100, InArmPickFromHotPlateTask
10:57:12.970, 1550, InArmTask
10:57:12.973, 110, InArmPickFromHotPlateTask
10:57:12.985, 150, InArmPickFromHotPlateTask
10:57:12.988, 190, InArmPickFromHotPlateTask
10:57:12.992, 200, InArmPickFromHotPlateTask
10:57:13.314, 300, InArmPickFromHotPlateTask
10:57:13.422, 340, InArmPickFromHotPlateTask
10:57:14.222, 350, InArmPickFromHotPlateTask
10:57:14.226, 1, InArmPickFromHotPlateTask
10:57:14.226, 2000, InArmTask
10:57:14.226, 209, TestYRearTask
10:57:14.226, 2091, TestYRearTask
10:57:14.226, 2092, TestYRearTask
10:57:14.226, 210, TestYRearTask
10:57:14.921, 1, iLifterTask[1][5]
10:57:14.921, 100, UnLoadNewColorTrayTask
10:57:15.024, 150, UnLoadNewColorTrayTask
10:57:15.433, 1301, InArmInArmCheckShtFloatTask;
10:57:15.536, 200, UnLoadNewColorTrayTask
10:57:15.536, 9000, InArmInArmCheckShtFloatTask;
10:57:15.539, 1, InArmInArmCheckShtFloatTask;
10:57:15.539, 1000, iLifterTask[0][2]
10:57:15.539, 209, TestYRearTask
10:57:15.539, 2091, TestYRearTask
10:57:15.539, 2092, TestYRearTask
10:57:15.539, 210, TestYRearTask
10:57:15.539, 50, InArmTask
10:57:15.541, 10, InArmPickFromLoadTask
10:57:15.541, 100, InArmTask
10:57:15.541, 1100, iLifterTask[0][2]
10:57:15.541, 12, InArmPickFromLoadTask
10:57:15.634, 300, RearTestSuckICTask
10:57:15.635, 310, RearTestSuckICTask
10:57:15.643, 1, iLifterTask[0][2]
10:57:15.643, 300, UnLoadNewColorTrayTask
10:57:15.750, 400, UnLoadNewColorTrayTask
10:57:15.752, 500, UnLoadNewColorTrayTask
10:57:15.845, 500, RearTestSuckICTask
10:57:15.845, 501, RearTestSuckICTask
10:57:15.845, 60, TestYTask
10:57:15.847, 1, TestYFrontTask
10:57:15.847, 100, TestYFrontTask
10:57:15.847, 108, TestYFrontTask
10:57:15.847, 110, TestYFrontTask
10:57:15.847, 70, TestYTask
10:57:15.848, 115, TestYFrontTask
10:57:15.849, 200, TestYFrontTask
10:57:15.850, 2091, TestYFrontTask
10:57:15.850, 2092, TestYFrontTask
10:57:15.850, 210, TestYFrontTask
10:57:15.911, 110, TestYTask
10:57:15.911, 20, TestTask
10:57:15.911, 2400, RearTestSuckTestICTask
10:57:16.078, 200, InArmPickFromLoadTask
10:57:16.080, 1000, InArmPickFromLoadTask
10:57:16.185, 2000, InArmPickFromLoadTask
10:57:16.272, 1, UnLoadNewColorTrayTask
10:57:16.272, 300, AutoColorReceiveTask
10:57:16.275, 1, AutoColorReceiveTask
10:57:16.276, 65, AutoColorTask
10:57:16.384, 200, AutoColorReceiveTask
10:57:16.384, 60, AutoColorTask
10:57:16.386, 50, UnLoadNewColorTrayTask
10:57:16.389, 1000, iLifterTask[1][5]
10:57:16.389, 1100, iLifterTask[1][5]
10:57:16.467, 2100, InArmPickFromLoadTask
10:57:16.471, 1, InArmPickFromLoadTask
10:57:16.471, 209, TestYFrontTask
10:57:16.471, 2091, TestYFrontTask
10:57:16.471, 2092, TestYFrontTask
10:57:16.471, 210, TestYFrontTask
10:57:16.471, 400, InArmTask
10:57:16.473, 1, InArmPlaceToHotPlateTask
10:57:16.473, 1000, InArmTask
10:57:16.475, 100, InArmPlaceToHotPlateTask
10:57:16.475, 1100, InArmTask
10:57:16.921, 200, InArmPlaceToHotPlateTask
10:57:16.923, 350, InArmPlaceToHotPlateTask
10:57:17.027, 400, InArmPlaceToHotPlateTask
10:57:17.873, 500, InArmPlaceToHotPlateTask
10:57:17.877, 501, InArmPlaceToHotPlateTask
10:57:17.879, 209, TestYFrontTask
10:57:17.879, 2091, TestYFrontTask
10:57:17.879, 2092, TestYFrontTask
10:57:17.879, 210, TestYFrontTask
10:57:17.879, 50, InArmTask
10:57:17.882, 500, InArmTask
10:57:17.886, 1500, InArmTask
10:57:17.889, 100, InArmPickFromHotPlateTask
10:57:17.889, 1550, InArmTask
10:57:17.891, 110, InArmPickFromHotPlateTask
10:57:17.905, 150, InArmPickFromHotPlateTask
10:57:17.909, 190, InArmPickFromHotPlateTask
10:57:17.913, 200, InArmPickFromHotPlateTask
10:57:18.242, 300, InArmPickFromHotPlateTask
10:57:18.349, 340, InArmPickFromHotPlateTask
10:57:18.433, 1, iLifterTask[1][5]
10:57:18.433, 100, UnLoadNewColorTrayTask
10:57:18.540, 150, UnLoadNewColorTrayTask
10:57:19.049, 200, UnLoadNewColorTrayTask
10:57:19.052, 1000, iLifterTask[0][2]
10:57:19.054, 1100, iLifterTask[0][2]
10:57:19.153, 350, InArmPickFromHotPlateTask
10:57:19.156, 1, InArmPickFromHotPlateTask
10:57:19.156, 2000, InArmTask
10:57:19.156, 209, TestYFrontTask
10:57:19.156, 2091, TestYFrontTask
10:57:19.156, 2092, TestYFrontTask
10:57:19.156, 210, TestYFrontTask
10:57:19.158, 1, iLifterTask[0][2]
10:57:19.158, 300, UnLoadNewColorTrayTask
10:57:19.264, 400, UnLoadNewColorTrayTask
10:57:19.264, 500, UnLoadNewColorTrayTask
10:57:19.788, 1, AutoColorReceiveTask
10:57:19.788, 1, UnLoadNewColorTrayTask
10:57:19.788, 300, AutoColorReceiveTask
10:57:19.790, 65, AutoColorTask
10:57:19.900, 200, AutoColorReceiveTask
10:57:19.900, 50, UnLoadNewColorTrayTask
10:57:19.900, 60, AutoColorTask
10:57:19.903, 1000, iLifterTask[1][5]
10:57:19.905, 1100, iLifterTask[1][5]
10:57:20.372, 1301, InArmInArmCheckShtFloatTask;
10:57:20.478, 9000, InArmInArmCheckShtFloatTask;
10:57:20.481, 1, InArmInArmCheckShtFloatTask;
10:57:20.481, 10, InArmPickFromLoadTask
10:57:20.481, 209, TestYFrontTask
10:57:20.481, 2091, TestYFrontTask
10:57:20.481, 2092, TestYFrontTask
10:57:20.481, 210, TestYFrontTask
10:57:20.481, 50, InArmTask
10:57:20.483, 100, InArmTask
10:57:20.483, 12, InArmPickFromLoadTask
10:57:20.933, 200, InArmPickFromLoadTask
10:57:20.937, 1000, InArmPickFromLoadTask
10:57:21.015, 50, TestTask
10:57:21.043, 2000, InArmPickFromLoadTask
10:57:21.299, 2100, InArmPickFromLoadTask
10:57:21.301, 1, InArmPickFromLoadTask
10:57:21.301, 209, TestYFrontTask
10:57:21.301, 2091, TestYFrontTask
10:57:21.301, 2092, TestYFrontTask
10:57:21.301, 210, TestYFrontTask
10:57:21.301, 400, InArmTask
10:57:21.305, 1, InArmPlaceToHotPlateTask
10:57:21.305, 1000, InArmTask
10:57:21.307, 100, InArmPlaceToHotPlateTask
10:57:21.307, 1100, InArmTask
10:57:21.734, 200, InArmPlaceToHotPlateTask
10:57:21.736, 350, InArmPlaceToHotPlateTask
10:57:21.844, 400, InArmPlaceToHotPlateTask
10:57:21.946, 1, iLifterTask[1][5]
10:57:21.946, 100, UnLoadNewColorTrayTask
10:57:22.050, 150, UnLoadNewColorTrayTask
10:57:22.564, 1000, iLifterTask[0][2]
10:57:22.564, 200, UnLoadNewColorTrayTask
10:57:22.566, 1100, iLifterTask[0][2]
10:57:22.670, 1, iLifterTask[0][2]
10:57:22.670, 300, UnLoadNewColorTrayTask
10:57:22.708, 500, InArmPlaceToHotPlateTask
10:57:22.712, 501, InArmPlaceToHotPlateTask
10:57:22.714, 209, TestYFrontTask
10:57:22.714, 2091, TestYFrontTask
10:57:22.714, 2092, TestYFrontTask
10:57:22.714, 210, TestYFrontTask
10:57:22.714, 50, InArmTask
10:57:22.716, 500, InArmTask
10:57:22.720, 1500, InArmTask
10:57:22.722, 100, InArmPickFromHotPlateTask
10:57:22.722, 1550, InArmTask
10:57:22.725, 110, InArmPickFromHotPlateTask
10:57:22.738, 150, InArmPickFromHotPlateTask
10:57:22.742, 190, InArmPickFromHotPlateTask
10:57:22.746, 200, InArmPickFromHotPlateTask
10:57:22.772, 400, UnLoadNewColorTrayTask
10:57:22.776, 500, UnLoadNewColorTrayTask
10:57:23.074, 300, InArmPickFromHotPlateTask
10:57:23.183, 340, InArmPickFromHotPlateTask
10:57:23.297, 1, AutoColorReceiveTask
10:57:23.297, 1, UnLoadNewColorTrayTask
10:57:23.297, 300, AutoColorReceiveTask
10:57:23.299, 65, AutoColorTask
10:57:23.411, 200, AutoColorReceiveTask
10:57:23.411, 50, UnLoadNewColorTrayTask
10:57:23.411, 60, AutoColorTask
10:57:23.413, 1000, iLifterTask[1][5]
10:57:23.416, 1100, iLifterTask[1][5]
10:57:24.000, 350, InArmPickFromHotPlateTask
10:57:24.002, 1, InArmPickFromHotPlateTask
10:57:24.002, 2000, InArmTask
10:57:24.002, 209, TestYFrontTask
10:57:24.002, 2091, TestYFrontTask
10:57:24.002, 2092, TestYFrontTask
10:57:24.002, 210, TestYFrontTask
10:57:25.242, 1301, InArmInArmCheckShtFloatTask;
10:57:25.345, 9000, InArmInArmCheckShtFloatTask;
10:57:25.350, 1, InArmInArmCheckShtFloatTask;
10:57:25.350, 10, InArmPickFromLoadTask
10:57:25.350, 209, TestYFrontTask
10:57:25.350, 2091, TestYFrontTask
10:57:25.350, 2092, TestYFrontTask
10:57:25.350, 210, TestYFrontTask
10:57:25.350, 50, InArmTask
10:57:25.352, 100, InArmTask
10:57:25.352, 12, InArmPickFromLoadTask
10:57:25.458, 1, iLifterTask[1][5]
10:57:25.458, 100, UnLoadNewColorTrayTask
10:57:25.562, 150, UnLoadNewColorTrayTask
10:57:25.805, 200, InArmPickFromLoadTask
10:57:25.807, 1000, InArmPickFromLoadTask
10:57:25.913, 2000, InArmPickFromLoadTask
10:57:26.072, 200, UnLoadNewColorTrayTask
10:57:26.074, 1000, iLifterTask[0][2]
10:57:26.076, 1100, iLifterTask[0][2]
10:57:26.175, 2100, InArmPickFromLoadTask
10:57:26.179, 1, iLifterTask[0][2]
10:57:26.179, 1, InArmPickFromLoadTask
10:57:26.179, 209, TestYFrontTask
10:57:26.179, 2091, TestYFrontTask
10:57:26.179, 2092, TestYFrontTask
10:57:26.179, 210, TestYFrontTask
10:57:26.179, 300, UnLoadNewColorTrayTask
10:57:26.179, 400, InArmTask
10:57:26.181, 1, InArmPlaceToHotPlateTask
10:57:26.181, 1000, InArmTask
10:57:26.183, 100, InArmPlaceToHotPlateTask
10:57:26.183, 1100, InArmTask
10:57:26.284, 400, UnLoadNewColorTrayTask
10:57:26.286, 500, UnLoadNewColorTrayTask
10:57:26.623, 200, InArmPlaceToHotPlateTask
10:57:26.625, 350, InArmPlaceToHotPlateTask
10:57:26.733, 400, InArmPlaceToHotPlateTask
10:57:26.816, 1, AutoColorReceiveTask
10:57:26.816, 1, UnLoadNewColorTrayTask
10:57:26.816, 300, AutoColorReceiveTask
10:57:26.818, 65, AutoColorTask
10:57:26.931, 200, AutoColorReceiveTask
10:57:26.931, 50, UnLoadNewColorTrayTask
10:57:26.931, 60, AutoColorTask
10:57:26.933, 1000, iLifterTask[1][5]
10:57:26.935, 1100, iLifterTask[1][5]
10:57:27.601, 500, InArmPlaceToHotPlateTask
10:57:27.606, 501, InArmPlaceToHotPlateTask
10:57:27.608, 209, TestYFrontTask
10:57:27.608, 2091, TestYFrontTask
10:57:27.608, 2092, TestYFrontTask
10:57:27.608, 210, TestYFrontTask
10:57:27.608, 50, InArmTask
10:57:27.610, 500, InArmTask
10:57:27.614, 1500, InArmTask
10:57:27.616, 100, InArmPickFromHotPlateTask
10:57:27.616, 1550, InArmTask
10:57:27.619, 110, InArmPickFromHotPlateTask
10:57:27.630, 150, InArmPickFromHotPlateTask
10:57:27.634, 190, InArmPickFromHotPlateTask
10:57:27.638, 200, InArmPickFromHotPlateTask
10:57:27.960, 300, InArmPickFromHotPlateTask
10:57:28.068, 340, InArmPickFromHotPlateTask
10:57:28.870, 350, InArmPickFromHotPlateTask
10:57:28.872, 1, InArmPickFromHotPlateTask
10:57:28.872, 2000, InArmTask
10:57:28.872, 209, TestYFrontTask
10:57:28.872, 2091, TestYFrontTask
10:57:28.872, 2092, TestYFrontTask
10:57:28.872, 210, TestYFrontTask
10:57:28.979, 1, iLifterTask[1][5]
10:57:28.979, 100, UnLoadNewColorTrayTask
10:57:29.085, 150, UnLoadNewColorTrayTask
10:57:29.595, 200, UnLoadNewColorTrayTask
10:57:29.597, 1000, iLifterTask[0][2]
10:57:29.599, 1100, iLifterTask[0][2]
10:57:29.699, 1, iLifterTask[0][2]
10:57:29.699, 300, UnLoadNewColorTrayTask
10:57:29.802, 400, UnLoadNewColorTrayTask
10:57:29.807, 500, UnLoadNewColorTrayTask
10:57:30.067, 1301, InArmInArmCheckShtFloatTask;
10:57:30.171, 9000, InArmInArmCheckShtFloatTask;
10:57:30.175, 1, InArmInArmCheckShtFloatTask;
10:57:30.175, 10, InArmPickFromLoadTask
10:57:30.175, 209, TestYFrontTask
10:57:30.175, 2091, TestYFrontTask
10:57:30.175, 2092, TestYFrontTask
10:57:30.175, 210, TestYFrontTask
10:57:30.175, 50, InArmTask
10:57:30.177, 100, InArmTask
10:57:30.177, 12, InArmPickFromLoadTask
10:57:30.326, 1, UnLoadNewColorTrayTask
10:57:30.326, 300, AutoColorReceiveTask
10:57:30.329, 1, AutoColorReceiveTask
10:57:30.332, 65, AutoColorTask
10:57:30.440, 200, AutoColorReceiveTask
10:57:30.440, 60, AutoColorTask
10:57:30.442, 50, UnLoadNewColorTrayTask
10:57:30.444, 1000, iLifterTask[1][5]
10:57:30.444, 1100, iLifterTask[1][5]
10:57:30.627, 200, InArmPickFromLoadTask
10:57:30.629, 1000, InArmPickFromLoadTask
10:57:30.739, 2000, InArmPickFromLoadTask
10:57:30.995, 2100, InArmPickFromLoadTask
10:57:30.999, 1, InArmPickFromLoadTask
10:57:30.999, 209, TestYFrontTask
10:57:30.999, 2091, TestYFrontTask
10:57:30.999, 2092, TestYFrontTask
10:57:30.999, 210, TestYFrontTask
10:57:30.999, 400, InArmTask
10:57:31.001, 1, InArmPlaceToHotPlateTask
10:57:31.001, 1000, InArmTask
10:57:31.003, 100, InArmPlaceToHotPlateTask
10:57:31.003, 1100, InArmTask
10:57:31.424, 200, InArmPlaceToHotPlateTask
10:57:31.428, 350, InArmPlaceToHotPlateTask
10:57:31.533, 400, InArmPlaceToHotPlateTask
10:57:32.396, 500, InArmPlaceToHotPlateTask
10:57:32.398, 501, InArmPlaceToHotPlateTask
10:57:32.400, 209, TestYFrontTask
10:57:32.400, 2091, TestYFrontTask
10:57:32.400, 2092, TestYFrontTask
10:57:32.400, 210, TestYFrontTask
10:57:32.400, 50, InArmTask
10:57:32.405, 500, InArmTask
10:57:32.408, 1500, InArmTask
10:57:32.410, 100, InArmPickFromHotPlateTask
10:57:32.410, 1550, InArmTask
10:57:32.414, 110, InArmPickFromHotPlateTask
10:57:32.427, 150, InArmPickFromHotPlateTask
10:57:32.429, 190, InArmPickFromHotPlateTask
10:57:32.435, 200, InArmPickFromHotPlateTask
10:57:32.488, 1, iLifterTask[1][5]
10:57:32.488, 100, UnLoadNewColorTrayTask
10:57:32.591, 150, UnLoadNewColorTrayTask
10:57:32.752, 300, InArmPickFromHotPlateTask
10:57:32.862, 340, InArmPickFromHotPlateTask
10:57:33.105, 1000, iLifterTask[0][2]
10:57:33.105, 200, UnLoadNewColorTrayTask
10:57:33.107, 1100, iLifterTask[0][2]
10:57:33.207, 1, iLifterTask[0][2]
10:57:33.207, 300, UnLoadNewColorTrayTask
10:57:33.312, 400, UnLoadNewColorTrayTask
10:57:33.313, 500, UnLoadNewColorTrayTask
10:57:33.660, 350, InArmPickFromHotPlateTask
10:57:33.662, 1, InArmPickFromHotPlateTask
10:57:33.662, 2000, InArmTask
10:57:33.662, 209, TestYFrontTask
10:57:33.662, 2091, TestYFrontTask
10:57:33.662, 2092, TestYFrontTask
10:57:33.662, 210, TestYFrontTask
10:57:33.836, 1, UnLoadNewColorTrayTask
10:57:33.836, 300, AutoColorReceiveTask
10:57:33.838, 1, AutoColorReceiveTask
10:57:33.840, 65, AutoColorTask
10:57:33.946, 200, AutoColorReceiveTask
10:57:33.946, 60, AutoColorTask
10:57:33.948, 50, UnLoadNewColorTrayTask
10:57:33.950, 1000, iLifterTask[1][5]
10:57:33.950, 1100, iLifterTask[1][5]
10:57:34.869, 1301, InArmInArmCheckShtFloatTask;
10:57:34.972, 9000, InArmInArmCheckShtFloatTask;
10:57:34.974, 1, InArmInArmCheckShtFloatTask;
10:57:34.974, 209, TestYFrontTask
10:57:34.974, 2091, TestYFrontTask
10:57:34.974, 2092, TestYFrontTask
10:57:34.974, 210, TestYFrontTask
10:57:34.974, 50, InArmTask
10:57:34.976, 10, InArmPickFromLoadTask
10:57:34.979, 100, InArmTask
10:57:34.979, 12, InArmPickFromLoadTask
10:57:35.434, 200, InArmPickFromLoadTask
10:57:35.436, 1000, InArmPickFromLoadTask
10:57:35.545, 2000, InArmPickFromLoadTask
10:57:35.800, 2100, InArmPickFromLoadTask
10:57:35.802, 1, InArmPickFromLoadTask
10:57:35.802, 209, TestYFrontTask
10:57:35.802, 2091, TestYFrontTask
10:57:35.802, 2092, TestYFrontTask
10:57:35.802, 210, TestYFrontTask
10:57:35.802, 400, InArmTask
10:57:35.806, 1, InArmPlaceToHotPlateTask
10:57:35.806, 1000, InArmTask
10:57:35.809, 100, InArmPlaceToHotPlateTask
10:57:35.809, 1100, InArmTask
10:57:35.994, 1, iLifterTask[1][5]
10:57:35.994, 100, UnLoadNewColorTrayTask
10:57:36.096, 150, UnLoadNewColorTrayTask
10:57:36.237, 200, InArmPlaceToHotPlateTask
10:57:36.239, 350, InArmPlaceToHotPlateTask
10:57:36.346, 400, InArmPlaceToHotPlateTask
10:57:36.608, 200, UnLoadNewColorTrayTask
10:57:36.611, 1000, iLifterTask[0][2]
10:57:36.611, 1100, iLifterTask[0][2]
10:57:36.715, 1, iLifterTask[0][2]
10:57:36.715, 300, UnLoadNewColorTrayTask
10:57:36.820, 400, UnLoadNewColorTrayTask
10:57:36.822, 500, UnLoadNewColorTrayTask
10:57:37.196, 500, InArmPlaceToHotPlateTask
10:57:37.200, 501, InArmPlaceToHotPlateTask
10:57:37.203, 209, TestYFrontTask
10:57:37.203, 2091, TestYFrontTask
10:57:37.203, 2092, TestYFrontTask
10:57:37.203, 210, TestYFrontTask
10:57:37.203, 50, InArmTask
10:57:37.205, 1, InArmTask
10:57:37.210, 10, TrayArmCatchFromLoaderTask
10:57:37.240, 100, TrayArmCatchFromLoaderTask
10:57:37.242, 145, TrayArmCatchFromLoaderTask
10:57:37.343, 1, UnLoadNewColorTrayTask
10:57:37.343, 300, AutoColorReceiveTask
10:57:37.345, 1, AutoColorReceiveTask
10:57:37.345, 65, AutoColorTask
10:57:37.455, 200, AutoColorReceiveTask
10:57:37.455, 60, AutoColorTask
10:57:37.457, 50, UnLoadNewColorTrayTask
10:57:37.459, 1000, iLifterTask[1][5]
10:57:37.459, 1100, iLifterTask[1][5]
10:57:39.387, 150, TrayArmCatchFromLoaderTask
10:57:39.390, 156, TrayArmCatchFromLoaderTask
10:57:39.503, 1, iLifterTask[1][5]
10:57:39.503, 100, UnLoadNewColorTrayTask
10:57:39.607, 150, UnLoadNewColorTrayTask
10:57:40.120, 200, UnLoadNewColorTrayTask
10:57:40.121, 1000, iLifterTask[0][2]
10:57:40.124, 1100, iLifterTask[0][2]
10:57:40.224, 1, iLifterTask[0][2]
10:57:40.224, 300, UnLoadNewColorTrayTask
10:57:40.330, 400, UnLoadNewColorTrayTask
10:57:40.330, 500, UnLoadNewColorTrayTask
10:57:40.411, 160, TrayArmCatchFromLoaderTask
10:57:40.411, 165, TrayArmCatchFromLoaderTask
10:57:40.420, 300, TrayArmCatchFromLoaderTask
10:57:40.425, 100, SupplyNewIC_From_LoaderCar
10:57:40.425, 50, SupplyNewIC_From_LoaderCar
10:57:40.427, 105, SupplyNewIC_From_LoaderCar
10:57:40.529, 301, TrayArmCatchFromLoaderTask
10:57:40.849, 1, UnLoadNewColorTrayTask
10:57:40.849, 300, AutoColorReceiveTask
10:57:40.851, 1, AutoColorReceiveTask
10:57:40.853, 65, AutoColorTask
10:57:40.960, 200, AutoColorReceiveTask
10:57:40.960, 60, AutoColorTask
10:57:40.962, 50, UnLoadNewColorTrayTask
10:57:40.964, 1000, iLifterTask[1][5]
10:57:40.964, 1100, iLifterTask[1][5]
10:57:41.043, 310, TrayArmCatchFromLoaderTask
10:57:41.045, 500, TrayArmCatchFromLoaderTask
10:57:41.047, 550, TrayArmCatchFromLoaderTask
10:57:41.047, 570, TrayArmCatchFromLoaderTask
10:57:41.053, 150, SupplyNewIC_From_LoaderCar
10:57:41.054, 300, SupplyNewIC_From_LoaderCar
10:57:41.057, 350, SupplyNewIC_From_LoaderCar
10:57:41.084, 1, TrayArmCatchFromLoaderTask
10:57:41.089, 2250, TrayArmPlaceToBufferTask
10:57:41.093, 2251, TrayArmPlaceToBufferTask
10:57:41.095, 2270, TrayArmPlaceToBufferTask
10:57:41.167, 500, InArmTask
10:57:41.169, 1500, InArmTask
10:57:41.171, 100, InArmPickFromHotPlateTask
10:57:41.171, 1550, InArmTask
10:57:41.175, 110, InArmPickFromHotPlateTask
10:57:41.233, 150, InArmPickFromHotPlateTask
10:57:41.238, 190, InArmPickFromHotPlateTask
10:57:41.242, 200, InArmPickFromHotPlateTask
10:57:41.260, 1000, SupplyNewIC_From_LoaderCar
10:57:41.364, 1100, SupplyNewIC_From_LoaderCar
10:57:41.561, 300, InArmPickFromHotPlateTask
10:57:41.570, 1200, SupplyNewIC_From_LoaderCar
10:57:41.572, 1300, SupplyNewIC_From_LoaderCar
10:57:41.593, 1, LoadTask
10:57:41.593, 1, SupplyNewIC_From_LoaderCar
10:57:41.594, 300, LoadTask
10:57:41.596, 600, LoadTask
10:57:41.598, 800, LoadTask
10:57:41.606, 2300, TrayArmPlaceToBufferTask
10:57:41.669, 340, InArmPickFromHotPlateTask
10:57:42.463, 350, InArmPickFromHotPlateTask
10:57:42.468, 1, InArmPickFromHotPlateTask
10:57:42.468, 2000, InArmTask
10:57:42.468, 209, TestYFrontTask
10:57:42.468, 2091, TestYFrontTask
10:57:42.468, 2092, TestYFrontTask
10:57:42.468, 210, TestYFrontTask
10:57:43.009, 1, iLifterTask[1][5]
10:57:43.009, 100, UnLoadNewColorTrayTask
10:57:43.114, 150, UnLoadNewColorTrayTask
10:57:43.623, 200, UnLoadNewColorTrayTask
10:57:43.625, 1000, iLifterTask[0][2]
10:57:43.627, 1100, iLifterTask[0][2]
10:57:43.730, 1, iLifterTask[0][2]
10:57:43.730, 300, UnLoadNewColorTrayTask
10:57:43.748, 2350, TrayArmPlaceToBufferTask
10:57:43.832, 400, UnLoadNewColorTrayTask
10:57:43.834, 500, UnLoadNewColorTrayTask
10:57:44.358, 1, AutoColorReceiveTask
10:57:44.358, 1, UnLoadNewColorTrayTask
10:57:44.358, 300, AutoColorReceiveTask
10:57:44.360, 65, AutoColorTask
10:57:44.465, 200, AutoColorReceiveTask
10:57:44.465, 60, AutoColorTask
10:57:44.467, 50, UnLoadNewColorTrayTask
10:57:44.469, 1000, iLifterTask[1][5]
10:57:44.469, 1100, iLifterTask[1][5]
10:57:44.663, 900, LoadTask
10:57:44.665, 100, LoadNewICTrayTask
10:57:44.668, 50, TrayZLoadTrayToWaitTask
10:57:45.896, 2351, TrayArmPlaceToBufferTask
10:57:45.898, 2352, TrayArmPlaceToBufferTask
10:57:45.900, 2600, TrayArmPlaceToBufferTask
10:57:45.912, 3000, TrayArmPlaceToBufferTask
10:57:45.914, 1, TrayArmPlaceToBufferTask
10:57:45.914, 100, AutoEmptyReceiveTask
10:57:45.916, 100, EmptyTrayToFrontTask
10:57:46.514, 1, iLifterTask[1][5]
10:57:46.514, 100, UnLoadNewColorTrayTask
10:57:46.618, 150, UnLoadNewColorTrayTask
10:57:46.951, 200, EmptyTrayToFrontTask
10:57:47.132, 1000, iLifterTask[0][2]
10:57:47.132, 200, UnLoadNewColorTrayTask
10:57:47.134, 1100, iLifterTask[0][2]
10:57:47.157, 300, EmptyTrayToFrontTask
10:57:47.169, 1, EmptyTrayToFrontTask
10:57:47.169, 200, AutoEmptyReceiveTask
10:57:47.171, 50, UnLoadNewEmptyTrayTask
10:57:47.173, 1000, iLifterTask[1][4]
10:57:47.173, 1100, iLifterTask[1][4]
10:57:47.237, 1, iLifterTask[0][2]
10:57:47.237, 300, UnLoadNewColorTrayTask
10:57:47.341, 400, UnLoadNewColorTrayTask
10:57:47.343, 500, UnLoadNewColorTrayTask
10:57:47.865, 1, UnLoadNewColorTrayTask
10:57:47.865, 300, AutoColorReceiveTask
10:57:47.867, 1, AutoColorReceiveTask
10:57:47.869, 65, AutoColorTask
10:57:47.976, 200, AutoColorReceiveTask
10:57:47.976, 60, AutoColorTask
10:57:47.977, 50, UnLoadNewColorTrayTask
10:57:47.980, 1000, iLifterTask[1][5]
10:57:47.980, 1100, iLifterTask[1][5]
10:57:49.218, 1, iLifterTask[1][4]
10:57:49.218, 100, UnLoadNewEmptyTrayTask
10:57:49.322, 150, UnLoadNewEmptyTrayTask
10:57:49.834, 200, UnLoadNewEmptyTrayTask
10:57:49.837, 1000, iLifterTask[0][1]
10:57:49.839, 1100, iLifterTask[0][1]
10:57:49.942, 1, iLifterTask[0][1]
10:57:49.942, 300, UnLoadNewEmptyTrayTask
10:57:50.023, 1, iLifterTask[1][5]
10:57:50.023, 100, UnLoadNewColorTrayTask
10:57:50.047, 400, UnLoadNewEmptyTrayTask
10:57:50.049, 500, UnLoadNewEmptyTrayTask
10:57:50.129, 150, UnLoadNewColorTrayTask
10:57:50.561, 1, UnLoadNewEmptyTrayTask
10:57:50.561, 300, AutoEmptyReceiveTask
10:57:50.563, 1, AutoEmptyReceiveTask
10:57:50.628, 200, UnLoadNewColorTrayTask
10:57:50.630, 1000, iLifterTask[0][2]
10:57:50.632, 1100, iLifterTask[0][2]
10:57:50.733, 1, iLifterTask[0][2]
10:57:50.733, 300, UnLoadNewColorTrayTask
10:57:50.838, 400, UnLoadNewColorTrayTask
10:57:50.840, 500, UnLoadNewColorTrayTask
10:57:51.350, 1, UnLoadNewColorTrayTask
10:57:51.350, 300, AutoColorReceiveTask
10:57:51.352, 1, AutoColorReceiveTask
10:57:51.354, 65, AutoColorTask
10:57:51.410, 2000, InArmPlaceToShuttleTask
10:57:51.412, 2050, InArmPlaceToShuttleTask
10:57:51.416, 2000, InArmPlaceToShuttleTask
10:57:51.418, 2050, InArmPlaceToShuttleTask
10:57:51.420, 2000, InArmPlaceToShuttleTask
10:57:51.425, 2050, InArmPlaceToShuttleTask
10:57:51.428, 2000, InArmPlaceToShuttleTask
10:57:51.430, 2050, InArmPlaceToShuttleTask
10:57:51.434, 2000, InArmPlaceToShuttleTask
10:57:51.436, 2050, InArmPlaceToShuttleTask
10:57:51.438, 2000, InArmPlaceToShuttleTask
10:57:51.442, 2050, InArmPlaceToShuttleTask
10:57:51.445, 2000, InArmPlaceToShuttleTask
10:57:51.448, 2050, InArmPlaceToShuttleTask
10:57:51.452, 2000, InArmPlaceToShuttleTask
10:57:51.454, 2050, InArmPlaceToShuttleTask
10:57:51.469, 200, AutoColorReceiveTask
10:57:51.469, 2000, InArmPlaceToShuttleTask
10:57:51.469, 50, UnLoadNewColorTrayTask
10:57:51.469, 60, AutoColorTask
10:57:51.471, 1000, iLifterTask[1][5]
10:57:51.473, 1100, iLifterTask[1][5]
10:57:51.473, 2050, InArmPlaceToShuttleTask
10:57:51.475, 2000, InArmPlaceToShuttleTask
10:57:51.477, 2050, InArmPlaceToShuttleTask
10:57:51.481, 2000, InArmPlaceToShuttleTask
10:57:51.483, 2050, InArmPlaceToShuttleTask
10:57:51.485, 2000, InArmPlaceToShuttleTask
10:57:51.489, 2050, InArmPlaceToShuttleTask
10:57:51.491, 2000, InArmPlaceToShuttleTask
10:57:51.494, 2050, InArmPlaceToShuttleTask
10:57:51.498, 2000, InArmPlaceToShuttleTask
10:57:51.500, 2050, InArmPlaceToShuttleTask
10:57:51.502, 2000, InArmPlaceToShuttleTask
10:57:51.506, 2050, InArmPlaceToShuttleTask
10:57:51.508, 2000, InArmPlaceToShuttleTask
10:57:51.510, 2050, InArmPlaceToShuttleTask
10:57:51.514, 2000, InArmPlaceToShuttleTask
10:57:51.517, 2050, InArmPlaceToShuttleTask
10:57:51.518, 2000, InArmPlaceToShuttleTask
10:57:51.523, 2050, InArmPlaceToShuttleTask
10:57:51.525, 2000, InArmPlaceToShuttleTask
10:57:51.528, 2050, InArmPlaceToShuttleTask
10:57:51.532, 2000, InArmPlaceToShuttleTask
10:57:51.534, 2050, InArmPlaceToShuttleTask
10:57:51.536, 2000, InArmPlaceToShuttleTask
10:57:51.540, 2050, InArmPlaceToShuttleTask
10:57:51.542, 2000, InArmPlaceToShuttleTask
10:57:51.544, 2050, InArmPlaceToShuttleTask
10:57:51.548, 2000, InArmPlaceToShuttleTask
10:57:51.550, 2050, InArmPlaceToShuttleTask
10:57:51.553, 2000, InArmPlaceToShuttleTask
10:57:51.557, 2050, InArmPlaceToShuttleTask
10:57:51.559, 2000, InArmPlaceToShuttleTask
10:57:51.561, 2050, InArmPlaceToShuttleTask
10:57:51.565, 2000, InArmPlaceToShuttleTask
10:57:51.567, 2050, InArmPlaceToShuttleTask
10:57:51.569, 2000, InArmPlaceToShuttleTask
10:57:51.573, 2050, InArmPlaceToShuttleTask
10:57:51.575, 2000, InArmPlaceToShuttleTask
10:57:51.577, 2050, InArmPlaceToShuttleTask
10:57:51.577, 50, OutArmTask
10:57:51.579, 200, OutArmTask
10:57:51.581, 2000, InArmPlaceToShuttleTask
10:57:51.581, 300, OutArmTask
10:57:51.584, 2050, InArmPlaceToShuttleTask
10:57:51.586, 2000, InArmPlaceToShuttleTask
10:57:51.586, 50, OutArmTask
10:57:51.588, 200, OutArmTask
10:57:51.590, 2050, InArmPlaceToShuttleTask
10:57:51.590, 300, OutArmTask
10:57:51.592, 2000, InArmPlaceToShuttleTask
10:57:51.594, 50, OutArmTask
10:57:51.595, 2050, InArmPlaceToShuttleTask
10:57:51.597, 200, OutArmTask
10:57:51.600, 2000, InArmPlaceToShuttleTask
10:57:51.600, 300, OutArmTask
10:57:51.603, 2050, InArmPlaceToShuttleTask
10:57:51.605, 50, OutArmTask
10:57:51.606, 2000, InArmPlaceToShuttleTask
10:57:51.608, 200, OutArmTask
10:57:51.610, 2050, InArmPlaceToShuttleTask
10:57:51.610, 300, OutArmTask
10:57:51.612, 2000, InArmPlaceToShuttleTask
10:57:51.614, 50, OutArmTask
10:57:51.615, 2050, InArmPlaceToShuttleTask
10:57:51.617, 200, OutArmTask
10:57:51.625, 2000, InArmPlaceToShuttleTask
10:57:51.625, 300, OutArmTask
10:57:51.625, 60, TestTask
10:57:51.625, 65, TestTask
10:57:51.627, 2050, InArmPlaceToShuttleTask
10:57:51.629, 2000, InArmPlaceToShuttleTask
10:57:51.629, 50, OutArmTask
10:57:51.630, 200, OutArmTask
10:57:51.632, 2050, InArmPlaceToShuttleTask
10:57:51.632, 300, OutArmTask
10:57:51.635, 2000, InArmPlaceToShuttleTask
10:57:51.701, 2050, InArmPlaceToShuttleTask
10:57:51.701, 50, OutArmTask
10:57:51.701, 60, TestYTask
10:57:51.701, 70, TestYTask
10:57:51.703, 1, TestYRearTask
10:57:51.703, 100, TestYRearTask
10:57:51.703, 108, TestYRearTask
10:57:51.703, 109, TestYRearTask
10:57:51.703, 110, TestYRearTask
10:57:51.703, 200, OutArmTask
10:57:51.703, 200, TestYTask
10:57:51.704, 115, TestYRearTask
10:57:51.706, 1, RearTestSuckICTask
10:57:51.706, 2000, InArmPlaceToShuttleTask
10:57:51.706, 210, TestYTask
10:57:51.706, 300, OutArmTask
10:57:51.708, 2050, InArmPlaceToShuttleTask
10:57:51.710, 2000, InArmPlaceToShuttleTask
10:57:51.710, 50, OutArmTask
10:57:51.712, 200, OutArmTask
10:57:51.714, 2050, InArmPlaceToShuttleTask
10:57:51.714, 300, OutArmTask
10:57:51.716, 2000, InArmPlaceToShuttleTask
10:57:51.718, 2050, InArmPlaceToShuttleTask
10:57:51.718, 50, OutArmTask
10:57:51.720, 200, OutArmTask
10:57:51.722, 2000, InArmPlaceToShuttleTask
10:57:51.722, 300, OutArmTask
10:57:51.724, 2050, InArmPlaceToShuttleTask
10:57:51.726, 2000, InArmPlaceToShuttleTask
10:57:51.726, 50, OutArmTask
10:57:51.728, 200, OutArmTask
10:57:51.730, 2050, InArmPlaceToShuttleTask
10:57:51.730, 300, OutArmTask
10:57:51.732, 2000, InArmPlaceToShuttleTask
10:57:51.734, 2050, InArmPlaceToShuttleTask
10:57:51.734, 50, OutArmTask
10:57:51.736, 200, OutArmTask
10:57:51.739, 2000, InArmPlaceToShuttleTask
10:57:51.739, 300, OutArmTask
10:57:51.741, 2050, InArmPlaceToShuttleTask
10:57:51.743, 2000, InArmPlaceToShuttleTask
10:57:51.743, 50, OutArmTask
10:57:51.745, 200, OutArmTask
10:57:51.747, 2050, InArmPlaceToShuttleTask
10:57:51.747, 300, OutArmTask
10:57:51.749, 2000, InArmPlaceToShuttleTask
10:57:51.751, 2050, InArmPlaceToShuttleTask
10:57:51.751, 50, OutArmTask
10:57:51.753, 200, OutArmTask
10:57:51.753, 200, TestYRearTask
10:57:51.755, 2091, TestYRearTask
10:57:51.755, 2092, TestYRearTask
10:57:51.755, 210, TestYRearTask
10:57:51.758, 2, IndexStatus
10:57:51.758, 2000, InArmPlaceToShuttleTask
10:57:51.758, 300, OutArmTask
10:57:51.760, 2050, InArmPlaceToShuttleTask
10:57:51.763, 2000, InArmPlaceToShuttleTask
10:57:51.763, 50, OutArmTask
10:57:51.765, 200, OutArmTask
10:57:51.767, 2050, InArmPlaceToShuttleTask
10:57:51.767, 300, OutArmTask
10:57:51.769, 2000, InArmPlaceToShuttleTask
10:57:51.770, 2050, InArmPlaceToShuttleTask
10:57:51.770, 50, OutArmTask
10:57:51.772, 200, OutArmTask
10:57:51.774, 2000, InArmPlaceToShuttleTask
10:57:51.774, 300, OutArmTask
10:57:51.776, 2050, InArmPlaceToShuttleTask
10:57:51.778, 2000, InArmPlaceToShuttleTask
10:57:51.778, 50, OutArmTask
10:57:51.780, 200, OutArmTask
10:57:51.782, 2050, InArmPlaceToShuttleTask
10:57:51.782, 300, OutArmTask
10:57:51.785, 2000, InArmPlaceToShuttleTask
10:57:51.787, 2050, InArmPlaceToShuttleTask
10:57:51.787, 50, OutArmTask
10:57:51.789, 200, OutArmTask
10:57:51.792, 2000, InArmPlaceToShuttleTask
10:57:51.792, 300, OutArmTask
10:57:51.794, 2050, InArmPlaceToShuttleTask
10:57:51.796, 2000, InArmPlaceToShuttleTask
10:57:51.796, 50, OutArmTask
10:57:51.799, 200, OutArmTask
10:57:51.801, 2050, InArmPlaceToShuttleTask
10:57:51.803, 300, OutArmTask
10:57:51.804, 2000, InArmPlaceToShuttleTask
10:57:51.806, 2050, InArmPlaceToShuttleTask
10:57:51.806, 50, OutArmTask
10:57:51.808, 200, OutArmTask
10:57:51.810, 2000, InArmPlaceToShuttleTask
10:57:51.810, 300, OutArmTask
10:57:51.812, 2050, InArmPlaceToShuttleTask
10:57:51.814, 2000, InArmPlaceToShuttleTask
10:57:51.814, 50, OutArmTask
10:57:51.816, 200, OutArmTask
10:57:51.819, 2050, InArmPlaceToShuttleTask
10:57:51.819, 300, OutArmTask
10:57:51.821, 2000, InArmPlaceToShuttleTask
10:57:51.824, 2050, InArmPlaceToShuttleTask
10:57:51.824, 50, OutArmTask
10:57:51.826, 200, OutArmTask
10:57:51.828, 2000, InArmPlaceToShuttleTask
10:57:51.828, 300, OutArmTask
10:57:51.830, 2050, InArmPlaceToShuttleTask
10:57:51.832, 2000, InArmPlaceToShuttleTask
10:57:51.832, 50, OutArmTask
10:57:51.834, 200, OutArmTask
10:57:51.836, 2050, InArmPlaceToShuttleTask
10:57:51.836, 300, OutArmTask
10:57:51.838, 2000, InArmPlaceToShuttleTask
10:57:51.840, 2050, InArmPlaceToShuttleTask
10:57:51.840, 50, OutArmTask
10:57:51.842, 200, OutArmTask
10:57:51.844, 2000, InArmPlaceToShuttleTask
10:57:51.844, 300, OutArmTask
10:57:51.846, 2050, InArmPlaceToShuttleTask
10:57:51.848, 2000, InArmPlaceToShuttleTask
10:57:51.848, 50, OutArmTask
10:57:51.850, 200, OutArmTask
10:57:51.852, 2050, InArmPlaceToShuttleTask
10:57:51.852, 300, OutArmTask
10:57:51.854, 2000, InArmPlaceToShuttleTask
10:57:51.856, 2050, InArmPlaceToShuttleTask
10:57:51.856, 50, OutArmTask
10:57:51.858, 200, OutArmTask
10:57:51.860, 2000, InArmPlaceToShuttleTask
10:57:51.860, 300, OutArmTask
10:57:51.862, 2050, InArmPlaceToShuttleTask
10:57:51.864, 2000, InArmPlaceToShuttleTask
10:57:51.864, 50, OutArmTask
10:57:51.866, 200, OutArmTask
10:57:51.868, 2050, InArmPlaceToShuttleTask
10:57:51.868, 300, OutArmTask
10:57:51.870, 2000, InArmPlaceToShuttleTask
10:57:51.872, 2050, InArmPlaceToShuttleTask
10:57:51.872, 50, OutArmTask
10:57:51.874, 200, OutArmTask
10:57:51.876, 2000, InArmPlaceToShuttleTask
10:57:51.876, 300, OutArmTask
10:57:51.878, 2050, InArmPlaceToShuttleTask
10:57:51.880, 2000, InArmPlaceToShuttleTask
10:57:51.880, 50, OutArmTask
10:57:51.882, 200, OutArmTask
10:57:51.884, 2050, InArmPlaceToShuttleTask
10:57:51.884, 300, OutArmTask
10:57:51.886, 2000, InArmPlaceToShuttleTask
10:57:51.888, 2050, InArmPlaceToShuttleTask
10:57:51.888, 50, OutArmTask
10:57:51.890, 200, OutArmTask
10:57:51.892, 2000, InArmPlaceToShuttleTask
10:57:51.892, 300, OutArmTask
10:57:51.895, 2050, InArmPlaceToShuttleTask
10:57:51.897, 2000, InArmPlaceToShuttleTask
10:57:51.897, 50, OutArmTask
10:57:51.899, 200, OutArmTask
10:57:51.901, 2050, InArmPlaceToShuttleTask
10:57:51.902, 300, OutArmTask
10:57:51.904, 2000, InArmPlaceToShuttleTask
10:57:51.906, 2050, InArmPlaceToShuttleTask
10:57:51.906, 50, OutArmTask
10:57:51.908, 200, OutArmTask
10:57:51.910, 2000, InArmPlaceToShuttleTask
10:57:51.910, 300, OutArmTask
10:57:51.912, 2050, InArmPlaceToShuttleTask
10:57:51.913, 2000, InArmPlaceToShuttleTask
10:57:51.913, 50, OutArmTask
10:57:51.915, 200, OutArmTask
10:57:51.917, 2050, InArmPlaceToShuttleTask
10:57:51.917, 300, OutArmTask
10:57:51.919, 2000, InArmPlaceToShuttleTask
10:57:51.921, 2050, InArmPlaceToShuttleTask
10:57:51.921, 50, OutArmTask
10:57:51.923, 200, OutArmTask
10:57:51.926, 2000, InArmPlaceToShuttleTask
10:57:51.926, 300, OutArmTask
10:57:51.928, 2050, InArmPlaceToShuttleTask
10:57:51.930, 2000, InArmPlaceToShuttleTask
10:57:51.930, 50, OutArmTask
10:57:51.932, 200, OutArmTask
10:57:51.934, 2050, InArmPlaceToShuttleTask
10:57:51.934, 300, OutArmTask
10:57:51.936, 2000, InArmPlaceToShuttleTask
10:57:51.938, 2050, InArmPlaceToShuttleTask
10:57:51.938, 50, OutArmTask
10:57:51.940, 200, OutArmTask
10:57:51.942, 2000, InArmPlaceToShuttleTask
10:57:51.942, 300, OutArmTask
10:57:51.944, 2050, InArmPlaceToShuttleTask
10:57:51.946, 2000, InArmPlaceToShuttleTask
10:57:51.946, 50, OutArmTask
10:57:51.948, 200, OutArmTask
10:57:51.950, 2050, InArmPlaceToShuttleTask
10:57:51.950, 300, OutArmTask
10:57:51.952, 2000, InArmPlaceToShuttleTask
10:57:51.954, 2050, InArmPlaceToShuttleTask
10:57:51.954, 50, OutArmTask
10:57:51.957, 200, OutArmTask
10:57:51.959, 2000, InArmPlaceToShuttleTask
10:57:51.959, 300, OutArmTask
10:57:51.961, 2050, InArmPlaceToShuttleTask
10:57:51.963, 2000, InArmPlaceToShuttleTask
10:57:51.963, 50, OutArmTask
10:57:51.965, 200, OutArmTask
10:57:51.967, 2050, InArmPlaceToShuttleTask
10:57:51.967, 300, OutArmTask
10:57:51.969, 2000, InArmPlaceToShuttleTask
10:57:51.971, 2050, InArmPlaceToShuttleTask
10:57:51.971, 50, OutArmTask
10:57:51.973, 200, OutArmTask
10:57:51.975, 2000, InArmPlaceToShuttleTask
10:57:51.975, 300, OutArmTask
10:57:51.977, 2050, InArmPlaceToShuttleTask
10:57:51.979, 2000, InArmPlaceToShuttleTask
10:57:51.979, 50, OutArmTask
10:57:51.981, 200, OutArmTask
10:57:51.983, 2050, InArmPlaceToShuttleTask
10:57:51.983, 300, OutArmTask
10:57:51.985, 2000, InArmPlaceToShuttleTask
10:57:51.987, 2050, InArmPlaceToShuttleTask
10:57:51.987, 50, OutArmTask
10:57:51.988, 200, OutArmTask
10:57:51.991, 2000, InArmPlaceToShuttleTask
10:57:51.991, 300, OutArmTask
10:57:51.993, 2050, InArmPlaceToShuttleTask
10:57:51.995, 2000, InArmPlaceToShuttleTask
10:57:51.995, 50, OutArmTask
10:57:51.997, 200, OutArmTask
10:57:51.999, 2050, InArmPlaceToShuttleTask
10:57:51.999, 300, OutArmTask
10:57:52.001, 2000, InArmPlaceToShuttleTask
10:57:52.003, 2050, InArmPlaceToShuttleTask
10:57:52.003, 50, OutArmTask
10:57:52.005, 200, OutArmTask
10:57:52.007, 2000, InArmPlaceToShuttleTask
10:57:52.007, 300, OutArmTask
10:57:52.009, 2050, InArmPlaceToShuttleTask
10:57:52.011, 2000, InArmPlaceToShuttleTask
10:57:52.011, 50, OutArmTask
10:57:52.013, 200, OutArmTask
10:57:52.015, 2050, InArmPlaceToShuttleTask
10:57:52.015, 300, OutArmTask
10:57:52.017, 2000, InArmPlaceToShuttleTask
10:57:52.019, 2050, InArmPlaceToShuttleTask
10:57:52.019, 50, OutArmTask
10:57:52.020, 200, OutArmTask
10:57:52.022, 2000, InArmPlaceToShuttleTask
10:57:52.022, 300, OutArmTask
10:57:52.024, 2050, InArmPlaceToShuttleTask
10:57:52.026, 2000, InArmPlaceToShuttleTask
10:57:52.026, 50, OutArmTask
10:57:52.028, 200, OutArmTask
10:57:52.030, 2050, InArmPlaceToShuttleTask
10:57:52.030, 300, OutArmTask
10:57:52.032, 2000, InArmPlaceToShuttleTask
10:57:52.035, 2050, InArmPlaceToShuttleTask
10:57:52.035, 50, OutArmTask
10:57:52.037, 200, OutArmTask
10:57:52.039, 2000, InArmPlaceToShuttleTask
10:57:52.039, 300, OutArmTask
10:57:52.041, 2050, InArmPlaceToShuttleTask
10:57:52.043, 2000, InArmPlaceToShuttleTask
10:57:52.043, 50, OutArmTask
10:57:52.045, 200, OutArmTask
10:57:52.047, 2050, InArmPlaceToShuttleTask
10:57:52.047, 300, OutArmTask
10:57:52.049, 2000, InArmPlaceToShuttleTask
10:57:52.050, 2050, InArmPlaceToShuttleTask
10:57:52.050, 50, OutArmTask
10:57:52.053, 200, OutArmTask
10:57:52.055, 2000, InArmPlaceToShuttleTask
10:57:52.055, 300, OutArmTask
10:57:52.057, 2050, InArmPlaceToShuttleTask
10:57:52.059, 2000, InArmPlaceToShuttleTask
10:57:52.059, 50, OutArmTask
10:57:52.061, 200, OutArmTask
10:57:52.063, 2050, InArmPlaceToShuttleTask
10:57:52.063, 300, OutArmTask
10:57:52.065, 2000, InArmPlaceToShuttleTask
10:57:52.066, 2050, InArmPlaceToShuttleTask
10:57:52.066, 50, OutArmTask
10:57:52.068, 200, OutArmTask
10:57:52.070, 2000, InArmPlaceToShuttleTask
10:57:52.070, 300, OutArmTask
10:57:52.072, 2050, InArmPlaceToShuttleTask
10:57:52.074, 2000, InArmPlaceToShuttleTask
10:57:52.074, 50, OutArmTask
10:57:52.076, 200, OutArmTask
10:57:52.078, 2050, InArmPlaceToShuttleTask
10:57:52.078, 300, OutArmTask
10:57:52.080, 2000, InArmPlaceToShuttleTask
10:57:52.081, 2050, InArmPlaceToShuttleTask
10:57:52.081, 50, OutArmTask
10:57:52.083, 200, OutArmTask
10:57:52.085, 2000, InArmPlaceToShuttleTask
10:57:52.085, 300, OutArmTask
10:57:52.087, 2050, InArmPlaceToShuttleTask
10:57:52.089, 2000, InArmPlaceToShuttleTask
10:57:52.089, 50, OutArmTask
10:57:52.091, 200, OutArmTask
10:57:52.093, 2050, InArmPlaceToShuttleTask
10:57:52.093, 300, OutArmTask
10:57:52.095, 2000, InArmPlaceToShuttleTask
10:57:52.097, 50, OutArmTask
10:57:52.098, 2050, InArmPlaceToShuttleTask
10:57:52.100, 200, OutArmTask
10:57:52.102, 2000, InArmPlaceToShuttleTask
10:57:52.102, 300, OutArmTask
10:57:52.104, 2050, InArmPlaceToShuttleTask
10:57:52.106, 2000, InArmPlaceToShuttleTask
10:57:52.106, 50, OutArmTask
10:57:52.108, 200, OutArmTask
10:57:52.110, 2050, InArmPlaceToShuttleTask
10:57:52.110, 300, OutArmTask
10:57:52.112, 2000, InArmPlaceToShuttleTask
10:57:52.114, 2050, InArmPlaceToShuttleTask
10:57:52.114, 50, OutArmTask
10:57:52.116, 200, OutArmTask
10:57:52.118, 2000, InArmPlaceToShuttleTask
10:57:52.118, 300, OutArmTask
10:57:52.120, 2050, InArmPlaceToShuttleTask
10:57:52.122, 2000, InArmPlaceToShuttleTask
10:57:52.122, 50, OutArmTask
10:57:52.124, 200, OutArmTask
10:57:52.126, 2050, InArmPlaceToShuttleTask
10:57:52.126, 300, OutArmTask
10:57:52.128, 2000, InArmPlaceToShuttleTask
10:57:52.130, 2050, InArmPlaceToShuttleTask
10:57:52.130, 50, OutArmTask
10:57:52.132, 200, OutArmTask
10:57:52.135, 2000, InArmPlaceToShuttleTask
10:57:52.135, 300, OutArmTask
10:57:52.138, 2050, InArmPlaceToShuttleTask
10:57:52.140, 2000, InArmPlaceToShuttleTask
10:57:52.140, 50, OutArmTask
10:57:52.142, 200, OutArmTask
10:57:52.144, 2050, InArmPlaceToShuttleTask
10:57:52.146, 300, OutArmTask
10:57:52.148, 2000, InArmPlaceToShuttleTask
10:57:52.150, 2050, InArmPlaceToShuttleTask
10:57:52.150, 50, OutArmTask
10:57:52.152, 200, OutArmTask
10:57:52.154, 2000, InArmPlaceToShuttleTask
10:57:52.154, 300, OutArmTask
10:57:52.156, 2050, InArmPlaceToShuttleTask
10:57:52.158, 2000, InArmPlaceToShuttleTask
10:57:52.158, 50, OutArmTask
10:57:52.160, 200, OutArmTask
10:57:52.162, 2050, InArmPlaceToShuttleTask
10:57:52.162, 300, OutArmTask
10:57:52.164, 2000, InArmPlaceToShuttleTask
10:57:52.167, 2050, InArmPlaceToShuttleTask
10:57:52.167, 50, OutArmTask
10:57:52.168, 200, OutArmTask
10:57:52.170, 2000, InArmPlaceToShuttleTask
10:57:52.170, 300, OutArmTask
10:57:52.172, 2050, InArmPlaceToShuttleTask
10:57:52.175, 2000, InArmPlaceToShuttleTask
10:57:52.175, 50, OutArmTask
10:57:52.176, 200, OutArmTask
10:57:52.178, 2050, InArmPlaceToShuttleTask
10:57:52.178, 300, OutArmTask
10:57:52.180, 2000, InArmPlaceToShuttleTask
10:57:52.182, 2050, InArmPlaceToShuttleTask
10:57:52.182, 50, OutArmTask
10:57:52.184, 200, OutArmTask
10:57:52.186, 2000, InArmPlaceToShuttleTask
10:57:52.186, 300, OutArmTask
10:57:52.188, 2050, InArmPlaceToShuttleTask
10:57:52.189, 50, OutArmTask
10:57:52.190, 2000, InArmPlaceToShuttleTask
10:57:52.192, 200, OutArmTask
10:57:52.193, 2050, InArmPlaceToShuttleTask
10:57:52.193, 300, OutArmTask
10:57:52.195, 2000, InArmPlaceToShuttleTask
10:57:52.197, 2050, InArmPlaceToShuttleTask
10:57:52.197, 50, OutArmTask
10:57:52.199, 200, OutArmTask
10:57:52.202, 2000, InArmPlaceToShuttleTask
10:57:52.202, 300, OutArmTask
10:57:52.203, 2050, InArmPlaceToShuttleTask
10:57:52.206, 2000, InArmPlaceToShuttleTask
10:57:52.206, 50, OutArmTask
10:57:52.208, 200, OutArmTask
10:57:52.210, 2050, InArmPlaceToShuttleTask
10:57:52.210, 300, OutArmTask
10:57:52.212, 2000, InArmPlaceToShuttleTask
10:57:52.214, 2050, InArmPlaceToShuttleTask
10:57:52.214, 50, OutArmTask
10:57:52.216, 200, OutArmTask
10:57:52.218, 2000, InArmPlaceToShuttleTask
10:57:52.218, 300, OutArmTask
10:57:52.220, 2050, InArmPlaceToShuttleTask
10:57:52.222, 2000, InArmPlaceToShuttleTask
10:57:52.222, 50, OutArmTask
10:57:52.224, 200, OutArmTask
10:57:52.226, 2050, InArmPlaceToShuttleTask
10:57:52.226, 300, OutArmTask
10:57:52.228, 2000, InArmPlaceToShuttleTask
10:57:52.230, 2050, InArmPlaceToShuttleTask
10:57:52.230, 50, OutArmTask
10:57:52.232, 200, OutArmTask
10:57:52.234, 2000, InArmPlaceToShuttleTask
10:57:52.234, 300, OutArmTask
10:57:52.236, 2050, InArmPlaceToShuttleTask
10:57:52.238, 2000, InArmPlaceToShuttleTask
10:57:52.238, 50, OutArmTask
10:57:52.240, 200, OutArmTask
10:57:52.242, 2050, InArmPlaceToShuttleTask
10:57:52.242, 300, OutArmTask
10:57:52.244, 2000, InArmPlaceToShuttleTask
10:57:52.246, 2050, InArmPlaceToShuttleTask
10:57:52.246, 50, OutArmTask
10:57:52.248, 200, OutArmTask
10:57:52.250, 2000, InArmPlaceToShuttleTask
10:57:52.250, 300, OutArmTask
10:57:52.253, 2050, InArmPlaceToShuttleTask
10:57:52.257, 2000, InArmPlaceToShuttleTask
10:57:52.257, 50, OutArmTask
10:57:52.259, 200, OutArmTask
10:57:52.261, 2050, InArmPlaceToShuttleTask
10:57:52.261, 300, OutArmTask
10:57:52.263, 2000, InArmPlaceToShuttleTask
10:57:52.265, 2050, InArmPlaceToShuttleTask
10:57:52.265, 50, OutArmTask
10:57:52.267, 200, OutArmTask
10:57:52.269, 2000, InArmPlaceToShuttleTask
10:57:52.270, 300, OutArmTask
10:57:52.272, 2050, InArmPlaceToShuttleTask
10:57:52.274, 2000, InArmPlaceToShuttleTask
10:57:52.274, 50, OutArmTask
10:57:52.276, 200, OutArmTask
10:57:52.278, 2050, InArmPlaceToShuttleTask
10:57:52.278, 300, OutArmTask
10:57:52.280, 2000, InArmPlaceToShuttleTask
10:57:52.282, 2050, InArmPlaceToShuttleTask
10:57:52.282, 50, OutArmTask
10:57:52.284, 200, OutArmTask
10:57:52.286, 2000, InArmPlaceToShuttleTask
10:57:52.286, 300, OutArmTask
10:57:52.288, 2050, InArmPlaceToShuttleTask
10:57:52.290, 2000, InArmPlaceToShuttleTask
10:57:52.290, 50, OutArmTask
10:57:52.292, 200, OutArmTask
10:57:52.294, 2050, InArmPlaceToShuttleTask
10:57:52.294, 300, OutArmTask
10:57:52.296, 2000, InArmPlaceToShuttleTask
10:57:52.298, 2050, InArmPlaceToShuttleTask
10:57:52.298, 50, OutArmTask
10:57:52.300, 200, OutArmTask
10:57:52.303, 2000, InArmPlaceToShuttleTask
10:57:52.303, 300, OutArmTask
10:57:52.305, 2050, InArmPlaceToShuttleTask
10:57:52.307, 2000, InArmPlaceToShuttleTask
10:57:52.307, 50, OutArmTask
10:57:52.309, 200, OutArmTask
10:57:52.311, 2050, InArmPlaceToShuttleTask
10:57:52.311, 300, OutArmTask
10:57:52.313, 2000, InArmPlaceToShuttleTask
10:57:52.315, 2050, InArmPlaceToShuttleTask
10:57:52.315, 50, OutArmTask
10:57:52.317, 200, OutArmTask
10:57:52.320, 2000, InArmPlaceToShuttleTask
10:57:52.320, 300, OutArmTask
10:57:52.322, 2050, InArmPlaceToShuttleTask
10:57:52.324, 2000, InArmPlaceToShuttleTask
10:57:52.324, 50, OutArmTask
10:57:52.326, 200, OutArmTask
10:57:52.328, 2050, InArmPlaceToShuttleTask
10:57:52.328, 300, OutArmTask
10:57:52.330, 2000, InArmPlaceToShuttleTask
10:57:52.332, 2050, InArmPlaceToShuttleTask
10:57:52.332, 50, OutArmTask
10:57:52.334, 200, OutArmTask
10:57:52.336, 2000, InArmPlaceToShuttleTask
10:57:52.336, 300, OutArmTask
10:57:52.338, 2050, InArmPlaceToShuttleTask
10:57:52.340, 2000, InArmPlaceToShuttleTask
10:57:52.340, 50, OutArmTask
10:57:52.342, 200, OutArmTask
10:57:52.344, 2050, InArmPlaceToShuttleTask
10:57:52.344, 300, OutArmTask
10:57:52.346, 2000, InArmPlaceToShuttleTask
10:57:52.348, 2050, InArmPlaceToShuttleTask
10:57:52.348, 50, OutArmTask
10:57:52.350, 200, OutArmTask
10:57:52.352, 2000, InArmPlaceToShuttleTask
10:57:52.352, 300, OutArmTask
10:57:52.354, 2050, InArmPlaceToShuttleTask
10:57:52.356, 2000, InArmPlaceToShuttleTask
10:57:52.356, 50, OutArmTask
10:57:52.358, 200, OutArmTask
10:57:52.360, 2050, InArmPlaceToShuttleTask
10:57:52.360, 300, OutArmTask
10:57:52.362, 2000, InArmPlaceToShuttleTask
10:57:52.364, 2050, InArmPlaceToShuttleTask
10:57:52.364, 50, OutArmTask
10:57:52.366, 200, OutArmTask
10:57:52.368, 2000, InArmPlaceToShuttleTask
10:57:52.368, 300, OutArmTask
10:57:52.370, 2050, InArmPlaceToShuttleTask
10:57:52.372, 2000, InArmPlaceToShuttleTask
10:57:52.372, 50, OutArmTask
10:57:52.374, 200, OutArmTask
10:57:52.376, 2050, InArmPlaceToShuttleTask
10:57:52.376, 300, OutArmTask
10:57:52.378, 2000, InArmPlaceToShuttleTask
10:57:52.380, 2050, InArmPlaceToShuttleTask
10:57:52.380, 50, OutArmTask
10:57:52.382, 200, OutArmTask
10:57:52.384, 2000, InArmPlaceToShuttleTask
10:57:52.384, 300, OutArmTask
10:57:52.386, 2050, InArmPlaceToShuttleTask
10:57:52.388, 2000, InArmPlaceToShuttleTask
10:57:52.388, 50, OutArmTask
10:57:52.390, 200, OutArmTask
10:57:52.392, 2050, InArmPlaceToShuttleTask
10:57:52.392, 300, OutArmTask
10:57:52.395, 2000, InArmPlaceToShuttleTask
10:57:52.397, 2050, InArmPlaceToShuttleTask
10:57:52.397, 50, OutArmTask
10:57:52.399, 200, OutArmTask
10:57:52.401, 2000, InArmPlaceToShuttleTask
10:57:52.401, 300, OutArmTask
10:57:52.404, 2050, InArmPlaceToShuttleTask
10:57:52.406, 2000, InArmPlaceToShuttleTask
10:57:52.406, 50, OutArmTask
10:57:52.408, 200, OutArmTask
10:57:52.410, 2050, InArmPlaceToShuttleTask
10:57:52.410, 300, OutArmTask
10:57:52.412, 2000, InArmPlaceToShuttleTask
10:57:52.414, 2050, InArmPlaceToShuttleTask
10:57:52.414, 50, OutArmTask
10:57:52.416, 200, OutArmTask
10:57:52.418, 2000, InArmPlaceToShuttleTask
10:57:52.418, 300, OutArmTask
10:57:52.420, 2050, InArmPlaceToShuttleTask
10:57:52.422, 2000, InArmPlaceToShuttleTask
10:57:52.422, 50, OutArmTask
10:57:52.424, 200, OutArmTask
10:57:52.427, 2050, InArmPlaceToShuttleTask
10:57:52.427, 300, OutArmTask
10:57:52.429, 2000, InArmPlaceToShuttleTask
10:57:52.431, 2050, InArmPlaceToShuttleTask
10:57:52.431, 50, OutArmTask
10:57:52.433, 200, OutArmTask
10:57:52.435, 2000, InArmPlaceToShuttleTask
10:57:52.435, 300, OutArmTask
10:57:52.437, 2050, InArmPlaceToShuttleTask
10:57:52.439, 2000, InArmPlaceToShuttleTask
10:57:52.439, 50, OutArmTask
10:57:52.441, 200, OutArmTask
10:57:52.443, 2050, InArmPlaceToShuttleTask
10:57:52.443, 300, OutArmTask
10:57:52.445, 2000, InArmPlaceToShuttleTask
10:57:52.447, 2050, InArmPlaceToShuttleTask
10:57:52.447, 50, OutArmTask
10:57:52.449, 200, OutArmTask
10:57:52.451, 2000, InArmPlaceToShuttleTask
10:57:52.451, 300, OutArmTask
10:57:52.453, 2050, InArmPlaceToShuttleTask
10:57:52.455, 50, OutArmTask
10:57:52.456, 2000, InArmPlaceToShuttleTask
10:57:52.458, 200, OutArmTask
10:57:52.460, 2050, InArmPlaceToShuttleTask
10:57:52.460, 300, OutArmTask
10:57:52.462, 2000, InArmPlaceToShuttleTask
10:57:52.464, 2050, InArmPlaceToShuttleTask
10:57:52.464, 50, OutArmTask
10:57:52.467, 200, OutArmTask
10:57:52.469, 2000, InArmPlaceToShuttleTask
10:57:52.469, 300, OutArmTask
10:57:52.471, 2050, InArmPlaceToShuttleTask
10:57:52.473, 2000, InArmPlaceToShuttleTask
10:57:52.473, 50, OutArmTask
10:57:52.475, 200, OutArmTask
10:57:52.477, 2050, InArmPlaceToShuttleTask
10:57:52.477, 300, OutArmTask
10:57:52.479, 2000, InArmPlaceToShuttleTask
10:57:52.481, 2050, InArmPlaceToShuttleTask
10:57:52.481, 50, OutArmTask
10:57:52.483, 200, OutArmTask
10:57:52.485, 2000, InArmPlaceToShuttleTask
10:57:52.485, 300, OutArmTask
10:57:52.487, 2050, InArmPlaceToShuttleTask
10:57:52.489, 2000, InArmPlaceToShuttleTask
10:57:52.489, 50, OutArmTask
10:57:52.491, 200, OutArmTask
10:57:52.493, 2050, InArmPlaceToShuttleTask
10:57:52.493, 300, OutArmTask
10:57:52.495, 2000, InArmPlaceToShuttleTask
10:57:52.497, 2050, InArmPlaceToShuttleTask
10:57:52.497, 50, OutArmTask
10:57:52.499, 200, OutArmTask
10:57:52.502, 2000, InArmPlaceToShuttleTask
10:57:52.502, 300, OutArmTask
10:57:52.503, 2050, InArmPlaceToShuttleTask
10:57:52.505, 2000, InArmPlaceToShuttleTask
10:57:52.505, 50, OutArmTask
10:57:52.507, 200, OutArmTask
10:57:52.509, 2050, InArmPlaceToShuttleTask
10:57:52.509, 300, OutArmTask
10:57:52.511, 2000, InArmPlaceToShuttleTask
10:57:52.513, 2050, InArmPlaceToShuttleTask
10:57:52.513, 50, OutArmTask
10:57:52.515, 200, OutArmTask
10:57:52.518, 2000, InArmPlaceToShuttleTask
10:57:52.518, 300, OutArmTask
10:57:52.520, 2050, InArmPlaceToShuttleTask
10:57:52.522, 2000, InArmPlaceToShuttleTask
10:57:52.522, 50, OutArmTask
10:57:52.524, 200, OutArmTask
10:57:52.526, 2050, InArmPlaceToShuttleTask
10:57:52.526, 300, OutArmTask
10:57:52.528, 2000, InArmPlaceToShuttleTask
10:57:52.530, 2050, InArmPlaceToShuttleTask
10:57:52.530, 50, OutArmTask
10:57:52.532, 200, OutArmTask
10:57:52.534, 2000, InArmPlaceToShuttleTask
10:57:52.534, 300, OutArmTask
10:57:52.536, 2050, InArmPlaceToShuttleTask
10:57:52.538, 2000, InArmPlaceToShuttleTask
10:57:52.538, 50, OutArmTask
10:57:52.540, 200, OutArmTask
10:57:52.542, 2050, InArmPlaceToShuttleTask
10:57:52.542, 300, OutArmTask
10:57:52.544, 2000, InArmPlaceToShuttleTask
10:57:52.546, 2050, InArmPlaceToShuttleTask
10:57:52.546, 50, OutArmTask
10:57:52.548, 200, OutArmTask
10:57:52.550, 2000, InArmPlaceToShuttleTask
10:57:52.550, 300, OutArmTask
10:57:52.552, 2050, InArmPlaceToShuttleTask
10:57:52.554, 2000, InArmPlaceToShuttleTask
10:57:52.554, 50, OutArmTask
10:57:52.556, 200, OutArmTask
10:57:52.559, 2050, InArmPlaceToShuttleTask
10:57:52.559, 300, OutArmTask
10:57:52.561, 2000, InArmPlaceToShuttleTask
10:57:52.563, 2050, InArmPlaceToShuttleTask
10:57:52.563, 50, OutArmTask
10:57:52.565, 200, OutArmTask
10:57:52.567, 2000, InArmPlaceToShuttleTask
10:57:52.567, 300, OutArmTask
10:57:52.569, 2050, InArmPlaceToShuttleTask
10:57:52.571, 2000, InArmPlaceToShuttleTask
10:57:52.571, 50, OutArmTask
10:57:52.573, 200, OutArmTask
10:57:52.575, 2050, InArmPlaceToShuttleTask
10:57:52.575, 300, OutArmTask
10:57:52.577, 2000, InArmPlaceToShuttleTask
10:57:52.579, 50, OutArmTask
10:57:52.580, 2050, InArmPlaceToShuttleTask
10:57:52.582, 200, OutArmTask
10:57:52.584, 2000, InArmPlaceToShuttleTask
10:57:52.584, 300, OutArmTask
10:57:52.586, 2050, InArmPlaceToShuttleTask
10:57:52.588, 2000, InArmPlaceToShuttleTask
10:57:52.588, 50, OutArmTask
10:57:52.590, 200, OutArmTask
10:57:52.592, 2050, InArmPlaceToShuttleTask
10:57:52.592, 300, OutArmTask
10:57:52.594, 2000, InArmPlaceToShuttleTask
10:57:52.596, 2050, InArmPlaceToShuttleTask
10:57:52.596, 50, OutArmTask
10:57:52.598, 200, OutArmTask
10:57:52.600, 2000, InArmPlaceToShuttleTask
10:57:52.600, 300, OutArmTask
10:57:52.603, 2050, InArmPlaceToShuttleTask
10:57:52.605, 2000, InArmPlaceToShuttleTask
10:57:52.605, 50, OutArmTask
10:57:52.607, 200, OutArmTask
10:57:52.609, 2050, InArmPlaceToShuttleTask
10:57:52.609, 300, OutArmTask
10:57:52.611, 2000, InArmPlaceToShuttleTask
10:57:52.613, 2050, InArmPlaceToShuttleTask
10:57:52.613, 50, OutArmTask
10:57:52.615, 200, OutArmTask
10:57:52.617, 2000, InArmPlaceToShuttleTask
10:57:52.617, 300, OutArmTask
10:57:52.619, 2050, InArmPlaceToShuttleTask
10:57:52.622, 2000, InArmPlaceToShuttleTask
10:57:52.622, 50, OutArmTask
10:57:52.624, 200, OutArmTask
10:57:52.626, 2050, InArmPlaceToShuttleTask
10:57:52.626, 300, OutArmTask
10:57:52.628, 2000, InArmPlaceToShuttleTask
10:57:52.630, 2050, InArmPlaceToShuttleTask
10:57:52.630, 50, OutArmTask
10:57:52.632, 200, OutArmTask
10:57:52.633, 2000, InArmPlaceToShuttleTask
10:57:52.633, 300, OutArmTask
10:57:52.635, 2050, InArmPlaceToShuttleTask
10:57:52.638, 2000, InArmPlaceToShuttleTask
10:57:52.638, 50, OutArmTask
10:57:52.640, 200, OutArmTask
10:57:52.642, 2050, InArmPlaceToShuttleTask
10:57:52.642, 300, OutArmTask
10:57:52.643, 2000, InArmPlaceToShuttleTask
10:57:52.645, 2050, InArmPlaceToShuttleTask
10:57:52.645, 50, OutArmTask
10:57:52.647, 200, OutArmTask
10:57:52.649, 2000, InArmPlaceToShuttleTask
10:57:52.649, 300, OutArmTask
10:57:52.651, 2050, InArmPlaceToShuttleTask
10:57:52.653, 2000, InArmPlaceToShuttleTask
10:57:52.653, 50, OutArmTask
10:57:52.655, 200, OutArmTask
10:57:52.657, 2050, InArmPlaceToShuttleTask
10:57:52.657, 300, OutArmTask
10:57:52.659, 2000, InArmPlaceToShuttleTask
10:57:52.661, 2050, InArmPlaceToShuttleTask
10:57:52.661, 50, OutArmTask
10:57:52.663, 200, OutArmTask
10:57:52.666, 2000, InArmPlaceToShuttleTask
10:57:52.666, 300, OutArmTask
10:57:52.669, 2050, InArmPlaceToShuttleTask
10:57:52.671, 2000, InArmPlaceToShuttleTask
10:57:52.671, 50, OutArmTask
10:57:52.673, 200, OutArmTask
10:57:52.675, 2050, InArmPlaceToShuttleTask
10:57:52.675, 300, OutArmTask
10:57:52.678, 2000, InArmPlaceToShuttleTask
10:57:52.680, 2050, InArmPlaceToShuttleTask
10:57:52.680, 50, OutArmTask
10:57:52.682, 200, OutArmTask
10:57:52.684, 2000, InArmPlaceToShuttleTask
10:57:52.684, 300, OutArmTask
10:57:52.686, 2050, InArmPlaceToShuttleTask
10:57:52.688, 2000, InArmPlaceToShuttleTask
10:57:52.688, 50, OutArmTask
10:57:52.691, 200, OutArmTask
10:57:52.693, 2050, InArmPlaceToShuttleTask
10:57:52.693, 300, OutArmTask
10:57:52.695, 2000, InArmPlaceToShuttleTask
10:57:52.697, 2050, InArmPlaceToShuttleTask
10:57:52.697, 50, OutArmTask
10:57:52.699, 200, OutArmTask
10:57:52.701, 2000, InArmPlaceToShuttleTask
10:57:52.701, 300, OutArmTask
10:57:52.703, 2050, InArmPlaceToShuttleTask
10:57:52.705, 2000, InArmPlaceToShuttleTask
10:57:52.705, 50, OutArmTask
10:57:52.708, 200, OutArmTask
10:57:52.710, 2050, InArmPlaceToShuttleTask
10:57:52.710, 300, OutArmTask
10:57:52.712, 2000, InArmPlaceToShuttleTask
10:57:52.714, 2050, InArmPlaceToShuttleTask
10:57:52.714, 50, OutArmTask
10:57:52.716, 200, OutArmTask
10:57:52.718, 2000, InArmPlaceToShuttleTask
10:57:52.718, 300, OutArmTask
10:57:52.720, 2050, InArmPlaceToShuttleTask
10:57:52.722, 2000, InArmPlaceToShuttleTask
10:57:52.722, 50, OutArmTask
10:57:52.724, 200, OutArmTask
10:57:52.726, 2050, InArmPlaceToShuttleTask
10:57:52.726, 300, OutArmTask
10:57:52.728, 2000, InArmPlaceToShuttleTask
10:57:52.730, 2050, InArmPlaceToShuttleTask
10:57:52.730, 50, OutArmTask
10:57:52.732, 200, OutArmTask
10:57:52.734, 2000, InArmPlaceToShuttleTask
10:57:52.734, 300, OutArmTask
10:57:52.736, 2050, InArmPlaceToShuttleTask
10:57:52.737, 2000, InArmPlaceToShuttleTask
10:57:52.737, 50, OutArmTask
10:57:52.739, 200, OutArmTask
10:57:52.741, 2050, InArmPlaceToShuttleTask
10:57:52.741, 300, OutArmTask
10:57:52.743, 2000, InArmPlaceToShuttleTask
10:57:52.745, 2050, InArmPlaceToShuttleTask
10:57:52.745, 50, OutArmTask
10:57:52.747, 200, OutArmTask
10:57:52.749, 2000, InArmPlaceToShuttleTask
10:57:52.749, 300, OutArmTask
10:57:52.752, 2050, InArmPlaceToShuttleTask
10:57:52.754, 2000, InArmPlaceToShuttleTask
10:57:52.754, 50, OutArmTask
10:57:52.756, 200, OutArmTask
10:57:52.758, 2050, InArmPlaceToShuttleTask
10:57:52.758, 300, OutArmTask
10:57:52.760, 2000, InArmPlaceToShuttleTask
10:57:52.763, 2050, InArmPlaceToShuttleTask
10:57:52.763, 50, OutArmTask
10:57:52.765, 200, OutArmTask
10:57:52.767, 2000, InArmPlaceToShuttleTask
10:57:52.767, 300, OutArmTask
10:57:52.770, 2050, InArmPlaceToShuttleTask
10:57:52.772, 2000, InArmPlaceToShuttleTask
10:57:52.772, 50, OutArmTask
10:57:52.776, 200, OutArmTask
10:57:52.779, 300, OutArmTask
10:57:52.785, 50, OutArmTask
10:57:52.788, 200, OutArmTask
10:57:52.791, 300, OutArmTask
10:57:52.796, 50, OutArmTask
10:57:52.799, 200, OutArmTask
10:57:52.803, 300, OutArmTask
10:57:52.809, 50, OutArmTask
10:57:52.812, 200, OutArmTask
10:57:52.815, 300, OutArmTask
10:57:52.820, 50, OutArmTask
10:57:52.824, 200, OutArmTask
10:57:52.829, 300, OutArmTask
10:57:52.836, 50, OutArmTask
10:57:52.838, 2000, OutArmTask
10:57:52.838, 300, RearTestSuckICTask
10:57:52.840, 2040, OutArmTask
10:57:52.840, 310, RearTestSuckICTask
10:57:52.849, 2050, OutArmTask
10:57:52.914, 2230, OutArmTask
10:57:53.045, 500, RearTestSuckICTask
10:57:53.047, 501, RearTestSuckICTask
10:57:53.047, 60, TestYTask
10:57:53.049, 1, TestYFrontTask
10:57:53.049, 100, TestYFrontTask
10:57:53.049, 108, TestYFrontTask
10:57:53.049, 110, TestYFrontTask
10:57:53.049, 2, PickFromShuttle2Task
10:57:53.049, 70, TestYTask
10:57:53.050, 115, TestYFrontTask
10:57:53.050, 200, TestYFrontTask
10:57:53.051, 2091, TestYFrontTask
10:57:53.051, 2092, TestYFrontTask
10:57:53.051, 210, TestYFrontTask
10:57:53.060, 110, TestYTask
10:57:53.060, 50, TestTask
10:57:53.150, 200, PickFromShuttle2Task
10:57:53.432, 1000, PickFromShuttle2Task
10:57:53.472, 1, iLifterTask[1][5]
10:57:53.472, 100, UnLoadNewColorTrayTask
10:57:53.535, 1, PickFromShuttle2Task
10:57:53.535, 3000, OutArmTask
10:57:53.573, 150, UnLoadNewColorTrayTask
10:57:54.074, 200, UnLoadNewColorTrayTask
10:57:54.076, 1000, iLifterTask[0][2]
10:57:54.078, 1100, iLifterTask[0][2]
10:57:54.176, 1, iLifterTask[0][2]
10:57:54.176, 300, UnLoadNewColorTrayTask
10:57:54.244, 3010, OutArmTask
10:57:54.246, 3100, OutArmTask
10:57:54.253, 10, PlaceToAutoTask
10:57:54.253, 3310, OutArmTask
10:57:54.277, 400, UnLoadNewColorTrayTask
10:57:54.281, 500, UnLoadNewColorTrayTask
10:57:54.670, 50, PlaceToAutoTask
10:57:54.672, 110, PlaceToAutoTask
10:57:54.684, 300, PlaceToAutoTask
10:57:54.777, 55, TrayZLoadTrayToWaitTask
10:57:54.780, 1000, iLifterTask[0][0]
10:57:54.782, 1100, iLifterTask[0][0]
10:57:54.795, 1, UnLoadNewColorTrayTask
10:57:54.795, 300, AutoColorReceiveTask
10:57:54.892, 1, AutoColorReceiveTask
10:57:54.892, 400, PlaceToAutoTask
10:57:54.894, 1, iLifterTask[0][0]
10:57:54.894, 100, TrayZLoadTrayToWaitTask
10:57:54.894, 65, AutoColorTask
10:57:55.004, 200, AutoColorReceiveTask
10:57:55.004, 60, AutoColorTask
10:57:55.006, 200, TrayZLoadTrayToWaitTask
10:57:55.006, 50, UnLoadNewColorTrayTask
10:57:55.007, 1000, iLifterTask[1][3]
10:57:55.007, 1000, iLifterTask[1][5]
10:57:55.009, 1100, iLifterTask[1][3]
10:57:55.009, 1100, iLifterTask[1][5]
10:57:55.795, 500, PlaceToAutoTask
10:57:55.797, 1, PlaceToAutoTask
10:57:55.797, 2000, OutArmAfterPlaceToAutoTask
10:57:55.797, 3500, OutArmTask
10:57:55.799, 3100, OutArmAfterPlaceToAutoTask
10:57:55.803, 1, OutArmAfterPlaceToAutoTask
10:57:55.803, 100, OutArmTask
10:57:55.805, 2000, OutArmTask
10:57:55.807, 2040, OutArmTask
10:57:55.812, 2200, OutArmTask
10:57:55.911, 2, PickFromShuttle2Task
10:57:56.014, 200, PickFromShuttle2Task
10:57:56.306, 1000, PickFromShuttle2Task
10:57:56.410, 1, PickFromShuttle2Task
10:57:56.410, 3000, OutArmTask
10:57:57.008, 1, iLifterTask[1][3]
10:57:57.008, 1, iLifterTask[1][5]
10:57:57.008, 100, UnLoadNewColorTrayTask
10:57:57.008, 300, TrayZLoadTrayToWaitTask
10:57:57.108, 150, UnLoadNewColorTrayTask
10:57:57.108, 400, TrayZLoadTrayToWaitTask
10:57:57.110, 1, TrayZLoadTrayToWaitTask
10:57:57.110, 300, LoadNewICTrayTask
10:57:57.112, 1000, iLifterTask[2][6]
10:57:57.112, 3010, OutArmTask
10:57:57.112, 50, iLifterTask[2][6]
10:57:57.115, 1100, iLifterTask[2][6]
10:57:57.117, 3100, OutArmTask
10:57:57.125, 10, PlaceToAutoTask
10:57:57.125, 3310, OutArmTask
10:57:57.544, 50, PlaceToAutoTask
10:57:57.548, 110, PlaceToAutoTask
10:57:57.558, 300, PlaceToAutoTask
10:57:57.611, 1000, iLifterTask[0][2]
10:57:57.611, 200, UnLoadNewColorTrayTask
10:57:57.613, 1100, iLifterTask[0][2]
10:57:57.616, 1, iLifterTask[2][6]
10:57:57.616, 400, LoadNewICTrayTask
10:57:57.617, 500, LoadNewICTrayTask
10:57:57.628, 1, LoadNewICTrayTask
10:57:57.628, 600, LoadTask
10:57:57.630, 1000, LoadTask
10:57:57.667, 400, PlaceToAutoTask
10:57:57.713, 1, iLifterTask[0][2]
10:57:57.713, 300, UnLoadNewColorTrayTask
10:57:57.817, 400, UnLoadNewColorTrayTask
10:57:57.818, 500, UnLoadNewColorTrayTask
10:57:58.329, 1, UnLoadNewColorTrayTask
10:57:58.329, 300, AutoColorReceiveTask
10:57:58.332, 1, AutoColorReceiveTask
10:57:58.333, 65, AutoColorTask
10:57:58.439, 200, AutoColorReceiveTask
10:57:58.439, 60, AutoColorTask
10:57:58.441, 50, UnLoadNewColorTrayTask
10:57:58.443, 1000, iLifterTask[1][5]
10:57:58.443, 1100, iLifterTask[1][5]
10:57:58.577, 500, PlaceToAutoTask
10:57:58.580, 1, PlaceToAutoTask
10:57:58.580, 2000, OutArmAfterPlaceToAutoTask
10:57:58.580, 3500, OutArmTask
10:57:58.583, 3100, OutArmAfterPlaceToAutoTask
10:57:58.585, 1, OutArmAfterPlaceToAutoTask
10:57:58.585, 100, OutArmTask
10:57:58.587, 2000, OutArmTask
10:57:58.591, 2040, OutArmTask
10:57:58.593, 2200, OutArmTask
10:57:58.683, 2, PickFromShuttle2Task
10:57:58.784, 200, PickFromShuttle2Task
10:57:59.072, 1000, PickFromShuttle2Task
10:57:59.178, 1, PickFromShuttle2Task
10:57:59.178, 3000, OutArmTask
10:57:59.879, 3010, OutArmTask
10:57:59.883, 3100, OutArmTask
10:57:59.888, 10, PlaceToAutoTask
10:57:59.888, 3310, OutArmTask
10:58:00.299, 50, PlaceToAutoTask
10:58:00.301, 110, PlaceToAutoTask
10:58:00.311, 300, PlaceToAutoTask
10:58:00.420, 400, PlaceToAutoTask
10:58:00.446, 1, iLifterTask[1][5]
10:58:00.446, 100, UnLoadNewColorTrayTask
10:58:00.547, 150, UnLoadNewColorTrayTask
10:58:01.047, 200, UnLoadNewColorTrayTask
10:58:01.049, 1000, iLifterTask[0][2]
10:58:01.051, 1100, iLifterTask[0][2]
10:58:01.152, 1, iLifterTask[0][2]
10:58:01.152, 300, UnLoadNewColorTrayTask
10:58:01.254, 400, UnLoadNewColorTrayTask
10:58:01.256, 500, UnLoadNewColorTrayTask
10:58:01.321, 500, PlaceToAutoTask
10:58:01.325, 1, PlaceToAutoTask
10:58:01.325, 2000, OutArmAfterPlaceToAutoTask
10:58:01.325, 3500, OutArmTask
10:58:01.329, 3100, OutArmAfterPlaceToAutoTask
10:58:01.331, 1, OutArmAfterPlaceToAutoTask
10:58:01.331, 100, OutArmTask
10:58:01.334, 2000, OutArmTask
10:58:01.339, 2040, OutArmTask
10:58:01.341, 2200, OutArmTask
10:58:01.438, 2, PickFromShuttle2Task
10:58:01.540, 200, PickFromShuttle2Task
10:58:01.773, 1, AutoColorReceiveTask
10:58:01.773, 1, UnLoadNewColorTrayTask
10:58:01.773, 300, AutoColorReceiveTask
10:58:01.776, 65, AutoColorTask
10:58:01.841, 1000, PickFromShuttle2Task
10:58:01.880, 200, AutoColorReceiveTask
10:58:01.880, 60, AutoColorTask
10:58:01.882, 50, UnLoadNewColorTrayTask
10:58:01.884, 1000, iLifterTask[1][5]
10:58:01.884, 1100, iLifterTask[1][5]
10:58:01.948, 1, PickFromShuttle2Task
10:58:01.948, 3000, OutArmTask
10:58:02.649, 3010, OutArmTask
10:58:02.652, 3100, OutArmTask
10:58:02.660, 10, PlaceToAutoTask
10:58:02.660, 3310, OutArmTask
10:58:02.739, 1900, InArmPlaceToShuttleTask
10:58:02.743, 1950, InArmPlaceToShuttleTask
10:58:02.754, 2100, InArmPlaceToShuttleTask
10:58:03.034, 2200, InArmPlaceToShuttleTask
10:58:03.091, 50, PlaceToAutoTask
10:58:03.095, 110, PlaceToAutoTask
10:58:03.105, 300, PlaceToAutoTask
10:58:03.138, 2300, InArmPlaceToShuttleTask
10:58:03.142, 2400, InArmPlaceToShuttleTask
10:58:03.216, 400, PlaceToAutoTask
10:58:03.884, 1, iLifterTask[1][5]
10:58:03.884, 100, UnLoadNewColorTrayTask
10:58:03.890, 1301, InArmInArmCheckShtFloatTask;
10:58:03.985, 150, UnLoadNewColorTrayTask
10:58:03.992, 9000, InArmInArmCheckShtFloatTask;
10:58:03.994, 1, InArmInArmCheckShtFloatTask;
10:58:03.994, 209, TestYFrontTask
10:58:03.994, 2091, TestYFrontTask
10:58:03.994, 2092, TestYFrontTask
10:58:03.994, 210, TestYFrontTask
10:58:03.994, 2500, InArmPlaceToShuttleTask
10:58:03.994, 50, InArmTask
10:58:03.996, 10, InArmPickFromLoadTask
10:58:03.998, 100, InArmTask
10:58:03.998, 12, InArmPickFromLoadTask
10:58:04.154, 500, PlaceToAutoTask
10:58:04.156, 1, PlaceToAutoTask
10:58:04.156, 2000, OutArmAfterPlaceToAutoTask
10:58:04.156, 3500, OutArmTask
10:58:04.159, 3100, OutArmAfterPlaceToAutoTask
10:58:04.163, 1, OutArmAfterPlaceToAutoTask
10:58:04.163, 100, OutArmTask
10:58:04.165, 2000, OutArmTask
10:58:04.167, 2040, OutArmTask
10:58:04.174, 2050, OutArmTask
10:58:04.277, 2100, OutArmTask
10:58:04.447, 200, InArmPickFromLoadTask
10:58:04.451, 1000, InArmPickFromLoadTask
10:58:04.487, 200, UnLoadNewColorTrayTask
10:58:04.489, 1000, iLifterTask[0][2]
10:58:04.489, 1100, iLifterTask[0][2]
10:58:04.555, 2000, InArmPickFromLoadTask
10:58:04.592, 1, iLifterTask[0][2]
10:58:04.592, 300, UnLoadNewColorTrayTask
10:58:04.694, 400, UnLoadNewColorTrayTask
10:58:04.700, 500, UnLoadNewColorTrayTask
10:58:04.815, 2100, InArmPickFromLoadTask
10:58:04.818, 1, InArmPickFromLoadTask
10:58:04.818, 209, TestYFrontTask
10:58:04.818, 2091, TestYFrontTask
10:58:04.818, 2092, TestYFrontTask
10:58:04.818, 210, TestYFrontTask
10:58:04.818, 400, InArmTask
10:58:04.822, 1, InArmPlaceToHotPlateTask
10:58:04.822, 1, InArmPlaceToShuttleTask
10:58:04.822, 1000, InArmTask
10:58:04.824, 100, InArmPlaceToHotPlateTask
10:58:04.824, 1100, InArmTask
10:58:05.200, 200, InArmPlaceToHotPlateTask
10:58:05.202, 350, InArmPlaceToHotPlateTask
10:58:05.209, 1, UnLoadNewColorTrayTask
10:58:05.209, 300, AutoColorReceiveTask
10:58:05.211, 1, AutoColorReceiveTask
10:58:05.213, 65, AutoColorTask
10:58:05.308, 400, InArmPlaceToHotPlateTask
10:58:05.320, 200, AutoColorReceiveTask
10:58:05.320, 50, UnLoadNewColorTrayTask
10:58:05.320, 60, AutoColorTask
10:58:05.322, 1000, iLifterTask[1][5]
10:58:05.325, 1100, iLifterTask[1][5]
10:58:06.149, 500, InArmPlaceToHotPlateTask
10:58:06.153, 501, InArmPlaceToHotPlateTask
10:58:06.155, 209, TestYFrontTask
10:58:06.155, 2091, TestYFrontTask
10:58:06.155, 2092, TestYFrontTask
10:58:06.155, 210, TestYFrontTask
10:58:06.155, 50, InArmTask
10:58:06.157, 500, InArmTask
10:58:06.162, 1500, InArmTask
10:58:06.164, 100, InArmPickFromHotPlateTask
10:58:06.164, 1550, InArmTask
10:58:06.166, 110, InArmPickFromHotPlateTask
10:58:06.176, 150, InArmPickFromHotPlateTask
10:58:06.180, 190, InArmPickFromHotPlateTask
10:58:06.184, 200, InArmPickFromHotPlateTask
10:58:06.495, 300, InArmPickFromHotPlateTask
10:58:06.602, 340, InArmPickFromHotPlateTask
10:58:07.324, 1, iLifterTask[1][5]
10:58:07.324, 100, UnLoadNewColorTrayTask
10:58:07.381, 350, InArmPickFromHotPlateTask
10:58:07.383, 1, InArmPickFromHotPlateTask
10:58:07.383, 2000, InArmTask
10:58:07.383, 209, TestYFrontTask
10:58:07.383, 2091, TestYFrontTask
10:58:07.383, 2092, TestYFrontTask
10:58:07.383, 210, TestYFrontTask
10:58:07.385, 1900, InArmPlaceToShuttleTask
10:58:07.385, 1950, InArmPlaceToShuttleTask
10:58:07.428, 150, UnLoadNewColorTrayTask
10:58:07.450, 2100, InArmPlaceToShuttleTask
10:58:07.721, 2200, InArmPlaceToShuttleTask
10:58:07.828, 2300, InArmPlaceToShuttleTask
10:58:07.830, 2400, InArmPlaceToShuttleTask
10:58:07.930, 1000, iLifterTask[0][2]
10:58:07.930, 200, UnLoadNewColorTrayTask
10:58:07.932, 1100, iLifterTask[0][2]
10:58:08.032, 1, iLifterTask[0][2]
10:58:08.032, 300, UnLoadNewColorTrayTask
10:58:08.133, 400, UnLoadNewColorTrayTask
10:58:08.134, 500, UnLoadNewColorTrayTask
10:58:08.583, 1301, InArmInArmCheckShtFloatTask;
10:58:08.644, 1, UnLoadNewColorTrayTask
10:58:08.644, 300, AutoColorReceiveTask
10:58:08.646, 1, AutoColorReceiveTask
10:58:08.648, 65, AutoColorTask
10:58:08.683, 9000, InArmInArmCheckShtFloatTask;
10:58:08.685, 1, InArmInArmCheckShtFloatTask;
10:58:08.685, 209, TestYFrontTask
10:58:08.685, 2091, TestYFrontTask
10:58:08.685, 2092, TestYFrontTask
10:58:08.685, 210, TestYFrontTask
10:58:08.685, 2500, InArmPlaceToShuttleTask
10:58:08.685, 50, InArmTask
10:58:08.687, 10, InArmPickFromLoadTask
10:58:08.689, 100, InArmTask
10:58:08.689, 12, InArmPickFromLoadTask
10:58:08.752, 200, AutoColorReceiveTask
10:58:08.752, 60, AutoColorTask
10:58:08.755, 50, UnLoadNewColorTrayTask
10:58:08.757, 1000, iLifterTask[1][5]
10:58:08.760, 1100, iLifterTask[1][5]
10:58:09.102, 200, InArmPickFromLoadTask
10:58:09.106, 1000, InArmPickFromLoadTask
10:58:09.211, 2000, InArmPickFromLoadTask
10:58:09.462, 2100, InArmPickFromLoadTask
10:58:09.466, 1, InArmPickFromLoadTask
10:58:09.466, 209, TestYFrontTask
10:58:09.466, 2091, TestYFrontTask
10:58:09.466, 2092, TestYFrontTask
10:58:09.466, 210, TestYFrontTask
10:58:09.466, 400, InArmTask
10:58:09.469, 1, InArmPlaceToHotPlateTask
10:58:09.469, 1, InArmPlaceToShuttleTask
10:58:09.469, 1000, InArmTask
10:58:09.472, 100, InArmPlaceToHotPlateTask
10:58:09.472, 1100, InArmTask
10:58:09.851, 200, InArmPlaceToHotPlateTask
10:58:09.853, 350, InArmPlaceToHotPlateTask
10:58:09.959, 400, InArmPlaceToHotPlateTask
10:58:10.760, 1, iLifterTask[1][5]
10:58:10.760, 100, UnLoadNewColorTrayTask
10:58:10.776, 500, InArmPlaceToHotPlateTask
10:58:10.780, 501, InArmPlaceToHotPlateTask
10:58:10.782, 209, TestYFrontTask
10:58:10.782, 2091, TestYFrontTask
10:58:10.782, 2092, TestYFrontTask
10:58:10.782, 210, TestYFrontTask
10:58:10.782, 50, InArmTask
10:58:10.784, 500, InArmTask
10:58:10.788, 1500, InArmTask
10:58:10.790, 100, InArmPickFromHotPlateTask
10:58:10.790, 1550, InArmTask
10:58:10.792, 110, InArmPickFromHotPlateTask
10:58:10.805, 150, InArmPickFromHotPlateTask
10:58:10.810, 190, InArmPickFromHotPlateTask
10:58:10.814, 200, InArmPickFromHotPlateTask
10:58:10.863, 150, UnLoadNewColorTrayTask
10:58:11.124, 300, InArmPickFromHotPlateTask
10:58:17.845, 340, InArmPickFromHotPlateTask
10:58:17.852, 200, UnLoadNewColorTrayTask
10:58:17.852, 209, TestYFrontTask
10:58:17.852, 900, BinTrayTask[0]
10:58:17.853, 2091, TestYFrontTask
10:58:17.853, 2092, TestYFrontTask
10:58:17.853, 210, TestYFrontTask
10:58:17.854, 1000, iLifterTask[0][2]
10:58:17.854, 350, InArmPickFromHotPlateTask
10:58:17.854, 910, BinTrayTask[0]
10:58:17.858, 1, TrayArmCatchNewTrayFromBufferTask
10:58:17.858, 1100, iLifterTask[0][2]
10:58:17.861, 1, InArmPickFromHotPlateTask
10:58:17.861, 1900, InArmPlaceToShuttleTask
10:58:17.861, 2000, InArmTask
10:58:17.861, 209, TestYFrontTask
10:58:17.861, 2091, TestYFrontTask
10:58:17.861, 2092, TestYFrontTask
10:58:17.861, 210, TestYFrontTask
10:58:17.861, 2100, TrayArmCatchNewTrayFromBufferTask
10:58:17.861, 2149, TrayArmCatchNewTrayFromBufferTask
10:58:17.863, 1950, InArmPlaceToShuttleTask
10:58:17.863, 2199, TrayArmCatchNewTrayFromBufferTask
10:58:17.885, 2200, TrayArmCatchNewTrayFromBufferTask
10:58:17.888, 2250, TrayArmCatchNewTrayFromBufferTask
10:58:17.892, 2260, TrayArmCatchNewTrayFromBufferTask
10:58:17.922, 2100, InArmPlaceToShuttleTask
10:58:17.955, 1, iLifterTask[0][2]
10:58:17.955, 300, UnLoadNewColorTrayTask
10:58:18.056, 400, UnLoadNewColorTrayTask
10:58:18.061, 500, UnLoadNewColorTrayTask
10:58:18.197, 2200, InArmPlaceToShuttleTask
10:58:18.301, 2300, InArmPlaceToShuttleTask
10:58:18.303, 2400, InArmPlaceToShuttleTask
10:58:18.570, 1, AutoColorReceiveTask
10:58:18.570, 1, UnLoadNewColorTrayTask
10:58:18.570, 300, AutoColorReceiveTask
10:58:18.572, 65, AutoColorTask
10:58:18.679, 200, AutoColorReceiveTask
10:58:18.679, 50, UnLoadNewColorTrayTask
10:58:18.679, 60, AutoColorTask
10:58:18.681, 1000, iLifterTask[1][5]
10:58:18.683, 1100, iLifterTask[1][5]
10:58:19.044, 1301, InArmInArmCheckShtFloatTask;
10:58:19.146, 9000, InArmInArmCheckShtFloatTask;
10:58:19.148, 1, InArmInArmCheckShtFloatTask;
10:58:19.148, 209, TestYFrontTask
10:58:19.148, 2091, TestYFrontTask
10:58:19.148, 2092, TestYFrontTask
10:58:19.148, 210, TestYFrontTask
10:58:19.148, 2500, InArmPlaceToShuttleTask
10:58:19.148, 50, InArmTask
10:58:19.150, 10, InArmPickFromLoadTask
10:58:19.150, 100, InArmTask
10:58:19.150, 12, InArmPickFromLoadTask
10:58:19.534, 200, InArmPickFromLoadTask
10:58:19.538, 1000, InArmPickFromLoadTask
10:58:19.641, 2000, InArmPickFromLoadTask
10:58:19.891, 2100, InArmPickFromLoadTask
10:58:19.891, 2300, TrayArmCatchNewTrayFromBufferTask
10:58:19.893, 1, InArmPickFromLoadTask
10:58:19.893, 209, TestYFrontTask
10:58:19.893, 2091, TestYFrontTask
10:58:19.893, 2092, TestYFrontTask
10:58:19.893, 210, TestYFrontTask
10:58:19.893, 2310, TrayArmCatchNewTrayFromBufferTask
10:58:19.893, 400, InArmTask
10:58:19.895, 1, InArmPlaceToHotPlateTask
10:58:19.895, 1, InArmPlaceToShuttleTask
10:58:19.895, 1000, InArmTask
10:58:19.895, 2340, TrayArmCatchNewTrayFromBufferTask
10:58:19.899, 100, InArmPlaceToHotPlateTask
10:58:19.899, 1100, InArmTask
10:58:20.266, 200, InArmPlaceToHotPlateTask
10:58:20.268, 350, InArmPlaceToHotPlateTask
10:58:20.372, 400, InArmPlaceToHotPlateTask
10:58:20.683, 1, iLifterTask[1][5]
10:58:20.683, 100, UnLoadNewColorTrayTask
10:58:20.785, 150, UnLoadNewColorTrayTask
10:58:20.895, 2350, TrayArmCatchNewTrayFromBufferTask
10:58:20.897, 2352, TrayArmCatchNewTrayFromBufferTask
10:58:20.899, 2355, TrayArmCatchNewTrayFromBufferTask
10:58:20.899, 2500, TrayArmCatchNewTrayFromBufferTask
10:58:21.000, 2550, TrayArmCatchNewTrayFromBufferTask
10:58:21.002, 2600, TrayArmCatchNewTrayFromBufferTask
10:58:21.004, 2700, TrayArmCatchNewTrayFromBufferTask
10:58:21.118, 100, TrayArmPlaceTrayToAutoTask
10:58:21.120, 200, TrayArmPlaceTrayToAutoTask
10:58:21.202, 500, InArmPlaceToHotPlateTask
10:58:21.204, 501, InArmPlaceToHotPlateTask
10:58:21.208, 209, TestYFrontTask
10:58:21.208, 2091, TestYFrontTask
10:58:21.208, 2092, TestYFrontTask
10:58:21.208, 210, TestYFrontTask
10:58:21.208, 50, InArmTask
10:58:21.210, 500, InArmTask
10:58:21.212, 1500, InArmTask
10:58:21.216, 100, InArmPickFromHotPlateTask
10:58:21.216, 1550, InArmTask
10:58:21.218, 110, InArmPickFromHotPlateTask
10:58:21.220, 210, TrayArmPlaceTrayToAutoTask
10:58:21.220, 250, TrayArmPlaceTrayToAutoTask
10:58:21.229, 150, InArmPickFromHotPlateTask
10:58:21.231, 190, InArmPickFromHotPlateTask
10:58:21.237, 200, InArmPickFromHotPlateTask
10:58:21.284, 200, UnLoadNewColorTrayTask
10:58:21.286, 1000, iLifterTask[0][2]
10:58:21.288, 1100, iLifterTask[0][2]
10:58:21.389, 1, iLifterTask[0][2]
10:58:21.389, 300, UnLoadNewColorTrayTask
10:58:21.489, 400, UnLoadNewColorTrayTask
10:58:21.495, 500, UnLoadNewColorTrayTask
10:58:21.553, 300, InArmPickFromHotPlateTask
10:58:21.661, 340, InArmPickFromHotPlateTask
10:58:21.921, 10, AutoSHT2Task
10:58:21.925, 100, AutoSHT2Task
10:58:21.928, 120, AutoSHT2Task
10:58:21.930, 1, AutoSHT2Task
10:58:21.934, 10, AutoSHT2Task
10:58:21.936, 100, AutoSHT2Task
10:58:21.937, 120, AutoSHT2Task
10:58:21.941, 1, AutoSHT2Task
10:58:21.943, 10, AutoSHT2Task
10:58:21.945, 100, AutoSHT2Task
10:58:21.949, 120, AutoSHT2Task
10:58:21.951, 1, AutoSHT2Task
10:58:21.953, 10, AutoSHT2Task
10:58:21.957, 100, AutoSHT2Task
10:58:21.959, 120, AutoSHT2Task
10:58:21.961, 1, AutoSHT2Task
10:58:21.965, 10, AutoSHT2Task
10:58:21.967, 100, AutoSHT2Task
10:58:21.969, 120, AutoSHT2Task
10:58:21.973, 1, AutoSHT2Task
10:58:21.975, 10, AutoSHT2Task
10:58:21.977, 100, AutoSHT2Task
10:58:21.981, 120, AutoSHT2Task
10:58:21.983, 1, AutoSHT2Task
10:58:21.985, 10, AutoSHT2Task
10:58:21.989, 100, AutoSHT2Task
10:58:21.991, 120, AutoSHT2Task
10:58:21.993, 1, AutoSHT2Task
10:58:21.997, 10, AutoSHT2Task
10:58:22.002, 1, UnLoadNewColorTrayTask
10:58:22.002, 300, AutoColorReceiveTask
10:58:22.004, 1, AutoColorReceiveTask
10:58:22.004, 100, AutoSHT2Task
10:58:22.006, 120, AutoSHT2Task
10:58:22.006, 70, AutoColorTask
10:58:22.010, 1, AutoSHT2Task
10:58:22.012, 10, AutoSHT2Task
10:58:22.014, 100, AutoSHT2Task
10:58:22.019, 120, AutoSHT2Task
10:58:22.021, 1, AutoSHT2Task
10:58:22.023, 10, AutoSHT2Task
10:58:22.027, 100, AutoSHT2Task
10:58:22.029, 120, AutoSHT2Task
10:58:22.031, 1, AutoSHT2Task
10:58:22.034, 10, AutoSHT2Task
10:58:22.037, 100, AutoSHT2Task
10:58:22.039, 120, AutoSHT2Task
10:58:22.043, 1, AutoSHT2Task
10:58:22.046, 10, AutoSHT2Task
10:58:22.048, 100, AutoSHT2Task
10:58:22.052, 120, AutoSHT2Task
10:58:22.054, 1, AutoSHT2Task
10:58:22.056, 10, AutoSHT2Task
10:58:22.060, 100, AutoSHT2Task
10:58:22.062, 120, AutoSHT2Task
10:58:22.064, 1, AutoSHT2Task
10:58:22.069, 10, AutoSHT2Task
10:58:22.071, 100, AutoSHT2Task
10:58:22.073, 120, AutoSHT2Task
10:58:22.077, 1, AutoSHT2Task
10:58:22.079, 10, AutoSHT2Task
10:58:22.081, 100, AutoSHT2Task
10:58:22.085, 120, AutoSHT2Task
10:58:22.087, 1, AutoSHT2Task
10:58:22.089, 10, AutoSHT2Task
10:58:22.093, 100, AutoSHT2Task
10:58:22.095, 120, AutoSHT2Task
10:58:22.097, 1, AutoSHT2Task
10:58:22.101, 10, AutoSHT2Task
10:58:22.103, 100, AutoSHT2Task
10:58:22.105, 120, AutoSHT2Task
10:58:22.111, 1, AutoSHT2Task
10:58:22.113, 10, AutoSHT2Task
10:58:22.115, 100, AutoSHT2Task
10:58:22.119, 120, AutoSHT2Task
10:58:22.121, 1, AutoSHT2Task
10:58:22.123, 10, AutoSHT2Task
10:58:22.126, 100, AutoSHT2Task
10:58:22.128, 120, AutoSHT2Task
10:58:22.130, 1, AutoSHT2Task
10:58:22.134, 10, AutoSHT2Task
10:58:22.136, 100, AutoSHT2Task
10:58:22.138, 120, AutoSHT2Task
10:58:22.142, 1, AutoSHT2Task
10:58:22.144, 10, AutoSHT2Task
10:58:22.146, 100, AutoSHT2Task
10:58:22.150, 120, AutoSHT2Task
10:58:22.152, 1, AutoSHT2Task
10:58:22.155, 10, AutoSHT2Task
10:58:22.159, 100, AutoSHT2Task
10:58:22.161, 120, AutoSHT2Task
10:58:22.163, 1, AutoSHT2Task
10:58:22.167, 10, AutoSHT2Task
10:58:22.169, 100, AutoSHT2Task
10:58:22.172, 120, AutoSHT2Task
10:58:22.176, 1, AutoSHT2Task
10:58:22.178, 10, AutoSHT2Task
10:58:22.180, 100, AutoSHT2Task
10:58:22.184, 120, AutoSHT2Task
10:58:22.186, 1, AutoSHT2Task
10:58:22.188, 10, AutoSHT2Task
10:58:22.192, 100, AutoSHT2Task
10:58:22.194, 120, AutoSHT2Task
10:58:22.196, 1, AutoSHT2Task
10:58:22.200, 10, AutoSHT2Task
10:58:22.202, 100, AutoSHT2Task
10:58:22.204, 120, AutoSHT2Task
10:58:22.208, 1, AutoSHT2Task
10:58:22.210, 10, AutoSHT2Task
10:58:22.212, 100, AutoSHT2Task
10:58:22.216, 120, AutoSHT2Task
10:58:22.219, 1, AutoSHT2Task
10:58:22.221, 10, AutoSHT2Task
10:58:22.226, 100, AutoSHT2Task
10:58:22.228, 120, AutoSHT2Task
10:58:22.230, 1, AutoSHT2Task
10:58:22.234, 10, AutoSHT2Task
10:58:22.236, 100, AutoSHT2Task
10:58:22.238, 120, AutoSHT2Task
10:58:22.242, 1, AutoSHT2Task
10:58:22.244, 10, AutoSHT2Task
10:58:22.247, 100, AutoSHT2Task
10:58:22.251, 120, AutoSHT2Task
10:58:22.253, 1, AutoSHT2Task
10:58:22.255, 10, AutoSHT2Task
10:58:22.259, 100, AutoSHT2Task
10:58:22.261, 120, AutoSHT2Task
10:58:22.263, 1, AutoSHT2Task
10:58:22.268, 10, AutoSHT2Task
10:58:22.270, 100, AutoSHT2Task
10:58:22.273, 120, AutoSHT2Task
10:58:22.276, 1, AutoSHT2Task
10:58:22.279, 10, AutoSHT2Task
10:58:22.281, 100, AutoSHT2Task
10:58:22.285, 120, AutoSHT2Task
10:58:22.287, 1, AutoSHT2Task
10:58:22.289, 10, AutoSHT2Task
10:58:22.293, 100, AutoSHT2Task
10:58:22.295, 120, AutoSHT2Task
10:58:22.297, 1, AutoSHT2Task
10:58:22.301, 10, AutoSHT2Task
10:58:22.303, 100, AutoSHT2Task
10:58:22.305, 120, AutoSHT2Task
10:58:22.309, 1, AutoSHT2Task
10:58:22.311, 10, AutoSHT2Task
10:58:22.313, 100, AutoSHT2Task
10:58:22.317, 120, AutoSHT2Task
10:58:22.319, 1, AutoSHT2Task
10:58:22.321, 10, AutoSHT2Task
10:58:22.325, 100, AutoSHT2Task
10:58:22.329, 120, AutoSHT2Task
10:58:22.331, 1, AutoSHT2Task
10:58:22.335, 10, AutoSHT2Task
10:58:22.337, 100, AutoSHT2Task
10:58:22.339, 120, AutoSHT2Task
10:58:22.344, 1, AutoSHT2Task
10:58:22.346, 10, AutoSHT2Task
10:58:22.348, 100, AutoSHT2Task
10:58:22.353, 120, AutoSHT2Task
10:58:22.355, 1, AutoSHT2Task
10:58:22.358, 10, AutoSHT2Task
10:58:22.362, 100, AutoSHT2Task
10:58:22.364, 120, AutoSHT2Task
10:58:22.366, 1, AutoSHT2Task
10:58:22.370, 10, AutoSHT2Task
10:58:22.373, 100, AutoSHT2Task
10:58:22.375, 120, AutoSHT2Task
10:58:22.379, 1, AutoSHT2Task
10:58:22.381, 10, AutoSHT2Task
10:58:22.383, 100, AutoSHT2Task
10:58:22.387, 120, AutoSHT2Task
10:58:22.388, 1, AutoSHT2Task
10:58:22.390, 10, AutoSHT2Task
10:58:22.394, 100, AutoSHT2Task
10:58:22.396, 120, AutoSHT2Task
10:58:22.398, 1, AutoSHT2Task
10:58:22.402, 10, AutoSHT2Task
10:58:22.404, 100, AutoSHT2Task
10:58:22.406, 120, AutoSHT2Task
10:58:22.410, 1, AutoSHT2Task
10:58:22.412, 10, AutoSHT2Task
10:58:22.414, 100, AutoSHT2Task
10:58:22.418, 120, AutoSHT2Task
10:58:22.420, 1, AutoSHT2Task
10:58:22.422, 10, AutoSHT2Task
10:58:22.426, 100, AutoSHT2Task
10:58:22.428, 120, AutoSHT2Task
10:58:22.430, 1, AutoSHT2Task
10:58:22.434, 10, AutoSHT2Task
10:58:22.436, 100, AutoSHT2Task
10:58:22.438, 120, AutoSHT2Task
10:58:22.440, 350, InArmPickFromHotPlateTask
10:58:22.442, 1, AutoSHT2Task
10:58:22.442, 1, InArmPickFromHotPlateTask
10:58:22.442, 2000, InArmTask
10:58:22.442, 209, TestYFrontTask
10:58:22.442, 2091, TestYFrontTask
10:58:22.442, 2092, TestYFrontTask
10:58:22.442, 210, TestYFrontTask
10:58:22.444, 10, AutoSHT2Task
10:58:22.444, 1900, InArmPlaceToShuttleTask
10:58:22.446, 100, AutoSHT2Task
10:58:22.446, 1950, InArmPlaceToShuttleTask
10:58:22.451, 120, AutoSHT2Task
10:58:22.456, 1, AutoSHT2Task
10:58:22.505, 2100, InArmPlaceToShuttleTask
10:58:22.772, 2200, InArmPlaceToShuttleTask
10:58:22.878, 2300, InArmPlaceToShuttleTask
10:58:22.882, 2400, InArmPlaceToShuttleTask
10:58:23.017, 100, AutoColorTask
10:58:23.019, 150, AutoColorTask
10:58:23.063, 65, TestTask
10:58:23.065, 60, TestTask
10:58:23.118, 60, TestYTask
10:58:23.120, 70, TestYTask
10:58:23.122, 1, TestYRearTask
10:58:23.122, 100, TestYRearTask
10:58:23.122, 108, TestYRearTask
10:58:23.122, 109, TestYRearTask
10:58:23.122, 110, TestYRearTask
10:58:23.122, 115, TestYRearTask
10:58:23.122, 200, TestYTask
10:58:23.123, 1, RearTestSuckICTask
10:58:23.123, 210, TestYTask
10:58:23.177, 200, TestYRearTask
10:58:23.179, 2, IndexStatus
10:58:23.179, 2091, TestYRearTask
10:58:23.179, 2092, TestYRearTask
10:58:23.179, 210, TestYRearTask
10:58:23.664, 1301, InArmInArmCheckShtFloatTask;
10:58:23.764, 9000, InArmInArmCheckShtFloatTask;
10:58:23.766, 1, InArmInArmCheckShtFloatTask;
10:58:23.766, 209, TestYRearTask
10:58:23.766, 2091, TestYRearTask
10:58:23.766, 2092, TestYRearTask
10:58:23.766, 210, TestYRearTask
10:58:23.766, 2500, InArmPlaceToShuttleTask
10:58:23.766, 50, InArmTask
10:58:23.768, 10, InArmPickFromLoadTask
10:58:23.770, 100, InArmTask
10:58:23.770, 12, InArmPickFromLoadTask
10:58:24.162, 200, InArmPickFromLoadTask
10:58:24.164, 1000, InArmPickFromLoadTask
10:58:24.189, 10, AutoSHT2Task
10:58:24.191, 200, AutoSHT2Task
10:58:24.193, 210, AutoSHT2Task
10:58:24.259, 2230, OutArmTask
10:58:24.259, 300, RearTestSuckICTask
10:58:24.259, 310, RearTestSuckICTask
10:58:24.261, 1, AutoSHT2Task
10:58:24.268, 2000, InArmPickFromLoadTask
10:58:24.465, 500, RearTestSuckICTask
10:58:24.465, 501, RearTestSuckICTask
10:58:24.465, 60, TestYTask
10:58:24.467, 1, TestYFrontTask
10:58:24.467, 100, TestYFrontTask
10:58:24.467, 108, TestYFrontTask
10:58:24.467, 110, TestYFrontTask
10:58:24.467, 70, TestYTask
10:58:24.468, 115, TestYFrontTask
10:58:24.468, 200, TestYFrontTask
10:58:24.469, 2091, TestYFrontTask
10:58:24.469, 2092, TestYFrontTask
10:58:24.469, 210, TestYFrontTask
10:58:24.492, 110, TestYTask
10:58:24.492, 50, TestTask
10:58:24.550, 2100, InArmPickFromLoadTask
10:58:24.554, 1, InArmPickFromLoadTask
10:58:24.554, 209, TestYFrontTask
10:58:24.554, 2091, TestYFrontTask
10:58:24.554, 2092, TestYFrontTask
10:58:24.554, 210, TestYFrontTask
10:58:24.554, 400, InArmTask
10:58:24.556, 1, InArmPlaceToHotPlateTask
10:58:24.556, 1, InArmPlaceToShuttleTask
10:58:24.556, 1000, InArmTask
10:58:24.558, 100, InArmPlaceToHotPlateTask
10:58:24.558, 1100, InArmTask
10:58:24.598, 60, TestTask
10:58:24.621, 60, TestYTask
10:58:24.624, 200, TestYTask
10:58:24.624, 70, TestYTask
10:58:24.625, 1, TestYRearTask
10:58:24.625, 100, TestYRearTask
10:58:24.625, 108, TestYRearTask
10:58:24.625, 109, TestYRearTask
10:58:24.625, 110, TestYRearTask
10:58:24.626, 115, TestYRearTask
10:58:24.628, 1, RearTestSuckICTask
10:58:24.628, 210, TestYTask
10:58:24.684, 200, TestYRearTask
10:58:24.685, 2091, TestYRearTask
10:58:24.685, 2092, TestYRearTask
10:58:24.685, 210, TestYRearTask
10:58:24.946, 200, InArmPlaceToHotPlateTask
10:58:24.948, 350, InArmPlaceToHotPlateTask
10:58:25.021, 1, AutoColorTask
10:58:25.021, 20, AutoColorTask
10:58:25.023, 30, AutoColorTask
10:58:25.051, 400, InArmPlaceToHotPlateTask
10:58:25.226, 40, AutoColorTask
10:58:25.226, 50, AutoColorTask
10:58:25.438, 60, AutoColorTask
10:58:25.438, 65, AutoColorTask
10:58:25.547, 200, AutoColorReceiveTask
10:58:25.547, 60, AutoColorTask
10:58:25.549, 50, UnLoadNewColorTrayTask
10:58:25.551, 1000, iLifterTask[1][5]
10:58:25.551, 1100, iLifterTask[1][5]
10:58:25.896, 500, InArmPlaceToHotPlateTask
10:58:25.898, 501, InArmPlaceToHotPlateTask
10:58:25.900, 209, TestYRearTask
10:58:25.900, 2091, TestYRearTask
10:58:25.900, 2092, TestYRearTask
10:58:25.900, 210, TestYRearTask
10:58:25.900, 50, InArmTask
10:58:25.904, 500, InArmTask
10:58:25.906, 1500, InArmTask
10:58:25.908, 100, InArmPickFromHotPlateTask
10:58:25.908, 1550, InArmTask
10:58:25.912, 110, InArmPickFromHotPlateTask
10:58:25.926, 150, InArmPickFromHotPlateTask
10:58:27.552, 1, iLifterTask[1][5]
10:58:27.552, 100, UnLoadNewColorTrayTask
10:58:27.654, 150, UnLoadNewColorTrayTask
10:58:28.155, 1000, iLifterTask[0][2]
10:58:28.155, 200, UnLoadNewColorTrayTask
10:58:28.157, 1100, iLifterTask[0][2]
10:58:28.255, 1, iLifterTask[0][2]
10:58:28.255, 300, UnLoadNewColorTrayTask
10:58:28.359, 400, UnLoadNewColorTrayTask
10:58:28.359, 500, UnLoadNewColorTrayTask
10:58:28.875, 1, UnLoadNewColorTrayTask
10:58:28.875, 300, AutoColorReceiveTask
10:58:28.876, 1, AutoColorReceiveTask
10:58:28.876, 955, BinTrayTask[0]
10:58:28.878, 65, AutoColorTask
10:58:28.981, 200, AutoColorReceiveTask
10:58:28.981, 60, AutoColorTask
10:58:28.983, 50, UnLoadNewColorTrayTask
10:58:28.985, 1000, iLifterTask[1][5]
10:58:28.985, 1100, iLifterTask[1][5]
10:58:29.079, 960, BinTrayTask[0]
10:58:29.583, 970, BinTrayTask[0]
10:58:30.186, 1000, BinTrayTask[0]
10:58:30.186, 1010, BinTrayTask[0]
10:58:30.188, 1020, BinTrayTask[0]
10:58:30.488, 1021, BinTrayTask[0]
10:58:30.488, 1025, BinTrayTask[0]
10:58:30.591, 1050, BinTrayTask[0]
10:58:30.592, 1100, BinTrayTask[0]
10:58:30.594, 1200, BinTrayTask[0]
10:58:30.597, 1210, BinTrayTask[0]
10:58:30.896, 1000, iAutoTask[0][0]
10:58:30.896, 1220, BinTrayTask[0]
10:58:30.899, 1100, iAutoTask[0][0]
10:58:30.989, 1, iLifterTask[1][5]
10:58:30.989, 100, UnLoadNewColorTrayTask
10:58:30.997, 1, iAutoTask[0][0]
10:58:30.997, 1350, BinTrayTask[0]
10:58:31.091, 150, UnLoadNewColorTrayTask
10:58:31.595, 200, UnLoadNewColorTrayTask
10:58:31.596, 1000, iLifterTask[0][2]
10:58:31.598, 1100, iLifterTask[0][2]
10:58:31.697, 1, iLifterTask[0][2]
10:58:31.697, 300, UnLoadNewColorTrayTask
10:58:31.797, 400, UnLoadNewColorTrayTask
10:58:31.801, 500, UnLoadNewColorTrayTask
10:58:32.015, 1352, BinTrayTask[0]
10:58:32.017, 1353, BinTrayTask[0]
10:58:32.020, 1000, iAutoTask[0][0]
10:58:32.023, 1100, iAutoTask[0][0]
10:58:32.045, 300, TrayArmPlaceTrayToAutoTask
10:58:32.123, 1, iAutoTask[0][0]
10:58:32.123, 1354, BinTrayTask[0]
10:58:32.311, 1, AutoColorReceiveTask
10:58:32.311, 1, UnLoadNewColorTrayTask
10:58:32.311, 300, AutoColorReceiveTask
10:58:32.313, 65, AutoColorTask
10:58:32.424, 200, AutoColorReceiveTask
10:58:32.424, 50, UnLoadNewColorTrayTask
10:58:32.424, 60, AutoColorTask
10:58:32.426, 1000, iLifterTask[1][5]
10:58:32.428, 1100, iLifterTask[1][5]
10:58:32.552, 400, TrayArmPlaceTrayToAutoTask
10:58:33.124, 1355, BinTrayTask[0]
10:58:33.228, 1356, BinTrayTask[0]
10:58:34.227, 1357, BinTrayTask[0]
10:58:34.430, 1, iLifterTask[1][5]
10:58:34.430, 100, UnLoadNewColorTrayTask
10:58:34.531, 150, UnLoadNewColorTrayTask
10:58:34.551, 500, TrayArmPlaceTrayToAutoTask
10:58:34.553, 510, TrayArmPlaceTrayToAutoTask
10:58:34.669, 520, TrayArmPlaceTrayToAutoTask
10:58:34.734, 1358, BinTrayTask[0]
10:58:35.033, 200, UnLoadNewColorTrayTask
10:58:35.035, 1000, iLifterTask[0][2]
10:58:35.035, 1100, iLifterTask[0][2]
10:58:35.136, 1, iLifterTask[0][2]
10:58:35.136, 300, UnLoadNewColorTrayTask
10:58:35.238, 400, UnLoadNewColorTrayTask
10:58:35.240, 500, UnLoadNewColorTrayTask
10:58:35.732, 1400, BinTrayTask[0]
10:58:35.734, 1420, BinTrayTask[0]
10:58:35.748, 1, UnLoadNewColorTrayTask
10:58:35.748, 300, AutoColorReceiveTask
10:58:35.750, 1, AutoColorReceiveTask
10:58:35.752, 65, AutoColorTask
10:58:35.861, 200, AutoColorReceiveTask
10:58:35.861, 60, AutoColorTask
10:58:35.863, 50, UnLoadNewColorTrayTask
10:58:35.865, 1000, iLifterTask[1][5]
10:58:35.865, 1100, iLifterTask[1][5]
10:58:35.945, 1500, BinTrayTask[0]
10:58:36.145, 1600, BinTrayTask[0]
10:58:36.145, 300, BinTrayTask[0]
10:58:36.147, 1700, BinTrayTask[0]
10:58:36.671, 530, TrayArmPlaceTrayToAutoTask
10:58:37.171, 540, TrayArmPlaceTrayToAutoTask
10:58:37.671, 1000, TrayArmPlaceTrayToAutoTask
10:58:37.774, 1040, TrayArmPlaceTrayToAutoTask
10:58:37.777, 1100, TrayArmPlaceTrayToAutoTask
10:58:37.777, 1140, TrayArmPlaceTrayToAutoTask
10:58:37.779, 1150, TrayArmPlaceTrayToAutoTask
10:58:37.811, 1, TrayArmPlaceTrayToAutoTask
10:58:37.811, 2, PickFromShuttle2Task
10:58:37.868, 1, iLifterTask[1][5]
10:58:37.868, 100, UnLoadNewColorTrayTask
10:58:37.911, 200, PickFromShuttle2Task
10:58:37.970, 150, UnLoadNewColorTrayTask
10:58:38.193, 1000, PickFromShuttle2Task
10:58:38.298, 1, PickFromShuttle2Task
10:58:38.298, 3000, OutArmTask
10:58:38.470, 200, UnLoadNewColorTrayTask
10:58:38.472, 1000, iLifterTask[0][2]
10:58:38.474, 1100, iLifterTask[0][2]
10:58:38.574, 1, iLifterTask[0][2]
10:58:38.574, 300, UnLoadNewColorTrayTask
10:58:38.676, 400, UnLoadNewColorTrayTask
10:58:38.678, 500, UnLoadNewColorTrayTask
10:58:38.773, 1710, BinTrayTask[0]
10:58:38.775, 1, BinTrayTask[0]
10:58:38.777, 100, BinTrayTask[0]
10:58:38.777, 200, BinTrayTask[0]
10:58:38.779, 500, BinTrayTask[0]
10:58:38.781, 800, BinTrayTask[0]
10:58:38.988, 3010, OutArmTask
10:58:38.992, 10, AutoSHT2Task
10:58:38.992, 3100, OutArmTask
10:58:38.997, 10, PlaceToAutoTask
10:58:38.997, 3310, OutArmTask
10:58:39.192, 1, UnLoadNewColorTrayTask
10:58:39.192, 300, AutoColorReceiveTask
10:58:39.194, 1, AutoColorReceiveTask
10:58:39.197, 65, AutoColorTask
10:58:39.300, 200, AutoColorReceiveTask
10:58:39.300, 60, AutoColorTask
10:58:39.302, 50, UnLoadNewColorTrayTask
10:58:39.304, 1000, iLifterTask[1][5]
10:58:39.304, 1100, iLifterTask[1][5]
10:58:39.453, 50, PlaceToAutoTask
10:58:39.457, 110, PlaceToAutoTask
10:58:39.467, 300, PlaceToAutoTask
10:58:39.575, 400, PlaceToAutoTask
10:58:39.981, 850, BinTrayTask[0]
10:58:40.476, 500, PlaceToAutoTask
10:58:40.478, 1, PlaceToAutoTask
10:58:40.478, 2000, OutArmAfterPlaceToAutoTask
10:58:40.478, 3500, OutArmTask
10:58:40.482, 3100, OutArmAfterPlaceToAutoTask
10:58:40.484, 1, OutArmAfterPlaceToAutoTask
10:58:40.484, 100, OutArmTask
10:58:40.486, 2000, OutArmTask
10:58:40.491, 2040, OutArmTask
10:58:40.493, 2200, OutArmTask
10:58:40.601, 2, PickFromShuttle2Task
10:58:40.702, 200, PickFromShuttle2Task
10:58:40.991, 1000, PickFromShuttle2Task
10:58:41.095, 1, PickFromShuttle2Task
10:58:41.095, 3000, OutArmTask
10:58:41.307, 1, iLifterTask[1][5]
10:58:41.307, 100, UnLoadNewColorTrayTask
10:58:41.408, 150, UnLoadNewColorTrayTask
10:58:41.796, 3010, OutArmTask
10:58:41.799, 3100, OutArmTask
10:58:41.806, 10, PlaceToAutoTask
10:58:41.806, 3310, OutArmTask
10:58:41.910, 200, UnLoadNewColorTrayTask
10:58:41.912, 1000, iLifterTask[0][2]
10:58:41.914, 1100, iLifterTask[0][2]
10:58:42.014, 1, iLifterTask[0][2]
10:58:42.014, 300, UnLoadNewColorTrayTask
10:58:42.114, 400, UnLoadNewColorTrayTask
10:58:42.118, 500, UnLoadNewColorTrayTask
10:58:42.231, 50, PlaceToAutoTask
10:58:42.233, 110, PlaceToAutoTask
10:58:42.244, 300, PlaceToAutoTask
10:58:42.349, 400, PlaceToAutoTask
10:58:42.629, 1, UnLoadNewColorTrayTask
10:58:42.629, 300, AutoColorReceiveTask
10:58:42.631, 1, AutoColorReceiveTask
10:58:42.631, 65, AutoColorTask
10:58:42.741, 200, AutoColorReceiveTask
10:58:42.741, 50, UnLoadNewColorTrayTask
10:58:42.741, 60, AutoColorTask
10:58:42.743, 1000, iLifterTask[1][5]
10:58:42.745, 1100, iLifterTask[1][5]
10:58:43.246, 500, PlaceToAutoTask
10:58:43.248, 1, PlaceToAutoTask
10:58:43.248, 2000, OutArmAfterPlaceToAutoTask
10:58:43.248, 3500, OutArmTask
10:58:43.252, 3100, OutArmAfterPlaceToAutoTask
10:58:43.254, 1, OutArmAfterPlaceToAutoTask
10:58:43.254, 100, OutArmTask
10:58:43.256, 2000, OutArmTask
10:58:43.260, 2040, OutArmTask
10:58:43.262, 2200, OutArmTask
10:58:43.360, 2, PickFromShuttle2Task
10:58:43.459, 200, PickFromShuttle2Task
10:58:43.739, 1000, PickFromShuttle2Task
10:58:43.846, 1, PickFromShuttle2Task
10:58:43.846, 3000, OutArmTask
10:58:44.555, 3010, OutArmTask
10:58:44.558, 3100, OutArmTask
10:58:44.565, 10, PlaceToAutoTask
10:58:44.565, 3310, OutArmTask
10:58:44.746, 1, iLifterTask[1][5]
10:58:44.746, 100, UnLoadNewColorTrayTask
10:58:44.850, 150, UnLoadNewColorTrayTask
10:58:44.974, 50, PlaceToAutoTask
10:58:44.976, 110, PlaceToAutoTask
10:58:44.990, 300, PlaceToAutoTask
10:58:45.099, 400, PlaceToAutoTask
10:58:45.349, 200, UnLoadNewColorTrayTask
10:58:45.351, 1000, iLifterTask[0][2]
10:58:45.353, 1100, iLifterTask[0][2]
10:58:45.453, 1, iLifterTask[0][2]
10:58:45.453, 300, UnLoadNewColorTrayTask
10:58:45.556, 400, UnLoadNewColorTrayTask
10:58:45.556, 500, UnLoadNewColorTrayTask
10:58:45.999, 500, PlaceToAutoTask
10:58:46.002, 1, PlaceToAutoTask
10:58:46.002, 2000, OutArmAfterPlaceToAutoTask
10:58:46.002, 3500, OutArmTask
10:58:46.006, 3100, OutArmAfterPlaceToAutoTask
10:58:46.008, 1, OutArmAfterPlaceToAutoTask
10:58:46.008, 100, OutArmTask
10:58:46.011, 2000, OutArmTask
10:58:46.015, 2040, OutArmTask
10:58:46.017, 2200, OutArmTask
10:58:46.071, 1, UnLoadNewColorTrayTask
10:58:46.071, 300, AutoColorReceiveTask
10:58:46.073, 1, AutoColorReceiveTask
10:58:46.075, 65, AutoColorTask
10:58:46.127, 2, PickFromShuttle2Task
10:58:46.178, 200, AutoColorReceiveTask
10:58:46.178, 60, AutoColorTask
10:58:46.180, 50, UnLoadNewColorTrayTask
10:58:46.182, 1000, iLifterTask[1][5]
10:58:46.182, 1100, iLifterTask[1][5]
10:58:46.228, 200, PickFromShuttle2Task
10:58:46.517, 1000, PickFromShuttle2Task
10:58:46.619, 1, PickFromShuttle2Task
10:58:46.619, 3000, OutArmTask
10:58:46.623, 100, AutoSHT2Task
10:58:46.625, 120, AutoSHT2Task
10:58:46.674, 1, RearTestDestroyICTask
10:58:46.674, 100, RearTestDestroyICTask
10:58:46.676, 1, RearTestDestroyICTask
10:58:46.679, 1, RearTestDestroyICTask
10:58:46.679, 100, RearTestDestroyICTask
10:58:46.681, 100, RearTestDestroyICTask
10:58:46.683, 1, RearTestDestroyICTask
10:58:46.683, 100, RearTestDestroyICTask
10:58:46.685, 1, RearTestDestroyICTask
10:58:46.687, 1, RearTestDestroyICTask
10:58:46.687, 100, RearTestDestroyICTask
10:58:46.689, 100, RearTestDestroyICTask
10:58:46.691, 1, RearTestDestroyICTask
10:58:46.691, 100, RearTestDestroyICTask
10:58:46.693, 1, RearTestDestroyICTask
10:58:46.695, 1, RearTestDestroyICTask
10:58:46.695, 100, RearTestDestroyICTask
10:58:46.697, 100, RearTestDestroyICTask
10:58:46.699, 1, RearTestDestroyICTask
10:58:46.699, 100, RearTestDestroyICTask
10:58:46.701, 1, RearTestDestroyICTask
10:58:46.703, 1, RearTestDestroyICTask
10:58:46.703, 100, RearTestDestroyICTask
10:58:46.705, 100, RearTestDestroyICTask
10:58:46.707, 1, RearTestDestroyICTask
10:58:46.707, 100, RearTestDestroyICTask
10:58:46.709, 1, RearTestDestroyICTask
10:58:46.711, 1, RearTestDestroyICTask
10:58:46.711, 100, RearTestDestroyICTask
10:58:46.713, 100, RearTestDestroyICTask
10:58:46.715, 1, RearTestDestroyICTask
10:58:46.715, 100, RearTestDestroyICTask
10:58:46.717, 1, RearTestDestroyICTask
10:58:46.719, 1, RearTestDestroyICTask
10:58:46.719, 100, RearTestDestroyICTask
10:58:46.721, 100, RearTestDestroyICTask
10:58:46.724, 1, RearTestDestroyICTask
10:58:46.724, 100, RearTestDestroyICTask
10:58:46.727, 1, RearTestDestroyICTask
10:58:46.729, 1, RearTestDestroyICTask
10:58:46.729, 100, RearTestDestroyICTask
10:58:46.731, 100, RearTestDestroyICTask
10:58:46.733, 1, RearTestDestroyICTask
10:58:46.733, 100, RearTestDestroyICTask
10:58:46.735, 1, RearTestDestroyICTask
10:58:46.737, 1, RearTestDestroyICTask
10:58:46.737, 100, RearTestDestroyICTask
10:58:46.739, 100, RearTestDestroyICTask
10:58:46.741, 1, RearTestDestroyICTask
10:58:46.741, 100, RearTestDestroyICTask
10:58:46.743, 1, RearTestDestroyICTask
10:58:46.745, 1, RearTestDestroyICTask
10:58:46.745, 100, RearTestDestroyICTask
10:58:46.747, 100, RearTestDestroyICTask
10:58:46.749, 1, RearTestDestroyICTask
10:58:46.749, 100, RearTestDestroyICTask
10:58:46.751, 1, RearTestDestroyICTask
10:58:46.753, 1, RearTestDestroyICTask
10:58:46.753, 100, RearTestDestroyICTask
10:58:46.755, 100, RearTestDestroyICTask
10:58:46.758, 1, RearTestDestroyICTask
10:58:46.758, 100, RearTestDestroyICTask
10:58:46.760, 1, RearTestDestroyICTask
10:58:46.762, 1, RearTestDestroyICTask
10:58:46.762, 100, RearTestDestroyICTask
10:58:46.764, 100, RearTestDestroyICTask
10:58:46.766, 1, RearTestDestroyICTask
10:58:46.766, 100, RearTestDestroyICTask
10:58:46.768, 1, RearTestDestroyICTask
10:58:46.770, 1, RearTestDestroyICTask
10:58:46.770, 100, RearTestDestroyICTask
10:58:46.772, 100, RearTestDestroyICTask
10:58:46.775, 1, RearTestDestroyICTask
10:58:46.775, 100, RearTestDestroyICTask
10:58:46.777, 1, RearTestDestroyICTask
10:58:46.779, 1, RearTestDestroyICTask
10:58:46.779, 100, RearTestDestroyICTask
10:58:46.781, 100, RearTestDestroyICTask
10:58:46.783, 1, RearTestDestroyICTask
10:58:46.783, 100, RearTestDestroyICTask
10:58:46.785, 1, RearTestDestroyICTask
10:58:46.787, 1, RearTestDestroyICTask
10:58:46.787, 100, RearTestDestroyICTask
10:58:46.789, 100, RearTestDestroyICTask
10:58:46.791, 1, RearTestDestroyICTask
10:58:46.791, 100, RearTestDestroyICTask
10:58:46.793, 1, RearTestDestroyICTask
10:58:46.795, 1, RearTestDestroyICTask
10:58:46.795, 100, RearTestDestroyICTask
10:58:46.797, 100, RearTestDestroyICTask
10:58:46.799, 1, RearTestDestroyICTask
10:58:46.799, 100, RearTestDestroyICTask
10:58:46.801, 1, RearTestDestroyICTask
10:58:46.803, 1, RearTestDestroyICTask
10:58:46.803, 100, RearTestDestroyICTask
10:58:46.805, 100, RearTestDestroyICTask
10:58:46.807, 1, RearTestDestroyICTask
10:58:46.807, 100, RearTestDestroyICTask
10:58:46.809, 1, RearTestDestroyICTask
10:58:46.811, 1, RearTestDestroyICTask
10:58:46.811, 100, RearTestDestroyICTask
10:58:46.813, 100, RearTestDestroyICTask
10:58:46.815, 1, RearTestDestroyICTask
10:58:46.815, 100, RearTestDestroyICTask
10:58:46.817, 1, RearTestDestroyICTask
10:58:46.819, 1, RearTestDestroyICTask
10:58:46.819, 100, RearTestDestroyICTask
10:58:46.821, 100, RearTestDestroyICTask
10:58:46.823, 1, RearTestDestroyICTask
10:58:46.824, 100, RearTestDestroyICTask
10:58:46.826, 1, RearTestDestroyICTask
10:58:46.828, 1, RearTestDestroyICTask
10:58:46.828, 100, RearTestDestroyICTask
10:58:46.830, 100, RearTestDestroyICTask
10:58:46.832, 1, RearTestDestroyICTask
10:58:46.832, 100, RearTestDestroyICTask
10:58:46.835, 1, RearTestDestroyICTask
10:58:46.838, 1, RearTestDestroyICTask
10:58:46.838, 100, RearTestDestroyICTask
10:58:46.840, 100, RearTestDestroyICTask
10:58:46.842, 1, RearTestDestroyICTask
10:58:46.842, 100, RearTestDestroyICTask
10:58:46.844, 1, RearTestDestroyICTask
10:58:46.846, 1, RearTestDestroyICTask
10:58:46.846, 100, RearTestDestroyICTask
10:58:46.848, 100, RearTestDestroyICTask
10:58:46.851, 1, RearTestDestroyICTask
10:58:46.851, 100, RearTestDestroyICTask
10:58:46.854, 1, RearTestDestroyICTask
10:58:46.856, 1, RearTestDestroyICTask
10:58:46.856, 100, RearTestDestroyICTask
10:58:46.858, 100, RearTestDestroyICTask
10:58:46.860, 1, RearTestDestroyICTask
10:58:46.860, 100, RearTestDestroyICTask
10:58:46.862, 1, RearTestDestroyICTask
10:58:46.864, 1, RearTestDestroyICTask
10:58:46.864, 100, RearTestDestroyICTask
10:58:46.866, 100, RearTestDestroyICTask
10:58:46.868, 1, RearTestDestroyICTask
10:58:46.868, 100, RearTestDestroyICTask
10:58:46.870, 1, RearTestDestroyICTask
10:58:46.872, 1, RearTestDestroyICTask
10:58:46.872, 100, RearTestDestroyICTask
10:58:46.874, 100, RearTestDestroyICTask
10:58:46.876, 1, RearTestDestroyICTask
10:58:46.876, 100, RearTestDestroyICTask
10:58:46.878, 1, RearTestDestroyICTask
10:58:46.881, 1, RearTestDestroyICTask
10:58:46.881, 100, RearTestDestroyICTask
10:58:46.883, 100, RearTestDestroyICTask
10:58:46.886, 1, RearTestDestroyICTask
10:58:46.886, 100, RearTestDestroyICTask
10:58:46.888, 1, RearTestDestroyICTask
10:58:46.890, 1, RearTestDestroyICTask
10:58:46.890, 100, RearTestDestroyICTask
10:58:46.892, 100, RearTestDestroyICTask
10:58:46.894, 1, RearTestDestroyICTask
10:58:46.894, 100, RearTestDestroyICTask
10:58:46.897, 1, RearTestDestroyICTask
10:58:46.899, 1, RearTestDestroyICTask
10:58:46.899, 100, RearTestDestroyICTask
10:58:46.901, 100, RearTestDestroyICTask
10:58:46.903, 1, RearTestDestroyICTask
10:58:46.903, 100, RearTestDestroyICTask
10:58:46.905, 1, RearTestDestroyICTask
10:58:46.907, 1, RearTestDestroyICTask
10:58:46.907, 100, RearTestDestroyICTask
10:58:46.909, 100, RearTestDestroyICTask
10:58:46.911, 1, RearTestDestroyICTask
10:58:46.911, 100, RearTestDestroyICTask
10:58:46.912, 1, RearTestDestroyICTask
10:58:46.914, 1, RearTestDestroyICTask
10:58:46.914, 100, RearTestDestroyICTask
10:58:46.916, 100, RearTestDestroyICTask
10:58:46.918, 1, RearTestDestroyICTask
10:58:46.918, 100, RearTestDestroyICTask
10:58:46.920, 1, RearTestDestroyICTask
10:58:46.922, 1, RearTestDestroyICTask
10:58:46.922, 100, RearTestDestroyICTask
10:58:46.924, 100, RearTestDestroyICTask
10:58:46.926, 1, RearTestDestroyICTask
10:58:46.926, 100, RearTestDestroyICTask
10:58:46.928, 1, RearTestDestroyICTask
10:58:46.930, 1, RearTestDestroyICTask
10:58:46.930, 100, RearTestDestroyICTask
10:58:46.932, 100, RearTestDestroyICTask
10:58:46.934, 1, RearTestDestroyICTask
10:58:46.934, 100, RearTestDestroyICTask
10:58:46.936, 1, RearTestDestroyICTask
10:58:46.938, 1, RearTestDestroyICTask
10:58:46.938, 100, RearTestDestroyICTask
10:58:46.940, 100, RearTestDestroyICTask
10:58:46.943, 1, RearTestDestroyICTask
10:58:46.943, 100, RearTestDestroyICTask
10:58:46.945, 1, RearTestDestroyICTask
10:58:46.947, 1, RearTestDestroyICTask
10:58:46.947, 100, RearTestDestroyICTask
10:58:46.949, 100, RearTestDestroyICTask
10:58:46.951, 1, RearTestDestroyICTask
10:58:46.951, 100, RearTestDestroyICTask
10:58:46.953, 1, RearTestDestroyICTask
10:58:46.956, 1, RearTestDestroyICTask
10:58:46.956, 100, RearTestDestroyICTask
10:58:46.959, 100, RearTestDestroyICTask
10:58:46.962, 1, RearTestDestroyICTask
10:58:46.962, 100, RearTestDestroyICTask
10:58:46.964, 1, RearTestDestroyICTask
10:58:46.966, 1, RearTestDestroyICTask
10:58:46.966, 100, RearTestDestroyICTask
10:58:46.968, 100, RearTestDestroyICTask
10:58:46.970, 1, RearTestDestroyICTask
10:58:46.970, 100, RearTestDestroyICTask
10:58:46.972, 1, RearTestDestroyICTask
10:58:46.975, 1, RearTestDestroyICTask
10:58:46.975, 100, RearTestDestroyICTask
10:58:46.977, 100, RearTestDestroyICTask
10:58:46.979, 1, RearTestDestroyICTask
10:58:46.979, 100, RearTestDestroyICTask
10:58:46.981, 1, RearTestDestroyICTask
10:58:46.983, 1, RearTestDestroyICTask
10:58:46.983, 100, RearTestDestroyICTask
10:58:46.985, 100, RearTestDestroyICTask
10:58:46.987, 1, RearTestDestroyICTask
10:58:46.987, 100, RearTestDestroyICTask
10:58:46.989, 1, RearTestDestroyICTask
10:58:46.991, 1, RearTestDestroyICTask
10:58:46.991, 100, RearTestDestroyICTask
10:58:46.993, 100, RearTestDestroyICTask
10:58:46.995, 1, RearTestDestroyICTask
10:58:46.995, 100, RearTestDestroyICTask
10:58:46.997, 1, RearTestDestroyICTask
10:58:46.999, 1, RearTestDestroyICTask
10:58:46.999, 100, RearTestDestroyICTask
10:58:47.001, 100, RearTestDestroyICTask
10:58:47.003, 1, RearTestDestroyICTask
10:58:47.003, 100, RearTestDestroyICTask
10:58:47.005, 1, RearTestDestroyICTask
10:58:47.007, 1, RearTestDestroyICTask
10:58:47.007, 100, RearTestDestroyICTask
10:58:47.009, 100, RearTestDestroyICTask
10:58:47.011, 1, RearTestDestroyICTask
10:58:47.011, 100, RearTestDestroyICTask
10:58:47.013, 1, RearTestDestroyICTask
10:58:47.015, 1, RearTestDestroyICTask
10:58:47.015, 100, RearTestDestroyICTask
10:58:47.017, 100, RearTestDestroyICTask
10:58:47.019, 1, RearTestDestroyICTask
10:58:47.019, 100, RearTestDestroyICTask
10:58:47.021, 1, RearTestDestroyICTask
10:58:47.023, 1, RearTestDestroyICTask
10:58:47.023, 100, RearTestDestroyICTask
10:58:47.025, 100, RearTestDestroyICTask
10:58:47.027, 1, RearTestDestroyICTask
10:58:47.028, 100, RearTestDestroyICTask
10:58:47.030, 1, RearTestDestroyICTask
10:58:47.032, 1, RearTestDestroyICTask
10:58:47.032, 100, RearTestDestroyICTask
10:58:47.034, 100, RearTestDestroyICTask
10:58:47.036, 1, RearTestDestroyICTask
10:58:47.036, 100, RearTestDestroyICTask
10:58:47.039, 1, RearTestDestroyICTask
10:58:47.041, 1, RearTestDestroyICTask
10:58:47.041, 100, RearTestDestroyICTask
10:58:47.043, 100, RearTestDestroyICTask
10:58:47.045, 1, RearTestDestroyICTask
10:58:47.045, 100, RearTestDestroyICTask
10:58:47.047, 1, RearTestDestroyICTask
10:58:47.049, 1, RearTestDestroyICTask
10:58:47.049, 100, RearTestDestroyICTask
10:58:47.051, 100, RearTestDestroyICTask
10:58:47.053, 1, RearTestDestroyICTask
10:58:47.053, 100, RearTestDestroyICTask
10:58:47.055, 1, RearTestDestroyICTask
10:58:47.057, 1, RearTestDestroyICTask
10:58:47.057, 100, RearTestDestroyICTask
10:58:47.059, 100, RearTestDestroyICTask
10:58:47.061, 1, RearTestDestroyICTask
10:58:47.061, 100, RearTestDestroyICTask
10:58:47.064, 1, RearTestDestroyICTask
10:58:47.066, 1, RearTestDestroyICTask
10:58:47.066, 100, RearTestDestroyICTask
10:58:47.068, 100, RearTestDestroyICTask
10:58:47.071, 1, RearTestDestroyICTask
10:58:47.071, 100, RearTestDestroyICTask
10:58:47.073, 1, RearTestDestroyICTask
10:58:47.075, 1, RearTestDestroyICTask
10:58:47.075, 100, RearTestDestroyICTask
10:58:47.077, 100, RearTestDestroyICTask
10:58:47.079, 1, RearTestDestroyICTask
10:58:47.079, 100, RearTestDestroyICTask
10:58:47.081, 1, RearTestDestroyICTask
10:58:47.083, 1, RearTestDestroyICTask
10:58:47.083, 100, RearTestDestroyICTask
10:58:47.085, 100, RearTestDestroyICTask
10:58:47.087, 1, RearTestDestroyICTask
10:58:47.087, 100, RearTestDestroyICTask
10:58:47.089, 1, RearTestDestroyICTask
10:58:47.091, 1, RearTestDestroyICTask
10:58:47.091, 100, RearTestDestroyICTask
10:58:47.093, 100, RearTestDestroyICTask
10:58:47.095, 1, RearTestDestroyICTask
10:58:47.095, 100, RearTestDestroyICTask
10:58:47.098, 1, RearTestDestroyICTask
10:58:47.100, 1, RearTestDestroyICTask
10:58:47.100, 100, RearTestDestroyICTask
10:58:47.102, 100, RearTestDestroyICTask
10:58:47.105, 1, RearTestDestroyICTask
10:58:47.105, 100, RearTestDestroyICTask
10:58:47.107, 1, RearTestDestroyICTask
10:58:47.109, 1, RearTestDestroyICTask
10:58:47.109, 100, RearTestDestroyICTask
10:58:47.111, 100, RearTestDestroyICTask
10:58:47.115, 1, RearTestDestroyICTask
10:58:47.115, 100, RearTestDestroyICTask
10:58:47.118, 1, RearTestDestroyICTask
10:58:47.120, 1, RearTestDestroyICTask
10:58:47.120, 100, RearTestDestroyICTask
10:58:47.123, 100, RearTestDestroyICTask
10:58:47.125, 1, RearTestDestroyICTask
10:58:47.125, 100, RearTestDestroyICTask
10:58:47.127, 1, RearTestDestroyICTask
10:58:47.129, 1, RearTestDestroyICTask
10:58:47.129, 100, RearTestDestroyICTask
10:58:47.131, 100, RearTestDestroyICTask
10:58:47.133, 1, RearTestDestroyICTask
10:58:47.133, 100, RearTestDestroyICTask
10:58:47.135, 1, RearTestDestroyICTask
10:58:47.137, 1, RearTestDestroyICTask
10:58:47.137, 100, RearTestDestroyICTask
10:58:47.139, 100, RearTestDestroyICTask
10:58:47.141, 1, RearTestDestroyICTask
10:58:47.141, 100, RearTestDestroyICTask
10:58:47.143, 1, RearTestDestroyICTask
10:58:47.145, 1, RearTestDestroyICTask
10:58:47.145, 100, RearTestDestroyICTask
10:58:47.147, 100, RearTestDestroyICTask
10:58:47.149, 1, RearTestDestroyICTask
10:58:47.149, 100, RearTestDestroyICTask
10:58:47.152, 1, RearTestDestroyICTask
10:58:47.154, 1, RearTestDestroyICTask
10:58:47.154, 100, RearTestDestroyICTask
10:58:47.156, 100, RearTestDestroyICTask
10:58:47.158, 1, RearTestDestroyICTask
10:58:47.158, 100, RearTestDestroyICTask
10:58:47.160, 1, RearTestDestroyICTask
10:58:47.162, 1, RearTestDestroyICTask
10:58:47.162, 100, RearTestDestroyICTask
10:58:47.164, 100, RearTestDestroyICTask
10:58:47.167, 1, RearTestDestroyICTask
10:58:47.167, 100, RearTestDestroyICTask
10:58:47.169, 1, RearTestDestroyICTask
10:58:47.171, 1, RearTestDestroyICTask
10:58:47.171, 100, RearTestDestroyICTask
10:58:47.173, 100, RearTestDestroyICTask
10:58:47.175, 1, RearTestDestroyICTask
10:58:47.177, 100, RearTestDestroyICTask
10:58:47.181, 1, RearTestDestroyICTask
10:58:47.183, 1, RearTestDestroyICTask
10:58:47.183, 100, RearTestDestroyICTask
10:58:47.185, 100, RearTestDestroyICTask
10:58:47.187, 1, RearTestDestroyICTask
10:58:47.187, 100, RearTestDestroyICTask
10:58:47.189, 1, RearTestDestroyICTask
10:58:47.191, 1, RearTestDestroyICTask
10:58:47.191, 100, RearTestDestroyICTask
10:58:47.193, 100, RearTestDestroyICTask
10:58:47.195, 1, RearTestDestroyICTask
10:58:47.195, 100, RearTestDestroyICTask
10:58:47.197, 1, RearTestDestroyICTask
10:58:47.199, 1, RearTestDestroyICTask
10:58:47.199, 100, RearTestDestroyICTask
10:58:47.201, 100, RearTestDestroyICTask
10:58:47.203, 1, RearTestDestroyICTask
10:58:47.203, 100, RearTestDestroyICTask
10:58:47.205, 1, RearTestDestroyICTask
10:58:47.208, 1, RearTestDestroyICTask
10:58:47.208, 100, RearTestDestroyICTask
10:58:47.209, 100, RearTestDestroyICTask
10:58:47.211, 1, RearTestDestroyICTask
10:58:47.211, 100, RearTestDestroyICTask
10:58:47.213, 1, RearTestDestroyICTask
10:58:47.215, 1, RearTestDestroyICTask
10:58:47.215, 100, RearTestDestroyICTask
10:58:47.217, 100, RearTestDestroyICTask
10:58:47.219, 1, RearTestDestroyICTask
10:58:47.219, 100, RearTestDestroyICTask
10:58:47.221, 1, RearTestDestroyICTask
10:58:47.223, 1, RearTestDestroyICTask
10:58:47.223, 100, RearTestDestroyICTask
10:58:47.225, 100, RearTestDestroyICTask
10:58:47.227, 1, RearTestDestroyICTask
10:58:47.227, 100, RearTestDestroyICTask
10:58:47.229, 1, RearTestDestroyICTask
10:58:47.231, 1, RearTestDestroyICTask
10:58:47.231, 100, RearTestDestroyICTask
10:58:47.233, 100, RearTestDestroyICTask
10:58:47.235, 1, RearTestDestroyICTask
10:58:47.235, 100, RearTestDestroyICTask
10:58:47.237, 1, RearTestDestroyICTask
10:58:47.239, 1, RearTestDestroyICTask
10:58:47.239, 100, RearTestDestroyICTask
10:58:47.241, 100, RearTestDestroyICTask
10:58:47.243, 1, RearTestDestroyICTask
10:58:47.243, 100, RearTestDestroyICTask
10:58:47.245, 1, RearTestDestroyICTask
10:58:47.247, 1, RearTestDestroyICTask
10:58:47.247, 100, RearTestDestroyICTask
10:58:47.249, 100, RearTestDestroyICTask
10:58:47.251, 1, RearTestDestroyICTask
10:58:47.251, 100, RearTestDestroyICTask
10:58:47.253, 1, RearTestDestroyICTask
10:58:47.256, 1, RearTestDestroyICTask
10:58:47.256, 100, RearTestDestroyICTask
10:58:47.258, 100, RearTestDestroyICTask
10:58:47.260, 1, RearTestDestroyICTask
10:58:47.260, 100, RearTestDestroyICTask
10:58:47.262, 1, RearTestDestroyICTask
10:58:47.264, 1, RearTestDestroyICTask
10:58:47.264, 100, RearTestDestroyICTask
10:58:47.266, 100, RearTestDestroyICTask
10:58:47.268, 1, RearTestDestroyICTask
10:58:47.268, 100, RearTestDestroyICTask
10:58:47.269, 1, RearTestDestroyICTask
10:58:47.271, 1, RearTestDestroyICTask
10:58:47.271, 100, RearTestDestroyICTask
10:58:47.273, 100, RearTestDestroyICTask
10:58:47.275, 1, RearTestDestroyICTask
10:58:47.275, 100, RearTestDestroyICTask
10:58:47.277, 1, RearTestDestroyICTask
10:58:47.279, 1, RearTestDestroyICTask
10:58:47.279, 100, RearTestDestroyICTask
10:58:47.281, 100, RearTestDestroyICTask
10:58:47.283, 1, RearTestDestroyICTask
10:58:47.283, 100, RearTestDestroyICTask
10:58:47.285, 1, RearTestDestroyICTask
10:58:47.288, 1, RearTestDestroyICTask
10:58:47.288, 100, RearTestDestroyICTask
10:58:47.290, 100, RearTestDestroyICTask
10:58:47.293, 1, RearTestDestroyICTask
10:58:47.293, 100, RearTestDestroyICTask
10:58:47.295, 1, RearTestDestroyICTask
10:58:47.297, 1, RearTestDestroyICTask
10:58:47.297, 100, RearTestDestroyICTask
10:58:47.299, 100, RearTestDestroyICTask
10:58:47.301, 1, RearTestDestroyICTask
10:58:47.301, 100, RearTestDestroyICTask
10:58:47.303, 1, RearTestDestroyICTask
10:58:47.305, 1, RearTestDestroyICTask
10:58:47.305, 100, RearTestDestroyICTask
10:58:47.307, 100, RearTestDestroyICTask
10:58:47.309, 1, RearTestDestroyICTask
10:58:47.309, 100, RearTestDestroyICTask
10:58:47.311, 1, RearTestDestroyICTask
10:58:47.313, 1, RearTestDestroyICTask
10:58:47.313, 100, RearTestDestroyICTask
10:58:47.315, 100, RearTestDestroyICTask
10:58:47.317, 1, RearTestDestroyICTask
10:58:47.317, 100, RearTestDestroyICTask
10:58:47.320, 1, RearTestDestroyICTask
10:58:47.322, 1, RearTestDestroyICTask
10:58:47.322, 100, RearTestDestroyICTask
10:58:47.324, 100, RearTestDestroyICTask
10:58:47.326, 1, RearTestDestroyICTask
10:58:47.326, 100, RearTestDestroyICTask
10:58:47.328, 1, RearTestDestroyICTask
10:58:47.328, 3010, OutArmTask
10:58:47.330, 100, RearTestDestroyICTask
10:58:47.336, 1, RearTestDestroyICTask
10:58:47.336, 3100, OutArmTask
10:58:47.338, 100, RearTestDestroyICTask
10:58:47.345, 1, RearTestDestroyICTask
10:58:47.345, 10, PlaceToAutoTask
10:58:47.345, 100, RearTestDestroyICTask
10:58:47.345, 3310, OutArmTask
10:58:47.351, 1, RearTestDestroyICTask
10:58:47.353, 100, RearTestDestroyICTask
10:58:47.357, 1, RearTestDestroyICTask
10:58:47.359, 100, RearTestDestroyICTask
10:58:47.363, 1, RearTestDestroyICTask
10:58:47.363, 100, RearTestDestroyICTask
10:58:47.368, 1, RearTestDestroyICTask
10:58:47.370, 100, RearTestDestroyICTask
10:58:47.373, 1, RearTestDestroyICTask
10:58:47.375, 100, RearTestDestroyICTask
10:58:47.380, 1, RearTestDestroyICTask
10:58:47.380, 100, RearTestDestroyICTask
10:58:47.385, 1, RearTestDestroyICTask
10:58:47.387, 100, RearTestDestroyICTask
10:58:47.390, 1, RearTestDestroyICTask
10:58:47.392, 100, RearTestDestroyICTask
10:58:47.397, 1, RearTestDestroyICTask
10:58:47.398, 100, RearTestDestroyICTask
10:58:47.403, 1, RearTestDestroyICTask
10:58:47.405, 100, RearTestDestroyICTask
10:58:47.408, 1, RearTestDestroyICTask
10:58:47.410, 100, RearTestDestroyICTask
10:58:47.414, 1, RearTestDestroyICTask
10:58:47.414, 100, RearTestDestroyICTask
10:58:47.418, 1, RearTestDestroyICTask
10:58:47.422, 100, RearTestDestroyICTask
10:58:47.425, 1, AutoSHT2Task
10:58:47.425, 1, RearTestDestroyICTask
10:58:47.427, 190, InArmPickFromHotPlateTask
10:58:47.427, 200, RearTestDestroyICTask
10:58:47.430, 310, RearTestDestroyICTask
10:58:47.436, 200, InArmPickFromHotPlateTask
10:58:47.760, 300, InArmPickFromHotPlateTask
10:58:47.778, 50, PlaceToAutoTask
10:58:47.780, 110, PlaceToAutoTask
10:58:47.791, 300, PlaceToAutoTask
10:58:47.869, 340, InArmPickFromHotPlateTask
10:58:47.896, 400, PlaceToAutoTask
10:58:48.185, 1, iLifterTask[1][5]
10:58:48.185, 100, UnLoadNewColorTrayTask
10:58:48.288, 150, UnLoadNewColorTrayTask
10:58:48.433, 500, RearTestDestroyICTask
10:58:48.435, 10, AutoSHT2Task
10:58:48.439, 100, AutoSHT2Task
10:58:48.441, 120, AutoSHT2Task
10:58:48.443, 1, AutoSHT2Task
10:58:48.447, 10, AutoSHT2Task
10:58:48.449, 100, AutoSHT2Task
10:58:48.451, 120, AutoSHT2Task
10:58:48.455, 1, AutoSHT2Task
10:58:48.456, 10, AutoSHT2Task
10:58:48.458, 100, AutoSHT2Task
10:58:48.462, 120, AutoSHT2Task
10:58:48.464, 1, AutoSHT2Task
10:58:48.466, 10, AutoSHT2Task
10:58:48.470, 100, AutoSHT2Task
10:58:48.472, 120, AutoSHT2Task
10:58:48.474, 1, AutoSHT2Task
10:58:48.478, 10, AutoSHT2Task
10:58:48.480, 100, AutoSHT2Task
10:58:48.482, 120, AutoSHT2Task
10:58:48.486, 1, AutoSHT2Task
10:58:48.489, 10, AutoSHT2Task
10:58:48.491, 100, AutoSHT2Task
10:58:48.496, 120, AutoSHT2Task
10:58:48.498, 1, AutoSHT2Task
10:58:48.500, 10, AutoSHT2Task
10:58:48.505, 100, AutoSHT2Task
10:58:48.507, 120, AutoSHT2Task
10:58:48.509, 1, AutoSHT2Task
10:58:48.514, 10, AutoSHT2Task
10:58:48.516, 100, AutoSHT2Task
10:58:48.518, 120, AutoSHT2Task
10:58:48.522, 1, AutoSHT2Task
10:58:48.524, 10, AutoSHT2Task
10:58:48.526, 100, AutoSHT2Task
10:58:48.531, 120, AutoSHT2Task
10:58:48.532, 1, AutoSHT2Task
10:58:48.535, 10, AutoSHT2Task
10:58:48.538, 100, AutoSHT2Task
10:58:48.541, 120, AutoSHT2Task
10:58:48.543, 1, AutoSHT2Task
10:58:48.547, 10, AutoSHT2Task
10:58:48.548, 100, AutoSHT2Task
10:58:48.550, 120, AutoSHT2Task
10:58:48.555, 1, AutoSHT2Task
10:58:48.557, 10, AutoSHT2Task
10:58:48.559, 100, AutoSHT2Task
10:58:48.563, 120, AutoSHT2Task
10:58:48.565, 1, AutoSHT2Task
10:58:48.567, 10, AutoSHT2Task
10:58:48.571, 100, AutoSHT2Task
10:58:48.573, 120, AutoSHT2Task
10:58:48.575, 1, AutoSHT2Task
10:58:48.580, 10, AutoSHT2Task
10:58:48.582, 100, AutoSHT2Task
10:58:48.584, 120, AutoSHT2Task
10:58:48.588, 1, AutoSHT2Task
10:58:48.590, 10, AutoSHT2Task
10:58:48.592, 100, AutoSHT2Task
10:58:48.598, 120, AutoSHT2Task
10:58:48.600, 1, AutoSHT2Task
10:58:48.602, 10, AutoSHT2Task
10:58:48.606, 100, AutoSHT2Task
10:58:48.608, 120, AutoSHT2Task
10:58:48.610, 1, AutoSHT2Task
10:58:48.615, 10, AutoSHT2Task
10:58:48.617, 100, AutoSHT2Task
10:58:48.619, 120, AutoSHT2Task
10:58:48.623, 1, AutoSHT2Task
10:58:48.625, 10, AutoSHT2Task
10:58:48.627, 100, AutoSHT2Task
10:58:48.631, 120, AutoSHT2Task
10:58:48.633, 1, AutoSHT2Task
10:58:48.635, 10, AutoSHT2Task
10:58:48.639, 100, AutoSHT2Task
10:58:48.641, 120, AutoSHT2Task
10:58:48.643, 1, AutoSHT2Task
10:58:48.645, 350, InArmPickFromHotPlateTask
10:58:48.647, 1, InArmPickFromHotPlateTask
10:58:48.647, 10, AutoSHT2Task
10:58:48.647, 2000, InArmTask
10:58:48.647, 209, TestYRearTask
10:58:48.647, 2091, TestYRearTask
10:58:48.647, 2092, TestYRearTask
10:58:48.647, 210, TestYRearTask
10:58:48.649, 100, AutoSHT2Task
10:58:48.649, 1900, InArmPlaceToShuttleTask
10:58:48.651, 120, AutoSHT2Task
10:58:48.651, 1950, InArmPlaceToShuttleTask
10:58:48.655, 1, AutoSHT2Task
10:58:48.710, 2100, InArmPlaceToShuttleTask
10:58:48.788, 1000, iLifterTask[0][2]
10:58:48.788, 200, UnLoadNewColorTrayTask
10:58:48.790, 1100, iLifterTask[0][2]
10:58:48.814, 500, PlaceToAutoTask
10:58:48.816, 1, PlaceToAutoTask
10:58:48.816, 2000, OutArmAfterPlaceToAutoTask
10:58:48.816, 3500, OutArmTask
10:58:48.818, 3100, OutArmAfterPlaceToAutoTask
10:58:48.822, 1, OutArmAfterPlaceToAutoTask
10:58:48.822, 100, OutArmTask
10:58:48.824, 2000, OutArmTask
10:58:48.826, 2040, OutArmTask
10:58:48.833, 2050, OutArmTask
10:58:48.892, 1, iLifterTask[0][2]
10:58:48.892, 300, UnLoadNewColorTrayTask
10:58:48.929, 2100, OutArmTask
10:58:48.994, 400, UnLoadNewColorTrayTask
10:58:48.998, 500, UnLoadNewColorTrayTask
10:58:49.012, 2200, InArmPlaceToShuttleTask
10:58:49.115, 2300, InArmPlaceToShuttleTask
10:58:49.119, 2400, InArmPlaceToShuttleTask
10:58:49.180, 210, AutoSHT1Task
10:58:49.182, 1, AutoSHT1Task
10:58:49.186, 10, AutoSHT1Task
10:58:49.188, 200, AutoSHT1Task
10:58:49.190, 210, AutoSHT1Task
10:58:49.195, 1, AutoSHT1Task
10:58:49.197, 10, AutoSHT1Task
10:58:49.199, 200, AutoSHT1Task
10:58:49.204, 210, AutoSHT1Task
10:58:49.206, 1, AutoSHT1Task
10:58:49.208, 10, AutoSHT1Task
10:58:49.212, 200, AutoSHT1Task
10:58:49.214, 210, AutoSHT1Task
10:58:49.216, 1, AutoSHT1Task
10:58:49.220, 10, AutoSHT1Task
10:58:49.222, 200, AutoSHT1Task
10:58:49.225, 210, AutoSHT1Task
10:58:49.229, 1, AutoSHT1Task
10:58:49.231, 10, AutoSHT1Task
10:58:49.233, 200, AutoSHT1Task
10:58:49.237, 210, AutoSHT1Task
10:58:49.239, 1, AutoSHT1Task
10:58:49.241, 10, AutoSHT1Task
10:58:49.245, 200, AutoSHT1Task
10:58:49.247, 210, AutoSHT1Task
10:58:49.249, 1, AutoSHT1Task
10:58:49.254, 10, AutoSHT1Task
10:58:49.256, 200, AutoSHT1Task
10:58:49.258, 210, AutoSHT1Task
10:58:49.262, 1, AutoSHT1Task
10:58:49.264, 10, AutoSHT1Task
10:58:49.265, 200, AutoSHT1Task
10:58:49.269, 210, AutoSHT1Task
10:58:49.271, 1, AutoSHT1Task
10:58:49.273, 10, AutoSHT1Task
10:58:49.277, 200, AutoSHT1Task
10:58:49.279, 210, AutoSHT1Task
10:58:49.281, 1, AutoSHT1Task
10:58:49.285, 10, AutoSHT1Task
10:58:49.287, 200, AutoSHT1Task
10:58:49.289, 210, AutoSHT1Task
10:58:49.293, 1, AutoSHT1Task
10:58:49.296, 10, AutoSHT1Task
10:58:49.297, 200, AutoSHT1Task
10:58:49.302, 210, AutoSHT1Task
10:58:49.304, 1, AutoSHT1Task
10:58:49.306, 10, AutoSHT1Task
10:58:49.310, 200, AutoSHT1Task
10:58:49.312, 210, AutoSHT1Task
10:58:49.314, 1, AutoSHT1Task
10:58:49.318, 10, AutoSHT1Task
10:58:49.320, 200, AutoSHT1Task
10:58:49.322, 210, AutoSHT1Task
10:58:49.326, 1, AutoSHT1Task
10:58:49.328, 10, AutoSHT1Task
10:58:49.330, 200, AutoSHT1Task
10:58:49.334, 210, AutoSHT1Task
10:58:49.336, 1, AutoSHT1Task
10:58:49.338, 10, AutoSHT1Task
10:58:49.342, 200, AutoSHT1Task
10:58:49.344, 210, AutoSHT1Task
10:58:49.346, 1, AutoSHT1Task
10:58:49.350, 10, AutoSHT1Task
10:58:49.352, 200, AutoSHT1Task
10:58:49.354, 210, AutoSHT1Task
10:58:49.358, 1, AutoSHT1Task
10:58:49.361, 10, AutoSHT1Task
10:58:49.364, 200, AutoSHT1Task
10:58:49.368, 210, AutoSHT1Task
10:58:49.370, 1, AutoSHT1Task
10:58:49.372, 10, AutoSHT1Task
10:58:49.376, 200, AutoSHT1Task
10:58:49.379, 210, AutoSHT1Task
10:58:49.381, 1, AutoSHT1Task
10:58:49.385, 10, AutoSHT1Task
10:58:49.387, 200, AutoSHT1Task
10:58:49.389, 210, AutoSHT1Task
10:58:49.393, 1, AutoSHT1Task
10:58:49.395, 10, AutoSHT1Task
10:58:49.397, 200, AutoSHT1Task
10:58:49.401, 210, AutoSHT1Task
10:58:49.403, 1, AutoSHT1Task
10:58:49.405, 10, AutoSHT1Task
10:58:49.409, 200, AutoSHT1Task
10:58:49.411, 210, AutoSHT1Task
10:58:49.413, 1, AutoSHT1Task
10:58:49.417, 10, AutoSHT1Task
10:58:49.419, 200, AutoSHT1Task
10:58:49.421, 210, AutoSHT1Task
10:58:49.425, 1, AutoSHT1Task
10:58:49.427, 10, AutoSHT1Task
10:58:49.429, 200, AutoSHT1Task
10:58:49.433, 210, AutoSHT1Task
10:58:49.435, 1, AutoSHT1Task
10:58:49.437, 10, AutoSHT1Task
10:58:49.441, 200, AutoSHT1Task
10:58:49.443, 210, AutoSHT1Task
10:58:49.445, 1, AutoSHT1Task
10:58:49.449, 10, AutoSHT1Task
10:58:49.451, 200, AutoSHT1Task
10:58:49.453, 210, AutoSHT1Task
10:58:49.457, 1, AutoSHT1Task
10:58:49.459, 10, AutoSHT1Task
10:58:49.461, 200, AutoSHT1Task
10:58:49.465, 210, AutoSHT1Task
10:58:49.468, 1, AutoSHT1Task
10:58:49.470, 10, AutoSHT1Task
10:58:49.474, 200, AutoSHT1Task
10:58:49.476, 210, AutoSHT1Task
10:58:49.478, 1, AutoSHT1Task
10:58:49.483, 10, AutoSHT1Task
10:58:49.485, 200, AutoSHT1Task
10:58:49.487, 210, AutoSHT1Task
10:58:49.491, 1, AutoSHT1Task
10:58:49.493, 10, AutoSHT1Task
10:58:49.495, 200, AutoSHT1Task
10:58:49.499, 210, AutoSHT1Task
10:58:49.501, 1, AutoSHT1Task
10:58:49.509, 1, AutoColorReceiveTask
10:58:49.509, 1, UnLoadNewColorTrayTask
10:58:49.509, 10, AutoSHT1Task
10:58:49.509, 300, AutoColorReceiveTask
10:58:49.511, 65, AutoColorTask
10:58:49.513, 200, AutoSHT1Task
10:58:49.515, 210, AutoSHT1Task
10:58:49.517, 1, AutoSHT1Task
10:58:49.521, 10, AutoSHT1Task
10:58:49.523, 200, AutoSHT1Task
10:58:49.525, 210, AutoSHT1Task
10:58:49.528, 1, AutoSHT1Task
10:58:49.530, 10, AutoSHT1Task
10:58:49.532, 200, AutoSHT1Task
10:58:49.536, 210, AutoSHT1Task
10:58:49.538, 1, AutoSHT1Task
10:58:49.540, 10, AutoSHT1Task
10:58:49.544, 200, AutoSHT1Task
10:58:49.546, 210, AutoSHT1Task
10:58:49.548, 1, AutoSHT1Task
10:58:49.552, 10, AutoSHT1Task
10:58:49.554, 200, AutoSHT1Task
10:58:49.556, 210, AutoSHT1Task
10:58:49.565, 1, AutoSHT1Task
10:58:49.570, 10, AutoSHT1Task
10:58:49.572, 200, AutoSHT1Task
10:58:49.576, 210, AutoSHT1Task
10:58:49.578, 1, AutoSHT1Task
10:58:49.580, 10, AutoSHT1Task
10:58:49.584, 200, AutoSHT1Task
10:58:49.586, 210, AutoSHT1Task
10:58:49.588, 1, AutoSHT1Task
10:58:49.593, 10, AutoSHT1Task
10:58:49.595, 200, AutoSHT1Task
10:58:49.597, 210, AutoSHT1Task
10:58:49.601, 1, AutoSHT1Task
10:58:49.603, 10, AutoSHT1Task
10:58:49.606, 200, AutoSHT1Task
10:58:49.610, 210, AutoSHT1Task
10:58:49.616, 200, AutoColorReceiveTask
10:58:49.616, 60, AutoColorTask
10:58:49.618, 1, AutoSHT1Task
10:58:49.618, 50, UnLoadNewColorTrayTask
10:58:49.620, 10, AutoSHT1Task
10:58:49.620, 1000, iLifterTask[1][5]
10:58:49.620, 1100, iLifterTask[1][5]
10:58:49.624, 200, AutoSHT1Task
10:58:49.626, 210, AutoSHT1Task
10:58:49.628, 1, AutoSHT1Task
10:58:49.632, 10, AutoSHT1Task
10:58:49.634, 200, AutoSHT1Task
10:58:49.636, 210, AutoSHT1Task
10:58:49.640, 1, AutoSHT1Task
10:58:49.642, 10, AutoSHT1Task
10:58:49.644, 200, AutoSHT1Task
10:58:49.648, 210, AutoSHT1Task
10:58:49.650, 1, AutoSHT1Task
10:58:49.652, 10, AutoSHT1Task
10:58:49.656, 200, AutoSHT1Task
10:58:49.658, 210, AutoSHT1Task
10:58:49.660, 1, AutoSHT1Task
10:58:49.664, 10, AutoSHT1Task
10:58:49.666, 200, AutoSHT1Task
10:58:49.668, 210, AutoSHT1Task
10:58:49.672, 1, AutoSHT1Task
10:58:49.674, 10, AutoSHT1Task
10:58:49.677, 200, AutoSHT1Task
10:58:49.681, 210, AutoSHT1Task
10:58:49.683, 1, AutoSHT1Task
10:58:49.687, 10, AutoSHT1Task
10:58:49.691, 200, AutoSHT1Task
10:58:49.693, 210, AutoSHT1Task
10:58:49.695, 1, AutoSHT1Task
10:58:49.699, 10, AutoSHT1Task
10:58:49.701, 200, AutoSHT1Task
10:58:49.703, 210, AutoSHT1Task
10:58:49.707, 1, AutoSHT1Task
10:58:49.710, 10, AutoSHT1Task
10:58:49.712, 200, AutoSHT1Task
10:58:49.715, 210, AutoSHT1Task
10:58:49.717, 1, AutoSHT1Task
10:58:49.719, 10, AutoSHT1Task
10:58:49.723, 200, AutoSHT1Task
10:58:49.725, 210, AutoSHT1Task
10:58:49.727, 1, AutoSHT1Task
10:58:49.732, 10, AutoSHT1Task
10:58:49.734, 200, AutoSHT1Task
10:58:49.736, 210, AutoSHT1Task
10:58:49.740, 1, AutoSHT1Task
10:58:49.742, 10, AutoSHT1Task
10:58:49.744, 200, AutoSHT1Task
10:58:49.748, 210, AutoSHT1Task
10:58:49.750, 1, AutoSHT1Task
10:58:49.752, 10, AutoSHT1Task
10:58:49.756, 200, AutoSHT1Task
10:58:49.760, 210, AutoSHT1Task
10:58:49.761, 1, AutoSHT1Task
10:58:49.765, 10, AutoSHT1Task
10:58:49.767, 200, AutoSHT1Task
10:58:49.769, 210, AutoSHT1Task
10:58:49.773, 1, AutoSHT1Task
10:58:49.776, 10, AutoSHT1Task
10:58:49.778, 200, AutoSHT1Task
10:58:49.782, 210, AutoSHT1Task
10:58:49.784, 1, AutoSHT1Task
10:58:49.786, 10, AutoSHT1Task
10:58:49.790, 200, AutoSHT1Task
10:58:49.792, 210, AutoSHT1Task
10:58:49.796, 1, AutoSHT1Task
10:58:49.800, 10, AutoSHT1Task
10:58:49.802, 200, AutoSHT1Task
10:58:49.804, 210, AutoSHT1Task
10:58:49.808, 1, AutoSHT1Task
10:58:49.811, 10, AutoSHT1Task
10:58:49.813, 200, AutoSHT1Task
10:58:49.817, 210, AutoSHT1Task
10:58:49.819, 1, AutoSHT1Task
10:58:49.821, 10, AutoSHT1Task
10:58:49.825, 200, AutoSHT1Task
10:58:49.827, 210, AutoSHT1Task
10:58:49.829, 1, AutoSHT1Task
10:58:49.833, 10, AutoSHT1Task
10:58:49.835, 200, AutoSHT1Task
10:58:49.837, 210, AutoSHT1Task
10:58:49.841, 1, AutoSHT1Task
10:58:49.843, 10, AutoSHT1Task
10:58:49.845, 200, AutoSHT1Task
10:58:49.849, 210, AutoSHT1Task
10:58:49.851, 1, AutoSHT1Task
10:58:49.853, 10, AutoSHT1Task
10:58:49.857, 200, AutoSHT1Task
10:58:49.859, 210, AutoSHT1Task
10:58:49.861, 1, AutoSHT1Task
10:58:49.865, 10, AutoSHT1Task
10:58:49.867, 1301, InArmInArmCheckShtFloatTask;
10:58:49.867, 200, AutoSHT1Task
10:58:49.869, 210, AutoSHT1Task
10:58:49.873, 1, AutoSHT1Task
10:58:49.875, 10, AutoSHT1Task
10:58:49.877, 200, AutoSHT1Task
10:58:49.881, 210, AutoSHT1Task
10:58:49.883, 1, AutoSHT1Task
10:58:49.885, 10, AutoSHT1Task
10:58:49.885, 300, CatchTrayTask
10:58:49.888, 400, CatchTrayTask
10:58:49.890, 100, CatchTrayTask
10:58:49.890, 200, AutoSHT1Task
10:58:49.890, 300, CatchTrayTask
10:58:49.893, 210, AutoSHT1Task
10:58:49.893, 400, CatchTrayTask
10:58:49.895, 1, AutoSHT1Task
10:58:49.895, 100, CatchTrayTask
10:58:49.895, 300, CatchTrayTask
10:58:49.897, 400, CatchTrayTask
10:58:49.899, 10, AutoSHT1Task
10:58:49.899, 100, CatchTrayTask
10:58:49.899, 300, CatchTrayTask
10:58:49.902, 200, AutoSHT1Task
10:58:49.902, 400, CatchTrayTask
10:58:49.905, 100, CatchTrayTask
10:58:49.905, 210, AutoSHT1Task
10:58:49.905, 300, CatchTrayTask
10:58:49.907, 400, CatchTrayTask
10:58:49.909, 1, AutoSHT1Task
10:58:49.909, 100, CatchTrayTask
10:58:49.909, 300, CatchTrayTask
10:58:49.911, 10, AutoSHT1Task
10:58:49.911, 400, CatchTrayTask
10:58:49.913, 100, CatchTrayTask
10:58:49.913, 200, AutoSHT1Task
10:58:49.913, 300, CatchTrayTask
10:58:49.915, 400, CatchTrayTask
10:58:49.917, 100, CatchTrayTask
10:58:49.917, 210, AutoSHT1Task
10:58:49.917, 300, CatchTrayTask
10:58:49.919, 1, AutoSHT1Task
10:58:49.919, 400, CatchTrayTask
10:58:49.920, 10, AutoSHT1Task
10:58:49.920, 100, CatchTrayTask
10:58:49.920, 300, CatchTrayTask
10:58:49.923, 400, CatchTrayTask
10:58:49.925, 100, CatchTrayTask
10:58:49.925, 200, AutoSHT1Task
10:58:49.926, 300, CatchTrayTask
10:58:49.928, 210, AutoSHT1Task
10:58:49.928, 400, CatchTrayTask
10:58:49.930, 1, AutoSHT1Task
10:58:49.930, 100, CatchTrayTask
10:58:49.930, 300, CatchTrayTask
10:58:49.932, 400, CatchTrayTask
10:58:49.934, 10, AutoSHT1Task
10:58:49.934, 100, CatchTrayTask
10:58:49.934, 300, CatchTrayTask
10:58:49.936, 200, AutoSHT1Task
10:58:49.936, 400, CatchTrayTask
10:58:49.938, 100, CatchTrayTask
10:58:49.938, 210, AutoSHT1Task
10:58:49.938, 300, CatchTrayTask
10:58:49.940, 400, CatchTrayTask
10:58:49.942, 1, AutoSHT1Task
10:58:49.942, 100, CatchTrayTask
10:58:49.942, 300, CatchTrayTask
10:58:49.944, 10, AutoSHT1Task
10:58:49.944, 400, CatchTrayTask
10:58:49.946, 100, CatchTrayTask
10:58:49.946, 200, AutoSHT1Task
10:58:49.946, 300, CatchTrayTask
10:58:49.948, 400, CatchTrayTask
10:58:49.950, 100, CatchTrayTask
10:58:49.950, 210, AutoSHT1Task
10:58:49.950, 300, CatchTrayTask
10:58:49.952, 1, AutoSHT1Task
10:58:49.952, 400, CatchTrayTask
10:58:49.954, 10, AutoSHT1Task
10:58:49.954, 100, CatchTrayTask
10:58:49.954, 300, CatchTrayTask
10:58:49.956, 400, CatchTrayTask
10:58:49.958, 100, CatchTrayTask
10:58:49.958, 200, AutoSHT1Task
10:58:49.958, 300, CatchTrayTask
10:58:49.960, 210, AutoSHT1Task
10:58:49.960, 400, CatchTrayTask
10:58:49.962, 1, AutoSHT1Task
10:58:49.962, 100, CatchTrayTask
10:58:49.962, 300, CatchTrayTask
10:58:49.964, 400, CatchTrayTask
10:58:49.966, 10, AutoSHT1Task
10:58:49.966, 100, CatchTrayTask
10:58:49.966, 300, CatchTrayTask
10:58:49.968, 200, AutoSHT1Task
10:58:49.968, 400, CatchTrayTask
10:58:49.970, 100, CatchTrayTask
10:58:49.970, 209, TestYRearTask
10:58:49.970, 2091, TestYRearTask
10:58:49.970, 2092, TestYRearTask
10:58:49.970, 210, AutoSHT1Task
10:58:49.970, 210, TestYRearTask
10:58:49.970, 2500, InArmPlaceToShuttleTask
10:58:49.970, 300, CatchTrayTask
10:58:49.970, 50, InArmTask
10:58:49.972, 10, AutoSHT2Task
10:58:49.972, 10, InArmPickFromLoadTask
10:58:49.972, 400, CatchTrayTask
10:58:49.974, 1, AutoSHT1Task
10:58:49.974, 100, AutoSHT2Task
10:58:49.974, 100, CatchTrayTask
10:58:49.974, 100, InArmTask
10:58:49.974, 12, InArmPickFromLoadTask
10:58:49.974, 300, CatchTrayTask
10:58:49.978, 10, AutoSHT1Task
10:58:49.978, 400, CatchTrayTask
10:58:49.980, 100, CatchTrayTask
10:58:49.980, 120, AutoSHT2Task
10:58:49.981, 200, AutoSHT1Task
10:58:49.981, 300, CatchTrayTask
10:58:49.983, 1, AutoSHT2Task
10:58:49.983, 400, CatchTrayTask
10:58:49.986, 10, AutoSHT2Task
10:58:49.986, 100, CatchTrayTask
10:58:49.986, 210, AutoSHT1Task
10:58:49.986, 300, CatchTrayTask
10:58:49.989, 1, AutoSHT1Task
10:58:49.989, 400, CatchTrayTask
10:58:49.991, 100, AutoSHT2Task
10:58:49.991, 100, CatchTrayTask
10:58:49.992, 10, AutoSHT1Task
10:58:49.992, 300, CatchTrayTask
10:58:49.994, 120, AutoSHT2Task
10:58:49.994, 400, CatchTrayTask
10:58:49.998, 1, AutoSHT2Task
10:58:49.998, 100, CatchTrayTask
10:58:49.998, 200, AutoSHT1Task
10:58:49.998, 300, CatchTrayTask
10:58:50.002, 210, AutoSHT1Task
10:58:50.002, 400, CatchTrayTask
10:58:50.004, 10, AutoSHT2Task
10:58:50.004, 100, CatchTrayTask
10:58:50.005, 1, AutoSHT1Task
10:58:50.005, 300, CatchTrayTask
10:58:50.007, 100, AutoSHT2Task
10:58:50.007, 400, CatchTrayTask
10:58:50.010, 10, AutoSHT1Task
10:58:50.010, 100, CatchTrayTask
10:58:50.010, 120, AutoSHT2Task
10:58:50.010, 300, CatchTrayTask
10:58:50.016, 200, AutoSHT1Task
10:58:50.016, 400, CatchTrayTask
10:58:50.018, 1, AutoSHT2Task
10:58:50.018, 100, CatchTrayTask
10:58:50.020, 210, AutoSHT1Task
10:58:50.020, 300, CatchTrayTask
10:58:50.022, 10, AutoSHT2Task
10:58:50.022, 400, CatchTrayTask
10:58:50.026, 1, AutoSHT1Task
10:58:50.026, 100, AutoSHT2Task
10:58:50.026, 100, CatchTrayTask
10:58:50.026, 300, CatchTrayTask
10:58:50.029, 10, AutoSHT1Task
10:58:50.029, 400, CatchTrayTask
10:58:50.031, 100, CatchTrayTask
10:58:50.031, 120, AutoSHT2Task
10:58:50.032, 200, AutoSHT1Task
10:58:50.032, 300, CatchTrayTask
10:58:50.034, 1, AutoSHT2Task
10:58:50.034, 400, CatchTrayTask
10:58:50.037, 10, AutoSHT2Task
10:58:50.037, 100, CatchTrayTask
10:58:50.037, 210, AutoSHT1Task
10:58:50.037, 300, CatchTrayTask
10:58:50.040, 1, AutoSHT1Task
10:58:50.040, 400, CatchTrayTask
10:58:50.042, 100, AutoSHT2Task
10:58:50.042, 100, CatchTrayTask
10:58:50.044, 10, AutoSHT1Task
10:58:50.044, 300, CatchTrayTask
10:58:50.046, 120, AutoSHT2Task
10:58:50.046, 400, CatchTrayTask
10:58:50.049, 1, AutoSHT2Task
10:58:50.049, 100, CatchTrayTask
10:58:50.049, 200, AutoSHT1Task
10:58:50.049, 300, CatchTrayTask
10:58:50.052, 210, AutoSHT1Task
10:58:50.052, 400, CatchTrayTask
10:58:50.054, 10, AutoSHT2Task
10:58:50.054, 100, CatchTrayTask
10:58:50.055, 1, AutoSHT1Task
10:58:50.055, 300, CatchTrayTask
10:58:50.057, 100, AutoSHT2Task
10:58:50.057, 400, CatchTrayTask
10:58:50.060, 10, AutoSHT1Task
10:58:50.060, 100, CatchTrayTask
10:58:50.060, 120, AutoSHT2Task
10:58:50.060, 300, CatchTrayTask
10:58:50.064, 200, AutoSHT1Task
10:58:50.064, 400, CatchTrayTask
10:58:50.066, 1, AutoSHT2Task
10:58:50.066, 100, CatchTrayTask
10:58:50.069, 210, AutoSHT1Task
10:58:50.069, 300, CatchTrayTask
10:58:50.071, 10, AutoSHT2Task
10:58:50.071, 400, CatchTrayTask
10:58:50.074, 1, AutoSHT1Task
10:58:50.074, 100, AutoSHT2Task
10:58:50.074, 100, CatchTrayTask
10:58:50.074, 300, CatchTrayTask
10:58:50.076, 10, AutoSHT1Task
10:58:50.076, 400, CatchTrayTask
10:58:50.078, 100, CatchTrayTask
10:58:50.078, 120, AutoSHT2Task
10:58:50.078, 200, AutoSHT1Task
10:58:50.078, 300, CatchTrayTask
10:58:50.080, 1, AutoSHT2Task
10:58:50.080, 400, CatchTrayTask
10:58:50.082, 10, AutoSHT2Task
10:58:50.082, 100, CatchTrayTask
10:58:50.082, 210, AutoSHT1Task
10:58:50.082, 300, CatchTrayTask
10:58:50.084, 1, AutoSHT1Task
10:58:50.084, 400, CatchTrayTask
10:58:50.086, 10, AutoSHT1Task
10:58:50.086, 100, AutoSHT2Task
10:58:50.086, 100, CatchTrayTask
10:58:50.086, 300, CatchTrayTask
10:58:50.088, 120, AutoSHT2Task
10:58:50.088, 400, CatchTrayTask
10:58:50.090, 100, CatchTrayTask
10:58:50.090, 200, AutoSHT1Task
10:58:50.091, 1, AutoSHT2Task
10:58:50.091, 300, CatchTrayTask
10:58:50.093, 210, AutoSHT1Task
10:58:50.093, 400, CatchTrayTask
10:58:50.095, 1, AutoSHT1Task
10:58:50.095, 10, AutoSHT2Task
10:58:50.095, 100, CatchTrayTask
10:58:50.095, 300, CatchTrayTask
10:58:50.097, 100, AutoSHT2Task
10:58:50.097, 400, CatchTrayTask
10:58:50.099, 10, AutoSHT1Task
10:58:50.099, 100, CatchTrayTask
10:58:50.099, 120, AutoSHT2Task
10:58:50.099, 300, CatchTrayTask
10:58:50.101, 200, AutoSHT1Task
10:58:50.101, 400, CatchTrayTask
10:58:50.103, 1, AutoSHT2Task
10:58:50.103, 100, CatchTrayTask
10:58:50.103, 210, AutoSHT1Task
10:58:50.103, 300, CatchTrayTask
10:58:50.105, 10, AutoSHT2Task
10:58:50.105, 400, CatchTrayTask
10:58:50.108, 1, AutoSHT1Task
10:58:50.108, 100, AutoSHT2Task
10:58:50.108, 100, CatchTrayTask
10:58:50.108, 300, CatchTrayTask
10:58:50.111, 10, AutoSHT1Task
10:58:50.111, 400, CatchTrayTask
10:58:50.113, 100, CatchTrayTask
10:58:50.113, 120, AutoSHT2Task
10:58:50.113, 200, AutoSHT1Task
10:58:50.113, 300, CatchTrayTask
10:58:50.115, 1, AutoSHT2Task
10:58:50.115, 400, CatchTrayTask
10:58:50.117, 10, AutoSHT2Task
10:58:50.117, 100, CatchTrayTask
10:58:50.117, 210, AutoSHT1Task
10:58:50.117, 300, CatchTrayTask
10:58:50.119, 1, AutoSHT1Task
10:58:50.119, 400, CatchTrayTask
10:58:50.121, 10, AutoSHT1Task
10:58:50.121, 100, AutoSHT2Task
10:58:50.121, 100, CatchTrayTask
10:58:50.121, 300, CatchTrayTask
10:58:50.123, 120, AutoSHT2Task
10:58:50.123, 400, CatchTrayTask
10:58:50.126, 1, AutoSHT2Task
10:58:50.126, 100, CatchTrayTask
10:58:50.126, 200, AutoSHT1Task
10:58:50.126, 300, CatchTrayTask
10:58:50.128, 210, AutoSHT1Task
10:58:50.128, 400, CatchTrayTask
10:58:50.130, 1, AutoSHT1Task
10:58:50.130, 10, AutoSHT2Task
10:58:50.130, 100, CatchTrayTask
10:58:50.130, 300, CatchTrayTask
10:58:50.132, 100, AutoSHT2Task
10:58:50.132, 400, CatchTrayTask
10:58:50.135, 10, AutoSHT1Task
10:58:50.135, 100, CatchTrayTask
10:58:50.135, 120, AutoSHT2Task
10:58:50.135, 300, CatchTrayTask
10:58:50.137, 200, AutoSHT1Task
10:58:50.137, 400, CatchTrayTask
10:58:50.139, 1, AutoSHT2Task
10:58:50.139, 100, CatchTrayTask
10:58:50.139, 210, AutoSHT1Task
10:58:50.139, 300, CatchTrayTask
10:58:50.141, 10, AutoSHT2Task
10:58:50.141, 400, CatchTrayTask
10:58:50.143, 1, AutoSHT1Task
10:58:50.143, 100, AutoSHT2Task
10:58:50.143, 100, CatchTrayTask
10:58:50.143, 300, CatchTrayTask
10:58:50.145, 10, AutoSHT1Task
10:58:50.145, 400, CatchTrayTask
10:58:50.147, 100, CatchTrayTask
10:58:50.147, 120, AutoSHT2Task
10:58:50.147, 200, AutoSHT1Task
10:58:50.147, 300, CatchTrayTask
10:58:50.149, 1, AutoSHT2Task
10:58:50.149, 400, CatchTrayTask
10:58:50.151, 10, AutoSHT2Task
10:58:50.151, 100, CatchTrayTask
10:58:50.151, 210, AutoSHT1Task
10:58:50.151, 300, CatchTrayTask
10:58:50.153, 1, AutoSHT1Task
10:58:50.153, 400, CatchTrayTask
10:58:50.155, 10, AutoSHT1Task
10:58:50.155, 100, AutoSHT2Task
10:58:50.155, 100, CatchTrayTask
10:58:50.155, 300, CatchTrayTask
10:58:50.157, 120, AutoSHT2Task
10:58:50.157, 400, CatchTrayTask
10:58:50.159, 1, AutoSHT2Task
10:58:50.159, 100, CatchTrayTask
10:58:50.159, 200, AutoSHT1Task
10:58:50.159, 300, CatchTrayTask
10:58:50.161, 210, AutoSHT1Task
10:58:50.161, 400, CatchTrayTask
10:58:50.163, 1, AutoSHT1Task
10:58:50.163, 10, AutoSHT2Task
10:58:50.163, 100, CatchTrayTask
10:58:50.163, 300, CatchTrayTask
10:58:50.165, 100, AutoSHT2Task
10:58:50.165, 400, CatchTrayTask
10:58:50.168, 10, AutoSHT1Task
10:58:50.168, 100, CatchTrayTask
10:58:50.168, 120, AutoSHT2Task
10:58:50.168, 300, CatchTrayTask
10:58:50.170, 200, AutoSHT1Task
10:58:50.170, 400, CatchTrayTask
10:58:50.172, 1, AutoSHT2Task
10:58:50.172, 100, CatchTrayTask
10:58:50.172, 210, AutoSHT1Task
10:58:50.172, 300, CatchTrayTask
10:58:50.174, 10, AutoSHT2Task
10:58:50.174, 400, CatchTrayTask
10:58:50.176, 1, AutoSHT1Task
10:58:50.176, 100, AutoSHT2Task
10:58:50.176, 100, CatchTrayTask
10:58:50.176, 300, CatchTrayTask
10:58:50.178, 10, AutoSHT1Task
10:58:50.178, 400, CatchTrayTask
10:58:50.180, 100, CatchTrayTask
10:58:50.180, 120, AutoSHT2Task
10:58:50.180, 200, AutoSHT1Task
10:58:50.180, 300, CatchTrayTask
10:58:50.182, 1, AutoSHT2Task
10:58:50.182, 400, CatchTrayTask
10:58:50.184, 10, AutoSHT2Task
10:58:50.184, 100, CatchTrayTask
10:58:50.184, 210, AutoSHT1Task
10:58:50.184, 300, CatchTrayTask
10:58:50.186, 1, AutoSHT1Task
10:58:50.186, 400, CatchTrayTask
10:58:50.188, 10, AutoSHT1Task
10:58:50.188, 100, AutoSHT2Task
10:58:50.188, 100, CatchTrayTask
10:58:50.188, 300, CatchTrayTask
10:58:50.190, 120, AutoSHT2Task
10:58:50.190, 400, CatchTrayTask
10:58:50.192, 1, AutoSHT2Task
10:58:50.192, 100, CatchTrayTask
10:58:50.192, 200, AutoSHT1Task
10:58:50.192, 300, CatchTrayTask
10:58:50.194, 210, AutoSHT1Task
10:58:50.194, 400, CatchTrayTask
10:58:50.196, 1, AutoSHT1Task
10:58:50.196, 10, AutoSHT2Task
10:58:50.196, 100, CatchTrayTask
10:58:50.196, 300, CatchTrayTask
10:58:50.198, 100, AutoSHT2Task
10:58:50.198, 400, CatchTrayTask
10:58:50.201, 10, AutoSHT1Task
10:58:50.201, 100, CatchTrayTask
10:58:50.201, 120, AutoSHT2Task
10:58:50.201, 300, CatchTrayTask
10:58:50.203, 200, AutoSHT1Task
10:58:50.203, 400, CatchTrayTask
10:58:50.205, 1, AutoSHT2Task
10:58:50.205, 100, CatchTrayTask
10:58:50.205, 210, AutoSHT1Task
10:58:50.205, 300, CatchTrayTask
10:58:50.207, 10, AutoSHT2Task
10:58:50.207, 400, CatchTrayTask
10:58:50.209, 1, AutoSHT1Task
10:58:50.209, 100, AutoSHT2Task
10:58:50.209, 100, CatchTrayTask
10:58:50.209, 300, CatchTrayTask
10:58:50.211, 10, AutoSHT1Task
10:58:50.211, 400, CatchTrayTask
10:58:50.213, 100, CatchTrayTask
10:58:50.213, 120, AutoSHT2Task
10:58:50.213, 200, AutoSHT1Task
10:58:50.213, 300, CatchTrayTask
10:58:50.215, 1, AutoSHT2Task
10:58:50.215, 400, CatchTrayTask
10:58:50.218, 10, AutoSHT2Task
10:58:50.218, 100, CatchTrayTask
10:58:50.218, 210, AutoSHT1Task
10:58:50.218, 300, CatchTrayTask
10:58:50.220, 1, AutoSHT1Task
10:58:50.220, 400, CatchTrayTask
10:58:50.222, 10, AutoSHT1Task
10:58:50.222, 100, AutoSHT2Task
10:58:50.222, 100, CatchTrayTask
10:58:50.222, 300, CatchTrayTask
10:58:50.224, 120, AutoSHT2Task
10:58:50.224, 400, CatchTrayTask
10:58:50.226, 1, AutoSHT2Task
10:58:50.226, 100, CatchTrayTask
10:58:50.226, 200, AutoSHT1Task
10:58:50.226, 300, CatchTrayTask
10:58:50.228, 210, AutoSHT1Task
10:58:50.228, 400, CatchTrayTask
10:58:50.230, 1, AutoSHT1Task
10:58:50.230, 10, AutoSHT2Task
10:58:50.230, 100, CatchTrayTask
10:58:50.230, 300, CatchTrayTask
10:58:50.232, 100, AutoSHT2Task
10:58:50.232, 400, CatchTrayTask
10:58:50.234, 10, AutoSHT1Task
10:58:50.234, 100, CatchTrayTask
10:58:50.234, 120, AutoSHT2Task
10:58:50.234, 300, CatchTrayTask
10:58:50.236, 200, AutoSHT1Task
10:58:50.236, 400, CatchTrayTask
10:58:50.238, 1, AutoSHT2Task
10:58:50.238, 100, CatchTrayTask
10:58:50.238, 210, AutoSHT1Task
10:58:50.238, 300, CatchTrayTask
10:58:50.240, 10, AutoSHT2Task
10:58:50.240, 400, CatchTrayTask
10:58:50.242, 1, AutoSHT1Task
10:58:50.242, 100, AutoSHT2Task
10:58:50.242, 100, CatchTrayTask
10:58:50.242, 300, CatchTrayTask
10:58:50.244, 10, AutoSHT1Task
10:58:50.244, 400, CatchTrayTask
10:58:50.246, 100, CatchTrayTask
10:58:50.246, 120, AutoSHT2Task
10:58:50.246, 200, AutoSHT1Task
10:58:50.246, 300, CatchTrayTask
10:58:50.249, 1, AutoSHT2Task
10:58:50.249, 400, CatchTrayTask
10:58:50.251, 10, AutoSHT2Task
10:58:50.251, 100, CatchTrayTask
10:58:50.251, 210, AutoSHT1Task
10:58:50.251, 300, CatchTrayTask
10:58:50.253, 1, AutoSHT1Task
10:58:50.253, 400, CatchTrayTask
10:58:50.255, 10, AutoSHT1Task
10:58:50.255, 100, AutoSHT2Task
10:58:50.255, 100, CatchTrayTask
10:58:50.255, 300, CatchTrayTask
10:58:50.257, 120, AutoSHT2Task
10:58:50.257, 400, CatchTrayTask
10:58:50.259, 1, AutoSHT2Task
10:58:50.259, 100, CatchTrayTask
10:58:50.259, 200, AutoSHT1Task
10:58:50.259, 300, CatchTrayTask
10:58:50.263, 210, AutoSHT1Task
10:58:50.263, 400, CatchTrayTask
10:58:50.265, 1, AutoSHT1Task
10:58:50.265, 10, AutoSHT2Task
10:58:50.265, 100, CatchTrayTask
10:58:50.265, 300, CatchTrayTask
10:58:50.267, 100, AutoSHT2Task
10:58:50.267, 400, CatchTrayTask
10:58:50.269, 10, AutoSHT1Task
10:58:50.269, 100, CatchTrayTask
10:58:50.269, 120, AutoSHT2Task
10:58:50.269, 300, CatchTrayTask
10:58:50.272, 200, AutoSHT1Task
10:58:50.272, 400, CatchTrayTask
10:58:50.274, 1, AutoSHT2Task
10:58:50.274, 100, CatchTrayTask
10:58:50.274, 210, AutoSHT1Task
10:58:50.274, 300, CatchTrayTask
10:58:50.276, 10, AutoSHT2Task
10:58:50.276, 400, CatchTrayTask
10:58:50.278, 1, AutoSHT1Task
10:58:50.278, 100, AutoSHT2Task
10:58:50.278, 100, CatchTrayTask
10:58:50.278, 300, CatchTrayTask
10:58:50.280, 10, AutoSHT1Task
10:58:50.280, 400, CatchTrayTask
10:58:50.282, 100, CatchTrayTask
10:58:50.282, 120, AutoSHT2Task
10:58:50.282, 200, AutoSHT1Task
10:58:50.282, 300, CatchTrayTask
10:58:50.284, 1, AutoSHT2Task
10:58:50.284, 400, CatchTrayTask
10:58:50.286, 10, AutoSHT2Task
10:58:50.286, 100, CatchTrayTask
10:58:50.286, 210, AutoSHT1Task
10:58:50.286, 300, CatchTrayTask
10:58:50.288, 1, AutoSHT1Task
10:58:50.288, 400, CatchTrayTask
10:58:50.290, 10, AutoSHT1Task
10:58:50.290, 100, AutoSHT2Task
10:58:50.290, 100, CatchTrayTask
10:58:50.290, 300, CatchTrayTask
10:58:50.292, 120, AutoSHT2Task
10:58:50.292, 400, CatchTrayTask
10:58:50.294, 1, AutoSHT2Task
10:58:50.294, 100, CatchTrayTask
10:58:50.294, 200, AutoSHT1Task
10:58:50.294, 300, CatchTrayTask
10:58:50.296, 210, AutoSHT1Task
10:58:50.296, 400, CatchTrayTask
10:58:50.298, 1, AutoSHT1Task
10:58:50.298, 10, AutoSHT2Task
10:58:50.298, 100, CatchTrayTask
10:58:50.298, 300, CatchTrayTask
10:58:50.300, 100, AutoSHT2Task
10:58:50.300, 400, CatchTrayTask
10:58:50.302, 10, AutoSHT1Task
10:58:50.302, 100, CatchTrayTask
10:58:50.302, 120, AutoSHT2Task
10:58:50.302, 300, CatchTrayTask
10:58:50.304, 200, AutoSHT1Task
10:58:50.304, 400, CatchTrayTask
10:58:50.306, 1, AutoSHT2Task
10:58:50.306, 100, CatchTrayTask
10:58:50.307, 210, AutoSHT1Task
10:58:50.307, 300, CatchTrayTask
10:58:50.309, 10, AutoSHT2Task
10:58:50.309, 400, CatchTrayTask
10:58:50.311, 1, AutoSHT1Task
10:58:50.311, 100, AutoSHT2Task
10:58:50.311, 100, CatchTrayTask
10:58:50.311, 300, CatchTrayTask
10:58:50.313, 10, AutoSHT1Task
10:58:50.313, 400, CatchTrayTask
10:58:50.315, 100, CatchTrayTask
10:58:50.315, 120, AutoSHT2Task
10:58:50.315, 200, AutoSHT1Task
10:58:50.315, 300, CatchTrayTask
10:58:50.317, 1, AutoSHT2Task
10:58:50.317, 400, CatchTrayTask
10:58:50.319, 10, AutoSHT2Task
10:58:50.319, 100, CatchTrayTask
10:58:50.319, 210, AutoSHT1Task
10:58:50.319, 300, CatchTrayTask
10:58:50.321, 1, AutoSHT1Task
10:58:50.321, 400, CatchTrayTask
10:58:50.323, 10, AutoSHT1Task
10:58:50.323, 100, AutoSHT2Task
10:58:50.323, 100, CatchTrayTask
10:58:50.323, 300, CatchTrayTask
10:58:50.325, 120, AutoSHT2Task
10:58:50.325, 400, CatchTrayTask
10:58:50.326, 100, CatchTrayTask
10:58:50.326, 200, AutoSHT1Task
10:58:50.327, 1, AutoSHT2Task
10:58:50.327, 300, CatchTrayTask
10:58:50.328, 210, AutoSHT1Task
10:58:50.328, 400, CatchTrayTask
10:58:50.330, 1, AutoSHT1Task
10:58:50.330, 10, AutoSHT2Task
10:58:50.330, 100, CatchTrayTask
10:58:50.330, 300, CatchTrayTask
10:58:50.332, 100, AutoSHT2Task
10:58:50.332, 400, CatchTrayTask
10:58:50.334, 10, AutoSHT1Task
10:58:50.334, 100, CatchTrayTask
10:58:50.334, 120, AutoSHT2Task
10:58:50.334, 300, CatchTrayTask
10:58:50.336, 200, AutoSHT1Task
10:58:50.336, 400, CatchTrayTask
10:58:50.338, 1, AutoSHT2Task
10:58:50.338, 100, CatchTrayTask
10:58:50.338, 210, AutoSHT1Task
10:58:50.338, 300, CatchTrayTask
10:58:50.340, 10, AutoSHT2Task
10:58:50.340, 400, CatchTrayTask
10:58:50.344, 1, AutoSHT1Task
10:58:50.344, 100, CatchTrayTask
10:58:50.345, 100, AutoSHT2Task
10:58:50.345, 300, CatchTrayTask
10:58:50.347, 10, AutoSHT1Task
10:58:50.347, 400, CatchTrayTask
10:58:50.349, 100, CatchTrayTask
10:58:50.349, 120, AutoSHT2Task
10:58:50.349, 200, AutoSHT1Task
10:58:50.349, 300, CatchTrayTask
10:58:50.351, 1, AutoSHT2Task
10:58:50.351, 400, CatchTrayTask
10:58:50.353, 10, AutoSHT2Task
10:58:50.353, 100, CatchTrayTask
10:58:50.353, 210, AutoSHT1Task
10:58:50.353, 300, CatchTrayTask
10:58:50.355, 1, AutoSHT1Task
10:58:50.355, 400, CatchTrayTask
10:58:50.357, 10, AutoSHT1Task
10:58:50.357, 100, AutoSHT2Task
10:58:50.357, 100, CatchTrayTask
10:58:50.357, 300, CatchTrayTask
10:58:50.359, 120, AutoSHT2Task
10:58:50.359, 400, CatchTrayTask
10:58:50.361, 1, AutoSHT2Task
10:58:50.361, 100, CatchTrayTask
10:58:50.361, 200, AutoSHT1Task
10:58:50.361, 300, CatchTrayTask
10:58:50.363, 210, AutoSHT1Task
10:58:50.363, 400, CatchTrayTask
10:58:50.365, 1, AutoSHT1Task
10:58:50.365, 10, AutoSHT2Task
10:58:50.365, 100, CatchTrayTask
10:58:50.365, 300, CatchTrayTask
10:58:50.367, 100, AutoSHT2Task
10:58:50.367, 400, CatchTrayTask
10:58:50.369, 10, AutoSHT1Task
10:58:50.369, 100, CatchTrayTask
10:58:50.369, 120, AutoSHT2Task
10:58:50.369, 300, CatchTrayTask
10:58:50.371, 200, AutoSHT1Task
10:58:50.371, 400, CatchTrayTask
10:58:50.373, 1, AutoSHT2Task
10:58:50.373, 100, CatchTrayTask
10:58:50.373, 210, AutoSHT1Task
10:58:50.373, 300, CatchTrayTask
10:58:50.375, 10, AutoSHT2Task
10:58:50.375, 400, CatchTrayTask
10:58:50.377, 1, AutoSHT1Task
10:58:50.377, 100, AutoSHT2Task
10:58:50.377, 100, CatchTrayTask
10:58:50.377, 200, InArmPickFromLoadTask
10:58:50.377, 300, CatchTrayTask
10:58:50.379, 10, AutoSHT1Task
10:58:50.379, 1000, InArmPickFromLoadTask
10:58:50.379, 400, CatchTrayTask
10:58:50.381, 100, CatchTrayTask
10:58:50.381, 120, AutoSHT2Task
10:58:50.381, 200, AutoSHT1Task
10:58:50.381, 300, CatchTrayTask
10:58:50.383, 1, AutoSHT2Task
10:58:50.383, 400, CatchTrayTask
10:58:50.385, 10, AutoSHT2Task
10:58:50.385, 100, CatchTrayTask
10:58:50.385, 210, AutoSHT1Task
10:58:50.385, 300, CatchTrayTask
10:58:50.387, 1, AutoSHT1Task
10:58:50.387, 400, CatchTrayTask
10:58:50.389, 10, AutoSHT1Task
10:58:50.389, 100, AutoSHT2Task
10:58:50.389, 100, CatchTrayTask
10:58:50.389, 300, CatchTrayTask
10:58:50.391, 120, AutoSHT2Task
10:58:50.391, 400, CatchTrayTask
10:58:50.393, 1, AutoSHT2Task
10:58:50.393, 100, CatchTrayTask
10:58:50.393, 200, AutoSHT1Task
10:58:50.393, 300, CatchTrayTask
10:58:50.395, 210, AutoSHT1Task
10:58:50.395, 400, CatchTrayTask
10:58:50.397, 1, AutoSHT1Task
10:58:50.397, 10, AutoSHT2Task
10:58:50.397, 100, CatchTrayTask
10:58:50.397, 300, CatchTrayTask
10:58:50.399, 100, AutoSHT2Task
10:58:50.399, 400, CatchTrayTask
10:58:50.401, 10, AutoSHT1Task
10:58:50.401, 100, CatchTrayTask
10:58:50.401, 120, AutoSHT2Task
10:58:50.401, 300, CatchTrayTask
10:58:50.403, 200, AutoSHT1Task
10:58:50.403, 400, CatchTrayTask
10:58:50.405, 1, AutoSHT2Task
10:58:50.405, 100, CatchTrayTask
10:58:50.405, 210, AutoSHT1Task
10:58:50.405, 300, CatchTrayTask
10:58:50.407, 10, AutoSHT2Task
10:58:50.407, 400, CatchTrayTask
10:58:50.409, 1, AutoSHT1Task
10:58:50.409, 100, AutoSHT2Task
10:58:50.409, 100, CatchTrayTask
10:58:50.409, 300, CatchTrayTask
10:58:50.411, 10, AutoSHT1Task
10:58:50.411, 400, CatchTrayTask
10:58:50.413, 100, CatchTrayTask
10:58:50.413, 120, AutoSHT2Task
10:58:50.413, 200, AutoSHT1Task
10:58:50.413, 300, CatchTrayTask
10:58:50.415, 1, AutoSHT2Task
10:58:50.415, 400, CatchTrayTask
10:58:50.417, 10, AutoSHT2Task
10:58:50.417, 100, CatchTrayTask
10:58:50.417, 210, AutoSHT1Task
10:58:50.417, 300, CatchTrayTask
10:58:50.419, 1, AutoSHT1Task
10:58:50.419, 400, CatchTrayTask
10:58:50.421, 10, AutoSHT1Task
10:58:50.421, 100, AutoSHT2Task
10:58:50.421, 100, CatchTrayTask
10:58:50.421, 300, CatchTrayTask
10:58:50.423, 120, AutoSHT2Task
10:58:50.423, 400, CatchTrayTask
10:58:50.425, 1, AutoSHT2Task
10:58:50.425, 100, CatchTrayTask
10:58:50.425, 200, AutoSHT1Task
10:58:50.425, 300, CatchTrayTask
10:58:50.427, 210, AutoSHT1Task
10:58:50.427, 400, CatchTrayTask
10:58:50.429, 1, AutoSHT1Task
10:58:50.429, 10, AutoSHT2Task
10:58:50.429, 100, CatchTrayTask
10:58:50.429, 300, CatchTrayTask
10:58:50.431, 100, AutoSHT2Task
10:58:50.431, 400, CatchTrayTask
10:58:50.433, 10, AutoSHT1Task
10:58:50.433, 100, CatchTrayTask
10:58:50.433, 120, AutoSHT2Task
10:58:50.433, 300, CatchTrayTask
10:58:50.435, 200, AutoSHT1Task
10:58:50.435, 400, CatchTrayTask
10:58:50.437, 1, AutoSHT2Task
10:58:50.437, 100, CatchTrayTask
10:58:50.437, 210, AutoSHT1Task
10:58:50.437, 300, CatchTrayTask
10:58:50.439, 10, AutoSHT2Task
10:58:50.439, 400, CatchTrayTask
10:58:50.441, 1, AutoSHT1Task
10:58:50.441, 100, AutoSHT2Task
10:58:50.441, 100, CatchTrayTask
10:58:50.441, 300, CatchTrayTask
10:58:50.443, 10, AutoSHT1Task
10:58:50.443, 400, CatchTrayTask
10:58:50.445, 100, CatchTrayTask
10:58:50.445, 120, AutoSHT2Task
10:58:50.445, 200, AutoSHT1Task
10:58:50.445, 300, CatchTrayTask
10:58:50.447, 1, AutoSHT2Task
10:58:50.447, 400, CatchTrayTask
10:58:50.449, 10, AutoSHT2Task
10:58:50.449, 100, CatchTrayTask
10:58:50.449, 210, AutoSHT1Task
10:58:50.449, 300, CatchTrayTask
10:58:50.453, 1, AutoSHT1Task
10:58:50.453, 400, CatchTrayTask
10:58:50.455, 10, AutoSHT1Task
10:58:50.455, 100, AutoSHT2Task
10:58:50.455, 100, CatchTrayTask
10:58:50.455, 300, CatchTrayTask
10:58:50.457, 120, AutoSHT2Task
10:58:50.457, 400, CatchTrayTask
10:58:50.459, 1, AutoSHT2Task
10:58:50.459, 100, CatchTrayTask
10:58:50.459, 200, AutoSHT1Task
10:58:50.459, 300, CatchTrayTask
10:58:50.461, 210, AutoSHT1Task
10:58:50.461, 400, CatchTrayTask
10:58:50.463, 1, AutoSHT1Task
10:58:50.463, 10, AutoSHT2Task
10:58:50.463, 100, CatchTrayTask
10:58:50.463, 300, CatchTrayTask
10:58:50.465, 100, AutoSHT2Task
10:58:50.465, 400, CatchTrayTask
10:58:50.468, 10, AutoSHT1Task
10:58:50.468, 100, CatchTrayTask
10:58:50.468, 120, AutoSHT2Task
10:58:50.468, 300, CatchTrayTask
10:58:50.470, 200, AutoSHT1Task
10:58:50.470, 400, CatchTrayTask
10:58:50.472, 1, AutoSHT2Task
10:58:50.472, 100, CatchTrayTask
10:58:50.472, 210, AutoSHT1Task
10:58:50.472, 300, CatchTrayTask
10:58:50.474, 10, AutoSHT2Task
10:58:50.474, 400, CatchTrayTask
10:58:50.476, 1, AutoSHT1Task
10:58:50.476, 100, AutoSHT2Task
10:58:50.476, 100, CatchTrayTask
10:58:50.476, 300, CatchTrayTask
10:58:50.478, 10, AutoSHT1Task
10:58:50.478, 400, CatchTrayTask
10:58:50.480, 100, CatchTrayTask
10:58:50.480, 120, AutoSHT2Task
10:58:50.480, 200, AutoSHT1Task
10:58:50.480, 300, CatchTrayTask
10:58:50.482, 1, AutoSHT2Task
10:58:50.482, 400, CatchTrayTask
10:58:50.486, 10, AutoSHT2Task
10:58:50.486, 100, CatchTrayTask
10:58:50.486, 2000, InArmPickFromLoadTask
10:58:50.486, 210, AutoSHT1Task
10:58:50.486, 300, CatchTrayTask
10:58:50.488, 1, AutoSHT1Task
10:58:50.488, 400, CatchTrayTask
10:58:50.490, 10, AutoSHT1Task
10:58:50.490, 100, AutoSHT2Task
10:58:50.490, 100, CatchTrayTask
10:58:50.490, 300, CatchTrayTask
10:58:50.493, 120, AutoSHT2Task
10:58:50.493, 400, CatchTrayTask
10:58:50.495, 1, AutoSHT2Task
10:58:50.495, 100, CatchTrayTask
10:58:50.495, 200, AutoSHT1Task
10:58:50.495, 300, CatchTrayTask
10:58:50.498, 210, AutoSHT1Task
10:58:50.498, 400, CatchTrayTask
10:58:50.500, 10, AutoSHT2Task
10:58:50.500, 100, CatchTrayTask
10:58:50.501, 1, AutoSHT1Task
10:58:50.501, 300, CatchTrayTask
10:58:50.506, 100, AutoSHT2Task
10:58:50.506, 400, CatchTrayTask
10:58:50.508, 10, AutoSHT1Task
10:58:50.508, 100, CatchTrayTask
10:58:50.508, 120, AutoSHT2Task
10:58:50.508, 300, CatchTrayTask
10:58:50.510, 200, AutoSHT1Task
10:58:50.510, 400, CatchTrayTask
10:58:50.512, 1, AutoSHT2Task
10:58:50.512, 100, CatchTrayTask
10:58:50.512, 210, AutoSHT1Task
10:58:50.512, 300, CatchTrayTask
10:58:50.513, 10, AutoSHT2Task
10:58:50.513, 400, CatchTrayTask
10:58:50.515, 1, AutoSHT1Task
10:58:50.515, 100, AutoSHT2Task
10:58:50.515, 100, CatchTrayTask
10:58:50.515, 300, CatchTrayTask
10:58:50.517, 10, AutoSHT1Task
10:58:50.517, 400, CatchTrayTask
10:58:50.519, 100, CatchTrayTask
10:58:50.519, 120, AutoSHT2Task
10:58:50.519, 200, AutoSHT1Task
10:58:50.519, 300, CatchTrayTask
10:58:50.521, 1, AutoSHT2Task
10:58:50.521, 400, CatchTrayTask
10:58:50.523, 10, AutoSHT2Task
10:58:50.523, 100, CatchTrayTask
10:58:50.523, 210, AutoSHT1Task
10:58:50.523, 300, CatchTrayTask
10:58:50.525, 1, AutoSHT1Task
10:58:50.525, 400, CatchTrayTask
10:58:50.527, 10, AutoSHT1Task
10:58:50.527, 100, AutoSHT2Task
10:58:50.527, 100, CatchTrayTask
10:58:50.527, 300, CatchTrayTask
10:58:50.530, 120, AutoSHT2Task
10:58:50.530, 400, CatchTrayTask
10:58:50.532, 1, AutoSHT2Task
10:58:50.532, 100, CatchTrayTask
10:58:50.532, 200, AutoSHT1Task
10:58:50.532, 300, CatchTrayTask
10:58:50.535, 210, AutoSHT1Task
10:58:50.535, 400, CatchTrayTask
10:58:50.537, 10, AutoSHT2Task
10:58:50.537, 100, CatchTrayTask
10:58:50.538, 1, AutoSHT1Task
10:58:50.538, 300, CatchTrayTask
10:58:50.540, 100, AutoSHT2Task
10:58:50.540, 400, CatchTrayTask
10:58:50.542, 10, AutoSHT1Task
10:58:50.542, 100, CatchTrayTask
10:58:50.542, 120, AutoSHT2Task
10:58:50.542, 300, CatchTrayTask
10:58:50.544, 200, AutoSHT1Task
10:58:50.544, 400, CatchTrayTask
10:58:50.546, 1, AutoSHT2Task
10:58:50.546, 100, CatchTrayTask
10:58:50.546, 210, AutoSHT1Task
10:58:50.546, 300, CatchTrayTask
10:58:50.548, 10, AutoSHT2Task
10:58:50.548, 400, CatchTrayTask
10:58:50.550, 1, AutoSHT1Task
10:58:50.550, 100, AutoSHT2Task
10:58:50.550, 100, CatchTrayTask
10:58:50.550, 300, CatchTrayTask
10:58:50.552, 10, AutoSHT1Task
10:58:50.552, 400, CatchTrayTask
10:58:50.554, 100, CatchTrayTask
10:58:50.554, 120, AutoSHT2Task
10:58:50.554, 200, AutoSHT1Task
10:58:50.554, 300, CatchTrayTask
10:58:50.556, 1, AutoSHT2Task
10:58:50.556, 400, CatchTrayTask
10:58:50.559, 100, CatchTrayTask
10:58:50.559, 210, AutoSHT1Task
10:58:50.560, 10, AutoSHT2Task
10:58:50.560, 300, CatchTrayTask
10:58:50.562, 1, AutoSHT1Task
10:58:50.562, 400, CatchTrayTask
10:58:50.564, 10, AutoSHT1Task
10:58:50.564, 100, AutoSHT2Task
10:58:50.564, 100, CatchTrayTask
10:58:50.564, 300, CatchTrayTask
10:58:50.566, 120, AutoSHT2Task
10:58:50.566, 400, CatchTrayTask
10:58:50.568, 1, AutoSHT2Task
10:58:50.568, 100, CatchTrayTask
10:58:50.568, 200, AutoSHT1Task
10:58:50.568, 300, CatchTrayTask
10:58:50.570, 210, AutoSHT1Task
10:58:50.570, 400, CatchTrayTask
10:58:50.572, 1, AutoSHT1Task
10:58:50.572, 10, AutoSHT2Task
10:58:50.572, 100, CatchTrayTask
10:58:50.572, 300, CatchTrayTask
10:58:50.574, 100, AutoSHT2Task
10:58:50.574, 400, CatchTrayTask
10:58:50.576, 10, AutoSHT1Task
10:58:50.576, 100, CatchTrayTask
10:58:50.576, 120, AutoSHT2Task
10:58:50.576, 300, CatchTrayTask
10:58:50.578, 200, AutoSHT1Task
10:58:50.578, 400, CatchTrayTask
10:58:50.580, 1, AutoSHT2Task
10:58:50.580, 100, CatchTrayTask
10:58:50.580, 210, AutoSHT1Task
10:58:50.580, 300, CatchTrayTask
10:58:50.582, 10, AutoSHT2Task
10:58:50.582, 400, CatchTrayTask
10:58:50.584, 1, AutoSHT1Task
10:58:50.584, 100, AutoSHT2Task
10:58:50.584, 100, CatchTrayTask
10:58:50.584, 300, CatchTrayTask
10:58:50.586, 10, AutoSHT1Task
10:58:50.586, 400, CatchTrayTask
10:58:50.588, 100, CatchTrayTask
10:58:50.588, 120, AutoSHT2Task
10:58:50.588, 200, AutoSHT1Task
10:58:50.588, 300, CatchTrayTask
10:58:50.590, 1, AutoSHT2Task
10:58:50.590, 400, CatchTrayTask
10:58:50.592, 10, AutoSHT2Task
10:58:50.592, 100, CatchTrayTask
10:58:50.592, 210, AutoSHT1Task
10:58:50.592, 300, CatchTrayTask
10:58:50.594, 1, AutoSHT1Task
10:58:50.594, 400, CatchTrayTask
10:58:50.596, 10, AutoSHT1Task
10:58:50.596, 100, AutoSHT2Task
10:58:50.596, 100, CatchTrayTask
10:58:50.596, 300, CatchTrayTask
10:58:50.598, 120, AutoSHT2Task
10:58:50.598, 400, CatchTrayTask
10:58:50.600, 1, AutoSHT2Task
10:58:50.600, 100, CatchTrayTask
10:58:50.600, 200, AutoSHT1Task
10:58:50.600, 300, CatchTrayTask
10:58:50.602, 210, AutoSHT1Task
10:58:50.602, 400, CatchTrayTask
10:58:50.604, 1, AutoSHT1Task
10:58:50.604, 10, AutoSHT2Task
10:58:50.604, 100, CatchTrayTask
10:58:50.604, 300, CatchTrayTask
10:58:50.606, 100, AutoSHT2Task
10:58:50.606, 400, CatchTrayTask
10:58:50.608, 10, AutoSHT1Task
10:58:50.608, 100, CatchTrayTask
10:58:50.608, 120, AutoSHT2Task
10:58:50.608, 300, CatchTrayTask
10:58:50.610, 200, AutoSHT1Task
10:58:50.610, 400, CatchTrayTask
10:58:50.612, 1, AutoSHT2Task
10:58:50.612, 100, CatchTrayTask
10:58:50.612, 210, AutoSHT1Task
10:58:50.612, 300, CatchTrayTask
10:58:50.614, 10, AutoSHT2Task
10:58:50.614, 400, CatchTrayTask
10:58:50.617, 1, AutoSHT1Task
10:58:50.617, 100, AutoSHT2Task
10:58:50.617, 100, CatchTrayTask
10:58:50.617, 300, CatchTrayTask
10:58:50.620, 10, AutoSHT1Task
10:58:50.620, 400, CatchTrayTask
10:58:50.622, 100, CatchTrayTask
10:58:50.622, 120, AutoSHT2Task
10:58:50.622, 200, AutoSHT1Task
10:58:50.622, 300, CatchTrayTask
10:58:50.624, 1, AutoSHT2Task
10:58:50.624, 400, CatchTrayTask
