[  0%] Built target test_mydb_csv_alarmcode
[  0%] Built target test_winregistry
[  0%] Built target test_dfm2rc_pipeline
[  0%] Built target test_jam_w59
[  0%] Built target test_mv_trays
[  0%] Built target test_teachleave
[  0%] Built target test_mainclose_stop
[  0%] Built target sqlite3
[  0%] Built target test_modal_wake
[  1%] Built target test_DfmLayoutGen
[  2%] Built target test_dialog_mailbox
[  2%] Built target test_d028_jamday_body
[  2%] Built target pci1203_linkprobe
[  2%] Built target test_webjsonscrubcache
[  2%] Built target test_pagetable
[  3%] Built target test_web_motor_access
[  3%] Built target test_fastclock
[  3%] Built target test_streamgate
[  3%] Built target test_fpfast
[  3%] Built target test_armcell_plan
[  3%] Built target ht9045_pci1203_probe
[  3%] Built target test_mt_savemot
[  4%] Built target test_evb10a_edges
[  4%] Built target test_gear_calc
[  5%] Built target vclcompat
[  5%] Built target test_teach_st02_c9
[  5%] Built target ht9045_nmftp
[  5%] Built target ht9045_automation
[  5%] Built target ht9045_common
[  5%] Built target ht9045_indexz_route_armed_probe
[  5%] Built target ht9045_engine_route_armed_probe
[  5%] Built target test_vclcompat
[  5%] Built target test_config_db
[  5%] Built target test_clientsocket_ext
[  5%] Built target test_serversocket
[  6%] Built target test_FileListBox
[  6%] Built target test_traycore
[  6%] Built target test_ledcore
[  6%] Built target test_vcl_commatext_bcb6
[  6%] Built target test_IniFiles
[  6%] Built target test_tlist
[  6%] Built target test_MiniFtpEngine
[  6%] Built target test_FTPClient_Transfer
[  7%] Built target ht9045_ela
[  7%] Built target test_ga1_lastset
[  7%] Built target test_btnpanelcore
[  7%] Built target test_w7_f0_controls_guard
[  7%] Built target test_IniFiles_Win32Diff
[  8%] Built target test_tb_inspect
[ 10%] Built target ht9045_public
[ 10%] Built target test_ga1_cmydb
[ 10%] Built target test_security_jam_merge
[ 10%] Built target test_IniFiles_Win32ReadDiff
[ 11%] Built target ht9045_globals
[ 11%] Built target test_pci1203_modulecheck
[ 11%] Built target test_gali_route_core
[ 12%] Built target test_pci1203_linkwatch
[ 12%] Built target test_pci1203_motor_route
[ 12%] Built target test_PickPlanner
[ 13%] Built target test_pci1203_pure
[ 13%] Built target test_tcp_cmd_framer
[ 13%] Built target test_ela_oee
[ 13%] Built target test_ela_core
[ 14%] Built target test_ela_hub
[ 14%] Built target test_urenesas_other
[ 14%] Built target test_ela_service
[ 14%] Built target test_ela_ftp
[ 14%] Built target test_ela_reports
[ 14%] Built target ela_ftp_wininet_link
[ 14%] Built target test_ela_schedule
[ 14%] Built target test_ga1_cprod
[ 14%] Built target test_jam_rules
[ 14%] Built target test_ExternFunction
[ 14%] Built target test_cJSON
[ 14%] Built target test_HTMD5
[ 15%] Built target test_WinSocketErrorCode
[ 15%] Built target test_simnet_write
[ 15%] Built target test_simnet_mask
[ 15%] Built target test_eboot005_customername_fallback
[ 16%] Built target ht9045_webbridge
[ 16%] Built target test_cBootLog
[ 16%] Built target ht9045_core
[ 17%] Built target test_keypro_tcomm
[ 18%] Built target ht9045_io
[ 18%] Built target test_wb_tcplink
[ 18%] Built target test_http_runtime_overlay
[ 18%] Built target test_wb_wsproto
[ 18%] Built target test_wb_state
[ 18%] Built target test_wb_server
[ 18%] Built target test_wb_crypto
[ 18%] Built target test_webcmdguard
[ 18%] Built target ht9045_db
[ 18%] Built target test_jsonbridge_s0
[ 18%] Built target test_wb_recipedoc
[ 18%] Built target test_sjson_alarm
[ 18%] Built target test_editlist_pageindex
[ 19%] Built target test_openenter_log
[ 19%] Built target test_webstreamstats
[ 19%] Built target test_evb10b_vclclicks
[ 19%] Built target test_formevent_position
[ 20%] Built target test_evd013_barcode_ship
[ 21%] Built target ht9045_comms
[ 21%] Built target test_MainCalcCore
[ 21%] Built target test_jsonbridge_s7
[ 21%] Built target test_ContactForce
[ 21%] Built target test_evd013_barcode
[ 21%] Built target test_globals
[ 21%] Built target test_w0tail_headers
[ 21%] Built target test_cContact
[ 21%] Built target test_ini_helpers
[ 22%] Built target ht9045_motor
[ 22%] Built target test_ptw1_textprocess
[ 22%] Built target test_common
[ 22%] Built target test_cMyNUDN1
[ 23%] Built target ht9045_testercomm
[ 23%] Built target test_simnet_path
[ 23%] Built target test_testercomm_rs232
[ 23%] Built target test_login_dat_book
[ 24%] Built target ht9045_testercomm_handler
[ 24%] Built target test_testercomm_gpib
[ 24%] Built target test_testercomm_ipc
[ 26%] Built target ht9045_forms
[ 26%] Built target ht9045_secsgem
[ 27%] Built target test_SecsSvEcRegistration
[ 27%] Built target test_SecsWireCodec
[ 39%] Built target ht9045_sm
[ 39%] Built target test_machine_cylinders
[ 39%] Built target ht9045_kyecftp
[ 39%] Built target test_machine_iotable
[ 39%] Built target test_cUnitConvert
[ 39%] Built target test_config_loaders
[ 39%] Built target test_sim_motor
[ 39%] Built target test_pci1203_seam
[ 40%] Built target test_motor_w4
[ 41%] Built target test_cpublic_foundation
[ 41%] Built target test_w6_canary
[ 42%] Built target test_io_points
[ 42%] Built target test_w6_1_empty_canary
[ 42%] Built target test_motor_points
[ 42%] Built target test_w6_2_inarm_canary
[ 43%] Built target test_w6_2_inarm_core
[ 43%] Built target test_lane_io_sim
[ 43%] Built target test_w6_2_inarm_search
[ 43%] Built target test_w6_2b_inarm_variants
[ 43%] Built target test_sim_io
[ 43%] Built target test_w6_2_outarm_core
[ 43%] Built target test_AutoClean
[ 43%] Built target test_w6_2c_inarm_variants_batch3
[ 43%] Built target test_w6_2c_inarm_variants_batch4
[ 43%] Built target test_lane_io_route
[ 43%] Built target test_w6_2c_inarm_variants_batch2
[ 44%] Built target test_w6_2c_inarm_variants
[ 44%] Built target test_w6_2c_inarm_Sfamily
[ 44%] Built target test_w6_5_shuttle
[ 44%] Built target test_w6_4b_front_rear_destroy
[ 44%] Built target test_w6_4_tester
[ 44%] Built target test_w6_3_catchtray_core
[ 44%] Built target test_w7_a1_inarm_floating_latch
[ 44%] Built target test_w7_s0_motor_convergence
[ 45%] Built target test_w6_3_catchtray
[ 46%] Built target test_w7_c2_onecycle_finish
[ 46%] Built target test_interfacesys
[ 46%] Built target test_w7_hotplate_loader_vibrate
[ 46%] Built target test_w6_4_tester_core
[ 46%] Built target test_w906_autositemap_cleanout
[ 46%] Built target test_w6_6_hub
[ 46%] Built target test_w7_grid_occupancy
[ 46%] Built target test_w6_6_csystem_cycle
[ 46%] Built target test_w6_2_outarm_variants
[ 46%] Built target test_w7_c1_cleanout_finish
[ 46%] Built target test_w906_doindexautoclean
[ 46%] Built target test_MyNUEC1
[ 46%] Built target test_uHGemClass
[ 46%] Built target test_SCK_ART
[ 46%] Built target test_hana_art
[ 46%] Built target test_amr
[ 46%] Built target test_atester_32site
[ 47%] Built target test_transform_funtion
[ 47%] Built target test_myplc_modbus
[ 47%] Built target test_contactforce_load
[ 47%] Built target test_atester_rear_suckic
[ 48%] Built target test_MyCCLink
[ 48%] Built target test_kitsuck_predicates
[ 48%] Built target test_barcode_bottom2did
[ 48%] Built target test_barcode_helpers
[ 48%] Built target test_barcode_shuttle1_ccdscan
[ 48%] Built target test_barcode_shuttle2_scanremainder1
[ 48%] Built target test_barcode_shuttle2_scan
[ 48%] Built target test_atester_front_suckic
[ 49%] Built target test_barcode_shuttle2_ccdscan
[ 49%] Built target test_barcode_bottom2did8ccd
[ 50%] Built target test_barcode_shuttle2_scanremainder2
[ 50%] Built target test_agv_e84
[ 50%] Built target test_SCK_ART_Remainder
[ 50%] Built target test_testertcp_socket
[ 50%] Built target test_barcode_shuttle1_scan
[ 50%] Built target test_uHGemEquipment
[ 50%] Built target test_auto9045
[ 50%] Built target test_automation
[ 50%] Built target test_agv_portscan
[ 50%] Built target test_barcode_8ccd_glue
[ 50%] Built target test_w7_l1_loader
[ 51%] Built target test_w7_l1_auto2
[ 51%] Built target test_w7_a2_searchtray_magazine_return
[ 51%] Built target test_TesterTCP
[ 51%] Built target test_MyProductionRecord
[ 51%] Built target test_w7_f1_wall2_probe
[ 51%] Built target test_w7_f2_sckart_state
[ 51%] Built target test_w7_l4_copyostestresult
[ 51%] Built target test_FTPClient_EventHandlers
[ 51%] Built target test_w7_l1_color
[ 51%] Built target test_w7_l1_auto
[ 51%] Built target test_w7_l1_auto_rt
[ 51%] Built target test_w906_trace
[ 51%] Built target test_w7_l3_siteusemgr
[ 53%] Built target test_webolp
[ 53%] Built target test_mydb_csv_eventlog
[ 54%] Built target test_ga1_language
[ 54%] Built target test_set_test_timeout_timer
[ 55%] Built target test_w7_l2_ckernel
[ 55%] Built target test_testercomm_handler
[ 56%] Built target test_secs_catalogue
[ 56%] Built target test_ga1_readgeneralini
[ 56%] Built target test_ga1_cpublic
[ 56%] Built target test_p6_gpib_aux
[ 57%] Built target test_w9_remote_temp_offset
[ 57%] Built target test_ga2_c1_cinitial
[ 57%] Built target test_i129_b37
[ 57%] Built target test_contactct_core
[ 57%] Built target test_ela_timedata
[ 58%] Built target test_showbinselect_core
[ 58%] Built target test_main_record_clear
[ 58%] Built target test_testcategory_paint
[ 58%] Built target test_w1_art_brand
[ 58%] Built target test_security_core
[ 58%] Built target test_counterclear_core
[ 58%] Built target test_temperfrom_core
[ 58%] Built target test_wb_datalayer
[ 58%] Built target test_binsel_core
[ 58%] Built target test_machine_motors
[ 59%] Built target test_wb_simpump
[ 59%] Built target test_observer_core
[ 60%] Built target test_machine_suckers
[ 60%] Built target test_yieldmon_core
[ 60%] Built target test_homeclass
[ 60%] Built target test_ptw1_mystringlist
[ 60%] Built target test_yesno_dialog
[ 60%] Built target test_timer2_testseconds
[ 60%] Built target test_wb_tags
[ 60%] Built target test_note_jamcount
[ 61%] Built target test_heater_sim_tick
[ 61%] Built target test_halarm
[ 61%] Linking CXX executable test_change_log.exe
[ 61%] Built target test_record_error_log
[ 61%] Built target test_initial_memory
[ 61%] Built target test_mydb_p4_containment
[ 61%] Built target test_mytray_golden
[ 61%] Built target test_mt_e3b_engine
[ 61%] Built target test_plc_gates
[ 61%] Built target test_mainproc_guard
[ 61%] Built target test_init_dio_status
[ 61%] Built target test_rs232_torque
[ 61%] Built target test_opmode_body
[ 62%] Built target test_atc_boot_init
[ 62%] Built target test_ioweb_watch
[ 62%] Built target test_lastdata_sandbox
[ 62%] Linking CXX executable test_memo_log.exe
[ 62%] Built target test_tcp_cmd_server
[ 62%] Built target test_record_time_info
[ 62%] Linking CXX executable test_note_showerror.exe
[ 62%] Built target test_weblogin_force_operator
[ 62%] Linking CXX executable test_weblogin_reauth.exe
[ 62%] Linking CXX executable test_task_list_register.exe
[ 62%] Linking CXX executable test_note_servooff.exe
[ 62%] Built target test_tester_connect_rules
[ 63%] Built target test_sjson_chan
[ 63%] Linking CXX executable test_i115b_vacuum.exe
[ 63%] Linking CXX executable test_hsys_heater_mix.exe
[ 63%] Linking CXX executable test_inarm_leftside_golden.exe
[ 63%] Linking CXX executable test_searchcleannum_once.exe
[ 63%] Linking CXX executable test_main_scankey.exe
[ 63%] Linking CXX executable test_amb_l3_inarm_stubs.exe
[ 63%] Linking CXX executable test_ecat_motor_route.exe
[ 63%] Linking CXX executable test_note_motorerror.exe
[ 63%] Linking CXX executable test_gali_route_engine.exe
[ 71%] Built target wb_serve
[ 71%] Linking CXX executable test_notice_ack.exe
[ 71%] Linking CXX executable test_main_ctlbuttons.exe
[ 71%] Linking CXX executable test_b8_ctl2_timerep.exe
[ 71%] Building CXX object tests/CMakeFiles/test_gali_route_live.dir/__/WebMotorAccess.cpp.obj
[ 71%] Linking CXX executable test_i115b_lifted.exe
[ 71%] Linking CXX executable test_b8_m11_ftrt.exe
[ 72%] Linking CXX executable test_htray_bind.exe
[ 72%] Building CXX object tests/CMakeFiles/test_b8_ag1_initial.dir/__/FileRW/_EditPage.cpp.obj
[ 73%] Building CXX object tests/CMakeFiles/test_b8_os5_sortbuttons.dir/__/FileRW/_EditPage.cpp.obj
[ 73%] Linking CXX executable test_d015_a01_autologout.exe
In file included from D:/HT9045/_integ_ioweb/HT9011UC_Cpp_V3.33.906.0/cmydef.h:10,
                 from D:/HT9045/_integ_ioweb/HT9011UC_Cpp_V3.33.906.0/Public/HTEditList.h:113,
                 from D:/HT9045/_integ_ioweb/HT9011UC_Cpp_V3.33.906.0/FileRW/_EditList.h:27,
                 from D:\HT9045\_integ_ioweb\HT9011UC_Cpp_V3.33.906.0\FileRW\_EditPage.cpp:14:
D:/HT9045/_integ_ioweb/HT9011UC_Cpp_V3.33.906.0/cprod.h:3307:1: warning: anonymous non-C-compatible type given name for linkage purposes by 'typedef' declaration [-Wnon-c-typedef-for-linkage]
 3307 | {
      | ^
      | MyIndexArmRec
D:/HT9045/_integ_ioweb/HT9011UC_Cpp_V3.33.906.0/cprod.h:3311:10: note: type is not C-compatible because it contains 'void MyIndexArmRec::Clear()' declaration
 3311 |     void Clear();
      |          ^~~~~
D:/HT9045/_integ_ioweb/HT9011UC_Cpp_V3.33.906.0/cmydef.h:4732:1: warning: anonymous non-C-compatible type given name for linkage purposes by 'typedef' declaration [-Wnon-c-typedef-for-linkage]
 4732 | {
      | ^
      | MySiteData
D:/HT9045/_integ_ioweb/HT9011UC_Cpp_V3.33.906.0/cmydef.h:4736:10: note: type is not C-compatible because it contains 'void MySiteData::SetData(int, int)' declaration
 4736 |     void SetData(int X, int Y)
      |          ^~~~~~~
D:/HT9045/_integ_ioweb/HT9011UC_Cpp_V3.33.906.0/cmydef.h:4747:1: warning: anonymous non-C-compatible type given name for linkage purposes by 'typedef' declaration [-Wnon-c-typedef-for-linkage]
 4747 | {
      | ^
      | MyNextTrayNeedManualRemoveTray
D:/HT9045/_integ_ioweb/HT9011UC_Cpp_V3.33.906.0/cmydef.h:4753:10: note: type is not C-compatible because it contains 'void MyNextTrayNeedManualRemoveTray::Clear()' declaration
 4753 |     void Clear()
      |          ^~~~~
D:/HT9045/_integ_ioweb/HT9011UC_Cpp_V3.33.906.0/Public/HTEditList.h:429:1: warning: anonymous non-C-compatible type given name for linkage purposes by 'typedef' declaration [-Wnon-c-typedef-for-linkage]
  429 | {
      | ^
      | ArmAndSuckInfo
D:/HT9045/_integ_ioweb/HT9011UC_Cpp_V3.33.906.0/Public/HTEditList.h:438:10: note: type is not C-compatible because it contains 'void ArmAndSuckInfo::Clear()' declaration
  438 |     void Clear()
      |          ^~~~~
D:/HT9045/_integ_ioweb/HT9011UC_Cpp_V3.33.906.0/Public/HTEditList.h:454:1: warning: anonymous non-C-compatible type given name for linkage purposes by 'typedef' declaration [-Wnon-c-typedef-for-linkage]
  454 | {
      | ^
      | SingleSuckPosOnTray
D:/HT9045/_integ_ioweb/HT9011UC_Cpp_V3.33.906.0/Public/HTEditList.h:462:10: note: type is not C-compatible because it contains 'void SingleSuckPosOnTray::Clear()' declaration
  462 |     void Clear()
      |          ^~~~~
D:/HT9045/_integ_ioweb/HT9011UC_Cpp_V3.33.906.0/Public/HTEditList.h:475:1: warning: anonymous non-C-compatible type given name for linkage purposes by 'typedef' declaration [-Wnon-c-typedef-for-linkage]
  475 | {
      | ^
      | MyFillTheTrayAfterOutArmPlace
D:/HT9045/_integ_ioweb/HT9011UC_Cpp_V3.33.906.0/Public/HTEditList.h:479:10: note: type is not C-compatible because it contains 'void MyFillTheTrayAfterOutArmPlace::Clear()' declaration
  479 |     void Clear()
      |          ^~~~~
D:/HT9045/_integ_ioweb/HT9011UC_Cpp_V3.33.906.0/Public/HTEditList.h:488:1: warning: anonymous non-C-compatible type given name for linkage purposes by 'typedef' declaration [-Wnon-c-typedef-for-linkage]
  488 | {
      | ^
      | PickPlaceByArm
D:/HT9045/_integ_ioweb/HT9011UC_Cpp_V3.33.906.0/Public/HTEditList.h:491:10: note: type is not C-compatible because it contains 'void PickPlaceByArm::Clear()' declaration
  491 |     void Clear()
      |          ^~~~~
In file included from D:/HT9045/_integ_ioweb/HT9011UC_Cpp_V3.33.906.0/cmydef.h:10,
                 from D:/HT9045/_integ_ioweb/HT9011UC_Cpp_V3.33.906.0/Public/HTEditList.h:113,
                 from D:/HT9045/_integ_ioweb/HT9011UC_Cpp_V3.33.906.0/FileRW/_EditList.h:27,
                 from D:\HT9045\_integ_ioweb\HT9011UC_Cpp_V3.33.906.0\FileRW\_EditPage.cpp:14:
D:/HT9045/_integ_ioweb/HT9011UC_Cpp_V3.33.906.0/cprod.h:3307:1: warning: anonymous non-C-compatible type given name for linkage purposes by 'typedef' declaration [-Wnon-c-typedef-for-linkage]
 3307 | {
      | ^
      | MyIndexArmRec
D:/HT9045/_integ_ioweb/HT9011UC_Cpp_V3.33.906.0/cprod.h:3311:10: note: type is not C-compatible because it contains 'void MyIndexArmRec::Clear()' declaration
 3311 |     void Clear();
      |          ^~~~~
D:/HT9045/_integ_ioweb/HT9011UC_Cpp_V3.33.906.0/cmydef.h:4732:1: warning: anonymous non-C-compatible type given name for linkage purposes by 'typedef' declaration [-Wnon-c-typedef-for-linkage]
 4732 | {
      | ^
      | MySiteData
D:/HT9045/_integ_ioweb/HT9011UC_Cpp_V3.33.906.0/cmydef.h:4736:10: note: type is not C-compatible because it contains 'void MySiteData::SetData(int, int)' declaration
 4736 |     void SetData(int X, int Y)
      |          ^~~~~~~
D:/HT9045/_integ_ioweb/HT9011UC_Cpp_V3.33.906.0/cmydef.h:4747:1: warning: anonymous non-C-compatible type given name for linkage purposes by 'typedef' declaration [-Wnon-c-typedef-for-linkage]
 4747 | {
      | ^
      | MyNextTrayNeedManualRemoveTray
D:/HT9045/_integ_ioweb/HT9011UC_Cpp_V3.33.906.0/cmydef.h:4753:10: note: type is not C-compatible because it contains 'void MyNextTrayNeedManualRemoveTray::Clear()' declaration
 4753 |     void Clear()
      |          ^~~~~
D:/HT9045/_integ_ioweb/HT9011UC_Cpp_V3.33.906.0/Public/HTEditList.h:429:1: warning: anonymous non-C-compatible type given name for linkage purposes by 'typedef' declaration [-Wnon-c-typedef-for-linkage]
  429 | {
      | ^
      | ArmAndSuckInfo
D:/HT9045/_integ_ioweb/HT9011UC_Cpp_V3.33.906.0/Public/HTEditList.h:438:10: note: type is not C-compatible because it contains 'void ArmAndSuckInfo::Clear()' declaration
  438 |     void Clear()
      |          ^~~~~
D:/HT9045/_integ_ioweb/HT9011UC_Cpp_V3.33.906.0/Public/HTEditList.h:454:1: warning: anonymous non-C-compatible type given name for linkage purposes by 'typedef' declaration [-Wnon-c-typedef-for-linkage]
  454 | {
      | ^
      | SingleSuckPosOnTray
D:/HT9045/_integ_ioweb/HT9011UC_Cpp_V3.33.906.0/Public/HTEditList.h:462:10: note: type is not C-compatible because it contains 'void SingleSuckPosOnTray::Clear()' declaration
  462 |     void Clear()
      |          ^~~~~
D:/HT9045/_integ_ioweb/HT9011UC_Cpp_V3.33.906.0/Public/HTEditList.h:475:1: warning: anonymous non-C-compatible type given name for linkage purposes by 'typedef' declaration [-Wnon-c-typedef-for-linkage]
  475 | {
      | ^
      | MyFillTheTrayAfterOutArmPlace
D:/HT9045/_integ_ioweb/HT9011UC_Cpp_V3.33.906.0/Public/HTEditList.h:479:10: note: type is not C-compatible because it contains 'void MyFillTheTrayAfterOutArmPlace::Clear()' declaration
  479 |     void Clear()
      |          ^~~~~
D:/HT9045/_integ_ioweb/HT9011UC_Cpp_V3.33.906.0/Public/HTEditList.h:488:1: warning: anonymous non-C-compatible type given name for linkage purposes by 'typedef' declaration [-Wnon-c-typedef-for-linkage]
  488 | {
      | ^
      | PickPlaceByArm
D:/HT9045/_integ_ioweb/HT9011UC_Cpp_V3.33.906.0/Public/HTEditList.h:491:10: note: type is not C-compatible because it contains 'void PickPlaceByArm::Clear()' declaration
  491 |     void Clear()
      |          ^~~~~
[ 73%] Building CXX object tests/CMakeFiles/test_b8_ag1_agvini.dir/__/FileRW/_EditPage.cpp.obj
In file included from D:/HT9045/_integ_ioweb/HT9011UC_Cpp_V3.33.906.0/cmydef.h:10,
                 from D:/HT9045/_integ_ioweb/HT9011UC_Cpp_V3.33.906.0/Public/HTEditList.h:113,
                 from D:/HT9045/_integ_ioweb/HT9011UC_Cpp_V3.33.906.0/FileRW/_EditList.h:27,
                 from D:\HT9045\_integ_ioweb\HT9011UC_Cpp_V3.33.906.0\FileRW\_EditPage.cpp:14:
D:/HT9045/_integ_ioweb/HT9011UC_Cpp_V3.33.906.0/cprod.h:3307:1: warning: anonymous non-C-compatible type given name for linkage purposes by 'typedef' declaration [-Wnon-c-typedef-for-linkage]
 3307 | {
      | ^
      | MyIndexArmRec
D:/HT9045/_integ_ioweb/HT9011UC_Cpp_V3.33.906.0/cprod.h:3311:10: note: type is not C-compatible because it contains 'void MyIndexArmRec::Clear()' declaration
 3311 |     void Clear();
      |          ^~~~~
D:/HT9045/_integ_ioweb/HT9011UC_Cpp_V3.33.906.0/cmydef.h:4732:1: warning: anonymous non-C-compatible type given name for linkage purposes by 'typedef' declaration [-Wnon-c-typedef-for-linkage]
 4732 | {
      | ^
      | MySiteData
D:/HT9045/_integ_ioweb/HT9011UC_Cpp_V3.33.906.0/cmydef.h:4736:10: note: type is not C-compatible because it contains 'void MySiteData::SetData(int, int)' declaration
 4736 |     void SetData(int X, int Y)
      |          ^~~~~~~
D:/HT9045/_integ_ioweb/HT9011UC_Cpp_V3.33.906.0/cmydef.h:4747:1: warning: anonymous non-C-compatible type given name for linkage purposes by 'typedef' declaration [-Wnon-c-typedef-for-linkage]
 4747 | {
      | ^
      | MyNextTrayNeedManualRemoveTray
D:/HT9045/_integ_ioweb/HT9011UC_Cpp_V3.33.906.0/cmydef.h:4753:10: note: type is not C-compatible because it contains 'void MyNextTrayNeedManualRemoveTray::Clear()' declaration
 4753 |     void Clear()
      |          ^~~~~
D:/HT9045/_integ_ioweb/HT9011UC_Cpp_V3.33.906.0/Public/HTEditList.h:429:1: warning: anonymous non-C-compatible type given name for linkage purposes by 'typedef' declaration [-Wnon-c-typedef-for-linkage]
  429 | {
      | ^
      | ArmAndSuckInfo
D:/HT9045/_integ_ioweb/HT9011UC_Cpp_V3.33.906.0/Public/HTEditList.h:438:10: note: type is not C-compatible because it contains 'void ArmAndSuckInfo::Clear()' declaration
  438 |     void Clear()
      |          ^~~~~
D:/HT9045/_integ_ioweb/HT9011UC_Cpp_V3.33.906.0/Public/HTEditList.h:454:1: warning: anonymous non-C-compatible type given name for linkage purposes by 'typedef' declaration [-Wnon-c-typedef-for-linkage]
  454 | {
      | ^
      | SingleSuckPosOnTray
D:/HT9045/_integ_ioweb/HT9011UC_Cpp_V3.33.906.0/Public/HTEditList.h:462:10: note: type is not C-compatible because it contains 'void SingleSuckPosOnTray::Clear()' declaration
  462 |     void Clear()
      |          ^~~~~
D:/HT9045/_integ_ioweb/HT9011UC_Cpp_V3.33.906.0/Public/HTEditList.h:475:1: warning: anonymous non-C-compatible type given name for linkage purposes by 'typedef' declaration [-Wnon-c-typedef-for-linkage]
  475 | {
      | ^
      | MyFillTheTrayAfterOutArmPlace
D:/HT9045/_integ_ioweb/HT9011UC_Cpp_V3.33.906.0/Public/HTEditList.h:479:10: note: type is not C-compatible because it contains 'void MyFillTheTrayAfterOutArmPlace::Clear()' declaration
  479 |     void Clear()
      |          ^~~~~
D:/HT9045/_integ_ioweb/HT9011UC_Cpp_V3.33.906.0/Public/HTEditList.h:488:1: warning: anonymous non-C-compatible type given name for linkage purposes by 'typedef' declaration [-Wnon-c-typedef-for-linkage]
  488 | {
      | ^
      | PickPlaceByArm
D:/HT9045/_integ_ioweb/HT9011UC_Cpp_V3.33.906.0/Public/HTEditList.h:491:10: note: type is not C-compatible because it contains 'void PickPlaceByArm::Clear()' declaration
  491 |     void Clear()
      |          ^~~~~
[ 73%] Building CXX object tests/CMakeFiles/test_b8_su7_rtcclick.dir/__/FileRW/_KitSuck.cpp.obj
[ 73%] Building CXX object tests/CMakeFiles/test_b8_ag1_initial.dir/__/FileRW/_KitSuck.cpp.obj
[ 73%] Linking CXX executable test_i125_realdummy.exe
[ 73%] Building CXX object tests/CMakeFiles/test_b8_os5_sortbuttons.dir/__/FileRW/_KitSuck.cpp.obj
In file included from D:/HT9045/_integ_ioweb/HT9011UC_Cpp_V3.33.906.0/cmydef.h:10,
                 from D:/HT9045/_integ_ioweb/HT9011UC_Cpp_V3.33.906.0/aHotPlateSubstrate.h:67,
                 from D:\HT9045\_integ_ioweb\HT9011UC_Cpp_V3.33.906.0\FileRW\_KitSuck.cpp:8:
D:/HT9045/_integ_ioweb/HT9011UC_Cpp_V3.33.906.0/cprod.h:3307:1: warning: anonymous non-C-compatible type given name for linkage purposes by 'typedef' declaration [-Wnon-c-typedef-for-linkage]
 3307 | {
      | ^
      | MyIndexArmRec
D:/HT9045/_integ_ioweb/HT9011UC_Cpp_V3.33.906.0/cprod.h:3311:10: note: type is not C-compatible because it contains 'void MyIndexArmRec::Clear()' declaration
 3311 |     void Clear();
      |          ^~~~~
D:/HT9045/_integ_ioweb/HT9011UC_Cpp_V3.33.906.0/cmydef.h:4732:1: warning: anonymous non-C-compatible type given name for linkage purposes by 'typedef' declaration [-Wnon-c-typedef-for-linkage]
 4732 | {
      | ^
      | MySiteData
D:/HT9045/_integ_ioweb/HT9011UC_Cpp_V3.33.906.0/cmydef.h:4736:10: note: type is not C-compatible because it contains 'void MySiteData::SetData(int, int)' declaration
 4736 |     void SetData(int X, int Y)
      |          ^~~~~~~
D:/HT9045/_integ_ioweb/HT9011UC_Cpp_V3.33.906.0/cmydef.h:4747:1: warning: anonymous non-C-compatible type given name for linkage purposes by 'typedef' declaration [-Wnon-c-typedef-for-linkage]
 4747 | {
      | ^
      | MyNextTrayNeedManualRemoveTray
D:/HT9045/_integ_ioweb/HT9011UC_Cpp_V3.33.906.0/cmydef.h:4753:10: note: type is not C-compatible because it contains 'void MyNextTrayNeedManualRemoveTray::Clear()' declaration
 4753 |     void Clear()
      |          ^~~~~
D:/HT9045/_integ_ioweb/HT9011UC_Cpp_V3.33.906.0/aHotPlateSubstrate.h:830:1: warning: anonymous non-C-compatible type given name for linkage purposes by 'typedef' declaration [-Wnon-c-typedef-for-linkage]
  830 | {
      | ^
      | strAUTOSITEMAP
D:/HT9045/_integ_ioweb/HT9011UC_Cpp_V3.33.906.0/aHotPlateSubstrate.h:836:10: note: type is not C-compatible because it contains 'void strAUTOSITEMAP::ClearData()' declaration
  836 |     void ClearData()
      |          ^~~~~~~~~
[ 73%] Building CXX object tests/CMakeFiles/test_b8_su7_rtcclick.dir/test_bootstrap.cpp.obj
In file included from D:/HT9045/_integ_ioweb/HT9011UC_Cpp_V3.33.906.0/cmydef.h:10,
                 from D:/HT9045/_integ_ioweb/HT9011UC_Cpp_V3.33.906.0/aHotPlateSubstrate.h:67,
                 from D:\HT9045\_integ_ioweb\HT9011UC_Cpp_V3.33.906.0\FileRW\_KitSuck.cpp:8:
D:/HT9045/_integ_ioweb/HT9011UC_Cpp_V3.33.906.0/cprod.h:3307:1: warning: anonymous non-C-compatible type given name for linkage purposes by 'typedef' declaration [-Wnon-c-typedef-for-linkage]
 3307 | {
      | ^
      | MyIndexArmRec
D:/HT9045/_integ_ioweb/HT9011UC_Cpp_V3.33.906.0/cprod.h:3311:10: note: type is not C-compatible because it contains 'void MyIndexArmRec::Clear()' declaration
 3311 |     void Clear();
      |          ^~~~~
D:/HT9045/_integ_ioweb/HT9011UC_Cpp_V3.33.906.0/cmydef.h:4732:1: warning: anonymous non-C-compatible type given name for linkage purposes by 'typedef' declaration [-Wnon-c-typedef-for-linkage]
 4732 | {
      | ^
      | MySiteData
D:/HT9045/_integ_ioweb/HT9011UC_Cpp_V3.33.906.0/cmydef.h:4736:10: note: type is not C-compatible because it contains 'void MySiteData::SetData(int, int)' declaration
 4736 |     void SetData(int X, int Y)
      |          ^~~~~~~
D:/HT9045/_integ_ioweb/HT9011UC_Cpp_V3.33.906.0/cmydef.h:4747:1: warning: anonymous non-C-compatible type given name for linkage purposes by 'typedef' declaration [-Wnon-c-typedef-for-linkage]
 4747 | {
      | ^
      | MyNextTrayNeedManualRemoveTray
D:/HT9045/_integ_ioweb/HT9011UC_Cpp_V3.33.906.0/cmydef.h:4753:10: note: type is not C-compatible because it contains 'void MyNextTrayNeedManualRemoveTray::Clear()' declaration
 4753 |     void Clear()
      |          ^~~~~
D:/HT9045/_integ_ioweb/HT9011UC_Cpp_V3.33.906.0/aHotPlateSubstrate.h:830:1: warning: anonymous non-C-compatible type given name for linkage purposes by 'typedef' declaration [-Wnon-c-typedef-for-linkage]
  830 | {
      | ^
      | strAUTOSITEMAP
D:/HT9045/_integ_ioweb/HT9011UC_Cpp_V3.33.906.0/aHotPlateSubstrate.h:836:10: note: type is not C-compatible because it contains 'void strAUTOSITEMAP::ClearData()' declaration
  836 |     void ClearData()
      |          ^~~~~~~~~
In file included from D:/HT9045/_integ_ioweb/HT9011UC_Cpp_V3.33.906.0/cmydef.h:10,
                 from D:/HT9045/_integ_ioweb/HT9011UC_Cpp_V3.33.906.0/aHotPlateSubstrate.h:67,
                 from D:\HT9045\_integ_ioweb\HT9011UC_Cpp_V3.33.906.0\FileRW\_KitSuck.cpp:8:
D:/HT9045/_integ_ioweb/HT9011UC_Cpp_V3.33.906.0/cprod.h:3307:1: warning: anonymous non-C-compatible type given name for linkage purposes by 'typedef' declaration [-Wnon-c-typedef-for-linkage]
 3307 | {
      | ^
      | MyIndexArmRec
D:/HT9045/_integ_ioweb/HT9011UC_Cpp_V3.33.906.0/cprod.h:3311:10: note: type is not C-compatible because it contains 'void MyIndexArmRec::Clear()' declaration
 3311 |     void Clear();
      |          ^~~~~
D:/HT9045/_integ_ioweb/HT9011UC_Cpp_V3.33.906.0/cmydef.h:4732:1: warning: anonymous non-C-compatible type given name for linkage purposes by 'typedef' declaration [-Wnon-c-typedef-for-linkage]
 4732 | {
      | ^
      | MySiteData
D:/HT9045/_integ_ioweb/HT9011UC_Cpp_V3.33.906.0/cmydef.h:4736:10: note: type is not C-compatible because it contains 'void MySiteData::SetData(int, int)' declaration
 4736 |     void SetData(int X, int Y)
      |          ^~~~~~~
D:/HT9045/_integ_ioweb/HT9011UC_Cpp_V3.33.906.0/cmydef.h:4747:1: warning: anonymous non-C-compatible type given name for linkage purposes by 'typedef' declaration [-Wnon-c-typedef-for-linkage]
 4747 | {
      | ^
      | MyNextTrayNeedManualRemoveTray
D:/HT9045/_integ_ioweb/HT9011UC_Cpp_V3.33.906.0/cmydef.h:4753:10: note: type is not C-compatible because it contains 'void MyNextTrayNeedManualRemoveTray::Clear()' declaration
 4753 |     void Clear()
      |          ^~~~~
D:/HT9045/_integ_ioweb/HT9011UC_Cpp_V3.33.906.0/aHotPlateSubstrate.h:830:1: warning: anonymous non-C-compatible type given name for linkage purposes by 'typedef' declaration [-Wnon-c-typedef-for-linkage]
  830 | {
      | ^
      | strAUTOSITEMAP
D:/HT9045/_integ_ioweb/HT9011UC_Cpp_V3.33.906.0/aHotPlateSubstrate.h:836:10: note: type is not C-compatible because it contains 'void strAUTOSITEMAP::ClearData()' declaration
  836 |     void ClearData()
      |          ^~~~~~~~~
[ 73%] Building CXX object tests/CMakeFiles/test_b8_ag1_initial.dir/test_bootstrap.cpp.obj
[ 73%] Building CXX object tests/CMakeFiles/test_b8_os5_sortbuttons.dir/test_bootstrap.cpp.obj
[ 73%] Building CXX object tests/CMakeFiles/test_b8_ag1_agvini.dir/__/FileRW/_KitSuck.cpp.obj
D:\HT9045\_integ_ioweb\HT9011UC_Cpp_V3.33.906.0\tests\test_bootstrap.cpp:66:16: warning: 'int _putenv(const char*)' redeclared without dllimport attribute: previous dllimport ignored [-Wattributes]
   66 | extern "C" int _putenv(const char *);
      |                ^~~~~~~
[ 73%] Linking CXX executable test_b8_su7_rtcclick.exe
D:\HT9045\_integ_ioweb\HT9011UC_Cpp_V3.33.906.0\tests\test_bootstrap.cpp:66:16: warning: 'int _putenv(const char*)' redeclared without dllimport attribute: previous dllimport ignored [-Wattributes]
   66 | extern "C" int _putenv(const char *);
      |                ^~~~~~~
D:\HT9045\_integ_ioweb\HT9011UC_Cpp_V3.33.906.0\tests\test_bootstrap.cpp:66:16: warning: 'int _putenv(const char*)' redeclared without dllimport attribute: previous dllimport ignored [-Wattributes]
   66 | extern "C" int _putenv(const char *);
      |                ^~~~~~~
[ 73%] Linking CXX executable test_b8_os5_sortbuttons.exe
[ 73%] Linking CXX executable test_b8_ag1_initial.exe
In file included from D:/HT9045/_integ_ioweb/HT9011UC_Cpp_V3.33.906.0/cmydef.h:10,
                 from D:/HT9045/_integ_ioweb/HT9011UC_Cpp_V3.33.906.0/aHotPlateSubstrate.h:67,
                 from D:\HT9045\_integ_ioweb\HT9011UC_Cpp_V3.33.906.0\FileRW\_KitSuck.cpp:8:
D:/HT9045/_integ_ioweb/HT9011UC_Cpp_V3.33.906.0/cprod.h:3307:1: warning: anonymous non-C-compatible type given name for linkage purposes by 'typedef' declaration [-Wnon-c-typedef-for-linkage]
 3307 | {
      | ^
      | MyIndexArmRec
D:/HT9045/_integ_ioweb/HT9011UC_Cpp_V3.33.906.0/cprod.h:3311:10: note: type is not C-compatible because it contains 'void MyIndexArmRec::Clear()' declaration
 3311 |     void Clear();
      |          ^~~~~
D:/HT9045/_integ_ioweb/HT9011UC_Cpp_V3.33.906.0/cmydef.h:4732:1: warning: anonymous non-C-compatible type given name for linkage purposes by 'typedef' declaration [-Wnon-c-typedef-for-linkage]
 4732 | {
      | ^
      | MySiteData
D:/HT9045/_integ_ioweb/HT9011UC_Cpp_V3.33.906.0/cmydef.h:4736:10: note: type is not C-compatible because it contains 'void MySiteData::SetData(int, int)' declaration
 4736 |     void SetData(int X, int Y)
      |          ^~~~~~~
D:/HT9045/_integ_ioweb/HT9011UC_Cpp_V3.33.906.0/cmydef.h:4747:1: warning: anonymous non-C-compatible type given name for linkage purposes by 'typedef' declaration [-Wnon-c-typedef-for-linkage]
 4747 | {
      | ^
      | MyNextTrayNeedManualRemoveTray
D:/HT9045/_integ_ioweb/HT9011UC_Cpp_V3.33.906.0/cmydef.h:4753:10: note: type is not C-compatible because it contains 'void MyNextTrayNeedManualRemoveTray::Clear()' declaration
 4753 |     void Clear()
      |          ^~~~~
D:/HT9045/_integ_ioweb/HT9011UC_Cpp_V3.33.906.0/aHotPlateSubstrate.h:830:1: warning: anonymous non-C-compatible type given name for linkage purposes by 'typedef' declaration [-Wnon-c-typedef-for-linkage]
  830 | {
      | ^
      | strAUTOSITEMAP
D:/HT9045/_integ_ioweb/HT9011UC_Cpp_V3.33.906.0/aHotPlateSubstrate.h:836:10: note: type is not C-compatible because it contains 'void strAUTOSITEMAP::ClearData()' declaration
  836 |     void ClearData()
      |          ^~~~~~~~~
[ 73%] Building CXX object tests/CMakeFiles/test_b8_ag1_agvini.dir/test_bootstrap.cpp.obj
D:\HT9045\_integ_ioweb\HT9011UC_Cpp_V3.33.906.0\tests\test_bootstrap.cpp:66:16: warning: 'int _putenv(const char*)' redeclared without dllimport attribute: previous dllimport ignored [-Wattributes]
   66 | extern "C" int _putenv(const char *);
      |                ^~~~~~~
[ 73%] Linking CXX executable test_b8_ag1_agvini.exe
[ 73%] Building CXX object tests/CMakeFiles/test_gali_route_live.dir/__/GearCalc.cpp.obj
[ 73%] Building CXX object tests/CMakeFiles/test_gali_route_live.dir/__/WebBridge/JsonWriter.cpp.obj
[ 73%] Building CXX object tests/CMakeFiles/test_gali_route_live.dir/test_bootstrap.cpp.obj
D:\HT9045\_integ_ioweb\HT9011UC_Cpp_V3.33.906.0\tests\test_bootstrap.cpp:66:16: warning: 'int _putenv(const char*)' redeclared without dllimport attribute: previous dllimport ignored [-Wattributes]
   66 | extern "C" int _putenv(const char *);
      |                ^~~~~~~
[ 73%] Linking CXX executable test_gali_route_live.exe
[ 73%] Built target test_searchcleannum_once
[ 73%] Built target test_b8_ag1_initial
[ 73%] Built target test_d015_a01_autologout
[ 73%] Built target test_main_ctlbuttons
[ 74%] Building CXX object tests/CMakeFiles/test_streamgate_tags.dir/__/WebBridgeTags.cpp.obj
[ 75%] Built target test_b8_ag1_agvini
[ 75%] Building CXX object tests/CMakeFiles/test_streamgate_tags.dir/__/EtherCAT/Pci1203Control.cpp.obj
[ 75%] Built target test_weblogin_reauth
[ 75%] Building CXX object tests/CMakeFiles/test_streamgate_tags.dir/test_bootstrap.cpp.obj
[ 76%] Built target test_note_motorerror
D:\HT9045\_integ_ioweb\HT9011UC_Cpp_V3.33.906.0\tests\test_bootstrap.cpp:66:16: warning: 'int _putenv(const char*)' redeclared without dllimport attribute: previous dllimport ignored [-Wattributes]
   66 | extern "C" int _putenv(const char *);
      |                ^~~~~~~
[ 76%] Built target test_i125_realdummy
[ 77%] Built target test_note_servooff
[ 77%] Built target test_b8_ctl2_timerep
[ 77%] Built target test_gali_route_live
[ 77%] Built target test_b8_os5_sortbuttons
[ 77%] Built target test_ecat_motor_route
[ 77%] Built target test_i115b_lifted
[ 77%] Building CXX object tests/CMakeFiles/test_sysinit_boot.dir/__/FileRW/MainBoot.cpp.obj
[ 77%] Building CXX object tests/CMakeFiles/test_vacuum_vc8.dir/__/EtherCAT/Pci1203Control.cpp.obj
[ 77%] Built target test_gali_route_engine
[ 78%] Building CXX object tests/CMakeFiles/test_vacuum_vc8.dir/test_bootstrap.cpp.obj
[ 78%] Built target test_task_list_register
[ 78%] Built target test_b8_su7_rtcclick
[ 78%] Building CXX object tests/CMakeFiles/test_main_timer_segments.dir/test_main_timer_segments.cpp.obj
[ 78%] Building CXX object tests/CMakeFiles/test_tempfuse_limit.dir/test_tempfuse_limit.cpp.obj
[ 78%] Built target test_notice_ack
[ 78%] Building CXX object tests/CMakeFiles/test_tempfuse_limit.dir/test_bootstrap.cpp.obj
[ 78%] Built target test_i115b_vacuum
[ 79%] Building CXX object tests/CMakeFiles/test_setlotstate.dir/test_setlotstate.cpp.obj
[ 79%] Building CXX object tests/CMakeFiles/test_jamday_hook.dir/test_jamday_hook.cpp.obj
[ 79%] Building CXX object tests/CMakeFiles/test_main_timer_segments.dir/test_bootstrap.cpp.obj
[ 80%] Built target test_b8_m11_ftrt
[ 80%] Built target test_htray_bind
[ 80%] Building CXX object tests/CMakeFiles/test_setlotstate.dir/test_bootstrap.cpp.obj
[ 80%] Building CXX object tests/CMakeFiles/test_jamday_hook.dir/test_bootstrap.cpp.obj
[ 80%] Built target test_amb_l3_inarm_stubs
[ 80%] Building CXX object tests/CMakeFiles/test_pause_forward.dir/test_pause_forward.cpp.obj
[ 80%] Building CXX object tests/CMakeFiles/test_atc_emg_bridge.dir/test_atc_emg_bridge.cpp.obj
[ 81%] Built target test_e020_lotinfo_secslotstart
[ 81%] Building CXX object tests/CMakeFiles/test_pause_forward.dir/test_bootstrap.cpp.obj
[ 81%] Built target test_main_scankey
[ 81%] Building CXX object tests/CMakeFiles/test_atc_emg_bridge.dir/test_bootstrap.cpp.obj
[ 81%] Built target test_note_showerror
[ 81%] Built target test_inarm_leftside_golden
D:\HT9045\_integ_ioweb\HT9011UC_Cpp_V3.33.906.0\tests\test_bootstrap.cpp:66:16: warning: 'int _putenv(const char*)' redeclared without dllimport attribute: previous dllimport ignored [-Wattributes]
   66 | extern "C" int _putenv(const char *);
      |                ^~~~~~~
D:\HT9045\_integ_ioweb\HT9011UC_Cpp_V3.33.906.0\tests\test_bootstrap.cpp:66:16: warning: 'int _putenv(const char*)' redeclared without dllimport attribute: previous dllimport ignored [-Wattributes]
   66 | extern "C" int _putenv(const char *);
      |                ^~~~~~~
D:\HT9045\_integ_ioweb\HT9011UC_Cpp_V3.33.906.0\tests\test_bootstrap.cpp:66:16: warning: 'int _putenv(const char*)' redeclared without dllimport attribute: previous dllimport ignored [-Wattributes]
   66 | extern "C" int _putenv(const char *);
      |                ^~~~~~~
D:\HT9045\_integ_ioweb\HT9011UC_Cpp_V3.33.906.0\tests\test_bootstrap.cpp:66:16: warning: 'int _putenv(const char*)' redeclared without dllimport attribute: previous dllimport ignored [-Wattributes]
   66 | extern "C" int _putenv(const char *);
      |                ^~~~~~~
D:\HT9045\_integ_ioweb\HT9011UC_Cpp_V3.33.906.0\tests\test_bootstrap.cpp:66:16: warning: 'int _putenv(const char*)' redeclared without dllimport attribute: previous dllimport ignored [-Wattributes]
   66 | extern "C" int _putenv(const char *);
      |                ^~~~~~~
D:\HT9045\_integ_ioweb\HT9011UC_Cpp_V3.33.906.0\tests\test_bootstrap.cpp:66:16: warning: 'int _putenv(const char*)' redeclared without dllimport attribute: previous dllimport ignored [-Wattributes]
   66 | extern "C" int _putenv(const char *);
      |                ^~~~~~~
D:\HT9045\_integ_ioweb\HT9011UC_Cpp_V3.33.906.0\tests\test_bootstrap.cpp:66:16: warning: 'int _putenv(const char*)' redeclared without dllimport attribute: previous dllimport ignored [-Wattributes]
   66 | extern "C" int _putenv(const char *);
      |                ^~~~~~~
In file included from D:/HT9045/_integ_ioweb/HT9011UC_Cpp_V3.33.906.0/cmydef.h:10,
                 from D:\HT9045\_integ_ioweb\HT9011UC_Cpp_V3.33.906.0\tests\test_tempfuse_limit.cpp:11:
D:/HT9045/_integ_ioweb/HT9011UC_Cpp_V3.33.906.0/cprod.h:3307:1: warning: anonymous non-C-compatible type given name for linkage purposes by 'typedef' declaration [-Wnon-c-typedef-for-linkage]
 3307 | {
      | ^
      | MyIndexArmRec
D:/HT9045/_integ_ioweb/HT9011UC_Cpp_V3.33.906.0/cprod.h:3311:10: note: type is not C-compatible because it contains 'void MyIndexArmRec::Clear()' declaration
 3311 |     void Clear();
      |          ^~~~~
D:/HT9045/_integ_ioweb/HT9011UC_Cpp_V3.33.906.0/cmydef.h:4732:1: warning: anonymous non-C-compatible type given name for linkage purposes by 'typedef' declaration [-Wnon-c-typedef-for-linkage]
 4732 | {
      | ^
      | MySiteData
D:/HT9045/_integ_ioweb/HT9011UC_Cpp_V3.33.906.0/cmydef.h:4736:10: note: type is not C-compatible because it contains 'void MySiteData::SetData(int, int)' declaration
 4736 |     void SetData(int X, int Y)
      |          ^~~~~~~
D:/HT9045/_integ_ioweb/HT9011UC_Cpp_V3.33.906.0/cmydef.h:4747:1: warning: anonymous non-C-compatible type given name for linkage purposes by 'typedef' declaration [-Wnon-c-typedef-for-linkage]
 4747 | {
      | ^
      | MyNextTrayNeedManualRemoveTray
D:/HT9045/_integ_ioweb/HT9011UC_Cpp_V3.33.906.0/cmydef.h:4753:10: note: type is not C-compatible because it contains 'void MyNextTrayNeedManualRemoveTray::Clear()' declaration
 4753 |     void Clear()
      |          ^~~~~
In file included from D:\HT9045\_integ_ioweb\HT9011UC_Cpp_V3.33.906.0\tests\test_jamday_hook.cpp:10:
D:/HT9045/_integ_ioweb/HT9011UC_Cpp_V3.33.906.0/cprod.h:3307:1: warning: anonymous non-C-compatible type given name for linkage purposes by 'typedef' declaration [-Wnon-c-typedef-for-linkage]
 3307 | {
      | ^
      | MyIndexArmRec
D:/HT9045/_integ_ioweb/HT9011UC_Cpp_V3.33.906.0/cprod.h:3311:10: note: type is not C-compatible because it contains 'void MyIndexArmRec::Clear()' declaration
 3311 |     void Clear();
      |          ^~~~~
In file included from D:\HT9045\_integ_ioweb\HT9011UC_Cpp_V3.33.906.0\tests\test_jamday_hook.cpp:14:
D:/HT9045/_integ_ioweb/HT9011UC_Cpp_V3.33.906.0/cmydef.h:4732:1: warning: anonymous non-C-compatible type given name for linkage purposes by 'typedef' declaration [-Wnon-c-typedef-for-linkage]
 4732 | {
      | ^
      | MySiteData
D:/HT9045/_integ_ioweb/HT9011UC_Cpp_V3.33.906.0/cmydef.h:4736:10: note: type is not C-compatible because it contains 'void MySiteData::SetData(int, int)' declaration
 4736 |     void SetData(int X, int Y)
      |          ^~~~~~~
D:/HT9045/_integ_ioweb/HT9011UC_Cpp_V3.33.906.0/cmydef.h:4747:1: warning: anonymous non-C-compatible type given name for linkage purposes by 'typedef' declaration [-Wnon-c-typedef-for-linkage]
 4747 | {
      | ^
      | MyNextTrayNeedManualRemoveTray
D:/HT9045/_integ_ioweb/HT9011UC_Cpp_V3.33.906.0/cmydef.h:4753:10: note: type is not C-compatible because it contains 'void MyNextTrayNeedManualRemoveTray::Clear()' declaration
 4753 |     void Clear()
      |          ^~~~~
In file included from D:\HT9045\_integ_ioweb\HT9011UC_Cpp_V3.33.906.0\WebBridgeTags.cpp:9:
D:\HT9045\_integ_ioweb\HT9011UC_Cpp_V3.33.906.0\cprod.h:3307:1: warning: anonymous non-C-compatible type given name for linkage purposes by 'typedef' declaration [-Wnon-c-typedef-for-linkage]
 3307 | {
      | ^
      | MyIndexArmRec
D:\HT9045\_integ_ioweb\HT9011UC_Cpp_V3.33.906.0\cprod.h:3311:10: note: type is not C-compatible because it contains 'void MyIndexArmRec::Clear()' declaration
 3311 |     void Clear();
      |          ^~~~~
In file included from D:\HT9045\_integ_ioweb\HT9011UC_Cpp_V3.33.906.0\WebBridgeTags.cpp:12:
D:\HT9045\_integ_ioweb\HT9011UC_Cpp_V3.33.906.0\cmydef.h:4732:1: warning: anonymous non-C-compatible type given name for linkage purposes by 'typedef' declaration [-Wnon-c-typedef-for-linkage]
 4732 | {
      | ^
      | MySiteData
D:\HT9045\_integ_ioweb\HT9011UC_Cpp_V3.33.906.0\cmydef.h:4736:10: note: type is not C-compatible because it contains 'void MySiteData::SetData(int, int)' declaration
 4736 |     void SetData(int X, int Y)
      |          ^~~~~~~
D:\HT9045\_integ_ioweb\HT9011UC_Cpp_V3.33.906.0\cmydef.h:4747:1: warning: anonymous non-C-compatible type given name for linkage purposes by 'typedef' declaration [-Wnon-c-typedef-for-linkage]
 4747 | {
      | ^
      | MyNextTrayNeedManualRemoveTray
D:\HT9045\_integ_ioweb\HT9011UC_Cpp_V3.33.906.0\cmydef.h:4753:10: note: type is not C-compatible because it contains 'void MyNextTrayNeedManualRemoveTray::Clear()' declaration
 4753 |     void Clear()
      |          ^~~~~
In file included from D:/HT9045/_integ_ioweb/HT9011UC_Cpp_V3.33.906.0/cmydef.h:10,
                 from D:\HT9045\_integ_ioweb\HT9011UC_Cpp_V3.33.906.0\tests\test_main_timer_segments.cpp:12:
D:/HT9045/_integ_ioweb/HT9011UC_Cpp_V3.33.906.0/cprod.h:3307:1: warning: anonymous non-C-compatible type given name for linkage purposes by 'typedef' declaration [-Wnon-c-typedef-for-linkage]
 3307 | {
      | ^
      | MyIndexArmRec
D:/HT9045/_integ_ioweb/HT9011UC_Cpp_V3.33.906.0/cprod.h:3311:10: note: type is not C-compatible because it contains 'void MyIndexArmRec::Clear()' declaration
 3311 |     void Clear();
      |          ^~~~~
D:/HT9045/_integ_ioweb/HT9011UC_Cpp_V3.33.906.0/cmydef.h:4732:1: warning: anonymous non-C-compatible type given name for linkage purposes by 'typedef' declaration [-Wnon-c-typedef-for-linkage]
 4732 | {
      | ^
      | MySiteData
D:/HT9045/_integ_ioweb/HT9011UC_Cpp_V3.33.906.0/cmydef.h:4736:10: note: type is not C-compatible because it contains 'void MySiteData::SetData(int, int)' declaration
 4736 |     void SetData(int X, int Y)
      |          ^~~~~~~
D:/HT9045/_integ_ioweb/HT9011UC_Cpp_V3.33.906.0/cmydef.h:4747:1: warning: anonymous non-C-compatible type given name for linkage purposes by 'typedef' declaration [-Wnon-c-typedef-for-linkage]
 4747 | {
      | ^
      | MyNextTrayNeedManualRemoveTray
D:/HT9045/_integ_ioweb/HT9011UC_Cpp_V3.33.906.0/cmydef.h:4753:10: note: type is not C-compatible because it contains 'void MyNextTrayNeedManualRemoveTray::Clear()' declaration
 4753 |     void Clear()
      |          ^~~~~
In file included from D:\HT9045\_integ_ioweb\HT9011UC_Cpp_V3.33.906.0\WebBridgeTags.cpp:24:
D:\HT9045\_integ_ioweb\HT9011UC_Cpp_V3.33.906.0\aHotPlateSubstrate.h:830:1: warning: anonymous non-C-compatible type given name for linkage purposes by 'typedef' declaration [-Wnon-c-typedef-for-linkage]
  830 | {
      | ^
      | strAUTOSITEMAP
D:\HT9045\_integ_ioweb\HT9011UC_Cpp_V3.33.906.0\aHotPlateSubstrate.h:836:10: note: type is not C-compatible because it contains 'void strAUTOSITEMAP::ClearData()' declaration
  836 |     void ClearData()
      |          ^~~~~~~~~
In file included from D:\HT9045\_integ_ioweb\HT9011UC_Cpp_V3.33.906.0\WebBridgeTags.cpp:2603:
D:\HT9045\_integ_ioweb\HT9011UC_Cpp_V3.33.906.0\cSocket.h:235:1: warning: anonymous non-C-compatible type given name for linkage purposes by 'typedef' declaration [-Wnon-c-typedef-for-linkage]
  235 | {
      | ^
      | TEST_CATEGORY
D:\HT9045\_integ_ioweb\HT9011UC_Cpp_V3.33.906.0\cSocket.h:261:10: note: type is not C-compatible because it contains 'void TEST_CATEGORY::ClearCount()' declaration
  261 |     void ClearCount();
      |          ^~~~~~~~~~
In file included from D:/HT9045/_integ_ioweb/HT9011UC_Cpp_V3.33.906.0/cmydef.h:10,
                 from D:\HT9045\_integ_ioweb\HT9011UC_Cpp_V3.33.906.0\tests\test_atc_emg_bridge.cpp:17:
D:/HT9045/_integ_ioweb/HT9011UC_Cpp_V3.33.906.0/cprod.h:3307:1: warning: anonymous non-C-compatible type given name for linkage purposes by 'typedef' declaration [-Wnon-c-typedef-for-linkage]
 3307 | {
      | ^
      | MyIndexArmRec
D:/HT9045/_integ_ioweb/HT9011UC_Cpp_V3.33.906.0/cprod.h:3311:10: note: type is not C-compatible because it contains 'void MyIndexArmRec::Clear()' declaration
 3311 |     void Clear();
      |          ^~~~~
In file included from D:\HT9045\_integ_ioweb\HT9011UC_Cpp_V3.33.906.0\tests\test_setlotstate.cpp:21:
D:/HT9045/_integ_ioweb/HT9011UC_Cpp_V3.33.906.0/cprod.h:3307:1: warning: anonymous non-C-compatible type given name for linkage purposes by 'typedef' declaration [-Wnon-c-typedef-for-linkage]
 3307 | {
      | ^
      | MyIndexArmRec
D:/HT9045/_integ_ioweb/HT9011UC_Cpp_V3.33.906.0/cprod.h:3311:10: note: type is not C-compatible because it contains 'void MyIndexArmRec::Clear()' declaration
 3311 |     void Clear();
      |          ^~~~~
In file included from D:/HT9045/_integ_ioweb/HT9011UC_Cpp_V3.33.906.0/cmydef.h:10,
                 from D:\HT9045\_integ_ioweb\HT9011UC_Cpp_V3.33.906.0\FileRW\MainBoot.cpp:63:
D:/HT9045/_integ_ioweb/HT9011UC_Cpp_V3.33.906.0/cprod.h:3307:1: warning: anonymous non-C-compatible type given name for linkage purposes by 'typedef' declaration [-Wnon-c-typedef-for-linkage]
 3307 | {
      | ^
      | MyIndexArmRec
D:/HT9045/_integ_ioweb/HT9011UC_Cpp_V3.33.906.0/cprod.h:3311:10: note: type is not C-compatible because it contains 'void MyIndexArmRec::Clear()' declaration
 3311 |     void Clear();
      |          ^~~~~
D:/HT9045/_integ_ioweb/HT9011UC_Cpp_V3.33.906.0/cmydef.h:4732:1: warning: anonymous non-C-compatible type given name for linkage purposes by 'typedef' declaration [-Wnon-c-typedef-for-linkage]
 4732 | {
      | ^
      | MySiteData
D:/HT9045/_integ_ioweb/HT9011UC_Cpp_V3.33.906.0/cmydef.h:4736:10: note: type is not C-compatible because it contains 'void MySiteData::SetData(int, int)' declaration
 4736 |     void SetData(int X, int Y)
      |          ^~~~~~~
D:/HT9045/_integ_ioweb/HT9011UC_Cpp_V3.33.906.0/cmydef.h:4747:1: warning: anonymous non-C-compatible type given name for linkage purposes by 'typedef' declaration [-Wnon-c-typedef-for-linkage]
 4747 | {
      | ^
      | MyNextTrayNeedManualRemoveTray
D:/HT9045/_integ_ioweb/HT9011UC_Cpp_V3.33.906.0/cmydef.h:4753:10: note: type is not C-compatible because it contains 'void MyNextTrayNeedManualRemoveTray::Clear()' declaration
 4753 |     void Clear()
      |          ^~~~~
In file included from D:\HT9045\_integ_ioweb\HT9011UC_Cpp_V3.33.906.0\tests\test_setlotstate.cpp:22:
D:/HT9045/_integ_ioweb/HT9011UC_Cpp_V3.33.906.0/cmydef.h:4732:1: warning: anonymous non-C-compatible type given name for linkage purposes by 'typedef' declaration [-Wnon-c-typedef-for-linkage]
 4732 | {
      | ^
      | MySiteData
D:/HT9045/_integ_ioweb/HT9011UC_Cpp_V3.33.906.0/cmydef.h:4736:10: note: type is not C-compatible because it contains 'void MySiteData::SetData(int, int)' declaration
 4736 |     void SetData(int X, int Y)
      |          ^~~~~~~
D:/HT9045/_integ_ioweb/HT9011UC_Cpp_V3.33.906.0/cmydef.h:4747:1: warning: anonymous non-C-compatible type given name for linkage purposes by 'typedef' declaration [-Wnon-c-typedef-for-linkage]
 4747 | {
      | ^
      | MyNextTrayNeedManualRemoveTray
D:/HT9045/_integ_ioweb/HT9011UC_Cpp_V3.33.906.0/cmydef.h:4753:10: note: type is not C-compatible because it contains 'void MyNextTrayNeedManualRemoveTray::Clear()' declaration
 4753 |     void Clear()
      |          ^~~~~
D:/HT9045/_integ_ioweb/HT9011UC_Cpp_V3.33.906.0/cmydef.h:4732:1: warning: anonymous non-C-compatible type given name for linkage purposes by 'typedef' declaration [-Wnon-c-typedef-for-linkage]
 4732 | {
      | ^
      | MySiteData
D:/HT9045/_integ_ioweb/HT9011UC_Cpp_V3.33.906.0/cmydef.h:4736:10: note: type is not C-compatible because it contains 'void MySiteData::SetData(int, int)' declaration
 4736 |     void SetData(int X, int Y)
      |          ^~~~~~~
D:/HT9045/_integ_ioweb/HT9011UC_Cpp_V3.33.906.0/cmydef.h:4747:1: warning: anonymous non-C-compatible type given name for linkage purposes by 'typedef' declaration [-Wnon-c-typedef-for-linkage]
 4747 | {
      | ^
      | MyNextTrayNeedManualRemoveTray
D:/HT9045/_integ_ioweb/HT9011UC_Cpp_V3.33.906.0/cmydef.h:4753:10: note: type is not C-compatible because it contains 'void MyNextTrayNeedManualRemoveTray::Clear()' declaration
 4753 |     void Clear()
      |          ^~~~~
[ 81%] Building CXX object tests/CMakeFiles/test_socket_sensor.dir/test_socket_sensor.cpp.obj
[ 81%] Building CXX object tests/CMakeFiles/test_tcp_tester_real.dir/test_tcp_tester_real.cpp.obj
[ 81%] Building CXX object tests/CMakeFiles/test_coolfan_rules.dir/test_coolfan_rules.cpp.obj
[ 81%] Building CXX object tests/CMakeFiles/test_fastclk_trylock.dir/test_fastclk_trylock.cpp.obj
[ 81%] Built target test_change_log
[ 81%] Building CXX object tests/CMakeFiles/test_socket_sensor.dir/test_bootstrap.cpp.obj
[ 81%] Built target test_memo_log
[ 81%] Building CXX object tests/CMakeFiles/test_tcp_tester_real.dir/test_bootstrap.cpp.obj
[ 81%] Building CXX object tests/CMakeFiles/test_coolfan_rules.dir/test_bootstrap.cpp.obj
[ 81%] Linking CXX executable test_tempfuse_limit.exe
[ 81%] Linking CXX executable test_sysinit_boot.exe
[ 81%] Building CXX object tests/CMakeFiles/test_fastclk_trylock.dir/__/FileRW/_ProxyTry.cpp.obj
[ 81%] Linking CXX executable test_vacuum_vc8.exe
[ 81%] Linking CXX executable test_setlotstate.exe
[ 82%] Building CXX object tests/CMakeFiles/test_fastclk_trylock.dir/test_bootstrap.cpp.obj
[ 82%] Linking CXX executable test_atc_emg_bridge.exe
[ 82%] Linking CXX executable test_jamday_hook.exe
[ 82%] Linking CXX executable test_pause_forward.exe
[ 82%] Linking CXX executable test_main_timer_segments.exe
[ 82%] Linking CXX executable test_streamgate_tags.exe
[ 82%] Building CXX object tests/CMakeFiles/test_safedoor_record.dir/test_safedoor_record.cpp.obj
[ 82%] Building CXX object tests/CMakeFiles/test_d025_menuopen.dir/__/FileRW/_EditPage.cpp.obj
[ 82%] Building CXX object tests/CMakeFiles/test_ta5_scrollbars.dir/__/FileRW/TrayForm.cpp.obj
[ 82%] Building CXX object tests/CMakeFiles/test_s98_cfgtrayplate.dir/__/FileRW/_EditPage.cpp.obj
[ 82%] Building CXX object tests/CMakeFiles/test_boot_servo_on.dir/test_boot_servo_on.cpp.obj
[ 82%] Building CXX object tests/CMakeFiles/test_safedoor_record.dir/test_bootstrap.cpp.obj
[ 82%] Building CXX object tests/CMakeFiles/test_heater_chain.dir/test_heater_chain.cpp.obj
[ 82%] Building CXX object tests/CMakeFiles/test_st02_timers.dir/test_st02_timers.cpp.obj
In file included from D:/HT9045/_integ_ioweb/HT9011UC_Cpp_V3.33.906.0/cmydef.h:10,
                 from D:/HT9045/_integ_ioweb/HT9011UC_Cpp_V3.33.906.0/atester.h:24,
                 from D:\HT9045\_integ_ioweb\HT9011UC_Cpp_V3.33.906.0\tests\test_socket_sensor.cpp:44:
D:/HT9045/_integ_ioweb/HT9011UC_Cpp_V3.33.906.0/cprod.h:3307:1: warning: anonymous non-C-compatible type given name for linkage purposes by 'typedef' declaration [-Wnon-c-typedef-for-linkage]
 3307 | {
      | ^
      | MyIndexArmRec
D:/HT9045/_integ_ioweb/HT9011UC_Cpp_V3.33.906.0/cprod.h:3311:10: note: type is not C-compatible because it contains 'void MyIndexArmRec::Clear()' declaration
 3311 |     void Clear();
      |          ^~~~~
D:/HT9045/_integ_ioweb/HT9011UC_Cpp_V3.33.906.0/cmydef.h:4732:1: warning: anonymous non-C-compatible type given name for linkage purposes by 'typedef' declaration [-Wnon-c-typedef-for-linkage]
 4732 | {
      | ^
      | MySiteData
D:/HT9045/_integ_ioweb/HT9011UC_Cpp_V3.33.906.0/cmydef.h:4736:10: note: type is not C-compatible because it contains 'void MySiteData::SetData(int, int)' declaration
 4736 |     void SetData(int X, int Y)
      |          ^~~~~~~
D:/HT9045/_integ_ioweb/HT9011UC_Cpp_V3.33.906.0/cmydef.h:4747:1: warning: anonymous non-C-compatible type given name for linkage purposes by 'typedef' declaration [-Wnon-c-typedef-for-linkage]
 4747 | {
      | ^
      | MyNextTrayNeedManualRemoveTray
D:/HT9045/_integ_ioweb/HT9011UC_Cpp_V3.33.906.0/cmydef.h:4753:10: note: type is not C-compatible because it contains 'void MyNextTrayNeedManualRemoveTray::Clear()' declaration
 4753 |     void Clear()
      |          ^~~~~
[ 82%] Building CXX object tests/CMakeFiles/test_d025_menuopen.dir/__/FileRW/_EditList.cpp.obj
In file included from D:/HT9045/_integ_ioweb/HT9011UC_Cpp_V3.33.906.0/cmydef.h:10,
                 from D:\HT9045\_integ_ioweb\HT9011UC_Cpp_V3.33.906.0\tests\test_coolfan_rules.cpp:24:
D:/HT9045/_integ_ioweb/HT9011UC_Cpp_V3.33.906.0/cprod.h:3307:1: warning: anonymous non-C-compatible type given name for linkage purposes by 'typedef' declaration [-Wnon-c-typedef-for-linkage]
 3307 | {
      | ^
      | MyIndexArmRec
D:/HT9045/_integ_ioweb/HT9011UC_Cpp_V3.33.906.0/cprod.h:3311:10: note: type is not C-compatible because it contains 'void MyIndexArmRec::Clear()' declaration
 3311 |     void Clear();
      |          ^~~~~
D:/HT9045/_integ_ioweb/HT9011UC_Cpp_V3.33.906.0/cmydef.h:4732:1: warning: anonymous non-C-compatible type given name for linkage purposes by 'typedef' declaration [-Wnon-c-typedef-for-linkage]
 4732 | {
      | ^
      | MySiteData
D:/HT9045/_integ_ioweb/HT9011UC_Cpp_V3.33.906.0/cmydef.h:4736:10: note: type is not C-compatible because it contains 'void MySiteData::SetData(int, int)' declaration
 4736 |     void SetData(int X, int Y)
      |          ^~~~~~~
D:/HT9045/_integ_ioweb/HT9011UC_Cpp_V3.33.906.0/cmydef.h:4747:1: warning: anonymous non-C-compatible type given name for linkage purposes by 'typedef' declaration [-Wnon-c-typedef-for-linkage]
 4747 | {
      | ^
      | MyNextTrayNeedManualRemoveTray
D:/HT9045/_integ_ioweb/HT9011UC_Cpp_V3.33.906.0/cmydef.h:4753:10: note: type is not C-compatible because it contains 'void MyNextTrayNeedManualRemoveTray::Clear()' declaration
 4753 |     void Clear()
      |          ^~~~~
D:\HT9045\_integ_ioweb\HT9011UC_Cpp_V3.33.906.0\tests\test_bootstrap.cpp:66:16: warning: 'int _putenv(const char*)' redeclared without dllimport attribute: previous dllimport ignored [-Wattributes]
   66 | extern "C" int _putenv(const char *);
      |                ^~~~~~~
[ 82%] Linking CXX executable test_testercomm_home.exe
[ 82%] Building CXX object tests/CMakeFiles/test_fastclk_jobs.dir/test_fastclk_jobs.cpp.obj
[ 82%] Linking CXX executable test_socket_sensor.exe
[ 82%] Building CXX object tests/CMakeFiles/test_ta5_scrollbars.dir/__/FileRW/_EditList.cpp.obj
D:\HT9045\_integ_ioweb\HT9011UC_Cpp_V3.33.906.0\tests\test_bootstrap.cpp:66:16: warning: 'int _putenv(const char*)' redeclared without dllimport attribute: previous dllimport ignored [-Wattributes]
   66 | extern "C" int _putenv(const char *);
      |                ^~~~~~~
[ 82%] Building CXX object tests/CMakeFiles/test_s98_cfgtrayplate.dir/__/FileRW/_EditList.cpp.obj
[ 82%] Built target test_hsys_heater_mix
[ 82%] Building CXX object tests/CMakeFiles/test_boot_servo_on.dir/test_bootstrap.cpp.obj
D:\HT9045\_integ_ioweb\HT9011UC_Cpp_V3.33.906.0\tests\test_bootstrap.cpp:66:16: warning: 'int _putenv(const char*)' redeclared without dllimport attribute: previous dllimport ignored [-Wattributes]
   66 | extern "C" int _putenv(const char *);
      |                ^~~~~~~
D:\HT9045\_integ_ioweb\HT9011UC_Cpp_V3.33.906.0\tests\test_bootstrap.cpp:66:16: warning: 'int _putenv(const char*)' redeclared without dllimport attribute: previous dllimport ignored [-Wattributes]
   66 | extern "C" int _putenv(const char *);
      |                ^~~~~~~
[ 82%] Building CXX object tests/CMakeFiles/test_heater_chain.dir/test_bootstrap.cpp.obj
[ 82%] Linking CXX executable test_coolfan_rules.exe
D:\HT9045\_integ_ioweb\HT9011UC_Cpp_V3.33.906.0\tests\test_bootstrap.cpp:66:16: warning: 'int _putenv(const char*)' redeclared without dllimport attribute: previous dllimport ignored [-Wattributes]
   66 | extern "C" int _putenv(const char *);
      |                ^~~~~~~
[ 82%] Building CXX object tests/CMakeFiles/test_st02_timers.dir/test_bootstrap.cpp.obj
In file included from D:/HT9045/_integ_ioweb/HT9011UC_Cpp_V3.33.906.0/cmydef.h:10,
                 from D:\HT9045\_integ_ioweb\HT9011UC_Cpp_V3.33.906.0\tests\test_safedoor_record.cpp:19:
D:/HT9045/_integ_ioweb/HT9011UC_Cpp_V3.33.906.0/cprod.h:3307:1: warning: anonymous non-C-compatible type given name for linkage purposes by 'typedef' declaration [-Wnon-c-typedef-for-linkage]
 3307 | {
      | ^
      | MyIndexArmRec
D:/HT9045/_integ_ioweb/HT9011UC_Cpp_V3.33.906.0/cprod.h:3311:10: note: type is not C-compatible because it contains 'void MyIndexArmRec::Clear()' declaration
 3311 |     void Clear();
      |          ^~~~~
D:/HT9045/_integ_ioweb/HT9011UC_Cpp_V3.33.906.0/cmydef.h:4732:1: warning: anonymous non-C-compatible type given name for linkage purposes by 'typedef' declaration [-Wnon-c-typedef-for-linkage]
 4732 | {
      | ^
      | MySiteData
D:/HT9045/_integ_ioweb/HT9011UC_Cpp_V3.33.906.0/cmydef.h:4736:10: note: type is not C-compatible because it contains 'void MySiteData::SetData(int, int)' declaration
 4736 |     void SetData(int X, int Y)
      |          ^~~~~~~
D:/HT9045/_integ_ioweb/HT9011UC_Cpp_V3.33.906.0/cmydef.h:4747:1: warning: anonymous non-C-compatible type given name for linkage purposes by 'typedef' declaration [-Wnon-c-typedef-for-linkage]
 4747 | {
      | ^
      | MyNextTrayNeedManualRemoveTray
D:/HT9045/_integ_ioweb/HT9011UC_Cpp_V3.33.906.0/cmydef.h:4753:10: note: type is not C-compatible because it contains 'void MyNextTrayNeedManualRemoveTray::Clear()' declaration
 4753 |     void Clear()
      |          ^~~~~
In file included from D:/HT9045/_integ_ioweb/HT9011UC_Cpp_V3.33.906.0/cmydef.h:10,
                 from D:\HT9045\_integ_ioweb\HT9011UC_Cpp_V3.33.906.0\tests\test_fastclk_trylock.cpp:30:
D:/HT9045/_integ_ioweb/HT9011UC_Cpp_V3.33.906.0/cprod.h:3307:1: warning: anonymous non-C-compatible type given name for linkage purposes by 'typedef' declaration [-Wnon-c-typedef-for-linkage]
 3307 | {
      | ^
      | MyIndexArmRec
D:/HT9045/_integ_ioweb/HT9011UC_Cpp_V3.33.906.0/cprod.h:3311:10: note: type is not C-compatible because it contains 'void MyIndexArmRec::Clear()' declaration
 3311 |     void Clear();
      |          ^~~~~
D:/HT9045/_integ_ioweb/HT9011UC_Cpp_V3.33.906.0/cmydef.h:4732:1: warning: anonymous non-C-compatible type given name for linkage purposes by 'typedef' declaration [-Wnon-c-typedef-for-linkage]
 4732 | {
      | ^
      | MySiteData
D:/HT9045/_integ_ioweb/HT9011UC_Cpp_V3.33.906.0/cmydef.h:4736:10: note: type is not C-compatible because it contains 'void MySiteData::SetData(int, int)' declaration
 4736 |     void SetData(int X, int Y)
      |          ^~~~~~~
D:/HT9045/_integ_ioweb/HT9011UC_Cpp_V3.33.906.0/cmydef.h:4747:1: warning: anonymous non-C-compatible type given name for linkage purposes by 'typedef' declaration [-Wnon-c-typedef-for-linkage]
 4747 | {
      | ^
      | MyNextTrayNeedManualRemoveTray
D:/HT9045/_integ_ioweb/HT9011UC_Cpp_V3.33.906.0/cmydef.h:4753:10: note: type is not C-compatible because it contains 'void MyNextTrayNeedManualRemoveTray::Clear()' declaration
 4753 |     void Clear()
      |          ^~~~~
In file included from D:/HT9045/_integ_ioweb/HT9011UC_Cpp_V3.33.906.0/cmydef.h:10,
                 from D:/HT9045/_integ_ioweb/HT9011UC_Cpp_V3.33.906.0/Interface/TesterTCP_Socket.h:96,
                 from D:\HT9045\_integ_ioweb\HT9011UC_Cpp_V3.33.906.0\tests\test_tcp_tester_real.cpp:24:
D:/HT9045/_integ_ioweb/HT9011UC_Cpp_V3.33.906.0/cprod.h:3307:1: warning: anonymous non-C-compatible type given name for linkage purposes by 'typedef' declaration [-Wnon-c-typedef-for-linkage]
 3307 | {
      | ^
      | MyIndexArmRec
D:/HT9045/_integ_ioweb/HT9011UC_Cpp_V3.33.906.0/cprod.h:3311:10: note: type is not C-compatible because it contains 'void MyIndexArmRec::Clear()' declaration
 3311 |     void Clear();
      |          ^~~~~
D:/HT9045/_integ_ioweb/HT9011UC_Cpp_V3.33.906.0/cmydef.h:4732:1: warning: anonymous non-C-compatible type given name for linkage purposes by 'typedef' declaration [-Wnon-c-typedef-for-linkage]
 4732 | {
      | ^
      | MySiteData
D:/HT9045/_integ_ioweb/HT9011UC_Cpp_V3.33.906.0/cmydef.h:4736:10: note: type is not C-compatible because it contains 'void MySiteData::SetData(int, int)' declaration
 4736 |     void SetData(int X, int Y)
      |          ^~~~~~~
D:/HT9045/_integ_ioweb/HT9011UC_Cpp_V3.33.906.0/cmydef.h:4747:1: warning: anonymous non-C-compatible type given name for linkage purposes by 'typedef' declaration [-Wnon-c-typedef-for-linkage]
 4747 | {
      | ^
      | MyNextTrayNeedManualRemoveTray
D:/HT9045/_integ_ioweb/HT9011UC_Cpp_V3.33.906.0/cmydef.h:4753:10: note: type is not C-compatible because it contains 'void MyNextTrayNeedManualRemoveTray::Clear()' declaration
 4753 |     void Clear()
      |          ^~~~~
D:\HT9045\_integ_ioweb\HT9011UC_Cpp_V3.33.906.0\tests\test_bootstrap.cpp:66:16: warning: 'int _putenv(const char*)' redeclared without dllimport attribute: previous dllimport ignored [-Wattributes]
   66 | extern "C" int _putenv(const char *);
      |                ^~~~~~~
[ 82%] Linking CXX executable test_safedoor_record.exe
[ 82%] Building CXX object tests/CMakeFiles/test_d025_menuopen.dir/test_bootstrap.cpp.obj
In file included from D:/HT9045/_integ_ioweb/HT9011UC_Cpp_V3.33.906.0/cmydef.h:10,
                 from D:\HT9045\_integ_ioweb\HT9011UC_Cpp_V3.33.906.0\tests\test_st02_timers.cpp:20:
D:/HT9045/_integ_ioweb/HT9011UC_Cpp_V3.33.906.0/cprod.h:3307:1: warning: anonymous non-C-compatible type given name for linkage purposes by 'typedef' declaration [-Wnon-c-typedef-for-linkage]
 3307 | {
      | ^
      | MyIndexArmRec
D:/HT9045/_integ_ioweb/HT9011UC_Cpp_V3.33.906.0/cprod.h:3311:10: note: type is not C-compatible because it contains 'void MyIndexArmRec::Clear()' declaration
 3311 |     void Clear();
      |          ^~~~~
D:/HT9045/_integ_ioweb/HT9011UC_Cpp_V3.33.906.0/cmydef.h:4732:1: warning: anonymous non-C-compatible type given name for linkage purposes by 'typedef' declaration [-Wnon-c-typedef-for-linkage]
 4732 | {
      | ^
      | MySiteData
D:/HT9045/_integ_ioweb/HT9011UC_Cpp_V3.33.906.0/cmydef.h:4736:10: note: type is not C-compatible because it contains 'void MySiteData::SetData(int, int)' declaration
 4736 |     void SetData(int X, int Y)
      |          ^~~~~~~
D:/HT9045/_integ_ioweb/HT9011UC_Cpp_V3.33.906.0/cmydef.h:4747:1: warning: anonymous non-C-compatible type given name for linkage purposes by 'typedef' declaration [-Wnon-c-typedef-for-linkage]
 4747 | {
      | ^
      | MyNextTrayNeedManualRemoveTray
D:/HT9045/_integ_ioweb/HT9011UC_Cpp_V3.33.906.0/cmydef.h:4753:10: note: type is not C-compatible because it contains 'void MyNextTrayNeedManualRemoveTray::Clear()' declaration
 4753 |     void Clear()
      |          ^~~~~
D:\HT9045\_integ_ioweb\HT9011UC_Cpp_V3.33.906.0\tests\test_bootstrap.cpp:66:16: warning: 'int _putenv(const char*)' redeclared without dllimport attribute: previous dllimport ignored [-Wattributes]
   66 | extern "C" int _putenv(const char *);
      |                ^~~~~~~
In file included from D:\HT9045\_integ_ioweb\HT9011UC_Cpp_V3.33.906.0\tests\test_heater_chain.cpp:37:
D:/HT9045/_integ_ioweb/HT9011UC_Cpp_V3.33.906.0/cprod.h:3307:1: warning: anonymous non-C-compatible type given name for linkage purposes by 'typedef' declaration [-Wnon-c-typedef-for-linkage]
 3307 | {
      | ^
      | MyIndexArmRec
D:/HT9045/_integ_ioweb/HT9011UC_Cpp_V3.33.906.0/cprod.h:3311:10: note: type is not C-compatible because it contains 'void MyIndexArmRec::Clear()' declaration
 3311 |     void Clear();
      |          ^~~~~
[ 82%] Linking CXX executable test_fastclk_trylock.exe
In file included from D:\HT9045\_integ_ioweb\HT9011UC_Cpp_V3.33.906.0\tests\test_heater_chain.cpp:38:
D:/HT9045/_integ_ioweb/HT9011UC_Cpp_V3.33.906.0/cmydef.h:4732:1: warning: anonymous non-C-compatible type given name for linkage purposes by 'typedef' declaration [-Wnon-c-typedef-for-linkage]
 4732 | {
      | ^
      | MySiteData
D:/HT9045/_integ_ioweb/HT9011UC_Cpp_V3.33.906.0/cmydef.h:4736:10: note: type is not C-compatible because it contains 'void MySiteData::SetData(int, int)' declaration
 4736 |     void SetData(int X, int Y)
      |          ^~~~~~~
D:/HT9045/_integ_ioweb/HT9011UC_Cpp_V3.33.906.0/cmydef.h:4747:1: warning: anonymous non-C-compatible type given name for linkage purposes by 'typedef' declaration [-Wnon-c-typedef-for-linkage]
 4747 | {
      | ^
      | MyNextTrayNeedManualRemoveTray
D:/HT9045/_integ_ioweb/HT9011UC_Cpp_V3.33.906.0/cmydef.h:4753:10: note: type is not C-compatible because it contains 'void MyNextTrayNeedManualRemoveTray::Clear()' declaration
 4753 |     void Clear()
      |          ^~~~~
[ 82%] Building CXX object tests/CMakeFiles/test_fastclk_jobs.dir/__/FastClockWbServe.cpp.obj
[ 82%] Linking CXX executable test_tcp_tester_real.exe
D:\HT9045\_integ_ioweb\HT9011UC_Cpp_V3.33.906.0\tests\test_bootstrap.cpp:66:16: warning: 'int _putenv(const char*)' redeclared without dllimport attribute: previous dllimport ignored [-Wattributes]
   66 | extern "C" int _putenv(const char *);
      |                ^~~~~~~
In file included from D:/HT9045/_integ_ioweb/HT9011UC_Cpp_V3.33.906.0/cmydef.h:10,
                 from D:/HT9045/_integ_ioweb/HT9011UC_Cpp_V3.33.906.0/Public/HTEditList.h:113,
                 from D:/HT9045/_integ_ioweb/HT9011UC_Cpp_V3.33.906.0/FileRW/_EditList.h:27,
                 from D:\HT9045\_integ_ioweb\HT9011UC_Cpp_V3.33.906.0\FileRW\_EditList.cpp:6:
D:/HT9045/_integ_ioweb/HT9011UC_Cpp_V3.33.906.0/cprod.h:3307:1: warning: anonymous non-C-compatible type given name for linkage purposes by 'typedef' declaration [-Wnon-c-typedef-for-linkage]
 3307 | {
      | ^
      | MyIndexArmRec
D:/HT9045/_integ_ioweb/HT9011UC_Cpp_V3.33.906.0/cprod.h:3311:10: note: type is not C-compatible because it contains 'void MyIndexArmRec::Clear()' declaration
 3311 |     void Clear();
      |          ^~~~~
In file included from D:/HT9045/_integ_ioweb/HT9011UC_Cpp_V3.33.906.0/cmydef.h:10,
                 from D:/HT9045/_integ_ioweb/HT9011UC_Cpp_V3.33.906.0/Public/HTEditList.h:113,
                 from D:/HT9045/_integ_ioweb/HT9011UC_Cpp_V3.33.906.0/FileRW/_EditList.h:27,
                 from D:\HT9045\_integ_ioweb\HT9011UC_Cpp_V3.33.906.0\FileRW\_EditList.cpp:6:
D:/HT9045/_integ_ioweb/HT9011UC_Cpp_V3.33.906.0/cprod.h:3307:1: warning: anonymous non-C-compatible type given name for linkage purposes by 'typedef' declaration [-Wnon-c-typedef-for-linkage]
 3307 | {
      | ^
      | MyIndexArmRec
D:/HT9045/_integ_ioweb/HT9011UC_Cpp_V3.33.906.0/cprod.h:3311:10: note: type is not C-compatible because it contains 'void MyIndexArmRec::Clear()' declaration
 3311 |     void Clear();
      |          ^~~~~
D:/HT9045/_integ_ioweb/HT9011UC_Cpp_V3.33.906.0/cmydef.h:4732:1: warning: anonymous non-C-compatible type given name for linkage purposes by 'typedef' declaration [-Wnon-c-typedef-for-linkage]
 4732 | {
      | ^
      | MySiteData
D:/HT9045/_integ_ioweb/HT9011UC_Cpp_V3.33.906.0/cmydef.h:4736:10: note: type is not C-compatible because it contains 'void MySiteData::SetData(int, int)' declaration
 4736 |     void SetData(int X, int Y)
      |          ^~~~~~~
D:/HT9045/_integ_ioweb/HT9011UC_Cpp_V3.33.906.0/cmydef.h:4747:1: warning: anonymous non-C-compatible type given name for linkage purposes by 'typedef' declaration [-Wnon-c-typedef-for-linkage]
 4747 | {
      | ^
      | MyNextTrayNeedManualRemoveTray
D:/HT9045/_integ_ioweb/HT9011UC_Cpp_V3.33.906.0/cmydef.h:4753:10: note: type is not C-compatible because it contains 'void MyNextTrayNeedManualRemoveTray::Clear()' declaration
 4753 |     void Clear()
      |          ^~~~~
In file included from D:/HT9045/_integ_ioweb/HT9011UC_Cpp_V3.33.906.0/cmydef.h:10,
                 from D:\HT9045\_integ_ioweb\HT9011UC_Cpp_V3.33.906.0\tests\test_fastclk_jobs.cpp:25:
D:/HT9045/_integ_ioweb/HT9011UC_Cpp_V3.33.906.0/cprod.h:3307:1: warning: anonymous non-C-compatible type given name for linkage purposes by 'typedef' declaration [-Wnon-c-typedef-for-linkage]
 3307 | {
      | ^
      | MyIndexArmRec
D:/HT9045/_integ_ioweb/HT9011UC_Cpp_V3.33.906.0/cprod.h:3311:10: note: type is not C-compatible because it contains 'void MyIndexArmRec::Clear()' declaration
 3311 |     void Clear();
      |          ^~~~~
In file included from D:/HT9045/_integ_ioweb/HT9011UC_Cpp_V3.33.906.0/cmydef.h:10,
                 from D:/HT9045/_integ_ioweb/HT9011UC_Cpp_V3.33.906.0/Public/HTEditList.h:113,
                 from D:/HT9045/_integ_ioweb/HT9011UC_Cpp_V3.33.906.0/FileRW/_EditList.h:27,
                 from D:\HT9045\_integ_ioweb\HT9011UC_Cpp_V3.33.906.0\FileRW\_EditList.cpp:6:
D:/HT9045/_integ_ioweb/HT9011UC_Cpp_V3.33.906.0/cprod.h:3307:1: warning: anonymous non-C-compatible type given name for linkage purposes by 'typedef' declaration [-Wnon-c-typedef-for-linkage]
 3307 | {
      | ^
      | MyIndexArmRec
D:/HT9045/_integ_ioweb/HT9011UC_Cpp_V3.33.906.0/cprod.h:3311:10: note: type is not C-compatible because it contains 'void MyIndexArmRec::Clear()' declaration
 3311 |     void Clear();
      |          ^~~~~
D:/HT9045/_integ_ioweb/HT9011UC_Cpp_V3.33.906.0/Public/HTEditList.h:429:1: warning: anonymous non-C-compatible type given name for linkage purposes by 'typedef' declaration [-Wnon-c-typedef-for-linkage]
  429 | {
      | ^
      | ArmAndSuckInfo
D:/HT9045/_integ_ioweb/HT9011UC_Cpp_V3.33.906.0/Public/HTEditList.h:438:10: note: type is not C-compatible because it contains 'void ArmAndSuckInfo::Clear()' declaration
  438 |     void Clear()
      |          ^~~~~
D:/HT9045/_integ_ioweb/HT9011UC_Cpp_V3.33.906.0/Public/HTEditList.h:454:1: warning: anonymous non-C-compatible type given name for linkage purposes by 'typedef' declaration [-Wnon-c-typedef-for-linkage]
  454 | {
      | ^
      | SingleSuckPosOnTray
D:/HT9045/_integ_ioweb/HT9011UC_Cpp_V3.33.906.0/Public/HTEditList.h:462:10: note: type is not C-compatible because it contains 'void SingleSuckPosOnTray::Clear()' declaration
  462 |     void Clear()
      |          ^~~~~
D:/HT9045/_integ_ioweb/HT9011UC_Cpp_V3.33.906.0/Public/HTEditList.h:475:1: warning: anonymous non-C-compatible type given name for linkage purposes by 'typedef' declaration [-Wnon-c-typedef-for-linkage]
  475 | {
      | ^
      | MyFillTheTrayAfterOutArmPlace
D:/HT9045/_integ_ioweb/HT9011UC_Cpp_V3.33.906.0/Public/HTEditList.h:479:10: note: type is not C-compatible because it contains 'void MyFillTheTrayAfterOutArmPlace::Clear()' declaration
  479 |     void Clear()
      |          ^~~~~
D:/HT9045/_integ_ioweb/HT9011UC_Cpp_V3.33.906.0/Public/HTEditList.h:488:1: warning: anonymous non-C-compatible type given name for linkage purposes by 'typedef' declaration [-Wnon-c-typedef-for-linkage]
  488 | {
      | ^
      | PickPlaceByArm
D:/HT9045/_integ_ioweb/HT9011UC_Cpp_V3.33.906.0/Public/HTEditList.h:491:10: note: type is not C-compatible because it contains 'void PickPlaceByArm::Clear()' declaration
  491 |     void Clear()
      |          ^~~~~
D:/HT9045/_integ_ioweb/HT9011UC_Cpp_V3.33.906.0/cmydef.h:4732:1: warning: anonymous non-C-compatible type given name for linkage purposes by 'typedef' declaration [-Wnon-c-typedef-for-linkage]
 4732 | {
      | ^
      | MySiteData
D:/HT9045/_integ_ioweb/HT9011UC_Cpp_V3.33.906.0/cmydef.h:4736:10: note: type is not C-compatible because it contains 'void MySiteData::SetData(int, int)' declaration
 4736 |     void SetData(int X, int Y)
      |          ^~~~~~~
D:/HT9045/_integ_ioweb/HT9011UC_Cpp_V3.33.906.0/cmydef.h:4747:1: warning: anonymous non-C-compatible type given name for linkage purposes by 'typedef' declaration [-Wnon-c-typedef-for-linkage]
 4747 | {
      | ^
      | MyNextTrayNeedManualRemoveTray
D:/HT9045/_integ_ioweb/HT9011UC_Cpp_V3.33.906.0/cmydef.h:4753:10: note: type is not C-compatible because it contains 'void MyNextTrayNeedManualRemoveTray::Clear()' declaration
 4753 |     void Clear()
      |          ^~~~~
D:/HT9045/_integ_ioweb/HT9011UC_Cpp_V3.33.906.0/Public/HTEditList.h:429:1: warning: anonymous non-C-compatible type given name for linkage purposes by 'typedef' declaration [-Wnon-c-typedef-for-linkage]
  429 | {
      | ^
      | ArmAndSuckInfo
D:/HT9045/_integ_ioweb/HT9011UC_Cpp_V3.33.906.0/Public/HTEditList.h:438:10: note: type is not C-compatible because it contains 'void ArmAndSuckInfo::Clear()' declaration
  438 |     void Clear()
      |          ^~~~~
D:/HT9045/_integ_ioweb/HT9011UC_Cpp_V3.33.906.0/Public/HTEditList.h:454:1: warning: anonymous non-C-compatible type given name for linkage purposes by 'typedef' declaration [-Wnon-c-typedef-for-linkage]
  454 | {
      | ^
      | SingleSuckPosOnTray
D:/HT9045/_integ_ioweb/HT9011UC_Cpp_V3.33.906.0/Public/HTEditList.h:462:10: note: type is not C-compatible because it contains 'void SingleSuckPosOnTray::Clear()' declaration
  462 |     void Clear()
      |          ^~~~~
D:/HT9045/_integ_ioweb/HT9011UC_Cpp_V3.33.906.0/Public/HTEditList.h:475:1: warning: anonymous non-C-compatible type given name for linkage purposes by 'typedef' declaration [-Wnon-c-typedef-for-linkage]
  475 | {
      | ^
      | MyFillTheTrayAfterOutArmPlace
D:/HT9045/_integ_ioweb/HT9011UC_Cpp_V3.33.906.0/Public/HTEditList.h:479:10: note: type is not C-compatible because it contains 'void MyFillTheTrayAfterOutArmPlace::Clear()' declaration
  479 |     void Clear()
      |          ^~~~~
D:/HT9045/_integ_ioweb/HT9011UC_Cpp_V3.33.906.0/Public/HTEditList.h:488:1: warning: anonymous non-C-compatible type given name for linkage purposes by 'typedef' declaration [-Wnon-c-typedef-for-linkage]
  488 | {
      | ^
      | PickPlaceByArm
D:/HT9045/_integ_ioweb/HT9011UC_Cpp_V3.33.906.0/Public/HTEditList.h:491:10: note: type is not C-compatible because it contains 'void PickPlaceByArm::Clear()' declaration
  491 |     void Clear()
      |          ^~~~~
D:/HT9045/_integ_ioweb/HT9011UC_Cpp_V3.33.906.0/cmydef.h:4732:1: warning: anonymous non-C-compatible type given name for linkage purposes by 'typedef' declaration [-Wnon-c-typedef-for-linkage]
 4732 | {
      | ^
      | MySiteData
D:/HT9045/_integ_ioweb/HT9011UC_Cpp_V3.33.906.0/cmydef.h:4736:10: note: type is not C-compatible because it contains 'void MySiteData::SetData(int, int)' declaration
 4736 |     void SetData(int X, int Y)
      |          ^~~~~~~
D:/HT9045/_integ_ioweb/HT9011UC_Cpp_V3.33.906.0/cmydef.h:4747:1: warning: anonymous non-C-compatible type given name for linkage purposes by 'typedef' declaration [-Wnon-c-typedef-for-linkage]
 4747 | {
      | ^
      | MyNextTrayNeedManualRemoveTray
D:/HT9045/_integ_ioweb/HT9011UC_Cpp_V3.33.906.0/cmydef.h:4753:10: note: type is not C-compatible because it contains 'void MyNextTrayNeedManualRemoveTray::Clear()' declaration
 4753 |     void Clear()
      |          ^~~~~
D:/HT9045/_integ_ioweb/HT9011UC_Cpp_V3.33.906.0/cmydef.h:4732:1: warning: anonymous non-C-compatible type given name for linkage purposes by 'typedef' declaration [-Wnon-c-typedef-for-linkage]
 4732 | {
      | ^
      | MySiteData
D:/HT9045/_integ_ioweb/HT9011UC_Cpp_V3.33.906.0/cmydef.h:4736:10: note: type is not C-compatible because it contains 'void MySiteData::SetData(int, int)' declaration
 4736 |     void SetData(int X, int Y)
      |          ^~~~~~~
D:/HT9045/_integ_ioweb/HT9011UC_Cpp_V3.33.906.0/cmydef.h:4747:1: warning: anonymous non-C-compatible type given name for linkage purposes by 'typedef' declaration [-Wnon-c-typedef-for-linkage]
 4747 | {
      | ^
      | MyNextTrayNeedManualRemoveTray
D:/HT9045/_integ_ioweb/HT9011UC_Cpp_V3.33.906.0/cmydef.h:4753:10: note: type is not C-compatible because it contains 'void MyNextTrayNeedManualRemoveTray::Clear()' declaration
 4753 |     void Clear()
      |          ^~~~~
D:/HT9045/_integ_ioweb/HT9011UC_Cpp_V3.33.906.0/Public/HTEditList.h:429:1: warning: anonymous non-C-compatible type given name for linkage purposes by 'typedef' declaration [-Wnon-c-typedef-for-linkage]
  429 | {
      | ^
      | ArmAndSuckInfo
D:/HT9045/_integ_ioweb/HT9011UC_Cpp_V3.33.906.0/Public/HTEditList.h:438:10: note: type is not C-compatible because it contains 'void ArmAndSuckInfo::Clear()' declaration
  438 |     void Clear()
      |          ^~~~~
D:/HT9045/_integ_ioweb/HT9011UC_Cpp_V3.33.906.0/Public/HTEditList.h:454:1: warning: anonymous non-C-compatible type given name for linkage purposes by 'typedef' declaration [-Wnon-c-typedef-for-linkage]
  454 | {
      | ^
      | SingleSuckPosOnTray
D:/HT9045/_integ_ioweb/HT9011UC_Cpp_V3.33.906.0/Public/HTEditList.h:462:10: note: type is not C-compatible because it contains 'void SingleSuckPosOnTray::Clear()' declaration
  462 |     void Clear()
      |          ^~~~~
D:/HT9045/_integ_ioweb/HT9011UC_Cpp_V3.33.906.0/Public/HTEditList.h:475:1: warning: anonymous non-C-compatible type given name for linkage purposes by 'typedef' declaration [-Wnon-c-typedef-for-linkage]
  475 | {
      | ^
      | MyFillTheTrayAfterOutArmPlace
D:/HT9045/_integ_ioweb/HT9011UC_Cpp_V3.33.906.0/Public/HTEditList.h:479:10: note: type is not C-compatible because it contains 'void MyFillTheTrayAfterOutArmPlace::Clear()' declaration
  479 |     void Clear()
      |          ^~~~~
D:/HT9045/_integ_ioweb/HT9011UC_Cpp_V3.33.906.0/Public/HTEditList.h:488:1: warning: anonymous non-C-compatible type given name for linkage purposes by 'typedef' declaration [-Wnon-c-typedef-for-linkage]
  488 | {
      | ^
      | PickPlaceByArm
D:/HT9045/_integ_ioweb/HT9011UC_Cpp_V3.33.906.0/Public/HTEditList.h:491:10: note: type is not C-compatible because it contains 'void PickPlaceByArm::Clear()' declaration
  491 |     void Clear()
      |          ^~~~~
In file included from D:/HT9045/_integ_ioweb/HT9011UC_Cpp_V3.33.906.0/cmydef.h:10,
                 from D:/HT9045/_integ_ioweb/HT9011UC_Cpp_V3.33.906.0/Public/HTEditList.h:113,
                 from D:/HT9045/_integ_ioweb/HT9011UC_Cpp_V3.33.906.0/FileRW/_EditList.h:27,
                 from D:\HT9045\_integ_ioweb\HT9011UC_Cpp_V3.33.906.0\FileRW\_EditPage.cpp:14:
D:/HT9045/_integ_ioweb/HT9011UC_Cpp_V3.33.906.0/cprod.h:3307:1: warning: anonymous non-C-compatible type given name for linkage purposes by 'typedef' declaration [-Wnon-c-typedef-for-linkage]
 3307 | {
      | ^
      | MyIndexArmRec
D:/HT9045/_integ_ioweb/HT9011UC_Cpp_V3.33.906.0/cprod.h:3311:10: note: type is not C-compatible because it contains 'void MyIndexArmRec::Clear()' declaration
 3311 |     void Clear();
      |          ^~~~~
D:/HT9045/_integ_ioweb/HT9011UC_Cpp_V3.33.906.0/cmydef.h:4732:1: warning: anonymous non-C-compatible type given name for linkage purposes by 'typedef' declaration [-Wnon-c-typedef-for-linkage]
 4732 | {
      | ^
      | MySiteData
D:/HT9045/_integ_ioweb/HT9011UC_Cpp_V3.33.906.0/cmydef.h:4736:10: note: type is not C-compatible because it contains 'void MySiteData::SetData(int, int)' declaration
 4736 |     void SetData(int X, int Y)
      |          ^~~~~~~
D:/HT9045/_integ_ioweb/HT9011UC_Cpp_V3.33.906.0/cmydef.h:4747:1: warning: anonymous non-C-compatible type given name for linkage purposes by 'typedef' declaration [-Wnon-c-typedef-for-linkage]
 4747 | {
      | ^
      | MyNextTrayNeedManualRemoveTray
D:/HT9045/_integ_ioweb/HT9011UC_Cpp_V3.33.906.0/cmydef.h:4753:10: note: type is not C-compatible because it contains 'void MyNextTrayNeedManualRemoveTray::Clear()' declaration
 4753 |     void Clear()
      |          ^~~~~
In file included from D:/HT9045/_integ_ioweb/HT9011UC_Cpp_V3.33.906.0/cmydef.h:10,
                 from D:/HT9045/_integ_ioweb/HT9011UC_Cpp_V3.33.906.0/Public/HTEditList.h:113,
                 from D:/HT9045/_integ_ioweb/HT9011UC_Cpp_V3.33.906.0/FileRW/_EditList.h:27,
                 from D:\HT9045\_integ_ioweb\HT9011UC_Cpp_V3.33.906.0\FileRW\_EditPage.cpp:14:
D:/HT9045/_integ_ioweb/HT9011UC_Cpp_V3.33.906.0/cprod.h:3307:1: warning: anonymous non-C-compatible type given name for linkage purposes by 'typedef' declaration [-Wnon-c-typedef-for-linkage]
 3307 | {
      | ^
      | MyIndexArmRec
D:/HT9045/_integ_ioweb/HT9011UC_Cpp_V3.33.906.0/cprod.h:3311:10: note: type is not C-compatible because it contains 'void MyIndexArmRec::Clear()' declaration
 3311 |     void Clear();
      |          ^~~~~
D:/HT9045/_integ_ioweb/HT9011UC_Cpp_V3.33.906.0/Public/HTEditList.h:429:1: warning: anonymous non-C-compatible type given name for linkage purposes by 'typedef' declaration [-Wnon-c-typedef-for-linkage]
  429 | {
      | ^
      | ArmAndSuckInfo
D:/HT9045/_integ_ioweb/HT9011UC_Cpp_V3.33.906.0/Public/HTEditList.h:438:10: note: type is not C-compatible because it contains 'void ArmAndSuckInfo::Clear()' declaration
  438 |     void Clear()
      |          ^~~~~
D:/HT9045/_integ_ioweb/HT9011UC_Cpp_V3.33.906.0/Public/HTEditList.h:454:1: warning: anonymous non-C-compatible type given name for linkage purposes by 'typedef' declaration [-Wnon-c-typedef-for-linkage]
  454 | {
      | ^
      | SingleSuckPosOnTray
D:/HT9045/_integ_ioweb/HT9011UC_Cpp_V3.33.906.0/Public/HTEditList.h:462:10: note: type is not C-compatible because it contains 'void SingleSuckPosOnTray::Clear()' declaration
  462 |     void Clear()
      |          ^~~~~
D:/HT9045/_integ_ioweb/HT9011UC_Cpp_V3.33.906.0/Public/HTEditList.h:475:1: warning: anonymous non-C-compatible type given name for linkage purposes by 'typedef' declaration [-Wnon-c-typedef-for-linkage]
  475 | {
      | ^
      | MyFillTheTrayAfterOutArmPlace
D:/HT9045/_integ_ioweb/HT9011UC_Cpp_V3.33.906.0/Public/HTEditList.h:479:10: note: type is not C-compatible because it contains 'void MyFillTheTrayAfterOutArmPlace::Clear()' declaration
  479 |     void Clear()
      |          ^~~~~
D:/HT9045/_integ_ioweb/HT9011UC_Cpp_V3.33.906.0/Public/HTEditList.h:488:1: warning: anonymous non-C-compatible type given name for linkage purposes by 'typedef' declaration [-Wnon-c-typedef-for-linkage]
  488 | {
      | ^
      | PickPlaceByArm
D:/HT9045/_integ_ioweb/HT9011UC_Cpp_V3.33.906.0/Public/HTEditList.h:491:10: note: type is not C-compatible because it contains 'void PickPlaceByArm::Clear()' declaration
  491 |     void Clear()
      |          ^~~~~
D:/HT9045/_integ_ioweb/HT9011UC_Cpp_V3.33.906.0/cmydef.h:4732:1: warning: anonymous non-C-compatible type given name for linkage purposes by 'typedef' declaration [-Wnon-c-typedef-for-linkage]
 4732 | {
      | ^
      | MySiteData
D:/HT9045/_integ_ioweb/HT9011UC_Cpp_V3.33.906.0/cmydef.h:4736:10: note: type is not C-compatible because it contains 'void MySiteData::SetData(int, int)' declaration
 4736 |     void SetData(int X, int Y)
      |          ^~~~~~~
D:/HT9045/_integ_ioweb/HT9011UC_Cpp_V3.33.906.0/cmydef.h:4747:1: warning: anonymous non-C-compatible type given name for linkage purposes by 'typedef' declaration [-Wnon-c-typedef-for-linkage]
 4747 | {
      | ^
      | MyNextTrayNeedManualRemoveTray
D:/HT9045/_integ_ioweb/HT9011UC_Cpp_V3.33.906.0/cmydef.h:4753:10: note: type is not C-compatible because it contains 'void MyNextTrayNeedManualRemoveTray::Clear()' declaration
 4753 |     void Clear()
      |          ^~~~~
D:/HT9045/_integ_ioweb/HT9011UC_Cpp_V3.33.906.0/Public/HTEditList.h:429:1: warning: anonymous non-C-compatible type given name for linkage purposes by 'typedef' declaration [-Wnon-c-typedef-for-linkage]
  429 | {
      | ^
      | ArmAndSuckInfo
D:/HT9045/_integ_ioweb/HT9011UC_Cpp_V3.33.906.0/Public/HTEditList.h:438:10: note: type is not C-compatible because it contains 'void ArmAndSuckInfo::Clear()' declaration
  438 |     void Clear()
      |          ^~~~~
D:/HT9045/_integ_ioweb/HT9011UC_Cpp_V3.33.906.0/Public/HTEditList.h:454:1: warning: anonymous non-C-compatible type given name for linkage purposes by 'typedef' declaration [-Wnon-c-typedef-for-linkage]
  454 | {
      | ^
      | SingleSuckPosOnTray
D:/HT9045/_integ_ioweb/HT9011UC_Cpp_V3.33.906.0/Public/HTEditList.h:462:10: note: type is not C-compatible because it contains 'void SingleSuckPosOnTray::Clear()' declaration
  462 |     void Clear()
      |          ^~~~~
D:/HT9045/_integ_ioweb/HT9011UC_Cpp_V3.33.906.0/Public/HTEditList.h:475:1: warning: anonymous non-C-compatible type given name for linkage purposes by 'typedef' declaration [-Wnon-c-typedef-for-linkage]
  475 | {
      | ^
      | MyFillTheTrayAfterOutArmPlace
D:/HT9045/_integ_ioweb/HT9011UC_Cpp_V3.33.906.0/Public/HTEditList.h:479:10: note: type is not C-compatible because it contains 'void MyFillTheTrayAfterOutArmPlace::Clear()' declaration
  479 |     void Clear()
      |          ^~~~~
D:/HT9045/_integ_ioweb/HT9011UC_Cpp_V3.33.906.0/Public/HTEditList.h:488:1: warning: anonymous non-C-compatible type given name for linkage purposes by 'typedef' declaration [-Wnon-c-typedef-for-linkage]
  488 | {
      | ^
      | PickPlaceByArm
D:/HT9045/_integ_ioweb/HT9011UC_Cpp_V3.33.906.0/Public/HTEditList.h:491:10: note: type is not C-compatible because it contains 'void PickPlaceByArm::Clear()' declaration
  491 |     void Clear()
      |          ^~~~~
In file included from D:/HT9045/_integ_ioweb/HT9011UC_Cpp_V3.33.906.0/cmydef.h:10,
                 from D:\HT9045\_integ_ioweb\HT9011UC_Cpp_V3.33.906.0\tests\test_boot_servo_on.cpp:11:
D:/HT9045/_integ_ioweb/HT9011UC_Cpp_V3.33.906.0/cprod.h:3307:1: warning: anonymous non-C-compatible type given name for linkage purposes by 'typedef' declaration [-Wnon-c-typedef-for-linkage]
 3307 | {
      | ^
      | MyIndexArmRec
D:/HT9045/_integ_ioweb/HT9011UC_Cpp_V3.33.906.0/cprod.h:3311:10: note: type is not C-compatible because it contains 'void MyIndexArmRec::Clear()' declaration
 3311 |     void Clear();
      |          ^~~~~
D:/HT9045/_integ_ioweb/HT9011UC_Cpp_V3.33.906.0/cmydef.h:4732:1: warning: anonymous non-C-compatible type given name for linkage purposes by 'typedef' declaration [-Wnon-c-typedef-for-linkage]
 4732 | {
      | ^
      | MySiteData
D:/HT9045/_integ_ioweb/HT9011UC_Cpp_V3.33.906.0/cmydef.h:4736:10: note: type is not C-compatible because it contains 'void MySiteData::SetData(int, int)' declaration
 4736 |     void SetData(int X, int Y)
      |          ^~~~~~~
D:/HT9045/_integ_ioweb/HT9011UC_Cpp_V3.33.906.0/cmydef.h:4747:1: warning: anonymous non-C-compatible type given name for linkage purposes by 'typedef' declaration [-Wnon-c-typedef-for-linkage]
 4747 | {
      | ^
      | MyNextTrayNeedManualRemoveTray
D:/HT9045/_integ_ioweb/HT9011UC_Cpp_V3.33.906.0/cmydef.h:4753:10: note: type is not C-compatible because it contains 'void MyNextTrayNeedManualRemoveTray::Clear()' declaration
 4753 |     void Clear()
      |          ^~~~~
[ 82%] Linking CXX executable test_st02_timers.exe
[ 82%] Building CXX object tests/CMakeFiles/test_ta5_scrollbars.dir/__/FileRW/_EditPage.cpp.obj
[ 82%] Linking CXX executable test_heater_chain.exe
[ 82%] Building CXX object tests/CMakeFiles/test_s98_cfgtrayplate.dir/test_bootstrap.cpp.obj
D:\HT9045\_integ_ioweb\HT9011UC_Cpp_V3.33.906.0\tests\test_bootstrap.cpp:66:16: warning: 'int _putenv(const char*)' redeclared without dllimport attribute: previous dllimport ignored [-Wattributes]
   66 | extern "C" int _putenv(const char *);
      |                ^~~~~~~
[ 82%] Linking CXX executable test_boot_servo_on.exe
D:\HT9045\_integ_ioweb\HT9011UC_Cpp_V3.33.906.0\tests\test_bootstrap.cpp:66:16: warning: 'int _putenv(const char*)' redeclared without dllimport attribute: previous dllimport ignored [-Wattributes]
   66 | extern "C" int _putenv(const char *);
      |                ^~~~~~~
[ 82%] Building CXX object tests/CMakeFiles/test_ta5_scrollbars.dir/test_bootstrap.cpp.obj
In file included from D:/HT9045/_integ_ioweb/HT9011UC_Cpp_V3.33.906.0/cmydef.h:10,
                 from D:/HT9045/_integ_ioweb/HT9011UC_Cpp_V3.33.906.0/Public/HTEditList.h:113,
                 from D:/HT9045/_integ_ioweb/HT9011UC_Cpp_V3.33.906.0/FileRW/_EditList.h:27,
                 from D:/HT9045/_integ_ioweb/HT9011UC_Cpp_V3.33.906.0/FileRW/TrayForm.gen.inc:9,
                 from D:\HT9045\_integ_ioweb\HT9011UC_Cpp_V3.33.906.0\FileRW\TrayForm.cpp:27:
D:/HT9045/_integ_ioweb/HT9011UC_Cpp_V3.33.906.0/cprod.h:3307:1: warning: anonymous non-C-compatible type given name for linkage purposes by 'typedef' declaration [-Wnon-c-typedef-for-linkage]
 3307 | {
      | ^
      | MyIndexArmRec
D:/HT9045/_integ_ioweb/HT9011UC_Cpp_V3.33.906.0/cprod.h:3311:10: note: type is not C-compatible because it contains 'void MyIndexArmRec::Clear()' declaration
 3311 |     void Clear();
      |          ^~~~~
D:/HT9045/_integ_ioweb/HT9011UC_Cpp_V3.33.906.0/cmydef.h:4732:1: warning: anonymous non-C-compatible type given name for linkage purposes by 'typedef' declaration [-Wnon-c-typedef-for-linkage]
 4732 | {
      | ^
      | MySiteData
D:/HT9045/_integ_ioweb/HT9011UC_Cpp_V3.33.906.0/cmydef.h:4736:10: note: type is not C-compatible because it contains 'void MySiteData::SetData(int, int)' declaration
 4736 |     void SetData(int X, int Y)
      |          ^~~~~~~
D:/HT9045/_integ_ioweb/HT9011UC_Cpp_V3.33.906.0/cmydef.h:4747:1: warning: anonymous non-C-compatible type given name for linkage purposes by 'typedef' declaration [-Wnon-c-typedef-for-linkage]
 4747 | {
      | ^
      | MyNextTrayNeedManualRemoveTray
D:/HT9045/_integ_ioweb/HT9011UC_Cpp_V3.33.906.0/cmydef.h:4753:10: note: type is not C-compatible because it contains 'void MyNextTrayNeedManualRemoveTray::Clear()' declaration
 4753 |     void Clear()
      |          ^~~~~
D:/HT9045/_integ_ioweb/HT9011UC_Cpp_V3.33.906.0/Public/HTEditList.h:429:1: warning: anonymous non-C-compatible type given name for linkage purposes by 'typedef' declaration [-Wnon-c-typedef-for-linkage]
  429 | {
      | ^
      | ArmAndSuckInfo
D:/HT9045/_integ_ioweb/HT9011UC_Cpp_V3.33.906.0/Public/HTEditList.h:438:10: note: type is not C-compatible because it contains 'void ArmAndSuckInfo::Clear()' declaration
  438 |     void Clear()
      |          ^~~~~
D:/HT9045/_integ_ioweb/HT9011UC_Cpp_V3.33.906.0/Public/HTEditList.h:454:1: warning: anonymous non-C-compatible type given name for linkage purposes by 'typedef' declaration [-Wnon-c-typedef-for-linkage]
  454 | {
      | ^
      | SingleSuckPosOnTray
D:/HT9045/_integ_ioweb/HT9011UC_Cpp_V3.33.906.0/Public/HTEditList.h:462:10: note: type is not C-compatible because it contains 'void SingleSuckPosOnTray::Clear()' declaration
  462 |     void Clear()
      |          ^~~~~
D:/HT9045/_integ_ioweb/HT9011UC_Cpp_V3.33.906.0/Public/HTEditList.h:475:1: warning: anonymous non-C-compatible type given name for linkage purposes by 'typedef' declaration [-Wnon-c-typedef-for-linkage]
  475 | {
      | ^
      | MyFillTheTrayAfterOutArmPlace
D:/HT9045/_integ_ioweb/HT9011UC_Cpp_V3.33.906.0/Public/HTEditList.h:479:10: note: type is not C-compatible because it contains 'void MyFillTheTrayAfterOutArmPlace::Clear()' declaration
  479 |     void Clear()
      |          ^~~~~
D:/HT9045/_integ_ioweb/HT9011UC_Cpp_V3.33.906.0/Public/HTEditList.h:488:1: warning: anonymous non-C-compatible type given name for linkage purposes by 'typedef' declaration [-Wnon-c-typedef-for-linkage]
  488 | {
      | ^
      | PickPlaceByArm
D:/HT9045/_integ_ioweb/HT9011UC_Cpp_V3.33.906.0/Public/HTEditList.h:491:10: note: type is not C-compatible because it contains 'void PickPlaceByArm::Clear()' declaration
  491 |     void Clear()
      |          ^~~~~
In file included from D:/HT9045/_integ_ioweb/HT9011UC_Cpp_V3.33.906.0/cmydef.h:10,
                 from D:/HT9045/_integ_ioweb/HT9011UC_Cpp_V3.33.906.0/Public/HTEditList.h:113,
                 from D:/HT9045/_integ_ioweb/HT9011UC_Cpp_V3.33.906.0/FileRW/_EditList.h:27,
                 from D:\HT9045\_integ_ioweb\HT9011UC_Cpp_V3.33.906.0\FileRW\_EditPage.cpp:14:
D:/HT9045/_integ_ioweb/HT9011UC_Cpp_V3.33.906.0/cprod.h:3307:1: warning: anonymous non-C-compatible type given name for linkage purposes by 'typedef' declaration [-Wnon-c-typedef-for-linkage]
 3307 | {
      | ^
      | MyIndexArmRec
D:/HT9045/_integ_ioweb/HT9011UC_Cpp_V3.33.906.0/cprod.h:3311:10: note: type is not C-compatible because it contains 'void MyIndexArmRec::Clear()' declaration
 3311 |     void Clear();
      |          ^~~~~
D:/HT9045/_integ_ioweb/HT9011UC_Cpp_V3.33.906.0/cmydef.h:4732:1: warning: anonymous non-C-compatible type given name for linkage purposes by 'typedef' declaration [-Wnon-c-typedef-for-linkage]
 4732 | {
      | ^
      | MySiteData
D:/HT9045/_integ_ioweb/HT9011UC_Cpp_V3.33.906.0/cmydef.h:4736:10: note: type is not C-compatible because it contains 'void MySiteData::SetData(int, int)' declaration
 4736 |     void SetData(int X, int Y)
      |          ^~~~~~~
D:/HT9045/_integ_ioweb/HT9011UC_Cpp_V3.33.906.0/cmydef.h:4747:1: warning: anonymous non-C-compatible type given name for linkage purposes by 'typedef' declaration [-Wnon-c-typedef-for-linkage]
 4747 | {
      | ^
      | MyNextTrayNeedManualRemoveTray
D:/HT9045/_integ_ioweb/HT9011UC_Cpp_V3.33.906.0/cmydef.h:4753:10: note: type is not C-compatible because it contains 'void MyNextTrayNeedManualRemoveTray::Clear()' declaration
 4753 |     void Clear()
      |          ^~~~~
D:/HT9045/_integ_ioweb/HT9011UC_Cpp_V3.33.906.0/Public/HTEditList.h:429:1: warning: anonymous non-C-compatible type given name for linkage purposes by 'typedef' declaration [-Wnon-c-typedef-for-linkage]
  429 | {
      | ^
      | ArmAndSuckInfo
D:/HT9045/_integ_ioweb/HT9011UC_Cpp_V3.33.906.0/Public/HTEditList.h:438:10: note: type is not C-compatible because it contains 'void ArmAndSuckInfo::Clear()' declaration
  438 |     void Clear()
      |          ^~~~~
D:/HT9045/_integ_ioweb/HT9011UC_Cpp_V3.33.906.0/Public/HTEditList.h:454:1: warning: anonymous non-C-compatible type given name for linkage purposes by 'typedef' declaration [-Wnon-c-typedef-for-linkage]
  454 | {
      | ^
      | SingleSuckPosOnTray
D:/HT9045/_integ_ioweb/HT9011UC_Cpp_V3.33.906.0/Public/HTEditList.h:462:10: note: type is not C-compatible because it contains 'void SingleSuckPosOnTray::Clear()' declaration
  462 |     void Clear()
      |          ^~~~~
D:/HT9045/_integ_ioweb/HT9011UC_Cpp_V3.33.906.0/Public/HTEditList.h:475:1: warning: anonymous non-C-compatible type given name for linkage purposes by 'typedef' declaration [-Wnon-c-typedef-for-linkage]
  475 | {
      | ^
      | MyFillTheTrayAfterOutArmPlace
D:/HT9045/_integ_ioweb/HT9011UC_Cpp_V3.33.906.0/Public/HTEditList.h:479:10: note: type is not C-compatible because it contains 'void MyFillTheTrayAfterOutArmPlace::Clear()' declaration
  479 |     void Clear()
      |          ^~~~~
D:/HT9045/_integ_ioweb/HT9011UC_Cpp_V3.33.906.0/Public/HTEditList.h:488:1: warning: anonymous non-C-compatible type given name for linkage purposes by 'typedef' declaration [-Wnon-c-typedef-for-linkage]
  488 | {
      | ^
      | PickPlaceByArm
D:/HT9045/_integ_ioweb/HT9011UC_Cpp_V3.33.906.0/Public/HTEditList.h:491:10: note: type is not C-compatible because it contains 'void PickPlaceByArm::Clear()' declaration
  491 |     void Clear()
      |          ^~~~~
[ 82%] Building CXX object tests/CMakeFiles/test_fastclk_jobs.dir/__/FastClock.cpp.obj
[ 82%] Linking CXX executable test_s98_cfgtrayplate.exe
[ 82%] Linking CXX executable test_d025_menuopen.exe
D:\HT9045\_integ_ioweb\HT9011UC_Cpp_V3.33.906.0\tests\test_bootstrap.cpp:66:16: warning: 'int _putenv(const char*)' redeclared without dllimport attribute: previous dllimport ignored [-Wattributes]
   66 | extern "C" int _putenv(const char *);
      |                ^~~~~~~
[ 82%] Building CXX object tests/CMakeFiles/test_fastclk_jobs.dir/__/WebStreamStats.cpp.obj
[ 82%] Building CXX object tests/CMakeFiles/test_st02_observer_sgjam.dir/test_st02_observer_sgjam.cpp.obj
[ 82%] Building CXX object tests/CMakeFiles/test_fastclk_jobs.dir/test_bootstrap.cpp.obj
[ 82%] Linking CXX executable test_ta5_scrollbars.exe
[ 82%] Building CXX object tests/CMakeFiles/test_rotatekit_retry.dir/test_rotatekit_retry.cpp.obj
[ 82%] Building CXX object tests/CMakeFiles/test_st02_timer_esd.dir/test_st02_timer_esd.cpp.obj
[ 82%] Building CXX object tests/CMakeFiles/test_st02_observer_sgjam.dir/__/JsonBridge/ChanProduction.cpp.obj
D:\HT9045\_integ_ioweb\HT9011UC_Cpp_V3.33.906.0\tests\test_bootstrap.cpp:66:16: warning: 'int _putenv(const char*)' redeclared without dllimport attribute: previous dllimport ignored [-Wattributes]
   66 | extern "C" int _putenv(const char *);
      |                ^~~~~~~
[ 83%] Building CXX object tests/CMakeFiles/test_rotatekit_retry.dir/test_bootstrap.cpp.obj
D:\HT9045\_integ_ioweb\HT9011UC_Cpp_V3.33.906.0\tests\test_bootstrap.cpp:66:16: warning: 'int _putenv(const char*)' redeclared without dllimport attribute: previous dllimport ignored [-Wattributes]
   66 | extern "C" int _putenv(const char *);
      |                ^~~~~~~
[ 83%] Building CXX object tests/CMakeFiles/test_st02_timer_esd.dir/test_bootstrap.cpp.obj
In file included from D:\HT9045\_integ_ioweb\HT9011UC_Cpp_V3.33.906.0\JsonBridge\ChanProduction.cpp:15:
D:/HT9045/_integ_ioweb/HT9011UC_Cpp_V3.33.906.0/cprod.h:3307:1: warning: anonymous non-C-compatible type given name for linkage purposes by 'typedef' declaration [-Wnon-c-typedef-for-linkage]
 3307 | {
      | ^
      | MyIndexArmRec
D:/HT9045/_integ_ioweb/HT9011UC_Cpp_V3.33.906.0/cprod.h:3311:10: note: type is not C-compatible because it contains 'void MyIndexArmRec::Clear()' declaration
 3311 |     void Clear();
      |          ^~~~~
In file included from D:\HT9045\_integ_ioweb\HT9011UC_Cpp_V3.33.906.0\JsonBridge\ChanProduction.cpp:18:
D:/HT9045/_integ_ioweb/HT9011UC_Cpp_V3.33.906.0/cmydef.h:4732:1: warning: anonymous non-C-compatible type given name for linkage purposes by 'typedef' declaration [-Wnon-c-typedef-for-linkage]
 4732 | {
      | ^
      | MySiteData
D:/HT9045/_integ_ioweb/HT9011UC_Cpp_V3.33.906.0/cmydef.h:4736:10: note: type is not C-compatible because it contains 'void MySiteData::SetData(int, int)' declaration
 4736 |     void SetData(int X, int Y)
      |          ^~~~~~~
D:/HT9045/_integ_ioweb/HT9011UC_Cpp_V3.33.906.0/cmydef.h:4747:1: warning: anonymous non-C-compatible type given name for linkage purposes by 'typedef' declaration [-Wnon-c-typedef-for-linkage]
 4747 | {
      | ^
      | MyNextTrayNeedManualRemoveTray
D:/HT9045/_integ_ioweb/HT9011UC_Cpp_V3.33.906.0/cmydef.h:4753:10: note: type is not C-compatible because it contains 'void MyNextTrayNeedManualRemoveTray::Clear()' declaration
 4753 |     void Clear()
      |          ^~~~~
In file included from D:/HT9045/_integ_ioweb/HT9011UC_Cpp_V3.33.906.0/cmydef.h:10,
                 from D:\HT9045\_integ_ioweb\HT9011UC_Cpp_V3.33.906.0\tests\test_st02_timer_esd.cpp:35:
D:/HT9045/_integ_ioweb/HT9011UC_Cpp_V3.33.906.0/cprod.h:3307:1: warning: anonymous non-C-compatible type given name for linkage purposes by 'typedef' declaration [-Wnon-c-typedef-for-linkage]
 3307 | {
      | ^
      | MyIndexArmRec
D:/HT9045/_integ_ioweb/HT9011UC_Cpp_V3.33.906.0/cprod.h:3311:10: note: type is not C-compatible because it contains 'void MyIndexArmRec::Clear()' declaration
 3311 |     void Clear();
      |          ^~~~~
D:/HT9045/_integ_ioweb/HT9011UC_Cpp_V3.33.906.0/cmydef.h:4732:1: warning: anonymous non-C-compatible type given name for linkage purposes by 'typedef' declaration [-Wnon-c-typedef-for-linkage]
 4732 | {
      | ^
      | MySiteData
D:/HT9045/_integ_ioweb/HT9011UC_Cpp_V3.33.906.0/cmydef.h:4736:10: note: type is not C-compatible because it contains 'void MySiteData::SetData(int, int)' declaration
 4736 |     void SetData(int X, int Y)
      |          ^~~~~~~
D:/HT9045/_integ_ioweb/HT9011UC_Cpp_V3.33.906.0/cmydef.h:4747:1: warning: anonymous non-C-compatible type given name for linkage purposes by 'typedef' declaration [-Wnon-c-typedef-for-linkage]
 4747 | {
      | ^
      | MyNextTrayNeedManualRemoveTray
D:/HT9045/_integ_ioweb/HT9011UC_Cpp_V3.33.906.0/cmydef.h:4753:10: note: type is not C-compatible because it contains 'void MyNextTrayNeedManualRemoveTray::Clear()' declaration
 4753 |     void Clear()
      |          ^~~~~
In file included from D:\HT9045\_integ_ioweb\HT9011UC_Cpp_V3.33.906.0\tests\test_st02_timer_esd.cpp:40:
D:/HT9045/_integ_ioweb/HT9011UC_Cpp_V3.33.906.0/aHotPlateSubstrate.h:830:1: warning: anonymous non-C-compatible type given name for linkage purposes by 'typedef' declaration [-Wnon-c-typedef-for-linkage]
  830 | {
      | ^
      | strAUTOSITEMAP
D:/HT9045/_integ_ioweb/HT9011UC_Cpp_V3.33.906.0/aHotPlateSubstrate.h:836:10: note: type is not C-compatible because it contains 'void strAUTOSITEMAP::ClearData()' declaration
  836 |     void ClearData()
      |          ^~~~~~~~~
In file included from D:\HT9045\_integ_ioweb\HT9011UC_Cpp_V3.33.906.0\tests\test_st02_timer_esd.cpp:41:
D:/HT9045/_integ_ioweb/HT9011UC_Cpp_V3.33.906.0/cSocket.h:235:1: warning: anonymous non-C-compatible type given name for linkage purposes by 'typedef' declaration [-Wnon-c-typedef-for-linkage]
  235 | {
      | ^
      | TEST_CATEGORY
D:/HT9045/_integ_ioweb/HT9011UC_Cpp_V3.33.906.0/cSocket.h:261:10: note: type is not C-compatible because it contains 'void TEST_CATEGORY::ClearCount()' declaration
  261 |     void ClearCount();
      |          ^~~~~~~~~~
[ 83%] Building CXX object tests/CMakeFiles/test_flow9050_shuttle.dir/test_flow9050_shuttle.cpp.obj
D:\HT9045\_integ_ioweb\HT9011UC_Cpp_V3.33.906.0\tests\test_bootstrap.cpp:66:16: warning: 'int _putenv(const char*)' redeclared without dllimport attribute: previous dllimport ignored [-Wattributes]
   66 | extern "C" int _putenv(const char *);
      |                ^~~~~~~
In file included from D:/HT9045/_integ_ioweb/HT9011UC_Cpp_V3.33.906.0/cmydef.h:10,
                 from D:\HT9045\_integ_ioweb\HT9011UC_Cpp_V3.33.906.0\tests\test_rotatekit_retry.cpp:24:
D:/HT9045/_integ_ioweb/HT9011UC_Cpp_V3.33.906.0/cprod.h:3307:1: warning: anonymous non-C-compatible type given name for linkage purposes by 'typedef' declaration [-Wnon-c-typedef-for-linkage]
 3307 | {
      | ^
      | MyIndexArmRec
D:/HT9045/_integ_ioweb/HT9011UC_Cpp_V3.33.906.0/cprod.h:3311:10: note: type is not C-compatible because it contains 'void MyIndexArmRec::Clear()' declaration
 3311 |     void Clear();
      |          ^~~~~
D:/HT9045/_integ_ioweb/HT9011UC_Cpp_V3.33.906.0/cmydef.h:4732:1: warning: anonymous non-C-compatible type given name for linkage purposes by 'typedef' declaration [-Wnon-c-typedef-for-linkage]
 4732 | {
      | ^
      | MySiteData
D:/HT9045/_integ_ioweb/HT9011UC_Cpp_V3.33.906.0/cmydef.h:4736:10: note: type is not C-compatible because it contains 'void MySiteData::SetData(int, int)' declaration
 4736 |     void SetData(int X, int Y)
      |          ^~~~~~~
D:/HT9045/_integ_ioweb/HT9011UC_Cpp_V3.33.906.0/cmydef.h:4747:1: warning: anonymous non-C-compatible type given name for linkage purposes by 'typedef' declaration [-Wnon-c-typedef-for-linkage]
 4747 | {
      | ^
      | MyNextTrayNeedManualRemoveTray
D:/HT9045/_integ_ioweb/HT9011UC_Cpp_V3.33.906.0/cmydef.h:4753:10: note: type is not C-compatible because it contains 'void MyNextTrayNeedManualRemoveTray::Clear()' declaration
 4753 |     void Clear()
      |          ^~~~~
[ 83%] Building CXX object tests/CMakeFiles/test_st02_observer_sgjam.dir/__/JsonBridge/ChanIo.cpp.obj
[ 83%] Linking CXX executable test_rotatekit_retry.exe
In file included from D:/HT9045/_integ_ioweb/HT9011UC_Cpp_V3.33.906.0/cmydef.h:10,
                 from D:\HT9045\_integ_ioweb\HT9011UC_Cpp_V3.33.906.0\tests\test_st02_observer_sgjam.cpp:32:
D:/HT9045/_integ_ioweb/HT9011UC_Cpp_V3.33.906.0/cprod.h:3307:1: warning: anonymous non-C-compatible type given name for linkage purposes by 'typedef' declaration [-Wnon-c-typedef-for-linkage]
 3307 | {
      | ^
      | MyIndexArmRec
D:/HT9045/_integ_ioweb/HT9011UC_Cpp_V3.33.906.0/cprod.h:3311:10: note: type is not C-compatible because it contains 'void MyIndexArmRec::Clear()' declaration
 3311 |     void Clear();
      |          ^~~~~
D:/HT9045/_integ_ioweb/HT9011UC_Cpp_V3.33.906.0/cmydef.h:4732:1: warning: anonymous non-C-compatible type given name for linkage purposes by 'typedef' declaration [-Wnon-c-typedef-for-linkage]
 4732 | {
      | ^
      | MySiteData
D:/HT9045/_integ_ioweb/HT9011UC_Cpp_V3.33.906.0/cmydef.h:4736:10: note: type is not C-compatible because it contains 'void MySiteData::SetData(int, int)' declaration
 4736 |     void SetData(int X, int Y)
      |          ^~~~~~~
D:/HT9045/_integ_ioweb/HT9011UC_Cpp_V3.33.906.0/cmydef.h:4747:1: warning: anonymous non-C-compatible type given name for linkage purposes by 'typedef' declaration [-Wnon-c-typedef-for-linkage]
 4747 | {
      | ^
      | MyNextTrayNeedManualRemoveTray
D:/HT9045/_integ_ioweb/HT9011UC_Cpp_V3.33.906.0/cmydef.h:4753:10: note: type is not C-compatible because it contains 'void MyNextTrayNeedManualRemoveTray::Clear()' declaration
 4753 |     void Clear()
      |          ^~~~~
[ 83%] Linking CXX executable test_fastclk_jobs.exe
[ 83%] Linking CXX executable test_st02_timer_esd.exe
[ 83%] Building CXX object tests/CMakeFiles/test_st02_observer_sgjam.dir/__/JsonBridge/ChanMotor.cpp.obj
[ 83%] Building CXX object tests/CMakeFiles/test_eboot005_customername.dir/test_eboot005_customername.cpp.obj
[ 83%] Building CXX object tests/CMakeFiles/test_st02_timer3.dir/test_st02_timer3.cpp.obj
In file included from D:/HT9045/_integ_ioweb/HT9011UC_Cpp_V3.33.906.0/cmydef.h:10,
                 from D:/HT9045/_integ_ioweb/HT9011UC_Cpp_V3.33.906.0/aHotPlateSubstrate.h:67,
                 from D:\HT9045\_integ_ioweb\HT9011UC_Cpp_V3.33.906.0\tests\test_flow9050_shuttle.cpp:68:
D:/HT9045/_integ_ioweb/HT9011UC_Cpp_V3.33.906.0/cprod.h:3307:1: warning: anonymous non-C-compatible type given name for linkage purposes by 'typedef' declaration [-Wnon-c-typedef-for-linkage]
 3307 | {
      | ^
      | MyIndexArmRec
D:/HT9045/_integ_ioweb/HT9011UC_Cpp_V3.33.906.0/cprod.h:3311:10: note: type is not C-compatible because it contains 'void MyIndexArmRec::Clear()' declaration
 3311 |     void Clear();
      |          ^~~~~
D:/HT9045/_integ_ioweb/HT9011UC_Cpp_V3.33.906.0/cmydef.h:4732:1: warning: anonymous non-C-compatible type given name for linkage purposes by 'typedef' declaration [-Wnon-c-typedef-for-linkage]
 4732 | {
      | ^
      | MySiteData
D:/HT9045/_integ_ioweb/HT9011UC_Cpp_V3.33.906.0/cmydef.h:4736:10: note: type is not C-compatible because it contains 'void MySiteData::SetData(int, int)' declaration
 4736 |     void SetData(int X, int Y)
      |          ^~~~~~~
D:/HT9045/_integ_ioweb/HT9011UC_Cpp_V3.33.906.0/cmydef.h:4747:1: warning: anonymous non-C-compatible type given name for linkage purposes by 'typedef' declaration [-Wnon-c-typedef-for-linkage]
 4747 | {
      | ^
      | MyNextTrayNeedManualRemoveTray
D:/HT9045/_integ_ioweb/HT9011UC_Cpp_V3.33.906.0/cmydef.h:4753:10: note: type is not C-compatible because it contains 'void MyNextTrayNeedManualRemoveTray::Clear()' declaration
 4753 |     void Clear()
      |          ^~~~~
D:/HT9045/_integ_ioweb/HT9011UC_Cpp_V3.33.906.0/aHotPlateSubstrate.h:830:1: warning: anonymous non-C-compatible type given name for linkage purposes by 'typedef' declaration [-Wnon-c-typedef-for-linkage]
  830 | {
      | ^
      | strAUTOSITEMAP
D:/HT9045/_integ_ioweb/HT9011UC_Cpp_V3.33.906.0/aHotPlateSubstrate.h:836:10: note: type is not C-compatible because it contains 'void strAUTOSITEMAP::ClearData()' declaration
  836 |     void ClearData()
      |          ^~~~~~~~~
[ 83%] Building CXX object tests/CMakeFiles/test_st02_observer_sgjam.dir/__/JsonBridge/ChanAction.cpp.obj
[ 84%] Building CXX object tests/CMakeFiles/test_flow9050_shuttle.dir/test_bootstrap.cpp.obj
In file included from D:/HT9045/_integ_ioweb/HT9011UC_Cpp_V3.33.906.0/cmydef.h:10,
                 from D:/HT9045/_integ_ioweb/HT9011UC_Cpp_V3.33.906.0/Public/HTEditList.h:113,
                 from D:/HT9045/_integ_ioweb/HT9011UC_Cpp_V3.33.906.0/FileRW/_EditList.h:27,
                 from D:\HT9045\_integ_ioweb\HT9011UC_Cpp_V3.33.906.0\tests\test_eboot005_customername.cpp:50:
D:/HT9045/_integ_ioweb/HT9011UC_Cpp_V3.33.906.0/cprod.h:3307:1: warning: anonymous non-C-compatible type given name for linkage purposes by 'typedef' declaration [-Wnon-c-typedef-for-linkage]
 3307 | {
      | ^
      | MyIndexArmRec
D:/HT9045/_integ_ioweb/HT9011UC_Cpp_V3.33.906.0/cprod.h:3311:10: note: type is not C-compatible because it contains 'void MyIndexArmRec::Clear()' declaration
 3311 |     void Clear();
      |          ^~~~~
D:/HT9045/_integ_ioweb/HT9011UC_Cpp_V3.33.906.0/cmydef.h:4732:1: warning: anonymous non-C-compatible type given name for linkage purposes by 'typedef' declaration [-Wnon-c-typedef-for-linkage]
 4732 | {
      | ^
      | MySiteData
D:/HT9045/_integ_ioweb/HT9011UC_Cpp_V3.33.906.0/cmydef.h:4736:10: note: type is not C-compatible because it contains 'void MySiteData::SetData(int, int)' declaration
 4736 |     void SetData(int X, int Y)
      |          ^~~~~~~
D:/HT9045/_integ_ioweb/HT9011UC_Cpp_V3.33.906.0/cmydef.h:4747:1: warning: anonymous non-C-compatible type given name for linkage purposes by 'typedef' declaration [-Wnon-c-typedef-for-linkage]
 4747 | {
      | ^
      | MyNextTrayNeedManualRemoveTray
D:/HT9045/_integ_ioweb/HT9011UC_Cpp_V3.33.906.0/cmydef.h:4753:10: note: type is not C-compatible because it contains 'void MyNextTrayNeedManualRemoveTray::Clear()' declaration
 4753 |     void Clear()
      |          ^~~~~
D:/HT9045/_integ_ioweb/HT9011UC_Cpp_V3.33.906.0/Public/HTEditList.h:429:1: warning: anonymous non-C-compatible type given name for linkage purposes by 'typedef' declaration [-Wnon-c-typedef-for-linkage]
  429 | {
      | ^
      | ArmAndSuckInfo
D:/HT9045/_integ_ioweb/HT9011UC_Cpp_V3.33.906.0/Public/HTEditList.h:438:10: note: type is not C-compatible because it contains 'void ArmAndSuckInfo::Clear()' declaration
  438 |     void Clear()
      |          ^~~~~
D:/HT9045/_integ_ioweb/HT9011UC_Cpp_V3.33.906.0/Public/HTEditList.h:454:1: warning: anonymous non-C-compatible type given name for linkage purposes by 'typedef' declaration [-Wnon-c-typedef-for-linkage]
  454 | {
      | ^
      | SingleSuckPosOnTray
D:/HT9045/_integ_ioweb/HT9011UC_Cpp_V3.33.906.0/Public/HTEditList.h:462:10: note: type is not C-compatible because it contains 'void SingleSuckPosOnTray::Clear()' declaration
  462 |     void Clear()
      |          ^~~~~
D:/HT9045/_integ_ioweb/HT9011UC_Cpp_V3.33.906.0/Public/HTEditList.h:475:1: warning: anonymous non-C-compatible type given name for linkage purposes by 'typedef' declaration [-Wnon-c-typedef-for-linkage]
  475 | {
      | ^
      | MyFillTheTrayAfterOutArmPlace
D:/HT9045/_integ_ioweb/HT9011UC_Cpp_V3.33.906.0/Public/HTEditList.h:479:10: note: type is not C-compatible because it contains 'void MyFillTheTrayAfterOutArmPlace::Clear()' declaration
  479 |     void Clear()
      |          ^~~~~
D:/HT9045/_integ_ioweb/HT9011UC_Cpp_V3.33.906.0/Public/HTEditList.h:488:1: warning: anonymous non-C-compatible type given name for linkage purposes by 'typedef' declaration [-Wnon-c-typedef-for-linkage]
  488 | {
      | ^
      | PickPlaceByArm
D:/HT9045/_integ_ioweb/HT9011UC_Cpp_V3.33.906.0/Public/HTEditList.h:491:10: note: type is not C-compatible because it contains 'void PickPlaceByArm::Clear()' declaration
  491 |     void Clear()
      |          ^~~~~
In file included from D:/HT9045/_integ_ioweb/HT9011UC_Cpp_V3.33.906.0/cmydef.h:10,
                 from D:\HT9045\_integ_ioweb\HT9011UC_Cpp_V3.33.906.0\tests\test_st02_timer3.cpp:42:
D:/HT9045/_integ_ioweb/HT9011UC_Cpp_V3.33.906.0/cprod.h:3307:1: warning: anonymous non-C-compatible type given name for linkage purposes by 'typedef' declaration [-Wnon-c-typedef-for-linkage]
 3307 | {
      | ^
      | MyIndexArmRec
D:/HT9045/_integ_ioweb/HT9011UC_Cpp_V3.33.906.0/cprod.h:3311:10: note: type is not C-compatible because it contains 'void MyIndexArmRec::Clear()' declaration
 3311 |     void Clear();
      |          ^~~~~
D:/HT9045/_integ_ioweb/HT9011UC_Cpp_V3.33.906.0/cmydef.h:4732:1: warning: anonymous non-C-compatible type given name for linkage purposes by 'typedef' declaration [-Wnon-c-typedef-for-linkage]
 4732 | {
      | ^
      | MySiteData
D:/HT9045/_integ_ioweb/HT9011UC_Cpp_V3.33.906.0/cmydef.h:4736:10: note: type is not C-compatible because it contains 'void MySiteData::SetData(int, int)' declaration
 4736 |     void SetData(int X, int Y)
      |          ^~~~~~~
D:/HT9045/_integ_ioweb/HT9011UC_Cpp_V3.33.906.0/cmydef.h:4747:1: warning: anonymous non-C-compatible type given name for linkage purposes by 'typedef' declaration [-Wnon-c-typedef-for-linkage]
 4747 | {
      | ^
      | MyNextTrayNeedManualRemoveTray
D:/HT9045/_integ_ioweb/HT9011UC_Cpp_V3.33.906.0/cmydef.h:4753:10: note: type is not C-compatible because it contains 'void MyNextTrayNeedManualRemoveTray::Clear()' declaration
 4753 |     void Clear()
      |          ^~~~~
In file included from D:\HT9045\_integ_ioweb\HT9011UC_Cpp_V3.33.906.0\tests\test_st02_timer3.cpp:50:
D:/HT9045/_integ_ioweb/HT9011UC_Cpp_V3.33.906.0/aHotPlateSubstrate.h:830:1: warning: anonymous non-C-compatible type given name for linkage purposes by 'typedef' declaration [-Wnon-c-typedef-for-linkage]
  830 | {
      | ^
      | strAUTOSITEMAP
D:/HT9045/_integ_ioweb/HT9011UC_Cpp_V3.33.906.0/aHotPlateSubstrate.h:836:10: note: type is not C-compatible because it contains 'void strAUTOSITEMAP::ClearData()' declaration
  836 |     void ClearData()
      |          ^~~~~~~~~
D:\HT9045\_integ_ioweb\HT9011UC_Cpp_V3.33.906.0\tests\test_bootstrap.cpp:66:16: warning: 'int _putenv(const char*)' redeclared without dllimport attribute: previous dllimport ignored [-Wattributes]
   66 | extern "C" int _putenv(const char *);
      |                ^~~~~~~
[ 84%] Building CXX object tests/CMakeFiles/test_st02_timer3.dir/test_bootstrap.cpp.obj
[ 84%] Building CXX object tests/CMakeFiles/test_eboot005_customername.dir/__/FileRW/HSys.cpp.obj
[ 84%] Linking CXX executable test_flow9050_shuttle.exe
D:\HT9045\_integ_ioweb\HT9011UC_Cpp_V3.33.906.0\tests\test_bootstrap.cpp:66:16: warning: 'int _putenv(const char*)' redeclared without dllimport attribute: previous dllimport ignored [-Wattributes]
   66 | extern "C" int _putenv(const char *);
      |                ^~~~~~~
[ 84%] Linking CXX executable test_st02_timer3.exe
In file included from D:\HT9045\_integ_ioweb\HT9011UC_Cpp_V3.33.906.0\JsonBridge\ChanAction.cpp:22:
D:/HT9045/_integ_ioweb/HT9011UC_Cpp_V3.33.906.0/cprod.h:3307:1: warning: anonymous non-C-compatible type given name for linkage purposes by 'typedef' declaration [-Wnon-c-typedef-for-linkage]
 3307 | {
      | ^
      | MyIndexArmRec
D:/HT9045/_integ_ioweb/HT9011UC_Cpp_V3.33.906.0/cprod.h:3311:10: note: type is not C-compatible because it contains 'void MyIndexArmRec::Clear()' declaration
 3311 |     void Clear();
      |          ^~~~~
In file included from D:\HT9045\_integ_ioweb\HT9011UC_Cpp_V3.33.906.0\JsonBridge\ChanAction.cpp:27:
D:/HT9045/_integ_ioweb/HT9011UC_Cpp_V3.33.906.0/cSocket.h:235:1: warning: anonymous non-C-compatible type given name for linkage purposes by 'typedef' declaration [-Wnon-c-typedef-for-linkage]
  235 | {
      | ^
      | TEST_CATEGORY
D:/HT9045/_integ_ioweb/HT9011UC_Cpp_V3.33.906.0/cSocket.h:261:10: note: type is not C-compatible because it contains 'void TEST_CATEGORY::ClearCount()' declaration
  261 |     void ClearCount();
      |          ^~~~~~~~~~
In file included from D:\HT9045\_integ_ioweb\HT9011UC_Cpp_V3.33.906.0\JsonBridge\ChanAction.cpp:28:
D:/HT9045/_integ_ioweb/HT9011UC_Cpp_V3.33.906.0/cmydef.h:4732:1: warning: anonymous non-C-compatible type given name for linkage purposes by 'typedef' declaration [-Wnon-c-typedef-for-linkage]
 4732 | {
      | ^
      | MySiteData
D:/HT9045/_integ_ioweb/HT9011UC_Cpp_V3.33.906.0/cmydef.h:4736:10: note: type is not C-compatible because it contains 'void MySiteData::SetData(int, int)' declaration
 4736 |     void SetData(int X, int Y)
      |          ^~~~~~~
D:/HT9045/_integ_ioweb/HT9011UC_Cpp_V3.33.906.0/cmydef.h:4747:1: warning: anonymous non-C-compatible type given name for linkage purposes by 'typedef' declaration [-Wnon-c-typedef-for-linkage]
 4747 | {
      | ^
      | MyNextTrayNeedManualRemoveTray
D:/HT9045/_integ_ioweb/HT9011UC_Cpp_V3.33.906.0/cmydef.h:4753:10: note: type is not C-compatible because it contains 'void MyNextTrayNeedManualRemoveTray::Clear()' declaration
 4753 |     void Clear()
      |          ^~~~~
[ 84%] Building CXX object tests/CMakeFiles/test_st02_observer_sgjam.dir/__/JsonBridge/actions/MainTesterConnect.cpp.obj
In file included from D:/HT9045/_integ_ioweb/HT9011UC_Cpp_V3.33.906.0/cmydef.h:10,
                 from D:/HT9045/_integ_ioweb/HT9011UC_Cpp_V3.33.906.0/Public/HTEditList.h:113,
                 from D:/HT9045/_integ_ioweb/HT9011UC_Cpp_V3.33.906.0/FileRW/_EditList.h:27,
                 from D:/HT9045/_integ_ioweb/HT9011UC_Cpp_V3.33.906.0/FileRW/HSys.gen.inc:9,
                 from D:\HT9045\_integ_ioweb\HT9011UC_Cpp_V3.33.906.0\FileRW\HSys.cpp:82:
D:/HT9045/_integ_ioweb/HT9011UC_Cpp_V3.33.906.0/cprod.h:3307:1: warning: anonymous non-C-compatible type given name for linkage purposes by 'typedef' declaration [-Wnon-c-typedef-for-linkage]
 3307 | {
      | ^
      | MyIndexArmRec
D:/HT9045/_integ_ioweb/HT9011UC_Cpp_V3.33.906.0/cprod.h:3311:10: note: type is not C-compatible because it contains 'void MyIndexArmRec::Clear()' declaration
 3311 |     void Clear();
      |          ^~~~~
D:/HT9045/_integ_ioweb/HT9011UC_Cpp_V3.33.906.0/cmydef.h:4732:1: warning: anonymous non-C-compatible type given name for linkage purposes by 'typedef' declaration [-Wnon-c-typedef-for-linkage]
 4732 | {
      | ^
      | MySiteData
D:/HT9045/_integ_ioweb/HT9011UC_Cpp_V3.33.906.0/cmydef.h:4736:10: note: type is not C-compatible because it contains 'void MySiteData::SetData(int, int)' declaration
 4736 |     void SetData(int X, int Y)
      |          ^~~~~~~
D:/HT9045/_integ_ioweb/HT9011UC_Cpp_V3.33.906.0/cmydef.h:4747:1: warning: anonymous non-C-compatible type given name for linkage purposes by 'typedef' declaration [-Wnon-c-typedef-for-linkage]
 4747 | {
      | ^
      | MyNextTrayNeedManualRemoveTray
D:/HT9045/_integ_ioweb/HT9011UC_Cpp_V3.33.906.0/cmydef.h:4753:10: note: type is not C-compatible because it contains 'void MyNextTrayNeedManualRemoveTray::Clear()' declaration
 4753 |     void Clear()
      |          ^~~~~
D:/HT9045/_integ_ioweb/HT9011UC_Cpp_V3.33.906.0/Public/HTEditList.h:429:1: warning: anonymous non-C-compatible type given name for linkage purposes by 'typedef' declaration [-Wnon-c-typedef-for-linkage]
  429 | {
      | ^
      | ArmAndSuckInfo
D:/HT9045/_integ_ioweb/HT9011UC_Cpp_V3.33.906.0/Public/HTEditList.h:438:10: note: type is not C-compatible because it contains 'void ArmAndSuckInfo::Clear()' declaration
  438 |     void Clear()
      |          ^~~~~
D:/HT9045/_integ_ioweb/HT9011UC_Cpp_V3.33.906.0/Public/HTEditList.h:454:1: warning: anonymous non-C-compatible type given name for linkage purposes by 'typedef' declaration [-Wnon-c-typedef-for-linkage]
  454 | {
      | ^
      | SingleSuckPosOnTray
D:/HT9045/_integ_ioweb/HT9011UC_Cpp_V3.33.906.0/Public/HTEditList.h:462:10: note: type is not C-compatible because it contains 'void SingleSuckPosOnTray::Clear()' declaration
  462 |     void Clear()
      |          ^~~~~
D:/HT9045/_integ_ioweb/HT9011UC_Cpp_V3.33.906.0/Public/HTEditList.h:475:1: warning: anonymous non-C-compatible type given name for linkage purposes by 'typedef' declaration [-Wnon-c-typedef-for-linkage]
  475 | {
      | ^
      | MyFillTheTrayAfterOutArmPlace
D:/HT9045/_integ_ioweb/HT9011UC_Cpp_V3.33.906.0/Public/HTEditList.h:479:10: note: type is not C-compatible because it contains 'void MyFillTheTrayAfterOutArmPlace::Clear()' declaration
  479 |     void Clear()
      |          ^~~~~
D:/HT9045/_integ_ioweb/HT9011UC_Cpp_V3.33.906.0/Public/HTEditList.h:488:1: warning: anonymous non-C-compatible type given name for linkage purposes by 'typedef' declaration [-Wnon-c-typedef-for-linkage]
  488 | {
      | ^
      | PickPlaceByArm
D:/HT9045/_integ_ioweb/HT9011UC_Cpp_V3.33.906.0/Public/HTEditList.h:491:10: note: type is not C-compatible because it contains 'void PickPlaceByArm::Clear()' declaration
  491 |     void Clear()
      |          ^~~~~
In file included from D:/HT9045/_integ_ioweb/HT9011UC_Cpp_V3.33.906.0/cmydef.h:10,
                 from D:\HT9045\_integ_ioweb\HT9011UC_Cpp_V3.33.906.0\JsonBridge\actions\MainTesterConnect.cpp:28:
D:/HT9045/_integ_ioweb/HT9011UC_Cpp_V3.33.906.0/cprod.h:3307:1: warning: anonymous non-C-compatible type given name for linkage purposes by 'typedef' declaration [-Wnon-c-typedef-for-linkage]
 3307 | {
      | ^
      | MyIndexArmRec
D:/HT9045/_integ_ioweb/HT9011UC_Cpp_V3.33.906.0/cprod.h:3311:10: note: type is not C-compatible because it contains 'void MyIndexArmRec::Clear()' declaration
 3311 |     void Clear();
      |          ^~~~~
D:/HT9045/_integ_ioweb/HT9011UC_Cpp_V3.33.906.0/cmydef.h:4732:1: warning: anonymous non-C-compatible type given name for linkage purposes by 'typedef' declaration [-Wnon-c-typedef-for-linkage]
 4732 | {
      | ^
      | MySiteData
D:/HT9045/_integ_ioweb/HT9011UC_Cpp_V3.33.906.0/cmydef.h:4736:10: note: type is not C-compatible because it contains 'void MySiteData::SetData(int, int)' declaration
 4736 |     void SetData(int X, int Y)
      |          ^~~~~~~
D:/HT9045/_integ_ioweb/HT9011UC_Cpp_V3.33.906.0/cmydef.h:4747:1: warning: anonymous non-C-compatible type given name for linkage purposes by 'typedef' declaration [-Wnon-c-typedef-for-linkage]
 4747 | {
      | ^
      | MyNextTrayNeedManualRemoveTray
D:/HT9045/_integ_ioweb/HT9011UC_Cpp_V3.33.906.0/cmydef.h:4753:10: note: type is not C-compatible because it contains 'void MyNextTrayNeedManualRemoveTray::Clear()' declaration
 4753 |     void Clear()
      |          ^~~~~
In file included from D:\HT9045\_integ_ioweb\HT9011UC_Cpp_V3.33.906.0\JsonBridge\actions\MainTesterConnect.cpp:34:
D:/HT9045/_integ_ioweb/HT9011UC_Cpp_V3.33.906.0/aHotPlateSubstrate.h:830:1: warning: anonymous non-C-compatible type given name for linkage purposes by 'typedef' declaration [-Wnon-c-typedef-for-linkage]
  830 | {
      | ^
      | strAUTOSITEMAP
D:/HT9045/_integ_ioweb/HT9011UC_Cpp_V3.33.906.0/aHotPlateSubstrate.h:836:10: note: type is not C-compatible because it contains 'void strAUTOSITEMAP::ClearData()' declaration
  836 |     void ClearData()
      |          ^~~~~~~~~
[ 84%] Building CXX object tests/CMakeFiles/test_st02_observer_sgjam.dir/__/JsonBridge/actions/MainRecordClear.cpp.obj
In file included from D:\HT9045\_integ_ioweb\HT9011UC_Cpp_V3.33.906.0\JsonBridge\actions\MainRecordClear.cpp:20:
D:/HT9045/_integ_ioweb/HT9011UC_Cpp_V3.33.906.0/cSocket.h:235:1: warning: anonymous non-C-compatible type given name for linkage purposes by 'typedef' declaration [-Wnon-c-typedef-for-linkage]
  235 | {
      | ^
      | TEST_CATEGORY
D:/HT9045/_integ_ioweb/HT9011UC_Cpp_V3.33.906.0/cSocket.h:261:10: note: type is not C-compatible because it contains 'void TEST_CATEGORY::ClearCount()' declaration
  261 |     void ClearCount();
      |          ^~~~~~~~~~
[ 84%] Building CXX object tests/CMakeFiles/test_eboot005_customername.dir/__/FileRW/_EditList.cpp.obj
[ 84%] Building CXX object tests/CMakeFiles/test_st02_observer_sgjam.dir/__/JsonBridge/actions/MainClarnData.cpp.obj
In file included from D:/HT9045/_integ_ioweb/HT9011UC_Cpp_V3.33.906.0/cmydef.h:10,
                 from D:/HT9045/_integ_ioweb/HT9011UC_Cpp_V3.33.906.0/Public/HTEditList.h:113,
                 from D:/HT9045/_integ_ioweb/HT9011UC_Cpp_V3.33.906.0/FileRW/_EditList.h:27,
                 from D:\HT9045\_integ_ioweb\HT9011UC_Cpp_V3.33.906.0\FileRW\_EditList.cpp:6:
D:/HT9045/_integ_ioweb/HT9011UC_Cpp_V3.33.906.0/cprod.h:3307:1: warning: anonymous non-C-compatible type given name for linkage purposes by 'typedef' declaration [-Wnon-c-typedef-for-linkage]
 3307 | {
      | ^
      | MyIndexArmRec
D:/HT9045/_integ_ioweb/HT9011UC_Cpp_V3.33.906.0/cprod.h:3311:10: note: type is not C-compatible because it contains 'void MyIndexArmRec::Clear()' declaration
 3311 |     void Clear();
      |          ^~~~~
D:/HT9045/_integ_ioweb/HT9011UC_Cpp_V3.33.906.0/cmydef.h:4732:1: warning: anonymous non-C-compatible type given name for linkage purposes by 'typedef' declaration [-Wnon-c-typedef-for-linkage]
 4732 | {
      | ^
      | MySiteData
D:/HT9045/_integ_ioweb/HT9011UC_Cpp_V3.33.906.0/cmydef.h:4736:10: note: type is not C-compatible because it contains 'void MySiteData::SetData(int, int)' declaration
 4736 |     void SetData(int X, int Y)
      |          ^~~~~~~
D:/HT9045/_integ_ioweb/HT9011UC_Cpp_V3.33.906.0/cmydef.h:4747:1: warning: anonymous non-C-compatible type given name for linkage purposes by 'typedef' declaration [-Wnon-c-typedef-for-linkage]
 4747 | {
      | ^
      | MyNextTrayNeedManualRemoveTray
D:/HT9045/_integ_ioweb/HT9011UC_Cpp_V3.33.906.0/cmydef.h:4753:10: note: type is not C-compatible because it contains 'void MyNextTrayNeedManualRemoveTray::Clear()' declaration
 4753 |     void Clear()
      |          ^~~~~
D:/HT9045/_integ_ioweb/HT9011UC_Cpp_V3.33.906.0/Public/HTEditList.h:429:1: warning: anonymous non-C-compatible type given name for linkage purposes by 'typedef' declaration [-Wnon-c-typedef-for-linkage]
  429 | {
      | ^
      | ArmAndSuckInfo
D:/HT9045/_integ_ioweb/HT9011UC_Cpp_V3.33.906.0/Public/HTEditList.h:438:10: note: type is not C-compatible because it contains 'void ArmAndSuckInfo::Clear()' declaration
  438 |     void Clear()
      |          ^~~~~
D:/HT9045/_integ_ioweb/HT9011UC_Cpp_V3.33.906.0/Public/HTEditList.h:454:1: warning: anonymous non-C-compatible type given name for linkage purposes by 'typedef' declaration [-Wnon-c-typedef-for-linkage]
  454 | {
      | ^
      | SingleSuckPosOnTray
D:/HT9045/_integ_ioweb/HT9011UC_Cpp_V3.33.906.0/Public/HTEditList.h:462:10: note: type is not C-compatible because it contains 'void SingleSuckPosOnTray::Clear()' declaration
  462 |     void Clear()
      |          ^~~~~
D:/HT9045/_integ_ioweb/HT9011UC_Cpp_V3.33.906.0/Public/HTEditList.h:475:1: warning: anonymous non-C-compatible type given name for linkage purposes by 'typedef' declaration [-Wnon-c-typedef-for-linkage]
  475 | {
      | ^
      | MyFillTheTrayAfterOutArmPlace
D:/HT9045/_integ_ioweb/HT9011UC_Cpp_V3.33.906.0/Public/HTEditList.h:479:10: note: type is not C-compatible because it contains 'void MyFillTheTrayAfterOutArmPlace::Clear()' declaration
  479 |     void Clear()
      |          ^~~~~
D:/HT9045/_integ_ioweb/HT9011UC_Cpp_V3.33.906.0/Public/HTEditList.h:488:1: warning: anonymous non-C-compatible type given name for linkage purposes by 'typedef' declaration [-Wnon-c-typedef-for-linkage]
  488 | {
      | ^
      | PickPlaceByArm
D:/HT9045/_integ_ioweb/HT9011UC_Cpp_V3.33.906.0/Public/HTEditList.h:491:10: note: type is not C-compatible because it contains 'void PickPlaceByArm::Clear()' declaration
  491 |     void Clear()
      |          ^~~~~
In file included from D:/HT9045/_integ_ioweb/HT9011UC_Cpp_V3.33.906.0/cmydef.h:10,
                 from D:\HT9045\_integ_ioweb\HT9011UC_Cpp_V3.33.906.0\JsonBridge\actions\MainClarnData.cpp:17:
D:/HT9045/_integ_ioweb/HT9011UC_Cpp_V3.33.906.0/cprod.h:3307:1: warning: anonymous non-C-compatible type given name for linkage purposes by 'typedef' declaration [-Wnon-c-typedef-for-linkage]
 3307 | {
      | ^
      | MyIndexArmRec
D:/HT9045/_integ_ioweb/HT9011UC_Cpp_V3.33.906.0/cprod.h:3311:10: note: type is not C-compatible because it contains 'void MyIndexArmRec::Clear()' declaration
 3311 |     void Clear();
      |          ^~~~~
D:/HT9045/_integ_ioweb/HT9011UC_Cpp_V3.33.906.0/cmydef.h:4732:1: warning: anonymous non-C-compatible type given name for linkage purposes by 'typedef' declaration [-Wnon-c-typedef-for-linkage]
 4732 | {
      | ^
      | MySiteData
D:/HT9045/_integ_ioweb/HT9011UC_Cpp_V3.33.906.0/cmydef.h:4736:10: note: type is not C-compatible because it contains 'void MySiteData::SetData(int, int)' declaration
 4736 |     void SetData(int X, int Y)
      |          ^~~~~~~
D:/HT9045/_integ_ioweb/HT9011UC_Cpp_V3.33.906.0/cmydef.h:4747:1: warning: anonymous non-C-compatible type given name for linkage purposes by 'typedef' declaration [-Wnon-c-typedef-for-linkage]
 4747 | {
      | ^
      | MyNextTrayNeedManualRemoveTray
D:/HT9045/_integ_ioweb/HT9011UC_Cpp_V3.33.906.0/cmydef.h:4753:10: note: type is not C-compatible because it contains 'void MyNextTrayNeedManualRemoveTray::Clear()' declaration
 4753 |     void Clear()
      |          ^~~~~
[ 84%] Building CXX object tests/CMakeFiles/test_eboot005_customername.dir/__/FileRW/_EditPage.cpp.obj
[ 84%] Building CXX object tests/CMakeFiles/test_st02_observer_sgjam.dir/__/JsonBridge/actions/MainStateRecord.cpp.obj
In file included from D:/HT9045/_integ_ioweb/HT9011UC_Cpp_V3.33.906.0/cmydef.h:10,
                 from D:/HT9045/_integ_ioweb/HT9011UC_Cpp_V3.33.906.0/Public/HTEditList.h:113,
                 from D:/HT9045/_integ_ioweb/HT9011UC_Cpp_V3.33.906.0/FileRW/_EditList.h:27,
                 from D:\HT9045\_integ_ioweb\HT9011UC_Cpp_V3.33.906.0\FileRW\_EditPage.cpp:14:
D:/HT9045/_integ_ioweb/HT9011UC_Cpp_V3.33.906.0/cprod.h:3307:1: warning: anonymous non-C-compatible type given name for linkage purposes by 'typedef' declaration [-Wnon-c-typedef-for-linkage]
 3307 | {
      | ^
      | MyIndexArmRec
D:/HT9045/_integ_ioweb/HT9011UC_Cpp_V3.33.906.0/cprod.h:3311:10: note: type is not C-compatible because it contains 'void MyIndexArmRec::Clear()' declaration
 3311 |     void Clear();
      |          ^~~~~
D:/HT9045/_integ_ioweb/HT9011UC_Cpp_V3.33.906.0/cmydef.h:4732:1: warning: anonymous non-C-compatible type given name for linkage purposes by 'typedef' declaration [-Wnon-c-typedef-for-linkage]
 4732 | {
      | ^
      | MySiteData
D:/HT9045/_integ_ioweb/HT9011UC_Cpp_V3.33.906.0/cmydef.h:4736:10: note: type is not C-compatible because it contains 'void MySiteData::SetData(int, int)' declaration
 4736 |     void SetData(int X, int Y)
      |          ^~~~~~~
D:/HT9045/_integ_ioweb/HT9011UC_Cpp_V3.33.906.0/cmydef.h:4747:1: warning: anonymous non-C-compatible type given name for linkage purposes by 'typedef' declaration [-Wnon-c-typedef-for-linkage]
 4747 | {
      | ^
      | MyNextTrayNeedManualRemoveTray
D:/HT9045/_integ_ioweb/HT9011UC_Cpp_V3.33.906.0/cmydef.h:4753:10: note: type is not C-compatible because it contains 'void MyNextTrayNeedManualRemoveTray::Clear()' declaration
 4753 |     void Clear()
      |          ^~~~~
D:/HT9045/_integ_ioweb/HT9011UC_Cpp_V3.33.906.0/Public/HTEditList.h:429:1: warning: anonymous non-C-compatible type given name for linkage purposes by 'typedef' declaration [-Wnon-c-typedef-for-linkage]
  429 | {
      | ^
      | ArmAndSuckInfo
D:/HT9045/_integ_ioweb/HT9011UC_Cpp_V3.33.906.0/Public/HTEditList.h:438:10: note: type is not C-compatible because it contains 'void ArmAndSuckInfo::Clear()' declaration
  438 |     void Clear()
      |          ^~~~~
D:/HT9045/_integ_ioweb/HT9011UC_Cpp_V3.33.906.0/Public/HTEditList.h:454:1: warning: anonymous non-C-compatible type given name for linkage purposes by 'typedef' declaration [-Wnon-c-typedef-for-linkage]
  454 | {
      | ^
      | SingleSuckPosOnTray
D:/HT9045/_integ_ioweb/HT9011UC_Cpp_V3.33.906.0/Public/HTEditList.h:462:10: note: type is not C-compatible because it contains 'void SingleSuckPosOnTray::Clear()' declaration
  462 |     void Clear()
      |          ^~~~~
D:/HT9045/_integ_ioweb/HT9011UC_Cpp_V3.33.906.0/Public/HTEditList.h:475:1: warning: anonymous non-C-compatible type given name for linkage purposes by 'typedef' declaration [-Wnon-c-typedef-for-linkage]
  475 | {
      | ^
      | MyFillTheTrayAfterOutArmPlace
D:/HT9045/_integ_ioweb/HT9011UC_Cpp_V3.33.906.0/Public/HTEditList.h:479:10: note: type is not C-compatible because it contains 'void MyFillTheTrayAfterOutArmPlace::Clear()' declaration
  479 |     void Clear()
      |          ^~~~~
D:/HT9045/_integ_ioweb/HT9011UC_Cpp_V3.33.906.0/Public/HTEditList.h:488:1: warning: anonymous non-C-compatible type given name for linkage purposes by 'typedef' declaration [-Wnon-c-typedef-for-linkage]
  488 | {
      | ^
      | PickPlaceByArm
D:/HT9045/_integ_ioweb/HT9011UC_Cpp_V3.33.906.0/Public/HTEditList.h:491:10: note: type is not C-compatible because it contains 'void PickPlaceByArm::Clear()' declaration
  491 |     void Clear()
      |          ^~~~~
[ 84%] Building CXX object tests/CMakeFiles/test_st02_observer_sgjam.dir/__/JsonBridge/actions/LotInfoFtp.cpp.obj
[ 84%] Building CXX object tests/CMakeFiles/test_eboot005_customername.dir/test_bootstrap.cpp.obj
D:\HT9045\_integ_ioweb\HT9011UC_Cpp_V3.33.906.0\tests\test_bootstrap.cpp:66:16: warning: 'int _putenv(const char*)' redeclared without dllimport attribute: previous dllimport ignored [-Wattributes]
   66 | extern "C" int _putenv(const char *);
      |                ^~~~~~~
[ 85%] Linking CXX executable test_eboot005_customername.exe
[ 85%] Building CXX object tests/CMakeFiles/test_st02_observer_sgjam.dir/__/JsonBridge/actions/ObserverSGJam.cpp.obj
In file included from D:/HT9045/_integ_ioweb/HT9011UC_Cpp_V3.33.906.0/cmydef.h:10,
                 from D:\HT9045\_integ_ioweb\HT9011UC_Cpp_V3.33.906.0\JsonBridge\actions\ObserverSGJam.cpp:21:
D:/HT9045/_integ_ioweb/HT9011UC_Cpp_V3.33.906.0/cprod.h:3307:1: warning: anonymous non-C-compatible type given name for linkage purposes by 'typedef' declaration [-Wnon-c-typedef-for-linkage]
 3307 | {
      | ^
      | MyIndexArmRec
D:/HT9045/_integ_ioweb/HT9011UC_Cpp_V3.33.906.0/cprod.h:3311:10: note: type is not C-compatible because it contains 'void MyIndexArmRec::Clear()' declaration
 3311 |     void Clear();
      |          ^~~~~
D:/HT9045/_integ_ioweb/HT9011UC_Cpp_V3.33.906.0/cmydef.h:4732:1: warning: anonymous non-C-compatible type given name for linkage purposes by 'typedef' declaration [-Wnon-c-typedef-for-linkage]
 4732 | {
      | ^
      | MySiteData
D:/HT9045/_integ_ioweb/HT9011UC_Cpp_V3.33.906.0/cmydef.h:4736:10: note: type is not C-compatible because it contains 'void MySiteData::SetData(int, int)' declaration
 4736 |     void SetData(int X, int Y)
      |          ^~~~~~~
D:/HT9045/_integ_ioweb/HT9011UC_Cpp_V3.33.906.0/cmydef.h:4747:1: warning: anonymous non-C-compatible type given name for linkage purposes by 'typedef' declaration [-Wnon-c-typedef-for-linkage]
 4747 | {
      | ^
      | MyNextTrayNeedManualRemoveTray
D:/HT9045/_integ_ioweb/HT9011UC_Cpp_V3.33.906.0/cmydef.h:4753:10: note: type is not C-compatible because it contains 'void MyNextTrayNeedManualRemoveTray::Clear()' declaration
 4753 |     void Clear()
      |          ^~~~~
[ 85%] Building CXX object tests/CMakeFiles/test_st02_observer_sgjam.dir/__/JsonBridge/EventLog.cpp.obj
[ 85%] Building CXX object tests/CMakeFiles/test_st02_observer_sgjam.dir/__/EtherCAT/Pci1203Monitor.cpp.obj
[ 86%] Building CXX object tests/CMakeFiles/test_st02_observer_sgjam.dir/test_bootstrap.cpp.obj
D:\HT9045\_integ_ioweb\HT9011UC_Cpp_V3.33.906.0\tests\test_bootstrap.cpp:66:16: warning: 'int _putenv(const char*)' redeclared without dllimport attribute: previous dllimport ignored [-Wattributes]
   66 | extern "C" int _putenv(const char *);
      |                ^~~~~~~
[ 86%] Linking CXX executable test_st02_observer_sgjam.exe
[ 86%] Built target test_tcp_tester_real
[ 86%] Building CXX object tests/CMakeFiles/test_g023_os_report.dir/test_g023_os_report.cpp.obj
[ 86%] Built target test_s98_cfgtrayplate
[ 86%] Building CXX object tests/CMakeFiles/test_g023_os_report.dir/test_bootstrap.cpp.obj
D:\HT9045\_integ_ioweb\HT9011UC_Cpp_V3.33.906.0\tests\test_bootstrap.cpp:66:16: warning: 'int _putenv(const char*)' redeclared without dllimport attribute: previous dllimport ignored [-Wattributes]
   66 | extern "C" int _putenv(const char *);
      |                ^~~~~~~
[ 86%] Built target test_rotatekit_retry
[ 86%] Building CXX object tests/CMakeFiles/test_st02_timer1.dir/test_st02_timer1.cpp.obj
[ 86%] Built target test_ta5_scrollbars
[ 86%] Building CXX object tests/CMakeFiles/test_st02_timer1.dir/test_bootstrap.cpp.obj
[ 86%] Built target test_vacuum_vc8
D:\HT9045\_integ_ioweb\HT9011UC_Cpp_V3.33.906.0\tests\test_bootstrap.cpp:66:16: warning: 'int _putenv(const char*)' redeclared without dllimport attribute: previous dllimport ignored [-Wattributes]
   66 | extern "C" int _putenv(const char *);
      |                ^~~~~~~
In file included from D:/HT9045/_integ_ioweb/HT9011UC_Cpp_V3.33.906.0/cmydef.h:10,
                 from D:\HT9045\_integ_ioweb\HT9011UC_Cpp_V3.33.906.0\tests\test_st02_timer1.cpp:20:
D:/HT9045/_integ_ioweb/HT9011UC_Cpp_V3.33.906.0/cprod.h:3307:1: warning: anonymous non-C-compatible type given name for linkage purposes by 'typedef' declaration [-Wnon-c-typedef-for-linkage]
 3307 | {
      | ^
      | MyIndexArmRec
D:/HT9045/_integ_ioweb/HT9011UC_Cpp_V3.33.906.0/cprod.h:3311:10: note: type is not C-compatible because it contains 'void MyIndexArmRec::Clear()' declaration
 3311 |     void Clear();
      |          ^~~~~
D:/HT9045/_integ_ioweb/HT9011UC_Cpp_V3.33.906.0/cmydef.h:4732:1: warning: anonymous non-C-compatible type given name for linkage purposes by 'typedef' declaration [-Wnon-c-typedef-for-linkage]
 4732 | {
      | ^
      | MySiteData
D:/HT9045/_integ_ioweb/HT9011UC_Cpp_V3.33.906.0/cmydef.h:4736:10: note: type is not C-compatible because it contains 'void MySiteData::SetData(int, int)' declaration
 4736 |     void SetData(int X, int Y)
      |          ^~~~~~~
D:/HT9045/_integ_ioweb/HT9011UC_Cpp_V3.33.906.0/cmydef.h:4747:1: warning: anonymous non-C-compatible type given name for linkage purposes by 'typedef' declaration [-Wnon-c-typedef-for-linkage]
 4747 | {
      | ^
      | MyNextTrayNeedManualRemoveTray
D:/HT9045/_integ_ioweb/HT9011UC_Cpp_V3.33.906.0/cmydef.h:4753:10: note: type is not C-compatible because it contains 'void MyNextTrayNeedManualRemoveTray::Clear()' declaration
 4753 |     void Clear()
      |          ^~~~~
[ 86%] Building CXX object tests/CMakeFiles/test_h013_terms.dir/test_h013_terms.cpp.obj
[ 86%] Linking CXX executable test_st02_timer1.exe
[ 86%] Built target test_fastclk_jobs
[ 86%] Building CXX object tests/CMakeFiles/test_h013_terms.dir/test_bootstrap.cpp.obj
[ 86%] Built target test_st02_timers
[ 86%] Building CXX object tests/CMakeFiles/test_socket_check.dir/test_socket_check.cpp.obj
D:\HT9045\_integ_ioweb\HT9011UC_Cpp_V3.33.906.0\tests\test_bootstrap.cpp:66:16: warning: 'int _putenv(const char*)' redeclared without dllimport attribute: previous dllimport ignored [-Wattributes]
   66 | extern "C" int _putenv(const char *);
      |                ^~~~~~~
In file included from D:/HT9045/_integ_ioweb/HT9011UC_Cpp_V3.33.906.0/cmydef.h:10,
                 from D:\HT9045\_integ_ioweb\HT9011UC_Cpp_V3.33.906.0\tests\test_h013_terms.cpp:32:
D:/HT9045/_integ_ioweb/HT9011UC_Cpp_V3.33.906.0/cprod.h:3307:1: warning: anonymous non-C-compatible type given name for linkage purposes by 'typedef' declaration [-Wnon-c-typedef-for-linkage]
 3307 | {
      | ^
      | MyIndexArmRec
D:/HT9045/_integ_ioweb/HT9011UC_Cpp_V3.33.906.0/cprod.h:3311:10: note: type is not C-compatible because it contains 'void MyIndexArmRec::Clear()' declaration
 3311 |     void Clear();
      |          ^~~~~
D:/HT9045/_integ_ioweb/HT9011UC_Cpp_V3.33.906.0/cmydef.h:4732:1: warning: anonymous non-C-compatible type given name for linkage purposes by 'typedef' declaration [-Wnon-c-typedef-for-linkage]
 4732 | {
      | ^
      | MySiteData
D:/HT9045/_integ_ioweb/HT9011UC_Cpp_V3.33.906.0/cmydef.h:4736:10: note: type is not C-compatible because it contains 'void MySiteData::SetData(int, int)' declaration
 4736 |     void SetData(int X, int Y)
      |          ^~~~~~~
D:/HT9045/_integ_ioweb/HT9011UC_Cpp_V3.33.906.0/cmydef.h:4747:1: warning: anonymous non-C-compatible type given name for linkage purposes by 'typedef' declaration [-Wnon-c-typedef-for-linkage]
 4747 | {
      | ^
      | MyNextTrayNeedManualRemoveTray
D:/HT9045/_integ_ioweb/HT9011UC_Cpp_V3.33.906.0/cmydef.h:4753:10: note: type is not C-compatible because it contains 'void MyNextTrayNeedManualRemoveTray::Clear()' declaration
 4753 |     void Clear()
      |          ^~~~~
In file included from D:/HT9045/_integ_ioweb/HT9011UC_Cpp_V3.33.906.0/Motor/mymotor.h:66,
                 from D:\HT9045\_integ_ioweb\HT9011UC_Cpp_V3.33.906.0\tests\test_h013_terms.cpp:33:
D:/HT9045/_integ_ioweb/HT9011UC_Cpp_V3.33.906.0/Motor/HTMotor.h: In member function 'virtual bool HTMotor::MoveToPos(int)':
D:/HT9045/_integ_ioweb/HT9011UC_Cpp_V3.33.906.0/Motor/HTMotor.h:143:35: warning: unused parameter 'Tar' [-Wunused-parameter]
  143 |     virtual bool    MoveToPos(int Tar)                  { return false; }
      |                               ~~~~^~~
D:/HT9045/_integ_ioweb/HT9011UC_Cpp_V3.33.906.0/Motor/HTMotor.h: In member function 'virtual void HTMotor::SetSpeed(unsigned int, bool)':
D:/HT9045/_integ_ioweb/HT9011UC_Cpp_V3.33.906.0/Motor/HTMotor.h:156:43: warning: unused parameter 'x' [-Wunused-parameter]
  156 |     virtual void    SetSpeed(unsigned int x, bool bSetJog = false) {}   // RogerYang 20250729: Add for 9046AU
      |                              ~~~~~~~~~~~~~^
D:/HT9045/_integ_ioweb/HT9011UC_Cpp_V3.33.906.0/Motor/HTMotor.h:156:51: warning: unused parameter 'bSetJog' [-Wunused-parameter]
  156 |     virtual void    SetSpeed(unsigned int x, bool bSetJog = false) {}   // RogerYang 20250729: Add for 9046AU
      |                                              ~~~~~^~~~~~~~~~~~~~~
D:/HT9045/_integ_ioweb/HT9011UC_Cpp_V3.33.906.0/Motor/HTMotor.h: In member function 'virtual void HTMotor::SetInitSpeed(unsigned int)':
D:/HT9045/_integ_ioweb/HT9011UC_Cpp_V3.33.906.0/Motor/HTMotor.h:159:47: warning: unused parameter 'x' [-Wunused-parameter]
  159 |     virtual void    SetInitSpeed(unsigned int x)        {}
      |                                  ~~~~~~~~~~~~~^
D:/HT9045/_integ_ioweb/HT9011UC_Cpp_V3.33.906.0/Motor/HTMotor.h: In member function 'virtual void HTMotor::SetRange(unsigned int)':
D:/HT9045/_integ_ioweb/HT9011UC_Cpp_V3.33.906.0/Motor/HTMotor.h:160:43: warning: unused parameter 'a' [-Wunused-parameter]
  160 |     virtual void    SetRange(unsigned int a)            {}
      |                              ~~~~~~~~~~~~~^
D:/HT9045/_integ_ioweb/HT9011UC_Cpp_V3.33.906.0/Motor/HTMotor.h: In member function 'virtual void HTMotor::SetRate(unsigned int)':
D:/HT9045/_integ_ioweb/HT9011UC_Cpp_V3.33.906.0/Motor/HTMotor.h:161:42: warning: unused parameter 'a' [-Wunused-parameter]
  161 |     virtual void    SetRate(unsigned int a)             {}
      |                             ~~~~~~~~~~~~~^
D:/HT9045/_integ_ioweb/HT9011UC_Cpp_V3.33.906.0/Motor/HTMotor.h: In member function 'virtual int HTMotor::InitMotor(int)':
D:/HT9045/_integ_ioweb/HT9011UC_Cpp_V3.33.906.0/Motor/HTMotor.h:172:35: warning: unused parameter 'IoAddress' [-Wunused-parameter]
  172 |     virtual int     InitMotor(int IoAddress)            { return 0; }
      |                               ~~~~^~~~~~~~~
D:/HT9045/_integ_ioweb/HT9011UC_Cpp_V3.33.906.0/Motor/HTMotor.h: In member function 'virtual void HTMotor::SetServoAlarmOn(bool)':
D:/HT9045/_integ_ioweb/HT9011UC_Cpp_V3.33.906.0/Motor/HTMotor.h:173:42: warning: unused parameter 'Value' [-Wunused-parameter]
  173 |     virtual void    SetServoAlarmOn(bool Value)         {}
      |                                     ~~~~~^~~~~
D:/HT9045/_integ_ioweb/HT9011UC_Cpp_V3.33.906.0/Motor/HTMotor.h: In member function 'virtual void HTMotor::ServerOnOff(bool)':
D:/HT9045/_integ_ioweb/HT9011UC_Cpp_V3.33.906.0/Motor/HTMotor.h:174:38: warning: unused parameter 'bStatus' [-Wunused-parameter]
  174 |     virtual void    ServerOnOff(bool bStatus)           {}
      |                                 ~~~~~^~~~~~~
D:/HT9045/_integ_ioweb/HT9011UC_Cpp_V3.33.906.0/Motor/HTMotor.h: In member function 'virtual void HTMotor::SetServoOn(bool)':
D:/HT9045/_integ_ioweb/HT9011UC_Cpp_V3.33.906.0/Motor/HTMotor.h:175:37: warning: unused parameter 'IsOn' [-Wunused-parameter]
  175 |     virtual void    SetServoOn(bool IsOn)               {}
      |                                ~~~~~^~~~
D:/HT9045/_integ_ioweb/HT9011UC_Cpp_V3.33.906.0/Motor/HTMotor.h: In member function 'virtual bool HTMotor::ResetPos(int)':
D:/HT9045/_integ_ioweb/HT9011UC_Cpp_V3.33.906.0/Motor/HTMotor.h:176:34: warning: unused parameter 'Pulse' [-Wunused-parameter]
  176 |     virtual bool    ResetPos(int Pulse = 0)             { return false; }
      |                              ~~~~^~~~~~~~~
D:/HT9045/_integ_ioweb/HT9011UC_Cpp_V3.33.906.0/Motor/HTMotor.h: In member function 'virtual void HTMotor::SoftLimitEnable(bool)':
D:/HT9045/_integ_ioweb/HT9011UC_Cpp_V3.33.906.0/Motor/HTMotor.h:177:42: warning: unused parameter 'bFlag' [-Wunused-parameter]
  177 |     virtual void    SoftLimitEnable(bool bFlag)         {}
      |                                     ~~~~~^~~~~
D:/HT9045/_integ_ioweb/HT9011UC_Cpp_V3.33.906.0/Motor/HTMotor.h: In member function 'virtual void HTMotor::SetSoftLimit(int, int)':
D:/HT9045/_integ_ioweb/HT9011UC_Cpp_V3.33.906.0/Motor/HTMotor.h:178:38: warning: unused parameter 'iPLimit' [-Wunused-parameter]
  178 |     virtual void    SetSoftLimit(int iPLimit, int iNLimit) {}
      |                                  ~~~~^~~~~~~
D:/HT9045/_integ_ioweb/HT9011UC_Cpp_V3.33.906.0/Motor/HTMotor.h:178:51: warning: unused parameter 'iNLimit' [-Wunused-parameter]
  178 |     virtual void    SetSoftLimit(int iPLimit, int iNLimit) {}
      |                                               ~~~~^~~~~~~
D:/HT9045/_integ_ioweb/HT9011UC_Cpp_V3.33.906.0/Motor/HTMotor.h: In member function 'virtual int HTMotor::SetCommand(int)':
D:/HT9045/_integ_ioweb/HT9011UC_Cpp_V3.33.906.0/Motor/HTMotor.h:185:36: warning: unused parameter 'p' [-Wunused-parameter]
  185 |     virtual int     SetCommand(int p)                   { return 0; }
      |                                ~~~~^
D:/HT9045/_integ_ioweb/HT9011UC_Cpp_V3.33.906.0/Motor/HTMotor.h: In member function 'virtual int HTMotor::SetPosition(int)':
D:/HT9045/_integ_ioweb/HT9011UC_Cpp_V3.33.906.0/Motor/HTMotor.h:186:37: warning: unused parameter 'p' [-Wunused-parameter]
  186 |     virtual int     SetPosition(int p)                  { return 0; }
      |                                 ~~~~^
D:/HT9045/_integ_ioweb/HT9011UC_Cpp_V3.33.906.0/Motor/HTMotor.h: In member function 'virtual void HTMotor::MotOutputOn(int)':
D:/HT9045/_integ_ioweb/HT9011UC_Cpp_V3.33.906.0/Motor/HTMotor.h:191:37: warning: unused parameter 'iOutPort' [-Wunused-parameter]
  191 |     virtual void    MotOutputOn(int iOutPort)           {}
      |                                 ~~~~^~~~~~~~
D:/HT9045/_integ_ioweb/HT9011UC_Cpp_V3.33.906.0/Motor/HTMotor.h: In member function 'virtual void HTMotor::MotOutputOff(int)':
D:/HT9045/_integ_ioweb/HT9011UC_Cpp_V3.33.906.0/Motor/HTMotor.h:192:38: warning: unused parameter 'iOutPort' [-Wunused-parameter]
  192 |     virtual void    MotOutputOff(int iOutPort)          {}
      |                                  ~~~~^~~~~~~~
D:/HT9045/_integ_ioweb/HT9011UC_Cpp_V3.33.906.0/Motor/HTMotor.h: In member function 'virtual void HTMotor::MotInputStatus(bool*)':
D:/HT9045/_integ_ioweb/HT9011UC_Cpp_V3.33.906.0/Motor/HTMotor.h:193:42: warning: unused parameter 'bInputPort' [-Wunused-parameter]
  193 |     virtual void    MotInputStatus(bool *bInputPort)    {}
      |                                    ~~~~~~^~~~~~~~~~
D:/HT9045/_integ_ioweb/HT9011UC_Cpp_V3.33.906.0/Motor/HTMotor.h: In member function 'virtual void HTMotor::EnableTrigger(bool, int, long int)':
D:/HT9045/_integ_ioweb/HT9011UC_Cpp_V3.33.906.0/Motor/HTMotor.h:194:40: warning: unused parameter 'bFlag' [-Wunused-parameter]
  194 |     virtual void    EnableTrigger(bool bFlag, int iMode, long lValue) {}
      |                                   ~~~~~^~~~~
D:/HT9045/_integ_ioweb/HT9011UC_Cpp_V3.33.906.0/Motor/HTMotor.h:194:51: warning: unused parameter 'iMode' [-Wunused-parameter]
  194 |     virtual void    EnableTrigger(bool bFlag, int iMode, long lValue) {}
      |                                               ~~~~^~~~~
D:/HT9045/_integ_ioweb/HT9011UC_Cpp_V3.33.906.0/Motor/HTMotor.h:194:63: warning: unused parameter 'lValue' [-Wunused-parameter]
  194 |     virtual void    EnableTrigger(bool bFlag, int iMode, long lValue) {}
      |                                                          ~~~~~^~~~~~
D:/HT9045/_integ_ioweb/HT9011UC_Cpp_V3.33.906.0/Motor/HTMotor.h: In member function 'virtual void HTMotor::ScanMotorStatus(bool*)':
D:/HT9045/_integ_ioweb/HT9011UC_Cpp_V3.33.906.0/Motor/HTMotor.h:195:43: warning: unused parameter 'Led' [-Wunused-parameter]
  195 |     virtual void    ScanMotorStatus(bool *Led)          {}
      |                                     ~~~~~~^~~
D:/HT9045/_integ_ioweb/HT9011UC_Cpp_V3.33.906.0/Motor/HTMotor.h: In member function 'virtual bool HTMotor::LinearAxisMoveTo(int*, long int*, bool)':
D:/HT9045/_integ_ioweb/HT9011UC_Cpp_V3.33.906.0/Motor/HTMotor.h:196:42: warning: unused parameter 'iPortID' [-Wunused-parameter]
  196 |     virtual bool    LinearAxisMoveTo(int iPortID[8], long lPos[8], bool bFlag)
      |                                      ~~~~^~~~~~~~~~
D:/HT9045/_integ_ioweb/HT9011UC_Cpp_V3.33.906.0/Motor/HTMotor.h:196:59: warning: unused parameter 'lPos' [-Wunused-parameter]
  196 |     virtual bool    LinearAxisMoveTo(int iPortID[8], long lPos[8], bool bFlag)
      |                                                      ~~~~~^~~~~~~
D:/HT9045/_integ_ioweb/HT9011UC_Cpp_V3.33.906.0/Motor/HTMotor.h:196:73: warning: unused parameter 'bFlag' [-Wunused-parameter]
  196 |     virtual bool    LinearAxisMoveTo(int iPortID[8], long lPos[8], bool bFlag)
      |                                                                    ~~~~~^~~~~
D:/HT9045/_integ_ioweb/HT9011UC_Cpp_V3.33.906.0/Motor/HTMotor.h: In member function 'virtual void HTMotor::SetEnableLatch(bool)':
D:/HT9045/_integ_ioweb/HT9011UC_Cpp_V3.33.906.0/Motor/HTMotor.h:202:41: warning: unused parameter 'a' [-Wunused-parameter]
  202 |     virtual void    SetEnableLatch(bool a)              {}
      |                                    ~~~~~^
D:/HT9045/_integ_ioweb/HT9011UC_Cpp_V3.33.906.0/Motor/HTMotor.h: In member function 'virtual int HTMotor::GetLatchBuffer(int, short unsigned int*, long int*)':
D:/HT9045/_integ_ioweb/HT9011UC_Cpp_V3.33.906.0/Motor/HTMotor.h:205:40: warning: unused parameter 'LatchInputNo' [-Wunused-parameter]
  205 |     virtual int     GetLatchBuffer(int LatchInputNo,
      |                                    ~~~~^~~~~~~~~~~~
D:/HT9045/_integ_ioweb/HT9011UC_Cpp_V3.33.906.0/Motor/HTMotor.h:206:52: warning: unused parameter 'AxisCounterNo' [-Wunused-parameter]
  206 |                                    unsigned short *AxisCounterNo,
      |                                    ~~~~~~~~~~~~~~~~^~~~~~~~~~~~~
D:/HT9045/_integ_ioweb/HT9011UC_Cpp_V3.33.906.0/Motor/HTMotor.h:207:42: warning: unused parameter 'LatchDataTable' [-Wunused-parameter]
  207 |                                    long *LatchDataTable)        { return 0; }
      |                                    ~~~~~~^~~~~~~~~~~~~~
D:/HT9045/_integ_ioweb/HT9011UC_Cpp_V3.33.906.0/Motor/HTMotor.h: In member function 'virtual int HTMotor::GetLatchBuffer(int, short int*, long int*)':
D:/HT9045/_integ_ioweb/HT9011UC_Cpp_V3.33.906.0/Motor/HTMotor.h:208:40: warning: unused parameter 'LatchInputNo' [-Wunused-parameter]
  208 |     virtual int     GetLatchBuffer(int LatchInputNo,
      |                                    ~~~~^~~~~~~~~~~~
D:/HT9045/_integ_ioweb/HT9011UC_Cpp_V3.33.906.0/Motor/HTMotor.h:209:43: warning: unused parameter 'AxisCounterNo' [-Wunused-parameter]
  209 |                                    short *AxisCounterNo,
      |                                    ~~~~~~~^~~~~~~~~~~~~
D:/HT9045/_integ_ioweb/HT9011UC_Cpp_V3.33.906.0/Motor/HTMotor.h:210:42: warning: unused parameter 'LatchDataTable' [-Wunused-parameter]
  210 |                                    long *LatchDataTable)        { return 0; }
      |                                    ~~~~~~^~~~~~~~~~~~~~
D:/HT9045/_integ_ioweb/HT9011UC_Cpp_V3.33.906.0/Motor/HTMotor.h: In member function 'virtual bool HTMotor::GetLatchIOStatus(short unsigned int)':
D:/HT9045/_integ_ioweb/HT9011UC_Cpp_V3.33.906.0/Motor/HTMotor.h:211:53: warning: unused parameter 'LatchInputNo' [-Wunused-parameter]
  211 |     virtual bool    GetLatchIOStatus(unsigned short LatchInputNo) { return false; }
      |                                      ~~~~~~~~~~~~~~~^~~~~~~~~~~~
D:/HT9045/_integ_ioweb/HT9011UC_Cpp_V3.33.906.0/Motor/HTMotor.h: In member function 'virtual void HTMotor::SetFIFOLatchSrc(int, int, int)':
D:/HT9045/_integ_ioweb/HT9011UC_Cpp_V3.33.906.0/Motor/HTMotor.h:212:41: warning: unused parameter 'AxisCounterNo' [-Wunused-parameter]
  212 |     virtual void    SetFIFOLatchSrc(int AxisCounterNo,
      |                                     ~~~~^~~~~~~~~~~~~
D:/HT9045/_integ_ioweb/HT9011UC_Cpp_V3.33.906.0/Motor/HTMotor.h:213:41: warning: unused parameter 'LatchInputNo' [-Wunused-parameter]
  213 |                                     int LatchInputNo,
      |                                     ~~~~^~~~~~~~~~~~
D:/HT9045/_integ_ioweb/HT9011UC_Cpp_V3.33.906.0/Motor/HTMotor.h:214:41: warning: unused parameter 'bEnable' [-Wunused-parameter]
  214 |                                     int bEnable)        {}  // ChungHung 20130625: Enable->bEnable
      |                                     ~~~~^~~~~~~
D:/HT9045/_integ_ioweb/HT9011UC_Cpp_V3.33.906.0/Motor/HTMotor.h: In member function 'virtual int HTMotor::SetGroup(BYTE, BYTE, BYTE*)':
D:/HT9045/_integ_ioweb/HT9011UC_Cpp_V3.33.906.0/Motor/HTMotor.h:219:35: warning: unused parameter 'bGrpNo' [-Wunused-parameter]
  219 |     virtual int     SetGroup(BYTE bGrpNo, BYTE bNumDev, BYTE bDevNo[])
      |                              ~~~~~^~~~~~
D:/HT9045/_integ_ioweb/HT9011UC_Cpp_V3.33.906.0/Motor/HTMotor.h:219:48: warning: unused parameter 'bNumDev' [-Wunused-parameter]
  219 |     virtual int     SetGroup(BYTE bGrpNo, BYTE bNumDev, BYTE bDevNo[])
      |                                           ~~~~~^~~~~~~
D:/HT9045/_integ_ioweb/HT9011UC_Cpp_V3.33.906.0/Motor/HTMotor.h:219:62: warning: unused parameter 'bDevNo' [-Wunused-parameter]
  219 |     virtual int     SetGroup(BYTE bGrpNo, BYTE bNumDev, BYTE bDevNo[])
      |                                                         ~~~~~^~~~~~~~
D:/HT9045/_integ_ioweb/HT9011UC_Cpp_V3.33.906.0/Motor/HTMotor.h: In member function 'virtual int HTMotor::LineNMove(BYTE*, long int*, BYTE)':
D:/HT9045/_integ_ioweb/HT9011UC_Cpp_V3.33.906.0/Motor/HTMotor.h:221:36: warning: unused parameter 'bDevNo' [-Wunused-parameter]
  221 |     virtual int     LineNMove(BYTE bDevNo[], long DevPos[], BYTE bNumDev)
      |                               ~~~~~^~~~~~~~
D:/HT9045/_integ_ioweb/HT9011UC_Cpp_V3.33.906.0/Motor/HTMotor.h:221:51: warning: unused parameter 'DevPos' [-Wunused-parameter]
  221 |     virtual int     LineNMove(BYTE bDevNo[], long DevPos[], BYTE bNumDev)
      |                                              ~~~~~^~~~~~~~
D:/HT9045/_integ_ioweb/HT9011UC_Cpp_V3.33.906.0/Motor/HTMotor.h:221:66: warning: unused parameter 'bNumDev' [-Wunused-parameter]
  221 |     virtual int     LineNMove(BYTE bDevNo[], long DevPos[], BYTE bNumDev)
      |                                                             ~~~~~^~~~~~~
[ 86%] Building CXX object tests/CMakeFiles/test_socket_check.dir/test_bootstrap.cpp.obj
[ 86%] Building CXX object tests/CMakeFiles/test_o19_summary.dir/test_o19_summary.cpp.obj
[ 86%] Building CXX object tests/CMakeFiles/test_note_auth.dir/test_note_auth.cpp.obj
In file included from D:/HT9045/_integ_ioweb/HT9011UC_Cpp_V3.33.906.0/cmydef.h:10,
                 from D:/HT9045/_integ_ioweb/HT9011UC_Cpp_V3.33.906.0/atester.h:24,
                 from D:\HT9045\_integ_ioweb\HT9011UC_Cpp_V3.33.906.0\tests\test_socket_check.cpp:61:
D:/HT9045/_integ_ioweb/HT9011UC_Cpp_V3.33.906.0/cprod.h:3307:1: warning: anonymous non-C-compatible type given name for linkage purposes by 'typedef' declaration [-Wnon-c-typedef-for-linkage]
 3307 | {
      | ^
      | MyIndexArmRec
D:/HT9045/_integ_ioweb/HT9011UC_Cpp_V3.33.906.0/cprod.h:3311:10: note: type is not C-compatible because it contains 'void MyIndexArmRec::Clear()' declaration
 3311 |     void Clear();
      |          ^~~~~
D:/HT9045/_integ_ioweb/HT9011UC_Cpp_V3.33.906.0/cmydef.h:4732:1: warning: anonymous non-C-compatible type given name for linkage purposes by 'typedef' declaration [-Wnon-c-typedef-for-linkage]
 4732 | {
      | ^
      | MySiteData
D:/HT9045/_integ_ioweb/HT9011UC_Cpp_V3.33.906.0/cmydef.h:4736:10: note: type is not C-compatible because it contains 'void MySiteData::SetData(int, int)' declaration
 4736 |     void SetData(int X, int Y)
      |          ^~~~~~~
D:/HT9045/_integ_ioweb/HT9011UC_Cpp_V3.33.906.0/cmydef.h:4747:1: warning: anonymous non-C-compatible type given name for linkage purposes by 'typedef' declaration [-Wnon-c-typedef-for-linkage]
 4747 | {
      | ^
      | MyNextTrayNeedManualRemoveTray
D:/HT9045/_integ_ioweb/HT9011UC_Cpp_V3.33.906.0/cmydef.h:4753:10: note: type is not C-compatible because it contains 'void MyNextTrayNeedManualRemoveTray::Clear()' declaration
 4753 |     void Clear()
      |          ^~~~~
[ 86%] Linking CXX executable test_h013_terms.exe
D:\HT9045\_integ_ioweb\HT9011UC_Cpp_V3.33.906.0\tests\test_bootstrap.cpp:66:16: warning: 'int _putenv(const char*)' redeclared without dllimport attribute: previous dllimport ignored [-Wattributes]
   66 | extern "C" int _putenv(const char *);
      |                ^~~~~~~
[ 86%] Linking CXX executable test_socket_check.exe
In file included from D:/HT9045/_integ_ioweb/HT9011UC_Cpp_V3.33.906.0/Automation/SCK_ART_Remainder.h:616,
                 from D:\HT9045\_integ_ioweb\HT9011UC_Cpp_V3.33.906.0\tests\test_g023_os_report.cpp:49:
D:/HT9045/_integ_ioweb/HT9011UC_Cpp_V3.33.906.0/cSocket.h:235:1: warning: anonymous non-C-compatible type given name for linkage purposes by 'typedef' declaration [-Wnon-c-typedef-for-linkage]
  235 | {
      | ^
      | TEST_CATEGORY
D:/HT9045/_integ_ioweb/HT9011UC_Cpp_V3.33.906.0/cSocket.h:261:10: note: type is not C-compatible because it contains 'void TEST_CATEGORY::ClearCount()' declaration
  261 |     void ClearCount();
      |          ^~~~~~~~~~
In file included from D:\HT9045\_integ_ioweb\HT9011UC_Cpp_V3.33.906.0\tests\test_g023_os_report.cpp:53:
D:/HT9045/_integ_ioweb/HT9011UC_Cpp_V3.33.906.0/cprod.h:3307:1: warning: anonymous non-C-compatible type given name for linkage purposes by 'typedef' declaration [-Wnon-c-typedef-for-linkage]
 3307 | {
      | ^
      | MyIndexArmRec
D:/HT9045/_integ_ioweb/HT9011UC_Cpp_V3.33.906.0/cprod.h:3311:10: note: type is not C-compatible because it contains 'void MyIndexArmRec::Clear()' declaration
 3311 |     void Clear();
      |          ^~~~~
In file included from D:\HT9045\_integ_ioweb\HT9011UC_Cpp_V3.33.906.0\tests\test_g023_os_report.cpp:54:
D:/HT9045/_integ_ioweb/HT9011UC_Cpp_V3.33.906.0/cmydef.h:4732:1: warning: anonymous non-C-compatible type given name for linkage purposes by 'typedef' declaration [-Wnon-c-typedef-for-linkage]
 4732 | {
      | ^
      | MySiteData
D:/HT9045/_integ_ioweb/HT9011UC_Cpp_V3.33.906.0/cmydef.h:4736:10: note: type is not C-compatible because it contains 'void MySiteData::SetData(int, int)' declaration
 4736 |     void SetData(int X, int Y)
      |          ^~~~~~~
D:/HT9045/_integ_ioweb/HT9011UC_Cpp_V3.33.906.0/cmydef.h:4747:1: warning: anonymous non-C-compatible type given name for linkage purposes by 'typedef' declaration [-Wnon-c-typedef-for-linkage]
 4747 | {
      | ^
      | MyNextTrayNeedManualRemoveTray
D:/HT9045/_integ_ioweb/HT9011UC_Cpp_V3.33.906.0/cmydef.h:4753:10: note: type is not C-compatible because it contains 'void MyNextTrayNeedManualRemoveTray::Clear()' declaration
 4753 |     void Clear()
      |          ^~~~~
In file included from D:\HT9045\_integ_ioweb\HT9011UC_Cpp_V3.33.906.0\tests\test_g023_os_report.cpp:59:
D:/HT9045/_integ_ioweb/HT9011UC_Cpp_V3.33.906.0/aHotPlateSubstrate.h:830:1: warning: anonymous non-C-compatible type given name for linkage purposes by 'typedef' declaration [-Wnon-c-typedef-for-linkage]
  830 | {
      | ^
      | strAUTOSITEMAP
D:/HT9045/_integ_ioweb/HT9011UC_Cpp_V3.33.906.0/aHotPlateSubstrate.h:836:10: note: type is not C-compatible because it contains 'void strAUTOSITEMAP::ClearData()' declaration
  836 |     void ClearData()
      |          ^~~~~~~~~
In file included from D:/HT9045/_integ_ioweb/HT9011UC_Cpp_V3.33.906.0/cmydef.h:10,
                 from D:\HT9045\_integ_ioweb\HT9011UC_Cpp_V3.33.906.0\tests\test_note_auth.cpp:43:
D:/HT9045/_integ_ioweb/HT9011UC_Cpp_V3.33.906.0/cprod.h:3307:1: warning: anonymous non-C-compatible type given name for linkage purposes by 'typedef' declaration [-Wnon-c-typedef-for-linkage]
 3307 | {
      | ^
      | MyIndexArmRec
D:/HT9045/_integ_ioweb/HT9011UC_Cpp_V3.33.906.0/cprod.h:3311:10: note: type is not C-compatible because it contains 'void MyIndexArmRec::Clear()' declaration
 3311 |     void Clear();
      |          ^~~~~
D:/HT9045/_integ_ioweb/HT9011UC_Cpp_V3.33.906.0/cmydef.h:4732:1: warning: anonymous non-C-compatible type given name for linkage purposes by 'typedef' declaration [-Wnon-c-typedef-for-linkage]
 4732 | {
      | ^
      | MySiteData
D:/HT9045/_integ_ioweb/HT9011UC_Cpp_V3.33.906.0/cmydef.h:4736:10: note: type is not C-compatible because it contains 'void MySiteData::SetData(int, int)' declaration
 4736 |     void SetData(int X, int Y)
      |          ^~~~~~~
D:/HT9045/_integ_ioweb/HT9011UC_Cpp_V3.33.906.0/cmydef.h:4747:1: warning: anonymous non-C-compatible type given name for linkage purposes by 'typedef' declaration [-Wnon-c-typedef-for-linkage]
 4747 | {
      | ^
      | MyNextTrayNeedManualRemoveTray
D:/HT9045/_integ_ioweb/HT9011UC_Cpp_V3.33.906.0/cmydef.h:4753:10: note: type is not C-compatible because it contains 'void MyNextTrayNeedManualRemoveTray::Clear()' declaration
 4753 |     void Clear()
      |          ^~~~~
[ 86%] Built target test_home_monitor
[ 86%] Building CXX object tests/CMakeFiles/test_o19_summary.dir/test_bootstrap.cpp.obj
D:\HT9045\_integ_ioweb\HT9011UC_Cpp_V3.33.906.0\tests\test_bootstrap.cpp:66:16: warning: 'int _putenv(const char*)' redeclared without dllimport attribute: previous dllimport ignored [-Wattributes]
   66 | extern "C" int _putenv(const char *);
      |                ^~~~~~~
[ 86%] Linking CXX executable test_o19_summary.exe
[ 86%] Linking CXX executable test_g023_os_report.exe
[ 86%] Built target test_main_timer_segments
[ 86%] Building CXX object tests/CMakeFiles/test_note_auth.dir/test_bootstrap.cpp.obj
[ 86%] Building CXX object tests/CMakeFiles/test_note_auth.dir/__/WebLogin.cpp.obj
D:\HT9045\_integ_ioweb\HT9011UC_Cpp_V3.33.906.0\tests\test_bootstrap.cpp:66:16: warning: 'int _putenv(const char*)' redeclared without dllimport attribute: previous dllimport ignored [-Wattributes]
   66 | extern "C" int _putenv(const char *);
      |                ^~~~~~~
[ 86%] Building CXX object tests/CMakeFiles/test_teach_formshow_bridge.dir/test_teach_formshow_bridge.cpp.obj
[ 86%] Built target test_pause_forward
[ 86%] Building CXX object tests/CMakeFiles/test_teach_formshow_bridge.dir/__/FileRW/TeachFormShow_File.cpp.obj
In file included from D:/HT9045/_integ_ioweb/HT9011UC_Cpp_V3.33.906.0/cmydef.h:10,
                 from D:\HT9045\_integ_ioweb\HT9011UC_Cpp_V3.33.906.0\tests\test_teach_formshow_bridge.cpp:14:
D:/HT9045/_integ_ioweb/HT9011UC_Cpp_V3.33.906.0/cprod.h:3307:1: warning: anonymous non-C-compatible type given name for linkage purposes by 'typedef' declaration [-Wnon-c-typedef-for-linkage]
 3307 | {
      | ^
      | MyIndexArmRec
D:/HT9045/_integ_ioweb/HT9011UC_Cpp_V3.33.906.0/cprod.h:3311:10: note: type is not C-compatible because it contains 'void MyIndexArmRec::Clear()' declaration
 3311 |     void Clear();
      |          ^~~~~
D:/HT9045/_integ_ioweb/HT9011UC_Cpp_V3.33.906.0/cmydef.h:4732:1: warning: anonymous non-C-compatible type given name for linkage purposes by 'typedef' declaration [-Wnon-c-typedef-for-linkage]
 4732 | {
      | ^
      | MySiteData
D:/HT9045/_integ_ioweb/HT9011UC_Cpp_V3.33.906.0/cmydef.h:4736:10: note: type is not C-compatible because it contains 'void MySiteData::SetData(int, int)' declaration
 4736 |     void SetData(int X, int Y)
      |          ^~~~~~~
D:/HT9045/_integ_ioweb/HT9011UC_Cpp_V3.33.906.0/cmydef.h:4747:1: warning: anonymous non-C-compatible type given name for linkage purposes by 'typedef' declaration [-Wnon-c-typedef-for-linkage]
 4747 | {
      | ^
      | MyNextTrayNeedManualRemoveTray
D:/HT9045/_integ_ioweb/HT9011UC_Cpp_V3.33.906.0/cmydef.h:4753:10: note: type is not C-compatible because it contains 'void MyNextTrayNeedManualRemoveTray::Clear()' declaration
 4753 |     void Clear()
      |          ^~~~~
In file included from D:\HT9045\_integ_ioweb\HT9011UC_Cpp_V3.33.906.0\cmydef.h:10,
                 from D:\HT9045\_integ_ioweb\HT9011UC_Cpp_V3.33.906.0\WebLogin.cpp:27:
D:\HT9045\_integ_ioweb\HT9011UC_Cpp_V3.33.906.0\cprod.h:3307:1: warning: anonymous non-C-compatible type given name for linkage purposes by 'typedef' declaration [-Wnon-c-typedef-for-linkage]
 3307 | {
      | ^
      | MyIndexArmRec
D:\HT9045\_integ_ioweb\HT9011UC_Cpp_V3.33.906.0\cprod.h:3311:10: note: type is not C-compatible because it contains 'void MyIndexArmRec::Clear()' declaration
 3311 |     void Clear();
      |          ^~~~~
D:\HT9045\_integ_ioweb\HT9011UC_Cpp_V3.33.906.0\cmydef.h:4732:1: warning: anonymous non-C-compatible type given name for linkage purposes by 'typedef' declaration [-Wnon-c-typedef-for-linkage]
 4732 | {
      | ^
      | MySiteData
D:\HT9045\_integ_ioweb\HT9011UC_Cpp_V3.33.906.0\cmydef.h:4736:10: note: type is not C-compatible because it contains 'void MySiteData::SetData(int, int)' declaration
 4736 |     void SetData(int X, int Y)
      |          ^~~~~~~
D:\HT9045\_integ_ioweb\HT9011UC_Cpp_V3.33.906.0\cmydef.h:4747:1: warning: anonymous non-C-compatible type given name for linkage purposes by 'typedef' declaration [-Wnon-c-typedef-for-linkage]
 4747 | {
      | ^
      | MyNextTrayNeedManualRemoveTray
D:\HT9045\_integ_ioweb\HT9011UC_Cpp_V3.33.906.0\cmydef.h:4753:10: note: type is not C-compatible because it contains 'void MyNextTrayNeedManualRemoveTray::Clear()' declaration
 4753 |     void Clear()
      |          ^~~~~
[ 86%] Built target test_flow9050_shuttle
[ 86%] Building CXX object tests/CMakeFiles/test_teach_formshow_bridge.dir/__/JsonBridge/FormBridge.cpp.obj
[ 86%] Building CXX object tests/CMakeFiles/test_compk_datas.dir/test_compk_datas.cpp.obj
In file included from D:/HT9045/_integ_ioweb/HT9011UC_Cpp_V3.33.906.0/cmydef.h:10,
                 from D:\HT9045\_integ_ioweb\HT9011UC_Cpp_V3.33.906.0\FileRW\TeachFormShow_File.cpp:28:
D:/HT9045/_integ_ioweb/HT9011UC_Cpp_V3.33.906.0/cprod.h:3307:1: warning: anonymous non-C-compatible type given name for linkage purposes by 'typedef' declaration [-Wnon-c-typedef-for-linkage]
 3307 | {
      | ^
      | MyIndexArmRec
D:/HT9045/_integ_ioweb/HT9011UC_Cpp_V3.33.906.0/cprod.h:3311:10: note: type is not C-compatible because it contains 'void MyIndexArmRec::Clear()' declaration
 3311 |     void Clear();
      |          ^~~~~
D:/HT9045/_integ_ioweb/HT9011UC_Cpp_V3.33.906.0/cmydef.h:4732:1: warning: anonymous non-C-compatible type given name for linkage purposes by 'typedef' declaration [-Wnon-c-typedef-for-linkage]
 4732 | {
      | ^
      | MySiteData
D:/HT9045/_integ_ioweb/HT9011UC_Cpp_V3.33.906.0/cmydef.h:4736:10: note: type is not C-compatible because it contains 'void MySiteData::SetData(int, int)' declaration
 4736 |     void SetData(int X, int Y)
      |          ^~~~~~~
D:/HT9045/_integ_ioweb/HT9011UC_Cpp_V3.33.906.0/cmydef.h:4747:1: warning: anonymous non-C-compatible type given name for linkage purposes by 'typedef' declaration [-Wnon-c-typedef-for-linkage]
 4747 | {
      | ^
      | MyNextTrayNeedManualRemoveTray
D:/HT9045/_integ_ioweb/HT9011UC_Cpp_V3.33.906.0/cmydef.h:4753:10: note: type is not C-compatible because it contains 'void MyNextTrayNeedManualRemoveTray::Clear()' declaration
 4753 |     void Clear()
      |          ^~~~~
[ 86%] Built target test_st02_timer1
[ 86%] Building CXX object tests/CMakeFiles/test_compk_datas.dir/__/FileRW/IniConfig_CounterSel.cpp.obj
[ 86%] Linking CXX executable test_note_auth.exe
[ 86%] Building CXX object tests/CMakeFiles/test_teach_formshow_bridge.dir/test_bootstrap.cpp.obj
[ 86%] Built target test_jamday_hook
[ 86%] Building CXX object tests/CMakeFiles/test_compk_datas.dir/__/FileRW/_EditList.cpp.obj
D:\HT9045\_integ_ioweb\HT9011UC_Cpp_V3.33.906.0\tests\test_bootstrap.cpp:66:16: warning: 'int _putenv(const char*)' redeclared without dllimport attribute: previous dllimport ignored [-Wattributes]
   66 | extern "C" int _putenv(const char *);
      |                ^~~~~~~
[ 86%] Linking CXX executable test_teach_formshow_bridge.exe
In file included from D:/HT9045/_integ_ioweb/HT9011UC_Cpp_V3.33.906.0/cmydef.h:10,
                 from D:/HT9045/_integ_ioweb/HT9011UC_Cpp_V3.33.906.0/forms/fTestCategory.h:362,
                 from D:\HT9045\_integ_ioweb\HT9011UC_Cpp_V3.33.906.0\tests\test_compk_datas.cpp:20:
D:/HT9045/_integ_ioweb/HT9011UC_Cpp_V3.33.906.0/cprod.h:3307:1: warning: anonymous non-C-compatible type given name for linkage purposes by 'typedef' declaration [-Wnon-c-typedef-for-linkage]
 3307 | {
      | ^
      | MyIndexArmRec
D:/HT9045/_integ_ioweb/HT9011UC_Cpp_V3.33.906.0/cprod.h:3311:10: note: type is not C-compatible because it contains 'void MyIndexArmRec::Clear()' declaration
 3311 |     void Clear();
      |          ^~~~~
D:/HT9045/_integ_ioweb/HT9011UC_Cpp_V3.33.906.0/cmydef.h:4732:1: warning: anonymous non-C-compatible type given name for linkage purposes by 'typedef' declaration [-Wnon-c-typedef-for-linkage]
 4732 | {
      | ^
      | MySiteData
D:/HT9045/_integ_ioweb/HT9011UC_Cpp_V3.33.906.0/cmydef.h:4736:10: note: type is not C-compatible because it contains 'void MySiteData::SetData(int, int)' declaration
 4736 |     void SetData(int X, int Y)
      |          ^~~~~~~
D:/HT9045/_integ_ioweb/HT9011UC_Cpp_V3.33.906.0/cmydef.h:4747:1: warning: anonymous non-C-compatible type given name for linkage purposes by 'typedef' declaration [-Wnon-c-typedef-for-linkage]
 4747 | {
      | ^
      | MyNextTrayNeedManualRemoveTray
D:/HT9045/_integ_ioweb/HT9011UC_Cpp_V3.33.906.0/cmydef.h:4753:10: note: type is not C-compatible because it contains 'void MyNextTrayNeedManualRemoveTray::Clear()' declaration
 4753 |     void Clear()
      |          ^~~~~
[ 86%] Building CXX object tests/CMakeFiles/test_cfga_kbextra_n04.dir/test_setupa_kbextra_n04.cpp.obj
[ 86%] Building CXX object tests/CMakeFiles/test_iosetview_formshow_bridge.dir/test_iosetview_formshow_bridge.cpp.obj
[ 86%] Building CXX object tests/CMakeFiles/test_note_webkeygate.dir/test_note_webkeygate.cpp.obj
In file included from D:/HT9045/_integ_ioweb/HT9011UC_Cpp_V3.33.906.0/cmydef.h:10,
                 from D:/HT9045/_integ_ioweb/HT9011UC_Cpp_V3.33.906.0/Public/HTEditList.h:113,
                 from D:/HT9045/_integ_ioweb/HT9011UC_Cpp_V3.33.906.0/FileRW/_EditList.h:27,
                 from D:\HT9045\_integ_ioweb\HT9011UC_Cpp_V3.33.906.0\FileRW\_EditList.cpp:6:
D:/HT9045/_integ_ioweb/HT9011UC_Cpp_V3.33.906.0/cprod.h:3307:1: warning: anonymous non-C-compatible type given name for linkage purposes by 'typedef' declaration [-Wnon-c-typedef-for-linkage]
 3307 | {
      | ^
      | MyIndexArmRec
D:/HT9045/_integ_ioweb/HT9011UC_Cpp_V3.33.906.0/cprod.h:3311:10: note: type is not C-compatible because it contains 'void MyIndexArmRec::Clear()' declaration
 3311 |     void Clear();
      |          ^~~~~
D:/HT9045/_integ_ioweb/HT9011UC_Cpp_V3.33.906.0/cmydef.h:4732:1: warning: anonymous non-C-compatible type given name for linkage purposes by 'typedef' declaration [-Wnon-c-typedef-for-linkage]
 4732 | {
      | ^
      | MySiteData
D:/HT9045/_integ_ioweb/HT9011UC_Cpp_V3.33.906.0/cmydef.h:4736:10: note: type is not C-compatible because it contains 'void MySiteData::SetData(int, int)' declaration
 4736 |     void SetData(int X, int Y)
      |          ^~~~~~~
D:/HT9045/_integ_ioweb/HT9011UC_Cpp_V3.33.906.0/cmydef.h:4747:1: warning: anonymous non-C-compatible type given name for linkage purposes by 'typedef' declaration [-Wnon-c-typedef-for-linkage]
 4747 | {
      | ^
      | MyNextTrayNeedManualRemoveTray
D:/HT9045/_integ_ioweb/HT9011UC_Cpp_V3.33.906.0/cmydef.h:4753:10: note: type is not C-compatible because it contains 'void MyNextTrayNeedManualRemoveTray::Clear()' declaration
 4753 |     void Clear()
      |          ^~~~~
D:/HT9045/_integ_ioweb/HT9011UC_Cpp_V3.33.906.0/Public/HTEditList.h:429:1: warning: anonymous non-C-compatible type given name for linkage purposes by 'typedef' declaration [-Wnon-c-typedef-for-linkage]
  429 | {
      | ^
      | ArmAndSuckInfo
D:/HT9045/_integ_ioweb/HT9011UC_Cpp_V3.33.906.0/Public/HTEditList.h:438:10: note: type is not C-compatible because it contains 'void ArmAndSuckInfo::Clear()' declaration
  438 |     void Clear()
      |          ^~~~~
D:/HT9045/_integ_ioweb/HT9011UC_Cpp_V3.33.906.0/Public/HTEditList.h:454:1: warning: anonymous non-C-compatible type given name for linkage purposes by 'typedef' declaration [-Wnon-c-typedef-for-linkage]
  454 | {
      | ^
      | SingleSuckPosOnTray
D:/HT9045/_integ_ioweb/HT9011UC_Cpp_V3.33.906.0/Public/HTEditList.h:462:10: note: type is not C-compatible because it contains 'void SingleSuckPosOnTray::Clear()' declaration
  462 |     void Clear()
      |          ^~~~~
D:/HT9045/_integ_ioweb/HT9011UC_Cpp_V3.33.906.0/Public/HTEditList.h:475:1: warning: anonymous non-C-compatible type given name for linkage purposes by 'typedef' declaration [-Wnon-c-typedef-for-linkage]
  475 | {
      | ^
      | MyFillTheTrayAfterOutArmPlace
D:/HT9045/_integ_ioweb/HT9011UC_Cpp_V3.33.906.0/Public/HTEditList.h:479:10: note: type is not C-compatible because it contains 'void MyFillTheTrayAfterOutArmPlace::Clear()' declaration
  479 |     void Clear()
      |          ^~~~~
D:/HT9045/_integ_ioweb/HT9011UC_Cpp_V3.33.906.0/Public/HTEditList.h:488:1: warning: anonymous non-C-compatible type given name for linkage purposes by 'typedef' declaration [-Wnon-c-typedef-for-linkage]
  488 | {
      | ^
      | PickPlaceByArm
D:/HT9045/_integ_ioweb/HT9011UC_Cpp_V3.33.906.0/Public/HTEditList.h:491:10: note: type is not C-compatible because it contains 'void PickPlaceByArm::Clear()' declaration
  491 |     void Clear()
      |          ^~~~~
In file included from D:/HT9045/_integ_ioweb/HT9011UC_Cpp_V3.33.906.0/cmydef.h:10,
                 from D:/HT9045/_integ_ioweb/HT9011UC_Cpp_V3.33.906.0/Public/HTEditList.h:113,
                 from D:/HT9045/_integ_ioweb/HT9011UC_Cpp_V3.33.906.0/FileRW/_EditList.h:27,
                 from D:\HT9045\_integ_ioweb\HT9011UC_Cpp_V3.33.906.0\tests\test_setupa_kbextra_n04.cpp:26:
D:/HT9045/_integ_ioweb/HT9011UC_Cpp_V3.33.906.0/cprod.h:3307:1: warning: anonymous non-C-compatible type given name for linkage purposes by 'typedef' declaration [-Wnon-c-typedef-for-linkage]
 3307 | {
      | ^
      | MyIndexArmRec
D:/HT9045/_integ_ioweb/HT9011UC_Cpp_V3.33.906.0/cprod.h:3311:10: note: type is not C-compatible because it contains 'void MyIndexArmRec::Clear()' declaration
 3311 |     void Clear();
      |          ^~~~~
D:/HT9045/_integ_ioweb/HT9011UC_Cpp_V3.33.906.0/cmydef.h:4732:1: warning: anonymous non-C-compatible type given name for linkage purposes by 'typedef' declaration [-Wnon-c-typedef-for-linkage]
 4732 | {
      | ^
      | MySiteData
D:/HT9045/_integ_ioweb/HT9011UC_Cpp_V3.33.906.0/cmydef.h:4736:10: note: type is not C-compatible because it contains 'void MySiteData::SetData(int, int)' declaration
 4736 |     void SetData(int X, int Y)
      |          ^~~~~~~
D:/HT9045/_integ_ioweb/HT9011UC_Cpp_V3.33.906.0/cmydef.h:4747:1: warning: anonymous non-C-compatible type given name for linkage purposes by 'typedef' declaration [-Wnon-c-typedef-for-linkage]
 4747 | {
      | ^
      | MyNextTrayNeedManualRemoveTray
D:/HT9045/_integ_ioweb/HT9011UC_Cpp_V3.33.906.0/cmydef.h:4753:10: note: type is not C-compatible because it contains 'void MyNextTrayNeedManualRemoveTray::Clear()' declaration
 4753 |     void Clear()
      |          ^~~~~
D:/HT9045/_integ_ioweb/HT9011UC_Cpp_V3.33.906.0/Public/HTEditList.h:429:1: warning: anonymous non-C-compatible type given name for linkage purposes by 'typedef' declaration [-Wnon-c-typedef-for-linkage]
  429 | {
      | ^
      | ArmAndSuckInfo
D:/HT9045/_integ_ioweb/HT9011UC_Cpp_V3.33.906.0/Public/HTEditList.h:438:10: note: type is not C-compatible because it contains 'void ArmAndSuckInfo::Clear()' declaration
  438 |     void Clear()
      |          ^~~~~
D:/HT9045/_integ_ioweb/HT9011UC_Cpp_V3.33.906.0/Public/HTEditList.h:454:1: warning: anonymous non-C-compatible type given name for linkage purposes by 'typedef' declaration [-Wnon-c-typedef-for-linkage]
  454 | {
      | ^
      | SingleSuckPosOnTray
D:/HT9045/_integ_ioweb/HT9011UC_Cpp_V3.33.906.0/Public/HTEditList.h:462:10: note: type is not C-compatible because it contains 'void SingleSuckPosOnTray::Clear()' declaration
  462 |     void Clear()
      |          ^~~~~
D:/HT9045/_integ_ioweb/HT9011UC_Cpp_V3.33.906.0/Public/HTEditList.h:475:1: warning: anonymous non-C-compatible type given name for linkage purposes by 'typedef' declaration [-Wnon-c-typedef-for-linkage]
  475 | {
      | ^
      | MyFillTheTrayAfterOutArmPlace
D:/HT9045/_integ_ioweb/HT9011UC_Cpp_V3.33.906.0/Public/HTEditList.h:479:10: note: type is not C-compatible because it contains 'void MyFillTheTrayAfterOutArmPlace::Clear()' declaration
  479 |     void Clear()
      |          ^~~~~
D:/HT9045/_integ_ioweb/HT9011UC_Cpp_V3.33.906.0/Public/HTEditList.h:488:1: warning: anonymous non-C-compatible type given name for linkage purposes by 'typedef' declaration [-Wnon-c-typedef-for-linkage]
  488 | {
      | ^
      | PickPlaceByArm
D:/HT9045/_integ_ioweb/HT9011UC_Cpp_V3.33.906.0/Public/HTEditList.h:491:10: note: type is not C-compatible because it contains 'void PickPlaceByArm::Clear()' declaration
  491 |     void Clear()
      |          ^~~~~
In file included from D:/HT9045/_integ_ioweb/HT9011UC_Cpp_V3.33.906.0/cmydef.h:10,
                 from D:\HT9045\_integ_ioweb\HT9011UC_Cpp_V3.33.906.0\tests\test_iosetview_formshow_bridge.cpp:16:
D:/HT9045/_integ_ioweb/HT9011UC_Cpp_V3.33.906.0/cprod.h:3307:1: warning: anonymous non-C-compatible type given name for linkage purposes by 'typedef' declaration [-Wnon-c-typedef-for-linkage]
 3307 | {
      | ^
      | MyIndexArmRec
D:/HT9045/_integ_ioweb/HT9011UC_Cpp_V3.33.906.0/cprod.h:3311:10: note: type is not C-compatible because it contains 'void MyIndexArmRec::Clear()' declaration
 3311 |     void Clear();
      |          ^~~~~
D:/HT9045/_integ_ioweb/HT9011UC_Cpp_V3.33.906.0/cmydef.h:4732:1: warning: anonymous non-C-compatible type given name for linkage purposes by 'typedef' declaration [-Wnon-c-typedef-for-linkage]
 4732 | {
      | ^
      | MySiteData
D:/HT9045/_integ_ioweb/HT9011UC_Cpp_V3.33.906.0/cmydef.h:4736:10: note: type is not C-compatible because it contains 'void MySiteData::SetData(int, int)' declaration
 4736 |     void SetData(int X, int Y)
      |          ^~~~~~~
D:/HT9045/_integ_ioweb/HT9011UC_Cpp_V3.33.906.0/cmydef.h:4747:1: warning: anonymous non-C-compatible type given name for linkage purposes by 'typedef' declaration [-Wnon-c-typedef-for-linkage]
 4747 | {
      | ^
      | MyNextTrayNeedManualRemoveTray
D:/HT9045/_integ_ioweb/HT9011UC_Cpp_V3.33.906.0/cmydef.h:4753:10: note: type is not C-compatible because it contains 'void MyNextTrayNeedManualRemoveTray::Clear()' declaration
 4753 |     void Clear()
      |          ^~~~~
In file included from D:/HT9045/_integ_ioweb/HT9011UC_Cpp_V3.33.906.0/cmydef.h:10,
                 from D:/HT9045/_integ_ioweb/HT9011UC_Cpp_V3.33.906.0/Public/HTEditList.h:113,
                 from D:/HT9045/_integ_ioweb/HT9011UC_Cpp_V3.33.906.0/FileRW/_EditList.h:27,
                 from D:/HT9045/_integ_ioweb/HT9011UC_Cpp_V3.33.906.0/FileRW/IniConfig_CounterSel.gen.inc:9,
                 from D:\HT9045\_integ_ioweb\HT9011UC_Cpp_V3.33.906.0\FileRW\IniConfig_CounterSel.cpp:48:
D:/HT9045/_integ_ioweb/HT9011UC_Cpp_V3.33.906.0/cprod.h:3307:1: warning: anonymous non-C-compatible type given name for linkage purposes by 'typedef' declaration [-Wnon-c-typedef-for-linkage]
 3307 | {
      | ^
      | MyIndexArmRec
D:/HT9045/_integ_ioweb/HT9011UC_Cpp_V3.33.906.0/cprod.h:3311:10: note: type is not C-compatible because it contains 'void MyIndexArmRec::Clear()' declaration
 3311 |     void Clear();
      |          ^~~~~
D:/HT9045/_integ_ioweb/HT9011UC_Cpp_V3.33.906.0/cmydef.h:4732:1: warning: anonymous non-C-compatible type given name for linkage purposes by 'typedef' declaration [-Wnon-c-typedef-for-linkage]
 4732 | {
      | ^
      | MySiteData
D:/HT9045/_integ_ioweb/HT9011UC_Cpp_V3.33.906.0/cmydef.h:4736:10: note: type is not C-compatible because it contains 'void MySiteData::SetData(int, int)' declaration
 4736 |     void SetData(int X, int Y)
      |          ^~~~~~~
D:/HT9045/_integ_ioweb/HT9011UC_Cpp_V3.33.906.0/cmydef.h:4747:1: warning: anonymous non-C-compatible type given name for linkage purposes by 'typedef' declaration [-Wnon-c-typedef-for-linkage]
 4747 | {
      | ^
      | MyNextTrayNeedManualRemoveTray
D:/HT9045/_integ_ioweb/HT9011UC_Cpp_V3.33.906.0/cmydef.h:4753:10: note: type is not C-compatible because it contains 'void MyNextTrayNeedManualRemoveTray::Clear()' declaration
 4753 |     void Clear()
      |          ^~~~~
D:/HT9045/_integ_ioweb/HT9011UC_Cpp_V3.33.906.0/Public/HTEditList.h:429:1: warning: anonymous non-C-compatible type given name for linkage purposes by 'typedef' declaration [-Wnon-c-typedef-for-linkage]
  429 | {
      | ^
      | ArmAndSuckInfo
D:/HT9045/_integ_ioweb/HT9011UC_Cpp_V3.33.906.0/Public/HTEditList.h:438:10: note: type is not C-compatible because it contains 'void ArmAndSuckInfo::Clear()' declaration
  438 |     void Clear()
      |          ^~~~~
D:/HT9045/_integ_ioweb/HT9011UC_Cpp_V3.33.906.0/Public/HTEditList.h:454:1: warning: anonymous non-C-compatible type given name for linkage purposes by 'typedef' declaration [-Wnon-c-typedef-for-linkage]
  454 | {
      | ^
      | SingleSuckPosOnTray
D:/HT9045/_integ_ioweb/HT9011UC_Cpp_V3.33.906.0/Public/HTEditList.h:462:10: note: type is not C-compatible because it contains 'void SingleSuckPosOnTray::Clear()' declaration
  462 |     void Clear()
      |          ^~~~~
D:/HT9045/_integ_ioweb/HT9011UC_Cpp_V3.33.906.0/Public/HTEditList.h:475:1: warning: anonymous non-C-compatible type given name for linkage purposes by 'typedef' declaration [-Wnon-c-typedef-for-linkage]
  475 | {
      | ^
      | MyFillTheTrayAfterOutArmPlace
D:/HT9045/_integ_ioweb/HT9011UC_Cpp_V3.33.906.0/Public/HTEditList.h:479:10: note: type is not C-compatible because it contains 'void MyFillTheTrayAfterOutArmPlace::Clear()' declaration
  479 |     void Clear()
      |          ^~~~~
D:/HT9045/_integ_ioweb/HT9011UC_Cpp_V3.33.906.0/Public/HTEditList.h:488:1: warning: anonymous non-C-compatible type given name for linkage purposes by 'typedef' declaration [-Wnon-c-typedef-for-linkage]
  488 | {
      | ^
      | PickPlaceByArm
D:/HT9045/_integ_ioweb/HT9011UC_Cpp_V3.33.906.0/Public/HTEditList.h:491:10: note: type is not C-compatible because it contains 'void PickPlaceByArm::Clear()' declaration
  491 |     void Clear()
      |          ^~~~~
In file included from D:/HT9045/_integ_ioweb/HT9011UC_Cpp_V3.33.906.0/cmydef.h:10,
                 from D:\HT9045\_integ_ioweb\HT9011UC_Cpp_V3.33.906.0\tests\test_note_webkeygate.cpp:14:
D:/HT9045/_integ_ioweb/HT9011UC_Cpp_V3.33.906.0/cprod.h:3307:1: warning: anonymous non-C-compatible type given name for linkage purposes by 'typedef' declaration [-Wnon-c-typedef-for-linkage]
 3307 | {
      | ^
      | MyIndexArmRec
D:/HT9045/_integ_ioweb/HT9011UC_Cpp_V3.33.906.0/cprod.h:3311:10: note: type is not C-compatible because it contains 'void MyIndexArmRec::Clear()' declaration
 3311 |     void Clear();
      |          ^~~~~
D:/HT9045/_integ_ioweb/HT9011UC_Cpp_V3.33.906.0/cmydef.h:4732:1: warning: anonymous non-C-compatible type given name for linkage purposes by 'typedef' declaration [-Wnon-c-typedef-for-linkage]
 4732 | {
      | ^
      | MySiteData
D:/HT9045/_integ_ioweb/HT9011UC_Cpp_V3.33.906.0/cmydef.h:4736:10: note: type is not C-compatible because it contains 'void MySiteData::SetData(int, int)' declaration
 4736 |     void SetData(int X, int Y)
      |          ^~~~~~~
D:/HT9045/_integ_ioweb/HT9011UC_Cpp_V3.33.906.0/cmydef.h:4747:1: warning: anonymous non-C-compatible type given name for linkage purposes by 'typedef' declaration [-Wnon-c-typedef-for-linkage]
 4747 | {
      | ^
      | MyNextTrayNeedManualRemoveTray
D:/HT9045/_integ_ioweb/HT9011UC_Cpp_V3.33.906.0/cmydef.h:4753:10: note: type is not C-compatible because it contains 'void MyNextTrayNeedManualRemoveTray::Clear()' declaration
 4753 |     void Clear()
      |          ^~~~~
[ 86%] Building CXX object tests/CMakeFiles/test_iosetview_formshow_bridge.dir/__/FileRW/IoSetViewFormShow_File.cpp.obj
[ 87%] Building CXX object tests/CMakeFiles/test_cfga_kbextra_n04.dir/__/FileRW/IniConfig_N04.cpp.obj
[ 87%] Building CXX object tests/CMakeFiles/test_compk_datas.dir/__/FileRW/_EditPage.cpp.obj
[ 87%] Built target test_st02_timer3
[ 87%] Building CXX object tests/CMakeFiles/test_iosetview_formshow_bridge.dir/__/JsonBridge/FormBridge.cpp.obj
[ 87%] Building CXX object tests/CMakeFiles/test_note_webkeygate.dir/test_bootstrap.cpp.obj
D:\HT9045\_integ_ioweb\HT9011UC_Cpp_V3.33.906.0\tests\test_bootstrap.cpp:66:16: warning: 'int _putenv(const char*)' redeclared without dllimport attribute: previous dllimport ignored [-Wattributes]
   66 | extern "C" int _putenv(const char *);
      |                ^~~~~~~
[ 88%] Built target test_testercomm_home
[ 88%] Building CXX object tests/CMakeFiles/test_cfga_kbextra_n04.dir/__/FileRW/DeviceForm_KbExtra.cpp.obj
[ 88%] Linking CXX executable test_note_webkeygate.exe
In file included from D:/HT9045/_integ_ioweb/HT9011UC_Cpp_V3.33.906.0/cmydef.h:10,
                 from D:/HT9045/_integ_ioweb/HT9011UC_Cpp_V3.33.906.0/Public/HTEditList.h:113,
                 from D:/HT9045/_integ_ioweb/HT9011UC_Cpp_V3.33.906.0/FileRW/_EditList.h:27,
                 from D:\HT9045\_integ_ioweb\HT9011UC_Cpp_V3.33.906.0\FileRW\_EditPage.cpp:14:
D:/HT9045/_integ_ioweb/HT9011UC_Cpp_V3.33.906.0/cprod.h:3307:1: warning: anonymous non-C-compatible type given name for linkage purposes by 'typedef' declaration [-Wnon-c-typedef-for-linkage]
 3307 | {
      | ^
      | MyIndexArmRec
D:/HT9045/_integ_ioweb/HT9011UC_Cpp_V3.33.906.0/cprod.h:3311:10: note: type is not C-compatible because it contains 'void MyIndexArmRec::Clear()' declaration
 3311 |     void Clear();
      |          ^~~~~
D:/HT9045/_integ_ioweb/HT9011UC_Cpp_V3.33.906.0/cmydef.h:4732:1: warning: anonymous non-C-compatible type given name for linkage purposes by 'typedef' declaration [-Wnon-c-typedef-for-linkage]
 4732 | {
      | ^
      | MySiteData
D:/HT9045/_integ_ioweb/HT9011UC_Cpp_V3.33.906.0/cmydef.h:4736:10: note: type is not C-compatible because it contains 'void MySiteData::SetData(int, int)' declaration
 4736 |     void SetData(int X, int Y)
      |          ^~~~~~~
D:/HT9045/_integ_ioweb/HT9011UC_Cpp_V3.33.906.0/cmydef.h:4747:1: warning: anonymous non-C-compatible type given name for linkage purposes by 'typedef' declaration [-Wnon-c-typedef-for-linkage]
 4747 | {
      | ^
      | MyNextTrayNeedManualRemoveTray
D:/HT9045/_integ_ioweb/HT9011UC_Cpp_V3.33.906.0/cmydef.h:4753:10: note: type is not C-compatible because it contains 'void MyNextTrayNeedManualRemoveTray::Clear()' declaration
 4753 |     void Clear()
      |          ^~~~~
D:/HT9045/_integ_ioweb/HT9011UC_Cpp_V3.33.906.0/Public/HTEditList.h:429:1: warning: anonymous non-C-compatible type given name for linkage purposes by 'typedef' declaration [-Wnon-c-typedef-for-linkage]
  429 | {
      | ^
      | ArmAndSuckInfo
D:/HT9045/_integ_ioweb/HT9011UC_Cpp_V3.33.906.0/Public/HTEditList.h:438:10: note: type is not C-compatible because it contains 'void ArmAndSuckInfo::Clear()' declaration
  438 |     void Clear()
      |          ^~~~~
D:/HT9045/_integ_ioweb/HT9011UC_Cpp_V3.33.906.0/Public/HTEditList.h:454:1: warning: anonymous non-C-compatible type given name for linkage purposes by 'typedef' declaration [-Wnon-c-typedef-for-linkage]
  454 | {
      | ^
      | SingleSuckPosOnTray
D:/HT9045/_integ_ioweb/HT9011UC_Cpp_V3.33.906.0/Public/HTEditList.h:462:10: note: type is not C-compatible because it contains 'void SingleSuckPosOnTray::Clear()' declaration
  462 |     void Clear()
      |          ^~~~~
D:/HT9045/_integ_ioweb/HT9011UC_Cpp_V3.33.906.0/Public/HTEditList.h:475:1: warning: anonymous non-C-compatible type given name for linkage purposes by 'typedef' declaration [-Wnon-c-typedef-for-linkage]
  475 | {
      | ^
      | MyFillTheTrayAfterOutArmPlace
D:/HT9045/_integ_ioweb/HT9011UC_Cpp_V3.33.906.0/Public/HTEditList.h:479:10: note: type is not C-compatible because it contains 'void MyFillTheTrayAfterOutArmPlace::Clear()' declaration
  479 |     void Clear()
      |          ^~~~~
D:/HT9045/_integ_ioweb/HT9011UC_Cpp_V3.33.906.0/Public/HTEditList.h:488:1: warning: anonymous non-C-compatible type given name for linkage purposes by 'typedef' declaration [-Wnon-c-typedef-for-linkage]
  488 | {
      | ^
      | PickPlaceByArm
D:/HT9045/_integ_ioweb/HT9011UC_Cpp_V3.33.906.0/Public/HTEditList.h:491:10: note: type is not C-compatible because it contains 'void PickPlaceByArm::Clear()' declaration
  491 |     void Clear()
      |          ^~~~~
In file included from D:/HT9045/_integ_ioweb/HT9011UC_Cpp_V3.33.906.0/cmydef.h:10,
                 from D:/HT9045/_integ_ioweb/HT9011UC_Cpp_V3.33.906.0/Public/HTEditList.h:113,
                 from D:/HT9045/_integ_ioweb/HT9011UC_Cpp_V3.33.906.0/FileRW/_EditList.h:27,
                 from D:\HT9045\_integ_ioweb\HT9011UC_Cpp_V3.33.906.0\FileRW\IniConfig_N04.cpp:26:
D:/HT9045/_integ_ioweb/HT9011UC_Cpp_V3.33.906.0/cprod.h:3307:1: warning: anonymous non-C-compatible type given name for linkage purposes by 'typedef' declaration [-Wnon-c-typedef-for-linkage]
 3307 | {
      | ^
      | MyIndexArmRec
D:/HT9045/_integ_ioweb/HT9011UC_Cpp_V3.33.906.0/cprod.h:3311:10: note: type is not C-compatible because it contains 'void MyIndexArmRec::Clear()' declaration
 3311 |     void Clear();
      |          ^~~~~
D:/HT9045/_integ_ioweb/HT9011UC_Cpp_V3.33.906.0/cmydef.h:4732:1: warning: anonymous non-C-compatible type given name for linkage purposes by 'typedef' declaration [-Wnon-c-typedef-for-linkage]
 4732 | {
      | ^
      | MySiteData
D:/HT9045/_integ_ioweb/HT9011UC_Cpp_V3.33.906.0/cmydef.h:4736:10: note: type is not C-compatible because it contains 'void MySiteData::SetData(int, int)' declaration
 4736 |     void SetData(int X, int Y)
      |          ^~~~~~~
D:/HT9045/_integ_ioweb/HT9011UC_Cpp_V3.33.906.0/cmydef.h:4747:1: warning: anonymous non-C-compatible type given name for linkage purposes by 'typedef' declaration [-Wnon-c-typedef-for-linkage]
 4747 | {
      | ^
      | MyNextTrayNeedManualRemoveTray
D:/HT9045/_integ_ioweb/HT9011UC_Cpp_V3.33.906.0/cmydef.h:4753:10: note: type is not C-compatible because it contains 'void MyNextTrayNeedManualRemoveTray::Clear()' declaration
 4753 |     void Clear()
      |          ^~~~~
D:/HT9045/_integ_ioweb/HT9011UC_Cpp_V3.33.906.0/Public/HTEditList.h:429:1: warning: anonymous non-C-compatible type given name for linkage purposes by 'typedef' declaration [-Wnon-c-typedef-for-linkage]
  429 | {
      | ^
      | ArmAndSuckInfo
D:/HT9045/_integ_ioweb/HT9011UC_Cpp_V3.33.906.0/Public/HTEditList.h:438:10: note: type is not C-compatible because it contains 'void ArmAndSuckInfo::Clear()' declaration
  438 |     void Clear()
      |          ^~~~~
D:/HT9045/_integ_ioweb/HT9011UC_Cpp_V3.33.906.0/Public/HTEditList.h:454:1: warning: anonymous non-C-compatible type given name for linkage purposes by 'typedef' declaration [-Wnon-c-typedef-for-linkage]
  454 | {
      | ^
      | SingleSuckPosOnTray
D:/HT9045/_integ_ioweb/HT9011UC_Cpp_V3.33.906.0/Public/HTEditList.h:462:10: note: type is not C-compatible because it contains 'void SingleSuckPosOnTray::Clear()' declaration
  462 |     void Clear()
      |          ^~~~~
D:/HT9045/_integ_ioweb/HT9011UC_Cpp_V3.33.906.0/Public/HTEditList.h:475:1: warning: anonymous non-C-compatible type given name for linkage purposes by 'typedef' declaration [-Wnon-c-typedef-for-linkage]
  475 | {
      | ^
      | MyFillTheTrayAfterOutArmPlace
D:/HT9045/_integ_ioweb/HT9011UC_Cpp_V3.33.906.0/Public/HTEditList.h:479:10: note: type is not C-compatible because it contains 'void MyFillTheTrayAfterOutArmPlace::Clear()' declaration
  479 |     void Clear()
      |          ^~~~~
D:/HT9045/_integ_ioweb/HT9011UC_Cpp_V3.33.906.0/Public/HTEditList.h:488:1: warning: anonymous non-C-compatible type given name for linkage purposes by 'typedef' declaration [-Wnon-c-typedef-for-linkage]
  488 | {
      | ^
      | PickPlaceByArm
D:/HT9045/_integ_ioweb/HT9011UC_Cpp_V3.33.906.0/Public/HTEditList.h:491:10: note: type is not C-compatible because it contains 'void PickPlaceByArm::Clear()' declaration
  491 |     void Clear()
      |          ^~~~~
[ 89%] Building CXX object tests/CMakeFiles/test_compk_datas.dir/test_bootstrap.cpp.obj
[ 89%] Built target test_d025_menuopen
[ 89%] Building CXX object tests/CMakeFiles/test_cfga_kbextra_n04.dir/__/FileRW/_EditList.cpp.obj
D:\HT9045\_integ_ioweb\HT9011UC_Cpp_V3.33.906.0\tests\test_bootstrap.cpp:66:16: warning: 'int _putenv(const char*)' redeclared without dllimport attribute: previous dllimport ignored [-Wattributes]
   66 | extern "C" int _putenv(const char *);
      |                ^~~~~~~
In file included from D:/HT9045/_integ_ioweb/HT9011UC_Cpp_V3.33.906.0/cmydef.h:10,
                 from D:/HT9045/_integ_ioweb/HT9011UC_Cpp_V3.33.906.0/Public/HTEditList.h:113,
                 from D:/HT9045/_integ_ioweb/HT9011UC_Cpp_V3.33.906.0/FileRW/_EditList.h:27,
                 from D:\HT9045\_integ_ioweb\HT9011UC_Cpp_V3.33.906.0\FileRW\_EditList.cpp:6:
D:/HT9045/_integ_ioweb/HT9011UC_Cpp_V3.33.906.0/cprod.h:3307:1: warning: anonymous non-C-compatible type given name for linkage purposes by 'typedef' declaration [-Wnon-c-typedef-for-linkage]
 3307 | {
      | ^
      | MyIndexArmRec
D:/HT9045/_integ_ioweb/HT9011UC_Cpp_V3.33.906.0/cprod.h:3311:10: note: type is not C-compatible because it contains 'void MyIndexArmRec::Clear()' declaration
 3311 |     void Clear();
      |          ^~~~~
D:/HT9045/_integ_ioweb/HT9011UC_Cpp_V3.33.906.0/cmydef.h:4732:1: warning: anonymous non-C-compatible type given name for linkage purposes by 'typedef' declaration [-Wnon-c-typedef-for-linkage]
 4732 | {
      | ^
      | MySiteData
D:/HT9045/_integ_ioweb/HT9011UC_Cpp_V3.33.906.0/cmydef.h:4736:10: note: type is not C-compatible because it contains 'void MySiteData::SetData(int, int)' declaration
 4736 |     void SetData(int X, int Y)
      |          ^~~~~~~
D:/HT9045/_integ_ioweb/HT9011UC_Cpp_V3.33.906.0/cmydef.h:4747:1: warning: anonymous non-C-compatible type given name for linkage purposes by 'typedef' declaration [-Wnon-c-typedef-for-linkage]
 4747 | {
      | ^
      | MyNextTrayNeedManualRemoveTray
D:/HT9045/_integ_ioweb/HT9011UC_Cpp_V3.33.906.0/cmydef.h:4753:10: note: type is not C-compatible because it contains 'void MyNextTrayNeedManualRemoveTray::Clear()' declaration
 4753 |     void Clear()
      |          ^~~~~
D:/HT9045/_integ_ioweb/HT9011UC_Cpp_V3.33.906.0/Public/HTEditList.h:429:1: warning: anonymous non-C-compatible type given name for linkage purposes by 'typedef' declaration [-Wnon-c-typedef-for-linkage]
  429 | {
      | ^
      | ArmAndSuckInfo
D:/HT9045/_integ_ioweb/HT9011UC_Cpp_V3.33.906.0/Public/HTEditList.h:438:10: note: type is not C-compatible because it contains 'void ArmAndSuckInfo::Clear()' declaration
  438 |     void Clear()
      |          ^~~~~
D:/HT9045/_integ_ioweb/HT9011UC_Cpp_V3.33.906.0/Public/HTEditList.h:454:1: warning: anonymous non-C-compatible type given name for linkage purposes by 'typedef' declaration [-Wnon-c-typedef-for-linkage]
  454 | {
      | ^
      | SingleSuckPosOnTray
D:/HT9045/_integ_ioweb/HT9011UC_Cpp_V3.33.906.0/Public/HTEditList.h:462:10: note: type is not C-compatible because it contains 'void SingleSuckPosOnTray::Clear()' declaration
  462 |     void Clear()
      |          ^~~~~
D:/HT9045/_integ_ioweb/HT9011UC_Cpp_V3.33.906.0/Public/HTEditList.h:475:1: warning: anonymous non-C-compatible type given name for linkage purposes by 'typedef' declaration [-Wnon-c-typedef-for-linkage]
  475 | {
      | ^
      | MyFillTheTrayAfterOutArmPlace
D:/HT9045/_integ_ioweb/HT9011UC_Cpp_V3.33.906.0/Public/HTEditList.h:479:10: note: type is not C-compatible because it contains 'void MyFillTheTrayAfterOutArmPlace::Clear()' declaration
  479 |     void Clear()
      |          ^~~~~
D:/HT9045/_integ_ioweb/HT9011UC_Cpp_V3.33.906.0/Public/HTEditList.h:488:1: warning: anonymous non-C-compatible type given name for linkage purposes by 'typedef' declaration [-Wnon-c-typedef-for-linkage]
  488 | {
      | ^
      | PickPlaceByArm
D:/HT9045/_integ_ioweb/HT9011UC_Cpp_V3.33.906.0/Public/HTEditList.h:491:10: note: type is not C-compatible because it contains 'void PickPlaceByArm::Clear()' declaration
  491 |     void Clear()
      |          ^~~~~
In file included from D:/HT9045/_integ_ioweb/HT9011UC_Cpp_V3.33.906.0/cmydef.h:10,
                 from D:\HT9045\_integ_ioweb\HT9011UC_Cpp_V3.33.906.0\FileRW\IoSetViewFormShow_File.cpp:41:
D:/HT9045/_integ_ioweb/HT9011UC_Cpp_V3.33.906.0/cprod.h:3307:1: warning: anonymous non-C-compatible type given name for linkage purposes by 'typedef' declaration [-Wnon-c-typedef-for-linkage]
 3307 | {
      | ^
      | MyIndexArmRec
D:/HT9045/_integ_ioweb/HT9011UC_Cpp_V3.33.906.0/cprod.h:3311:10: note: type is not C-compatible because it contains 'void MyIndexArmRec::Clear()' declaration
 3311 |     void Clear();
      |          ^~~~~
In file included from D:\HT9045\_integ_ioweb\HT9011UC_Cpp_V3.33.906.0\FileRW\DeviceForm_KbExtra.cpp:25:
D:/HT9045/_integ_ioweb/HT9011UC_Cpp_V3.33.906.0/cprod.h:3307:1: warning: anonymous non-C-compatible type given name for linkage purposes by 'typedef' declaration [-Wnon-c-typedef-for-linkage]
 3307 | {
      | ^
      | MyIndexArmRec
D:/HT9045/_integ_ioweb/HT9011UC_Cpp_V3.33.906.0/cprod.h:3311:10: note: type is not C-compatible because it contains 'void MyIndexArmRec::Clear()' declaration
 3311 |     void Clear();
      |          ^~~~~
D:/HT9045/_integ_ioweb/HT9011UC_Cpp_V3.33.906.0/cmydef.h:4732:1: warning: anonymous non-C-compatible type given name for linkage purposes by 'typedef' declaration [-Wnon-c-typedef-for-linkage]
 4732 | {
      | ^
      | MySiteData
D:/HT9045/_integ_ioweb/HT9011UC_Cpp_V3.33.906.0/cmydef.h:4736:10: note: type is not C-compatible because it contains 'void MySiteData::SetData(int, int)' declaration
 4736 |     void SetData(int X, int Y)
      |          ^~~~~~~
D:/HT9045/_integ_ioweb/HT9011UC_Cpp_V3.33.906.0/cmydef.h:4747:1: warning: anonymous non-C-compatible type given name for linkage purposes by 'typedef' declaration [-Wnon-c-typedef-for-linkage]
 4747 | {
      | ^
      | MyNextTrayNeedManualRemoveTray
D:/HT9045/_integ_ioweb/HT9011UC_Cpp_V3.33.906.0/cmydef.h:4753:10: note: type is not C-compatible because it contains 'void MyNextTrayNeedManualRemoveTray::Clear()' declaration
 4753 |     void Clear()
      |          ^~~~~
In file included from D:\HT9045\_integ_ioweb\HT9011UC_Cpp_V3.33.906.0\FileRW\DeviceForm_KbExtra.cpp:28:
D:/HT9045/_integ_ioweb/HT9011UC_Cpp_V3.33.906.0/cmydef.h:4732:1: warning: anonymous non-C-compatible type given name for linkage purposes by 'typedef' declaration [-Wnon-c-typedef-for-linkage]
 4732 | {
      | ^
      | MySiteData
D:/HT9045/_integ_ioweb/HT9011UC_Cpp_V3.33.906.0/cmydef.h:4736:10: note: type is not C-compatible because it contains 'void MySiteData::SetData(int, int)' declaration
 4736 |     void SetData(int X, int Y)
      |          ^~~~~~~
D:/HT9045/_integ_ioweb/HT9011UC_Cpp_V3.33.906.0/cmydef.h:4747:1: warning: anonymous non-C-compatible type given name for linkage purposes by 'typedef' declaration [-Wnon-c-typedef-for-linkage]
 4747 | {
      | ^
      | MyNextTrayNeedManualRemoveTray
D:/HT9045/_integ_ioweb/HT9011UC_Cpp_V3.33.906.0/cmydef.h:4753:10: note: type is not C-compatible because it contains 'void MyNextTrayNeedManualRemoveTray::Clear()' declaration
 4753 |     void Clear()
      |          ^~~~~
[ 89%] Linking CXX executable test_compk_datas.exe
[ 89%] Building CXX object tests/CMakeFiles/test_iosetview_formshow_bridge.dir/test_bootstrap.cpp.obj
[ 89%] Building CXX object tests/CMakeFiles/test_teach_kb.dir/test_teach_kb.cpp.obj
[ 89%] Building CXX object tests/CMakeFiles/test_io_formshow.dir/test_io_formshow.cpp.obj
[ 89%] Building CXX object tests/CMakeFiles/test_cfga_kbextra_n04.dir/__/FileRW/_EditPage.cpp.obj
D:\HT9045\_integ_ioweb\HT9011UC_Cpp_V3.33.906.0\tests\test_bootstrap.cpp:66:16: warning: 'int _putenv(const char*)' redeclared without dllimport attribute: previous dllimport ignored [-Wattributes]
   66 | extern "C" int _putenv(const char *);
      |                ^~~~~~~
[ 89%] Linking CXX executable test_iosetview_formshow_bridge.exe
[ 89%] Building CXX object tests/CMakeFiles/test_teach_kb.dir/__/FileRW/TeachKb.cpp.obj
In file included from D:/HT9045/_integ_ioweb/HT9011UC_Cpp_V3.33.906.0/cmydef.h:10,
                 from D:/HT9045/_integ_ioweb/HT9011UC_Cpp_V3.33.906.0/Public/HTEditList.h:113,
                 from D:/HT9045/_integ_ioweb/HT9011UC_Cpp_V3.33.906.0/FileRW/_EditList.h:27,
                 from D:\HT9045\_integ_ioweb\HT9011UC_Cpp_V3.33.906.0\FileRW\_EditPage.cpp:14:
D:/HT9045/_integ_ioweb/HT9011UC_Cpp_V3.33.906.0/cprod.h:3307:1: warning: anonymous non-C-compatible type given name for linkage purposes by 'typedef' declaration [-Wnon-c-typedef-for-linkage]
 3307 | {
      | ^
      | MyIndexArmRec
D:/HT9045/_integ_ioweb/HT9011UC_Cpp_V3.33.906.0/cprod.h:3311:10: note: type is not C-compatible because it contains 'void MyIndexArmRec::Clear()' declaration
 3311 |     void Clear();
      |          ^~~~~
D:/HT9045/_integ_ioweb/HT9011UC_Cpp_V3.33.906.0/cmydef.h:4732:1: warning: anonymous non-C-compatible type given name for linkage purposes by 'typedef' declaration [-Wnon-c-typedef-for-linkage]
 4732 | {
      | ^
      | MySiteData
D:/HT9045/_integ_ioweb/HT9011UC_Cpp_V3.33.906.0/cmydef.h:4736:10: note: type is not C-compatible because it contains 'void MySiteData::SetData(int, int)' declaration
 4736 |     void SetData(int X, int Y)
      |          ^~~~~~~
D:/HT9045/_integ_ioweb/HT9011UC_Cpp_V3.33.906.0/cmydef.h:4747:1: warning: anonymous non-C-compatible type given name for linkage purposes by 'typedef' declaration [-Wnon-c-typedef-for-linkage]
 4747 | {
      | ^
      | MyNextTrayNeedManualRemoveTray
D:/HT9045/_integ_ioweb/HT9011UC_Cpp_V3.33.906.0/cmydef.h:4753:10: note: type is not C-compatible because it contains 'void MyNextTrayNeedManualRemoveTray::Clear()' declaration
 4753 |     void Clear()
      |          ^~~~~
D:/HT9045/_integ_ioweb/HT9011UC_Cpp_V3.33.906.0/Public/HTEditList.h:429:1: warning: anonymous non-C-compatible type given name for linkage purposes by 'typedef' declaration [-Wnon-c-typedef-for-linkage]
  429 | {
      | ^
      | ArmAndSuckInfo
D:/HT9045/_integ_ioweb/HT9011UC_Cpp_V3.33.906.0/Public/HTEditList.h:438:10: note: type is not C-compatible because it contains 'void ArmAndSuckInfo::Clear()' declaration
  438 |     void Clear()
      |          ^~~~~
D:/HT9045/_integ_ioweb/HT9011UC_Cpp_V3.33.906.0/Public/HTEditList.h:454:1: warning: anonymous non-C-compatible type given name for linkage purposes by 'typedef' declaration [-Wnon-c-typedef-for-linkage]
  454 | {
      | ^
      | SingleSuckPosOnTray
D:/HT9045/_integ_ioweb/HT9011UC_Cpp_V3.33.906.0/Public/HTEditList.h:462:10: note: type is not C-compatible because it contains 'void SingleSuckPosOnTray::Clear()' declaration
  462 |     void Clear()
      |          ^~~~~
D:/HT9045/_integ_ioweb/HT9011UC_Cpp_V3.33.906.0/Public/HTEditList.h:475:1: warning: anonymous non-C-compatible type given name for linkage purposes by 'typedef' declaration [-Wnon-c-typedef-for-linkage]
  475 | {
      | ^
      | MyFillTheTrayAfterOutArmPlace
D:/HT9045/_integ_ioweb/HT9011UC_Cpp_V3.33.906.0/Public/HTEditList.h:479:10: note: type is not C-compatible because it contains 'void MyFillTheTrayAfterOutArmPlace::Clear()' declaration
  479 |     void Clear()
      |          ^~~~~
D:/HT9045/_integ_ioweb/HT9011UC_Cpp_V3.33.906.0/Public/HTEditList.h:488:1: warning: anonymous non-C-compatible type given name for linkage purposes by 'typedef' declaration [-Wnon-c-typedef-for-linkage]
  488 | {
      | ^
      | PickPlaceByArm
D:/HT9045/_integ_ioweb/HT9011UC_Cpp_V3.33.906.0/Public/HTEditList.h:491:10: note: type is not C-compatible because it contains 'void PickPlaceByArm::Clear()' declaration
  491 |     void Clear()
      |          ^~~~~
In file included from D:/HT9045/_integ_ioweb/HT9011UC_Cpp_V3.33.906.0/cmydef.h:10,
                 from D:\HT9045\_integ_ioweb\HT9011UC_Cpp_V3.33.906.0\tests\test_teach_kb.cpp:19:
D:/HT9045/_integ_ioweb/HT9011UC_Cpp_V3.33.906.0/cprod.h:3307:1: warning: anonymous non-C-compatible type given name for linkage purposes by 'typedef' declaration [-Wnon-c-typedef-for-linkage]
 3307 | {
      | ^
      | MyIndexArmRec
D:/HT9045/_integ_ioweb/HT9011UC_Cpp_V3.33.906.0/cprod.h:3311:10: note: type is not C-compatible because it contains 'void MyIndexArmRec::Clear()' declaration
 3311 |     void Clear();
      |          ^~~~~
D:/HT9045/_integ_ioweb/HT9011UC_Cpp_V3.33.906.0/cmydef.h:4732:1: warning: anonymous non-C-compatible type given name for linkage purposes by 'typedef' declaration [-Wnon-c-typedef-for-linkage]
 4732 | {
      | ^
      | MySiteData
D:/HT9045/_integ_ioweb/HT9011UC_Cpp_V3.33.906.0/cmydef.h:4736:10: note: type is not C-compatible because it contains 'void MySiteData::SetData(int, int)' declaration
 4736 |     void SetData(int X, int Y)
      |          ^~~~~~~
D:/HT9045/_integ_ioweb/HT9011UC_Cpp_V3.33.906.0/cmydef.h:4747:1: warning: anonymous non-C-compatible type given name for linkage purposes by 'typedef' declaration [-Wnon-c-typedef-for-linkage]
 4747 | {
      | ^
      | MyNextTrayNeedManualRemoveTray
D:/HT9045/_integ_ioweb/HT9011UC_Cpp_V3.33.906.0/cmydef.h:4753:10: note: type is not C-compatible because it contains 'void MyNextTrayNeedManualRemoveTray::Clear()' declaration
 4753 |     void Clear()
      |          ^~~~~
In file included from D:/HT9045/_integ_ioweb/HT9011UC_Cpp_V3.33.906.0/cmydef.h:10,
                 from D:\HT9045\_integ_ioweb\HT9011UC_Cpp_V3.33.906.0\tests\test_io_formshow.cpp:17:
D:/HT9045/_integ_ioweb/HT9011UC_Cpp_V3.33.906.0/cprod.h:3307:1: warning: anonymous non-C-compatible type given name for linkage purposes by 'typedef' declaration [-Wnon-c-typedef-for-linkage]
 3307 | {
      | ^
      | MyIndexArmRec
D:/HT9045/_integ_ioweb/HT9011UC_Cpp_V3.33.906.0/cprod.h:3311:10: note: type is not C-compatible because it contains 'void MyIndexArmRec::Clear()' declaration
 3311 |     void Clear();
      |          ^~~~~
D:/HT9045/_integ_ioweb/HT9011UC_Cpp_V3.33.906.0/cmydef.h:4732:1: warning: anonymous non-C-compatible type given name for linkage purposes by 'typedef' declaration [-Wnon-c-typedef-for-linkage]
 4732 | {
      | ^
      | MySiteData
D:/HT9045/_integ_ioweb/HT9011UC_Cpp_V3.33.906.0/cmydef.h:4736:10: note: type is not C-compatible because it contains 'void MySiteData::SetData(int, int)' declaration
 4736 |     void SetData(int X, int Y)
      |          ^~~~~~~
D:/HT9045/_integ_ioweb/HT9011UC_Cpp_V3.33.906.0/cmydef.h:4747:1: warning: anonymous non-C-compatible type given name for linkage purposes by 'typedef' declaration [-Wnon-c-typedef-for-linkage]
 4747 | {
      | ^
      | MyNextTrayNeedManualRemoveTray
D:/HT9045/_integ_ioweb/HT9011UC_Cpp_V3.33.906.0/cmydef.h:4753:10: note: type is not C-compatible because it contains 'void MyNextTrayNeedManualRemoveTray::Clear()' declaration
 4753 |     void Clear()
      |          ^~~~~
In file included from D:/HT9045/_integ_ioweb/HT9011UC_Cpp_V3.33.906.0/cmydef.h:10,
                 from D:\HT9045\_integ_ioweb\HT9011UC_Cpp_V3.33.906.0\FileRW\TeachKb.cpp:23:
D:/HT9045/_integ_ioweb/HT9011UC_Cpp_V3.33.906.0/cprod.h:3307:1: warning: anonymous non-C-compatible type given name for linkage purposes by 'typedef' declaration [-Wnon-c-typedef-for-linkage]
 3307 | {
      | ^
      | MyIndexArmRec
D:/HT9045/_integ_ioweb/HT9011UC_Cpp_V3.33.906.0/cprod.h:3311:10: note: type is not C-compatible because it contains 'void MyIndexArmRec::Clear()' declaration
 3311 |     void Clear();
      |          ^~~~~
D:/HT9045/_integ_ioweb/HT9011UC_Cpp_V3.33.906.0/cmydef.h:4732:1: warning: anonymous non-C-compatible type given name for linkage purposes by 'typedef' declaration [-Wnon-c-typedef-for-linkage]
 4732 | {
      | ^
      | MySiteData
D:/HT9045/_integ_ioweb/HT9011UC_Cpp_V3.33.906.0/cmydef.h:4736:10: note: type is not C-compatible because it contains 'void MySiteData::SetData(int, int)' declaration
 4736 |     void SetData(int X, int Y)
      |          ^~~~~~~
D:/HT9045/_integ_ioweb/HT9011UC_Cpp_V3.33.906.0/cmydef.h:4747:1: warning: anonymous non-C-compatible type given name for linkage purposes by 'typedef' declaration [-Wnon-c-typedef-for-linkage]
 4747 | {
      | ^
      | MyNextTrayNeedManualRemoveTray
D:/HT9045/_integ_ioweb/HT9011UC_Cpp_V3.33.906.0/cmydef.h:4753:10: note: type is not C-compatible because it contains 'void MyNextTrayNeedManualRemoveTray::Clear()' declaration
 4753 |     void Clear()
      |          ^~~~~
[ 89%] Building CXX object tests/CMakeFiles/test_io_formshow.dir/__/JsonBridge/IoFormShow.cpp.obj
[ 90%] Building CXX object tests/CMakeFiles/test_teach_kb.dir/test_bootstrap.cpp.obj
[ 90%] Building CXX object tests/CMakeFiles/test_cfga_kbextra_n04.dir/__/FileRW/_KitSuck.cpp.obj
D:\HT9045\_integ_ioweb\HT9011UC_Cpp_V3.33.906.0\tests\test_bootstrap.cpp:66:16: warning: 'int _putenv(const char*)' redeclared without dllimport attribute: previous dllimport ignored [-Wattributes]
   66 | extern "C" int _putenv(const char *);
      |                ^~~~~~~
[ 90%] Linking CXX executable test_teach_kb.exe
In file included from D:/HT9045/_integ_ioweb/HT9011UC_Cpp_V3.33.906.0/cmydef.h:10,
                 from D:\HT9045\_integ_ioweb\HT9011UC_Cpp_V3.33.906.0\JsonBridge\IoFormShow.cpp:9:
D:/HT9045/_integ_ioweb/HT9011UC_Cpp_V3.33.906.0/cprod.h:3307:1: warning: anonymous non-C-compatible type given name for linkage purposes by 'typedef' declaration [-Wnon-c-typedef-for-linkage]
 3307 | {
      | ^
      | MyIndexArmRec
D:/HT9045/_integ_ioweb/HT9011UC_Cpp_V3.33.906.0/cprod.h:3311:10: note: type is not C-compatible because it contains 'void MyIndexArmRec::Clear()' declaration
 3311 |     void Clear();
      |          ^~~~~
D:/HT9045/_integ_ioweb/HT9011UC_Cpp_V3.33.906.0/cmydef.h:4732:1: warning: anonymous non-C-compatible type given name for linkage purposes by 'typedef' declaration [-Wnon-c-typedef-for-linkage]
 4732 | {
      | ^
      | MySiteData
D:/HT9045/_integ_ioweb/HT9011UC_Cpp_V3.33.906.0/cmydef.h:4736:10: note: type is not C-compatible because it contains 'void MySiteData::SetData(int, int)' declaration
 4736 |     void SetData(int X, int Y)
      |          ^~~~~~~
D:/HT9045/_integ_ioweb/HT9011UC_Cpp_V3.33.906.0/cmydef.h:4747:1: warning: anonymous non-C-compatible type given name for linkage purposes by 'typedef' declaration [-Wnon-c-typedef-for-linkage]
 4747 | {
      | ^
      | MyNextTrayNeedManualRemoveTray
D:/HT9045/_integ_ioweb/HT9011UC_Cpp_V3.33.906.0/cmydef.h:4753:10: note: type is not C-compatible because it contains 'void MyNextTrayNeedManualRemoveTray::Clear()' declaration
 4753 |     void Clear()
      |          ^~~~~
[ 90%] Building CXX object tests/CMakeFiles/test_io_formshow.dir/__/WebWindowRegistry.cpp.obj
[ 90%] Building CXX object tests/CMakeFiles/test_thermo_comm.dir/test_thermo_comm.cpp.obj
[ 90%] Building CXX object tests/CMakeFiles/test_io_formshow.dir/test_bootstrap.cpp.obj
D:\HT9045\_integ_ioweb\HT9011UC_Cpp_V3.33.906.0\tests\test_bootstrap.cpp:66:16: warning: 'int _putenv(const char*)' redeclared without dllimport attribute: previous dllimport ignored [-Wattributes]
   66 | extern "C" int _putenv(const char *);
      |                ^~~~~~~
[ 90%] Linking CXX executable test_io_formshow.exe
In file included from D:/HT9045/_integ_ioweb/HT9011UC_Cpp_V3.33.906.0/cmydef.h:10,
                 from D:/HT9045/_integ_ioweb/HT9011UC_Cpp_V3.33.906.0/aHotPlateSubstrate.h:67,
                 from D:\HT9045\_integ_ioweb\HT9011UC_Cpp_V3.33.906.0\FileRW\_KitSuck.cpp:8:
D:/HT9045/_integ_ioweb/HT9011UC_Cpp_V3.33.906.0/cprod.h:3307:1: warning: anonymous non-C-compatible type given name for linkage purposes by 'typedef' declaration [-Wnon-c-typedef-for-linkage]
 3307 | {
      | ^
      | MyIndexArmRec
D:/HT9045/_integ_ioweb/HT9011UC_Cpp_V3.33.906.0/cprod.h:3311:10: note: type is not C-compatible because it contains 'void MyIndexArmRec::Clear()' declaration
 3311 |     void Clear();
      |          ^~~~~
D:/HT9045/_integ_ioweb/HT9011UC_Cpp_V3.33.906.0/cmydef.h:4732:1: warning: anonymous non-C-compatible type given name for linkage purposes by 'typedef' declaration [-Wnon-c-typedef-for-linkage]
 4732 | {
      | ^
      | MySiteData
D:/HT9045/_integ_ioweb/HT9011UC_Cpp_V3.33.906.0/cmydef.h:4736:10: note: type is not C-compatible because it contains 'void MySiteData::SetData(int, int)' declaration
 4736 |     void SetData(int X, int Y)
      |          ^~~~~~~
D:/HT9045/_integ_ioweb/HT9011UC_Cpp_V3.33.906.0/cmydef.h:4747:1: warning: anonymous non-C-compatible type given name for linkage purposes by 'typedef' declaration [-Wnon-c-typedef-for-linkage]
 4747 | {
      | ^
      | MyNextTrayNeedManualRemoveTray
D:/HT9045/_integ_ioweb/HT9011UC_Cpp_V3.33.906.0/cmydef.h:4753:10: note: type is not C-compatible because it contains 'void MyNextTrayNeedManualRemoveTray::Clear()' declaration
 4753 |     void Clear()
      |          ^~~~~
D:/HT9045/_integ_ioweb/HT9011UC_Cpp_V3.33.906.0/aHotPlateSubstrate.h:830:1: warning: anonymous non-C-compatible type given name for linkage purposes by 'typedef' declaration [-Wnon-c-typedef-for-linkage]
  830 | {
      | ^
      | strAUTOSITEMAP
D:/HT9045/_integ_ioweb/HT9011UC_Cpp_V3.33.906.0/aHotPlateSubstrate.h:836:10: note: type is not C-compatible because it contains 'void strAUTOSITEMAP::ClearData()' declaration
  836 |     void ClearData()
      |          ^~~~~~~~~
In file included from D:/HT9045/_integ_ioweb/HT9011UC_Cpp_V3.33.906.0/cmydef.h:10,
                 from D:\HT9045\_integ_ioweb\HT9011UC_Cpp_V3.33.906.0\tests\test_thermo_comm.cpp:21:
D:/HT9045/_integ_ioweb/HT9011UC_Cpp_V3.33.906.0/cprod.h:3307:1: warning: anonymous non-C-compatible type given name for linkage purposes by 'typedef' declaration [-Wnon-c-typedef-for-linkage]
 3307 | {
      | ^
      | MyIndexArmRec
D:/HT9045/_integ_ioweb/HT9011UC_Cpp_V3.33.906.0/cprod.h:3311:10: note: type is not C-compatible because it contains 'void MyIndexArmRec::Clear()' declaration
 3311 |     void Clear();
      |          ^~~~~
D:/HT9045/_integ_ioweb/HT9011UC_Cpp_V3.33.906.0/cmydef.h:4732:1: warning: anonymous non-C-compatible type given name for linkage purposes by 'typedef' declaration [-Wnon-c-typedef-for-linkage]
 4732 | {
      | ^
      | MySiteData
D:/HT9045/_integ_ioweb/HT9011UC_Cpp_V3.33.906.0/cmydef.h:4736:10: note: type is not C-compatible because it contains 'void MySiteData::SetData(int, int)' declaration
 4736 |     void SetData(int X, int Y)
      |          ^~~~~~~
D:/HT9045/_integ_ioweb/HT9011UC_Cpp_V3.33.906.0/cmydef.h:4747:1: warning: anonymous non-C-compatible type given name for linkage purposes by 'typedef' declaration [-Wnon-c-typedef-for-linkage]
 4747 | {
      | ^
      | MyNextTrayNeedManualRemoveTray
D:/HT9045/_integ_ioweb/HT9011UC_Cpp_V3.33.906.0/cmydef.h:4753:10: note: type is not C-compatible because it contains 'void MyNextTrayNeedManualRemoveTray::Clear()' declaration
 4753 |     void Clear()
      |          ^~~~~
[ 90%] Building CXX object tests/CMakeFiles/test_cfga_kbextra_n04.dir/test_bootstrap.cpp.obj
[ 90%] Building CXX object tests/CMakeFiles/test_thermo_comm.dir/test_bootstrap.cpp.obj
[ 90%] Building CXX object tests/CMakeFiles/test_e021_observer.dir/test_e021_observer.cpp.obj
D:\HT9045\_integ_ioweb\HT9011UC_Cpp_V3.33.906.0\tests\test_bootstrap.cpp:66:16: warning: 'int _putenv(const char*)' redeclared without dllimport attribute: previous dllimport ignored [-Wattributes]
   66 | extern "C" int _putenv(const char *);
      |                ^~~~~~~
D:\HT9045\_integ_ioweb\HT9011UC_Cpp_V3.33.906.0\tests\test_bootstrap.cpp:66:16: warning: 'int _putenv(const char*)' redeclared without dllimport attribute: previous dllimport ignored [-Wattributes]
   66 | extern "C" int _putenv(const char *);
      |                ^~~~~~~
[ 90%] Linking CXX executable test_thermo_comm.exe
[ 90%] Linking CXX executable test_cfga_kbextra_n04.exe
[ 90%] Built target test_setlotstate
[ 90%] Building CXX object tests/CMakeFiles/test_e021_observer.dir/__/JsonBridge/ChanProduction.cpp.obj
[ 90%] Built target test_fastclk_trylock
[ 90%] Building CXX object tests/CMakeFiles/test_e021_observer.dir/__/JsonBridge/ChanIo.cpp.obj
In file included from D:/HT9045/_integ_ioweb/HT9011UC_Cpp_V3.33.906.0/cmydef.h:10,
                 from D:\HT9045\_integ_ioweb\HT9011UC_Cpp_V3.33.906.0\tests\test_e021_observer.cpp:40:
D:/HT9045/_integ_ioweb/HT9011UC_Cpp_V3.33.906.0/cprod.h:3307:1: warning: anonymous non-C-compatible type given name for linkage purposes by 'typedef' declaration [-Wnon-c-typedef-for-linkage]
 3307 | {
      | ^
      | MyIndexArmRec
D:/HT9045/_integ_ioweb/HT9011UC_Cpp_V3.33.906.0/cprod.h:3311:10: note: type is not C-compatible because it contains 'void MyIndexArmRec::Clear()' declaration
 3311 |     void Clear();
      |          ^~~~~
D:/HT9045/_integ_ioweb/HT9011UC_Cpp_V3.33.906.0/cmydef.h:4732:1: warning: anonymous non-C-compatible type given name for linkage purposes by 'typedef' declaration [-Wnon-c-typedef-for-linkage]
 4732 | {
      | ^
      | MySiteData
D:/HT9045/_integ_ioweb/HT9011UC_Cpp_V3.33.906.0/cmydef.h:4736:10: note: type is not C-compatible because it contains 'void MySiteData::SetData(int, int)' declaration
 4736 |     void SetData(int X, int Y)
      |          ^~~~~~~
D:/HT9045/_integ_ioweb/HT9011UC_Cpp_V3.33.906.0/cmydef.h:4747:1: warning: anonymous non-C-compatible type given name for linkage purposes by 'typedef' declaration [-Wnon-c-typedef-for-linkage]
 4747 | {
      | ^
      | MyNextTrayNeedManualRemoveTray
D:/HT9045/_integ_ioweb/HT9011UC_Cpp_V3.33.906.0/cmydef.h:4753:10: note: type is not C-compatible because it contains 'void MyNextTrayNeedManualRemoveTray::Clear()' declaration
 4753 |     void Clear()
      |          ^~~~~
In file included from D:\HT9045\_integ_ioweb\HT9011UC_Cpp_V3.33.906.0\JsonBridge\ChanProduction.cpp:15:
D:/HT9045/_integ_ioweb/HT9011UC_Cpp_V3.33.906.0/cprod.h:3307:1: warning: anonymous non-C-compatible type given name for linkage purposes by 'typedef' declaration [-Wnon-c-typedef-for-linkage]
 3307 | {
      | ^
      | MyIndexArmRec
D:/HT9045/_integ_ioweb/HT9011UC_Cpp_V3.33.906.0/cprod.h:3311:10: note: type is not C-compatible because it contains 'void MyIndexArmRec::Clear()' declaration
 3311 |     void Clear();
      |          ^~~~~
In file included from D:\HT9045\_integ_ioweb\HT9011UC_Cpp_V3.33.906.0\JsonBridge\ChanProduction.cpp:18:
D:/HT9045/_integ_ioweb/HT9011UC_Cpp_V3.33.906.0/cmydef.h:4732:1: warning: anonymous non-C-compatible type given name for linkage purposes by 'typedef' declaration [-Wnon-c-typedef-for-linkage]
 4732 | {
      | ^
      | MySiteData
D:/HT9045/_integ_ioweb/HT9011UC_Cpp_V3.33.906.0/cmydef.h:4736:10: note: type is not C-compatible because it contains 'void MySiteData::SetData(int, int)' declaration
 4736 |     void SetData(int X, int Y)
      |          ^~~~~~~
D:/HT9045/_integ_ioweb/HT9011UC_Cpp_V3.33.906.0/cmydef.h:4747:1: warning: anonymous non-C-compatible type given name for linkage purposes by 'typedef' declaration [-Wnon-c-typedef-for-linkage]
 4747 | {
      | ^
      | MyNextTrayNeedManualRemoveTray
D:/HT9045/_integ_ioweb/HT9011UC_Cpp_V3.33.906.0/cmydef.h:4753:10: note: type is not C-compatible because it contains 'void MyNextTrayNeedManualRemoveTray::Clear()' declaration
 4753 |     void Clear()
      |          ^~~~~
[ 90%] Built target test_tempfuse_limit
[ 90%] Building CXX object tests/CMakeFiles/test_e021_observer.dir/__/JsonBridge/ChanMotor.cpp.obj
[ 90%] Building CXX object tests/CMakeFiles/test_e021_observer.dir/__/JsonBridge/ChanAction.cpp.obj
[ 90%] Building CXX object tests/CMakeFiles/test_sht_rowcol_startpos.dir/test_sht_rowcol_startpos.cpp.obj
[ 90%] Built target test_boot_servo_on
[ 90%] Building CXX object tests/CMakeFiles/test_e021_observer.dir/__/JsonBridge/actions/MainTesterConnect.cpp.obj
[ 90%] Building CXX object tests/CMakeFiles/test_index_check4site.dir/test_index_check4site.cpp.obj
[ 90%] Building CXX object tests/CMakeFiles/test_settemp_save.dir/test_settemp_save.cpp.obj
[ 90%] Built target test_sysinit_boot
[ 90%] Building CXX object tests/CMakeFiles/test_sht_rowcol_startpos.dir/test_bootstrap.cpp.obj
In file included from D:/HT9045/_integ_ioweb/HT9011UC_Cpp_V3.33.906.0/cmydef.h:10,
                 from D:/HT9045/_integ_ioweb/HT9011UC_Cpp_V3.33.906.0/ainarm9045.h:30,
                 from D:\HT9045\_integ_ioweb\HT9011UC_Cpp_V3.33.906.0\tests\test_sht_rowcol_startpos.cpp:33:
D:/HT9045/_integ_ioweb/HT9011UC_Cpp_V3.33.906.0/cprod.h:3307:1: warning: anonymous non-C-compatible type given name for linkage purposes by 'typedef' declaration [-Wnon-c-typedef-for-linkage]
 3307 | {
      | ^
      | MyIndexArmRec
D:/HT9045/_integ_ioweb/HT9011UC_Cpp_V3.33.906.0/cprod.h:3311:10: note: type is not C-compatible because it contains 'void MyIndexArmRec::Clear()' declaration
 3311 |     void Clear();
      |          ^~~~~
D:/HT9045/_integ_ioweb/HT9011UC_Cpp_V3.33.906.0/cmydef.h:4732:1: warning: anonymous non-C-compatible type given name for linkage purposes by 'typedef' declaration [-Wnon-c-typedef-for-linkage]
 4732 | {
      | ^
      | MySiteData
D:/HT9045/_integ_ioweb/HT9011UC_Cpp_V3.33.906.0/cmydef.h:4736:10: note: type is not C-compatible because it contains 'void MySiteData::SetData(int, int)' declaration
 4736 |     void SetData(int X, int Y)
      |          ^~~~~~~
D:/HT9045/_integ_ioweb/HT9011UC_Cpp_V3.33.906.0/cmydef.h:4747:1: warning: anonymous non-C-compatible type given name for linkage purposes by 'typedef' declaration [-Wnon-c-typedef-for-linkage]
 4747 | {
      | ^
      | MyNextTrayNeedManualRemoveTray
D:/HT9045/_integ_ioweb/HT9011UC_Cpp_V3.33.906.0/cmydef.h:4753:10: note: type is not C-compatible because it contains 'void MyNextTrayNeedManualRemoveTray::Clear()' declaration
 4753 |     void Clear()
      |          ^~~~~
In file included from D:\HT9045\_integ_ioweb\HT9011UC_Cpp_V3.33.906.0\tests\test_sht_rowcol_startpos.cpp:34:
D:/HT9045/_integ_ioweb/HT9011UC_Cpp_V3.33.906.0/aHotPlateSubstrate.h:830:1: warning: anonymous non-C-compatible type given name for linkage purposes by 'typedef' declaration [-Wnon-c-typedef-for-linkage]
  830 | {
      | ^
      | strAUTOSITEMAP
D:/HT9045/_integ_ioweb/HT9011UC_Cpp_V3.33.906.0/aHotPlateSubstrate.h:836:10: note: type is not C-compatible because it contains 'void strAUTOSITEMAP::ClearData()' declaration
  836 |     void ClearData()
      |          ^~~~~~~~~
[ 90%] Built target test_socket_sensor
[ 90%] Building CXX object tests/CMakeFiles/test_e021_observer.dir/__/JsonBridge/actions/MainRecordClear.cpp.obj
[ 91%] Building CXX object tests/CMakeFiles/test_index_check4site.dir/test_bootstrap.cpp.obj
[ 91%] Built target test_heater_chain
[ 91%] Building CXX object tests/CMakeFiles/test_settemp_save.dir/test_bootstrap.cpp.obj
D:\HT9045\_integ_ioweb\HT9011UC_Cpp_V3.33.906.0\tests\test_bootstrap.cpp:66:16: warning: 'int _putenv(const char*)' redeclared without dllimport attribute: previous dllimport ignored [-Wattributes]
   66 | extern "C" int _putenv(const char *);
      |                ^~~~~~~
[ 91%] Linking CXX executable test_sht_rowcol_startpos.exe
D:\HT9045\_integ_ioweb\HT9011UC_Cpp_V3.33.906.0\tests\test_bootstrap.cpp:66:16: warning: 'int _putenv(const char*)' redeclared without dllimport attribute: previous dllimport ignored [-Wattributes]
   66 | extern "C" int _putenv(const char *);
      |                ^~~~~~~
[ 91%] Building CXX object tests/CMakeFiles/test_e021_observer.dir/__/JsonBridge/actions/LotInfoFtp.cpp.obj
[ 91%] Built target test_safedoor_record
[ 91%] Building CXX object tests/CMakeFiles/test_e021_observer.dir/__/JsonBridge/actions/ObserverSGJam.cpp.obj
In file included from D:/HT9045/_integ_ioweb/HT9011UC_Cpp_V3.33.906.0/cmydef.h:10,
                 from D:/HT9045/_integ_ioweb/HT9011UC_Cpp_V3.33.906.0/atester.h:24,
                 from D:\HT9045\_integ_ioweb\HT9011UC_Cpp_V3.33.906.0\tests\test_index_check4site.cpp:54:
D:/HT9045/_integ_ioweb/HT9011UC_Cpp_V3.33.906.0/cprod.h:3307:1: warning: anonymous non-C-compatible type given name for linkage purposes by 'typedef' declaration [-Wnon-c-typedef-for-linkage]
 3307 | {
      | ^
      | MyIndexArmRec
D:/HT9045/_integ_ioweb/HT9011UC_Cpp_V3.33.906.0/cprod.h:3311:10: note: type is not C-compatible because it contains 'void MyIndexArmRec::Clear()' declaration
 3311 |     void Clear();
      |          ^~~~~
D:/HT9045/_integ_ioweb/HT9011UC_Cpp_V3.33.906.0/cmydef.h:4732:1: warning: anonymous non-C-compatible type given name for linkage purposes by 'typedef' declaration [-Wnon-c-typedef-for-linkage]
 4732 | {
      | ^
      | MySiteData
D:/HT9045/_integ_ioweb/HT9011UC_Cpp_V3.33.906.0/cmydef.h:4736:10: note: type is not C-compatible because it contains 'void MySiteData::SetData(int, int)' declaration
 4736 |     void SetData(int X, int Y)
      |          ^~~~~~~
D:/HT9045/_integ_ioweb/HT9011UC_Cpp_V3.33.906.0/cmydef.h:4747:1: warning: anonymous non-C-compatible type given name for linkage purposes by 'typedef' declaration [-Wnon-c-typedef-for-linkage]
 4747 | {
      | ^
      | MyNextTrayNeedManualRemoveTray
D:/HT9045/_integ_ioweb/HT9011UC_Cpp_V3.33.906.0/cmydef.h:4753:10: note: type is not C-compatible because it contains 'void MyNextTrayNeedManualRemoveTray::Clear()' declaration
 4753 |     void Clear()
      |          ^~~~~
In file included from D:\HT9045\_integ_ioweb\HT9011UC_Cpp_V3.33.906.0\tests\test_index_check4site.cpp:55:
D:/HT9045/_integ_ioweb/HT9011UC_Cpp_V3.33.906.0/aHotPlateSubstrate.h:830:1: warning: anonymous non-C-compatible type given name for linkage purposes by 'typedef' declaration [-Wnon-c-typedef-for-linkage]
  830 | {
      | ^
      | strAUTOSITEMAP
D:/HT9045/_integ_ioweb/HT9011UC_Cpp_V3.33.906.0/aHotPlateSubstrate.h:836:10: note: type is not C-compatible because it contains 'void strAUTOSITEMAP::ClearData()' declaration
  836 |     void ClearData()
      |          ^~~~~~~~~
D:\HT9045\_integ_ioweb\HT9011UC_Cpp_V3.33.906.0\tests\test_bootstrap.cpp:66:16: warning: 'int _putenv(const char*)' redeclared without dllimport attribute: previous dllimport ignored [-Wattributes]
   66 | extern "C" int _putenv(const char *);
      |                ^~~~~~~
In file included from D:/HT9045/_integ_ioweb/HT9011UC_Cpp_V3.33.906.0/cmydef.h:10,
                 from D:\HT9045\_integ_ioweb\HT9011UC_Cpp_V3.33.906.0\JsonBridge\actions\MainTesterConnect.cpp:28:
D:/HT9045/_integ_ioweb/HT9011UC_Cpp_V3.33.906.0/cprod.h:3307:1: warning: anonymous non-C-compatible type given name for linkage purposes by 'typedef' declaration [-Wnon-c-typedef-for-linkage]
 3307 | {
      | ^
      | MyIndexArmRec
D:/HT9045/_integ_ioweb/HT9011UC_Cpp_V3.33.906.0/cprod.h:3311:10: note: type is not C-compatible because it contains 'void MyIndexArmRec::Clear()' declaration
 3311 |     void Clear();
      |          ^~~~~
D:/HT9045/_integ_ioweb/HT9011UC_Cpp_V3.33.906.0/cmydef.h:4732:1: warning: anonymous non-C-compatible type given name for linkage purposes by 'typedef' declaration [-Wnon-c-typedef-for-linkage]
 4732 | {
      | ^
      | MySiteData
D:/HT9045/_integ_ioweb/HT9011UC_Cpp_V3.33.906.0/cmydef.h:4736:10: note: type is not C-compatible because it contains 'void MySiteData::SetData(int, int)' declaration
 4736 |     void SetData(int X, int Y)
      |          ^~~~~~~
D:/HT9045/_integ_ioweb/HT9011UC_Cpp_V3.33.906.0/cmydef.h:4747:1: warning: anonymous non-C-compatible type given name for linkage purposes by 'typedef' declaration [-Wnon-c-typedef-for-linkage]
 4747 | {
      | ^
      | MyNextTrayNeedManualRemoveTray
D:/HT9045/_integ_ioweb/HT9011UC_Cpp_V3.33.906.0/cmydef.h:4753:10: note: type is not C-compatible because it contains 'void MyNextTrayNeedManualRemoveTray::Clear()' declaration
 4753 |     void Clear()
      |          ^~~~~
In file included from D:\HT9045\_integ_ioweb\HT9011UC_Cpp_V3.33.906.0\JsonBridge\actions\MainTesterConnect.cpp:34:
D:/HT9045/_integ_ioweb/HT9011UC_Cpp_V3.33.906.0/aHotPlateSubstrate.h:830:1: warning: anonymous non-C-compatible type given name for linkage purposes by 'typedef' declaration [-Wnon-c-typedef-for-linkage]
  830 | {
      | ^
      | strAUTOSITEMAP
D:/HT9045/_integ_ioweb/HT9011UC_Cpp_V3.33.906.0/aHotPlateSubstrate.h:836:10: note: type is not C-compatible because it contains 'void strAUTOSITEMAP::ClearData()' declaration
  836 |     void ClearData()
      |          ^~~~~~~~~
[ 91%] Linking CXX executable test_index_check4site.exe
[ 91%] Built target test_streamgate_tags
[ 91%] Building CXX object tests/CMakeFiles/test_e021_observer.dir/__/JsonBridge/actions/MainClarnData.cpp.obj
In file included from D:\HT9045\_integ_ioweb\HT9011UC_Cpp_V3.33.906.0\JsonBridge\ChanAction.cpp:22:
D:/HT9045/_integ_ioweb/HT9011UC_Cpp_V3.33.906.0/cprod.h:3307:1: warning: anonymous non-C-compatible type given name for linkage purposes by 'typedef' declaration [-Wnon-c-typedef-for-linkage]
 3307 | {
      | ^
      | MyIndexArmRec
D:/HT9045/_integ_ioweb/HT9011UC_Cpp_V3.33.906.0/cprod.h:3311:10: note: type is not C-compatible because it contains 'void MyIndexArmRec::Clear()' declaration
 3311 |     void Clear();
      |          ^~~~~
In file included from D:\HT9045\_integ_ioweb\HT9011UC_Cpp_V3.33.906.0\JsonBridge\ChanAction.cpp:27:
D:/HT9045/_integ_ioweb/HT9011UC_Cpp_V3.33.906.0/cSocket.h:235:1: warning: anonymous non-C-compatible type given name for linkage purposes by 'typedef' declaration [-Wnon-c-typedef-for-linkage]
  235 | {
      | ^
      | TEST_CATEGORY
D:/HT9045/_integ_ioweb/HT9011UC_Cpp_V3.33.906.0/cSocket.h:261:10: note: type is not C-compatible because it contains 'void TEST_CATEGORY::ClearCount()' declaration
  261 |     void ClearCount();
      |          ^~~~~~~~~~
In file included from D:\HT9045\_integ_ioweb\HT9011UC_Cpp_V3.33.906.0\JsonBridge\ChanAction.cpp:28:
D:/HT9045/_integ_ioweb/HT9011UC_Cpp_V3.33.906.0/cmydef.h:4732:1: warning: anonymous non-C-compatible type given name for linkage purposes by 'typedef' declaration [-Wnon-c-typedef-for-linkage]
 4732 | {
      | ^
      | MySiteData
D:/HT9045/_integ_ioweb/HT9011UC_Cpp_V3.33.906.0/cmydef.h:4736:10: note: type is not C-compatible because it contains 'void MySiteData::SetData(int, int)' declaration
 4736 |     void SetData(int X, int Y)
      |          ^~~~~~~
D:/HT9045/_integ_ioweb/HT9011UC_Cpp_V3.33.906.0/cmydef.h:4747:1: warning: anonymous non-C-compatible type given name for linkage purposes by 'typedef' declaration [-Wnon-c-typedef-for-linkage]
 4747 | {
      | ^
      | MyNextTrayNeedManualRemoveTray
D:/HT9045/_integ_ioweb/HT9011UC_Cpp_V3.33.906.0/cmydef.h:4753:10: note: type is not C-compatible because it contains 'void MyNextTrayNeedManualRemoveTray::Clear()' declaration
 4753 |     void Clear()
      |          ^~~~~
In file included from D:\HT9045\_integ_ioweb\HT9011UC_Cpp_V3.33.906.0\JsonBridge\actions\MainRecordClear.cpp:20:
D:/HT9045/_integ_ioweb/HT9011UC_Cpp_V3.33.906.0/cSocket.h:235:1: warning: anonymous non-C-compatible type given name for linkage purposes by 'typedef' declaration [-Wnon-c-typedef-for-linkage]
  235 | {
      | ^
      | TEST_CATEGORY
D:/HT9045/_integ_ioweb/HT9011UC_Cpp_V3.33.906.0/cSocket.h:261:10: note: type is not C-compatible because it contains 'void TEST_CATEGORY::ClearCount()' declaration
  261 |     void ClearCount();
      |          ^~~~~~~~~~
In file included from D:/HT9045/_integ_ioweb/HT9011UC_Cpp_V3.33.906.0/cmydef.h:10,
                 from D:\HT9045\_integ_ioweb\HT9011UC_Cpp_V3.33.906.0\JsonBridge\actions\ObserverSGJam.cpp:21:
D:/HT9045/_integ_ioweb/HT9011UC_Cpp_V3.33.906.0/cprod.h:3307:1: warning: anonymous non-C-compatible type given name for linkage purposes by 'typedef' declaration [-Wnon-c-typedef-for-linkage]
 3307 | {
      | ^
      | MyIndexArmRec
D:/HT9045/_integ_ioweb/HT9011UC_Cpp_V3.33.906.0/cprod.h:3311:10: note: type is not C-compatible because it contains 'void MyIndexArmRec::Clear()' declaration
 3311 |     void Clear();
      |          ^~~~~
D:/HT9045/_integ_ioweb/HT9011UC_Cpp_V3.33.906.0/cmydef.h:4732:1: warning: anonymous non-C-compatible type given name for linkage purposes by 'typedef' declaration [-Wnon-c-typedef-for-linkage]
 4732 | {
      | ^
      | MySiteData
D:/HT9045/_integ_ioweb/HT9011UC_Cpp_V3.33.906.0/cmydef.h:4736:10: note: type is not C-compatible because it contains 'void MySiteData::SetData(int, int)' declaration
 4736 |     void SetData(int X, int Y)
      |          ^~~~~~~
D:/HT9045/_integ_ioweb/HT9011UC_Cpp_V3.33.906.0/cmydef.h:4747:1: warning: anonymous non-C-compatible type given name for linkage purposes by 'typedef' declaration [-Wnon-c-typedef-for-linkage]
 4747 | {
      | ^
      | MyNextTrayNeedManualRemoveTray
D:/HT9045/_integ_ioweb/HT9011UC_Cpp_V3.33.906.0/cmydef.h:4753:10: note: type is not C-compatible because it contains 'void MyNextTrayNeedManualRemoveTray::Clear()' declaration
 4753 |     void Clear()
      |          ^~~~~
[ 91%] Building CXX object tests/CMakeFiles/test_dtme08_cycle.dir/test_dtme08_cycle.cpp.obj
In file included from D:/HT9045/_integ_ioweb/HT9011UC_Cpp_V3.33.906.0/cmydef.h:10,
                 from D:\HT9045\_integ_ioweb\HT9011UC_Cpp_V3.33.906.0\tests\test_settemp_save.cpp:25:
D:/HT9045/_integ_ioweb/HT9011UC_Cpp_V3.33.906.0/cprod.h:3307:1: warning: anonymous non-C-compatible type given name for linkage purposes by 'typedef' declaration [-Wnon-c-typedef-for-linkage]
 3307 | {
      | ^
      | MyIndexArmRec
D:/HT9045/_integ_ioweb/HT9011UC_Cpp_V3.33.906.0/cprod.h:3311:10: note: type is not C-compatible because it contains 'void MyIndexArmRec::Clear()' declaration
 3311 |     void Clear();
      |          ^~~~~
D:/HT9045/_integ_ioweb/HT9011UC_Cpp_V3.33.906.0/cmydef.h:4732:1: warning: anonymous non-C-compatible type given name for linkage purposes by 'typedef' declaration [-Wnon-c-typedef-for-linkage]
 4732 | {
      | ^
      | MySiteData
D:/HT9045/_integ_ioweb/HT9011UC_Cpp_V3.33.906.0/cmydef.h:4736:10: note: type is not C-compatible because it contains 'void MySiteData::SetData(int, int)' declaration
 4736 |     void SetData(int X, int Y)
      |          ^~~~~~~
D:/HT9045/_integ_ioweb/HT9011UC_Cpp_V3.33.906.0/cmydef.h:4747:1: warning: anonymous non-C-compatible type given name for linkage purposes by 'typedef' declaration [-Wnon-c-typedef-for-linkage]
 4747 | {
      | ^
      | MyNextTrayNeedManualRemoveTray
D:/HT9045/_integ_ioweb/HT9011UC_Cpp_V3.33.906.0/cmydef.h:4753:10: note: type is not C-compatible because it contains 'void MyNextTrayNeedManualRemoveTray::Clear()' declaration
 4753 |     void Clear()
      |          ^~~~~
[ 91%] Built target test_coolfan_rules
[ 91%] Building CXX object tests/CMakeFiles/test_e021_observer.dir/__/JsonBridge/actions/MainStateRecord.cpp.obj
In file included from D:/HT9045/_integ_ioweb/HT9011UC_Cpp_V3.33.906.0/cmydef.h:10,
                 from D:\HT9045\_integ_ioweb\HT9011UC_Cpp_V3.33.906.0\JsonBridge\actions\MainClarnData.cpp:17:
D:/HT9045/_integ_ioweb/HT9011UC_Cpp_V3.33.906.0/cprod.h:3307:1: warning: anonymous non-C-compatible type given name for linkage purposes by 'typedef' declaration [-Wnon-c-typedef-for-linkage]
 3307 | {
      | ^
      | MyIndexArmRec
D:/HT9045/_integ_ioweb/HT9011UC_Cpp_V3.33.906.0/cprod.h:3311:10: note: type is not C-compatible because it contains 'void MyIndexArmRec::Clear()' declaration
 3311 |     void Clear();
      |          ^~~~~
D:/HT9045/_integ_ioweb/HT9011UC_Cpp_V3.33.906.0/cmydef.h:4732:1: warning: anonymous non-C-compatible type given name for linkage purposes by 'typedef' declaration [-Wnon-c-typedef-for-linkage]
 4732 | {
      | ^
      | MySiteData
D:/HT9045/_integ_ioweb/HT9011UC_Cpp_V3.33.906.0/cmydef.h:4736:10: note: type is not C-compatible because it contains 'void MySiteData::SetData(int, int)' declaration
 4736 |     void SetData(int X, int Y)
      |          ^~~~~~~
D:/HT9045/_integ_ioweb/HT9011UC_Cpp_V3.33.906.0/cmydef.h:4747:1: warning: anonymous non-C-compatible type given name for linkage purposes by 'typedef' declaration [-Wnon-c-typedef-for-linkage]
 4747 | {
      | ^
      | MyNextTrayNeedManualRemoveTray
D:/HT9045/_integ_ioweb/HT9011UC_Cpp_V3.33.906.0/cmydef.h:4753:10: note: type is not C-compatible because it contains 'void MyNextTrayNeedManualRemoveTray::Clear()' declaration
 4753 |     void Clear()
      |          ^~~~~
[ 91%] Linking CXX executable test_settemp_save.exe
[ 91%] Building CXX object tests/CMakeFiles/test_dtme08_cycle.dir/test_bootstrap.cpp.obj
[ 91%] Building CXX object tests/CMakeFiles/test_temperfrom_timer1.dir/test_temperfrom_timer1.cpp.obj
[ 91%] Built target test_socket_check
[ 91%] Building CXX object tests/CMakeFiles/test_e021_observer.dir/__/JsonBridge/EventLog.cpp.obj
[ 91%] Building CXX object tests/CMakeFiles/test_adam6024_comm.dir/test_adam6024_comm.cpp.obj
[ 92%] Building CXX object tests/CMakeFiles/test_adam6024_pressure.dir/test_adam6024_pressure.cpp.obj
D:\HT9045\_integ_ioweb\HT9011UC_Cpp_V3.33.906.0\tests\test_bootstrap.cpp:66:16: warning: 'int _putenv(const char*)' redeclared without dllimport attribute: previous dllimport ignored [-Wattributes]
   66 | extern "C" int _putenv(const char *);
      |                ^~~~~~~
[ 93%] Building CXX object tests/CMakeFiles/test_temperfrom_timer1.dir/test_bootstrap.cpp.obj
[ 93%] Building CXX object tests/CMakeFiles/test_adam6024_comm.dir/test_bootstrap.cpp.obj
[ 93%] Building CXX object tests/CMakeFiles/test_li9_ftpclient.dir/test_li9_ftpclient.cpp.obj
D:\HT9045\_integ_ioweb\HT9011UC_Cpp_V3.33.906.0\tests\test_bootstrap.cpp:66:16: warning: 'int _putenv(const char*)' redeclared without dllimport attribute: previous dllimport ignored [-Wattributes]
   66 | extern "C" int _putenv(const char *);
      |                ^~~~~~~
D:\HT9045\_integ_ioweb\HT9011UC_Cpp_V3.33.906.0\tests\test_bootstrap.cpp:66:16: warning: 'int _putenv(const char*)' redeclared without dllimport attribute: previous dllimport ignored [-Wattributes]
   66 | extern "C" int _putenv(const char *);
      |                ^~~~~~~
[ 93%] Building CXX object tests/CMakeFiles/test_adam6024_pressure.dir/test_bootstrap.cpp.obj
[ 93%] Built target test_note_webkeygate
[ 93%] Building CXX object tests/CMakeFiles/test_e021_observer.dir/__/EtherCAT/Pci1203Monitor.cpp.obj
[ 94%] Building CXX object tests/CMakeFiles/test_li9_ftpclient.dir/__/KYECFTP/FTPClientForm_St02.cpp.obj
D:\HT9045\_integ_ioweb\HT9011UC_Cpp_V3.33.906.0\tests\test_bootstrap.cpp:66:16: warning: 'int _putenv(const char*)' redeclared without dllimport attribute: previous dllimport ignored [-Wattributes]
   66 | extern "C" int _putenv(const char *);
      |                ^~~~~~~
[ 94%] Building CXX object tests/CMakeFiles/test_li9_ftpclient.dir/__/forms/fLotInfo_Ftp_St02.cpp.obj
[ 94%] Building CXX object tests/CMakeFiles/test_e020_lotinfo_e020.dir/test_e020_lotinfo_e020.cpp.obj
In file included from D:/HT9045/_integ_ioweb/HT9011UC_Cpp_V3.33.906.0/cmydef.h:10,
                 from D:\HT9045\_integ_ioweb\HT9011UC_Cpp_V3.33.906.0\tests\test_temperfrom_timer1.cpp:23:
D:/HT9045/_integ_ioweb/HT9011UC_Cpp_V3.33.906.0/cprod.h:3307:1: warning: anonymous non-C-compatible type given name for linkage purposes by 'typedef' declaration [-Wnon-c-typedef-for-linkage]
 3307 | {
      | ^
      | MyIndexArmRec
D:/HT9045/_integ_ioweb/HT9011UC_Cpp_V3.33.906.0/cprod.h:3311:10: note: type is not C-compatible because it contains 'void MyIndexArmRec::Clear()' declaration
 3311 |     void Clear();
      |          ^~~~~
D:/HT9045/_integ_ioweb/HT9011UC_Cpp_V3.33.906.0/cmydef.h:4732:1: warning: anonymous non-C-compatible type given name for linkage purposes by 'typedef' declaration [-Wnon-c-typedef-for-linkage]
 4732 | {
      | ^
      | MySiteData
D:/HT9045/_integ_ioweb/HT9011UC_Cpp_V3.33.906.0/cmydef.h:4736:10: note: type is not C-compatible because it contains 'void MySiteData::SetData(int, int)' declaration
 4736 |     void SetData(int X, int Y)
      |          ^~~~~~~
D:/HT9045/_integ_ioweb/HT9011UC_Cpp_V3.33.906.0/cmydef.h:4747:1: warning: anonymous non-C-compatible type given name for linkage purposes by 'typedef' declaration [-Wnon-c-typedef-for-linkage]
 4747 | {
      | ^
      | MyNextTrayNeedManualRemoveTray
D:/HT9045/_integ_ioweb/HT9011UC_Cpp_V3.33.906.0/cmydef.h:4753:10: note: type is not C-compatible because it contains 'void MyNextTrayNeedManualRemoveTray::Clear()' declaration
 4753 |     void Clear()
      |          ^~~~~
In file included from D:/HT9045/_integ_ioweb/HT9011UC_Cpp_V3.33.906.0/cmydef.h:10,
                 from D:\HT9045\_integ_ioweb\HT9011UC_Cpp_V3.33.906.0\tests\test_dtme08_cycle.cpp:28:
D:/HT9045/_integ_ioweb/HT9011UC_Cpp_V3.33.906.0/cprod.h:3307:1: warning: anonymous non-C-compatible type given name for linkage purposes by 'typedef' declaration [-Wnon-c-typedef-for-linkage]
 3307 | {
      | ^
      | MyIndexArmRec
D:/HT9045/_integ_ioweb/HT9011UC_Cpp_V3.33.906.0/cprod.h:3311:10: note: type is not C-compatible because it contains 'void MyIndexArmRec::Clear()' declaration
 3311 |     void Clear();
      |          ^~~~~
D:/HT9045/_integ_ioweb/HT9011UC_Cpp_V3.33.906.0/cmydef.h:4732:1: warning: anonymous non-C-compatible type given name for linkage purposes by 'typedef' declaration [-Wnon-c-typedef-for-linkage]
 4732 | {
      | ^
      | MySiteData
D:/HT9045/_integ_ioweb/HT9011UC_Cpp_V3.33.906.0/cmydef.h:4736:10: note: type is not C-compatible because it contains 'void MySiteData::SetData(int, int)' declaration
 4736 |     void SetData(int X, int Y)
      |          ^~~~~~~
D:/HT9045/_integ_ioweb/HT9011UC_Cpp_V3.33.906.0/cmydef.h:4747:1: warning: anonymous non-C-compatible type given name for linkage purposes by 'typedef' declaration [-Wnon-c-typedef-for-linkage]
 4747 | {
      | ^
      | MyNextTrayNeedManualRemoveTray
D:/HT9045/_integ_ioweb/HT9011UC_Cpp_V3.33.906.0/cmydef.h:4753:10: note: type is not C-compatible because it contains 'void MyNextTrayNeedManualRemoveTray::Clear()' declaration
 4753 |     void Clear()
      |          ^~~~~
In file included from D:/HT9045/_integ_ioweb/HT9011UC_Cpp_V3.33.906.0/acarry_shims.h:32,
                 from D:\HT9045\_integ_ioweb\HT9011UC_Cpp_V3.33.906.0\tests\test_dtme08_cycle.cpp:32:
D:/HT9045/_integ_ioweb/HT9011UC_Cpp_V3.33.906.0/aHotPlateSubstrate.h:830:1: warning: anonymous non-C-compatible type given name for linkage purposes by 'typedef' declaration [-Wnon-c-typedef-for-linkage]
  830 | {
      | ^
      | strAUTOSITEMAP
D:/HT9045/_integ_ioweb/HT9011UC_Cpp_V3.33.906.0/aHotPlateSubstrate.h:836:10: note: type is not C-compatible because it contains 'void strAUTOSITEMAP::ClearData()' declaration
  836 |     void ClearData()
      |          ^~~~~~~~~
In file included from D:/HT9045/_integ_ioweb/HT9011UC_Cpp_V3.33.906.0/cmydef.h:10,
                 from D:\HT9045\_integ_ioweb\HT9011UC_Cpp_V3.33.906.0\tests\test_adam6024_pressure.cpp:47:
D:/HT9045/_integ_ioweb/HT9011UC_Cpp_V3.33.906.0/cprod.h:3307:1: warning: anonymous non-C-compatible type given name for linkage purposes by 'typedef' declaration [-Wnon-c-typedef-for-linkage]
 3307 | {
      | ^
      | MyIndexArmRec
D:/HT9045/_integ_ioweb/HT9011UC_Cpp_V3.33.906.0/cprod.h:3311:10: note: type is not C-compatible because it contains 'void MyIndexArmRec::Clear()' declaration
 3311 |     void Clear();
      |          ^~~~~
D:/HT9045/_integ_ioweb/HT9011UC_Cpp_V3.33.906.0/cmydef.h:4732:1: warning: anonymous non-C-compatible type given name for linkage purposes by 'typedef' declaration [-Wnon-c-typedef-for-linkage]
 4732 | {
      | ^
      | MySiteData
D:/HT9045/_integ_ioweb/HT9011UC_Cpp_V3.33.906.0/cmydef.h:4736:10: note: type is not C-compatible because it contains 'void MySiteData::SetData(int, int)' declaration
 4736 |     void SetData(int X, int Y)
      |          ^~~~~~~
D:/HT9045/_integ_ioweb/HT9011UC_Cpp_V3.33.906.0/cmydef.h:4747:1: warning: anonymous non-C-compatible type given name for linkage purposes by 'typedef' declaration [-Wnon-c-typedef-for-linkage]
 4747 | {
      | ^
      | MyNextTrayNeedManualRemoveTray
D:/HT9045/_integ_ioweb/HT9011UC_Cpp_V3.33.906.0/cmydef.h:4753:10: note: type is not C-compatible because it contains 'void MyNextTrayNeedManualRemoveTray::Clear()' declaration
 4753 |     void Clear()
      |          ^~~~~
In file included from D:/HT9045/_integ_ioweb/HT9011UC_Cpp_V3.33.906.0/cmydef.h:10,
                 from D:\HT9045\_integ_ioweb\HT9011UC_Cpp_V3.33.906.0\tests\test_li9_ftpclient.cpp:40:
D:/HT9045/_integ_ioweb/HT9011UC_Cpp_V3.33.906.0/cprod.h:3307:1: warning: anonymous non-C-compatible type given name for linkage purposes by 'typedef' declaration [-Wnon-c-typedef-for-linkage]
 3307 | {
      | ^
      | MyIndexArmRec
D:/HT9045/_integ_ioweb/HT9011UC_Cpp_V3.33.906.0/cprod.h:3311:10: note: type is not C-compatible because it contains 'void MyIndexArmRec::Clear()' declaration
 3311 |     void Clear();
      |          ^~~~~
D:/HT9045/_integ_ioweb/HT9011UC_Cpp_V3.33.906.0/cmydef.h:4732:1: warning: anonymous non-C-compatible type given name for linkage purposes by 'typedef' declaration [-Wnon-c-typedef-for-linkage]
 4732 | {
      | ^
      | MySiteData
D:/HT9045/_integ_ioweb/HT9011UC_Cpp_V3.33.906.0/cmydef.h:4736:10: note: type is not C-compatible because it contains 'void MySiteData::SetData(int, int)' declaration
 4736 |     void SetData(int X, int Y)
      |          ^~~~~~~
D:/HT9045/_integ_ioweb/HT9011UC_Cpp_V3.33.906.0/cmydef.h:4747:1: warning: anonymous non-C-compatible type given name for linkage purposes by 'typedef' declaration [-Wnon-c-typedef-for-linkage]
 4747 | {
      | ^
      | MyNextTrayNeedManualRemoveTray
D:/HT9045/_integ_ioweb/HT9011UC_Cpp_V3.33.906.0/cmydef.h:4753:10: note: type is not C-compatible because it contains 'void MyNextTrayNeedManualRemoveTray::Clear()' declaration
 4753 |     void Clear()
      |          ^~~~~
In file included from D:\HT9045\_integ_ioweb\HT9011UC_Cpp_V3.33.906.0\KYECFTP\FTPClientForm_St02.cpp:29:
C:/Users/USER/AppData/Local/Programs/ht9045-nonoracle-toolchain/mingw32/i686-w64-mingw32/include/winsock2.h:15:2: warning: #warning Please include winsock2.h before windows.h [-Wcpp]
   15 | #warning Please include winsock2.h before windows.h
      |  ^~~~~~~
In file included from D:/HT9045/_integ_ioweb/HT9011UC_Cpp_V3.33.906.0/cmydef.h:10,
                 from D:\HT9045\_integ_ioweb\HT9011UC_Cpp_V3.33.906.0\tests\test_adam6024_comm.cpp:41:
D:/HT9045/_integ_ioweb/HT9011UC_Cpp_V3.33.906.0/cprod.h:3307:1: warning: anonymous non-C-compatible type given name for linkage purposes by 'typedef' declaration [-Wnon-c-typedef-for-linkage]
 3307 | {
      | ^
      | MyIndexArmRec
D:/HT9045/_integ_ioweb/HT9011UC_Cpp_V3.33.906.0/cprod.h:3311:10: note: type is not C-compatible because it contains 'void MyIndexArmRec::Clear()' declaration
 3311 |     void Clear();
      |          ^~~~~
D:/HT9045/_integ_ioweb/HT9011UC_Cpp_V3.33.906.0/cmydef.h:4732:1: warning: anonymous non-C-compatible type given name for linkage purposes by 'typedef' declaration [-Wnon-c-typedef-for-linkage]
 4732 | {
      | ^
      | MySiteData
D:/HT9045/_integ_ioweb/HT9011UC_Cpp_V3.33.906.0/cmydef.h:4736:10: note: type is not C-compatible because it contains 'void MySiteData::SetData(int, int)' declaration
 4736 |     void SetData(int X, int Y)
      |          ^~~~~~~
D:/HT9045/_integ_ioweb/HT9011UC_Cpp_V3.33.906.0/cmydef.h:4747:1: warning: anonymous non-C-compatible type given name for linkage purposes by 'typedef' declaration [-Wnon-c-typedef-for-linkage]
 4747 | {
      | ^
      | MyNextTrayNeedManualRemoveTray
D:/HT9045/_integ_ioweb/HT9011UC_Cpp_V3.33.906.0/cmydef.h:4753:10: note: type is not C-compatible because it contains 'void MyNextTrayNeedManualRemoveTray::Clear()' declaration
 4753 |     void Clear()
      |          ^~~~~
In file included from D:/HT9045/_integ_ioweb/HT9011UC_Cpp_V3.33.906.0/cmydef.h:10,
                 from D:\HT9045\_integ_ioweb\HT9011UC_Cpp_V3.33.906.0\KYECFTP\FTPClientForm_St02.cpp:19:
D:/HT9045/_integ_ioweb/HT9011UC_Cpp_V3.33.906.0/cprod.h:3307:1: warning: anonymous non-C-compatible type given name for linkage purposes by 'typedef' declaration [-Wnon-c-typedef-for-linkage]
 3307 | {
      | ^
      | MyIndexArmRec
D:/HT9045/_integ_ioweb/HT9011UC_Cpp_V3.33.906.0/cprod.h:3311:10: note: type is not C-compatible because it contains 'void MyIndexArmRec::Clear()' declaration
 3311 |     void Clear();
      |          ^~~~~
D:/HT9045/_integ_ioweb/HT9011UC_Cpp_V3.33.906.0/cmydef.h:4732:1: warning: anonymous non-C-compatible type given name for linkage purposes by 'typedef' declaration [-Wnon-c-typedef-for-linkage]
 4732 | {
      | ^
      | MySiteData
D:/HT9045/_integ_ioweb/HT9011UC_Cpp_V3.33.906.0/cmydef.h:4736:10: note: type is not C-compatible because it contains 'void MySiteData::SetData(int, int)' declaration
 4736 |     void SetData(int X, int Y)
      |          ^~~~~~~
D:/HT9045/_integ_ioweb/HT9011UC_Cpp_V3.33.906.0/cmydef.h:4747:1: warning: anonymous non-C-compatible type given name for linkage purposes by 'typedef' declaration [-Wnon-c-typedef-for-linkage]
 4747 | {
      | ^
      | MyNextTrayNeedManualRemoveTray
D:/HT9045/_integ_ioweb/HT9011UC_Cpp_V3.33.906.0/cmydef.h:4753:10: note: type is not C-compatible because it contains 'void MyNextTrayNeedManualRemoveTray::Clear()' declaration
 4753 |     void Clear()
      |          ^~~~~
In file included from D:/HT9045/_integ_ioweb/HT9011UC_Cpp_V3.33.906.0/cmydef.h:10,
                 from D:\HT9045\_integ_ioweb\HT9011UC_Cpp_V3.33.906.0\forms\fLotInfo_Ftp_St02.cpp:22:
D:/HT9045/_integ_ioweb/HT9011UC_Cpp_V3.33.906.0/cprod.h:3307:1: warning: anonymous non-C-compatible type given name for linkage purposes by 'typedef' declaration [-Wnon-c-typedef-for-linkage]
 3307 | {
      | ^
      | MyIndexArmRec
D:/HT9045/_integ_ioweb/HT9011UC_Cpp_V3.33.906.0/cprod.h:3311:10: note: type is not C-compatible because it contains 'void MyIndexArmRec::Clear()' declaration
 3311 |     void Clear();
      |          ^~~~~
D:/HT9045/_integ_ioweb/HT9011UC_Cpp_V3.33.906.0/cmydef.h:4732:1: warning: anonymous non-C-compatible type given name for linkage purposes by 'typedef' declaration [-Wnon-c-typedef-for-linkage]
 4732 | {
      | ^
      | MySiteData
D:/HT9045/_integ_ioweb/HT9011UC_Cpp_V3.33.906.0/cmydef.h:4736:10: note: type is not C-compatible because it contains 'void MySiteData::SetData(int, int)' declaration
 4736 |     void SetData(int X, int Y)
      |          ^~~~~~~
D:/HT9045/_integ_ioweb/HT9011UC_Cpp_V3.33.906.0/cmydef.h:4747:1: warning: anonymous non-C-compatible type given name for linkage purposes by 'typedef' declaration [-Wnon-c-typedef-for-linkage]
 4747 | {
      | ^
      | MyNextTrayNeedManualRemoveTray
D:/HT9045/_integ_ioweb/HT9011UC_Cpp_V3.33.906.0/cmydef.h:4753:10: note: type is not C-compatible because it contains 'void MyNextTrayNeedManualRemoveTray::Clear()' declaration
 4753 |     void Clear()
      |          ^~~~~
In file included from D:/HT9045/_integ_ioweb/HT9011UC_Cpp_V3.33.906.0/cmydef.h:10,
                 from D:/HT9045/_integ_ioweb/HT9011UC_Cpp_V3.33.906.0/forms/fSetup.h:328,
                 from D:\HT9045\_integ_ioweb\HT9011UC_Cpp_V3.33.906.0\tests\test_e020_lotinfo_e020.cpp:30:
D:/HT9045/_integ_ioweb/HT9011UC_Cpp_V3.33.906.0/cprod.h:3307:1: warning: anonymous non-C-compatible type given name for linkage purposes by 'typedef' declaration [-Wnon-c-typedef-for-linkage]
 3307 | {
      | ^
      | MyIndexArmRec
D:/HT9045/_integ_ioweb/HT9011UC_Cpp_V3.33.906.0/cprod.h:3311:10: note: type is not C-compatible because it contains 'void MyIndexArmRec::Clear()' declaration
 3311 |     void Clear();
      |          ^~~~~
D:/HT9045/_integ_ioweb/HT9011UC_Cpp_V3.33.906.0/cmydef.h:4732:1: warning: anonymous non-C-compatible type given name for linkage purposes by 'typedef' declaration [-Wnon-c-typedef-for-linkage]
 4732 | {
      | ^
      | MySiteData
D:/HT9045/_integ_ioweb/HT9011UC_Cpp_V3.33.906.0/cmydef.h:4736:10: note: type is not C-compatible because it contains 'void MySiteData::SetData(int, int)' declaration
 4736 |     void SetData(int X, int Y)
      |          ^~~~~~~
D:/HT9045/_integ_ioweb/HT9011UC_Cpp_V3.33.906.0/cmydef.h:4747:1: warning: anonymous non-C-compatible type given name for linkage purposes by 'typedef' declaration [-Wnon-c-typedef-for-linkage]
 4747 | {
      | ^
      | MyNextTrayNeedManualRemoveTray
D:/HT9045/_integ_ioweb/HT9011UC_Cpp_V3.33.906.0/cmydef.h:4753:10: note: type is not C-compatible because it contains 'void MyNextTrayNeedManualRemoveTray::Clear()' declaration
 4753 |     void Clear()
      |          ^~~~~
D:/HT9045/_integ_ioweb/HT9011UC_Cpp_V3.33.906.0/forms/fSetup.h:464:5: warning: anonymous non-C-compatible type given name for linkage purposes by 'typedef' declaration [-Wnon-c-typedef-for-linkage]
  464 |     {
      |     ^
      |     SetUpShuttleMode
D:/HT9045/_integ_ioweb/HT9011UC_Cpp_V3.33.906.0/forms/fSetup.h:469:14: note: type is not C-compatible because it contains 'void SetUpShuttleMode::Clear()' declaration
  469 |         void Clear()
      |              ^~~~~
[ 94%] Building CXX object tests/CMakeFiles/test_adam6024_apax.dir/test_adam6024_apax.cpp.obj
[ 94%] Building CXX object tests/CMakeFiles/test_e021_observer.dir/test_bootstrap.cpp.obj
[ 94%] Linking CXX executable test_adam6024_pressure.exe
[ 94%] Building CXX object tests/CMakeFiles/test_e020_lotinfo_e020.dir/__/JsonBridge/ChanProduction.cpp.obj
[ 94%] Linking CXX executable test_dtme08_cycle.exe
[ 94%] Building CXX object tests/CMakeFiles/test_li9_ftpclient.dir/__/WebLotInfoFtp_St02.cpp.obj
[ 94%] Linking CXX executable test_adam6024_comm.exe
[ 94%] Built target test_atc_emg_bridge
[ 94%] Building CXX object tests/CMakeFiles/test_adam6024_apax.dir/test_bootstrap.cpp.obj
[ 94%] Building CXX object tests/CMakeFiles/test_li9_ftpclient.dir/__/JsonBridge/actions/LotInfoFtp.cpp.obj
[ 94%] Linking CXX executable test_temperfrom_timer1.exe
D:\HT9045\_integ_ioweb\HT9011UC_Cpp_V3.33.906.0\tests\test_bootstrap.cpp:66:16: warning: 'int _putenv(const char*)' redeclared without dllimport attribute: previous dllimport ignored [-Wattributes]
   66 | extern "C" int _putenv(const char *);
      |                ^~~~~~~
D:\HT9045\_integ_ioweb\HT9011UC_Cpp_V3.33.906.0\tests\test_bootstrap.cpp:66:16: warning: 'int _putenv(const char*)' redeclared without dllimport attribute: previous dllimport ignored [-Wattributes]
   66 | extern "C" int _putenv(const char *);
      |                ^~~~~~~
[ 94%] Building CXX object tests/CMakeFiles/test_e020_lotinfo_e020.dir/__/JsonBridge/ChanIo.cpp.obj
[ 94%] Linking CXX executable test_e021_observer.exe
[ 94%] Building CXX object tests/CMakeFiles/test_adam6024_flow.dir/test_adam6024_flow.cpp.obj
In file included from D:\HT9045\_integ_ioweb\HT9011UC_Cpp_V3.33.906.0\JsonBridge\ChanProduction.cpp:15:
D:/HT9045/_integ_ioweb/HT9011UC_Cpp_V3.33.906.0/cprod.h:3307:1: warning: anonymous non-C-compatible type given name for linkage purposes by 'typedef' declaration [-Wnon-c-typedef-for-linkage]
 3307 | {
      | ^
      | MyIndexArmRec
D:/HT9045/_integ_ioweb/HT9011UC_Cpp_V3.33.906.0/cprod.h:3311:10: note: type is not C-compatible because it contains 'void MyIndexArmRec::Clear()' declaration
 3311 |     void Clear();
      |          ^~~~~
In file included from D:\HT9045\_integ_ioweb\HT9011UC_Cpp_V3.33.906.0\JsonBridge\ChanProduction.cpp:18:
D:/HT9045/_integ_ioweb/HT9011UC_Cpp_V3.33.906.0/cmydef.h:4732:1: warning: anonymous non-C-compatible type given name for linkage purposes by 'typedef' declaration [-Wnon-c-typedef-for-linkage]
 4732 | {
      | ^
      | MySiteData
D:/HT9045/_integ_ioweb/HT9011UC_Cpp_V3.33.906.0/cmydef.h:4736:10: note: type is not C-compatible because it contains 'void MySiteData::SetData(int, int)' declaration
 4736 |     void SetData(int X, int Y)
      |          ^~~~~~~
D:/HT9045/_integ_ioweb/HT9011UC_Cpp_V3.33.906.0/cmydef.h:4747:1: warning: anonymous non-C-compatible type given name for linkage purposes by 'typedef' declaration [-Wnon-c-typedef-for-linkage]
 4747 | {
      | ^
      | MyNextTrayNeedManualRemoveTray
D:/HT9045/_integ_ioweb/HT9011UC_Cpp_V3.33.906.0/cmydef.h:4753:10: note: type is not C-compatible because it contains 'void MyNextTrayNeedManualRemoveTray::Clear()' declaration
 4753 |     void Clear()
      |          ^~~~~
In file included from D:\HT9045\_integ_ioweb\HT9011UC_Cpp_V3.33.906.0\cmydef.h:10,
                 from D:\HT9045\_integ_ioweb\HT9011UC_Cpp_V3.33.906.0\WebLotInfoFtp_St02.cpp:46:
D:\HT9045\_integ_ioweb\HT9011UC_Cpp_V3.33.906.0\cprod.h:3307:1: warning: anonymous non-C-compatible type given name for linkage purposes by 'typedef' declaration [-Wnon-c-typedef-for-linkage]
 3307 | {
      | ^
      | MyIndexArmRec
D:\HT9045\_integ_ioweb\HT9011UC_Cpp_V3.33.906.0\cprod.h:3311:10: note: type is not C-compatible because it contains 'void MyIndexArmRec::Clear()' declaration
 3311 |     void Clear();
      |          ^~~~~
D:\HT9045\_integ_ioweb\HT9011UC_Cpp_V3.33.906.0\cmydef.h:4732:1: warning: anonymous non-C-compatible type given name for linkage purposes by 'typedef' declaration [-Wnon-c-typedef-for-linkage]
 4732 | {
      | ^
      | MySiteData
D:\HT9045\_integ_ioweb\HT9011UC_Cpp_V3.33.906.0\cmydef.h:4736:10: note: type is not C-compatible because it contains 'void MySiteData::SetData(int, int)' declaration
 4736 |     void SetData(int X, int Y)
      |          ^~~~~~~
D:\HT9045\_integ_ioweb\HT9011UC_Cpp_V3.33.906.0\cmydef.h:4747:1: warning: anonymous non-C-compatible type given name for linkage purposes by 'typedef' declaration [-Wnon-c-typedef-for-linkage]
 4747 | {
      | ^
      | MyNextTrayNeedManualRemoveTray
D:\HT9045\_integ_ioweb\HT9011UC_Cpp_V3.33.906.0\cmydef.h:4753:10: note: type is not C-compatible because it contains 'void MyNextTrayNeedManualRemoveTray::Clear()' declaration
 4753 |     void Clear()
      |          ^~~~~
[ 94%] Building CXX object tests/CMakeFiles/test_li9_ftpclient.dir/test_bootstrap.cpp.obj
D:\HT9045\_integ_ioweb\HT9011UC_Cpp_V3.33.906.0\tests\test_bootstrap.cpp:66:16: warning: 'int _putenv(const char*)' redeclared without dllimport attribute: previous dllimport ignored [-Wattributes]
   66 | extern "C" int _putenv(const char *);
      |                ^~~~~~~
[ 94%] Linking CXX executable test_li9_ftpclient.exe
[ 94%] Building CXX object tests/CMakeFiles/test_e020_lotinfo_e020.dir/__/JsonBridge/ChanMotor.cpp.obj
In file included from D:/HT9045/_integ_ioweb/HT9011UC_Cpp_V3.33.906.0/cmydef.h:10,
                 from D:\HT9045\_integ_ioweb\HT9011UC_Cpp_V3.33.906.0\tests\test_adam6024_apax.cpp:38:
D:/HT9045/_integ_ioweb/HT9011UC_Cpp_V3.33.906.0/cprod.h:3307:1: warning: anonymous non-C-compatible type given name for linkage purposes by 'typedef' declaration [-Wnon-c-typedef-for-linkage]
 3307 | {
      | ^
      | MyIndexArmRec
D:/HT9045/_integ_ioweb/HT9011UC_Cpp_V3.33.906.0/cprod.h:3311:10: note: type is not C-compatible because it contains 'void MyIndexArmRec::Clear()' declaration
 3311 |     void Clear();
      |          ^~~~~
D:/HT9045/_integ_ioweb/HT9011UC_Cpp_V3.33.906.0/cmydef.h:4732:1: warning: anonymous non-C-compatible type given name for linkage purposes by 'typedef' declaration [-Wnon-c-typedef-for-linkage]
 4732 | {
      | ^
      | MySiteData
D:/HT9045/_integ_ioweb/HT9011UC_Cpp_V3.33.906.0/cmydef.h:4736:10: note: type is not C-compatible because it contains 'void MySiteData::SetData(int, int)' declaration
 4736 |     void SetData(int X, int Y)
      |          ^~~~~~~
D:/HT9045/_integ_ioweb/HT9011UC_Cpp_V3.33.906.0/cmydef.h:4747:1: warning: anonymous non-C-compatible type given name for linkage purposes by 'typedef' declaration [-Wnon-c-typedef-for-linkage]
 4747 | {
      | ^
      | MyNextTrayNeedManualRemoveTray
D:/HT9045/_integ_ioweb/HT9011UC_Cpp_V3.33.906.0/cmydef.h:4753:10: note: type is not C-compatible because it contains 'void MyNextTrayNeedManualRemoveTray::Clear()' declaration
 4753 |     void Clear()
      |          ^~~~~
[ 94%] Built target test_st02_timer_esd
[ 94%] Building CXX object tests/CMakeFiles/test_adam6024_flow.dir/test_bootstrap.cpp.obj
[ 94%] Linking CXX executable test_adam6024_apax.exe
[ 94%] Building CXX object tests/CMakeFiles/test_e020_lotinfo_e020.dir/__/JsonBridge/ChanAction.cpp.obj
[ 94%] Built target test_st02_observer_sgjam
[ 94%] Building CXX object tests/CMakeFiles/test_e020_lotinfo_e020.dir/__/JsonBridge/actions/MainTesterConnect.cpp.obj
D:\HT9045\_integ_ioweb\HT9011UC_Cpp_V3.33.906.0\tests\test_bootstrap.cpp:66:16: warning: 'int _putenv(const char*)' redeclared without dllimport attribute: previous dllimport ignored [-Wattributes]
   66 | extern "C" int _putenv(const char *);
      |                ^~~~~~~
In file included from D:/HT9045/_integ_ioweb/HT9011UC_Cpp_V3.33.906.0/cmydef.h:10,
                 from D:/HT9045/_integ_ioweb/HT9011UC_Cpp_V3.33.906.0/csystem.h:38,
                 from D:\HT9045\_integ_ioweb\HT9011UC_Cpp_V3.33.906.0\tests\test_adam6024_flow.cpp:43:
D:/HT9045/_integ_ioweb/HT9011UC_Cpp_V3.33.906.0/cprod.h:3307:1: warning: anonymous non-C-compatible type given name for linkage purposes by 'typedef' declaration [-Wnon-c-typedef-for-linkage]
 3307 | {
      | ^
      | MyIndexArmRec
D:/HT9045/_integ_ioweb/HT9011UC_Cpp_V3.33.906.0/cprod.h:3311:10: note: type is not C-compatible because it contains 'void MyIndexArmRec::Clear()' declaration
 3311 |     void Clear();
      |          ^~~~~
D:/HT9045/_integ_ioweb/HT9011UC_Cpp_V3.33.906.0/cmydef.h:4732:1: warning: anonymous non-C-compatible type given name for linkage purposes by 'typedef' declaration [-Wnon-c-typedef-for-linkage]
 4732 | {
      | ^
      | MySiteData
D:/HT9045/_integ_ioweb/HT9011UC_Cpp_V3.33.906.0/cmydef.h:4736:10: note: type is not C-compatible because it contains 'void MySiteData::SetData(int, int)' declaration
 4736 |     void SetData(int X, int Y)
      |          ^~~~~~~
D:/HT9045/_integ_ioweb/HT9011UC_Cpp_V3.33.906.0/cmydef.h:4747:1: warning: anonymous non-C-compatible type given name for linkage purposes by 'typedef' declaration [-Wnon-c-typedef-for-linkage]
 4747 | {
      | ^
      | MyNextTrayNeedManualRemoveTray
D:/HT9045/_integ_ioweb/HT9011UC_Cpp_V3.33.906.0/cmydef.h:4753:10: note: type is not C-compatible because it contains 'void MyNextTrayNeedManualRemoveTray::Clear()' declaration
 4753 |     void Clear()
      |          ^~~~~
In file included from D:\HT9045\_integ_ioweb\HT9011UC_Cpp_V3.33.906.0\tests\test_adam6024_flow.cpp:50:
D:/HT9045/_integ_ioweb/HT9011UC_Cpp_V3.33.906.0/aHotPlateSubstrate.h:830:1: warning: anonymous non-C-compatible type given name for linkage purposes by 'typedef' declaration [-Wnon-c-typedef-for-linkage]
  830 | {
      | ^
      | strAUTOSITEMAP
D:/HT9045/_integ_ioweb/HT9011UC_Cpp_V3.33.906.0/aHotPlateSubstrate.h:836:10: note: type is not C-compatible because it contains 'void strAUTOSITEMAP::ClearData()' declaration
  836 |     void ClearData()
      |          ^~~~~~~~~
[ 94%] Linking CXX executable test_adam6024_flow.exe
In file included from D:\HT9045\_integ_ioweb\HT9011UC_Cpp_V3.33.906.0\JsonBridge\ChanAction.cpp:22:
D:/HT9045/_integ_ioweb/HT9011UC_Cpp_V3.33.906.0/cprod.h:3307:1: warning: anonymous non-C-compatible type given name for linkage purposes by 'typedef' declaration [-Wnon-c-typedef-for-linkage]
 3307 | {
      | ^
      | MyIndexArmRec
D:/HT9045/_integ_ioweb/HT9011UC_Cpp_V3.33.906.0/cprod.h:3311:10: note: type is not C-compatible because it contains 'void MyIndexArmRec::Clear()' declaration
 3311 |     void Clear();
      |          ^~~~~
In file included from D:\HT9045\_integ_ioweb\HT9011UC_Cpp_V3.33.906.0\JsonBridge\ChanAction.cpp:27:
D:/HT9045/_integ_ioweb/HT9011UC_Cpp_V3.33.906.0/cSocket.h:235:1: warning: anonymous non-C-compatible type given name for linkage purposes by 'typedef' declaration [-Wnon-c-typedef-for-linkage]
  235 | {
      | ^
      | TEST_CATEGORY
D:/HT9045/_integ_ioweb/HT9011UC_Cpp_V3.33.906.0/cSocket.h:261:10: note: type is not C-compatible because it contains 'void TEST_CATEGORY::ClearCount()' declaration
  261 |     void ClearCount();
      |          ^~~~~~~~~~
In file included from D:\HT9045\_integ_ioweb\HT9011UC_Cpp_V3.33.906.0\JsonBridge\ChanAction.cpp:28:
D:/HT9045/_integ_ioweb/HT9011UC_Cpp_V3.33.906.0/cmydef.h:4732:1: warning: anonymous non-C-compatible type given name for linkage purposes by 'typedef' declaration [-Wnon-c-typedef-for-linkage]
 4732 | {
      | ^
      | MySiteData
D:/HT9045/_integ_ioweb/HT9011UC_Cpp_V3.33.906.0/cmydef.h:4736:10: note: type is not C-compatible because it contains 'void MySiteData::SetData(int, int)' declaration
 4736 |     void SetData(int X, int Y)
      |          ^~~~~~~
D:/HT9045/_integ_ioweb/HT9011UC_Cpp_V3.33.906.0/cmydef.h:4747:1: warning: anonymous non-C-compatible type given name for linkage purposes by 'typedef' declaration [-Wnon-c-typedef-for-linkage]
 4747 | {
      | ^
      | MyNextTrayNeedManualRemoveTray
D:/HT9045/_integ_ioweb/HT9011UC_Cpp_V3.33.906.0/cmydef.h:4753:10: note: type is not C-compatible because it contains 'void MyNextTrayNeedManualRemoveTray::Clear()' declaration
 4753 |     void Clear()
      |          ^~~~~
[ 94%] Building CXX object tests/CMakeFiles/test_b8_os1b_autostart.dir/test_b8_os1b_autostart.cpp.obj
In file included from D:/HT9045/_integ_ioweb/HT9011UC_Cpp_V3.33.906.0/cmydef.h:10,
                 from D:\HT9045\_integ_ioweb\HT9011UC_Cpp_V3.33.906.0\JsonBridge\actions\MainTesterConnect.cpp:28:
D:/HT9045/_integ_ioweb/HT9011UC_Cpp_V3.33.906.0/cprod.h:3307:1: warning: anonymous non-C-compatible type given name for linkage purposes by 'typedef' declaration [-Wnon-c-typedef-for-linkage]
 3307 | {
      | ^
      | MyIndexArmRec
D:/HT9045/_integ_ioweb/HT9011UC_Cpp_V3.33.906.0/cprod.h:3311:10: note: type is not C-compatible because it contains 'void MyIndexArmRec::Clear()' declaration
 3311 |     void Clear();
      |          ^~~~~
D:/HT9045/_integ_ioweb/HT9011UC_Cpp_V3.33.906.0/cmydef.h:4732:1: warning: anonymous non-C-compatible type given name for linkage purposes by 'typedef' declaration [-Wnon-c-typedef-for-linkage]
 4732 | {
      | ^
      | MySiteData
D:/HT9045/_integ_ioweb/HT9011UC_Cpp_V3.33.906.0/cmydef.h:4736:10: note: type is not C-compatible because it contains 'void MySiteData::SetData(int, int)' declaration
 4736 |     void SetData(int X, int Y)
      |          ^~~~~~~
D:/HT9045/_integ_ioweb/HT9011UC_Cpp_V3.33.906.0/cmydef.h:4747:1: warning: anonymous non-C-compatible type given name for linkage purposes by 'typedef' declaration [-Wnon-c-typedef-for-linkage]
 4747 | {
      | ^
      | MyNextTrayNeedManualRemoveTray
D:/HT9045/_integ_ioweb/HT9011UC_Cpp_V3.33.906.0/cmydef.h:4753:10: note: type is not C-compatible because it contains 'void MyNextTrayNeedManualRemoveTray::Clear()' declaration
 4753 |     void Clear()
      |          ^~~~~
In file included from D:\HT9045\_integ_ioweb\HT9011UC_Cpp_V3.33.906.0\JsonBridge\actions\MainTesterConnect.cpp:34:
D:/HT9045/_integ_ioweb/HT9011UC_Cpp_V3.33.906.0/aHotPlateSubstrate.h:830:1: warning: anonymous non-C-compatible type given name for linkage purposes by 'typedef' declaration [-Wnon-c-typedef-for-linkage]
  830 | {
      | ^
      | strAUTOSITEMAP
D:/HT9045/_integ_ioweb/HT9011UC_Cpp_V3.33.906.0/aHotPlateSubstrate.h:836:10: note: type is not C-compatible because it contains 'void strAUTOSITEMAP::ClearData()' declaration
  836 |     void ClearData()
      |          ^~~~~~~~~
[ 94%] Building CXX object tests/CMakeFiles/test_e020_lotinfo_e020.dir/__/JsonBridge/actions/MainRecordClear.cpp.obj
[ 94%] Building CXX object tests/CMakeFiles/test_b8_ct3a_contactflags.dir/test_b8_ct3a_contactflags.cpp.obj
[ 94%] Building CXX object tests/CMakeFiles/test_b8_cl4_autoclean.dir/test_b8_cl4_autoclean.cpp.obj
[ 94%] Built target test_eboot005_customername
[ 94%] Building CXX object tests/CMakeFiles/test_b8_os1b_autostart.dir/__/FileRW/Offset_File.cpp.obj
In file included from D:\HT9045\_integ_ioweb\HT9011UC_Cpp_V3.33.906.0\JsonBridge\actions\MainRecordClear.cpp:20:
D:/HT9045/_integ_ioweb/HT9011UC_Cpp_V3.33.906.0/cSocket.h:235:1: warning: anonymous non-C-compatible type given name for linkage purposes by 'typedef' declaration [-Wnon-c-typedef-for-linkage]
  235 | {
      | ^
      | TEST_CATEGORY
D:/HT9045/_integ_ioweb/HT9011UC_Cpp_V3.33.906.0/cSocket.h:261:10: note: type is not C-compatible because it contains 'void TEST_CATEGORY::ClearCount()' declaration
  261 |     void ClearCount();
      |          ^~~~~~~~~~
[ 94%] Building CXX object tests/CMakeFiles/test_e020_lotinfo_e020.dir/__/JsonBridge/actions/LotInfoFtp.cpp.obj
[ 94%] Building CXX object tests/CMakeFiles/test_e020_lotinfo_e020.dir/__/JsonBridge/actions/ObserverSGJam.cpp.obj
[ 94%] Built target test_g023_os_report
In file included from D:/HT9045/_integ_ioweb/HT9011UC_Cpp_V3.33.906.0/cmydef.h:10,
                 from D:/HT9045/_integ_ioweb/HT9011UC_Cpp_V3.33.906.0/Public/HTEditList.h:113,
                 from D:/HT9045/_integ_ioweb/HT9011UC_Cpp_V3.33.906.0/FileRW/_EditList.h:27,
                 from D:\HT9045\_integ_ioweb\HT9011UC_Cpp_V3.33.906.0\tests\test_b8_os1b_autostart.cpp:31:
D:/HT9045/_integ_ioweb/HT9011UC_Cpp_V3.33.906.0/cprod.h:3307:1: warning: anonymous non-C-compatible type given name for linkage purposes by 'typedef' declaration [-Wnon-c-typedef-for-linkage]
 3307 | {
      | ^
      | MyIndexArmRec
D:/HT9045/_integ_ioweb/HT9011UC_Cpp_V3.33.906.0/cprod.h:3311:10: note: type is not C-compatible because it contains 'void MyIndexArmRec::Clear()' declaration
 3311 |     void Clear();
      |          ^~~~~
D:/HT9045/_integ_ioweb/HT9011UC_Cpp_V3.33.906.0/cmydef.h:4732:1: warning: anonymous non-C-compatible type given name for linkage purposes by 'typedef' declaration [-Wnon-c-typedef-for-linkage]
 4732 | {
      | ^
      | MySiteData
D:/HT9045/_integ_ioweb/HT9011UC_Cpp_V3.33.906.0/cmydef.h:4736:10: note: type is not C-compatible because it contains 'void MySiteData::SetData(int, int)' declaration
 4736 |     void SetData(int X, int Y)
      |          ^~~~~~~
D:/HT9045/_integ_ioweb/HT9011UC_Cpp_V3.33.906.0/cmydef.h:4747:1: warning: anonymous non-C-compatible type given name for linkage purposes by 'typedef' declaration [-Wnon-c-typedef-for-linkage]
 4747 | {
      | ^
      | MyNextTrayNeedManualRemoveTray
D:/HT9045/_integ_ioweb/HT9011UC_Cpp_V3.33.906.0/cmydef.h:4753:10: note: type is not C-compatible because it contains 'void MyNextTrayNeedManualRemoveTray::Clear()' declaration
 4753 |     void Clear()
      |          ^~~~~
[ 94%] Building CXX object tests/CMakeFiles/test_b8_ct3a_contactflags.dir/__/FileRW/DeviceForm_File.cpp.obj
D:/HT9045/_integ_ioweb/HT9011UC_Cpp_V3.33.906.0/Public/HTEditList.h:429:1: warning: anonymous non-C-compatible type given name for linkage purposes by 'typedef' declaration [-Wnon-c-typedef-for-linkage]
  429 | {
      | ^
      | ArmAndSuckInfo
D:/HT9045/_integ_ioweb/HT9011UC_Cpp_V3.33.906.0/Public/HTEditList.h:438:10: note: type is not C-compatible because it contains 'void ArmAndSuckInfo::Clear()' declaration
  438 |     void Clear()
      |          ^~~~~
D:/HT9045/_integ_ioweb/HT9011UC_Cpp_V3.33.906.0/Public/HTEditList.h:454:1: warning: anonymous non-C-compatible type given name for linkage purposes by 'typedef' declaration [-Wnon-c-typedef-for-linkage]
  454 | {
      | ^
      | SingleSuckPosOnTray
D:/HT9045/_integ_ioweb/HT9011UC_Cpp_V3.33.906.0/Public/HTEditList.h:462:10: note: type is not C-compatible because it contains 'void SingleSuckPosOnTray::Clear()' declaration
  462 |     void Clear()
      |          ^~~~~
D:/HT9045/_integ_ioweb/HT9011UC_Cpp_V3.33.906.0/Public/HTEditList.h:475:1: warning: anonymous non-C-compatible type given name for linkage purposes by 'typedef' declaration [-Wnon-c-typedef-for-linkage]
  475 | {
      | ^
      | MyFillTheTrayAfterOutArmPlace
D:/HT9045/_integ_ioweb/HT9011UC_Cpp_V3.33.906.0/Public/HTEditList.h:479:10: note: type is not C-compatible because it contains 'void MyFillTheTrayAfterOutArmPlace::Clear()' declaration
  479 |     void Clear()
      |          ^~~~~
D:/HT9045/_integ_ioweb/HT9011UC_Cpp_V3.33.906.0/Public/HTEditList.h:488:1: warning: anonymous non-C-compatible type given name for linkage purposes by 'typedef' declaration [-Wnon-c-typedef-for-linkage]
  488 | {
      | ^
      | PickPlaceByArm
D:/HT9045/_integ_ioweb/HT9011UC_Cpp_V3.33.906.0/Public/HTEditList.h:491:10: note: type is not C-compatible because it contains 'void PickPlaceByArm::Clear()' declaration
  491 |     void Clear()
      |          ^~~~~
In file included from D:/HT9045/_integ_ioweb/HT9011UC_Cpp_V3.33.906.0/cmydef.h:10,
                 from D:/HT9045/_integ_ioweb/HT9011UC_Cpp_V3.33.906.0/Public/HTEditList.h:113,
                 from D:/HT9045/_integ_ioweb/HT9011UC_Cpp_V3.33.906.0/FileRW/_EditList.h:27,
                 from D:\HT9045\_integ_ioweb\HT9011UC_Cpp_V3.33.906.0\tests\test_b8_cl4_autoclean.cpp:28:
D:/HT9045/_integ_ioweb/HT9011UC_Cpp_V3.33.906.0/cprod.h:3307:1: warning: anonymous non-C-compatible type given name for linkage purposes by 'typedef' declaration [-Wnon-c-typedef-for-linkage]
 3307 | {
      | ^
      | MyIndexArmRec
D:/HT9045/_integ_ioweb/HT9011UC_Cpp_V3.33.906.0/cprod.h:3311:10: note: type is not C-compatible because it contains 'void MyIndexArmRec::Clear()' declaration
 3311 |     void Clear();
      |          ^~~~~
D:/HT9045/_integ_ioweb/HT9011UC_Cpp_V3.33.906.0/cmydef.h:4732:1: warning: anonymous non-C-compatible type given name for linkage purposes by 'typedef' declaration [-Wnon-c-typedef-for-linkage]
 4732 | {
      | ^
      | MySiteData
D:/HT9045/_integ_ioweb/HT9011UC_Cpp_V3.33.906.0/cmydef.h:4736:10: note: type is not C-compatible because it contains 'void MySiteData::SetData(int, int)' declaration
 4736 |     void SetData(int X, int Y)
      |          ^~~~~~~
D:/HT9045/_integ_ioweb/HT9011UC_Cpp_V3.33.906.0/cmydef.h:4747:1: warning: anonymous non-C-compatible type given name for linkage purposes by 'typedef' declaration [-Wnon-c-typedef-for-linkage]
 4747 | {
      | ^
      | MyNextTrayNeedManualRemoveTray
D:/HT9045/_integ_ioweb/HT9011UC_Cpp_V3.33.906.0/cmydef.h:4753:10: note: type is not C-compatible because it contains 'void MyNextTrayNeedManualRemoveTray::Clear()' declaration
 4753 |     void Clear()
      |          ^~~~~
D:/HT9045/_integ_ioweb/HT9011UC_Cpp_V3.33.906.0/Public/HTEditList.h:429:1: warning: anonymous non-C-compatible type given name for linkage purposes by 'typedef' declaration [-Wnon-c-typedef-for-linkage]
  429 | {
      | ^
      | ArmAndSuckInfo
D:/HT9045/_integ_ioweb/HT9011UC_Cpp_V3.33.906.0/Public/HTEditList.h:438:10: note: type is not C-compatible because it contains 'void ArmAndSuckInfo::Clear()' declaration
  438 |     void Clear()
      |          ^~~~~
D:/HT9045/_integ_ioweb/HT9011UC_Cpp_V3.33.906.0/Public/HTEditList.h:454:1: warning: anonymous non-C-compatible type given name for linkage purposes by 'typedef' declaration [-Wnon-c-typedef-for-linkage]
  454 | {
      | ^
      | SingleSuckPosOnTray
D:/HT9045/_integ_ioweb/HT9011UC_Cpp_V3.33.906.0/Public/HTEditList.h:462:10: note: type is not C-compatible because it contains 'void SingleSuckPosOnTray::Clear()' declaration
  462 |     void Clear()
      |          ^~~~~
D:/HT9045/_integ_ioweb/HT9011UC_Cpp_V3.33.906.0/Public/HTEditList.h:475:1: warning: anonymous non-C-compatible type given name for linkage purposes by 'typedef' declaration [-Wnon-c-typedef-for-linkage]
  475 | {
      | ^
      | MyFillTheTrayAfterOutArmPlace
D:/HT9045/_integ_ioweb/HT9011UC_Cpp_V3.33.906.0/Public/HTEditList.h:479:10: note: type is not C-compatible because it contains 'void MyFillTheTrayAfterOutArmPlace::Clear()' declaration
  479 |     void Clear()
      |          ^~~~~
D:/HT9045/_integ_ioweb/HT9011UC_Cpp_V3.33.906.0/Public/HTEditList.h:488:1: warning: anonymous non-C-compatible type given name for linkage purposes by 'typedef' declaration [-Wnon-c-typedef-for-linkage]
  488 | {
      | ^
      | PickPlaceByArm
D:/HT9045/_integ_ioweb/HT9011UC_Cpp_V3.33.906.0/Public/HTEditList.h:491:10: note: type is not C-compatible because it contains 'void PickPlaceByArm::Clear()' declaration
  491 |     void Clear()
      |          ^~~~~
[ 94%] Building CXX object tests/CMakeFiles/test_b8_ct3b_contactstartpause.dir/test_b8_ct3b_contactstartpause.cpp.obj
In file included from D:/HT9045/_integ_ioweb/HT9011UC_Cpp_V3.33.906.0/cmydef.h:10,
                 from D:/HT9045/_integ_ioweb/HT9011UC_Cpp_V3.33.906.0/Public/HTEditList.h:113,
                 from D:/HT9045/_integ_ioweb/HT9011UC_Cpp_V3.33.906.0/FileRW/_EditList.h:27,
                 from D:\HT9045\_integ_ioweb\HT9011UC_Cpp_V3.33.906.0\tests\test_b8_ct3a_contactflags.cpp:47:
D:/HT9045/_integ_ioweb/HT9011UC_Cpp_V3.33.906.0/cprod.h:3307:1: warning: anonymous non-C-compatible type given name for linkage purposes by 'typedef' declaration [-Wnon-c-typedef-for-linkage]
 3307 | {
      | ^
      | MyIndexArmRec
D:/HT9045/_integ_ioweb/HT9011UC_Cpp_V3.33.906.0/cprod.h:3311:10: note: type is not C-compatible because it contains 'void MyIndexArmRec::Clear()' declaration
 3311 |     void Clear();
      |          ^~~~~
D:/HT9045/_integ_ioweb/HT9011UC_Cpp_V3.33.906.0/cmydef.h:4732:1: warning: anonymous non-C-compatible type given name for linkage purposes by 'typedef' declaration [-Wnon-c-typedef-for-linkage]
 4732 | {
      | ^
      | MySiteData
D:/HT9045/_integ_ioweb/HT9011UC_Cpp_V3.33.906.0/cmydef.h:4736:10: note: type is not C-compatible because it contains 'void MySiteData::SetData(int, int)' declaration
 4736 |     void SetData(int X, int Y)
      |          ^~~~~~~
D:/HT9045/_integ_ioweb/HT9011UC_Cpp_V3.33.906.0/cmydef.h:4747:1: warning: anonymous non-C-compatible type given name for linkage purposes by 'typedef' declaration [-Wnon-c-typedef-for-linkage]
 4747 | {
      | ^
      | MyNextTrayNeedManualRemoveTray
D:/HT9045/_integ_ioweb/HT9011UC_Cpp_V3.33.906.0/cmydef.h:4753:10: note: type is not C-compatible because it contains 'void MyNextTrayNeedManualRemoveTray::Clear()' declaration
 4753 |     void Clear()
      |          ^~~~~
D:/HT9045/_integ_ioweb/HT9011UC_Cpp_V3.33.906.0/Public/HTEditList.h:429:1: warning: anonymous non-C-compatible type given name for linkage purposes by 'typedef' declaration [-Wnon-c-typedef-for-linkage]
  429 | {
      | ^
      | ArmAndSuckInfo
D:/HT9045/_integ_ioweb/HT9011UC_Cpp_V3.33.906.0/Public/HTEditList.h:438:10: note: type is not C-compatible because it contains 'void ArmAndSuckInfo::Clear()' declaration
  438 |     void Clear()
      |          ^~~~~
D:/HT9045/_integ_ioweb/HT9011UC_Cpp_V3.33.906.0/Public/HTEditList.h:454:1: warning: anonymous non-C-compatible type given name for linkage purposes by 'typedef' declaration [-Wnon-c-typedef-for-linkage]
  454 | {
      | ^
      | SingleSuckPosOnTray
D:/HT9045/_integ_ioweb/HT9011UC_Cpp_V3.33.906.0/Public/HTEditList.h:462:10: note: type is not C-compatible because it contains 'void SingleSuckPosOnTray::Clear()' declaration
  462 |     void Clear()
      |          ^~~~~
D:/HT9045/_integ_ioweb/HT9011UC_Cpp_V3.33.906.0/Public/HTEditList.h:475:1: warning: anonymous non-C-compatible type given name for linkage purposes by 'typedef' declaration [-Wnon-c-typedef-for-linkage]
  475 | {
      | ^
      | MyFillTheTrayAfterOutArmPlace
D:/HT9045/_integ_ioweb/HT9011UC_Cpp_V3.33.906.0/Public/HTEditList.h:479:10: note: type is not C-compatible because it contains 'void MyFillTheTrayAfterOutArmPlace::Clear()' declaration
  479 |     void Clear()
      |          ^~~~~
D:/HT9045/_integ_ioweb/HT9011UC_Cpp_V3.33.906.0/Public/HTEditList.h:488:1: warning: anonymous non-C-compatible type given name for linkage purposes by 'typedef' declaration [-Wnon-c-typedef-for-linkage]
  488 | {
      | ^
      | PickPlaceByArm
D:/HT9045/_integ_ioweb/HT9011UC_Cpp_V3.33.906.0/Public/HTEditList.h:491:10: note: type is not C-compatible because it contains 'void PickPlaceByArm::Clear()' declaration
  491 |     void Clear()
      |          ^~~~~
D:\HT9045\_integ_ioweb\HT9011UC_Cpp_V3.33.906.0\tests\test_b8_ct3a_contactflags.cpp: In function 'int main(int, char**)':
D:\HT9045\_integ_ioweb\HT9011UC_Cpp_V3.33.906.0\tests\test_b8_ct3a_contactflags.cpp:603:13: warning: this 'if' clause does not guard... [-Wmisleading-indentation]
  603 |             if (!r || std::strcmp(r->form, "TfContact") != 0) continue;  if (std::strcmp(r->control, "btnStart") == 0 || std::strcmp(r->control, "btnPause") == 0) continue;  if (std::strncmp(r->control, "palOTD_", 7) == 0) continue;   // AI(W906-B8-CT3B) 20261001 [W906] (St01): rows 18-19 are CT-3b' (START / PAUSE), checked by ctest B8_Ct3b_ContactStartPause; same line  // AI(W906-B8-CT3D-Q65B) 20261002 [W906] (St01): rows 20-21 are CT-3d (OTD, Steven Q65 = B), checked by ctest B8_Ct3d_OtdDock; same line, before the trailing //
      |             ^~
D:\HT9045\_integ_ioweb\HT9011UC_Cpp_V3.33.906.0\tests\test_b8_ct3a_contactflags.cpp:603:74: note: ...this statement, but the latter is misleadingly indented as if it were guarded by the 'if'
  603 |             if (!r || std::strcmp(r->form, "TfContact") != 0) continue;  if (std::strcmp(r->control, "btnStart") == 0 || std::strcmp(r->control, "btnPause") == 0) continue;  if (std::strncmp(r->control, "palOTD_", 7) == 0) continue;   // AI(W906-B8-CT3B) 20261001 [W906] (St01): rows 18-19 are CT-3b' (START / PAUSE), checked by ctest B8_Ct3b_ContactStartPause; same line  // AI(W906-B8-CT3D-Q65B) 20261002 [W906] (St01): rows 20-21 are CT-3d (OTD, Steven Q65 = B), checked by ctest B8_Ct3d_OtdDock; same line, before the trailing //
      |                                                                          ^~
In file included from D:/HT9045/_integ_ioweb/HT9011UC_Cpp_V3.33.906.0/cmydef.h:10,
                 from D:\HT9045\_integ_ioweb\HT9011UC_Cpp_V3.33.906.0\JsonBridge\actions\ObserverSGJam.cpp:21:
D:/HT9045/_integ_ioweb/HT9011UC_Cpp_V3.33.906.0/cprod.h:3307:1: warning: anonymous non-C-compatible type given name for linkage purposes by 'typedef' declaration [-Wnon-c-typedef-for-linkage]
 3307 | {
      | ^
      | MyIndexArmRec
D:/HT9045/_integ_ioweb/HT9011UC_Cpp_V3.33.906.0/cprod.h:3311:10: note: type is not C-compatible because it contains 'void MyIndexArmRec::Clear()' declaration
 3311 |     void Clear();
      |          ^~~~~
D:/HT9045/_integ_ioweb/HT9011UC_Cpp_V3.33.906.0/cmydef.h:4732:1: warning: anonymous non-C-compatible type given name for linkage purposes by 'typedef' declaration [-Wnon-c-typedef-for-linkage]
 4732 | {
      | ^
      | MySiteData
D:/HT9045/_integ_ioweb/HT9011UC_Cpp_V3.33.906.0/cmydef.h:4736:10: note: type is not C-compatible because it contains 'void MySiteData::SetData(int, int)' declaration
 4736 |     void SetData(int X, int Y)
      |          ^~~~~~~
D:/HT9045/_integ_ioweb/HT9011UC_Cpp_V3.33.906.0/cmydef.h:4747:1: warning: anonymous non-C-compatible type given name for linkage purposes by 'typedef' declaration [-Wnon-c-typedef-for-linkage]
 4747 | {
      | ^
      | MyNextTrayNeedManualRemoveTray
D:/HT9045/_integ_ioweb/HT9011UC_Cpp_V3.33.906.0/cmydef.h:4753:10: note: type is not C-compatible because it contains 'void MyNextTrayNeedManualRemoveTray::Clear()' declaration
 4753 |     void Clear()
      |          ^~~~~
In file included from D:/HT9045/_integ_ioweb/HT9011UC_Cpp_V3.33.906.0/cmydef.h:10,
                 from D:/HT9045/_integ_ioweb/HT9011UC_Cpp_V3.33.906.0/Public/HTEditList.h:113,
                 from D:/HT9045/_integ_ioweb/HT9011UC_Cpp_V3.33.906.0/FileRW/_EditList.h:27,
                 from D:\HT9045\_integ_ioweb\HT9011UC_Cpp_V3.33.906.0\tests\test_b8_ct3b_contactstartpause.cpp:42:
D:/HT9045/_integ_ioweb/HT9011UC_Cpp_V3.33.906.0/cprod.h:3307:1: warning: anonymous non-C-compatible type given name for linkage purposes by 'typedef' declaration [-Wnon-c-typedef-for-linkage]
 3307 | {
      | ^
      | MyIndexArmRec
D:/HT9045/_integ_ioweb/HT9011UC_Cpp_V3.33.906.0/cprod.h:3311:10: note: type is not C-compatible because it contains 'void MyIndexArmRec::Clear()' declaration
 3311 |     void Clear();
      |          ^~~~~
D:/HT9045/_integ_ioweb/HT9011UC_Cpp_V3.33.906.0/cmydef.h:4732:1: warning: anonymous non-C-compatible type given name for linkage purposes by 'typedef' declaration [-Wnon-c-typedef-for-linkage]
 4732 | {
      | ^
      | MySiteData
D:/HT9045/_integ_ioweb/HT9011UC_Cpp_V3.33.906.0/cmydef.h:4736:10: note: type is not C-compatible because it contains 'void MySiteData::SetData(int, int)' declaration
 4736 |     void SetData(int X, int Y)
      |          ^~~~~~~
D:/HT9045/_integ_ioweb/HT9011UC_Cpp_V3.33.906.0/cmydef.h:4747:1: warning: anonymous non-C-compatible type given name for linkage purposes by 'typedef' declaration [-Wnon-c-typedef-for-linkage]
 4747 | {
      | ^
      | MyNextTrayNeedManualRemoveTray
D:/HT9045/_integ_ioweb/HT9011UC_Cpp_V3.33.906.0/cmydef.h:4753:10: note: type is not C-compatible because it contains 'void MyNextTrayNeedManualRemoveTray::Clear()' declaration
 4753 |     void Clear()
      |          ^~~~~
D:/HT9045/_integ_ioweb/HT9011UC_Cpp_V3.33.906.0/Public/HTEditList.h:429:1: warning: anonymous non-C-compatible type given name for linkage purposes by 'typedef' declaration [-Wnon-c-typedef-for-linkage]
  429 | {
      | ^
      | ArmAndSuckInfo
D:/HT9045/_integ_ioweb/HT9011UC_Cpp_V3.33.906.0/Public/HTEditList.h:438:10: note: type is not C-compatible because it contains 'void ArmAndSuckInfo::Clear()' declaration
  438 |     void Clear()
      |          ^~~~~
D:/HT9045/_integ_ioweb/HT9011UC_Cpp_V3.33.906.0/Public/HTEditList.h:454:1: warning: anonymous non-C-compatible type given name for linkage purposes by 'typedef' declaration [-Wnon-c-typedef-for-linkage]
  454 | {
      | ^
      | SingleSuckPosOnTray
D:/HT9045/_integ_ioweb/HT9011UC_Cpp_V3.33.906.0/Public/HTEditList.h:462:10: note: type is not C-compatible because it contains 'void SingleSuckPosOnTray::Clear()' declaration
  462 |     void Clear()
      |          ^~~~~
D:/HT9045/_integ_ioweb/HT9011UC_Cpp_V3.33.906.0/Public/HTEditList.h:475:1: warning: anonymous non-C-compatible type given name for linkage purposes by 'typedef' declaration [-Wnon-c-typedef-for-linkage]
  475 | {
      | ^
      | MyFillTheTrayAfterOutArmPlace
D:/HT9045/_integ_ioweb/HT9011UC_Cpp_V3.33.906.0/Public/HTEditList.h:479:10: note: type is not C-compatible because it contains 'void MyFillTheTrayAfterOutArmPlace::Clear()' declaration
  479 |     void Clear()
      |          ^~~~~
D:/HT9045/_integ_ioweb/HT9011UC_Cpp_V3.33.906.0/Public/HTEditList.h:488:1: warning: anonymous non-C-compatible type given name for linkage purposes by 'typedef' declaration [-Wnon-c-typedef-for-linkage]
  488 | {
      | ^
      | PickPlaceByArm
D:/HT9045/_integ_ioweb/HT9011UC_Cpp_V3.33.906.0/Public/HTEditList.h:491:10: note: type is not C-compatible because it contains 'void PickPlaceByArm::Clear()' declaration
  491 |     void Clear()
      |          ^~~~~
In file included from D:/HT9045/_integ_ioweb/HT9011UC_Cpp_V3.33.906.0/cmydef.h:10,
                 from D:/HT9045/_integ_ioweb/HT9011UC_Cpp_V3.33.906.0/Public/HTEditList.h:113,
                 from D:/HT9045/_integ_ioweb/HT9011UC_Cpp_V3.33.906.0/FileRW/_EditList.h:27,
                 from D:/HT9045/_integ_ioweb/HT9011UC_Cpp_V3.33.906.0/FileRW/Offset_File.gen.inc:9,
                 from D:\HT9045\_integ_ioweb\HT9011UC_Cpp_V3.33.906.0\FileRW\Offset_File.cpp:25:
D:/HT9045/_integ_ioweb/HT9011UC_Cpp_V3.33.906.0/cprod.h:3307:1: warning: anonymous non-C-compatible type given name for linkage purposes by 'typedef' declaration [-Wnon-c-typedef-for-linkage]
 3307 | {
      | ^
      | MyIndexArmRec
D:/HT9045/_integ_ioweb/HT9011UC_Cpp_V3.33.906.0/cprod.h:3311:10: note: type is not C-compatible because it contains 'void MyIndexArmRec::Clear()' declaration
 3311 |     void Clear();
      |          ^~~~~
D:/HT9045/_integ_ioweb/HT9011UC_Cpp_V3.33.906.0/cmydef.h:4732:1: warning: anonymous non-C-compatible type given name for linkage purposes by 'typedef' declaration [-Wnon-c-typedef-for-linkage]
 4732 | {
      | ^
      | MySiteData
D:/HT9045/_integ_ioweb/HT9011UC_Cpp_V3.33.906.0/cmydef.h:4736:10: note: type is not C-compatible because it contains 'void MySiteData::SetData(int, int)' declaration
 4736 |     void SetData(int X, int Y)
      |          ^~~~~~~
D:/HT9045/_integ_ioweb/HT9011UC_Cpp_V3.33.906.0/cmydef.h:4747:1: warning: anonymous non-C-compatible type given name for linkage purposes by 'typedef' declaration [-Wnon-c-typedef-for-linkage]
 4747 | {
      | ^
      | MyNextTrayNeedManualRemoveTray
D:/HT9045/_integ_ioweb/HT9011UC_Cpp_V3.33.906.0/cmydef.h:4753:10: note: type is not C-compatible because it contains 'void MyNextTrayNeedManualRemoveTray::Clear()' declaration
 4753 |     void Clear()
      |          ^~~~~
D:/HT9045/_integ_ioweb/HT9011UC_Cpp_V3.33.906.0/Public/HTEditList.h:429:1: warning: anonymous non-C-compatible type given name for linkage purposes by 'typedef' declaration [-Wnon-c-typedef-for-linkage]
  429 | {
      | ^
      | ArmAndSuckInfo
D:/HT9045/_integ_ioweb/HT9011UC_Cpp_V3.33.906.0/Public/HTEditList.h:438:10: note: type is not C-compatible because it contains 'void ArmAndSuckInfo::Clear()' declaration
  438 |     void Clear()
      |          ^~~~~
D:/HT9045/_integ_ioweb/HT9011UC_Cpp_V3.33.906.0/Public/HTEditList.h:454:1: warning: anonymous non-C-compatible type given name for linkage purposes by 'typedef' declaration [-Wnon-c-typedef-for-linkage]
  454 | {
      | ^
      | SingleSuckPosOnTray
D:/HT9045/_integ_ioweb/HT9011UC_Cpp_V3.33.906.0/Public/HTEditList.h:462:10: note: type is not C-compatible because it contains 'void SingleSuckPosOnTray::Clear()' declaration
  462 |     void Clear()
      |          ^~~~~
D:/HT9045/_integ_ioweb/HT9011UC_Cpp_V3.33.906.0/Public/HTEditList.h:475:1: warning: anonymous non-C-compatible type given name for linkage purposes by 'typedef' declaration [-Wnon-c-typedef-for-linkage]
  475 | {
      | ^
      | MyFillTheTrayAfterOutArmPlace
D:/HT9045/_integ_ioweb/HT9011UC_Cpp_V3.33.906.0/Public/HTEditList.h:479:10: note: type is not C-compatible because it contains 'void MyFillTheTrayAfterOutArmPlace::Clear()' declaration
  479 |     void Clear()
      |          ^~~~~
D:/HT9045/_integ_ioweb/HT9011UC_Cpp_V3.33.906.0/Public/HTEditList.h:488:1: warning: anonymous non-C-compatible type given name for linkage purposes by 'typedef' declaration [-Wnon-c-typedef-for-linkage]
  488 | {
      | ^
      | PickPlaceByArm
D:/HT9045/_integ_ioweb/HT9011UC_Cpp_V3.33.906.0/Public/HTEditList.h:491:10: note: type is not C-compatible because it contains 'void PickPlaceByArm::Clear()' declaration
  491 |     void Clear()
      |          ^~~~~
[ 94%] Built target test_o19_summary
[ 94%] Building CXX object tests/CMakeFiles/test_b8_cl4_autoclean.dir/__/FileRW/TestIF_File_Cleaning.cpp.obj
In file included from D:/HT9045/_integ_ioweb/HT9011UC_Cpp_V3.33.906.0/cmydef.h:10,
                 from D:/HT9045/_integ_ioweb/HT9011UC_Cpp_V3.33.906.0/Public/HTEditList.h:113,
                 from D:/HT9045/_integ_ioweb/HT9011UC_Cpp_V3.33.906.0/FileRW/_EditList.h:27,
                 from D:/HT9045/_integ_ioweb/HT9011UC_Cpp_V3.33.906.0/FileRW/DeviceForm_File.gen.inc:9,
                 from D:\HT9045\_integ_ioweb\HT9011UC_Cpp_V3.33.906.0\FileRW\DeviceForm_File.cpp:29:
D:/HT9045/_integ_ioweb/HT9011UC_Cpp_V3.33.906.0/cprod.h:3307:1: warning: anonymous non-C-compatible type given name for linkage purposes by 'typedef' declaration [-Wnon-c-typedef-for-linkage]
 3307 | {
      | ^
      | MyIndexArmRec
D:/HT9045/_integ_ioweb/HT9011UC_Cpp_V3.33.906.0/cprod.h:3311:10: note: type is not C-compatible because it contains 'void MyIndexArmRec::Clear()' declaration
 3311 |     void Clear();
      |          ^~~~~
D:/HT9045/_integ_ioweb/HT9011UC_Cpp_V3.33.906.0/cmydef.h:4732:1: warning: anonymous non-C-compatible type given name for linkage purposes by 'typedef' declaration [-Wnon-c-typedef-for-linkage]
 4732 | {
      | ^
      | MySiteData
D:/HT9045/_integ_ioweb/HT9011UC_Cpp_V3.33.906.0/cmydef.h:4736:10: note: type is not C-compatible because it contains 'void MySiteData::SetData(int, int)' declaration
 4736 |     void SetData(int X, int Y)
      |          ^~~~~~~
D:/HT9045/_integ_ioweb/HT9011UC_Cpp_V3.33.906.0/cmydef.h:4747:1: warning: anonymous non-C-compatible type given name for linkage purposes by 'typedef' declaration [-Wnon-c-typedef-for-linkage]
 4747 | {
      | ^
      | MyNextTrayNeedManualRemoveTray
D:/HT9045/_integ_ioweb/HT9011UC_Cpp_V3.33.906.0/cmydef.h:4753:10: note: type is not C-compatible because it contains 'void MyNextTrayNeedManualRemoveTray::Clear()' declaration
 4753 |     void Clear()
      |          ^~~~~
D:/HT9045/_integ_ioweb/HT9011UC_Cpp_V3.33.906.0/Public/HTEditList.h:429:1: warning: anonymous non-C-compatible type given name for linkage purposes by 'typedef' declaration [-Wnon-c-typedef-for-linkage]
  429 | {
      | ^
      | ArmAndSuckInfo
D:/HT9045/_integ_ioweb/HT9011UC_Cpp_V3.33.906.0/Public/HTEditList.h:438:10: note: type is not C-compatible because it contains 'void ArmAndSuckInfo::Clear()' declaration
  438 |     void Clear()
      |          ^~~~~
D:/HT9045/_integ_ioweb/HT9011UC_Cpp_V3.33.906.0/Public/HTEditList.h:454:1: warning: anonymous non-C-compatible type given name for linkage purposes by 'typedef' declaration [-Wnon-c-typedef-for-linkage]
  454 | {
      | ^
      | SingleSuckPosOnTray
D:/HT9045/_integ_ioweb/HT9011UC_Cpp_V3.33.906.0/Public/HTEditList.h:462:10: note: type is not C-compatible because it contains 'void SingleSuckPosOnTray::Clear()' declaration
  462 |     void Clear()
      |          ^~~~~
D:/HT9045/_integ_ioweb/HT9011UC_Cpp_V3.33.906.0/Public/HTEditList.h:475:1: warning: anonymous non-C-compatible type given name for linkage purposes by 'typedef' declaration [-Wnon-c-typedef-for-linkage]
  475 | {
      | ^
      | MyFillTheTrayAfterOutArmPlace
D:/HT9045/_integ_ioweb/HT9011UC_Cpp_V3.33.906.0/Public/HTEditList.h:479:10: note: type is not C-compatible because it contains 'void MyFillTheTrayAfterOutArmPlace::Clear()' declaration
  479 |     void Clear()
      |          ^~~~~
D:/HT9045/_integ_ioweb/HT9011UC_Cpp_V3.33.906.0/Public/HTEditList.h:488:1: warning: anonymous non-C-compatible type given name for linkage purposes by 'typedef' declaration [-Wnon-c-typedef-for-linkage]
  488 | {
      | ^
      | PickPlaceByArm
D:/HT9045/_integ_ioweb/HT9011UC_Cpp_V3.33.906.0/Public/HTEditList.h:491:10: note: type is not C-compatible because it contains 'void PickPlaceByArm::Clear()' declaration
  491 |     void Clear()
      |          ^~~~~
[ 94%] Building CXX object tests/CMakeFiles/test_b8_ct3a_contactflags.dir/__/FileRW/DeviceForm_KbExtra.cpp.obj
[ 94%] Building CXX object tests/CMakeFiles/test_e020_lotinfo_e020.dir/__/JsonBridge/actions/MainClarnData.cpp.obj
[ 94%] Building CXX object tests/CMakeFiles/test_b8_ct3b_contactstartpause.dir/__/FileRW/DeviceForm_File.cpp.obj
[ 94%] Building CXX object tests/CMakeFiles/test_b8_os1b_autostart.dir/__/FileRW/Main_A01AutoLogout.cpp.obj
[ 94%] Building CXX object tests/CMakeFiles/test_b8_cl4_autoclean.dir/__/FileRW/CfgTrayPlate.cpp.obj
In file included from D:/HT9045/_integ_ioweb/HT9011UC_Cpp_V3.33.906.0/cmydef.h:10,
                 from D:/HT9045/_integ_ioweb/HT9011UC_Cpp_V3.33.906.0/Public/HTEditList.h:113,
                 from D:/HT9045/_integ_ioweb/HT9011UC_Cpp_V3.33.906.0/FileRW/_EditList.h:27,
                 from D:/HT9045/_integ_ioweb/HT9011UC_Cpp_V3.33.906.0/FileRW/DeviceForm_File.gen.inc:9,
                 from D:\HT9045\_integ_ioweb\HT9011UC_Cpp_V3.33.906.0\FileRW\DeviceForm_File.cpp:29:
D:/HT9045/_integ_ioweb/HT9011UC_Cpp_V3.33.906.0/cprod.h:3307:1: warning: anonymous non-C-compatible type given name for linkage purposes by 'typedef' declaration [-Wnon-c-typedef-for-linkage]
 3307 | {
      | ^
      | MyIndexArmRec
D:/HT9045/_integ_ioweb/HT9011UC_Cpp_V3.33.906.0/cprod.h:3311:10: note: type is not C-compatible because it contains 'void MyIndexArmRec::Clear()' declaration
 3311 |     void Clear();
      |          ^~~~~
D:/HT9045/_integ_ioweb/HT9011UC_Cpp_V3.33.906.0/cmydef.h:4732:1: warning: anonymous non-C-compatible type given name for linkage purposes by 'typedef' declaration [-Wnon-c-typedef-for-linkage]
 4732 | {
      | ^
      | MySiteData
D:/HT9045/_integ_ioweb/HT9011UC_Cpp_V3.33.906.0/cmydef.h:4736:10: note: type is not C-compatible because it contains 'void MySiteData::SetData(int, int)' declaration
 4736 |     void SetData(int X, int Y)
      |          ^~~~~~~
D:/HT9045/_integ_ioweb/HT9011UC_Cpp_V3.33.906.0/cmydef.h:4747:1: warning: anonymous non-C-compatible type given name for linkage purposes by 'typedef' declaration [-Wnon-c-typedef-for-linkage]
 4747 | {
      | ^
      | MyNextTrayNeedManualRemoveTray
D:/HT9045/_integ_ioweb/HT9011UC_Cpp_V3.33.906.0/cmydef.h:4753:10: note: type is not C-compatible because it contains 'void MyNextTrayNeedManualRemoveTray::Clear()' declaration
 4753 |     void Clear()
      |          ^~~~~
D:/HT9045/_integ_ioweb/HT9011UC_Cpp_V3.33.906.0/Public/HTEditList.h:429:1: warning: anonymous non-C-compatible type given name for linkage purposes by 'typedef' declaration [-Wnon-c-typedef-for-linkage]
  429 | {
      | ^
      | ArmAndSuckInfo
D:/HT9045/_integ_ioweb/HT9011UC_Cpp_V3.33.906.0/Public/HTEditList.h:438:10: note: type is not C-compatible because it contains 'void ArmAndSuckInfo::Clear()' declaration
  438 |     void Clear()
      |          ^~~~~
D:/HT9045/_integ_ioweb/HT9011UC_Cpp_V3.33.906.0/Public/HTEditList.h:454:1: warning: anonymous non-C-compatible type given name for linkage purposes by 'typedef' declaration [-Wnon-c-typedef-for-linkage]
  454 | {
      | ^
      | SingleSuckPosOnTray
D:/HT9045/_integ_ioweb/HT9011UC_Cpp_V3.33.906.0/Public/HTEditList.h:462:10: note: type is not C-compatible because it contains 'void SingleSuckPosOnTray::Clear()' declaration
  462 |     void Clear()
      |          ^~~~~
D:/HT9045/_integ_ioweb/HT9011UC_Cpp_V3.33.906.0/Public/HTEditList.h:475:1: warning: anonymous non-C-compatible type given name for linkage purposes by 'typedef' declaration [-Wnon-c-typedef-for-linkage]
  475 | {
      | ^
      | MyFillTheTrayAfterOutArmPlace
D:/HT9045/_integ_ioweb/HT9011UC_Cpp_V3.33.906.0/Public/HTEditList.h:479:10: note: type is not C-compatible because it contains 'void MyFillTheTrayAfterOutArmPlace::Clear()' declaration
  479 |     void Clear()
      |          ^~~~~
D:/HT9045/_integ_ioweb/HT9011UC_Cpp_V3.33.906.0/Public/HTEditList.h:488:1: warning: anonymous non-C-compatible type given name for linkage purposes by 'typedef' declaration [-Wnon-c-typedef-for-linkage]
  488 | {
      | ^
      | PickPlaceByArm
D:/HT9045/_integ_ioweb/HT9011UC_Cpp_V3.33.906.0/Public/HTEditList.h:491:10: note: type is not C-compatible because it contains 'void PickPlaceByArm::Clear()' declaration
  491 |     void Clear()
      |          ^~~~~
In file included from D:\HT9045\_integ_ioweb\HT9011UC_Cpp_V3.33.906.0\FileRW\DeviceForm_KbExtra.cpp:25:
D:/HT9045/_integ_ioweb/HT9011UC_Cpp_V3.33.906.0/cprod.h:3307:1: warning: anonymous non-C-compatible type given name for linkage purposes by 'typedef' declaration [-Wnon-c-typedef-for-linkage]
 3307 | {
      | ^
      | MyIndexArmRec
D:/HT9045/_integ_ioweb/HT9011UC_Cpp_V3.33.906.0/cprod.h:3311:10: note: type is not C-compatible because it contains 'void MyIndexArmRec::Clear()' declaration
 3311 |     void Clear();
      |          ^~~~~
In file included from D:\HT9045\_integ_ioweb\HT9011UC_Cpp_V3.33.906.0\FileRW\DeviceForm_KbExtra.cpp:28:
D:/HT9045/_integ_ioweb/HT9011UC_Cpp_V3.33.906.0/cmydef.h:4732:1: warning: anonymous non-C-compatible type given name for linkage purposes by 'typedef' declaration [-Wnon-c-typedef-for-linkage]
 4732 | {
      | ^
      | MySiteData
D:/HT9045/_integ_ioweb/HT9011UC_Cpp_V3.33.906.0/cmydef.h:4736:10: note: type is not C-compatible because it contains 'void MySiteData::SetData(int, int)' declaration
 4736 |     void SetData(int X, int Y)
      |          ^~~~~~~
D:/HT9045/_integ_ioweb/HT9011UC_Cpp_V3.33.906.0/cmydef.h:4747:1: warning: anonymous non-C-compatible type given name for linkage purposes by 'typedef' declaration [-Wnon-c-typedef-for-linkage]
 4747 | {
      | ^
      | MyNextTrayNeedManualRemoveTray
D:/HT9045/_integ_ioweb/HT9011UC_Cpp_V3.33.906.0/cmydef.h:4753:10: note: type is not C-compatible because it contains 'void MyNextTrayNeedManualRemoveTray::Clear()' declaration
 4753 |     void Clear()
      |          ^~~~~
In file included from D:/HT9045/_integ_ioweb/HT9011UC_Cpp_V3.33.906.0/cmydef.h:10,
                 from D:/HT9045/_integ_ioweb/HT9011UC_Cpp_V3.33.906.0/Public/HTEditList.h:113,
                 from D:/HT9045/_integ_ioweb/HT9011UC_Cpp_V3.33.906.0/FileRW/_EditList.h:27,
                 from D:\HT9045\_integ_ioweb\HT9011UC_Cpp_V3.33.906.0\FileRW\CfgTrayPlate.cpp:56:
D:/HT9045/_integ_ioweb/HT9011UC_Cpp_V3.33.906.0/cprod.h:3307:1: warning: anonymous non-C-compatible type given name for linkage purposes by 'typedef' declaration [-Wnon-c-typedef-for-linkage]
 3307 | {
      | ^
      | MyIndexArmRec
D:/HT9045/_integ_ioweb/HT9011UC_Cpp_V3.33.906.0/cprod.h:3311:10: note: type is not C-compatible because it contains 'void MyIndexArmRec::Clear()' declaration
 3311 |     void Clear();
      |          ^~~~~
D:/HT9045/_integ_ioweb/HT9011UC_Cpp_V3.33.906.0/cmydef.h:4732:1: warning: anonymous non-C-compatible type given name for linkage purposes by 'typedef' declaration [-Wnon-c-typedef-for-linkage]
 4732 | {
      | ^
      | MySiteData
D:/HT9045/_integ_ioweb/HT9011UC_Cpp_V3.33.906.0/cmydef.h:4736:10: note: type is not C-compatible because it contains 'void MySiteData::SetData(int, int)' declaration
 4736 |     void SetData(int X, int Y)
      |          ^~~~~~~
D:/HT9045/_integ_ioweb/HT9011UC_Cpp_V3.33.906.0/cmydef.h:4747:1: warning: anonymous non-C-compatible type given name for linkage purposes by 'typedef' declaration [-Wnon-c-typedef-for-linkage]
 4747 | {
      | ^
      | MyNextTrayNeedManualRemoveTray
D:/HT9045/_integ_ioweb/HT9011UC_Cpp_V3.33.906.0/cmydef.h:4753:10: note: type is not C-compatible because it contains 'void MyNextTrayNeedManualRemoveTray::Clear()' declaration
 4753 |     void Clear()
      |          ^~~~~
D:/HT9045/_integ_ioweb/HT9011UC_Cpp_V3.33.906.0/Public/HTEditList.h:429:1: warning: anonymous non-C-compatible type given name for linkage purposes by 'typedef' declaration [-Wnon-c-typedef-for-linkage]
  429 | {
      | ^
      | ArmAndSuckInfo
D:/HT9045/_integ_ioweb/HT9011UC_Cpp_V3.33.906.0/Public/HTEditList.h:438:10: note: type is not C-compatible because it contains 'void ArmAndSuckInfo::Clear()' declaration
  438 |     void Clear()
      |          ^~~~~
D:/HT9045/_integ_ioweb/HT9011UC_Cpp_V3.33.906.0/Public/HTEditList.h:454:1: warning: anonymous non-C-compatible type given name for linkage purposes by 'typedef' declaration [-Wnon-c-typedef-for-linkage]
  454 | {
      | ^
      | SingleSuckPosOnTray
D:/HT9045/_integ_ioweb/HT9011UC_Cpp_V3.33.906.0/Public/HTEditList.h:462:10: note: type is not C-compatible because it contains 'void SingleSuckPosOnTray::Clear()' declaration
  462 |     void Clear()
      |          ^~~~~
D:/HT9045/_integ_ioweb/HT9011UC_Cpp_V3.33.906.0/Public/HTEditList.h:475:1: warning: anonymous non-C-compatible type given name for linkage purposes by 'typedef' declaration [-Wnon-c-typedef-for-linkage]
  475 | {
      | ^
      | MyFillTheTrayAfterOutArmPlace
D:/HT9045/_integ_ioweb/HT9011UC_Cpp_V3.33.906.0/Public/HTEditList.h:479:10: note: type is not C-compatible because it contains 'void MyFillTheTrayAfterOutArmPlace::Clear()' declaration
  479 |     void Clear()
      |          ^~~~~
D:/HT9045/_integ_ioweb/HT9011UC_Cpp_V3.33.906.0/Public/HTEditList.h:488:1: warning: anonymous non-C-compatible type given name for linkage purposes by 'typedef' declaration [-Wnon-c-typedef-for-linkage]
  488 | {
      | ^
      | PickPlaceByArm
D:/HT9045/_integ_ioweb/HT9011UC_Cpp_V3.33.906.0/Public/HTEditList.h:491:10: note: type is not C-compatible because it contains 'void PickPlaceByArm::Clear()' declaration
  491 |     void Clear()
      |          ^~~~~
In file included from D:/HT9045/_integ_ioweb/HT9011UC_Cpp_V3.33.906.0/cmydef.h:10,
                 from D:\HT9045\_integ_ioweb\HT9011UC_Cpp_V3.33.906.0\JsonBridge\actions\MainClarnData.cpp:17:
D:/HT9045/_integ_ioweb/HT9011UC_Cpp_V3.33.906.0/cprod.h:3307:1: warning: anonymous non-C-compatible type given name for linkage purposes by 'typedef' declaration [-Wnon-c-typedef-for-linkage]
 3307 | {
      | ^
      | MyIndexArmRec
D:/HT9045/_integ_ioweb/HT9011UC_Cpp_V3.33.906.0/cprod.h:3311:10: note: type is not C-compatible because it contains 'void MyIndexArmRec::Clear()' declaration
 3311 |     void Clear();
      |          ^~~~~
D:/HT9045/_integ_ioweb/HT9011UC_Cpp_V3.33.906.0/cmydef.h:4732:1: warning: anonymous non-C-compatible type given name for linkage purposes by 'typedef' declaration [-Wnon-c-typedef-for-linkage]
 4732 | {
      | ^
      | MySiteData
D:/HT9045/_integ_ioweb/HT9011UC_Cpp_V3.33.906.0/cmydef.h:4736:10: note: type is not C-compatible because it contains 'void MySiteData::SetData(int, int)' declaration
 4736 |     void SetData(int X, int Y)
      |          ^~~~~~~
D:/HT9045/_integ_ioweb/HT9011UC_Cpp_V3.33.906.0/cmydef.h:4747:1: warning: anonymous non-C-compatible type given name for linkage purposes by 'typedef' declaration [-Wnon-c-typedef-for-linkage]
 4747 | {
      | ^
      | MyNextTrayNeedManualRemoveTray
D:/HT9045/_integ_ioweb/HT9011UC_Cpp_V3.33.906.0/cmydef.h:4753:10: note: type is not C-compatible because it contains 'void MyNextTrayNeedManualRemoveTray::Clear()' declaration
 4753 |     void Clear()
      |          ^~~~~
In file included from D:/HT9045/_integ_ioweb/HT9011UC_Cpp_V3.33.906.0/cmydef.h:10,
                 from D:\HT9045\_integ_ioweb\HT9011UC_Cpp_V3.33.906.0\FileRW\Main_A01AutoLogout.cpp:76:
D:/HT9045/_integ_ioweb/HT9011UC_Cpp_V3.33.906.0/cprod.h:3307:1: warning: anonymous non-C-compatible type given name for linkage purposes by 'typedef' declaration [-Wnon-c-typedef-for-linkage]
 3307 | {
      | ^
      | MyIndexArmRec
D:/HT9045/_integ_ioweb/HT9011UC_Cpp_V3.33.906.0/cprod.h:3311:10: note: type is not C-compatible because it contains 'void MyIndexArmRec::Clear()' declaration
 3311 |     void Clear();
      |          ^~~~~
D:/HT9045/_integ_ioweb/HT9011UC_Cpp_V3.33.906.0/cmydef.h:4732:1: warning: anonymous non-C-compatible type given name for linkage purposes by 'typedef' declaration [-Wnon-c-typedef-for-linkage]
 4732 | {
      | ^
      | MySiteData
D:/HT9045/_integ_ioweb/HT9011UC_Cpp_V3.33.906.0/cmydef.h:4736:10: note: type is not C-compatible because it contains 'void MySiteData::SetData(int, int)' declaration
 4736 |     void SetData(int X, int Y)
      |          ^~~~~~~
D:/HT9045/_integ_ioweb/HT9011UC_Cpp_V3.33.906.0/cmydef.h:4747:1: warning: anonymous non-C-compatible type given name for linkage purposes by 'typedef' declaration [-Wnon-c-typedef-for-linkage]
 4747 | {
      | ^
      | MyNextTrayNeedManualRemoveTray
D:/HT9045/_integ_ioweb/HT9011UC_Cpp_V3.33.906.0/cmydef.h:4753:10: note: type is not C-compatible because it contains 'void MyNextTrayNeedManualRemoveTray::Clear()' declaration
 4753 |     void Clear()
      |          ^~~~~
[ 94%] Building CXX object tests/CMakeFiles/test_b8_os1b_autostart.dir/__/FileRW/_FormEvent.cpp.obj
[ 94%] Building CXX object tests/CMakeFiles/test_e020_lotinfo_e020.dir/__/JsonBridge/actions/MainStateRecord.cpp.obj
[ 94%] Building CXX object tests/CMakeFiles/test_b8_ct3a_contactflags.dir/__/FileRW/_FormEvent.cpp.obj
[ 94%] Building CXX object tests/CMakeFiles/test_b8_ct3b_contactstartpause.dir/__/FileRW/DeviceForm_KbExtra.cpp.obj
[ 94%] Built target test_h013_terms
[ 94%] Building CXX object tests/CMakeFiles/test_b8_os1b_autostart.dir/__/FileRW/_EditList.cpp.obj
[ 94%] Building CXX object tests/CMakeFiles/test_e020_lotinfo_e020.dir/__/JsonBridge/EventLog.cpp.obj
[ 94%] Building CXX object tests/CMakeFiles/test_b8_ct3a_contactflags.dir/__/FileRW/_EditList.cpp.obj
[ 94%] Building CXX object tests/CMakeFiles/test_b8_cl4_autoclean.dir/__/FileRW/_FormEvent.cpp.obj
In file included from D:\HT9045\_integ_ioweb\HT9011UC_Cpp_V3.33.906.0\FileRW\DeviceForm_KbExtra.cpp:25:
D:/HT9045/_integ_ioweb/HT9011UC_Cpp_V3.33.906.0/cprod.h:3307:1: warning: anonymous non-C-compatible type given name for linkage purposes by 'typedef' declaration [-Wnon-c-typedef-for-linkage]
 3307 | {
      | ^
      | MyIndexArmRec
D:/HT9045/_integ_ioweb/HT9011UC_Cpp_V3.33.906.0/cprod.h:3311:10: note: type is not C-compatible because it contains 'void MyIndexArmRec::Clear()' declaration
 3311 |     void Clear();
      |          ^~~~~
In file included from D:\HT9045\_integ_ioweb\HT9011UC_Cpp_V3.33.906.0\FileRW\DeviceForm_KbExtra.cpp:28:
D:/HT9045/_integ_ioweb/HT9011UC_Cpp_V3.33.906.0/cmydef.h:4732:1: warning: anonymous non-C-compatible type given name for linkage purposes by 'typedef' declaration [-Wnon-c-typedef-for-linkage]
 4732 | {
      | ^
      | MySiteData
D:/HT9045/_integ_ioweb/HT9011UC_Cpp_V3.33.906.0/cmydef.h:4736:10: note: type is not C-compatible because it contains 'void MySiteData::SetData(int, int)' declaration
 4736 |     void SetData(int X, int Y)
      |          ^~~~~~~
D:/HT9045/_integ_ioweb/HT9011UC_Cpp_V3.33.906.0/cmydef.h:4747:1: warning: anonymous non-C-compatible type given name for linkage purposes by 'typedef' declaration [-Wnon-c-typedef-for-linkage]
 4747 | {
      | ^
      | MyNextTrayNeedManualRemoveTray
D:/HT9045/_integ_ioweb/HT9011UC_Cpp_V3.33.906.0/cmydef.h:4753:10: note: type is not C-compatible because it contains 'void MyNextTrayNeedManualRemoveTray::Clear()' declaration
 4753 |     void Clear()
      |          ^~~~~
[ 94%] Building CXX object tests/CMakeFiles/test_b8_ct3b_contactstartpause.dir/__/FileRW/_FormEvent.cpp.obj
In file included from D:/HT9045/_integ_ioweb/HT9011UC_Cpp_V3.33.906.0/cmydef.h:10,
                 from D:/HT9045/_integ_ioweb/HT9011UC_Cpp_V3.33.906.0/Public/HTEditList.h:113,
                 from D:/HT9045/_integ_ioweb/HT9011UC_Cpp_V3.33.906.0/FileRW/_EditList.h:27,
                 from D:\HT9045\_integ_ioweb\HT9011UC_Cpp_V3.33.906.0\FileRW\_EditList.cpp:6:
D:/HT9045/_integ_ioweb/HT9011UC_Cpp_V3.33.906.0/cprod.h:3307:1: warning: anonymous non-C-compatible type given name for linkage purposes by 'typedef' declaration [-Wnon-c-typedef-for-linkage]
 3307 | {
      | ^
      | MyIndexArmRec
D:/HT9045/_integ_ioweb/HT9011UC_Cpp_V3.33.906.0/cprod.h:3311:10: note: type is not C-compatible because it contains 'void MyIndexArmRec::Clear()' declaration
 3311 |     void Clear();
      |          ^~~~~
D:/HT9045/_integ_ioweb/HT9011UC_Cpp_V3.33.906.0/cmydef.h:4732:1: warning: anonymous non-C-compatible type given name for linkage purposes by 'typedef' declaration [-Wnon-c-typedef-for-linkage]
 4732 | {
      | ^
      | MySiteData
D:/HT9045/_integ_ioweb/HT9011UC_Cpp_V3.33.906.0/cmydef.h:4736:10: note: type is not C-compatible because it contains 'void MySiteData::SetData(int, int)' declaration
 4736 |     void SetData(int X, int Y)
      |          ^~~~~~~
D:/HT9045/_integ_ioweb/HT9011UC_Cpp_V3.33.906.0/cmydef.h:4747:1: warning: anonymous non-C-compatible type given name for linkage purposes by 'typedef' declaration [-Wnon-c-typedef-for-linkage]
 4747 | {
      | ^
      | MyNextTrayNeedManualRemoveTray
D:/HT9045/_integ_ioweb/HT9011UC_Cpp_V3.33.906.0/cmydef.h:4753:10: note: type is not C-compatible because it contains 'void MyNextTrayNeedManualRemoveTray::Clear()' declaration
 4753 |     void Clear()
      |          ^~~~~
D:/HT9045/_integ_ioweb/HT9011UC_Cpp_V3.33.906.0/Public/HTEditList.h:429:1: warning: anonymous non-C-compatible type given name for linkage purposes by 'typedef' declaration [-Wnon-c-typedef-for-linkage]
  429 | {
      | ^
      | ArmAndSuckInfo
D:/HT9045/_integ_ioweb/HT9011UC_Cpp_V3.33.906.0/Public/HTEditList.h:438:10: note: type is not C-compatible because it contains 'void ArmAndSuckInfo::Clear()' declaration
  438 |     void Clear()
      |          ^~~~~
D:/HT9045/_integ_ioweb/HT9011UC_Cpp_V3.33.906.0/Public/HTEditList.h:454:1: warning: anonymous non-C-compatible type given name for linkage purposes by 'typedef' declaration [-Wnon-c-typedef-for-linkage]
  454 | {
      | ^
      | SingleSuckPosOnTray
D:/HT9045/_integ_ioweb/HT9011UC_Cpp_V3.33.906.0/Public/HTEditList.h:462:10: note: type is not C-compatible because it contains 'void SingleSuckPosOnTray::Clear()' declaration
  462 |     void Clear()
      |          ^~~~~
D:/HT9045/_integ_ioweb/HT9011UC_Cpp_V3.33.906.0/Public/HTEditList.h:475:1: warning: anonymous non-C-compatible type given name for linkage purposes by 'typedef' declaration [-Wnon-c-typedef-for-linkage]
  475 | {
      | ^
      | MyFillTheTrayAfterOutArmPlace
D:/HT9045/_integ_ioweb/HT9011UC_Cpp_V3.33.906.0/Public/HTEditList.h:479:10: note: type is not C-compatible because it contains 'void MyFillTheTrayAfterOutArmPlace::Clear()' declaration
  479 |     void Clear()
      |          ^~~~~
D:/HT9045/_integ_ioweb/HT9011UC_Cpp_V3.33.906.0/Public/HTEditList.h:488:1: warning: anonymous non-C-compatible type given name for linkage purposes by 'typedef' declaration [-Wnon-c-typedef-for-linkage]
  488 | {
      | ^
      | PickPlaceByArm
D:/HT9045/_integ_ioweb/HT9011UC_Cpp_V3.33.906.0/Public/HTEditList.h:491:10: note: type is not C-compatible because it contains 'void PickPlaceByArm::Clear()' declaration
  491 |     void Clear()
      |          ^~~~~
In file included from D:/HT9045/_integ_ioweb/HT9011UC_Cpp_V3.33.906.0/cmydef.h:10,
                 from D:/HT9045/_integ_ioweb/HT9011UC_Cpp_V3.33.906.0/Public/HTEditList.h:113,
                 from D:/HT9045/_integ_ioweb/HT9011UC_Cpp_V3.33.906.0/FileRW/_EditList.h:27,
                 from D:\HT9045\_integ_ioweb\HT9011UC_Cpp_V3.33.906.0\FileRW\_EditList.cpp:6:
D:/HT9045/_integ_ioweb/HT9011UC_Cpp_V3.33.906.0/cprod.h:3307:1: warning: anonymous non-C-compatible type given name for linkage purposes by 'typedef' declaration [-Wnon-c-typedef-for-linkage]
 3307 | {
      | ^
      | MyIndexArmRec
D:/HT9045/_integ_ioweb/HT9011UC_Cpp_V3.33.906.0/cprod.h:3311:10: note: type is not C-compatible because it contains 'void MyIndexArmRec::Clear()' declaration
 3311 |     void Clear();
      |          ^~~~~
D:/HT9045/_integ_ioweb/HT9011UC_Cpp_V3.33.906.0/cmydef.h:4732:1: warning: anonymous non-C-compatible type given name for linkage purposes by 'typedef' declaration [-Wnon-c-typedef-for-linkage]
 4732 | {
      | ^
      | MySiteData
D:/HT9045/_integ_ioweb/HT9011UC_Cpp_V3.33.906.0/cmydef.h:4736:10: note: type is not C-compatible because it contains 'void MySiteData::SetData(int, int)' declaration
 4736 |     void SetData(int X, int Y)
      |          ^~~~~~~
D:/HT9045/_integ_ioweb/HT9011UC_Cpp_V3.33.906.0/cmydef.h:4747:1: warning: anonymous non-C-compatible type given name for linkage purposes by 'typedef' declaration [-Wnon-c-typedef-for-linkage]
 4747 | {
      | ^
      | MyNextTrayNeedManualRemoveTray
D:/HT9045/_integ_ioweb/HT9011UC_Cpp_V3.33.906.0/cmydef.h:4753:10: note: type is not C-compatible because it contains 'void MyNextTrayNeedManualRemoveTray::Clear()' declaration
 4753 |     void Clear()
      |          ^~~~~
D:/HT9045/_integ_ioweb/HT9011UC_Cpp_V3.33.906.0/Public/HTEditList.h:429:1: warning: anonymous non-C-compatible type given name for linkage purposes by 'typedef' declaration [-Wnon-c-typedef-for-linkage]
  429 | {
      | ^
      | ArmAndSuckInfo
D:/HT9045/_integ_ioweb/HT9011UC_Cpp_V3.33.906.0/Public/HTEditList.h:438:10: note: type is not C-compatible because it contains 'void ArmAndSuckInfo::Clear()' declaration
  438 |     void Clear()
      |          ^~~~~
D:/HT9045/_integ_ioweb/HT9011UC_Cpp_V3.33.906.0/Public/HTEditList.h:454:1: warning: anonymous non-C-compatible type given name for linkage purposes by 'typedef' declaration [-Wnon-c-typedef-for-linkage]
  454 | {
      | ^
      | SingleSuckPosOnTray
D:/HT9045/_integ_ioweb/HT9011UC_Cpp_V3.33.906.0/Public/HTEditList.h:462:10: note: type is not C-compatible because it contains 'void SingleSuckPosOnTray::Clear()' declaration
  462 |     void Clear()
      |          ^~~~~
D:/HT9045/_integ_ioweb/HT9011UC_Cpp_V3.33.906.0/Public/HTEditList.h:475:1: warning: anonymous non-C-compatible type given name for linkage purposes by 'typedef' declaration [-Wnon-c-typedef-for-linkage]
  475 | {
      | ^
      | MyFillTheTrayAfterOutArmPlace
D:/HT9045/_integ_ioweb/HT9011UC_Cpp_V3.33.906.0/Public/HTEditList.h:479:10: note: type is not C-compatible because it contains 'void MyFillTheTrayAfterOutArmPlace::Clear()' declaration
  479 |     void Clear()
      |          ^~~~~
D:/HT9045/_integ_ioweb/HT9011UC_Cpp_V3.33.906.0/Public/HTEditList.h:488:1: warning: anonymous non-C-compatible type given name for linkage purposes by 'typedef' declaration [-Wnon-c-typedef-for-linkage]
  488 | {
      | ^
      | PickPlaceByArm
D:/HT9045/_integ_ioweb/HT9011UC_Cpp_V3.33.906.0/Public/HTEditList.h:491:10: note: type is not C-compatible because it contains 'void PickPlaceByArm::Clear()' declaration
  491 |     void Clear()
      |          ^~~~~
[ 94%] Building CXX object tests/CMakeFiles/test_b8_ct3d_otddock.dir/test_b8_ct3d_otddock.cpp.obj
[ 94%] Building CXX object tests/CMakeFiles/test_b8_os1b_autostart.dir/__/FileRW/_EditPage.cpp.obj
[ 94%] Built target test_note_auth
[ 94%] Building CXX object tests/CMakeFiles/test_b8_ct3a_contactflags.dir/__/FileRW/_EditPage.cpp.obj
[ 94%] Building CXX object tests/CMakeFiles/test_e020_lotinfo_e020.dir/__/EtherCAT/Pci1203Monitor.cpp.obj
In file included from D:/HT9045/_integ_ioweb/HT9011UC_Cpp_V3.33.906.0/cmydef.h:10,
                 from D:/HT9045/_integ_ioweb/HT9011UC_Cpp_V3.33.906.0/Public/HTEditList.h:113,
                 from D:/HT9045/_integ_ioweb/HT9011UC_Cpp_V3.33.906.0/FileRW/_EditList.h:27,
                 from D:/HT9045/_integ_ioweb/HT9011UC_Cpp_V3.33.906.0/FileRW/TestIF_File_Cleaning.gen.inc:9,
                 from D:\HT9045\_integ_ioweb\HT9011UC_Cpp_V3.33.906.0\FileRW\TestIF_File_Cleaning.cpp:66:
D:/HT9045/_integ_ioweb/HT9011UC_Cpp_V3.33.906.0/cprod.h:3307:1: warning: anonymous non-C-compatible type given name for linkage purposes by 'typedef' declaration [-Wnon-c-typedef-for-linkage]
 3307 | {
      | ^
      | MyIndexArmRec
D:/HT9045/_integ_ioweb/HT9011UC_Cpp_V3.33.906.0/cprod.h:3311:10: note: type is not C-compatible because it contains 'void MyIndexArmRec::Clear()' declaration
 3311 |     void Clear();
      |          ^~~~~
D:/HT9045/_integ_ioweb/HT9011UC_Cpp_V3.33.906.0/cmydef.h:4732:1: warning: anonymous non-C-compatible type given name for linkage purposes by 'typedef' declaration [-Wnon-c-typedef-for-linkage]
 4732 | {
      | ^
      | MySiteData
D:/HT9045/_integ_ioweb/HT9011UC_Cpp_V3.33.906.0/cmydef.h:4736:10: note: type is not C-compatible because it contains 'void MySiteData::SetData(int, int)' declaration
 4736 |     void SetData(int X, int Y)
      |          ^~~~~~~
D:/HT9045/_integ_ioweb/HT9011UC_Cpp_V3.33.906.0/cmydef.h:4747:1: warning: anonymous non-C-compatible type given name for linkage purposes by 'typedef' declaration [-Wnon-c-typedef-for-linkage]
 4747 | {
      | ^
      | MyNextTrayNeedManualRemoveTray
D:/HT9045/_integ_ioweb/HT9011UC_Cpp_V3.33.906.0/cmydef.h:4753:10: note: type is not C-compatible because it contains 'void MyNextTrayNeedManualRemoveTray::Clear()' declaration
 4753 |     void Clear()
      |          ^~~~~
D:/HT9045/_integ_ioweb/HT9011UC_Cpp_V3.33.906.0/Public/HTEditList.h:429:1: warning: anonymous non-C-compatible type given name for linkage purposes by 'typedef' declaration [-Wnon-c-typedef-for-linkage]
  429 | {
      | ^
      | ArmAndSuckInfo
D:/HT9045/_integ_ioweb/HT9011UC_Cpp_V3.33.906.0/Public/HTEditList.h:438:10: note: type is not C-compatible because it contains 'void ArmAndSuckInfo::Clear()' declaration
  438 |     void Clear()
      |          ^~~~~
D:/HT9045/_integ_ioweb/HT9011UC_Cpp_V3.33.906.0/Public/HTEditList.h:454:1: warning: anonymous non-C-compatible type given name for linkage purposes by 'typedef' declaration [-Wnon-c-typedef-for-linkage]
  454 | {
      | ^
      | SingleSuckPosOnTray
D:/HT9045/_integ_ioweb/HT9011UC_Cpp_V3.33.906.0/Public/HTEditList.h:462:10: note: type is not C-compatible because it contains 'void SingleSuckPosOnTray::Clear()' declaration
  462 |     void Clear()
      |          ^~~~~
D:/HT9045/_integ_ioweb/HT9011UC_Cpp_V3.33.906.0/Public/HTEditList.h:475:1: warning: anonymous non-C-compatible type given name for linkage purposes by 'typedef' declaration [-Wnon-c-typedef-for-linkage]
  475 | {
      | ^
      | MyFillTheTrayAfterOutArmPlace
D:/HT9045/_integ_ioweb/HT9011UC_Cpp_V3.33.906.0/Public/HTEditList.h:479:10: note: type is not C-compatible because it contains 'void MyFillTheTrayAfterOutArmPlace::Clear()' declaration
  479 |     void Clear()
      |          ^~~~~
D:/HT9045/_integ_ioweb/HT9011UC_Cpp_V3.33.906.0/Public/HTEditList.h:488:1: warning: anonymous non-C-compatible type given name for linkage purposes by 'typedef' declaration [-Wnon-c-typedef-for-linkage]
  488 | {
      | ^
      | PickPlaceByArm
D:/HT9045/_integ_ioweb/HT9011UC_Cpp_V3.33.906.0/Public/HTEditList.h:491:10: note: type is not C-compatible because it contains 'void PickPlaceByArm::Clear()' declaration
  491 |     void Clear()
      |          ^~~~~
In file included from D:/HT9045/_integ_ioweb/HT9011UC_Cpp_V3.33.906.0/FileRW/TestIF_File_Cleaning.gen.inc:21:
D:/HT9045/_integ_ioweb/HT9011UC_Cpp_V3.33.906.0/forms/fSetup.h:464:5: warning: anonymous non-C-compatible type given name for linkage purposes by 'typedef' declaration [-Wnon-c-typedef-for-linkage]
  464 |     {
      |     ^
      |     SetUpShuttleMode
D:/HT9045/_integ_ioweb/HT9011UC_Cpp_V3.33.906.0/forms/fSetup.h:469:14: note: type is not C-compatible because it contains 'void SetUpShuttleMode::Clear()' declaration
  469 |         void Clear()
      |              ^~~~~
[ 94%] Building CXX object tests/CMakeFiles/test_b8_ct3b_contactstartpause.dir/__/FileRW/_EditList.cpp.obj
[ 94%] Building CXX object tests/CMakeFiles/test_b8_ct3d_otddock.dir/__/FileRW/DeviceForm_File.cpp.obj
[ 95%] Building CXX object tests/CMakeFiles/test_b8_cl4_autoclean.dir/__/FileRW/_EditList.cpp.obj
In file included from D:/HT9045/_integ_ioweb/HT9011UC_Cpp_V3.33.906.0/cmydef.h:10,
                 from D:/HT9045/_integ_ioweb/HT9011UC_Cpp_V3.33.906.0/Public/HTEditList.h:113,
                 from D:/HT9045/_integ_ioweb/HT9011UC_Cpp_V3.33.906.0/FileRW/_EditList.h:27,
                 from D:\HT9045\_integ_ioweb\HT9011UC_Cpp_V3.33.906.0\FileRW\_EditPage.cpp:14:
D:/HT9045/_integ_ioweb/HT9011UC_Cpp_V3.33.906.0/cprod.h:3307:1: warning: anonymous non-C-compatible type given name for linkage purposes by 'typedef' declaration [-Wnon-c-typedef-for-linkage]
 3307 | {
      | ^
      | MyIndexArmRec
D:/HT9045/_integ_ioweb/HT9011UC_Cpp_V3.33.906.0/cprod.h:3311:10: note: type is not C-compatible because it contains 'void MyIndexArmRec::Clear()' declaration
 3311 |     void Clear();
      |          ^~~~~
D:/HT9045/_integ_ioweb/HT9011UC_Cpp_V3.33.906.0/cmydef.h:4732:1: warning: anonymous non-C-compatible type given name for linkage purposes by 'typedef' declaration [-Wnon-c-typedef-for-linkage]
 4732 | {
      | ^
      | MySiteData
D:/HT9045/_integ_ioweb/HT9011UC_Cpp_V3.33.906.0/cmydef.h:4736:10: note: type is not C-compatible because it contains 'void MySiteData::SetData(int, int)' declaration
 4736 |     void SetData(int X, int Y)
      |          ^~~~~~~
D:/HT9045/_integ_ioweb/HT9011UC_Cpp_V3.33.906.0/cmydef.h:4747:1: warning: anonymous non-C-compatible type given name for linkage purposes by 'typedef' declaration [-Wnon-c-typedef-for-linkage]
 4747 | {
      | ^
      | MyNextTrayNeedManualRemoveTray
D:/HT9045/_integ_ioweb/HT9011UC_Cpp_V3.33.906.0/cmydef.h:4753:10: note: type is not C-compatible because it contains 'void MyNextTrayNeedManualRemoveTray::Clear()' declaration
 4753 |     void Clear()
      |          ^~~~~
D:/HT9045/_integ_ioweb/HT9011UC_Cpp_V3.33.906.0/Public/HTEditList.h:429:1: warning: anonymous non-C-compatible type given name for linkage purposes by 'typedef' declaration [-Wnon-c-typedef-for-linkage]
  429 | {
      | ^
      | ArmAndSuckInfo
D:/HT9045/_integ_ioweb/HT9011UC_Cpp_V3.33.906.0/Public/HTEditList.h:438:10: note: type is not C-compatible because it contains 'void ArmAndSuckInfo::Clear()' declaration
  438 |     void Clear()
      |          ^~~~~
D:/HT9045/_integ_ioweb/HT9011UC_Cpp_V3.33.906.0/Public/HTEditList.h:454:1: warning: anonymous non-C-compatible type given name for linkage purposes by 'typedef' declaration [-Wnon-c-typedef-for-linkage]
  454 | {
      | ^
      | SingleSuckPosOnTray
D:/HT9045/_integ_ioweb/HT9011UC_Cpp_V3.33.906.0/Public/HTEditList.h:462:10: note: type is not C-compatible because it contains 'void SingleSuckPosOnTray::Clear()' declaration
  462 |     void Clear()
      |          ^~~~~
D:/HT9045/_integ_ioweb/HT9011UC_Cpp_V3.33.906.0/Public/HTEditList.h:475:1: warning: anonymous non-C-compatible type given name for linkage purposes by 'typedef' declaration [-Wnon-c-typedef-for-linkage]
  475 | {
      | ^
      | MyFillTheTrayAfterOutArmPlace
D:/HT9045/_integ_ioweb/HT9011UC_Cpp_V3.33.906.0/Public/HTEditList.h:479:10: note: type is not C-compatible because it contains 'void MyFillTheTrayAfterOutArmPlace::Clear()' declaration
  479 |     void Clear()
      |          ^~~~~
D:/HT9045/_integ_ioweb/HT9011UC_Cpp_V3.33.906.0/Public/HTEditList.h:488:1: warning: anonymous non-C-compatible type given name for linkage purposes by 'typedef' declaration [-Wnon-c-typedef-for-linkage]
  488 | {
      | ^
      | PickPlaceByArm
D:/HT9045/_integ_ioweb/HT9011UC_Cpp_V3.33.906.0/Public/HTEditList.h:491:10: note: type is not C-compatible because it contains 'void PickPlaceByArm::Clear()' declaration
  491 |     void Clear()
      |          ^~~~~
In file included from D:/HT9045/_integ_ioweb/HT9011UC_Cpp_V3.33.906.0/cmydef.h:10,
                 from D:/HT9045/_integ_ioweb/HT9011UC_Cpp_V3.33.906.0/Public/HTEditList.h:113,
                 from D:/HT9045/_integ_ioweb/HT9011UC_Cpp_V3.33.906.0/FileRW/_EditList.h:27,
                 from D:\HT9045\_integ_ioweb\HT9011UC_Cpp_V3.33.906.0\FileRW\_EditPage.cpp:14:
D:/HT9045/_integ_ioweb/HT9011UC_Cpp_V3.33.906.0/cprod.h:3307:1: warning: anonymous non-C-compatible type given name for linkage purposes by 'typedef' declaration [-Wnon-c-typedef-for-linkage]
 3307 | {
      | ^
      | MyIndexArmRec
D:/HT9045/_integ_ioweb/HT9011UC_Cpp_V3.33.906.0/cprod.h:3311:10: note: type is not C-compatible because it contains 'void MyIndexArmRec::Clear()' declaration
 3311 |     void Clear();
      |          ^~~~~
D:/HT9045/_integ_ioweb/HT9011UC_Cpp_V3.33.906.0/cmydef.h:4732:1: warning: anonymous non-C-compatible type given name for linkage purposes by 'typedef' declaration [-Wnon-c-typedef-for-linkage]
 4732 | {
      | ^
      | MySiteData
D:/HT9045/_integ_ioweb/HT9011UC_Cpp_V3.33.906.0/cmydef.h:4736:10: note: type is not C-compatible because it contains 'void MySiteData::SetData(int, int)' declaration
 4736 |     void SetData(int X, int Y)
      |          ^~~~~~~
D:/HT9045/_integ_ioweb/HT9011UC_Cpp_V3.33.906.0/cmydef.h:4747:1: warning: anonymous non-C-compatible type given name for linkage purposes by 'typedef' declaration [-Wnon-c-typedef-for-linkage]
 4747 | {
      | ^
      | MyNextTrayNeedManualRemoveTray
D:/HT9045/_integ_ioweb/HT9011UC_Cpp_V3.33.906.0/cmydef.h:4753:10: note: type is not C-compatible because it contains 'void MyNextTrayNeedManualRemoveTray::Clear()' declaration
 4753 |     void Clear()
      |          ^~~~~
D:/HT9045/_integ_ioweb/HT9011UC_Cpp_V3.33.906.0/Public/HTEditList.h:429:1: warning: anonymous non-C-compatible type given name for linkage purposes by 'typedef' declaration [-Wnon-c-typedef-for-linkage]
  429 | {
      | ^
      | ArmAndSuckInfo
D:/HT9045/_integ_ioweb/HT9011UC_Cpp_V3.33.906.0/Public/HTEditList.h:438:10: note: type is not C-compatible because it contains 'void ArmAndSuckInfo::Clear()' declaration
  438 |     void Clear()
      |          ^~~~~
D:/HT9045/_integ_ioweb/HT9011UC_Cpp_V3.33.906.0/Public/HTEditList.h:454:1: warning: anonymous non-C-compatible type given name for linkage purposes by 'typedef' declaration [-Wnon-c-typedef-for-linkage]
  454 | {
      | ^
      | SingleSuckPosOnTray
D:/HT9045/_integ_ioweb/HT9011UC_Cpp_V3.33.906.0/Public/HTEditList.h:462:10: note: type is not C-compatible because it contains 'void SingleSuckPosOnTray::Clear()' declaration
  462 |     void Clear()
      |          ^~~~~
D:/HT9045/_integ_ioweb/HT9011UC_Cpp_V3.33.906.0/Public/HTEditList.h:475:1: warning: anonymous non-C-compatible type given name for linkage purposes by 'typedef' declaration [-Wnon-c-typedef-for-linkage]
  475 | {
      | ^
      | MyFillTheTrayAfterOutArmPlace
D:/HT9045/_integ_ioweb/HT9011UC_Cpp_V3.33.906.0/Public/HTEditList.h:479:10: note: type is not C-compatible because it contains 'void MyFillTheTrayAfterOutArmPlace::Clear()' declaration
  479 |     void Clear()
      |          ^~~~~
D:/HT9045/_integ_ioweb/HT9011UC_Cpp_V3.33.906.0/Public/HTEditList.h:488:1: warning: anonymous non-C-compatible type given name for linkage purposes by 'typedef' declaration [-Wnon-c-typedef-for-linkage]
  488 | {
      | ^
      | PickPlaceByArm
D:/HT9045/_integ_ioweb/HT9011UC_Cpp_V3.33.906.0/Public/HTEditList.h:491:10: note: type is not C-compatible because it contains 'void PickPlaceByArm::Clear()' declaration
  491 |     void Clear()
      |          ^~~~~
In file included from D:/HT9045/_integ_ioweb/HT9011UC_Cpp_V3.33.906.0/cmydef.h:10,
                 from D:/HT9045/_integ_ioweb/HT9011UC_Cpp_V3.33.906.0/Public/HTEditList.h:113,
                 from D:/HT9045/_integ_ioweb/HT9011UC_Cpp_V3.33.906.0/FileRW/_EditList.h:27,
                 from D:\HT9045\_integ_ioweb\HT9011UC_Cpp_V3.33.906.0\tests\test_b8_ct3d_otddock.cpp:35:
D:/HT9045/_integ_ioweb/HT9011UC_Cpp_V3.33.906.0/cprod.h:3307:1: warning: anonymous non-C-compatible type given name for linkage purposes by 'typedef' declaration [-Wnon-c-typedef-for-linkage]
 3307 | {
      | ^
      | MyIndexArmRec
D:/HT9045/_integ_ioweb/HT9011UC_Cpp_V3.33.906.0/cprod.h:3311:10: note: type is not C-compatible because it contains 'void MyIndexArmRec::Clear()' declaration
 3311 |     void Clear();
      |          ^~~~~
D:/HT9045/_integ_ioweb/HT9011UC_Cpp_V3.33.906.0/cmydef.h:4732:1: warning: anonymous non-C-compatible type given name for linkage purposes by 'typedef' declaration [-Wnon-c-typedef-for-linkage]
 4732 | {
      | ^
      | MySiteData
D:/HT9045/_integ_ioweb/HT9011UC_Cpp_V3.33.906.0/cmydef.h:4736:10: note: type is not C-compatible because it contains 'void MySiteData::SetData(int, int)' declaration
 4736 |     void SetData(int X, int Y)
      |          ^~~~~~~
D:/HT9045/_integ_ioweb/HT9011UC_Cpp_V3.33.906.0/cmydef.h:4747:1: warning: anonymous non-C-compatible type given name for linkage purposes by 'typedef' declaration [-Wnon-c-typedef-for-linkage]
 4747 | {
      | ^
      | MyNextTrayNeedManualRemoveTray
D:/HT9045/_integ_ioweb/HT9011UC_Cpp_V3.33.906.0/cmydef.h:4753:10: note: type is not C-compatible because it contains 'void MyNextTrayNeedManualRemoveTray::Clear()' declaration
 4753 |     void Clear()
      |          ^~~~~
D:/HT9045/_integ_ioweb/HT9011UC_Cpp_V3.33.906.0/Public/HTEditList.h:429:1: warning: anonymous non-C-compatible type given name for linkage purposes by 'typedef' declaration [-Wnon-c-typedef-for-linkage]
  429 | {
      | ^
      | ArmAndSuckInfo
D:/HT9045/_integ_ioweb/HT9011UC_Cpp_V3.33.906.0/Public/HTEditList.h:438:10: note: type is not C-compatible because it contains 'void ArmAndSuckInfo::Clear()' declaration
  438 |     void Clear()
      |          ^~~~~
D:/HT9045/_integ_ioweb/HT9011UC_Cpp_V3.33.906.0/Public/HTEditList.h:454:1: warning: anonymous non-C-compatible type given name for linkage purposes by 'typedef' declaration [-Wnon-c-typedef-for-linkage]
  454 | {
      | ^
      | SingleSuckPosOnTray
D:/HT9045/_integ_ioweb/HT9011UC_Cpp_V3.33.906.0/Public/HTEditList.h:462:10: note: type is not C-compatible because it contains 'void SingleSuckPosOnTray::Clear()' declaration
  462 |     void Clear()
      |          ^~~~~
D:/HT9045/_integ_ioweb/HT9011UC_Cpp_V3.33.906.0/Public/HTEditList.h:475:1: warning: anonymous non-C-compatible type given name for linkage purposes by 'typedef' declaration [-Wnon-c-typedef-for-linkage]
  475 | {
      | ^
      | MyFillTheTrayAfterOutArmPlace
D:/HT9045/_integ_ioweb/HT9011UC_Cpp_V3.33.906.0/Public/HTEditList.h:479:10: note: type is not C-compatible because it contains 'void MyFillTheTrayAfterOutArmPlace::Clear()' declaration
  479 |     void Clear()
      |          ^~~~~
D:/HT9045/_integ_ioweb/HT9011UC_Cpp_V3.33.906.0/Public/HTEditList.h:488:1: warning: anonymous non-C-compatible type given name for linkage purposes by 'typedef' declaration [-Wnon-c-typedef-for-linkage]
  488 | {
      | ^
      | PickPlaceByArm
D:/HT9045/_integ_ioweb/HT9011UC_Cpp_V3.33.906.0/Public/HTEditList.h:491:10: note: type is not C-compatible because it contains 'void PickPlaceByArm::Clear()' declaration
  491 |     void Clear()
      |          ^~~~~
[ 95%] Building CXX object tests/CMakeFiles/test_e022_contactct.dir/test_e022_contactct.cpp.obj
In file included from D:/HT9045/_integ_ioweb/HT9011UC_Cpp_V3.33.906.0/cmydef.h:10,
                 from D:/HT9045/_integ_ioweb/HT9011UC_Cpp_V3.33.906.0/Public/HTEditList.h:113,
                 from D:/HT9045/_integ_ioweb/HT9011UC_Cpp_V3.33.906.0/FileRW/_EditList.h:27,
                 from D:\HT9045\_integ_ioweb\HT9011UC_Cpp_V3.33.906.0\FileRW\_EditList.cpp:6:
D:/HT9045/_integ_ioweb/HT9011UC_Cpp_V3.33.906.0/cprod.h:3307:1: warning: anonymous non-C-compatible type given name for linkage purposes by 'typedef' declaration [-Wnon-c-typedef-for-linkage]
 3307 | {
      | ^
      | MyIndexArmRec
D:/HT9045/_integ_ioweb/HT9011UC_Cpp_V3.33.906.0/cprod.h:3311:10: note: type is not C-compatible because it contains 'void MyIndexArmRec::Clear()' declaration
 3311 |     void Clear();
      |          ^~~~~
D:/HT9045/_integ_ioweb/HT9011UC_Cpp_V3.33.906.0/cmydef.h:4732:1: warning: anonymous non-C-compatible type given name for linkage purposes by 'typedef' declaration [-Wnon-c-typedef-for-linkage]
 4732 | {
      | ^
      | MySiteData
D:/HT9045/_integ_ioweb/HT9011UC_Cpp_V3.33.906.0/cmydef.h:4736:10: note: type is not C-compatible because it contains 'void MySiteData::SetData(int, int)' declaration
 4736 |     void SetData(int X, int Y)
      |          ^~~~~~~
D:/HT9045/_integ_ioweb/HT9011UC_Cpp_V3.33.906.0/cmydef.h:4747:1: warning: anonymous non-C-compatible type given name for linkage purposes by 'typedef' declaration [-Wnon-c-typedef-for-linkage]
 4747 | {
      | ^
      | MyNextTrayNeedManualRemoveTray
D:/HT9045/_integ_ioweb/HT9011UC_Cpp_V3.33.906.0/cmydef.h:4753:10: note: type is not C-compatible because it contains 'void MyNextTrayNeedManualRemoveTray::Clear()' declaration
 4753 |     void Clear()
      |          ^~~~~
D:/HT9045/_integ_ioweb/HT9011UC_Cpp_V3.33.906.0/Public/HTEditList.h:429:1: warning: anonymous non-C-compatible type given name for linkage purposes by 'typedef' declaration [-Wnon-c-typedef-for-linkage]
  429 | {
      | ^
      | ArmAndSuckInfo
D:/HT9045/_integ_ioweb/HT9011UC_Cpp_V3.33.906.0/Public/HTEditList.h:438:10: note: type is not C-compatible because it contains 'void ArmAndSuckInfo::Clear()' declaration
  438 |     void Clear()
      |          ^~~~~
D:/HT9045/_integ_ioweb/HT9011UC_Cpp_V3.33.906.0/Public/HTEditList.h:454:1: warning: anonymous non-C-compatible type given name for linkage purposes by 'typedef' declaration [-Wnon-c-typedef-for-linkage]
  454 | {
      | ^
      | SingleSuckPosOnTray
D:/HT9045/_integ_ioweb/HT9011UC_Cpp_V3.33.906.0/Public/HTEditList.h:462:10: note: type is not C-compatible because it contains 'void SingleSuckPosOnTray::Clear()' declaration
  462 |     void Clear()
      |          ^~~~~
D:/HT9045/_integ_ioweb/HT9011UC_Cpp_V3.33.906.0/Public/HTEditList.h:475:1: warning: anonymous non-C-compatible type given name for linkage purposes by 'typedef' declaration [-Wnon-c-typedef-for-linkage]
  475 | {
      | ^
      | MyFillTheTrayAfterOutArmPlace
D:/HT9045/_integ_ioweb/HT9011UC_Cpp_V3.33.906.0/Public/HTEditList.h:479:10: note: type is not C-compatible because it contains 'void MyFillTheTrayAfterOutArmPlace::Clear()' declaration
  479 |     void Clear()
      |          ^~~~~
D:/HT9045/_integ_ioweb/HT9011UC_Cpp_V3.33.906.0/Public/HTEditList.h:488:1: warning: anonymous non-C-compatible type given name for linkage purposes by 'typedef' declaration [-Wnon-c-typedef-for-linkage]
  488 | {
      | ^
      | PickPlaceByArm
D:/HT9045/_integ_ioweb/HT9011UC_Cpp_V3.33.906.0/Public/HTEditList.h:491:10: note: type is not C-compatible because it contains 'void PickPlaceByArm::Clear()' declaration
  491 |     void Clear()
      |          ^~~~~
[ 95%] Built target test_sht_rowcol_startpos
[ 95%] Building CXX object tests/CMakeFiles/test_e020_lotinfo_e020.dir/test_bootstrap.cpp.obj
In file included from D:/HT9045/_integ_ioweb/HT9011UC_Cpp_V3.33.906.0/cmydef.h:10,
                 from D:/HT9045/_integ_ioweb/HT9011UC_Cpp_V3.33.906.0/Public/HTEditList.h:113,
                 from D:/HT9045/_integ_ioweb/HT9011UC_Cpp_V3.33.906.0/FileRW/_EditList.h:27,
                 from D:\HT9045\_integ_ioweb\HT9011UC_Cpp_V3.33.906.0\FileRW\_EditList.cpp:6:
D:/HT9045/_integ_ioweb/HT9011UC_Cpp_V3.33.906.0/cprod.h:3307:1: warning: anonymous non-C-compatible type given name for linkage purposes by 'typedef' declaration [-Wnon-c-typedef-for-linkage]
 3307 | {
      | ^
      | MyIndexArmRec
D:/HT9045/_integ_ioweb/HT9011UC_Cpp_V3.33.906.0/cprod.h:3311:10: note: type is not C-compatible because it contains 'void MyIndexArmRec::Clear()' declaration
 3311 |     void Clear();
      |          ^~~~~
D:/HT9045/_integ_ioweb/HT9011UC_Cpp_V3.33.906.0/cmydef.h:4732:1: warning: anonymous non-C-compatible type given name for linkage purposes by 'typedef' declaration [-Wnon-c-typedef-for-linkage]
 4732 | {
      | ^
      | MySiteData
D:/HT9045/_integ_ioweb/HT9011UC_Cpp_V3.33.906.0/cmydef.h:4736:10: note: type is not C-compatible because it contains 'void MySiteData::SetData(int, int)' declaration
 4736 |     void SetData(int X, int Y)
      |          ^~~~~~~
D:/HT9045/_integ_ioweb/HT9011UC_Cpp_V3.33.906.0/cmydef.h:4747:1: warning: anonymous non-C-compatible type given name for linkage purposes by 'typedef' declaration [-Wnon-c-typedef-for-linkage]
 4747 | {
      | ^
      | MyNextTrayNeedManualRemoveTray
D:/HT9045/_integ_ioweb/HT9011UC_Cpp_V3.33.906.0/cmydef.h:4753:10: note: type is not C-compatible because it contains 'void MyNextTrayNeedManualRemoveTray::Clear()' declaration
 4753 |     void Clear()
      |          ^~~~~
D:/HT9045/_integ_ioweb/HT9011UC_Cpp_V3.33.906.0/Public/HTEditList.h:429:1: warning: anonymous non-C-compatible type given name for linkage purposes by 'typedef' declaration [-Wnon-c-typedef-for-linkage]
  429 | {
      | ^
      | ArmAndSuckInfo
D:/HT9045/_integ_ioweb/HT9011UC_Cpp_V3.33.906.0/Public/HTEditList.h:438:10: note: type is not C-compatible because it contains 'void ArmAndSuckInfo::Clear()' declaration
  438 |     void Clear()
      |          ^~~~~
D:/HT9045/_integ_ioweb/HT9011UC_Cpp_V3.33.906.0/Public/HTEditList.h:454:1: warning: anonymous non-C-compatible type given name for linkage purposes by 'typedef' declaration [-Wnon-c-typedef-for-linkage]
  454 | {
      | ^
      | SingleSuckPosOnTray
D:/HT9045/_integ_ioweb/HT9011UC_Cpp_V3.33.906.0/Public/HTEditList.h:462:10: note: type is not C-compatible because it contains 'void SingleSuckPosOnTray::Clear()' declaration
  462 |     void Clear()
      |          ^~~~~
D:/HT9045/_integ_ioweb/HT9011UC_Cpp_V3.33.906.0/Public/HTEditList.h:475:1: warning: anonymous non-C-compatible type given name for linkage purposes by 'typedef' declaration [-Wnon-c-typedef-for-linkage]
  475 | {
      | ^
      | MyFillTheTrayAfterOutArmPlace
D:/HT9045/_integ_ioweb/HT9011UC_Cpp_V3.33.906.0/Public/HTEditList.h:479:10: note: type is not C-compatible because it contains 'void MyFillTheTrayAfterOutArmPlace::Clear()' declaration
  479 |     void Clear()
      |          ^~~~~
D:/HT9045/_integ_ioweb/HT9011UC_Cpp_V3.33.906.0/Public/HTEditList.h:488:1: warning: anonymous non-C-compatible type given name for linkage purposes by 'typedef' declaration [-Wnon-c-typedef-for-linkage]
  488 | {
      | ^
      | PickPlaceByArm
D:/HT9045/_integ_ioweb/HT9011UC_Cpp_V3.33.906.0/Public/HTEditList.h:491:10: note: type is not C-compatible because it contains 'void PickPlaceByArm::Clear()' declaration
  491 |     void Clear()
      |          ^~~~~
In file included from D:/HT9045/_integ_ioweb/HT9011UC_Cpp_V3.33.906.0/cmydef.h:10,
                 from D:/HT9045/_integ_ioweb/HT9011UC_Cpp_V3.33.906.0/Public/HTEditList.h:113,
                 from D:/HT9045/_integ_ioweb/HT9011UC_Cpp_V3.33.906.0/FileRW/_EditList.h:27,
                 from D:/HT9045/_integ_ioweb/HT9011UC_Cpp_V3.33.906.0/FileRW/DeviceForm_File.gen.inc:9,
                 from D:\HT9045\_integ_ioweb\HT9011UC_Cpp_V3.33.906.0\FileRW\DeviceForm_File.cpp:29:
D:/HT9045/_integ_ioweb/HT9011UC_Cpp_V3.33.906.0/cprod.h:3307:1: warning: anonymous non-C-compatible type given name for linkage purposes by 'typedef' declaration [-Wnon-c-typedef-for-linkage]
 3307 | {
      | ^
      | MyIndexArmRec
D:/HT9045/_integ_ioweb/HT9011UC_Cpp_V3.33.906.0/cprod.h:3311:10: note: type is not C-compatible because it contains 'void MyIndexArmRec::Clear()' declaration
 3311 |     void Clear();
      |          ^~~~~
D:/HT9045/_integ_ioweb/HT9011UC_Cpp_V3.33.906.0/cmydef.h:4732:1: warning: anonymous non-C-compatible type given name for linkage purposes by 'typedef' declaration [-Wnon-c-typedef-for-linkage]
 4732 | {
      | ^
      | MySiteData
D:/HT9045/_integ_ioweb/HT9011UC_Cpp_V3.33.906.0/cmydef.h:4736:10: note: type is not C-compatible because it contains 'void MySiteData::SetData(int, int)' declaration
 4736 |     void SetData(int X, int Y)
      |          ^~~~~~~
D:/HT9045/_integ_ioweb/HT9011UC_Cpp_V3.33.906.0/cmydef.h:4747:1: warning: anonymous non-C-compatible type given name for linkage purposes by 'typedef' declaration [-Wnon-c-typedef-for-linkage]
 4747 | {
      | ^
      | MyNextTrayNeedManualRemoveTray
D:/HT9045/_integ_ioweb/HT9011UC_Cpp_V3.33.906.0/cmydef.h:4753:10: note: type is not C-compatible because it contains 'void MyNextTrayNeedManualRemoveTray::Clear()' declaration
 4753 |     void Clear()
      |          ^~~~~
D:/HT9045/_integ_ioweb/HT9011UC_Cpp_V3.33.906.0/Public/HTEditList.h:429:1: warning: anonymous non-C-compatible type given name for linkage purposes by 'typedef' declaration [-Wnon-c-typedef-for-linkage]
  429 | {
      | ^
      | ArmAndSuckInfo
D:/HT9045/_integ_ioweb/HT9011UC_Cpp_V3.33.906.0/Public/HTEditList.h:438:10: note: type is not C-compatible because it contains 'void ArmAndSuckInfo::Clear()' declaration
  438 |     void Clear()
      |          ^~~~~
D:/HT9045/_integ_ioweb/HT9011UC_Cpp_V3.33.906.0/Public/HTEditList.h:454:1: warning: anonymous non-C-compatible type given name for linkage purposes by 'typedef' declaration [-Wnon-c-typedef-for-linkage]
  454 | {
      | ^
      | SingleSuckPosOnTray
D:/HT9045/_integ_ioweb/HT9011UC_Cpp_V3.33.906.0/Public/HTEditList.h:462:10: note: type is not C-compatible because it contains 'void SingleSuckPosOnTray::Clear()' declaration
  462 |     void Clear()
      |          ^~~~~
D:/HT9045/_integ_ioweb/HT9011UC_Cpp_V3.33.906.0/Public/HTEditList.h:475:1: warning: anonymous non-C-compatible type given name for linkage purposes by 'typedef' declaration [-Wnon-c-typedef-for-linkage]
  475 | {
      | ^
      | MyFillTheTrayAfterOutArmPlace
D:/HT9045/_integ_ioweb/HT9011UC_Cpp_V3.33.906.0/Public/HTEditList.h:479:10: note: type is not C-compatible because it contains 'void MyFillTheTrayAfterOutArmPlace::Clear()' declaration
  479 |     void Clear()
      |          ^~~~~
D:/HT9045/_integ_ioweb/HT9011UC_Cpp_V3.33.906.0/Public/HTEditList.h:488:1: warning: anonymous non-C-compatible type given name for linkage purposes by 'typedef' declaration [-Wnon-c-typedef-for-linkage]
  488 | {
      | ^
      | PickPlaceByArm
D:/HT9045/_integ_ioweb/HT9011UC_Cpp_V3.33.906.0/Public/HTEditList.h:491:10: note: type is not C-compatible because it contains 'void PickPlaceByArm::Clear()' declaration
  491 |     void Clear()
      |          ^~~~~
[ 95%] Building CXX object tests/CMakeFiles/test_b8_os1b_autostart.dir/__/FileRW/_KitSuck.cpp.obj
D:\HT9045\_integ_ioweb\HT9011UC_Cpp_V3.33.906.0\tests\test_bootstrap.cpp:66:16: warning: 'int _putenv(const char*)' redeclared without dllimport attribute: previous dllimport ignored [-Wattributes]
   66 | extern "C" int _putenv(const char *);
      |                ^~~~~~~
[ 95%] Building CXX object tests/CMakeFiles/test_b8_ct3b_contactstartpause.dir/__/FileRW/_EditPage.cpp.obj
In file included from D:/HT9045/_integ_ioweb/HT9011UC_Cpp_V3.33.906.0/cmydef.h:10,
                 from D:\HT9045\_integ_ioweb\HT9011UC_Cpp_V3.33.906.0\tests\test_e022_contactct.cpp:36:
D:/HT9045/_integ_ioweb/HT9011UC_Cpp_V3.33.906.0/cprod.h:3307:1: warning: anonymous non-C-compatible type given name for linkage purposes by 'typedef' declaration [-Wnon-c-typedef-for-linkage]
 3307 | {
      | ^
      | MyIndexArmRec
D:/HT9045/_integ_ioweb/HT9011UC_Cpp_V3.33.906.0/cprod.h:3311:10: note: type is not C-compatible because it contains 'void MyIndexArmRec::Clear()' declaration
 3311 |     void Clear();
      |          ^~~~~
D:/HT9045/_integ_ioweb/HT9011UC_Cpp_V3.33.906.0/cmydef.h:4732:1: warning: anonymous non-C-compatible type given name for linkage purposes by 'typedef' declaration [-Wnon-c-typedef-for-linkage]
 4732 | {
      | ^
      | MySiteData
D:/HT9045/_integ_ioweb/HT9011UC_Cpp_V3.33.906.0/cmydef.h:4736:10: note: type is not C-compatible because it contains 'void MySiteData::SetData(int, int)' declaration
 4736 |     void SetData(int X, int Y)
      |          ^~~~~~~
D:/HT9045/_integ_ioweb/HT9011UC_Cpp_V3.33.906.0/cmydef.h:4747:1: warning: anonymous non-C-compatible type given name for linkage purposes by 'typedef' declaration [-Wnon-c-typedef-for-linkage]
 4747 | {
      | ^
      | MyNextTrayNeedManualRemoveTray
D:/HT9045/_integ_ioweb/HT9011UC_Cpp_V3.33.906.0/cmydef.h:4753:10: note: type is not C-compatible because it contains 'void MyNextTrayNeedManualRemoveTray::Clear()' declaration
 4753 |     void Clear()
      |          ^~~~~
In file included from D:\HT9045\_integ_ioweb\HT9011UC_Cpp_V3.33.906.0\tests\test_e022_contactct.cpp:41:
D:/HT9045/_integ_ioweb/HT9011UC_Cpp_V3.33.906.0/cSocket.h:235:1: warning: anonymous non-C-compatible type given name for linkage purposes by 'typedef' declaration [-Wnon-c-typedef-for-linkage]
  235 | {
      | ^
      | TEST_CATEGORY
D:/HT9045/_integ_ioweb/HT9011UC_Cpp_V3.33.906.0/cSocket.h:261:10: note: type is not C-compatible because it contains 'void TEST_CATEGORY::ClearCount()' declaration
  261 |     void ClearCount();
      |          ^~~~~~~~~~
[ 95%] Building CXX object tests/CMakeFiles/test_b8_cl4_autoclean.dir/__/FileRW/_EditPage.cpp.obj
[ 95%] Building CXX object tests/CMakeFiles/test_b8_ct3a_contactflags.dir/__/FileRW/_KitSuck.cpp.obj
[ 95%] Linking CXX executable test_e020_lotinfo_e020.exe
[ 96%] Building CXX object tests/CMakeFiles/test_e022_contactct.dir/__/JsonBridge/ChanProduction.cpp.obj
[ 96%] Building CXX object tests/CMakeFiles/test_b8_os1b_autostart.dir/test_bootstrap.cpp.obj
[ 96%] Building CXX object tests/CMakeFiles/test_b8_ct3d_otddock.dir/__/FileRW/DeviceForm_KbExtra.cpp.obj
[ 96%] Building CXX object tests/CMakeFiles/test_b8_ct3a_contactflags.dir/test_bootstrap.cpp.obj
[ 96%] Built target test_teach_formshow_bridge
[ 97%] Building CXX object tests/CMakeFiles/test_b8_ct3b_contactstartpause.dir/__/FileRW/_KitSuck.cpp.obj
D:\HT9045\_integ_ioweb\HT9011UC_Cpp_V3.33.906.0\tests\test_bootstrap.cpp:66:16: warning: 'int _putenv(const char*)' redeclared without dllimport attribute: previous dllimport ignored [-Wattributes]
   66 | extern "C" int _putenv(const char *);
      |                ^~~~~~~
D:\HT9045\_integ_ioweb\HT9011UC_Cpp_V3.33.906.0\tests\test_bootstrap.cpp:66:16: warning: 'int _putenv(const char*)' redeclared without dllimport attribute: previous dllimport ignored [-Wattributes]
   66 | extern "C" int _putenv(const char *);
      |                ^~~~~~~
[ 97%] Building CXX object tests/CMakeFiles/test_e022_contactct.dir/__/JsonBridge/ChanIo.cpp.obj
[ 97%] Building CXX object tests/CMakeFiles/test_b8_cl4_autoclean.dir/__/FileRW/_KitSuck.cpp.obj
In file included from D:/HT9045/_integ_ioweb/HT9011UC_Cpp_V3.33.906.0/cmydef.h:10,
                 from D:/HT9045/_integ_ioweb/HT9011UC_Cpp_V3.33.906.0/Public/HTEditList.h:113,
                 from D:/HT9045/_integ_ioweb/HT9011UC_Cpp_V3.33.906.0/FileRW/_EditList.h:27,
                 from D:\HT9045\_integ_ioweb\HT9011UC_Cpp_V3.33.906.0\FileRW\_EditPage.cpp:14:
D:/HT9045/_integ_ioweb/HT9011UC_Cpp_V3.33.906.0/cprod.h:3307:1: warning: anonymous non-C-compatible type given name for linkage purposes by 'typedef' declaration [-Wnon-c-typedef-for-linkage]
 3307 | {
      | ^
      | MyIndexArmRec
D:/HT9045/_integ_ioweb/HT9011UC_Cpp_V3.33.906.0/cprod.h:3311:10: note: type is not C-compatible because it contains 'void MyIndexArmRec::Clear()' declaration
 3311 |     void Clear();
      |          ^~~~~
D:/HT9045/_integ_ioweb/HT9011UC_Cpp_V3.33.906.0/cmydef.h:4732:1: warning: anonymous non-C-compatible type given name for linkage purposes by 'typedef' declaration [-Wnon-c-typedef-for-linkage]
 4732 | {
      | ^
      | MySiteData
D:/HT9045/_integ_ioweb/HT9011UC_Cpp_V3.33.906.0/cmydef.h:4736:10: note: type is not C-compatible because it contains 'void MySiteData::SetData(int, int)' declaration
 4736 |     void SetData(int X, int Y)
      |          ^~~~~~~
D:/HT9045/_integ_ioweb/HT9011UC_Cpp_V3.33.906.0/cmydef.h:4747:1: warning: anonymous non-C-compatible type given name for linkage purposes by 'typedef' declaration [-Wnon-c-typedef-for-linkage]
 4747 | {
      | ^
      | MyNextTrayNeedManualRemoveTray
D:/HT9045/_integ_ioweb/HT9011UC_Cpp_V3.33.906.0/cmydef.h:4753:10: note: type is not C-compatible because it contains 'void MyNextTrayNeedManualRemoveTray::Clear()' declaration
 4753 |     void Clear()
      |          ^~~~~
D:/HT9045/_integ_ioweb/HT9011UC_Cpp_V3.33.906.0/Public/HTEditList.h:429:1: warning: anonymous non-C-compatible type given name for linkage purposes by 'typedef' declaration [-Wnon-c-typedef-for-linkage]
  429 | {
      | ^
      | ArmAndSuckInfo
D:/HT9045/_integ_ioweb/HT9011UC_Cpp_V3.33.906.0/Public/HTEditList.h:438:10: note: type is not C-compatible because it contains 'void ArmAndSuckInfo::Clear()' declaration
  438 |     void Clear()
      |          ^~~~~
D:/HT9045/_integ_ioweb/HT9011UC_Cpp_V3.33.906.0/Public/HTEditList.h:454:1: warning: anonymous non-C-compatible type given name for linkage purposes by 'typedef' declaration [-Wnon-c-typedef-for-linkage]
  454 | {
      | ^
      | SingleSuckPosOnTray
D:/HT9045/_integ_ioweb/HT9011UC_Cpp_V3.33.906.0/Public/HTEditList.h:462:10: note: type is not C-compatible because it contains 'void SingleSuckPosOnTray::Clear()' declaration
  462 |     void Clear()
      |          ^~~~~
D:/HT9045/_integ_ioweb/HT9011UC_Cpp_V3.33.906.0/Public/HTEditList.h:475:1: warning: anonymous non-C-compatible type given name for linkage purposes by 'typedef' declaration [-Wnon-c-typedef-for-linkage]
  475 | {
      | ^
      | MyFillTheTrayAfterOutArmPlace
D:/HT9045/_integ_ioweb/HT9011UC_Cpp_V3.33.906.0/Public/HTEditList.h:479:10: note: type is not C-compatible because it contains 'void MyFillTheTrayAfterOutArmPlace::Clear()' declaration
  479 |     void Clear()
      |          ^~~~~
D:/HT9045/_integ_ioweb/HT9011UC_Cpp_V3.33.906.0/Public/HTEditList.h:488:1: warning: anonymous non-C-compatible type given name for linkage purposes by 'typedef' declaration [-Wnon-c-typedef-for-linkage]
  488 | {
      | ^
      | PickPlaceByArm
D:/HT9045/_integ_ioweb/HT9011UC_Cpp_V3.33.906.0/Public/HTEditList.h:491:10: note: type is not C-compatible because it contains 'void PickPlaceByArm::Clear()' declaration
  491 |     void Clear()
      |          ^~~~~
In file included from D:/HT9045/_integ_ioweb/HT9011UC_Cpp_V3.33.906.0/cmydef.h:10,
                 from D:/HT9045/_integ_ioweb/HT9011UC_Cpp_V3.33.906.0/Public/HTEditList.h:113,
                 from D:/HT9045/_integ_ioweb/HT9011UC_Cpp_V3.33.906.0/FileRW/_EditList.h:27,
                 from D:\HT9045\_integ_ioweb\HT9011UC_Cpp_V3.33.906.0\FileRW\_EditPage.cpp:14:
D:/HT9045/_integ_ioweb/HT9011UC_Cpp_V3.33.906.0/cprod.h:3307:1: warning: anonymous non-C-compatible type given name for linkage purposes by 'typedef' declaration [-Wnon-c-typedef-for-linkage]
 3307 | {
      | ^
      | MyIndexArmRec
D:/HT9045/_integ_ioweb/HT9011UC_Cpp_V3.33.906.0/cprod.h:3311:10: note: type is not C-compatible because it contains 'void MyIndexArmRec::Clear()' declaration
 3311 |     void Clear();
      |          ^~~~~
[ 97%] Built target test_teach_kb
D:/HT9045/_integ_ioweb/HT9011UC_Cpp_V3.33.906.0/cmydef.h:4732:1: warning: anonymous non-C-compatible type given name for linkage purposes by 'typedef' declaration [-Wnon-c-typedef-for-linkage]
 4732 | {
      | ^
      | MySiteData
D:/HT9045/_integ_ioweb/HT9011UC_Cpp_V3.33.906.0/cmydef.h:4736:10: note: type is not C-compatible because it contains 'void MySiteData::SetData(int, int)' declaration
 4736 |     void SetData(int X, int Y)
      |          ^~~~~~~
D:/HT9045/_integ_ioweb/HT9011UC_Cpp_V3.33.906.0/cmydef.h:4747:1: warning: anonymous non-C-compatible type given name for linkage purposes by 'typedef' declaration [-Wnon-c-typedef-for-linkage]
 4747 | {
      | ^
      | MyNextTrayNeedManualRemoveTray
D:/HT9045/_integ_ioweb/HT9011UC_Cpp_V3.33.906.0/cmydef.h:4753:10: note: type is not C-compatible because it contains 'void MyNextTrayNeedManualRemoveTray::Clear()' declaration
 4753 |     void Clear()
      |          ^~~~~
D:/HT9045/_integ_ioweb/HT9011UC_Cpp_V3.33.906.0/Public/HTEditList.h:429:1: warning: anonymous non-C-compatible type given name for linkage purposes by 'typedef' declaration [-Wnon-c-typedef-for-linkage]
  429 | {
      | ^
      | ArmAndSuckInfo
D:/HT9045/_integ_ioweb/HT9011UC_Cpp_V3.33.906.0/Public/HTEditList.h:438:10: note: type is not C-compatible because it contains 'void ArmAndSuckInfo::Clear()' declaration
  438 |     void Clear()
      |          ^~~~~
D:/HT9045/_integ_ioweb/HT9011UC_Cpp_V3.33.906.0/Public/HTEditList.h:454:1: warning: anonymous non-C-compatible type given name for linkage purposes by 'typedef' declaration [-Wnon-c-typedef-for-linkage]
  454 | {
      | ^
      | SingleSuckPosOnTray
D:/HT9045/_integ_ioweb/HT9011UC_Cpp_V3.33.906.0/Public/HTEditList.h:462:10: note: type is not C-compatible because it contains 'void SingleSuckPosOnTray::Clear()' declaration
  462 |     void Clear()
      |          ^~~~~
D:/HT9045/_integ_ioweb/HT9011UC_Cpp_V3.33.906.0/Public/HTEditList.h:475:1: warning: anonymous non-C-compatible type given name for linkage purposes by 'typedef' declaration [-Wnon-c-typedef-for-linkage]
  475 | {
      | ^
      | MyFillTheTrayAfterOutArmPlace
D:/HT9045/_integ_ioweb/HT9011UC_Cpp_V3.33.906.0/Public/HTEditList.h:479:10: note: type is not C-compatible because it contains 'void MyFillTheTrayAfterOutArmPlace::Clear()' declaration
  479 |     void Clear()
      |          ^~~~~
D:/HT9045/_integ_ioweb/HT9011UC_Cpp_V3.33.906.0/Public/HTEditList.h:488:1: warning: anonymous non-C-compatible type given name for linkage purposes by 'typedef' declaration [-Wnon-c-typedef-for-linkage]
  488 | {
      | ^
      | PickPlaceByArm
D:/HT9045/_integ_ioweb/HT9011UC_Cpp_V3.33.906.0/Public/HTEditList.h:491:10: note: type is not C-compatible because it contains 'void PickPlaceByArm::Clear()' declaration
  491 |     void Clear()
      |          ^~~~~
[ 97%] Building CXX object tests/CMakeFiles/test_b8_ct3d_otddock.dir/__/FileRW/_FormEvent.cpp.obj
In file included from D:\HT9045\_integ_ioweb\HT9011UC_Cpp_V3.33.906.0\FileRW\DeviceForm_KbExtra.cpp:25:
D:/HT9045/_integ_ioweb/HT9011UC_Cpp_V3.33.906.0/cprod.h:3307:1: warning: anonymous non-C-compatible type given name for linkage purposes by 'typedef' declaration [-Wnon-c-typedef-for-linkage]
 3307 | {
      | ^
      | MyIndexArmRec
D:/HT9045/_integ_ioweb/HT9011UC_Cpp_V3.33.906.0/cprod.h:3311:10: note: type is not C-compatible because it contains 'void MyIndexArmRec::Clear()' declaration
 3311 |     void Clear();
      |          ^~~~~
In file included from D:\HT9045\_integ_ioweb\HT9011UC_Cpp_V3.33.906.0\FileRW\DeviceForm_KbExtra.cpp:28:
D:/HT9045/_integ_ioweb/HT9011UC_Cpp_V3.33.906.0/cmydef.h:4732:1: warning: anonymous non-C-compatible type given name for linkage purposes by 'typedef' declaration [-Wnon-c-typedef-for-linkage]
 4732 | {
      | ^
      | MySiteData
D:/HT9045/_integ_ioweb/HT9011UC_Cpp_V3.33.906.0/cmydef.h:4736:10: note: type is not C-compatible because it contains 'void MySiteData::SetData(int, int)' declaration
 4736 |     void SetData(int X, int Y)
      |          ^~~~~~~
D:/HT9045/_integ_ioweb/HT9011UC_Cpp_V3.33.906.0/cmydef.h:4747:1: warning: anonymous non-C-compatible type given name for linkage purposes by 'typedef' declaration [-Wnon-c-typedef-for-linkage]
 4747 | {
      | ^
      | MyNextTrayNeedManualRemoveTray
D:/HT9045/_integ_ioweb/HT9011UC_Cpp_V3.33.906.0/cmydef.h:4753:10: note: type is not C-compatible because it contains 'void MyNextTrayNeedManualRemoveTray::Clear()' declaration
 4753 |     void Clear()
      |          ^~~~~
[ 97%] Built target test_thermo_comm
[ 97%] Building CXX object tests/CMakeFiles/test_b8_ct3b_contactstartpause.dir/test_bootstrap.cpp.obj
[ 97%] Building CXX object tests/CMakeFiles/test_e022_contactct.dir/__/JsonBridge/ChanMotor.cpp.obj
In file included from D:\HT9045\_integ_ioweb\HT9011UC_Cpp_V3.33.906.0\JsonBridge\ChanProduction.cpp:15:
D:/HT9045/_integ_ioweb/HT9011UC_Cpp_V3.33.906.0/cprod.h:3307:1: warning: anonymous non-C-compatible type given name for linkage purposes by 'typedef' declaration [-Wnon-c-typedef-for-linkage]
 3307 | {
      | ^
      | MyIndexArmRec
D:/HT9045/_integ_ioweb/HT9011UC_Cpp_V3.33.906.0/cprod.h:3311:10: note: type is not C-compatible because it contains 'void MyIndexArmRec::Clear()' declaration
 3311 |     void Clear();
      |          ^~~~~
In file included from D:\HT9045\_integ_ioweb\HT9011UC_Cpp_V3.33.906.0\JsonBridge\ChanProduction.cpp:18:
D:/HT9045/_integ_ioweb/HT9011UC_Cpp_V3.33.906.0/cmydef.h:4732:1: warning: anonymous non-C-compatible type given name for linkage purposes by 'typedef' declaration [-Wnon-c-typedef-for-linkage]
 4732 | {
      | ^
      | MySiteData
D:/HT9045/_integ_ioweb/HT9011UC_Cpp_V3.33.906.0/cmydef.h:4736:10: note: type is not C-compatible because it contains 'void MySiteData::SetData(int, int)' declaration
 4736 |     void SetData(int X, int Y)
      |          ^~~~~~~
D:/HT9045/_integ_ioweb/HT9011UC_Cpp_V3.33.906.0/cmydef.h:4747:1: warning: anonymous non-C-compatible type given name for linkage purposes by 'typedef' declaration [-Wnon-c-typedef-for-linkage]
 4747 | {
      | ^
      | MyNextTrayNeedManualRemoveTray
D:/HT9045/_integ_ioweb/HT9011UC_Cpp_V3.33.906.0/cmydef.h:4753:10: note: type is not C-compatible because it contains 'void MyNextTrayNeedManualRemoveTray::Clear()' declaration
 4753 |     void Clear()
      |          ^~~~~
D:\HT9045\_integ_ioweb\HT9011UC_Cpp_V3.33.906.0\tests\test_bootstrap.cpp:66:16: warning: 'int _putenv(const char*)' redeclared without dllimport attribute: previous dllimport ignored [-Wattributes]
   66 | extern "C" int _putenv(const char *);
      |                ^~~~~~~
In file included from D:/HT9045/_integ_ioweb/HT9011UC_Cpp_V3.33.906.0/cmydef.h:10,
                 from D:/HT9045/_integ_ioweb/HT9011UC_Cpp_V3.33.906.0/aHotPlateSubstrate.h:67,
                 from D:\HT9045\_integ_ioweb\HT9011UC_Cpp_V3.33.906.0\FileRW\_KitSuck.cpp:8:
D:/HT9045/_integ_ioweb/HT9011UC_Cpp_V3.33.906.0/cprod.h:3307:1: warning: anonymous non-C-compatible type given name for linkage purposes by 'typedef' declaration [-Wnon-c-typedef-for-linkage]
 3307 | {
      | ^
      | MyIndexArmRec
D:/HT9045/_integ_ioweb/HT9011UC_Cpp_V3.33.906.0/cprod.h:3311:10: note: type is not C-compatible because it contains 'void MyIndexArmRec::Clear()' declaration
 3311 |     void Clear();
      |          ^~~~~
In file included from D:/HT9045/_integ_ioweb/HT9011UC_Cpp_V3.33.906.0/cmydef.h:10,
                 from D:/HT9045/_integ_ioweb/HT9011UC_Cpp_V3.33.906.0/aHotPlateSubstrate.h:67,
                 from D:\HT9045\_integ_ioweb\HT9011UC_Cpp_V3.33.906.0\FileRW\_KitSuck.cpp:8:
D:/HT9045/_integ_ioweb/HT9011UC_Cpp_V3.33.906.0/cprod.h:3307:1: warning: anonymous non-C-compatible type given name for linkage purposes by 'typedef' declaration [-Wnon-c-typedef-for-linkage]
 3307 | {
      | ^
      | MyIndexArmRec
D:/HT9045/_integ_ioweb/HT9011UC_Cpp_V3.33.906.0/cprod.h:3311:10: note: type is not C-compatible because it contains 'void MyIndexArmRec::Clear()' declaration
 3311 |     void Clear();
      |          ^~~~~
D:/HT9045/_integ_ioweb/HT9011UC_Cpp_V3.33.906.0/cmydef.h:4732:1: warning: anonymous non-C-compatible type given name for linkage purposes by 'typedef' declaration [-Wnon-c-typedef-for-linkage]
 4732 | {
      | ^
      | MySiteData
D:/HT9045/_integ_ioweb/HT9011UC_Cpp_V3.33.906.0/cmydef.h:4736:10: note: type is not C-compatible because it contains 'void MySiteData::SetData(int, int)' declaration
 4736 |     void SetData(int X, int Y)
      |          ^~~~~~~
D:/HT9045/_integ_ioweb/HT9011UC_Cpp_V3.33.906.0/cmydef.h:4747:1: warning: anonymous non-C-compatible type given name for linkage purposes by 'typedef' declaration [-Wnon-c-typedef-for-linkage]
 4747 | {
      | ^
      | MyNextTrayNeedManualRemoveTray
D:/HT9045/_integ_ioweb/HT9011UC_Cpp_V3.33.906.0/cmydef.h:4753:10: note: type is not C-compatible because it contains 'void MyNextTrayNeedManualRemoveTray::Clear()' declaration
 4753 |     void Clear()
      |          ^~~~~
D:/HT9045/_integ_ioweb/HT9011UC_Cpp_V3.33.906.0/cmydef.h:4732:1: warning: anonymous non-C-compatible type given name for linkage purposes by 'typedef' declaration [-Wnon-c-typedef-for-linkage]
 4732 | {
      | ^
      | MySiteData
D:/HT9045/_integ_ioweb/HT9011UC_Cpp_V3.33.906.0/cmydef.h:4736:10: note: type is not C-compatible because it contains 'void MySiteData::SetData(int, int)' declaration
 4736 |     void SetData(int X, int Y)
      |          ^~~~~~~
In file included from D:/HT9045/_integ_ioweb/HT9011UC_Cpp_V3.33.906.0/cmydef.h:10,
                 from D:/HT9045/_integ_ioweb/HT9011UC_Cpp_V3.33.906.0/aHotPlateSubstrate.h:67,
                 from D:\HT9045\_integ_ioweb\HT9011UC_Cpp_V3.33.906.0\FileRW\_KitSuck.cpp:8:
D:/HT9045/_integ_ioweb/HT9011UC_Cpp_V3.33.906.0/cprod.h:3307:1: warning: anonymous non-C-compatible type given name for linkage purposes by 'typedef' declaration [-Wnon-c-typedef-for-linkage]
 3307 | {
      | ^
      | MyIndexArmRec
D:/HT9045/_integ_ioweb/HT9011UC_Cpp_V3.33.906.0/cprod.h:3311:10: note: type is not C-compatible because it contains 'void MyIndexArmRec::Clear()' declaration
 3311 |     void Clear();
      |          ^~~~~
D:/HT9045/_integ_ioweb/HT9011UC_Cpp_V3.33.906.0/cmydef.h:4747:1: warning: anonymous non-C-compatible type given name for linkage purposes by 'typedef' declaration [-Wnon-c-typedef-for-linkage]
 4747 | {
      | ^
      | MyNextTrayNeedManualRemoveTray
D:/HT9045/_integ_ioweb/HT9011UC_Cpp_V3.33.906.0/cmydef.h:4753:10: note: type is not C-compatible because it contains 'void MyNextTrayNeedManualRemoveTray::Clear()' declaration
 4753 |     void Clear()
      |          ^~~~~
D:/HT9045/_integ_ioweb/HT9011UC_Cpp_V3.33.906.0/aHotPlateSubstrate.h:830:1: warning: anonymous non-C-compatible type given name for linkage purposes by 'typedef' declaration [-Wnon-c-typedef-for-linkage]
  830 | {
      | ^
      | strAUTOSITEMAP
D:/HT9045/_integ_ioweb/HT9011UC_Cpp_V3.33.906.0/aHotPlateSubstrate.h:836:10: note: type is not C-compatible because it contains 'void strAUTOSITEMAP::ClearData()' declaration
  836 |     void ClearData()
      |          ^~~~~~~~~
D:/HT9045/_integ_ioweb/HT9011UC_Cpp_V3.33.906.0/cmydef.h:4732:1: warning: anonymous non-C-compatible type given name for linkage purposes by 'typedef' declaration [-Wnon-c-typedef-for-linkage]
 4732 | {
      | ^
      | MySiteData
D:/HT9045/_integ_ioweb/HT9011UC_Cpp_V3.33.906.0/cmydef.h:4736:10: note: type is not C-compatible because it contains 'void MySiteData::SetData(int, int)' declaration
 4736 |     void SetData(int X, int Y)
      |          ^~~~~~~
D:/HT9045/_integ_ioweb/HT9011UC_Cpp_V3.33.906.0/aHotPlateSubstrate.h:830:1: warning: anonymous non-C-compatible type given name for linkage purposes by 'typedef' declaration [-Wnon-c-typedef-for-linkage]
  830 | {
      | ^
      | strAUTOSITEMAP
D:/HT9045/_integ_ioweb/HT9011UC_Cpp_V3.33.906.0/cmydef.h:4747:1: warning: anonymous non-C-compatible type given name for linkage purposes by 'typedef' declaration [-Wnon-c-typedef-for-linkage]
 4747 | {
      | ^
      | MyNextTrayNeedManualRemoveTray
D:/HT9045/_integ_ioweb/HT9011UC_Cpp_V3.33.906.0/aHotPlateSubstrate.h:836:10: note: type is not C-compatible because it contains 'void strAUTOSITEMAP::ClearData()' declaration
  836 |     void ClearData()
      |          ^~~~~~~~~
D:/HT9045/_integ_ioweb/HT9011UC_Cpp_V3.33.906.0/cmydef.h:4753:10: note: type is not C-compatible because it contains 'void MyNextTrayNeedManualRemoveTray::Clear()' declaration
 4753 |     void Clear()
      |          ^~~~~
In file included from D:/HT9045/_integ_ioweb/HT9011UC_Cpp_V3.33.906.0/cmydef.h:10,
                 from D:/HT9045/_integ_ioweb/HT9011UC_Cpp_V3.33.906.0/aHotPlateSubstrate.h:67,
                 from D:\HT9045\_integ_ioweb\HT9011UC_Cpp_V3.33.906.0\FileRW\_KitSuck.cpp:8:
D:/HT9045/_integ_ioweb/HT9011UC_Cpp_V3.33.906.0/cprod.h:3307:1: warning: anonymous non-C-compatible type given name for linkage purposes by 'typedef' declaration [-Wnon-c-typedef-for-linkage]
 3307 | {
      | ^
      | MyIndexArmRec
D:/HT9045/_integ_ioweb/HT9011UC_Cpp_V3.33.906.0/cprod.h:3311:10: note: type is not C-compatible because it contains 'void MyIndexArmRec::Clear()' declaration
 3311 |     void Clear();
      |          ^~~~~
D:/HT9045/_integ_ioweb/HT9011UC_Cpp_V3.33.906.0/aHotPlateSubstrate.h:830:1: warning: anonymous non-C-compatible type given name for linkage purposes by 'typedef' declaration [-Wnon-c-typedef-for-linkage]
  830 | {
      | ^
      | strAUTOSITEMAP
D:/HT9045/_integ_ioweb/HT9011UC_Cpp_V3.33.906.0/aHotPlateSubstrate.h:836:10: note: type is not C-compatible because it contains 'void strAUTOSITEMAP::ClearData()' declaration
  836 |     void ClearData()
      |          ^~~~~~~~~
D:/HT9045/_integ_ioweb/HT9011UC_Cpp_V3.33.906.0/cmydef.h:4732:1: warning: anonymous non-C-compatible type given name for linkage purposes by 'typedef' declaration [-Wnon-c-typedef-for-linkage]
 4732 | {
      | ^
      | MySiteData
D:/HT9045/_integ_ioweb/HT9011UC_Cpp_V3.33.906.0/cmydef.h:4736:10: note: type is not C-compatible because it contains 'void MySiteData::SetData(int, int)' declaration
 4736 |     void SetData(int X, int Y)
      |          ^~~~~~~
D:/HT9045/_integ_ioweb/HT9011UC_Cpp_V3.33.906.0/cmydef.h:4747:1: warning: anonymous non-C-compatible type given name for linkage purposes by 'typedef' declaration [-Wnon-c-typedef-for-linkage]
 4747 | {
      | ^
      | MyNextTrayNeedManualRemoveTray
D:/HT9045/_integ_ioweb/HT9011UC_Cpp_V3.33.906.0/cmydef.h:4753:10: note: type is not C-compatible because it contains 'void MyNextTrayNeedManualRemoveTray::Clear()' declaration
 4753 |     void Clear()
      |          ^~~~~
D:/HT9045/_integ_ioweb/HT9011UC_Cpp_V3.33.906.0/aHotPlateSubstrate.h:830:1: warning: anonymous non-C-compatible type given name for linkage purposes by 'typedef' declaration [-Wnon-c-typedef-for-linkage]
  830 | {
      | ^
      | strAUTOSITEMAP
D:/HT9045/_integ_ioweb/HT9011UC_Cpp_V3.33.906.0/aHotPlateSubstrate.h:836:10: note: type is not C-compatible because it contains 'void strAUTOSITEMAP::ClearData()' declaration
  836 |     void ClearData()
      |          ^~~~~~~~~
[ 97%] Building CXX object tests/CMakeFiles/test_b8_cl4_autoclean.dir/test_bootstrap.cpp.obj
[ 97%] Building CXX object tests/CMakeFiles/test_b8_ct3d_otddock.dir/__/FileRW/_EditList.cpp.obj
[ 97%] Linking CXX executable test_b8_os1b_autostart.exe
[ 97%] Linking CXX executable test_b8_ct3a_contactflags.exe
[ 97%] Building CXX object tests/CMakeFiles/test_e022_contactct.dir/__/JsonBridge/ChanAction.cpp.obj
[ 97%] Building CXX object tests/CMakeFiles/test_b8_ct3d_otddock.dir/__/FileRW/_EditPage.cpp.obj
[ 97%] Building CXX object tests/CMakeFiles/test_e022_contactct.dir/__/JsonBridge/actions/MainTesterConnect.cpp.obj
[ 97%] Linking CXX executable test_b8_ct3b_contactstartpause.exe
[ 97%] Building CXX object tests/CMakeFiles/test_c14_bindisp.dir/test_c14_bindisp.cpp.obj
[ 97%] Building CXX object tests/CMakeFiles/test_e023_statusev.dir/test_e023_statusev.cpp.obj
D:\HT9045\_integ_ioweb\HT9011UC_Cpp_V3.33.906.0\tests\test_bootstrap.cpp:66:16: warning: 'int _putenv(const char*)' redeclared without dllimport attribute: previous dllimport ignored [-Wattributes]
   66 | extern "C" int _putenv(const char *);
      |                ^~~~~~~
[ 97%] Linking CXX executable test_b8_cl4_autoclean.exe
In file included from D:/HT9045/_integ_ioweb/HT9011UC_Cpp_V3.33.906.0/cmydef.h:10,
                 from D:/HT9045/_integ_ioweb/HT9011UC_Cpp_V3.33.906.0/Public/HTEditList.h:113,
                 from D:/HT9045/_integ_ioweb/HT9011UC_Cpp_V3.33.906.0/FileRW/_EditList.h:27,
                 from D:\HT9045\_integ_ioweb\HT9011UC_Cpp_V3.33.906.0\FileRW\_EditList.cpp:6:
D:/HT9045/_integ_ioweb/HT9011UC_Cpp_V3.33.906.0/cprod.h:3307:1: warning: anonymous non-C-compatible type given name for linkage purposes by 'typedef' declaration [-Wnon-c-typedef-for-linkage]
 3307 | {
      | ^
      | MyIndexArmRec
D:/HT9045/_integ_ioweb/HT9011UC_Cpp_V3.33.906.0/cprod.h:3311:10: note: type is not C-compatible because it contains 'void MyIndexArmRec::Clear()' declaration
 3311 |     void Clear();
      |          ^~~~~
D:/HT9045/_integ_ioweb/HT9011UC_Cpp_V3.33.906.0/cmydef.h:4732:1: warning: anonymous non-C-compatible type given name for linkage purposes by 'typedef' declaration [-Wnon-c-typedef-for-linkage]
 4732 | {
      | ^
      | MySiteData
D:/HT9045/_integ_ioweb/HT9011UC_Cpp_V3.33.906.0/cmydef.h:4736:10: note: type is not C-compatible because it contains 'void MySiteData::SetData(int, int)' declaration
 4736 |     void SetData(int X, int Y)
      |          ^~~~~~~
D:/HT9045/_integ_ioweb/HT9011UC_Cpp_V3.33.906.0/cmydef.h:4747:1: warning: anonymous non-C-compatible type given name for linkage purposes by 'typedef' declaration [-Wnon-c-typedef-for-linkage]
 4747 | {
      | ^
      | MyNextTrayNeedManualRemoveTray
D:/HT9045/_integ_ioweb/HT9011UC_Cpp_V3.33.906.0/cmydef.h:4753:10: note: type is not C-compatible because it contains 'void MyNextTrayNeedManualRemoveTray::Clear()' declaration
 4753 |     void Clear()
      |          ^~~~~
D:/HT9045/_integ_ioweb/HT9011UC_Cpp_V3.33.906.0/Public/HTEditList.h:429:1: warning: anonymous non-C-compatible type given name for linkage purposes by 'typedef' declaration [-Wnon-c-typedef-for-linkage]
  429 | {
      | ^
      | ArmAndSuckInfo
D:/HT9045/_integ_ioweb/HT9011UC_Cpp_V3.33.906.0/Public/HTEditList.h:438:10: note: type is not C-compatible because it contains 'void ArmAndSuckInfo::Clear()' declaration
  438 |     void Clear()
      |          ^~~~~
D:/HT9045/_integ_ioweb/HT9011UC_Cpp_V3.33.906.0/Public/HTEditList.h:454:1: warning: anonymous non-C-compatible type given name for linkage purposes by 'typedef' declaration [-Wnon-c-typedef-for-linkage]
  454 | {
      | ^
      | SingleSuckPosOnTray
D:/HT9045/_integ_ioweb/HT9011UC_Cpp_V3.33.906.0/Public/HTEditList.h:462:10: note: type is not C-compatible because it contains 'void SingleSuckPosOnTray::Clear()' declaration
  462 |     void Clear()
      |          ^~~~~
D:/HT9045/_integ_ioweb/HT9011UC_Cpp_V3.33.906.0/Public/HTEditList.h:475:1: warning: anonymous non-C-compatible type given name for linkage purposes by 'typedef' declaration [-Wnon-c-typedef-for-linkage]
  475 | {
      | ^
      | MyFillTheTrayAfterOutArmPlace
D:/HT9045/_integ_ioweb/HT9011UC_Cpp_V3.33.906.0/Public/HTEditList.h:479:10: note: type is not C-compatible because it contains 'void MyFillTheTrayAfterOutArmPlace::Clear()' declaration
  479 |     void Clear()
      |          ^~~~~
D:/HT9045/_integ_ioweb/HT9011UC_Cpp_V3.33.906.0/Public/HTEditList.h:488:1: warning: anonymous non-C-compatible type given name for linkage purposes by 'typedef' declaration [-Wnon-c-typedef-for-linkage]
  488 | {
      | ^
      | PickPlaceByArm
D:/HT9045/_integ_ioweb/HT9011UC_Cpp_V3.33.906.0/Public/HTEditList.h:491:10: note: type is not C-compatible because it contains 'void PickPlaceByArm::Clear()' declaration
  491 |     void Clear()
      |          ^~~~~
In file included from D:/HT9045/_integ_ioweb/HT9011UC_Cpp_V3.33.906.0/cmydef.h:10,
                 from D:/HT9045/_integ_ioweb/HT9011UC_Cpp_V3.33.906.0/Public/HTEditList.h:113,
                 from D:/HT9045/_integ_ioweb/HT9011UC_Cpp_V3.33.906.0/FileRW/_EditList.h:27,
                 from D:\HT9045\_integ_ioweb\HT9011UC_Cpp_V3.33.906.0\FileRW\_EditPage.cpp:14:
D:/HT9045/_integ_ioweb/HT9011UC_Cpp_V3.33.906.0/cprod.h:3307:1: warning: anonymous non-C-compatible type given name for linkage purposes by 'typedef' declaration [-Wnon-c-typedef-for-linkage]
 3307 | {
      | ^
      | MyIndexArmRec
D:/HT9045/_integ_ioweb/HT9011UC_Cpp_V3.33.906.0/cprod.h:3311:10: note: type is not C-compatible because it contains 'void MyIndexArmRec::Clear()' declaration
 3311 |     void Clear();
      |          ^~~~~
D:/HT9045/_integ_ioweb/HT9011UC_Cpp_V3.33.906.0/cmydef.h:4732:1: warning: anonymous non-C-compatible type given name for linkage purposes by 'typedef' declaration [-Wnon-c-typedef-for-linkage]
 4732 | {
      | ^
      | MySiteData
D:/HT9045/_integ_ioweb/HT9011UC_Cpp_V3.33.906.0/cmydef.h:4736:10: note: type is not C-compatible because it contains 'void MySiteData::SetData(int, int)' declaration
 4736 |     void SetData(int X, int Y)
      |          ^~~~~~~
D:/HT9045/_integ_ioweb/HT9011UC_Cpp_V3.33.906.0/cmydef.h:4747:1: warning: anonymous non-C-compatible type given name for linkage purposes by 'typedef' declaration [-Wnon-c-typedef-for-linkage]
 4747 | {
      | ^
      | MyNextTrayNeedManualRemoveTray
D:/HT9045/_integ_ioweb/HT9011UC_Cpp_V3.33.906.0/cmydef.h:4753:10: note: type is not C-compatible because it contains 'void MyNextTrayNeedManualRemoveTray::Clear()' declaration
 4753 |     void Clear()
      |          ^~~~~
D:/HT9045/_integ_ioweb/HT9011UC_Cpp_V3.33.906.0/Public/HTEditList.h:429:1: warning: anonymous non-C-compatible type given name for linkage purposes by 'typedef' declaration [-Wnon-c-typedef-for-linkage]
  429 | {
      | ^
      | ArmAndSuckInfo
D:/HT9045/_integ_ioweb/HT9011UC_Cpp_V3.33.906.0/Public/HTEditList.h:438:10: note: type is not C-compatible because it contains 'void ArmAndSuckInfo::Clear()' declaration
  438 |     void Clear()
      |          ^~~~~
D:/HT9045/_integ_ioweb/HT9011UC_Cpp_V3.33.906.0/Public/HTEditList.h:454:1: warning: anonymous non-C-compatible type given name for linkage purposes by 'typedef' declaration [-Wnon-c-typedef-for-linkage]
  454 | {
      | ^
      | SingleSuckPosOnTray
D:/HT9045/_integ_ioweb/HT9011UC_Cpp_V3.33.906.0/Public/HTEditList.h:462:10: note: type is not C-compatible because it contains 'void SingleSuckPosOnTray::Clear()' declaration
  462 |     void Clear()
      |          ^~~~~
D:/HT9045/_integ_ioweb/HT9011UC_Cpp_V3.33.906.0/Public/HTEditList.h:475:1: warning: anonymous non-C-compatible type given name for linkage purposes by 'typedef' declaration [-Wnon-c-typedef-for-linkage]
  475 | {
      | ^
      | MyFillTheTrayAfterOutArmPlace
D:/HT9045/_integ_ioweb/HT9011UC_Cpp_V3.33.906.0/Public/HTEditList.h:479:10: note: type is not C-compatible because it contains 'void MyFillTheTrayAfterOutArmPlace::Clear()' declaration
  479 |     void Clear()
      |          ^~~~~
D:/HT9045/_integ_ioweb/HT9011UC_Cpp_V3.33.906.0/Public/HTEditList.h:488:1: warning: anonymous non-C-compatible type given name for linkage purposes by 'typedef' declaration [-Wnon-c-typedef-for-linkage]
  488 | {
      | ^
      | PickPlaceByArm
D:/HT9045/_integ_ioweb/HT9011UC_Cpp_V3.33.906.0/Public/HTEditList.h:491:10: note: type is not C-compatible because it contains 'void PickPlaceByArm::Clear()' declaration
  491 |     void Clear()
      |          ^~~~~
In file included from D:/HT9045/_integ_ioweb/HT9011UC_Cpp_V3.33.906.0/cmydef.h:10,
                 from D:/HT9045/_integ_ioweb/HT9011UC_Cpp_V3.33.906.0/Public/HTEditList.h:113,
                 from D:/HT9045/_integ_ioweb/HT9011UC_Cpp_V3.33.906.0/FileRW/_EditList.h:27,
                 from D:\HT9045\_integ_ioweb\HT9011UC_Cpp_V3.33.906.0\tests\test_e023_statusev.cpp:38:
D:/HT9045/_integ_ioweb/HT9011UC_Cpp_V3.33.906.0/cprod.h:3307:1: warning: anonymous non-C-compatible type given name for linkage purposes by 'typedef' declaration [-Wnon-c-typedef-for-linkage]
 3307 | {
      | ^
      | MyIndexArmRec
D:/HT9045/_integ_ioweb/HT9011UC_Cpp_V3.33.906.0/cprod.h:3311:10: note: type is not C-compatible because it contains 'void MyIndexArmRec::Clear()' declaration
 3311 |     void Clear();
      |          ^~~~~
D:/HT9045/_integ_ioweb/HT9011UC_Cpp_V3.33.906.0/cmydef.h:4732:1: warning: anonymous non-C-compatible type given name for linkage purposes by 'typedef' declaration [-Wnon-c-typedef-for-linkage]
 4732 | {
      | ^
      | MySiteData
D:/HT9045/_integ_ioweb/HT9011UC_Cpp_V3.33.906.0/cmydef.h:4736:10: note: type is not C-compatible because it contains 'void MySiteData::SetData(int, int)' declaration
 4736 |     void SetData(int X, int Y)
      |          ^~~~~~~
D:/HT9045/_integ_ioweb/HT9011UC_Cpp_V3.33.906.0/cmydef.h:4747:1: warning: anonymous non-C-compatible type given name for linkage purposes by 'typedef' declaration [-Wnon-c-typedef-for-linkage]
 4747 | {
      | ^
      | MyNextTrayNeedManualRemoveTray
D:/HT9045/_integ_ioweb/HT9011UC_Cpp_V3.33.906.0/cmydef.h:4753:10: note: type is not C-compatible because it contains 'void MyNextTrayNeedManualRemoveTray::Clear()' declaration
 4753 |     void Clear()
      |          ^~~~~
D:/HT9045/_integ_ioweb/HT9011UC_Cpp_V3.33.906.0/Public/HTEditList.h:429:1: warning: anonymous non-C-compatible type given name for linkage purposes by 'typedef' declaration [-Wnon-c-typedef-for-linkage]
  429 | {
      | ^
      | ArmAndSuckInfo
D:/HT9045/_integ_ioweb/HT9011UC_Cpp_V3.33.906.0/Public/HTEditList.h:438:10: note: type is not C-compatible because it contains 'void ArmAndSuckInfo::Clear()' declaration
  438 |     void Clear()
      |          ^~~~~
D:/HT9045/_integ_ioweb/HT9011UC_Cpp_V3.33.906.0/Public/HTEditList.h:454:1: warning: anonymous non-C-compatible type given name for linkage purposes by 'typedef' declaration [-Wnon-c-typedef-for-linkage]
  454 | {
      | ^
      | SingleSuckPosOnTray
D:/HT9045/_integ_ioweb/HT9011UC_Cpp_V3.33.906.0/Public/HTEditList.h:462:10: note: type is not C-compatible because it contains 'void SingleSuckPosOnTray::Clear()' declaration
  462 |     void Clear()
      |          ^~~~~
D:/HT9045/_integ_ioweb/HT9011UC_Cpp_V3.33.906.0/Public/HTEditList.h:475:1: warning: anonymous non-C-compatible type given name for linkage purposes by 'typedef' declaration [-Wnon-c-typedef-for-linkage]
  475 | {
      | ^
      | MyFillTheTrayAfterOutArmPlace
D:/HT9045/_integ_ioweb/HT9011UC_Cpp_V3.33.906.0/Public/HTEditList.h:479:10: note: type is not C-compatible because it contains 'void MyFillTheTrayAfterOutArmPlace::Clear()' declaration
  479 |     void Clear()
      |          ^~~~~
D:/HT9045/_integ_ioweb/HT9011UC_Cpp_V3.33.906.0/Public/HTEditList.h:488:1: warning: anonymous non-C-compatible type given name for linkage purposes by 'typedef' declaration [-Wnon-c-typedef-for-linkage]
  488 | {
      | ^
      | PickPlaceByArm
D:/HT9045/_integ_ioweb/HT9011UC_Cpp_V3.33.906.0/Public/HTEditList.h:491:10: note: type is not C-compatible because it contains 'void PickPlaceByArm::Clear()' declaration
  491 |     void Clear()
      |          ^~~~~
[ 97%] Built target test_compk_datas
[ 97%] Building CXX object tests/CMakeFiles/test_b8_ct3d_otddock.dir/__/FileRW/_KitSuck.cpp.obj
In file included from D:/HT9045/_integ_ioweb/HT9011UC_Cpp_V3.33.906.0/cmydef.h:10,
                 from D:\HT9045\_integ_ioweb\HT9011UC_Cpp_V3.33.906.0\JsonBridge\actions\MainTesterConnect.cpp:28:
D:/HT9045/_integ_ioweb/HT9011UC_Cpp_V3.33.906.0/cprod.h:3307:1: warning: anonymous non-C-compatible type given name for linkage purposes by 'typedef' declaration [-Wnon-c-typedef-for-linkage]
 3307 | {
      | ^
      | MyIndexArmRec
D:/HT9045/_integ_ioweb/HT9011UC_Cpp_V3.33.906.0/cprod.h:3311:10: note: type is not C-compatible because it contains 'void MyIndexArmRec::Clear()' declaration
 3311 |     void Clear();
      |          ^~~~~
D:/HT9045/_integ_ioweb/HT9011UC_Cpp_V3.33.906.0/cmydef.h:4732:1: warning: anonymous non-C-compatible type given name for linkage purposes by 'typedef' declaration [-Wnon-c-typedef-for-linkage]
 4732 | {
      | ^
      | MySiteData
D:/HT9045/_integ_ioweb/HT9011UC_Cpp_V3.33.906.0/cmydef.h:4736:10: note: type is not C-compatible because it contains 'void MySiteData::SetData(int, int)' declaration
 4736 |     void SetData(int X, int Y)
      |          ^~~~~~~
D:/HT9045/_integ_ioweb/HT9011UC_Cpp_V3.33.906.0/cmydef.h:4747:1: warning: anonymous non-C-compatible type given name for linkage purposes by 'typedef' declaration [-Wnon-c-typedef-for-linkage]
 4747 | {
      | ^
      | MyNextTrayNeedManualRemoveTray
D:/HT9045/_integ_ioweb/HT9011UC_Cpp_V3.33.906.0/cmydef.h:4753:10: note: type is not C-compatible because it contains 'void MyNextTrayNeedManualRemoveTray::Clear()' declaration
 4753 |     void Clear()
      |          ^~~~~
In file included from D:\HT9045\_integ_ioweb\HT9011UC_Cpp_V3.33.906.0\JsonBridge\actions\MainTesterConnect.cpp:34:
D:/HT9045/_integ_ioweb/HT9011UC_Cpp_V3.33.906.0/aHotPlateSubstrate.h:830:1: warning: anonymous non-C-compatible type given name for linkage purposes by 'typedef' declaration [-Wnon-c-typedef-for-linkage]
  830 | {
      | ^
      | strAUTOSITEMAP
D:/HT9045/_integ_ioweb/HT9011UC_Cpp_V3.33.906.0/aHotPlateSubstrate.h:836:10: note: type is not C-compatible because it contains 'void strAUTOSITEMAP::ClearData()' declaration
  836 |     void ClearData()
      |          ^~~~~~~~~
In file included from D:\HT9045\_integ_ioweb\HT9011UC_Cpp_V3.33.906.0\JsonBridge\ChanAction.cpp:22:
D:/HT9045/_integ_ioweb/HT9011UC_Cpp_V3.33.906.0/cprod.h:3307:1: warning: anonymous non-C-compatible type given name for linkage purposes by 'typedef' declaration [-Wnon-c-typedef-for-linkage]
 3307 | {
      | ^
      | MyIndexArmRec
D:/HT9045/_integ_ioweb/HT9011UC_Cpp_V3.33.906.0/cprod.h:3311:10: note: type is not C-compatible because it contains 'void MyIndexArmRec::Clear()' declaration
 3311 |     void Clear();
      |          ^~~~~
In file included from D:/HT9045/_integ_ioweb/HT9011UC_Cpp_V3.33.906.0/cmydef.h:10,
                 from D:\HT9045\_integ_ioweb\HT9011UC_Cpp_V3.33.906.0\tests\test_c14_bindisp.cpp:24:
D:/HT9045/_integ_ioweb/HT9011UC_Cpp_V3.33.906.0/cprod.h:3307:1: warning: anonymous non-C-compatible type given name for linkage purposes by 'typedef' declaration [-Wnon-c-typedef-for-linkage]
 3307 | {
      | ^
      | MyIndexArmRec
D:/HT9045/_integ_ioweb/HT9011UC_Cpp_V3.33.906.0/cprod.h:3311:10: note: type is not C-compatible because it contains 'void MyIndexArmRec::Clear()' declaration
 3311 |     void Clear();
      |          ^~~~~
D:/HT9045/_integ_ioweb/HT9011UC_Cpp_V3.33.906.0/cmydef.h:4732:1: warning: anonymous non-C-compatible type given name for linkage purposes by 'typedef' declaration [-Wnon-c-typedef-for-linkage]
 4732 | {
      | ^
      | MySiteData
D:/HT9045/_integ_ioweb/HT9011UC_Cpp_V3.33.906.0/cmydef.h:4736:10: note: type is not C-compatible because it contains 'void MySiteData::SetData(int, int)' declaration
 4736 |     void SetData(int X, int Y)
      |          ^~~~~~~
D:/HT9045/_integ_ioweb/HT9011UC_Cpp_V3.33.906.0/cmydef.h:4747:1: warning: anonymous non-C-compatible type given name for linkage purposes by 'typedef' declaration [-Wnon-c-typedef-for-linkage]
 4747 | {
      | ^
      | MyNextTrayNeedManualRemoveTray
D:/HT9045/_integ_ioweb/HT9011UC_Cpp_V3.33.906.0/cmydef.h:4753:10: note: type is not C-compatible because it contains 'void MyNextTrayNeedManualRemoveTray::Clear()' declaration
 4753 |     void Clear()
      |          ^~~~~
In file included from D:\HT9045\_integ_ioweb\HT9011UC_Cpp_V3.33.906.0\JsonBridge\ChanAction.cpp:27:
D:/HT9045/_integ_ioweb/HT9011UC_Cpp_V3.33.906.0/cSocket.h:235:1: warning: anonymous non-C-compatible type given name for linkage purposes by 'typedef' declaration [-Wnon-c-typedef-for-linkage]
  235 | {
      | ^
      | TEST_CATEGORY
D:/HT9045/_integ_ioweb/HT9011UC_Cpp_V3.33.906.0/cSocket.h:261:10: note: type is not C-compatible because it contains 'void TEST_CATEGORY::ClearCount()' declaration
  261 |     void ClearCount();
      |          ^~~~~~~~~~
In file included from D:\HT9045\_integ_ioweb\HT9011UC_Cpp_V3.33.906.0\JsonBridge\ChanAction.cpp:28:
D:/HT9045/_integ_ioweb/HT9011UC_Cpp_V3.33.906.0/cmydef.h:4732:1: warning: anonymous non-C-compatible type given name for linkage purposes by 'typedef' declaration [-Wnon-c-typedef-for-linkage]
 4732 | {
      | ^
      | MySiteData
D:/HT9045/_integ_ioweb/HT9011UC_Cpp_V3.33.906.0/cmydef.h:4736:10: note: type is not C-compatible because it contains 'void MySiteData::SetData(int, int)' declaration
 4736 |     void SetData(int X, int Y)
      |          ^~~~~~~
D:/HT9045/_integ_ioweb/HT9011UC_Cpp_V3.33.906.0/cmydef.h:4747:1: warning: anonymous non-C-compatible type given name for linkage purposes by 'typedef' declaration [-Wnon-c-typedef-for-linkage]
 4747 | {
      | ^
      | MyNextTrayNeedManualRemoveTray
D:/HT9045/_integ_ioweb/HT9011UC_Cpp_V3.33.906.0/cmydef.h:4753:10: note: type is not C-compatible because it contains 'void MyNextTrayNeedManualRemoveTray::Clear()' declaration
 4753 |     void Clear()
      |          ^~~~~
In file included from D:/HT9045/_integ_ioweb/HT9011UC_Cpp_V3.33.906.0/cmydef.h:10,
                 from D:/HT9045/_integ_ioweb/HT9011UC_Cpp_V3.33.906.0/aHotPlateSubstrate.h:67,
                 from D:\HT9045\_integ_ioweb\HT9011UC_Cpp_V3.33.906.0\FileRW\_KitSuck.cpp:8:
D:/HT9045/_integ_ioweb/HT9011UC_Cpp_V3.33.906.0/cprod.h:3307:1: warning: anonymous non-C-compatible type given name for linkage purposes by 'typedef' declaration [-Wnon-c-typedef-for-linkage]
 3307 | {
      | ^
      | MyIndexArmRec
D:/HT9045/_integ_ioweb/HT9011UC_Cpp_V3.33.906.0/cprod.h:3311:10: note: type is not C-compatible because it contains 'void MyIndexArmRec::Clear()' declaration
 3311 |     void Clear();
      |          ^~~~~
D:/HT9045/_integ_ioweb/HT9011UC_Cpp_V3.33.906.0/cmydef.h:4732:1: warning: anonymous non-C-compatible type given name for linkage purposes by 'typedef' declaration [-Wnon-c-typedef-for-linkage]
 4732 | {
      | ^
      | MySiteData
D:/HT9045/_integ_ioweb/HT9011UC_Cpp_V3.33.906.0/cmydef.h:4736:10: note: type is not C-compatible because it contains 'void MySiteData::SetData(int, int)' declaration
 4736 |     void SetData(int X, int Y)
      |          ^~~~~~~
D:/HT9045/_integ_ioweb/HT9011UC_Cpp_V3.33.906.0/cmydef.h:4747:1: warning: anonymous non-C-compatible type given name for linkage purposes by 'typedef' declaration [-Wnon-c-typedef-for-linkage]
 4747 | {
      | ^
      | MyNextTrayNeedManualRemoveTray
D:/HT9045/_integ_ioweb/HT9011UC_Cpp_V3.33.906.0/cmydef.h:4753:10: note: type is not C-compatible because it contains 'void MyNextTrayNeedManualRemoveTray::Clear()' declaration
 4753 |     void Clear()
      |          ^~~~~
D:/HT9045/_integ_ioweb/HT9011UC_Cpp_V3.33.906.0/aHotPlateSubstrate.h:830:1: warning: anonymous non-C-compatible type given name for linkage purposes by 'typedef' declaration [-Wnon-c-typedef-for-linkage]
  830 | {
      | ^
      | strAUTOSITEMAP
D:/HT9045/_integ_ioweb/HT9011UC_Cpp_V3.33.906.0/aHotPlateSubstrate.h:836:10: note: type is not C-compatible because it contains 'void strAUTOSITEMAP::ClearData()' declaration
  836 |     void ClearData()
      |          ^~~~~~~~~
[ 97%] Building CXX object tests/CMakeFiles/test_e022_contactct.dir/__/JsonBridge/actions/MainRecordClear.cpp.obj
[ 97%] Building CXX object tests/CMakeFiles/test_c14_bindisp.dir/test_bootstrap.cpp.obj
[ 97%] Built target test_dtme08_cycle
[ 97%] Building CXX object tests/CMakeFiles/test_e023_statusev.dir/__/JsonBridge/ChanProduction.cpp.obj
[ 97%] Building CXX object tests/CMakeFiles/test_b8_ct3d_otddock.dir/test_bootstrap.cpp.obj
[ 97%] Building CXX object tests/CMakeFiles/test_c10_hana_rms.dir/test_c10_hana_rms.cpp.obj
[ 97%] Building CXX object tests/CMakeFiles/test_e023_statusev.dir/__/JsonBridge/ChanIo.cpp.obj
[ 97%] Building CXX object tests/CMakeFiles/test_e022_contactct.dir/__/JsonBridge/actions/LotInfoFtp.cpp.obj
[ 97%] Building CXX object tests/CMakeFiles/test_c10_hana_rms.dir/test_bootstrap.cpp.obj
[ 97%] Building CXX object tests/CMakeFiles/test_c14_bindisp_pane.dir/test_c14_bindisp_pane.cpp.obj
[ 97%] Built target test_io_formshow
[ 97%] Built target test_iosetview_formshow_bridge
[ 97%] Building CXX object tests/CMakeFiles/test_e023_statusev.dir/__/JsonBridge/ChanMotor.cpp.obj
[ 97%] Building CXX object tests/CMakeFiles/test_e022_contactct.dir/__/JsonBridge/actions/ObserverSGJam.cpp.obj
[ 98%] Building CXX object tests/CMakeFiles/test_c14_bindisp_pane.dir/__/WebBinDispStatus_St02.cpp.obj
[ 98%] Building CXX object tests/CMakeFiles/test_e022_contactct.dir/__/JsonBridge/actions/MainClarnData.cpp.obj
D:\HT9045\_integ_ioweb\HT9011UC_Cpp_V3.33.906.0\tests\test_bootstrap.cpp:66:16: warning: 'int _putenv(const char*)' redeclared without dllimport attribute: previous dllimport ignored [-Wattributes]
   66 | extern "C" int _putenv(const char *);
      |                ^~~~~~~
D:\HT9045\_integ_ioweb\HT9011UC_Cpp_V3.33.906.0\tests\test_bootstrap.cpp:66:16: warning: 'int _putenv(const char*)' redeclared without dllimport attribute: previous dllimport ignored [-Wattributes]
   66 | extern "C" int _putenv(const char *);
      |                ^~~~~~~
[ 98%] Linking CXX executable test_c14_bindisp.exe
[ 98%] Linking CXX executable test_b8_ct3d_otddock.exe
[ 98%] Building CXX object tests/CMakeFiles/test_c14_bindisp_pane.dir/test_bootstrap.cpp.obj
D:\HT9045\_integ_ioweb\HT9011UC_Cpp_V3.33.906.0\tests\test_bootstrap.cpp:66:16: warning: 'int _putenv(const char*)' redeclared without dllimport attribute: previous dllimport ignored [-Wattributes]
   66 | extern "C" int _putenv(const char *);
      |                ^~~~~~~
[ 98%] Building CXX object tests/CMakeFiles/test_e022_contactct.dir/__/JsonBridge/actions/MainStateRecord.cpp.obj
In file included from D:\HT9045\_integ_ioweb\HT9011UC_Cpp_V3.33.906.0\JsonBridge\ChanProduction.cpp:15:
D:/HT9045/_integ_ioweb/HT9011UC_Cpp_V3.33.906.0/cprod.h:3307:1: warning: anonymous non-C-compatible type given name for linkage purposes by 'typedef' declaration [-Wnon-c-typedef-for-linkage]
 3307 | {
      | ^
      | MyIndexArmRec
D:/HT9045/_integ_ioweb/HT9011UC_Cpp_V3.33.906.0/cprod.h:3311:10: note: type is not C-compatible because it contains 'void MyIndexArmRec::Clear()' declaration
 3311 |     void Clear();
      |          ^~~~~
In file included from D:\HT9045\_integ_ioweb\HT9011UC_Cpp_V3.33.906.0\JsonBridge\ChanProduction.cpp:18:
D:/HT9045/_integ_ioweb/HT9011UC_Cpp_V3.33.906.0/cmydef.h:4732:1: warning: anonymous non-C-compatible type given name for linkage purposes by 'typedef' declaration [-Wnon-c-typedef-for-linkage]
 4732 | {
      | ^
      | MySiteData
D:/HT9045/_integ_ioweb/HT9011UC_Cpp_V3.33.906.0/cmydef.h:4736:10: note: type is not C-compatible because it contains 'void MySiteData::SetData(int, int)' declaration
 4736 |     void SetData(int X, int Y)
      |          ^~~~~~~
D:/HT9045/_integ_ioweb/HT9011UC_Cpp_V3.33.906.0/cmydef.h:4747:1: warning: anonymous non-C-compatible type given name for linkage purposes by 'typedef' declaration [-Wnon-c-typedef-for-linkage]
 4747 | {
      | ^
      | MyNextTrayNeedManualRemoveTray
D:/HT9045/_integ_ioweb/HT9011UC_Cpp_V3.33.906.0/cmydef.h:4753:10: note: type is not C-compatible because it contains 'void MyNextTrayNeedManualRemoveTray::Clear()' declaration
 4753 |     void Clear()
      |          ^~~~~
In file included from D:\HT9045\_integ_ioweb\HT9011UC_Cpp_V3.33.906.0\JsonBridge\actions\MainRecordClear.cpp:20:
D:/HT9045/_integ_ioweb/HT9011UC_Cpp_V3.33.906.0/cSocket.h:235:1: warning: anonymous non-C-compatible type given name for linkage purposes by 'typedef' declaration [-Wnon-c-typedef-for-linkage]
  235 | {
      | ^
      | TEST_CATEGORY
D:/HT9045/_integ_ioweb/HT9011UC_Cpp_V3.33.906.0/cSocket.h:261:10: note: type is not C-compatible because it contains 'void TEST_CATEGORY::ClearCount()' declaration
  261 |     void ClearCount();
      |          ^~~~~~~~~~
In file included from D:/HT9045/_integ_ioweb/HT9011UC_Cpp_V3.33.906.0/cmydef.h:10,
                 from D:\HT9045\_integ_ioweb\HT9011UC_Cpp_V3.33.906.0\JsonBridge\actions\ObserverSGJam.cpp:21:
D:/HT9045/_integ_ioweb/HT9011UC_Cpp_V3.33.906.0/cprod.h:3307:1: warning: anonymous non-C-compatible type given name for linkage purposes by 'typedef' declaration [-Wnon-c-typedef-for-linkage]
 3307 | {
      | ^
      | MyIndexArmRec
D:/HT9045/_integ_ioweb/HT9011UC_Cpp_V3.33.906.0/cprod.h:3311:10: note: type is not C-compatible because it contains 'void MyIndexArmRec::Clear()' declaration
 3311 |     void Clear();
      |          ^~~~~
D:/HT9045/_integ_ioweb/HT9011UC_Cpp_V3.33.906.0/cmydef.h:4732:1: warning: anonymous non-C-compatible type given name for linkage purposes by 'typedef' declaration [-Wnon-c-typedef-for-linkage]
 4732 | {
      | ^
      | MySiteData
D:/HT9045/_integ_ioweb/HT9011UC_Cpp_V3.33.906.0/cmydef.h:4736:10: note: type is not C-compatible because it contains 'void MySiteData::SetData(int, int)' declaration
 4736 |     void SetData(int X, int Y)
      |          ^~~~~~~
D:/HT9045/_integ_ioweb/HT9011UC_Cpp_V3.33.906.0/cmydef.h:4747:1: warning: anonymous non-C-compatible type given name for linkage purposes by 'typedef' declaration [-Wnon-c-typedef-for-linkage]
 4747 | {
      | ^
      | MyNextTrayNeedManualRemoveTray
D:/HT9045/_integ_ioweb/HT9011UC_Cpp_V3.33.906.0/cmydef.h:4753:10: note: type is not C-compatible because it contains 'void MyNextTrayNeedManualRemoveTray::Clear()' declaration
 4753 |     void Clear()
      |          ^~~~~
In file included from D:/HT9045/_integ_ioweb/HT9011UC_Cpp_V3.33.906.0/cmydef.h:10,
                 from D:\HT9045\_integ_ioweb\HT9011UC_Cpp_V3.33.906.0\tests\test_c14_bindisp_pane.cpp:24:
D:/HT9045/_integ_ioweb/HT9011UC_Cpp_V3.33.906.0/cprod.h:3307:1: warning: anonymous non-C-compatible type given name for linkage purposes by 'typedef' declaration [-Wnon-c-typedef-for-linkage]
 3307 | {
      | ^
      | MyIndexArmRec
D:/HT9045/_integ_ioweb/HT9011UC_Cpp_V3.33.906.0/cprod.h:3311:10: note: type is not C-compatible because it contains 'void MyIndexArmRec::Clear()' declaration
 3311 |     void Clear();
      |          ^~~~~
D:/HT9045/_integ_ioweb/HT9011UC_Cpp_V3.33.906.0/cmydef.h:4732:1: warning: anonymous non-C-compatible type given name for linkage purposes by 'typedef' declaration [-Wnon-c-typedef-for-linkage]
 4732 | {
      | ^
      | MySiteData
D:/HT9045/_integ_ioweb/HT9011UC_Cpp_V3.33.906.0/cmydef.h:4736:10: note: type is not C-compatible because it contains 'void MySiteData::SetData(int, int)' declaration
 4736 |     void SetData(int X, int Y)
      |          ^~~~~~~
D:/HT9045/_integ_ioweb/HT9011UC_Cpp_V3.33.906.0/cmydef.h:4747:1: warning: anonymous non-C-compatible type given name for linkage purposes by 'typedef' declaration [-Wnon-c-typedef-for-linkage]
 4747 | {
      | ^
      | MyNextTrayNeedManualRemoveTray
D:/HT9045/_integ_ioweb/HT9011UC_Cpp_V3.33.906.0/cmydef.h:4753:10: note: type is not C-compatible because it contains 'void MyNextTrayNeedManualRemoveTray::Clear()' declaration
 4753 |     void Clear()
      |          ^~~~~
D:\HT9045\_integ_ioweb\HT9011UC_Cpp_V3.33.906.0\tests\test_bootstrap.cpp:66:16: warning: 'int _putenv(const char*)' redeclared without dllimport attribute: previous dllimport ignored [-Wattributes]
   66 | extern "C" int _putenv(const char *);
      |                ^~~~~~~
In file included from D:\HT9045\_integ_ioweb\HT9011UC_Cpp_V3.33.906.0\cmydef.h:10,
                 from D:\HT9045\_integ_ioweb\HT9011UC_Cpp_V3.33.906.0\WebBinDispStatus_St02.cpp:55:
D:\HT9045\_integ_ioweb\HT9011UC_Cpp_V3.33.906.0\cprod.h:3307:1: warning: anonymous non-C-compatible type given name for linkage purposes by 'typedef' declaration [-Wnon-c-typedef-for-linkage]
 3307 | {
      | ^
      | MyIndexArmRec
D:\HT9045\_integ_ioweb\HT9011UC_Cpp_V3.33.906.0\cprod.h:3311:10: note: type is not C-compatible because it contains 'void MyIndexArmRec::Clear()' declaration
 3311 |     void Clear();
      |          ^~~~~
D:\HT9045\_integ_ioweb\HT9011UC_Cpp_V3.33.906.0\cmydef.h:4732:1: warning: anonymous non-C-compatible type given name for linkage purposes by 'typedef' declaration [-Wnon-c-typedef-for-linkage]
 4732 | {
      | ^
      | MySiteData
D:\HT9045\_integ_ioweb\HT9011UC_Cpp_V3.33.906.0\cmydef.h:4736:10: note: type is not C-compatible because it contains 'void MySiteData::SetData(int, int)' declaration
 4736 |     void SetData(int X, int Y)
      |          ^~~~~~~
D:\HT9045\_integ_ioweb\HT9011UC_Cpp_V3.33.906.0\cmydef.h:4747:1: warning: anonymous non-C-compatible type given name for linkage purposes by 'typedef' declaration [-Wnon-c-typedef-for-linkage]
 4747 | {
      | ^
      | MyNextTrayNeedManualRemoveTray
D:\HT9045\_integ_ioweb\HT9011UC_Cpp_V3.33.906.0\cmydef.h:4753:10: note: type is not C-compatible because it contains 'void MyNextTrayNeedManualRemoveTray::Clear()' declaration
 4753 |     void Clear()
      |          ^~~~~
[ 98%] Linking CXX executable test_home_block.exe
[ 98%] Building CXX object tests/CMakeFiles/test_e023_statusev.dir/__/JsonBridge/ChanAction.cpp.obj
[ 98%] Building CXX object tests/CMakeFiles/test_e023_statusev.dir/__/JsonBridge/actions/MainTesterConnect.cpp.obj
In file included from D:/HT9045/_integ_ioweb/HT9011UC_Cpp_V3.33.906.0/cmydef.h:10,
                 from D:\HT9045\_integ_ioweb\HT9011UC_Cpp_V3.33.906.0\JsonBridge\actions\MainClarnData.cpp:17:
D:/HT9045/_integ_ioweb/HT9011UC_Cpp_V3.33.906.0/cprod.h:3307:1: warning: anonymous non-C-compatible type given name for linkage purposes by 'typedef' declaration [-Wnon-c-typedef-for-linkage]
 3307 | {
      | ^
      | MyIndexArmRec
D:/HT9045/_integ_ioweb/HT9011UC_Cpp_V3.33.906.0/cprod.h:3311:10: note: type is not C-compatible because it contains 'void MyIndexArmRec::Clear()' declaration
 3311 |     void Clear();
      |          ^~~~~
[ 99%] Building CXX object tests/CMakeFiles/test_e022_contactct.dir/__/JsonBridge/EventLog.cpp.obj
[ 99%] Building CXX object tests/CMakeFiles/test_e023_statusev.dir/__/JsonBridge/actions/MainRecordClear.cpp.obj
D:/HT9045/_integ_ioweb/HT9011UC_Cpp_V3.33.906.0/cmydef.h:4732:1: warning: anonymous non-C-compatible type given name for linkage purposes by 'typedef' declaration [-Wnon-c-typedef-for-linkage]
 4732 | {
      | ^
      | MySiteData
D:/HT9045/_integ_ioweb/HT9011UC_Cpp_V3.33.906.0/cmydef.h:4736:10: note: type is not C-compatible because it contains 'void MySiteData::SetData(int, int)' declaration
 4736 |     void SetData(int X, int Y)
      |          ^~~~~~~
D:/HT9045/_integ_ioweb/HT9011UC_Cpp_V3.33.906.0/cmydef.h:4747:1: warning: anonymous non-C-compatible type given name for linkage purposes by 'typedef' declaration [-Wnon-c-typedef-for-linkage]
 4747 | {
      | ^
      | MyNextTrayNeedManualRemoveTray
D:/HT9045/_integ_ioweb/HT9011UC_Cpp_V3.33.906.0/cmydef.h:4753:10: note: type is not C-compatible because it contains 'void MyNextTrayNeedManualRemoveTray::Clear()' declaration
 4753 |     void Clear()
      |          ^~~~~
[ 99%] Building CXX object tests/CMakeFiles/test_gear_teach_save.dir/test_gear_teach_save.cpp.obj
[ 99%] Built target test_adam6024_apax
[ 99%] Building CXX object tests/CMakeFiles/test_e022_contactct.dir/__/EtherCAT/Pci1203Monitor.cpp.obj
[ 99%] Building CXX object tests/CMakeFiles/test_e023_statusev.dir/__/JsonBridge/actions/LotInfoFtp.cpp.obj
In file included from D:\HT9045\_integ_ioweb\HT9011UC_Cpp_V3.33.906.0\tests\test_c10_hana_rms.cpp:47:
D:/HT9045/_integ_ioweb/HT9011UC_Cpp_V3.33.906.0/cprod.h:3307:1: warning: anonymous non-C-compatible type given name for linkage purposes by 'typedef' declaration [-Wnon-c-typedef-for-linkage]
 3307 | {
      | ^
      | MyIndexArmRec
D:/HT9045/_integ_ioweb/HT9011UC_Cpp_V3.33.906.0/cprod.h:3311:10: note: type is not C-compatible because it contains 'void MyIndexArmRec::Clear()' declaration
 3311 |     void Clear();
      |          ^~~~~
In file included from D:\HT9045\_integ_ioweb\HT9011UC_Cpp_V3.33.906.0\tests\test_c10_hana_rms.cpp:48:
D:/HT9045/_integ_ioweb/HT9011UC_Cpp_V3.33.906.0/cmydef.h:4732:1: warning: anonymous non-C-compatible type given name for linkage purposes by 'typedef' declaration [-Wnon-c-typedef-for-linkage]
 4732 | {
      | ^
      | MySiteData
D:/HT9045/_integ_ioweb/HT9011UC_Cpp_V3.33.906.0/cmydef.h:4736:10: note: type is not C-compatible because it contains 'void MySiteData::SetData(int, int)' declaration
 4736 |     void SetData(int X, int Y)
      |          ^~~~~~~
D:/HT9045/_integ_ioweb/HT9011UC_Cpp_V3.33.906.0/cmydef.h:4747:1: warning: anonymous non-C-compatible type given name for linkage purposes by 'typedef' declaration [-Wnon-c-typedef-for-linkage]
 4747 | {
      | ^
      | MyNextTrayNeedManualRemoveTray
D:/HT9045/_integ_ioweb/HT9011UC_Cpp_V3.33.906.0/cmydef.h:4753:10: note: type is not C-compatible because it contains 'void MyNextTrayNeedManualRemoveTray::Clear()' declaration
 4753 |     void Clear()
      |          ^~~~~
[ 99%] Linking CXX executable test_c14_bindisp_pane.exe
[ 99%] Building CXX object tests/CMakeFiles/test_gear_teach_save.dir/__/GearRatioLive.cpp.obj
[ 99%] Built target test_li9_ftpclient
[ 99%] Building CXX object tests/CMakeFiles/test_e022_contactct.dir/test_bootstrap.cpp.obj
[ 99%] Building CXX object tests/CMakeFiles/test_gear_teach_save.dir/__/GearCalc.cpp.obj
[ 99%] Building CXX object tests/CMakeFiles/test_e023_statusev.dir/__/JsonBridge/actions/ObserverSGJam.cpp.obj
In file included from D:\HT9045\_integ_ioweb\HT9011UC_Cpp_V3.33.906.0\JsonBridge\ChanAction.cpp:22:
D:/HT9045/_integ_ioweb/HT9011UC_Cpp_V3.33.906.0/cprod.h:3307:1: warning: anonymous non-C-compatible type given name for linkage purposes by 'typedef' declaration [-Wnon-c-typedef-for-linkage]
 3307 | {
      | ^
      | MyIndexArmRec
D:/HT9045/_integ_ioweb/HT9011UC_Cpp_V3.33.906.0/cprod.h:3311:10: note: type is not C-compatible because it contains 'void MyIndexArmRec::Clear()' declaration
 3311 |     void Clear();
      |          ^~~~~
In file included from D:/HT9045/_integ_ioweb/HT9011UC_Cpp_V3.33.906.0/cmydef.h:10,
                 from D:\HT9045\_integ_ioweb\HT9011UC_Cpp_V3.33.906.0\JsonBridge\actions\MainTesterConnect.cpp:28:
D:/HT9045/_integ_ioweb/HT9011UC_Cpp_V3.33.906.0/cprod.h:3307:1: warning: anonymous non-C-compatible type given name for linkage purposes by 'typedef' declaration [-Wnon-c-typedef-for-linkage]
 3307 | {
      | ^
      | MyIndexArmRec
D:/HT9045/_integ_ioweb/HT9011UC_Cpp_V3.33.906.0/cprod.h:3311:10: note: type is not C-compatible because it contains 'void MyIndexArmRec::Clear()' declaration
 3311 |     void Clear();
      |          ^~~~~
In file included from D:\HT9045\_integ_ioweb\HT9011UC_Cpp_V3.33.906.0\JsonBridge\actions\MainRecordClear.cpp:20:
D:/HT9045/_integ_ioweb/HT9011UC_Cpp_V3.33.906.0/cSocket.h:235:1: warning: anonymous non-C-compatible type given name for linkage purposes by 'typedef' declaration [-Wnon-c-typedef-for-linkage]
  235 | {
      | ^
      | TEST_CATEGORY
D:/HT9045/_integ_ioweb/HT9011UC_Cpp_V3.33.906.0/cSocket.h:261:10: note: type is not C-compatible because it contains 'void TEST_CATEGORY::ClearCount()' declaration
  261 |     void ClearCount();
      |          ^~~~~~~~~~
D:/HT9045/_integ_ioweb/HT9011UC_Cpp_V3.33.906.0/cmydef.h:4732:1: warning: anonymous non-C-compatible type given name for linkage purposes by 'typedef' declaration [-Wnon-c-typedef-for-linkage]
 4732 | {
      | ^
      | MySiteData
D:/HT9045/_integ_ioweb/HT9011UC_Cpp_V3.33.906.0/cmydef.h:4736:10: note: type is not C-compatible because it contains 'void MySiteData::SetData(int, int)' declaration
 4736 |     void SetData(int X, int Y)
      |          ^~~~~~~
D:/HT9045/_integ_ioweb/HT9011UC_Cpp_V3.33.906.0/cmydef.h:4747:1: warning: anonymous non-C-compatible type given name for linkage purposes by 'typedef' declaration [-Wnon-c-typedef-for-linkage]
 4747 | {
      | ^
      | MyNextTrayNeedManualRemoveTray
D:/HT9045/_integ_ioweb/HT9011UC_Cpp_V3.33.906.0/cmydef.h:4753:10: note: type is not C-compatible because it contains 'void MyNextTrayNeedManualRemoveTray::Clear()' declaration
 4753 |     void Clear()
      |          ^~~~~
In file included from D:\HT9045\_integ_ioweb\HT9011UC_Cpp_V3.33.906.0\JsonBridge\actions\MainTesterConnect.cpp:34:
D:/HT9045/_integ_ioweb/HT9011UC_Cpp_V3.33.906.0/aHotPlateSubstrate.h:830:1: warning: anonymous non-C-compatible type given name for linkage purposes by 'typedef' declaration [-Wnon-c-typedef-for-linkage]
  830 | {
      | ^
      | strAUTOSITEMAP
D:/HT9045/_integ_ioweb/HT9011UC_Cpp_V3.33.906.0/aHotPlateSubstrate.h:836:10: note: type is not C-compatible because it contains 'void strAUTOSITEMAP::ClearData()' declaration
  836 |     void ClearData()
      |          ^~~~~~~~~
In file included from D:\HT9045\_integ_ioweb\HT9011UC_Cpp_V3.33.906.0\JsonBridge\ChanAction.cpp:27:
D:/HT9045/_integ_ioweb/HT9011UC_Cpp_V3.33.906.0/cSocket.h:235:1: warning: anonymous non-C-compatible type given name for linkage purposes by 'typedef' declaration [-Wnon-c-typedef-for-linkage]
  235 | {
      | ^
      | TEST_CATEGORY
D:/HT9045/_integ_ioweb/HT9011UC_Cpp_V3.33.906.0/cSocket.h:261:10: note: type is not C-compatible because it contains 'void TEST_CATEGORY::ClearCount()' declaration
  261 |     void ClearCount();
      |          ^~~~~~~~~~
In file included from D:\HT9045\_integ_ioweb\HT9011UC_Cpp_V3.33.906.0\JsonBridge\ChanAction.cpp:28:
D:/HT9045/_integ_ioweb/HT9011UC_Cpp_V3.33.906.0/cmydef.h:4732:1: warning: anonymous non-C-compatible type given name for linkage purposes by 'typedef' declaration [-Wnon-c-typedef-for-linkage]
 4732 | {
      | ^
      | MySiteData
D:/HT9045/_integ_ioweb/HT9011UC_Cpp_V3.33.906.0/cmydef.h:4736:10: note: type is not C-compatible because it contains 'void MySiteData::SetData(int, int)' declaration
 4736 |     void SetData(int X, int Y)
      |          ^~~~~~~
D:/HT9045/_integ_ioweb/HT9011UC_Cpp_V3.33.906.0/cmydef.h:4747:1: warning: anonymous non-C-compatible type given name for linkage purposes by 'typedef' declaration [-Wnon-c-typedef-for-linkage]
 4747 | {
      | ^
      | MyNextTrayNeedManualRemoveTray
D:/HT9045/_integ_ioweb/HT9011UC_Cpp_V3.33.906.0/cmydef.h:4753:10: note: type is not C-compatible because it contains 'void MyNextTrayNeedManualRemoveTray::Clear()' declaration
 4753 |     void Clear()
      |          ^~~~~
D:\HT9045\_integ_ioweb\HT9011UC_Cpp_V3.33.906.0\tests\test_bootstrap.cpp:66:16: warning: 'int _putenv(const char*)' redeclared without dllimport attribute: previous dllimport ignored [-Wattributes]
   66 | extern "C" int _putenv(const char *);
      |                ^~~~~~~
[ 99%] Built target test_index_check4site
[ 99%] Built target test_cfga_kbextra_n04
[ 99%] Linking CXX executable test_c10_hana_rms.exe
[ 99%] Building CXX object tests/CMakeFiles/test_e023_statusev.dir/__/JsonBridge/actions/MainClarnData.cpp.obj
[ 99%] Building CXX object tests/CMakeFiles/test_gear_teach_save.dir/__/FileRW/Teach.cpp.obj
[ 99%] Building CXX object tests/CMakeFiles/test_gear_teach_save.dir/__/FileRW/TeachKb.cpp.obj
[ 99%] Building CXX object tests/CMakeFiles/test_e023_statusev.dir/__/JsonBridge/actions/MainStateRecord.cpp.obj
[ 99%] Built target test_adam6024_comm
[100%] Building CXX object tests/CMakeFiles/test_gear_teach_save.dir/__/FileRW/_EditList.cpp.obj
[100%] Building CXX object tests/CMakeFiles/test_e023_statusev.dir/__/JsonBridge/EventLog.cpp.obj
[100%] Building CXX object tests/CMakeFiles/test_gear_teach_save.dir/__/FileRW/_EditPage.cpp.obj
[100%] Built target test_temperfrom_timer1
[100%] Building CXX object tests/CMakeFiles/test_e023_statusev.dir/__/EtherCAT/Pci1203Monitor.cpp.obj
[100%] Linking CXX executable test_e022_contactct.exe
[100%] Building CXX object tests/CMakeFiles/test_gear_teach_save.dir/test_bootstrap.cpp.obj
In file included from D:/HT9045/_integ_ioweb/HT9011UC_Cpp_V3.33.906.0/cmydef.h:10,
                 from D:\HT9045\_integ_ioweb\HT9011UC_Cpp_V3.33.906.0\JsonBridge\actions\ObserverSGJam.cpp:21:
D:/HT9045/_integ_ioweb/HT9011UC_Cpp_V3.33.906.0/cprod.h:3307:1: warning: anonymous non-C-compatible type given name for linkage purposes by 'typedef' declaration [-Wnon-c-typedef-for-linkage]
 3307 | {
      | ^
      | MyIndexArmRec
D:/HT9045/_integ_ioweb/HT9011UC_Cpp_V3.33.906.0/cprod.h:3311:10: note: type is not C-compatible because it contains 'void MyIndexArmRec::Clear()' declaration
 3311 |     void Clear();
      |          ^~~~~
D:/HT9045/_integ_ioweb/HT9011UC_Cpp_V3.33.906.0/cmydef.h:4732:1: warning: anonymous non-C-compatible type given name for linkage purposes by 'typedef' declaration [-Wnon-c-typedef-for-linkage]
 4732 | {
      | ^
      | MySiteData
D:/HT9045/_integ_ioweb/HT9011UC_Cpp_V3.33.906.0/cmydef.h:4736:10: note: type is not C-compatible because it contains 'void MySiteData::SetData(int, int)' declaration
 4736 |     void SetData(int X, int Y)
      |          ^~~~~~~
D:/HT9045/_integ_ioweb/HT9011UC_Cpp_V3.33.906.0/cmydef.h:4747:1: warning: anonymous non-C-compatible type given name for linkage purposes by 'typedef' declaration [-Wnon-c-typedef-for-linkage]
 4747 | {
      | ^
      | MyNextTrayNeedManualRemoveTray
D:/HT9045/_integ_ioweb/HT9011UC_Cpp_V3.33.906.0/cmydef.h:4753:10: note: type is not C-compatible because it contains 'void MyNextTrayNeedManualRemoveTray::Clear()' declaration
 4753 |     void Clear()
      |          ^~~~~
[100%] Building CXX object tests/CMakeFiles/test_e023_statusev.dir/__/FileRW/TestIF_File_Cleaning.cpp.obj
[100%] Built target test_e021_observer
In file included from D:/HT9045/_integ_ioweb/HT9011UC_Cpp_V3.33.906.0/cmydef.h:10,
                 from D:/HT9045/_integ_ioweb/HT9011UC_Cpp_V3.33.906.0/Public/HTEditList.h:113,
                 from D:\HT9045\_integ_ioweb\HT9011UC_Cpp_V3.33.906.0\tests\test_gear_teach_save.cpp:49:
D:/HT9045/_integ_ioweb/HT9011UC_Cpp_V3.33.906.0/cprod.h:3307:1: warning: anonymous non-C-compatible type given name for linkage purposes by 'typedef' declaration [-Wnon-c-typedef-for-linkage]
 3307 | {
      | ^
      | MyIndexArmRec
D:/HT9045/_integ_ioweb/HT9011UC_Cpp_V3.33.906.0/cprod.h:3311:10: note: type is not C-compatible because it contains 'void MyIndexArmRec::Clear()' declaration
 3311 |     void Clear();
      |          ^~~~~
In file included from D:/HT9045/_integ_ioweb/HT9011UC_Cpp_V3.33.906.0/cmydef.h:10,
                 from D:/HT9045/_integ_ioweb/HT9011UC_Cpp_V3.33.906.0/Public/HTEditList.h:113,
                 from D:/HT9045/_integ_ioweb/HT9011UC_Cpp_V3.33.906.0/FileRW/_EditList.h:27,
                 from D:\HT9045\_integ_ioweb\HT9011UC_Cpp_V3.33.906.0\FileRW\_EditList.cpp:6:
D:/HT9045/_integ_ioweb/HT9011UC_Cpp_V3.33.906.0/cprod.h:3307:1: warning: anonymous non-C-compatible type given name for linkage purposes by 'typedef' declaration [-Wnon-c-typedef-for-linkage]
 3307 | {
      | ^
      | MyIndexArmRec
D:/HT9045/_integ_ioweb/HT9011UC_Cpp_V3.33.906.0/cprod.h:3311:10: note: type is not C-compatible because it contains 'void MyIndexArmRec::Clear()' declaration
 3311 |     void Clear();
      |          ^~~~~
D:/HT9045/_integ_ioweb/HT9011UC_Cpp_V3.33.906.0/cmydef.h:4732:1: warning: anonymous non-C-compatible type given name for linkage purposes by 'typedef' declaration [-Wnon-c-typedef-for-linkage]
 4732 | {
      | ^
      | MySiteData
D:/HT9045/_integ_ioweb/HT9011UC_Cpp_V3.33.906.0/cmydef.h:4736:10: note: type is not C-compatible because it contains 'void MySiteData::SetData(int, int)' declaration
 4736 |     void SetData(int X, int Y)
      |          ^~~~~~~
D:/HT9045/_integ_ioweb/HT9011UC_Cpp_V3.33.906.0/cmydef.h:4747:1: warning: anonymous non-C-compatible type given name for linkage purposes by 'typedef' declaration [-Wnon-c-typedef-for-linkage]
 4747 | {
      | ^
      | MyNextTrayNeedManualRemoveTray
D:/HT9045/_integ_ioweb/HT9011UC_Cpp_V3.33.906.0/cmydef.h:4753:10: note: type is not C-compatible because it contains 'void MyNextTrayNeedManualRemoveTray::Clear()' declaration
 4753 |     void Clear()
      |          ^~~~~
D:/HT9045/_integ_ioweb/HT9011UC_Cpp_V3.33.906.0/Public/HTEditList.h:429:1: warning: anonymous non-C-compatible type given name for linkage purposes by 'typedef' declaration [-Wnon-c-typedef-for-linkage]
  429 | {
      | ^
      | ArmAndSuckInfo
D:/HT9045/_integ_ioweb/HT9011UC_Cpp_V3.33.906.0/Public/HTEditList.h:438:10: note: type is not C-compatible because it contains 'void ArmAndSuckInfo::Clear()' declaration
  438 |     void Clear()
      |          ^~~~~
D:/HT9045/_integ_ioweb/HT9011UC_Cpp_V3.33.906.0/Public/HTEditList.h:454:1: warning: anonymous non-C-compatible type given name for linkage purposes by 'typedef' declaration [-Wnon-c-typedef-for-linkage]
  454 | {
      | ^
      | SingleSuckPosOnTray
D:/HT9045/_integ_ioweb/HT9011UC_Cpp_V3.33.906.0/Public/HTEditList.h:462:10: note: type is not C-compatible because it contains 'void SingleSuckPosOnTray::Clear()' declaration
  462 |     void Clear()
      |          ^~~~~
D:/HT9045/_integ_ioweb/HT9011UC_Cpp_V3.33.906.0/Public/HTEditList.h:475:1: warning: anonymous non-C-compatible type given name for linkage purposes by 'typedef' declaration [-Wnon-c-typedef-for-linkage]
  475 | {
      | ^
      | MyFillTheTrayAfterOutArmPlace
D:/HT9045/_integ_ioweb/HT9011UC_Cpp_V3.33.906.0/Public/HTEditList.h:479:10: note: type is not C-compatible because it contains 'void MyFillTheTrayAfterOutArmPlace::Clear()' declaration
  479 |     void Clear()
      |          ^~~~~
D:/HT9045/_integ_ioweb/HT9011UC_Cpp_V3.33.906.0/Public/HTEditList.h:488:1: warning: anonymous non-C-compatible type given name for linkage purposes by 'typedef' declaration [-Wnon-c-typedef-for-linkage]
  488 | {
      | ^
      | PickPlaceByArm
D:/HT9045/_integ_ioweb/HT9011UC_Cpp_V3.33.906.0/Public/HTEditList.h:491:10: note: type is not C-compatible because it contains 'void PickPlaceByArm::Clear()' declaration
  491 |     void Clear()
      |          ^~~~~
In file included from D:/HT9045/_integ_ioweb/HT9011UC_Cpp_V3.33.906.0/Motor/mymotor.h:66,
                 from D:\HT9045\_integ_ioweb\HT9011UC_Cpp_V3.33.906.0\tests\test_gear_teach_save.cpp:53:
D:/HT9045/_integ_ioweb/HT9011UC_Cpp_V3.33.906.0/Motor/HTMotor.h: In member function 'virtual bool HTMotor::MoveToPos(int)':
D:/HT9045/_integ_ioweb/HT9011UC_Cpp_V3.33.906.0/Motor/HTMotor.h:143:35: warning: unused parameter 'Tar' [-Wunused-parameter]
  143 |     virtual bool    MoveToPos(int Tar)                  { return false; }
      |                               ~~~~^~~
D:/HT9045/_integ_ioweb/HT9011UC_Cpp_V3.33.906.0/Motor/HTMotor.h: In member function 'virtual void HTMotor::SetSpeed(unsigned int, bool)':
D:/HT9045/_integ_ioweb/HT9011UC_Cpp_V3.33.906.0/Motor/HTMotor.h:156:43: warning: unused parameter 'x' [-Wunused-parameter]
  156 |     virtual void    SetSpeed(unsigned int x, bool bSetJog = false) {}   // RogerYang 20250729: Add for 9046AU
      |                              ~~~~~~~~~~~~~^
D:/HT9045/_integ_ioweb/HT9011UC_Cpp_V3.33.906.0/Motor/HTMotor.h:156:51: warning: unused parameter 'bSetJog' [-Wunused-parameter]
  156 |     virtual void    SetSpeed(unsigned int x, bool bSetJog = false) {}   // RogerYang 20250729: Add for 9046AU
      |                                              ~~~~~^~~~~~~~~~~~~~~
D:/HT9045/_integ_ioweb/HT9011UC_Cpp_V3.33.906.0/Motor/HTMotor.h: In member function 'virtual void HTMotor::SetInitSpeed(unsigned int)':
D:/HT9045/_integ_ioweb/HT9011UC_Cpp_V3.33.906.0/Motor/HTMotor.h:159:47: warning: unused parameter 'x' [-Wunused-parameter]
  159 |     virtual void    SetInitSpeed(unsigned int x)        {}
      |                                  ~~~~~~~~~~~~~^
D:/HT9045/_integ_ioweb/HT9011UC_Cpp_V3.33.906.0/Motor/HTMotor.h: In member function 'virtual void HTMotor::SetRange(unsigned int)':
D:/HT9045/_integ_ioweb/HT9011UC_Cpp_V3.33.906.0/Motor/HTMotor.h:160:43: warning: unused parameter 'a' [-Wunused-parameter]
  160 |     virtual void    SetRange(unsigned int a)            {}
      |                              ~~~~~~~~~~~~~^
D:/HT9045/_integ_ioweb/HT9011UC_Cpp_V3.33.906.0/Motor/HTMotor.h: In member function 'virtual void HTMotor::SetRate(unsigned int)':
D:/HT9045/_integ_ioweb/HT9011UC_Cpp_V3.33.906.0/Motor/HTMotor.h:161:42: warning: unused parameter 'a' [-Wunused-parameter]
  161 |     virtual void    SetRate(unsigned int a)             {}
      |                             ~~~~~~~~~~~~~^
D:/HT9045/_integ_ioweb/HT9011UC_Cpp_V3.33.906.0/Motor/HTMotor.h: In member function 'virtual int HTMotor::InitMotor(int)':
D:/HT9045/_integ_ioweb/HT9011UC_Cpp_V3.33.906.0/Motor/HTMotor.h:172:35: warning: unused parameter 'IoAddress' [-Wunused-parameter]
  172 |     virtual int     InitMotor(int IoAddress)            { return 0; }
      |                               ~~~~^~~~~~~~~
D:/HT9045/_integ_ioweb/HT9011UC_Cpp_V3.33.906.0/Motor/HTMotor.h: In member function 'virtual void HTMotor::SetServoAlarmOn(bool)':
D:/HT9045/_integ_ioweb/HT9011UC_Cpp_V3.33.906.0/Motor/HTMotor.h:173:42: warning: unused parameter 'Value' [-Wunused-parameter]
  173 |     virtual void    SetServoAlarmOn(bool Value)         {}
      |                                     ~~~~~^~~~~
D:/HT9045/_integ_ioweb/HT9011UC_Cpp_V3.33.906.0/Motor/HTMotor.h: In member function 'virtual void HTMotor::ServerOnOff(bool)':
D:/HT9045/_integ_ioweb/HT9011UC_Cpp_V3.33.906.0/Motor/HTMotor.h:174:38: warning: unused parameter 'bStatus' [-Wunused-parameter]
  174 |     virtual void    ServerOnOff(bool bStatus)           {}
      |                                 ~~~~~^~~~~~~
D:/HT9045/_integ_ioweb/HT9011UC_Cpp_V3.33.906.0/Motor/HTMotor.h: In member function 'virtual void HTMotor::SetServoOn(bool)':
D:/HT9045/_integ_ioweb/HT9011UC_Cpp_V3.33.906.0/Motor/HTMotor.h:175:37: warning: unused parameter 'IsOn' [-Wunused-parameter]
  175 |     virtual void    SetServoOn(bool IsOn)               {}
      |                                ~~~~~^~~~
D:/HT9045/_integ_ioweb/HT9011UC_Cpp_V3.33.906.0/Motor/HTMotor.h: In member function 'virtual bool HTMotor::ResetPos(int)':
D:/HT9045/_integ_ioweb/HT9011UC_Cpp_V3.33.906.0/Motor/HTMotor.h:176:34: warning: unused parameter 'Pulse' [-Wunused-parameter]
  176 |     virtual bool    ResetPos(int Pulse = 0)             { return false; }
      |                              ~~~~^~~~~~~~~
D:/HT9045/_integ_ioweb/HT9011UC_Cpp_V3.33.906.0/Motor/HTMotor.h: In member function 'virtual void HTMotor::SoftLimitEnable(bool)':
D:/HT9045/_integ_ioweb/HT9011UC_Cpp_V3.33.906.0/Motor/HTMotor.h:177:42: warning: unused parameter 'bFlag' [-Wunused-parameter]
  177 |     virtual void    SoftLimitEnable(bool bFlag)         {}
      |                                     ~~~~~^~~~~
D:/HT9045/_integ_ioweb/HT9011UC_Cpp_V3.33.906.0/Motor/HTMotor.h: In member function 'virtual void HTMotor::SetSoftLimit(int, int)':
D:/HT9045/_integ_ioweb/HT9011UC_Cpp_V3.33.906.0/Motor/HTMotor.h:178:38: warning: unused parameter 'iPLimit' [-Wunused-parameter]
  178 |     virtual void    SetSoftLimit(int iPLimit, int iNLimit) {}
      |                                  ~~~~^~~~~~~
D:/HT9045/_integ_ioweb/HT9011UC_Cpp_V3.33.906.0/Motor/HTMotor.h:178:51: warning: unused parameter 'iNLimit' [-Wunused-parameter]
  178 |     virtual void    SetSoftLimit(int iPLimit, int iNLimit) {}
      |                                               ~~~~^~~~~~~
D:/HT9045/_integ_ioweb/HT9011UC_Cpp_V3.33.906.0/Motor/HTMotor.h: In member function 'virtual int HTMotor::SetCommand(int)':
D:/HT9045/_integ_ioweb/HT9011UC_Cpp_V3.33.906.0/Motor/HTMotor.h:185:36: warning: unused parameter 'p' [-Wunused-parameter]
  185 |     virtual int     SetCommand(int p)                   { return 0; }
      |                                ~~~~^
D:/HT9045/_integ_ioweb/HT9011UC_Cpp_V3.33.906.0/Motor/HTMotor.h: In member function 'virtual int HTMotor::SetPosition(int)':
D:/HT9045/_integ_ioweb/HT9011UC_Cpp_V3.33.906.0/Motor/HTMotor.h:186:37: warning: unused parameter 'p' [-Wunused-parameter]
  186 |     virtual int     SetPosition(int p)                  { return 0; }
      |                                 ~~~~^
D:/HT9045/_integ_ioweb/HT9011UC_Cpp_V3.33.906.0/Motor/HTMotor.h: In member function 'virtual void HTMotor::MotOutputOn(int)':
D:/HT9045/_integ_ioweb/HT9011UC_Cpp_V3.33.906.0/Motor/HTMotor.h:191:37: warning: unused parameter 'iOutPort' [-Wunused-parameter]
  191 |     virtual void    MotOutputOn(int iOutPort)           {}
      |                                 ~~~~^~~~~~~~
D:/HT9045/_integ_ioweb/HT9011UC_Cpp_V3.33.906.0/Motor/HTMotor.h: In member function 'virtual void HTMotor::MotOutputOff(int)':
D:/HT9045/_integ_ioweb/HT9011UC_Cpp_V3.33.906.0/Motor/HTMotor.h:192:38: warning: unused parameter 'iOutPort' [-Wunused-parameter]
  192 |     virtual void    MotOutputOff(int iOutPort)          {}
      |                                  ~~~~^~~~~~~~
D:/HT9045/_integ_ioweb/HT9011UC_Cpp_V3.33.906.0/Motor/HTMotor.h: In member function 'virtual void HTMotor::MotInputStatus(bool*)':
D:/HT9045/_integ_ioweb/HT9011UC_Cpp_V3.33.906.0/Motor/HTMotor.h:193:42: warning: unused parameter 'bInputPort' [-Wunused-parameter]
  193 |     virtual void    MotInputStatus(bool *bInputPort)    {}
      |                                    ~~~~~~^~~~~~~~~~
D:/HT9045/_integ_ioweb/HT9011UC_Cpp_V3.33.906.0/Motor/HTMotor.h: In member function 'virtual void HTMotor::EnableTrigger(bool, int, long int)':
D:/HT9045/_integ_ioweb/HT9011UC_Cpp_V3.33.906.0/Motor/HTMotor.h:194:40: warning: unused parameter 'bFlag' [-Wunused-parameter]
  194 |     virtual void    EnableTrigger(bool bFlag, int iMode, long lValue) {}
      |                                   ~~~~~^~~~~
D:/HT9045/_integ_ioweb/HT9011UC_Cpp_V3.33.906.0/Motor/HTMotor.h:194:51: warning: unused parameter 'iMode' [-Wunused-parameter]
  194 |     virtual void    EnableTrigger(bool bFlag, int iMode, long lValue) {}
      |                                               ~~~~^~~~~
D:/HT9045/_integ_ioweb/HT9011UC_Cpp_V3.33.906.0/Motor/HTMotor.h:194:63: warning: unused parameter 'lValue' [-Wunused-parameter]
  194 |     virtual void    EnableTrigger(bool bFlag, int iMode, long lValue) {}
      |                                                          ~~~~~^~~~~~
D:/HT9045/_integ_ioweb/HT9011UC_Cpp_V3.33.906.0/Motor/HTMotor.h: In member function 'virtual void HTMotor::ScanMotorStatus(bool*)':
D:/HT9045/_integ_ioweb/HT9011UC_Cpp_V3.33.906.0/Motor/HTMotor.h:195:43: warning: unused parameter 'Led' [-Wunused-parameter]
  195 |     virtual void    ScanMotorStatus(bool *Led)          {}
      |                                     ~~~~~~^~~
D:/HT9045/_integ_ioweb/HT9011UC_Cpp_V3.33.906.0/Motor/HTMotor.h: In member function 'virtual bool HTMotor::LinearAxisMoveTo(int*, long int*, bool)':
D:/HT9045/_integ_ioweb/HT9011UC_Cpp_V3.33.906.0/Motor/HTMotor.h:196:42: warning: unused parameter 'iPortID' [-Wunused-parameter]
  196 |     virtual bool    LinearAxisMoveTo(int iPortID[8], long lPos[8], bool bFlag)
      |                                      ~~~~^~~~~~~~~~
D:/HT9045/_integ_ioweb/HT9011UC_Cpp_V3.33.906.0/Motor/HTMotor.h:196:59: warning: unused parameter 'lPos' [-Wunused-parameter]
  196 |     virtual bool    LinearAxisMoveTo(int iPortID[8], long lPos[8], bool bFlag)
      |                                                      ~~~~~^~~~~~~
D:/HT9045/_integ_ioweb/HT9011UC_Cpp_V3.33.906.0/Motor/HTMotor.h:196:73: warning: unused parameter 'bFlag' [-Wunused-parameter]
  196 |     virtual bool    LinearAxisMoveTo(int iPortID[8], long lPos[8], bool bFlag)
      |                                                                    ~~~~~^~~~~
D:/HT9045/_integ_ioweb/HT9011UC_Cpp_V3.33.906.0/Motor/HTMotor.h: In member function 'virtual void HTMotor::SetEnableLatch(bool)':
D:/HT9045/_integ_ioweb/HT9011UC_Cpp_V3.33.906.0/Motor/HTMotor.h:202:41: warning: unused parameter 'a' [-Wunused-parameter]
  202 |     virtual void    SetEnableLatch(bool a)              {}
      |                                    ~~~~~^
D:/HT9045/_integ_ioweb/HT9011UC_Cpp_V3.33.906.0/Motor/HTMotor.h: In member function 'virtual int HTMotor::GetLatchBuffer(int, short unsigned int*, long int*)':
D:/HT9045/_integ_ioweb/HT9011UC_Cpp_V3.33.906.0/Motor/HTMotor.h:205:40: warning: unused parameter 'LatchInputNo' [-Wunused-parameter]
  205 |     virtual int     GetLatchBuffer(int LatchInputNo,
      |                                    ~~~~^~~~~~~~~~~~
D:/HT9045/_integ_ioweb/HT9011UC_Cpp_V3.33.906.0/Motor/HTMotor.h:206:52: warning: unused parameter 'AxisCounterNo' [-Wunused-parameter]
  206 |                                    unsigned short *AxisCounterNo,
      |                                    ~~~~~~~~~~~~~~~~^~~~~~~~~~~~~
D:/HT9045/_integ_ioweb/HT9011UC_Cpp_V3.33.906.0/Motor/HTMotor.h:207:42: warning: unused parameter 'LatchDataTable' [-Wunused-parameter]
  207 |                                    long *LatchDataTable)        { return 0; }
      |                                    ~~~~~~^~~~~~~~~~~~~~
D:/HT9045/_integ_ioweb/HT9011UC_Cpp_V3.33.906.0/Motor/HTMotor.h: In member function 'virtual int HTMotor::GetLatchBuffer(int, short int*, long int*)':
D:/HT9045/_integ_ioweb/HT9011UC_Cpp_V3.33.906.0/Motor/HTMotor.h:208:40: warning: unused parameter 'LatchInputNo' [-Wunused-parameter]
  208 |     virtual int     GetLatchBuffer(int LatchInputNo,
      |                                    ~~~~^~~~~~~~~~~~
D:/HT9045/_integ_ioweb/HT9011UC_Cpp_V3.33.906.0/Motor/HTMotor.h:209:43: warning: unused parameter 'AxisCounterNo' [-Wunused-parameter]
  209 |                                    short *AxisCounterNo,
      |                                    ~~~~~~~^~~~~~~~~~~~~
D:/HT9045/_integ_ioweb/HT9011UC_Cpp_V3.33.906.0/Motor/HTMotor.h:210:42: warning: unused parameter 'LatchDataTable' [-Wunused-parameter]
  210 |                                    long *LatchDataTable)        { return 0; }
      |                                    ~~~~~~^~~~~~~~~~~~~~
D:/HT9045/_integ_ioweb/HT9011UC_Cpp_V3.33.906.0/Motor/HTMotor.h: In member function 'virtual bool HTMotor::GetLatchIOStatus(short unsigned int)':
D:/HT9045/_integ_ioweb/HT9011UC_Cpp_V3.33.906.0/Motor/HTMotor.h:211:53: warning: unused parameter 'LatchInputNo' [-Wunused-parameter]
  211 |     virtual bool    GetLatchIOStatus(unsigned short LatchInputNo) { return false; }
      |                                      ~~~~~~~~~~~~~~~^~~~~~~~~~~~
D:/HT9045/_integ_ioweb/HT9011UC_Cpp_V3.33.906.0/Motor/HTMotor.h: In member function 'virtual void HTMotor::SetFIFOLatchSrc(int, int, int)':
D:/HT9045/_integ_ioweb/HT9011UC_Cpp_V3.33.906.0/Motor/HTMotor.h:212:41: warning: unused parameter 'AxisCounterNo' [-Wunused-parameter]
  212 |     virtual void    SetFIFOLatchSrc(int AxisCounterNo,
      |                                     ~~~~^~~~~~~~~~~~~
D:/HT9045/_integ_ioweb/HT9011UC_Cpp_V3.33.906.0/Motor/HTMotor.h:213:41: warning: unused parameter 'LatchInputNo' [-Wunused-parameter]
  213 |                                     int LatchInputNo,
      |                                     ~~~~^~~~~~~~~~~~
D:/HT9045/_integ_ioweb/HT9011UC_Cpp_V3.33.906.0/Motor/HTMotor.h:214:41: warning: unused parameter 'bEnable' [-Wunused-parameter]
  214 |                                     int bEnable)        {}  // ChungHung 20130625: Enable->bEnable
      |                                     ~~~~^~~~~~~
D:/HT9045/_integ_ioweb/HT9011UC_Cpp_V3.33.906.0/Motor/HTMotor.h: In member function 'virtual int HTMotor::SetGroup(BYTE, BYTE, BYTE*)':
D:/HT9045/_integ_ioweb/HT9011UC_Cpp_V3.33.906.0/Motor/HTMotor.h:219:35: warning: unused parameter 'bGrpNo' [-Wunused-parameter]
  219 |     virtual int     SetGroup(BYTE bGrpNo, BYTE bNumDev, BYTE bDevNo[])
      |                              ~~~~~^~~~~~
D:/HT9045/_integ_ioweb/HT9011UC_Cpp_V3.33.906.0/Motor/HTMotor.h:219:48: warning: unused parameter 'bNumDev' [-Wunused-parameter]
  219 |     virtual int     SetGroup(BYTE bGrpNo, BYTE bNumDev, BYTE bDevNo[])
      |                                           ~~~~~^~~~~~~
D:/HT9045/_integ_ioweb/HT9011UC_Cpp_V3.33.906.0/Motor/HTMotor.h:219:62: warning: unused parameter 'bDevNo' [-Wunused-parameter]
  219 |     virtual int     SetGroup(BYTE bGrpNo, BYTE bNumDev, BYTE bDevNo[])
      |                                                         ~~~~~^~~~~~~~
D:/HT9045/_integ_ioweb/HT9011UC_Cpp_V3.33.906.0/Motor/HTMotor.h: In member function 'virtual int HTMotor::LineNMove(BYTE*, long int*, BYTE)':
D:/HT9045/_integ_ioweb/HT9011UC_Cpp_V3.33.906.0/Motor/HTMotor.h:221:36: warning: unused parameter 'bDevNo' [-Wunused-parameter]
  221 |     virtual int     LineNMove(BYTE bDevNo[], long DevPos[], BYTE bNumDev)
      |                               ~~~~~^~~~~~~~
D:/HT9045/_integ_ioweb/HT9011UC_Cpp_V3.33.906.0/Motor/HTMotor.h:221:51: warning: unused parameter 'DevPos' [-Wunused-parameter]
  221 |     virtual int     LineNMove(BYTE bDevNo[], long DevPos[], BYTE bNumDev)
      |                                              ~~~~~^~~~~~~~
D:/HT9045/_integ_ioweb/HT9011UC_Cpp_V3.33.906.0/Motor/HTMotor.h:221:66: warning: unused parameter 'bNumDev' [-Wunused-parameter]
  221 |     virtual int     LineNMove(BYTE bDevNo[], long DevPos[], BYTE bNumDev)
      |                                                             ~~~~~^~~~~~~
D:/HT9045/_integ_ioweb/HT9011UC_Cpp_V3.33.906.0/cmydef.h:4732:1: warning: anonymous non-C-compatible type given name for linkage purposes by 'typedef' declaration [-Wnon-c-typedef-for-linkage]
 4732 | {
      | ^
      | MySiteData
D:/HT9045/_integ_ioweb/HT9011UC_Cpp_V3.33.906.0/cmydef.h:4736:10: note: type is not C-compatible because it contains 'void MySiteData::SetData(int, int)' declaration
 4736 |     void SetData(int X, int Y)
      |          ^~~~~~~
D:/HT9045/_integ_ioweb/HT9011UC_Cpp_V3.33.906.0/cmydef.h:4747:1: warning: anonymous non-C-compatible type given name for linkage purposes by 'typedef' declaration [-Wnon-c-typedef-for-linkage]
 4747 | {
      | ^
      | MyNextTrayNeedManualRemoveTray
D:/HT9045/_integ_ioweb/HT9011UC_Cpp_V3.33.906.0/cmydef.h:4753:10: note: type is not C-compatible because it contains 'void MyNextTrayNeedManualRemoveTray::Clear()' declaration
 4753 |     void Clear()
      |          ^~~~~
[100%] Building CXX object tests/CMakeFiles/test_e023_statusev.dir/__/FileRW/CfgTrayPlate.cpp.obj
D:/HT9045/_integ_ioweb/HT9011UC_Cpp_V3.33.906.0/Public/HTEditList.h:429:1: warning: anonymous non-C-compatible type given name for linkage purposes by 'typedef' declaration [-Wnon-c-typedef-for-linkage]
  429 | {
      | ^
      | ArmAndSuckInfo
D:/HT9045/_integ_ioweb/HT9011UC_Cpp_V3.33.906.0/Public/HTEditList.h:438:10: note: type is not C-compatible because it contains 'void ArmAndSuckInfo::Clear()' declaration
  438 |     void Clear()
      |          ^~~~~
D:/HT9045/_integ_ioweb/HT9011UC_Cpp_V3.33.906.0/Public/HTEditList.h:454:1: warning: anonymous non-C-compatible type given name for linkage purposes by 'typedef' declaration [-Wnon-c-typedef-for-linkage]
  454 | {
      | ^
      | SingleSuckPosOnTray
D:/HT9045/_integ_ioweb/HT9011UC_Cpp_V3.33.906.0/Public/HTEditList.h:462:10: note: type is not C-compatible because it contains 'void SingleSuckPosOnTray::Clear()' declaration
  462 |     void Clear()
      |          ^~~~~
D:/HT9045/_integ_ioweb/HT9011UC_Cpp_V3.33.906.0/Public/HTEditList.h:475:1: warning: anonymous non-C-compatible type given name for linkage purposes by 'typedef' declaration [-Wnon-c-typedef-for-linkage]
  475 | {
      | ^
      | MyFillTheTrayAfterOutArmPlace
D:/HT9045/_integ_ioweb/HT9011UC_Cpp_V3.33.906.0/Public/HTEditList.h:479:10: note: type is not C-compatible because it contains 'void MyFillTheTrayAfterOutArmPlace::Clear()' declaration
  479 |     void Clear()
      |          ^~~~~
D:/HT9045/_integ_ioweb/HT9011UC_Cpp_V3.33.906.0/Public/HTEditList.h:488:1: warning: anonymous non-C-compatible type given name for linkage purposes by 'typedef' declaration [-Wnon-c-typedef-for-linkage]
  488 | {
      | ^
      | PickPlaceByArm
D:/HT9045/_integ_ioweb/HT9011UC_Cpp_V3.33.906.0/Public/HTEditList.h:491:10: note: type is not C-compatible because it contains 'void PickPlaceByArm::Clear()' declaration
  491 |     void Clear()
      |          ^~~~~
D:\HT9045\_integ_ioweb\HT9011UC_Cpp_V3.33.906.0\tests\test_bootstrap.cpp:66:16: warning: 'int _putenv(const char*)' redeclared without dllimport attribute: previous dllimport ignored [-Wattributes]
   66 | extern "C" int _putenv(const char *);
      |                ^~~~~~~
In file included from D:/HT9045/_integ_ioweb/HT9011UC_Cpp_V3.33.906.0/cmydef.h:10,
                 from D:/HT9045/_integ_ioweb/HT9011UC_Cpp_V3.33.906.0/Public/HTEditList.h:113,
                 from D:/HT9045/_integ_ioweb/HT9011UC_Cpp_V3.33.906.0/FileRW/_EditList.h:27,
                 from D:\HT9045\_integ_ioweb\HT9011UC_Cpp_V3.33.906.0\FileRW\_EditPage.cpp:14:
D:/HT9045/_integ_ioweb/HT9011UC_Cpp_V3.33.906.0/cprod.h:3307:1: warning: anonymous non-C-compatible type given name for linkage purposes by 'typedef' declaration [-Wnon-c-typedef-for-linkage]
 3307 | {
      | ^
      | MyIndexArmRec
D:/HT9045/_integ_ioweb/HT9011UC_Cpp_V3.33.906.0/cprod.h:3311:10: note: type is not C-compatible because it contains 'void MyIndexArmRec::Clear()' declaration
 3311 |     void Clear();
      |          ^~~~~
In file included from D:/HT9045/_integ_ioweb/HT9011UC_Cpp_V3.33.906.0/cmydef.h:10,
                 from D:\HT9045\_integ_ioweb\HT9011UC_Cpp_V3.33.906.0\JsonBridge\actions\MainClarnData.cpp:17:
D:/HT9045/_integ_ioweb/HT9011UC_Cpp_V3.33.906.0/cprod.h:3307:1: warning: anonymous non-C-compatible type given name for linkage purposes by 'typedef' declaration [-Wnon-c-typedef-for-linkage]
 3307 | {
      | ^
      | MyIndexArmRec
D:/HT9045/_integ_ioweb/HT9011UC_Cpp_V3.33.906.0/cprod.h:3311:10: note: type is not C-compatible because it contains 'void MyIndexArmRec::Clear()' declaration
 3311 |     void Clear();
      |          ^~~~~
D:/HT9045/_integ_ioweb/HT9011UC_Cpp_V3.33.906.0/cmydef.h:4732:1: warning: anonymous non-C-compatible type given name for linkage purposes by 'typedef' declaration [-Wnon-c-typedef-for-linkage]
 4732 | {
      | ^
      | MySiteData
D:/HT9045/_integ_ioweb/HT9011UC_Cpp_V3.33.906.0/cmydef.h:4736:10: note: type is not C-compatible because it contains 'void MySiteData::SetData(int, int)' declaration
 4736 |     void SetData(int X, int Y)
      |          ^~~~~~~
D:/HT9045/_integ_ioweb/HT9011UC_Cpp_V3.33.906.0/cmydef.h:4747:1: warning: anonymous non-C-compatible type given name for linkage purposes by 'typedef' declaration [-Wnon-c-typedef-for-linkage]
 4747 | {
      | ^
      | MyNextTrayNeedManualRemoveTray
D:/HT9045/_integ_ioweb/HT9011UC_Cpp_V3.33.906.0/cmydef.h:4753:10: note: type is not C-compatible because it contains 'void MyNextTrayNeedManualRemoveTray::Clear()' declaration
 4753 |     void Clear()
      |          ^~~~~
D:/HT9045/_integ_ioweb/HT9011UC_Cpp_V3.33.906.0/Public/HTEditList.h:429:1: warning: anonymous non-C-compatible type given name for linkage purposes by 'typedef' declaration [-Wnon-c-typedef-for-linkage]
  429 | {
      | ^
      | ArmAndSuckInfo
D:/HT9045/_integ_ioweb/HT9011UC_Cpp_V3.33.906.0/Public/HTEditList.h:438:10: note: type is not C-compatible because it contains 'void ArmAndSuckInfo::Clear()' declaration
  438 |     void Clear()
      |          ^~~~~
D:/HT9045/_integ_ioweb/HT9011UC_Cpp_V3.33.906.0/Public/HTEditList.h:454:1: warning: anonymous non-C-compatible type given name for linkage purposes by 'typedef' declaration [-Wnon-c-typedef-for-linkage]
  454 | {
      | ^
      | SingleSuckPosOnTray
D:/HT9045/_integ_ioweb/HT9011UC_Cpp_V3.33.906.0/Public/HTEditList.h:462:10: note: type is not C-compatible because it contains 'void SingleSuckPosOnTray::Clear()' declaration
  462 |     void Clear()
      |          ^~~~~
D:/HT9045/_integ_ioweb/HT9011UC_Cpp_V3.33.906.0/Public/HTEditList.h:475:1: warning: anonymous non-C-compatible type given name for linkage purposes by 'typedef' declaration [-Wnon-c-typedef-for-linkage]
  475 | {
      | ^
      | MyFillTheTrayAfterOutArmPlace
D:/HT9045/_integ_ioweb/HT9011UC_Cpp_V3.33.906.0/Public/HTEditList.h:479:10: note: type is not C-compatible because it contains 'void MyFillTheTrayAfterOutArmPlace::Clear()' declaration
  479 |     void Clear()
      |          ^~~~~
D:/HT9045/_integ_ioweb/HT9011UC_Cpp_V3.33.906.0/Public/HTEditList.h:488:1: warning: anonymous non-C-compatible type given name for linkage purposes by 'typedef' declaration [-Wnon-c-typedef-for-linkage]
  488 | {
      | ^
      | PickPlaceByArm
D:/HT9045/_integ_ioweb/HT9011UC_Cpp_V3.33.906.0/Public/HTEditList.h:491:10: note: type is not C-compatible because it contains 'void PickPlaceByArm::Clear()' declaration
  491 |     void Clear()
      |          ^~~~~
D:/HT9045/_integ_ioweb/HT9011UC_Cpp_V3.33.906.0/cmydef.h:4732:1: warning: anonymous non-C-compatible type given name for linkage purposes by 'typedef' declaration [-Wnon-c-typedef-for-linkage]
 4732 | {
      | ^
      | MySiteData
D:/HT9045/_integ_ioweb/HT9011UC_Cpp_V3.33.906.0/cmydef.h:4736:10: note: type is not C-compatible because it contains 'void MySiteData::SetData(int, int)' declaration
 4736 |     void SetData(int X, int Y)
      |          ^~~~~~~
D:/HT9045/_integ_ioweb/HT9011UC_Cpp_V3.33.906.0/cmydef.h:4747:1: warning: anonymous non-C-compatible type given name for linkage purposes by 'typedef' declaration [-Wnon-c-typedef-for-linkage]
 4747 | {
      | ^
      | MyNextTrayNeedManualRemoveTray
D:/HT9045/_integ_ioweb/HT9011UC_Cpp_V3.33.906.0/cmydef.h:4753:10: note: type is not C-compatible because it contains 'void MyNextTrayNeedManualRemoveTray::Clear()' declaration
 4753 |     void Clear()
      |          ^~~~~
[100%] Building CXX object tests/CMakeFiles/test_e023_statusev.dir/__/FileRW/_FormEvent.cpp.obj
[100%] Built target test_settemp_save
[100%] Building CXX object tests/CMakeFiles/test_e023_statusev.dir/__/FileRW/_EditList.cpp.obj
[100%] Built target test_adam6024_pressure
[100%] Building CXX object tests/CMakeFiles/test_e023_statusev.dir/__/FileRW/_EditPage.cpp.obj
[100%] Building CXX object tests/CMakeFiles/test_e023_statusev.dir/__/FileRW/_KitSuck.cpp.obj
In file included from D:/HT9045/_integ_ioweb/HT9011UC_Cpp_V3.33.906.0/cmydef.h:10,
                 from D:/HT9045/_integ_ioweb/HT9011UC_Cpp_V3.33.906.0/Public/HTEditList.h:113,
                 from D:/HT9045/_integ_ioweb/HT9011UC_Cpp_V3.33.906.0/FileRW/_EditList.h:27,
                 from D:\HT9045\_integ_ioweb\HT9011UC_Cpp_V3.33.906.0\FileRW\Teach.cpp:39:
D:/HT9045/_integ_ioweb/HT9011UC_Cpp_V3.33.906.0/cprod.h:3307:1: warning: anonymous non-C-compatible type given name for linkage purposes by 'typedef' declaration [-Wnon-c-typedef-for-linkage]
 3307 | {
      | ^
      | MyIndexArmRec
D:/HT9045/_integ_ioweb/HT9011UC_Cpp_V3.33.906.0/cprod.h:3311:10: note: type is not C-compatible because it contains 'void MyIndexArmRec::Clear()' declaration
 3311 |     void Clear();
      |          ^~~~~
D:/HT9045/_integ_ioweb/HT9011UC_Cpp_V3.33.906.0/cmydef.h:4732:1: warning: anonymous non-C-compatible type given name for linkage purposes by 'typedef' declaration [-Wnon-c-typedef-for-linkage]
 4732 | {
      | ^
      | MySiteData
D:/HT9045/_integ_ioweb/HT9011UC_Cpp_V3.33.906.0/cmydef.h:4736:10: note: type is not C-compatible because it contains 'void MySiteData::SetData(int, int)' declaration
 4736 |     void SetData(int X, int Y)
      |          ^~~~~~~
D:/HT9045/_integ_ioweb/HT9011UC_Cpp_V3.33.906.0/cmydef.h:4747:1: warning: anonymous non-C-compatible type given name for linkage purposes by 'typedef' declaration [-Wnon-c-typedef-for-linkage]
 4747 | {
      | ^
      | MyNextTrayNeedManualRemoveTray
D:/HT9045/_integ_ioweb/HT9011UC_Cpp_V3.33.906.0/cmydef.h:4753:10: note: type is not C-compatible because it contains 'void MyNextTrayNeedManualRemoveTray::Clear()' declaration
 4753 |     void Clear()
      |          ^~~~~
D:/HT9045/_integ_ioweb/HT9011UC_Cpp_V3.33.906.0/Public/HTEditList.h:429:1: warning: anonymous non-C-compatible type given name for linkage purposes by 'typedef' declaration [-Wnon-c-typedef-for-linkage]
  429 | {
      | ^
      | ArmAndSuckInfo
D:/HT9045/_integ_ioweb/HT9011UC_Cpp_V3.33.906.0/Public/HTEditList.h:438:10: note: type is not C-compatible because it contains 'void ArmAndSuckInfo::Clear()' declaration
  438 |     void Clear()
      |          ^~~~~
D:/HT9045/_integ_ioweb/HT9011UC_Cpp_V3.33.906.0/Public/HTEditList.h:454:1: warning: anonymous non-C-compatible type given name for linkage purposes by 'typedef' declaration [-Wnon-c-typedef-for-linkage]
  454 | {
      | ^
      | SingleSuckPosOnTray
D:/HT9045/_integ_ioweb/HT9011UC_Cpp_V3.33.906.0/Public/HTEditList.h:462:10: note: type is not C-compatible because it contains 'void SingleSuckPosOnTray::Clear()' declaration
  462 |     void Clear()
      |          ^~~~~
D:/HT9045/_integ_ioweb/HT9011UC_Cpp_V3.33.906.0/Public/HTEditList.h:475:1: warning: anonymous non-C-compatible type given name for linkage purposes by 'typedef' declaration [-Wnon-c-typedef-for-linkage]
  475 | {
      | ^
      | MyFillTheTrayAfterOutArmPlace
D:/HT9045/_integ_ioweb/HT9011UC_Cpp_V3.33.906.0/Public/HTEditList.h:479:10: note: type is not C-compatible because it contains 'void MyFillTheTrayAfterOutArmPlace::Clear()' declaration
  479 |     void Clear()
      |          ^~~~~
D:/HT9045/_integ_ioweb/HT9011UC_Cpp_V3.33.906.0/Public/HTEditList.h:488:1: warning: anonymous non-C-compatible type given name for linkage purposes by 'typedef' declaration [-Wnon-c-typedef-for-linkage]
  488 | {
      | ^
      | PickPlaceByArm
D:/HT9045/_integ_ioweb/HT9011UC_Cpp_V3.33.906.0/Public/HTEditList.h:491:10: note: type is not C-compatible because it contains 'void PickPlaceByArm::Clear()' declaration
  491 |     void Clear()
      |          ^~~~~
In file included from D:\HT9045\_integ_ioweb\HT9011UC_Cpp_V3.33.906.0\cmydef.h:10,
                 from D:\HT9045\_integ_ioweb\HT9011UC_Cpp_V3.33.906.0\GearRatioLive.cpp:31:
D:\HT9045\_integ_ioweb\HT9011UC_Cpp_V3.33.906.0\cprod.h:3307:1: warning: anonymous non-C-compatible type given name for linkage purposes by 'typedef' declaration [-Wnon-c-typedef-for-linkage]
 3307 | {
      | ^
      | MyIndexArmRec
D:\HT9045\_integ_ioweb\HT9011UC_Cpp_V3.33.906.0\cprod.h:3311:10: note: type is not C-compatible because it contains 'void MyIndexArmRec::Clear()' declaration
 3311 |     void Clear();
      |          ^~~~~
D:\HT9045\_integ_ioweb\HT9011UC_Cpp_V3.33.906.0\cmydef.h:4732:1: warning: anonymous non-C-compatible type given name for linkage purposes by 'typedef' declaration [-Wnon-c-typedef-for-linkage]
 4732 | {
      | ^
      | MySiteData
D:\HT9045\_integ_ioweb\HT9011UC_Cpp_V3.33.906.0\cmydef.h:4736:10: note: type is not C-compatible because it contains 'void MySiteData::SetData(int, int)' declaration
 4736 |     void SetData(int X, int Y)
      |          ^~~~~~~
D:\HT9045\_integ_ioweb\HT9011UC_Cpp_V3.33.906.0\cmydef.h:4747:1: warning: anonymous non-C-compatible type given name for linkage purposes by 'typedef' declaration [-Wnon-c-typedef-for-linkage]
 4747 | {
      | ^
      | MyNextTrayNeedManualRemoveTray
D:\HT9045\_integ_ioweb\HT9011UC_Cpp_V3.33.906.0\cmydef.h:4753:10: note: type is not C-compatible because it contains 'void MyNextTrayNeedManualRemoveTray::Clear()' declaration
 4753 |     void Clear()
      |          ^~~~~
In file included from D:/HT9045/_integ_ioweb/HT9011UC_Cpp_V3.33.906.0/cmydef.h:10,
                 from D:\HT9045\_integ_ioweb\HT9011UC_Cpp_V3.33.906.0\FileRW\TeachKb.cpp:23:
D:/HT9045/_integ_ioweb/HT9011UC_Cpp_V3.33.906.0/cprod.h:3307:1: warning: anonymous non-C-compatible type given name for linkage purposes by 'typedef' declaration [-Wnon-c-typedef-for-linkage]
 3307 | {
      | ^
      | MyIndexArmRec
D:/HT9045/_integ_ioweb/HT9011UC_Cpp_V3.33.906.0/cprod.h:3311:10: note: type is not C-compatible because it contains 'void MyIndexArmRec::Clear()' declaration
 3311 |     void Clear();
      |          ^~~~~
D:/HT9045/_integ_ioweb/HT9011UC_Cpp_V3.33.906.0/cmydef.h:4732:1: warning: anonymous non-C-compatible type given name for linkage purposes by 'typedef' declaration [-Wnon-c-typedef-for-linkage]
 4732 | {
      | ^
      | MySiteData
D:/HT9045/_integ_ioweb/HT9011UC_Cpp_V3.33.906.0/cmydef.h:4736:10: note: type is not C-compatible because it contains 'void MySiteData::SetData(int, int)' declaration
 4736 |     void SetData(int X, int Y)
      |          ^~~~~~~
D:/HT9045/_integ_ioweb/HT9011UC_Cpp_V3.33.906.0/cmydef.h:4747:1: warning: anonymous non-C-compatible type given name for linkage purposes by 'typedef' declaration [-Wnon-c-typedef-for-linkage]
 4747 | {
      | ^
      | MyNextTrayNeedManualRemoveTray
D:/HT9045/_integ_ioweb/HT9011UC_Cpp_V3.33.906.0/cmydef.h:4753:10: note: type is not C-compatible because it contains 'void MyNextTrayNeedManualRemoveTray::Clear()' declaration
 4753 |     void Clear()
      |          ^~~~~
In file included from D:\HT9045\_integ_ioweb\HT9011UC_Cpp_V3.33.906.0\GearRatioLive.cpp:38:
D:\HT9045\_integ_ioweb\HT9011UC_Cpp_V3.33.906.0\Public/HTEditList.h:429:1: warning: anonymous non-C-compatible type given name for linkage purposes by 'typedef' declaration [-Wnon-c-typedef-for-linkage]
  429 | {
      | ^
      | ArmAndSuckInfo
D:\HT9045\_integ_ioweb\HT9011UC_Cpp_V3.33.906.0\Public/HTEditList.h:438:10: note: type is not C-compatible because it contains 'void ArmAndSuckInfo::Clear()' declaration
  438 |     void Clear()
      |          ^~~~~
D:\HT9045\_integ_ioweb\HT9011UC_Cpp_V3.33.906.0\Public/HTEditList.h:454:1: warning: anonymous non-C-compatible type given name for linkage purposes by 'typedef' declaration [-Wnon-c-typedef-for-linkage]
  454 | {
      | ^
      | SingleSuckPosOnTray
D:\HT9045\_integ_ioweb\HT9011UC_Cpp_V3.33.906.0\Public/HTEditList.h:462:10: note: type is not C-compatible because it contains 'void SingleSuckPosOnTray::Clear()' declaration
  462 |     void Clear()
      |          ^~~~~
D:\HT9045\_integ_ioweb\HT9011UC_Cpp_V3.33.906.0\Public/HTEditList.h:475:1: warning: anonymous non-C-compatible type given name for linkage purposes by 'typedef' declaration [-Wnon-c-typedef-for-linkage]
  475 | {
      | ^
      | MyFillTheTrayAfterOutArmPlace
D:\HT9045\_integ_ioweb\HT9011UC_Cpp_V3.33.906.0\Public/HTEditList.h:479:10: note: type is not C-compatible because it contains 'void MyFillTheTrayAfterOutArmPlace::Clear()' declaration
  479 |     void Clear()
      |          ^~~~~
D:\HT9045\_integ_ioweb\HT9011UC_Cpp_V3.33.906.0\Public/HTEditList.h:488:1: warning: anonymous non-C-compatible type given name for linkage purposes by 'typedef' declaration [-Wnon-c-typedef-for-linkage]
  488 | {
      | ^
      | PickPlaceByArm
D:\HT9045\_integ_ioweb\HT9011UC_Cpp_V3.33.906.0\Public/HTEditList.h:491:10: note: type is not C-compatible because it contains 'void PickPlaceByArm::Clear()' declaration
  491 |     void Clear()
      |          ^~~~~
[100%] Building CXX object tests/CMakeFiles/test_e023_statusev.dir/test_bootstrap.cpp.obj
In file included from D:/HT9045/_integ_ioweb/HT9011UC_Cpp_V3.33.906.0/cmydef.h:10,
                 from D:/HT9045/_integ_ioweb/HT9011UC_Cpp_V3.33.906.0/Public/HTEditList.h:113,
                 from D:/HT9045/_integ_ioweb/HT9011UC_Cpp_V3.33.906.0/FileRW/_EditList.h:27,
                 from D:/HT9045/_integ_ioweb/HT9011UC_Cpp_V3.33.906.0/FileRW/TestIF_File_Cleaning.gen.inc:9,
                 from D:\HT9045\_integ_ioweb\HT9011UC_Cpp_V3.33.906.0\FileRW\TestIF_File_Cleaning.cpp:66:
D:/HT9045/_integ_ioweb/HT9011UC_Cpp_V3.33.906.0/cprod.h:3307:1: warning: anonymous non-C-compatible type given name for linkage purposes by 'typedef' declaration [-Wnon-c-typedef-for-linkage]
 3307 | {
      | ^
      | MyIndexArmRec
D:/HT9045/_integ_ioweb/HT9011UC_Cpp_V3.33.906.0/cprod.h:3311:10: note: type is not C-compatible because it contains 'void MyIndexArmRec::Clear()' declaration
 3311 |     void Clear();
      |          ^~~~~
D:/HT9045/_integ_ioweb/HT9011UC_Cpp_V3.33.906.0/cmydef.h:4732:1: warning: anonymous non-C-compatible type given name for linkage purposes by 'typedef' declaration [-Wnon-c-typedef-for-linkage]
 4732 | {
      | ^
      | MySiteData
D:/HT9045/_integ_ioweb/HT9011UC_Cpp_V3.33.906.0/cmydef.h:4736:10: note: type is not C-compatible because it contains 'void MySiteData::SetData(int, int)' declaration
 4736 |     void SetData(int X, int Y)
      |          ^~~~~~~
D:/HT9045/_integ_ioweb/HT9011UC_Cpp_V3.33.906.0/cmydef.h:4747:1: warning: anonymous non-C-compatible type given name for linkage purposes by 'typedef' declaration [-Wnon-c-typedef-for-linkage]
 4747 | {
      | ^
      | MyNextTrayNeedManualRemoveTray
D:/HT9045/_integ_ioweb/HT9011UC_Cpp_V3.33.906.0/cmydef.h:4753:10: note: type is not C-compatible because it contains 'void MyNextTrayNeedManualRemoveTray::Clear()' declaration
 4753 |     void Clear()
      |          ^~~~~
D:/HT9045/_integ_ioweb/HT9011UC_Cpp_V3.33.906.0/Public/HTEditList.h:429:1: warning: anonymous non-C-compatible type given name for linkage purposes by 'typedef' declaration [-Wnon-c-typedef-for-linkage]
  429 | {
      | ^
      | ArmAndSuckInfo
D:/HT9045/_integ_ioweb/HT9011UC_Cpp_V3.33.906.0/Public/HTEditList.h:438:10: note: type is not C-compatible because it contains 'void ArmAndSuckInfo::Clear()' declaration
  438 |     void Clear()
      |          ^~~~~
D:/HT9045/_integ_ioweb/HT9011UC_Cpp_V3.33.906.0/Public/HTEditList.h:454:1: warning: anonymous non-C-compatible type given name for linkage purposes by 'typedef' declaration [-Wnon-c-typedef-for-linkage]
  454 | {
      | ^
      | SingleSuckPosOnTray
D:/HT9045/_integ_ioweb/HT9011UC_Cpp_V3.33.906.0/Public/HTEditList.h:462:10: note: type is not C-compatible because it contains 'void SingleSuckPosOnTray::Clear()' declaration
  462 |     void Clear()
      |          ^~~~~
D:/HT9045/_integ_ioweb/HT9011UC_Cpp_V3.33.906.0/Public/HTEditList.h:475:1: warning: anonymous non-C-compatible type given name for linkage purposes by 'typedef' declaration [-Wnon-c-typedef-for-linkage]
  475 | {
      | ^
      | MyFillTheTrayAfterOutArmPlace
D:/HT9045/_integ_ioweb/HT9011UC_Cpp_V3.33.906.0/Public/HTEditList.h:479:10: note: type is not C-compatible because it contains 'void MyFillTheTrayAfterOutArmPlace::Clear()' declaration
  479 |     void Clear()
      |          ^~~~~
D:/HT9045/_integ_ioweb/HT9011UC_Cpp_V3.33.906.0/Public/HTEditList.h:488:1: warning: anonymous non-C-compatible type given name for linkage purposes by 'typedef' declaration [-Wnon-c-typedef-for-linkage]
  488 | {
      | ^
      | PickPlaceByArm
D:/HT9045/_integ_ioweb/HT9011UC_Cpp_V3.33.906.0/Public/HTEditList.h:491:10: note: type is not C-compatible because it contains 'void PickPlaceByArm::Clear()' declaration
  491 |     void Clear()
      |          ^~~~~
In file included from D:/HT9045/_integ_ioweb/HT9011UC_Cpp_V3.33.906.0/FileRW/TestIF_File_Cleaning.gen.inc:21:
D:/HT9045/_integ_ioweb/HT9011UC_Cpp_V3.33.906.0/forms/fSetup.h:464:5: warning: anonymous non-C-compatible type given name for linkage purposes by 'typedef' declaration [-Wnon-c-typedef-for-linkage]
  464 |     {
      |     ^
      |     SetUpShuttleMode
D:/HT9045/_integ_ioweb/HT9011UC_Cpp_V3.33.906.0/forms/fSetup.h:469:14: note: type is not C-compatible because it contains 'void SetUpShuttleMode::Clear()' declaration
  469 |         void Clear()
      |              ^~~~~
In file included from D:/HT9045/_integ_ioweb/HT9011UC_Cpp_V3.33.906.0/cmydef.h:10,
                 from D:/HT9045/_integ_ioweb/HT9011UC_Cpp_V3.33.906.0/Public/HTEditList.h:113,
                 from D:/HT9045/_integ_ioweb/HT9011UC_Cpp_V3.33.906.0/FileRW/_EditList.h:27,
                 from D:\HT9045\_integ_ioweb\HT9011UC_Cpp_V3.33.906.0\FileRW\CfgTrayPlate.cpp:56:
D:/HT9045/_integ_ioweb/HT9011UC_Cpp_V3.33.906.0/cprod.h:3307:1: warning: anonymous non-C-compatible type given name for linkage purposes by 'typedef' declaration [-Wnon-c-typedef-for-linkage]
 3307 | {
      | ^
      | MyIndexArmRec
D:/HT9045/_integ_ioweb/HT9011UC_Cpp_V3.33.906.0/cprod.h:3311:10: note: type is not C-compatible because it contains 'void MyIndexArmRec::Clear()' declaration
 3311 |     void Clear();
      |          ^~~~~
D:/HT9045/_integ_ioweb/HT9011UC_Cpp_V3.33.906.0/cmydef.h:4732:1: warning: anonymous non-C-compatible type given name for linkage purposes by 'typedef' declaration [-Wnon-c-typedef-for-linkage]
 4732 | {
      | ^
      | MySiteData
D:/HT9045/_integ_ioweb/HT9011UC_Cpp_V3.33.906.0/cmydef.h:4736:10: note: type is not C-compatible because it contains 'void MySiteData::SetData(int, int)' declaration
 4736 |     void SetData(int X, int Y)
      |          ^~~~~~~
D:/HT9045/_integ_ioweb/HT9011UC_Cpp_V3.33.906.0/cmydef.h:4747:1: warning: anonymous non-C-compatible type given name for linkage purposes by 'typedef' declaration [-Wnon-c-typedef-for-linkage]
 4747 | {
      | ^
      | MyNextTrayNeedManualRemoveTray
D:/HT9045/_integ_ioweb/HT9011UC_Cpp_V3.33.906.0/cmydef.h:4753:10: note: type is not C-compatible because it contains 'void MyNextTrayNeedManualRemoveTray::Clear()' declaration
 4753 |     void Clear()
      |          ^~~~~
D:/HT9045/_integ_ioweb/HT9011UC_Cpp_V3.33.906.0/Public/HTEditList.h:429:1: warning: anonymous non-C-compatible type given name for linkage purposes by 'typedef' declaration [-Wnon-c-typedef-for-linkage]
  429 | {
      | ^
      | ArmAndSuckInfo
D:/HT9045/_integ_ioweb/HT9011UC_Cpp_V3.33.906.0/Public/HTEditList.h:438:10: note: type is not C-compatible because it contains 'void ArmAndSuckInfo::Clear()' declaration
  438 |     void Clear()
      |          ^~~~~
D:/HT9045/_integ_ioweb/HT9011UC_Cpp_V3.33.906.0/Public/HTEditList.h:454:1: warning: anonymous non-C-compatible type given name for linkage purposes by 'typedef' declaration [-Wnon-c-typedef-for-linkage]
  454 | {
      | ^
      | SingleSuckPosOnTray
D:/HT9045/_integ_ioweb/HT9011UC_Cpp_V3.33.906.0/Public/HTEditList.h:462:10: note: type is not C-compatible because it contains 'void SingleSuckPosOnTray::Clear()' declaration
  462 |     void Clear()
      |          ^~~~~
D:/HT9045/_integ_ioweb/HT9011UC_Cpp_V3.33.906.0/Public/HTEditList.h:475:1: warning: anonymous non-C-compatible type given name for linkage purposes by 'typedef' declaration [-Wnon-c-typedef-for-linkage]
  475 | {
      | ^
      | MyFillTheTrayAfterOutArmPlace
D:/HT9045/_integ_ioweb/HT9011UC_Cpp_V3.33.906.0/Public/HTEditList.h:479:10: note: type is not C-compatible because it contains 'void MyFillTheTrayAfterOutArmPlace::Clear()' declaration
  479 |     void Clear()
      |          ^~~~~
D:/HT9045/_integ_ioweb/HT9011UC_Cpp_V3.33.906.0/Public/HTEditList.h:488:1: warning: anonymous non-C-compatible type given name for linkage purposes by 'typedef' declaration [-Wnon-c-typedef-for-linkage]
  488 | {
      | ^
      | PickPlaceByArm
D:/HT9045/_integ_ioweb/HT9011UC_Cpp_V3.33.906.0/Public/HTEditList.h:491:10: note: type is not C-compatible because it contains 'void PickPlaceByArm::Clear()' declaration
  491 |     void Clear()
      |          ^~~~~
In file included from D:/HT9045/_integ_ioweb/HT9011UC_Cpp_V3.33.906.0/cmydef.h:10,
                 from D:/HT9045/_integ_ioweb/HT9011UC_Cpp_V3.33.906.0/Public/HTEditList.h:113,
                 from D:/HT9045/_integ_ioweb/HT9011UC_Cpp_V3.33.906.0/FileRW/_EditList.h:27,
                 from D:\HT9045\_integ_ioweb\HT9011UC_Cpp_V3.33.906.0\FileRW\_EditList.cpp:6:
D:/HT9045/_integ_ioweb/HT9011UC_Cpp_V3.33.906.0/cprod.h:3307:1: warning: anonymous non-C-compatible type given name for linkage purposes by 'typedef' declaration [-Wnon-c-typedef-for-linkage]
 3307 | {
      | ^
      | MyIndexArmRec
D:/HT9045/_integ_ioweb/HT9011UC_Cpp_V3.33.906.0/cprod.h:3311:10: note: type is not C-compatible because it contains 'void MyIndexArmRec::Clear()' declaration
 3311 |     void Clear();
      |          ^~~~~
D:/HT9045/_integ_ioweb/HT9011UC_Cpp_V3.33.906.0/cmydef.h:4732:1: warning: anonymous non-C-compatible type given name for linkage purposes by 'typedef' declaration [-Wnon-c-typedef-for-linkage]
 4732 | {
      | ^
      | MySiteData
D:/HT9045/_integ_ioweb/HT9011UC_Cpp_V3.33.906.0/cmydef.h:4736:10: note: type is not C-compatible because it contains 'void MySiteData::SetData(int, int)' declaration
 4736 |     void SetData(int X, int Y)
      |          ^~~~~~~
D:/HT9045/_integ_ioweb/HT9011UC_Cpp_V3.33.906.0/cmydef.h:4747:1: warning: anonymous non-C-compatible type given name for linkage purposes by 'typedef' declaration [-Wnon-c-typedef-for-linkage]
 4747 | {
      | ^
      | MyNextTrayNeedManualRemoveTray
D:/HT9045/_integ_ioweb/HT9011UC_Cpp_V3.33.906.0/cmydef.h:4753:10: note: type is not C-compatible because it contains 'void MyNextTrayNeedManualRemoveTray::Clear()' declaration
 4753 |     void Clear()
      |          ^~~~~
D:/HT9045/_integ_ioweb/HT9011UC_Cpp_V3.33.906.0/Public/HTEditList.h:429:1: warning: anonymous non-C-compatible type given name for linkage purposes by 'typedef' declaration [-Wnon-c-typedef-for-linkage]
  429 | {
      | ^
      | ArmAndSuckInfo
D:/HT9045/_integ_ioweb/HT9011UC_Cpp_V3.33.906.0/Public/HTEditList.h:438:10: note: type is not C-compatible because it contains 'void ArmAndSuckInfo::Clear()' declaration
  438 |     void Clear()
      |          ^~~~~
D:/HT9045/_integ_ioweb/HT9011UC_Cpp_V3.33.906.0/Public/HTEditList.h:454:1: warning: anonymous non-C-compatible type given name for linkage purposes by 'typedef' declaration [-Wnon-c-typedef-for-linkage]
  454 | {
      | ^
      | SingleSuckPosOnTray
D:/HT9045/_integ_ioweb/HT9011UC_Cpp_V3.33.906.0/Public/HTEditList.h:462:10: note: type is not C-compatible because it contains 'void SingleSuckPosOnTray::Clear()' declaration
  462 |     void Clear()
      |          ^~~~~
D:/HT9045/_integ_ioweb/HT9011UC_Cpp_V3.33.906.0/Public/HTEditList.h:475:1: warning: anonymous non-C-compatible type given name for linkage purposes by 'typedef' declaration [-Wnon-c-typedef-for-linkage]
  475 | {
      | ^
      | MyFillTheTrayAfterOutArmPlace
D:/HT9045/_integ_ioweb/HT9011UC_Cpp_V3.33.906.0/Public/HTEditList.h:479:10: note: type is not C-compatible because it contains 'void MyFillTheTrayAfterOutArmPlace::Clear()' declaration
  479 |     void Clear()
      |          ^~~~~
D:/HT9045/_integ_ioweb/HT9011UC_Cpp_V3.33.906.0/Public/HTEditList.h:488:1: warning: anonymous non-C-compatible type given name for linkage purposes by 'typedef' declaration [-Wnon-c-typedef-for-linkage]
  488 | {
      | ^
      | PickPlaceByArm
D:/HT9045/_integ_ioweb/HT9011UC_Cpp_V3.33.906.0/Public/HTEditList.h:491:10: note: type is not C-compatible because it contains 'void PickPlaceByArm::Clear()' declaration
  491 |     void Clear()
      |          ^~~~~
D:\HT9045\_integ_ioweb\HT9011UC_Cpp_V3.33.906.0\tests\test_bootstrap.cpp:66:16: warning: 'int _putenv(const char*)' redeclared without dllimport attribute: previous dllimport ignored [-Wattributes]
   66 | extern "C" int _putenv(const char *);
      |                ^~~~~~~
In file included from D:/HT9045/_integ_ioweb/HT9011UC_Cpp_V3.33.906.0/cmydef.h:10,
                 from D:/HT9045/_integ_ioweb/HT9011UC_Cpp_V3.33.906.0/Public/HTEditList.h:113,
                 from D:/HT9045/_integ_ioweb/HT9011UC_Cpp_V3.33.906.0/FileRW/_EditList.h:27,
                 from D:\HT9045\_integ_ioweb\HT9011UC_Cpp_V3.33.906.0\FileRW\_EditPage.cpp:14:
D:/HT9045/_integ_ioweb/HT9011UC_Cpp_V3.33.906.0/cprod.h:3307:1: warning: anonymous non-C-compatible type given name for linkage purposes by 'typedef' declaration [-Wnon-c-typedef-for-linkage]
 3307 | {
      | ^
      | MyIndexArmRec
D:/HT9045/_integ_ioweb/HT9011UC_Cpp_V3.33.906.0/cprod.h:3311:10: note: type is not C-compatible because it contains 'void MyIndexArmRec::Clear()' declaration
 3311 |     void Clear();
      |          ^~~~~
D:/HT9045/_integ_ioweb/HT9011UC_Cpp_V3.33.906.0/cmydef.h:4732:1: warning: anonymous non-C-compatible type given name for linkage purposes by 'typedef' declaration [-Wnon-c-typedef-for-linkage]
 4732 | {
      | ^
      | MySiteData
D:/HT9045/_integ_ioweb/HT9011UC_Cpp_V3.33.906.0/cmydef.h:4736:10: note: type is not C-compatible because it contains 'void MySiteData::SetData(int, int)' declaration
 4736 |     void SetData(int X, int Y)
      |          ^~~~~~~
D:/HT9045/_integ_ioweb/HT9011UC_Cpp_V3.33.906.0/cmydef.h:4747:1: warning: anonymous non-C-compatible type given name for linkage purposes by 'typedef' declaration [-Wnon-c-typedef-for-linkage]
 4747 | {
      | ^
      | MyNextTrayNeedManualRemoveTray
D:/HT9045/_integ_ioweb/HT9011UC_Cpp_V3.33.906.0/cmydef.h:4753:10: note: type is not C-compatible because it contains 'void MyNextTrayNeedManualRemoveTray::Clear()' declaration
 4753 |     void Clear()
      |          ^~~~~
D:/HT9045/_integ_ioweb/HT9011UC_Cpp_V3.33.906.0/Public/HTEditList.h:429:1: warning: anonymous non-C-compatible type given name for linkage purposes by 'typedef' declaration [-Wnon-c-typedef-for-linkage]
  429 | {
      | ^
      | ArmAndSuckInfo
D:/HT9045/_integ_ioweb/HT9011UC_Cpp_V3.33.906.0/Public/HTEditList.h:438:10: note: type is not C-compatible because it contains 'void ArmAndSuckInfo::Clear()' declaration
  438 |     void Clear()
      |          ^~~~~
D:/HT9045/_integ_ioweb/HT9011UC_Cpp_V3.33.906.0/Public/HTEditList.h:454:1: warning: anonymous non-C-compatible type given name for linkage purposes by 'typedef' declaration [-Wnon-c-typedef-for-linkage]
  454 | {
      | ^
      | SingleSuckPosOnTray
D:/HT9045/_integ_ioweb/HT9011UC_Cpp_V3.33.906.0/Public/HTEditList.h:462:10: note: type is not C-compatible because it contains 'void SingleSuckPosOnTray::Clear()' declaration
  462 |     void Clear()
      |          ^~~~~
D:/HT9045/_integ_ioweb/HT9011UC_Cpp_V3.33.906.0/Public/HTEditList.h:475:1: warning: anonymous non-C-compatible type given name for linkage purposes by 'typedef' declaration [-Wnon-c-typedef-for-linkage]
  475 | {
      | ^
      | MyFillTheTrayAfterOutArmPlace
D:/HT9045/_integ_ioweb/HT9011UC_Cpp_V3.33.906.0/Public/HTEditList.h:479:10: note: type is not C-compatible because it contains 'void MyFillTheTrayAfterOutArmPlace::Clear()' declaration
  479 |     void Clear()
      |          ^~~~~
D:/HT9045/_integ_ioweb/HT9011UC_Cpp_V3.33.906.0/Public/HTEditList.h:488:1: warning: anonymous non-C-compatible type given name for linkage purposes by 'typedef' declaration [-Wnon-c-typedef-for-linkage]
  488 | {
      | ^
      | PickPlaceByArm
D:/HT9045/_integ_ioweb/HT9011UC_Cpp_V3.33.906.0/Public/HTEditList.h:491:10: note: type is not C-compatible because it contains 'void PickPlaceByArm::Clear()' declaration
  491 |     void Clear()
      |          ^~~~~
In file included from D:/HT9045/_integ_ioweb/HT9011UC_Cpp_V3.33.906.0/cmydef.h:10,
                 from D:/HT9045/_integ_ioweb/HT9011UC_Cpp_V3.33.906.0/aHotPlateSubstrate.h:67,
                 from D:\HT9045\_integ_ioweb\HT9011UC_Cpp_V3.33.906.0\FileRW\_KitSuck.cpp:8:
D:/HT9045/_integ_ioweb/HT9011UC_Cpp_V3.33.906.0/cprod.h:3307:1: warning: anonymous non-C-compatible type given name for linkage purposes by 'typedef' declaration [-Wnon-c-typedef-for-linkage]
 3307 | {
      | ^
      | MyIndexArmRec
D:/HT9045/_integ_ioweb/HT9011UC_Cpp_V3.33.906.0/cprod.h:3311:10: note: type is not C-compatible because it contains 'void MyIndexArmRec::Clear()' declaration
 3311 |     void Clear();
      |          ^~~~~
D:/HT9045/_integ_ioweb/HT9011UC_Cpp_V3.33.906.0/cmydef.h:4732:1: warning: anonymous non-C-compatible type given name for linkage purposes by 'typedef' declaration [-Wnon-c-typedef-for-linkage]
 4732 | {
      | ^
      | MySiteData
D:/HT9045/_integ_ioweb/HT9011UC_Cpp_V3.33.906.0/cmydef.h:4736:10: note: type is not C-compatible because it contains 'void MySiteData::SetData(int, int)' declaration
 4736 |     void SetData(int X, int Y)
      |          ^~~~~~~
D:/HT9045/_integ_ioweb/HT9011UC_Cpp_V3.33.906.0/cmydef.h:4747:1: warning: anonymous non-C-compatible type given name for linkage purposes by 'typedef' declaration [-Wnon-c-typedef-for-linkage]
 4747 | {
      | ^
      | MyNextTrayNeedManualRemoveTray
D:/HT9045/_integ_ioweb/HT9011UC_Cpp_V3.33.906.0/cmydef.h:4753:10: note: type is not C-compatible because it contains 'void MyNextTrayNeedManualRemoveTray::Clear()' declaration
 4753 |     void Clear()
      |          ^~~~~
D:/HT9045/_integ_ioweb/HT9011UC_Cpp_V3.33.906.0/aHotPlateSubstrate.h:830:1: warning: anonymous non-C-compatible type given name for linkage purposes by 'typedef' declaration [-Wnon-c-typedef-for-linkage]
  830 | {
      | ^
      | strAUTOSITEMAP
D:/HT9045/_integ_ioweb/HT9011UC_Cpp_V3.33.906.0/aHotPlateSubstrate.h:836:10: note: type is not C-compatible because it contains 'void strAUTOSITEMAP::ClearData()' declaration
  836 |     void ClearData()
      |          ^~~~~~~~~
[100%] Linking CXX executable test_gear_teach_save.exe
[100%] Built target test_c10_hana_rms
[100%] Linking CXX executable test_e023_statusev.exe
[100%] Built target test_adam6024_flow
[100%] Built target test_e023_statusev
[100%] Built target test_gear_teach_save
[100%] Built target test_home_block
[100%] Built target test_b8_ct3a_contactflags
[100%] Built target test_b8_os1b_autostart
[100%] Built target test_c14_bindisp_pane
[100%] Built target test_c14_bindisp
[100%] Built target test_b8_cl4_autoclean
[100%] Built target test_b8_ct3b_contactstartpause
[100%] Built target test_b8_ct3d_otddock
[100%] Built target test_e020_lotinfo_e020
[100%] Built target test_e022_contactct
