tier	file	if0_line	endif_line	lines	gate_id	held_by	stated_reason	first_code_line	nested	compiled_in	probe	link_check	ship_check	reason_still_true	evidence	suggest	risk_flags	st02_status
MEDIUM	ATC/ATCInterface.cpp	1287	1602	314	GATE G-PTW6c-TMyHonPrecATCPanel.		GOLDEN VERBATIM -- golden ATC/ATCInterface.cpp:961-1274 (314 lines).  GATE G-PTW6c-TMyHonPrecATCPanel.  NOT COMPILED: the ACTIVE TMyHonPrecATCPanel::TMyHonPrecATCPanel() is the body immediately after this #endif.	__fastcall TMyHonPrecATCPanel::TMyHonPrecATCPanel(TComponent* Owner, int index) : TComponent(Owner)         //設定元件位置			FAIL			yes	ATCInterface.cpp:1288:12: error: ambiguating new declaration of 'TMyHonPrecATCPanel::TMyHonPrecATCPanel(vclcompat::TComponent*, int)'	仍缺：ATCInterface.cpp:1288:12: error: ambiguating new declaration of 'TMyHonPrecATCPanel::TMyHonPrecATCPanel(vclcompat::TComp	TAG(.dfm?)	
LOW	Adam6024Comm_St02.cpp	903	912	8			golden :2070-2077, dead after Abort() in golden too	try		sim+ship	PASS	LINK-OK	SHIP-OK	likely-no	(compiles: -fsyntax-only)	候選：照 golden 解開（先看風險標記）		
LOW	Adam6024Integrate_St02.cpp	244	263	18			[W906] D5 S25 (RULINGS_20260925 S25): SPIL-only CKD FCM flow, golden 912 main.cpp:21781-21798 (906 :21162-21179) VERBATIM; golden has no else arm	if(IniConfig.bSPILFunction && USE_CKD_FCM_CleanAir)		sim+ship	PASS	LINK-OK	SHIP-OK	yes（裁示 S25）	(compiles: -fsyntax-only)	理由還成立：客戶專屬分支（RULINGS_20260925 S25「先暫時跳過，註記就好」），照留	S25	
LOW	Adam6024Pressure_St02.cpp	230	237	6	GATE (S25)		GATE (S25) AI(W906-ST02-ADAM) 20261002 (St02-E helper H2): CC_ASE_KaohSiung only (D1) -- golden :731-736 VERBATIM, golden's else below stays live	if(CUSTOMER_CODE==CC_ASE_KaohSiung)		sim+ship	PASS	LINK-OK	SHIP-OK	yes（裁示 S25）	(compiles: -fsyntax-only)	理由還成立：客戶專屬分支（RULINGS_20260925 S25「先暫時跳過，註記就好」），照留	S25	
LOW	Adam6024Pressure_St02.cpp	345	357	11	GATE (S25)		GATE (S25) AI(W906-ST02-ADAM) 20261002 (St02-E helper H2): CC_KYEC_LEE only (D1) -- golden :844-854 VERBATIM (if lifted, A3 like adam6024.cpp:504/:508)	if(CUSTOMER_CODE==CC_KYEC_LEE)                              //Ifor 20200407 : Fix KYEC 特殊缸徑造成資料異常		sim+ship	PASS	LINK-OK	SHIP-OK	yes（裁示 S25）	(compiles: -fsyntax-only)	理由還成立：客戶專屬分支（RULINGS_20260925 S25「先暫時跳過，註記就好」），照留	S25	
LOW	Adam6024Pressure_St02.cpp	369	443	73	GATE (S25)		GATE (S25) AI(W906-ST02-ADAM) 20261002 (St02-E helper H2): CC_KYEC_LEE only (D1) -- golden :866-938 VERBATIM, golden's else below stays live	if(CUSTOMER_CODE==CC_KYEC_LEE)		sim+ship	PASS	LINK-OK	SHIP-OK	yes（裁示 S25）	(compiles: -fsyntax-only)	理由還成立：客戶專屬分支（RULINGS_20260925 S25「先暫時跳過，註記就好」），照留	S25	
LOW	Adam6024Pressure_St02.cpp	518	530	11	GATE (S25)		GATE (S25) AI(W906-ST02-ADAM) 20261002 (St02-E helper H2): CC_KYEC_LEE only (D1) -- golden :1011-1021 VERBATIM (if lifted, A3 like adam6024.cpp:504/:508)	if(CUSTOMER_CODE==CC_KYEC_LEE)		sim+ship	PASS	LINK-OK	SHIP-OK	yes（裁示 S25）	(compiles: -fsyntax-only)	理由還成立：客戶專屬分支（RULINGS_20260925 S25「先暫時跳過，註記就好」），照留	S25	
LOW	Adam6024Pressure_St02.cpp	618	644	25	GATE (S25)		GATE (S25) AI(W906-ST02-ADAM) 20261002 (St02-E helper H2): CC_JCET / CC_KYEC_LEE only (D1) -- golden :568-592 VERBATIM, golden's else below stays live (a JCET / KYEC machine uses the fixed +-iADAMRange)	if(CUSTOMER_CODE==CC_JCET ||                                            //Richard 20230426 : JECT ADD 固定值改為百分比 //Ifor add KYEC_LEE		ship	PASS	LINK-OK	SHIP-OK	yes（裁示 S25）	(compiles: -fsyntax-only)	理由還成立：客戶專屬分支（RULINGS_20260925 S25「先暫時跳過，註記就好」），照留	S25	
LOW	Adam6024Pressure_St02.cpp	823	825	1	GATE (S25)		GATE (S25) AI(W906-ST02-ADAM) 20261002 (St02-E helper H2): CC_GIGAS only (D1) -- golden :2729 VERBATIM; without it a GIGAS machine gets the generic check	&& CUSTOMER_CODE!=CC_GIGAS                                   //Jimmychiu 20241222 : 工程師Ben要求關閉EP數值異常檢測		ship	PASS	LINK-OK	SHIP-OK	yes（裁示 S25）	(compiles: -fsyntax-only)	理由還成立：客戶專屬分支（RULINGS_20260925 S25「先暫時跳過，註記就好」），照留	S25	
MEDIUM	AutoClean/AutoClean.cpp	134	136	1			PT-W7e-part2 RETIRED (DoInArm_SuckerMap): real translated body now in ainarm2.cpp	static void DoInArm_SuckerMap() {}			FAIL			n/a	AutoClean.cpp:135:13: error: 'void DoInArm_SuckerMap()' was declared 'extern' and later 'static' [-fpermissive]	已退役的替身／參考副本（真本體在別處）：不要解（會重複定義），可整段清掉		
MEDIUM	AutoClean/AutoClean.cpp	206	208	1			PT-W8 RETIRED (DoStructUnitConvert): real translated body now live	static void DoStructUnitConvert() {}                            // golden cUnitConvert.cpp:243 -- not yet translated			FAIL			n/a	AutoClean.cpp:207:13: error: 'void DoStructUnitConvert()' was declared 'extern' and later 'static' [-fpermissive]	已退役的替身／參考副本（真本體在別處）：不要解（會重複定義），可整段清掉		
MEDIUM	AutoClean/AutoClean.cpp	223	226	2			PT-W5f RETIRED (SocketAirCoolingStart)	void SocketAirCoolingStart() {}                                  // golden csystem.cpp:21360 -- not yet translated		sim+ship	PASS			n/a	(compiles: -fsyntax-only)	已退役的替身／參考副本（真本體在別處）：不要解（會重複定義），可整段清掉		
MEDIUM	Automation/AGV_E84.cpp	564	568	3	TODO(W7-UI)		TODO(W7-UI): golden AGV.cpp:565 -- ShowMyMessageBox_YES_NO real modal dialog	ret=ShowMyMessageBox_YES_NO(asStr, "是否要修改Port狀態?");		sim+ship	PASS	LINK-OK	SHIP-OK	likely-no	(compiles: -fsyntax-only)	候選：照 golden 解開（先看風險標記）	HAS-#else	
MEDIUM	Automation/AGV_E84.cpp	931	935	3	TODO(W7-UI)		TODO(W7-UI): golden AGV.cpp:910 -- ShowMyMessageBox_YES_NO real modal dialog	ret=ShowMyMessageBox_YES_NO(asStr, "是否要修改Port狀態?");		sim+ship	PASS	LINK-OK	SHIP-OK	likely-no	(compiles: -fsyntax-only)	候選：照 golden 解開（先看風險標記）	HAS-#else	
MEDIUM	Automation/HANA_ART.cpp	220	222	1	TODO(W5-comms)		TODO(W5-comms): HHandler2Gpib.iLotStatus write (MessageDef.h MV not yet translated)	HHandler2Gpib.iLotStatus=(bRun)?1:0;			FAIL			yes	HANA_ART.cpp:128:27: error: 'MSG_CMD_RUN_HANA_ART' was declared 'extern' and later 'static' [-fpermissive]  (補 include MessageDef.h 之後)	仍缺：HANA_ART.cpp:128:27: error: 'MSG_CMD_RUN_HANA_ART' was declared 'extern' and later 'static' [-fpermissive]  (補 include M		
MEDIUM	Automation/HANA_ART.cpp	230	233	2	TODO(W5-comms)		TODO(W5-comms): HHandler2Gpib.iStatus[0]/iLotStatus write (MessageDef.h MV not yet translated)	HHandler2Gpib.iStatus[0]=iCmd;			FAIL			yes	HANA_ART.cpp:128:27: error: 'MSG_CMD_RUN_HANA_ART' was declared 'extern' and later 'static' [-fpermissive]  (補 include MessageDef.h 之後)	仍缺：HANA_ART.cpp:128:27: error: 'MSG_CMD_RUN_HANA_ART' was declared 'extern' and later 'static' [-fpermissive]  (補 include M		
MEDIUM	Automation/HANA_ART.cpp	241	244	2	TODO(W5-comms)		TODO(W5-comms): HHandler2Gpib.iStatus[0]/iLotStatus write (MessageDef.h MV not yet translated)	HHandler2Gpib.iStatus[0]=0;			FAIL			yes	HANA_ART.cpp:128:27: error: 'MSG_CMD_RUN_HANA_ART' was declared 'extern' and later 'static' [-fpermissive]  (補 include MessageDef.h 之後)	仍缺：HANA_ART.cpp:128:27: error: 'MSG_CMD_RUN_HANA_ART' was declared 'extern' and later 'static' [-fpermissive]  (補 include M		
MEDIUM	Automation/HANA_ART.cpp	797	807	9	TODO(W5-comms)		TODO(W5-comms): HHandler2Gpib.Site[MAX_SOCKET_TOTAL] fill (MessageDef.h MV not yet translated)	for(int i=0; i<MAX_SOCKET_TOTAL; i++)                                       //Steven 20250415 : HANA ART Function			FAIL			yes	HANA_ART.cpp:128:27: error: 'MSG_CMD_RUN_HANA_ART' was declared 'extern' and later 'static' [-fpermissive]  (補 include MessageDef.h 之後)	仍缺：HANA_ART.cpp:128:27: error: 'MSG_CMD_RUN_HANA_ART' was declared 'extern' and later 'static' [-fpermissive]  (補 include M	HAS-#else	
MEDIUM	Automation/HANA_ART.cpp	840	850	9	TODO(W5-comms)		TODO(W5-comms): HHandler2Gpib.Site[MAX_SOCKET_TOTAL] fill (MessageDef.h MV not yet translated)	for(int i=0; i<MAX_SOCKET_TOTAL; i++)                                       //Steven 20250415 : HANA ART Function			FAIL			yes	HANA_ART.cpp:128:27: error: 'MSG_CMD_RUN_HANA_ART' was declared 'extern' and later 'static' [-fpermissive]  (補 include MessageDef.h 之後)	仍缺：HANA_ART.cpp:128:27: error: 'MSG_CMD_RUN_HANA_ART' was declared 'extern' and later 'static' [-fpermissive]  (補 include M	HAS-#else	
MEDIUM	Automation/HANA_ART.cpp	1006	1018	11	TODO(W3+W5-comms)		TODO(W3+W5-comms): TMyStringList (slHanaTrayMap) body -- incomplete type in this tree	AnsiString str;			FAIL			yes	HANA_ART.cpp:1009:25: error: invalid use of incomplete type 'class TMyStringList'	仍缺：不完整型別 class TMyStringList	HAS-#else	
MEDIUM	Automation/HANA_ART.cpp	1032	1090	57	TODO(W5-comms)		TODO(W5-comms): TfFTP / FileInfo / slHanaTrayMap[].sLast* -- none translated yet	int iReturn=HS_ERR_NoError;			FAIL			yes	HANA_ART.cpp:1033:17: error: 'HS_ERR_NoError' was not declared in this scope	仍缺：未宣告 HS_ERR_NoError	HAS-#else	
MEDIUM	Automation/HanaRmsMembers_St02.cpp	43	45	1	GATE(W906-ST02-C10)		GATE(W906-ST02-C10) [W906] 2: fAutomation is made during static initialisation (atester_shims.cpp:370); an ini read here is the BA-SIOF1 hazard (Automation/automation.h:354-361).  PrepareHANARMSConnect loads it before use (golden :3057) -- golden 912 automation.cpp:149	LoadHANARMSSetting();     //RogerYang : 開機把 IP/Port 載入欄位		sim+ship	PASS	LINK-OK	SHIP-OK	likely-no	(compiles: -fsyntax-only)	候選：照 golden 解開（先看風險標記）		
MEDIUM	Automation/HanaRms_St02.cpp	241	245	3	GATE(W906-ST02-C10)		GATE(W906-ST02-C10) [W906] 4: fMain->hanaART is TfMainHanaART (forms/fMain.h:80-96), no GetHD_CT; uHANA_ART (Automation/HANA_ART.cpp:287) has no instance -- golden 912 automation.cpp:2694	bOK &= HANARMS_CmpEq("GB_CT", sv, bF, fMain->hanaART->GetHD_CT(), asFail);			FAIL			yes	HanaRms_St02.cpp:242:59: error: 'class TfMainHanaART' has no member named 'GetHD_CT'  (補 include forms/fMain.h 之後)	仍缺：TfMainHanaART 沒有成員 GetHD_CT	HAS-#else	
MEDIUM	Automation/MesWebService.cpp	95	122	26	TODO(SOAP-RIO)		TODO(SOAP-RIO): no THTTPRIO / QueryInterface substrate -- see file head.	static const char* defWSDL= "http://192.168.10.216/vt_mes/MesWebService.asmx?WSDL";			FAIL			yes	MesWebService.cpp:102:3: error: 'THTTPRIO' was not declared in this scope	仍缺：未宣告 THTTPRIO	HAS-#else	
MEDIUM	Automation/MesWebService.cpp	135	140	4	TODO(SOAP-RIO)		TODO(SOAP-RIO): no InvRegistry()/__interfaceTypeinfo substrate -- see file head.	/* MesWebServiceSoap */			FAIL			yes	MesWebService.cpp:137:15: error: 'InvRegistry' was not declared in this scope	仍缺：未宣告 InvRegistry		
MEDIUM	Automation/SCK_TUTS.cpp	122	148	25	TODO(SOAP-RIO)		TODO(SOAP-RIO): no THTTPRIO / QueryInterface substrate -- see file head.	static const char* defWSDL= "http://10.20.20.32/cimreport/ws/sip1.asmx?WSDL";			FAIL			yes	SCK_TUTS.cpp:129:9: error: 'THTTPRIO' was not declared in this scope	仍缺：未宣告 THTTPRIO	HAS-#else	
MEDIUM	Automation/SCK_TUTS.cpp	161	166	4	TODO(SOAP-RIO)		TODO(SOAP-RIO): no InvRegistry()/__interfaceTypeinfo substrate -- see file head.	/* SIP1Soap */			FAIL			yes	SCK_TUTS.cpp:163:21: error: 'InvRegistry' was not declared in this scope	仍缺：未宣告 InvRegistry		
MEDIUM	Automation/uRENESAS_Server.cpp	150	152	1			banner GATE [G4] (no such event slot on vclcompat::TServerSocket; both golden handler bodies are empty, so this is a zero-behaviour-delta gate).	ServerSocket->OnListen=OnProcSocketListen;			FAIL			yes	uRENESAS_Server.cpp:151:19: error: 'class Scktcomp::TServerSocket' has no member named 'OnListen'	仍缺：Scktcomp::TServerSocket 沒有成員 OnListen		
MEDIUM	Automation/uRENESAS_Server.cpp	155	157	1				ServerSocket->OnClientWrite=OnProcSocketWrite;			FAIL			yes	uRENESAS_Server.cpp:156:19: error: 'class Scktcomp::TServerSocket' has no member named 'OnClientWrite'; did you mean 'OnClientError'?	仍缺：Scktcomp::TServerSocket 沒有成員 OnClientWrite		
MEDIUM	Automation/uRENESAS_Server.cpp	3006	3008	1			file banner GATE [G5] (mymessbox.h/.cpp not translated anywhere in the port tree; `ret` faithfully keeps its -1 default through this gate).	ret=ShowLotEndMessage(str, str2, false);			FAIL			yes	uRENESAS_Server.cpp:3007:51: error: 'ShowLotEndMessage' was not declared in this scope	仍缺：未宣告 ShowLotEndMessage		
MEDIUM	Automation/uRENESAS_Server.cpp	3016	3018	1			[G5]: golden `ret=ShowLotEndMessage("The number of receipts and the number of Lots(QTY) do not match.\r\n Want to supply untested products?", "", false);` -- see file banner GATE [G5].	ret=ShowLotEndMessage("The number of receipts and the number of Lots(QTY) do not match.\r\n Want to supply untested products?", "", false);			FAIL			yes	uRENESAS_Server.cpp:3017:150: error: 'ShowLotEndMessage' was not declared in this scope	仍缺：未宣告 ShowLotEndMessage		
MEDIUM	Automation/uRENESAS_Server.cpp	3207	3233	25			real, observable behaviour).	this->Caption="Reply FTCT Error Command";			FAIL			yes	uRENESAS_Server.cpp:3208:11: error: 'class TErrorForm' has no member named 'Caption'; did you mean 'lblCaption'?	仍缺：TErrorForm 沒有成員 Caption		
MEDIUM	Automation/uRENESAS_Server.cpp	3270	3300	29				this->Caption="(FTCT) Waiting After Reply 71 Command";			FAIL			yes	uRENESAS_Server.cpp:3271:11: error: 'class TContinueForm' has no member named 'Caption'; did you mean 'lblCaption'?	仍缺：TContinueForm 沒有成員 Caption		
MEDIUM	BarCode/BarCode.cpp	215	217	1	GATE(G-BC-CBCHECKSUM)		GATE(G-BC-CBCHECKSUM) -- cbCheckSum is a golden TfBarCode WIDGET; this class carries no widgets. Display only -- the paired TestIF_File.bCheckSum=false on the line above stays ACTIVE, so the DATA half of this else-arm is intact.	cbCheckSum->Visible             =false;			FAIL			yes	BarCode.cpp:216:9: error: 'cbCheckSum' was not declared in this scope	仍缺：未宣告 cbCheckSum		
MEDIUM	BarCode/BarCode.cpp	312	314	1	GATE(G-BC-EDBARCODENO)		GATE(G-BC-EDBARCODENO) -- ed_BarCodeNo is a golden TfBarCode WIDGET.  ⚠ This is the ONLY one of the 86 ReadIniData calls that is gated, and it costs nothing: its sole destination IS the widget -- it writes no TestIF_File field, so no engine value is lost.  golden key: [<group>] "Bar Code Text".	ed_BarCodeNo->Text                  =ReadIniData(szDir, sGroup, "Bar Code Text", AnsiString("ABCDEFGHIJKLMNOP"));			FAIL			yes	BarCode.cpp:313:5: error: 'ed_BarCodeNo' was not declared in this scope	仍缺：未宣告 ed_BarCodeNo		
MEDIUM	BarCode/BarCode.cpp	381	394	12	GATE(G-BC-SAVESUMMARY)		GATE(G-BC-SAVESUMMARY) -- fMain->pnlSaveSummary has no port (0 hits tree-wide).  Pure visibility of the manual save-summary panel.  The whole #ifdef SOFT_SIMULTE / #else / #ifdef BETA_VERSION ladder is gated as one block because every arm assigns the same absent widget.	#ifdef SOFT_SIMULTE			FAIL			yes	BarCode.cpp:383:12: error: 'class TfMain' has no member named 'pnlSaveSummary'	仍缺：TfMain 沒有成員 pnlSaveSummary		
MEDIUM	BarCode/BarCode.cpp	400	402	1	GATE(G-BC-SERVERPATH1)		GATE(G-BC-SERVERPATH1) -- lbfinalpathShow (widget) and GetBarcodeByServerData() (0 hits tree-wide). The two TestIF_File assignments above it -- bCheckCodeByServer2DID and asMes2DID_URL -- stay ACTIVE.	lbfinalpathShow->Caption          =GetBarcodeByServerData();			FAIL			yes	BarCode.cpp:401:9: error: 'lbfinalpathShow' was not declared in this scope	仍缺：未宣告 lbfinalpathShow		
MEDIUM	BarCode/BarCode.cpp	407	409	1	GATE(G-BC-SERVERPATH2)		GATE(G-BC-SERVERPATH2) -- same widget as G-BC-SERVERPATH1, else-arm.  TestIF_File.bCheckCodeByServer2DID=false above it stays ACTIVE.	lbfinalpathShow->Caption="None";			FAIL			yes	BarCode.cpp:408:9: error: 'lbfinalpathShow' was not declared in this scope	仍缺：未宣告 lbfinalpathShow		
MEDIUM	BarCode/BarCode.cpp	470	472	1	GATE(G-BC-SETVISIBLE)		GATE(G-BC-SETVISIBLE) -- TfBarCode::SetVisible() -- a golden member this partial class does not carry.  It is a widget-visibility sweep over the barcode form; no TestIF_File field is written by it.	SetVisible();			FAIL			yes	BarCode.cpp:471:16: error: 'SetVisible' was not declared in this scope	仍缺：未宣告 SetVisible		
MEDIUM	BarCode/BarCode.cpp	486	488	1	GATE(G-BC-OCRSTATE)		GATE(G-BC-OCRSTATE) -- fMain->ShowOCRState() has no port (0 hits tree-wide).  Display only.  The four fMain->SendMSG_CMD calls above it are NOT gated -- SendMSG_CMD and MSG_CMD_{Enable,Disable}{BarCode,Pin1Function} all exist here, so the barcode enable/disable message to the tester is LIVE.	fMain->ShowOCRState(0);			FAIL			yes	BarCode.cpp:487:16: error: 'class TfMain' has no member named 'ShowOCRState'; did you mean 'ShowNowStatus'?	仍缺：TfMain 沒有成員 ShowOCRState		
MEDIUM	BarCode/BarCode.cpp	491	495	3	GATE(G-BC-TAIL)		GATE(G-BC-TAIL) -- three golden TfBarCode members this partial class does not carry: Change2DSetupFile (already gated at forms/fLotInfo.cpp:5622 for the same reason), SetSFCCheckStepCount, mtBarcodeSetDefaultView.  All three run AFTER every ReadIniData, so TestIF_File is fully populated before this 	Change2DSetupFile();			FAIL			yes	BarCode.cpp:492:23: error: 'Change2DSetupFile' was not declared in this scope	仍缺：未宣告 Change2DSetupFile		
MEDIUM	BarCode/BarCode_8CCD_Glue.cpp	113	115	1	TODO(W7-FormsFacade)		TODO(W7-FormsFacade) golden BarCode.cpp:9553 -- fMain->cbSetupFileName->Text (TComboBox*, no FormsFacade member yet)	AnsiString Glue8CCD_GetSetupFileNameText() { return fMain->cbSetupFileName->Text; }			FAIL			yes	BarCode_8CCD_Glue.cpp:116:16: error: redefinition of 'vclcompat::AnsiString {anonymous}::Glue8CCD_GetSetupFileNameText()'  (補 include forms/fMain.h 之後)	仍缺：BarCode_8CCD_Glue.cpp:116:16: error: redefinition of 'vclcompat::AnsiString {anonymous}::Glue8CCD_GetSetupFileNameText()		
MEDIUM	BarCode/BarCode_8CCD_Glue.cpp	118	120	1	TODO(W7-FormsFacade)		TODO(W7-FormsFacade) golden BarCode.cpp:9553 -- fLotInfo->edtBarcodeRecipe->Text (TEdit*, no FormsFacade member yet)	AnsiString Glue8CCD_GetBarcodeRecipeText() { return fLotInfo->edtBarcodeRecipe->Text; }			FAIL			yes	BarCode_8CCD_Glue.cpp:121:16: error: redefinition of 'vclcompat::AnsiString {anonymous}::Glue8CCD_GetBarcodeRecipeText()'  (補 include forms/fLotInfo.h 之後)	仍缺：BarCode_8CCD_Glue.cpp:121:16: error: redefinition of 'vclcompat::AnsiString {anonymous}::Glue8CCD_GetBarcodeRecipeText()		
MEDIUM	BarCode/BarCode_Bottom2DID.cpp	173	177	3	TODO(W7)		TODO(W7) golden BarCode.cpp:5903-5972 -- needs memoCCDCommLog (VCL	/* full body verbatim in golden BarCode.cpp:5903-5972 */		sim+ship	PASS	LINK-OK	SHIP-OK	likely-no	(compiles: -fsyntax-only)	會寫檔：先確認裁示允許寫這個檔；候選：照 golden 解開（先看風險標記）	WRITES-FILE	
MEDIUM	BarCode/BarCode_Bottom2DID.cpp	197	200	2	TODO(W5-BarCode-socket)		TODO(W5-BarCode-socket) golden BarCode.cpp:5305 -- needs vclcompat	/* full body verbatim in golden BarCode.cpp:5305-5610ish */		sim+ship	PASS	LINK-OK	SHIP-OK	likely-no	(compiles: -fsyntax-only)	候選：照 golden 解開（先看風險標記）		
HIGH	BarCode/BarCode_Bottom2DID.cpp	268	272	3	TODO(W7)		TODO(W7) golden BarCode.cpp:7006-7091 -- needs Tech.iBottom2DIDInX/InY	/* full body verbatim in golden BarCode.cpp:7006-7091 */		sim+ship	PASS			n/a	(compiles: -fsyntax-only)	已退役的替身／參考副本（真本體在別處）：不要解（會重複定義），可整段清掉	HIGH-KW	
MEDIUM	BarCode/BarCode_Bottom2DID.cpp	373	380	6	TODO(W7)		TODO(W7) golden BarCode.cpp:5854-5859 -- fLotInfo->sgBarcode (VCL	fLotInfo->sgBarcode->Cells[1+i][1]=iNeedBarcodeCount[i];		sim+ship	PASS	LINK-OK	SHIP-OK	likely-no	(compiles: -fsyntax-only)	候選：照 golden 解開（先看風險標記）		
MEDIUM	BarCode/BarCode_Bottom2DID.cpp	960	964	3	TODO(W7)		TODO(W7) golden BarCode.cpp:3623-3624 -- fLotInfo->mtBarcodeInShLotInfo	fLotInfo->mtBarcodeInShLotInfo->SetCellNumber(0, 1, "");			FAIL			yes	BarCode_Bottom2DID.cpp:962:31: error: 'class TfLotInfo' has no member named 'mtBarcodeInShLotInfo'; did you mean 'grpBarcodeDisplayLotInfo'?	仍缺：TfLotInfo 沒有成員 mtBarcodeInShLotInfo		
MEDIUM	BarCode/BarCode_Bottom2DID.cpp	992	995	2	TODO(W7)		TODO(W7) golden BarCode.cpp:3644-3645 -- fLotInfo->mtBarcodeInShLotInfo UI write.	fLotInfo->mtBarcodeInShLotInfo->SetCellNumber(1, 1, "");			FAIL			yes	BarCode_Bottom2DID.cpp:993:31: error: 'class TfLotInfo' has no member named 'mtBarcodeInShLotInfo'; did you mean 'grpBarcodeDisplayLotInfo'?	仍缺：TfLotInfo 沒有成員 mtBarcodeInShLotInfo		
MEDIUM	BarCode/BarCode_Bottom2DID.cpp	1254	1273	18	TODO(W7)		TODO(W7) golden BarCode.cpp:3891-3903 -- fNote->t2DCode (VCL grid on	fNote->t2DCode->Visible=true;			FAIL			yes	BarCode_Bottom2DID.cpp:1259:20: error: 'class TfNote' has no member named 't2DCode'; did you mean 'KeyCode'?	仍缺：TfNote 沒有成員 t2DCode		
MEDIUM	BarCode/BarCode_Bottom2DID.cpp	1344	1359	14	TODO(W7)		TODO(W7) golden BarCode.cpp:4142-4154 -- fNote->t2DCode (see case 3600 note).	fNote->t2DCode->Visible=true;			FAIL			yes	BarCode_Bottom2DID.cpp:1345:20: error: 'class TfNote' has no member named 't2DCode'; did you mean 'KeyCode'?	仍缺：TfNote 沒有成員 t2DCode		
MEDIUM	BarCode/BarCode_Bottom2DID.cpp	1449	1464	14	TODO(W7)		TODO(W7) golden BarCode.cpp:4062-4074 -- fNote->t2DCode (see case 3600 note).	fNote->t2DCode->Visible=true;			FAIL			yes	BarCode_Bottom2DID.cpp:1450:20: error: 'class TfNote' has no member named 't2DCode'; did you mean 'KeyCode'?	仍缺：TfNote 沒有成員 t2DCode		
MEDIUM	BarCode/BarCode_Helpers.cpp	65	71	5	TODO(W5-BarCode-Helpers-socket)		TODO(W5-BarCode-Helpers-socket) golden BarCode.cpp:11594-11595 -- needs	socketClient=new uSocketClient();			FAIL			yes	BarCode_Helpers.cpp:67:22: error: expected type-specifier before 'uSocketClient'	仍缺：BarCode_Helpers.cpp:67:22: error: expected type-specifier before 'uSocketClient'	HAS-#else	
MEDIUM	BarCode/BarCode_Helpers.cpp	81	84	2	TODO(W5-BarCode-Helpers-socket)		TODO(W5-BarCode-Helpers-socket) golden BarCode.cpp:11600 -- delete the	delete socketClient;		sim+ship	PASS	LINK-OK	SHIP-OK	likely-no	(compiles: -fsyntax-only)	候選：照 golden 解開（先看風險標記）		
MEDIUM	BarCode/BarCode_Helpers.cpp	106	112	5	TODO(W5-BarCode-Helpers-socket)		TODO(W5-BarCode-Helpers-socket) golden BarCode.cpp:11617-11619 -- needs	if(socketClient->IsConnected()==false)			FAIL			yes	BarCode_Helpers.cpp:108:20: error: 'void*' is not a pointer-to-object type	仍缺：BarCode_Helpers.cpp:108:20: error: 'void*' is not a pointer-to-object type		
MEDIUM	BarCode/BarCode_Helpers.cpp	114	119	4	TODO(W5-BarCode-Helpers-socket)		TODO(W5-BarCode-Helpers-socket) golden BarCode.cpp:11622 -- needs	bflag=socketClient->SendCommand(asCommand.c_str(),asCommand.WideCharBufSize());			FAIL			yes	BarCode_Helpers.cpp:116:23: error: 'void*' is not a pointer-to-object type	仍缺：BarCode_Helpers.cpp:116:23: error: 'void*' is not a pointer-to-object type	HAS-#else	
MEDIUM	BarCode/BarCode_Helpers.cpp	133	139	5	TODO(W5-BarCode-Helpers-socket)		TODO(W5-BarCode-Helpers-socket) golden BarCode.cpp:11629 -- restore the	RecMsgCCDUnloaderClip("[Send Error]"+asCommand+"[IP]"+socketClient->GetSocketAddress()+"[Port]"+socketClient->GetSocketPort());			FAIL			yes	BarCode_Helpers.cpp:136:79: error: 'void*' is not a pointer-to-object type	仍缺：BarCode_Helpers.cpp:136:79: error: 'void*' is not a pointer-to-object type	HAS-#else	
MEDIUM	BarCode/BarCode_Helpers.cpp	180	187	6	TODO(W5-BarCode-Helpers-socket)		TODO(W5-BarCode-Helpers-socket) golden BarCode.cpp:11651 -- needs	return socketClient->SetCommParameter(asAddress,asPort);			FAIL			yes	BarCode_Helpers.cpp:184:24: error: 'void*' is not a pointer-to-object type	仍缺：BarCode_Helpers.cpp:184:24: error: 'void*' is not a pointer-to-object type	HAS-#else	
MEDIUM	BarCode/BarCode_Helpers.cpp	194	199	4	TODO(W5-BarCode-Helpers-socket)		TODO(W5-BarCode-Helpers-socket) golden BarCode.cpp:11658 -- needs	return socketClient->DoOpenCommuncation();			FAIL			yes	BarCode_Helpers.cpp:196:24: error: 'void*' is not a pointer-to-object type	仍缺：BarCode_Helpers.cpp:196:24: error: 'void*' is not a pointer-to-object type	HAS-#else	
MEDIUM	BarCode/BarCode_Helpers.cpp	206	209	2	TODO(W5-BarCode-Helpers-socket)		TODO(W5-BarCode-Helpers-socket) golden BarCode.cpp:11665 -- needs	socketClient->Close();			FAIL			yes	BarCode_Helpers.cpp:208:17: error: 'void*' is not a pointer-to-object type	仍缺：BarCode_Helpers.cpp:208:17: error: 'void*' is not a pointer-to-object type		
LOW	BarCode_Bottom2DID8CCD.cpp	156	171	14	TODO(W5-BarCode-socket)		TODO(W5-BarCode-socket) golden BarCode.cpp:5305-5526 -- ClientSocket_Bottom_1..8	switch (index)		sim+ship	PASS-WITH-INCLUDE	LINK-OK	SHIP-OK	likely-no（缺 include）	BarCode_Bottom2DID8CCD.cpp:162:29: error: 'ClientSocket_Bottom_1' was not declared in this scope	候選：補 include BarCode/BarCode_8CCD_Glue.h 後照 golden 解開（先確認那個名字是真本體、不是 stub／shim）		
LOW	BarCode_Bottom2DID8CCD.cpp	379	436	56	TODO(W5-BarCode-socket)		TODO(W5-BarCode-socket) golden BarCode.cpp:9961-10024 -- ClientSocket_Bottom_1..8 (TClientSocket, no vclcompat shim yet)	if(ClientSocket_Bottom_1->Active==false)			FAIL			yes	BarCode_Bottom2DID8CCD.cpp:383:69: error: 'AddCCDCommunicationLog' was not declared in this scope  (補 include BarCode/BarCode_8CCD_Glue.h 之後)	仍缺：未宣告 AddCCDCommunicationLog		
LOW	BarcodeReader.cpp	104	110	5	GATE (B-F1)		GATE (B-F1) -- fFTPClient (TfFTPClient) has no port anywhere in this tree; see header	if((IniConfig.bN06_UseBarcode==false && fFTPClient->bShow==false) ||		ship	PASS	LINK-OK	SHIP-FAIL BarcodeReader.cpp:105:53: error: 'fFTPClient' was not declared in this scope	yes（出貨組態）	BarcodeReader.cpp:105:53: error: 'fFTPClient' was not declared in this scope	仍缺（出貨組態才編得到／才出錯）：未宣告 fFTPClient		
LOW	BarcodeReader.cpp	116	118	1	GATE (B-W1)		GATE (B-W1) -- RegisterHotKey needs a real HWND (golden Handle); none exists headless	RegisterHotKey(Handle, 2, MOD_CONTROL, 'V');                            //wei 20151120 內容用ctrl+V貼上		ship	PASS	LINK-OK	SHIP-FAIL BarcodeReader.cpp:117:24: error: 'Handle' was not declared in this scope	yes（出貨組態）	BarcodeReader.cpp:117:24: error: 'Handle' was not declared in this scope	仍缺（出貨組態才編得到／才出錯）：未宣告 Handle		
LOW	BarcodeReader.cpp	146	148	1	GATE (B-W1)		GATE (B-W1) -- see FormShow	UnregisterHotKey(Handle, 2);                                                //wei 20151120 內容用ctrl+V貼上			FAIL			yes	BarcodeReader.cpp:147:22: error: 'Handle' was not declared in this scope	仍缺：未宣告 Handle		
LOW	BarcodeReader.cpp	373	382	8	GATE (B-F1)		GATE (B-F1) -- fFTPClient has no port; see header	else if(CUSTOMER_CODE==CC_CYUEAN && fFTPClient->bShow)                      //Sam 20230706 : 依安客戶 FTP Setup		sim+ship	PASS-WITH-INCLUDE	LINK-OK	SHIP-OK	likely-no（缺 include）	BarcodeReader.cpp:374:41: error: 'fFTPClient' was not declared in this scope	候選：補 include KYECFTP/FTPClientForm_St02.h 後照 golden 解開（先確認那個名字是真本體、不是 stub／shim）		
LOW	BinDisplay/MyBinDisp.cpp	332	334	1	GATE (1)		AI(W906-ST02-C14) 20261002 (St02-E helper): GATE (1) lifted -- the golden 906 body (MyBinDisp.cpp:284-604) is BinDisplay/BinDispBringUp_St02.cpp; this empty stub is retired (was: void TMyBinDispCtrl::Timer1Timer(TObject * /*Sender*/))	{			FAIL			n/a	MyBinDisp.cpp:333:1: error: expected unqualified-id before '{' token	已退役的替身／參考副本（真本體在別處）：不要解（會重複定義），可整段清掉		
LOW	CCLink/MyCCLink.cpp	325	327	1	TODO(W7-UI)		TODO(W7-UI): TfCCLink::SaveSetupFile() (golden CCLink/MyCCLinkSensor.h:422)	fCCLink->SaveSetupFile();			FAIL			yes	MyCCLink.cpp:326:13: error: 'fCCLink' was not declared in this scope	仍缺：未宣告 fCCLink		
MEDIUM	Command.cpp	1243	1263	19			not a behavior guess. The ELSE branch below (IndexStatus/iContactMode/ iIndexArm/CONTACT_NORMAL -- all real, confirmed available) is translated ACTIVE and unconditional.	if(fContact->fShow)                                                         //Ifor 20240612 add:避免Contact Mode 資料回覆錯誤		sim+ship	PASS-WITH-INCLUDE	LINK-OK	SHIP-OK	likely-no（缺 include）	Command.cpp:1244:8: error: 'fContact' was not declared in this scope	候選：補 include atester_shims.h 後照 golden 解開（先確認那個名字是真本體、不是 stub／shim）	UI-STATE	
MEDIUM	Command.cpp	1931	1934	2			Faithful offline default: ret stays whatever SetTemp() returned (0 on the offline-success path), which already drives the SETTINGOK/SETTINGNG reply below exactly as if ChangeTempMode had itself succeeded.	if(ret==0)		sim+ship	PASS	LINK-OK	SHIP-OK	likely-no	(compiles: -fsyntax-only)	候選：照 golden 解開（先看風險標記）		
MEDIUM	Command.cpp	1952	1955	2	GATE(FW3-WA)		GATE(FW3-WA) golden :1607 -- same ChangeTempMode absence as above (see that GATE's full citation); ret is left as SetTemp()'s own return value.	if(ret==0)		sim+ship	PASS	LINK-OK	SHIP-OK	likely-no	(compiles: -fsyntax-only)	候選：照 golden 解開（先看風險標記）		
MEDIUM	Command.cpp	1991	2004	12	GATE(FW3-WA)		GATE(FW3-WA) golden :1656 `if(fContact->fShow)` -- same fContact absence as PERSITETemperatureStrings' identical construct above (see that function's GATE for the full citation); faithful offline default is the ELSE arm.	if(fContact->fShow)                                                         //Ifor 20240612 add:避免Contact Mode 資料回覆錯誤		sim+ship	PASS-WITH-INCLUDE	LINK-OK	SHIP-OK	likely-no（缺 include）	Command.cpp:1992:8: error: 'fContact' was not declared in this scope	候選：補 include atester_shims.h 後照 golden 解開（先確認那個名字是真本體、不是 stub／shim）	UI-STATE	
MEDIUM	Command.cpp	2037	2057	19			ACTIVE and un-gated.	if(iATC_Use_Heat_Count<=4)			FAIL			yes	Command.cpp:2040:40: error: 'class TATC_InterfaceFormShim' has no member named 'SetSingleTemp'	仍缺：TATC_InterfaceFormShim 沒有成員 SetSingleTemp		
MEDIUM	Command.cpp	2062	2082	19				if(iATC_Use_Heat_Count<=4)			FAIL			yes	Command.cpp:2065:40: error: 'class TATC_InterfaceFormShim' has no member named 'SetSingleTemp'	仍缺：TATC_InterfaceFormShim 沒有成員 SetSingleTemp		
MEDIUM	Command.cpp	2087	2089	1				ATC_InterfaceForm->SetAllTemp(dbSetATCTemp);			FAIL			yes	Command.cpp:2088:36: error: 'class TATC_InterfaceFormShim' has no member named 'SetAllTemp'	仍缺：TATC_InterfaceFormShim 沒有成員 SetAllTemp		
MEDIUM	Command.cpp	2097	2099	1				ATC_InterfaceForm->SetAllTemp(dbSetATCTemp);			FAIL			yes	Command.cpp:2098:32: error: 'class TATC_InterfaceFormShim' has no member named 'SetAllTemp'	仍缺：TATC_InterfaceFormShim 沒有成員 SetAllTemp		
MEDIUM	Command.cpp	2111	2113	1			this EXACT golden call under the same reasoning ("the METHOD is missing, not the object"). Re-verified 20260817 22:39: grep -rn "SetATCOffset" forms/*.h returns zero hits.	fLotInfo->SetATCOffset(true);                                               //WriteSetTestTempStatus			FAIL			yes	Command.cpp:2112:15: error: 'class TfLotInfo' has no member named 'SetATCOffset'; did you mean 'fTempATCOffset'?	仍缺：TfLotInfo 沒有成員 SetATCOffset		
MEDIUM	Command.cpp	3454	3466	11			grid cell, so it is faithfully in the SAME state golden's own empty-cell arm already handles: `Cells[3][1]==""` -> return "0". Whole body collapses to that arm rather than gating a single unreachable branch.	if(fShowBinSelect->UPH_StringGrid->Cells[3][1]=="")                         //Sam 20231205 : 修正 NOVATEK 指令		sim+ship	PASS	LINK-OK	SHIP-OK	likely-no	(compiles: -fsyntax-only)	候選：照 golden 解開（先看風險標記）	HAS-#else	
MEDIUM	Command.cpp	8664	8666	1			explicitly forms/fShowBinSelect.h's own documented "WAVE B QUEUE" item (golden span :388-757, ~250-widget ctor-population surface; see that header's line 62) -- not yet translated, no stand-in.	fShowBinSelect->ShowBinSel();		sim+ship	PASS	LINK-OK	SHIP-OK	likely-no	(compiles: -fsyntax-only)	候選：照 golden 解開（先看風險標記）		
MEDIUM	Command.cpp	9149	9153	3			hits, 20260818). `fMain->ShowTestHeadComp(true)` right after IS a real TfMain method (forms/fMain.h:156, empty body from an earlier wave) and stays ACTIVE un-gated.	fSetup->ScrollBar1Change(this);			FAIL			yes	Command.cpp:9150:13: error: 'class TfSetup' has no member named 'ScrollBar1Change'; did you mean 'ScrollBar1'?	仍缺：TfSetup 沒有成員 ScrollBar1Change		
MEDIUM	Command.cpp	9630	9632	1			Faithful offline default: `ret` stays whatever SetTemp() returned above (0 on the offline-success path), driving the same "0 -> return 0" path below exactly as if ChangeTempMode had itself succeeded.	ret=ChangeTempMode(iTempMode, false, bRefreshFunction, true, true);		sim+ship	PASS	LINK-OK	SHIP-OK	likely-no	(compiles: -fsyntax-only)	候選：照 golden 解開（先看風險標記）		
MEDIUM	Command.cpp	9722	9738	15			happen offline with no FTP-client form; this is a translator decision (not a golden-observed value) documented here per pt-wave policy, not a silent invention.	fFTPClient->bControlBySECSGEM=true;			FAIL			yes	Command.cpp:9733:29: error: 'GetCriticalParaAuth' was not declared in this scope  (補 include KYECFTP/FTPClientForm_St02.h 之後)	仍缺：未宣告 GetCriticalParaAuth	HAS-#else	
MEDIUM	Command.cpp	9839	9841	1			it here. ACTIVE DEFAULT: return 0 unconditionally, exactly as golden's own body does immediately after the (gated) clear call -- there is no separate success/failure branch to preserve.	fCounterClear->ClearCount(ctTraySortCount);		sim+ship	PASS-WITH-INCLUDE	LINK-OK	SHIP-OK	likely-no（缺 include）	Command.cpp:9840:5: error: 'fCounterClear' was not declared in this scope	候選：補 include forms/fCounterClear.h 後照 golden 解開（先確認那個名字是真本體、不是 stub／shim）		
MEDIUM	Command.cpp	11460	11462	1			(golden :10652, shared machine-config write under DataPath) stays a SAFETY-layer gate, untouched.	WriteIniData(szDir, "Mode", "Mode", 1);                     // GATE 7: shared config write (DataPath family) -- user ruling 20260824: stays gated, steps 1-4 only (GATE7-V: call-time DataPath, --dry re		sim+ship	PASS	LINK-OK	SHIP-OK	likely-no	(compiles: -fsyntax-only)	SAFETY 閘：編得過也先問筆電；會寫檔：先確認裁示允許寫這個檔；候選：照 golden 解開（先看風險標記）	SAFETY WRITES-FILE	
MEDIUM	Command.cpp	11472	11474	1	GATE 7 stays		verbatim, ChangeTempMode real per fd1bb48), GATE 7 stays (golden :10658, SAFETY-layer shared config write).	WriteIniData(szDir, "Mode", "Mode", 0);                         // GATE 7: shared config write (DataPath family) -- user ruling 20260824: stays gated, steps 1-4 only (GATE7-V: call-time DataPath, --dr		sim+ship	PASS	LINK-OK	SHIP-OK	likely-no	(compiles: -fsyntax-only)	SAFETY 閘：編得過也先問筆電；會寫檔：先確認裁示允許寫這個檔；候選：照 golden 解開（先看風險標記）	SAFETY WRITES-FILE	
MEDIUM	Command.cpp	11924	11927	2	GATE(FW3-WD)		GATE(FW3-WD) golden :11086 -- see GATE REGISTER item 9 above. `ret` stays its declared default `false`.	if(fFTPClient->CheckSetupFileNameFromServer(asChangeSetupFileName)==true)   //KaiChen 20181129 ：Add FTP Downlaod Setup File by GPIB Command			FAIL			yes	Command.cpp:11925:28: error: 'class TfFTPClient' has no member named 'CheckSetupFileNameFromServer'  (補 include KYECFTP/FTPClientForm_St02.h 之後)	仍缺：TfFTPClient 沒有成員 CheckSetupFileNameFromServer		
MEDIUM	Command.cpp	11963	11982	18	GATE(FW3-WD)		GATE(FW3-WD) golden :11120-11127 -- see GATE REGISTER item 10 above. Faithful default: no download channel exists offline, so the recipe change cannot have succeeded.	fFTPClient->bControlByGPIB=true;        //KaiChen 20181129 ：Add FTP Downlaod Setup File by GPIB Command		sim+ship	PASS-WITH-INCLUDE	LINK-OK	SHIP-OK	likely-no（缺 include）	Command.cpp:11964:5: error: 'fFTPClient' was not declared in this scope	候選：補 include KYECFTP/FTPClientForm_St02.h 後照 golden 解開（先確認那個名字是真本體、不是 stub／shim）	HAS-#else	
MEDIUM	Command.cpp	12161	12166	4	GATE(FW3-WD)		GATE(FW3-WD) golden :11302-11305 -- see GATE REGISTER item 12 above and the RISK NOTE at the top of this wave's banner.	bBackupState=cbRunStartMode->Enabled;			FAIL			yes	Command.cpp:12164:16: error: 'class TfMain' has no member named 'DoFTRTClick'; did you mean 'FTClick'?	仍缺：TfMain 沒有成員 DoFTRTClick		
MEDIUM	Command.cpp	12176	12181	4	GATE(FW3-WD)		GATE(FW3-WD) golden :11313-11316 -- see GATE REGISTER item 12 above and the RISK NOTE at the top of this wave's banner.	bBackupState=cbRunStartMode->Enabled;			FAIL			yes	Command.cpp:12179:16: error: 'class TfMain' has no member named 'DoFTRTClick'; did you mean 'FTClick'?	仍缺：TfMain 沒有成員 DoFTRTClick		
MEDIUM	Command.cpp	12210	12214	3			above. `ret` keeps its declared default `""`, so the reply below naturally resolves to "SETTINGNG" -- a faithful "did not happen" outcome, not a fabricated success.	fLotInfo->GenerateCheckList(false, sCheckListName, true);			FAIL			yes	Command.cpp:12211:15: error: 'class TfLotInfo' has no member named 'GenerateCheckList'; did you mean 'gbManualCheckList'?	仍缺：TfLotInfo 沒有成員 GenerateCheckList		
MEDIUM	Command.cpp	12471	12474	2	GATE(FW3-WD)		GATE(FW3-WD) golden :11588-11589 -- see GATE REGISTER items 16-17 above (config\ shared config write; fConfiguration absence).	WriteIniData(sPath, "Function", "bA32EnableFTPAutomation", 1);      // shared config write (hardcoded AuthPath, NOT dry-covered -- GATE7-V) -- user ruling 20260824: stays gated			FAIL			yes	Command.cpp:12473:29: error: 'struct W5SckArtRem_ConfigStub' has no member named 'cbA32'  (補 include Automation/SCK_ART_Remainder.h 之後)	仍缺：W5SckArtRem_ConfigStub 沒有成員 cbA32	WRITES-FILE	
MEDIUM	Command.cpp	12483	12485	1	GATE(FW3-WD)		GATE(FW3-WD) golden :11595/:11597 -- see GATE REGISTER items 16-17 above (config\ shared config write; fConfiguration absence).	WriteIniData(sPath, "Function", "bA32EnableFTPAutomation", 0);      // shared config write (hardcoded AuthPath, NOT dry-covered -- GATE7-V) -- user ruling 20260824: stays gated		sim+ship	PASS	LINK-OK	SHIP-OK	likely-no	(compiles: -fsyntax-only)	會寫檔：先確認裁示允許寫這個檔；候選：照 golden 解開（先看風險標記）	WRITES-FILE	
MEDIUM	Command.cpp	12487	12489	1				fConfiguration->cbA32->Checked=false;			FAIL			yes	Command.cpp:12488:29: error: 'struct W5SckArtRem_ConfigStub' has no member named 'cbA32'  (補 include Automation/SCK_ART_Remainder.h 之後)	仍缺：W5SckArtRem_ConfigStub 沒有成員 cbA32		
MEDIUM	Command.cpp	12707	12709	1			assignments stay ACTIVE.	WriteIniData(sLastFilePath, "Site Yield Alarm", "Site Yield Compare Count",iCount);     // shared config write (DataPath family) -- user ruling 20260824: stays gated (GATE7-V: call-time DataPath, --dr		sim+ship	PASS	LINK-OK	SHIP-OK	likely-no	(compiles: -fsyntax-only)	會寫檔：先確認裁示允許寫這個檔；候選：照 golden 解開（先看風險標記）	WRITES-FILE	
MEDIUM	Command.cpp	12711	12713	1				WriteIniData(sLastFilePath, "Low Yield Alarm", "By Total Count",iCount);                // shared config write (DataPath family) -- user ruling 20260824: stays gated (GATE7-V: call-time DataPath, --dr		sim+ship	PASS	LINK-OK	SHIP-OK	likely-no	(compiles: -fsyntax-only)	會寫檔：先確認裁示允許寫這個檔；候選：照 golden 解開（先看風險標記）	WRITES-FILE	
MEDIUM	Command.cpp	12718	12720	1				WriteIniData(sLastFilePath, "Site Yield Alarm", "Site Yield Compare Count RT",iCount);  // shared config write (DataPath family) -- user ruling 20260824: stays gated (GATE7-V: call-time DataPath, --dr		sim+ship	PASS	LINK-OK	SHIP-OK	likely-no	(compiles: -fsyntax-only)	會寫檔：先確認裁示允許寫這個檔；候選：照 golden 解開（先看風險標記）	WRITES-FILE	
MEDIUM	Command.cpp	12722	12724	1				WriteIniData(sLastFilePath, "Low Yield Alarm", "By Total Count RT",iCount);             // shared config write (DataPath family) -- user ruling 20260824: stays gated (GATE7-V: call-time DataPath, --dr		sim+ship	PASS	LINK-OK	SHIP-OK	likely-no	(compiles: -fsyntax-only)	會寫檔：先確認裁示允許寫這個檔；候選：照 golden 解開（先看風險標記）	WRITES-FILE	
MEDIUM	Command.cpp	12937	12942	4	GATE(FW3-WD)		GATE(FW3-WD) golden :12008-12011 -- see GATE REGISTER items 22-23 above (IniData\ shared config write; fYieldMonitoring absence).	WriteIniData(szDir, "Alarm", "HeadCT",   iFailCount);       // shared config write (DataPath family) -- user ruling 20260824: stays gated (GATE7-V: call-time DataPath, --dry redirect would cover it)			FAIL			yes	Command.cpp:12940:39: error: 'class TfYieldMonitoring' has no member named 'edContsFailSocketAlarmCT_FT'; did you mean 'rbContsFailBySocket_FTOff'?	仍缺：TfYieldMonitoring 沒有成員 edContsFailSocketAlarmCT_FT	WRITES-FILE	
MEDIUM	Command.cpp	12955	12962	6			`rbContsFailByHead_FTOff->Checked=TestIF_File. bContsFailByHead;` (no `!`) is preserved verbatim inside this (already-gated) block -- see the banner's B6 citation.	WriteIniData(szDir, "Alarm", "SocketEnable", iOn);              // shared config write (DataPath family) -- user ruling 20260824: stays gated (GATE7-V: call-time DataPath, --dry redirect would cover i		sim+ship	PASS	LINK-OK	SHIP-OK	likely-no	(compiles: -fsyntax-only)	會寫檔：先確認裁示允許寫這個檔；候選：照 golden 解開（先看風險標記）	WRITES-FILE	
MEDIUM	Command.cpp	12976	12981	4	GATE(FW3-WD)		GATE(FW3-WD) golden :12035-12038 -- see GATE REGISTER items 22-23 above (IniData\ shared config write; fYieldMonitoring absence).	WriteIniData(szDir, "Alarm", "HeadCT RT",   iFailCount);    // shared config write (DataPath family) -- user ruling 20260824: stays gated (GATE7-V: call-time DataPath, --dry redirect would cover it)			FAIL			yes	Command.cpp:12979:39: error: 'class TfYieldMonitoring' has no member named 'edContsFailSocketAlarmCT_RT'; did you mean 'rbContsFailBySocket_FTOff'?	仍缺：TfYieldMonitoring 沒有成員 edContsFailSocketAlarmCT_RT	WRITES-FILE	
MEDIUM	Command.cpp	12994	13001	6			`rbContsFailByHead_RTOff->Checked=TestIF_File. bContsFailByHead_RT;` (no `!`) is preserved verbatim inside this (already-gated) block -- see the banner's B6 citation.	WriteIniData(szDir, "Alarm", "SocketEnable RT", iOn);           // shared config write (DataPath family) -- user ruling 20260824: stays gated (GATE7-V: call-time DataPath, --dry redirect would cover i		sim+ship	PASS	LINK-OK	SHIP-OK	likely-no	(compiles: -fsyntax-only)	會寫檔：先確認裁示允許寫這個檔；候選：照 golden 解開（先看風險標記）	WRITES-FILE	
MEDIUM	Command.cpp	13494	13496	1	GATE(FW3-WE)		above. golden: Now().FormatString("yyyy/mm/dd"). GATE(FW3-WE) golden :12615 -- see GATE REGISTER item 2 above.	fMain->Memo2->Lines->Add(s);			FAIL			yes	Command.cpp:13495:12: error: 'class TfMain' has no member named 'Memo2'	仍缺：TfMain 沒有成員 Memo2		
MEDIUM	Command.cpp	13905	13912	6	GATE(FW3-WE)		GATE(FW3-WE) golden :14513-14518 -- see GATE REGISTER item 12 above.	fFixAICCD->chkEnableFix2AICCD->Checked          =TestIF_File.bEnableFix2BGAAICCD;			FAIL			yes	Command.cpp:13906:20: error: 'class TfFixAICCD' has no member named 'chkEnableFix2AICCD'  (補 include forms/fFixAICCD.h 之後)	仍缺：TfFixAICCD 沒有成員 chkEnableFix2AICCD		
MEDIUM	Command.cpp	13916	13923	6	GATE(FW3-WE)		GATE(FW3-WE) golden :14520-14525 -- see GATE REGISTER item 13 above (IniData\ shared config write).	WriteIniData(szDir, "Configuration", "Fix2 AI CCD Enable",                  TestIF_File.bEnableFix2BGAAICCD);		sim+ship	PASS	LINK-OK	SHIP-OK	likely-no	(compiles: -fsyntax-only)	會寫檔：先確認裁示允許寫這個檔；候選：照 golden 解開（先看風險標記）	WRITES-FILE	
MEDIUM	Command.cpp	14066	14068	1	GATE(FW3-WE)		GATE(FW3-WE) golden :14666 -- see GATE REGISTER item 14 above (established precedent GATE H3-5, csystem.cpp:29014).	ATC_InterfaceForm->SetOffset(iATC_Use_Heat_Count, dbATC_Offset);        //TransformTcGPIBData, not using			FAIL			yes	Command.cpp:14067:28: error: 'class TATC_InterfaceFormShim' has no member named 'SetOffset'	仍缺：TATC_InterfaceFormShim 沒有成員 SetOffset		
MEDIUM	Command.cpp	14479	14484	4	GATE(FW3-WE)		GATE(FW3-WE) golden :15071-15074 -- see GATE REGISTER item 16 above.	fFTPClient->bControlByGPIB=true;		sim+ship	PASS-WITH-INCLUDE	LINK-OK	SHIP-OK	likely-no（缺 include）	Command.cpp:14480:13: error: 'fFTPClient' was not declared in this scope	候選：補 include KYECFTP/FTPClientForm_St02.h 後照 golden 解開（先確認那個名字是真本體、不是 stub／shim）		
MEDIUM	Command.cpp	14665	14667	1	GATE(FW3-WE)		GATE(FW3-WE) golden :15254 -- see GATE REGISTER item 17 above.	ATC_InterfaceForm->ReadTCWaterValue();			FAIL			yes	Command.cpp:14666:24: error: 'class TATC_InterfaceFormShim' has no member named 'ReadTCWaterValue'	仍缺：TATC_InterfaceFormShim 沒有成員 ReadTCWaterValue		
MEDIUM	Command.cpp	14892	14894	1			keeps the value `HasICUnderMachine()` already gave it above (`false` -- this branch only runs when that is true) instead of being reassigned by the never-wave ChangeToSiteMap.	ret=ChangeToSiteMap(str);		sim+ship	PASS	LINK-OK	SHIP-OK	likely-no	(compiles: -fsyntax-only)	候選：照 golden 解開（先看風險標記）		
MEDIUM	Command.cpp	14909	14914	4	GATE(FW3-WF)		AI(ht9045-v899) 20260428: GPIB SETSITEMAP_ 變更 site 後，立即重寫 GTK info.txt 的 RunSite， 涵蓋 IPSC 只動 runtime 旗標 / 不寫回 LastSet 的時序差。 GATE(FW3-WF) golden :5334-5337 -- see GATE REGISTER item 2 above.	if(ret && CUSTOMER_CODE==CC_Greatek && fProductionInfo!=NULL)			FAIL			yes	Command.cpp:14912:26: error: 'class TfProductionInfo' has no member named 'SaveInfoFileWhenStart'  (補 include forms/fProductionInfo.h 之後)	仍缺：TfProductionInfo 沒有成員 SaveInfoFileWhenStart		
MEDIUM	Command.cpp	15074	15102	27	GATE(FW3-WF)		golden 原文保留在下面，**一個字都沒改** —— 它是解閘之後唯一能對照 「總表算的是不是同一件事」的東西。⛔ 不要刪。 GATE(FW3-WF) golden :7348-7360 -- see GATE REGISTER item 4 above.	if((fTeach->fShow || fMotorTest->fShow || fShuttleMove->fShow || fHome->fShow) ||			FAIL			yes	Command.cpp:15076:38: error: 'class TfContactShim' has no member named 'rbModeNormal'  (補 include forms/fTeach.h + forms/fMotorTest.h + forms/fShuttleMove.h 之後)	仍缺：TfContactShim 沒有成員 rbModeNormal	UI-STATE	
MEDIUM	Command.cpp	15820	15824	3	GATE(W906-FW-CMD-C)		GATE(W906-FW-CMD-C) golden :7826-7828 -- see ABSENCE GATE REGISTER item A1.	fSetup->ScrollBar1Change(this);			FAIL			yes	Command.cpp:15821:13: error: 'class TfSetup' has no member named 'ScrollBar1Change'; did you mean 'ScrollBar1'?	仍缺：TfSetup 沒有成員 ScrollBar1Change		
MEDIUM	Command.cpp	16045	16047	1	GATE(W906-FW-CMD-C)		GATE(W906-FW-CMD-C) golden :8040 -- see ABSENCE GATE REGISTER item A3.	fYieldMonitoring->btnApplyClick(this);			FAIL			yes	Command.cpp:16046:23: error: 'class TfYieldMonitoring' has no member named 'btnApplyClick'; did you mean 'btnApply'?	仍缺：TfYieldMonitoring 沒有成員 btnApplyClick		
MEDIUM	Command.cpp	16303	16305	1	GATE(W906-FW-CMD-C)		GATE(W906-FW-CMD-C) golden :8287 -- see ABSENCE GATE REGISTER item A3.	fYieldMonitoring->btnApplyClick(this);			FAIL			yes	Command.cpp:16304:23: error: 'class TfYieldMonitoring' has no member named 'btnApplyClick'; did you mean 'btnApply'?	仍缺：TfYieldMonitoring 沒有成員 btnApplyClick		
MEDIUM	Command.cpp	16357	16359	1	SAFETY-GATE(W906-FW-CMD-C)		SAFETY-GATE(W906-FW-CMD-C) golden :9700 -- see SAFETY GATE REGISTER item S1. Remote command channel must not autonomously start the machine; not wired.	fMain->Start("RemoteControl Start");		sim+ship	PASS	LINK-OK	SHIP-OK	likely-no	(compiles: -fsyntax-only)	SAFETY 閘：編得過也先問筆電；候選：照 golden 解開（先看風險標記）	SAFETY	
MEDIUM	Command.cpp	16367	16369	1	SAFETY-GATE(W906-FW-CMD-C)		SAFETY-GATE(W906-FW-CMD-C) golden :9706 -- see SAFETY GATE REGISTER item S1.	fMain->Pause("RemoteControl Reset");		sim+ship	PASS	LINK-OK	SHIP-OK	likely-no	(compiles: -fsyntax-only)	SAFETY 閘：編得過也先問筆電；候選：照 golden 解開（先看風險標記）	SAFETY	
MEDIUM	Command.cpp	16377	16379	1	SAFETY-GATE(W906-FW-CMD-C)		SAFETY-GATE(W906-FW-CMD-C) golden :9712 -- see SAFETY GATE REGISTER item S1.	fMain->Pause("RemoteControl Pause");		sim+ship	PASS	LINK-OK	SHIP-OK	likely-no	(compiles: -fsyntax-only)	SAFETY 閘：編得過也先問筆電；候選：照 golden 解開（先看風險標記）	SAFETY	
MEDIUM	Command.cpp	16628	16630	1	GATE(W906-FW-CMD-C)		GATE(W906-FW-CMD-C) golden :12994 -- see ABSENCE GATE REGISTER item A4.	sSendMes.sprintf("HTSR,211,%0.2f,",atof(fContact->edAirForce->Text.c_str()));			FAIL			yes	Command.cpp:16629:59: error: 'class TfContactShim' has no member named 'edAirForce'	仍缺：TfContactShim 沒有成員 edAirForce		
MEDIUM	Command.cpp	16635	16637	1	GATE(W906-FW-CMD-C)		GATE(W906-FW-CMD-C) golden :12998 -- see ABSENCE GATE REGISTER item A4.	sSendMes.sprintf("HTSR,212,%0.2f,",atof(fContact->edForcePerDeviceKG->Text.c_str()));			FAIL			yes	Command.cpp:16636:59: error: 'class TfContactShim' has no member named 'edForcePerDeviceKG'	仍缺：TfContactShim 沒有成員 edForcePerDeviceKG		
MEDIUM	Command.cpp	16792	16796	3	GATE(W906-FW-CMD-C)		GATE(W906-FW-CMD-C) golden :13151-13153 -- see ABSENCE GATE REGISTER item A5.	fFTPClient->bControlBySECSGEM=true;		sim+ship	PASS-WITH-INCLUDE	LINK-OK	SHIP-OK	likely-no（缺 include）	Command.cpp:16793:13: error: 'fFTPClient' was not declared in this scope	候選：補 include KYECFTP/FTPClientForm_St02.h 後照 golden 解開（先確認那個名字是真本體、不是 stub／shim）		
MEDIUM	Command.cpp	16861	16863	1			#endif   //AI(W906-S09-ST) 20260930 (St02-E, claim): see :16855	fYieldMonitoring->btnApplyClick(fYieldMonitoring);			FAIL			yes	Command.cpp:16862:27: error: 'class TfYieldMonitoring' has no member named 'btnApplyClick'; did you mean 'btnApply'?	仍缺：TfYieldMonitoring 沒有成員 btnApplyClick		
MEDIUM	Command.cpp	16876	16878	1			#endif   //AI(W906-S09-ST) 20260930 (St02-E, claim): see :16870	fYieldMonitoring->btnApplyClick(fYieldMonitoring);			FAIL			yes	Command.cpp:16877:27: error: 'class TfYieldMonitoring' has no member named 'btnApplyClick'; did you mean 'btnApply'?	仍缺：TfYieldMonitoring 沒有成員 btnApplyClick		
MEDIUM	Command.cpp	16889	16893	3	GATE REGISTER item		literal `0` directly into TrayForm.LoaderToEmptyColor[FT] (same "mirror is missing, literal survives" shape as this tree's own established gate precedent, e.g. FW3-WD GATE REGISTER item 4).	fTrayAssignment->RGLoader->ItemIndex=0;			FAIL			yes	Command.cpp:16892:26: error: 'class TfTrayAssignment' has no member named 'spbSaveClick'; did you mean 'RGLoaderClick'?  (補 include forms/fTrayAssignment.h 之後)	仍缺：TfTrayAssignment 沒有成員 spbSaveClick		
MEDIUM	Command.cpp	16901	16905	3	GATE(W906-FW-CMD-C)		GATE(W906-FW-CMD-C) golden :13235/13237 -- see ABSENCE GATE REGISTER item A6, same literal-mirror shape as HTSET,308 above.	fTrayAssignment->rgLoad_RT->ItemIndex=1;			FAIL			yes	Command.cpp:16904:26: error: 'class TfTrayAssignment' has no member named 'spbSaveClick'; did you mean 'RGLoaderClick'?  (補 include forms/fTrayAssignment.h 之後)	仍缺：TfTrayAssignment 沒有成員 spbSaveClick		
MEDIUM	Command.cpp	16913	16915	1	GATE(W906-FW-CMD-C)		GATE(W906-FW-CMD-C) golden :13242 -- see ABSENCE GATE REGISTER item A15 (fLotInfo->btUpload).	fLotInfo->btUpload->Visible=false;  //Eliot 2011_0815  // 2011.10.20 Q_Q Transplant form Eliot			FAIL			yes	Command.cpp:16914:19: error: 'class TfLotInfo' has no member named 'btUpload'; did you mean 'btDownload'?	仍缺：TfLotInfo 沒有成員 btUpload		
MEDIUM	Command.cpp	16920	16922	1	GATE(W906-FW-CMD-C)		GATE(W906-FW-CMD-C) golden :13246 -- see ABSENCE GATE REGISTER item A7.	spbUserName->Caption="Supervisor";			FAIL			yes	Command.cpp:16921:9: error: 'spbUserName' was not declared in this scope	仍缺：未宣告 spbUserName		
MEDIUM	Command.cpp	16931	16933	1	GATE(W906-FW-CMD-C)		GATE(W906-FW-CMD-C) golden :13254 -- see ABSENCE GATE REGISTER item A7.	spbUserName->Caption="Operator";			FAIL			yes	Command.cpp:16932:9: error: 'spbUserName' was not declared in this scope	仍缺：未宣告 spbUserName		
MEDIUM	Command.cpp	16940	16943	2	GATE(W906-FW-CMD-C)		GATE(W906-FW-CMD-C) golden :13259-13260 -- see ABSENCE GATE REGISTER item A3.	fYieldMonitoring->cbLowYield_FT->Checked=true;			FAIL			yes	Command.cpp:16942:27: error: 'class TfYieldMonitoring' has no member named 'btnApplyClick'; did you mean 'btnApply'?	仍缺：TfYieldMonitoring 沒有成員 btnApplyClick		
MEDIUM	Command.cpp	16950	16953	2	GATE(W906-FW-CMD-C)		GATE(W906-FW-CMD-C) golden :13265-13266 -- see ABSENCE GATE REGISTER item A3.	fYieldMonitoring->cbLowYield_FT->Checked=false;			FAIL			yes	Command.cpp:16952:27: error: 'class TfYieldMonitoring' has no member named 'btnApplyClick'; did you mean 'btnApply'?	仍缺：TfYieldMonitoring 沒有成員 btnApplyClick		
MEDIUM	Command.cpp	17008	17010	1	GATE(W906-FW-CMD-C)		GATE(W906-FW-CMD-C) golden :13297 -- see ABSENCE GATE REGISTER item A14. See this wave's RISK NOTE: sData1 still reports "RT" even though the mode flip itself did not fire.	fMain->DoFTRTClick(true, false);                                    //RogerYang 20260410 : 整合並區分手動按下還是程式按下			FAIL			yes	Command.cpp:17009:20: error: 'class TfMain' has no member named 'DoFTRTClick'; did you mean 'FTClick'?	仍缺：TfMain 沒有成員 DoFTRTClick		
MEDIUM	Command.cpp	17016	17018	1	GATE(W906-FW-CMD-C)		GATE(W906-FW-CMD-C) golden :13302 -- see ABSENCE GATE REGISTER item A14.	fMain->DoFTRTClick(false, false);                                    //RogerYang 20260410 : 整合並區分手動按下還是程式按下			FAIL			yes	Command.cpp:17017:20: error: 'class TfMain' has no member named 'DoFTRTClick'; did you mean 'FTClick'?	仍缺：TfMain 沒有成員 DoFTRTClick		
MEDIUM	Command.cpp	17175	17177	1	GATE(W906-FW-CMD-C)		GATE(W906-FW-CMD-C) golden :13433 -- see ABSENCE GATE REGISTER item A4.   [AI(W906-W40-354) 20260928 (St02-E helper): stays gated -- the port's fContact is TfContactShim with no edit box, so W40 option A writes this sData[2] straight into Contact.Data below]	fContact->edForcePerPinG->Text=sData[2];			FAIL			yes	Command.cpp:17176:23: error: 'class TfContactShim' has no member named 'edForcePerPinG'	仍缺：TfContactShim 沒有成員 edForcePerPinG		
MEDIUM	Command.cpp	17315	17317	1	GATE(W906-FW-CMD-C)		GATE(W906-FW-CMD-C) golden :13560 -- see ABSENCE GATE REGISTER item A10.	fCleaning->rgAutoCleanOnOff->ItemIndex=0;			FAIL			yes	Command.cpp:17316:24: error: 'class TfCleaning' has no member named 'rgAutoCleanOnOff'	仍缺：TfCleaning 沒有成員 rgAutoCleanOnOff		
MEDIUM	Command.cpp	17345	17347	1	GATE(W906-FW-CMD-C)		GATE(W906-FW-CMD-C) golden :13586 -- see ABSENCE GATE REGISTER item A10.	fCleaning->rgAutoCleanOnOff->ItemIndex=1;			FAIL			yes	Command.cpp:17346:28: error: 'class TfCleaning' has no member named 'rgAutoCleanOnOff'	仍缺：TfCleaning 沒有成員 rgAutoCleanOnOff		
MEDIUM	Command.cpp	17355	17357	1	GATE(W906-FW-CMD-C)		GATE(W906-FW-CMD-C) golden :13592 -- see ABSENCE GATE REGISTER item A10.	fCleaning->rgAutoCleanOnOff->ItemIndex=0;			FAIL			yes	Command.cpp:17356:28: error: 'class TfCleaning' has no member named 'rgAutoCleanOnOff'	仍缺：TfCleaning 沒有成員 rgAutoCleanOnOff		
MEDIUM	Command.cpp	17378	17380	1	GATE(W906-FW-CMD-C)		GATE(W906-FW-CMD-C) golden :13608 -- see ABSENCE GATE REGISTER item A10.	fCleaning->edContactTime->Text=sData[2];			FAIL			yes	Command.cpp:17379:20: error: 'class TfCleaning' has no member named 'edContactTime'	仍缺：TfCleaning 沒有成員 edContactTime		
MEDIUM	Command.cpp	17396	17398	1	GATE(W906-FW-CMD-C)		GATE(W906-FW-CMD-C) golden :13619 -- see ABSENCE GATE REGISTER item A10.	fCleaning->edACContactCount->Text=sData[2];			FAIL			yes	Command.cpp:17397:20: error: 'class TfCleaning' has no member named 'edACContactCount'; did you mean 'edAlarmCount'?	仍缺：TfCleaning 沒有成員 edACContactCount		
MEDIUM	Command.cpp	17414	17416	1	GATE(W906-FW-CMD-C)		GATE(W906-FW-CMD-C) golden :13630 -- see ABSENCE GATE REGISTER item A10.	fCleaning->edIntervalContact->Text=sData[2];			FAIL			yes	Command.cpp:17415:20: error: 'class TfCleaning' has no member named 'edIntervalContact'	仍缺：TfCleaning 沒有成員 edIntervalContact		
MEDIUM	Command.cpp	17461	17463	1	GATE(W906-FW-CMD-C)		GATE(W906-FW-CMD-C) golden :13661 -- see ABSENCE GATE REGISTER item A10. See this wave's RISK NOTE: sData1 still reports "OK" even though the reset click did not fire.	fCleaning->btnResetCleanCountClick(fCleaning);		sim+ship	PASS	LINK-OK	SHIP-OK	likely-no	(compiles: -fsyntax-only)	候選：照 golden 解開（先看風險標記）		
MEDIUM	Command.cpp	17490	17499	8			contract), so this whole true-arm is unreachable offline regardless; gated as one unit rather than fabricating a compileable stand-in for the absent flags.	if(fNote->fShow && fNote->bNeedTCPAlarm)			FAIL			yes	Command.cpp:17491:35: error: 'class TfNote' has no member named 'bNeedTCPAlarm'	仍缺：TfNote 沒有成員 bNeedTCPAlarm	UI-STATE	
MEDIUM	Command.cpp	17509	17520	10	GATE(W906-FW-CMD-C)		GATE(W906-FW-CMD-C) golden :13692-13699 -- see ABSENCE GATE REGISTER item A12, same fShow-always-false reasoning as HTSET,519 above.	if(fNote->fShow && fNote->bNeedTCPAlarm)			FAIL			yes	Command.cpp:17510:35: error: 'class TfNote' has no member named 'bNeedTCPAlarm'	仍缺：TfNote 沒有成員 bNeedTCPAlarm	UI-STATE	
MEDIUM	Command.cpp	17556	17616	59			(`WriteLastDataFile(false)`, golden :13754) and the `fSCKART-> Show()`/`->btnExit` absence (also item A11) inside the gated arm -- both are moot dead code under this #if 0.	if(fSCKART->iTesterType==1 || fSCKART->iCurrentStatus!=fSCKART->iLOTSTATUS_A)			FAIL			yes	Command.cpp:17557:48: error: 'class TfSCKART' has no member named 'iCurrentStatus'; did you mean 'SetLotStatus'?	仍缺：TfSCKART 沒有成員 iCurrentStatus	ONCLICK SAFETY	
MEDIUM	Command.cpp	17710	17723	12			inside it are moot dead code under this #if 0, not a separate loss.	if(fNote->bNeedTCPAlarm && fNote->bNeedPassWord)                    //Sam 20230613 : 通知系統 Handler 已經密碼鎖定，改為被詢問			FAIL			yes	Command.cpp:17711:23: error: 'class TfNote' has no member named 'bNeedTCPAlarm'	仍缺：TfNote 沒有成員 bNeedTCPAlarm		
MEDIUM	Command.cpp	17784	17787	2	GATE(W906-FW-CMD-C)		#endif GATE(W906-FW-CMD-C) golden :13926-13927 -- see ABSENCE GATE REGISTER item A11 (fSCKART->Show()/->btnExit).	fSCKART->Show();			FAIL			yes	Command.cpp:17785:18: error: 'class TfSCKART' has no member named 'Show'	仍缺：TfSCKART 沒有成員 Show	ONCLICK	
MEDIUM	Command.cpp	17888	17890	1	GATE(W906-FW-CMD-C)		GATE(W906-FW-CMD-C) golden :14021 -- see ABSENCE GATE REGISTER item A13. See this wave's RISK NOTE: the reply below still reports "OK" even though SetLotEnd did not fire.	fLotInfo->SetLotEnd(__FUNC__);		sim+ship	PASS	LINK-OK	SHIP-OK	likely-no	(compiles: -fsyntax-only)	候選：照 golden 解開（先看風險標記）		
LOW	ContactForce.cpp	321	369	47			AI(W906-COMMATEXT-FU) 20261003: the pre-INBOX-152 parser (vclcompat parseDelimited copy) -- replaced by the line above; this line was `const char cDelim = ',';`	const char cQuote = '"';			FAIL			n/a	ContactForce.cpp:331:82: error: 'cDelim' was not declared in this scope	已退役的替身／參考副本（真本體在別處）：不要解（會重複定義），可整段清掉		
LOW	DynamicTemp.cpp	124	126	1	GATE (C1)		GATE (C1) -- golden :50, COM2->TempComm6 has no port (see forms/fDynamicTemp.h)	COM2->TempComm6->WriteCommData(asWriteComm.c_str(),asWriteComm.Length());			FAIL			yes	DynamicTemp.cpp:125:11: error: 'class TCOM2Shim' has no member named 'TempComm6'  (補 include atester_shims.h 之後)	仍缺：TCOM2Shim 沒有成員 TempComm6		
LOW	DynamicTemp.cpp	156	159	2	GATE (D1)		GATE (D1) -- golden :73, real disk read of an arbitrary	ListBox1->Items->LoadFromFile(OpenDialog2->FileName);		sim+ship	PASS	LINK-OK	SHIP-OK	likely-no	(compiles: -fsyntax-only)	候選：照 golden 解開（先看風險標記）		
LOW	DynamicTemp.cpp	196	199	2	GATE (D2)		GATE (D2) -- golden :106, real disk write of an arbitrary	ListBox1->Items->SaveToFile(SaveDialog1->FileName);		sim+ship	PASS	LINK-OK	SHIP-OK	likely-no	(compiles: -fsyntax-only)	會寫檔：先確認裁示允許寫這個檔；候選：照 golden 解開（先看風險標記）	WRITES-FILE	
LOW	DynamicTemp.cpp	225	228	2	GATE (C1)		GATE (C1) -- golden :126-127, COM2->TempComm6 has no port (see forms/fDynamicTemp.h)	COM2->TempComm6->StopComm();			FAIL			yes	DynamicTemp.cpp:226:11: error: 'class TCOM2Shim' has no member named 'TempComm6'  (補 include atester_shims.h 之後)	仍缺：TCOM2Shim 沒有成員 TempComm6		
LOW	DynamicTemp.cpp	462	464	1	GATE (C1)		GATE (C1) -- golden :318, COM2->TempComm6 has no port (see forms/fDynamicTemp.h)	COM2->TempComm6->WriteCommData(asWriteComm.c_str(), asWriteComm.Length());			FAIL			yes	DynamicTemp.cpp:463:11: error: 'class TCOM2Shim' has no member named 'TempComm6'  (補 include atester_shims.h 之後)	仍缺：TCOM2Shim 沒有成員 TempComm6		
LOW	DynamicTemp.cpp	474	477	2	GATE (C1)		GATE (C1) -- golden :326-327, COM2->TempComm6 has no port (see forms/fDynamicTemp.h)	COM2->TempComm6->StopComm();			FAIL			yes	DynamicTemp.cpp:475:11: error: 'class TCOM2Shim' has no member named 'TempComm6'  (補 include atester_shims.h 之後)	仍缺：TCOM2Shim 沒有成員 TempComm6		
LOW	DynamicTemp.cpp	498	500	1	GATE (C1)		GATE (C1) -- golden :342, COM2->TempComm6 has no port (see forms/fDynamicTemp.h)	COM2->TempComm6->WriteCommData(asWriteComm.c_str(), asWriteComm.Length());			FAIL			yes	DynamicTemp.cpp:499:11: error: 'class TCOM2Shim' has no member named 'TempComm6'  (補 include atester_shims.h 之後)	仍缺：TCOM2Shim 沒有成員 TempComm6		
LOW	EJ1N/MyOmronPanel.cpp	86	105	18	GATE (2)		GroupBox1MouseUp/Down/Move (GATE (2)) and setEditValueClick's OnClick wiring have no callee signature this tree can express / no callee substrate (GATE (3)) respectively. Preserved verbatim:	ImgOmronPanel   =new TImage(this);			FAIL			yes	MyOmronPanel.cpp:87:5: error: 'ImgOmronPanel' was not declared in this scope	仍缺：未宣告 ImgOmronPanel		
LOW	EJ1N/MyOmronPanel.cpp	115	123	7				edSV->Parent=GroupBox;			FAIL			yes	MyOmronPanel.cpp:116:11: error: 'class vclcompat::TEdit' has no member named 'Parent'	仍缺：vclcompat::TEdit 沒有成員 Parent		
LOW	EJ1N/MyOmronPanel.cpp	125	132	6				edSV->Font->Charset = DEFAULT_CHARSET;			FAIL			yes	MyOmronPanel.cpp:126:11: error: 'class vclcompat::TEdit' has no member named 'Font'	仍缺：vclcompat::TEdit 沒有成員 Font		
LOW	EJ1N/MyOmronPanel.cpp	134	141	6				cbEnableAT->Parent  =GroupBox;			FAIL			yes	MyOmronPanel.cpp:135:17: error: 'class vclcompat::TCheckBox' has no member named 'Parent'	仍缺：vclcompat::TCheckBox 沒有成員 Parent		
LOW	EJ1N/MyOmronPanel.cpp	204	216	11			:107-117, drawing PV onto ImgOmronPanel) has no substrate (no TImage/TCanvas type in this port). The one state-carrying side effect, `dPv=atof(PV.c_str())`, is preserved ACTIVE below. Verbatim:	int iTextWidth, iTextHeight;			FAIL			yes	MyOmronPanel.cpp:207:5: error: 'ImgOmronPanel' was not declared in this scope	仍缺：未宣告 ImgOmronPanel		
LOW	EJ1N/MyOmronPanel.cpp	223	231	7	GATE (1)		AI(W906-PT-W2) 20260807: GATE (1) -- 100% Canvas paint, no other state.	int iTextWidth, iTextHeight;			FAIL			yes	MyOmronPanel.cpp:226:5: error: 'ImgOmronPanel' was not declared in this scope	仍缺：未宣告 ImgOmronPanel		
LOW	EJ1N/MyOmronPanel.cpp	237	245	7	GATE (1)		AI(W906-PT-W2) 20260807: GATE (1) -- 100% Canvas paint, no other state.	int iTextWidth, iTextHeight;			FAIL			yes	MyOmronPanel.cpp:240:5: error: 'ImgOmronPanel' was not declared in this scope	仍缺：未宣告 ImgOmronPanel		
LOW	EJ1N/MyOmronPanel.cpp	251	259	7	GATE (1)		AI(W906-PT-W2) 20260807: GATE (1) -- 100% Canvas paint, no other state.	int iTextWidth, iTextHeight;			FAIL			yes	MyOmronPanel.cpp:254:5: error: 'ImgOmronPanel' was not declared in this scope	仍缺：未宣告 ImgOmronPanel		
LOW	EJ1N/MyOmronPanel.cpp	265	273	7	GATE (1)		AI(W906-PT-W2) 20260807: GATE (1) -- 100% Canvas paint, no other state.	int iTextWidth, iTextHeight;			FAIL			yes	MyOmronPanel.cpp:268:5: error: 'ImgOmronPanel' was not declared in this scope	仍缺：未宣告 ImgOmronPanel		
LOW	EJ1N/MyOmronPanel.cpp	279	293	13	GATE (1)		AI(W906-PT-W2) 20260807: GATE (1) -- 100% Canvas paint, no other state.	int iTextWidth, iTextHeight;			FAIL			yes	MyOmronPanel.cpp:282:5: error: 'ImgOmronPanel' was not declared in this scope	仍缺：未宣告 ImgOmronPanel		
LOW	EJ1N/MyOmronPanel.cpp	299	307	7	GATE (1)		AI(W906-PT-W2) 20260807: GATE (1) -- 100% Canvas paint, no other state.	int iTextWidth, iTextHeight;			FAIL			yes	MyOmronPanel.cpp:302:5: error: 'ImgOmronPanel' was not declared in this scope	仍缺：未宣告 ImgOmronPanel		
LOW	EJ1N/MyOmronPanel.cpp	313	317	3	GATE (1)		AI(W906-PT-W2) 20260807: GATE (1) -- 100% Canvas paint, no other state.	ImgOmronPanel->Canvas->Brush->Color=BackGround;			FAIL			yes	MyOmronPanel.cpp:314:5: error: 'ImgOmronPanel' was not declared in this scope	仍缺：未宣告 ImgOmronPanel		
LOW	EJ1N/MyOmronPanel.cpp	476	482	5			have no port on vclcompat::TControl and `iStartX`/`iStartY` are unqualified here inside a free function, so this one STAYS SHUT. Golden preserved VERBATIM:	if(Ptr->Tag==1)		sim+ship	PASS	LINK-OK	SHIP-OK	likely-no	(compiles: -fsyntax-only)	候選：照 golden 解開（先看風險標記）	TAG(.dfm?)	
LOW	EJ1N/TextProcess.cpp	516	527	10	TODO(W906-GA-EJ1N)		TODO(W906-GA-EJ1N): superseded by vclcompat::HexStrToInt(const AnsiString&)	int HexStrToInt(AnsiString str)		sim+ship	PASS			n/a	(compiles: -fsyntax-only)	已退役的替身／參考副本（真本體在別處）：不要解（會重複定義），可整段清掉		
LOW	EJ1N/TextProcess.h	117	119	1	TODO(W906-GA-EJ1N)		TODO(W906-GA-EJ1N): superseded by vclcompat::HexStrToInt(const AnsiString&)	extern int        HexStrToInt(AnsiString str);                                  //16進制轉10進制		sim+ship	PASS			n/a	 [via EJ1N/TextProcess.cpp]	已退役的替身／參考副本（真本體在別處）：不要解（會重複定義），可整段清掉		
LOW	EJ1N/uDTME08Control.h	137	141	3	GATE (1)		this header's own banner GATE (1).	return ExtractFilePath(Application->ExeName);			FAIL			yes	uDTME08Control.h:138:32: error: 'Application' was not declared in this scope [via EJ1N/uDTME08Control.cpp]	仍缺：未宣告 Application	HAS-#else	
LOW	EJ1N/uSocketServerClient.cpp	470	474	3	GATE REGISTER above.		ClientSocket.h's AI(W906-ServerSocket) EXTENSION note).  Same observable string either way -- NO behaviour delta.  See this file's own GATE REGISTER above.	return ServerSocket->Socket->Connections[0]->RemoteAddress;			FAIL			yes	uSocketServerClient.cpp:471:54: error: 'class Scktcomp::TCustomWinSocket' has no member named 'RemoteAddress'; did you mean 'RemotePort'?	仍缺：Scktcomp::TCustomWinSocket 沒有成員 RemoteAddress	HAS-#else	
LOW	EJ1N/uSocketServerClient.cpp	586	590	3			and tears down the connection -- the same net effect Close() would have here (this handler already forces bConnected=false itself the line above, independent of Socket's own state).	Socket->Close();			FAIL			yes	uSocketServerClient.cpp:587:17: error: 'class Scktcomp::TCustomWinSocket' has no member named 'Close'	仍缺：Scktcomp::TCustomWinSocket 沒有成員 Close	HAS-#else	
HELD	EtherCAT/MyEtherCAT.cpp	430	437	6		INDEXZ-1203／EP 重做		iTotalDeviceRing1+=fCCLink->iTotalDevices;		none	PASS			n/a	(probe4: the #if 0 line is inside an inactive #if in both sim and ship)	HELD（INDEXZ-1203／EP 重做）；探針：兩種組態都不會編到（包在別的條件編譯裡，例 `#if W906_CMYDB_SQLITE`＝已退役的 sqlite 路徑）：解不解產品都不會變，不用排	HAS-#else	
HELD	EtherCAT/MyEtherCAT.cpp	521	552	30		INDEXZ-1203／EP 重做		for(int i=0; i<fCCLink->iTotalDevices; i++)		none	PASS			n/a	(probe4: the #if 0 line is inside an inactive #if in both sim and ship)	HELD（INDEXZ-1203／EP 重做）；探針：兩種組態都不會編到（包在別的條件編譯裡，例 `#if W906_CMYDB_SQLITE`＝已退役的 sqlite 路徑）：解不解產品都不會變，不用排	HAS-#else	
LOW	FileRW/DeviceForm_File.cpp	806	808	1	GATE (W906-B8-CT3B)		GATE (W906-B8-CT3B) golden 906 main.cpp:6311 (V912 :6581) fLotInfo->SetAQLMode() -- forms/fLotInfo.h has no SetAQLMode (same gap as SECSGEM/uHGemHT9045.cpp G39); the AQL sort mode is not set	fLotInfo->SetAQLMode();			FAIL			yes	DeviceForm_File.cpp:807:23: error: 'class TfLotInfo' has no member named 'SetAQLMode'; did you mean 'palAQLMode'?  (補 include forms/fLotInfo.h 之後)	仍缺：TfLotInfo 沒有成員 SetAQLMode		
LOW	FileRW/HSys.cpp	128	137	8			golden V912 HandlerSys.cpp:50-60 原文（缺鍵時 CheckAndReadIniDataGeneral 補寫 -9999；Q15 改掉）	int iHeaterInsOpt_Old = CheckAndReadIniDataGeneral("TempCtrl","HEATER_CTRL_TYPE",KT4H);		sim+ship	PASS	LINK-OK	SHIP-OK	likely-no	(compiles: -fsyntax-only)	候選：照 golden 解開（先看風險標記）		
LOW	FileRW/HSys.cpp	1662	1669	6	GATE(W906-IDXSUCK-ASK)		GATE(W906-IDXSUCK-ASK) 鍵不存在時 golden 開機跳是／否框問「Index 真空產生器用負壓嗎」；wb_serve 開機時沒有網頁能回答 ⇒ 留著閘、INDEX_SUCKER_TYPE 維持預設 0（＝golden 答「否」）、不寫檔。鍵存在的機台（一般都有）走下面照 golden 讀	if(Application->MessageBox("index sucker use negative press? (index真空產生器使用負壓系統?)", NULL, MB_YESNO | MB_TOPMOST)==IDYES)			FAIL			yes	HSys.cpp:1663:12: error: 'Application' was not declared in this scope	仍缺：未宣告 Application	WRITES-FILE	
LOW	FileRW/LotInfo_SECSLotStart.cpp	234	241	6	GATE (W906-E020-LI1-1)		GATE (W906-E020-LI1-1)	if(DoPassword()==false)			FAIL			yes	LotInfo_SECSLotStart.cpp:235:23: error: 'DoPassword' was not declared in this scope	仍缺：未宣告 DoPassword	HAS-#else	
LOW	FileRW/LotInfo_SECSLotStart.cpp	295	298	2	GATE (W906-E020-LI1-2)		GATE (W906-E020-LI1-2)	if(rgSort2DID->ItemIndex==1)                                        //手動選檔案			FAIL			yes	LotInfo_SECSLotStart.cpp:296:16: error: 'rgSort2DID' was not declared in this scope	仍缺：未宣告 rgSort2DID		
LOW	FileRW/LotInfo_SECSLotStart.cpp	339	341	1	GATE (W906-E020-LI1-3)		GATE (W906-E020-LI1-3)	fFTPClient->Download_2DSortingList(strPath, str1);			FAIL			yes	LotInfo_SECSLotStart.cpp:340:25: error: 'class TfFTPClient' has no member named 'Download_2DSortingList'  (補 include KYECFTP/FTPClientForm_St02.h 之後)	仍缺：TfFTPClient 沒有成員 Download_2DSortingList		
LOW	FileRW/LotInfo_SECSLotStart.cpp	352	495	142	GATE (W906-E020-LI1-4)		GATE (W906-E020-LI1-4)	fSCKART->sLotID=edtSysLotID->Text;			FAIL			yes	LotInfo_SECSLotStart.cpp:353:29: error: 'edtSysLotID' was not declared in this scope  (補 include forms/fSCKART.h 之後)	仍缺：未宣告 edtSysLotID	WRITES-FILE HAS-#else	
LOW	FileRW/LotInfo_SECSLotStart.cpp	537	585	47	GATE (W906-E020-LI1-5)		GATE (W906-E020-LI1-5)	TStringList *list2DTemp=new TStringList();			FAIL			yes	LotInfo_SECSLotStart.cpp:540:42: error: 'edtSysLotID' was not declared in this scope	仍缺：未宣告 edtSysLotID	HAS-#else	
LOW	FileRW/LotInfo_SECSLotStart.cpp	622	624	1	GATE (W906-E020-LI1-5)		GATE (W906-E020-LI1-5)	fBarCode->bNeedCheckWhitleList=true;			FAIL			yes	LotInfo_SECSLotStart.cpp:623:35: error: 'class TfBarCode' has no member named 'bNeedCheckWhitleList'  (補 include BarCode/BarCode.h 之後)	仍缺：TfBarCode 沒有成員 bNeedCheckWhitleList		
LOW	FileRW/LotInfo_SECSLotStart.cpp	660	662	1	GATE (W906-E020-LI1-5)		GATE (W906-E020-LI1-5)	fBarCode->bNeedCheckWhitleList=false;			FAIL			yes	LotInfo_SECSLotStart.cpp:661:51: error: 'class TfBarCode' has no member named 'bNeedCheckWhitleList'  (補 include BarCode/BarCode.h 之後)	仍缺：TfBarCode 沒有成員 bNeedCheckWhitleList		
LOW	FileRW/LotInfo_SECSLotStart.cpp	719	722	2	GATE (W906-E020-LI1-2)		GATE (W906-E020-LI1-2)	if(rgSort2DID->ItemIndex==1)                                //手動選檔案			FAIL			yes	LotInfo_SECSLotStart.cpp:720:24: error: 'rgSort2DID' was not declared in this scope	仍缺：未宣告 rgSort2DID		
LOW	FileRW/LotInfo_SECSLotStart.cpp	729	765	35	GATE (W906-E020-LI1-5)		GATE (W906-E020-LI1-5)	fBarCode->list2DWhitle->Clear();			FAIL			yes	LotInfo_SECSLotStart.cpp:730:31: error: 'class TfBarCode' has no member named 'list2DWhitle'  (補 include BarCode/BarCode.h 之後)	仍缺：TfBarCode 沒有成員 list2DWhitle	HAS-#else	
LOW	FileRW/LotInfo_SECSLotStart.cpp	979	989	9	GATE (W906-E020-LI1-7)		GATE (W906-E020-LI1-7)	if(fMesSystem->RunModeRW(true, edtSysLotID->Text, cbRunMode->Text)==1)                                      //jou 20210823 : lot start增加保護避免重複執行run mode			FAIL			yes	LotInfo_SECSLotStart.cpp:980:44: error: 'edtSysLotID' was not declared in this scope	仍缺：未宣告 edtSysLotID	HAS-#else	
LOW	FileRW/LotInfo_SECSLotStart.cpp	1038	1093	54	GATE (W906-E020-LI1-6)		GATE (W906-E020-LI1-6)	TStringList *ProductionInfo=new TStringList;			FAIL			yes	LotInfo_SECSLotStart.cpp:1045:41: error: 'bCheckOnlyOneFileAndData' was not declared in this scope	仍缺：未宣告 bCheckOnlyOneFileAndData	WRITES-FILE HAS-#else	
LOW	FileRW/LotInfo_SECSLotStart.cpp	1178	1221	42	GATE (W906-E020-LI1-9)		GATE (W906-E020-LI1-9)	fMesSystem->LabeledEditLotNo->Text=edtSysLotID->Text;			FAIL			yes	LotInfo_SECSLotStart.cpp:1179:52: error: 'edtSysLotID' was not declared in this scope	仍缺：未宣告 edtSysLotID	ONCLICK HAS-#else	
LOW	FileRW/LotInfo_SECSLotStart.cpp	1238	1297	58	GATE (W906-E020-LI1-10)		GATE (W906-E020-LI1-10)	if(IniConfig.bC11UseMonitorView && fMonitor->MVCtrl->IsConnect()==false)                                        //Sam 20170925 : 檢查攝影機有沒有連線  //JimmyChiu 20220125 優先檢測功能是否開啟			FAIL			yes	LotInfo_SECSLotStart.cpp:1239:60: error: invalid use of incomplete type 'class MonitorTCPIP'  (補 include forms/fMonitor.h 之後)	仍缺：不完整型別 class MonitorTCPIP	HAS-#else	
LOW	FileRW/LotInfo_SECSLotStart.cpp	1314	1318	3	GATE (W906-E020-LI1-11)		GATE (W906-E020-LI1-11)	fMain->patFunc->SetStartLotTime(dtStartLot);			FAIL			yes	LotInfo_SECSLotStart.cpp:1315:16: error: 'class TfMain' has no member named 'patFunc'  (補 include forms/fMain.h 之後)	仍缺：TfMain 沒有成員 patFunc		
LOW	FileRW/LotInfo_SECSLotStart.cpp	1333	1338	4	GATE (W906-E020-LI1-12)		GATE (W906-E020-LI1-12)	if(IniConfig.bEnable_SECS_GEM)			FAIL			yes	LotInfo_SECSLotStart.cpp:1335:13: error: 'bVTESTKitCheckPending' was not declared in this scope	仍缺：未宣告 bVTESTKitCheckPending		
LOW	FileRW/LotInfo_SECSLotStart.cpp	1361	1363	1	GATE (W906-E020-LI1-13)		GATE (W906-E020-LI1-13)	FormHS->RecordParameter_TFAMDLog();			FAIL			yes	LotInfo_SECSLotStart.cpp:1362:17: error: 'struct W5SckArtRem_FormHSStub' has no member named 'RecordParameter_TFAMDLog'  (補 include Automation/SCK_ART_Remainder.h 之後)	仍缺：W5SckArtRem_FormHSStub 沒有成員 RecordParameter_TFAMDLog		
HELD	FileRW/MainClick.cpp	152	171	18	GATE(W906-FRW-P8-KYEC)	FLOW-4	GATE(W906-FRW-P8-KYEC): golden main.cpp:33757-33776 —— VERBATIM	AnsiString StrData="";		sim+ship	PASS-WITH-INCLUDE			yes（裁示 S25）	MainClick.cpp:169:13: error: 'fBinSel' was not declared in this scope	HELD（FLOW-4）；探針：理由還成立：客戶專屬分支（RULINGS_20260925 S25「先暫時跳過，註記就好」），照留	ONCLICK S25	
HELD	FileRW/MainClick.cpp	344	346	1	GATE(W906-FRW-S100-AMKOR)	FLOW-4	GATE(W906-FRW-S100-AMKOR) golden main.cpp:28477 -- TfAutomation::AmkorSendMessage 移植樹沒有（Automation/automation.h:331；UDP 對外通訊、客戶專屬；同 S88）。VERBATIM	fAutomation->AmkorSendMessage(0);                                           //Steven 20120330 : ATK Site Map Monitorning			FAIL			yes	MainClick.cpp:345:18: error: 'class TfAutomationShim' has no member named 'AmkorSendMessage'; did you mean 'sATKSendMessage'?  (補 include Automation/automation.h + atester_shims.h 之後)	HELD（FLOW-4）；探針：仍缺：TfAutomationShim 沒有成員 AmkorSendMessage	S25	
HELD	FileRW/MainClick.cpp	910	918	7	GATE(W906-FRW-S158-AMKORKR)	FLOW-4	GATE(W906-FRW-S158-AMKORKR) golden main.cpp:28626-28632 -- CC_AMKOR_Korea 客戶專屬（RULINGS_20260925 S25 先跳過、註記）；sbQAMode 是主畫面按鈕（網頁主畫面沒有）。VERBATIM	if(CUSTOMER_CODE==CC_AMKOR_Korea)                                           //AI(ht9045-config) 20260806 (RogerYang) : #R260723-ATK-H9-01 A77 有變才重建下拉,避免無謂重跑 SetRunStartMode			FAIL			yes	MainClick.cpp:914:9: error: 'sbQAMode' was not declared in this scope	HELD（FLOW-4）；探針：仍缺：未宣告 sbQAMode	S25	
HELD	FileRW/MainClick.cpp	1231	1236	4	GATE(W906-EVB6-HS)	FLOW-4	GATE(W906-EVB6-HS) golden main.cpp:22409 -- TFormHS（HS_Function.h）移植樹沒有（SCK_ART_Remainder.h:466 記過）。VERBATIM	if(FormHS->CheckIndependentPassWord())			FAIL			yes	MainClick.cpp:1232:32: error: 'struct W5SckArtRem_FormHSStub' has no member named 'CheckIndependentPassWord'  (補 include Automation/SCK_ART_Remainder.h 之後)	HELD（FLOW-4）；探針：仍缺：W5SckArtRem_FormHSStub 沒有成員 CheckIndependentPassWord		
HELD	FileRW/MainClick.cpp	1252	1257	4	GATE(W906-EVB6-PW)	FLOW-4	GATE(W906-EVB6-PW) golden main.cpp:22430 -- DoPassword() 不是 TfMain 門面的成員（同 MainTesterConnect.cpp E1、FileRW/TestIF_File.cpp:2576）。VERBATIM	if(DoPassword()==false)                                     //Steven 20101124			FAIL			yes	MainClick.cpp:1253:35: error: 'DoPassword' was not declared in this scope	HELD（FLOW-4）；探針：仍缺：未宣告 DoPassword		
HELD	FileRW/MainClose.cpp	292	338	45	GATE (S95-J1)	St01	GATE (S95-J1) golden cprod.cpp:1062-1106 -- 本檔沒有 bUpload==true 的呼叫者	if(FileExists(DailyJamFileName)==true)			FAIL			yes	MainClose.cpp:293:23: error: 'DailyJamFileName' was not declared in this scope	HELD（St01）；探針：仍缺：未宣告 DailyJamFileName	WRITES-FILE	
HELD	FileRW/MainClose.cpp	1422	1424	1	GATE (S95-J2)	St01	GATE (S95-J2) golden :29117 -- TfMesSystem::SaveStringlRecordReport 在 forms/fMesSystem.h:671 只宣告沒定義（GATE W-07，呼叫＝連結錯誤）	fMesSystem->SaveStringlRecordReport();		sim+ship	PASS-WITH-INCLUDE			likely-no（缺 include）	MainClose.cpp:1423:13: error: 'fMesSystem' was not declared in this scope	HELD（St01）；探針：候選：補 include forms/fMesSystem.h 後照 golden 解開（先確認那個名字是真本體、不是 stub／shim）		
HELD	FileRW/MainClose.cpp	1433	1435	1	GATE (S95-J3)	St01	GATE (S95-J3) golden :29125 -- TfProductionInfo 門面（forms/fProductionInfo.h）沒有 EachCycleSecondDo_SaveAndUpdateOEEFiles	fProductionInfo->EachCycleSecondDo_SaveAndUpdateOEEFiles(true);			FAIL			yes	MainClose.cpp:1434:34: error: 'class TfProductionInfo' has no member named 'EachCycleSecondDo_SaveAndUpdateOEEFiles'  (補 include forms/fProductionInfo.h 之後)	HELD（St01）；探針：仍缺：TfProductionInfo 沒有成員 EachCycleSecondDo_SaveAndUpdateOEEFiles		
LOW	FileRW/MainRecord.cpp	227	235	7	GATE(W906-PROD-S113-G2)		GATE(W906-PROD-S113-G2) ⑤ TfLotInfo::SaveBackEventLogInfo 沒翻（golden uLotInfo.cpp:10903，寫 HANDLER LOG_*.csv）；bEventLogAlarm 移植樹沒有人設 true（golden note.cpp:2367）	if(SystemStart && fAllMotorHome==true &&                                    //Steven 20181224 : For ASE-CL			FAIL			yes	MainRecord.cpp:232:19: error: 'class TfLotInfo' has no member named 'SaveBackEventLogInfo'; did you mean 'SaveASECLTestLogInfo'?  (補 include forms/fSetup.h 之後)	仍缺：TfLotInfo 沒有成員 SaveBackEventLogInfo	UI-STATE	
LOW	FileRW/MainRecord.cpp	319	321	1	GATE(W906-PROD-S113-G4)		GATE(W906-PROD-S113-G4) ⑦ StatusBar1（golden main.h TStatusBar*）移植樹沒有；下一行用同一格式組出同一個值	RunInfo.SystemTime=StatusBar1->Panels->Items[6]->Text;			FAIL			yes	MainRecord.cpp:320:24: error: 'StatusBar1' was not declared in this scope	仍缺：未宣告 StatusBar1		
LOW	FileRW/Temperature.cpp	103	107	3	GATE(W906-FRW-S88-THERMO)		GATE(W906-FRW-S88-THERMO) golden main.cpp:28379-28381 -- 重新啟動溫控任務（bthermo.cpp iThermoTask，把新設定值送到加熱器）＝機台溫控流程，不在 St01 讀寫檔範圍 → Jimmy。VERBATIM	fHeaterOK=false;		sim+ship	PASS-WITH-INCLUDE	LINK-OK	SHIP-OK	likely-no（缺 include）	Temperature.cpp:106:9: error: 'iThermoTask' was not declared in this scope	候選：補 include bthermo.h 後照 golden 解開（先確認那個名字是真本體、不是 stub／shim）		
LOW	FileRW/Temperature.cpp	127	129	1	GATE(W906-FRW-S88-AMKOR)		GATE(W906-FRW-S88-AMKOR) golden main.cpp:28396 -- TfAutomation::AmkorSendMessage 移植樹沒有（Automation/automation.h:331；UDP 對外通訊、客戶專屬）。VERBATIM	fAutomation->AmkorSendMessage(1);                                           //Steven 20120330 : ATK Site Map Monitorning			FAIL			yes	Temperature.cpp:128:18: error: 'class TfAutomationShim' has no member named 'AmkorSendMessage'; did you mean 'sATKSendMessage'?	仍缺：TfAutomationShim 沒有成員 AmkorSendMessage	S25	
LOW	FileRW/TestIF_File_Cleaning.cpp	263	321	57			AI(W906-FLOW-5) 20260929: the V912 copy (golden V912 AutoClean.cpp:1324-1383, WAR1922 + its own static) is retired -- see :259/:262; this line was its opening brace	AnsiString Str;			FAIL			n/a	TestIF_File_Cleaning.cpp:267:5: error: expected unqualified-id before 'if'	已退役的替身／參考副本（真本體在別處）：不要解（會重複定義），可整段清掉		
LOW	HandlerSys.cpp	60	62	1			---------------------------------------------------------------------------	SortItemToMap();   // GATE (H1)			FAIL			yes	HandlerSys.cpp:61:19: error: 'SortItemToMap' was not declared in this scope	仍缺：未宣告 SortItemToMap		
LOW	HandlerSys.cpp	228	230	1			new finding this wave). `#if 0`-gated; rgMNetSpeed->ItemIndex is left untouched, matching that precedent's "value stays whatever it already is" convention rather than substituting a guessed literal.	rgMNetSpeed->ItemIndex      =CheckAndReadIniDataGeneral("System", "MOTIONNET_SPEED",    COMMSPEED_20M); //Steven 20181122 : MNet速度要可以修改			FAIL			yes	mn200.h:141:5: error: 'BYTE' does not name a type  (補 include Motor/vendor/mn200.h 之後)	仍缺：未宣告 BYTE		
LOW	JsonBridge/actions/MainTesterConnect.cpp	91	99	7	TODO(W906-GB-P2e)		TODO(W906-GB-P2e): E1 DoPassword() is not a TfMain facade member (password dialog; FileRW/TestIF_File.cpp:2576 treats it as failed too) -- golden main.cpp:29751	if(fMain->DoPassword()==false)                                      //Steven 20101124			FAIL			yes	MainTesterConnect.cpp:92:23: error: 'class TfMain' has no member named 'DoPassword'; did you mean 'ChangePassword'?	仍缺：TfMain 沒有成員 DoPassword	HAS-#else	
LOW	JsonBridge/actions/MainTesterConnect.cpp	124	129	4	TODO(W906-GB-P2e)		TODO(W906-GB-P2e): E2 fLotInfo->labTCPIPSimulate is not a TfLotInfo member (same gate as the P5 TcpPump) -- golden main.cpp:29777 / :29783	if(LastSet.iTester==OFF_LINE)                                           //wei 20211027 open short TCP/IP			FAIL			yes	MainTesterConnect.cpp:126:23: error: 'class TfLotInfo' has no member named 'labTCPIPSimulate'; did you mean 'labTCPIPStatus'?  (補 include forms/fLotInfo.h 之後)	仍缺：TfLotInfo 沒有成員 labTCPIPSimulate		
LOW	LogObjects.cpp	474	603	128	GATE (S25-ASECL)		GATE (S25-ASECL): customer-only past the guard -- golden :10841-10849 (its locals, only used below) and	AnsiString Target, S, Target1;			FAIL			yes	LogObjects.cpp:523:8: error: 'aBackTestSummaryFile' was not declared in this scope	仍缺：未宣告 aBackTestSummaryFile	WRITES-FILE S25	
LOW	LogObjects.cpp	615	653	37	GATE (S25-VTEST)		GATE (S25-VTEST): customer-only past the guard -- golden :3228-3259 VERBATIM.  It would also still need	switch(iState)			FAIL			yes	LogObjects.cpp:622:26: error: 'class TfLotInfo' has no member named 'rgOEEState'; did you mean 'sgOEEState'?	仍缺：TfLotInfo 沒有成員 rgOEEState	HAS-#else S25	
LOW	LotInfo_E020.cpp	119	121	1	GATE (W906-E020-LI6-1)		GATE (W906-E020-LI6-1): TCOM2Shim has no sRealTimeCom_Send[] / rtFileOK (RTC vision half unported, atester_shims.h:366-462)	COM2->sRealTimeCom_Send[COM2->rtFileOK] = str.sprintf("@FILE%s+" , TestIF_File.sRtcFileName);			FAIL			yes	LotInfo_E020.cpp:120:23: error: 'class TCOM2Shim' has no member named 'sRealTimeCom_Send'	仍缺：TCOM2Shim 沒有成員 sRealTimeCom_Send		
LOW	LotInfo_E020.cpp	126	128	1	GATE (W906-E020-LI6-1)		GATE (W906-E020-LI6-1): as above	COM2->sRealTimeCom_Send[COM2->rtFileOK] = str.sprintf("@FILE%s+" , fMain->cbSetupFileName->Text);			FAIL			yes	LotInfo_E020.cpp:127:23: error: 'class TCOM2Shim' has no member named 'sRealTimeCom_Send'	仍缺：TCOM2Shim 沒有成員 sRealTimeCom_Send		
LOW	LotInfo_E020.cpp	171	173	1	GATE (W906-E020-LI6-2)		GATE (W906-E020-LI6-2): TCOM2Shim has no sRealTimeCom_Send[] / rtSite -- golden assigns strxxx to it in each arm above	COM2->sRealTimeCom_Send[COM2->rtSite]   = strxxx;			FAIL			yes	LotInfo_E020.cpp:172:19: error: 'class TCOM2Shim' has no member named 'sRealTimeCom_Send'	仍缺：TCOM2Shim 沒有成員 sRealTimeCom_Send		
LOW	LotInfo_E020.cpp	176	179	2	GATE (W906-E020-LI6-3)		GATE (W906-E020-LI6-3): TCOM2Shim has no SendCommToVision / rtFileOK / rtSite	COM2->SendCommToVision(COM2->rtFileOK, true);			FAIL			yes	LotInfo_E020.cpp:177:19: error: 'class TCOM2Shim' has no member named 'SendCommToVision'	仍缺：TCOM2Shim 沒有成員 SendCommToVision		
LOW	LotInfo_E020.cpp	188	190	1	GATE (W906-E020-LI6-4)		GATE (W906-E020-LI6-4): TCOM2Shim has no SendCommToVision / rtDELETE	COM2->SendCommToVision(COM2->rtDELETE, true);			FAIL			yes	LotInfo_E020.cpp:189:19: error: 'class TCOM2Shim' has no member named 'SendCommToVision'	仍缺：TCOM2Shim 沒有成員 SendCommToVision		
LOW	LotInfo_E020.cpp	202	207	4	GATE (W906-E020-LI6-5)		GATE (W906-E020-LI6-5): TCOM2Shim has no bRealTimeCom_ReceiveOK[] / rtDELETE -- no RTC link, so no reply (logged once in wrdSendComm)	if(COM2->bRealTimeCom_ReceiveOK[COM2->rtDELETE]==true)			FAIL			yes	LotInfo_E020.cpp:203:22: error: 'class TCOM2Shim' has no member named 'bRealTimeCom_ReceiveOK'	仍缺：TCOM2Shim 沒有成員 bRealTimeCom_ReceiveOK		
LOW	LotInfo_E020.cpp	211	214	2	GATE (W906-E020-LI6-6)		GATE (W906-E020-LI6-6): TCOM2Shim has no SendCommToVision / rtMODEL / rtInspEnd	COM2->SendCommToVision(COM2->rtMODEL, true);			FAIL			yes	LotInfo_E020.cpp:212:19: error: 'class TCOM2Shim' has no member named 'SendCommToVision'	仍缺：TCOM2Shim 沒有成員 SendCommToVision		
LOW	LotInfo_E020.cpp	268	271	2	GATE (W906-E020-LI11-1)		GATE (W906-E020-LI11-1): fBarCode has no btBarcodeChangeFileDisConnect / btBarcodeChangeFileConnect (golden BarCode.cpp:6141-6160 ClientSocket_BarcodeChangeFile)	fBarCode->btBarcodeChangeFileDisConnect->Click();                   //wei 20160728 Barcode File切換			FAIL			yes	LotInfo_E020.cpp:269:23: error: 'class TfBarCode' has no member named 'btBarcodeChangeFileDisConnect'  (補 include BarCode/BarCode.h 之後)	仍缺：TfBarCode 沒有成員 btBarcodeChangeFileDisConnect	ONCLICK	
LOW	LotInfo_E020.cpp	279	283	3	GATE (W906-E020-LI11-2)		GATE (W906-E020-LI11-2): fBarCode has no InitialBarcodeScanChangeFile / TimerBarcodeChangeFile (DoBarcodeChangeFile unported)	bBarcodeConnect=true;			FAIL			yes	LotInfo_E020.cpp:281:23: error: 'class TfBarCode' has no member named 'InitialBarcodeScanChangeFile'; did you mean 'InitialBarcodeScanInShuttle1'?  (補 include BarCode/BarCode.h 之後)	仍缺：TfBarCode 沒有成員 InitialBarcodeScanChangeFile		
LOW	LotInfo_E020.cpp	293	297	3	GATE (W906-E020-LI11-3)		GATE (W906-E020-LI11-3): as LI11-2	bBarcodeConnect=true;			FAIL			yes	LotInfo_E020.cpp:295:23: error: 'class TfBarCode' has no member named 'InitialBarcodeScanChangeFile'; did you mean 'InitialBarcodeScanInShuttle1'?  (補 include BarCode/BarCode.h 之後)	仍缺：TfBarCode 沒有成員 InitialBarcodeScanChangeFile		
LOW	MachineDefine.h	34	146	111	TODO(W3/W6/W7)		AI(W0-TAIL) 20260626: TODO(W3/W6/W7) -- driver headers (adamtcp/Dmccom/CMNet/PCI_L1xx/ MN200/mdfunc/sqlite3/CSmc/Hontech_M4/DNM100API/...) + VCL app headers (myio/halarm/ language/LastSet/cMyDB/cContact/ContactForce/AutoTeach/AutoAlignment/...) gated.	#include <vcl.h>			FAIL			yes	MachineDefine.h:35:17: fatal error: vcl.h: No such file or directory [via ATC/ATCInterface.cpp]	仍缺：MachineDefine.h:35:17: fatal error: vcl.h: No such file or directory [via ATC/ATCInterface.cpp]		
LOW	MainTempMode.cpp	246	248	1	GATE(dep-fOffSet-ReadFile)		GATE(dep-fOffSet-ReadFile): golden :21904	fOffSet->ReadFile();                                                    //jou 2010-01-15 offset需放在lastset讀取之後		sim+ship	PASS-WITH-INCLUDE	LINK-OK	SHIP-OK	likely-no（缺 include）	MainTempMode.cpp:247:9: error: 'fOffSet' was not declared in this scope	SAFETY 閘：編得過也先問筆電；候選：補 include forms/fOffSet.h 後照 golden 解開（先確認那個名字是真本體、不是 stub／shim）	SAFETY	
LOW	MainTempMode.cpp	277	279	1	GATE(dep-COM2-ATCInitialTask)		GATE(dep-COM2-ATCInitialTask): golden :21920	COM2->ATCInitialTask();                                             //jou 2012-03-14 ATC			FAIL			yes	MainTempMode.cpp:278:19: error: 'class TCOM2Shim' has no member named 'ATCInitialTask'  (補 include atester_shims.h 之後)	仍缺：TCOM2Shim 沒有成員 ATCInitialTask	SAFETY	
LOW	MainTimer3.cpp	226	248	21	GATE G1 (AI(W906-S14)		GATE G1 (AI(W906-S14) 20261001): S25 -- CosFunction.bShowHandlerStopTime is set for three customers only	if(CosFunction.bShowHandlerStopTime==true)                                  //jou 2014-09-21 Show Handler Stop Time			FAIL			yes	MainTimer3.cpp:235:31: error: 'class TMyMessageBoxShim' has no member named 'labStopTime'  (補 include mymessbox_shim.h 之後)	仍缺：TMyMessageBoxShim 沒有成員 labStopTime	UI-STATE HAS-#else S25	
LOW	MainTimer3.cpp	256	258	1	GATE G2a		GATE G2a (AI(W906-S14) 20261001): TfMain::UpdateLanguage is not in the port (the web pages carry the language).  golden :25221 VERBATIM:	UpdateLanguage();			FAIL			yes	MainTimer3.cpp:257:28: error: 'UpdateLanguage' was not declared in this scope	仍缺：未宣告 UpdateLanguage		
LOW	MainTimer3.cpp	303	306	2	GATE G2d		GATE G2d (AI(W906-S14) 20261001): TfShowMessage (forms/fShowMessage.h) has no ShowMyMessage(); the golden form is not	fShowMessage->ShowMyMessage();			FAIL			yes	MainTimer3.cpp:305:27: error: 'class TfShowMessage' has no member named 'ShowMyMessage'; did you mean 'TfShowMessage'?  (補 include forms/fShowMessage.h 之後)	仍缺：TfShowMessage 沒有成員 ShowMyMessage		
LOW	MainTimer3.cpp	363	382	18	GATE G9 (AI(W906-S14)		GATE G9 (AI(W906-S14) 20261001): S25 (CC_KYEC_LEE).  (AI(W906-R126) 20261002: fQwertyKey does exist, forms/fQwertyKey.h -- S25 is the only reason.)  golden :25348-25363 VERBATIM:	if(CUSTOMER_CODE==CC_KYEC_LEE)                                              //Ifor 20170803 add Offset (Steven) 頁面鍵盤小視窗 1分鐘後自動關閉			FAIL			yes	MainTimer3.cpp:366:24: error: 'class TfQwertyKey' has no member named 'Visible'  (補 include forms/fQwertyKey.h 之後)	仍缺：TfQwertyKey 沒有成員 Visible	UI-STATE HAS-#else S25	
LOW	MainTimer3.cpp	484	510	25	GATE G14 (AI(W906-S14)		GATE G14 (AI(W906-S14) 20261001): S25 (CC_KYEC_LEE / CC_KYEC_XILINX, [A11]) -- the customer branch is gated, golden's	if((CUSTOMER_CODE==CC_KYEC_LEE ||		sim+ship	PASS	LINK-OK	SHIP-OK	yes（裁示 S25）	(compiles: -fsyntax-only)	理由還成立：客戶專屬分支（RULINGS_20260925 S25「先暫時跳過，註記就好」），照留	S25	
LOW	MainTimer3.cpp	524	527	2	GATE G15 (AI(W906-S14)		GATE G15 (AI(W906-S14) 20261001): TTLLog has a declaration only (cpublic.h:42); its body cpublic.cpp:669 is inside	TTLLog("Initial TTL 1");                                            //Steven 20151123 : Log for TTL		sim+ship	PASS	LINK-MISSING TTLLog(vclcompat::AnsiString)		yes（連結層）	(compiles: -fsyntax-only)	仍缺（連結層：有宣告、全樹沒有本體）：TTLLog(vclcompat::AnsiString)		
LOW	MainTimer3.cpp	563	575	11	GATE G17 (AI(W906-S14)		GATE G17 (AI(W906-S14) 20261001): S25 (CC_UNISEM_M).  (AI(W906-R126) 20261002: fShowBinSelect->Jamrate and fObserver->labMUBA	if(CUSTOMER_CODE==CC_UNISEM_M)                                              //Ifor 20171018 (wei) : add UNISEM 每五秒更新一次 Jam Rate 於畫面上		sim+ship	PASS	LINK-OK	SHIP-OK	yes（裁示 S25）	(compiles: -fsyntax-only)	理由還成立：客戶專屬分支（RULINGS_20260925 S25「先暫時跳過，註記就好」），照留	UI-STATE S25	
LOW	MainTimer3.cpp	578	588	9	GATE G18 (AI(W906-S14)		GATE G18 (AI(W906-S14) 20261001): S25 (CC_JCET, a LoaderData line every 10 minutes) -- the customer branch is gated,	if(CUSTOMER_CODE==CC_JCET)                                                  //Steven 20170308 (wei) : 每10分鐘存一筆LoaderData			FAIL			yes	MainTimer3.cpp:582:21: error: 'StatusBar1' was not declared in this scope	仍缺：未宣告 StatusBar1	S25	
LOW	MainTimer3.cpp	599	616	16	GATE G19 (AI(W906-S14)		GATE G19 (AI(W906-S14) 20261001): S25 (CC_KYEC_JCTHIU / CHEN / LEE / XILINX); fLotInfo->btnFtpServerClick / btnFtpTester	static bool bFirst=false;			FAIL			yes	MainTimer3.cpp:613:27: error: 'class TfLotInfo' has no member named 'btnFtpServerClick'; did you mean 'btnFtpServer'?	仍缺：TfLotInfo 沒有成員 btnFtpServerClick	S25	
LOW	MainTimer3.cpp	631	648	16	GATE G21 (AI(W906-S14)		GATE G21 (AI(W906-S14) 20261001): dependency missing -- bNeedRestartProgram is not a member of the fMain facade (its	if(REAL_TIME_CCD==true)			FAIL			yes	MainTimer3.cpp:638:12: error: 'bNeedRestartProgram' was not declared in this scope  (補 include mymessbox_shim.h 之後)	仍缺：未宣告 bNeedRestartProgram	UI-STATE	
LOW	MainTimer3.cpp	650	661	10	GATE G22 (AI(W906-S14)		GATE G22 (AI(W906-S14) 20261001): S25 (CC_ASE_CL); bNeedRestartSW is not in the port, nor a tick-side close.	if(CUSTOMER_CODE==CC_ASE_CL &&			FAIL			yes	MainTimer3.cpp:658:13: error: 'Timer3' was not declared in this scope	仍缺：未宣告 Timer3	S25	
LOW	MainTimer3.cpp	663	680	16	GATE G23 (AI(W906-S14)		GATE G23 (AI(W906-S14) 20261001): dependency missing, display only -- fShowMessage->imgTrayHere / imgDeviceHere are not on	static bool bShowTrayDeviceFlag=false;			FAIL			yes	MainTimer3.cpp:670:27: error: 'class TfShowMessage' has no member named 'imgTrayHere'  (補 include forms/fShowMessage.h 之後)	仍缺：TfShowMessage 沒有成員 imgTrayHere		
LOW	MainTimer3.cpp	682	697	14	GATE G24 (AI(W906-S14)		GATE G24 (AI(W906-S14) 20261001): S25 (ASE) -- bRefresh / bJobFileProd are written only by the ASE socket form (golden	if(bRefresh)                                                                //kevin 20130730 refresh  JOBFILE 檔案不存在			FAIL			yes	MainTimer3.cpp:684:8: error: 'bRefresh' was not declared in this scope	仍缺：未宣告 bRefresh	S25	
LOW	MainTimer3.cpp	726	761	34	GATE G27 (AI(W906-S14)		GATE G27 (AI(W906-S14) 20261001): S25 (Renesas FT-CT, TestIF_File.bRENESAS_EnableFTCT); MyMessageBox->Showing /	static bool bFTCTAlarmTmpFlag=false;			FAIL			yes	MainTimer3.cpp:734:30: error: 'class TMyMessageBoxShim' has no member named 'Showing'  (補 include mymessbox_shim.h 之後)	仍缺：TMyMessageBoxShim 沒有成員 Showing	S25	
LOW	MainTimer8.cpp	104	120	15	GATE T8-1 (AI(W906-S15)		GATE T8-1 (AI(W906-S15) 20261001): bNeedClearFile / PPID are not TfMain members; the port's SECS handlers	if(bNeedClearFile)			FAIL			yes	MainTimer8.cpp:106:8: error: 'bNeedClearFile' was not declared in this scope	仍缺：未宣告 bNeedClearFile		
LOW	MainTimer8.cpp	122	135	12	GATE T8-2 (AI(W906-S15)		GATE T8-2 (AI(W906-S15) 20261001): S25 -- IniConfig.bVTESTFunction is VTEST-only (CosFunction.cpp:2476),	if(IniConfig.bVTESTFunction==true)		sim+ship	PASS	LINK-OK	SHIP-OK	yes（裁示 S25）	(compiles: -fsyntax-only)	理由還成立：客戶專屬分支（RULINGS_20260925 S25「先暫時跳過，註記就好」），照留	HAS-#else S25	
LOW	MainTimer8.cpp	137	144	6	GATE T8-3 (AI(W906-S15)		GATE T8-3 (AI(W906-S15) 20261001): S25 (ASE Kaohsiung sets bReadEpTime, aTester_Front.cpp:9353-9356) and	if(bReadEpTime)                                                             //kevin 20170524 (wei) add ep read change time			FAIL			yes	MainTimer8.cpp:141:16: error: 'class TfMain' has no member named 'ReadEPData'; did you mean 'Clarn_Data'?	仍缺：TfMain 沒有成員 ReadEPData	S25	
LOW	MainTimer8.cpp	168	188	19	GATE T8-5 (AI(W906-S15)		GATE T8-5 (AI(W906-S15) 20261001): the PM alarm form (fPMAlarmInterFace) and lb_PMAlarmDate are not ported;	if(IniConfig.bA19UsePMAlarmFunction==true)                                  // 2015.05.26 , Mylin , PM Alarm {      //wei 20160225 PMAlarmFunction			FAIL			yes	MainTimer8.cpp:172:26: error: 'fPMAlarmInterFace' was not declared in this scope	仍缺：未宣告 fPMAlarmInterFace		
LOW	MainTimerESD.cpp	77	84	6	GATE E1 (AI(W906-S13)		GATE E1 (AI(W906-S13) 20261001): S25 (ASE) and not ported -- ASESendMessage is the ASE socket form ("ASE_K Socket/aseTest.h",	if(ASESendMessage->bASE_AutoClean)                                          //kevin 20160722 遠端啟動 autoclean			FAIL			yes	MainTimerESD.cpp:79:8: error: 'ASESendMessage' was not declared in this scope	仍缺：未宣告 ASESendMessage	S25	
LOW	MainTimerESD.cpp	217	241	23	GATE E6 (AI(W906-S13)		GATE E6 (AI(W906-S13) 20261001): S25 -- IniConfig.bSPILFunction is set for the SPIL customer codes only	if(IniConfig.bSPILFunction==true)                                           //JerryYang 20181210 SPIL要求檢查Event log,有異常需跳message		ship	PASS	LINK-OK	SHIP-FAIL MainTimerESD.cpp:229:143: error: 'CheckAndReadIniData' was not declared in this scope	yes（出貨組態）	MainTimerESD.cpp:229:143: error: 'CheckAndReadIniData' was not declared in this scope	仍缺（出貨組態才編得到／才出錯）：未宣告 CheckAndReadIniData	HAS-#else S25	
HELD	Motor/myGALILmotor.cpp	694	722	27	GATE(W4G-7)	INDEXZ-1203／EP 重做	GATE(W4G-7): the real declaration is csystem.h:259 (golden's own home, reached through the #include above); the BODY is golden csystem.cpp:22179 and this port's csystem.cpp has not reached it	void SaveFile(AnsiString sPath, AnsiString sData);		sim+ship	PASS			likely-no	(compiles: -fsyntax-only)	HELD（INDEXZ-1203／EP 重做）；探針：會寫檔：先確認裁示允許寫這個檔；候選：照 golden 解開（先看風險標記）	WRITES-FILE HAS-#else	
HELD	Motor/myGALILmotor.cpp	748	759	10	GATE(W4G-2)	INDEXZ-1203／EP 重做	GATE(W4G-2): golden Motor/myGALILmotor.cpp:45,46,48 -- VERBATIM golden text	extern int iEncoderTorence;		sim+ship	PASS			likely-no	(compiles: -fsyntax-only)	HELD（INDEXZ-1203／EP 重做）；探針：候選：照 golden 解開（先看風險標記）	HAS-#else	
HELD	Motor/myGALILmotor.cpp	831	835	3	GATE(W4G-1)	INDEXZ-1203／EP 重做	GATE(W4G-1): golden Motor/myGALILmotor.cpp:50 -- VERBATIM golden text (golden's SOLE definition; initialiser {true, true})	bool IndexZCanMove[2]={true, true};		sim+ship	PASS			likely-no	(compiles: -fsyntax-only)	HELD（INDEXZ-1203／EP 重做）；探針：候選：照 golden 解開（先看風險標記）	HAS-#else	
HELD	Motor/myGALILmotor.cpp	837	1012	174	GATE(W4G-6)	INDEXZ-1203／EP 重做	GATE(W4G-6): golden Motor/myGALILmotor.cpp:52-54 -- VERBATIM golden text; the bodies are golden Motor/mymotor.cpp:67 / :117 / :173	bool CheckTestZ(AnsiString sFunc);		sim+ship	PASS			likely-no	(compiles: -fsyntax-only)	HELD（INDEXZ-1203／EP 重做）；探針：候選：照 golden 解開（先看風險標記）	HAS-#else	
HELD	Motor/myGALILmotor.cpp	3662	3672	9	GATE(W4G-3)	INDEXZ-1203／EP 重做	GATE(W4G-3) golden Motor/myGALILmotor.cpp:2675-2681 -- VERBATIM golden text	if(bPanelUse)			FAIL			yes	myGALILmotor.cpp:3666:29: error: 'void*' is not a pointer-to-object type	HELD（INDEXZ-1203／EP 重做）；探針：仍缺：myGALILmotor.cpp:3666:29: error: 'void*' is not a pointer-to-object type	HAS-#else	
HIGH	Motor/myMN200motor.cpp	1255	1266	10	GATE (a)		TfNote (forms/fNote.h) has no tvMNet member and this tree has no TTreeView port anywhere.  See file banner GATE (a).  The real customer-visible alarm below is NOT gated -- it fires exactly as golden.	fNote->tvMNet->Visible=true;		ship	PASS	LINK-OK	SHIP-FAIL myMN200motor.cpp:1256:24: error: 'class TfNote' has no member named 'tvMNet'	yes（出貨組態）	myMN200motor.cpp:1256:24: error: 'class TfNote' has no member named 'tvMNet'	仍缺（出貨組態才編得到／才出錯）：TfNote 沒有成員 tvMNet	HAS-#else	
HIGH	Motor/myMN200motor.cpp	1273	1275	1	GATE (b)		TfiosetviewShim (atester_shims.h) has no tvMNet member either.  See file banner GATE (b).  No-op: the arrays this would have displayed (myLine[], MyLaneIO.iUseMNetIP[][]) are already written above regardless of this call.	ShowMNetTree(fiosetview->tvMNet);                                   //Isaac 20181212 (Steven) : Baud Rate防呆功能，用四種鮑率去偵測模組		ship	PASS	LINK-OK	SHIP-FAIL myMN200motor.cpp:1274:38: error: 'class TfiosetviewShim' has no member named 'tvMNet'	yes（出貨組態）	myMN200motor.cpp:1274:38: error: 'class TfiosetviewShim' has no member named 'tvMNet'	仍缺（出貨組態才編得到／才出錯）：TfiosetviewShim 沒有成員 tvMNet		
HIGH	Motor/myMN200motor.cpp	2449	2507	57			TTreeNode API with no port anywhere in this tree.	AnsiString Str, StrIP, StrType, StrBaudRate;			FAIL			yes	myMN200motor.cpp:2452:5: error: 'TTreeNode' was not declared in this scope	仍缺：未宣告 TTreeNode	HAS-#else	
HIGH	Motor/myMN200motor.cpp	2518	2530	11			every golden code path's own return value.	if(Message!="")			FAIL			yes	myMN200motor.cpp:2521:25: error: invalid use of incomplete type 'class TMyStringList'  (補 include forms/fMain.h 之後)	仍缺：不完整型別 class TMyStringList	HAS-#else	
HELD	Motor/mymotor.cpp	393	706	312		INDEXZ-1203／EP 重做	AI-W6C-GOLDEN-BEGIN MotorMovePosition Motor/mymotor.cpp:549-860	int TMyMotor::MotorMovePosition(int &Position, int speed, int Tar)			FAIL			yes	mymotor.cpp:418:37: error: 'ShowMyMessage' was not declared in this scope	HELD（INDEXZ-1203／EP 重做）；探針：仍缺：未宣告 ShowMyMessage	HIGH-KW	
HELD	Motor/mymotor.cpp	753	846	92		INDEXZ-1203／EP 重做	AI-W6C-GOLDEN-BEGIN MotorMove Motor/mymotor.cpp:871-962	int TMyMotor::MotorMove(int p)			FAIL			yes	mymotor.cpp:825:32: error: 'void*' is not a pointer-to-object type	HELD（INDEXZ-1203／EP 重做）；探針：仍缺：mymotor.cpp:825:32: error: 'void*' is not a pointer-to-object type	HIGH-KW	
HELD	Motor/mymotor.cpp	1006	1017	10	GATE(C21-1)	INDEXZ-1203／EP 重做	GATE(C21-1) AI(W906-AMB-L2) 20260929: same gate as MotorMove -- PWinCtrl is void* here (mymotor.h:106, golden TWinControl*); measured: g++ -fsyntax-only reports 'void*' is not a pointer-to-object type on these 4 lines. bPanelUse stays false (ctor :165; every SetPanel() call, cinitial.cpp:14080-14147	if(bUpDownMove)			FAIL			yes	mymotor.cpp:1009:32: error: 'void*' is not a pointer-to-object type	HELD（INDEXZ-1203／EP 重做）；探針：仍缺：mymotor.cpp:1009:32: error: 'void*' is not a pointer-to-object type		
HELD	Motor/mymotor.cpp	1653	1673	19		INDEXZ-1203／EP 重做	GALI-STUB RETIRED (W906-P0-5): 真本體在 Motor/myGALILmotor.cpp	AnsiString TMyMotor::Gali_GetMOT(int /*MOT*/) { return ""; }		sim+ship	PASS			n/a	(compiles: -fsyntax-only)	HELD（INDEXZ-1203／EP 重做）；探針：已退役的替身／參考副本（真本體在別處）：不要解（會重複定義），可整段清掉		
HELD	Motor/mymotor.cpp	1680	1712	31		INDEXZ-1203／EP 重做	GALI-STUB RETIRED (W906-P0-5): 真本體在 Motor/myGALILmotor.cpp	void TMyMotor::Gali_MotHomeFindZ(AnsiString)                 {}		sim+ship	PASS			n/a	(compiles: -fsyntax-only)	HELD（INDEXZ-1203／EP 重做）；探針：已退役的替身／參考副本（真本體在別處）：不要解（會重複定義），可整段清掉		
HELD	Motor/mymotor.cpp	1762	1766	3	TODO(W6-sensor/state-machine)	INDEXZ-1203／EP 重做	GALI-STUB RETIRED (W906-P0-5): 真本體在 Motor/myGALILmotor.cpp	bool TMyMotor::CheckPos(bool)                                    { return false; }		sim+ship	PASS			n/a	(compiles: -fsyntax-only)	HELD（INDEXZ-1203／EP 重做）；探針：已退役的替身／參考副本（真本體在別處）：不要解（會重複定義），可整段清掉		
HELD	Motor/mymotor.cpp	2126	2375	248		INDEXZ-1203／EP 重做	AI-W6C-GOLDEN-BEGIN InitNewTray Motor/mymotor.cpp:1192-1439	void TTrayMotor::InitNewTray(int data, bool bShowSiteMapFlag, AnsiString Func)			FAIL			yes	mymotor.cpp:2139:15: error: invalid use of incomplete type 'class TTMyTray'	HELD（INDEXZ-1203／EP 重做）；探針：仍缺：不完整型別 class TTMyTray		
HELD	Motor/mymotor.cpp	2646	2754	107		INDEXZ-1203／EP 重做	AI-W6C-GOLDEN-BEGIN RecordIndexPosition Motor/mymotor.cpp:5318-5424	void RecordIndexPosition(int iArm,int Part)                                     //Isaac 20200922 : 紀錄indexArmY encoder值和command值			FAIL			yes	mymotor.cpp:2685:16: error: 'class TfMain' has no member named 'AddIndexPosLog'  (補 include forms/fMain.h 之後)	HELD（INDEXZ-1203／EP 重做）；探針：仍缺：TfMain 沒有成員 AddIndexPosLog		
HELD	Motor/mymotor.cpp	2768	2843	74		INDEXZ-1203／EP 重做	AI-W6C-GOLDEN-BEGIN EncoderTeachingMaxMinCount Motor/mymotor.cpp:5426-5499	void EncoderTeachingMaxMinCount(int iRecordArm)                                 //Isaac 20201012 : 計算Encoder和commandpos/Teaching的差值			FAIL			yes	mymotor.cpp:2845:6: error: redefinition of 'void EncoderTeachingMaxMinCount(int)'	HELD（INDEXZ-1203／EP 重做）；探針：仍缺：mymotor.cpp:2845:6: error: redefinition of 'void EncoderTeachingMaxMinCount(int)'		
HELD	Motor/mymotor.cpp	3256	3258	1	GATE(PT-W7n-1a)	INDEXZ-1203／EP 重做	GATE(PT-W7n-1a): golden Motor/mymotor.cpp:242 -- VERBATIM golden text below; see GATE REGISTER	fMain->tMonitorIndex->Add(str);			FAIL			yes	mymotor.cpp:3257:20: error: 'class TfMain' has no member named 'tMonitorIndex'  (補 include forms/fMain.h 之後)	HELD（INDEXZ-1203／EP 重做）；探針：仍缺：TfMain 沒有成員 tMonitorIndex		
HELD	Motor/mymotor.cpp	3270	3272	1	GATE(PT-W7n-1b)	INDEXZ-1203／EP 重做	GATE(PT-W7n-1b): golden Motor/mymotor.cpp:254 -- VERBATIM golden text below; see GATE REGISTER	fMain->tMonitorIndex->Add(str);			FAIL			yes	mymotor.cpp:3271:20: error: 'class TfMain' has no member named 'tMonitorIndex'  (補 include forms/fMain.h 之後)	HELD（INDEXZ-1203／EP 重做）；探針：仍缺：TfMain 沒有成員 tMonitorIndex		
HELD	Motor/mymotor.cpp	5496	5500	3	GATE(B1-1)	INDEXZ-1203／EP 重做	GATE(B1-1) AI(W906-B1-INARM) 20260924 -- golden :4680 的 MyDBIProcess 是 3 參數（golden cMyDB.h）；本 TU 看得到的是 2 參數（aHotPlateSubstrate.h:979）。見檔尾家族橫幅。	MyDBIProcess("Motion", StrE, "");			FAIL			yes	mymotor.cpp:5497:48: error: too many arguments to function 'void MyDBIProcess(vclcompat::AnsiString, vclcompat::AnsiString)'	HELD（INDEXZ-1203／EP 重做）；探針：仍缺：mymotor.cpp:5497:48: error: too many arguments to function 'void MyDBIProcess(vclcompat::AnsiString, vclcompat::AnsiStri	HAS-#else	
HELD	Motor/mymotor.cpp	5910	5945	34		INDEXZ-1203／EP 重做	AI(W906-C21-MOTORMOVE) 20260924: golden :825-858 VERBATIM（SOFT_SIMULTE 逐拍步進；500 ms tick 下不收斂，見上）	if(Position==Tar)		sim	PASS			likely-no	(compiles: -fsyntax-only)	HELD（INDEXZ-1203／EP 重做）；探針：候選：照 golden 解開（先看風險標記）		
HELD	Motor/mymotor.cpp	6028	6039	10	GATE(C21-1)	INDEXZ-1203／EP 重做	GATE(C21-1) AI(W906-C21-MOTORMOVE) 20260924: PWinCtrl 在本樹是 void*（mymotor.h:106，golden TWinControl*）；g++ -fsyntax-only 報 'void*' is not a pointer-to-object type。bPanelUse 恆 false（SetPanel 0 個呼叫端）。見檔尾橫幅 (2)。	if(bUpDownMove)			FAIL			yes	mymotor.cpp:6031:32: error: 'void*' is not a pointer-to-object type	HELD（INDEXZ-1203／EP 重做）；探針：仍缺：mymotor.cpp:6031:32: error: 'void*' is not a pointer-to-object type		
HELD	Motor/mymotor.cpp	6497	6501	3	GATE(B1-1)	INDEXZ-1203／EP 重做	GATE(B1-1) AI(W906-AMB-L2) 20260929 -- golden :4754 MyDBIProcess is 3-arg (golden cMyDB.h); this TU sees only the 2-arg one (aHotPlateSubstrate.h:981). Same shape as PCIL112_InArmXYMove above.	MyDBIProcess("Motion", StrE, "");			FAIL			yes	mymotor.cpp:6498:48: error: too many arguments to function 'void MyDBIProcess(vclcompat::AnsiString, vclcompat::AnsiString)'	HELD（INDEXZ-1203／EP 重做）；探針：仍缺：mymotor.cpp:6498:48: error: too many arguments to function 'void MyDBIProcess(vclcompat::AnsiString, vclcompat::AnsiStri	HAS-#else	
HIGH	MyLaneIo.cpp	191	239	47			AI-W6C-GOLDEN-BEGIN SetUseIP MyLaneIo.cpp:55-101	void TLaneIO::SetUseIP(int Ring, int IP, int iISABase, AnsiString Alias, bool bOutPut)			FAIL			yes	MyLaneIo.cpp:245:6: error: redefinition of 'void TLaneIO::SetUseIP(int, int, int, vclcompat::AnsiString, bool)'	仍缺：MyLaneIo.cpp:245:6: error: redefinition of 'void TLaneIO::SetUseIP(int, int, int, vclcompat::AnsiString, bool)'		
LOW	MyTempPanel.cpp	123	129	5			no substrate (vclcompat::TPanel carries only Caption+Color, plus TControl's Visible/Enabled -- see Controls.h). ->Color and ->Visible ARE real and stay ACTIVE below.	palTemp->Left      =0;			FAIL			yes	MyTempPanel.cpp:126:14: error: 'class vclcompat::TPanel' has no member named 'Width'	仍缺：vclcompat::TPanel 沒有成員 Width		
LOW	MyTempPanel.cpp	131	134	2				palTemp->BevelInner=bvNone;			FAIL			yes	MyTempPanel.cpp:132:14: error: 'class vclcompat::TPanel' has no member named 'BevelInner'	仍缺：vclcompat::TPanel 沒有成員 BevelInner		
LOW	MyTempPanel.cpp	142	149	6			:65,66-70,72-76) have no substrate (vclcompat::TLabel carries only Caption+Color, plus TControl's Visible/Enabled). ->Caption IS real and stays ACTIVE.	labName->Parent=palTemp;			FAIL			yes	MyTempPanel.cpp:143:14: error: 'class vclcompat::TLabel' has no member named 'Parent'	仍缺：vclcompat::TLabel 沒有成員 Parent		
LOW	MyTempPanel.cpp	151	157	5				labName->Font->Charset = DEFAULT_CHARSET;			FAIL			yes	MyTempPanel.cpp:152:14: error: 'class vclcompat::TLabel' has no member named 'Font'	仍缺：vclcompat::TLabel 沒有成員 Font		
LOW	MyTempPanel.cpp	166	177	10	GATE (1)		this port's TEdit chain either, unlike golden's TWinControl-derived original). ->Enabled IS real and stays ACTIVE. ->OnMouseDown has no substrate AND its target (edBaseMouseDown) is omitted -- GATE (1).	edLow->Parent=palTemp;			FAIL			yes	MyTempPanel.cpp:167:12: error: 'class vclcompat::TEdit' has no member named 'Parent'	仍缺：vclcompat::TEdit 沒有成員 Parent		
LOW	MyTempPanel.cpp	179	181	1				edLow->OnMouseDown=edBaseMouseDown;			FAIL			yes	MyTempPanel.cpp:180:12: error: 'class vclcompat::TEdit' has no member named 'OnMouseDown'	仍缺：vclcompat::TEdit 沒有成員 OnMouseDown		
LOW	MyTempPanel.cpp	190	192	1			TLabel do). Only ->Enabled stays ACTIVE for each. Not re-annotated per-block below to keep this file proportional to golden's own density; this one note covers all 5 Kit_ blocks.	edKit_Low->Parent=palTemp;                                                  //JerryYang 20221003 Analog要求新增Kit三點offset			FAIL			yes	MyTempPanel.cpp:191:16: error: 'class vclcompat::TEdit' has no member named 'Parent'	仍缺：vclcompat::TEdit 沒有成員 Parent		
LOW	MyTempPanel.cpp	193	201	7				edKit_Low->AutoSize=false;			FAIL			yes	MyTempPanel.cpp:194:16: error: 'class vclcompat::TEdit' has no member named 'AutoSize'	仍缺：vclcompat::TEdit 沒有成員 AutoSize		
LOW	MyTempPanel.cpp	203	206	2				edKit_Low->OnMouseDown=edBaseMouseDown;			FAIL			yes	MyTempPanel.cpp:204:16: error: 'class vclcompat::TEdit' has no member named 'OnMouseDown'	仍缺：vclcompat::TEdit 沒有成員 OnMouseDown		
LOW	MyTempPanel.cpp	208	210	1				edMid->Parent=palTemp;			FAIL			yes	MyTempPanel.cpp:209:12: error: 'class vclcompat::TEdit' has no member named 'Parent'	仍缺：vclcompat::TEdit 沒有成員 Parent		
LOW	MyTempPanel.cpp	211	221	9				Str.sprintf("edMid%03d", iTag);			FAIL			yes	MyTempPanel.cpp:213:12: error: 'class vclcompat::TEdit' has no member named 'Name'	仍缺：vclcompat::TEdit 沒有成員 Name		
LOW	MyTempPanel.cpp	223	225	1				edMid->OnMouseDown=edBaseMouseDown;			FAIL			yes	MyTempPanel.cpp:224:12: error: 'class vclcompat::TEdit' has no member named 'OnMouseDown'	仍缺：vclcompat::TEdit 沒有成員 OnMouseDown		
LOW	MyTempPanel.cpp	227	229	1				edKit_Mid->Parent=palTemp;                                                  //JerryYang 20221003 Analog要求新增Kit三點offset			FAIL			yes	MyTempPanel.cpp:228:16: error: 'class vclcompat::TEdit' has no member named 'Parent'	仍缺：vclcompat::TEdit 沒有成員 Parent		
LOW	MyTempPanel.cpp	230	238	7				edKit_Mid->AutoSize=false;			FAIL			yes	MyTempPanel.cpp:231:16: error: 'class vclcompat::TEdit' has no member named 'AutoSize'	仍缺：vclcompat::TEdit 沒有成員 AutoSize		
LOW	MyTempPanel.cpp	240	243	2				edKit_Mid->OnMouseDown=edBaseMouseDown;			FAIL			yes	MyTempPanel.cpp:241:16: error: 'class vclcompat::TEdit' has no member named 'OnMouseDown'	仍缺：vclcompat::TEdit 沒有成員 OnMouseDown		
LOW	MyTempPanel.cpp	245	247	1				edLowbase->Parent=palTemp;			FAIL			yes	MyTempPanel.cpp:246:16: error: 'class vclcompat::TEdit' has no member named 'Parent'	仍缺：vclcompat::TEdit 沒有成員 Parent		
LOW	MyTempPanel.cpp	248	258	9				Str.sprintf("edLowbase%03d", iTag);			FAIL			yes	MyTempPanel.cpp:250:16: error: 'class vclcompat::TEdit' has no member named 'Name'	仍缺：vclcompat::TEdit 沒有成員 Name		
LOW	MyTempPanel.cpp	260	262	1				edLowbase->OnMouseDown=edBaseMouseDown;			FAIL			yes	MyTempPanel.cpp:261:16: error: 'class vclcompat::TEdit' has no member named 'OnMouseDown'	仍缺：vclcompat::TEdit 沒有成員 OnMouseDown		
LOW	MyTempPanel.cpp	264	266	1				edKit_Lowbase->Parent=palTemp;                                              //JerryYang 20221003 Analog要求新增Kit三點offset			FAIL			yes	MyTempPanel.cpp:265:20: error: 'class vclcompat::TEdit' has no member named 'Parent'	仍缺：vclcompat::TEdit 沒有成員 Parent		
LOW	MyTempPanel.cpp	267	275	7				edKit_Lowbase->AutoSize=false;			FAIL			yes	MyTempPanel.cpp:268:20: error: 'class vclcompat::TEdit' has no member named 'AutoSize'	仍缺：vclcompat::TEdit 沒有成員 AutoSize		
LOW	MyTempPanel.cpp	277	280	2				edKit_Lowbase->OnMouseDown=edBaseMouseDown;			FAIL			yes	MyTempPanel.cpp:278:20: error: 'class vclcompat::TEdit' has no member named 'OnMouseDown'	仍缺：vclcompat::TEdit 沒有成員 OnMouseDown		
LOW	MyTempPanel.cpp	282	284	1				edBase->Parent=palTemp;			FAIL			yes	MyTempPanel.cpp:283:13: error: 'class vclcompat::TEdit' has no member named 'Parent'	仍缺：vclcompat::TEdit 沒有成員 Parent		
LOW	MyTempPanel.cpp	285	295	9				Str.sprintf("edBase%03d", iTag);			FAIL			yes	MyTempPanel.cpp:287:13: error: 'class vclcompat::TEdit' has no member named 'Name'	仍缺：vclcompat::TEdit 沒有成員 Name		
LOW	MyTempPanel.cpp	297	299	1				edBase->OnMouseDown=edBaseMouseDown;			FAIL			yes	MyTempPanel.cpp:298:13: error: 'class vclcompat::TEdit' has no member named 'OnMouseDown'	仍缺：vclcompat::TEdit 沒有成員 OnMouseDown		
LOW	MyTempPanel.cpp	301	303	1				edKit_Base->Parent=palTemp;                                                 //JerryYang 20221003 Analog要求新增Kit三點offset			FAIL			yes	MyTempPanel.cpp:302:17: error: 'class vclcompat::TEdit' has no member named 'Parent'	仍缺：vclcompat::TEdit 沒有成員 Parent		
LOW	MyTempPanel.cpp	304	312	7				edKit_Base->AutoSize=false;			FAIL			yes	MyTempPanel.cpp:305:17: error: 'class vclcompat::TEdit' has no member named 'AutoSize'	仍缺：vclcompat::TEdit 沒有成員 AutoSize		
LOW	MyTempPanel.cpp	314	317	2				edKit_Base->OnMouseDown=edBaseMouseDown;			FAIL			yes	MyTempPanel.cpp:315:17: error: 'class vclcompat::TEdit' has no member named 'OnMouseDown'	仍缺：vclcompat::TEdit 沒有成員 OnMouseDown		
LOW	MyTempPanel.cpp	319	321	1				edHighBase->Parent=palTemp;			FAIL			yes	MyTempPanel.cpp:320:17: error: 'class vclcompat::TEdit' has no member named 'Parent'	仍缺：vclcompat::TEdit 沒有成員 Parent		
LOW	MyTempPanel.cpp	322	332	9				Str.sprintf("edHighBase%03d", iTag);			FAIL			yes	MyTempPanel.cpp:324:17: error: 'class vclcompat::TEdit' has no member named 'Name'	仍缺：vclcompat::TEdit 沒有成員 Name		
LOW	MyTempPanel.cpp	334	336	1				edHighBase->OnMouseDown=edBaseMouseDown;			FAIL			yes	MyTempPanel.cpp:335:17: error: 'class vclcompat::TEdit' has no member named 'OnMouseDown'	仍缺：vclcompat::TEdit 沒有成員 OnMouseDown		
LOW	MyTempPanel.cpp	338	340	1				edKit_HighBase->Parent=palTemp;                                             //JerryYang 20221003 Analog要求新增Kit三點offset			FAIL			yes	MyTempPanel.cpp:339:21: error: 'class vclcompat::TEdit' has no member named 'Parent'	仍缺：vclcompat::TEdit 沒有成員 Parent		
LOW	MyTempPanel.cpp	341	349	7				edKit_HighBase->AutoSize=false;			FAIL			yes	MyTempPanel.cpp:342:21: error: 'class vclcompat::TEdit' has no member named 'AutoSize'	仍缺：vclcompat::TEdit 沒有成員 AutoSize		
LOW	MyTempPanel.cpp	351	354	2				edKit_HighBase->OnMouseDown=edBaseMouseDown;			FAIL			yes	MyTempPanel.cpp:352:21: error: 'class vclcompat::TEdit' has no member named 'OnMouseDown'	仍缺：vclcompat::TEdit 沒有成員 OnMouseDown		
LOW	MyTempPanel.cpp	356	358	1				edSHighBase->Parent=palTemp;                                                //Ztex 2024.07.27 Add 6 Point Temperature Offset ==>			FAIL			yes	MyTempPanel.cpp:357:18: error: 'class vclcompat::TEdit' has no member named 'Parent'	仍缺：vclcompat::TEdit 沒有成員 Parent		
LOW	MyTempPanel.cpp	359	369	9				Str.sprintf("edSHighBase%03d", iTag);			FAIL			yes	MyTempPanel.cpp:361:18: error: 'class vclcompat::TEdit' has no member named 'Name'	仍缺：vclcompat::TEdit 沒有成員 Name		
LOW	MyTempPanel.cpp	371	373	1				edSHighBase->OnMouseDown=edBaseMouseDown;                                   //Ztex 2024.07.27 Add 6 Point Temperature Offset <==			FAIL			yes	MyTempPanel.cpp:372:18: error: 'class vclcompat::TEdit' has no member named 'OnMouseDown'	仍缺：vclcompat::TEdit 沒有成員 OnMouseDown		
LOW	MyTempPanel.cpp	375	377	1			==> Eastsun 20260526 #026-4.A7 Ifor 20241101 add :KYEC	edPreOffset->Parent=palTemp;			FAIL			yes	MyTempPanel.cpp:376:18: error: 'class vclcompat::TEdit' has no member named 'Parent'	仍缺：vclcompat::TEdit 沒有成員 Parent		
LOW	MyTempPanel.cpp	378	386	7				edPreOffset->AutoSize=false;			FAIL			yes	MyTempPanel.cpp:379:18: error: 'class vclcompat::TEdit' has no member named 'AutoSize'	仍缺：vclcompat::TEdit 沒有成員 AutoSize		
LOW	MyTempPanel.cpp	389	392	2				edPreOffset->OnMouseDown=edBaseMouseDown;			FAIL			yes	MyTempPanel.cpp:390:18: error: 'class vclcompat::TEdit' has no member named 'OnMouseDown'	仍缺：vclcompat::TEdit 沒有成員 OnMouseDown		
LOW	MyTempPanel.cpp	393	395	1				edPreOfsTime->Parent=palTemp;			FAIL			yes	MyTempPanel.cpp:394:19: error: 'class vclcompat::TEdit' has no member named 'Parent'	仍缺：vclcompat::TEdit 沒有成員 Parent		
LOW	MyTempPanel.cpp	396	404	7				edPreOfsTime->AutoSize=false;			FAIL			yes	MyTempPanel.cpp:397:19: error: 'class vclcompat::TEdit' has no member named 'AutoSize'	仍缺：vclcompat::TEdit 沒有成員 AutoSize		
LOW	MyTempPanel.cpp	407	410	2				edPreOfsTime->OnMouseDown=edBaseMouseDown;			FAIL			yes	MyTempPanel.cpp:408:19: error: 'class vclcompat::TEdit' has no member named 'OnMouseDown'	仍缺：vclcompat::TEdit 沒有成員 OnMouseDown		
LOW	MyTempPanel.cpp	411	413	1				edAfterOfs->Parent=palTemp;			FAIL			yes	MyTempPanel.cpp:412:17: error: 'class vclcompat::TEdit' has no member named 'Parent'	仍缺：vclcompat::TEdit 沒有成員 Parent		
LOW	MyTempPanel.cpp	414	422	7				edAfterOfs->AutoSize=false;			FAIL			yes	MyTempPanel.cpp:415:17: error: 'class vclcompat::TEdit' has no member named 'AutoSize'	仍缺：vclcompat::TEdit 沒有成員 AutoSize		
LOW	MyTempPanel.cpp	425	428	2				edAfterOfs->OnMouseDown=edBaseMouseDown;			FAIL			yes	MyTempPanel.cpp:426:17: error: 'class vclcompat::TEdit' has no member named 'OnMouseDown'	仍缺：vclcompat::TEdit 沒有成員 OnMouseDown		
LOW	MyTempPanel.cpp	431	433	1			<== Eastsun 20260526 #026-4.A7	edOffset->Parent=palTemp;			FAIL			yes	MyTempPanel.cpp:432:15: error: 'class vclcompat::TEdit' has no member named 'Parent'	仍缺：vclcompat::TEdit 沒有成員 Parent		
LOW	MyTempPanel.cpp	434	443	8				Str.sprintf("edOffset%03d", iTag);			FAIL			yes	MyTempPanel.cpp:436:15: error: 'class vclcompat::TEdit' has no member named 'Name'	仍缺：vclcompat::TEdit 沒有成員 Name		
LOW	MyTempPanel.cpp	445	448	2				edOffset->Color = clBtnFace;			FAIL			yes	MyTempPanel.cpp:446:15: error: 'class vclcompat::TEdit' has no member named 'Color'	仍缺：vclcompat::TEdit 沒有成員 Color		
LOW	MyTempPanel.cpp	450	452	1				edOffset->OnMouseDown=edBaseMouseDown;			FAIL			yes	MyTempPanel.cpp:451:15: error: 'class vclcompat::TEdit' has no member named 'OnMouseDown'	仍缺：vclcompat::TEdit 沒有成員 OnMouseDown		
LOW	MyTempPanel.cpp	454	456	1				edSingleLimit->Parent=palTemp;			FAIL			yes	MyTempPanel.cpp:455:20: error: 'class vclcompat::TEdit' has no member named 'Parent'	仍缺：vclcompat::TEdit 沒有成員 Parent		
LOW	MyTempPanel.cpp	457	466	8				Str.sprintf("edSingleLimit%03d", iTag);			FAIL			yes	MyTempPanel.cpp:459:20: error: 'class vclcompat::TEdit' has no member named 'Name'	仍缺：vclcompat::TEdit 沒有成員 Name		
LOW	MyTempPanel.cpp	468	470	1				edSingleLimit->OnMouseDown=edLimitMouseDown;			FAIL			yes	MyTempPanel.cpp:469:20: error: 'class vclcompat::TEdit' has no member named 'OnMouseDown'	仍缺：vclcompat::TEdit 沒有成員 OnMouseDown		
LOW	MyTempPanel.cpp	472	474	1				edIndiTemp->Parent=palTemp;			FAIL			yes	MyTempPanel.cpp:473:17: error: 'class vclcompat::TEdit' has no member named 'Parent'	仍缺：vclcompat::TEdit 沒有成員 Parent		
LOW	MyTempPanel.cpp	475	484	8				Str.sprintf("edIndiTemp%03d", iTag);			FAIL			yes	MyTempPanel.cpp:477:17: error: 'class vclcompat::TEdit' has no member named 'Name'	仍缺：vclcompat::TEdit 沒有成員 Name		
LOW	MyTempPanel.cpp	486	488	1				edIndiTemp->OnMouseDown=edIndiviMouseDown;			FAIL			yes	MyTempPanel.cpp:487:17: error: 'class vclcompat::TEdit' has no member named 'OnMouseDown'	仍缺：vclcompat::TEdit 沒有成員 OnMouseDown		
LOW	MyTempPanel.cpp	490	492	1				edInitTempOffset->Parent=palTemp;			FAIL			yes	MyTempPanel.cpp:491:23: error: 'class vclcompat::TEdit' has no member named 'Parent'	仍缺：vclcompat::TEdit 沒有成員 Parent		
LOW	MyTempPanel.cpp	493	502	8				Str.sprintf("edInitTempOffset%03d", iTag);			FAIL			yes	MyTempPanel.cpp:495:23: error: 'class vclcompat::TEdit' has no member named 'Name'	仍缺：vclcompat::TEdit 沒有成員 Name		
LOW	MyTempPanel.cpp	504	507	2				edInitTempOffset->OnMouseDown=edinitialMouseDown;                           //kevin 20210421 edBaseMouseDown; ->edinitialMouseDown 獨立 範圍			FAIL			yes	MyTempPanel.cpp:505:23: error: 'class vclcompat::TEdit' has no member named 'OnMouseDown'	仍缺：vclcompat::TEdit 沒有成員 OnMouseDown		
LOW	MyTempPanel.cpp	509	511	1			edInitTempOffset->OnMouseDown=edBaseMouseDown;	edEOTTempOffset->Parent=palTemp;			FAIL			yes	MyTempPanel.cpp:510:22: error: 'class vclcompat::TEdit' has no member named 'Parent'	仍缺：vclcompat::TEdit 沒有成員 Parent		
LOW	MyTempPanel.cpp	512	521	8				Str.sprintf("edEOTTempOffset%03d", iTag);			FAIL			yes	MyTempPanel.cpp:514:22: error: 'class vclcompat::TEdit' has no member named 'Name'	仍缺：vclcompat::TEdit 沒有成員 Name		
LOW	MyTempPanel.cpp	523	525	1				edEOTTempOffset->OnMouseDown=edBaseMouseDown;			FAIL			yes	MyTempPanel.cpp:524:22: error: 'class vclcompat::TEdit' has no member named 'OnMouseDown'	仍缺：vclcompat::TEdit 沒有成員 OnMouseDown		
LOW	MyTempPanel.cpp	528	534	5				palLine->Parent=palTemp;			FAIL			yes	MyTempPanel.cpp:529:14: error: 'class vclcompat::TPanel' has no member named 'Parent'	仍缺：vclcompat::TPanel 沒有成員 Parent		
LOW	MyTempPanel.cpp	628	630	1			AI(W906-PT-W3) 20260807: golden `palTemp->Parent=NULL;` (golden :379) has no substrate (no ->Parent member, see ctor's note).	palTemp->Parent=NULL;			FAIL			yes	MyTempPanel.cpp:629:18: error: 'class vclcompat::TPanel' has no member named 'Parent'	仍缺：vclcompat::TPanel 沒有成員 Parent		
LOW	MyTempPanel.cpp	644	647	2			AI(W906-PT-W3) 20260807: golden `palTemp->Parent=tsTemp; palTemp->Align=alTop;` (golden :390-391) has no substrate (no ->Parent, no ->Align member on vclcompat::TPanel). ACTIVE arm: no-op.	palTemp->Parent=tsTemp;			FAIL			yes	MyTempPanel.cpp:645:14: error: 'class vclcompat::TPanel' has no member named 'Parent'	仍缺：vclcompat::TPanel 沒有成員 Parent		
LOW	MyTempPanel.cpp	901	1008	106			(real -- vclcompat TEdit:TCustomEdit:TControl:TObject is a single non-virtual chain) and then the faithful "user did nothing" no-op. Golden preserved VERBATIM, ready to un-gate as one block:	TEdit *Buffer;			FAIL			yes	MyTempPanel.cpp:902:12: error: redeclaration of 'vclcompat::TEdit* Buffer'	仍缺：MyTempPanel.cpp:902:12: error: redeclaration of 'vclcompat::TEdit* Buffer'	TAG(.dfm?)	
LOW	MyTempPanel.cpp	1050	1072	21			missing surfaces as edBaseMouseDown above (Tag / fTemp_Set / fQwertyKey).  ACTIVE arm: the real Sender downcast, then the faithful "user did nothing" no-op.  Golden preserved VERBATIM:	dTempMax=fTemp_Set->MaxTempSetting();                                       //Steven 20170427 : 回傳機台可以用的最大溫度值		sim+ship	PASS-WITH-INCLUDE	LINK-OK	SHIP-OK	likely-no（缺 include）	MyTempPanel.cpp:1051:14: error: 'fTemp_Set' was not declared in this scope	候選：補 include forms/fTemp_Set.h 後照 golden 解開（先確認那個名字是真本體、不是 stub／shim）	TAG(.dfm?)	
LOW	MyTempPanel.cpp	1107	1140	32			(fQwertyKey real since FW-QWKEY1, 20260824), so this handler is the closest of the four to being un-gateable. ACTIVE arm: faithful "user did nothing" no-op.  Golden VERBATIM:	if(Buffer->Tag==1)			FAIL			yes	MyTempPanel.cpp:1110:40: error: 'Barcode_Reader' was not declared in this scope	仍缺：未宣告 Barcode_Reader	TAG(.dfm?)	
LOW	OmronLaser/LaserSensorShuttle.cpp	975	990	14				GetShuttleSize(iShuttleXItem, iShuttleYItem, iShuttleXPitch, iShuttleYPitch);			FAIL			yes	LaserSensorShuttle.cpp:981:80: error: 'GetShuttleSize' was not declared in this scope	仍缺：未宣告 GetShuttleSize	HAS-#else	
LOW	OmronLaser/LaserSensorShuttle.cpp	1041	1049	7				GetShuttleSize(iShuttleXItem, iShuttleYItem, iShuttleXPitch, iShuttleYPitch);			FAIL			yes	LaserSensorShuttle.cpp:1044:80: error: 'GetShuttleSize' was not declared in this scope	仍缺：未宣告 GetShuttleSize	HAS-#else	
HIGH	PowerSavingMode.cpp	595	597	1	GATE (1)		GATE (1): golden :89 -- fMain->pnlPowerSaving is not a member of forms/fMain.h's TfMain facade	fMain->pnlPowerSaving->Visible=false;			FAIL			yes	PowerSavingMode.cpp:596:16: error: 'class TfMain' has no member named 'pnlPowerSaving'	仍缺：TfMain 沒有成員 pnlPowerSaving		
HIGH	PowerSavingMode.cpp	602	604	1	GATE (1)		GATE (1): golden :94 -- ditto	fMain->pnlPowerSaving->Visible=true;			FAIL			yes	PowerSavingMode.cpp:603:16: error: 'class TfMain' has no member named 'pnlPowerSaving'	仍缺：TfMain 沒有成員 pnlPowerSaving		
HIGH	PowerSavingMode.cpp	651	660	8	GATE (1)		GATE (1): golden :141-142 -- fMain->pnlPowerSaving absent.  The guard is	if(tModule->iCountDown>OverDayAM)			FAIL			yes	PowerSavingMode.cpp:659:28: error: 'class TfMain' has no member named 'pnlPowerSaving'	仍缺：TfMain 沒有成員 pnlPowerSaving		
HIGH	PowerSavingMode.cpp	839	852	12	GATE (4)		GATE (4): golden :321-327 -- `Active` (VCL TForm foreground property) is	bRe=fMain->Active;			FAIL			yes	PowerSavingMode.cpp:843:20: error: 'class TfMain' has no member named 'Active'	仍缺：TfMain 沒有成員 Active	HAS-#else	
HIGH	PowerSavingMode.cpp	961	967	5	GATE (3)		GATE (3): golden :431 -- ShowMyMessagePWD (golden mymessbox.h:52) has no	ShowMyMessagePWD("", "Enter power saving mode", NULL, true, false, true);			FAIL			yes	PowerSavingMode.cpp:964:92: error: 'ShowMyMessagePWD' was not declared in this scope	仍缺：未宣告 ShowMyMessagePWD	HAS-#else	
LOW	ProductionInfo/TfFTP.cpp	520	522	1			kept VERBATIM -- it was already unconditional in golden (real TNMFTP::Rename is void, so golden itself never checked a result here either).	pFTP->Rename(asSource, asTarget);			FAIL			yes	TfFTP.cpp:521:27: error: 'class Nmftp::TNMFTP' has no member named 'Rename'; did you mean 'Name'?	仍缺：Nmftp::TNMFTP 沒有成員 Rename		
LOW	ProductionInfo/uPAT_Function.cpp	1247	1256	8			---- golden text VERBATIM (golden :618-620) ----	srpt+=GetRealTimeRpt_FormatRow("Stop Time(Before Test)", GetDayHourMinSecStr(fMain->machineTime.GetTotalPauseTimeBeforeTest()));			FAIL			yes	uPAT_Function.cpp:1248:89: error: 'class TfMain' has no member named 'machineTime'	仍缺：TfMain 沒有成員 machineTime	HAS-#else	
LOW	ProductionInfo/uPAT_Function.cpp	1713	1730	16	GATE REGISTER.		---- golden text VERBATIM (golden :1058-1071) ----	SetTrayForm_Greatek *stf=&fProductionInfo->sucTrayForm;			FAIL			yes	uPAT_Function.cpp:1714:48: error: 'class TfProductionInfo' has no member named 'sucTrayForm'  (補 include ProductionInfo/uSetUpConfiguration.h 之後)	仍缺：TfProductionInfo 沒有成員 sucTrayForm	HAS-#else	
LOW	ProductionInfo/uPAT_Function.cpp	1765	1783	17	GATE REGISTER.		---- golden text VERBATIM (golden :1105-1119) ----	fProductionInfo->OverWritePlateFormData(PlateTablePath,"",plate.StartPositionX,			FAIL			yes	uPAT_Function.cpp:1766:22: error: 'class TfProductionInfo' has no member named 'OverWritePlateFormData'	仍缺：TfProductionInfo 沒有成員 OverWritePlateFormData	HAS-#else	
LOW	ProductionInfo/uPAT_Function.cpp	1789	1799	9	GATE REGISTER.		---- golden text VERBATIM (golden :1124-1130) ----	fProductionInfo->OverWritePlateFormData(PlateTablePath,"",plate.StartPositionX,			FAIL			yes	uPAT_Function.cpp:1790:22: error: 'class TfProductionInfo' has no member named 'OverWritePlateFormData'	仍缺：TfProductionInfo 沒有成員 OverWritePlateFormData	HAS-#else	
LOW	ProductionInfo/uPAT_Function.cpp	1839	1851	11			---- golden text VERBATIM (golden :1166-1173) ----	if(atof(fMain->edWorkTemperBase->Text.c_str())>25)		sim+ship	PASS	LINK-OK	SHIP-OK	likely-no	(compiles: -fsyntax-only)	候選：照 golden 解開（先看風險標記）	HAS-#else	
LOW	ProductionInfo/uPAT_Function.cpp	1855	1860	4	GATE REGISTER.		---- golden text VERBATIM (golden :1175-1175) ----	fTemp_Set->spbSave->Click();		sim+ship	PASS-WITH-INCLUDE	LINK-OK	SHIP-OK	likely-no（缺 include）	uPAT_Function.cpp:1856:5: error: 'fTemp_Set' was not declared in this scope	候選：補 include forms/fTemp_Set.h 後照 golden 解開（先確認那個名字是真本體、不是 stub／shim）	ONCLICK HAS-#else	
LOW	ProductionInfo/uPAT_Function.cpp	1889	1895	5	GATE REGISTER.		---- golden text VERBATIM (golden :1203-1205) ----	fContact->edForcePerPinG->Text=IntToStr(contact.TheNoOfPins);			FAIL			yes	uPAT_Function.cpp:1890:15: error: 'class TfContactShim' has no member named 'edForcePerPinG'  (補 include atester_shims.h 之後)	仍缺：TfContactShim 沒有成員 edForcePerPinG	ONCLICK HAS-#else	
LOW	ProductionInfo/uPAT_Function.cpp	1964	1989	24	GATE REGISTER.		---- golden text VERBATIM (golden :1273-1294) ----	autoClean.UseAutoClean = fCleaning->rgAutoCleanOnOff->ItemIndex;			FAIL			yes	uPAT_Function.cpp:1965:41: error: 'class TfCleaning' has no member named 'rgAutoCleanOnOff'	仍缺：TfCleaning 沒有成員 rgAutoCleanOnOff	HAS-#else	
LOW	ProductionInfo/uPAT_Function.cpp	1995	2022	26	GATE REGISTER.		---- golden text VERBATIM (golden :1299-1322) ----	fCleaning->rgAutoCleanOnOff->ItemIndex=autoClean.UseAutoClean;			FAIL			yes	uPAT_Function.cpp:1996:16: error: 'class TfCleaning' has no member named 'rgAutoCleanOnOff'	仍缺：TfCleaning 沒有成員 rgAutoCleanOnOff	HAS-#else	
LOW	ProductionInfo/uPAT_Function.cpp	2051	2057	5	GATE REGISTER.		---- golden text VERBATIM (golden :1350-1352) ----	tester.TestMode = FTestIF->rgInterfaceType->ItemIndex;		sim+ship	PASS-WITH-INCLUDE	LINK-OK	SHIP-OK	likely-no（缺 include）	uPAT_Function.cpp:2052:23: error: 'FTestIF' was not declared in this scope	候選：補 include forms/fTesterIF.h 後照 golden 解開（先確認那個名字是真本體、不是 stub／shim）	HAS-#else	
LOW	ProductionInfo/uPAT_Function.cpp	2063	2076	12	GATE REGISTER.		---- golden text VERBATIM (golden :1357-1366) ----	FTestIF->rgInterfaceType->ItemIndex=tester.TestMode;			FAIL			yes	uPAT_Function.cpp:2070:21: error: 'GetLastOpenFN' was not declared in this scope  (補 include forms/fTesterIF.h 之後)	仍缺：未宣告 GetLastOpenFN	HAS-#else	
HIGH	ProductionInfo/uPAT_Function.cpp	2111	2122	10	GATE REGISTER.		---- golden text VERBATIM (golden :1400-1407) ----	vacuum.Arm1VacuumWait = StrToFloatDef(fSpeed->edInVacumCheckTime->Text, 0.0);			FAIL			yes	fSpeed.h:601:5: error: 'AnsiString' does not name a type  (補 include forms/fSpeed.h + vclcompat/AnsiString.h 之後)	仍缺：未宣告 AnsiString	HIGH-KW HAS-#else	
HIGH	ProductionInfo/uPAT_Function.cpp	2128	2141	12	GATE REGISTER.		---- golden text VERBATIM (golden :1412-1421) ----	fSpeed->edInVacumCheckTime->Text=FloatToStr(vacuum.Arm1VacuumWait);			FAIL			yes	fSpeed.h:601:5: error: 'AnsiString' does not name a type  (補 include forms/fSpeed.h + vclcompat/AnsiString.h 之後)	仍缺：未宣告 AnsiString	HIGH-KW ONCLICK HAS-#else	
LOW	ProductionInfo/uPAT_Function.cpp	2172	2181	8	GATE REGISTER.		---- golden text VERBATIM (golden :1451-1456) ----	speed.InArm2Speed = StrToIntDef(fSpeed->edInXYSpd->Text, 0);			FAIL			yes	fSpeed.h:601:5: error: 'AnsiString' does not name a type  (補 include forms/fSpeed.h + vclcompat/AnsiString.h 之後)	仍缺：未宣告 AnsiString	HAS-#else	
LOW	ProductionInfo/uPAT_Function.cpp	2187	2207	19	GATE REGISTER.		---- golden text VERBATIM (golden :1461-1477) ----	fSpeed->edInXYSpd->Text=IntToStr(speed.InArm2Speed);			FAIL			yes	fSpeed.h:601:5: error: 'AnsiString' does not name a type  (補 include forms/fSpeed.h + vclcompat/AnsiString.h 之後)	仍缺：未宣告 AnsiString	ONCLICK HAS-#else	
LOW	Public/ExternFunction.cpp	564	571	6	GATE PTW8-EF-3 --		GATE PTW8-EF-3 -- golden :119-124.  No TStatusBar type exists; the parameter type cannot be named.	bool StatusBar_ItemText(TStatusBar* pSB, int iIndex, AnsiString sText)			FAIL			yes	ExternFunction.cpp:565:25: error: 'TStatusBar' was not declared in this scope  (補 include TesterComm/Gpib/GpibBridge.h + TesterComm/Rs232/Rs232Bridge.h 之後)	仍缺：未宣告 TStatusBar		
LOW	Public/HTEdit.cpp	135	159	23	GATE (1)		GATE (1): golden restores Ed/LEd->OnClick/OnKeyPress/OnChange from FOldOnClickEvent/FOldKeyPressEvent/FOldOnChange here. Faithful default: no-op (see GATE REGISTER (1) above).	TEdit        *Ed = dynamic_cast <TEdit          *>(SourceControl);			FAIL			yes	HTEdit.cpp:141:21: error: 'class vclcompat::TEdit' has no member named 'OnClick'; did you mean 'Click'?	仍缺：vclcompat::TEdit 沒有成員 OnClick		
LOW	Public/HTEdit.cpp	173	242	68				TEdit        *Ed = dynamic_cast <TEdit          *>(SourceControl);			FAIL			yes	HTEdit.cpp:178:34: error: 'class vclcompat::TEdit' has no member named 'OnClick'; did you mean 'Click'?	仍缺：vclcompat::TEdit 沒有成員 OnClick	HAS-#else	
LOW	Public/HTEdit.cpp	369	393	23			---------------------------------------------------------------------------	TEdit        *Ed = dynamic_cast <TEdit          *>(SourceControl);			FAIL			yes	HTEdit.cpp:375:17: error: 'class vclcompat::TEdit' has no member named 'OnClick'; did you mean 'Click'?	仍缺：vclcompat::TEdit 沒有成員 OnClick	HAS-#else	
LOW	Public/HTEdit.cpp	731	746	14			---------------------------------------------------------------------------	Par     =SourceControl->Parent;			FAIL			yes	HTEdit.cpp:732:29: error: 'class vclcompat::TControl' has no member named 'Parent'	仍缺：vclcompat::TControl 沒有成員 Parent	HAS-#else	
LOW	Public/HTEdit.cpp	751	764	12			---------------------------------------------------------------------------	if(SourceControl->Parent!=Null && Par!=NULL && SourceControl->Parent!=Par)			FAIL			yes	HTEdit.cpp:752:23: error: 'class vclcompat::TControl' has no member named 'Parent'	仍缺：vclcompat::TControl 沒有成員 Parent	HAS-#else	
HIGH	Public/MyProductionRecord.cpp	552	559	6	TODO(W-VacuumUnit)		TODO(W-VacuumUnit) -- TMySucker::GetIOValue() not real yet (golden MyKitSuck.h:108)	AnsiString s="";                                                            //Sam 20230210 : 新增 VacuumUnit 通訊模組		sim+ship	PASS	LINK-OK	SHIP-OK	likely-no	(compiles: -fsyntax-only)	候選：照 golden 解開（先看風險標記）	HIGH-KW	
HIGH	Public/MyProductionRecord.cpp	567	574	6	TODO(W-VacuumUnit)		TODO(W-VacuumUnit) -- TMySucker::GetIOValue() not real yet (golden MyKitSuck.h:108)	AnsiString s="";                                                            //Sam 20230210 : 新增 VacuumUnit 通訊模組		sim+ship	PASS	LINK-OK	SHIP-OK	likely-no	(compiles: -fsyntax-only)	候選：照 golden 解開（先看風險標記）	HIGH-KW	
HIGH	Public/MyProductionRecord.cpp	608	615	6	TODO(W-VacuumUnit)		TODO(W-VacuumUnit) -- TMySucker::GetIOValue() not real yet (golden MyKitSuck.h:108)	AnsiString s="";                                                            //Sam 20230210 : 新增 VacuumUnit 通訊模組		sim+ship	PASS	LINK-OK	SHIP-OK	likely-no	(compiles: -fsyntax-only)	候選：照 golden 解開（先看風險標記）	HIGH-KW	
LOW	Public/MyProductionRecord.cpp	1198	1203	4	GATE G-1 --		GATE G-1 -- golden :673-676 (fBarCode->JCETUseMakeWhite2DIDList() / fLotInfo->edtCusLotID -- see GATE REGISTER A-1, G-1)	else if(fBarCode->JCETUseMakeWhite2DIDList()==true)                         //RogerYang 20251210 : JCET 2D FT1白名單/FT2比對功能			FAIL			yes	MyProductionRecord.cpp:1199:23: error: 'class TfBarCode' has no member named 'JCETUseMakeWhite2DIDList'	仍缺：TfBarCode 沒有成員 JCETUseMakeWhite2DIDList		
LOW	Public/MyProductionRecord.cpp	1781	1891	109	GATE G-4 --		GATE G-4 -- fBarCode->iJCETWhitelistSN absent from TfBarCode (BarCode/BarCode.h, partial); see GATE REGISTER A-1, G-4	AnsiString asJCET2DIDListPath, asStr;			FAIL			yes	MyProductionRecord.cpp:1800:19: error: 'class TfBarCode' has no member named 'iJCETWhitelistSN'	仍缺：TfBarCode 沒有成員 iJCETWhitelistSN	WRITES-FILE	
LOW	Public/WinSocketErrorCode.cpp	443	447	3	GATE G-PTk4		GATE G-PTk4 -- golden :326.  MyDBIProcess lives in ht9045_sm; this TU is	MyDBIProcess("Exception", Str);			FAIL			yes	WinSocketErrorCode.cpp:446:34: error: 'MyDBIProcess' was not declared in this scope	仍缺：未宣告 MyDBIProcess		
LOW	RotateKit/aRotateKIT.cpp	241	245	3	TODO(W7)		TODO(W7): golden csystem.cpp:723 ArmCanSuck4IC -- declared csystem.h:162, no compiled body in this tree	#define W906RK_ARMCANSUCK4IC(Direct)   (ArmCanSuck4IC(Direct))		sim+ship	PASS	LINK-OK	SHIP-OK	likely-no	(compiles: -fsyntax-only)	候選：照 golden 解開（先看風險標記）	HAS-#else	
LOW	RotateKit/aRotateKIT_In.cpp	339	343	3	TODO(W7)		TODO(W7): golden RotateKit/fRotate.h:32 TRotate::DutNum -- absent from this tree's tRotateShim (aHotPlateSubstrate.h:824-832)	#define W906RKIN_DUTNUM                 (tRotate.DutNum)		sim+ship	PASS	LINK-OK	SHIP-OK	likely-no	(compiles: -fsyntax-only)	候選：照 golden 解開（先看風險標記）	HAS-#else	
LOW	RotateKit/aRotateKIT_In.cpp	346	352	5	TODO(W7)		TODO(W7): golden RotateKit/fRotate.h:45-46 TRotate::RotateKit_PitchX/_PitchY -- absent from tRotateShim	#define W906RKIN_ROTKIT_PITCHX          (tRotate.RotateKit_PitchX)		sim+ship	PASS	LINK-OK	SHIP-OK	likely-no	(compiles: -fsyntax-only)	候選：照 golden 解開（先看風險標記）	HAS-#else	
LOW	RotateKit/aRotateKIT_In.cpp	355	359	3	TODO(W7)		TODO(W7): golden RotateKit/fRotate.h:39 TRotate::RotationCount[8] -- absent from tRotateShim	#define W906RKIN_TROT_ROTATIONCOUNT(i)  (tRotate.RotationCount[i])		sim+ship	PASS	LINK-OK	SHIP-OK	likely-no	(compiles: -fsyntax-only)	候選：照 golden 解開（先看風險標記）	HAS-#else	
LOW	RotateKit/aRotateKIT_In.cpp	362	366	3	TODO(W7)		TODO(W7): golden RotateKit/fRotate.h:57 TRotate::iRotateOffset[2] -- absent from tRotateShim	#define W906RKIN_TROT_IROTATEOFFSET(i)  (tRotate.iRotateOffset[i])		sim+ship	PASS	LINK-OK	SHIP-OK	likely-no	(compiles: -fsyntax-only)	候選：照 golden 解開（先看風險標記）	HAS-#else	
LOW	RotateKit/aRotateKIT_In.cpp	369	373	3	TODO(W7)		TODO(W7): golden RotateKit/fRotate.h:135 TFrmRotate::bShowRotateBySite -- absent from forms/fRotate.h's stand-in	#define W906RKIN_SHOWROTATEBYSITE       (FrmRotate->bShowRotateBySite)		sim+ship	PASS	LINK-OK	SHIP-OK	likely-no	(compiles: -fsyntax-only)	候選：照 golden 解開（先看風險標記）	HAS-#else	
LOW	RotateKit/aRotateKIT_In.cpp	383	387	3	TODO(W7)		TODO(W7): golden csystem.cpp:723 ArmCanSuck4IC -- declared csystem.h:162, NO compiled body in this tree (same gate as RotateKit/aRotateKIT.cpp:238-242)	#define W906RKIN_ARMCANSUCK4IC(Direct)  (ArmCanSuck4IC(Direct))		sim+ship	PASS	LINK-OK	SHIP-OK	likely-no	(compiles: -fsyntax-only)	候選：照 golden 解開（先看風險標記）	HAS-#else	
LOW	RotateKit/aRotateKIT_In.cpp	413	415	1	TODO(W7)		TODO(W7): GATE (1) -- golden :30 iInRotateFinish -- DUPLICATE definition (this tree already defines it at acatchtray.cpp:138)	int iInRotateFinish         =0;                                                 //kevin 20130524 確保IC有放到旋轉馬達轉向  1:初始化  2:旋轉完成  3:放置SHUTTLE 0:放完SHUTTLE    //Steven 20160809 : 改成全域變數		sim+ship	PASS			n/a	(compiles: -fsyntax-only)	已退役的替身／參考副本（真本體在別處）：不要解（會重複定義），可整段清掉		
LOW	RotateKit/aRotateKIT_In.cpp	1817	1819	1	TODO(W7)		TODO(W7): GATE (8) -- golden :1411 TFrmRotate::SetInRotateSpeed -- absent from forms/fRotate.h stand-in	FrmRotate->SetInRotateSpeed(ArmSpeed[InRotate].iACDCBodySP, ArmSpeed[InRotate].iBodySP);    //Steven 20170329 (wei) : Add individual rotate motor			FAIL			yes	aRotateKIT_In.cpp:1818:28: error: 'class TFrmRotate' has no member named 'SetInRotateSpeed'; did you mean 'DoInRotateHome'?	仍缺：TFrmRotate 沒有成員 SetInRotateSpeed		
LOW	RotateKit/aRotateKIT_In.cpp	3721	3723	1	TODO(W7)		TODO(W7): GATE (8) -- golden :3271 TFrmRotate::SetInRotateSpeed -- absent from forms/fRotate.h stand-in	FrmRotate->SetInRotateSpeed(ArmSpeed[InRotate].iACDCBodySP, ArmSpeed[InRotate].iBodySP);    //Steven 20170329 (wei) : Add individual rotate motor			FAIL			yes	aRotateKIT_In.cpp:3722:28: error: 'class TFrmRotate' has no member named 'SetInRotateSpeed'; did you mean 'DoInRotateHome'?	仍缺：TFrmRotate 沒有成員 SetInRotateSpeed		
LOW	RotateKit/aRotateKIT_In.cpp	3884	3887	2	TODO(W7)		TODO(W7): GATE (12) -- golden :3427-3428 FrmAOI->ttbInsp->iRotateKitAngOffset_In -- absent from forms/fAOI.h stand-in	if(USE_Scanner_AOI_Inspection==(int)eBtnAOI_TopBottomInstall)			FAIL			yes	aRotateKIT_In.cpp:3886:27: error: 'class TFrmAOI' has no member named 'ttbInsp'	仍缺：TFrmAOI 沒有成員 ttbInsp		
LOW	RotateKit/aRotateKIT_Out.cpp	333	337	3	TODO(W7)		TODO(W7): golden RotateKit/fRotate.h:32 TRotate::DutNum -- absent from this tree's tRotateShim (aHotPlateSubstrate.h:824-832)	#define W906RKO_DUTNUM                   (tRotate.DutNum)		sim+ship	PASS	LINK-OK	SHIP-OK	likely-no	(compiles: -fsyntax-only)	候選：照 golden 解開（先看風險標記）	HAS-#else	
LOW	RotateKit/aRotateKIT_Out.cpp	340	344	3	TODO(W7)		TODO(W7): golden RotateKit/fRotate.h TRotate::bPassBinNoRotate (jou 20231020) -- absent from tRotateShim	#define W906RKO_TROT_PASSBINNOROTATE     (tRotate.bPassBinNoRotate)		sim+ship	PASS	LINK-OK	SHIP-OK	likely-no	(compiles: -fsyntax-only)	候選：照 golden 解開（先看風險標記）	HAS-#else	
LOW	RotateKit/aRotateKIT_Out.cpp	347	351	3	TODO(W7)		TODO(W7): golden RotateKit/fRotate.h TRotate::RotateKit_PitchX -- absent from tRotateShim	#define W906RKO_ROTKIT_PITCHX            (tRotate.RotateKit_PitchX)		sim+ship	PASS	LINK-OK	SHIP-OK	likely-no	(compiles: -fsyntax-only)	候選：照 golden 解開（先看風險標記）	HAS-#else	
LOW	RotateKit/aRotateKIT_Out.cpp	354	358	3	TODO(W7)		TODO(W7): golden RotateKit/fRotate.h TRotate::bUseDifferentAngle -- absent from tRotateShim	#define W906RKO_TROT_USEDIFFERENTANGLE   (tRotate.bUseDifferentAngle)		sim+ship	PASS	LINK-OK	SHIP-OK	likely-no	(compiles: -fsyntax-only)	候選：照 golden 解開（先看風險標記）	HAS-#else	
LOW	RotateKit/aRotateKIT_Out.cpp	361	365	3	TODO(W7)		TODO(W7): golden RotateKit/fRotate.h:57 TRotate::iRotateOffset[2] -- absent from tRotateShim	#define W906RKO_TROT_IROTATEOFFSET(i)    (tRotate.iRotateOffset[i])		sim+ship	PASS	LINK-OK	SHIP-OK	likely-no	(compiles: -fsyntax-only)	候選：照 golden 解開（先看風險標記）	HAS-#else	
LOW	RotateKit/aRotateKIT_Out.cpp	368	372	3	TODO(W7)		TODO(W7): golden RotateKit/fRotate.h:133 TFrmRotate::bShowRotateBySite -- absent from forms/fRotate.h's stand-in	#define W906RKO_SHOWROTATEBYSITE         (FrmRotate->bShowRotateBySite)		sim+ship	PASS	LINK-OK	SHIP-OK	likely-no	(compiles: -fsyntax-only)	候選：照 golden 解開（先看風險標記）	HAS-#else	
LOW	RotateKit/aRotateKIT_Out.cpp	375	379	3	TODO(W7)		TODO(W7): golden csystem.cpp:723 ArmCanSuck4IC -- declared csystem.h:162, NO compiled body in this tree (same gate as RotateKit/aRotateKIT.cpp:238-242 and aRotateKIT_In.cpp:382-387)	#define W906RKO_ARMCANSUCK4IC(...)       (ArmCanSuck4IC(__VA_ARGS__))		sim+ship	PASS	LINK-OK	SHIP-OK	likely-no	(compiles: -fsyntax-only)	候選：照 golden 解開（先看風險標記）	HAS-#else	
LOW	RotateKit/aRotateKIT_Out.cpp	428	430	1	TODO(integrate)		TODO(integrate): golden :29 -- ALREADY DEFINED at aoutarm9045.cpp:185 (duplicate symbol)	int iOutRotateFinish        =0;                                                 //kevin 20130524 確保IC有放到旋轉馬達轉向  1:初始化  2:旋轉完成  3:放置SHUTTLE 0:放完SHUTTLE    //Steven 20160809 : 改成全域變數		sim+ship	PASS	LINK-DUP dup: _iOutRotateFinish		n/a	(compiles: -fsyntax-only)	解開會跟別處重複定義（_iOutRotateFinish）：真本體在別處，不要解，可清掉		
LOW	RotateKit/aRotateKIT_Out.cpp	1871	1873	1	TODO(W7-form)		TODO(W7-form): golden :1421 FrmRotate->SetOutRotateSpeed (not on the forms/fRotate.h stand-in)	FrmRotate->SetOutRotateSpeed(ArmSpeed[OutRotate].iACDCBodySP, ArmSpeed[OutRotate].iBodySP);    //Steven 20170329 (wei) : Add individual rotate motor			FAIL			yes	aRotateKIT_Out.cpp:1872:28: error: 'class TFrmRotate' has no member named 'SetOutRotateSpeed'; did you mean 'DoOutRotateHome'?	仍缺：TFrmRotate 沒有成員 SetOutRotateSpeed		
LOW	RotateKit/aRotateKIT_Out.cpp	3838	3840	1	TODO(W7-form)		TODO(W7-form): golden :3363 FrmRotate->SetOutRotateSpeed (not on the forms/fRotate.h stand-in)	FrmRotate->SetOutRotateSpeed(ArmSpeed[OutRotate].iACDCBodySP, ArmSpeed[OutRotate].iBodySP);    //Steven 20170329 (wei) : Add individual rotate motor			FAIL			yes	aRotateKIT_Out.cpp:3839:28: error: 'class TFrmRotate' has no member named 'SetOutRotateSpeed'; did you mean 'DoOutRotateHome'?	仍缺：TFrmRotate 沒有成員 SetOutRotateSpeed		
LOW	RotateKit/aRotateKIT_Out.cpp	4010	4012	1	TODO(W7-form)		TODO(W7-form): golden :3522 FrmAOI->ttbInsp->iRotateKitAngOffset_Out (no ttbInsp on the forms/fAOI.h stand-in)	iAOIAngle=FrmAOI->ttbInsp->iRotateKitAngOffset_Out;			FAIL			yes	aRotateKIT_Out.cpp:4011:27: error: 'class TFrmAOI' has no member named 'ttbInsp'	仍缺：TFrmAOI 沒有成員 ttbInsp		
LOW	RunStartMode.cpp	296	301	4	GATE (W906-P10-QABACKUP)		GATE (W906-P10-QABACKUP): 缺相依（本體被 GATE (Q-F) 閘住），見上面的就地註解	if(LastSet.iRunStartMode!=rsmQAMode && Mode==rsmQAMode)                 //其他模式切換到  QA模式備份目前Site On Off 狀態		sim+ship	PASS	LINK-MISSING QABackupStatus(bool)		yes（連結層）	(compiles: -fsyntax-only)	仍缺（連結層：有宣告、全樹沒有本體）：QABackupStatus(bool)	SAFETY	
LOW	RunStartMode.cpp	916	918	1	GATE (W906-P10-MONITORPARAM)		GATE (W906-P10-MONITORPARAM): 缺相依（本體被 GATE (R-7) 閘住，且會寫 CurrentSetupData.txt）	fRPDefault->ShowMonitoredParameter();		sim+ship	PASS	LINK-MISSING TfRPDefault::ShowMonitoredParameter()		yes（連結層）	(compiles: -fsyntax-only)	仍缺（連結層：有宣告、全樹沒有本體）：TfRPDefault::ShowMonitoredParameter()		
LOW	RunStartMode.cpp	1189	1207	17	GATE(W906-RSMODE)		GATE(W906-RSMODE) golden :23731-23747 —— AMKOR China／QUALCOMM 切 RT 要輸密碼：fPassword 在移植樹從來沒建（forms/fPassword.cpp:29，NULL），fQwertyKey->ShowQwertyKey 是會卡住等輸入的畫面鍵盤；客戶專屬、排最後（這兩家以外的機台不走這段）	if((CUSTOMER_CODE==CC_AMKOR_China ||		sim+ship	PASS-WITH-INCLUDE	LINK-OK	SHIP-OK	yes（裁示 S25）	RunStartMode.cpp:1197:13: error: 'fPassword' was not declared in this scope	理由還成立：客戶專屬分支（RULINGS_20260925 S25「先暫時跳過，註記就好」），照留	S25	
LOW	RunStartMode.cpp	1270	1272	1	GATE(W906-RSMODE)		GATE(W906-RSMODE) golden :23810-23810 —— ASECommute（golden ASE 通勤排程結構）移植樹沒有 ⇒ ASET_ScheduleNAME 維持原值；ASE 客戶專屬	ASET_ScheduleNAME   =ASECommute.Schedule;                               //kevin 20141020			FAIL			yes	RunStartMode.cpp:1271:30: error: 'ASECommute' was not declared in this scope	仍缺：未宣告 ASECommute	S25	
MEDIUM	SECSGEM/N07Alarm_St02.cpp	133	141	7	SAFETY-GATE(W906-C15-N07-UI)		SAFETY-GATE(W906-C15-N07-UI) golden :20976-20982 -- missing dependency: no Off_lineDisplay / labTesterMode in the fMain facade, no Left / Top / Height / Width in vclcompat TControl, no web tag for the frame (header [W906] N3)	Off_lineDisplay->BorderWidth = 20;			FAIL			yes	N07Alarm_St02.cpp:134:13: error: 'Off_lineDisplay' was not declared in this scope	仍缺：未宣告 Off_lineDisplay	SAFETY	
MEDIUM	SECSGEM/N07Alarm_St02.cpp	150	153	2	SAFETY-GATE(W906-C15-N07-UI)		SAFETY-GATE(W906-C15-N07-UI) golden :20991-20992 -- same missing dependency (header [W906] N3)	palMainStatus->Left=3; palMainStatus->Top=3;			FAIL			yes	N07Alarm_St02.cpp:151:13: error: 'palMainStatus' was not declared in this scope	仍缺：未宣告 palMainStatus	SAFETY	
MEDIUM	SECSGEM/uHGemClass.cpp	2094	2217	122			GOLDEN VERBATIM -- golden SECSGEM/uHGemClass.cpp:1095-1216.  INERT reference text; the live HTGem::S2F32_DateAndTimeAcknowledge follows the #endif.	void HTGem::S2F32_DateAndTimeAcknowledge()			FAIL			yes	uHGemClass.cpp:2103:18: error: aggregate 'HTGem::S2F32_DateAndTimeAcknowledge()::time t' has incomplete type and cannot be defined	仍缺：uHGemClass.cpp:2103:18: error: aggregate 'HTGem::S2F32_DateAndTimeAcknowledge()::time t' has incomplete type and cannot 		
MEDIUM	SECSGEM/uHGemClass.cpp	3339	3340	0	TODO(W906-uHGemClass-Unlock, needs THGem::SetReceipeDirectoryAndGlobalName's Type==2 branch -- a live TDirectoryListBox directory-tree-walking widget, NOT yet in vclcompat; SV_70_UNT1_ReceipeStruct/UploadFileString are ALREADY real, see this method's own comment above for the full re-investigation)		TODO(W906-uHGemClass-Unlock, needs THGem::SetReceipeDirectoryAndGlobalName's Type==2 branch -- a live TDirectoryListBox directory-tree-walking widget, NOT yet in vclcompat; SV_70_UNT1_ReceipeStruct/UploadFileString are ALREADY real, see this method's own comment above for the full re-investigation) 			sim+ship	PASS			n/a	(compiles: -fsyntax-only)	空的 #if 0（裡面沒有程式）：不用翻，可清掉		
MEDIUM	SECSGEM/uHGemEquipment.cpp	7371	7397	25	GATE (W8-TermCast)		GATE (W8-TermCast)	TerminalDisplayIndex=0;			FAIL			yes	uHGemEquipment.cpp:7373:46: error: cannot convert 'vclcompat::TMemo*' to 'THGemMemo*' in assignment	仍缺：uHGemEquipment.cpp:7373:46: error: cannot convert 'vclcompat::TMemo*' to 'THGemMemo*' in assignment		
MEDIUM	SECSGEM/uHGemEquipment.cpp	7420	7446	25	GATE (W8-TermCast)		GATE (W8-TermCast)	TerminalDisplayIndex2=0;			FAIL			yes	uHGemEquipment.cpp:7422:47: error: cannot convert 'vclcompat::TMemo*' to 'THGemMemo*' in assignment	仍缺：uHGemEquipment.cpp:7422:47: error: cannot convert 'vclcompat::TMemo*' to 'THGemMemo*' in assignment		
MEDIUM	SECSGEM/uHGemEquipment.cpp	7633	7647	13	GATE (W9-ExitTail)		GATE (W9-ExitTail) -- golden 原文保留	Timer1->Enabled=false;                                                  //Ifor 20170428 add 關閉 SECS GEM Timer			FAIL			yes	uHGemEquipment.cpp:7645:9: error: 'Timer1' was not declared in this scope	仍缺：未宣告 Timer1		
MEDIUM	SECSGEM/uHGemEquipment.cpp	7836	7872	35	GATE (W10-DirList)		GATE (W10-DirList) -- golden 原文保留	{			FAIL			yes	uHGemEquipment.cpp:7849:9: error: 'DirectoryListBox1' was not declared in this scope	仍缺：未宣告 DirectoryListBox1		
MEDIUM	SECSGEM/uHGemEquipment.cpp	8584	8618	33	GATE (W12-DirList)		GATE (W12-DirList) -- golden 原文保留	{			FAIL			yes	uHGemEquipment.cpp:8593:9: error: 'DirectoryListBox1' was not declared in this scope	仍缺：未宣告 DirectoryListBox1		
MEDIUM	SECSGEM/uHGemEquipment.cpp	8665	8672	6	GATE (W12-Modal)		GATE (W12-Modal) -- golden 原文保留	ShowModal();			FAIL			yes	uHGemEquipment.cpp:8671:15: error: 'ShowModal' was not declared in this scope	仍缺：未宣告 ShowModal		
MEDIUM	SECSGEM/uHGemHT9045.cpp	50	355	304	GATE G-PTW6c-HT9045Gem.		GOLDEN VERBATIM -- golden SECSGEM/uHGemHT9045.cpp:66-369 (304 lines).  GATE G-PTW6c-HT9045Gem.  NOT COMPILED: the ACTIVE HT9045Gem::HT9045Gem() is the body immediately after this #endif.	HT9045Gem::HT9045Gem(AnsiString Path, THGem *HGemTmp)                           // Tmp			FAIL			yes	uHGemHT9045.cpp:356:1: error: redefinition of 'HT9045Gem::HT9045Gem(vclcompat::AnsiString, THGem*)'	仍缺：uHGemHT9045.cpp:356:1: error: redefinition of 'HT9045Gem::HT9045Gem(vclcompat::AnsiString, THGem*)'		
MEDIUM	SECSGEM/uHGemHT9045.cpp	569	575	5			defined NOWHERE in this tree, and its golden home csystem.cpp sits in ht9045_sm, which ht9045_secsgem may not link.  Golden text kept verbatim below.  Retirement is one edit once SaveAllFile has a body reachable from this archive: flip the arms.	if(CUSTOMER_CODE==CC_ASE_KaohSiung)                                         //kevin 2018905 add			FAIL			yes	uHGemHT9045.cpp:571:35: error: 'GetLastOpenFN' was not declared in this scope	仍缺：未宣告 GetLastOpenFN	HAS-#else	
MEDIUM	SECSGEM/uHGemHT9045.cpp	877	1043	165	GATE REGISTER at		GATE [G1], golden SECSGEM/uHGemHT9045.cpp:4397-4476. Full rationale and the behaviour delta: see the GATE REGISTER at the top of this block. ---------------------------------------------------------------------------	int HT9045Gem::S7F2_ProcessProgramLoadGrant()			FAIL			yes	uHGemHT9045.cpp:886:17: error: 'class THGem' has no member named 'DataItemIn'; did you mean 'DataItemOut'?	仍缺：THGem 沒有成員 DataItemIn	HAS-#else	
HIGH	SECSGEM/uHGemHT9045.cpp	1050	1957	906	GATE REGISTER at		GATE [G2], golden SECSGEM/uHGemHT9045.cpp:4478-5321 (844 lines). This is the recipe INSTALLER; see the GATE REGISTER at the top of this block. ---------------------------------------------------------------------------	void HT9045Gem::S7F4_ProcessProgramAcknowledge()                                //Steven 20140911 : Modify S7F4 for HT9045			FAIL			yes	uHGemHT9045.cpp:1075:17: error: 'class THGem' has no member named 'DataItemIn'; did you mean 'DataItemOut'?  (補 include ProductionInfo/FileInfo.h + common.h 之後)	仍缺：THGem 沒有成員 DataItemIn	HIGH-KW WRITES-FILE HAS-#else	
MEDIUM	SECSGEM/uHGemHT9045.cpp	1965	2302	336	GATE REGISTER.		--------------------------------------------------------------------------- GATE [G3], golden SECSGEM/uHGemHT9045.cpp:5326-5603. See the GATE REGISTER. ---------------------------------------------------------------------------	void HT9045Gem::S7F6_ProcessProgramData()                                       //Steven 20140911 : Modify S7F6 for HT9045			FAIL			yes	uHGemHT9045.cpp:1982:18: error: 'class THGem' has no member named 'GetDataItemLenAndType'; did you mean 'GetDataItemLenAndTypeAndDelete'?	仍缺：THGem 沒有成員 GetDataItemLenAndType	WRITES-FILE HAS-#else	
MEDIUM	SECSGEM/uHGemHT9045.cpp	3236	3245	8			and DEFINED NOWHERE in this tree; the call is a link error -fsyntax-only cannot see.  Golden text kept verbatim below.  Retirement: flip the arms once ReadESDDataFile has a body in a CMakeLists-registered .cpp this archive links.	if(iECID>=37800 && iECID<=37887)                                            //kevin 20181206  20180914 (Steven) : add read ESD data D:\ESD_Program\System\General.ini		sim+ship	PASS	LINK-OK	SHIP-OK	likely-no	(compiles: -fsyntax-only)	候選：照 golden 解開（先看風險標記）	HAS-#else	
MEDIUM	SECSGEM/uHGemHT9045.cpp	3391	3408	16			ht9045_sm (Interface/TesterTCP_Socket.cpp, CMakeLists.txt:1496), an archive this one must not link.  fLotInfo->edtSysLotID and iRunStartMode/RT ARE real -- they are inside the gate only as arguments of the un-linkable call.	if(CUSTOMER_CODE==CC_SJ_Semiconductor_OS)			FAIL			yes	cMyDB.h:90:96: error: default argument given for parameter 4 of 'void MyDBIProcessNew(vclcompat::AnsiString, vclcompat::AnsiString, vclcompat::AnsiString, vclcompat::AnsiString)' [-fpermissive]  (補 include Interface/TesterTCP_Socket.h 之後)	仍缺：cMyDB.h:90:96: error: default argument given for parameter 4 of 'void MyDBIProcessNew(vclcompat::AnsiString, vclcompat::	HAS-#else	
MEDIUM	SECSGEM/uHGemHT9045.cpp	3412	3423	10			GATE [E3] -- golden :843-851.  Same `fTesterTCP` finding as [E2].	if(CUSTOMER_CODE==CC_SJ_Semiconductor_OS)			FAIL			yes	cMyDB.h:90:96: error: default argument given for parameter 4 of 'void MyDBIProcessNew(vclcompat::AnsiString, vclcompat::AnsiString, vclcompat::AnsiString, vclcompat::AnsiString)' [-fpermissive]  (補 include Interface/TesterTCP_Socket.h 之後)	仍缺：cMyDB.h:90:96: error: default argument given for parameter 4 of 'void MyDBIProcessNew(vclcompat::AnsiString, vclcompat::	HAS-#else	
MEDIUM	SECSGEM/uHGemHT9045.cpp	3597	3617	19			GATE [E5] -- golden :1013-1021.  `fBinSel` (golden cBinSel.h) has NO ported class or object anywhere in this tree.  The #else arm KEEPS all three case labels so the ECIDs stay visibly recognised-but-inert instead of silently leaving the switch.	case 3616:		sim+ship	PASS-WITH-INCLUDE	LINK-OK	SHIP-OK	likely-no（缺 include）	uHGemHT9045.cpp:3599:29: error: 'fBinSel' was not declared in this scope	候選：補 include forms/fBinSel.h 後照 golden 解開（先確認那個名字是真本體、不是 stub／shim）	HAS-#else	
MEDIUM	SECSGEM/uHGemHT9045.cpp	3687	3697	9			GATE [E7] -- golden :1080-1084.  `fSpeed` (golden cSpeed.h) has NO ported class or object.  `bspeed` and every case label that sets it stay ACTIVE.	if(bspeed)                                                                  //kevin 20181210 add speed			FAIL			yes	fSpeed.h:601:5: error: 'AnsiString' does not name a type  (補 include forms/fSpeed.h + vclcompat/AnsiString.h 之後)	仍缺：未宣告 AnsiString	HAS-#else	
MEDIUM	SECSGEM/uHGemHT9045.cpp	3707	3728	20			TfSetup methods the deliberately one-field facade does not have (forms/fSetup.h:69 + its :20-25 "growing the facade past measured need" refusal). ReloadParameter() on the line above is ACTIVE.	if(ECID>=4801 && ECID<=4832)                                                //kevin 20180914 (Steven) : add read ESD data			FAIL			yes	uHGemHT9045.cpp:3716:25: error: 'ESD_Read_ESD_SettDATA' was not declared in this scope  (補 include forms/fTemp_Set.h + forms/fBuilder.h 之後)	仍缺：未宣告 ESD_Read_ESD_SettDATA	HAS-#else	
MEDIUM	SECSGEM/uHGemHT9045.cpp	4074	4078	3			golden's own "at least one parameter is invalid" code, already used by the two sibling `else` arms of this very `if`.  Delta: a well-formed SUBSTRATETYPE request is NAK'd and no 2DID bin map is loaded.	HCACK=Process_2DID_BinCode(CommandStr);                                 //Steven 20231111 : 調整XML讀取			FAIL			yes	uHGemHT9045.cpp:4075:86: error: 'Process_2DID_BinCode' was not declared in this scope	仍缺：未宣告 Process_2DID_BinCode	HAS-#else	
MEDIUM	SECSGEM/uHGemHT9045.cpp	4183	4193	9			GATE [L1] -- golden :6210-6213.  `fSecurity` (golden cSecurity.h) has NO ported class or object, and `SetLevelSet` has zero hits of any kind in this tree.  The S9F7_IllegalData arm is a real inherited virtual (uHGemClass.h:290) and stays ACTIVE.	if(HCACK==1)		sim+ship	PASS-WITH-INCLUDE	LINK-OK	SHIP-OK	likely-no（缺 include）	uHGemHT9045.cpp:4187:9: error: 'fSecurity' was not declared in this scope	候選：補 include forms/fSecurity.h 後照 golden 解開（先確認那個名字是真本體、不是 stub／shim）	HAS-#else	
MEDIUM	SECSGEM/uHGemHT9045.cpp	4522	4736	213	GATE G01 --		===== GATE G01 -- golden SECSGEM/uHGemHT9045.cpp:1194-1394 =====	else if(CUSTOMER_CODE==CC_AMKOR_Korea &&			FAIL			yes	uHGemHT9045.cpp:4580:30: error: 'class THGem' has no member named 'DataItemIn'; did you mean 'DataItemOut'?	仍缺：THGem 沒有成員 DataItemIn	HAS-#else	
MEDIUM	SECSGEM/uHGemHT9045.cpp	5077	5087	9	GATE G03 --		===== GATE G03 -- golden SECSGEM/uHGemHT9045.cpp:1727 =====	fSCKART->sInfo_Step=S3;			FAIL			yes	uHGemHT9045.cpp:5084:58: error: 'class TfSCKART' has no member named 'sInfo_Step'; did you mean 'sInfo_Stage'?	仍缺：TfSCKART 沒有成員 sInfo_Step	HAS-#else	
MEDIUM	SECSGEM/uHGemHT9045.cpp	5110	5119	8	GATE G04 --		===== GATE G04 -- golden SECSGEM/uHGemHT9045.cpp:1750 =====	fSCKART->sInfo_CurrQty=S3;			FAIL			yes	uHGemHT9045.cpp:5116:58: error: 'class TfSCKART' has no member named 'sInfo_CurrQty'	仍缺：TfSCKART 沒有成員 sInfo_CurrQty	HAS-#else	
MEDIUM	SECSGEM/uHGemHT9045.cpp	5289	5337	47	GATE G06 --		===== GATE G06 -- golden SECSGEM/uHGemHT9045.cpp:1900-1932 =====	if(CUSTOMER_CODE==CC_JCET)                              //JerryYang 20210127 : 長電葉宏偉要求清除sort count跟yield計數		sim+ship	PASS-WITH-INCLUDE	LINK-OK	SHIP-OK	likely-no（缺 include）	uHGemHT9045.cpp:5305:29: error: 'fContactCT' was not declared in this scope	候選：補 include forms/fContactCT.h 後照 golden 解開（先確認那個名字是真本體、不是 stub／shim）	HAS-#else	
MEDIUM	SECSGEM/uHGemHT9045.cpp	5546	5561	14	GATE G10 --		===== GATE G10 -- golden SECSGEM/uHGemHT9045.cpp:2117-2121 =====	if(fNote->fShow)			FAIL			yes	uHGemHT9045.cpp:5556:24: error: 'class TfNote' has no member named 'ReturnCode'; did you mean 'KeyCode'?	仍缺：TfNote 沒有成員 ReturnCode	UI-STATE HAS-#else	
MEDIUM	SECSGEM/uHGemHT9045.cpp	5566	5577	10	GATE G11 --		===== GATE G11 -- golden SECSGEM/uHGemHT9045.cpp:2126-2130 =====	if(fNote->fShow)			FAIL			yes	uHGemHT9045.cpp:5572:24: error: 'class TfNote' has no member named 'ReturnCode'; did you mean 'KeyCode'?	仍缺：TfNote 沒有成員 ReturnCode	UI-STATE HAS-#else	
MEDIUM	SECSGEM/uHGemHT9045.cpp	5598	5676	77	GATE G12 --		===== GATE G12 -- golden SECSGEM/uHGemHT9045.cpp:2151-2215 =====	else if(S.Pos("DOWNLOAD_RECIPE_BY_FTP")!=0)                             //ChungHung 20150511 modify			FAIL			yes	uHGemHT9045.cpp:5621:26: error: 'class THGem' has no member named 'GetDataItemLenAndType'; did you mean 'GetDataItemLenAndTypeAndDelete'?  (補 include KYECFTP/FTPClientForm_St02.h 之後)	仍缺：THGem 沒有成員 GetDataItemLenAndType	HAS-#else	
MEDIUM	SECSGEM/uHGemHT9045.cpp	5683	5693	9	GATE G13 --		===== GATE G13 -- golden SECSGEM/uHGemHT9045.cpp:2222-2223 =====	fNote->ReturnCode=K_CLEAN_OUT;			FAIL			yes	uHGemHT9045.cpp:5689:28: error: 'class TfNote' has no member named 'ReturnCode'; did you mean 'KeyCode'?	仍缺：TfNote 沒有成員 ReturnCode	HAS-#else	
MEDIUM	SECSGEM/uHGemHT9045.cpp	5762	5778	15	GATE G14 --		===== GATE G14 -- golden SECSGEM/uHGemHT9045.cpp:2292-2296 =====	else if(S.AnsiPos("ONLINE_LOCAL")==1)                                   //Steven 20150604 : Add ONLINE_LOCAL for SECS GEM			FAIL			yes	uHGemHT9045.cpp:5773:38: error: 'struct THGemSpeedButton' has no member named 'Click'	仍缺：THGemSpeedButton 沒有成員 Click	ONCLICK HAS-#else	
MEDIUM	SECSGEM/uHGemHT9045.cpp	5779	5791	11	GATE G15 --		===== GATE G15 -- golden SECSGEM/uHGemHT9045.cpp:2297-2301 =====	else if(S.AnsiPos("ONLINE_REMOTE")==1)                                  //Steven 20150604 : Add ONLINE_REMOTE for SECS GEM			FAIL			yes	uHGemHT9045.cpp:5786:39: error: 'struct THGemSpeedButton' has no member named 'Click'	仍缺：THGemSpeedButton 沒有成員 Click	ONCLICK HAS-#else	
MEDIUM	SECSGEM/uHGemHT9045.cpp	5997	6025	27	GATE G18 --		===== GATE G18 -- golden SECSGEM/uHGemHT9045.cpp:2480-2495 =====	else if(S.AnsiPos("AUTO_CLEAN")==1)			FAIL			yes	uHGemHT9045.cpp:6015:33: error: 'class TfShowBinSelect' has no member named 'btnAutoCleanClick'; did you mean 'btnAutoClean'?	仍缺：TfShowBinSelect 沒有成員 btnAutoCleanClick	HAS-#else	
MEDIUM	SECSGEM/uHGemHT9045.cpp	6099	6111	11	GATE G19 --		===== GATE G19 -- golden SECSGEM/uHGemHT9045.cpp:2564-2565 =====	if(CosFunction.bKeepOnly1SetupFile)			FAIL			yes	uHGemHT9045.cpp:6108:39: error: 'class TfLotInfo' has no member named 'ClearAllSetupFile'	仍缺：TfLotInfo 沒有成員 ClearAllSetupFile	HAS-#else	
MEDIUM	SECSGEM/uHGemHT9045.cpp	6405	6419	13	GATE G21 --		===== GATE G21 -- golden SECSGEM/uHGemHT9045.cpp:2845-2850 =====	else if(S.AnsiPos("LOTSTART")==1)                                       //wei 20160517 TSMC lot卡關			FAIL			yes	uHGemHT9045.cpp:6413:23: error: 'class TfLotInfo' has no member named 'sbSECSLotStartClick'; did you mean 'sbSECSLotEndClick'?	仍缺：TfLotInfo 沒有成員 sbSECSLotStartClick	HAS-#else	
MEDIUM	SECSGEM/uHGemHT9045.cpp	6425	6448	22	GATE G22 --		===== GATE G22 -- golden SECSGEM/uHGemHT9045.cpp:2856-2859 =====	if(FormBarcodeReader->bShow)		sim+ship	PASS-WITH-INCLUDE			n/a	uHGemHT9045.cpp:6442:20: error: 'FormBarcodeReader' was not declared in this scope	已退役的替身／參考副本（真本體在別處）：不要解（會重複定義），可整段清掉	HAS-#else	
MEDIUM	SECSGEM/uHGemHT9045.cpp	6651	6664	12	GATE G28 --		===== GATE G28 -- golden SECSGEM/uHGemHT9045.cpp:3031-3032 =====	fLotInfo->btnASECL_LotStartClick(fLotInfo->btnASECL_LotStart);			FAIL			yes	uHGemHT9045.cpp:6661:59: error: 'class TfLotInfo' has no member named 'btnASECL_LotStartClick'; did you mean 'btnASECL_LotStart'?	仍缺：TfLotInfo 沒有成員 btnASECL_LotStartClick	HAS-#else	
MEDIUM	SECSGEM/uHGemHT9045.cpp	6742	6756	13	GATE G29 --		===== GATE G29 -- golden SECSGEM/uHGemHT9045.cpp:3110 =====	bHasFile=ProcessLotInfo(S2);		sim+ship	PASS	LINK-MISSING ProcessLotInfo(vclcompat::AnsiString)		yes（連結層）	(compiles: -fsyntax-only)	仍缺（連結層：有宣告、全樹沒有本體）：ProcessLotInfo(vclcompat::AnsiString)	HAS-#else	
MEDIUM	SECSGEM/uHGemHT9045.cpp	7128	7131	2	GATE G34 default		former GATE G34 default (golden failure arm :3429-3430), kept for the record   //AI(W906-W9)	HCACK=1;   // GATE G34 default -- golden's own		sim+ship	PASS	LINK-OK	SHIP-OK	likely-no	(compiles: -fsyntax-only)	候選：照 golden 解開（先看風險標記）		
MEDIUM	SECSGEM/uHGemHT9045.cpp	7296	7308	11	GATE G35 --		===== GATE G35 -- golden SECSGEM/uHGemHT9045.cpp:3588 =====	HCACK=S2F42_SET_2DID_BIN_CODE(CommandStr);              //Steven 20241008 : S2F42的XML換位置		sim+ship	PASS	LINK-MISSING S2F42_SET_2DID_BIN_CODE(vclcompat::AnsiString)		yes（連結層）	(compiles: -fsyntax-only)	仍缺（連結層：有宣告、全樹沒有本體）：S2F42_SET_2DID_BIN_CODE(vclcompat::AnsiString)	HAS-#else	
MEDIUM	SECSGEM/uHGemHT9045.cpp	7385	7409	23	GATE G37 --		===== GATE G37 -- golden SECSGEM/uHGemHT9045.cpp:3657-3671 =====	else if(S1=="TEST_TIMES")                       //RogerYang 20260608 : Add for VTEST SECS (LotID、OperatorID、Mode(FT0-FT15、RT0-RT5))		sim+ship	PASS	LINK-OK	SHIP-OK	likely-no	(compiles: -fsyntax-only)	候選：照 golden 解開（先看風險標記）	HAS-#else	
MEDIUM	SECSGEM/uHGemHT9045.cpp	7426	7437	10	GATE G38 --		===== GATE G38 -- golden SECSGEM/uHGemHT9045.cpp:3688-3689 =====	if(HCACK==0)			FAIL			yes	uHGemHT9045.cpp:7434:35: error: 'class TfLotInfo' has no member named 'sbSECSLotStartClick'; did you mean 'sbSECSLotEndClick'?	仍缺：TfLotInfo 沒有成員 sbSECSLotStartClick	HAS-#else	
MEDIUM	SECSGEM/uHGemHT9045.cpp	7480	7497	16	GATE G39 --		===== GATE G39 -- golden SECSGEM/uHGemHT9045.cpp:3732-3739 =====	if(fLotInfo->SetAQLMode(true)==false)			FAIL			yes	uHGemHT9045.cpp:7487:38: error: 'class TfLotInfo' has no member named 'SetAQLMode'; did you mean 'palAQLMode'?	仍缺：TfLotInfo 沒有成員 SetAQLMode	HAS-#else	
MEDIUM	SECSGEM/uHGemHT9045.cpp	7543	7553	9	GATE G41 --		===== GATE G41 -- golden SECSGEM/uHGemHT9045.cpp:3778 =====	fLotInfo->InitialLoaderTask(0);		sim+ship	PASS	LINK-OK	SHIP-OK	likely-no	(compiles: -fsyntax-only)	候選：照 golden 解開（先看風險標記）	HAS-#else	
MEDIUM	SECSGEM/uHGemHT9045.cpp	7562	7568	5	GATE G42 --		===== GATE G42 -- golden SECSGEM/uHGemHT9045.cpp:3787 =====	fLotInfo->InitialLoaderTask(1);		sim+ship	PASS	LINK-OK	SHIP-OK	likely-no	(compiles: -fsyntax-only)	候選：照 golden 解開（先看風險標記）	HAS-#else	
MEDIUM	SECSGEM/uHGemHT9045.cpp	7573	7579	5	GATE G43 --		===== GATE G43 -- golden SECSGEM/uHGemHT9045.cpp:3792 =====	fLotInfo->InitialLoaderTask(2);		sim+ship	PASS	LINK-OK	SHIP-OK	likely-no	(compiles: -fsyntax-only)	候選：照 golden 解開（先看風險標記）	HAS-#else	
MEDIUM	SECSGEM/uHGemHT9045.cpp	7664	7675	10	GATE G44 --		===== GATE G44 -- golden SECSGEM/uHGemHT9045.cpp:3877-3881 =====	if(fNote->fShow)			FAIL			yes	uHGemHT9045.cpp:7670:24: error: 'class TfNote' has no member named 'ReturnCode'; did you mean 'KeyCode'?	仍缺：TfNote 沒有成員 ReturnCode	UI-STATE HAS-#else	
MEDIUM	SECSGEM/uHGemHT9045.cpp	7867	7877	9	GATE G47 --		===== GATE G47 -- golden SECSGEM/uHGemHT9045.cpp:4049 =====	fLotInfo->CheckActionFlag();		sim+ship	PASS	LINK-OK	SHIP-OK	likely-no	(compiles: -fsyntax-only)	候選：照 golden 解開（先看風險標記）	HAS-#else	
MEDIUM	SECSGEM/uHGemHT9045.cpp	7940	7950	9	GATE G48 --		===== GATE G48 -- golden SECSGEM/uHGemHT9045.cpp:4112-4113 =====	fNote->BtnPauseClick(fNote);			FAIL			yes	uHGemHT9045.cpp:7946:28: error: 'class TfNote' has no member named 'BtnPauseClick'; did you mean 'BtnResetClick'?	仍缺：TfNote 沒有成員 BtnPauseClick	HAS-#else	
MEDIUM	SECSGEM/uHGemHT9045_EC.cpp	485	487	1	GATE REGISTER above		GATE g2 -- golden :80-80 (M:sInfo_Customer); see GATE REGISTER above	HGemPtr->SetECDataPointer(1581 , HType.ASCII_TYPE,   "Lot Information Customer",                                                        "",           &fSCKART->sInfo_Customer,                         			FAIL			yes	uHGemHT9045_EC.cpp:486:169: error: 'class TfSCKART' has no member named 'sInfo_Customer'; did you mean 'sInfo_Stage'?	仍缺：TfSCKART 沒有成員 sInfo_Customer		
MEDIUM	SECSGEM/uHGemHT9045_EC.cpp	489	503	13	GATE REGISTER above		GATE g3 -- golden :82-94 (M:sInfo_CurrQty,M:sInfo_CustDevGup,M:sInfo_CustLotID,M:sInfo_DeviceName,M:sInfo_HandlerID,M:sInfo_OperatorID,M:sInfo_ProgramName,M:sInfo_ReportCnt,M:sInfo_Stage,M:sInfo_Step,M:sInfo_Temperauture,M:sInfo_TestBinNo,M:sInfo_TesterID); see GATE REGISTER above	HGemPtr->SetECDataPointer(1583 , HType.ASCII_TYPE,   "Lot Information Customer Lot ID",                                                 "",           &fSCKART->sInfo_CustLotID,                        			FAIL			yes	uHGemHT9045_EC.cpp:490:169: error: 'class TfSCKART' has no member named 'sInfo_CustLotID'	仍缺：TfSCKART 沒有成員 sInfo_CustLotID		
MEDIUM	SECSGEM/uHGemHT9045_EC.cpp	605	607	1	GATE REGISTER above		GATE g5 -- golden :194-194 (M:chkShuttle); see GATE REGISTER above	HGemPtr->SetECDataPointer(2632 , HType.BOOLEAN_TYPE, "Height Include Shuttle",                                                          "",           fContact->chkShuttle,                             			FAIL			yes	uHGemHT9045_EC.cpp:606:169: error: 'class TfContactShim' has no member named 'chkShuttle'  (補 include atester_shims.h 之後)	仍缺：TfContactShim 沒有成員 chkShuttle		
MEDIUM	SECSGEM/uHGemHT9045_EC.cpp	764	766	1	GATE REGISTER above		GATE g6 -- golden :347-347 (M:tSiteMap); see GATE REGISTER above	HGemPtr->SetECDataPointer(3540 , HType.ASCII_TYPE,   "Site Aa to Dh Mapping",                                                           "",           fSetup->tSiteMap,                                 		sim+ship	PASS-WITH-INCLUDE	LINK-OK	SHIP-OK	likely-no（缺 include）	uHGemHT9045_EC.cpp:765:159: error: 'fSetup' was not declared in this scope	候選：補 include forms/fSetup.h 後照 golden 解開（先確認那個名字是真本體、不是 stub／shim）		
MEDIUM	SECSGEM/uHGemHT9045_EC.cpp	1362	1369	6	GATE REGISTER above		GATE g16 -- golden :924-929 (M:chkAutoCleanMode1,M:chkAutoCleanMode2,M:chkAutoCleanMode3,M:chkAutoCleanMode4,M:chkAutoCleanMode5,M:chkAutoCleanMode6); see GATE REGISTER above	HGemPtr->SetECDataPointer(9511 , HType.BOOLEAN_TYPE, "Auto Clean Initial Start Mode",                                                   "",           fCleaning->chkAutoCleanMode1,                     			FAIL			yes	uHGemHT9045_EC.cpp:1363:170: error: 'class TfCleaning' has no member named 'chkAutoCleanMode1'	仍缺：TfCleaning 沒有成員 chkAutoCleanMode1		
MEDIUM	SECSGEM/uHGemHT9045_EC.cpp	1376	1378	1	GATE REGISTER above		GATE g17 -- golden :936-936 (M:edContactTime); see GATE REGISTER above	HGemPtr->SetECDataPointer(9532 , HType.FT_8_TYPE,    "Auto Clean Contact Time",                                                         "Second",     fCleaning->edContactTime,                         			FAIL			yes	uHGemHT9045_EC.cpp:1377:170: error: 'class TfCleaning' has no member named 'edContactTime'	仍缺：TfCleaning 沒有成員 edContactTime		
MEDIUM	SECSGEM/uHGemHT9045_EC.cpp	1413	1420	6	GATE REGISTER above		GATE g19 -- golden :969-974 (M:edACContactCleanHeight,M:edACContactShiftHeight,M:edShuttle1PickOffset,M:edtShuttle1PlaceOffset,M:edtShuttle2XOffset,M:edtShuttle2YOffset); see GATE REGISTER above	HGemPtr->SetECDataPointer(9601 , HType.FT_8_TYPE,    "Auto Clean Contact Shift Height",                                                 "mm",         fCleaning->edACContactShiftHeight,                			FAIL			yes	uHGemHT9045_EC.cpp:1414:170: error: 'class TfCleaning' has no member named 'edACContactShiftHeight'; did you mean 'edACContactShiftHeightClick'?	仍缺：TfCleaning 沒有成員 edACContactShiftHeight		
MEDIUM	SECSGEM/uHGemHT9045_EC.cpp	2184	2188	3	GATE REGISTER above		GATE g29 -- golden :1720-1722 (fStartCondition); see GATE REGISTER above	HGemPtr->SetECDataPointer(37490, HType.ASCII_TYPE,   "Kit No 1",                                                                        "",           fStartCondition->edtKitNo1,                       			FAIL			yes	fStartCondition.h:339:5: error: 'AnsiString' does not name a type  (補 include forms/fStartCondition.h + vclcompat/AnsiString.h 之後)	仍缺：未宣告 AnsiString		
MEDIUM	SECSGEM/uHGemHT9045_SV.cpp	402	406	3	GATE REGISTER for		`virtual void AddSV();` to SECSGEM/uHGemHT9045.h, then flip both arms here. See the file-head GATE REGISTER for the behaviour delta and for the -Wshadow note that applies once the member arm is live.	void HT9045Gem::AddSV()			FAIL			yes	uHGemHT9045_SV.cpp:415:5: error: 'Self' was not declared in this scope	仍缺：未宣告 Self	HAS-#else	
MEDIUM	SECSGEM/uHGemHT9045_SV.cpp	412	426	13			MAINFORM ============================================================================================================================================ SV	HGemPtr=HGem;			FAIL			yes	uHGemHT9045_SV.cpp:413:5: error: 'HGemPtr' was not declared in this scope	仍缺：未宣告 HGemPtr	HAS-#else	
MEDIUM	SECSGEM/uHGemHT9045_SV.cpp	487	489	1			GATE [G4] -- golden :100-100.  SVID 1041 -- fMain->lbEPenconder (golden main.h:796, TPanel*): NOT a member of forms/fMain.h's TfMain.	HGemPtr->SetSVDataPointer(1041 , HType.ASCII_TYPE,   "EP Penconder",                                                        "", fMain->lbEPenconder,                                    "EP Penconder"  			FAIL			yes	uHGemHT9045_SV.cpp:488:144: error: 'class TfMain' has no member named 'lbEPenconder'	仍缺：TfMain 沒有成員 lbEPenconder		
MEDIUM	SECSGEM/uHGemHT9045_SV.cpp	494	497	2			GATE [G5] -- golden :105-106.  SVID 1047/1048 -- fContact->lblEPValueKg: NOT a member of atester_shims.h's TfContactShim.	HGemPtr->SetSVDataPointer(1047 , HType.FT_8_TYPE,    "Read KG",                                                             "", fContact->lblEPValueKg,                                 "Read KG"       			FAIL			yes	uHGemHT9045_SV.cpp:495:147: error: 'class TfContactShim' has no member named 'lblEPValueKg'	仍缺：TfContactShim 沒有成員 lblEPValueKg		
MEDIUM	SECSGEM/uHGemHT9045_SV.cpp	625	627	1	TODO(W6)		GATE [G21] -- golden :232-232.  SVID 1191 -- &iSV_ErrBinCnt: DECLARED (cmydef.h:5911), definition (cmydef.cpp:5999) inside the same `#if 0 // TODO(W6)` block -> undefined at LINK.	HGemPtr->SetSVDataPointer(1191 , HType.INT_4_TYPE,   "Error Bin Count",                                                     "", &iSV_ErrBinCnt,                                         "Error Bin Count		sim+ship	PASS			n/a	(compiles: -fsyntax-only)	已退役的替身／參考副本（真本體在別處）：不要解（會重複定義），可整段清掉		
MEDIUM	SECSGEM/uHGemHT9045_SV.cpp	704	713	8			GATE [G6] -- golden :309-316.  SVID 1351-1364 (iATC_Use_Heat_Count<=4 branch) -- fLotInfo->pl_ATCTempHead01..04 / pl_ATCRefHead01..04: NOT members of forms/fLotInfo.h's TfLotInfo.	HGemPtr->SetSVDataPointer(1351 , HType.ASCII_TYPE,   "ATC Arm1 Head 1",                                                  "", fLotInfo->pl_ATCTempHead01,                            "ATC Arm1 Head 1"   			FAIL			yes	uHGemHT9045_SV.cpp:705:148: error: 'class TfLotInfo' has no member named 'pl_ATCTempHead01'	仍缺：TfLotInfo 沒有成員 pl_ATCTempHead01		
MEDIUM	SECSGEM/uHGemHT9045_SV.cpp	717	734	16			GATE [G7] -- golden :320-335.  SVID 1351-1366 (iATC_Use_Heat_Count<=8 branch) -- fLotInfo->pl_ATCTempHead01..08 / pl_ATCRefHead01..08: ditto.	HGemPtr->SetSVDataPointer(1351 , HType.ASCII_TYPE,   "ATC Arm1 Head 1",                                                  "", fLotInfo->pl_ATCTempHead01,                            "ATC Arm1 Head 1"   			FAIL			yes	uHGemHT9045_SV.cpp:718:148: error: 'class TfLotInfo' has no member named 'pl_ATCTempHead01'	仍缺：TfLotInfo 沒有成員 pl_ATCTempHead01		
MEDIUM	SECSGEM/uHGemHT9045_SV.cpp	773	778	4			GATE [G8] -- golden :374-377.  SVID 2003/2004/2005/2007 -- fContact->edForcePerDeviceKG / edForcePerPinN / edAirForceN / edForcePerDeviceN: not on TfContactShim.	HGemPtr->SetSVDataPointer(2003 , HType.FT_8_TYPE,    "Force Per Device KG",                                                  "", fContact->edForcePerDeviceKG,                           "Force Per Devi			FAIL			yes	uHGemHT9045_SV.cpp:774:148: error: 'class TfContactShim' has no member named 'edForcePerDeviceKG'	仍缺：TfContactShim 沒有成員 edForcePerDeviceKG		
MEDIUM	SECSGEM/uHGemHT9045_SV.cpp	784	788	3			GATE [G9] -- golden :383-385.  SVID 2018/2019/2020 -- fContact->edAirKPA / lblReadEP / edSetKg: not on TfContactShim.	HGemPtr->SetSVDataPointer(2018 , HType.FT_8_TYPE,    "Contact Air Force",                                                    "", fContact->edAirKPA,                                     "Contact Air Fo			FAIL			yes	uHGemHT9045_SV.cpp:785:148: error: 'class TfContactShim' has no member named 'edAirKPA'	仍缺：TfContactShim 沒有成員 edAirKPA		
MEDIUM	SECSGEM/uHGemHT9045_SV.cpp	792	794	1			GATE [G10] -- golden :389-389.  SVID 2024 -- fContact->lblDieForceEP: not on TfContactShim.	HGemPtr->SetSVDataPointer(2024 , HType.FT_8_TYPE,    "Die Force Feedback",                                                   "", fContact->lblDieForceEP,                                "Die Force Feed			FAIL			yes	uHGemHT9045_SV.cpp:793:148: error: 'class TfContactShim' has no member named 'lblDieForceEP'	仍缺：TfContactShim 沒有成員 lblDieForceEP		
MEDIUM	SECSGEM/uHGemHT9045_SV.cpp	831	841	9			GATE [G11] -- golden :426-434.  SVID 2240-2248 -- fShowBinSelect->lblMag1..9: the fShowBinSelect global/form does not exist in the port at all.	HGemPtr->SetSVDataPointer(2240 , HType.ASCII_TYPE,   "Magazine 1 Test Bin",                                               "", fShowBinSelect->lblMag1,                                  "Magazine 1 Test			FAIL			yes	uHGemHT9045_SV.cpp:832:151: error: 'class TfShowBinSelect' has no member named 'lblMag1'; did you mean 'pnlMag1'?  (補 include forms/fShowBinSelect.h 之後)	仍缺：TfShowBinSelect 沒有成員 lblMag1		
MEDIUM	SECSGEM/uHGemHT9045_SV.cpp	844	846	1			GATE [G12] -- golden :437-437.  SVID 2631 -- fContact->rgHandlerMode: not on TfContactShim.	HGemPtr->SetSVDataPointer(2631 , HType.INT_4_TYPE,   "Height Calibration Mode",                                              "", fContact->rgHandlerMode,                                "0:Normal; 1:Au			FAIL			yes	uHGemHT9045_SV.cpp:845:148: error: 'class TfContactShim' has no member named 'rgHandlerMode'	仍缺：TfContactShim 沒有成員 rgHandlerMode		
MEDIUM	SECSGEM/uHGemHT9045_SV.cpp	848	856	7			GATE [G13] -- golden :439-445.  SVID 2665-2667 + 2754-2756 -- fTrayAssignment->edAuto1Type..edAuto6Type: the fTrayAssignment global/form does not exist in the port at all.	HGemPtr->SetSVDataPointer(2665 , HType.ASCII_TYPE,   "Auto 4 Tray From Alias",                                               "", fTrayAssignment->edAuto4Type,                           "Auto 4 Tray Fr		sim+ship	PASS-WITH-INCLUDE	LINK-OK	SHIP-OK	likely-no（缺 include）	uHGemHT9045_SV.cpp:849:138: error: 'fTrayAssignment' was not declared in this scope	候選：補 include forms/fTrayAssignment.h 後照 golden 解開（先確認那個名字是真本體、不是 stub／shim）		
MEDIUM	SECSGEM/uHGemHT9045_SV.cpp	870	873	2			GATE [G14] -- golden :459-460.  SVID 9003/9004 -- fCleaning->edAutoCleanAirForce_Kg / _N: not members of forms/fCleaning.h's TfCleaning (edCleaningCount, SVID 9001, IS -- and stays ACTIVE).	HGemPtr->SetSVDataPointer(9003 , HType.ASCII_TYPE,   "Auto Clean Arm Total Force(KG)",                                       "", fCleaning->edAutoCleanAirForce_Kg,                      "Auto Clean Arm			FAIL			yes	uHGemHT9045_SV.cpp:871:149: error: 'class TfCleaning' has no member named 'edAutoCleanAirForce_Kg'; did you mean 'edAutoCleanAirForce_KgClick'?	仍缺：TfCleaning 沒有成員 edAutoCleanAirForce_Kg		
MEDIUM	SECSGEM/uHGemHT9045_SV.cpp	1118	1121	2			GATE [G15] -- golden :705-706.  SVID 37200/37201 -- fLotInfo->lbESDReportData / lbESDDecayReportData: not on TfLotInfo.	HGemPtr->SetSVDataPointer(37200, HType.ASCII_TYPE,   "SIMCO Ion fan Data",                                                   "", fLotInfo->lbESDReportData,                              ""             			FAIL			yes	uHGemHT9045_SV.cpp:1119:148: error: 'class TfLotInfo' has no member named 'lbESDReportData'	仍缺：TfLotInfo 沒有成員 lbESDReportData		
MEDIUM	SECSGEM/uHGemHT9045_SV.cpp	1270	1299	28			GATE [G17] -- golden :853-880.  SVID 43300-43327 -- fGroundMan->labValue_0_2..labValue_3_5: the fGroundMan global/form does not exist in the port at all.	HGemPtr->SetSVDataPointer(43300, HType.ASCII_TYPE,   "Ground man CH1 Value",                                                "", fGroundMan->labValue_0_2,                                 "Ground man CH		sim+ship	PASS-WITH-INCLUDE	LINK-OK	SHIP-OK	likely-no（缺 include）	uHGemHT9045_SV.cpp:1271:137: error: 'fGroundMan' was not declared in this scope	候選：補 include forms/fGroundMan.h 後照 golden 解開（先確認那個名字是真本體、不是 stub／shim）		
MEDIUM	SECSGEM/uHGemHT9045_SV.cpp	1301	1322	20			GATE [G18] -- golden :882-901.  SVID 43350-43369 -- fSmartDiagnostic->iPushAvgTime[0..9] / iPopAvgTime[0..9]: the fSmartDiagnostic global/form does not exist in the port at all.	HGemPtr->SetSVDataPointer(43350, HType.ASCII_TYPE,   "C_LoaderEdgePush AVG push time",                                      "", &fSmartDiagnostic->iPushAvgTime[0],                     "C_LoaderEdgePus		sim+ship	PASS-WITH-INCLUDE	LINK-OK	SHIP-OK	likely-no（缺 include）	uHGemHT9045_SV.cpp:1302:138: error: 'fSmartDiagnostic' was not declared in this scope	候選：補 include forms/fSmartDiagnostic.h 後照 golden 解開（先確認那個名字是真本體、不是 stub／shim）		
LOW	SgdToXLS.cpp	90	94	3	TODO(XLSFile.pas)		TODO(XLSFile.pas): StringGridToXLS is Object Pascal, no C++ substrate -- see file head GATE (1).	StringGridToXLS(strGrid, Path);			FAIL			yes	SgdToXLS.cpp:91:34: error: 'StringGridToXLS' was not declared in this scope	仍缺：未宣告 StringGridToXLS	HAS-#else	
LOW	SortingBinTray/SortingBinTray.cpp	484	486	1	TODO(W7)		TODO(W7): golden :268 TransferAutoRatio (no definition anywhere in the port tree)	TransferAutoRatio(iNowActionTray, &iXPos, &iYPos);                  //Auto的軟體齒輪比			FAIL			yes	SortingBinTray.cpp:485:61: error: 'TransferAutoRatio' was not declared in this scope	仍缺：未宣告 TransferAutoRatio		
LOW	SortingBinTray/SortingBinTray.cpp	669	671	1	TODO(W7)		TODO(W7): golden :449 TransferAutoRatio (no definition anywhere in the port tree)	TransferAutoRatio(iNowActionTray, &iXPos, &iYPos);                  //Auto的軟體齒輪比			FAIL			yes	SortingBinTray.cpp:670:61: error: 'TransferAutoRatio' was not declared in this scope	仍缺：未宣告 TransferAutoRatio		
LOW	SortingBinTray/SortingBinTray.cpp	2685	2687	1	TODO(W7)		TODO(W7): golden :2414 TransferAutoRatio (no definition anywhere in the port tree)	TransferAutoRatio(iTray, &iXPos, &iYPos);                                   //Auto的軟體齒輪比			FAIL			yes	SortingBinTray.cpp:2686:44: error: 'TransferAutoRatio' was not declared in this scope	仍缺：未宣告 TransferAutoRatio		
LOW	SortingBinTray/SortingBinTray.cpp	2767	2780	12	TODO(W7-UI)		TODO(W7-UI): golden :2477-2486 fLotInfo->iXMLOnLineStatus + fMain->UnloadTrayLog (no such members)	if(iCount>0)                                                                //Steven 20200617 : 確保有IC才存檔與上傳			FAIL			yes	SortingBinTray.cpp:2775:23: error: 'class TfMain' has no member named 'UnloadTrayLog'; did you mean 'UploadProdLog'?	仍缺：TfMain 沒有成員 UnloadTrayLog	WRITES-FILE	
MEDIUM	TempCtrl/TriTemp.cpp	586	588	1	TODO(W7-csystem)		TODO(W7-csystem): golden TempCtrl/TriTemp.cpp:77 -- no translated home	LowTempIdleCheckSafeDoor();                                     //Isaac 20181214 : 停止狀態偵測chamber的門和Shuttle Top Cover		sim+ship	PASS	LINK-OK	SHIP-OK	likely-no	(compiles: -fsyntax-only)	候選：照 golden 解開（先看風險標記）		
MEDIUM	TempCtrl/TriTemp.cpp	799	801	1	TODO(W7-csystem)		TODO(W7-csystem): golden TempCtrl/TriTemp.cpp:281 -- no translated home	LowTempIdleCheckSafeDoor();                         //Isaac 20181214 : 停止狀態偵測chamber的門和Shuttle Top Cover		sim+ship	PASS	LINK-OK	SHIP-OK	likely-no	(compiles: -fsyntax-only)	候選：照 golden 解開（先看風險標記）		
MEDIUM	TesterComm/Gpib/GpibCastleAmdHana.cpp	1691	1693	1	TODO(W906-GB-P1)		TODO(W906-GB-P1): TSerialPoll has no TForm base, so no Height (GpibBridge.h, rule 1); form height has no web meaning. golden Main.cpp:8139	SerialPoll->Height=960;			FAIL			yes	GpibCastleAmdHana.cpp:1692:21: error: 'class gpibbridge::TSerialPoll' has no member named 'Height'	仍缺：gpibbridge::TSerialPoll 沒有成員 Height		
MEDIUM	TesterComm/Gpib/GpibCastleAmdHana.cpp	1750	1752	1	TODO(W906-GB-P1)		TODO(W906-GB-P1): TSerialPoll has no TForm base, so no Height (GpibBridge.h, rule 1); form height has no web meaning. golden Main.cpp:8196	SerialPoll->Height=840;			FAIL			yes	GpibCastleAmdHana.cpp:1751:21: error: 'class gpibbridge::TSerialPoll' has no member named 'Height'	仍缺：gpibbridge::TSerialPoll 沒有成員 Height		
MEDIUM	TesterComm/Gpib/GpibCore.cpp	1431	1448	16	TODO(W906-GB-P1)		TODO(W906-GB-P1): dead code, loads PCI_L112C/L122C/CMnet DLLs of the motion card	typedef I16 (PASCAL *_mnet_set_ring_config)         (U16 RingNO, U16 BaudRate);			FAIL			yes	GpibCore.cpp:1434:14: error: typedef 'gpibbridge::I16' is initialized (use decltype instead)	仍缺：GpibCore.cpp:1434:14: error: typedef 'gpibbridge::I16' is initialized (use decltype instead)		
MEDIUM	TesterComm/Gpib/GpibCore.cpp	1452	1514	61	TODO(W906-GB-P1)		TODO(W906-GB-P1): dead code, loads PCI_L112C/L122C/CMnet DLLs of the motion card	if(LastSet.MachName=="9045GPIB")			FAIL			yes	AdvMotDrv.h:47:13: error: typedef 'ULONG' is initialized (use decltype instead)  (補 include EtherCAT/vendor/AdvMotDrv.h 之後)	仍缺：AdvMotDrv.h:47:13: error: typedef 'ULONG' is initialized (use decltype instead)  (補 include EtherCAT/vendor/AdvMotDrv.h 		
MEDIUM	TesterComm/Gpib/GpibUi.cpp	933	941	7	TODO(W906-GB-P1)		TODO(W906-GB-P1): no VCL Application->OnException / Exception in-process (golden Main.cpp:316-322)	void __fastcall TSerialPoll::AppException(TObject *Sender, Exception *E)        //ChungHung 20141226 add catch exception			FAIL			yes	GpibUi.cpp:934:60: error: 'Exception' has not been declared	仍缺：未宣告 Exception		
MEDIUM	TesterComm/Gpib/GpibUi.cpp	983	989	5	TODO(W906-GB-P1)		TODO(W906-GB-P1): no form window; HMountWnd is not a real HWND in-process (golden Main.cpp:353-360)	SerialPoll->SendToBack();			FAIL			yes	GpibUi.cpp:984:17: error: 'class gpibbridge::TSerialPoll' has no member named 'SendToBack'; did you mean 'GPIBSendToBack'?	仍缺：gpibbridge::TSerialPoll 沒有成員 SendToBack		
MEDIUM	TesterComm/Gpib/GpibUi.cpp	1161	1164	2	TODO(W906-GB-P1)		TODO(W906-GB-P1): form position -- there is no form window (golden Main.cpp:528-529)	Top=0;			FAIL			yes	GpibUi.cpp:1162:5: error: 'Top' was not declared in this scope	仍缺：未宣告 Top		
MEDIUM	TesterComm/Gpib/GpibUi.cpp	1170	1172	1	TODO(W906-GB-P1)		TODO(W906-GB-P1): listbox horizontal scroll extent -- no list box window (golden Main.cpp:533)	SendMessage(lstRecord->Handle, LB_SETHORIZONTALEXTENT, 900, 0);             //kevin 20140305 list ADD X SCROSS			FAIL			yes	GpibUi.cpp:1171:28: error: 'class vclcompat::TListBox' has no member named 'Handle'	仍缺：vclcompat::TListBox 沒有成員 Handle		
MEDIUM	TesterComm/Gpib/GpibUi.cpp	1181	1183	1			AI(W906-GB-P6) 20260926: golden text, replaced by the line above (ruling 4A)	iUseGPIBFormat=CheckAndReadIniData(asGeneralPath, "Temperature", "iUseGPIBFormat", 0); //kevin 20130705 台積電通訊規格  0:HT    1:NS    //Steven 20140920 : For 矽格阮瑋民的要求,不能用Handler ID		sim+ship	PASS			n/a	(compiles: -fsyntax-only)	已退役的替身／參考副本（真本體在別處）：不要解（會重複定義），可整段清掉		
MEDIUM	TesterComm/Gpib/GpibUi.cpp	1861	1863	1	TODO(W906-GB-P1)		TODO(W906-GB-P1): TPanel stand-in has no BevelOuter (visual press effect only; golden Main.cpp:8110-8114)	btnUpdate->BevelOuter=bvLowered;			FAIL			yes	GpibUi.cpp:1862:16: error: 'class vclcompat::TPanel' has no member named 'BevelOuter'	仍缺：vclcompat::TPanel 沒有成員 BevelOuter		
MEDIUM	TesterComm/Gpib/GpibUi.cpp	1869	1871	1	TODO(W906-GB-P1)		TODO(W906-GB-P1): TPanel stand-in has no BevelOuter (visual press effect only; golden Main.cpp:8116-8120)	btnUpdate->BevelOuter=bvRaised;			FAIL			yes	GpibUi.cpp:1870:16: error: 'class vclcompat::TPanel' has no member named 'BevelOuter'	仍缺：vclcompat::TPanel 沒有成員 BevelOuter		
MEDIUM	TesterComm/Handler/HandlerBridgeCtl.cpp	116	120	3	TODO(W906-GB-P2a)		TODO(W906-GB-P2a): G2 -- Interface.exe is not the tester bridge (plan: SPEA); these three windows only feed the SPEA WM_CLOSE posts (G6/G7) -- golden main.cpp:18326-18328	HWND InterfaceProgram_Rs232         = FindWindow("TfRS232Main", "RS232Standard" );		sim+ship	PASS	LINK-OK	SHIP-OK	likely-no	(compiles: -fsyntax-only)	候選：照 golden 解開（先看風險標記）		
MEDIUM	TesterComm/Handler/HandlerBridgeCtl.cpp	195	204	8	TODO(W906-GB-P2a)		TODO(W906-GB-P2a): G6 -- Interface.exe is not the tester bridge (plan: SPEA); the WM_CLOSE posts would stop the bridge programs (V906: hub engines, no stop call on this class) -- golden main.cpp:18384-18390	if(InterfaceProgram_Rs232!=NULL) PostMessage(InterfaceProgram_Rs232, WM_CLOSE, 0, 0);			FAIL			yes	HandlerBridgeCtl.cpp:196:12: error: 'InterfaceProgram_Rs232' was not declared in this scope	仍缺：未宣告 InterfaceProgram_Rs232		
MEDIUM	TesterComm/Handler/HandlerBridgeCtl.cpp	213	216	2	TODO(W906-GB-P2a)		TODO(W906-GB-P2a): G7 -- Interface.exe is not the tester bridge (plan: SPEA) -- golden main.cpp:18400-18401	if(InterfaceProgram_Interface!=NULL)			FAIL			yes	HandlerBridgeCtl.cpp:214:12: error: 'InterfaceProgram_Interface' was not declared in this scope	仍缺：未宣告 InterfaceProgram_Interface		
MEDIUM	TesterComm/Handler/HandlerBridgeCtl.cpp	268	313	44			CLOSED(W906-GB-P2a): G8 -- user ruling #31 = A (20260927): V906 never launches EventLogSaver.exe / EventlogAnalyzer.exe; the in-process ElaHub is the analyzer (a hand-started exe still gets SendCommand_EventLog's WM_COPYDATA) -- golden 912 main.cpp:18447-18490	if(CosFunction.bUseMDB)                                                     //Steven 20231127 : 改用分析器			FAIL			yes	HandlerBridgeCtl.cpp:271:12: error: 'HEventLogWnd' was not declared in this scope	仍缺：未宣告 HEventLogWnd		
MEDIUM	TesterComm/Handler/HandlerBridgeCtl.cpp	376	378	1	TODO(W906-GB-P2a)		TODO(W906-GB-P2a): G10 -- Interface.exe is not the tester bridge (plan: SPEA); iProgramReady stays 0 -- golden main.cpp:18543	iProgramReady=CreateProcess(NULL, asFilePath.c_str(), NULL, NULL, FALSE, 0, NULL, NULL, &si, &pi);			FAIL			yes	HandlerBridgeCtl.cpp:377:63: error: invalid conversion from 'const char*' to 'LPSTR {aka char*}' [-fpermissive]	仍缺：HandlerBridgeCtl.cpp:377:63: error: invalid conversion from 'const char*' to 'LPSTR {aka char*}' [-fpermissive]		
MEDIUM	TesterComm/Handler/HandlerBridgeCtl.cpp	786	788	1	TODO(W906-GB-P2a)		TODO(W906-GB-P2a): G13 -- iLOTSTATUS_T is not a TfSCKART member (forms/fSCKART.h; golden SCK_ART.cpp:45 sets 2) -- golden main.cpp:19068	fSCKART->SetLotStatus(fSCKART->iLOTSTATUS_T);			FAIL			yes	HandlerBridgeCtl.cpp:787:44: error: 'class TfSCKART' has no member named 'iLOTSTATUS_T'; did you mean 'iLOTSTATUS_R'?	仍缺：TfSCKART 沒有成員 iLOTSTATUS_T		
MEDIUM	TesterComm/Handler/HandlerBridgeCtl.cpp	1083	1108	24	TODO(W906-GB-P2f)		TODO(W906-GB-P2f): F1 SPEA Interface.exe is not the tester bridge (plan: SPEA, same as G2/G6/G7/G10) -- golden main.cpp:22091-22111	if(TestSocket.UseSiteHasIC()==false)		sim+ship	PASS	LINK-OK	SHIP-OK	likely-no	(compiles: -fsyntax-only)	候選：照 golden 解開（先看風險標記）	HAS-#else	
MEDIUM	TesterComm/Handler/HandlerGpibMsg.cpp	364	368	3	TODO(W906-GB-P2a)		TODO(W906-GB-P2a): G2 fSCKART->iCurrentStatus / ->iLOTSTATUS_A are not TfSCKART members (forms/fSCKART.h); only the known disjunct iTesterType==1 stays live, see G6 -- golden main.cpp:16027	fSCKART->iCurrentStatus!=fSCKART->iLOTSTATUS_A)			FAIL			yes	HandlerGpibMsg.cpp:365:21: error: 'class TfSCKART' has no member named 'iCurrentStatus'; did you mean 'SetLotStatus'?	仍缺：TfSCKART 沒有成員 iCurrentStatus	HAS-#else	
MEDIUM	TesterComm/Handler/HandlerGpibMsg.cpp	421	427	5	TODO(W906-GB-P2a)		TODO(W906-GB-P2a): G4 fSCKART->iCurrentStatus not a TfSCKART member -- golden main.cpp:16077-16081	if(fSCKART->iCurrentStatus==fSCKART->iLOTSTATUS_R)			FAIL			yes	HandlerGpibMsg.cpp:422:25: error: 'class TfSCKART' has no member named 'iCurrentStatus'; did you mean 'SetLotStatus'?	仍缺：TfSCKART 沒有成員 iCurrentStatus		
MEDIUM	TesterComm/Handler/HandlerGpibMsg.cpp	434	440	5	TODO(W906-GB-P2a)		TODO(W906-GB-P2a): G6 else arm of G2: reached only when iCurrentStatus==iLOTSTATUS_A (not TfSCKART members) -- golden main.cpp:16086-16090	else		sim+ship	PASS	LINK-OK	SHIP-OK	likely-no	(compiles: -fsyntax-only)	候選：照 golden 解開（先看風險標記）		
MEDIUM	TesterComm/Handler/HandlerGpibMsg.cpp	453	471	17	TODO(W906-GB-P2a)		TODO(W906-GB-P2a): G7 fSCKART->iCurrentStatus / ->iLOTSTATUS_A / ->iLOTSTATUS_F not TfSCKART members -- golden main.cpp:16103-16119	if(fSCKART->iCurrentStatus!=fSCKART->iLOTSTATUS_A)			FAIL			yes	HandlerGpibMsg.cpp:454:21: error: 'class TfSCKART' has no member named 'iCurrentStatus'; did you mean 'SetLotStatus'?	仍缺：TfSCKART 沒有成員 iCurrentStatus		
MEDIUM	TesterComm/Handler/HandlerGpibMsg.cpp	486	488	1	TODO(W906-GB-P2a)		TODO(W906-GB-P2a): G8 fSCKART->GetLotStatus() not a TfSCKART member (Buffer stays "") -- golden main.cpp:16134	Buffer.sprintf("0,0,%s", fSCKART->GetLotStatus());			FAIL			yes	HandlerGpibMsg.cpp:487:47: error: 'class TfSCKART' has no member named 'GetLotStatus'; did you mean 'SetLotStatus'?	仍缺：TfSCKART 沒有成員 GetLotStatus		
MEDIUM	TesterComm/Handler/HandlerGpibMsg.cpp	492	494	1	TODO(W906-GB-P2a)		TODO(W906-GB-P2a): G9 fSCKART->GetLotStatus() not a TfSCKART member (Buffer stays "") -- golden main.cpp:16138	Buffer.sprintf("%d,%s,%s", fSCKART->iFTRTCount, fSCKART->sLotID, fSCKART->GetLotStatus());			FAIL			yes	HandlerGpibMsg.cpp:493:87: error: 'class TfSCKART' has no member named 'GetLotStatus'; did you mean 'SetLotStatus'?	仍缺：TfSCKART 沒有成員 GetLotStatus		
MEDIUM	TesterComm/Handler/HandlerGpibMsg.cpp	507	522	14	TODO(W906-GB-P2a)		TODO(W906-GB-P2a): G10 fSCKART->iCurrentStatus / ->iLOTSTATUS_L / ->iLOTSTATUS_F not TfSCKART members -- golden main.cpp:16150-16163	if(fSCKART->iCurrentStatus==fSCKART->iLOTSTATUS_L)			FAIL			yes	HandlerGpibMsg.cpp:508:21: error: 'class TfSCKART' has no member named 'iCurrentStatus'; did you mean 'SetLotStatus'?	仍缺：TfSCKART 沒有成員 iCurrentStatus		
MEDIUM	TesterComm/Handler/HandlerGpibMsg.cpp	569	576	6	TODO(W906-GB-P2a)		TODO(W906-GB-P2a): G11 fSCKART->iCurrentStatus / ->iLOTSTATUS_A / ->iLOTSTATUS_F not TfSCKART members -- golden main.cpp:16210-16215	if(fSCKART->iCurrentStatus==fSCKART->iLOTSTATUS_A ||			FAIL			yes	HandlerGpibMsg.cpp:570:21: error: 'class TfSCKART' has no member named 'iCurrentStatus'; did you mean 'SetLotStatus'?	仍缺：TfSCKART 沒有成員 iCurrentStatus		
MEDIUM	TesterComm/Handler/HandlerGpibMsg.cpp	699	701	1	TODO(W906-GB-P2a)		TODO(W906-GB-P2a): G12 fAGV->bATK_AMR_DoHostLotStart not a TfAGV member (forms/fAGV.h); nothing in V906 can set it, so the conjunct is its golden initial value (false==false) -- golden main.cpp:16336	fAGV->bATK_AMR_DoHostLotStart==false &&			FAIL			yes	HandlerGpibMsg.cpp:700:27: error: 'class TfAGV' has no member named 'bATK_AMR_DoHostLotStart'; did you mean 'bATK_AMR_DoLotEndSent'?	仍缺：TfAGV 沒有成員 bATK_AMR_DoHostLotStart		
MEDIUM	TesterComm/Handler/HandlerGpibMsg.cpp	704	706	1	TODO(W906-GB-P2a)		TODO(W906-GB-P2a): G13 fAGV->bATKAMR_GET_LOTORDER0_Ready not a TfAGV member -- golden main.cpp:16339	fAGV->bATKAMR_GET_LOTORDER0_Ready=true;			FAIL			yes	HandlerGpibMsg.cpp:705:27: error: 'class TfAGV' has no member named 'bATKAMR_GET_LOTORDER0_Ready'	仍缺：TfAGV 沒有成員 bATKAMR_GET_LOTORDER0_Ready		
MEDIUM	TesterComm/Handler/HandlerGpibMsg.cpp	728	730	1	TODO(W906-GB-P2a)		TODO(W906-GB-P2a): G14 TfShowBinSelect has no btnAutoCleanClick (forms/fShowBinSelect.h:130 SAFETY-QUEUED, untranslated) -- golden main.cpp:16361	fShowBinSelect->btnAutoCleanClick(fShowBinSelect);			FAIL			yes	HandlerGpibMsg.cpp:729:25: error: 'class TfShowBinSelect' has no member named 'btnAutoCleanClick'; did you mean 'btnAutoClean'?  (補 include forms/fShowBinSelect.h 之後)	仍缺：TfShowBinSelect 沒有成員 btnAutoCleanClick	SAFETY	
MEDIUM	TesterComm/Handler/HandlerGpibMsg.cpp	937	939	1	TODO(W906-GB-P2a)		TODO(W906-GB-P2a): G17 TfObserver has no pnlTTLRS232Version (cObserver.cpp:7455) -- golden main.cpp:16604	fObserver->pnlTTLRS232Version->Caption=Str;			FAIL			yes	HandlerGpibMsg.cpp:938:40: error: 'class TfObserver' has no member named 'pnlTTLRS232Version'	仍缺：TfObserver 沒有成員 pnlTTLRS232Version	SAFETY	
MEDIUM	TesterComm/Handler/HandlerGpibMsg.cpp	961	963	1	TODO(W906-GB-P2a)		TODO(W906-GB-P2a): G18 TfObserver has no pnlGPIBVersion (cObserver.cpp:7454) -- golden main.cpp:16626	fObserver->pnlGPIBVersion->Caption=RunInfo.GPIBSoftwareVersion;                             //Ifor 20170320 (wei) add GPIB 版本顯示於Observer Count 位置			FAIL			yes	HandlerGpibMsg.cpp:962:40: error: 'class TfObserver' has no member named 'pnlGPIBVersion'; did you mean 'labVersion'?	仍缺：TfObserver 沒有成員 pnlGPIBVersion	SAFETY	
MEDIUM	TesterComm/Handler/HandlerGpibMsg.cpp	1027	1029	1	TODO(W906-GB-P2a)		TODO(W906-GB-P2a): G19 fContact is TfContactShim (atester_shims.h:251): no iDMCArm/iDMCChannel/iDMCTrayX/iDMCTrayY/bWaitLoadXY (the real TfContact, forms/fContact.h:1535-1538, has no global) -- golden main.cpp:16689	fContact->iDMCArm=atoi(Str.SubString(9, 1).c_str());			FAIL			yes	HandlerGpibMsg.cpp:1028:31: error: 'class TfContactShim' has no member named 'iDMCArm'	仍缺：TfContactShim 沒有成員 iDMCArm	SAFETY	
MEDIUM	TesterComm/Handler/HandlerGpibMsg.cpp	1049	1051	1	TODO(W906-GB-P2a)		TODO(W906-GB-P2a): G19 fContact is TfContactShim (atester_shims.h:251): no iDMCArm/iDMCChannel/iDMCTrayX/iDMCTrayY/bWaitLoadXY (the real TfContact, forms/fContact.h:1535-1538, has no global) -- golden main.cpp:16708	fContact->iDMCChannel[iret]=Lengh1;			FAIL			yes	HandlerGpibMsg.cpp:1050:43: error: 'class TfContactShim' has no member named 'iDMCChannel'	仍缺：TfContactShim 沒有成員 iDMCChannel	SAFETY	
MEDIUM	TesterComm/Handler/HandlerGpibMsg.cpp	1054	1057	2	TODO(W906-GB-P2a)		TODO(W906-GB-P2a): G19 fContact is TfContactShim (atester_shims.h:251): no iDMCArm/iDMCChannel/iDMCTrayX/iDMCTrayY/bWaitLoadXY (the real TfContact, forms/fContact.h:1535-1538, has no global) -- golden main.cpp:16711-16712	fContact->iDMCTrayX[iret]=Lengh2;			FAIL			yes	HandlerGpibMsg.cpp:1055:43: error: 'class TfContactShim' has no member named 'iDMCTrayX'	仍缺：TfContactShim 沒有成員 iDMCTrayX	SAFETY	
MEDIUM	TesterComm/Handler/HandlerGpibMsg.cpp	1065	1067	1	TODO(W906-GB-P2a)		TODO(W906-GB-P2a): G19 fContact is TfContactShim (atester_shims.h:251): no iDMCArm/iDMCChannel/iDMCTrayX/iDMCTrayY/bWaitLoadXY (the real TfContact, forms/fContact.h:1535-1538, has no global) -- golden main.cpp:16720	fContact->bWaitLoadXY=true;			FAIL			yes	HandlerGpibMsg.cpp:1066:31: error: 'class TfContactShim' has no member named 'bWaitLoadXY'	仍缺：TfContactShim 沒有成員 bWaitLoadXY	SAFETY	
MEDIUM	TesterComm/Handler/HandlerGpibMsg.cpp	1071	1073	1	TODO(W906-GB-P2a)		TODO(W906-GB-P2a): G20 TfContactShim has no bPlaceLoad (see G19) -- golden main.cpp:16724	fContact->bPlaceLoad=true;			FAIL			yes	HandlerGpibMsg.cpp:1072:31: error: 'class TfContactShim' has no member named 'bPlaceLoad'	仍缺：TfContactShim 沒有成員 bPlaceLoad	SAFETY	
MEDIUM	TesterComm/Handler/HandlerGpibMsg.cpp	1077	1079	1	TODO(W906-GB-P2a)		TODO(W906-GB-P2a): G21 TfContactShim has no bTrayFeed (see G19) -- golden main.cpp:16728	fContact->bTrayFeed=true;			FAIL			yes	HandlerGpibMsg.cpp:1078:31: error: 'class TfContactShim' has no member named 'bTrayFeed'	仍缺：TfContactShim 沒有成員 bTrayFeed	SAFETY	
MEDIUM	TesterComm/Handler/HandlerGpibMsg.cpp	1576	1578	1	TODO(W906-GB-P2a)		TODO(W906-GB-P2a): G23 ATC_InterfaceForm is TATC_InterfaceFormShim (acarry_shims.h:109, iATC_MODE_TYPE only): no Set_ASIF_TJ_EFUSED -- golden main.cpp:17219	ATC_InterfaceForm->Set_ASIF_TJ_EFUSED(Str+Str2+Str3);       //字串最長就是256+32+256=544			FAIL			yes	HandlerGpibMsg.cpp:1577:40: error: 'class TATC_InterfaceFormShim' has no member named 'Set_ASIF_TJ_EFUSED'	仍缺：TATC_InterfaceFormShim 沒有成員 Set_ASIF_TJ_EFUSED	SAFETY	
MEDIUM	TesterComm/Handler/HandlerGpibMsg.cpp	1582	1584	1	TODO(W906-GB-P2a)		TODO(W906-GB-P2a): G23 ATC_InterfaceForm is TATC_InterfaceFormShim (acarry_shims.h:109, iATC_MODE_TYPE only): no Get_ASIF_TJ_REQUEST -- golden main.cpp:17223	ATC_InterfaceForm->Get_ASIF_TJ_REQUEST();			FAIL			yes	HandlerGpibMsg.cpp:1583:40: error: 'class TATC_InterfaceFormShim' has no member named 'Get_ASIF_TJ_REQUEST'	仍缺：TATC_InterfaceFormShim 沒有成員 Get_ASIF_TJ_REQUEST	SAFETY	
MEDIUM	TesterComm/Handler/HandlerGpibMsg.cpp	1588	1590	1	TODO(W906-GB-P2a)		TODO(W906-GB-P2a): G23 ATC_InterfaceForm is TATC_InterfaceFormShim (acarry_shims.h:109, iATC_MODE_TYPE only): no Get_ASIF_TJ_FB -- golden main.cpp:17227	ATC_InterfaceForm->Get_ASIF_TJ_FB();			FAIL			yes	HandlerGpibMsg.cpp:1589:40: error: 'class TATC_InterfaceFormShim' has no member named 'Get_ASIF_TJ_FB'	仍缺：TATC_InterfaceFormShim 沒有成員 Get_ASIF_TJ_FB	SAFETY	
MEDIUM	TesterComm/Handler/HandlerGpibMsg.cpp	1715	1717	1	TODO(W906-GB-P2a)		TODO(W906-GB-P2a): G23 ATC_InterfaceForm is TATC_InterfaceFormShim (acarry_shims.h:109, iATC_MODE_TYPE only): no SetSLOPEOFFSET -- golden main.cpp:17351	ATC_InterfaceForm->SetSLOPEOFFSET(strbuf);			FAIL			yes	HandlerGpibMsg.cpp:1716:40: error: 'class TATC_InterfaceFormShim' has no member named 'SetSLOPEOFFSET'	仍缺：TATC_InterfaceFormShim 沒有成員 SetSLOPEOFFSET	SAFETY	
MEDIUM	TesterComm/Handler/HandlerGpibMsg.cpp	1772	1774	1	TODO(W906-GB-P2a)		TODO(W906-GB-P2a): G23 ATC_InterfaceForm is TATC_InterfaceFormShim (acarry_shims.h:109, iATC_MODE_TYPE only): no dTJ -- golden main.cpp:17400	asTJ+=ATC_InterfaceForm->dTJ[iMap]/10.0;			FAIL			yes	HandlerGpibMsg.cpp:1773:66: error: 'class TATC_InterfaceFormShim' has no member named 'dTJ'	仍缺：TATC_InterfaceFormShim 沒有成員 dTJ	SAFETY	
MEDIUM	TesterComm/Handler/HandlerGpibMsg.cpp	1794	1796	1	TODO(W906-GB-P2a)		TODO(W906-GB-P2a): G23 ATC_InterfaceForm is TATC_InterfaceFormShim (acarry_shims.h:109, iATC_MODE_TYPE only): no ATCCONTROLMODEMode -- golden main.cpp:17419	ATC_InterfaceForm->ATCCONTROLMODEMode(strbuf);			FAIL			yes	HandlerGpibMsg.cpp:1795:40: error: 'class TATC_InterfaceFormShim' has no member named 'ATCCONTROLMODEMode'	仍缺：TATC_InterfaceFormShim 沒有成員 ATCCONTROLMODEMode	SAFETY	
MEDIUM	TesterComm/Handler/HandlerGpibMsg.cpp	1805	1807	1	TODO(W906-GB-P2a)		TODO(W906-GB-P2a): G23 ATC_InterfaceForm is TATC_InterfaceFormShim (acarry_shims.h:109, iATC_MODE_TYPE only): no asTJVoltage -- golden main.cpp:17428	asChTJVoltage+=ATC_InterfaceForm->asTJVoltage[i];			FAIL			yes	HandlerGpibMsg.cpp:1806:59: error: 'class TATC_InterfaceFormShim' has no member named 'asTJVoltage'	仍缺：TATC_InterfaceFormShim 沒有成員 asTJVoltage	SAFETY	
MEDIUM	TesterComm/Handler/HandlerGpibMsg.cpp	1821	1823	1	TODO(W906-GB-P2a)		TODO(W906-GB-P2a): G23 ATC_InterfaceForm is TATC_InterfaceFormShim (acarry_shims.h:109, iATC_MODE_TYPE only): no SetAllTemp -- golden main.cpp:17441	ATC_InterfaceForm->SetAllTemp(atof(asStr3.c_str()));			FAIL			yes	HandlerGpibMsg.cpp:1822:40: error: 'class TATC_InterfaceFormShim' has no member named 'SetAllTemp'	仍缺：TATC_InterfaceFormShim 沒有成員 SetAllTemp	SAFETY	
MEDIUM	TesterComm/Handler/HandlerGpibMsg.cpp	1836	1838	1	TODO(W906-GB-P2a)		TODO(W906-GB-P2a): G23 ATC_InterfaceForm is TATC_InterfaceFormShim (acarry_shims.h:109, iATC_MODE_TYPE only): no RECORDTJTEMP -- golden main.cpp:17454	ATC_InterfaceForm->RECORDTJTEMP(atof(asStr2.c_str()));			FAIL			yes	HandlerGpibMsg.cpp:1837:44: error: 'class TATC_InterfaceFormShim' has no member named 'RECORDTJTEMP'	仍缺：TATC_InterfaceFormShim 沒有成員 RECORDTJTEMP	SAFETY	
MEDIUM	TesterComm/Handler/HandlerGpibMsg.cpp	1849	1851	1	TODO(W906-GB-P2a)		TODO(W906-GB-P2a): G23 ATC_InterfaceForm is TATC_InterfaceFormShim (acarry_shims.h:109, iATC_MODE_TYPE only): no asQueryTJTemp -- golden main.cpp:17465	asQUERYTJ+=ATC_InterfaceForm->asQueryTJTemp[i][j];			FAIL			yes	HandlerGpibMsg.cpp:1850:59: error: 'class TATC_InterfaceFormShim' has no member named 'asQueryTJTemp'	仍缺：TATC_InterfaceFormShim 沒有成員 asQueryTJTemp	SAFETY	
MEDIUM	TesterComm/Handler/HandlerGpibMsg.cpp	1869	1871	1	TODO(W906-GB-P2a)		TODO(W906-GB-P2a): G23 ATC_InterfaceForm is TATC_InterfaceFormShim (acarry_shims.h:109, iATC_MODE_TYPE only): no asControlMode -- golden main.cpp:17482	asControlMode+=ATC_InterfaceForm->asControlMode[i];			FAIL			yes	HandlerGpibMsg.cpp:1870:59: error: 'class TATC_InterfaceFormShim' has no member named 'asControlMode'	仍缺：TATC_InterfaceFormShim 沒有成員 asControlMode	SAFETY	
MEDIUM	TesterComm/Handler/HandlerGpibMsg.cpp	1898	1902	3	TODO(W906-GB-P2a)		TODO(W906-GB-P2a): G23 ATC_InterfaceForm is TATC_InterfaceFormShim (acarry_shims.h:109, iATC_MODE_TYPE only): no ResetHandlerArmCache / TestFinish / HandlerArm -- golden main.cpp:17508-17510	ATC_InterfaceForm->ResetHandlerArmCache();              //AI(ht9045-atc) 20260808 (RogerYang) : alarm reset 需重新同步 Arm 狀態			FAIL			yes	HandlerGpibMsg.cpp:1899:44: error: 'class TATC_InterfaceFormShim' has no member named 'ResetHandlerArmCache'	仍缺：TATC_InterfaceFormShim 沒有成員 ResetHandlerArmCache	SAFETY	
MEDIUM	TesterComm/Handler/HandlerGpibMsg.cpp	1934	1937	2	TODO(W906-GB-P2a)		TODO(W906-GB-P2a): G23 ATC_InterfaceForm is TATC_InterfaceFormShim (acarry_shims.h:109, iATC_MODE_TYPE only): no SetTCWaterValve / ReadTCWaterValue -- golden main.cpp:17531-17532	ATC_InterfaceForm->SetTCWaterValve(asStr2.c_str(), 0);			FAIL			yes	HandlerGpibMsg.cpp:1935:40: error: 'class TATC_InterfaceFormShim' has no member named 'SetTCWaterValve'	仍缺：TATC_InterfaceFormShim 沒有成員 SetTCWaterValve	SAFETY	
MEDIUM	TesterComm/Handler/HandlerGpibMsg.cpp	1954	1957	2	TODO(W906-GB-P2a)		TODO(W906-GB-P2a): G23 ATC_InterfaceForm is TATC_InterfaceFormShim (acarry_shims.h:109, iATC_MODE_TYPE only): no SetDynamicPID / ReadDynamicPID -- golden main.cpp:17549-17550	ATC_InterfaceForm->SetDynamicPID(asStr2.c_str());			FAIL			yes	HandlerGpibMsg.cpp:1955:44: error: 'class TATC_InterfaceFormShim' has no member named 'SetDynamicPID'	仍缺：TATC_InterfaceFormShim 沒有成員 SetDynamicPID	SAFETY	
MEDIUM	TesterComm/Handler/HandlerGpibMsg.cpp	1974	1976	1	TODO(W906-GB-P2a)		TODO(W906-GB-P2a): G24 AnsiString*int: vclcompat AnsiString has no operator* and the BCB6 resolution (Variant?) is unverified; asGPIBAutoHeightZPos is never assigned in golden (always "") -- golden main.cpp:17567	SendMSG_CMD(MSG_CMD_READZPOS, asGPIBAutoHeightZPos*100);			FAIL			yes	HandlerGpibMsg.cpp:1975:71: error: no match for 'operator*' (operand types are 'vclcompat::AnsiString' and 'int')	仍缺：HandlerGpibMsg.cpp:1975:71: error: no match for 'operator*' (operand types are 'vclcompat::AnsiString' and 'int')	SAFETY	
MEDIUM	TesterComm/Handler/HandlerGpibMsg.cpp	2202	2204	1	TODO(W906-GB-P2a)		TODO(W906-GB-P2a): G26 TfMainHanaART (forms/fMain.h:80) has no DoCmdWhenHDStart -- golden main.cpp:17789	hanaART->DoCmdWhenHDStart(Str);			FAIL			yes	HandlerGpibMsg.cpp:2203:21: error: 'hanaART' was not declared in this scope	仍缺：未宣告 hanaART	SAFETY	
MEDIUM	TesterComm/Rs232/Rs232Comm.cpp	515	522	6	TODO(W906-GB-P4)		TODO(W906-GB-P4): no form window; HMountWnd is not a real HWND in-process (golden MainForm.cpp:1720-1725)	fRS232Main->SendToBack();			FAIL			yes	Rs232Comm.cpp:516:21: error: 'class rs232std::TfRS232Main' has no member named 'SendToBack'; did you mean 'SendData'?	仍缺：rs232std::TfRS232Main 沒有成員 SendToBack		
MEDIUM	TesterComm/Rs232/Rs232Globals.cpp	878	890	11	TODO(W906-GB-P4)		TODO(W906-GB-P4): vclcompat has no VCL Exception class (E.HelpContext / E.Message); golden cmydef.cpp:598-606.	catch(Exception& E)                                                     //Steven 20140505 : 試著抓出連線異常的訊息			FAIL			yes	Rs232Globals.cpp:881:15: error: 'Exception' does not name a type	仍缺：未宣告 Exception		
MEDIUM	TesterComm/Rs232/Rs232Log.cpp	453	455	1	TODO(W906-GB-P4)		TODO(W906-GB-P4): TPanel::BevelOuter / bvLowered / bvRaised are not in vclcompat Controls.h; visual only (golden MainForm.cpp:2580)	btnUpdate->BevelOuter=bvLowered;			FAIL			yes	Rs232Log.cpp:454:16: error: 'class vclcompat::TPanel' has no member named 'BevelOuter'	仍缺：vclcompat::TPanel 沒有成員 BevelOuter		
MEDIUM	TesterComm/Rs232/Rs232Log.cpp	462	464	1	TODO(W906-GB-P4)		TODO(W906-GB-P4): TPanel::BevelOuter / bvLowered / bvRaised are not in vclcompat Controls.h; visual only (golden MainForm.cpp:2586)	btnUpdate->BevelOuter=bvRaised;			FAIL			yes	Rs232Log.cpp:463:16: error: 'class vclcompat::TPanel' has no member named 'BevelOuter'	仍缺：vclcompat::TPanel 沒有成員 BevelOuter		
MEDIUM	TesterComm/Rs232/Rs232Log.cpp	568	570	1	TODO(W906-GB-P4)		TODO(W906-GB-P4): TPanel::BevelOuter / bvLowered / bvRaised are not in vclcompat Controls.h; visual only (golden MainForm.cpp:2689)	btnUpdate_TTL->BevelOuter=bvLowered;			FAIL			yes	Rs232Log.cpp:569:20: error: 'class vclcompat::TPanel' has no member named 'BevelOuter'	仍缺：vclcompat::TPanel 沒有成員 BevelOuter		
MEDIUM	TesterComm/Rs232/Rs232Log.cpp	577	579	1	TODO(W906-GB-P4)		TODO(W906-GB-P4): TPanel::BevelOuter / bvLowered / bvRaised are not in vclcompat Controls.h; visual only (golden MainForm.cpp:2695)	btnUpdate_TTL->BevelOuter=bvRaised;			FAIL			yes	Rs232Log.cpp:578:20: error: 'class vclcompat::TPanel' has no member named 'BevelOuter'	仍缺：vclcompat::TPanel 沒有成員 BevelOuter		
MEDIUM	TesterComm/Rs232/Rs232Ui.cpp	2218	2227	8	TODO(W906-GB-P4)		TODO(W906-GB-P4): no VCL Application->OnException / Exception in-process (golden MainForm.cpp:398-405)	void __fastcall TfRS232Main::AppException(TObject *Sender, Exception *E)        //ChungHung 20141226 add catch exception			FAIL			yes	Rs232Ui.cpp:2219:60: error: 'Exception' has not been declared	仍缺：未宣告 Exception		
MEDIUM	TesterComm/Tcp/TcpPump.cpp	223	225	1	TODO(W906-GB-P5)		TODO(W906-GB-P5): fLotInfo->labTCPIPSimulate is not a V906 TfLotInfo member (golden main.cpp:29777 / cTesterIF.cpp:587)	fLotInfo->labTCPIPSimulate->Visible = (TestIF_File.iTestType == TCP_IP_MODE);			FAIL			yes	TcpPump.cpp:224:19: error: 'class TfLotInfo' has no member named 'labTCPIPSimulate'; did you mean 'labTCPIPStatus'?	仍缺：TfLotInfo 沒有成員 labTCPIPSimulate		
LOW	TfAOILaserScan.cpp	1166	1168	1	GATE (1a)		AI(W906-PT-W3) 20260807 GATE (1a): golden `delete trayMapIC;` (golden :950) -- see file banner GATE (1). trayMapIC is externally owned (see banner); faithful default is to attempt nothing.	delete trayMapIC;		sim+ship	PASS	LINK-OK	SHIP-OK	likely-no	(compiles: -fsyntax-only)	候選：照 golden 解開（先看風險標記）		
LOW	TfAOILaserScan.cpp	1214	1216	1	GATE (1b)		AI(W906-PT-W3) 20260807 GATE (1b): golden `trayMapIC->ClearCell();` (golden :994) -- see file banner GATE (1). Faithful default: no-op.	trayMapIC->ClearCell();			FAIL			yes	TfAOILaserScan.cpp:1215:18: error: invalid use of incomplete type 'class TTMyTray'	仍缺：不完整型別 class TTMyTray		
LOW	TfAOILaserScan.cpp	1333	1336	2	GATE (1d)		is NOT itself gated -- it is a real function this same file defines; its OWN body gates the TTMyTray touches it makes (see GATE (1d)).	trayMapIC->XItem=iGetCol;			FAIL			yes	TfAOILaserScan.cpp:1334:34: error: invalid use of incomplete type 'class TTMyTray'	仍缺：不完整型別 class TTMyTray		
LOW	TfAOILaserScan.cpp	1493	1520	26	GATE (1)		mTray->YItem/->XItem and writes mTray->SetCellColorIndex() per cell -- every statement below touches the incomplete TTMyTray type; see file banner GATE (1). Faithful default: no-op (nothing to paint offline).	int iIC=0;			FAIL			yes	TfAOILaserScan.cpp:1495:19: error: invalid use of incomplete type 'class TTMyTray'	仍缺：不完整型別 class TTMyTray	HAS-#else	
LOW	TfAOILaserScan.cpp	1529	1542	12	GATE (1)		mTray->YItem/->XItem/->GetCellData() -- see file banner GATE (1). Faithful default: false, matching TfAOI's OWN base-class default (TfAOILaserScan.h golden :127).	for(int i=0;i<mTray->YItem;i++)			FAIL			yes	TfAOILaserScan.cpp:1530:24: error: invalid use of incomplete type 'class TTMyTray'	仍缺：不完整型別 class TTMyTray	HAS-#else	
HIGH	VacuumUnit/MyVacuumPanel.cpp	225	242	16	GATE 1)		Left/Top/Width/Height/Parent/Font/BorderStyle/OnClick/ShowHint/Hint exist on vclcompat::TControl by design (GATE 1); TMyLed/TBtnPanelLane have no widget-level port at all (GATE 2). Preserved verbatim:	ImgVacuumPanel  =new TImage(this);			FAIL			yes	MyVacuumPanel.cpp:226:5: error: 'ImgVacuumPanel' was not declared in this scope	仍缺：未宣告 ImgVacuumPanel	HIGH-KW	
HIGH	VacuumUnit/MyVacuumPanel.cpp	259	265	5			數值輸入	edSV->Parent        =GroupBox;			FAIL			yes	MyVacuumPanel.cpp:260:11: error: 'class vclcompat::TEdit' has no member named 'Parent'	仍缺：vclcompat::TEdit 沒有成員 Parent	HIGH-KW	
HIGH	VacuumUnit/MyVacuumPanel.cpp	267	273	5				edSV->Font->Name    =_fVacuumUnit->edSV->Font->Name;			FAIL			yes	MyVacuumPanel.cpp:268:11: error: 'class vclcompat::TEdit' has no member named 'Font'	仍缺：vclcompat::TEdit 沒有成員 Font	HIGH-KW	
HIGH	VacuumUnit/MyVacuumPanel.cpp	276	282	5			數值設定	btnSV->Parent   =GroupBox;			FAIL			yes	MyVacuumPanel.cpp:277:12: error: 'class vclcompat::TSpeedButton' has no member named 'Parent'	仍缺：vclcompat::TSpeedButton 沒有成員 Parent	HIGH-KW	
LOW	VacuumUnit/MyVacuumPanel.cpp	284	286	1				btnSV->OnClick  =btnSVClick;			FAIL			yes	MyVacuumPanel.cpp:285:12: error: 'class vclcompat::TSpeedButton' has no member named 'OnClick'; did you mean 'Click'?	仍缺：vclcompat::TSpeedButton 沒有成員 OnClick		
HIGH	VacuumUnit/MyVacuumPanel.cpp	289	296	6			數值 On/Off	myld1->Parent   =GroupBox;			FAIL			yes	MyVacuumPanel.cpp:290:5: error: 'myld1' was not declared in this scope	仍缺：未宣告 myld1	HIGH-KW	
LOW	VacuumUnit/MyVacuumPanel.cpp	298	301	2				str.sprintf("(Lane:%d,IP:%d,Port:%d,Bit:%d) VCNo%d", SenRing,SenIP,SenPort,SenVCNo,SenVCNo);			FAIL			yes	MyVacuumPanel.cpp:300:5: error: 'myld1' was not declared in this scope	仍缺：未宣告 myld1		
HIGH	VacuumUnit/MyVacuumPanel.cpp	310	325	14			吸嘴開	bplOn->Parent           =GroupBox;			FAIL			yes	MyVacuumPanel.cpp:311:5: error: 'bplOn' was not declared in this scope	仍缺：未宣告 bplOn	HIGH-KW	
LOW	VacuumUnit/MyVacuumPanel.cpp	327	330	2				str.sprintf("(Lane:%d,IP:%d,Port:%d,Bit:%d) VCNo%d", OnRing,OnIP,OnPort,OnVCNo,OnVCNo);			FAIL			yes	MyVacuumPanel.cpp:329:5: error: 'bplOn' was not declared in this scope	仍缺：未宣告 bplOn		
HIGH	VacuumUnit/MyVacuumPanel.cpp	333	348	14			吸嘴關	bplOff->Parent          =GroupBox;			FAIL			yes	MyVacuumPanel.cpp:334:5: error: 'bplOff' was not declared in this scope	仍缺：未宣告 bplOff	HIGH-KW	
LOW	VacuumUnit/MyVacuumPanel.cpp	350	353	2				str.sprintf("(Lane:%d,IP:%d,Port:%d,Bit:%d) VCNo%d", OffRing,OffIP,OffPort,OffVCNo,OffVCNo);			FAIL			yes	MyVacuumPanel.cpp:352:5: error: 'bplOff' was not declared in this scope	仍缺：未宣告 bplOff		
HIGH	VacuumUnit/MyVacuumPanel.cpp	402	426	23	GATE (1)		MyVacuumPanel.h GATE (1)). The `if(GroupBox->Visible==false) return;` guard above IS real (vclcompat::TControl::Visible) and is the only state-carrying effect this function has -- preserved ACTIVE. Verbatim:	int iTextWidth=0, iTextHeight=0,iTextOutX=0,iTextOutY=0;			FAIL			yes	MyVacuumPanel.cpp:406:5: error: 'ImgVacuumPanel' was not declared in this scope	仍缺：未宣告 ImgVacuumPanel	HIGH-KW	
HIGH	VacuumUnit/MyVacuumPanel.cpp	437	461	23	GATE (1)		AI(W906-PT-W3) 20260807: GATE (1) -- 100% Canvas paint, no other state beyond the guard above (see ShowCurectVal's identical note). Verbatim:	int iTextWidth=0, iTextHeight=0,iTextOutX=0,iTextOutY=0;			FAIL			yes	MyVacuumPanel.cpp:441:5: error: 'ImgVacuumPanel' was not declared in this scope	仍缺：未宣告 ImgVacuumPanel	HIGH-KW	
HIGH	VacuumUnit/MyVacuumPanel.cpp	471	495	23	GATE (1)		AI(W906-PT-W3) 20260807: GATE (1) -- 100% Canvas paint, no other state beyond the guard above. Verbatim:	int iTextWidth=0, iTextHeight=0,iTextOutX=0,iTextOutY=0;			FAIL			yes	MyVacuumPanel.cpp:475:5: error: 'ImgVacuumPanel' was not declared in this scope	仍缺：未宣告 ImgVacuumPanel	HIGH-KW	
HIGH	VacuumUnit/MyVacuumPanel.cpp	505	509	3			state at all (unlike ShowCurectVal/ShowThreshold/SetEvent, golden's SetBG has no Visible guard to keep -- its whole body is the paint). Verbatim:	ImgVacuumPanel->Canvas->Brush->Color=BackGround;			FAIL			yes	MyVacuumPanel.cpp:506:5: error: 'ImgVacuumPanel' was not declared in this scope	仍缺：未宣告 ImgVacuumPanel	HIGH-KW	
LOW	VacuumUnit/MyVacuumPanel.cpp	541	565	23			ACTIVE arm: no-op. Kept DECLARED (not omitted, unlike ChangeBtnPanelLane) because its own signature `(TObject*)` is fully spellable and a future wave landing BtnPanelCore's widget half may re-wire it. Verbatim:	TBtnPanelLane *Ptr;			FAIL			yes	MyVacuumPanel.cpp:542:5: error: 'TBtnPanelLane' was not declared in this scope	仍缺：未宣告 TBtnPanelLane		
LOW	VacuumUnit/MyVacuumPanel.cpp	655	673	17	GATE 2)		GATE 2). The real Acm_DaqDoGetBitEx HW reads above are preserved ACTIVE (Result1/Result2/Value1/Value2 computed for real); only the on-screen switch-latch display is dropped. Verbatim:	if(Result1==SUCCESS)			FAIL			yes	MyVacuumPanel.cpp:659:13: error: 'bplOn' was not declared in this scope  (補 include EtherCAT/vendor/AdvMotErr.h 之後)	仍缺：未宣告 bplOn		
HIGH	VacuumUnit/VacuumUnit.cpp	173	184	10			grpOutarm ->Top/->Left/->Width/->Height writes (golden :52-60,91-99) have no substrate -- vclcompat::TGroupBox carries only Caption (see Controls.h). Preserved verbatim:	grpIndexArm2->Top       =-3;                                                //IndexArm2			FAIL			yes	VacuumUnit.cpp:177:19: error: 'class vclcompat::TGroupBox' has no member named 'Width'	仍缺：vclcompat::TGroupBox 沒有成員 Width	HIGH-KW	
LOW	VacuumUnit/VacuumUnit.cpp	199	202	2			EITHER side (no ->Parent member; no TScrollBox type at all, see VacuumUnit.h's own scrlbx GATE). Preserved verbatim:	myPalArm1[iCol][iRow]->GroupBox->Parent   = scrlbxIndexArm1;			FAIL			yes	VacuumUnit.cpp:200:50: error: 'class vclcompat::TGroupBox' has no member named 'Parent'	仍缺：vclcompat::TGroupBox 沒有成員 Parent		
LOW	VacuumUnit/VacuumUnit.cpp	214	217	2				myPalArm1[iCol][iRow]->GroupBox->Parent   = scrlbxIndexArm1;			FAIL			yes	VacuumUnit.cpp:215:50: error: 'class vclcompat::TGroupBox' has no member named 'Parent'	仍缺：vclcompat::TGroupBox 沒有成員 Parent		
HIGH	VacuumUnit/VacuumUnit.cpp	221	232	10				grpInarm->Top       =-3;                                                     //InArm			FAIL			yes	VacuumUnit.cpp:225:15: error: 'class vclcompat::TGroupBox' has no member named 'Width'	仍缺：vclcompat::TGroupBox 沒有成員 Width	HIGH-KW	
LOW	VacuumUnit/VacuumUnit.cpp	239	242	2				myPalInArm[iCol][iRow]->GroupBox->Parent  = scrlbxInArm;			FAIL			yes	VacuumUnit.cpp:240:47: error: 'class vclcompat::TGroupBox' has no member named 'Parent'	仍缺：vclcompat::TGroupBox 沒有成員 Parent		
LOW	VacuumUnit/VacuumUnit.cpp	283	289	5				myPalArm2[iCol][iRow]->GroupBox->Left         =VACUUM_UNIT_WIDTH*iCol;			FAIL			yes	VacuumUnit.cpp:284:60: error: 'VACUUM_UNIT_WIDTH' was not declared in this scope	仍缺：未宣告 VACUUM_UNIT_WIDTH		
LOW	VacuumUnit/VacuumUnit.cpp	298	301	2				myPalInArm[iCol][iRow]->GroupBox->Left        =VACUUM_UNIT_WIDTH*iCol;			FAIL			yes	VacuumUnit.cpp:299:60: error: 'VACUUM_UNIT_WIDTH' was not declared in this scope	仍缺：未宣告 VACUUM_UNIT_WIDTH		
LOW	VacuumUnit/VacuumUnit.cpp	304	307	2				myPalOutArm[iCol][iRow]->GroupBox->Left       =VACUUM_UNIT_WIDTH*iCol;			FAIL			yes	VacuumUnit.cpp:305:60: error: 'VACUUM_UNIT_WIDTH' was not declared in this scope	仍缺：未宣告 VACUUM_UNIT_WIDTH		
LOW	VacuumUnit/VacuumUnit.cpp	379	385	5			standalone class (VacuumUnit.h CLASS SHAPE DECISION), not a TForm with Caption/geometry. `S` is still computed above for provenance (harmless local AnsiString), just never displayed. Preserved verbatim:	Caption=S;			FAIL			yes	VacuumUnit.cpp:380:5: error: 'Caption' was not declared in this scope	仍缺：未宣告 Caption		
LOW	VacuumUnit/VacuumUnit.cpp	389	391	1			AI(W906-PT-W3) 20260807: golden `tmr1->Enabled=true;` (golden :222) has no substrate (no TTimer type, see VacuumUnit.h's own tmr1 GATE).	tmr1->Enabled=true;			FAIL			yes	VacuumUnit.cpp:390:5: error: 'tmr1' was not declared in this scope	仍缺：未宣告 tmr1		
LOW	VacuumUnit/VacuumUnit.cpp	479	481	1			AI(W906-PT-W3) 20260807: golden `tmr1->Enabled=false;` (golden :308) has no substrate, see FormShow's identical note.	tmr1->Enabled=false;			FAIL			yes	VacuumUnit.cpp:480:5: error: 'tmr1' was not declared in this scope	仍缺：未宣告 tmr1		
LOW	VacuumUnit/VacuumUnit.cpp	566	568	1			through and saves anyway regardless of this branch (no `return` after Close()) -- that fall-through is golden's OWN behaviour, preserved as-is below; only the window-close side effect is gated.	Close();			FAIL			yes	VacuumUnit.cpp:567:15: error: 'Close' was not declared in this scope	仍缺：未宣告 Close		
LOW	VacuumUnit/VacuumUnit.cpp	592	594	1			AI(W906-PT-W3) 20260807: golden `Close();` (golden :405) -- same GATE as spbSaveClick above.	Close();			FAIL			yes	VacuumUnit.cpp:593:11: error: 'Close' was not declared in this scope	仍缺：未宣告 Close		
HIGH	VacuumUnit/VacuumUnit.cpp	632	683	50			AI-W6C-GOLDEN-BEGIN SetIOTableByECAT_VC8_Sucker VacuumUnit/VacuumUnit.cpp:431-480	void SetIOTableByECAT_VC8_Sucker()			FAIL			yes	VacuumUnit.cpp:739:6: error: redefinition of 'void SetIOTableByECAT_VC8_Sucker()'	仍缺：VacuumUnit.cpp:739:6: error: redefinition of 'void SetIOTableByECAT_VC8_Sucker()'	HIGH-KW	
LOW	VacuumUnit/VacuumUnit.cpp	896	899	2	GATE (2)		GATE (2): bplOn has no port (MyVacuumPanel.h)	str.sprintf("(Lane:%d,IP:%d,Port:%d,Bit:%d) %s", Target.OnRing, Target.OnIP, Target.OnPort, Target.OnVCNo, Target.SuckerName);			FAIL			yes	VacuumUnit.cpp:898:12: error: 'class TMyVacuumPanel' has no member named 'bplOn'	仍缺：TMyVacuumPanel 沒有成員 bplOn		
LOW	VacuumUnit/VacuumUnit.cpp	907	910	2	GATE (2)		GATE (2): bplOff has no port	str.sprintf("(Lane:%d,IP:%d,Port:%d,Bit:%d) %s", Target.OffRing, Target.OffIP, Target.OffPort, Target.OffVCNo, Target.SuckerName);			FAIL			yes	VacuumUnit.cpp:909:12: error: 'class TMyVacuumPanel' has no member named 'bplOff'	仍缺：TMyVacuumPanel 沒有成員 bplOff		
LOW	VacuumUnit/VacuumUnit.cpp	918	921	2	GATE (2)		GATE (2): myld1 has no port	str.sprintf("(Lane:%d,IP:%d,Port:%d,Bit:%d) %s VCNo%d", Target.SenRing,Target.SenIP, Target.SenPort, Target.SenVCNo, Target.SuckerName, Target.SenVCNo);			FAIL			yes	VacuumUnit.cpp:920:12: error: 'class TMyVacuumPanel' has no member named 'myld1'	仍缺：TMyVacuumPanel 沒有成員 myld1		
LOW	WebLotInfo.cpp	237	241	3			AI(W906-FRW-S94) 20260926: GATE（Steven 指示：這一行閘住、記 ELTodo、列給 Jimmy）。golden :10191。Msg2 是空字串 ⇒ golden 不送 CCD，	fBarCode->SendCCDCommand(fBarCode->iBarCode1_1, "2DID by lot list");        //Steven 20160926 : 補上清除資料的紀錄			FAIL			yes	WebLotInfo.cpp:240:15: error: 'class TfBarCode' has no member named 'SendCCDCommand'  (補 include BarCode/BarCode.h 之後)	仍缺：TfBarCode 沒有成員 SendCCDCommand		
LOW	WebMainScanKey.cpp	254	266	11	GATE (W906-SCANKEY-RELOGIN)		GATE (W906-SCANKEY-RELOGIN): golden :2476-2484 makes the supervisor log in again (cbUserSelectChange -- not a TfMain member, atester.cpp:4199); a panel key cannot open the web login box	fPassword->Label5->Visible=true;			FAIL			yes	WebMainScanKey.cpp:255:32: error: 'class TfPassword' has no member named 'Label5'  (補 include forms/fPassword.h 之後)	仍缺：TfPassword 沒有成員 Label5		
LOW	WebMainScanKey.cpp	283	285	1	GATE (W906-SCANKEY-AQL)		GATE (W906-SCANKEY-AQL) golden main.cpp:2511 fLotInfo->SetAQLMode() -- forms/fLotInfo.h has no SetAQLMode (same gap as FileRW/DeviceForm_File.cpp, SECSGEM G39)	fLotInfo->SetAQLMode();			FAIL			yes	WebMainScanKey.cpp:284:23: error: 'class TfLotInfo' has no member named 'SetAQLMode'; did you mean 'palAQLMode'?  (補 include forms/fLotInfo.h 之後)	仍缺：TfLotInfo 沒有成員 SetAQLMode		
HELD	WebMotorAccess.cpp	4870	4895	24		Web 馬達／啟動流程（有人在改）	AI(W906-COMMATEXT-FU) 20261003: the pre-INBOX-152 rule; this line was `out.clear();`	const std::size_t n = s.size();		sim+ship	PASS			likely-no	(compiles: -fsyntax-only)	HELD（Web 馬達／啟動流程（有人在改））；探針：候選：照 golden 解開（先看風險標記）		
HELD	WebStart.cpp	526	548	21	GATE (3)	Web 馬達／啟動流程（有人在改）	PowerSavingMode.cpp:937 的 GATE (3) 是同一個原因。 🟡：golden 不看它的回傳值，所以它不參與判定；閘掉不改變擋不擋啟動。 閘掉的後果：擋下來了，但操作員不知道是哪一項 Bin 設定出錯、要找 PE。	for (int i = 0; i < 10; i++)                                                // golden :33989			FAIL			yes	WebStart.cpp:533:130: error: 'ShowMyMessagePWD' was not declared in this scope	HELD（Web 馬達／啟動流程（有人在改））；探針：仍缺：未宣告 ShowMyMessagePWD	SAFETY	
HELD	WebStart.cpp	1211	1220	8		Web 馬達／啟動流程（有人在改）	`iStartIn=0; return false;`。 閘掉的後果是「CC_PANTHER 機台少一道啟動前站點檢查」。這台不是 CC_PANTHER，所以現況無影響；但要出貨給 PANTHER 之前必須補。	if (CUSTOMER_CODE == CC_PANTHER)                                            // golden :4432			FAIL			yes	WebStart.cpp:1214:13: error: 'patFunc' was not declared in this scope	HELD（Web 馬達／啟動流程（有人在改））；探針：仍缺：未宣告 patFunc	SAFETY	
HELD	WebStart.cpp	1229	1242	12		Web 馬達／啟動流程（有人在改）	在移植樹不存在。這是**唯讀方向的通知**（告訴視覺系統現在的模式）， 不擋啟動，所以閘掉不會讓 Start 誤判成功。 後果：裝了 RTC 的機台，視覺端不會收到 auto-teach / step-aside 模式切換。	if (REAL_TIME_CCD == true && !COM2->bCCDDummyRum)                           // golden :4441  Ifor 20230908 add:RTC 讓位功能 By Setup File			FAIL			yes	WebStart.cpp:1233:19: error: 'class TCOM2Shim' has no member named 'SendCommToVision'	HELD（Web 馬達／啟動流程（有人在改））；探針：仍缺：TCOM2Shim 沒有成員 SendCommToVision	SAFETY	
HELD	WebStart.cpp	1286	1288	1		Web 馬達／啟動流程（有人在改）	★ 只閘這一行，不閘整段：AccessLevel=0 與 ChangeLevelAttr() 是 真正的行為（權限降級），spbUserName 只是把降級結果顯示出來。 整段閘掉會讓 JCET 按 START 不再切成 OP 權限 —— 那是行為變更。	spbUserName->Caption = "Operator";                                      // golden :4496		ship	PASS		SHIP-FAIL WebStart.cpp:1287:9: error: 'spbUserName' was not declared in this scope	yes（出貨組態）	WebStart.cpp:1287:9: error: 'spbUserName' was not declared in this scope	HELD（Web 馬達／啟動流程（有人在改））；探針：仍缺（出貨組態才編得到／才出錯）：未宣告 spbUserName	SAFETY	
HELD	WebStart.cpp	1324	1331	6		Web 馬達／啟動流程（有人在改）	「把 Tray Mapping 視窗叫出來並切到該頁籤」的顯示動作。 ★ 只閘顯示。下面那個 return false 是**擋啟動**的， 閘掉會讓 CC_ASE_CL 在該檢殘留 device 時照樣啟動。	if (fTrayMapping->fShow == false)                                   // golden :4518			FAIL			yes	WebStart.cpp:1327:31: error: 'class TfTrayMapping' has no member named 'Show'; did you mean 'fShow'?	HELD（Web 馬達／啟動流程（有人在改））；探針：仍缺：TfTrayMapping 沒有成員 Show	UI-STATE SAFETY	
HELD	WebStart.cpp	1342	1345	2	SAFETY-GATE(W906-ST-W1-L)	Web 馬達／啟動流程（有人在改）	SAFETY-GATE(W906-ST-W1-L) golden :4531-4532 `spbLight` forms/fMain.h 沒有 spbLight。純顯示（把燈已關這件事反映到按鈕上）。 ★ 同樣只閘顯示，不閘 SW[SwCCDLight].Off() —— 那一行才是「關燈」。	spbLight->Tag = 0;                                                      // golden :4531			FAIL			yes	WebStart.cpp:1343:9: error: 'spbLight' was not declared in this scope	HELD（Web 馬達／啟動流程（有人在改））；探針：仍缺：未宣告 spbLight	SAFETY TAG(.dfm?)	
HELD	WebStart.cpp	1380	1386	5	SAFETY-GATE(W906-ST-W1-F)	Web 馬達／啟動流程（有人在改）	SAFETY-GATE(W906-ST-W1-F) golden :4558/:4560 `lbl2DSort->Visible` forms/fMain.h 沒有 lbl2DSort 這個 widget。純顯示（2D sort 標籤的可見性）， 不擋啟動，也不影響任何判斷。	if (CosFunction.bCanUseSearch2DIDByLot &&                                   // golden :4556  Steven 20220811 : ATK request 2D sort display.			FAIL			yes	WebStart.cpp:1383:9: error: 'lbl2DSort' was not declared in this scope	HELD（Web 馬達／啟動流程（有人在改））；探針：仍缺：未宣告 lbl2DSort	SAFETY	
HELD	WebStart.cpp	1452	1460	7		Web 馬達／啟動流程（有人在改）	 ⛔ 歸屬：跟 §5.2 的 fShow 同一個設計題，而且是其中最難的「往返」那一種。 要等 web 層的 show/dismiss 通道，屬 FW-W 指令通道，不是本戰役。	if (IniConfig.bN07_EnableEmployeeIdCheak == true)                           // golden :4598  Ifor 20180227 (Steven) SECS GEM Confirm the Employee ID			FAIL			yes	WebStart.cpp:1457:45: error: 'CheckEmployeeID' was not declared in this scope	HELD（Web 馬達／啟動流程（有人在改））；探針：仍缺：未宣告 CheckEmployeeID	SAFETY	
HELD	WebStart.cpp	1468	1485	16		Web 馬達／啟動流程（有人在改）	⚠ 這是**擋啟動**的路徑：golden 在 bUpdateAutomatically 為真時 `iStartIn=0; return false;`（有更新包要裝就不讓開機台）。 閘掉的後果：開了 N32 自動更新的機台，會在有待裝更新時照樣啟動。	if (CosFunction.bDownloadUpdateAutomatically &&                             // golden :4606		sim+ship	PASS			likely-no	(compiles: -fsyntax-only)	SAFETY 閘：編得過也先問筆電；HELD（Web 馬達／啟動流程（有人在改））；探針：候選：照 golden 解開（先看風險標記）	SAFETY	
HELD	WebStart.cpp	1494	1558	63		Web 馬達／啟動流程（有人在改）	就 `iStartIn=0; ShowErrorMessage("WAR16333",...); return false;`）。 閘掉的後果：開了 A32 FTP Automation 的矽格機台，比對清單不合也照樣啟動。 ST-W7 必須補 —— 這一條是本波所有 gate 裡影響最大的。	if (IniConfig.bA32EnableFTPAutomation == true &&                            // golden :4623  KaiChen 20190530：Sigurd FTP Automation		sim+ship	PASS			likely-no	(compiles: -fsyntax-only)	SAFETY 閘：編得過也先問筆電；HELD（Web 馬達／啟動流程（有人在改））；探針：候選：照 golden 解開（先看風險標記）	UI-STATE SAFETY	
HELD	WebStart.cpp	1563	1565	1	SAFETY-GATE(W906-ST-W1-J)	Web 馬達／啟動流程（有人在改）	SAFETY-GATE(W906-ST-W1-J) golden :4688 `sbEngSite->Down = false` forms/fMain.h 沒有 sbEngSite（第三組工程師用的開關 SITE 按鈕）。 純 UI 狀態，不影響判斷。	sbEngSite->Down = false;                                                    // golden :4688  Alick 20160926 add for 第三組工程師用開關 SITE			FAIL			yes	WebStart.cpp:1564:5: error: 'sbEngSite' was not declared in this scope	HELD（Web 馬達／啟動流程（有人在改））；探針：仍缺：未宣告 sbEngSite	SAFETY	
HELD	WebStart.cpp	1590	1593	2		Web 馬達／啟動流程（有人在改）	純視窗關閉動作（KYEC 要求按 START 時把 BarCode 視窗強制關掉，避免 ALARM 時視窗卡死）。不擋啟動。 後果：CC_KYEC_LEE 機台按 START 時 BarCode 視窗不會自動關。	if (CUSTOMER_CODE == CC_KYEC_LEE && FormBarcodeReader->bShow)               // golden :4694  Ifor 20161229 (Steven)		sim+ship	PASS-WITH-INCLUDE			likely-no（缺 include）	WebStart.cpp:1591:41: error: 'FormBarcodeReader' was not declared in this scope	SAFETY 閘：編得過也先問筆電；HELD（Web 馬達／啟動流程（有人在改））；探針：候選：補 include BarcodeReader.h 後照 golden 解開（先確認那個名字是真本體、不是 stub／shim）	SAFETY	
HELD	WebStart.cpp	1658	1678	19		Web 馬達／啟動流程（有人在改）	全樹沒有 fPMAlarmInterFace 這個介面物件。 閘掉的後果：開了 A19 的機台，到了 PM 停機日照樣能啟動， 而且 PM 警告訊息也不會跳。	if (IniConfig.bA19UsePMAlarmFunction == true &&                             // golden :4737  2015.05.26 Mylin PM Alarm		ship	PASS		SHIP-FAIL WebStart.cpp:1661:9: error: 'fAutoTeach' was not declared in this scope	yes（出貨組態）	WebStart.cpp:1661:9: error: 'fAutoTeach' was not declared in this scope	HELD（Web 馬達／啟動流程（有人在改））；探針：仍缺（出貨組態才編得到／才出錯）：未宣告 fAutoTeach	SAFETY	
HELD	WebStart.cpp	1685	1699	13		Web 馬達／啟動流程（有人在改）	forms 的 fProductionInfo facade 沒有 CheckOEE_WhenStart。 閘掉的後果：開了 OEE 的機台（memory：bOEEFunction 只有超豐開）， OEE 檢查不通過也照樣啟動。	if (CosFunction.bOEEFunction)                                               // golden :4757		ship	PASS		SHIP-FAIL WebStart.cpp:1689:13: error: 'fProductionInfo' was not declared in this scope	yes（出貨組態）	WebStart.cpp:1689:13: error: 'fProductionInfo' was not declared in this scope	HELD（Web 馬達／啟動流程（有人在改））；探針：仍缺（出貨組態才編得到／才出錯）：未宣告 fProductionInfo	SAFETY	
HELD	WebStart.cpp	1779	1785	5		Web 馬達／啟動流程（有人在改）	⚠ **擋啟動**（Ifor 20160818 整合海思 Start 判斷）。 移植樹的 FormHS 是 W5SckArtRem_FormHSStub，沒有 CheckCanRunStart_HS。 閘掉的後果：海思（HiSilicon）流程的啟動前判斷不執行。	if (FormHS->CheckCanRunStart_HS())                                          // golden :4833			FAIL			yes	WebStart.cpp:1780:17: error: 'struct W5SckArtRem_FormHSStub' has no member named 'CheckCanRunStart_HS'	HELD（Web 馬達／啟動流程（有人在改））；探針：仍缺：W5SckArtRem_FormHSStub 沒有成員 CheckCanRunStart_HS	SAFETY	
HELD	WebStart.cpp	1790	1795	4	SAFETY-GATE(W906-ST-W2-F)	Web 馬達／啟動流程（有人在改）	SAFETY-GATE(W906-ST-W2-F) golden :4839-4842 `fSortCT->PageControl1` forms 的 fSortCT facade 沒有 PageControl1。純換頁籤 （KYEC 要求 Start 時切到 Sort Count 頁面）。不擋啟動。	if (CUSTOMER_CODE == CC_KYEC_LEE)                                           // golden :4839  Ifor 20170413 (wei)		sim+ship	PASS-WITH-INCLUDE			likely-no（缺 include）	WebStart.cpp:1793:9: error: 'fSortCT' was not declared in this scope	SAFETY 閘：編得過也先問筆電；HELD（Web 馬達／啟動流程（有人在改））；探針：候選：補 include forms/fSortCT.h 後照 golden 解開（先確認那個名字是真本體、不是 stub／shim）	SAFETY	
HELD	WebStart.cpp	1822	1848	25		Web 馬達／啟動流程（有人在改）	所以整段閘掉。 閘掉的後果：開了 A30 Setup Teach 的機台，(a) ON_LINE 狀態下沒確認完 setup teach 點位也能按 START；(b) 未啟用 A30 時 bNeedSetupTeach 不會被清。	if (IniConfig.bA30SetupTeachFunction &&                                     // golden :4855  JerryYang 20180921 Setup Teach 功能			FAIL			yes	WebStart.cpp:1824:9: error: 'fAutoTeach' was not declared in this scope	HELD（Web 馬達／啟動流程（有人在改））；探針：仍缺：未宣告 fAutoTeach	UI-STATE SAFETY	
HELD	WebStart.cpp	2002	2022	19		Web 馬達／啟動流程（有人在改）	閘掉的後果：2D sorting 模式下，SortBy2DID_*.csv 不存在也能按 START。 注意上面那幾道檢查（cbRunMode / edtCusStep / RunInfo.bLotStart / CheckNoRetestBinFlag）**沒有**被閘，仍然照常擋。	if (IniConfig.iN23DownloadMethod == 1)                                  // golden :5025  Net Drive			FAIL			yes	WebStart.cpp:2007:27: error: 'class TfSCKART' has no member named 'iInfo_MultiLotCnt'	HELD（Web 馬達／啟動流程（有人在改））；探針：仍缺：TfSCKART 沒有成員 iInfo_MultiLotCnt	SAFETY	
HELD	WebStart.cpp	2043	2078	34		Web 馬達／啟動流程（有人在改）	⚠ 這裡**只能整段閘**：golden 是 if/else 二岔，把 if 那支拿掉會讓 else 那支（Lot Start / run mode 檢查）在 N23==2 時也跑，那是改行為。 所以連 else 一起閘，整個 b2DIDAllowList 區塊都不執行。	if (IniConfig.iN23DownloadMethod == 2)                                  // golden :5047  JerryYang 20250320			FAIL			yes	WebStart.cpp:2046:27: error: 'class TfBarCode' has no member named 'list2DWhitle'	HELD（Web 馬達／啟動流程（有人在改））；探針：仍缺：TfBarCode 沒有成員 list2DWhitle	SAFETY	
HELD	WebStart.cpp	2433	2445	11		Web 馬達／啟動流程（有人在改）	歸屬（陷阱 #6 的第三類）：這個狀態**不在 web、也不在 C++** —— 它是 ATC 控制器回報的模式，整條 ATC 介面尚未移植。 所以它不屬 §5.2 的 fShow 家族，要等 ATC 介面移植，是獨立的一大塊。	if ((LastSet.iTemperature == Tempture_Ambient ||                            // golden :5346			FAIL			yes	WebStart.cpp:2438:35: error: 'ATCAmbientTemperCheck' was not declared in this scope	HELD（Web 馬達／啟動流程（有人在改））；探針：仍缺：未宣告 ATCAmbientTemperCheck	SAFETY	
HELD	WebStart.cpp	2464	2484	19		Web 馬達／啟動流程（有人在改）	計畫書 §2 列為「先閘」）、fARMS 這個介面物件、fLotInfo->pnARMSTitle 這個 widget。 閘掉的後果：CC_ASE_M 且開了 N13 ARMS 的機台，伺服器資料沒下載成功也不會 要求密碼，直接放行；而且畫面不會顯示 RUN LOCAL / RUN SERVER。	if (CUSTOMER_CODE == CC_ASE_M)                                              // golden :5369  Ifor 20170621 (wei) add ARMS Function			FAIL			yes	WebStart.cpp:2471:21: error: 'fARMS' was not declared in this scope	HELD（Web 馬達／啟動流程（有人在改））；探針：仍缺：未宣告 fARMS	SAFETY	
HELD	WebStart.cpp	2513	2527	13		Web 馬達／啟動流程（有人在改）	★ **只閘內層**：外面的 `else { bflag = false; }`（golden :5423） 是 ON_LINE 時的狀態寫入，保留。 閘掉的後果：JCET / Murata 機台 OFF_LINE 啟動時不再跳確認框，直接放行。	if (bflag == false)                                                 // golden :5407		ship	PASS		SHIP-OK	likely-no	(compiles: -fsyntax-only)	SAFETY 閘：編得過也先問筆電；HELD（Web 馬達／啟動流程（有人在改））；探針：候選：照 golden 解開（先看風險標記）	SAFETY	
HELD	WebStart.cpp	2673	2682	8		Web 馬達／啟動流程（有人在改）	⚠ **擋啟動**。TCCDInterfaceFormShim 沒有 iIdentificationStatus （CCD TCP/IP 的辨識狀態，2 = Fail）。 閘掉的後果：開了 bEnableCCDUSETCPIP 的機台，CCD 辨識失敗也照樣啟動。	if (IniConfig.bEnableCCDUSETCPIP)                                           // golden :5541  Eliot 2010_1209			FAIL			yes	WebStart.cpp:2676:31: error: 'class TCCDInterfaceFormShim' has no member named 'iIdentificationStatus'	HELD（Web 馬達／啟動流程（有人在改））；探針：仍缺：TCCDInterfaceFormShim 沒有成員 iIdentificationStatus	SAFETY	
HELD	WebStart.cpp	2749	2761	11		Web 馬達／啟動流程（有人在改）	沒有像 W4-F 那樣有另一半的狀態寫入要保留。 閘掉的後果：裝 magazine 的機台在起始／起始複測模式下， 不再詢問空 tray 是否補滿，直接放行。	if (AUTO3_IS_MAGAZINE == 1 && TrayForm.iMagTraySource == 1 &&               // golden :5601  JerryYang 20220909 : add magazine		sim+ship	PASS			likely-no	(compiles: -fsyntax-only)	SAFETY 閘：編得過也先問筆電；HELD（Web 馬達／啟動流程（有人在改））；探針：候選：照 golden 解開（先看風險標記）	SAFETY	
HELD	WebStart.cpp	3230	3254	23		Web 馬達／啟動流程（有人在改）	在 ATC 根本沒被叫起來（:5886/:5888/:5890 全被閘）的情況下把它設成 true， 等於**對外謊報機台狀態**，比少做事糟。 這是本檔「保留狀態寫入」慣例（W1-K/L、W4-F、W5-C）的**唯一例外**。	if (ATC_SYSTEM == eATCHonPrecType &&                                        // golden :5879  Steven 20120725 : Alarm 後會暫停 ATC，要重新 Start			FAIL			yes	acatchtray_shims.h:132:14: error: redeclaration of 'const TColor clWhite'  (補 include ATC/ATCInterface.h 之後)	HELD（Web 馬達／啟動流程（有人在改））；探針：仍缺：acatchtray_shims.h:132:14: error: redeclaration of 'const TColor clWhite'  (補 include ATC/ATCInterface.h 之後)	SAFETY	
HELD	WebStart.cpp	3267	3272	4		Web 馬達／啟動流程（有人在改）	也就不會重開；原本要修的「GPIB 斷線」問題會留著。 ★ 下面的 bReOpenGpib = false（:5910）**保留** —— 那是狀態寫入， 閘掉會讓這個旗標永遠掛著。	if (IndexHasIC() == false)                                              // golden :5906  Steven 20110609		sim+ship	PASS			likely-no	(compiles: -fsyntax-only)	SAFETY 閘：編得過也先問筆電；HELD（Web 馬達／啟動流程（有人在改））；探針：候選：照 golden 解開（先看風險標記）	SAFETY	
HELD	WebStart.cpp	3284	3287	2		Web 馬達／啟動流程（有人在改）	省電模式的計時器物件全樹不存在。不擋啟動。 閘掉的後果：開了 bPowerSaveFunction 的機台，按 Start 不會重啟省電倒數 （可能在運轉中進入省電）。	if (IniConfig.bPowerSaveFunction)                                           // golden :5917  Dell 20110418			FAIL			yes	WebStart.cpp:3286:9: error: 'tPSM' was not declared in this scope	HELD（Web 馬達／啟動流程（有人在改））；探針：仍缺：未宣告 tPSM	SAFETY	
HELD	WebStart.cpp	3366	3380	13		Web 馬達／啟動流程（有人在改）	⚠ **擋啟動**：OP 權限在 OFF_LINE 時不准 Start（MES1052）。 閘掉的後果：ASE 高雄的機台，OP 在 OFF_LINE 也能按 START。 ⚠ 只能整段閘 —— fShow 是 && 條件鏈的一環，補預設值就是替 golden 選路。	if (fContact->fShow == false &&                                         // golden :5961		sim+ship	PASS-WITH-INCLUDE			likely-no（缺 include）	WebStart.cpp:3371:13: error: 'fTeach' was not declared in this scope	SAFETY 閘：編得過也先問筆電；HELD（Web 馬達／啟動流程（有人在改））；探針：候選：補 include forms/fTeach.h 後照 golden 解開（先確認那個名字是真本體、不是 stub／shim）	UI-STATE SAFETY	
HELD	WebStart.cpp	3395	3405	9		Web 馬達／啟動流程（有人在改）	自己補那個 wrapper 等於在波次中途寫新行為，不是翻譯。列入 ST-W7。 閘掉的後果：ASE 高雄的機台跑 AutoSiteMap 模式時， 即使在主畫面關掉了 site 也照樣啟動。	if (IniConfig.bUseAutoSiteMapping &&                                    // golden :5975			FAIL			yes	WebStart.cpp:3399:35: error: 'CheckSiteMapState' was not declared in this scope	HELD（Web 馬達／啟動流程（有人在改））；探針：仍缺：未宣告 CheckSiteMapState	SAFETY	
HELD	WebStart.cpp	3418	3423	4		Web 馬達／啟動流程（有人在改）	⚠ 20260917 重量：舊註解寫「ST-W7 補（只有 9 行）」，**那是低估**。不擋啟動。 golden fAOI.cpp:3884 那 8 行踩的是**通訊／硬體路徑**：Sender 跨型別轉成 TSpeedButton* 讀 ->Tag、TopAOIComm/AOIComm->StopComm()、再呼叫 RS232Init()。見計畫書 §5.1。	if (TestIF_File.bEnableBarCode && InputShuttleHasIC() == false)             // golden :5992  Steven 20151218 : Add for 2d code			FAIL			yes	WebStart.cpp:3421:19: error: 'class TfBarCode' has no member named 'spbStartComClick'	HELD（Web 馬達／啟動流程（有人在改））；探針：仍缺：TfBarCode 沒有成員 spbStartComClick	SAFETY	
HELD	WebStart.cpp	3428	3431	2		Web 馬達／啟動流程（有人在改）	TfNote facade 沒有 t2DCode 這個 widget（2D code 的顯示格陣）。 純顯示 —— 它把入料吸嘴的列/行數寫進那個格陣的尺寸。不擋啟動、不影響判斷。 閘掉的後果：Note 畫面的 2D code 格陣尺寸不會跟著吸嘴配置更新。	fNote->t2DCode->XItem = InArmSuck.iShtRow;                                  // golden :5996			FAIL			yes	WebStart.cpp:3429:12: error: 'class TfNote' has no member named 't2DCode'; did you mean 'KeyCode'?	HELD（Web 馬達／啟動流程（有人在改））；探針：仍缺：TfNote 沒有成員 t2DCode	SAFETY	
HELD	WebStart.cpp	3545	3558	12		Web 馬達／啟動流程（有人在改）	TfBarCode 沒有 RunCheckBarcodeByServerData； 而且內層的 fMesSystem->Get2DIDFromServer 也走 W5-H 那個不能 include 的標頭。 閘掉的後果：開了「從伺服器讀 2DID」的機台，下載失敗也照樣啟動。	if (fBarCode->RunCheckBarcodeByServerData() == true)                        // golden :6097  Jimmychiu 20230925			FAIL			yes	WebStart.cpp:3546:19: error: 'class TfBarCode' has no member named 'RunCheckBarcodeByServerData'	HELD（Web 馬達／啟動流程（有人在改））；探針：仍缺：TfBarCode 沒有成員 RunCheckBarcodeByServerData	SAFETY	
HELD	WebStart.cpp	3565	3570	4		Web 馬達／啟動流程（有人在改）	不擋啟動。 閘掉的後果：CC_PANTHER 的機台，Start 時不會恢復運作時間計時 —— 運轉時數統計會少算。	if (CUSTOMER_CODE == CC_PANTHER)                                            // golden :6110			FAIL			yes	WebStart.cpp:3568:16: error: 'class TfMain' has no member named 'machineTime'	HELD（Web 馬達／啟動流程（有人在改））；探針：仍缺：TfMain 沒有成員 machineTime	SAFETY	
LOW	aArmHeader.h	23	98	74	TODO(W6.x/W7)		TODO(W6.x/W7): restore per-site arm SM headers as they are translated	#include "LaserSensorInArm.h"			FAIL			yes	aArmHeader.h:26:30: fatal error: LaserSensorInArm.h: No such file or directory [via AutoClean/AutoClean.cpp]	仍缺：aArmHeader.h:26:30: fatal error: LaserSensorInArm.h: No such file or directory [via AutoClean/AutoClean.cpp]		
HIGH	aHotPlateSubstrate.cpp	79	929	849			AI(W906-A4-6) 20260924: 精簡鏡像的全域物件與 TMySucker／TMyKitSuck 方法本體退役 —— 真的定義在 mykitsuck.cpp（golden MyKitSuck.cpp 忠實翻譯，本顆起註冊進建置）	TMyKitSuck InArmSuck;			FAIL			n/a	aHotPlateSubstrate.cpp:149:9: error: 'W906_SimVacuumOnBit' was not declared in this scope	已退役的替身／參考副本（真本體在別處）：不要解（會重複定義），可整段清掉	HIGH-KW	
MEDIUM	aHotPlateSubstrate.cpp	954	957	2			W6.5: superseded by the real bodies translated into acarry.cpp (:175/:197)	bool IsFLCarrKitAllHasIC() { return false; }                       //ChungHung 20111230		sim+ship	PASS			n/a	(compiles: -fsyntax-only)	已退役的替身／參考副本（真本體在別處）：不要解（會重複定義），可整段清掉		
MEDIUM	aHotPlateSubstrate.cpp	1195	1197	1			PT-W7e-part2 RETIRED (ResetShuttleWhichKit): real translated body now in ainarm2.cpp	void ResetShuttleWhichKit() {}                             //golden ainarm2.h:133		sim+ship	PASS			n/a	(compiles: -fsyntax-only)	已退役的替身／參考副本（真本體在別處）：不要解（會重複定義），可整段清掉		
MEDIUM	aHotPlateSubstrate.cpp	1198	1200	1			PT-W7e-part2 RETIRED (CloseSiteState): real translated body now in ainarm2.cpp	int  CloseSiteState(bool /*bPlace*/) { return 0; }         // no site closed offline		sim+ship	PASS			n/a	(compiles: -fsyntax-only)	已退役的替身／參考副本（真本體在別處）：不要解（會重複定義），可整段清掉		
MEDIUM	aHotPlateSubstrate.cpp	1207	1209	1			PT-W7e-part2 RETIRED (RowCanDualSite): real translated body now in ainarm2.cpp	bool RowCanDualSite() { return false; }                    //golden ainarm2.cpp:1554		sim+ship	PASS			n/a	(compiles: -fsyntax-only)	已退役的替身／參考副本（真本體在別處）：不要解（會重複定義），可整段清掉		
MEDIUM	aHotPlateSubstrate.cpp	1210	1212	1			PT-W7e-part2 RETIRED (InitInArmTask): real translated body now in ainarm2.cpp	void InitInArmTask()  {}		sim+ship	PASS			n/a	(compiles: -fsyntax-only)	已退役的替身／參考副本（真本體在別處）：不要解（會重複定義），可整段清掉		
MEDIUM	aHotPlateSubstrate.cpp	1218	1220	1			PT-W7e-part2 RETIRED (TransferHotPlateRatio): real translated body now in ainarm2.cpp	void TransferHotPlateRatio(bool, int *, int *) {}          //Steven 20110324 : ratio xform no-op		sim+ship	PASS			n/a	(compiles: -fsyntax-only)	已退役的替身／參考副本（真本體在別處）：不要解（會重複定義），可整段清掉		
MEDIUM	aHotPlateSubstrate.cpp	1221	1223	1			PT-W7e-part2 RETIRED (MoveInArmZToPlateSafe): real translated body now in ainarm2.cpp	bool MoveInArmZToPlateSafe(int) { return true; }           // offline: Z reaches safe immediately		sim+ship	PASS			n/a	(compiles: -fsyntax-only)	已退役的替身／參考副本（真本體在別處）：不要解（會重複定義），可整段清掉		
MEDIUM	aHotPlateSubstrate.cpp	1224	1226	1			PT-W7e-part2 RETIRED (AdjustShuttlePlaceOrder): real translated body now in ainarm2.cpp	void AdjustShuttlePlaceOrder(int) {}		sim+ship	PASS			n/a	(compiles: -fsyntax-only)	已退役的替身／參考副本（真本體在別處）：不要解（會重複定義），可整段清掉		
MEDIUM	aHotPlateSubstrate.cpp	1227	1229	1			PT-W7e-part2 RETIRED (SetInArmHome): real translated body now in ainarm2.cpp	void SetInArmHome(bool /*bPrecisorNeedHome*/) {}   // AI(pt-wave) 20260811: golden arity (ainarm2.h:136); still a no-op stub, golden real body ainarm2.cpp:1266 not yet translated		sim+ship	PASS			n/a	(compiles: -fsyntax-only)	已退役的替身／參考副本（真本體在別處）：不要解（會重複定義），可整段清掉		
MEDIUM	aHotPlateSubstrate.cpp	1230	1232	1			PT-W7e-part2 RETIRED (InArmSubSpeed): real translated body now in ainarm2.cpp	void InArmSubSpeed() {}		sim+ship	PASS			n/a	(compiles: -fsyntax-only)	已退役的替身／參考副本（真本體在別處）：不要解（會重複定義），可整段清掉		
MEDIUM	aHotPlateSubstrate.cpp	1233	1235	1			PT-W7e-part2 RETIRED (InArmAddSpeed): real translated body now in ainarm2.cpp	void InArmAddSpeed() {}		sim+ship	PASS			n/a	(compiles: -fsyntax-only)	已退役的替身／參考副本（真本體在別處）：不要解（會重複定義），可整段清掉		
MEDIUM	aHotPlateSubstrate.cpp	1291	1643	351			AI(W906-A4-6) 20260924: 精簡鏡像的 TMyKitSuck 方法與 CopyInitSuck 退役（mykitsuck.cpp 有 golden 版）。原註：FAITHFUL: small HAL-free row scan (golden MyKitSuck.cpp:881).	bool TMyKitSuck::ArmUpSideAllTypeIC(int IC_TYPE, int iOffset, int iCol)         //Steven 20220930		sim+ship	PASS			n/a	(compiles: -fsyntax-only)	已退役的替身／參考副本（真本體在別處）：不要解（會重複定義），可整段清掉		
MEDIUM	aHotPlateSubstrate.cpp	1653	1655	1			PT-W7e-part2 RETIRED (InitInArmPickFromHotPlateTask340): real translated body now in ainarm2.cpp	void InitInArmPickFromHotPlateTask340() { iInArmPickFromHotPlateTask=340; }     // golden :628		sim+ship	PASS			n/a	(compiles: -fsyntax-only)	已退役的替身／參考副本（真本體在別處）：不要解（會重複定義），可整段清掉		
MEDIUM	aHotPlateSubstrate.cpp	1669	1671	1			PT-W7e-part2 RETIRED (InitInArmPlaceToHotPlateTask): real translated body now in ainarm2.cpp	void InitInArmPlaceToHotPlateTask()    { iInArmPlaceToHotPlateTask=1;   }       // golden :1539		sim+ship	PASS			n/a	(compiles: -fsyntax-only)	已退役的替身／參考副本（真本體在別處）：不要解（會重複定義），可整段清掉		
MEDIUM	aHotPlateSubstrate.cpp	1672	1674	1			PT-W7e-part2 RETIRED (InitInArmPlaceToHotPlateTask400): real translated body now in ainarm2.cpp	void InitInArmPlaceToHotPlateTask400() { iInArmPlaceToHotPlateTask=400; }       // golden :1544		sim+ship	PASS			n/a	(compiles: -fsyntax-only)	已退役的替身／參考副本（真本體在別處）：不要解（會重複定義），可整段清掉		
MEDIUM	aHotPlateSubstrate.cpp	1675	1677	1			PT-W7e-part2 RETIRED (InitInArmPlaceToHotPlateTask100): real translated body now in ainarm2.cpp	void InitInArmPlaceToHotPlateTask100() { iInArmPlaceToHotPlateTask=100; }       // golden :1549		sim+ship	PASS			n/a	(compiles: -fsyntax-only)	已退役的替身／參考副本（真本體在別處）：不要解（會重複定義），可整段清掉		
MEDIUM	aHotPlateSubstrate.cpp	1678	1680	1			PT-W7e-part2 RETIRED (InitInArmTryPickFromHotPlateTask): real translated body now in ainarm2.cpp	void InitInArmTryPickFromHotPlateTask(){ iInArmTryPickFromHotPlateTask=1; }     // golden :613		sim+ship	PASS			n/a	(compiles: -fsyntax-only)	已退役的替身／參考副本（真本體在別處）：不要解（會重複定義），可整段清掉		
MEDIUM	aHotPlateSubstrate.cpp	1697	1699	1			PT-W7e-part2 RETIRED (InArmAddSpeedDisplay): real translated body now in ainarm2.cpp	void InArmAddSpeedDisplay() { iInArmSpeed1++; }                                 //KaiChen 20171225		sim+ship	PASS			n/a	(compiles: -fsyntax-only)	已退役的替身／參考副本（真本體在別處）：不要解（會重複定義），可整段清掉		
MEDIUM	aHotPlateSubstrate.cpp	1700	1702	1			PT-W7e-part2 RETIRED (InArmSubSpeedDisplay): real translated body now in ainarm2.cpp	void InArmSubSpeedDisplay() { iInArmSpeed1--; }                                 //KaiChen 20171225		sim+ship	PASS			n/a	(compiles: -fsyntax-only)	已退役的替身／參考副本（真本體在別處）：不要解（會重複定義），可整段清掉		
MEDIUM	aHotPlateSubstrate.cpp	1707	1709	1			PT-W7e-part2 RETIRED (InitArmPickFromLoadStageTask): real translated body now in ainarm2.cpp	void InitArmPickFromLoadStageTask() { iPickFromLoadStageTask=1; }		sim+ship	PASS			n/a	(compiles: -fsyntax-only)	已退役的替身／參考副本（真本體在別處）：不要解（會重複定義），可整段清掉		
MEDIUM	aHotPlateSubstrate.cpp	1714	1716	1			PT-W7e-part2 RETIRED (SetInArm_Unuse_SuckToNullICForHP): real translated body now in ainarm2.cpp	void SetInArm_Unuse_SuckToNullICForHP() {}		sim+ship	PASS			n/a	(compiles: -fsyntax-only)	已退役的替身／參考副本（真本體在別處）：不要解（會重複定義），可整段清掉		
MEDIUM	aHotPlateSubstrate.cpp	1726	1728	1			PT-W7e-part2 RETIRED (DoCheckAutoSiteMappingPosition): real translated body now in ainarm2.cpp	void DoCheckAutoSiteMappingPosition() {}		sim+ship	PASS			n/a	(compiles: -fsyntax-only)	已退役的替身／參考副本（真本體在別處）：不要解（會重複定義），可整段清掉		
MEDIUM	aHotPlateSubstrate.cpp	1732	1734	1			PT-W7e-part2 RETIRED (CheckClearAllHotICThenPickLoadIC): real translated body now in ainarm2.cpp	bool CheckClearAllHotICThenPickLoadIC() { return false; }		sim+ship	PASS			n/a	(compiles: -fsyntax-only)	已退役的替身／參考副本（真本體在別處）：不要解（會重複定義），可整段清掉		
MEDIUM	aHotPlateSubstrate.cpp	1738	1740	1			PT-W7e-part2 RETIRED (AdjustShuttleWhichKitOrder): real translated body now in ainarm2.cpp	void AdjustShuttleWhichKitOrder() {}		sim+ship	PASS			n/a	(compiles: -fsyntax-only)	已退役的替身／參考副本（真本體在別處）：不要解（會重複定義），可整段清掉		
MEDIUM	aHotPlateSubstrate.cpp	1744	1746	1			PT-W7e-part2 RETIRED (AdjustShtOrderWhenPlaceToSht): real translated body now in ainarm2.cpp	void AdjustShtOrderWhenPlaceToSht(int /*iMode*/) {}		sim+ship	PASS			n/a	(compiles: -fsyntax-only)	已退役的替身／參考副本（真本體在別處）：不要解（會重複定義），可整段清掉		
MEDIUM	aHotPlateSubstrate.cpp	1751	1753	1			PT-W7e-part2 RETIRED (SetInArmNeedDestory): real translated body now in ainarm2.cpp	void SetInArmNeedDestory(bool /*bPlace*/, int /*iShtRow*/, int /*iShtCol*/, int /*iRow*/, int /*iCol*/) {}		sim+ship	PASS			n/a	(compiles: -fsyntax-only)	已退役的替身／參考副本（真本體在別處）：不要解（會重複定義），可整段清掉		
MEDIUM	aHotPlateSubstrate.cpp	1758	1760	1			PT-W7e-part2 RETIRED (TransferInShuttleRatio): real translated body now in ainarm2.cpp	void TransferInShuttleRatio(int /*iSht*/, int * /*iXPos*/, int * /*iYPos*/, int /*iRow*/, int /*iCol*/) {}		sim+ship	PASS			n/a	(compiles: -fsyntax-only)	已退役的替身／參考副本（真本體在別處）：不要解（會重複定義），可整段清掉		
MEDIUM	aHotPlateSubstrate.cpp	1776	1782	5			PT-W7e-part2 RETIRED (SetShuttlefCanMoveL): real translated body now in ainarm2.cpp	void SetShuttlefCanMoveL(int iShuttle, bool bCanMoveL, AnsiString /*sFun*/, AnsiString /*sTask*/)		sim+ship	PASS			n/a	(compiles: -fsyntax-only)	已退役的替身／參考副本（真本體在別處）：不要解（會重複定義），可整段清掉		
MEDIUM	aHotPlateSubstrate.cpp	1786	1788	1			PT-W7e-part2 RETIRED (InitInOCRWaitTask): real translated body now in ainarm2.cpp	void InitInOCRWaitTask() {}		sim+ship	PASS			n/a	(compiles: -fsyntax-only)	已退役的替身／參考副本（真本體在別處）：不要解（會重複定義），可整段清掉		
MEDIUM	aHotPlateSubstrate.cpp	1789	1791	1			PT-W7e-part2 RETIRED (OCRMoveInArm2XYToWait): real translated body now in ainarm2.cpp	bool OCRMoveInArm2XYToWait() { return true; }		sim+ship	PASS			n/a	(compiles: -fsyntax-only)	已退役的替身／參考副本（真本體在別處）：不要解（會重複定義），可整段清掉		
MEDIUM	aHotPlateSubstrate.cpp	1798	1800	1			PT-W7e-part2 RETIRED (IsHotPlateCheckFinsih): real translated body now in ainarm2.cpp	bool IsHotPlateCheckFinsih() { return true; }		sim+ship	PASS			n/a	(compiles: -fsyntax-only)	已退役的替身／參考副本（真本體在別處）：不要解（會重複定義），可整段清掉		
MEDIUM	aHotPlateSubstrate.cpp	1805	1807	1			PT-W7e-part2 RETIRED (CheckInArmSuckInitial): real translated body now in ainarm2.cpp	bool CheckInArmSuckInitial() { return true; }		sim+ship	PASS			n/a	(compiles: -fsyntax-only)	已退役的替身／參考副本（真本體在別處）：不要解（會重複定義），可整段清掉		
MEDIUM	aHotPlateSubstrate.cpp	1812	1817	4			PT-W7e-part2 RETIRED (SetInArmUseSuckToHasTrySuckIC): real translated body now in ainarm2.cpp	void SetInArmUseSuckToHasTrySuckIC(int /*iSht*/, int /*iKit*/)		sim+ship	PASS			n/a	(compiles: -fsyntax-only)	已退役的替身／參考副本（真本體在別處）：不要解（會重複定義），可整段清掉		
MEDIUM	aHotPlateSubstrate.cpp	1822	1824	1			PT-W7e-part2 RETIRED (DisableAutoSiteMapWhenCleanOut): real translated body now in ainarm2.cpp	void DisableAutoSiteMapWhenCleanOut() {}		sim+ship	PASS			n/a	(compiles: -fsyntax-only)	已退役的替身／參考副本（真本體在別處）：不要解（會重複定義），可整段清掉		
MEDIUM	aHotPlateSubstrate.cpp	1828	1831	2			PT-W7a RETIRED (SetMotorSpeed)	void SetMotorSpeed() {}		sim+ship	PASS			n/a	(compiles: -fsyntax-only)	已退役的替身／參考副本（真本體在別處）：不要解（會重複定義），可整段清掉		
MEDIUM	aHotPlateSubstrate.cpp	1835	1838	2			PT-W5f RETIRED (DoInArmAutoSiteMapping)	bool DoInArmAutoSiteMapping() { return false; }		sim+ship	PASS			n/a	(compiles: -fsyntax-only)	已退役的替身／參考副本（真本體在別處）：不要解（會重複定義），可整段清掉		
MEDIUM	aHotPlateSubstrate.cpp	1847	1850	2			PT-W5c RETIRED (CheckInArmDestroyICFail)	bool CheckInArmDestroyICFail() { return true; }		sim+ship	PASS			n/a	(compiles: -fsyntax-only)	已退役的替身／參考副本（真本體在別處）：不要解（會重複定義），可整段清掉		
HIGH	aHotPlateSubstrate.h	105	647	541			AI(W906-A4-6) 20260924: 精簡鏡像 TMySucker／TMyKitSuck 退役（缺 IO 接線欄位與 DoOnIO／DoOffIO／OffSuck…，真機上吸嘴不會真的開關真空）。移植樹獨有的觀測接縫與 SetType1ToType2ByPickCol 已搬進 mykitsuck.h。原註：---- TMySucker (golden MyKitSuck.h:14) -- only the touched surface	class TMySucker			FAIL			n/a	aHotPlateSubstrate.h:106:7: error: redefinition of 'class TMySucker' [via aHotPlateSubstrate.cpp]	已退役的替身／參考副本（真本體在別處）：不要解（會重複定義），可整段清掉	HIGH-KW	
HELD	aTester_Front.cpp	602	604	1	TODO(W7)	Index 臂：等使用者在 BCB6 寫 9050 的 Index 流程（RULINGS_20260929 第 8 條）	TODO(W7) -- golden aTester_Front.cpp:564 DoVibrateOutShuttle (ainarm2.h, no translated home yet)	DoVibrateOutShuttle(0, true);			FAIL			yes	aTester_Front.cpp:603:44: error: 'DoVibrateOutShuttle' was not declared in this scope	HELD（Index 臂：等使用者在 BCB6 寫 9050 的 Index 流程（RULINGS_20260929 第 8 條））；探針：仍缺：未宣告 DoVibrateOutShuttle		
HELD	aTester_Front.cpp	671	676	4	TODO(W7)	Index 臂：等使用者在 BCB6 寫 9050 的 Index 流程（RULINGS_20260929 第 8 條）	TODO(W7) -- golden aTester_Front.cpp:626 DoVibrateOutShuttle (ainarm2.h, no translated home yet)	if(DoVibrateOutShuttle(0)==false)			FAIL			yes	aTester_Front.cpp:672:45: error: 'DoVibrateOutShuttle' was not declared in this scope	HELD（Index 臂：等使用者在 BCB6 寫 9050 的 Index 流程（RULINGS_20260929 第 8 條））；探針：仍缺：未宣告 DoVibrateOutShuttle		
HELD	aTester_Front.cpp	1230	1232	1	TODO(W7)	Index 臂：等使用者在 BCB6 寫 9050 的 Index 流程（RULINGS_20260929 第 8 條）	TODO(W7) -- golden :989 fMain->tInitSoakTimer (FormsFacade TfMain has no such member -- see file-header gate #19)	fMain->tInitSoakTimer.LatchCycleTimeSec(true);			FAIL			yes	aTester_Front.cpp:1231:24: error: 'class TfMain' has no member named 'tInitSoakTimer'; did you mean 'GetCZSoakTime'?	HELD（Index 臂：等使用者在 BCB6 寫 9050 的 Index 流程（RULINGS_20260929 第 8 條））；探針：仍缺：TfMain 沒有成員 tInitSoakTimer		
HELD	aTester_Front.cpp	2427	2442	14	TODO(W7)	Index 臂：等使用者在 BCB6 寫 9050 的 Index 流程（RULINGS_20260929 第 8 條）	TODO(W7) -- golden :2165-2178 fSCKART->iInfo_MultiLotCnt + LotSummary.AddByLotLoadCount (FormsFacade TfSCKART has no iInfo_MultiLotCnt member; LotSummary has no translated home at all -- see file-header gates #15/#16)	if(fSCKART->iInfo_MultiLotCnt>1)			FAIL			yes	aTester_Front.cpp:2428:29: error: 'class TfSCKART' has no member named 'iInfo_MultiLotCnt'	HELD（Index 臂：等使用者在 BCB6 寫 9050 的 Index 流程（RULINGS_20260929 第 8 條））；探針：仍缺：TfSCKART 沒有成員 iInfo_MultiLotCnt		
HELD	aTester_Front.cpp	2444	2446	1	TODO(W7)	Index 臂：等使用者在 BCB6 寫 9050 的 Index 流程（RULINGS_20260929 第 8 條）	TODO(W7) -- golden :2180 fAutoTeach->SetIndexBinError (no FormsFacade TfAutoTeach stand-in -- see file-header gate #17)	fAutoTeach->SetIndexBinError(0);                                                                                                                //JimmyChiu 20211020 : Auto alignment mode			FAIL			yes	aTester_Front.cpp:2445:17: error: 'fAutoTeach' was not declared in this scope	HELD（Index 臂：等使用者在 BCB6 寫 9050 的 Index 流程（RULINGS_20260929 第 8 條））；探針：仍缺：未宣告 fAutoTeach		
HELD	aTester_Front.cpp	3743	3745	1	GATE G1]	Index 臂：等使用者在 BCB6 寫 9050 的 Index 流程（RULINGS_20260929 第 8 條）	[W7Ck4 GATE G1] golden :2699  fLotInfo->SetATCOffset(bool) -- see GATE REGISTER in this part's banner	fLotInfo->SetATCOffset(true);                                                                                                               //Ifor 20190605 :add ATC Init Offset 設定			FAIL			yes	aTester_Front.cpp:3744:31: error: 'class TfLotInfo' has no member named 'SetATCOffset'; did you mean 'fTempATCOffset'?	HELD（Index 臂：等使用者在 BCB6 寫 9050 的 Index 流程（RULINGS_20260929 第 8 條））；探針：仍缺：TfLotInfo 沒有成員 SetATCOffset		
HELD	aTester_Front.cpp	3779	3781	1	GATE G2]	Index 臂：等使用者在 BCB6 寫 9050 的 Index 流程（RULINGS_20260929 第 8 條）	[W7Ck4 GATE G2] golden :2733  fSocketCommunication->bSendBinMapReport -- see GATE REGISTER in this part's banner	fSocketCommunication->bSendBinMapReport=true;			FAIL			yes	aTester_Front.cpp:3780:21: error: 'fSocketCommunication' was not declared in this scope	HELD（Index 臂：等使用者在 BCB6 寫 9050 的 Index 流程（RULINGS_20260929 第 8 條））；探針：仍缺：未宣告 fSocketCommunication		
HELD	aTester_Front.cpp	3986	3988	1	GATE G3]	Index 臂：等使用者在 BCB6 寫 9050 的 Index 流程（RULINGS_20260929 第 8 條）	[W7Ck4 GATE G3] golden :2938  ATC_InterfaceForm->SiteTesting(int,bool*) -- see GATE REGISTER in this part's banner	ATC_InterfaceForm->SiteTesting(iATC_Use_Heat_Count, bATCSiteTest);			FAIL			yes	aTester_Front.cpp:3987:40: error: 'class TATC_InterfaceFormShim' has no member named 'SiteTesting'	HELD（Index 臂：等使用者在 BCB6 寫 9050 的 Index 流程（RULINGS_20260929 第 8 條））；探針：仍缺：TATC_InterfaceFormShim 沒有成員 SiteTesting		
HELD	aTester_Front.cpp	3992	3994	1	GATE G4]	Index 臂：等使用者在 BCB6 寫 9050 的 Index 流程（RULINGS_20260929 第 8 條）	[W7Ck4 GATE G4] golden :2942  ATCInterfaceForm->SendTestEnd(int) -- REAL BODY EXISTS; see GATE REGISTER (TRAP 3)	ATCInterfaceForm->SendTestEnd(0);		sim+ship	PASS-WITH-INCLUDE			n/a	aTester_Front.cpp:3993:21: error: 'ATCInterfaceForm' was not declared in this scope	HELD（Index 臂：等使用者在 BCB6 寫 9050 的 Index 流程（RULINGS_20260929 第 8 條））；探針：已退役的替身／參考副本（真本體在別處）：不要解（會重複定義），可整段清掉		
HELD	aTester_Front.cpp	4042	4044	1	GATE G5]	Index 臂：等使用者在 BCB6 寫 9050 的 Index 流程（RULINGS_20260929 第 8 條）	[W7Ck4 GATE G5] golden :2990  ATC_InterfaceForm->SendHandler2DID(int,bool) -- see GATE REGISTER in this part's banner	ATC_InterfaceForm->SendHandler2DID(0, false);			FAIL			yes	aTester_Front.cpp:4043:36: error: 'class TATC_InterfaceFormShim' has no member named 'SendHandler2DID'	HELD（Index 臂：等使用者在 BCB6 寫 9050 的 Index 流程（RULINGS_20260929 第 8 條））；探針：仍缺：TATC_InterfaceFormShim 沒有成員 SendHandler2DID		
HELD	aTester_Front.cpp	4120	4133	12		Index 臂：等使用者在 BCB6 寫 9050 的 Index 流程（RULINGS_20260929 第 8 條）	disabled by Steven 20260427 (P260427-ATK-H9-01)	if(IniConfig.bEnableAutoCleanFunction &&                                                                                                //------Auto Clean Start------			FAIL			n/a	aTester_Front.cpp:4130:50: error: 'EnableAutoclean' was not declared in this scope	HELD（Index 臂：等使用者在 BCB6 寫 9050 的 Index 流程（RULINGS_20260929 第 8 條））；探針：golden 原本就是 #if 0（aTester_Front.cpp (8/8 lines in a golden #if 0)）：照 golden 留著		
HELD	aTester_Front.cpp	4227	4229	1	GATE G6]	Index 臂：等使用者在 BCB6 寫 9050 的 Index 流程（RULINGS_20260929 第 8 條）	[W7Ck4 GATE G6] golden :3173  fSocketCommunication->bSendBinMapReport -- see GATE REGISTER in this part's banner	fSocketCommunication->bSendBinMapReport=true;			FAIL			yes	aTester_Front.cpp:4228:21: error: 'fSocketCommunication' was not declared in this scope	HELD（Index 臂：等使用者在 BCB6 寫 9050 的 Index 流程（RULINGS_20260929 第 8 條））；探針：仍缺：未宣告 fSocketCommunication		
HELD	aTester_Front.cpp	4338	4340	1	GATE G7]	Index 臂：等使用者在 BCB6 寫 9050 的 Index 流程（RULINGS_20260929 第 8 條）	[W7Ck4 GATE G7] golden :3282  ATC_InterfaceForm->SendHandler2DID(int,bool) -- see GATE REGISTER in this part's banner	ATC_InterfaceForm->SendHandler2DID(0, false);			FAIL			yes	aTester_Front.cpp:4339:44: error: 'class TATC_InterfaceFormShim' has no member named 'SendHandler2DID'	HELD（Index 臂：等使用者在 BCB6 寫 9050 的 Index 流程（RULINGS_20260929 第 8 條））；探針：仍缺：TATC_InterfaceFormShim 沒有成員 SendHandler2DID		
HELD	aTester_Front.cpp	4607	4609	1	GATE (W7c-I1)	Index 臂：等使用者在 BCB6 寫 9050 的 Index 流程（RULINGS_20260929 第 8 條）	GATE (W7c-I1)	fMain->chkReadTorque1->Checked=true;                                //2008/07/15 lee		sim+ship	PASS			likely-no	(compiles: -fsyntax-only)	HELD（Index 臂：等使用者在 BCB6 寫 9050 的 Index 流程（RULINGS_20260929 第 8 條））；探針：候選：照 golden 解開（先看風險標記）		
HELD	aTester_Front.cpp	4610	4612	1	GATE (W7c-I1)	Index 臂：等使用者在 BCB6 寫 9050 的 Index 流程（RULINGS_20260929 第 8 條）	GATE (W7c-I1)	fMain->chkReadTorque2->Checked=false;                               //2008/07/15 lee		sim+ship	PASS			likely-no	(compiles: -fsyntax-only)	HELD（Index 臂：等使用者在 BCB6 寫 9050 的 Index 流程（RULINGS_20260929 第 8 條））；探針：候選：照 golden 解開（先看風險標記）		
HELD	aTester_Front.cpp	4646	4648	1	GATE G8]	Index 臂：等使用者在 BCB6 寫 9050 的 Index 流程（RULINGS_20260929 第 8 條）	[W7Ck4 GATE G8] golden :3584  COM2->InitReadTorueTask() -- see GATE REGISTER in this part's banner	COM2->InitReadTorueTask();		sim+ship	PASS			likely-no	(compiles: -fsyntax-only)	HELD（Index 臂：等使用者在 BCB6 寫 9050 的 Index 流程（RULINGS_20260929 第 8 條））；探針：候選：照 golden 解開（先看風險標記）		
HELD	aTester_Front.cpp	4811	4824	12		Index 臂：等使用者在 BCB6 寫 9050 的 Index 流程（RULINGS_20260929 第 8 條）	disabled by Steven 20260427 (P260427-ATK-H9-01)	if(IniConfig.bEnableAutoCleanFunction &&                        //------Auto Clean Start------			FAIL			n/a	aTester_Front.cpp:4821:42: error: 'EnableAutoclean' was not declared in this scope	HELD（Index 臂：等使用者在 BCB6 寫 9050 的 Index 流程（RULINGS_20260929 第 8 條））；探針：golden 原本就是 #if 0（aTester_Front.cpp (8/8 lines in a golden #if 0)）：照 golden 留著		
HELD	aTester_Front.cpp	5345	5347	1	GATE G-k8s7-1	Index 臂：等使用者在 BCB6 寫 9050 的 Index 流程（RULINGS_20260929 第 8 條）	GATE G-k8s7-1 -- golden :4030 fContact->InitROILearningTask() has no port body (see GATE REGISTER)	fContact->InitROILearningTask();			FAIL			yes	aTester_Front.cpp:5346:31: error: 'class TfContactShim' has no member named 'InitROILearningTask'; did you mean 'Do_ROILearning'?	HELD（Index 臂：等使用者在 BCB6 寫 9050 的 Index 流程（RULINGS_20260929 第 8 條））；探針：仍缺：TfContactShim 沒有成員 InitROILearningTask		
HELD	aTester_Front.cpp	7557	7561	3	GATE K1F1 --	Index 臂：等使用者在 BCB6 寫 9050 的 Index 流程（RULINGS_20260929 第 8 條）	GATE K1F1 -- golden :5317 COM2->RTC_AlarmType()	if(REAL_TIME_CCD==true && COM2->RTC_AlarmType())    //wei 20221222 RTC ARM Error			FAIL			yes	aTester_Front.cpp:7558:53: error: 'class TCOM2Shim' has no member named 'RTC_AlarmType'	HELD（Index 臂：等使用者在 BCB6 寫 9050 的 Index 流程（RULINGS_20260929 第 8 條））；探針：仍缺：TCOM2Shim 沒有成員 RTC_AlarmType	HAS-#else	
HELD	aTester_Front.cpp	7590	7592	1	GATE K1F2 --	Index 臂：等使用者在 BCB6 寫 9050 的 Index 流程（RULINGS_20260929 第 8 條）	GATE K1F2 -- golden :5346 ShowMyMessageUp(...): NO declaration anywhere in the ported tree (only ShowMyMessage/ShowErrorMessage). Offline no-op, so case 57 keeps spinning on its own guard exactly as golden does while the operator has not answered.	ShowMyMessageUp("Test Bin error,must take out all IC for test.", "測試bin 設定有問題,將ARM 1 上產品取出", false);			FAIL			yes	aTester_Front.cpp:7591:141: error: 'ShowMyMessageUp' was not declared in this scope	HELD（Index 臂：等使用者在 BCB6 寫 9050 的 Index 流程（RULINGS_20260929 第 8 條））；探針：仍缺：未宣告 ShowMyMessageUp		
HELD	aTester_Front.cpp	7658	7664	5	GATE K1F3 --	Index 臂：等使用者在 BCB6 寫 9050 的 Index 流程（RULINGS_20260929 第 8 條）	GATE K1F3 -- golden :5412-5416 fMesSystem->asGetRcsCheckingResult / ->GetRcsCheckingResult(true). fMesSystem has NO home in the ported tree. Offline: RCS result treated as already PASS -> falls through to Task=61, i.e. the MES gate cannot hold the index arm up. Golden two enclosing IniConfig guards 	if(fMesSystem->asGetRcsCheckingResult!="PASS")		sim+ship	PASS-WITH-INCLUDE			likely-no（缺 include）	aTester_Front.cpp:7659:24: error: 'fMesSystem' was not declared in this scope	HELD（Index 臂：等使用者在 BCB6 寫 9050 的 Index 流程（RULINGS_20260929 第 8 條））；探針：候選：補 include forms/fMesSystem.h 後照 golden 解開（先確認那個名字是真本體、不是 stub／shim）		
HELD	aTester_Front.cpp	7683	7687	3	GATE K1F1 --	Index 臂：等使用者在 BCB6 寫 9050 的 Index 流程（RULINGS_20260929 第 8 條）	GATE K1F1 -- golden :5435 COM2->RTC_AlarmType()	if(REAL_TIME_CCD==true && COM2->RTC_AlarmType())    //wei 20221222 RTC ARM Error			FAIL			yes	aTester_Front.cpp:7684:49: error: 'class TCOM2Shim' has no member named 'RTC_AlarmType'	HELD（Index 臂：等使用者在 BCB6 寫 9050 的 Index 流程（RULINGS_20260929 第 8 條））；探針：仍缺：TCOM2Shim 沒有成員 RTC_AlarmType	HAS-#else	
HELD	aTester_Front.cpp	7727	7731	3	GATE K1F1 --	Index 臂：等使用者在 BCB6 寫 9050 的 Index 流程（RULINGS_20260929 第 8 條）	GATE K1F1 -- golden :5475 COM2->RTC_AlarmType()	if(COM2->RTC_AlarmType())   //wei 20221222 RTC ARM Error			FAIL			yes	aTester_Front.cpp:7728:26: error: 'class TCOM2Shim' has no member named 'RTC_AlarmType'	HELD（Index 臂：等使用者在 BCB6 寫 9050 的 Index 流程（RULINGS_20260929 第 8 條））；探針：仍缺：TCOM2Shim 沒有成員 RTC_AlarmType	HAS-#else	
HELD	aTester_Front.cpp	7749	7753	3	GATE K1F4 --	Index 臂：等使用者在 BCB6 寫 9050 的 Index 流程（RULINGS_20260929 第 8 條）	GATE K1F4 -- golden :5493 COM2->bRealTimeCom_ReceiveOK[COM2->rtALARMArm1NG]	if(COM2->bRealTimeCom_ReceiveOK[COM2->rtALARMArm1NG])       //wei 20221222 RTC ARM Error			FAIL			yes	aTester_Front.cpp:7750:30: error: 'class TCOM2Shim' has no member named 'bRealTimeCom_ReceiveOK'	HELD（Index 臂：等使用者在 BCB6 寫 9050 的 Index 流程（RULINGS_20260929 第 8 條））；探針：仍缺：TCOM2Shim 沒有成員 bRealTimeCom_ReceiveOK	HAS-#else	
HELD	aTester_Front.cpp	7772	7776	3	GATE K1F4 --	Index 臂：等使用者在 BCB6 寫 9050 的 Index 流程（RULINGS_20260929 第 8 條）	GATE K1F4 -- golden :5512 COM2->bRealTimeCom_ReceiveOK[COM2->rtALARMArm2NG]	else if(COM2->bRealTimeCom_ReceiveOK[COM2->rtALARMArm2NG])  //wei 20221222 RTC ARM Error			FAIL			yes	aTester_Front.cpp:7773:35: error: 'class TCOM2Shim' has no member named 'bRealTimeCom_ReceiveOK'	HELD（Index 臂：等使用者在 BCB6 寫 9050 的 Index 流程（RULINGS_20260929 第 8 條））；探針：仍缺：TCOM2Shim 沒有成員 bRealTimeCom_ReceiveOK	HAS-#else	
HELD	aTester_Front.cpp	7835	7839	3	GATE K1F4 --	Index 臂：等使用者在 BCB6 寫 9050 的 Index 流程（RULINGS_20260929 第 8 條）	GATE K1F4 -- golden :5571-5573 COM2->bRealTimeCom_ReceiveOK[] write + two SendCommToVision(rtCHECKNULL/rtFullTOK) (TCOM2Shim has none of these). Offline no-op: no full-view request is ever sent, so case 66 can only time out on iWaitIndexArm1.	COM2->bRealTimeCom_ReceiveOK[COM2->rtFullTNG]=false;            //----- by dell ccd realtime-------------			FAIL			yes	aTester_Front.cpp:7836:23: error: 'class TCOM2Shim' has no member named 'bRealTimeCom_ReceiveOK'	HELD（Index 臂：等使用者在 BCB6 寫 9050 的 Index 流程（RULINGS_20260929 第 8 條））；探針：仍缺：TCOM2Shim 沒有成員 bRealTimeCom_ReceiveOK		
HELD	aTester_Front.cpp	7845	7849	3	GATE K1F4 --	Index 臂：等使用者在 BCB6 寫 9050 的 Index 流程（RULINGS_20260929 第 8 條）	GATE K1F4 -- golden :5579 COM2->bRealTimeCom_ReceiveOK[COM2->rtFullTOK]	if(COM2->bRealTimeCom_ReceiveOK[COM2->rtFullTOK])			FAIL			yes	aTester_Front.cpp:7846:22: error: 'class TCOM2Shim' has no member named 'bRealTimeCom_ReceiveOK'	HELD（Index 臂：等使用者在 BCB6 寫 9050 的 Index 流程（RULINGS_20260929 第 8 條））；探針：仍缺：TCOM2Shim 沒有成員 bRealTimeCom_ReceiveOK	HAS-#else	
HELD	aTester_Front.cpp	7859	7861	1	GATE K1F5 --	Index 臂：等使用者在 BCB6 寫 9050 的 Index 流程（RULINGS_20260929 第 8 條）	GATE K1F5 -- golden :5589 fContact->InitROILearningTask(): TfContactShim (atester_shims.h:154-290) has no such method. Offline no-op; Task=68 is still taken, where the ROI learn itself is served by the REAL 0-arg Do_ROILearning() (see GATE K1F6).	fContact->InitROILearningTask();			FAIL			yes	aTester_Front.cpp:7860:31: error: 'class TfContactShim' has no member named 'InitROILearningTask'; did you mean 'Do_ROILearning'?	HELD（Index 臂：等使用者在 BCB6 寫 9050 的 Index 流程（RULINGS_20260929 第 8 條））；探針：仍缺：TfContactShim 沒有成員 InitROILearningTask		
HELD	aTester_Front.cpp	7868	7870	1	GATE K1F4 --	Index 臂：等使用者在 BCB6 寫 9050 的 Index 流程（RULINGS_20260929 第 8 條）	GATE K1F4 -- golden :5596 COM2->RTC_ResetAlarm() (no such method). Offline no-op.	COM2->RTC_ResetAlarm();     //wei 20221222 RTC ARM Error			FAIL			yes	aTester_Front.cpp:7869:23: error: 'class TCOM2Shim' has no member named 'RTC_ResetAlarm'	HELD（Index 臂：等使用者在 BCB6 寫 9050 的 Index 流程（RULINGS_20260929 第 8 條））；探針：仍缺：TCOM2Shim 沒有成員 RTC_ResetAlarm		
HELD	aTester_Front.cpp	7875	7879	3	GATE K1F4 --	Index 臂：等使用者在 BCB6 寫 9050 的 Index 流程（RULINGS_20260929 第 8 條）	GATE K1F4 -- golden :5601 COM2->bRealTimeCom_ReceiveOK[COM2->rtFullTNG]	if(COM2->bRealTimeCom_ReceiveOK[COM2->rtFullTNG])			FAIL			yes	aTester_Front.cpp:7876:22: error: 'class TCOM2Shim' has no member named 'bRealTimeCom_ReceiveOK'	HELD（Index 臂：等使用者在 BCB6 寫 9050 的 Index 流程（RULINGS_20260929 第 8 條））；探針：仍缺：TCOM2Shim 沒有成員 bRealTimeCom_ReceiveOK	HAS-#else	
HELD	aTester_Front.cpp	7887	7891	3	GATE K1F4 --	Index 臂：等使用者在 BCB6 寫 9050 的 Index 流程（RULINGS_20260929 第 8 條）	GATE K1F4 -- golden :5609 COM2->OpenRTCComPortAgain()	if(COM2->OpenRTCComPortAgain())			FAIL			yes	aTester_Front.cpp:7888:26: error: 'class TCOM2Shim' has no member named 'OpenRTCComPortAgain'	HELD（Index 臂：等使用者在 BCB6 寫 9050 的 Index 流程（RULINGS_20260929 第 8 條））；探針：仍缺：TCOM2Shim 沒有成員 OpenRTCComPortAgain	HAS-#else	
HELD	aTester_Front.cpp	7913	7915	1	GATE K1F5 --	Index 臂：等使用者在 BCB6 寫 9050 的 Index 流程（RULINGS_20260929 第 8 條）	GATE K1F5 -- golden :5631 fContact->InitROILearningTask() (see :5589).	fContact->InitROILearningTask();			FAIL			yes	aTester_Front.cpp:7914:31: error: 'class TfContactShim' has no member named 'InitROILearningTask'; did you mean 'Do_ROILearning'?	HELD（Index 臂：等使用者在 BCB6 寫 9050 的 Index 流程（RULINGS_20260929 第 8 條））；探針：仍缺：TfContactShim 沒有成員 InitROILearningTask		
HELD	aTester_Front.cpp	7926	7930	3	GATE K1F6 --	Index 臂：等使用者在 BCB6 寫 9050 的 Index 流程（RULINGS_20260929 第 8 條）	GATE K1F6 -- golden :5642 fContact->Do_ROILearning(true)	if(fContact->Do_ROILearning(true))			FAIL			yes	aTester_Front.cpp:7927:45: error: no matching function for call to 'TfContactShim::Do_ROILearning(bool)'	HELD（Index 臂：等使用者在 BCB6 寫 9050 的 Index 流程（RULINGS_20260929 第 8 條））；探針：仍缺：沒有相符的函式 TfContactShim::Do_ROILearning(bool)	HAS-#else	
HELD	aTester_Front.cpp	7959	7961	1	GATE K1F7 --	Index 臂：等使用者在 BCB6 寫 9050 的 Index 流程（RULINGS_20260929 第 8 條）	GATE K1F7 -- golden :5671 CCDInterfaceForm->CloseCCDForm(): TCCDInterfaceFormShim (atester_shims.h:296-303) exposes only bAtestScanCCDProgram / CCDTimerOnOff / CCDRunExec. Offline no-op; the RecordProcess("Stop CCD check.") beside it stays ACTIVE.	CCDInterfaceForm->CloseCCDForm();			FAIL			yes	aTester_Front.cpp:7960:39: error: 'class TCCDInterfaceFormShim' has no member named 'CloseCCDForm'	HELD（Index 臂：等使用者在 BCB6 寫 9050 的 Index 流程（RULINGS_20260929 第 8 條））；探針：仍缺：TCCDInterfaceFormShim 沒有成員 CloseCCDForm		
HELD	aTester_Front.cpp	7970	7973	2	GATE K1F7 --	Index 臂：等使用者在 BCB6 寫 9050 的 Index 流程（RULINGS_20260929 第 8 條）	GATE K1F7 -- golden :5680-5681 CCDInterfaceForm->CCDIdentificationOpen() / ->CCDIdentification() (no such methods). Offline no-op: no CCD program is launched.	CCDInterfaceForm->CCDIdentificationOpen();			FAIL			yes	aTester_Front.cpp:7971:35: error: 'class TCCDInterfaceFormShim' has no member named 'CCDIdentificationOpen'	HELD（Index 臂：等使用者在 BCB6 寫 9050 的 Index 流程（RULINGS_20260929 第 8 條））；探針：仍缺：TCCDInterfaceFormShim 沒有成員 CCDIdentificationOpen		
HELD	aTester_Front.cpp	7981	8009	27	GATE K1F7 --	Index 臂：等使用者在 BCB6 寫 9050 的 Index 流程（RULINGS_20260929 第 8 條）	GATE K1F7 -- golden :5689-5690 CCDInterfaceForm->bCCDProgramExistence (no such member)	if(DoTestYFrontDelay2.Off()==false ||			FAIL			yes	aTester_Front.cpp:7983:34: error: 'class TCCDInterfaceFormShim' has no member named 'bCCDProgramExistence'	HELD（Index 臂：等使用者在 BCB6 寫 9050 的 Index 流程（RULINGS_20260929 第 8 條））；探針：仍缺：TCCDInterfaceFormShim 沒有成員 bCCDProgramExistence	HAS-#else	
HELD	aTester_Front.cpp	8014	8016	1	GATE K1F7 --	Index 臂：等使用者在 BCB6 寫 9050 的 Index 流程（RULINGS_20260929 第 8 條）	GATE K1F7 -- golden :5695 CCDInterfaceForm->CCDIdentificationOpen() (see :5680).	CCDInterfaceForm->CCDIdentificationOpen();			FAIL			yes	aTester_Front.cpp:8015:39: error: 'class TCCDInterfaceFormShim' has no member named 'CCDIdentificationOpen'	HELD（Index 臂：等使用者在 BCB6 寫 9050 的 Index 流程（RULINGS_20260929 第 8 條））；探針：仍缺：TCCDInterfaceFormShim 沒有成員 CCDIdentificationOpen		
HELD	aTester_Front.cpp	8022	8042	19	GATE K1F7 --	Index 臂：等使用者在 BCB6 寫 9050 的 Index 流程（RULINGS_20260929 第 8 條）	GATE K1F7 -- golden :5701-5719 CCDInterfaceForm->bIdentificationFinish / ->iIdentificationStatus (no such members). Offline: identification NEVER completes, matching this shim family "the vision/CCD subsystem never answers" convention, so case 75 always leaves via the DoTestYFrontDelay.Off() timeout	if(CCDInterfaceForm->bIdentificationFinish==true)			FAIL			yes	aTester_Front.cpp:8023:34: error: 'class TCCDInterfaceFormShim' has no member named 'bIdentificationFinish'	HELD（Index 臂：等使用者在 BCB6 寫 9050 的 Index 流程（RULINGS_20260929 第 8 條））；探針：仍缺：TCCDInterfaceFormShim 沒有成員 bIdentificationFinish	HIGH-KW	
HELD	aTester_Front.cpp	8047	8049	1	GATE K1F7 --	Index 臂：等使用者在 BCB6 寫 9050 的 Index 流程（RULINGS_20260929 第 8 條）	GATE K1F7 -- golden :5724 CCDInterfaceForm->RetrunUpStep() (no such method). Offline no-op.	CCDInterfaceForm->RetrunUpStep();			FAIL			yes	aTester_Front.cpp:8048:35: error: 'class TCCDInterfaceFormShim' has no member named 'RetrunUpStep'	HELD（Index 臂：等使用者在 BCB6 寫 9050 的 Index 流程（RULINGS_20260929 第 8 條））；探針：仍缺：TCCDInterfaceFormShim 沒有成員 RetrunUpStep		
HELD	aTester_Front.cpp	8052	8054	1	GATE K1F7 --	Index 臂：等使用者在 BCB6 寫 9050 的 Index 流程（RULINGS_20260929 第 8 條）	GATE K1F7 -- golden :5727 CCDInterfaceForm->CloseCCDForm() (see :5671).	CCDInterfaceForm->CloseCCDForm();			FAIL			yes	aTester_Front.cpp:8053:39: error: 'class TCCDInterfaceFormShim' has no member named 'CloseCCDForm'	HELD（Index 臂：等使用者在 BCB6 寫 9050 的 Index 流程（RULINGS_20260929 第 8 條））；探針：仍缺：TCCDInterfaceFormShim 沒有成員 CloseCCDForm		
HELD	aTester_Front.cpp	8480	8490	9	GATE F-G1 --	Index 臂：等使用者在 BCB6 寫 9050 的 Index 流程（RULINGS_20260929 第 8 條）	GATE F-G1 -- golden :6139 COM2->SendCommToVision(COM2->rtArmIndex2, true).  AI(W7C-DoTestYFront-c2) 20260810	COM2->SendCommToVision(COM2->rtArmIndex2, true);			FAIL			yes	aTester_Front.cpp:8489:31: error: 'class TCOM2Shim' has no member named 'SendCommToVision'	HELD（Index 臂：等使用者在 BCB6 寫 9050 的 Index 流程（RULINGS_20260929 第 8 條））；探針：仍缺：TCOM2Shim 沒有成員 SendCommToVision		
HELD	aTester_Front.cpp	8517	8520	2	GATE F-G1 --	Index 臂：等使用者在 BCB6 寫 9050 的 Index 流程（RULINGS_20260929 第 8 條）	GATE F-G1 -- golden :6166 COM2->SendCommToVision(COM2->rtArmIndex2, true) -- same gap and same reasoning as :6139.	COM2->SendCommToVision(COM2->rtArmIndex2, true);			FAIL			yes	aTester_Front.cpp:8519:35: error: 'class TCOM2Shim' has no member named 'SendCommToVision'	HELD（Index 臂：等使用者在 BCB6 寫 9050 的 Index 流程（RULINGS_20260929 第 8 條））；探針：仍缺：TCOM2Shim 沒有成員 SendCommToVision		
HELD	aTester_Front.cpp	8526	8529	2	GATE F-G1 --	Index 臂：等使用者在 BCB6 寫 9050 的 Index 流程（RULINGS_20260929 第 8 條）	GATE F-G1 -- golden :6172 COM2->SendCommToVision(COM2->rtCHECKNULL, true) -- same gap as :6139.  Outbound	COM2->SendCommToVision(COM2->rtCHECKNULL, true);			FAIL			yes	aTester_Front.cpp:8528:39: error: 'class TCOM2Shim' has no member named 'SendCommToVision'	HELD（Index 臂：等使用者在 BCB6 寫 9050 的 Index 流程（RULINGS_20260929 第 8 條））；探針：仍缺：TCOM2Shim 沒有成員 SendCommToVision		
HELD	aTester_Front.cpp	8554	8557	2	GATE F-G1 --	Index 臂：等使用者在 BCB6 寫 9050 的 Index 流程（RULINGS_20260929 第 8 條）	GATE F-G1 -- golden :6197 COM2->SendCommToVision(COM2->rtArmIndex2, true) -- same gap as :6139.	COM2->SendCommToVision(COM2->rtArmIndex2, true);			FAIL			yes	aTester_Front.cpp:8556:31: error: 'class TCOM2Shim' has no member named 'SendCommToVision'	HELD（Index 臂：等使用者在 BCB6 寫 9050 的 Index 流程（RULINGS_20260929 第 8 條））；探針：仍缺：TCOM2Shim 沒有成員 SendCommToVision		
HELD	aTester_Front.cpp	8562	8565	2	GATE F-G1 --	Index 臂：等使用者在 BCB6 寫 9050 的 Index 流程（RULINGS_20260929 第 8 條）	GATE F-G1 -- golden :6202 COM2->SendCommToVision(COM2->rtCHECKIC, true) -- same gap as :6139.  Outbound	COM2->SendCommToVision(COM2->rtCHECKIC, true);			FAIL			yes	aTester_Front.cpp:8564:35: error: 'class TCOM2Shim' has no member named 'SendCommToVision'	HELD（Index 臂：等使用者在 BCB6 寫 9050 的 Index 流程（RULINGS_20260929 第 8 條））；探針：仍缺：TCOM2Shim 沒有成員 SendCommToVision		
HELD	aTester_Front.cpp	8643	8651	7	GATE F-G4 --	Index 臂：等使用者在 BCB6 寫 9050 的 Index 流程（RULINGS_20260929 第 8 條）	GATE F-G4 -- golden :6280 SaveFile(asHandlePath, sBufferT).  AI(W7C-DoTestYFront-c2) 20260810	SaveFile(asHandlePath, sBufferT);                       //kevin 20190411 add log 位置誤差		sim+ship	PASS-WITH-INCLUDE			likely-no（缺 include）	aTester_Front.cpp:8650:34: error: 'asHandlePath' was not declared in this scope	HELD（Index 臂：等使用者在 BCB6 寫 9050 的 Index 流程（RULINGS_20260929 第 8 條））；探針：候選：補 include common.h 後照 golden 解開（先確認那個名字是真本體、不是 stub／shim）		
HELD	aTester_Front.cpp	8656	8658	1	GATE F-G4 --	Index 臂：等使用者在 BCB6 寫 9050 的 Index 流程（RULINGS_20260929 第 8 條）	GATE F-G4 -- golden :6285 SaveFile(asHandlePath, sBufferT) -- same gap as :6280.  ABSENCE PROOF: asHandlePath IS defined (common.cpp:185) and declared (common.h:116), but common.h is UNREACHABLE from this TU: the only include path to it is aArmHeader.h:94, and aArmHeader.h:23 opens `#if 0 // TODO(W6	SaveFile(asHandlePath, sBufferT);                       //kevin 20190411 add log 位置誤差		sim+ship	PASS-WITH-INCLUDE			likely-no（缺 include）	aTester_Front.cpp:8657:34: error: 'asHandlePath' was not declared in this scope	HELD（Index 臂：等使用者在 BCB6 寫 9050 的 Index 流程（RULINGS_20260929 第 8 條））；探針：候選：補 include common.h 後照 golden 解開（先確認那個名字是真本體、不是 stub／shim）		
HELD	aTester_Front.cpp	8791	8804	12	GATE F-G3 --	Index 臂：等使用者在 BCB6 寫 9050 的 Index 流程（RULINGS_20260929 第 8 條）	GATE F-G3 -- golden :6406-6410 fMesSystem->asGetRcsCheckingResult (golden Mes/fVATMesFileSys.h:204).  AI(W7C-DoTestYFront-c2) 20260810	if(LastSet.iRunStartMode!=rsmAutoSiteMap && fMesSystem->asGetRcsCheckingResult!="PASS")		sim+ship	PASS-WITH-INCLUDE			likely-no（缺 include）	aTester_Front.cpp:8799:69: error: 'fMesSystem' was not declared in this scope	HELD（Index 臂：等使用者在 BCB6 寫 9050 的 Index 流程（RULINGS_20260929 第 8 條））；探針：候選：補 include forms/fMesSystem.h 後照 golden 解開（先確認那個名字是真本體、不是 stub／shim）		
HELD	aTester_Front.cpp	8913	8923	9	GATE F-G2 --	Index 臂：等使用者在 BCB6 寫 9050 的 Index 流程（RULINGS_20260929 第 8 條）	GATE F-G2 -- golden :6519-6522 ScanBtnThd->Stop() (golden :71 `extern ScanBtn *ScanBtnThd;`).  AI(W7C-DoTestYFront-c2) 20260810	if(REAL_TIME_CCD==true)			FAIL			yes	aTester_Front.cpp:8921:37: error: 'ScanBtnThd' was not declared in this scope	HELD（Index 臂：等使用者在 BCB6 寫 9050 的 Index 流程（RULINGS_20260929 第 8 條））；探針：仍缺：未宣告 ScanBtnThd		
HELD	aTester_Front.cpp	8928	8938	9	GATE F-G6 --	Index 臂：等使用者在 BCB6 寫 9050 的 Index 流程（RULINGS_20260929 第 8 條）	GATE F-G6 -- golden :6527 fHome->GaliMotorServoOff("DoTestYFront") (golden uhome.h:77).  AI(W7C-DoTestYFront-c2) 20260810	fHome->GaliMotorServoOff("DoTestYFront");                                               //Steven 20230712 : 修正SwServoOn.Off時, 要抓住Z煞車		sim+ship	PASS-WITH-INCLUDE			likely-no（缺 include）	aTester_Front.cpp:8937:33: error: 'fHome' was not declared in this scope	HELD（Index 臂：等使用者在 BCB6 寫 9050 的 Index 流程（RULINGS_20260929 第 8 條））；探針：候選：補 include forms/fHome.h 後照 golden 解開（先確認那個名字是真本體、不是 stub／shim）	HIGH-KW	
HELD	aTester_Front.cpp	8946	8953	6	GATE F-G2 --	Index 臂：等使用者在 BCB6 寫 9050 的 Index 流程（RULINGS_20260929 第 8 條）	GATE F-G2 -- golden :6535-6538 ScanBtnThd->Stop() -- same gap as :6519.  The Gali_Command("ST") above and the	if(REAL_TIME_CCD==true)			FAIL			yes	aTester_Front.cpp:8951:33: error: 'ScanBtnThd' was not declared in this scope	HELD（Index 臂：等使用者在 BCB6 寫 9050 的 Index 流程（RULINGS_20260929 第 8 條））；探針：仍缺：未宣告 ScanBtnThd		
HELD	aTester_Front.cpp	8997	9048	50	GATE F-G1 --	Index 臂：等使用者在 BCB6 寫 9050 的 Index 流程（RULINGS_20260929 第 8 條）	GATE F-G1 -- golden :6582-6620 -- the WHOLE RTC/CCD half-view send-and-wait region.  AI(W7C-DoTestYFront-c2) 20260810	if(REAL_TIME_CCD==true &&                                                                           //----- by dell ccd realtime-------------			FAIL			yes	aTester_Front.cpp:9015:35: error: 'class TCOM2Shim' has no member named 'SendCommToVision'	HELD（Index 臂：等使用者在 BCB6 寫 9050 的 Index 流程（RULINGS_20260929 第 8 條））；探針：仍缺：TCOM2Shim 沒有成員 SendCommToVision		
HELD	aTester_Front.cpp	9056	9146	89	GATE F-G1 --	Index 臂：等使用者在 BCB6 寫 9050 的 Index 流程（RULINGS_20260929 第 8 條）	GATE F-G1 -- golden :6628-6704 -- the WHOLE RTC arm-state result region (INCLUDING both #ifdef RTCErrorType arms,	if(REAL_TIME_CCD && COM2->bCCDDummyRum==false)                                                      //----- by dell ccd realtime-------------			FAIL			yes	aTester_Front.cpp:9071:28: error: 'ScanBtnThd' was not declared in this scope	HELD（Index 臂：等使用者在 BCB6 寫 9050 的 Index 流程（RULINGS_20260929 第 8 條））；探針：仍缺：未宣告 ScanBtnThd		
HELD	aTester_Front.cpp	9228	9236	7	GATE F-G1 --	Index 臂：等使用者在 BCB6 寫 9050 的 Index 流程（RULINGS_20260929 第 8 條）	GATE F-G1 -- golden :6786-6787 COM2->bGetValue (golden rs232.h) -- not a TCOM2Shim member.  AI(W7C-DoTestYFront-c2) 20260810	if(COM2->bGetValue)		ship	PASS		SHIP-FAIL aTester_Front.cpp:9234:34: error: 'class TCOM2Shim' has no member named 'bGetValue'	yes（出貨組態）	aTester_Front.cpp:9234:34: error: 'class TCOM2Shim' has no member named 'bGetValue'	HELD（Index 臂：等使用者在 BCB6 寫 9050 的 Index 流程（RULINGS_20260929 第 8 條））；探針：仍缺（出貨組態才編得到／才出錯）：TCOM2Shim 沒有成員 bGetValue		
HELD	aTester_Front.cpp	9279	9285	5	GATE F-G7 --	Index 臂：等使用者在 BCB6 寫 9050 的 Index 流程（RULINGS_20260929 第 8 條）	GATE F-G7 -- golden :6830 ATC_InterfaceForm->HandlerArm(1).  AI(W7C-DoTestYFront-c2) 20260810	ATC_InterfaceForm->HandlerArm(1);			FAIL			yes	aTester_Front.cpp:9284:48: error: 'class TATC_InterfaceFormShim' has no member named 'HandlerArm'	HELD（Index 臂：等使用者在 BCB6 寫 9050 的 Index 流程（RULINGS_20260929 第 8 條））；探針：仍缺：TATC_InterfaceFormShim 沒有成員 HandlerArm		
HELD	aTester_Front.cpp	9289	9295	5	GATE F-G8 --	Index 臂：等使用者在 BCB6 寫 9050 的 Index 流程（RULINGS_20260929 第 8 條）	GATE F-G8 -- golden :6834 fContact->ATC_SwitchTjSignal(2, false) (golden cContact.h:603).  AI(W7C-DoTestYFront-c2) 20260810	fContact->ATC_SwitchTjSignal(2, false);                                                         //Ifor 20210622 add: ATC Switch TJ			FAIL			yes	aTester_Front.cpp:9294:35: error: 'class TfContactShim' has no member named 'ATC_SwitchTjSignal'	HELD（Index 臂：等使用者在 BCB6 寫 9050 的 Index 流程（RULINGS_20260929 第 8 條））；探針：仍缺：TfContactShim 沒有成員 ATC_SwitchTjSignal		
HELD	aTester_Front.cpp	9315	9343	27	GATE F-G1 --	Index 臂：等使用者在 BCB6 寫 9050 的 Index 流程（RULINGS_20260929 第 8 條）	GATE F-G1 -- golden :6854-6872 -- the RTC arm-finish notify block.  AI(W7C-DoTestYFront-c2) 20260810	if(REAL_TIME_CCD && COM2->bCCDDummyRum==false)			FAIL			yes	aTester_Front.cpp:9327:35: error: 'class TCOM2Shim' has no member named 'SendCommToVision'	HELD（Index 臂：等使用者在 BCB6 寫 9050 的 Index 流程（RULINGS_20260929 第 8 條））；探針：仍缺：TCOM2Shim 沒有成員 SendCommToVision		
HELD	aTester_Front.cpp	9362	9377	14	GATE F-G9 --	Index 臂：等使用者在 BCB6 寫 9050 的 Index 流程（RULINGS_20260929 第 8 條）	GATE F-G9 -- golden :6891 ATCInterfaceForm->ATC_SYS.SetNowArm(1).  AI(W7C-DoTestYFront-c2) 20260810	ATCInterfaceForm->ATC_SYS.SetNowArm(1);                                                     //ATC		sim+ship	PASS-WITH-INCLUDE			likely-no（缺 include）	aTester_Front.cpp:9376:29: error: 'ATCInterfaceForm' was not declared in this scope	HELD（Index 臂：等使用者在 BCB6 寫 9050 的 Index 流程（RULINGS_20260929 第 8 條））；探針：候選：補 include ATC/ATCInterface.h 後照 golden 解開（先確認那個名字是真本體、不是 stub／shim）		
HELD	aTester_Front.cpp	9382	9385	2	GATE F-G9 --	Index 臂：等使用者在 BCB6 寫 9050 的 Index 流程（RULINGS_20260929 第 8 條）	GATE F-G9 -- golden :6896 ATCInterfaceForm->ATC_60_SYS.SetHandlerNowArm(1) -- same archive boundary as :6891.	ATCInterfaceForm->ATC_60_SYS.SetHandlerNowArm(1);		sim+ship	PASS-WITH-INCLUDE			likely-no（缺 include）	aTester_Front.cpp:9384:29: error: 'ATCInterfaceForm' was not declared in this scope	HELD（Index 臂：等使用者在 BCB6 寫 9050 的 Index 流程（RULINGS_20260929 第 8 條））；探針：候選：補 include ATC/ATCInterface.h 後照 golden 解開（先確認那個名字是真本體、不是 stub／shim）		
HELD	aTester_Front.cpp	9479	9491	11	GATE F-G10 --	Index 臂：等使用者在 BCB6 寫 9050 的 Index 流程（RULINGS_20260929 第 8 條）	GATE F-G10 -- golden :6988 fMain->edTorue1->Text="" (golden main.h:466-area TEdit).  AI(W7C-DoTestYFront-c2) 20260810	fMain->edTorue1->Text="";		sim+ship	PASS			likely-no	(compiles: -fsyntax-only)	HELD（Index 臂：等使用者在 BCB6 寫 9050 的 Index 流程（RULINGS_20260929 第 8 條））；探針：候選：照 golden 解開（先看風險標記）		
HELD	aTester_Front.cpp	9568	9570	1	GATE W7F3-G01 --	Index 臂：等使用者在 BCB6 寫 9050 的 Index 流程（RULINGS_20260929 第 8 條）	GATE W7F3-G01 -- golden :7063 FTestSuck.HasNotTestYet().  TRAP 5: the TMyKitSuck this TU sees is aHotPlateSubstrate.h:365 (included at aTester_Front.cpp:115; the object is aHotPlateSubstrate.cpp:92 `TMyKitSuck FTestSuck;`) and it has NO HasNotTestYet member.  The method exists ONLY on the OTHER same	FTestSuck.HasNotTestYet() ||		sim+ship	PASS			likely-no	(compiles: -fsyntax-only)	HELD（Index 臂：等使用者在 BCB6 寫 9050 的 Index 流程（RULINGS_20260929 第 8 條））；探針：候選：照 golden 解開（先看風險標記）		
HELD	aTester_Front.cpp	9823	9825	1	GATE (W7c-I1)	Index 臂：等使用者在 BCB6 寫 9050 的 Index 流程（RULINGS_20260929 第 8 條）	GATE (W7c-I1)	fMain->chkReadTorque1->Checked=false;		none	PASS			n/a	(probe4: the #if 0 line is inside an inactive #if in both sim and ship)	HELD（Index 臂：等使用者在 BCB6 寫 9050 的 Index 流程（RULINGS_20260929 第 8 條））；探針：兩種組態都不會編到（包在別的條件編譯裡，例 `#if W906_CMYDB_SQLITE`＝已退役的 sqlite 路徑）：解不解產品都不會變，不用排		
HELD	aTester_Front.cpp	9826	9828	1	GATE (W7c-I1)	Index 臂：等使用者在 BCB6 寫 9050 的 Index 流程（RULINGS_20260929 第 8 條）	GATE (W7c-I1)	fMain->chkReadTorque2->Checked=true;		none	PASS			n/a	(probe4: the #if 0 line is inside an inactive #if in both sim and ship)	HELD（Index 臂：等使用者在 BCB6 寫 9050 的 Index 流程（RULINGS_20260929 第 8 條））；探針：兩種組態都不會編到（包在別的條件編譯裡，例 `#if W906_CMYDB_SQLITE`＝已退役的 sqlite 路徑）：解不解產品都不會變，不用排		
HELD	aTester_Front.cpp	10896	10908	11	GATE G-k6-1,	Index 臂：等使用者在 BCB6 寫 9050 的 Index 流程（RULINGS_20260929 第 8 條）	GOLDEN VERBATIM -- golden aTester_Front.cpp:8098-8108  (GATE G-k6-1, begin)	bool FTestNeedDestroy()			FAIL			yes	aTester_Front.cpp:10909:6: error: redefinition of 'bool FTestNeedDestroy()'	HELD（Index 臂：等使用者在 BCB6 寫 9050 的 Index 流程（RULINGS_20260929 第 8 條））；探針：仍缺：aTester_Front.cpp:10909:6: error: redefinition of 'bool FTestNeedDestroy()'		
HELD	aTester_Rear.cpp	2417	2437	19	TODO(W5-Automation)	Index 臂：等使用者在 BCB6 寫 9050 的 Index 流程（RULINGS_20260929 第 8 條）	TODO(W5-Automation) -- golden :2145-2158 fSCKART->iInfo_MultiLotCnt / LotSummary.AddByLotLoadCount	if(fSCKART->iInfo_MultiLotCnt>1)			FAIL			yes	aTester_Rear.cpp:2423:29: error: 'class TfSCKART' has no member named 'iInfo_MultiLotCnt'	HELD（Index 臂：等使用者在 BCB6 寫 9050 的 Index 流程（RULINGS_20260929 第 8 條））；探針：仍缺：TfSCKART 沒有成員 iInfo_MultiLotCnt		
HELD	aTester_Rear.cpp	2444	2446	1	TODO(W7)	Index 臂：等使用者在 BCB6 寫 9050 的 Index 流程（RULINGS_20260929 第 8 條）	TODO(W7) -- golden :2165 fAutoTeach SetIndexBinError(1) (TfAutoTeach VCL form -- unlike chkReadTorque/edTorue1, NO FormsFacade/TU-local stand-in exists anywhere in the tree yet; pure UI auto-align marker, no state the SM reads back)  //JimmyChiu 20211020 : Auto alignment mode	fAutoTeach->SetIndexBinError(1);                                                                        //JimmyChiu 20211020 : Auto alignment mode			FAIL			yes	aTester_Rear.cpp:2445:17: error: 'fAutoTeach' was not declared in this scope	HELD（Index 臂：等使用者在 BCB6 寫 9050 的 Index 流程（RULINGS_20260929 第 8 條））；探針：仍缺：未宣告 fAutoTeach		
HELD	aTester_Rear.cpp	3602	3604	1	GATE G1]	Index 臂：等使用者在 BCB6 寫 9050 的 Index 流程（RULINGS_20260929 第 8 條）	[W7Bk4 GATE G1] golden :2663  SetHangupMaxTime() -- see GATE REGISTER in this part's banner	SetHangupMaxTime();                                                                                                                             //Wei 20230224 : 重置死機時間			FAIL			yes	aTester_Rear.cpp:3603:34: error: 'SetHangupMaxTime' was not declared in this scope	HELD（Index 臂：等使用者在 BCB6 寫 9050 的 Index 流程（RULINGS_20260929 第 8 條））；探針：仍缺：未宣告 SetHangupMaxTime		
HELD	aTester_Rear.cpp	3612	3614	1	GATE G2]	Index 臂：等使用者在 BCB6 寫 9050 的 Index 流程（RULINGS_20260929 第 8 條）	[W7Bk4 GATE G2] golden :2671  fLotInfo->SetATCOffset(bool) -- see GATE REGISTER in this part's banner	fLotInfo->SetATCOffset(true);                                                                                                               //Ifor 20190605 :add ATC Init Offset 設定			FAIL			yes	aTester_Rear.cpp:3613:31: error: 'class TfLotInfo' has no member named 'SetATCOffset'; did you mean 'fTempATCOffset'?	HELD（Index 臂：等使用者在 BCB6 寫 9050 的 Index 流程（RULINGS_20260929 第 8 條））；探針：仍缺：TfLotInfo 沒有成員 SetATCOffset		
HELD	aTester_Rear.cpp	3650	3652	1	GATE G3]	Index 臂：等使用者在 BCB6 寫 9050 的 Index 流程（RULINGS_20260929 第 8 條）	[W7Bk4 GATE G3] golden :2707  fSocketCommunication->bSendBinMapReport -- see GATE REGISTER in this part's banner	fSocketCommunication->bSendBinMapReport=true;			FAIL			yes	aTester_Rear.cpp:3651:21: error: 'fSocketCommunication' was not declared in this scope	HELD（Index 臂：等使用者在 BCB6 寫 9050 的 Index 流程（RULINGS_20260929 第 8 條））；探針：仍缺：未宣告 fSocketCommunication		
HELD	aTester_Rear.cpp	3851	3853	1	GATE G4]	Index 臂：等使用者在 BCB6 寫 9050 的 Index 流程（RULINGS_20260929 第 8 條）	[W7Bk4 GATE G4] golden :2906  ATC_InterfaceForm->SiteTesting(int,bool*) -- see GATE REGISTER in this part's banner	ATC_InterfaceForm->SiteTesting(iATC_Use_Heat_Count, bATCSiteTest);			FAIL			yes	aTester_Rear.cpp:3852:40: error: 'class TATC_InterfaceFormShim' has no member named 'SiteTesting'	HELD（Index 臂：等使用者在 BCB6 寫 9050 的 Index 流程（RULINGS_20260929 第 8 條））；探針：仍缺：TATC_InterfaceFormShim 沒有成員 SiteTesting		
HELD	aTester_Rear.cpp	3857	3859	1	GATE G5]	Index 臂：等使用者在 BCB6 寫 9050 的 Index 流程（RULINGS_20260929 第 8 條）	[W7Bk4 GATE G5] golden :2910  ATCInterfaceForm->SendTestEnd(int) -- see GATE REGISTER in this part's banner	ATCInterfaceForm->SendTestEnd(1);		sim+ship	PASS-WITH-INCLUDE			likely-no（缺 include）	aTester_Rear.cpp:3858:21: error: 'ATCInterfaceForm' was not declared in this scope	HELD（Index 臂：等使用者在 BCB6 寫 9050 的 Index 流程（RULINGS_20260929 第 8 條））；探針：候選：補 include ATC/ATCInterface.h 後照 golden 解開（先確認那個名字是真本體、不是 stub／shim）		
HELD	aTester_Rear.cpp	3907	3909	1	GATE G6]	Index 臂：等使用者在 BCB6 寫 9050 的 Index 流程（RULINGS_20260929 第 8 條）	[W7Bk4 GATE G6] golden :2958  ATC_InterfaceForm->SendHandler2DID(int,bool) -- see GATE REGISTER in this part's banner	ATC_InterfaceForm->SendHandler2DID(0, false);			FAIL			yes	aTester_Rear.cpp:3908:36: error: 'class TATC_InterfaceFormShim' has no member named 'SendHandler2DID'	HELD（Index 臂：等使用者在 BCB6 寫 9050 的 Index 流程（RULINGS_20260929 第 8 條））；探針：仍缺：TATC_InterfaceFormShim 沒有成員 SendHandler2DID		
HELD	aTester_Rear.cpp	4076	4078	1	GATE G7]	Index 臂：等使用者在 BCB6 寫 9050 的 Index 流程（RULINGS_20260929 第 8 條）	[W7Bk4 GATE G7] golden :3125  fSocketCommunication->bSendBinMapReport -- see GATE REGISTER in this part's banner	fSocketCommunication->bSendBinMapReport=true;			FAIL			yes	aTester_Rear.cpp:4077:21: error: 'fSocketCommunication' was not declared in this scope	HELD（Index 臂：等使用者在 BCB6 寫 9050 的 Index 流程（RULINGS_20260929 第 8 條））；探針：仍缺：未宣告 fSocketCommunication		
HELD	aTester_Rear.cpp	4083	4085	1	GATE G8]	Index 臂：等使用者在 BCB6 寫 9050 的 Index 流程（RULINGS_20260929 第 8 條）	[W7Bk4 GATE G8] golden :3130  SetHangupMaxTime() -- see GATE REGISTER in this part's banner	SetHangupMaxTime();                                                                                                                             //Wei 20230224 : 重置死機時間			FAIL			yes	aTester_Rear.cpp:4084:34: error: 'SetHangupMaxTime' was not declared in this scope	HELD（Index 臂：等使用者在 BCB6 寫 9050 的 Index 流程（RULINGS_20260929 第 8 條））；探針：仍缺：未宣告 SetHangupMaxTime		
HELD	aTester_Rear.cpp	4192	4194	1	GATE G9]	Index 臂：等使用者在 BCB6 寫 9050 的 Index 流程（RULINGS_20260929 第 8 條）	[W7Bk4 GATE G9] golden :3237  ATC_InterfaceForm->SendHandler2DID(int,bool) -- see GATE REGISTER in this part's banner	ATC_InterfaceForm->SendHandler2DID(0, false);			FAIL			yes	aTester_Rear.cpp:4193:44: error: 'class TATC_InterfaceFormShim' has no member named 'SendHandler2DID'	HELD（Index 臂：等使用者在 BCB6 寫 9050 的 Index 流程（RULINGS_20260929 第 8 條））；探針：仍缺：TATC_InterfaceFormShim 沒有成員 SendHandler2DID		
HELD	aTester_Rear.cpp	4491	4493	1	GATE G10]	Index 臂：等使用者在 BCB6 寫 9050 的 Index 流程（RULINGS_20260929 第 8 條）	[W7Bk4 GATE G10] golden :3534  COM2->InitReadTorueTask() -- see GATE REGISTER in this part's banner	COM2->InitReadTorueTask();		sim+ship	PASS			likely-no	(compiles: -fsyntax-only)	HELD（Index 臂：等使用者在 BCB6 寫 9050 的 Index 流程（RULINGS_20260929 第 8 條））；探針：候選：照 golden 解開（先看風險標記）		
HELD	aTester_Rear.cpp	5146	5148	1	GATE G-k6-1	Index 臂：等使用者在 BCB6 寫 9050 的 Index 流程（RULINGS_20260929 第 8 條）	GATE G-k6-1 -- golden :3960 fContact->InitROILearningTask() has no port body (see GATE REGISTER)	fContact->InitROILearningTask();			FAIL			yes	aTester_Rear.cpp:5147:31: error: 'class TfContactShim' has no member named 'InitROILearningTask'; did you mean 'Do_ROILearning'?	HELD（Index 臂：等使用者在 BCB6 寫 9050 的 Index 流程（RULINGS_20260929 第 8 條））；探針：仍缺：TfContactShim 沒有成員 InitROILearningTask		
HELD	aTester_Rear.cpp	7513	7517	3	GATE K1G1 --	Index 臂：等使用者在 BCB6 寫 9050 的 Index 流程（RULINGS_20260929 第 8 條）	GATE K1G1 -- golden :5488 COM2->bRealTimeCom_ReceiveOK[COM2->rtFullTOK] (TCOM2Shim, atester_shims.h:420-460, declares NEITHER member)	if(COM2->bRealTimeCom_ReceiveOK[COM2->rtFullTOK])			FAIL			yes	aTester_Rear.cpp:7514:22: error: 'class TCOM2Shim' has no member named 'bRealTimeCom_ReceiveOK'	HELD（Index 臂：等使用者在 BCB6 寫 9050 的 Index 流程（RULINGS_20260929 第 8 條））；探針：仍缺：TCOM2Shim 沒有成員 bRealTimeCom_ReceiveOK	HAS-#else	
HELD	aTester_Rear.cpp	7525	7529	3	GATE K1G1 --	Index 臂：等使用者在 BCB6 寫 9050 的 Index 流程（RULINGS_20260929 第 8 條）	GATE K1G1 -- golden :5496 COM2->bRealTimeCom_ReceiveOK[COM2->rtFullTNG]	else if(COM2->bRealTimeCom_ReceiveOK[COM2->rtFullTNG])			FAIL			yes	aTester_Rear.cpp:7526:27: error: 'class TCOM2Shim' has no member named 'bRealTimeCom_ReceiveOK'	HELD（Index 臂：等使用者在 BCB6 寫 9050 的 Index 流程（RULINGS_20260929 第 8 條））；探針：仍缺：TCOM2Shim 沒有成員 bRealTimeCom_ReceiveOK	HAS-#else	
HELD	aTester_Rear.cpp	7533	7535	1	GATE K1G1 --	Index 臂：等使用者在 BCB6 寫 9050 的 Index 流程（RULINGS_20260929 第 8 條）	GATE K1G1 -- golden :5500 COM2->bRealTimeCom_ReceiveOK[] write (no such member; offline no-op)	COM2->bRealTimeCom_ReceiveOK[COM2->rtFullTNG]=false;			FAIL			yes	aTester_Rear.cpp:7534:23: error: 'class TCOM2Shim' has no member named 'bRealTimeCom_ReceiveOK'	HELD（Index 臂：等使用者在 BCB6 寫 9050 的 Index 流程（RULINGS_20260929 第 8 條））；探針：仍缺：TCOM2Shim 沒有成員 bRealTimeCom_ReceiveOK		
HELD	aTester_Rear.cpp	7546	7551	4	GATE K1G1 --	Index 臂：等使用者在 BCB6 寫 9050 的 Index 流程（RULINGS_20260929 第 8 條）	GATE K1G1 -- golden :5511-5514 COM2->bRealTimeCom_ReceiveOK[] writes + COM2->SendCommToVision(rtCHECKNULL/rtFullTOK) (no such members; offline no-op)	COM2->bRealTimeCom_ReceiveOK[COM2->rtFullTOK]=false;			FAIL			yes	aTester_Rear.cpp:7547:19: error: 'class TCOM2Shim' has no member named 'bRealTimeCom_ReceiveOK'	HELD（Index 臂：等使用者在 BCB6 寫 9050 的 Index 流程（RULINGS_20260929 第 8 條））；探針：仍缺：TCOM2Shim 沒有成員 bRealTimeCom_ReceiveOK		
HELD	aTester_Rear.cpp	7585	7589	3	GATE K1G2 --	Index 臂：等使用者在 BCB6 寫 9050 的 Index 流程（RULINGS_20260929 第 8 條）	GATE K1G2 -- golden :5548 COM2->RTC_AlarmType() (TCOM2Shim has no such method)	if(REAL_TIME_CCD==true && COM2->RTC_AlarmType())    //wei 20221222 RTC ARM Error			FAIL			yes	aTester_Rear.cpp:7586:53: error: 'class TCOM2Shim' has no member named 'RTC_AlarmType'	HELD（Index 臂：等使用者在 BCB6 寫 9050 的 Index 流程（RULINGS_20260929 第 8 條））；探針：仍缺：TCOM2Shim 沒有成員 RTC_AlarmType	HAS-#else	
HELD	aTester_Rear.cpp	7618	7620	1	GATE K1G3 --	Index 臂：等使用者在 BCB6 寫 9050 的 Index 流程（RULINGS_20260929 第 8 條）	GATE K1G3 -- golden :5577 ShowMyMessageUp(...) (no declaration anywhere in the ported tree; the ported operator dialogs are ShowMyMessage/ShowErrorMessage only). Offline: no-op, so case 57 spins on its own guard exactly as golden does while the operator has not answered.	ShowMyMessageUp("Test Bin error, must take out all IC for test.", "測試bin 設定有問題,將ARM 2 上產品取出", false);			FAIL			yes	aTester_Rear.cpp:7619:142: error: 'ShowMyMessageUp' was not declared in this scope	HELD（Index 臂：等使用者在 BCB6 寫 9050 的 Index 流程（RULINGS_20260929 第 8 條））；探針：仍缺：未宣告 ShowMyMessageUp		
HELD	aTester_Rear.cpp	7685	7691	5	GATE K1G4 --	Index 臂：等使用者在 BCB6 寫 9050 的 Index 流程（RULINGS_20260929 第 8 條）	GATE K1G4 -- golden :5642-5646 fMesSystem->asGetRcsCheckingResult / ->GetRcsCheckingResult(true).  fMesSystem has NO home in the ported tree (every other consumer is itself #if 0: cprod.cpp:1259, atester.cpp:1361, csystem.cpp:10139). Offline: RCS result treated as already PASS -> fall through to Tas	if(fMesSystem->asGetRcsCheckingResult!="PASS")		sim+ship	PASS-WITH-INCLUDE			likely-no（缺 include）	aTester_Rear.cpp:7686:24: error: 'fMesSystem' was not declared in this scope	HELD（Index 臂：等使用者在 BCB6 寫 9050 的 Index 流程（RULINGS_20260929 第 8 條））；探針：候選：補 include forms/fMesSystem.h 後照 golden 解開（先確認那個名字是真本體、不是 stub／shim）		
HELD	aTester_Rear.cpp	7710	7714	3	GATE K1G2 --	Index 臂：等使用者在 BCB6 寫 9050 的 Index 流程（RULINGS_20260929 第 8 條）	GATE K1G2 -- golden :5665 COM2->RTC_AlarmType()	if(REAL_TIME_CCD==true && COM2->RTC_AlarmType())    //wei 20221222 RTC ARM Error			FAIL			yes	aTester_Rear.cpp:7711:49: error: 'class TCOM2Shim' has no member named 'RTC_AlarmType'	HELD（Index 臂：等使用者在 BCB6 寫 9050 的 Index 流程（RULINGS_20260929 第 8 條））；探針：仍缺：TCOM2Shim 沒有成員 RTC_AlarmType	HAS-#else	
HELD	aTester_Rear.cpp	7754	7758	3	GATE K1G2 --	Index 臂：等使用者在 BCB6 寫 9050 的 Index 流程（RULINGS_20260929 第 8 條）	GATE K1G2 -- golden :5705 COM2->RTC_AlarmType()	if(COM2->RTC_AlarmType())       //wei 20221222 RTC ARM Error			FAIL			yes	aTester_Rear.cpp:7755:26: error: 'class TCOM2Shim' has no member named 'RTC_AlarmType'	HELD（Index 臂：等使用者在 BCB6 寫 9050 的 Index 流程（RULINGS_20260929 第 8 條））；探針：仍缺：TCOM2Shim 沒有成員 RTC_AlarmType	HAS-#else	
HELD	aTester_Rear.cpp	7776	7780	3	GATE K1G1 --	Index 臂：等使用者在 BCB6 寫 9050 的 Index 流程（RULINGS_20260929 第 8 條）	GATE K1G1 -- golden :5723 COM2->bRealTimeCom_ReceiveOK[COM2->rtALARMArm1NG]	if(COM2->bRealTimeCom_ReceiveOK[COM2->rtALARMArm1NG])           //wei 20221222 RTC ARM Error			FAIL			yes	aTester_Rear.cpp:7777:30: error: 'class TCOM2Shim' has no member named 'bRealTimeCom_ReceiveOK'	HELD（Index 臂：等使用者在 BCB6 寫 9050 的 Index 流程（RULINGS_20260929 第 8 條））；探針：仍缺：TCOM2Shim 沒有成員 bRealTimeCom_ReceiveOK	HAS-#else	
HELD	aTester_Rear.cpp	7801	7805	3	GATE K1G1 --	Index 臂：等使用者在 BCB6 寫 9050 的 Index 流程（RULINGS_20260929 第 8 條）	GATE K1G1 -- golden :5744 COM2->bRealTimeCom_ReceiveOK[COM2->rtALARMArm2NG]	else if(COM2->bRealTimeCom_ReceiveOK[COM2->rtALARMArm2NG])      //wei 20221222 RTC ARM Error			FAIL			yes	aTester_Rear.cpp:7802:35: error: 'class TCOM2Shim' has no member named 'bRealTimeCom_ReceiveOK'	HELD（Index 臂：等使用者在 BCB6 寫 9050 的 Index 流程（RULINGS_20260929 第 8 條））；探針：仍缺：TCOM2Shim 沒有成員 bRealTimeCom_ReceiveOK	HAS-#else	
HELD	aTester_Rear.cpp	7880	7883	2	GATE K1G1 --	Index 臂：等使用者在 BCB6 寫 9050 的 Index 流程（RULINGS_20260929 第 8 條）	GATE K1G1 -- golden :5819-5820 COM2->bRealTimeCom_ReceiveOK[] write + SendCommToVision(rtFullTOK) (offline no-op)	COM2->bRealTimeCom_ReceiveOK[COM2->rtFullTNG]=false;        //----- by dell ccd realtime-------------			FAIL			yes	aTester_Rear.cpp:7881:27: error: 'class TCOM2Shim' has no member named 'bRealTimeCom_ReceiveOK'	HELD（Index 臂：等使用者在 BCB6 寫 9050 的 Index 流程（RULINGS_20260929 第 8 條））；探針：仍缺：TCOM2Shim 沒有成員 bRealTimeCom_ReceiveOK		
HELD	aTester_Rear.cpp	7890	7894	3	GATE K1G1 --	Index 臂：等使用者在 BCB6 寫 9050 的 Index 流程（RULINGS_20260929 第 8 條）	GATE K1G1 -- golden :5827 COM2->bRealTimeCom_ReceiveOK[COM2->rtFullTOK]	if(COM2->bRealTimeCom_ReceiveOK[COM2->rtFullTOK])			FAIL			yes	aTester_Rear.cpp:7891:22: error: 'class TCOM2Shim' has no member named 'bRealTimeCom_ReceiveOK'	HELD（Index 臂：等使用者在 BCB6 寫 9050 的 Index 流程（RULINGS_20260929 第 8 條））；探針：仍缺：TCOM2Shim 沒有成員 bRealTimeCom_ReceiveOK	HAS-#else	
HELD	aTester_Rear.cpp	7904	7906	1	GATE K1G5 --	Index 臂：等使用者在 BCB6 寫 9050 的 Index 流程（RULINGS_20260929 第 8 條）	GATE K1G5 -- golden :5837 fContact->InitROILearningTask() (TfContactShim, atester_shims.h:154-290, has no such method; atester.cpp:5537 already carries the same gap as a do{}while(0) macro). Offline no-op.	fContact->InitROILearningTask();			FAIL			yes	aTester_Rear.cpp:7905:31: error: 'class TfContactShim' has no member named 'InitROILearningTask'; did you mean 'Do_ROILearning'?	HELD（Index 臂：等使用者在 BCB6 寫 9050 的 Index 流程（RULINGS_20260929 第 8 條））；探針：仍缺：TfContactShim 沒有成員 InitROILearningTask		
HELD	aTester_Rear.cpp	7913	7915	1	GATE K1G1 --	Index 臂：等使用者在 BCB6 寫 9050 的 Index 流程（RULINGS_20260929 第 8 條）	GATE K1G1 -- golden :5844 COM2->RTC_ResetAlarm() (no such method; offline no-op)	COM2->RTC_ResetAlarm();     //wei 20221222 RTC ARM Error			FAIL			yes	aTester_Rear.cpp:7914:23: error: 'class TCOM2Shim' has no member named 'RTC_ResetAlarm'	HELD（Index 臂：等使用者在 BCB6 寫 9050 的 Index 流程（RULINGS_20260929 第 8 條））；探針：仍缺：TCOM2Shim 沒有成員 RTC_ResetAlarm		
HELD	aTester_Rear.cpp	7920	7924	3	GATE K1G1 --	Index 臂：等使用者在 BCB6 寫 9050 的 Index 流程（RULINGS_20260929 第 8 條）	GATE K1G1 -- golden :5849 COM2->bRealTimeCom_ReceiveOK[COM2->rtFullTNG]	if(COM2->bRealTimeCom_ReceiveOK[COM2->rtFullTNG])			FAIL			yes	aTester_Rear.cpp:7921:22: error: 'class TCOM2Shim' has no member named 'bRealTimeCom_ReceiveOK'	HELD（Index 臂：等使用者在 BCB6 寫 9050 的 Index 流程（RULINGS_20260929 第 8 條））；探針：仍缺：TCOM2Shim 沒有成員 bRealTimeCom_ReceiveOK	HAS-#else	
HELD	aTester_Rear.cpp	7932	7936	3	GATE K1G1 --	Index 臂：等使用者在 BCB6 寫 9050 的 Index 流程（RULINGS_20260929 第 8 條）	GATE K1G1 -- golden :5857 COM2->OpenRTCComPortAgain() (no such method)	if(COM2->OpenRTCComPortAgain())                                 //ChungHung 20121005 add			FAIL			yes	aTester_Rear.cpp:7933:26: error: 'class TCOM2Shim' has no member named 'OpenRTCComPortAgain'	HELD（Index 臂：等使用者在 BCB6 寫 9050 的 Index 流程（RULINGS_20260929 第 8 條））；探針：仍缺：TCOM2Shim 沒有成員 OpenRTCComPortAgain	HAS-#else	
HELD	aTester_Rear.cpp	7961	7963	1	GATE K1G5 --	Index 臂：等使用者在 BCB6 寫 9050 的 Index 流程（RULINGS_20260929 第 8 條）	GATE K1G5 -- golden :5882 fContact->InitROILearningTask() (see :5837)	fContact->InitROILearningTask();			FAIL			yes	aTester_Rear.cpp:7962:31: error: 'class TfContactShim' has no member named 'InitROILearningTask'; did you mean 'Do_ROILearning'?	HELD（Index 臂：等使用者在 BCB6 寫 9050 的 Index 流程（RULINGS_20260929 第 8 條））；探針：仍缺：TfContactShim 沒有成員 InitROILearningTask		
HELD	aTester_Rear.cpp	7974	7978	3	GATE K1G6 --	Index 臂：等使用者在 BCB6 寫 9050 的 Index 流程（RULINGS_20260929 第 8 條）	GATE K1G6 -- golden :5893 fContact->Do_ROILearning(true): TfContactShim declares only the 0-ARG overload (atester_shims.h:224, real body atester_shims.cpp:237 returns true)	if(fContact->Do_ROILearning(true))			FAIL			n/a	aTester_Rear.cpp:7975:45: error: no matching function for call to 'TfContactShim::Do_ROILearning(bool)'	HELD（Index 臂：等使用者在 BCB6 寫 9050 的 Index 流程（RULINGS_20260929 第 8 條））；探針：已退役的替身／參考副本（真本體在別處）：不要解（會重複定義），可整段清掉	HAS-#else	
HELD	aTester_Rear.cpp	8007	8009	1	GATE K1G7 --	Index 臂：等使用者在 BCB6 寫 9050 的 Index 流程（RULINGS_20260929 第 8 條）	GATE K1G7 -- golden :5922 CCDInterfaceForm->CloseCCDForm() (TCCDInterfaceFormShim, atester_shims.h:296-303, exposes only bAtestScanCCDProgram/CCDTimerOnOff/CCDRunExec). Offline no-op; the RecordProcess("Stop CCD check.") beside it stays ACTIVE.	CCDInterfaceForm->CloseCCDForm();			FAIL			yes	aTester_Rear.cpp:8008:39: error: 'class TCCDInterfaceFormShim' has no member named 'CloseCCDForm'	HELD（Index 臂：等使用者在 BCB6 寫 9050 的 Index 流程（RULINGS_20260929 第 8 條））；探針：仍缺：TCCDInterfaceFormShim 沒有成員 CloseCCDForm		
HELD	aTester_Rear.cpp	8018	8021	2	GATE K1G7 --	Index 臂：等使用者在 BCB6 寫 9050 的 Index 流程（RULINGS_20260929 第 8 條）	GATE K1G7 -- golden :5931-5932 CCDInterfaceForm->CCDIdentificationOpen() / ->CCDIdentification() (no such methods). Offline no-op: no CCD program is launched.	CCDInterfaceForm->CCDIdentificationOpen();			FAIL			yes	aTester_Rear.cpp:8019:35: error: 'class TCCDInterfaceFormShim' has no member named 'CCDIdentificationOpen'	HELD（Index 臂：等使用者在 BCB6 寫 9050 的 Index 流程（RULINGS_20260929 第 8 條））；探針：仍缺：TCCDInterfaceFormShim 沒有成員 CCDIdentificationOpen		
HELD	aTester_Rear.cpp	8029	8035	5	GATE K1G7 --	Index 臂：等使用者在 BCB6 寫 9050 的 Index 流程（RULINGS_20260929 第 8 條）	GATE K1G7 -- golden :5940-5941 CCDInterfaceForm->bCCDProgramExistence (no such member)	if(DoTestYRearDelay2.Off()==false ||			FAIL			yes	aTester_Rear.cpp:8031:34: error: 'class TCCDInterfaceFormShim' has no member named 'bCCDProgramExistence'	HELD（Index 臂：等使用者在 BCB6 寫 9050 的 Index 流程（RULINGS_20260929 第 8 條））；探針：仍缺：TCCDInterfaceFormShim 沒有成員 bCCDProgramExistence	HAS-#else	
HELD	aTester_Rear.cpp	8040	8042	1	GATE K1G7 --	Index 臂：等使用者在 BCB6 寫 9050 的 Index 流程（RULINGS_20260929 第 8 條）	GATE K1G7 -- golden :5946 CCDInterfaceForm->CCDIdentificationOpen() (see :5931)	CCDInterfaceForm->CCDIdentificationOpen();			FAIL			yes	aTester_Rear.cpp:8041:39: error: 'class TCCDInterfaceFormShim' has no member named 'CCDIdentificationOpen'	HELD（Index 臂：等使用者在 BCB6 寫 9050 的 Index 流程（RULINGS_20260929 第 8 條））；探針：仍缺：TCCDInterfaceFormShim 沒有成員 CCDIdentificationOpen		
HELD	aTester_Rear.cpp	8048	8068	19	GATE K1G7 --	Index 臂：等使用者在 BCB6 寫 9050 的 Index 流程（RULINGS_20260929 第 8 條）	GATE K1G7 -- golden :5952-5970 CCDInterfaceForm->bIdentificationFinish / ->iIdentificationStatus (no such members), and inside it TWO further absences: SW[SwCCDLight].Off() (see GATE K1G8) and fShowMessage->FormClick(fShowMessage) (TfShowMessage, forms/fShowMessage.h:22-28, has ShowSpeed only -- GAT	if(CCDInterfaceForm->bIdentificationFinish==true)			FAIL			yes	aTester_Rear.cpp:8049:34: error: 'class TCCDInterfaceFormShim' has no member named 'bIdentificationFinish'	HELD（Index 臂：等使用者在 BCB6 寫 9050 的 Index 流程（RULINGS_20260929 第 8 條））；探針：仍缺：TCCDInterfaceFormShim 沒有成員 bIdentificationFinish	HIGH-KW	
HELD	aTester_Rear.cpp	8073	8075	1	GATE K1G7 --	Index 臂：等使用者在 BCB6 寫 9050 的 Index 流程（RULINGS_20260929 第 8 條）	GATE K1G7 -- golden :5975 CCDInterfaceForm->RetrunUpStep() (no such method; offline no-op)	CCDInterfaceForm->RetrunUpStep();			FAIL			yes	aTester_Rear.cpp:8074:35: error: 'class TCCDInterfaceFormShim' has no member named 'RetrunUpStep'	HELD（Index 臂：等使用者在 BCB6 寫 9050 的 Index 流程（RULINGS_20260929 第 8 條））；探針：仍缺：TCCDInterfaceFormShim 沒有成員 RetrunUpStep		
HELD	aTester_Rear.cpp	8078	8080	1	GATE K1G7 --	Index 臂：等使用者在 BCB6 寫 9050 的 Index 流程（RULINGS_20260929 第 8 條）	GATE K1G7 -- golden :5978 CCDInterfaceForm->CloseCCDForm() (see :5922)	CCDInterfaceForm->CloseCCDForm();			FAIL			yes	aTester_Rear.cpp:8079:39: error: 'class TCCDInterfaceFormShim' has no member named 'CloseCCDForm'	HELD（Index 臂：等使用者在 BCB6 寫 9050 的 Index 流程（RULINGS_20260929 第 8 條））；探針：仍缺：TCCDInterfaceFormShim 沒有成員 CloseCCDForm		
HELD	aTester_Rear.cpp	8530	8532	1	GATE K1G1 --	Index 臂：等使用者在 BCB6 寫 9050 的 Index 流程（RULINGS_20260929 第 8 條）	GATE K1G1 -- golden :6416 COM2->SendCommToVision(COM2->rtArmIndex1, true) (offline no-op)	COM2->SendCommToVision(COM2->rtArmIndex1, true);			FAIL			yes	aTester_Rear.cpp:8531:35: error: 'class TCOM2Shim' has no member named 'SendCommToVision'	HELD（Index 臂：等使用者在 BCB6 寫 9050 的 Index 流程（RULINGS_20260929 第 8 條））；探針：仍缺：TCOM2Shim 沒有成員 SendCommToVision		
HELD	aTester_Rear.cpp	8538	8540	1	GATE K1G1 --	Index 臂：等使用者在 BCB6 寫 9050 的 Index 流程（RULINGS_20260929 第 8 條）	GATE K1G1 -- golden :6422 COM2->SendCommToVision(COM2->rtCHECKNULL, true) (offline no-op)	COM2->SendCommToVision(COM2->rtCHECKNULL, true);			FAIL			yes	aTester_Rear.cpp:8539:39: error: 'class TCOM2Shim' has no member named 'SendCommToVision'	HELD（Index 臂：等使用者在 BCB6 寫 9050 的 Index 流程（RULINGS_20260929 第 8 條））；探針：仍缺：TCOM2Shim 沒有成員 SendCommToVision		
HELD	aTester_Rear.cpp	8564	8566	1	GATE K1G1 --	Index 臂：等使用者在 BCB6 寫 9050 的 Index 流程（RULINGS_20260929 第 8 條）	GATE K1G1 -- golden :6446 COM2->SendCommToVision(COM2->rtArmIndex1, true) (offline no-op)	COM2->SendCommToVision(COM2->rtArmIndex1, true);			FAIL			yes	aTester_Rear.cpp:8565:31: error: 'class TCOM2Shim' has no member named 'SendCommToVision'	HELD（Index 臂：等使用者在 BCB6 寫 9050 的 Index 流程（RULINGS_20260929 第 8 條））；探針：仍缺：TCOM2Shim 沒有成員 SendCommToVision		
HELD	aTester_Rear.cpp	8572	8574	1	GATE K1G1 --	Index 臂：等使用者在 BCB6 寫 9050 的 Index 流程（RULINGS_20260929 第 8 條）	GATE K1G1 -- golden :6452 COM2->SendCommToVision(COM2->rtCHECKIC, true) (offline no-op)	COM2->SendCommToVision(COM2->rtCHECKIC, true);			FAIL			yes	aTester_Rear.cpp:8573:35: error: 'class TCOM2Shim' has no member named 'SendCommToVision'	HELD（Index 臂：等使用者在 BCB6 寫 9050 的 Index 流程（RULINGS_20260929 第 8 條））；探針：仍缺：TCOM2Shim 沒有成員 SendCommToVision		
HELD	aTester_Rear.cpp	8651	8653	1	GATE K1G13 --	Index 臂：等使用者在 BCB6 寫 9050 的 Index 流程（RULINGS_20260929 第 8 條）	GATE K1G13 -- golden :6529 SaveFile(asHandlePath, sBufferT).  SaveFile itself IS ported (csystem.h:259) -- it is asHandlePath (common.h:116, common.cpp:185) that is UNREACHABLE from this TU: aArmHeader.h keeps its whole include list, common.h included, inside a dead god-header guard (aArmHeader.h:97	SaveFile(asHandlePath, sBufferT);                       //kevin 20190411 add log		sim+ship	PASS-WITH-INCLUDE			likely-no（缺 include）	aTester_Rear.cpp:8652:34: error: 'asHandlePath' was not declared in this scope	HELD（Index 臂：等使用者在 BCB6 寫 9050 的 Index 流程（RULINGS_20260929 第 8 條））；探針：候選：補 include common.h 後照 golden 解開（先確認那個名字是真本體、不是 stub／shim）		
HELD	aTester_Rear.cpp	8658	8660	1	GATE K1G13 --	Index 臂：等使用者在 BCB6 寫 9050 的 Index 流程（RULINGS_20260929 第 8 條）	GATE K1G13 -- golden :6534 SaveFile(asHandlePath, sBufferT) (see :6529)	SaveFile(asHandlePath, sBufferT);                       //kevin 20190411 add log		sim+ship	PASS-WITH-INCLUDE			likely-no（缺 include）	aTester_Rear.cpp:8659:34: error: 'asHandlePath' was not declared in this scope	HELD（Index 臂：等使用者在 BCB6 寫 9050 的 Index 流程（RULINGS_20260929 第 8 條））；探針：候選：補 include common.h 後照 golden 解開（先確認那個名字是真本體、不是 stub／shim）		
HELD	aTester_Rear.cpp	8757	8759	1	TODO(G01)	Index 臂：等使用者在 BCB6 寫 9050 的 Index 流程（RULINGS_20260929 第 8 條）	TODO(G01) AI(W7B-DoTestYRear-c2) 20260810 -- golden :6629 ShowMainScreenPresure(0) -- golden main.h free function, NO body anywhere in the port tree (atester.cpp carries a TU-local W7T1_ShowMainScreenPresure stand-in; this TU has none). Pure main-screen Z1/Z2-encoder UI paint, no state the SM reads 	ShowMainScreenPresure(0);                                                                                                                   //jou 2010-06-23 畫面Z1,Z2 encoder 顯示		sim+ship	PASS			likely-no	(compiles: -fsyntax-only)	HELD（Index 臂：等使用者在 BCB6 寫 9050 的 Index 流程（RULINGS_20260929 第 8 條））；探針：候選：照 golden 解開（先看風險標記）		
HELD	aTester_Rear.cpp	8772	8776	3	TODO(G02)	Index 臂：等使用者在 BCB6 寫 9050 的 Index 流程（RULINGS_20260929 第 8 條）	TODO(G02) AI(W7B-DoTestYRear-c2) 20260810 -- golden :6642-6644 ShowMainScreenPresure(0) -- same gap as G01. The WHOLE if-statement is gated (not just the call) because golden has no braces here: gating only the call would leave if(...) with no statement.	if(USE_ReadIndex_TOQUE==false &&		sim+ship	PASS			likely-no	(compiles: -fsyntax-only)	HELD（Index 臂：等使用者在 BCB6 寫 9050 的 Index 流程（RULINGS_20260929 第 8 條））；探針：候選：照 golden 解開（先看風險標記）		
HELD	aTester_Rear.cpp	8804	8811	6	TODO(G03)	Index 臂：等使用者在 BCB6 寫 9050 的 Index 流程（RULINGS_20260929 第 8 條）	TODO(G03) AI(W7B-DoTestYRear-c2) 20260810 -- golden :6672-6677 fMesSystem->asGetRcsCheckingResult (golden Mes/fVATMesFileSys.h:204) -- fMesSystem is not declared anywhere in the port. Gated arm is unreachable offline anyway: the enclosing guard needs IniConfig.bVTESTFunction && bGetRcsCheckingResult	if(LastSet.iRunStartMode!=rsmAutoSiteMap &&		sim+ship	PASS-WITH-INCLUDE			likely-no（缺 include）	aTester_Rear.cpp:8806:28: error: 'fMesSystem' was not declared in this scope	HELD（Index 臂：等使用者在 BCB6 寫 9050 的 Index 流程（RULINGS_20260929 第 8 條））；探針：候選：補 include forms/fMesSystem.h 後照 golden 解開（先確認那個名字是真本體、不是 stub／shim）		
HELD	aTester_Rear.cpp	8920	8925	4	TODO(G04)	Index 臂：等使用者在 BCB6 寫 9050 的 Index 流程（RULINGS_20260929 第 8 條）	TODO(G04) AI(W7B-DoTestYRear-c2) 20260810 -- golden :6786-6789 ScanBtnThd->Stop() (golden ScanBtnThread) -- no port declaration. Offline: the RTC scan thread does not exist, so there is nothing to stop.	if(REAL_TIME_CCD==true)			FAIL			yes	aTester_Rear.cpp:8923:37: error: 'ScanBtnThd' was not declared in this scope	HELD（Index 臂：等使用者在 BCB6 寫 9050 的 Index 流程（RULINGS_20260929 第 8 條））；探針：仍缺：未宣告 ScanBtnThd		
HELD	aTester_Rear.cpp	8929	8931	1	TODO(G22)	Index 臂：等使用者在 BCB6 寫 9050 的 Index 流程（RULINGS_20260929 第 8 條）	TODO(G22) AI(W7B-DoTestYRear-c2) 20260810 -- golden :6793 fHome->GaliMotorServoOff(AnsiString) (golden uhome.h:77). TfHome DOES exist in the port (forms/fHome.h) but DELIBERATELY omits this member -- forms/fHome.h:30-34 says declaring it would invite retiring the existing seams without translating t	fHome->GaliMotorServoOff("DoTestYRear");                                                                                        //Steven 20230712 : 修正SwServoOn.Off時, 要抓住Z煞車		sim+ship	PASS-WITH-INCLUDE			likely-no（缺 include）	aTester_Rear.cpp:8930:33: error: 'fHome' was not declared in this scope	SAFETY 閘：編得過也先問筆電；HELD（Index 臂：等使用者在 BCB6 寫 9050 的 Index 流程（RULINGS_20260929 第 8 條））；探針：候選：補 include forms/fHome.h 後照 golden 解開（先確認那個名字是真本體、不是 stub／shim）	HIGH-KW SAFETY	
HELD	aTester_Rear.cpp	8940	8945	4	TODO(G05)	Index 臂：等使用者在 BCB6 寫 9050 的 Index 流程（RULINGS_20260929 第 8 條）	TODO(G05) AI(W7B-DoTestYRear-c2) 20260810 -- golden :6802-6805 ScanBtnThd->Stop() -- same gap as G04.	if(REAL_TIME_CCD==true)			FAIL			yes	aTester_Rear.cpp:8943:33: error: 'ScanBtnThd' was not declared in this scope	HELD（Index 臂：等使用者在 BCB6 寫 9050 的 Index 流程（RULINGS_20260929 第 8 條））；探針：仍缺：未宣告 ScanBtnThd		
HELD	aTester_Rear.cpp	8991	9028	36	TODO(G06)	Index 臂：等使用者在 BCB6 寫 9050 的 Index 流程（RULINGS_20260929 第 8 條）	TODO(G06) AI(W7B-DoTestYRear-c2) 20260810 -- golden :6851-6886 WHOLE RTC/CCD half-view send-and-wait region. Absent: COM2->SendCommToVision / ->rtArmIndex1 / ->OpenRTCComPortAgain, ScanBtnThd->Start(), fLotInfo->ALed2. BEHAVIOUR-NEUTRAL OFFLINE: the region head requires !COM2->bCCDDummyRum and TCOM2	if(REAL_TIME_CCD==true &&                                                                                                                   //----- by dell ccd realtime-------------			FAIL			yes	aTester_Rear.cpp:8998:35: error: 'class TCOM2Shim' has no member named 'SendCommToVision'	HELD（Index 臂：等使用者在 BCB6 寫 9050 的 Index 流程（RULINGS_20260929 第 8 條））；探針：仍缺：TCOM2Shim 沒有成員 SendCommToVision		
HELD	aTester_Rear.cpp	9037	9114	76	TODO(G07)	Index 臂：等使用者在 BCB6 寫 9050 的 Index 流程（RULINGS_20260929 第 8 條）	TODO(G07) AI(W7B-DoTestYRear-c2) 20260810 -- golden :6895-6970 WHOLE RTC arm-state result region (incl. the #ifdef RTCErrorType arms, which ARE live in this tree -- MachineType.h:60). Absent: ScanBtnThd->GetArmState()/SetArmState(), COM2->bRealTimeCom_ReceiveOK[]/rtAlarHasIC/rtALARMArm1NG/rtALARMArm	if(REAL_TIME_CCD && COM2->bCCDDummyRum==false)                                                                                              //----- by dell ccd realtime-------------			FAIL			yes	aTester_Rear.cpp:9040:28: error: 'ScanBtnThd' was not declared in this scope	HELD（Index 臂：等使用者在 BCB6 寫 9050 的 Index 流程（RULINGS_20260929 第 8 條））；探針：仍缺：未宣告 ScanBtnThd		
HELD	aTester_Rear.cpp	9192	9195	2	TODO(G08)	Index 臂：等使用者在 BCB6 寫 9050 的 Index 流程（RULINGS_20260929 第 8 條）	TODO(G08) AI(W7B-DoTestYRear-c2) 20260810 -- golden :7048-7049 COM2->bGetValue (golden rs232.h) -- not a TCOM2Shim member. Leaves the TorqueUseHPComCard arm empty; UNREACHABLE OFFLINE because TorqueUseHPComCard=false (cmydef.cpp:3469), so the else arm at golden :7053-7055 does the Z1DownZ2Up call ex	if(COM2->bGetValue)		ship	PASS		SHIP-FAIL aTester_Rear.cpp:9193:34: error: 'class TCOM2Shim' has no member named 'bGetValue'	yes（出貨組態）	aTester_Rear.cpp:9193:34: error: 'class TCOM2Shim' has no member named 'bGetValue'	HELD（Index 臂：等使用者在 BCB6 寫 9050 的 Index 流程（RULINGS_20260929 第 8 條））；探針：仍缺（出貨組態才編得到／才出錯）：TCOM2Shim 沒有成員 bGetValue		
HELD	aTester_Rear.cpp	9239	9241	1	TODO(G09)	Index 臂：等使用者在 BCB6 寫 9050 的 Index 流程（RULINGS_20260929 第 8 條）	TODO(G09) AI(W7B-DoTestYRear-c2) 20260810 -- golden :7093 ATC_InterfaceForm->HandlerArm(0) -- TATC_InterfaceFormShim (acarry_shims.h:109-115) exposes only iATC_MODE_TYPE. Pure notify-ATC-which-arm message, no state this SM reads back. Guard also needs ATC_SYSTEM==eNewATCSystem && Temperature.bATCAct	ATC_InterfaceForm->HandlerArm(0);			FAIL			yes	aTester_Rear.cpp:9240:48: error: 'class TATC_InterfaceFormShim' has no member named 'HandlerArm'	HELD（Index 臂：等使用者在 BCB6 寫 9050 的 Index 流程（RULINGS_20260929 第 8 條））；探針：仍缺：TATC_InterfaceFormShim 沒有成員 HandlerArm		
HELD	aTester_Rear.cpp	9245	9247	1	TODO(G10)	Index 臂：等使用者在 BCB6 寫 9050 的 Index 流程（RULINGS_20260929 第 8 條）	TODO(G10) AI(W7B-DoTestYRear-c2) 20260810 -- golden :7097 fContact->ATC_SwitchTjSignal(1,false) (golden cContact.h:603) -- TfContactShim has no such member and cContact.cpp is untranslated. Outbound ATC TJ signal only.	fContact->ATC_SwitchTjSignal(1, false);                                                                                                 //Ifor 20210622 add: ATC Switch TJ			FAIL			yes	aTester_Rear.cpp:9246:35: error: 'class TfContactShim' has no member named 'ATC_SwitchTjSignal'	HELD（Index 臂：等使用者在 BCB6 寫 9050 的 Index 流程（RULINGS_20260929 第 8 條））；探針：仍缺：TfContactShim 沒有成員 ATC_SwitchTjSignal		
HELD	aTester_Rear.cpp	9277	9279	1	TODO(G11)	Index 臂：等使用者在 BCB6 寫 9050 的 Index 流程（RULINGS_20260929 第 8 條）	TODO(G11) AI(W7B-DoTestYRear-c2) 20260810 -- golden :7127 ShowMainScreenPresure(0) -- same gap as G01.	ShowMainScreenPresure(0);                                                                                                               //jou 2010-06-23 畫面Z1,Z2 encoder 顯示		sim+ship	PASS			likely-no	(compiles: -fsyntax-only)	HELD（Index 臂：等使用者在 BCB6 寫 9050 的 Index 流程（RULINGS_20260929 第 8 條））；探針：候選：照 golden 解開（先看風險標記）		
HELD	aTester_Rear.cpp	9283	9290	6	TODO(G12)	Index 臂：等使用者在 BCB6 寫 9050 的 Index 流程（RULINGS_20260929 第 8 條）	TODO(G12) AI(W7B-DoTestYRear-c2) 20260810 -- golden :7131-7136 RTC arm-finish notify block. Absent: COM2->SendCommToVision/->rtArmFinish, ScanBtnThd->Stop(). BEHAVIOUR-NEUTRAL OFFLINE (head requires COM2->bCCDDummyRum==false; shim ctor sets it true). NOTE: bRTCArm2HalfViewError=false is gated with i	if(REAL_TIME_CCD && COM2->bCCDDummyRum==false)			FAIL			yes	aTester_Rear.cpp:9287:35: error: 'class TCOM2Shim' has no member named 'SendCommToVision'	HELD（Index 臂：等使用者在 BCB6 寫 9050 的 Index 流程（RULINGS_20260929 第 8 條））；探針：仍缺：TCOM2Shim 沒有成員 SendCommToVision		
HELD	aTester_Rear.cpp	9324	9326	1	GATE (W7b-I1)	Index 臂：等使用者在 BCB6 寫 9050 的 Index 流程（RULINGS_20260929 第 8 條）	GATE (W7b-I1)	ATCInterfaceForm->ATC_SYS.SetNowArm(0);                                                                                             //ATC		sim+ship	PASS-WITH-INCLUDE			likely-no（缺 include）	aTester_Rear.cpp:9325:29: error: 'ATCInterfaceForm' was not declared in this scope	HELD（Index 臂：等使用者在 BCB6 寫 9050 的 Index 流程（RULINGS_20260929 第 8 條））；探針：候選：補 include ATC/ATCInterface.h 後照 golden 解開（先確認那個名字是真本體、不是 stub／shim）		
HELD	aTester_Rear.cpp	9331	9333	1	GATE (W7b-I1)	Index 臂：等使用者在 BCB6 寫 9050 的 Index 流程（RULINGS_20260929 第 8 條）	GATE (W7b-I1)	ATCInterfaceForm->ATC_60_SYS.SetHandlerNowArm(0);		sim+ship	PASS-WITH-INCLUDE			likely-no（缺 include）	aTester_Rear.cpp:9332:29: error: 'ATCInterfaceForm' was not declared in this scope	HELD（Index 臂：等使用者在 BCB6 寫 9050 的 Index 流程（RULINGS_20260929 第 8 條））；探針：候選：補 include ATC/ATCInterface.h 後照 golden 解開（先確認那個名字是真本體、不是 stub／shim）		
HELD	aTester_Rear.cpp	9410	9412	1	TODO(G13)	Index 臂：等使用者在 BCB6 寫 9050 的 Index 流程（RULINGS_20260929 第 8 條）	TODO(G13) AI(W7B-DoTestYRear-c2) 20260810 -- golden :7237 fMain->edTorue0 (golden main.h) -- this file's W64bT2_TfMainTorqueSeam (aTester_Rear.cpp:1019-1031) carries chkReadTorque1/2 + edTorue1 but NOT edTorue0, and the seam is file-scope so a mid-function chunk cannot extend it. Pure UI text clear.	fMain->edTorue0->Text="";		sim+ship	PASS			likely-no	(compiles: -fsyntax-only)	HELD（Index 臂：等使用者在 BCB6 寫 9050 的 Index 流程（RULINGS_20260929 第 8 條））；探針：候選：照 golden 解開（先看風險標記）		
HELD	aTester_Rear.cpp	9420	9422	1	TODO(G14)	Index 臂：等使用者在 BCB6 寫 9050 的 Index 流程（RULINGS_20260929 第 8 條）	TODO(G14) AI(W7B-DoTestYRear-c2) 20260810 -- golden :7245 fMain->edTorue0 -- same gap as G13.	fMain->edTorue0->Text="";		sim+ship	PASS			likely-no	(compiles: -fsyntax-only)	HELD（Index 臂：等使用者在 BCB6 寫 9050 的 Index 流程（RULINGS_20260929 第 8 條））；探針：候選：照 golden 解開（先看風險標記）		
HELD	aTester_Rear.cpp	9744	9746	1	TODO(G17)	Index 臂：等使用者在 BCB6 寫 9050 的 Index 流程（RULINGS_20260929 第 8 條）	TODO(G17) AI(W7B-DoTestYRear-c2) 20260810 -- golden :7561 ShowMainScreenPresure(0) -- same gap as G01.	ShowMainScreenPresure(0);                                                                       //kevin 20201027  //jou 2010-06-23 畫面Z1,Z2 encoder 顯示		sim+ship	PASS			likely-no	(compiles: -fsyntax-only)	HELD（Index 臂：等使用者在 BCB6 寫 9050 的 Index 流程（RULINGS_20260929 第 8 條））；探針：候選：照 golden 解開（先看風險標記）		
HELD	aTester_Rear.cpp	10317	10319	1	GATE W7R3-G02 --	Index 臂：等使用者在 BCB6 寫 9050 的 Index 流程（RULINGS_20260929 第 8 條）	GATE W7R3-G02 -- golden :8124 fMain->edTorue0 (golden main.h:466 TEdit*). FormsFacade TfMain has NO edTorue0 -- forms/fMain.h:386-402 records it as DELIBERATELY not added -- and this file's W64bT2_TfMainTorqueSeam carries edTorue1 ONLY, never edTorue0. Substituting edTorue1 would write the ARM-2 tor	fMain->edTorue0->Text="";		sim+ship	PASS			likely-no	(compiles: -fsyntax-only)	HELD（Index 臂：等使用者在 BCB6 寫 9050 的 Index 流程（RULINGS_20260929 第 8 條））；探針：候選：照 golden 解開（先看風險標記）		
HELD	aTester_Rear.cpp	10503	10506	2	GATE W7R3-G04 --	Index 臂：等使用者在 BCB6 寫 9050 的 Index 流程（RULINGS_20260929 第 8 條）	GATE W7R3-G04 -- golden :8304-8305 COM2->SendCommToVision(COM2->rtArmIndex2/rtCHECKIC, true). None of the three tokens exists on the SHARED TCOM2Shim (atester_shims.h:420-461 = bCCDDummyRum / DoReleaseAndInspEnd / ATCAlarmSenCheck); SendCommToVision + the rt* channel ids live ONLY on atester.cpp's T	COM2->SendCommToVision(COM2->rtArmIndex2, true);			FAIL			yes	aTester_Rear.cpp:10504:31: error: 'class TCOM2Shim' has no member named 'SendCommToVision'	HELD（Index 臂：等使用者在 BCB6 寫 9050 的 Index 流程（RULINGS_20260929 第 8 條））；探針：仍缺：TCOM2Shim 沒有成員 SendCommToVision		
HELD	aTester_Rear.cpp	10508	10510	1	GATE W7R3-G05 --	Index 臂：等使用者在 BCB6 寫 9050 的 Index 流程（RULINGS_20260929 第 8 條）	GATE W7R3-G05 -- golden :8307 ScanBtnThd->Start(). The global scan-button thread pointer is declared NOWHERE in the port: class ScanBtn exists (ScanBtnThread.h:63) but no `ScanBtn *ScanBtnThd` object, and the only two textual uses in the tree (atester.cpp:10822/:10997) sit inside atester.cpp's `#if 	ScanBtnThd->Start();			FAIL			yes	aTester_Rear.cpp:10509:29: error: 'ScanBtnThd' was not declared in this scope	HELD（Index 臂：等使用者在 BCB6 寫 9050 的 Index 流程（RULINGS_20260929 第 8 條））；探針：仍缺：未宣告 ScanBtnThd		
HELD	aTester_Rear.cpp	10872	10892	19	GATE W7R3-G09 --	Index 臂：等使用者在 BCB6 寫 9050 的 Index 流程（RULINGS_20260929 第 8 條）	GATE W7R3-G09 -- golden :8663-8681, the body of case 11020's RTC block. SIX absent symbols, all of them only on TU-local seams elsewhere: ScanBtnThd (see GATE W7R3-G05), COM2->bRealTimeCom_ReceiveOK[], COM2->rtAlarHasIC, COM2->rtAlarGrabTimeOut, COM2->SendCommToVision, COM2->rtRelease. The whole bod	if(ScanBtnThd->GetArmState())			FAIL			yes	aTester_Rear.cpp:10873:24: error: 'ScanBtnThd' was not declared in this scope	HELD（Index 臂：等使用者在 BCB6 寫 9050 的 Index 流程（RULINGS_20260929 第 8 條））；探針：仍缺：未宣告 ScanBtnThd		
HELD	aTester_Rear.cpp	10913	10915	1	GATE W7R3-G10 --	Index 臂：等使用者在 BCB6 寫 9050 的 Index 流程（RULINGS_20260929 第 8 條）	GATE W7R3-G10 -- golden :8702 ScanBtnThd->Stop(); same absent global as GATE W7R3-G05. Narrowed to the single call: golden's two enclosing guards on :8696-8701 stay LIVE.	ScanBtnThd->Stop();			FAIL			yes	aTester_Rear.cpp:10914:29: error: 'ScanBtnThd' was not declared in this scope	HELD（Index 臂：等使用者在 BCB6 寫 9050 的 Index 流程（RULINGS_20260929 第 8 條））；探針：仍缺：未宣告 ScanBtnThd		
HELD	aTester_Rear.cpp	10923	10925	1	GATE W7R3-G11 --	Index 臂：等使用者在 BCB6 寫 9050 的 Index 流程（RULINGS_20260929 第 8 條）	GATE W7R3-G11 -- golden :8710 ATC_InterfaceForm->HandlerArm(1). TATC_InterfaceFormShim (acarry_shims.h:109-115) carries iATC_MODE_TYPE ONLY. TRAP-5 WARNING for whoever retires this: the `HandlerArm` token DOES exist in the tree (ATC/ATCSystem.h + atester.cpp) but on a DIFFERENT class -- calling it t	ATC_InterfaceForm->HandlerArm(1);			FAIL			yes	aTester_Rear.cpp:10924:44: error: 'class TATC_InterfaceFormShim' has no member named 'HandlerArm'	HELD（Index 臂：等使用者在 BCB6 寫 9050 的 Index 流程（RULINGS_20260929 第 8 條））；探針：仍缺：TATC_InterfaceFormShim 沒有成員 HandlerArm		
HELD	aTester_Rear.cpp	10929	10931	1	GATE W7R3-G12 --	Index 臂：等使用者在 BCB6 寫 9050 的 Index 流程（RULINGS_20260929 第 8 條）	GATE W7R3-G12 -- golden :8714 fContact->ATC_SwitchTjSignal(2). The token ATC_SwitchTjSignal exists NOWHERE in the port tree (not even on a TU-local seam); TfContactShim (atester_shims.h:154+) has no such method. Offline: pure output toward the ATC TJ line -- nothing in the SM reads it back. Real mac	fContact->ATC_SwitchTjSignal(2);                                                                    //Ifor 20210622 add: ATC Switch TJ			FAIL			yes	aTester_Rear.cpp:10930:31: error: 'class TfContactShim' has no member named 'ATC_SwitchTjSignal'	HELD（Index 臂：等使用者在 BCB6 寫 9050 的 Index 流程（RULINGS_20260929 第 8 條））；探針：仍缺：TfContactShim 沒有成員 ATC_SwitchTjSignal		
HELD	aTester_Rear.cpp	11128	11131	2	GATE W7R3-G15 --	Index 臂：等使用者在 BCB6 寫 9050 的 Index 流程（RULINGS_20260929 第 8 條）	GATE W7R3-G15 -- golden :8909-8910 COM2->SendCommToVision(COM2->rtArmIndex1/rtCHECKIC, true); the arm-1 twin of GATE W7R3-G04, same three absent tokens. golden :8911 bRealCCDSendArm=false stays LIVE. GOLDEN ODDITY PRESERVED VERBATIM just above: :8904-8906 is `if(TestIF_File.bRTC20GiveWayCheck==true)	COM2->SendCommToVision(COM2->rtArmIndex1, true);			FAIL			yes	aTester_Rear.cpp:11129:31: error: 'class TCOM2Shim' has no member named 'SendCommToVision'	HELD（Index 臂：等使用者在 BCB6 寫 9050 的 Index 流程（RULINGS_20260929 第 8 條））；探針：仍缺：TCOM2Shim 沒有成員 SendCommToVision		
HELD	aTester_Rear.cpp	11133	11135	1	GATE W7R3-G16 --	Index 臂：等使用者在 BCB6 寫 9050 的 Index 流程（RULINGS_20260929 第 8 條）	GATE W7R3-G16 -- golden :8912 ScanBtnThd->Start(); arm-1 twin of GATE W7R3-G05, same absent global.	ScanBtnThd->Start();			FAIL			yes	aTester_Rear.cpp:11134:25: error: 'ScanBtnThd' was not declared in this scope	HELD（Index 臂：等使用者在 BCB6 寫 9050 的 Index 流程（RULINGS_20260929 第 8 條））；探針：仍缺：未宣告 ScanBtnThd		
HELD	aTester_Rear.cpp	11252	11272	19	GATE W7R3-G17 --	Index 臂：等使用者在 BCB6 寫 9050 的 Index 流程（RULINGS_20260929 第 8 條）	GATE W7R3-G17 -- golden :9029-9047, the arm-1 twin of GATE W7R3-G09 (same six absent ScanBtnThd/COM2 symbols, same un-narrowable outer predicate ScanBtnThd->GetArmState()). golden's `if(REAL_TIME_CCD && COM2->bCCDDummyRum==false)` on :9027-9028 stays LIVE and is false offline.	if(ScanBtnThd->GetArmState())			FAIL			yes	aTester_Rear.cpp:11253:24: error: 'ScanBtnThd' was not declared in this scope	HELD（Index 臂：等使用者在 BCB6 寫 9050 的 Index 流程（RULINGS_20260929 第 8 條））；探針：仍缺：未宣告 ScanBtnThd		
HELD	aTester_Rear.cpp	11305	11307	1	GATE W7R3-G18 --	Index 臂：等使用者在 BCB6 寫 9050 的 Index 流程（RULINGS_20260929 第 8 條）	GATE W7R3-G18 -- golden :9080 ScanBtnThd->Stop(); arm-1 twin of GATE W7R3-G10.	ScanBtnThd->Stop();			FAIL			yes	aTester_Rear.cpp:11306:29: error: 'ScanBtnThd' was not declared in this scope	HELD（Index 臂：等使用者在 BCB6 寫 9050 的 Index 流程（RULINGS_20260929 第 8 條））；探針：仍缺：未宣告 ScanBtnThd		
HELD	aTester_Rear.cpp	11315	11317	1	GATE W7R3-G19 --	Index 臂：等使用者在 BCB6 寫 9050 的 Index 流程（RULINGS_20260929 第 8 條）	GATE W7R3-G19 -- golden :9088 ATC_InterfaceForm->HandlerArm(0); arm-1 twin of GATE W7R3-G11, same absent shim method and same TRAP-5 name-collision warning.	ATC_InterfaceForm->HandlerArm(0);			FAIL			yes	aTester_Rear.cpp:11316:44: error: 'class TATC_InterfaceFormShim' has no member named 'HandlerArm'	HELD（Index 臂：等使用者在 BCB6 寫 9050 的 Index 流程（RULINGS_20260929 第 8 條））；探針：仍缺：TATC_InterfaceFormShim 沒有成員 HandlerArm		
HELD	aTester_Rear.cpp	11321	11323	1	GATE W7R3-G20 --	Index 臂：等使用者在 BCB6 寫 9050 的 Index 流程（RULINGS_20260929 第 8 條）	GATE W7R3-G20 -- golden :9092 fContact->ATC_SwitchTjSignal(1); arm-1 twin of GATE W7R3-G12, same absent method.	fContact->ATC_SwitchTjSignal(1);                                                                    //Ifor 20210622 add: ATC Switch TJ			FAIL			yes	aTester_Rear.cpp:11322:31: error: 'class TfContactShim' has no member named 'ATC_SwitchTjSignal'	HELD（Index 臂：等使用者在 BCB6 寫 9050 的 Index 流程（RULINGS_20260929 第 8 條））；探針：仍缺：TfContactShim 沒有成員 ATC_SwitchTjSignal		
HELD	aTester_Rear.cpp	11747	11759	11	GATE G-k7-1,	Index 臂：等使用者在 BCB6 寫 9050 的 Index 流程（RULINGS_20260929 第 8 條）	GOLDEN VERBATIM -- golden aTester_Rear.cpp:9323-9333  (GATE G-k7-1, begin)	bool BTestNeedDestroy()			FAIL			yes	aTester_Rear.cpp:11760:6: error: redefinition of 'bool BTestNeedDestroy()'	HELD（Index 臂：等使用者在 BCB6 寫 9050 的 Index 流程（RULINGS_20260929 第 8 條））；探針：仍缺：aTester_Rear.cpp:11760:6: error: redefinition of 'bool BTestNeedDestroy()'		
MEDIUM	acarry_shims.cpp	102	105	2			PT-W5c RETIRED (InShtInLF)	bool InShtInLF(int iSht) { return (iSht==0) ? InSHT1InLF() : InSHT2InLF(); }     // golden csystem.cpp		sim+ship	PASS			n/a	(compiles: -fsyntax-only)	已退役的替身／參考副本（真本體在別處）：不要解（會重複定義），可整段清掉		
MEDIUM	acarry_shims.cpp	106	109	2			PT-W5c RETIRED (InShtInRT)	bool InShtInRT(int iSht) { return (iSht==0) ? InSHT1InRT() : InSHT2InRT(); }     // golden csystem.cpp		sim+ship	PASS			n/a	(compiles: -fsyntax-only)	已退役的替身／參考副本（真本體在別處）：不要解（會重複定義），可整段清掉		
MEDIUM	acarry_shims.cpp	114	117	2			PT-W5c RETIRED (SortSHTInLF)	bool SortSHTInLF() { return false; }                   // golden csystem.cpp (9046AU)		sim+ship	PASS			n/a	(compiles: -fsyntax-only)	已退役的替身／參考副本（真本體在別處）：不要解（會重複定義），可整段清掉		
MEDIUM	acarry_shims.cpp	118	121	2			PT-W5c RETIRED (SortSHTInRT)	bool SortSHTInRT() { return false; }                   // golden csystem.cpp (9046AU)		sim+ship	PASS			n/a	(compiles: -fsyntax-only)	已退役的替身／參考副本（真本體在別處）：不要解（會重複定義），可整段清掉		
MEDIUM	acarry_shims.cpp	128	131	2			PT-W5c RETIRED (DoStepShuttleCheck)	bool DoStepShuttleCheck(int /*iShuttle*/) { return true; }     // golden csystem.cpp		sim+ship	PASS			n/a	(compiles: -fsyntax-only)	已退役的替身／參考副本（真本體在別處）：不要解（會重複定義），可整段清掉		
MEDIUM	acarry_shims.cpp	132	135	2			PT-W5f RETIRED (DoCheckShuttle1EmptyIC)	bool DoCheckShuttle1EmptyIC()             { return true; }     // golden csystem.cpp		sim+ship	PASS			n/a	(compiles: -fsyntax-only)	已退役的替身／參考副本（真本體在別處）：不要解（會重複定義），可整段清掉		
MEDIUM	acarry_shims.cpp	136	139	2			PT-W5f RETIRED (DoCheckShuttle2EmptyIC)	bool DoCheckShuttle2EmptyIC()             { return true; }     // golden csystem.cpp		sim+ship	PASS			n/a	(compiles: -fsyntax-only)	已退役的替身／參考副本（真本體在別處）：不要解（會重複定義），可整段清掉		
MEDIUM	acarry_shims.cpp	140	143	2			PT-W5f RETIRED (DoCheckShuttle1MustHasIC)	bool DoCheckShuttle1MustHasIC()           { return true; }     // golden csystem.cpp		sim+ship	PASS			n/a	(compiles: -fsyntax-only)	已退役的替身／參考副本（真本體在別處）：不要解（會重複定義），可整段清掉		
MEDIUM	acarry_shims.cpp	144	147	2			PT-W5f RETIRED (DoCheckShuttle2MustHasIC)	bool DoCheckShuttle2MustHasIC()           { return true; }     // golden csystem.cpp		sim+ship	PASS			n/a	(compiles: -fsyntax-only)	已退役的替身／參考副本（真本體在別處）：不要解（會重複定義），可整段清掉		
MEDIUM	acarry_shims.cpp	148	151	2			PT-W5f RETIRED (DoCheckShuttle1Prominent)	bool DoCheckShuttle1Prominent()           { return true; }     // golden csystem.cpp		sim+ship	PASS			n/a	(compiles: -fsyntax-only)	已退役的替身／參考副本（真本體在別處）：不要解（會重複定義），可整段清掉		
MEDIUM	acarry_shims.cpp	152	155	2			PT-W5f RETIRED (DoCheckShuttle2Prominent)	bool DoCheckShuttle2Prominent()           { return true; }     // golden csystem.cpp		sim+ship	PASS			n/a	(compiles: -fsyntax-only)	已退役的替身／參考副本（真本體在別處）：不要解（會重複定義），可整段清掉		
MEDIUM	acarry_shims.cpp	156	159	2			PT-W5f RETIRED (InitialCheckShuttle1MustHasICTask)	void InitialCheckShuttle1MustHasICTask()           {}          // golden csystem.cpp		sim+ship	PASS			n/a	(compiles: -fsyntax-only)	已退役的替身／參考副本（真本體在別處）：不要解（會重複定義），可整段清掉		
MEDIUM	acarry_shims.cpp	160	163	2			PT-W5f RETIRED (InitialCheckShuttle2MustHasICTask)	void InitialCheckShuttle2MustHasICTask()           {}          // golden csystem.cpp		sim+ship	PASS			n/a	(compiles: -fsyntax-only)	已退役的替身／參考副本（真本體在別處）：不要解（會重複定義），可整段清掉		
MEDIUM	acarry_shims.cpp	164	167	2			PT-W5f RETIRED (InitialCheckShuttle1ProminentNoHasICTask)	void InitialCheckShuttle1ProminentNoHasICTask()    {}          // golden csystem.cpp		sim+ship	PASS			n/a	(compiles: -fsyntax-only)	已退役的替身／參考副本（真本體在別處）：不要解（會重複定義），可整段清掉		
MEDIUM	acarry_shims.cpp	168	171	2			PT-W5f RETIRED (InitialCheckShuttle2ProminentNoHasICTask)	void InitialCheckShuttle2ProminentNoHasICTask()    {}          // golden csystem.cpp		sim+ship	PASS			n/a	(compiles: -fsyntax-only)	已退役的替身／參考副本（真本體在別處）：不要解（會重複定義），可整段清掉		
MEDIUM	acarry_shims.cpp	172	175	2			PT-W5f RETIRED (InitialCheckShuttle1ProminentTask)	void InitialCheckShuttle1ProminentTask()           {}          // golden csystem.cpp		sim+ship	PASS			n/a	(compiles: -fsyntax-only)	已退役的替身／參考副本（真本體在別處）：不要解（會重複定義），可整段清掉		
MEDIUM	acarry_shims.cpp	176	179	2			PT-W5f RETIRED (InitialCheckShuttle2ProminentTask)	void InitialCheckShuttle2ProminentTask()           {}          // golden csystem.cpp		sim+ship	PASS			n/a	(compiles: -fsyntax-only)	已退役的替身／參考副本（真本體在別處）：不要解（會重複定義），可整段清掉		
MEDIUM	acarry_shims.cpp	184	187	2			PT-W5f RETIRED (Check32siteOnlyEnabled24Site)	bool Check32siteOnlyEnabled24Site() { return false; }  // golden csystem.cpp		sim+ship	PASS			n/a	(compiles: -fsyntax-only)	已退役的替身／參考副本（真本體在別處）：不要解（會重複定義），可整段清掉		
MEDIUM	acarry_shims.cpp	188	191	2			PT-W5f RETIRED (Check32siteOnlyEnabled4x4Site)	bool Check32siteOnlyEnabled4x4Site(){ return false; }  // golden csystem.cpp		sim+ship	PASS			n/a	(compiles: -fsyntax-only)	已退役的替身／參考副本（真本體在別處）：不要解（會重複定義），可整段清掉		
MEDIUM	acarry_shims.cpp	210	213	2			PT-W5c RETIRED (MoveSortArmToAutoSafe)	void MoveSortArmToAutoSafe()           {}                  // golden 9046AU			FAIL			n/a	acarry_shims.cpp:212:6: error: ambiguating new declaration of 'void MoveSortArmToAutoSafe()'	已退役的替身／參考副本（真本體在別處）：不要解（會重複定義），可整段清掉		
MEDIUM	acatchtray.cpp	165	168	2	TODO(W7)		PT-W5c RETIRED (DoReceiveAutoTray)	bool DoReceiveAutoTray(int /*pos*/) { return false; }		sim+ship	PASS			n/a	(compiles: -fsyntax-only)	已退役的替身／參考副本（真本體在別處）：不要解（會重複定義），可整段清掉		
MEDIUM	acatchtray_shims.cpp	117	119	1			PT-W7e-part2 RETIRED (MoveInArm2XYToWait): real translated body now in ainarm2.cpp	bool MoveInArm2XYToWait()                       { return true;  }		sim+ship	PASS			n/a	(compiles: -fsyntax-only)	已退役的替身／參考副本（真本體在別處）：不要解（會重複定義），可整段清掉		
MEDIUM	acatchtray_shims.cpp	120	122	1			PT-W7e-part2 RETIRED (MoveInArm2XYToShuttle2Wait): real translated body now in ainarm2.cpp	bool MoveInArm2XYToShuttle2Wait()               { return true;  }		sim+ship	PASS			n/a	(compiles: -fsyntax-only)	已退役的替身／參考副本（真本體在別處）：不要解（會重複定義），可整段清掉		
MEDIUM	acatchtray_shims.cpp	123	125	1			PT-W7e-part2 RETIRED (CheckInArmFinishAllPickerAction): real translated body now in ainarm2.cpp	bool CheckInArmFinishAllPickerAction()          { return true;  }		sim+ship	PASS			n/a	(compiles: -fsyntax-only)	已退役的替身／參考副本（真本體在別處）：不要解（會重複定義），可整段清掉		
MEDIUM	acatchtray_shims.cpp	126	128	1			PT-W7e-part2 RETIRED (IsMoveInArm2XYToWait): real translated body now in ainarm2.cpp	bool IsMoveInArm2XYToWait()                     { return true;  }		sim+ship	PASS			n/a	(compiles: -fsyntax-only)	已退役的替身／參考副本（真本體在別處）：不要解（會重複定義），可整段清掉		
MEDIUM	acatchtray_shims.cpp	129	131	1			PT-W7e-part2 RETIRED (IsMoveInArm2XYToShuttle2Wait): real translated body now in ainarm2.cpp	bool IsMoveInArm2XYToShuttle2Wait()             { return false; }  // golden ainarm2.h:142 (Sam 20250522) -- offline: NOT at wait		sim+ship	PASS			n/a	(compiles: -fsyntax-only)	已退役的替身／參考副本（真本體在別處）：不要解（會重複定義），可整段清掉		
MEDIUM	acatchtray_shims.cpp	147	150	2			PT-W7a RETIRED (SetUnloaderInfoFile)	void SetUnloaderInfoFile(int)                   {}		sim+ship	PASS			n/a	(compiles: -fsyntax-only)	已退役的替身／參考副本（真本體在別處）：不要解（會重複定義），可整段清掉		
MEDIUM	acatchtray_shims.cpp	186	189	2			PT-W7a RETIRED (SetMotorScaleSpeed)	void SetMotorScaleSpeed(int, int)                    {}                  // offline: no-op		sim+ship	PASS			n/a	(compiles: -fsyntax-only)	已退役的替身／參考副本（真本體在別處）：不要解（會重複定義），可整段清掉		
MEDIUM	acatchtray_shims.cpp	190	193	2			PT-W7a RETIRED (SetMotorAccelSpeed)	void SetMotorAccelSpeed(int, int)                    {}                  // AI(W906-AutoCleanFoundation) 20260721: golden cinitial.h:51 sibling -- offline no-op		sim+ship	PASS			n/a	(compiles: -fsyntax-only)	已退役的替身／參考副本（真本體在別處）：不要解（會重複定義），可整段清掉		
MEDIUM	acatchtray_shims.cpp	216	219	2			PT-W5c RETIRED (iReceiveAutoTrayTask)	int  iReceiveAutoTrayTask[MAX_AUTO_TRAY] = {0};               // golden csystem.h:67 (auto-receive cursors)		sim+ship	PASS			n/a	(compiles: -fsyntax-only)	已退役的替身／參考副本（真本體在別處）：不要解（會重複定義），可整段清掉		
MEDIUM	acatchtray_shims.cpp	235	238	2			PT-W5f RETIRED (DoLockUnloader)	bool DoLockUnloader(int /*iAuto*/)         { return true; }   // golden csystem.h:259 -- offline: unloader locked OK		sim+ship	PASS			n/a	(compiles: -fsyntax-only)	已退役的替身／參考副本（真本體在別處）：不要解（會重複定義），可整段清掉		
HELD	adam6024.cpp	862	871	8	GATE (W906-P2B-CONTACTDISPLAY)	INDEXZ-1203／EP 重做	GATE (W906-P2B-CONTACTDISPLAY): 缺 KpaTransferKG 與 fContact 的三個 widget	double dbTransferKg = KpaTransferKG(fInputMPA*1000);                    //Ifor 20150907 :新增顯示目前下壓公斤數與EP轉換公斤數			FAIL			yes	adam6024.cpp:863:59: error: 'KpaTransferKG' was not declared in this scope	HELD（INDEXZ-1203／EP 重做）；探針：仍缺：未宣告 KpaTransferKG		
MEDIUM	ainarm2.cpp	533	544	10	GATE REGISTER above)		GATE k1-G1 -- golden :978-987 (uHPSuckTeam/ExtractLastTeamHasData belong to the OTHER uPlateInfo; see GATE REGISTER above).  The `else` keyword at :987 is gated with the arm; its BLOCK (:988-990) stays ACTIVE so AdjustShuttlePlaceOrder() still runs -- which is exactly what golden does when the team 	uHPSuckTeam *HTTeam;			FAIL			yes	ainarm2.cpp:536:28: error: 'class uPlateInfo' has no member named 'ExtractLastTeamHasData'; did you mean 'ExtractFirstTeam'?	仍缺：uPlateInfo 沒有成員 ExtractLastTeamHasData		
MEDIUM	ainarm2.cpp	1073	1075	1	GATE REGISTER for		GATE k2ai2-G2 -- golden ainarm2.cpp:2117 CheckInArmXYScaleByAutoTeach: same dead symbol as GATE k2ai2-G1, the only body in the tree is the static no-op at AutoClean/AutoClean.cpp:232.  Retire BOTH gates together.  See this part's GATE REGISTER for the absence command, its timestamp and the real-mach	CheckInArmXYScaleByAutoTeach(*iXPos, *iYPos, AOA_Loader);			FAIL			yes	ainarm2.cpp:1074:64: error: 'CheckInArmXYScaleByAutoTeach' was not declared in this scope	仍缺：未宣告 CheckInArmXYScaleByAutoTeach		
MEDIUM	ainarm2.cpp	1376	1410	33			GATE k4e-G02 -- golden :2728-2757, whole body.  fOffSet->GetOffsetPath() and	AnsiString str;		sim+ship	PASS	LINK-OK	SHIP-OK	likely-no	(compiles: -fsyntax-only)	會寫檔：先確認裁示允許寫這個檔；候選：照 golden 解開（先看風險標記）	WRITES-FILE	
MEDIUM	ainarm2.cpp	4310	4321	10			GATE k4e-G01 -- golden :844  AdjustShuttlePlaceOrderForASM()  (golden home	AdjustShuttlePlaceOrderForASM();                                    //Steven 20250206 : fixed ASM之中作one cycle會造成關arm 1時異常			FAIL			yes	ainarm2.cpp:4320:43: error: too few arguments to function 'void AdjustShuttlePlaceOrderForASM(bool)'	仍缺：ainarm2.cpp:4320:43: error: too few arguments to function 'void AdjustShuttlePlaceOrderForASM(bool)'		
MEDIUM	ainarm2.cpp	4673	4677	3	GATE W7E-1 --		GATE W7E-1 -- golden ainarm2.cpp:1057 (3-arg MyDBIProcess; see banner)	MyDBIProcess("Motion", sData, "MoveInArmZToPlateSafe");		ship	PASS	LINK-OK	SHIP-FAIL ainarm2.cpp:4674:82: error: too many arguments to function 'void MyDBIProcess(vclcompat::AnsiString, vclcompat::AnsiString)'	yes（出貨組態）	ainarm2.cpp:4674:82: error: too many arguments to function 'void MyDBIProcess(vclcompat::AnsiString, vclcompat::AnsiString)'	仍缺（出貨組態才編得到／才出錯）：ainarm2.cpp:4674:82: error: too many arguments to function 'void MyDBIProcess(vclcompat::AnsiString, vclcompat::AnsiStri	HAS-#else	
MEDIUM	ainarm2.cpp	5715	5718	2	TODO(k3-ainarm2/INTEGRATOR)		TODO(k3-ainarm2/INTEGRATOR) GATE [G2]+[G3]: CheckInArmAutoAlignmentTrayModeBeUse / CheckInArmAutoAlignmentCKModeBeUse -- golden AutoAlignment/AutoAlignment.h:265-266; the port has NO AutoAlignment directory.  Only TU-local `static` stand-ins exist (asendic_Loader.cpp:274/:304, AutoClean/AutoClean.cp	bDoInArmAutoAlignment  = CheckInArmAutoAlignmentTrayModeBeUse(lInArmAutoAlignmentTrayTimingFlag, true);			FAIL			yes	ainarm2.cpp:5716:122: error: 'CheckInArmAutoAlignmentTrayModeBeUse' was not declared in this scope	仍缺：未宣告 CheckInArmAutoAlignmentTrayModeBeUse		
MEDIUM	ainarm2.cpp	5726	5729	2	TODO(k3-ainarm2/INTEGRATOR)		TODO(k3-ainarm2/INTEGRATOR) GATE [G2]+[G3]: CheckInArmAutoAlignmentTrayModeBeUse / CheckInArmAutoAlignmentCKModeBeUse -- golden AutoAlignment/AutoAlignment.h:265-266; the port has NO AutoAlignment directory.  Only TU-local `static` stand-ins exist (asendic_Loader.cpp:274/:304, AutoClean/AutoClean.cp	bDoInArmAutoAlignment  = CheckInArmAutoAlignmentTrayModeBeUse(lInArmAutoAlignmentTrayTimingFlag, true);			FAIL			yes	ainarm2.cpp:5727:122: error: 'CheckInArmAutoAlignmentTrayModeBeUse' was not declared in this scope	仍缺：未宣告 CheckInArmAutoAlignmentTrayModeBeUse		
MEDIUM	ainarm2.cpp	5930	5935	4	GATE REGISTER in		GATE k2ai2-G1 -- golden ainarm2.cpp:1788-1791, the whole if(iPlate==0)/else whose only two statements are CheckInArmXYScaleByAutoTeach: the ONLY body in the port tree is a static (internal-linkage) no-op stand-in at AutoClean/AutoClean.cpp:232, so there is no linkable symbol at all.  The if/else HEA	if(iPlate==0)			FAIL			yes	ainarm2.cpp:5932:68: error: 'CheckInArmXYScaleByAutoTeach' was not declared in this scope	仍缺：未宣告 CheckInArmXYScaleByAutoTeach		
MEDIUM	ainarm2.cpp	6189	6194	4	GATE (W7e-G1)		GATE (W7e-G1): golden :1976-1979 CheckInArmXYScaleByAutoTeach -- AOA subsystem untranslated; branch unreachable offline (MACHINE_HAS_AUTO_ALIGNMENT_CCD false). See GATE REGISTER above.	if(iShuttle==0)			FAIL			yes	ainarm2.cpp:6191:68: error: 'CheckInArmXYScaleByAutoTeach' was not declared in this scope	仍缺：未宣告 CheckInArmXYScaleByAutoTeach		
MEDIUM	ainarm2.cpp	7614	7635	20			GATE k4e-G03 -- golden :3614-3628, whole body.  The LOAD-BEARING reason is	if(EnableTraymapCheckFunction(0))                                           //wei 20170302 (Steven) Tray map data error			FAIL			yes	ainarm2.cpp:7622:76: error: 'MyDeCodeASCII' was not declared in this scope	仍缺：未宣告 MyDeCodeASCII		
MEDIUM	ainarm2.cpp	7789	7794	4	GATE (W7e-G2a)		GATE (W7e-G2a): golden :3881-3884 -- fMain->cInplace is TfMainInplace (forms/fMain.h:93/:199), which has NO DoSuckToRecycleFromLoader; the real owner is cInArmPlacement (cInArmPlacement.h:86). Unreachable offline (InArmPlacementEnable()==false). See GATE REGISTER above.	if(fMain->cInplace->DoSuckToRecycleFromLoader(false,asErrorPickup))			FAIL			yes	ainarm2.cpp:7790:29: error: 'class TfMainInplace' has no member named 'DoSuckToRecycleFromLoader'	仍缺：TfMainInplace 沒有成員 DoSuckToRecycleFromLoader		
MEDIUM	ainarm2.cpp	7801	7803	1	GATE (W7e-G2b)		GATE (W7e-G2b): golden :3891 -- same symbol/type mismatch as (W7e-G2a). See GATE REGISTER above.	fMain->cInplace->DoSuckToRecycleFromLoader(true,asErrorPickup);			FAIL			yes	ainarm2.cpp:7802:30: error: 'class TfMainInplace' has no member named 'DoSuckToRecycleFromLoader'	仍缺：TfMainInplace 沒有成員 DoSuckToRecycleFromLoader		
MEDIUM	ainarm9045.cpp	733	739	5	TODO(W7)		TODO(W7) -- golden :8597-8697 encoder compare + ShowErrorMessage alarm sink			sim+ship	PASS	LINK-OK	SHIP-OK	likely-no	(compiles: -fsyntax-only)	候選：照 golden 解開（先看風險標記）	HAS-#else	
MEDIUM	ainarm9045.cpp	786	790	3	TODO(W7)		TODO(W7) -- golden :2586 InArmSuck.PordRec[][].Add* prod-record counter	InArmSuck.PordRec[iSuckRow][iSuckCol].AddInArmPickRecord();			FAIL			yes	ainarm9045.cpp:787:43: error: 'class TMyProductionRecord' has no member named 'AddInArmPickRecord'; did you mean 'AddArmSiteRecord'?	仍缺：TMyProductionRecord 沒有成員 AddInArmPickRecord	HAS-#else	
MEDIUM	ainarm9045.cpp	1025	1027	1	GATE G-TIF912-1x2_1		GATE G-TIF912-1x2_1 -- golden :4610 (ainarm9045_1x2_1.cpp not translated)	DoInArm_9045_1x2_1();			FAIL			yes	ainarm9045.cpp:1026:28: error: 'DoInArm_9045_1x2_1' was not declared in this scope	仍缺：未宣告 DoInArm_9045_1x2_1		
MEDIUM	ainarm9045.cpp	1150	1152	1	TODO(W6.2b variants)		TODO(W6.2b variants) -- golden :4704-4830 (remaining per-layout *_SuckerMap arms; un-gate as each variant lands)	/* ... further per-iInArmType *_SuckerMap dispatch arms ... */		sim+ship	PASS	LINK-OK	SHIP-OK	likely-no	(compiles: -fsyntax-only)	候選：照 golden 解開（先看風險標記）		
MEDIUM	ainarm9045.cpp	1222	1225	2	TODO(W7)		TODO(W7) -- golden :3109-3204 (bInRotator/bDieClean/.. flags, CheckNeedRotateWithoutHotIC, fSCKART, PreSetInArmAdditionalFlag)	/* full predicate body verbatim in golden; gated -- depends on untranslated	yes		NESTED			depends		在外層 #if 0 裡面（先看外層）		
MEDIUM	ainarm9045.cpp	1250	1271	20	TODO(W7)		TODO(W7) -- golden :3221-3239 additional-fn selector (bDieClean/bPrecisor/bBottom2DID/bInRotator + Init* calls)	if(InArmSuck.bAlreadyDieClean==false && bDieClean)	yes		NESTED			depends		在外層 #if 0 裡面（先看外層）		
MEDIUM	ainarm9045.cpp	1276	1331	54	TODO(W7)		TODO(W7) -- golden :3246-3304 action SMs (DoInDieClean / DoInArmDevicePosPrecise / fBarCode-> / MoveInArmZToPlateSafe + DoInArmRotateKIT)	case 10000:	yes		NESTED			depends		在外層 #if 0 裡面（先看外層）		
MEDIUM	ainarm9045.cpp	1214	1347	132			AI(W906-INADD) 20260927: 下面三支（CheekNeed… / DoInArmAdditionalFunction / PreSetInArmAdditionalFlag）的離線舊版退休 —— golden :3107-3340 照翻在本檔檔尾	bool CheekNeedToDoInArmAdditionalFunction()                                     // golden :3107			FAIL			yes	ainarm9045.cpp:13382:6: error: redefinition of 'bool CheekNeedToDoInArmAdditionalFunction()'	仍缺：ainarm9045.cpp:13382:6: error: redefinition of 'bool CheekNeedToDoInArmAdditionalFunction()'		
MEDIUM	ainarm9045.cpp	1469	1472	2	TODO(W7)		TODO(W7) -- golden :7332 ShowErrorMessage("WAR0120") alarm sink	ErrPart=InArmSuck.Suck[iLoadPickX][iLoadPickY].sName;		sim+ship	PASS	LINK-OK	SHIP-OK	likely-no	(compiles: -fsyntax-only)	候選：照 golden 解開（先看風險標記）		
MEDIUM	ainarm9045.cpp	3150	3151	0	TODO(W7)		TODO(W7) -- golden :8867-9028 (MOT[] encoders + fProductionInfo->setEditZ* TEdit SM)			sim+ship	PASS			n/a	(compiles: -fsyntax-only)	空的 #if 0（裡面沒有程式）：不用翻，可清掉		
MEDIUM	ainarm9045.cpp	3541	3543	1			PT-W7d RETIRED (AutoTrayEndMusic): the real translated body now lives further down this file	bool AutoTrayEndMusic(int, int)                          { return false; }      // golden :2527			FAIL			n/a	ainarm9045.cpp:5900:6: error: redefinition of 'bool AutoTrayEndMusic(int, int)'	已退役的替身／參考副本（真本體在別處）：不要解（會重複定義），可整段清掉		
MEDIUM	ainarm9045.cpp	3544	3546	1			PT-W7d RETIRED (bCheckYPitchHome): the real translated body now lives further down this file	bool bCheckYPitchHome(int)                               { return false; }      // golden :2564			FAIL			n/a	ainarm9045.cpp:6005:6: error: redefinition of 'bool bCheckYPitchHome(int)'	已退役的替身／參考副本（真本體在別處）：不要解（會重複定義），可整段清掉		
MEDIUM	ainarm9045.cpp	3547	3549	1			PT-W7d RETIRED (bCheckYPitchRunHomeSen): the real translated body now lives further down this file	bool bCheckYPitchRunHomeSen(int)                         { return false; }      // golden :2540			FAIL			n/a	ainarm9045.cpp:5937:6: error: redefinition of 'bool bCheckYPitchRunHomeSen(int)'	已退役的替身／參考副本（真本體在別處）：不要解（會重複定義），可整段清掉		
MEDIUM	ainarm9045.cpp	3551	3553	1			PT-W7d RETIRED (DoTrayEndProcess_9045): the real translated body now lives further down this file	bool DoTrayEndProcess_9045()                             { return false; }      // golden :2828			FAIL			n/a	ainarm9045.cpp:6661:6: error: redefinition of 'bool DoTrayEndProcess_9045()'	已退役的替身／參考副本（真本體在別處）：不要解（會重複定義），可整段清掉		
MEDIUM	ainarm9045.cpp	3554	3556	1			PT-W7d RETIRED (DoTraySkipProcess_9045): the real translated body now lives further down this file	bool DoTraySkipProcess_9045()                            { return false; }      // golden :2894			FAIL			n/a	ainarm9045.cpp:6809:6: error: redefinition of 'bool DoTraySkipProcess_9045()'	已退役的替身／參考副本（真本體在別處）：不要解（會重複定義），可整段清掉		
MEDIUM	ainarm9045.cpp	3557	3559	1			PT-W7d RETIRED (DoRecordSkipPosition_9045): the real translated body now lives further down this file	bool DoRecordSkipPosition_9045(bool)                     { return false; }      // golden :2999			FAIL			n/a	ainarm9045.cpp:6967:6: error: redefinition of 'bool DoRecordSkipPosition_9045(bool)'	已退役的替身／參考副本（真本體在別處）：不要解（會重複定義），可整段清掉		
MEDIUM	ainarm9045.cpp	3560	3562	1			PT-W7d RETIRED (CheckPlaceToShuttle): the real translated body now lives further down this file	bool CheckPlaceToShuttle()                               { return false; }      // golden :2313			FAIL			n/a	ainarm9045.cpp:5802:6: error: redefinition of 'bool CheckPlaceToShuttle()'	已退役的替身／參考副本（真本體在別處）：不要解（會重複定義），可整段清掉		
MEDIUM	ainarm9045.cpp	3563	3565	1			PT-W7d RETIRED (DoInArmPlaceToShuttle_9045): the real translated body now lives further down this file	bool DoInArmPlaceToShuttle_9045()                        { return false; }      // golden :8723			FAIL			n/a	ainarm9045.cpp:12651:6: error: redefinition of 'bool DoInArmPlaceToShuttle_9045()'	已退役的替身／參考副本（真本體在別處）：不要解（會重複定義），可整段清掉		
MEDIUM	ainarm9045.cpp	3566	3568	1			PT-W7d RETIRED (MoveInArmXYAndSuckUp): the real translated body now lives further down this file	bool MoveInArmXYAndSuckUp(int, int, int)                 { return false; }      // golden :9029			FAIL			n/a	ainarm9045.cpp:12837:6: error: redefinition of 'bool MoveInArmXYAndSuckUp(int, int, int)'	已退役的替身／參考副本（真本體在別處）：不要解（會重複定義），可整段清掉		
MEDIUM	ainarm9045.cpp	3569	3571	1			PT-W7d RETIRED (Find_InArm_Single): the real translated body now lives further down this file	bool Find_InArm_Single(int, int&, int&)                  { return false; }      // golden :6364			FAIL			n/a	ainarm9045.cpp:10288:6: error: redefinition of 'bool Find_InArm_Single(int, int&, int&)'	已退役的替身／參考副本（真本體在別處）：不要解（會重複定義），可整段清掉		
MEDIUM	ainarm9045.cpp	3572	3574	1			PT-W7d RETIRED (SearchAndMoveInArmXYToLoad_9045): the real translated body now lives further down this file	bool SearchAndMoveInArmXYToLoad_9045()                   { return false; }      // golden :6960			FAIL			n/a	ainarm9045.cpp:11354:6: error: redefinition of 'bool SearchAndMoveInArmXYToLoad_9045()'	已退役的替身／參考副本（真本體在別處）：不要解（會重複定義），可整段清掉		
MEDIUM	ainarm9045.cpp	3575	3577	1			PT-W7d RETIRED (MoveInArmZToLoaderPick): the real translated body now lives further down this file	bool MoveInArmZToLoaderPick(int)                         { return false; }      // golden :6983			FAIL			n/a	ainarm9045.cpp:11425:6: error: redefinition of 'bool MoveInArmZToLoaderPick(int)'	已退役的替身／參考副本（真本體在別處）：不要解（會重複定義），可整段清掉		
MEDIUM	ainarm9045.cpp	3579	3581	1			PT-W7d RETIRED (MoveInArmXYToShuttle_9045): the real translated body now lives further down this file	bool MoveInArmXYToShuttle_9045(int, int, bool, bool)     { return false; }      // golden :740			FAIL			n/a	ainarm9045.cpp:4030:6: error: redefinition of 'bool MoveInArmXYToShuttle_9045(int, int, bool, bool)'	已退役的替身／參考副本（真本體在別處）：不要解（會重複定義），可整段清掉		
MEDIUM	ainarm9045.cpp	3582	3584	1			PT-W7d RETIRED (MoveInArmZToShuttlePlace_9045): the real translated body now lives further down this file	bool MoveInArmZToShuttlePlace_9045(int)                  { return false; }      // golden :866			FAIL			n/a	ainarm9045.cpp:4241:6: error: redefinition of 'bool MoveInArmZToShuttlePlace_9045(int)'	已退役的替身／參考副本（真本體在別處）：不要解（會重複定義），可整段清掉		
MEDIUM	ainarm9045.cpp	3585	3587	1			PT-W7d RETIRED (InitialInArmNeedSuck): the real translated body now lives further down this file	bool InitialInArmNeedSuck(int, bool)                     { return false; }      // golden :3771			FAIL			n/a	ainarm9045.cpp:7188:6: error: redefinition of 'bool InitialInArmNeedSuck(int, bool)'	已退役的替身／參考副本（真本體在別處）：不要解（會重複定義），可整段清掉		
MEDIUM	ainarm9045.cpp	3588	3590	1			PT-W7d RETIRED (InArmSideAllClose): the real translated body now lives further down this file	bool InArmSideAllClose(int)                              { return true;  }      // golden :4231 (offline: all closed)			FAIL			n/a	ainarm9045.cpp:7253:6: error: redefinition of 'bool InArmSideAllClose(int)'	已退役的替身／參考副本（真本體在別處）：不要解（會重複定義），可整段清掉		
MEDIUM	ainarm9045.cpp	3591	3593	1			PT-W7d RETIRED (InArmSideAllCloseWithKit): the real translated body now lives further down this file	bool InArmSideAllCloseWithKit(int, int)                  { return true;  }      // golden :4251			FAIL			n/a	ainarm9045.cpp:7307:6: error: redefinition of 'bool InArmSideAllCloseWithKit(int, int)'	已退役的替身／參考副本（真本體在別處）：不要解（會重複定義），可整段清掉		
MEDIUM	ainarm9045.cpp	3594	3596	1			PT-W7d RETIRED (bCheckInShuttlePosAndNOIC): the real translated body now lives further down this file	bool bCheckInShuttlePosAndNOIC()                         { return false; }      // golden :4368			FAIL			n/a	ainarm9045.cpp:7430:6: error: redefinition of 'bool bCheckInShuttlePosAndNOIC()'	已退役的替身／參考副本（真本體在別處）：不要解（會重複定義），可整段清掉		
MEDIUM	ainarm9045.cpp	3597	3599	1			PT-W7d RETIRED (InArmNeedCheckOffset): the real translated body now lives further down this file	bool InArmNeedCheckOffset(bool, int)                     { return false; }      // golden :4329			FAIL			n/a	ainarm9045.cpp:7363:6: error: redefinition of 'bool InArmNeedCheckOffset(bool, int)'	已退役的替身／參考副本（真本體在別處）：不要解（會重複定義），可整段清掉		
MEDIUM	ainarm9045.cpp	3600	3602	1			PT-W7d RETIRED (CheckShuttleSensor_9045): the real translated body now lives further down this file	bool CheckShuttleSensor_9045(int)                        { return true;  }      // golden :2070 (offline: no floating)			FAIL			n/a	ainarm9045.cpp:5512:6: error: redefinition of 'bool CheckShuttleSensor_9045(int)'	已退役的替身／參考副本（真本體在別處）：不要解（會重複定義），可整段清掉		
MEDIUM	ainarm9045.cpp	3604	3606	1			PT-W7d RETIRED (MoveInArmXYToWaitTrayArm): the real translated body now lives further down this file	int  MoveInArmXYToWaitTrayArm(int, int, bool, bool)      { return 0; }          // golden :828			FAIL			n/a	ainarm9045.cpp:4160:5: error: redefinition of 'int MoveInArmXYToWaitTrayArm(int, int, bool, bool)'	已退役的替身／參考副本（真本體在別處）：不要解（會重複定義），可整段清掉		
MEDIUM	ainarm9045.cpp	3607	3609	1			PT-W7d RETIRED (GetVariableYInShuttleData): the real translated body now lives further down this file	int  GetVariableYInShuttleData()                         { return 0; }          // golden :2254			FAIL			n/a	ainarm9045.cpp:5715:5: error: redefinition of 'int GetVariableYInShuttleData()'	已退役的替身／參考副本（真本體在別處）：不要解（會重複定義），可整段清掉		
MEDIUM	ainarm9045.cpp	3610	3612	1			PT-W7d RETIRED (AutoCalculateInArmYClosePitch): the real translated body now lives further down this file	int  AutoCalculateInArmYClosePitch(bool, bool)           { return 0; }          // golden :4911			FAIL			n/a	ainarm9045.cpp:7751:5: error: redefinition of 'int AutoCalculateInArmYClosePitch(bool, bool)'	已退役的替身／參考副本（真本體在別處）：不要解（會重複定義），可整段清掉		
MEDIUM	ainarm9045.cpp	3613	3615	1			PT-W7d RETIRED (CheckOneCycleAction): the real translated body now lives further down this file	int  CheckOneCycleAction(int)                            { return 0; }          // golden :7431			FAIL			n/a	ainarm9045.cpp:12212:5: error: redefinition of 'int CheckOneCycleAction(int)'	已退役的替身／參考副本（真本體在別處）：不要解（會重複定義），可整段清掉		
MEDIUM	ainarm9045.cpp	3618	3620	1			PT-W7d RETIRED (SetClosedShtKitToHasNullIC_9045): the real translated body now lives further down this file	bool SetClosedShtKitToHasNullIC_9045(int, int, AnsiString, AnsiString) { return false; } // golden :385			FAIL			n/a	ainarm9045.cpp:3875:6: error: redefinition of 'bool SetClosedShtKitToHasNullIC_9045(int, int, vclcompat::AnsiString, vclcompat::AnsiString)'	已退役的替身／參考副本（真本體在別處）：不要解（會重複定義），可整段清掉		
MEDIUM	ainarm9045.cpp	3624	3626	1			PT-W7d RETIRED (CheckShuttleSensor_9045_1x1): the real translated body now lives further down this file	int CheckShuttleSensor_9045_1x1(int, bool, bool) { return 0; }			FAIL			n/a	ainarm9045.cpp:5022:5: error: redefinition of 'int CheckShuttleSensor_9045_1x1(int, bool, bool)'	已退役的替身／參考副本（真本體在別處）：不要解（會重複定義），可整段清掉		
MEDIUM	ainarm9045.cpp	3627	3629	1			PT-W7d RETIRED (CheckShuttleSensor_9045_1x4): the real translated body now lives further down this file	int CheckShuttleSensor_9045_1x4(int, bool, bool) { return 0; }			FAIL			n/a	ainarm9045.cpp:4777:5: error: redefinition of 'int CheckShuttleSensor_9045_1x4(int, bool, bool)'	已退役的替身／參考副本（真本體在別處）：不要解（會重複定義），可整段清掉		
MEDIUM	ainarm9045.cpp	3630	3632	1			PT-W7d RETIRED (CheckShuttleSensor_9045_2x1): the real translated body now lives further down this file	int CheckShuttleSensor_9045_2x1(int, bool, bool) { return 0; }			FAIL			n/a	ainarm9045.cpp:5050:5: error: redefinition of 'int CheckShuttleSensor_9045_2x1(int, bool, bool)'	已退役的替身／參考副本（真本體在別處）：不要解（會重複定義），可整段清掉		
MEDIUM	ainarm9045.cpp	3633	3635	1			PT-W7d RETIRED (CheckShuttleSensor_9045_2x3): the real translated body now lives further down this file	int CheckShuttleSensor_9045_2x3(int, bool, bool) { return 0; }			FAIL			n/a	ainarm9045.cpp:4846:5: error: redefinition of 'int CheckShuttleSensor_9045_2x3(int, bool, bool)'	已退役的替身／參考副本（真本體在別處）：不要解（會重複定義），可整段清掉		
MEDIUM	ainarm9045.cpp	3636	3638	1			PT-W7d RETIRED (CheckShuttleSensor_9045_2x4): the real translated body now lives further down this file	int CheckShuttleSensor_9045_2x4(int, bool, bool) { return 0; }			FAIL			n/a	ainarm9045.cpp:4895:5: error: redefinition of 'int CheckShuttleSensor_9045_2x4(int, bool, bool)'	已退役的替身／參考副本（真本體在別處）：不要解（會重複定義），可整段清掉		
MEDIUM	ainarm9045.cpp	3639	3641	1			PT-W7d RETIRED (CheckShuttleSensor_9045_1x2): the real translated body now lives further down this file	int CheckShuttleSensor_9045_1x2(int, bool, bool) { return 0; }			FAIL			n/a	ainarm9045.cpp:4960:5: error: redefinition of 'int CheckShuttleSensor_9045_1x2(int, bool, bool)'	已退役的替身／參考副本（真本體在別處）：不要解（會重複定義），可整段清掉		
MEDIUM	ainarm9045.cpp	3642	3644	1			PT-W7d RETIRED (CheckShuttleSensor_9045_2x2): the real translated body now lives further down this file	int CheckShuttleSensor_9045_2x2(int, bool, bool) { return 0; }			FAIL			n/a	ainarm9045.cpp:4992:5: error: redefinition of 'int CheckShuttleSensor_9045_2x2(int, bool, bool)'	已退役的替身／參考副本（真本體在別處）：不要解（會重複定義），可整段清掉		
MEDIUM	ainarm9045.cpp	3645	3647	1			PT-W7d RETIRED (CheckShuttleSensor_9045_2x5): the real translated body now lives further down this file	int CheckShuttleSensor_9045_2x5(int, bool, bool) { return 0; }			FAIL			n/a	ainarm9045.cpp:4554:5: error: redefinition of 'int CheckShuttleSensor_9045_2x5(int, bool, bool)'	已退役的替身／參考副本（真本體在別處）：不要解（會重複定義），可整段清掉		
MEDIUM	ainarm9045.cpp	3648	3650	1			PT-W7d RETIRED (CheckShuttleSensor_9045_2x6): the real translated body now lives further down this file	int CheckShuttleSensor_9045_2x6(int, bool, bool) { return 0; }			FAIL			n/a	ainarm9045.cpp:4616:5: error: redefinition of 'int CheckShuttleSensor_9045_2x6(int, bool, bool)'	已退役的替身／參考副本（真本體在別處）：不要解（會重複定義），可整段清掉		
MEDIUM	ainarm9045.cpp	3651	3653	1			PT-W7d RETIRED (CheckShuttleSensor_9045_2x8): the real translated body now lives further down this file	int CheckShuttleSensor_9045_2x8(int, bool, bool) { return 0; }			FAIL			n/a	ainarm9045.cpp:4702:5: error: redefinition of 'int CheckShuttleSensor_9045_2x8(int, bool, bool)'	已退役的替身／參考副本（真本體在別處）：不要解（會重複定義），可整段清掉		
MEDIUM	ainarm9045.cpp	6340	6342	1	GATE W7D-K2-G02 --		GATE W7D-K2-G02 -- golden :2603 fAutoTeach->CheckLoaderCountNeedOneCycle() -- no fAutoTeach global anywhere in the port (see GATE REGISTER for the exact command + timestamp)	fAutoTeach->CheckLoaderCountNeedOneCycle();                                 //JimmyChiu 20211020 : Auto alignment mode			FAIL			yes	ainarm9045.cpp:6341:5: error: 'fAutoTeach' was not declared in this scope	仍缺：未宣告 fAutoTeach		
MEDIUM	ainarm9045.cpp	6355	6362	6	GATE W7D-K2-G03 --		GATE W7D-K2-G03 -- golden :2616-2621 fSCKART->DoChkInputCntAlarm(bool) -- absent on forms/fSCKART.h TfSCKART.  WHOLE if gated because the call IS the condition; enclosing if(:2609-2614) stays ACTIVE so the else-if chain is unchanged	if(TestIF_File.bRENESAS_EnableFTCT==false &&                            //RogerYang 20250923 : 瑞薩FT-CT 不要Alarm 數量到了繼續把這一盤做完			FAIL			yes	ainarm9045.cpp:6357:22: error: 'class TfSCKART' has no member named 'DoChkInputCntAlarm'	仍缺：TfSCKART 沒有成員 DoChkInputCntAlarm		
MEDIUM	ainarm9045.cpp	6371	6373	1	GATE W7D-K2-G04 --		GATE W7D-K2-G04 -- golden :2630 RestoreLoadeIC(int) -- golden ainarm2.h:220, no port body and no declaration	RestoreLoadeIC(iTrayRow);                                                   //Steven 20211228 : 換位置 //JerryYang 20200422 Auto skip次數到達後, 自動再去最後一排吸吸看			FAIL			yes	ainarm9045.cpp:6372:28: error: 'RestoreLoadeIC' was not declared in this scope	仍缺：未宣告 RestoreLoadeIC		
MEDIUM	ainarm9045.cpp	6380	6393	12	GATE W7D-K2-G05 --		GATE W7D-K2-G05 -- golden :2637-2648 EnableTraymapCheckFunction(int) (golden ainarm2.h:216 / ainarm2.cpp:3585, no port body) + MyDeCodeASCII (EJ1N/TextProcess.h, unreachable: MachineDefine.h:109 is inside the port #if 0) + fTrayMapping/EventReport (exist only behind acatchtray_shims.h, not taken sin	if(EnableTraymapCheckFunction(0))                                           //wei 20170302 (Steven) Tray map data error			FAIL			yes	ainarm9045.cpp:6383:76: error: 'MyDeCodeASCII' was not declared in this scope  (補 include acatchtray_shims.h 之後)	仍缺：未宣告 MyDeCodeASCII		
MEDIUM	ainarm9045.cpp	6468	6470	1	GATE W7D-K2-G07 --		GATE W7D-K2-G07 -- golden :2721 fSCKART->sInfo_CustLotID -- absent on forms/fSCKART.h TfSCKART (it exists only on the separate Automation/SCK_ART_Remainder.h:711 state struct).  Only THIS line is gated; LastSet.iSCKARTInputCT++ below stays ACTIVE.  Deliberately NOT substituted with sLotID alone -- t	InArmSuck.PordRec[iSuckRow][iSuckCol].AddLoadRecord(ASE_InTrayNum, iTrayRow, iTrayCol, iMotXpos, iMotYpos, fSCKART->sLotID+" "+fSCKART->sInfo_CustLotID, fSCKART->sLotStartTime);			FAIL			yes	ainarm9045.cpp:6469:145: error: 'class TfSCKART' has no member named 'sInfo_CustLotID'	仍缺：TfSCKART 沒有成員 sInfo_CustLotID		
MEDIUM	ainarm9045.cpp	6473	6479	5	GATE W7D-K2-G08 --		GATE W7D-K2-G08 -- golden :2724-2728 fLotInfo->tsLotID (golden uLotInfo.h:302 TTabSheet) -- absent on the port fLotInfo.  Gating the whole else-if hands the final else (:2729) the live arm, which is exactly what golden does offline because TabVisible is false	else if(fLotInfo->tsLotID->TabVisible==true &&		sim+ship	PASS	LINK-OK	SHIP-OK	likely-no	(compiles: -fsyntax-only)	候選：照 golden 解開（先看風險標記）		
MEDIUM	ainarm9045.cpp	6486	6489	2	GATE W7D-K2-G09 --		GATE W7D-K2-G09 -- golden :2735-2736 iRecordTrayPickPosY/X -- golden ainarm2.h:92, no port home.  SAME premise the port already gated at csystem.cpp:20130-20131 (G18/G19)	iRecordTrayPickPosY[iSuckRow][iSuckCol]=iTrayRow;			FAIL			yes	ainarm9045.cpp:6487:5: error: 'iRecordTrayPickPosY' was not declared in this scope	仍缺：未宣告 iRecordTrayPickPosY		
MEDIUM	ainarm9045.cpp	6491	6494	2	GATE W7D-K2-G10 --		GATE W7D-K2-G10 -- golden :2738-2739 fTrayMapping->sgSuckmap -- absent on the acatchtray_shims.h:219 TfTrayMapping shim (only generated layout data mentions the name)	if(USE_TRAY_MAPPING==etmInstall)			FAIL			yes	ainarm9045.cpp:6493:23: error: 'class TfTrayMapping' has no member named 'sgSuckmap'  (補 include acatchtray_shims.h 之後)	仍缺：TfTrayMapping 沒有成員 sgSuckmap		
MEDIUM	ainarm9045.cpp	6496	6516	19	GATE W7D-K2-G11 --		GATE W7D-K2-G11 -- golden :2741-2759 fMesSystem (golden Mes/fVATMesFileSys.h TfMesSystem) -- the whole Mes/ subsystem is absent.  The inner #ifdef SOFT_SIMULTE / #else pair is transcribed VERBATIM inside this gate (SOFT_SIMULTE undefined -> the #else ON_LINE arm is the one that would be live)	if(IniConfig.bVTESTFunction==true && IniConfig.bCheckFile==true)		sim+ship	PASS-WITH-INCLUDE	LINK-OK	SHIP-OK	likely-no（缺 include）	ainarm9045.cpp:6501:16: error: 'fMesSystem' was not declared in this scope	候選：補 include forms/fMesSystem.h 後照 golden 解開（先確認那個名字是真本體、不是 stub／shim）		
MEDIUM	ainarm9045.cpp	6526	6529	2	GATE W7D-K2-G12 --		GATE W7D-K2-G12 -- golden :2769-2770 fObserver->StatisticalLoaderCount() -- fObserver is real (atester_shims.h) but has no such method; display only, every underlying counter stays ACTIVE	if(IniConfig.bSIGURDFunction)                                               //KaiChen 20200618 ：矽格，增加Jam統計頁面		sim+ship	PASS	LINK-OK	SHIP-OK	likely-no	(compiles: -fsyntax-only)	候選：照 golden 解開（先看風險標記）		
MEDIUM	ainarm9045.cpp	6555	6560	4	GATE W7D-K2-G13 --		GATE W7D-K2-G13 -- golden :2796-2799 fLotInfo->RefreshOtherTool() -- fLotInfo is real, method is not.  Enclosing if(TestIF.bContinuousLoader) and its counter bumps stay ACTIVE	if(CUSTOMER_CODE==CC_PTI)		sim+ship	PASS	LINK-OK	SHIP-OK	likely-no	(compiles: -fsyntax-only)	候選：照 golden 解開（先看風險標記）		
MEDIUM	ainarm9045.cpp	6816	6818	1	GATE W7D-G01 --		GATE W7D-G01 -- golden :2900 EnableTraymapCheckFunction(int) (golden home ainarm2.h:216, body ainarm2.cpp:3585): NO port body and NO port declaration; the same premise is already gated at aTester_Rear.cpp:9793 (G18) and aTester_Front.cpp:9863 (W7F3-G03). Offline reads false -> golden's else arm (the	bTraymapCheck=EnableTraymapCheckFunction(1);		sim+ship	PASS	LINK-OK	SHIP-OK	likely-no	(compiles: -fsyntax-only)	候選：照 golden 解開（先看風險標記）		
MEDIUM	ainarm9045.cpp	6821	6841	19	GATE W7D-G01b		GATE W7D-G01b -- golden :2902-2920: fTrayMapping->iTrayMappingDateCheck[][] is ABSENT from the port TfTrayMapping (acatchtray_shims.h:257 carries iTrayMappingDate only), and MyDeCodeASCII (EJ1N/TextProcess.h:106) + acatchtray_shims.h are not in this TU. Compile blocker, not merely dead code. Offline	for(int k=0; k<MAX_ARM_Row; k++)			FAIL			yes	ainarm9045.cpp:6827:109: error: 'MyDeCodeASCII' was not declared in this scope  (補 include acatchtray_shims.h 之後)	仍缺：未宣告 MyDeCodeASCII		
MEDIUM	ainarm9045.cpp	8896	8898	1	GATE (k7-G4)		GATE (k7-G4) -- golden :5497; the global `char DateTime[256]` (golden :5360) has no port home	sprintf(DateTime, "%02d:%02d:%02d",  SystemHour, SystemMin, SystemSec);                                     //Frank 20150515			FAIL			yes	ainarm9045.cpp:8897:21: error: 'DateTime' was not declared in this scope	仍缺：未宣告 DateTime		
MEDIUM	ainarm9045.cpp	8921	8924	2	GATE (k7-G6)		GATE (k7-G6) -- golden :5520-5521; forms/fMain.h has no bCloseExcelflag / bCloseExcelfinishflag	fMain->bCloseExcelflag=true;			FAIL			yes	ainarm9045.cpp:8922:28: error: 'class TfMain' has no member named 'bCloseExcelflag'	仍缺：TfMain 沒有成員 bCloseExcelflag		
MEDIUM	ainarm9045.cpp	8997	9000	2	GATE (k7-G7a)		GATE (k7-G7a) -- golden :5594-5595; forms/fMain.h has no StatusBar1 (same premise as csystem.cpp H1-03)	fMain->StatusBar1->Panels->Items[7]->Text="";			FAIL			yes	ainarm9045.cpp:8998:20: error: 'class TfMain' has no member named 'StatusBar1'	仍缺：TfMain 沒有成員 StatusBar1		
MEDIUM	ainarm9045.cpp	9005	9007	1	GATE (k7-G7b)		GATE (k7-G7b) -- golden :5600; forms/fMain.h has no StatusBar1 (same premise as csystem.cpp H1-03)	fMain->StatusBar1->Panels->Items[2]->Text="UPH = "+AnsiString(fShowBinSelect->UPH_StringGrid->Cells[3][1]);			FAIL			yes	ainarm9045.cpp:9006:16: error: 'class TfMain' has no member named 'StatusBar1'	仍缺：TfMain 沒有成員 StatusBar1		
MEDIUM	ainarm9045.cpp	10645	10647	1	GATE G14:		GATE k5-G4 -- golden :6593.  Twin of aoutarm.cpp:2910 GATE G14: the body IS translated (Automation/SCK_ART.cpp:334) but takes SckArtState& and TfSCKART is not one.  See GATE REGISTER k5-G4.	fSCKART->CheckInArmNeedVariModeFIX();                                       //Sam 20211118 : 整合 ART InOut Arm 一顆一顆放			FAIL			yes	ainarm9045.cpp:10646:14: error: 'class TfSCKART' has no member named 'CheckInArmNeedVariModeFIX'	仍缺：TfSCKART 沒有成員 CheckInArmNeedVariModeFIX		
MEDIUM	ainarm9045.cpp	12498	12521	22			GATE k6-G5 -- DUPLICATE-DEFINITION GUARD, NOT an absence gate.  Verbatim golden ainarm9045.cpp:8281-8302, kept here ONLY so the main loop can diff it against the already-ACTIVE port body at ainarm9045.cpp:413-434 and then delete this file.  Un-gating this would be a multiple definition of a symbol d	bool bUseAxExPicker()			FAIL			yes	ainarm9045.cpp:12499:6: error: redefinition of 'bool bUseAxExPicker()'	仍缺：ainarm9045.cpp:12499:6: error: redefinition of 'bool bUseAxExPicker()'		
MEDIUM	ainarm9045.cpp	13467	13479	11	GATE(W906-INADD)		GATE(W906-INADD) golden :3192-3202 —— tRotate.bART_RT_NoRotate（ART 重測不旋轉）是 golden TRotate 表單載入時從 ini 讀的（RotateKit/fRotate.cpp:288-289）；移植樹 TRotate 沒翻，替身 tRotateShim（aHotPlateSubstrate.h:859）沒有這個欄位。補一個沒人讀 ini 的欄位等於永遠 false 的假值（陷阱 #6），所以閘住；只影響 CosFunction.bART_RT_NoRotate＆bCanRunSCKART 的 ART 機台	if(CosFunction.bART_RT_NoRotate &&		sim+ship	PASS	LINK-OK	SHIP-OK	likely-no	(compiles: -fsyntax-only)	候選：照 golden 解開（先看風險標記）		
MEDIUM	ainarm9045.cpp	14277	14281	3	GATE AMB-L3-G1 --		GATE AMB-L3-G1 -- golden :2467-2469 / :2473-2474 fMain->labAutoSkip (golden main.h:806 TPanel*): the port TfMain facade (forms/fMain.h) has no labAutoSkip.  Write-only display (golden readers: these lines and main.cpp:1473 / :20949-20951, the palFunc table and FormShow); the count itself, iAutoSkipC	if(fMain->labAutoSkip->Visible==false)			FAIL			yes	ainarm9045.cpp:14278:19: error: 'class TfMain' has no member named 'labAutoSkip'; did you mean 'labAutomation'?	仍缺：TfMain 沒有成員 labAutoSkip	UI-STATE	
MEDIUM	ainarm9045.cpp	14285	14288	2	GATE AMB-L3-G1 (second		GATE AMB-L3-G1 (second half, see above)	if(fMain->labAutoSkip->Visible==true)			FAIL			yes	ainarm9045.cpp:14286:19: error: 'class TfMain' has no member named 'labAutoSkip'; did you mean 'labAutomation'?	仍缺：TfMain 沒有成員 labAutoSkip	UI-STATE	
MEDIUM	ainarm9045_2x4_16_shims.cpp	24	26	1			PT-W7d RETIRED: real translated body now in ainarm9045.cpp	void AddLoadingCount(int /*iSuckRow*/, int /*iSuckCol*/, int /*iTrayRow*/, int /*iTrayCol*/) {}		sim+ship	PASS			n/a	(compiles: -fsyntax-only)	已退役的替身／參考副本（真本體在別處）：不要解（會重複定義），可整段清掉		
MEDIUM	ainarm9045_2x4_16_shims.cpp	28	30	1			PT-W7d RETIRED: real translated body now in ainarm9045.cpp	int  CheckLoaderHasTray(bool /*bAlarm*/, int /*iErrorCount*/, bool /*bTrayDuplicateErr*/) { return 0; }		sim+ship	PASS			n/a	(compiles: -fsyntax-only)	已退役的替身／參考副本（真本體在別處）：不要解（會重複定義），可整段清掉		
MEDIUM	ainarm9045_2x4_16_shims.cpp	31	33	1			PT-W7d RETIRED: real translated body now in ainarm9045.cpp	bool DoAutoSkipCheck()                                     { return false; } // offline: not in auto-skip flow		sim+ship	PASS			n/a	(compiles: -fsyntax-only)	已退役的替身／參考副本（真本體在別處）：不要解（會重複定義），可整段清掉		
MEDIUM	ainarm9045_2x4_16_shims.cpp	35	37	1			PT-W7d RETIRED: real translated body now in ainarm9045.cpp	int  GetLoaderYPitchStep()                                 { return 0; }   // offline: single-row pull		sim+ship	PASS			n/a	(compiles: -fsyntax-only)	已退役的替身／參考副本（真本體在別處）：不要解（會重複定義），可整段清掉		
MEDIUM	ainarm9045_2x4_16_shims.cpp	38	40	1			PT-W7e-part2 RETIRED (CheckTrayMapData): real translated body now in ainarm2.cpp	void CheckTrayMapData(int /*iTrayRow*/, int /*iTrayCol*/)  {}		sim+ship	PASS			n/a	(compiles: -fsyntax-only)	已退役的替身／參考副本（真本體在別處）：不要解（會重複定義），可整段清掉		
MEDIUM	ainarm9045_2x4_16_shims.cpp	41	43	1			PT-W7e-part2 RETIRED (ProcessTrayMapDataError): real translated body now in ainarm2.cpp	bool ProcessTrayMapDataError(bool /*bReset*/)              { return false; }		sim+ship	PASS			n/a	(compiles: -fsyntax-only)	已退役的替身／參考副本（真本體在別處）：不要解（會重複定義），可整段清掉		
MEDIUM	ainarm9045_2x4_16_shims.cpp	44	46	1			PT-W7d RETIRED: real translated body now in ainarm9045.cpp	int  ProcessMES0101InArmPickLoaderError(bool /*bHasDuplicateErr*/, AnsiString /*ErrPart*/) { return 0; } // 0 = not RETRY/SKIP/HOME/TRAY_END		sim+ship	PASS			n/a	(compiles: -fsyntax-only)	已退役的替身／參考副本（真本體在別處）：不要解（會重複定義），可整段清掉		
MEDIUM	ainarm9045_2x4_16_shims.cpp	71	73	1			PT-W7d RETIRED: real translated body now in ainarm9045.cpp	bool bNeedOneCycle()                                       { return false; } // offline: not in one-cycle exit		sim+ship	PASS			n/a	(compiles: -fsyntax-only)	已退役的替身／參考副本（真本體在別處）：不要解（會重複定義），可整段清掉		
MEDIUM	ainarm9045_2x4_16_shims.cpp	74	76	1			PT-W7e-part2 RETIRED (AdjustShuttlePlaceOrder_AutoSiteMapping): real translated body now in ainarm2.cpp	void AdjustShuttlePlaceOrder_AutoSiteMapping()            {}		sim+ship	PASS			n/a	(compiles: -fsyntax-only)	已退役的替身／參考副本（真本體在別處）：不要解（會重複定義），可整段清掉		
MEDIUM	ainarm9045_2x4_16_shims.cpp	78	80	1			PT-W7e-part2 RETIRED (InitInArmTryPickFromHotPlateTask100): real translated body now in ainarm2.cpp	void InitInArmTryPickFromHotPlateTask100()               {}		sim+ship	PASS			n/a	(compiles: -fsyntax-only)	已退役的替身／參考副本（真本體在別處）：不要解（會重複定義），可整段清掉		
MEDIUM	ainarm9045_2x4_16_shims.cpp	81	83	1			PT-W7e-part2 RETIRED (bNeedPickupErrorICToRecycleBin): real translated body now in ainarm2.cpp	bool bNeedPickupErrorICToRecycleBin()                     { return false; } // offline: no pickup-error bin flow		sim+ship	PASS			n/a	(compiles: -fsyntax-only)	已退役的替身／參考副本（真本體在別處）：不要解（會重複定義），可整段清掉		
MEDIUM	ainarm9045_2x8_32.cpp	91	7804	7712	TODO(W7)		TODO(W7): needs Prod.fInArmSuckUse_TwoArm32Site (absent from golden cprod.h by design); engine routes e9045_2x8_32 -> 2x8_8; dead variant	bool HasHotReadyIC_9045_2x8_32();			FAIL			yes	ainarm9045_2x8_32.cpp:96:6: error: redefinition of 'bool InArmSideAllClose_32(int, int)'	仍缺：ainarm9045_2x8_32.cpp:96:6: error: redefinition of 'bool InArmSideAllClose_32(int, int)'	UI-STATE	
MEDIUM	ainarm9045_w7_shims.cpp	38	40	1			PT-W7e-part2 RETIRED (DoShakeShuttle): real translated body now in ainarm2.cpp	bool DoShakeShuttle(int /*iShuttle*/, bool /*bNeedInitial*/)        { return true; } // golden ainarm2.h:189 -- Sim HAL: shake done		sim+ship	PASS			n/a	(compiles: -fsyntax-only)	已退役的替身／參考副本（真本體在別處）：不要解（會重複定義），可整段清掉		
MEDIUM	ainarm9045_w7_shims.cpp	41	43	1			PT-W7e-part2 RETIRED (DoKnockShuttle): real translated body now in ainarm2.cpp	bool DoKnockShuttle(int /*iShuttle*/, bool /*bNeedInitial*/)        { return true; } // golden ainarm2.h:190 -- Sim HAL: knock done		sim+ship	PASS			n/a	(compiles: -fsyntax-only)	已退役的替身／參考副本（真本體在別處）：不要解（會重複定義），可整段清掉		
MEDIUM	ainarm9045_w7_shims.cpp	44	46	1			PT-W7e-part2 RETIRED (DoKnockShuttleFirst): real translated body now in ainarm2.cpp	bool DoKnockShuttleFirst(int /*iShuttle*/, bool /*bNeedInitial*/)   { return true; } // golden ainarm2.h:191 -- Sim HAL: first-knock done		sim+ship	PASS			n/a	(compiles: -fsyntax-only)	已退役的替身／參考副本（真本體在別處）：不要解（會重複定義），可整段清掉		
MEDIUM	ainarm9045_w7_shims.cpp	47	49	1			PT-W7e-part2 RETIRED (DoVibrateShuttle): real translated body now in ainarm2.cpp	bool DoVibrateShuttle(int /*iShuttle*/, bool /*bNeedInitial*/)      { return true; } // golden ainarm2.h:214 -- Sim HAL: vibrate done		sim+ship	PASS			n/a	(compiles: -fsyntax-only)	已退役的替身／參考副本（真本體在別處）：不要解（會重複定義），可整段清掉		
MEDIUM	ainarm9045_w7_shims.cpp	52	54	1			PT-W7e-part2 RETIRED (RecordShtSuperflous): real translated body now in ainarm2.cpp	void RecordShtSuperflous(int /*iShuttle*/)                          {}             // Sim HAL: no superfluous-IC log sink		sim+ship	PASS			n/a	(compiles: -fsyntax-only)	已退役的替身／參考副本（真本體在別處）：不要解（會重複定義），可整段清掉		
MEDIUM	ainarm9045_w7_shims.cpp	69	74	4			PT-W5f RETIRED (iInShZHomeTask + InitDoInShZHome + DoInShZHome)	int  iInShZHomeTask = 1;                                                       // golden csystem.cpp:24461		sim+ship	PASS			n/a	(compiles: -fsyntax-only)	已退役的替身／參考副本（真本體在別處）：不要解（會重複定義），可整段清掉		
MEDIUM	ainarm_SearchPlacePlate.cpp	631	633	1	TODO(W7: state-record UI)		AI(W6.2-INARM) 20260626 TODO(W7: state-record UI): avoid TSpeedButton/TObject	fMain->sbStateRecordClick(fMain->sbStateRecord);			FAIL			yes	ainarm_SearchPlacePlate.cpp:632:42: error: 'class TfMain' has no member named 'sbStateRecord'; did you mean 'DoStateRecord'?	仍缺：TfMain 沒有成員 sbStateRecord		
MEDIUM	ainarm_SearchPlacePlate.cpp	5004	5009	4	TODO(W7)		AI(W906-HPDISP) 20260930: RETIRED stand-in (was `#endif // TODO(W7): per-site DoPlaceToHotPlate dispatch`) -- this return-false kept every per-site DoInArm_9045_* at case 1100 forever in Hot mode (SIM amb0930b: InArmTask 1100 from 14:40:16)	bool DoPlaceToHotPlate_9045()			FAIL			n/a	ainarm_SearchPlacePlate.cpp:5005:6: error: redefinition of 'bool DoPlaceToHotPlate_9045()'	已退役的替身／參考副本（真本體在別處）：不要解（會重複定義），可整段清掉		
MEDIUM	aoutarm.cpp	541	543	1			PT-W8 RETIRED (SearchTrayToPick_Buffer): real translated body now live	static int  SearchTrayToPick_Buffer()                                { return -1; } // (G2) golden aoutarm9045.h:64 -- offline: golden's own "not found" sentinel			FAIL			n/a	aoutarm.cpp:542:13: error: 'int SearchTrayToPick_Buffer()' was declared 'extern' and later 'static' [-fpermissive]	已退役的替身／參考副本（真本體在別處）：不要解（會重複定義），可整段清掉		
MEDIUM	aoutarm.cpp	561	563	1			PT-W7e-part2 RETIRED (LoadTrayCanUse8Suck): real translated body now in ainarm2.cpp	static int  LoadTrayCanUse8Suck()                                    { return 0; }  // (G6) golden ainarm2.h:200    -- offline: 0 (!=1) keeps the ORDINARY, non-8-nozzle path			FAIL			n/a	aoutarm.cpp:562:13: error: 'int LoadTrayCanUse8Suck()' was declared 'extern' and later 'static' [-fpermissive]	已退役的替身／參考副本（真本體在別處）：不要解（會重複定義），可整段清掉		
MEDIUM	aoutarm.cpp	933	935	1	GATE G8 --		GATE G8 -- golden `fBarCode->InitialAllCCDUnloaderClip()` (BarCode/BarCode.h:983); no body anywhere in this tree.	fBarCode->InitialAllCCDUnloaderClip();			FAIL			yes	aoutarm.cpp:934:19: error: 'class TfBarCode' has no member named 'InitialAllCCDUnloaderClip'	仍缺：TfBarCode 沒有成員 InitialAllCCDUnloaderClip		
MEDIUM	aoutarm.cpp	1666	1670	3	GATE G9 --		GATE G9 -- golden `FrmAOI->RunTopBottomInspect()` (fAOI.h:437, TFrmAOI form, untranslated). THIRD disjunct only; the two Scanner-AOI disjuncts at golden :1065-:1066 stay LIVE.	FrmAOI->RunTopBottomInspect()==true)                                                             //Jimmychiu 20240322 : Top & Bottom Inspect			FAIL			yes	aoutarm.cpp:1667:17: error: 'class TFrmAOI' has no member named 'RunTopBottomInspect'  (補 include forms/fAOI.h 之後)	仍缺：TFrmAOI 沒有成員 RunTopBottomInspect	HAS-#else	
MEDIUM	aoutarm.cpp	2914	2916	1	GATE G14 --		GATE G14 -- golden `fSCKART->CheckOutArmNeedVariModeFIX(iAuto)`. The BODY is really translated (Automation/SCK_ART.cpp:373) but it takes `SckArtState&`, and forms/fSCKART.h:74 `class TfSCKART` does NOT derive from SckArtState -- there is no SckArtState object anywhere in this tree to pass, and forms	fSCKART->CheckOutArmNeedVariModeFIX(iAuto);                                 //Sam 20211108 : TPW OutArm 也要一顆一顆放			FAIL			yes	aoutarm.cpp:2915:14: error: 'class TfSCKART' has no member named 'CheckOutArmNeedVariModeFIX'	仍缺：TfSCKART 沒有成員 CheckOutArmNeedVariModeFIX		
MEDIUM	aoutarm.cpp	2955	2959	3	GATE G11 --		GATE G11 -- golden `fTesterTCP->bOutArmVariAuto_OS[]` (Interface/TesterTCP.h:261, a TfTesterTCP form member; this port has no TfTesterTCP class and no fTesterTCP global).	bCanPick2ICAtOnceTime=fTesterTCP->bOutArmVariAuto_OS[iAuto];		sim+ship	PASS-WITH-INCLUDE	LINK-OK	SHIP-OK	likely-no（缺 include）	aoutarm.cpp:2956:35: error: 'fTesterTCP' was not declared in this scope	候選：補 include Interface/TesterTCP_Socket.h + forms/fTesterTCP.h 後照 golden 解開（先確認那個名字是真本體、不是 stub／shim）	HAS-#else	
MEDIUM	aoutarm.cpp	3322	3324	1	GATE G12 --		GATE G12 -- golden `ASESendMessage->SendToASEData()` ("ASE_K Socket/aseTest.h":57, TASESendMessage form, untranslated). golden :2708 iLength stays LIVE.	ASESendMessage->SendToASEData(Data.SubString(1, iLength));	yes		NESTED			depends		在外層 #if 0 裡面（先看外層）		
MEDIUM	aoutarm.cpp	3317	3326	8			PT-W5c RETIRED (SendDataToASE)	void SendDataToASE(AnsiString Data)                                             //kevin 20161228 add		sim+ship	PASS			n/a	(compiles: -fsyntax-only)	已退役的替身／參考副本（真本體在別處）：不要解（會重複定義），可整段清掉		
MEDIUM	aoutarm.cpp	4151	4155	3	GATE G13 --		GATE G13 -- golden `fAutoTeach->IsRun()` (AutoTeach.h TfAutoTeach; no port body or facade). CONDITION gated so golden’s whole if/else-if chain stays live.	if(fAutoTeach->IsRun())                                                     //JimmyChiu 20211020 : Auto alignment mode			FAIL			yes	aoutarm.cpp:4152:8: error: 'fAutoTeach' was not declared in this scope	仍缺：未宣告 fAutoTeach	HAS-#else	
MEDIUM	aoutarm.h	62	68	5	GATE (H1)		--------------------------------------------------------------------------- AI(W906-PT-W4-aoutarm) 20260808: GATE (H1) -- see GATE REGISTER above.	#include "mykitsuck.h"                                                          //RogerYang 20250522 Add for 9046AU		sim+ship	PASS	LINK-OK		likely-no	 [via aoutarm.cpp]	候選：照 golden 解開（先看風險標記）	HAS-#else	
MEDIUM	aoutarm9045.cpp	159	162	2			PT-W5c RETIRED (CheckOutArmSuckICFallDown)	bool CheckOutArmSuckICFallDown()                   { return false; }  // golden csystem.h:84 -- offline: no fall-down		sim+ship	PASS			n/a	(compiles: -fsyntax-only)	已退役的替身／參考副本（真本體在別處）：不要解（會重複定義），可整段清掉		
MEDIUM	aoutarm9045.cpp	173	176	2			PT-W5c RETIRED (DetectAutoTray)	bool DetectAutoTray(int,int*)                      { return true;  }  // golden csystem.h:232 -- offline: tray detected		sim+ship	PASS			n/a	(compiles: -fsyntax-only)	已退役的替身／參考副本（真本體在別處）：不要解（會重複定義），可整段清掉		
MEDIUM	aoutarm9045.cpp	177	180	2			PT-W5f RETIRED (MagazineBufferIsEmpty)	bool MagazineBufferIsEmpty(int)                    { return true;  }  // golden csystem.h:290 -- no magazine present		sim+ship	PASS			n/a	(compiles: -fsyntax-only)	已退役的替身／參考副本（真本體在別處）：不要解（會重複定義），可整段清掉		
MEDIUM	aoutarm9045.cpp	181	184	2			PT-W5f RETIRED (WhichMagazineBufferIsFull)	int  WhichMagazineBufferIsFull()                   { return -1;    }  // golden csystem.h:289 -- no magazine full		sim+ship	PASS			n/a	(compiles: -fsyntax-only)	已退役的替身／參考副本（真本體在別處）：不要解（會重複定義），可整段清掉		
MEDIUM	aoutarm9045.cpp	325	330	4	TODO(W7)		TODO(W7) -- golden :3836-3845 MOT[MOutArmPitch/PitchY/X/Y].ReadPos() encoders	iPitchPulse =MOT[MOutArmPitch ].ReadPos();		sim+ship	PASS	LINK-OK	SHIP-OK	likely-no	(compiles: -fsyntax-only)	候選：照 golden 解開（先看風險標記）		
MEDIUM	aoutarm9045.cpp	346	351	4	TODO(W7)		TODO(W7) -- golden :3850-3859 MOT[MOutArmPitch/PitchY/X/Y].ReadPos() encoders	iPitchPulse =MOT[MOutArmPitch ].ReadPos();		sim+ship	PASS	LINK-OK	SHIP-OK	likely-no	(compiles: -fsyntax-only)	候選：照 golden 解開（先看風險標記）		
MEDIUM	aoutarm9045.cpp	815	819	3	TODO(W7)		TODO(W7) -- golden aoutarm9045.cpp:460-526 (MOT[MManualTray*]/AOA tray-mode block)	bool bDoOutArmAutoAlignment=false;		sim+ship	PASS	LINK-OK	SHIP-OK	likely-no	(compiles: -fsyntax-only)	候選：照 golden 解開（先看風險標記）		
MEDIUM	aoutarm9045.cpp	852	854	1	GATE G-TIF912-1x2_1		GATE G-TIF912-1x2_1 -- golden :633 (aoutarm9045_1x2_1.cpp not translated)	DoOutArm_9045_1x2_1();			FAIL			yes	aoutarm9045.cpp:853:29: error: 'DoOutArm_9045_1x2_1' was not declared in this scope	仍缺：未宣告 DoOutArm_9045_1x2_1		
MEDIUM	aoutarm9045.cpp	1241	1344	102	GATE G-PTW6c-CheekNeedToDoOutArmAdditionalFunction.		GOLDEN VERBATIM -- golden aoutarm9045.cpp:2143-2244 (102 lines).  GATE G-PTW6c-CheekNeedToDoOutArmAdditionalFunction.  NOT COMPILED: the ACTIVE CheekNeedToDoOutArmAdditionalFunction() is the body immediately after this #endif.	bool CheekNeedToDoOutArmAdditionalFunction()                                    //Steven 20210609 : 整合Precisor, Rotator, Bottom CCD, Die Clean	yes		NESTED			depends		在外層 #if 0 裡面（先看外層）		
MEDIUM	aoutarm9045.cpp	1352	1353	0	TODO(W7)		TODO(W7) -- golden aoutarm9045.cpp:2145-2238 (Rotate/AOI/FixAI predicate: tRotate/tAOISetup/ScannerAOIIF/FrmAOI/fFixAICCD)		yes		NESTED			n/a		空的 #if 0（裡面沒有程式）：不用翻，可清掉		
MEDIUM	aoutarm9045.cpp	1376	1399	22	TODO(W7)		TODO(W7) -- golden aoutarm9045.cpp:2260-2280 (MOT[MInShuttle1/2].fCanMoveR + Rotate/AOI/FixAI Init* dispatch)	MOT[MInShuttle1].fCanMoveR=true;	yes		NESTED			depends		在外層 #if 0 裡面（先看外層）		
MEDIUM	aoutarm9045.cpp	1406	1432	25	TODO(W7)		TODO(W7) -- golden aoutarm9045.cpp:2287-2311 (Rotate/AOI/FixAI action SMs: DoOutArmRotateKIT/DoAOIFunction/fFixAICCD->DoFix2AICCDFunction)	case 10000:	yes		NESTED			depends		在外層 #if 0 裡面（先看外層）		
MEDIUM	aoutarm9045.cpp	1225	1447	221			AI(W906-OUTADD) 20260927: 出料臂附加功能三支（CheekNeed… / DoOutArmAdditionalFunction / PreSetOutAdditionalFlag）的離線舊版與 golden 原文對照退休 —— golden 照翻在本檔檔尾	#if 0 // GOLDEN VERBATIM -- golden aoutarm9045.cpp:2143-2244 (102 lines).  GATE G-PTW6c-CheekNeedToDoOutArmAdditionalFunction.  NOT COMPILED: the ACTIVE CheekNeedToDoOutArmAdditionalFunction() is the 			FAIL			yes	aoutarm9045.cpp:5751:6: error: redefinition of 'bool CheekNeedToDoOutArmAdditionalFunction()'	仍缺：aoutarm9045.cpp:5751:6: error: redefinition of 'bool CheekNeedToDoOutArmAdditionalFunction()'		
MEDIUM	aoutarm9045.cpp	1602	1609	6	TODO(W7)		TODO(W7) -- golden aoutarm9045.cpp:3222-3227 fAutoTeach->IsRun() (TfAutoTeach VCL form, no home)	if(CosFunction.bManualSteplAutoTeach &&			FAIL			yes	aoutarm9045.cpp:1605:16: error: 'fAutoTeach' was not declared in this scope	仍缺：未宣告 fAutoTeach		
MEDIUM	aoutarm9045.cpp	1698	1718	19	TODO(W7)		TODO(W7) -- golden aoutarm9045.cpp:3306-3323 (fAGV ATK-AMR: LastSet.iUnloadFixTray/eAtkTf*/MOT[iMMAuto[]].Tray)	if(fAGV->IsATK_AMR() &&			FAIL			yes	aoutarm9045.cpp:1700:49: error: 'eAtkTfMoveFixIC' was not declared in this scope	仍缺：未宣告 eAtkTfMoveFixIC		
MEDIUM	aoutarm9045.cpp	2024	2027	2	TODO(W7)		TODO(W7) -- golden aoutarm9045.cpp:4692-4693 MOT[MMPlate1/2].HasIC() (HP-occupancy encoder read)	bPlate1HasIC=MOT[MMPlate1].HasIC();		sim+ship	PASS	LINK-OK	SHIP-OK	likely-no	(compiles: -fsyntax-only)	候選：照 golden 解開（先看風險標記）		
MEDIUM	aoutarm9045.cpp	2069	2199	129	GATE G-PTW6c-InspectOutArmPosition.		GOLDEN VERBATIM -- golden aoutarm9045.cpp:3865-3993 (129 lines).  GATE G-PTW6c-InspectOutArmPosition.  NOT COMPILED: the ACTIVE InspectOutArmPosition() is the body immediately after this #endif.	void InspectOutArmPosition(int iTarget, int iSuckRow, int iSuckCol, int iTargetRow, int iTargetCol, int iAction)			FAIL			yes	aoutarm9045.cpp:2140:87: error: 'GetOutOffsetFromWhichAuto' was not declared in this scope	仍缺：未宣告 GetOutOffsetFromWhichAuto		
MEDIUM	aoutarm9045.cpp	2205	2206	0	TODO(W7)		TODO(W7) -- golden aoutarm9045.cpp:3870+ (bX/bY encoder compare + ShowErrorMessage alarm sink)			sim+ship	PASS			n/a	(compiles: -fsyntax-only)	空的 #if 0（裡面沒有程式）：不用翻，可清掉		
MEDIUM	aoutarm9045.cpp	2217	2219	1	TODO(W7)		TODO(W7) -- golden aoutarm9045.cpp:3804 MOT[iMot].ReadPos() encoder read	iReadPos=MOT[iMot].ReadPos();		sim+ship	PASS	LINK-OK	SHIP-OK	likely-no	(compiles: -fsyntax-only)	候選：照 golden 解開（先看風險標記）		
MEDIUM	aoutarm9045.cpp	2255	2271	15	TODO(W7)		TODO(W7) -- golden aoutarm9045.cpp:4733-4747 MOT[MOutArmPitch/X2/X3/X4/Y].ReadPos() encoder reads	iXVariable[0]=MOT[MOutArmPitch].ReadPos();		sim+ship	PASS	LINK-OK	SHIP-OK	likely-no	(compiles: -fsyntax-only)	候選：照 golden 解開（先看風險標記）		
MEDIUM	aoutarm9045.cpp	3251	3277	25			golden 912 :2058-2082 -- dead in golden (bCheckFixStatus always false); needs the 912 locals iData/iFixData (:1782)	if(TestIF_File.bPreventDropfunction && bCheckFixStatus==true)          //Frank 20260710 ADD     //Eastsun 20260710整合			FAIL			yes	aoutarm9045.cpp:3252:44: error: 'bCheckFixStatus' was not declared in this scope	仍缺：未宣告 bCheckFixStatus		
MEDIUM	aoutarm9045.cpp	4117	4183	65	GATE (G2)		GATE (G2) -- golden aoutarm9045.cpp:4539-4603: needs fBarCode->eUnloaderClipAuto1/… (golden BarCode/BarCode.h:966-975) and fBarCode->ccdUnloader[] (golden BarCode/BarCode.h:976); this tree's TfBarCode (BarCode/BarCode.h, partial) carries neither.  Offline result is golden's own: bret stays false.	AnsiString sErr="";			FAIL			yes	aoutarm9045.cpp:4125:41: error: 'class TfBarCode' has no member named 'eUnloaderClipAuto1'	仍缺：TfBarCode 沒有成員 eUnloaderClipAuto1		
MEDIUM	aoutarm9045.cpp	4773	4778	4	GATE(W906-ARM3)		GATE(W906-ARM3) golden :2592-2595 —— fSCKART->iInfo_MultiLotCnt（golden SCK_ART.h:323）移植樹的 TfSCKART 沒有這個成員 —— 同 asortarm.cpp GATE(5)／aTester_Front.cpp:2427；單批次時 golden 也不進這個 if	if(fSCKART->iInfo_MultiLotCnt>1)			FAIL			yes	aoutarm9045.cpp:4774:41: error: 'class TfSCKART' has no member named 'iInfo_MultiLotCnt'	仍缺：TfSCKART 沒有成員 iInfo_MultiLotCnt		
MEDIUM	aoutarm9045.cpp	4787	4791	3	GATE(W906-ARM3)		GATE(W906-ARM3) golden :2604-2604 —— 型別轉接：vclcompat 的 Strings[] 回 StringsProxy（有 operator AnsiString、沒有 .ToIntDef）；#else 只把主詞包成 AnsiString(...)，字面與參數不變 —— 同 asortarm.cpp GATE(14)	sl2DMappingLog->MyInsert2DMappingToFile(OutArmSuck.cDeviceInf[i][j], OutArmSuck.PordRec[i][j].asBuffer->Strings[eTestCate].ToIntDef(-1));			FAIL			yes	aoutarm9045.cpp:4788:156: error: 'class vclcompat::StringsProxy' has no member named 'ToIntDef'	仍缺：vclcompat::StringsProxy 沒有成員 ToIntDef	HAS-#else	
MEDIUM	aoutarm9045.cpp	4884	4894	9	GATE(W906-ARM3)		GATE(W906-ARM3) golden :2697-2700 —— 轉接：golden fBarCode->list2DByLot／map2DList 是 TfBarCode 成員，移植樹的同一個物件是全域（BarCode/BarCode_Bottom2DID.h:144、BarCode_Shuttle2_Scan.h:141）；#else 只拿掉 `fBarCode->` —— 同 aoutarm.cpp ADAPTATION A5	fBarCode->list2DByLot->Clear();			FAIL			yes	aoutarm9045.cpp:4885:47: error: 'class TfBarCode' has no member named 'list2DByLot'	仍缺：TfBarCode 沒有成員 list2DByLot	HAS-#else	
MEDIUM	aoutarm9045.cpp	5104	5132	27	GATE(W906-ARM3)		GATE(W906-ARM3) golden :2908-2920 —— 型別轉接：同上，StringsProxy 沒有 .Pos；#else 只把三個主詞包成 AnsiString(...)，字面、>0 門檻、|| 與分支順序不變；:2921-2924 的 else 留在閘外 —— 同 asortarm.cpp GATE(14)	if(OutArmSuck.PordRec[i][j].asBuffer->Strings[eErrorCode].Pos("Duplicate 2DID error")>0)			FAIL			yes	aoutarm9045.cpp:5105:91: error: 'class vclcompat::StringsProxy' has no member named 'Pos'	仍缺：vclcompat::StringsProxy 沒有成員 Pos	HAS-#else	
MEDIUM	aoutarm9045.cpp	5143	5145	1	GATE(W906-ARM3)		GATE(W906-ARM3) golden :2931-2931 —— TfOCR::SaveOCRAndBinData（OCR＋Bin log，選配 bOCRAndBinLog＆bOcrFunction＆bTrayOCR）移植樹的 TfOCR 沒有這個方法	fOCR->SaveOCRAndBinData(asOCRCode, OutArmSuck.PordRec[i][j].asBuffer->Strings[eTestCate], Prod.iIsPassT6[iToWhichAuto]);        //Steven 20240105 : Prod.bIsPass --> Prod.iIsPassT6			FAIL			yes	aoutarm9045.cpp:5144:39: error: 'class TfOCR' has no member named 'SaveOCRAndBinData'	仍缺：TfOCR 沒有成員 SaveOCRAndBinData		
MEDIUM	aoutarm9045.cpp	5243	5246	2	GATE(W906-ARM3)		GATE(W906-ARM3) golden :3029-3030 —— MyMessageBox->Visible／Close()：網頁宿主（tools/wb_serve.cpp W906MbShowMyMessage）維護的是 fShow，不是 Visible；用 mymessbox_shim 的 Visible（恆 false）等於這兩行永遠不跑卻看不出來 ⇒ 明白閘住。AQL 排序結束前關掉非阻塞框這一步要接宿主的 MbCloseModeless 才算數	if(MyMessageBox->Visible==true)             //Ifor 20160901 Alarm 前若form有開啟先關閉		sim+ship	PASS-WITH-INCLUDE	LINK-OK	SHIP-OK	likely-no（缺 include）	aoutarm9045.cpp:5244:16: error: 'MyMessageBox' was not declared in this scope	候選：補 include mymessbox_shim.h 後照 golden 解開（先確認那個名字是真本體、不是 stub／shim）	UI-STATE	
MEDIUM	aoutarm9045.cpp	5288	5290	1	GATE(W906-ARM3)		GATE(W906-ARM3) golden :3072-3072 —— fSortCT->CheckTheYieldAfterPlaceAuto（golden cSortCT.cpp:1794-1810，良率警報 Alarm4Yield／Alarm5Yield）cSortCT.cpp 沒翻、TfSortCT 沒有這個方法 —— 同 asortarm.cpp GATE(11)	fSortCT->CheckTheYieldAfterPlaceAuto();                                     //Sam 20230306 : 修正 Initial Start 誤報警問題			FAIL			yes	aoutarm9045.cpp:5289:14: error: 'class TfSortCT' has no member named 'CheckTheYieldAfterPlaceAuto'	仍缺：TfSortCT 沒有成員 CheckTheYieldAfterPlaceAuto		
MEDIUM	aoutarm9045.cpp	5772	5775	2	GATE(W906-OUTADD)		GATE(W906-OUTADD) golden :2164-2165 —— tRotate.bART_RT_NoRotate（ART 重測不旋轉）由 golden TRotate 表單載入時讀 ini（RotateKit/fRotate.cpp:288-289），移植樹沒翻、替身 tRotateShim 沒有這個欄位 —— 同 AI(W906-INADD) 的閘	if(CosFunction.bART_RT_NoRotate && tRotate.bART_RT_NoRotate && bCanRunSCKART)                                       //Sam 20240809 : ART RT No Rotate		sim+ship	PASS	LINK-OK	SHIP-OK	likely-no	(compiles: -fsyntax-only)	候選：照 golden 解開（先看風險標記）		
MEDIUM	aoutarm9045.cpp	5784	5788	3	GATE(W906-OUTADD)		GATE(W906-OUTADD) golden :2174-2174 —— 轉接：TFrmAOI（golden fAOI.cpp:43 FrmAOI）與 InitAOIFunction／DoAOIFunction（fAOI.cpp:2739／:2753）移植樹沒有；條件式裡只把 `FrmAOI->RunTopBottomInspect()==true` 換成 false，tAOISetup／ScannerAOIIF 那幾項照 golden	FrmAOI->RunTopBottomInspect()==true)  //Jimmychiu 20240322 : Top & Bottom Inspect			FAIL			yes	aoutarm9045.cpp:5785:20: error: 'class TFrmAOI' has no member named 'RunTopBottomInspect'  (補 include forms/fAOI.h 之後)	仍缺：TFrmAOI 沒有成員 RunTopBottomInspect	HAS-#else	
MEDIUM	aoutarm9045.cpp	5843	5852	8	GATE(W906-OUTADD)		GATE(W906-OUTADD) golden :2229-2236 —— TfFixAICCD 的 NeedToGrabImage／Fix2AICCDFunction／DoFix2AICCDFunction（矽格湖口 AI CCD）移植樹的 facade 沒有	if(bSupportFixAI &&			FAIL			yes	aoutarm9045.cpp:5847:23: error: 'class TfFixAICCD' has no member named 'NeedToGrabImage'	仍缺：TfFixAICCD 沒有成員 NeedToGrabImage		
MEDIUM	aoutarm9045.cpp	5887	5898	10	GATE(W906-OUTADD)		GATE(W906-OUTADD) golden :2271-2280 —— AOI 與 Fix AI 兩條 else-if：TFrmAOI（golden fAOI.cpp:43 FrmAOI）與 InitAOIFunction／DoAOIFunction（fAOI.cpp:2739／:2753）移植樹沒有；TfFixAICCD 的 NeedToGrabImage／Fix2AICCDFunction／DoFix2AICCDFunction（矽格湖口 AI CCD）移植樹的 facade 沒有（閘掉這兩臂後 else-if 鏈照樣成立：旋轉站那一臂＋最後的 else）	else if(OutArmSuck.bAlreadyAOI==false && bDoAOI)			FAIL			yes	aoutarm9045.cpp:5890:37: error: 'InitAOIFunction' was not declared in this scope	仍缺：未宣告 InitAOIFunction		
MEDIUM	aoutarm9045.cpp	5914	5931	16	GATE(W906-OUTADD)		GATE(W906-OUTADD) golden :2296-2311 —— 動作 case 20000（DoAOIFunction）與 30000（fFixAICCD->DoFix2AICCDFunction）：TFrmAOI（golden fAOI.cpp:43 FrmAOI）與 InitAOIFunction／DoAOIFunction（fAOI.cpp:2739／:2753）移植樹沒有；TfFixAICCD 的 NeedToGrabImage／Fix2AICCDFunction／DoFix2AICCDFunction（矽格湖口 AI CCD）移植樹的 facade 沒有	case 20000:			FAIL			yes	aoutarm9045.cpp:5916:30: error: 'DoAOIFunction' was not declared in this scope	仍缺：未宣告 DoAOIFunction		
MEDIUM	aoutarm9045.cpp	5949	5953	3	GATE(W906-OUTADD)		GATE(W906-OUTADD) golden :2329-2329 —— 轉接：TFrmAOI（golden fAOI.cpp:43 FrmAOI）與 InitAOIFunction／DoAOIFunction（fAOI.cpp:2739／:2753）移植樹沒有；只把 `FrmAOI->ttbInsp->iEnable==1` 換成 false	(USE_Scanner_AOI_Inspection==(int)eBtnAOI_TopBottomInstall && FrmAOI->ttbInsp->iEnable==1))?false:true;			FAIL			yes	aoutarm9045.cpp:5950:100: error: 'class TFrmAOI' has no member named 'ttbInsp'  (補 include forms/fAOI.h 之後)	仍缺：TFrmAOI 沒有成員 ttbInsp	HAS-#else	
MEDIUM	aoutarm9045.cpp	5954	5958	3	GATE(W906-OUTADD)		GATE(W906-OUTADD) golden :2330-2330 —— 轉接：TfFixAICCD 的 NeedToGrabImage／Fix2AICCDFunction／DoFix2AICCDFunction（矽格湖口 AI CCD）移植樹的 facade 沒有；只把 `fFixAICCD->NeedToGrabImage()` 換成 false（⇒ bAlreadyFixAI＝true）	OutArmSuck.bAlreadyFixAI=(USE_Fix_AI_CCD && TestIF_File.bEnableFix2BGAAICCD && fFixAICCD->NeedToGrabImage())?false:true;                                    //Sam 20211220 : 整合 Fix AI AOI			FAIL			yes	aoutarm9045.cpp:5955:95: error: 'class TfFixAICCD' has no member named 'NeedToGrabImage'	仍缺：TfFixAICCD 沒有成員 NeedToGrabImage	HAS-#else	
MEDIUM	aoutarm9045S_1x4_4.cpp	1432	1436	3	TODO(W7)		TODO(W7): restore golden 1-arg SetTray once the SetTray overload set is reconciled	MOT[iUnloadMotorIndex[ct]].SetTray(HAS_IC);			FAIL			yes	aoutarm9045S_1x4_4.cpp:1433:62: error: no matching function for call to 'TTrayMotor::SetTray(const int&)'	仍缺：沒有相符的函式 TTrayMotor::SetTray(const int&)	HAS-#else	
MEDIUM	aoutarm9045_1x1_1.cpp	577	579	1	TODO(W7)		TODO(W7): fFixAICCD form (golden FixAICCD.h TfFixAICCD) -- no FormsFacade stand-in; guard + flow kept live, form call gated (no-op offline)	fFixAICCD->OutArmCycleCounterUpdate();		sim+ship	PASS	LINK-OK	SHIP-OK	likely-no	(compiles: -fsyntax-only)	候選：照 golden 解開（先看風險標記）		
MEDIUM	aoutarm9045_1x1_1.cpp	634	636	1	TODO(W7)		TODO(W7): fFixAICCD form (golden FixAICCD.h TfFixAICCD) -- no FormsFacade stand-in; guard + flow kept live, form call gated (no-op offline)	fFixAICCD->OutArmCycleCounterUpdate();		sim+ship	PASS	LINK-OK	SHIP-OK	likely-no	(compiles: -fsyntax-only)	候選：照 golden 解開（先看風險標記）		
MEDIUM	aoutarm9045_1x4_4.cpp	767	769	1	TODO(W7)		TODO(W7): fFixAICCD UI form (TfFixAICCD) not provided by FormsFacade offline	fFixAICCD->OutArmCycleCounterUpdate();		sim+ship	PASS	LINK-OK	SHIP-OK	likely-no	(compiles: -fsyntax-only)	候選：照 golden 解開（先看風險標記）		
MEDIUM	aoutarm9045_1x4_4.cpp	846	848	1	TODO(W7)		TODO(W7): fFixAICCD UI form (TfFixAICCD) not provided by FormsFacade offline	fFixAICCD->OutArmCycleCounterUpdate();		sim+ship	PASS	LINK-OK	SHIP-OK	likely-no	(compiles: -fsyntax-only)	候選：照 golden 解開（先看風險標記）		
MEDIUM	aoutarm9045_1x4_8.cpp	737	739	1	TODO(W7)		TODO(W7): Fix-AI-CCD form fFixAICCD->OutArmCycleCounterUpdate() (no FormsFacade TfFixAICCD offline) -- same gating as 1x1_1 exemplar	fFixAICCD->OutArmCycleCounterUpdate();		sim+ship	PASS	LINK-OK	SHIP-OK	likely-no	(compiles: -fsyntax-only)	候選：照 golden 解開（先看風險標記）		
MEDIUM	aoutarm9045_1x4_8.cpp	815	817	1	TODO(W7)		TODO(W7): Fix-AI-CCD form fFixAICCD->OutArmCycleCounterUpdate() (no FormsFacade TfFixAICCD offline)	fFixAICCD->OutArmCycleCounterUpdate();		sim+ship	PASS	LINK-OK	SHIP-OK	likely-no	(compiles: -fsyntax-only)	候選：照 golden 解開（先看風險標記）		
MEDIUM	aoutarm9045_2x1_2.cpp	650	652	1	TODO(W7)		TODO(W7): fFixAICCD form (golden FixAICCD.h TfFixAICCD) -- no FormsFacade stand-in; guard + flow kept live, form call gated (no-op offline)	fFixAICCD->OutArmCycleCounterUpdate();		sim+ship	PASS	LINK-OK	SHIP-OK	likely-no	(compiles: -fsyntax-only)	候選：照 golden 解開（先看風險標記）		
MEDIUM	aoutarm9045_2x2_4.cpp	665	667	1	TODO(W7)		TODO(W7): FixAICCD form (fFixAICCD->OutArmCycleCounterUpdate) -- no FormsFacade TfFixAICCD offline; guard kept live, golden aoutarm9045_2x2_4.cpp:536	fFixAICCD->OutArmCycleCounterUpdate();		sim+ship	PASS	LINK-OK	SHIP-OK	likely-no	(compiles: -fsyntax-only)	候選：照 golden 解開（先看風險標記）		
MEDIUM	aoutarm9045_2x2_4.cpp	743	745	1	TODO(W7)		TODO(W7): FixAICCD form (fFixAICCD->OutArmCycleCounterUpdate) -- no FormsFacade TfFixAICCD offline; guard kept live, golden aoutarm9045_2x2_4.cpp:612	fFixAICCD->OutArmCycleCounterUpdate();		sim+ship	PASS	LINK-OK	SHIP-OK	likely-no	(compiles: -fsyntax-only)	候選：照 golden 解開（先看風險標記）		
MEDIUM	aoutarm9045_2x2_4_23.cpp	656	672	15	TODO(W7)		TODO(W7): TfOffSet::UseOutArmSetupTeach + TfMain::Pause() (no-arg) not in offline FormsFacade/offset shim; golden VERBATIM below	if((AccessLevel>=1 || CosFunction.bOPCanPressStepAndTStart) &&                                                                                  //JerryYang 20170417 (wei) OP權限也能按Step跟T.Start			FAIL			yes	aoutarm9045_2x2_4_23.cpp:661:34: error: no matching function for call to 'TfMain::Pause()'	仍缺：沒有相符的函式 TfMain::Pause()	HAS-#else	
MEDIUM	aoutarm9045_2x2_4_23.cpp	929	945	15	TODO(W7)		TODO(W7): TfOffSet::UseOutArmSetupTeach + TfMain::Pause() (no-arg) not in offline FormsFacade/offset shim; golden VERBATIM below	if((AccessLevel>=1 || CosFunction.bOPCanPressStepAndTStart) &&                                                                                  //JerryYang 20170417 (wei) OP權限也能按Step跟T.Start			FAIL			yes	aoutarm9045_2x2_4_23.cpp:934:34: error: no matching function for call to 'TfMain::Pause()'	仍缺：沒有相符的函式 TfMain::Pause()	HAS-#else	
MEDIUM	aoutarm9045_2x2_4_23.cpp	1556	1572	15	TODO(W7)		TODO(W7): TfOffSet::UseOutArmSetupTeach + TfMain::Pause() (no-arg) not in offline FormsFacade/offset shim; golden VERBATIM below	if((AccessLevel>=1 || CosFunction.bOPCanPressStepAndTStart) &&                                                                                      //JerryYang 20170417 (wei) OP權限也能按Step跟T.Start			FAIL			yes	aoutarm9045_2x2_4_23.cpp:1561:30: error: no matching function for call to 'TfMain::Pause()'	仍缺：沒有相符的函式 TfMain::Pause()	HAS-#else	
MEDIUM	aoutarm9045_2x2_4_23.cpp	2412	2425	12	TODO(W7)		TODO(W7): golden SYSTEM_BIN_SELECT has NO bFixLink member (absent in golden cprod.h too) -> stale dead-variant reference; golden VERBATIM below	if(iWhichAuto==iFixPosMin && BinSelect[iTestRunMode].bFixLink[1])			FAIL			yes	aoutarm9045_2x2_4_23.cpp:2413:82: error: 'struct SYSTEM_BIN_SELECT' has no member named 'bFixLink'; did you mean 'bAutoLink'?	仍缺：SYSTEM_BIN_SELECT 沒有成員 bFixLink		
MEDIUM	aoutarm9045_2x2_8.cpp	623	625	1	TODO(W7)		TODO(W7): fFixAICCD form UI not available offline (no FormsFacade TfFixAICCD)	fFixAICCD->OutArmCycleCounterUpdate();		sim+ship	PASS	LINK-OK	SHIP-OK	likely-no	(compiles: -fsyntax-only)	候選：照 golden 解開（先看風險標記）		
MEDIUM	aoutarm9045_2x2_8.cpp	705	707	1	TODO(W7)		TODO(W7): fFixAICCD form UI not available offline (no FormsFacade TfFixAICCD)	fFixAICCD->OutArmCycleCounterUpdate();		sim+ship	PASS	LINK-OK	SHIP-OK	likely-no	(compiles: -fsyntax-only)	候選：照 golden 解開（先看風險標記）		
MEDIUM	aoutarm9045_2x3_6.cpp	638	640	1	TODO(W7)		TODO(W7): fFixAICCD form (golden FixAICCD.h TfFixAICCD) -- no FormsFacade stand-in; guard + flow kept live, form call gated (no-op offline)	fFixAICCD->OutArmCycleCounterUpdate();		sim+ship	PASS	LINK-OK	SHIP-OK	likely-no	(compiles: -fsyntax-only)	候選：照 golden 解開（先看風險標記）		
MEDIUM	aoutarm9045_2x3_6.cpp	717	719	1	TODO(W7)		TODO(W7): fFixAICCD form (golden FixAICCD.h TfFixAICCD) -- no FormsFacade stand-in; guard + flow kept live, form call gated (no-op offline)	fFixAICCD->OutArmCycleCounterUpdate();		sim+ship	PASS	LINK-OK	SHIP-OK	likely-no	(compiles: -fsyntax-only)	候選：照 golden 解開（先看風險標記）		
MEDIUM	aoutarm9045_2x4_16.cpp	944	946	1	TODO(W7)		TODO(W7): fFixAICCD form (golden FixAICCD.h TfFixAICCD) -- no FormsFacade stand-in; guard kept live, form call gated (no-op offline)	fFixAICCD->OutArmCycleCounterUpdate();		sim+ship	PASS	LINK-OK	SHIP-OK	likely-no	(compiles: -fsyntax-only)	候選：照 golden 解開（先看風險標記）		
MEDIUM	aoutarm9045_2x4_16.cpp	1022	1024	1	TODO(W7)		TODO(W7): fFixAICCD form (golden FixAICCD.h TfFixAICCD) -- no FormsFacade stand-in; guard kept live, form call gated (no-op offline)	fFixAICCD->OutArmCycleCounterUpdate();		sim+ship	PASS	LINK-OK	SHIP-OK	likely-no	(compiles: -fsyntax-only)	候選：照 golden 解開（先看風險標記）		
MEDIUM	aoutarm9045_2x4_4.cpp	725	727	1	TODO(W7)		TODO(W7): fAutoTeach form (golden AutoTeach.h TfAutoTeach) -- no FormsFacade stand-in; guard + flow kept live, form call gated (no-op offline)	fAutoTeach->iATOutArmWhichKit=iOutArmiWhichKit;                                                         //JimmyChiu 20211020 : Auto alignment mode			FAIL			yes	aoutarm9045_2x4_4.cpp:726:17: error: 'fAutoTeach' was not declared in this scope	仍缺：未宣告 fAutoTeach		
MEDIUM	aoutarm9045_2x4_4.cpp	747	750	2	TODO(W7)		TODO(W7): fAutoTeach form (golden AutoTeach.h TfAutoTeach) -- no FormsFacade stand-in; guard + flow kept live, form calls gated (no-op offline)	if(fAutoTeach->IsRun())                                         //JimmyChiu 20211020 : Auto alignment mode			FAIL			yes	aoutarm9045_2x4_4.cpp:748:20: error: 'fAutoTeach' was not declared in this scope	仍缺：未宣告 fAutoTeach		
MEDIUM	aoutarm9045_2x4_4.cpp	838	840	1	TODO(W7)		TODO(W7): fFixAICCD form (golden FixAICCD.h TfFixAICCD) -- no FormsFacade stand-in; guard + flow kept live, form call gated (no-op offline)	fFixAICCD->OutArmCycleCounterUpdate();		sim+ship	PASS	LINK-OK	SHIP-OK	likely-no	(compiles: -fsyntax-only)	候選：照 golden 解開（先看風險標記）		
MEDIUM	aoutarm9045_2x4_8.cpp	1071	1073	1	TODO(W7)		TODO(W7): fFixAICCD form (golden FixAICCD.h TfFixAICCD) -- no FormsFacade stand-in; guard + flow kept live, form call gated (no-op offline)	fFixAICCD->OutArmCycleCounterUpdate();		sim+ship	PASS	LINK-OK	SHIP-OK	likely-no	(compiles: -fsyntax-only)	候選：照 golden 解開（先看風險標記）		
MEDIUM	aoutarm9045_2x4_8.cpp	1150	1152	1	TODO(W7)		TODO(W7): fFixAICCD form (golden FixAICCD.h TfFixAICCD) -- no FormsFacade stand-in; guard + flow kept live, form call gated (no-op offline)	fFixAICCD->OutArmCycleCounterUpdate();		sim+ship	PASS	LINK-OK	SHIP-OK	likely-no	(compiles: -fsyntax-only)	候選：照 golden 解開（先看風險標記）		
MEDIUM	aoutarm9045_2x5_8.cpp	691	693	1	TODO(W7)		TODO(W7): fAutoTeach form UI not available offline (no FormsFacade TfAutoTeach)	fAutoTeach->iATOutArmWhichKit=iOutArmiWhichKit;                                                         //JimmyChiu 20211020 : Auto alignment mode			FAIL			yes	aoutarm9045_2x5_8.cpp:698:17: error: 'fAutoTeach' was not declared in this scope	仍缺：未宣告 fAutoTeach		
MEDIUM	aoutarm9045_2x5_8.cpp	713	716	2	TODO(W7)		TODO(W7): fAutoTeach form UI not available offline (no FormsFacade TfAutoTeach)	if(fAutoTeach->IsRun())                                         //JimmyChiu 20211020 : Auto alignment mode			FAIL			yes	aoutarm9045_2x5_8.cpp:720:20: error: 'fAutoTeach' was not declared in this scope	仍缺：未宣告 fAutoTeach		
MEDIUM	aoutarm9045_2x5_8.cpp	806	808	1	TODO(W7)		TODO(W7): fFixAICCD form UI not available offline (no FormsFacade TfFixAICCD)	fFixAICCD->OutArmCycleCounterUpdate();		sim+ship	PASS	LINK-OK	SHIP-OK	likely-no	(compiles: -fsyntax-only)	候選：照 golden 解開（先看風險標記）		
MEDIUM	aoutarm9045_2x8_16.cpp	1015	1017	1	TODO(W7)		TODO(W7): fAutoTeach form (golden AutoTeach.h TfAutoTeach) -- no FormsFacade stand-in; flow kept live, form call gated	fAutoTeach->iATOutArmWhichKit=iOutArmiWhichKit;                 //JimmyChiu 20211020 : Auto alignment mode			FAIL			yes	aoutarm9045_2x8_16.cpp:1018:17: error: 'fAutoTeach' was not declared in this scope	仍缺：未宣告 fAutoTeach		
MEDIUM	aoutarm9045_2x8_16.cpp	1037	1040	2	TODO(W7)		TODO(W7): fAutoTeach form (golden AutoTeach.h TfAutoTeach) -- no FormsFacade stand-in; offline IsRun()==false, gated	if(fAutoTeach->IsRun())                                         //JimmyChiu 20211020 : Auto alignment mode			FAIL			yes	aoutarm9045_2x8_16.cpp:1040:20: error: 'fAutoTeach' was not declared in this scope	仍缺：未宣告 fAutoTeach		
MEDIUM	aoutarm9045_2x8_16.cpp	1116	1118	1	TODO(W7)		TODO(W7): fFixAICCD form (golden FixAICCD.h TfFixAICCD) -- no FormsFacade stand-in; guard kept live, form call gated (no-op offline)	fFixAICCD->OutArmCycleCounterUpdate();		sim+ship	PASS	LINK-OK	SHIP-OK	likely-no	(compiles: -fsyntax-only)	候選：照 golden 解開（先看風險標記）		
MEDIUM	aoutarm9045_2x8_16.cpp	1194	1196	1	TODO(W7)		TODO(W7): fFixAICCD form (golden FixAICCD.h TfFixAICCD) -- no FormsFacade stand-in; guard kept live, form call gated (no-op offline)	fFixAICCD->OutArmCycleCounterUpdate();		sim+ship	PASS	LINK-OK	SHIP-OK	likely-no	(compiles: -fsyntax-only)	候選：照 golden 解開（先看風險標記）		
MEDIUM	aoutarm9045_2x8_32.cpp	2090	2167	76	TODO(W7)		TODO(W7): fAutoTeach form (golden AutoTeach.h TfAutoTeach) -- no FormsFacade stand-in; offline IsRun()==false -> returns 1	if(fAutoTeach->IsRun()==false)			FAIL			yes	aoutarm9045_2x8_32.cpp:2091:8: error: 'fAutoTeach' was not declared in this scope	仍缺：未宣告 fAutoTeach	HAS-#else	
MEDIUM	aoutarm9045_2x8_32.cpp	2994	3007	12	TODO(W7)		TODO(W7): golden SYSTEM_BIN_SELECT::bFixLink removed in 906 (renamed to bFixTrayLink); this stale-dead golden ref has no member -> gated, control flow falls through to the bFixTrayLink[2] block below (offline-safe; never dispatched)	if(iWhichAuto==iFixPosMin && BinSelect[iTestRunMode].bFixLink[1])			FAIL			yes	aoutarm9045_2x8_32.cpp:2995:82: error: 'struct SYSTEM_BIN_SELECT' has no member named 'bFixLink'; did you mean 'bAutoLink'?	仍缺：SYSTEM_BIN_SELECT 沒有成員 bFixLink		
MEDIUM	aoutarm9045_2x8_32.cpp	3168	3174	5	TODO(W7)		TODO(W7): fAutoTeach form (golden AutoTeach.h TfAutoTeach) -- no FormsFacade stand-in; offline IsRun()==false -> fall through to Task=3310	if(fAutoTeach->IsRun())                                                                                                                             //JimmyChiu 20211020 : Auto alignment mode			FAIL			yes	aoutarm9045_2x8_32.cpp:3169:16: error: 'fAutoTeach' was not declared in this scope	仍缺：未宣告 fAutoTeach		
MEDIUM	aoutarm9045_2x8_8.cpp	1782	1784	1	TODO(W7)		TODO(W7): fAutoTeach form (golden AutoTeach.h TfAutoTeach) -- no FormsFacade stand-in; flow kept live, form call gated	fAutoTeach->iATOutArmWhichKit=iOutArmiWhichKit;                                                         //JimmyChiu 20211020 : Auto alignment mode			FAIL			yes	aoutarm9045_2x8_8.cpp:1786:17: error: 'fAutoTeach' was not declared in this scope	仍缺：未宣告 fAutoTeach		
MEDIUM	aoutarm9045_2x8_8.cpp	1804	1807	2	TODO(W7)		TODO(W7): fAutoTeach form (golden AutoTeach.h TfAutoTeach) -- no FormsFacade stand-in; offline IsRun()==false, gated	if(fAutoTeach->IsRun())                                         //JimmyChiu 20211020 : Auto alignment mode			FAIL			yes	aoutarm9045_2x8_8.cpp:1808:20: error: 'fAutoTeach' was not declared in this scope	仍缺：未宣告 fAutoTeach		
MEDIUM	aoutarm9045_2x8_8.cpp	1902	1904	1	TODO(W7)		TODO(W7): fFixAICCD form (golden FixAICCD.h TfFixAICCD) -- no FormsFacade stand-in; guard kept live, form call gated (no-op offline)	fFixAICCD->OutArmCycleCounterUpdate();		sim+ship	PASS	LINK-OK	SHIP-OK	likely-no	(compiles: -fsyntax-only)	候選：照 golden 解開（先看風險標記）		
MEDIUM	aoutarm9045_2x8_8.cpp	1985	1987	1	TODO(W7)		TODO(W7): fFixAICCD form (golden FixAICCD.h TfFixAICCD) -- no FormsFacade stand-in; guard kept live, form call gated (no-op offline)	fFixAICCD->OutArmCycleCounterUpdate();		sim+ship	PASS	LINK-OK	SHIP-OK	likely-no	(compiles: -fsyntax-only)	候選：照 golden 解開（先看風險標記）		
MEDIUM	aoutarm9045_2x8_8.cpp	2226	2301	74	TODO(W7)		TODO(W7): fAutoTeach form (golden AutoTeach.h TfAutoTeach) -- no FormsFacade stand-in	if(fAutoTeach->IsRun()==false)			FAIL			yes	aoutarm9045_2x8_8.cpp:2230:8: error: 'fAutoTeach' was not declared in this scope	仍缺：未宣告 fAutoTeach		
MEDIUM	aoutarm9045_2x8_8.cpp	3198	3200	1	TODO(W7)		TODO(W7): fAutoTeach form (golden AutoTeach.h TfAutoTeach) -- no FormsFacade stand-in; offline IsRun()==false so this branch is skipped, gated	if(fAutoTeach->IsRun())                                                                                     //JimmyChiu 20211020 : Auto alignment mode			FAIL			yes	aoutarm9045_2x8_8.cpp:3202:16: error: 'fAutoTeach' was not declared in this scope	仍缺：未宣告 fAutoTeach		
MEDIUM	aoutarm9045_All_1Picker.cpp	523	525	1	TODO(W7)		TODO(W7) -- golden aoutarm9045_All_1Picker.cpp:400 fAutoTeach->iATOutArmWhichKit (TfAutoTeach VCL form, offline N/A)	fAutoTeach->iATOutArmWhichKit=iOutArmiWhichKit;                 //JimmyChiu 20211020 : Auto alignment mode			FAIL			yes	aoutarm9045_All_1Picker.cpp:524:17: error: 'fAutoTeach' was not declared in this scope	仍缺：未宣告 fAutoTeach		
MEDIUM	aoutarm9045_All_1Picker.cpp	545	548	2	TODO(W7)		TODO(W7) -- golden aoutarm9045_All_1Picker.cpp:420 fAutoTeach->IsRun()/DoNext() (TfAutoTeach VCL form, offline N/A)	if(fAutoTeach->IsRun())                                         //JimmyChiu 20211020 : Auto alignment mode			FAIL			yes	aoutarm9045_All_1Picker.cpp:546:20: error: 'fAutoTeach' was not declared in this scope	仍缺：未宣告 fAutoTeach		
MEDIUM	aoutarm9045_All_1Picker.cpp	618	620	1	TODO(W7)		TODO(W7): fFixAICCD form (golden FixAICCD.h TfFixAICCD) -- no FormsFacade stand-in; guard + flow kept live, form call gated (no-op offline)	fFixAICCD->OutArmCycleCounterUpdate();		sim+ship	PASS	LINK-OK	SHIP-OK	likely-no	(compiles: -fsyntax-only)	候選：照 golden 解開（先看風險標記）		
MEDIUM	aoutarm9045_All_1Picker.cpp	702	704	1	TODO(W7)		TODO(W7): fFixAICCD form (golden FixAICCD.h TfFixAICCD) -- no FormsFacade stand-in; guard + flow kept live, form call gated (no-op offline)	fFixAICCD->OutArmCycleCounterUpdate();		sim+ship	PASS	LINK-OK	SHIP-OK	likely-no	(compiles: -fsyntax-only)	候選：照 golden 解開（先看風險標記）		
MEDIUM	aoutarm_shims.cpp	47	49	1			PT-W8 RETIRED (GetOutArmToShuttleOffset_9045): real translated body now live	int  GetOutArmToShuttleOffset_9045(int, int, int, bool) { return 0; }          // golden aoutarm9045.cpp:1211 -- offline: 0		sim+ship	PASS			n/a	(compiles: -fsyntax-only)	已退役的替身／參考副本（真本體在別處）：不要解（會重複定義），可整段清掉		
MEDIUM	aoutarm_shims.cpp	50	52	1			PT-W8 RETIRED (GetOutArmYToShuttleOffset_9045): real translated body now live	int  GetOutArmYToShuttleOffset_9045(int, int)           { return 0; }          // golden aoutarm9045.cpp -- offline: 0		sim+ship	PASS			n/a	(compiles: -fsyntax-only)	已退役的替身／參考副本（真本體在別處）：不要解（會重複定義），可整段清掉		
MEDIUM	aoutarm_shims.cpp	53	55	1			PT-W8 RETIRED (GetOutArmXToShuttleOffset_9045): real translated body now live	int  GetOutArmXToShuttleOffset_9045(int, int)           { return 0; }          // golden aoutarm9045.cpp -- offline: 0		sim+ship	PASS			n/a	(compiles: -fsyntax-only)	已退役的替身／參考副本（真本體在別處）：不要解（會重複定義），可整段清掉		
MEDIUM	aoutarm_shims.cpp	56	58	1			PT-W8 RETIRED (GetVariableYOutShuttleData): real translated body now live	int  GetVariableYOutShuttleData()                       { return 0; }          // golden aoutarm9045.cpp (ChungHung 20131231) -- offline: 0		sim+ship	PASS			n/a	(compiles: -fsyntax-only)	已退役的替身／參考副本（真本體在別處）：不要解（會重複定義），可整段清掉		
MEDIUM	aoutarm_shims.cpp	74	76	1			PT-W8 RETIRED (CheckOutArmToTask50): real translated body now live	bool CheckOutArmToTask50(int)                      { return true; }            // golden aoutarm9045.h:49 -- offline: reached task50		sim+ship	PASS			n/a	(compiles: -fsyntax-only)	已退役的替身／參考副本（真本體在別處）：不要解（會重複定義），可整段清掉		
MEDIUM	aoutarm_shims.cpp	77	80	2			PT-W5c RETIRED (IsOutArmCleanOutFinish)	bool IsOutArmCleanOutFinish()                      { return true; }            // golden aoutarm9045.cpp -- offline: clean-out finished		sim+ship	PASS			n/a	(compiles: -fsyntax-only)	已退役的替身／參考副本（真本體在別處）：不要解（會重複定義），可整段清掉		
MEDIUM	aoutarm_shims.cpp	95	97	1			PT-W8 RETIRED (DoFixTrayFullAlarm): real translated body now live	bool DoFixTrayFullAlarm()                          { return true; }            // golden aoutarm9045.h:47 -- offline: alarm handled		sim+ship	PASS			n/a	(compiles: -fsyntax-only)	已退役的替身／參考副本（真本體在別處）：不要解（會重複定義），可整段清掉		
MEDIUM	aoutarm_shims.cpp	98	100	1			PT-W8 RETIRED (VerifyTrayStatus): real translated body now live	int  VerifyTrayStatus()                            { return 3300; }            // golden aoutarm9045.h:39 -- offline: 3300 (proceed to place)		sim+ship	PASS			n/a	(compiles: -fsyntax-only)	已退役的替身／參考副本（真本體在別處）：不要解（會重複定義），可整段清掉		
MEDIUM	aoutarm_shims.cpp	101	103	1			PT-W8 RETIRED (SearchTrayToPlace_Magazine): real translated body now live	int  SearchTrayToPlace_Magazine()                  { return 0; }               // golden aoutarm9045.h:63 (int) -- AI(W906-W7-A2) 20260728: fix return-type ODR violation -- this def and 14 of the 27 s		sim+ship	PASS			n/a	(compiles: -fsyntax-only)	已退役的替身／參考副本（真本體在別處）：不要解（會重複定義），可整段清掉		
MEDIUM	aoutarm_shims.cpp	106	109	2			PT-W5c RETIRED (AutoTrayReCheck)	bool AutoTrayReCheck(int)                          { return true; }            // golden aoutarm9045.cpp (Ifor 20171031) -- offline: re-check OK		sim+ship	PASS			n/a	(compiles: -fsyntax-only)	已退役的替身／參考副本（真本體在別處）：不要解（會重複定義），可整段清掉		
MEDIUM	aoutarm_shims.cpp	141	143	1			PT-W8 RETIRED (NeedPlaceToSort): real translated body now live	bool NeedPlaceToSort()                                         { return false; } // golden aoutarm9045.h (9046AU) -- offline: no AU dispatch		sim+ship	PASS			n/a	(compiles: -fsyntax-only)	已退役的替身／參考副本（真本體在別處）：不要解（會重複定義），可整段清掉		
MEDIUM	aoutarm_shims.cpp	144	147	2			PT-W5c RETIRED (GetSortArmToSortShuttleOffset)	int  GetSortArmToSortShuttleOffset()                           { return 0; }   // golden aoutarm9045.cpp (9046AU) -- offline: 0		sim+ship	PASS			n/a	(compiles: -fsyntax-only)	已退役的替身／參考副本（真本體在別處）：不要解（會重複定義），可整段清掉		
MEDIUM	aoutarm_shims.cpp	148	151	2			PT-W5c RETIRED (GetSortArmPitchX)	int  GetSortArmPitchX(int /*iMovePitchX*/, int /*iOffsetPos*/) { return 0; }   // golden aoutarm9045.cpp (9046AU) -- offline: 0		sim+ship	PASS			n/a	(compiles: -fsyntax-only)	已退役的替身／參考副本（真本體在別處）：不要解（會重複定義），可整段清掉		
MEDIUM	aoutarm_shims.cpp	152	155	2			PT-W5c RETIRED (GetSortShuttleStatus_Pick)	void GetSortShuttleStatus_Pick(int /*iZPos*/[][MAX_ARM_Col], bool /*bZDown*/, bool /*bZFlag*/[][MAX_ARM_Col]) {} // golden aoutarm9045.cpp (9046AU) -- offline: leave caller arrays untouched (zeroed by		sim+ship	PASS			n/a	(compiles: -fsyntax-only)	已退役的替身／參考副本（真本體在別處）：不要解（會重複定義），可整段清掉		
MEDIUM	aoutarm_shims.cpp	156	159	2			PT-W5c RETIRED (IsCheckSortArmDestroyActiveFinish)	bool IsCheckSortArmDestroyActiveFinish(int /*iXPos*/, int /*iYPos*/) { return true; } // golden aoutarm9045.cpp (9046AU) -- offline: finished		sim+ship	PASS			n/a	(compiles: -fsyntax-only)	已退役的替身／參考副本（真本體在別處）：不要解（會重複定義），可整段清掉		
MEDIUM	aoutarm_shims.cpp	160	163	2			PT-W5c RETIRED (DoSortArmSuckPreOn)	void DoSortArmSuckPreOn(int /*iKit*/, int /*iXPos*/, int /*iYPos*/, bool /*bZDown*/) {} // golden aoutarm9045.cpp (9046AU) -- offline: no-op		sim+ship	PASS			n/a	(compiles: -fsyntax-only)	已退役的替身／參考副本（真本體在別處）：不要解（會重複定義），可整段清掉		
MEDIUM	aoutarm_shims.cpp	164	167	2			PT-W5c RETIRED (CheckSortArmXYPitch_2x4_8)	bool CheckSortArmXYPitch_2x4_8(int * /*iX*/, int * /*iY*/, int /*iMovePitchX*/) { return true; } // golden aoutarm9045_2x4_8.cpp (9046AU; engine def) -- offline: pitch OK		sim+ship	PASS			n/a	(compiles: -fsyntax-only)	已退役的替身／參考副本（真本體在別處）：不要解（會重複定義），可整段清掉		
MEDIUM	aoutarm_shims.cpp	168	170	1			PT-W8 RETIRED (SetSortShuttleStatus_Place): real translated body now live	void SetSortShuttleStatus_Place(int /*iShtRow*/, int /*iShtCol*/, int /*iSuckRow*/, int /*iSuckCol*/) {} // golden aoutarm9045.h:33 (9046AU) -- offline: no-op		sim+ship	PASS			n/a	(compiles: -fsyntax-only)	已退役的替身／參考副本（真本體在別處）：不要解（會重複定義），可整段清掉		
LOW	asortarm.cpp	775	779	3	GATE(1)		GATE(1) -- golden asortarm.cpp:243 (CheckSuckInitialStatus has no compiled body anywhere in this tree)	flag[i][j]=CheckSuckInitialStatus(OutArm2Suck, i, j);		sim+ship	PASS	LINK-OK	SHIP-OK	likely-no	(compiles: -fsyntax-only)	候選：照 golden 解開（先看風險標記）	HAS-#else	
LOW	asortarm.cpp	2476	2480	3	GATE(13)		GATE(13) -- golden asortarm.cpp:1936 (golden's MyDBIProcess is 3-arg (golden cMyDB.h:20); this tree's is 2-arg (aHotPlateSubstrate.h:924))	MyDBIProcess("Motion", sData, "MoveOutArmZToPlateSafe");		ship	PASS	LINK-OK	SHIP-FAIL asortarm.cpp:2477:83: error: too many arguments to function 'void MyDBIProcess(vclcompat::AnsiString, vclcompat::AnsiString)'	yes（出貨組態）	asortarm.cpp:2477:83: error: too many arguments to function 'void MyDBIProcess(vclcompat::AnsiString, vclcompat::AnsiString)'	仍缺（出貨組態才編得到／才出錯）：asortarm.cpp:2477:83: error: too many arguments to function 'void MyDBIProcess(vclcompat::AnsiString, vclcompat::AnsiStr	HAS-#else	
HIGH	asortarm.cpp	2793	2812	18	GATE(7)		GATE(7) -- golden asortarm.cpp:2249-2266 (golden defines CheckOutArmSuckOnlyGOrH TWICE (here and aoutarm.cpp:3013, byte-identical); this tree's aoutarm.cpp:3008 owns it)	bool CheckOutArmSuckOnlyGOrH()                                                  //Steven 20141128 : for 只開Ad,Bd Auto1 第一列沒有放IC		sim+ship	PASS	LINK-DUP dup: CheckOutArmSuckOnlyGOrH()		n/a	(compiles: -fsyntax-only)	解開會跟別處重複定義（CheckOutArmSuckOnlyGOrH()）：真本體在別處，不要解，可清掉	HIGH-KW	
LOW	asortarm.cpp	2988	3005	16	GATE(8)		GATE(8) -- golden asortarm.cpp:2442-2457 (golden defines all three TMyQASample methods TWICE (here and aoutarm.cpp:3580/:3585/:3593, byte-identical); this tree's aoutarm.cpp:3575-3590 owns them. The OBJECT QASamSort (golden :70) is NOT duplicated and stays defined above)	__fastcall TMyQASample::TMyQASample()			FAIL			yes	asortarm.cpp:2989:12: error: ambiguating new declaration of 'TMyQASample::TMyQASample()'	仍缺：asortarm.cpp:2989:12: error: ambiguating new declaration of 'TMyQASample::TMyQASample()'		
LOW	asortarm.cpp	3895	3908	12	GATE(5)		GATE(5) -- golden asortarm.cpp:3343-3350 (TfSCKART has no iInfo_MultiLotCnt -- same gate as aTester_Front.cpp:2374; the #else arm IS golden's own else-branch, which is what a single-lot run executes)	if(fSCKART->iInfo_MultiLotCnt>1)			FAIL			yes	asortarm.cpp:3896:41: error: 'class TfSCKART' has no member named 'iInfo_MultiLotCnt'	仍缺：TfSCKART 沒有成員 iInfo_MultiLotCnt	HAS-#else	
LOW	asortarm.cpp	3991	3996	4	GATE(6)		GATE(6) -- golden asortarm.cpp:3433-3436 (TfBarCode (BarCode/BarCode.h, partial) has neither list2DByLot nor map2DList (the tree carries them as free globals, a different object); enclosing guard stays live)	fBarCode->list2DByLot->Clear();			FAIL			yes	asortarm.cpp:3992:47: error: 'class TfBarCode' has no member named 'list2DByLot'	仍缺：TfBarCode 沒有成員 list2DByLot		
LOW	asortarm.cpp	4134	4162	27	GATE(14)		GATE(14) -- golden asortarm.cpp:3574-3586 (vclcompat TStringList::Strings[] yields a StringsProxy (operator AnsiString), which has no .Pos(); each subject is wrapped in AnsiString(...) -- pure type adaptation, identical strings/thresholds/branch order)	if(OutArm2Suck.PordRec[i][j].asBuffer->Strings[eErrorCode].Pos("Duplicate 2DID error")>0)			FAIL			yes	asortarm.cpp:4135:92: error: 'class vclcompat::StringsProxy' has no member named 'Pos'	仍缺：vclcompat::StringsProxy 沒有成員 Pos	HAS-#else	
LOW	asortarm.cpp	4173	4175	1	GATE(9)		GATE(9) -- golden asortarm.cpp:3597 (TfOCR declares only ChangeLightValue; SaveOCRAndBinData exists nowhere in this tree)	fOCR->SaveOCRAndBinData(asOCRCode, OutArm2Suck.PordRec[i][j].asBuffer->Strings[eTestCate], Prod.iIsPassT6[iToWhichAuto]);   //Steven 20240105 : Prod.bIsPass --> Prod.iIsPassT6			FAIL			yes	asortarm.cpp:4174:39: error: 'class TfOCR' has no member named 'SaveOCRAndBinData'	仍缺：TfOCR 沒有成員 SaveOCRAndBinData		
LOW	asortarm.cpp	4284	4286	1	GATE(11)		GATE(11) -- golden asortarm.cpp:3704 (TfSortCT declares ShowLoadingIC/ShowSortIC only; CheckTheYieldAfterPlaceAuto absent (golden cSortCT.cpp unported))	fSortCT->CheckTheYieldAfterPlaceAuto();                                     //Sam 20230306 : 修正 Initial Start 誤報警問題			FAIL			yes	asortarm.cpp:4285:14: error: 'class TfSortCT' has no member named 'CheckTheYieldAfterPlaceAuto'	仍缺：TfSortCT 沒有成員 CheckTheYieldAfterPlaceAuto		
HELD	atester.cpp	916	918	1	TODO(W906-GB-P2b)	Index 臂：等使用者在 BCB6 寫 9050 的 Index 流程（RULINGS_20260929 第 8 條）	TODO(W906-GB-P2b): T01 `Byte` (Borland System.hpp typedef) is not declared by atester.cpp's include closure (V906 has it only in Interface/InterfaceSYS.h:36 and BinDisplay/MyBinDisp.h:490, neither included) -- golden atester.cpp:856	static Byte BarCodeMess[2048];		sim+ship	PASS-WITH-INCLUDE			likely-no（缺 include）	atester.cpp:917:12: error: 'Byte' does not name a type	HELD（Index 臂：等使用者在 BCB6 寫 9050 的 Index 流程（RULINGS_20260929 第 8 條））；探針：候選：補 include BinDisplay/MyBinDisp.h 後照 golden 解開（先確認那個名字是真本體、不是 stub／shim）		
HELD	atester.cpp	987	989	1	TODO(W906-GB-P2b)	Index 臂：等使用者在 BCB6 寫 9050 的 Index 流程（RULINGS_20260929 第 8 條）	TODO(W906-GB-P2b): T01 BarCodeMess (T01) -- its only use -- golden atester.cpp:923	memset(BarCodeMess, '\0', sizeof(BarCodeMess));			FAIL			yes	atester.cpp:988:24: error: 'BarCodeMess' was not declared in this scope	HELD（Index 臂：等使用者在 BCB6 寫 9050 的 Index 流程（RULINGS_20260929 第 8 條））；探針：仍缺：未宣告 BarCodeMess		
HELD	atester.cpp	1282	1286	3	TODO(W906-GB-P2b)	Index 臂：等使用者在 BCB6 寫 9050 的 Index 流程（RULINGS_20260929 第 8 條）	TODO(W906-GB-P2b): T04 ATC_InterfaceForm is declared only in acarry_shims.h:115 (TATC_InterfaceFormShim, iATC_MODE_TYPE only, offline 0) and ATC_TYPE_60/70 only in forms/fATCHandlerSide.h:695/697; neither header is included -- golden atester.cpp:1212	if(ATC_InterfaceForm->iATC_MODE_TYPE==ATC_TYPE_70 &&		sim+ship	PASS-WITH-INCLUDE			likely-no（缺 include）	atester.cpp:1283:16: error: 'ATC_InterfaceForm' was not declared in this scope	HELD（Index 臂：等使用者在 BCB6 寫 9050 的 Index 流程（RULINGS_20260929 第 8 條））；探針：候選：補 include acarry_shims.h + forms/fATCHandlerSide.h 後照 golden 解開（先確認那個名字是真本體、不是 stub／shim）	HAS-#else	
HELD	atester.cpp	1303	1306	2	TODO(W906-GB-P2b)	Index 臂：等使用者在 BCB6 寫 9050 的 Index 流程（RULINGS_20260929 第 8 條）	TODO(W906-GB-P2b): T05 fContact is TfContactShim (atester_shims.h:154-250): no labDelayStatus / lblCountDown / pnlHandlerSatus (the real TfContact, forms/fContact.h:1177-1179, has no `fContact` global); brace-less if goes with its statement -- golden atester.cpp:1229-1230	if(fContact->fShow)			FAIL			yes	atester.cpp:1305:31: error: 'class TfContactShim' has no member named 'labDelayStatus'	HELD（Index 臂：等使用者在 BCB6 寫 9050 的 Index 流程（RULINGS_20260929 第 8 條））；探針：仍缺：TfContactShim 沒有成員 labDelayStatus	UI-STATE	
HELD	atester.cpp	1460	1464	3	TODO(W906-GB-P2b)	Index 臂：等使用者在 BCB6 寫 9050 的 Index 流程（RULINGS_20260929 第 8 條）	TODO(W906-GB-P2b): T06 WaitManualStartKey is declared in ckernel.h:96, which atester.cpp does not include -- golden atester.cpp:1384	if(WaitManualStartKey()==false)			FAIL			yes	atester.cpp:1461:39: error: 'WaitManualStartKey' was not declared in this scope	HELD（Index 臂：等使用者在 BCB6 寫 9050 的 Index 流程（RULINGS_20260929 第 8 條））；探針：仍缺：未宣告 WaitManualStartKey	HAS-#else	
HELD	atester.cpp	1472	1476	3	TODO(W906-GB-P2b)	Index 臂：等使用者在 BCB6 寫 9050 的 Index 流程（RULINGS_20260929 第 8 條）	TODO(W906-GB-P2b): T07 fMesSystem is declared in forms/fMesSystem.h:715, which atester.cpp does not include -- golden atester.cpp:1392	if(fMesSystem->GetRcsCheckingResult(false)==false)		sim+ship	PASS			likely-no	(compiles: -fsyntax-only)	HELD（Index 臂：等使用者在 BCB6 寫 9050 的 Index 流程（RULINGS_20260929 第 8 條））；探針：候選：照 golden 解開（先看風險標記）	HAS-#else	
HELD	atester.cpp	1480	1484	3	TODO(W906-GB-P2b)	Index 臂：等使用者在 BCB6 寫 9050 的 Index 流程（RULINGS_20260929 第 8 條）	TODO(W906-GB-P2b): T08 TfAutomationShim (atester_shims.h:313-333) has no HANARMSRunCheckOK -- golden atester.cpp:1396	if(fAutomation && fAutomation->HANARMSRunCheckOK(true)==false)      //RogerYang 20260902 : A76 HANA RMS recipe 互鎖		sim+ship	PASS			likely-no	(compiles: -fsyntax-only)	HELD（Index 臂：等使用者在 BCB6 寫 9050 的 Index 流程（RULINGS_20260929 第 8 條））；探針：候選：照 golden 解開（先看風險標記）	HAS-#else	
HELD	atester.cpp	1511	1516	4	TODO(W906-GB-P2b)	Index 臂：等使用者在 BCB6 寫 9050 的 Index 流程（RULINGS_20260929 第 8 條）	TODO(W906-GB-P2b): T09 TfMain (forms/fMain.h) has no pcCommView / pgcTorque -- golden atester.cpp:1423-1424	fMain->pcCommView->ActivePageIndex==0 &&			FAIL			yes	atester.cpp:1512:27: error: 'class TfMain' has no member named 'pcCommView'	HELD（Index 臂：等使用者在 BCB6 寫 9050 的 Index 流程（RULINGS_20260929 第 8 條））；探針：仍缺：TfMain 沒有成員 pcCommView	HAS-#else	
HELD	atester.cpp	1527	1529	1	TODO(W906-GB-P2b)	Index 臂：等使用者在 BCB6 寫 9050 的 Index 流程（RULINGS_20260929 第 8 條）	TODO(W906-GB-P2b): T04 StartTesting (T04) -- golden atester.cpp:1435	ATC_InterfaceForm->StartTesting();                          //JerryYang 20220815 : send ATC start testing			FAIL			yes	atester.cpp:1528:40: error: 'class TATC_InterfaceFormShim' has no member named 'StartTesting'  (補 include acarry_shims.h 之後)	HELD（Index 臂：等使用者在 BCB6 寫 9050 的 Index 流程（RULINGS_20260929 第 8 條））；探針：仍缺：TATC_InterfaceFormShim 沒有成員 StartTesting		
HELD	atester.cpp	1602	1604	1	TODO(W906-GB-P2b)	Index 臂：等使用者在 BCB6 寫 9050 的 Index 流程（RULINGS_20260929 第 8 條）	TODO(W906-GB-P2b): T11 ATCInterfaceForm is declared in ATC/ATCInterface.h:528, which atester.cpp does not include (same gate as aTester_Front.cpp G4) -- golden atester.cpp:1508	ATCInterfaceForm->ATC_60_SYS.SendTestStart(1);		sim+ship	PASS-WITH-INCLUDE			likely-no（缺 include）	atester.cpp:1603:21: error: 'ATCInterfaceForm' was not declared in this scope	HELD（Index 臂：等使用者在 BCB6 寫 9050 的 Index 流程（RULINGS_20260929 第 8 條））；探針：候選：補 include ATC/ATCInterface.h 後照 golden 解開（先確認那個名字是真本體、不是 stub／shim）		
HELD	atester.cpp	1607	1610	2	TODO(W906-GB-P2b)	Index 臂：等使用者在 BCB6 寫 9050 的 Index 流程（RULINGS_20260929 第 8 條）	TODO(W906-GB-P2b): T04 SiteTesting (T04); the brace-less if goes with its statement -- golden atester.cpp:1511-1512	if(ATC_SYSTEM==eNewATCSystem)                                                                           //Ifor 20160516 修改ATC Heat 設定數			FAIL			yes	atester.cpp:1609:40: error: 'class TATC_InterfaceFormShim' has no member named 'SiteTesting'  (補 include acarry_shims.h 之後)	HELD（Index 臂：等使用者在 BCB6 寫 9050 的 Index 流程（RULINGS_20260929 第 8 條））；探針：仍缺：TATC_InterfaceFormShim 沒有成員 SiteTesting		
HELD	atester.cpp	1639	1641	1	TODO(W906-GB-P2b)	Index 臂：等使用者在 BCB6 寫 9050 的 Index 流程（RULINGS_20260929 第 8 條）	TODO(W906-GB-P2b): T12 _RunTestProgram_BarMess / _RunTestProgram are declared in Interface/InterfaceSYS.h:353-354 (not included); SPEA Interface.exe path is out of scope (TesterComm/Handler/TRANSLATION_RULES.md rule 5) -- golden atester.cpp:1541	_RunTestProgram_BarMess(sizeof(flag2), flag2, StrBarCodeAll.Length(), StrBarCodeAll.c_str());			FAIL			yes	atester.cpp:1640:116: error: '_RunTestProgram_BarMess' was not declared in this scope	HELD（Index 臂：等使用者在 BCB6 寫 9050 的 Index 流程（RULINGS_20260929 第 8 條））；探針：仍缺：未宣告 _RunTestProgram_BarMess		
HELD	atester.cpp	1645	1647	1	TODO(W906-GB-P2b)	Index 臂：等使用者在 BCB6 寫 9050 的 Index 流程（RULINGS_20260929 第 8 條）	TODO(W906-GB-P2b): T12 _RunTestProgram (T12) -- golden atester.cpp:1545	_RunTestProgram(sizeof(flag2), flag2);			FAIL			yes	atester.cpp:1646:61: error: '_RunTestProgram' was not declared in this scope	HELD（Index 臂：等使用者在 BCB6 寫 9050 的 Index 流程（RULINGS_20260929 第 8 條））；探針：仍缺：未宣告 _RunTestProgram		
HELD	atester.cpp	1657	1659	1	TODO(W906-GB-P2b)	Index 臂：等使用者在 BCB6 寫 9050 的 Index 流程（RULINGS_20260929 第 8 條）	TODO(W906-GB-P2b): T11 ATCInterfaceForm (T11) -- golden atester.cpp:1555	ATCInterfaceForm->SendTestStart(Type);		sim+ship	PASS-WITH-INCLUDE			likely-no（缺 include）	atester.cpp:1658:21: error: 'ATCInterfaceForm' was not declared in this scope	HELD（Index 臂：等使用者在 BCB6 寫 9050 的 Index 流程（RULINGS_20260929 第 8 條））；探針：候選：補 include ATC/ATCInterface.h 後照 golden 解開（先確認那個名字是真本體、不是 stub／shim）		
HELD	atester.cpp	1742	1745	2	TODO(W906-GB-P2b)	Index 臂：等使用者在 BCB6 寫 9050 的 Index 流程（RULINGS_20260929 第 8 條）	TODO(W906-GB-P2b): T13 FormHS is not declared by atester.cpp's include closure (only Automation/SCK_ART_Remainder.h:629 / forms/fHS.h); RecordArmTestInfoLog_HS also writes a log file -- golden atester.cpp:1638-1639	sArmTestInfoEvenLogFile=FormHS->GetLastFileLogName_HS(5);			FAIL			yes	atester.cpp:1743:53: error: 'struct W5SckArtRem_FormHSStub' has no member named 'GetLastFileLogName_HS'  (補 include Automation/SCK_ART_Remainder.h 之後)	HELD（Index 臂：等使用者在 BCB6 寫 9050 的 Index 流程（RULINGS_20260929 第 8 條））；探針：仍缺：W5SckArtRem_FormHSStub 沒有成員 GetLastFileLogName_HS		
HELD	atester.cpp	1787	1789	1	TODO(W906-GB-P2b)	Index 臂：等使用者在 BCB6 寫 9050 的 Index 流程（RULINGS_20260929 第 8 條）	TODO(W906-GB-P2b): T11 ATCInterfaceForm (T11) -- golden atester.cpp:1681	ATCInterfaceForm->SendTestEnd(Type);		sim+ship	PASS-WITH-INCLUDE			likely-no（缺 include）	atester.cpp:1788:21: error: 'ATCInterfaceForm' was not declared in this scope	HELD（Index 臂：等使用者在 BCB6 寫 9050 的 Index 流程（RULINGS_20260929 第 8 條））；探針：候選：補 include ATC/ATCInterface.h 後照 golden 解開（先確認那個名字是真本體、不是 stub／shim）		
HELD	atester.cpp	1792	1796	3	TODO(W906-GB-P2b)	Index 臂：等使用者在 BCB6 寫 9050 的 Index 流程（RULINGS_20260929 第 8 條）	TODO(W906-GB-P2b): T04 iATC_MODE_TYPE (T04) -- golden atester.cpp:1684	if(ATC_InterfaceForm->iATC_MODE_TYPE==ATC_TYPE_70 &&		sim+ship	PASS-WITH-INCLUDE			likely-no（缺 include）	atester.cpp:1793:20: error: 'ATC_InterfaceForm' was not declared in this scope	HELD（Index 臂：等使用者在 BCB6 寫 9050 的 Index 流程（RULINGS_20260929 第 8 條））；探針：候選：補 include acarry_shims.h + forms/fATCHandlerSide.h 後照 golden 解開（先確認那個名字是真本體、不是 stub／shim）	HAS-#else	
HELD	atester.cpp	1803	1805	1	TODO(W906-GB-P2b)	Index 臂：等使用者在 BCB6 寫 9050 的 Index 流程（RULINGS_20260929 第 8 條）	TODO(W906-GB-P2b): T04 UseTSD_Function (T04) -- golden atester.cpp:1691	ATC_InterfaceForm->UseTSD_Function(4, iSiteOn);                                                     //Ifor 20160823 add Site Count			FAIL			yes	atester.cpp:1804:40: error: 'class TATC_InterfaceFormShim' has no member named 'UseTSD_Function'  (補 include acarry_shims.h 之後)	HELD（Index 臂：等使用者在 BCB6 寫 9050 的 Index 流程（RULINGS_20260929 第 8 條））；探針：仍缺：TATC_InterfaceFormShim 沒有成員 UseTSD_Function		
HELD	atester.cpp	1811	1813	1	TODO(W906-GB-P2b)	Index 臂：等使用者在 BCB6 寫 9050 的 Index 流程（RULINGS_20260929 第 8 條）	TODO(W906-GB-P2b): T11 ATCInterfaceForm (T11) -- golden atester.cpp:1697	ATCInterfaceForm->ATC_60_SYS.SendTestStart(0);		sim+ship	PASS-WITH-INCLUDE			likely-no（缺 include）	atester.cpp:1812:21: error: 'ATCInterfaceForm' was not declared in this scope	HELD（Index 臂：等使用者在 BCB6 寫 9050 的 Index 流程（RULINGS_20260929 第 8 條））；探針：候選：補 include ATC/ATCInterface.h 後照 golden 解開（先確認那個名字是真本體、不是 stub／shim）		
HELD	atester.cpp	1870	1874	3	TODO(W906-GB-P2b)	Index 臂：等使用者在 BCB6 寫 9050 的 Index 流程（RULINGS_20260929 第 8 條）	TODO(W906-GB-P2b): T14 TfBarCode (BarCode/BarCode.h:40-88) has no GotBinFrom2DSortList / b2DIDIsInsideList / b2DIDIsInsideToErrorBin -- golden atester.cpp:1754	iTempBin=fBarCode->GotBinFrom2DSortList(Str);                                   //Steven 20240515 : modified for 2D sort			FAIL			yes	atester.cpp:1871:60: error: 'class TfBarCode' has no member named 'GotBinFrom2DSortList'	HELD（Index 臂：等使用者在 BCB6 寫 9050 的 Index 流程（RULINGS_20260929 第 8 條））；探針：仍缺：TfBarCode 沒有成員 GotBinFrom2DSortList	HAS-#else	
HELD	atester.cpp	1888	1890	1	TODO(W906-GB-P2b)	Index 臂：等使用者在 BCB6 寫 9050 的 Index 流程（RULINGS_20260929 第 8 條）	TODO(W906-GB-P2b): T15 EventReport / SECS_EVENT are declared in SECSGEM/SecsEventReport.h:55 / SECSGEM/SecsEventType.h:340, neither included -- golden atester.cpp:1768	EventReport(SECS_EVENT.UnexpectedUNITIDRead);		sim+ship	PASS			likely-no	(compiles: -fsyntax-only)	HELD（Index 臂：等使用者在 BCB6 寫 9050 的 Index 流程（RULINGS_20260929 第 8 條））；探針：候選：照 golden 解開（先看風險標記）		
HELD	atester.cpp	1901	1905	3	TODO(W906-GB-P2b)	Index 臂：等使用者在 BCB6 寫 9050 的 Index 流程（RULINGS_20260929 第 8 條）	TODO(W906-GB-P2b): T14 b2DIDIsInsideList (T14) -- golden atester.cpp:1779	ret=fBarCode->b2DIDIsInsideList(i, j);			FAIL			yes	atester.cpp:1902:55: error: 'class TfBarCode' has no member named 'b2DIDIsInsideList'	HELD（Index 臂：等使用者在 BCB6 寫 9050 的 Index 流程（RULINGS_20260929 第 8 條））；探針：仍缺：TfBarCode 沒有成員 b2DIDIsInsideList	HAS-#else	
HELD	atester.cpp	1918	1922	3	TODO(W906-GB-P2b)	Index 臂：等使用者在 BCB6 寫 9050 的 Index 流程（RULINGS_20260929 第 8 條）	TODO(W906-GB-P2b): T14 b2DIDIsInsideToErrorBin (T14) -- golden atester.cpp:1792	ret=fBarCode->b2DIDIsInsideToErrorBin(i, j);			FAIL			yes	atester.cpp:1919:55: error: 'class TfBarCode' has no member named 'b2DIDIsInsideToErrorBin'	HELD（Index 臂：等使用者在 BCB6 寫 9050 的 Index 流程（RULINGS_20260929 第 8 條））；探針：仍缺：TfBarCode 沒有成員 b2DIDIsInsideToErrorBin	HAS-#else	
HELD	atester.cpp	2025	2028	2	TODO(W906-GB-P2b)	Index 臂：等使用者在 BCB6 寫 9050 的 Index 流程（RULINGS_20260929 第 8 條）	TODO(W906-GB-P2b): T13 FormHS (T13) -- golden atester.cpp:1895-1896	sArmTestInfoEvenLogFile = FormHS->GetLastFileLogName_HS(5);			FAIL			yes	atester.cpp:2026:55: error: 'struct W5SckArtRem_FormHSStub' has no member named 'GetLastFileLogName_HS'  (補 include Automation/SCK_ART_Remainder.h 之後)	HELD（Index 臂：等使用者在 BCB6 寫 9050 的 Index 流程（RULINGS_20260929 第 8 條））；探針：仍缺：W5SckArtRem_FormHSStub 沒有成員 GetLastFileLogName_HS		
HELD	atester.cpp	2064	2317	252	TODO(W906-GB-P2b)	Index 臂：等使用者在 BCB6 寫 9050 的 Index 流程（RULINGS_20260929 第 8 條）	TODO(W906-GB-P2b): T17 user ruling -- new machines use RS232Standard for TTL, direct-card branch not ported (cases 100/200/250/260/265/270/300) -- golden atester.cpp:1932-2183	case 100:                                                               // TTL use 應該事先清			FAIL			yes	atester.cpp:2124:36: error: 'class TATC_InterfaceFormShim' has no member named 'SiteTesting'  (補 include ATC/ATCInterface.h + acarry_shims.h 之後)	HELD（Index 臂：等使用者在 BCB6 寫 9050 的 Index 流程（RULINGS_20260929 第 8 條））；探針：仍缺：TATC_InterfaceFormShim 沒有成員 SiteTesting	HIGH-KW	
HELD	atester.cpp	2340	2342	1	TODO(W906-GB-P2b)	Index 臂：等使用者在 BCB6 寫 9050 的 Index 流程（RULINGS_20260929 第 8 條）	TODO(W906-GB-P2b): T04 UseTSD_Function (T04) -- golden atester.cpp:2206	ATC_InterfaceForm->UseTSD_Function(4, iSiteOn);                                                             //Ifor 20160823 add Site Count			FAIL			yes	atester.cpp:2341:32: error: 'class TATC_InterfaceFormShim' has no member named 'UseTSD_Function'  (補 include acarry_shims.h 之後)	HELD（Index 臂：等使用者在 BCB6 寫 9050 的 Index 流程（RULINGS_20260929 第 8 條））；探針：仍缺：TATC_InterfaceFormShim 沒有成員 UseTSD_Function		
HELD	atester.cpp	2346	2350	3	TODO(W906-GB-P2b)	Index 臂：等使用者在 BCB6 寫 9050 的 Index 流程（RULINGS_20260929 第 8 條）	TODO(W906-GB-P2b): T04 bGetATC_SEND_TEMP_READY (T04) -- golden atester.cpp:2210	if(ATC_InterfaceForm->bGetATC_SEND_TEMP_READY==true)			FAIL			yes	atester.cpp:2347:35: error: 'class TATC_InterfaceFormShim' has no member named 'bGetATC_SEND_TEMP_READY'  (補 include acarry_shims.h 之後)	HELD（Index 臂：等使用者在 BCB6 寫 9050 的 Index 流程（RULINGS_20260929 第 8 條））；探針：仍缺：TATC_InterfaceFormShim 沒有成員 bGetATC_SEND_TEMP_READY	HAS-#else	
HELD	atester.cpp	2355	2357	1	TODO(W906-GB-P2b)	Index 臂：等使用者在 BCB6 寫 9050 的 Index 流程（RULINGS_20260929 第 8 條）	TODO(W906-GB-P2b): T18 TfMain (forms/fMain.h) has no memoTSD -- golden atester.cpp:2215	fMain->memoTSD->AddTextWithDateTime(Str);                       //Steven 20161208 (jou) : Record TSD time data			FAIL			yes	atester.cpp:2356:24: error: 'class TfMain' has no member named 'memoTSD'	HELD（Index 臂：等使用者在 BCB6 寫 9050 的 Index 流程（RULINGS_20260929 第 8 條））；探針：仍缺：TfMain 沒有成員 memoTSD		
HELD	atester.cpp	2421	2426	4	TODO(W906-GB-P2b)	Index 臂：等使用者在 BCB6 寫 9050 的 Index 流程（RULINGS_20260929 第 8 條）	TODO(W906-GB-P2b): T19 fTemp_Set is declared in forms/fTemp_Set.h:1563, which atester.cpp does not include (display writes only) -- golden atester.cpp:2279-2282	fTemp_Set->edtIdleTime_Mid->Text        =FormatFloat("0.0", iBoostEotToSotTime);		sim+ship	PASS-WITH-INCLUDE			likely-no（缺 include）	atester.cpp:2422:13: error: 'fTemp_Set' was not declared in this scope	HELD（Index 臂：等使用者在 BCB6 寫 9050 的 Index 流程（RULINGS_20260929 第 8 條））；探針：候選：補 include forms/fTemp_Set.h 後照 golden 解開（先確認那個名字是真本體、不是 stub／shim）		
HELD	atester.cpp	2428	2430	1	TODO(W906-GB-P2b)	Index 臂：等使用者在 BCB6 寫 9050 的 Index 流程（RULINGS_20260929 第 8 條）	TODO(W906-GB-P2b): T20 TfLotInfo (forms/fLotInfo.h:1413-2314) has no SetATCOffset (same gate as aTester_Front.cpp G1) -- golden atester.cpp:2284	fLotInfo->SetATCOffset(true);                                       //Steven 20180817 : Boost Function			FAIL			yes	atester.cpp:2429:23: error: 'class TfLotInfo' has no member named 'SetATCOffset'; did you mean 'fTempATCOffset'?	HELD（Index 臂：等使用者在 BCB6 寫 9050 的 Index 流程（RULINGS_20260929 第 8 條））；探針：仍缺：TfLotInfo 沒有成員 SetATCOffset		
HELD	atester.cpp	2438	2441	2	TODO(W906-GB-P2b)	Index 臂：等使用者在 BCB6 寫 9050 的 Index 流程（RULINGS_20260929 第 8 條）	TODO(W906-GB-P2b): T05 fContact widget (T05) -- golden atester.cpp:2292-2293	if(fContact->fShow)			FAIL			yes	atester.cpp:2440:27: error: 'class TfContactShim' has no member named 'pnlHandlerSatus'	HELD（Index 臂：等使用者在 BCB6 寫 9050 的 Index 流程（RULINGS_20260929 第 8 條））；探針：仍缺：TfContactShim 沒有成員 pnlHandlerSatus	UI-STATE	
HELD	atester.cpp	2467	2470	2	TODO(W906-GB-P2b)	Index 臂：等使用者在 BCB6 寫 9050 的 Index 流程（RULINGS_20260929 第 8 條）	TODO(W906-GB-P2b): T04 iATC_MODE_TYPE/ATC_TYPE_60 (T04) + fTemp_Set (T19); brace-less if -- golden atester.cpp:2319-2320	if(ATC_InterfaceForm->iATC_MODE_TYPE==ATC_TYPE_60)		sim+ship	PASS-WITH-INCLUDE			likely-no（缺 include）	atester.cpp:2468:16: error: 'ATC_InterfaceForm' was not declared in this scope	HELD（Index 臂：等使用者在 BCB6 寫 9050 的 Index 流程（RULINGS_20260929 第 8 條））；探針：候選：補 include acarry_shims.h + forms/fATCHandlerSide.h + forms/fTemp_Set.h 後照 golden 解開（先確認那個名字是真本體、不是 stub／shim）		
HELD	atester.cpp	2498	2501	2	TODO(W906-GB-P2b)	Index 臂：等使用者在 BCB6 寫 9050 的 Index 流程（RULINGS_20260929 第 8 條）	TODO(W906-GB-P2b): T05 fContact widget (T05) -- golden atester.cpp:2348-2349	if(fContact->fShow)			FAIL			yes	atester.cpp:2500:27: error: 'class TfContactShim' has no member named 'labDelayStatus'	HELD（Index 臂：等使用者在 BCB6 寫 9050 的 Index 流程（RULINGS_20260929 第 8 條））；探針：仍缺：TfContactShim 沒有成員 labDelayStatus	UI-STATE	
HELD	atester.cpp	2514	2517	2	TODO(W906-GB-P2b)	Index 臂：等使用者在 BCB6 寫 9050 的 Index 流程（RULINGS_20260929 第 8 條）	TODO(W906-GB-P2b): T05 fContact widget (T05) -- golden atester.cpp:2362-2363	if(fContact->fShow)			FAIL			yes	atester.cpp:2516:31: error: 'class TfContactShim' has no member named 'labDelayStatus'	HELD（Index 臂：等使用者在 BCB6 寫 9050 的 Index 流程（RULINGS_20260929 第 8 條））；探針：仍缺：TfContactShim 沒有成員 labDelayStatus	UI-STATE	
HELD	atester.cpp	2527	2530	2	TODO(W906-GB-P2b)	Index 臂：等使用者在 BCB6 寫 9050 的 Index 流程（RULINGS_20260929 第 8 條）	TODO(W906-GB-P2b): T05 fContact widget (T05) -- golden atester.cpp:2373-2374	if(fContact->fShow)			FAIL			yes	atester.cpp:2529:31: error: 'class TfContactShim' has no member named 'lblCountDown'	HELD（Index 臂：等使用者在 BCB6 寫 9050 的 Index 流程（RULINGS_20260929 第 8 條））；探針：仍缺：TfContactShim 沒有成員 lblCountDown	UI-STATE	
HELD	atester.cpp	2544	2547	2	TODO(W906-GB-P2b)	Index 臂：等使用者在 BCB6 寫 9050 的 Index 流程（RULINGS_20260929 第 8 條）	TODO(W906-GB-P2b): T05 fContact widget (T05) -- golden atester.cpp:2388-2389	if(fContact->fShow)			FAIL			yes	atester.cpp:2546:31: error: 'class TfContactShim' has no member named 'pnlHandlerSatus'	HELD（Index 臂：等使用者在 BCB6 寫 9050 的 Index 流程（RULINGS_20260929 第 8 條））；探針：仍缺：TfContactShim 沒有成員 pnlHandlerSatus	UI-STATE	
HELD	atester.cpp	2552	2555	2	TODO(W906-GB-P2b)	Index 臂：等使用者在 BCB6 寫 9050 的 Index 流程（RULINGS_20260929 第 8 條）	TODO(W906-GB-P2b): T05 fContact widget (T05) -- golden atester.cpp:2394-2395	if(fContact->fShow)			FAIL			yes	atester.cpp:2554:31: error: 'class TfContactShim' has no member named 'lblCountDown'	HELD（Index 臂：等使用者在 BCB6 寫 9050 的 Index 流程（RULINGS_20260929 第 8 條））；探針：仍缺：TfContactShim 沒有成員 lblCountDown	UI-STATE	
HELD	atester.cpp	2572	2575	2	TODO(W906-GB-P2b)	Index 臂：等使用者在 BCB6 寫 9050 的 Index 流程（RULINGS_20260929 第 8 條）	TODO(W906-GB-P2b): T05 fContact widget (T05) -- golden atester.cpp:2412-2413	if(fContact->fShow)			FAIL			yes	atester.cpp:2574:31: error: 'class TfContactShim' has no member named 'labDelayStatus'	HELD（Index 臂：等使用者在 BCB6 寫 9050 的 Index 流程（RULINGS_20260929 第 8 條））；探針：仍缺：TfContactShim 沒有成員 labDelayStatus	UI-STATE	
HELD	atester.cpp	2584	2587	2	TODO(W906-GB-P2b)	Index 臂：等使用者在 BCB6 寫 9050 的 Index 流程（RULINGS_20260929 第 8 條）	TODO(W906-GB-P2b): T05 fContact widget (T05) -- golden atester.cpp:2422-2423	if(fContact->fShow)			FAIL			yes	atester.cpp:2586:31: error: 'class TfContactShim' has no member named 'lblCountDown'	HELD（Index 臂：等使用者在 BCB6 寫 9050 的 Index 流程（RULINGS_20260929 第 8 條））；探針：仍缺：TfContactShim 沒有成員 lblCountDown	UI-STATE	
HELD	atester.cpp	2607	2610	2	TODO(W906-GB-P2b)	Index 臂：等使用者在 BCB6 寫 9050 的 Index 流程（RULINGS_20260929 第 8 條）	TODO(W906-GB-P2b): T05 fContact widget (T05) -- golden atester.cpp:2443-2444	if(fContact->fShow)			FAIL			yes	atester.cpp:2609:31: error: 'class TfContactShim' has no member named 'lblCountDown'	HELD（Index 臂：等使用者在 BCB6 寫 9050 的 Index 流程（RULINGS_20260929 第 8 條））；探針：仍缺：TfContactShim 沒有成員 lblCountDown	UI-STATE	
HELD	atester.cpp	2623	2626	2	TODO(W906-GB-P2b)	Index 臂：等使用者在 BCB6 寫 9050 的 Index 流程（RULINGS_20260929 第 8 條）	TODO(W906-GB-P2b): T05 fContact widget (T05) -- golden atester.cpp:2457-2458	if(fContact->fShow)			FAIL			yes	atester.cpp:2625:27: error: 'class TfContactShim' has no member named 'labDelayStatus'	HELD（Index 臂：等使用者在 BCB6 寫 9050 的 Index 流程（RULINGS_20260929 第 8 條））；探針：仍缺：TfContactShim 沒有成員 labDelayStatus	UI-STATE	
HELD	atester.cpp	2648	2651	2	TODO(W906-GB-P2b)	Index 臂：等使用者在 BCB6 寫 9050 的 Index 流程（RULINGS_20260929 第 8 條）	TODO(W906-GB-P2b): T05 fContact widget (T05) -- golden atester.cpp:2480-2481	if(fContact->fShow)			FAIL			yes	atester.cpp:2650:31: error: 'class TfContactShim' has no member named 'pnlHandlerSatus'	HELD（Index 臂：等使用者在 BCB6 寫 9050 的 Index 流程（RULINGS_20260929 第 8 條））；探針：仍缺：TfContactShim 沒有成員 pnlHandlerSatus	UI-STATE	
HELD	atester.cpp	2656	2659	2	TODO(W906-GB-P2b)	Index 臂：等使用者在 BCB6 寫 9050 的 Index 流程（RULINGS_20260929 第 8 條）	TODO(W906-GB-P2b): T05 fContact widget (T05) -- golden atester.cpp:2486-2487	if(fContact->fShow)			FAIL			yes	atester.cpp:2658:31: error: 'class TfContactShim' has no member named 'lblCountDown'	HELD（Index 臂：等使用者在 BCB6 寫 9050 的 Index 流程（RULINGS_20260929 第 8 條））；探針：仍缺：TfContactShim 沒有成員 lblCountDown	UI-STATE	
HELD	atester.cpp	2689	2692	2	TODO(W906-GB-P2b)	Index 臂：等使用者在 BCB6 寫 9050 的 Index 流程（RULINGS_20260929 第 8 條）	TODO(W906-GB-P2b): T04 iATC_MODE_TYPE/ATC_TYPE_60 (T04) + fTemp_Set (T19); brace-less if -- golden atester.cpp:2517-2518	if(ATC_InterfaceForm->iATC_MODE_TYPE==ATC_TYPE_60)		sim+ship	PASS-WITH-INCLUDE			likely-no（缺 include）	atester.cpp:2690:20: error: 'ATC_InterfaceForm' was not declared in this scope	HELD（Index 臂：等使用者在 BCB6 寫 9050 的 Index 流程（RULINGS_20260929 第 8 條））；探針：候選：補 include acarry_shims.h + forms/fATCHandlerSide.h + forms/fTemp_Set.h 後照 golden 解開（先確認那個名字是真本體、不是 stub／shim）		
HELD	atester.cpp	2695	2698	2	TODO(W906-GB-P2b)	Index 臂：等使用者在 BCB6 寫 9050 的 Index 流程（RULINGS_20260929 第 8 條）	TODO(W906-GB-P2b): T05 fContact widget (T05) -- golden atester.cpp:2521-2522	if(fContact->fShow)			FAIL			yes	atester.cpp:2697:31: error: 'class TfContactShim' has no member named 'labDelayStatus'	HELD（Index 臂：等使用者在 BCB6 寫 9050 的 Index 流程（RULINGS_20260929 第 8 條））；探針：仍缺：TfContactShim 沒有成員 labDelayStatus	UI-STATE	
HELD	atester.cpp	2707	2710	2	TODO(W906-GB-P2b)	Index 臂：等使用者在 BCB6 寫 9050 的 Index 流程（RULINGS_20260929 第 8 條）	TODO(W906-GB-P2b): T05 fContact widget (T05) -- golden atester.cpp:2531-2532	if(fContact->fShow)			FAIL			yes	atester.cpp:2709:31: error: 'class TfContactShim' has no member named 'lblCountDown'	HELD（Index 臂：等使用者在 BCB6 寫 9050 的 Index 流程（RULINGS_20260929 第 8 條））；探針：仍缺：TfContactShim 沒有成員 lblCountDown	UI-STATE	
HELD	atester.cpp	2731	2734	2	TODO(W906-GB-P2b)	Index 臂：等使用者在 BCB6 寫 9050 的 Index 流程（RULINGS_20260929 第 8 條）	TODO(W906-GB-P2b): T05 fContact widget (T05) -- golden atester.cpp:2553-2554	if(fContact->fShow)			FAIL			yes	atester.cpp:2733:31: error: 'class TfContactShim' has no member named 'pnlHandlerSatus'	HELD（Index 臂：等使用者在 BCB6 寫 9050 的 Index 流程（RULINGS_20260929 第 8 條））；探針：仍缺：TfContactShim 沒有成員 pnlHandlerSatus	UI-STATE	
HELD	atester.cpp	2745	2748	2	TODO(W906-GB-P2b)	Index 臂：等使用者在 BCB6 寫 9050 的 Index 流程（RULINGS_20260929 第 8 條）	TODO(W906-GB-P2b): T05 fContact widget (T05) -- golden atester.cpp:2565-2566	if(fContact->fShow)			FAIL			yes	atester.cpp:2747:31: error: 'class TfContactShim' has no member named 'lblCountDown'	HELD（Index 臂：等使用者在 BCB6 寫 9050 的 Index 流程（RULINGS_20260929 第 8 條））；探針：仍缺：TfContactShim 沒有成員 lblCountDown	UI-STATE	
HELD	atester.cpp	3021	3023	1	TODO(W906-GB-P2b)	Index 臂：等使用者在 BCB6 寫 9050 的 Index 流程（RULINGS_20260929 第 8 條）	TODO(W906-GB-P2b): R01 fLotInfo->SaveASECLNewTestLogInfo is not a TfLotInfo member (forms/fLotInfo.h, :1070 lists it untranslated; SAFETY: a log-file writer) -- golden atester.cpp:2764 (912; 906 :2744)	fLotInfo->SaveASECLNewTestLogInfo(i, j, TestSocket.iBinData[i][j]);                         //JerryYang 20250120 : add			FAIL			yes	atester.cpp:3022:39: error: 'class TfLotInfo' has no member named 'SaveASECLNewTestLogInfo'; did you mean 'SaveASECLTestLogInfo'?	HELD（Index 臂：等使用者在 BCB6 寫 9050 的 Index 流程（RULINGS_20260929 第 8 條））；探針：仍缺：TfLotInfo 沒有成員 SaveASECLNewTestLogInfo	SAFETY	
HELD	atester.cpp	3033	3035	1	TODO(W906-GB-P2b)	Index 臂：等使用者在 BCB6 寫 9050 的 Index 流程（RULINGS_20260929 第 8 條）	TODO(W906-GB-P2b): R01 fLotInfo->SaveASECLNewTestLogInfo is not a TfLotInfo member (forms/fLotInfo.h, :1070 lists it untranslated; SAFETY: a log-file writer) -- golden atester.cpp:2774 (912; 906 :2754)	fLotInfo->SaveASECLNewTestLogInfo(i, j, TestSocket.iBinData[i][j]);                         //JerryYang 20250120 : add			FAIL			yes	atester.cpp:3034:39: error: 'class TfLotInfo' has no member named 'SaveASECLNewTestLogInfo'; did you mean 'SaveASECLTestLogInfo'?	HELD（Index 臂：等使用者在 BCB6 寫 9050 的 Index 流程（RULINGS_20260929 第 8 條））；探針：仍缺：TfLotInfo 沒有成員 SaveASECLNewTestLogInfo	SAFETY	
HELD	atester.cpp	3042	3044	1	TODO(W906-GB-P2b)	Index 臂：等使用者在 BCB6 寫 9050 的 Index 流程（RULINGS_20260929 第 8 條）	TODO(W906-GB-P2b): R01 fLotInfo->SaveASECLNewTestLogInfo is not a TfLotInfo member (forms/fLotInfo.h, :1070 lists it untranslated; SAFETY: a log-file writer) -- golden atester.cpp:2781 (912; 906 :2761)	fLotInfo->SaveASECLNewTestLogInfo(i, j, TestSocket.iBinData[i][j]);                         //JerryYang 20250120 : add			FAIL			yes	atester.cpp:3043:39: error: 'class TfLotInfo' has no member named 'SaveASECLNewTestLogInfo'; did you mean 'SaveASECLTestLogInfo'?	HELD（Index 臂：等使用者在 BCB6 寫 9050 的 Index 流程（RULINGS_20260929 第 8 條））；探針：仍缺：TfLotInfo 沒有成員 SaveASECLNewTestLogInfo	SAFETY	
HELD	atester.cpp	3051	3053	1	TODO(W906-GB-P2b)	Index 臂：等使用者在 BCB6 寫 9050 的 Index 流程（RULINGS_20260929 第 8 條）	TODO(W906-GB-P2b): R01 fLotInfo->SaveASECLNewTestLogInfo is not a TfLotInfo member (forms/fLotInfo.h, :1070 lists it untranslated; SAFETY: a log-file writer) -- golden atester.cpp:2788 (912; 906 :2768)	fLotInfo->SaveASECLNewTestLogInfo(i, j, TestSocket.iBinData[i][j]);                         //JerryYang 20250120 : add			FAIL			yes	atester.cpp:3052:39: error: 'class TfLotInfo' has no member named 'SaveASECLNewTestLogInfo'; did you mean 'SaveASECLTestLogInfo'?	HELD（Index 臂：等使用者在 BCB6 寫 9050 的 Index 流程（RULINGS_20260929 第 8 條））；探針：仍缺：TfLotInfo 沒有成員 SaveASECLNewTestLogInfo	SAFETY	
HELD	atester.cpp	3070	3072	1	TODO(W906-GB-P2b)	Index 臂：等使用者在 BCB6 寫 9050 的 Index 流程（RULINGS_20260929 第 8 條）	TODO(W906-GB-P2b): R02 fShowBinSelect is not reachable from atester.cpp's includes (forms/fShowBinSelect.h:1133) and TfShowBinSelect has no IntervalByTotalCount (UI label) -- golden atester.cpp:2805 (912; 906 :2785)	fShowBinSelect->IntervalByTotalCount->Caption=iYieldTotalCount;			FAIL			yes	atester.cpp:3071:53: error: 'class TfShowBinSelect' has no member named 'IntervalByTotalCount'; did you mean 'IntervalByTotal'?  (補 include forms/fShowBinSelect.h 之後)	HELD（Index 臂：等使用者在 BCB6 寫 9050 的 Index 流程（RULINGS_20260929 第 8 條））；探針：仍缺：TfShowBinSelect 沒有成員 IntervalByTotalCount	SAFETY	
HELD	atester.cpp	3117	3121	3	TODO(W906-GB-P2b)	Index 臂：等使用者在 BCB6 寫 9050 的 Index 流程（RULINGS_20260929 第 8 條）	TODO(W906-GB-P2b): R03 TfBarCode has no b2DIDIsInsideToErrorBin (BarCode/BarCode.h:25-88; unported, BarCode/BarCode_Bottom2DID.h:155-159) -- golden atester.cpp:2850 (912; 906 :2830)	int k=fBarCode->b2DIDIsInsideToErrorBin(i, j);			FAIL			yes	atester.cpp:3118:57: error: 'class TfBarCode' has no member named 'b2DIDIsInsideToErrorBin'	HELD（Index 臂：等使用者在 BCB6 寫 9050 的 Index 流程（RULINGS_20260929 第 8 條））；探針：仍缺：TfBarCode 沒有成員 b2DIDIsInsideToErrorBin	HAS-#else SAFETY	
HELD	atester.cpp	3142	3146	3	TODO(W906-GB-P2b)	Index 臂：等使用者在 BCB6 寫 9050 的 Index 流程（RULINGS_20260929 第 8 條）	TODO(W906-GB-P2b): R03 TfBarCode has no b2DIDIsInsideToErrorBin (BarCode/BarCode.h:25-88; unported, BarCode/BarCode_Bottom2DID.h:155-159) -- golden atester.cpp:2871 (912; 906 :2851)	int k=fBarCode->b2DIDIsInsideToErrorBin(i, j);			FAIL			yes	atester.cpp:3143:49: error: 'class TfBarCode' has no member named 'b2DIDIsInsideToErrorBin'	HELD（Index 臂：等使用者在 BCB6 寫 9050 的 Index 流程（RULINGS_20260929 第 8 條））；探針：仍缺：TfBarCode 沒有成員 b2DIDIsInsideToErrorBin	HAS-#else SAFETY	
HELD	atester.cpp	3306	3309	2	TODO(W906-GB-P2b)	Index 臂：等使用者在 BCB6 寫 9050 的 Index 流程（RULINGS_20260929 第 8 條）	TODO(W906-GB-P2b): R04 ATC_InterfaceForm is not reachable from atester.cpp's includes (only acarry_shims.h:115 TATC_InterfaceFormShim, iATC_MODE_TYPE only; real class forms/fATCHandlerSide.h:845/:847 has no global) -- golden atester.cpp:3031 (912; 906 :3011)	ATC_InterfaceForm->TestFinish();			FAIL			yes	atester.cpp:3307:40: error: 'class TATC_InterfaceFormShim' has no member named 'TestFinish'  (補 include acarry_shims.h 之後)	HELD（Index 臂：等使用者在 BCB6 寫 9050 的 Index 流程（RULINGS_20260929 第 8 條））；探針：仍缺：TATC_InterfaceFormShim 沒有成員 TestFinish	SAFETY	
HELD	atester.cpp	3473	3476	2	TODO(W906-GB-P2b)	Index 臂：等使用者在 BCB6 寫 9050 的 Index 流程（RULINGS_20260929 第 8 條）	TODO(W906-GB-P2b): R04 ATC_InterfaceForm is not reachable from atester.cpp's includes (only acarry_shims.h:115 TATC_InterfaceFormShim, iATC_MODE_TYPE only; real class forms/fATCHandlerSide.h:845/:847 has no global) -- golden atester.cpp:3196 (912; 906 :3176)	ATC_InterfaceForm->TestFinish();			FAIL			yes	atester.cpp:3474:36: error: 'class TATC_InterfaceFormShim' has no member named 'TestFinish'  (補 include acarry_shims.h 之後)	HELD（Index 臂：等使用者在 BCB6 寫 9050 的 Index 流程（RULINGS_20260929 第 8 條））；探針：仍缺：TATC_InterfaceFormShim 沒有成員 TestFinish	SAFETY	
HELD	atester.cpp	3518	3521	2	TODO(W906-GB-P2b)	Index 臂：等使用者在 BCB6 寫 9050 的 Index 流程（RULINGS_20260929 第 8 條）	TODO(W906-GB-P2b): R04 ATC_InterfaceForm is not reachable from atester.cpp's includes (only acarry_shims.h:115 TATC_InterfaceFormShim, iATC_MODE_TYPE only; real class forms/fATCHandlerSide.h:845/:847 has no global) -- golden atester.cpp:3239 (912; 906 :3219)	ATC_InterfaceForm->TestFinish();			FAIL			yes	atester.cpp:3519:36: error: 'class TATC_InterfaceFormShim' has no member named 'TestFinish'  (補 include acarry_shims.h 之後)	HELD（Index 臂：等使用者在 BCB6 寫 9050 的 Index 流程（RULINGS_20260929 第 8 條））；探針：仍缺：TATC_InterfaceFormShim 沒有成員 TestFinish	SAFETY	
HELD	atester.cpp	3542	3546	3	TODO(W906-GB-P2b)	Index 臂：等使用者在 BCB6 寫 9050 的 Index 流程（RULINGS_20260929 第 8 條）	TODO(W906-GB-P2b): R05 CONTACT_NORMAL is not reachable from atester.cpp's includes (cContact.h:158, BarCode/BarCode_Shuttle2_CCDScan.h:187; no header may be added) -- golden atester.cpp:3261 (912; 906 :3241)	iContactMode==CONTACT_NORMAL)                                        //JerryYang 20170417 (Steven) contact test時不需要做auto site map check			FAIL			yes	atester.cpp:3543:26: error: 'CONTACT_NORMAL' was not declared in this scope	HELD（Index 臂：等使用者在 BCB6 寫 9050 的 Index 流程（RULINGS_20260929 第 8 條））；探針：仍缺：未宣告 CONTACT_NORMAL	HAS-#else SAFETY	
HELD	atester.cpp	3751	3753	1	TODO(W906-GB-P2b)	Index 臂：等使用者在 BCB6 寫 9050 的 Index 流程（RULINGS_20260929 第 8 條）	TODO(W906-GB-P2b): R07 fMain->AutoSiteMappignCleanOut is not a TfMain member (forms/fMain.h; golden 912 main.h:1334) -- golden atester.cpp:3465 (912; 906 :3445)	fMain->AutoSiteMappignCleanOut(true);			FAIL			yes	atester.cpp:3752:60: error: 'class TfMain' has no member named 'AutoSiteMappignCleanOut'	HELD（Index 臂：等使用者在 BCB6 寫 9050 的 Index 流程（RULINGS_20260929 第 8 條））；探針：仍缺：TfMain 沒有成員 AutoSiteMappignCleanOut	SAFETY	
HELD	atester.cpp	3759	3762	2	TODO(W906-GB-P2b)	Index 臂：等使用者在 BCB6 寫 9050 的 Index 流程（RULINGS_20260929 第 8 條）	TODO(W906-GB-P2b): R04 ATC_InterfaceForm is not reachable from atester.cpp's includes (only acarry_shims.h:115 TATC_InterfaceFormShim, iATC_MODE_TYPE only; real class forms/fATCHandlerSide.h:845/:847 has no global) -- golden atester.cpp:3471 (912; 906 :3451)	ATC_InterfaceForm->TestFinish();			FAIL			yes	atester.cpp:3760:76: error: 'class TATC_InterfaceFormShim' has no member named 'TestFinish'  (補 include acarry_shims.h 之後)	HELD（Index 臂：等使用者在 BCB6 寫 9050 的 Index 流程（RULINGS_20260929 第 8 條））；探針：仍缺：TATC_InterfaceFormShim 沒有成員 TestFinish	SAFETY	
HELD	atester.cpp	3774	3776	1	TODO(W906-GB-P2b)	Index 臂：等使用者在 BCB6 寫 9050 的 Index 流程（RULINGS_20260929 第 8 條）	TODO(W906-GB-P2b): R08 fMain->SetOpenBin is not a TfMain member (forms/fMain.h; golden 912 main.h:1337, body main.cpp:9516-9519) -- golden atester.cpp:3484 (912; 906 :3464)	fMain->SetOpenBin();			FAIL			yes	atester.cpp:3775:48: error: 'class TfMain' has no member named 'SetOpenBin'; did you mean 'edSetOpenBin'?	HELD（Index 臂：等使用者在 BCB6 寫 9050 的 Index 流程（RULINGS_20260929 第 8 條））；探針：仍缺：TfMain 沒有成員 SetOpenBin	SAFETY	
HELD	atester.cpp	3789	3791	1	TODO(W906-GB-P2b)	Index 臂：等使用者在 BCB6 寫 9050 的 Index 流程（RULINGS_20260929 第 8 條）	TODO(W906-GB-P2b): R07 fMain->AutoSiteMappignCleanOut is not a TfMain member (forms/fMain.h; golden 912 main.h:1334) -- golden atester.cpp:3497 (912; 906 :3477)	fMain->AutoSiteMappignCleanOut(true);			FAIL			yes	atester.cpp:3790:56: error: 'class TfMain' has no member named 'AutoSiteMappignCleanOut'	HELD（Index 臂：等使用者在 BCB6 寫 9050 的 Index 流程（RULINGS_20260929 第 8 條））；探針：仍缺：TfMain 沒有成員 AutoSiteMappignCleanOut	SAFETY	
HELD	atester.cpp	3864	3867	2	TODO(W906-GB-P2b)	Index 臂：等使用者在 BCB6 寫 9050 的 Index 流程（RULINGS_20260929 第 8 條）	TODO(W906-GB-P2b): R04 ATC_InterfaceForm is not reachable from atester.cpp's includes (only acarry_shims.h:115 TATC_InterfaceFormShim, iATC_MODE_TYPE only; real class forms/fATCHandlerSide.h:845/:847 has no global) -- golden atester.cpp:3569 (912; 906 :3549)	ATC_InterfaceForm->TestFinish();			FAIL			yes	atester.cpp:3865:32: error: 'class TATC_InterfaceFormShim' has no member named 'TestFinish'  (補 include acarry_shims.h 之後)	HELD（Index 臂：等使用者在 BCB6 寫 9050 的 Index 流程（RULINGS_20260929 第 8 條））；探針：仍缺：TATC_InterfaceFormShim 沒有成員 TestFinish	SAFETY	
HELD	atester.cpp	3875	3877	1	TODO(W906-GB-P2b)	Index 臂：等使用者在 BCB6 寫 9050 的 Index 流程（RULINGS_20260929 第 8 條）	TODO(W906-GB-P2b): R10 fLotInfo->WhenTestRecordTemperatureLog_3Sigma is not a TfLotInfo member (forms/fLotInfo.h:1073); SAFETY: it writes D:\HT9045_Log\Sigma -- golden atester.cpp:3578 (912; 906 :3558)	fLotInfo->WhenTestRecordTemperatureLog_3Sigma("D:\\HT9045_Log\\Sigma",Index);			FAIL			yes	atester.cpp:3876:27: error: 'class TfLotInfo' has no member named 'WhenTestRecordTemperatureLog_3Sigma'	HELD（Index 臂：等使用者在 BCB6 寫 9050 的 Index 流程（RULINGS_20260929 第 8 條））；探針：仍缺：TfLotInfo 沒有成員 WhenTestRecordTemperatureLog_3Sigma	SAFETY	
HELD	atester.cpp	3879	3882	2	TODO(W906-GB-P2b)	Index 臂：等使用者在 BCB6 寫 9050 的 Index 流程（RULINGS_20260929 第 8 條）	TODO(W906-GB-P2b): R10 fLotInfo->WhenTestRecordTemperatureLog_3Sigma is not a TfLotInfo member (forms/fLotInfo.h:1073); SAFETY: it writes D:\HT9045_Log\Sigma -- golden atester.cpp:3580 (912; 906 :3560)	if(iATCOnLine==1 && (ATC_SYSTEM==1 || ATC_SYSTEM==eNewATCSystem))                                       //kevin 20200618 mark		ship	PASS		SHIP-FAIL atester.cpp:3881:31: error: 'class TfLotInfo' has no member named 'WhenTestRecordTemperatureLog_3Sigma'	yes（出貨組態）	atester.cpp:3881:31: error: 'class TfLotInfo' has no member named 'WhenTestRecordTemperatureLog_3Sigma'	HELD（Index 臂：等使用者在 BCB6 寫 9050 的 Index 流程（RULINGS_20260929 第 8 條））；探針：仍缺（出貨組態才編得到／才出錯）：TfLotInfo 沒有成員 WhenTestRecordTemperatureLog_3Sigma	SAFETY	
HELD	atester.cpp	3893	3896	2	TODO(W906-GB-P2b)	Index 臂：等使用者在 BCB6 寫 9050 的 Index 流程（RULINGS_20260929 第 8 條）	TODO(W906-GB-P2b): R04 ATC_InterfaceForm is not reachable from atester.cpp's includes (only acarry_shims.h:115 TATC_InterfaceFormShim, iATC_MODE_TYPE only; real class forms/fATCHandlerSide.h:845/:847 has no global) -- golden atester.cpp:3592 (912; 906 :3572)	ATC_InterfaceForm->TestFinish();			FAIL			yes	atester.cpp:3894:32: error: 'class TATC_InterfaceFormShim' has no member named 'TestFinish'  (補 include acarry_shims.h 之後)	HELD（Index 臂：等使用者在 BCB6 寫 9050 的 Index 流程（RULINGS_20260929 第 8 條））；探針：仍缺：TATC_InterfaceFormShim 沒有成員 TestFinish	SAFETY	
HELD	atester.cpp	4049	4055	5	TODO(W906-GB-P2b)	Index 臂：等使用者在 BCB6 寫 9050 的 Index 流程（RULINGS_20260929 第 8 條）	TODO(W906-GB-P2b): O01 SPEA arm: _RunTestProgram_BarMess/_RunTestProgram are declared only in Interface/InterfaceSYS.h:353-354 (not in atester.cpp's include closure; body InterfaceSYS.cpp:224/:248, SPEA Interface-program WM_COPYDATA, NOT the TTL direct card) and golden passes "" to Byte* (ill-formed	bool flag[32]={false};			FAIL			yes	atester.cpp:4052:82: error: '_RunTestProgram_BarMess' was not declared in this scope	HELD（Index 臂：等使用者在 BCB6 寫 9050 的 Index 流程（RULINGS_20260929 第 8 條））；探針：仍缺：未宣告 _RunTestProgram_BarMess	SAFETY	
HELD	atester.cpp	4156	4162	5	TODO(W906-GB-P2b)	Index 臂：等使用者在 BCB6 寫 9050 的 Index 流程（RULINGS_20260929 第 8 條）	TODO(W906-GB-P2b): O02 same as O01 (SPEA _RunTestProgram_BarMess/_RunTestProgram, Interface/InterfaceSYS.h:353-354 not reachable; "" -> Byte*) -- golden atester.cpp:3808-3812 (912; 906 :3788-3792)	bool flag[32]={false};			FAIL			yes	atester.cpp:4159:66: error: '_RunTestProgram_BarMess' was not declared in this scope	HELD（Index 臂：等使用者在 BCB6 寫 9050 的 Index 流程（RULINGS_20260929 第 8 條））；探針：仍缺：未宣告 _RunTestProgram_BarMess	SAFETY	
HELD	atester.cpp	4182	4184	1	TODO(W906-GB-P2b)	Index 臂：等使用者在 BCB6 寫 9050 的 Index 流程（RULINGS_20260929 第 8 條）	TODO(W906-GB-P2b): O03 bP65CanRunQA not declared anywhere in V906 (grep cmydef.h/.cpp + whole tree: 0 hits; golden 912 cmydef.h:6038 / cmydef.cpp:6018; P2c ported only bP65QAING) -- golden atester.cpp:3831 (912)	bP65CanRunQA=false;			FAIL			yes	atester.cpp:4183:13: error: 'bP65CanRunQA' was not declared in this scope	HELD（Index 臂：等使用者在 BCB6 寫 9050 的 Index 流程（RULINGS_20260929 第 8 條））；探針：仍缺：未宣告 bP65CanRunQA	SAFETY	
HELD	atester.cpp	4185	4187	1	TODO(W906-GB-P2b)	Index 臂：等使用者在 BCB6 寫 9050 的 Index 流程（RULINGS_20260929 第 8 條）	TODO(W906-GB-P2b): O04 bP65QAhasTouchDown not declared anywhere in V906 (0 hits; golden 912 cmydef.h:6039 / cmydef.cpp:6019) -- golden atester.cpp:3832 (912)	bP65QAhasTouchDown=false;			FAIL			yes	atester.cpp:4186:13: error: 'bP65QAhasTouchDown' was not declared in this scope	HELD（Index 臂：等使用者在 BCB6 寫 9050 的 Index 流程（RULINGS_20260929 第 8 條））；探針：仍缺：未宣告 bP65QAhasTouchDown	SAFETY	
HELD	atester.cpp	4199	4201	1	TODO(W906-GB-P2b)	Index 臂：等使用者在 BCB6 寫 9050 的 Index 流程（RULINGS_20260929 第 8 條）	TODO(W906-GB-P2b): O05 fMain->cbUserSelectChange is not a TfMain member (forms/fMain.h class TfMain :163-1273; the only other tree calls, cContactCT.cpp:1217 / cCounterClear.cpp:434, are gated too) -- golden atester.cpp:3844 (912; 906 :3814)	fMain->cbUserSelectChange(NULL);			FAIL			yes	atester.cpp:4200:20: error: 'class TfMain' has no member named 'cbUserSelectChange'; did you mean 'cbUserSelect'?	HELD（Index 臂：等使用者在 BCB6 寫 9050 的 Index 流程（RULINGS_20260929 第 8 條））；探針：仍缺：TfMain 沒有成員 cbUserSelectChange	SAFETY	
HELD	atester.cpp	4202	4207	4	TODO(W906-GB-P2b)	Index 臂：等使用者在 BCB6 寫 9050 的 Index 流程（RULINGS_20260929 第 8 條）	TODO(W906-GB-P2b): O06 fSecurity is declared only in forms/fSecurity.h:609 (TfSecurity :468, Insufficient :575), not in atester.cpp's include closure; incomplete type, so no local extern -- golden atester.cpp:3845-3846 (912; 906 :3815-3816)	if(fSecurity->Insufficient(177)==false)		sim+ship	PASS-WITH-INCLUDE			likely-no（缺 include）	atester.cpp:4203:16: error: 'fSecurity' was not declared in this scope	SAFETY 閘：編得過也先問筆電；HELD（Index 臂：等使用者在 BCB6 寫 9050 的 Index 流程（RULINGS_20260929 第 8 條））；探針：候選：補 include forms/fSecurity.h 後照 golden 解開（先確認那個名字是真本體、不是 stub／shim）	HAS-#else SAFETY	
HELD	atester.cpp	4221	4234	12	TODO(W906-GB-P2b)	Index 臂：等使用者在 BCB6 寫 9050 的 Index 流程（RULINGS_20260929 第 8 條）	TODO(W906-GB-P2b): O07 SAFETY -- WriteIniData x3 rewrite the production recipe file DataPath+<recipe>\Contact.Data (DataPath = D:\HT9045\IniData\Data\ unless W906_INIDATA_ROOT is set, common.cpp:204-225); gated as a group from bRestModeBackupParm=true because the flag alone makes csystem.cpp:3106-31	bRestModeBackupParm=true;                                       //Sam 20250820 : [I49] 清料時 Contact Heigh 要拉高		sim+ship	PASS			likely-no	(compiles: -fsyntax-only)	SAFETY 閘：編得過也先問筆電；HELD（Index 臂：等使用者在 BCB6 寫 9050 的 Index 流程（RULINGS_20260929 第 8 條））；探針：會寫檔：先確認裁示允許寫這個檔；候選：照 golden 解開（先看風險標記）	SAFETY WRITES-FILE	
HELD	atester.cpp	4235	4237	1	TODO(W906-GB-P2b)	Index 臂：等使用者在 BCB6 寫 9050 的 Index 流程（RULINGS_20260929 第 8 條）	TODO(W906-GB-P2b): O08 fContact is TfContactShim (atester_shims.h:154-251), which has no ReadFile; the real TfContact::ReadFile (forms/fContact.h:1495) is reachable only as fContactForm (forms/fContact.h:1629, header not included here) -- golden atester.cpp:3872 (912; 906 :3842)	fContact->ReadFile();			FAIL			yes	atester.cpp:4236:27: error: 'class TfContactShim' has no member named 'ReadFile'	HELD（Index 臂：等使用者在 BCB6 寫 9050 的 Index 流程（RULINGS_20260929 第 8 條））；探針：仍缺：TfContactShim 沒有成員 ReadFile	SAFETY	
HELD	atester.cpp	4264	4511	246	GATE G-PTk4-DoInterFaceErrorStep.	Index 臂：等使用者在 BCB6 寫 9050 的 Index 流程（RULINGS_20260929 第 8 條）	GOLDEN VERBATIM -- golden atester.cpp:3856-4101 (246 lines).  GATE G-PTk4-DoInterFaceErrorStep.  NOT COMPILED: the ACTIVE DoInterFaceErrorStep() is the slim body immediately after this #endif.	bool DoInterFaceErrorStep(int ZAxisSelect)			FAIL			yes	atester.cpp:4371:40: error: 'class TATC_InterfaceFormShim' has no member named 'SendHandler2DID'  (補 include acarry_shims.h 之後)	HELD（Index 臂：等使用者在 BCB6 寫 9050 的 Index 流程（RULINGS_20260929 第 8 條））；探針：仍缺：TATC_InterfaceFormShim 沒有成員 SendHandler2DID	HIGH-KW	
HELD	atester.cpp	4514	4515	0	TODO(W7)	Index 臂：等使用者在 BCB6 寫 9050 的 Index 流程（RULINGS_20260929 第 8 條）	TODO(W7) -- golden :3856-4103 (MOT[] error-recovery SM)			sim+ship	PASS			n/a	(compiles: -fsyntax-only)	HELD（Index 臂：等使用者在 BCB6 寫 9050 的 Index 流程（RULINGS_20260929 第 8 條））；探針：空的 #if 0（裡面沒有程式）：不用翻，可清掉		
HELD	atester.cpp	4542	4675	132	GATE G-PTk2-CheckIndexStatus.	Index 臂：等使用者在 BCB6 寫 9050 的 Index 流程（RULINGS_20260929 第 8 條）	GOLDEN VERBATIM -- golden atester.cpp:4104-4235 (132 lines).  GATE G-PTk2-CheckIndexStatus.  NOT COMPILED: the ACTIVE CheckIndexStatus() is the slim body immediately after this #endif.	bool CheckIndexStatus(AnsiString str)			FAIL			yes	atester.cpp:4676:6: error: redefinition of 'bool CheckIndexStatus(vclcompat::AnsiString)'	HELD（Index 臂：等使用者在 BCB6 寫 9050 的 Index 流程（RULINGS_20260929 第 8 條））；探針：仍缺：atester.cpp:4676:6: error: redefinition of 'bool CheckIndexStatus(vclcompat::AnsiString)'		
HELD	atester.cpp	4678	4679	0	TODO(W7)	Index 臂：等使用者在 BCB6 寫 9050 的 Index 流程（RULINGS_20260929 第 8 條）	TODO(W7) -- golden :4104-4236 (MOT[] ISZ1Up_Z2Down/.. position verify)			sim+ship	PASS			n/a	(compiles: -fsyntax-only)	HELD（Index 臂：等使用者在 BCB6 寫 9050 的 Index 流程（RULINGS_20260929 第 8 條））；探針：空的 #if 0（裡面沒有程式）：不用翻，可清掉		
HELD	atester.cpp	4715	4760	44	GATE G-PTk2-CheckPlaceOutShuttle.	Index 臂：等使用者在 BCB6 寫 9050 的 Index 流程（RULINGS_20260929 第 8 條）	GOLDEN VERBATIM -- golden atester.cpp:4250-4293 (44 lines).  GATE G-PTk2-CheckPlaceOutShuttle.  NOT COMPILED: the ACTIVE CheckPlaceOutShuttle() is the slim body immediately after this #endif.	bool CheckPlaceOutShuttle(int iShuttle)                                         //Steven 20181228 : Add Index Action  //ChungHung 20171116 modify for Index Action			FAIL			yes	atester.cpp:4761:6: error: redefinition of 'bool CheckPlaceOutShuttle(int)'	HELD（Index 臂：等使用者在 BCB6 寫 9050 的 Index 流程（RULINGS_20260929 第 8 條））；探針：仍缺：atester.cpp:4761:6: error: redefinition of 'bool CheckPlaceOutShuttle(int)'		
HELD	atester.cpp	4763	4764	0	TODO(W7)	Index 臂：等使用者在 BCB6 寫 9050 的 Index 流程（RULINGS_20260929 第 8 條）	TODO(W7) -- golden :4250-4297 (MOT[]/shuttle place verify)			sim+ship	PASS			n/a	(compiles: -fsyntax-only)	HELD（Index 臂：等使用者在 BCB6 寫 9050 的 Index 流程（RULINGS_20260929 第 8 條））；探針：空的 #if 0（裡面沒有程式）：不用翻，可清掉		
HELD	atester.cpp	5618	5619	0	TODO(W7)	Index 臂：等使用者在 BCB6 寫 9050 的 Index 流程（RULINGS_20260929 第 8 條）	TODO(W7) -- golden :5099-5176 (TSMC initial-delay + Dell hIndexSoakTime/tSoakTimer tree)			sim+ship	PASS			n/a	(compiles: -fsyntax-only)	HELD（Index 臂：等使用者在 BCB6 寫 9050 的 Index 流程（RULINGS_20260929 第 8 條））；探針：空的 #if 0（裡面沒有程式）：不用翻，可清掉		
HELD	atester.cpp	5895	5900	4		Index 臂：等使用者在 BCB6 寫 9050 的 Index 流程（RULINGS_20260929 第 8 條）	12110 靠這個比較決定要不要回 120 重寫；也寫 asArmForce1/2（GPIB 回報的接觸力）。 以前的 no-op 讓出貨組態的 12110 永遠回 120（以前還輪不到，因為 edTorue0 也是替身）。 InitWriteAndCheckMotorTorqueTask golden rs232.cpp:1838 -> port rs232.cpp（宣告 atester_shims.h）	static void W7T1_ShowMainScreenPresure(int /*iArm*/){}         // golden main.h -- offline: main-screen pressure UI no-op		sim+ship	PASS			likely-no	(compiles: -fsyntax-only)	HELD（Index 臂：等使用者在 BCB6 寫 9050 的 Index 流程（RULINGS_20260929 第 8 條））；探針：候選：照 golden 解開（先看風險標記）		
HELD	atester.cpp	6284	6286	1	GATE(W906-THM-600K)	Index 臂：等使用者在 BCB6 寫 9050 的 Index 流程（RULINGS_20260929 第 8 條）	GATE(W906-THM-600K) golden :5786-5786 —— CCDInterfaceForm 在移植樹是 TCCDInterfaceFormShim（atester_shims.h），沒有 CloseCCDForm（同 aTester_Front.cpp GATE K1F7）	CCDInterfaceForm->CloseCCDForm();			FAIL			yes	atester.cpp:6285:43: error: 'class TCCDInterfaceFormShim' has no member named 'CloseCCDForm'	HELD（Index 臂：等使用者在 BCB6 寫 9050 的 Index 流程（RULINGS_20260929 第 8 條））；探針：仍缺：TCCDInterfaceFormShim 沒有成員 CloseCCDForm		
HELD	atester.cpp	6294	6296	1	GATE(W906-THM-600K)	Index 臂：等使用者在 BCB6 寫 9050 的 Index 流程（RULINGS_20260929 第 8 條）	GATE(W906-THM-600K) golden :5794-5794 —— COM2 在本檔是 W7T1_TCOM2Ext 替身，沒有 rtLightOn（RTC 視覺指令沒翻）	COM2->SendCommToVision(COM2->rtLightOn, true);                                                  //jou 2012-03-29 RTC啟動時,自動將燈箱打開			FAIL			yes	atester.cpp:6295:54: error: 'struct W7T1_TCOM2Ext' has no member named 'rtLightOn'	HELD（Index 臂：等使用者在 BCB6 寫 9050 的 Index 流程（RULINGS_20260929 第 8 條））；探針：仍缺：W7T1_TCOM2Ext 沒有成員 rtLightOn		
HELD	atester.cpp	6454	6471	16	GATE(W906-THM-600K)	Index 臂：等使用者在 BCB6 寫 9050 的 Index 流程（RULINGS_20260929 第 8 條）	GATE(W906-THM-600K) golden :5952-5967 —— RTC 燈箱開啟等待：COM2 替身沒有 rtLightOn／bRealTimeCom_ReceiveOK 的那一格（RTC 視覺沒翻）；REAL_TIME_CCD 關著的機台這段本來就不走	if(REAL_TIME_CCD==true && !COM2->bCCDDummyRum)                      //jou 2012-03-29 RTC啟動時,自動將燈箱打開			FAIL			yes	atester.cpp:6457:55: error: 'struct W7T1_TCOM2Ext' has no member named 'rtLightOn'	HELD（Index 臂：等使用者在 BCB6 寫 9050 的 Index 流程（RULINGS_20260929 第 8 條））；探針：仍缺：W7T1_TCOM2Ext 沒有成員 rtLightOn		
HELD	atester.cpp	6564	6565	0	TODO(W7)	Index 臂：等使用者在 BCB6 寫 9050 的 Index 流程（RULINGS_20260929 第 8 條）	TODO(W7) -- golden :6055-6063 (CCDInterfaceForm identification)			sim+ship	PASS			n/a	(compiles: -fsyntax-only)	HELD（Index 臂：等使用者在 BCB6 寫 9050 的 Index 流程（RULINGS_20260929 第 8 條））；探針：空的 #if 0（裡面沒有程式）：不用翻，可清掉		
HELD	atester.cpp	6573	6574	0	TODO(W7)	Index 臂：等使用者在 BCB6 寫 9050 的 Index 流程（RULINGS_20260929 第 8 條）	TODO(W7) -- golden :6067-6128 (CCDInterfaceForm result poll)			sim+ship	PASS			n/a	(compiles: -fsyntax-only)	HELD（Index 臂：等使用者在 BCB6 寫 9050 的 Index 流程（RULINGS_20260929 第 8 條））；探針：空的 #if 0（裡面沒有程式）：不用翻，可清掉		
HELD	atester.cpp	6591	6592	0	TODO(W7)	Index 臂：等使用者在 BCB6 寫 9050 的 Index 流程（RULINGS_20260929 第 8 條）	TODO(W7) -- golden :6166-6167 (CCDInterfaceForm CCD identification)			sim+ship	PASS			n/a	(compiles: -fsyntax-only)	HELD（Index 臂：等使用者在 BCB6 寫 9050 的 Index 流程（RULINGS_20260929 第 8 條））；探針：空的 #if 0（裡面沒有程式）：不用翻，可清掉		
HELD	atester.cpp	9135	9136	0	TODO(W7)	Index 臂：等使用者在 BCB6 寫 9050 的 Index 流程（RULINGS_20260929 第 8 條）	TODO(W7) -- golden :8656-8684 (MOT[]/cylinder side-push)			sim+ship	PASS			n/a	(compiles: -fsyntax-only)	HELD（Index 臂：等使用者在 BCB6 寫 9050 的 Index 流程（RULINGS_20260929 第 8 條））；探針：空的 #if 0（裡面沒有程式）：不用翻，可清掉		
HELD	atester.cpp	9159	9290	130	GATE G-PTk4-DoAllPassVerifyRTC.	Index 臂：等使用者在 BCB6 寫 9050 的 Index 流程（RULINGS_20260929 第 8 條）	GOLDEN VERBATIM -- golden atester.cpp:8685-8814 (130 lines).  GATE G-PTk4-DoAllPassVerifyRTC.  NOT COMPILED: the ACTIVE DoAllPassVerifyRTC() is the slim body immediately after this #endif.	bool DoAllPassVerifyRTC(bool bInitial)			FAIL			yes	atester.cpp:9165:9: error: 'iDoAllPassVerifyTask' was not declared in this scope	HELD（Index 臂：等使用者在 BCB6 寫 9050 的 Index 流程（RULINGS_20260929 第 8 條））；探針：仍缺：未宣告 iDoAllPassVerifyTask		
HELD	atester.cpp	9293	9294	0	TODO(W7)	Index 臂：等使用者在 BCB6 寫 9050 的 Index 流程（RULINGS_20260929 第 8 條）	TODO(W7) -- golden :8685-8817 (RTC verify SM, COM2/RTC)			sim+ship	PASS			n/a	(compiles: -fsyntax-only)	HELD（Index 臂：等使用者在 BCB6 寫 9050 的 Index 流程（RULINGS_20260929 第 8 條））；探針：空的 #if 0（裡面沒有程式）：不用翻，可清掉		
HELD	atester.cpp	9317	9499	181	GATE G-PTk4-DoSetupTest.	Index 臂：等使用者在 BCB6 寫 9050 的 Index 流程（RULINGS_20260929 第 8 條）	GOLDEN VERBATIM -- golden atester.cpp:8818-8998 (181 lines).  GATE G-PTk4-DoSetupTest.  NOT COMPILED: the ACTIVE DoSetupTest() is the slim body immediately after this #endif.	bool DoSetupTest(int iContactArm)			FAIL			yes	atester.cpp:9462:13: error: 'DoSetupTestDelay' was not declared in this scope	HELD（Index 臂：等使用者在 BCB6 寫 9050 的 Index 流程（RULINGS_20260929 第 8 條））；探針：仍缺：未宣告 DoSetupTestDelay	UI-STATE	
HELD	atester.cpp	9502	9503	0	TODO(W7)	Index 臂：等使用者在 BCB6 寫 9050 的 Index 流程（RULINGS_20260929 第 8 條）	TODO(W7) -- golden :8818-9001 (MOT[]/Suck setup-test SM)			sim+ship	PASS			n/a	(compiles: -fsyntax-only)	HELD（Index 臂：等使用者在 BCB6 寫 9050 的 Index 流程（RULINGS_20260929 第 8 條））；探針：空的 #if 0（裡面沒有程式）：不用翻，可清掉		
HELD	atester.cpp	9527	9595	67	GATE G-PTk3-GetTempICResult.	Index 臂：等使用者在 BCB6 寫 9050 的 Index 流程（RULINGS_20260929 第 8 條）	GOLDEN VERBATIM -- golden atester.cpp:9002-9068 (67 lines).  GATE G-PTk3-GetTempICResult.  NOT COMPILED: the ACTIVE GetTempICResult() is the slim body immediately after this #endif.	bool GetTempICResult()			FAIL			yes	atester.cpp:9536:9: error: 'TempICTimeOut' was not declared in this scope	HELD（Index 臂：等使用者在 BCB6 寫 9050 的 Index 流程（RULINGS_20260929 第 8 條））；探針：仍缺：未宣告 TempICTimeOut		
HELD	atester.cpp	9598	9599	0	TODO(W7)	Index 臂：等使用者在 BCB6 寫 9050 的 Index 流程（RULINGS_20260929 第 8 條）	TODO(W7) -- golden :9002-9150 (temperature measure SM)			sim+ship	PASS			n/a	(compiles: -fsyntax-only)	HELD（Index 臂：等使用者在 BCB6 寫 9050 的 Index 流程（RULINGS_20260929 第 8 條））；探針：空的 #if 0（裡面沒有程式）：不用翻，可清掉		
HELD	atester.cpp	9746	9893	146	GATE G-PTk3-CheckAndRecodrEP.	Index 臂：等使用者在 BCB6 寫 9050 的 Index 流程（RULINGS_20260929 第 8 條）	GOLDEN VERBATIM -- golden atester.cpp:9266-9411 (146 lines).  GATE G-PTk3-CheckAndRecodrEP.  NOT COMPILED: the ACTIVE CheckAndRecodrEP() is the slim body immediately after this #endif.	bool CheckAndRecodrEP(int iArm)                                                 //Steven 20190114 : EP Alarm換位置			FAIL			yes	atester.cpp:9845:35: error: 'class TfContactShim' has no member named 'edSetKg'	HELD（Index 臂：等使用者在 BCB6 寫 9050 的 Index 流程（RULINGS_20260929 第 8 條））；探針：仍缺：TfContactShim 沒有成員 edSetKg	WRITES-FILE	
HELD	atester.cpp	9896	9897	0	TODO(W7)	Index 臂：等使用者在 BCB6 寫 9050 的 Index 流程（RULINGS_20260929 第 8 條）	TODO(W7) -- golden :9266-9412 (EP DAQ record/alarm)			sim+ship	PASS			n/a	(compiles: -fsyntax-only)	HELD（Index 臂：等使用者在 BCB6 寫 9050 的 Index 流程（RULINGS_20260929 第 8 條））；探針：空的 #if 0（裡面沒有程式）：不用翻，可清掉		
HELD	atester.cpp	9921	9973	51	GATE G-PTk3-CheckAndRecodrTorque.	Index 臂：等使用者在 BCB6 寫 9050 的 Index 流程（RULINGS_20260929 第 8 條）	GOLDEN VERBATIM -- golden atester.cpp:9413-9463 (51 lines).  GATE G-PTk3-CheckAndRecodrTorque.  NOT COMPILED: the ACTIVE CheckAndRecodrTorque() is the slim body immediately after this #endif.	bool CheckAndRecodrTorque(int iArm)                                             //kevin 20201027 Arm  扭力log			FAIL			yes	atester.cpp:9974:6: error: redefinition of 'bool CheckAndRecodrTorque(int)'	HELD（Index 臂：等使用者在 BCB6 寫 9050 的 Index 流程（RULINGS_20260929 第 8 條））；探針：仍缺：atester.cpp:9974:6: error: redefinition of 'bool CheckAndRecodrTorque(int)'	WRITES-FILE	
HELD	atester.cpp	9976	9977	0	TODO(W7)	Index 臂：等使用者在 BCB6 寫 9050 的 Index 流程（RULINGS_20260929 第 8 條）	TODO(W7) -- golden :9413-9464 (torque record/alarm, COM2)			sim+ship	PASS			n/a	(compiles: -fsyntax-only)	HELD（Index 臂：等使用者在 BCB6 寫 9050 的 Index 流程（RULINGS_20260929 第 8 條））；探針：空的 #if 0（裡面沒有程式）：不用翻，可清掉		
HELD	atester.cpp	9998	10218	219	GATE G-PTk4-NewCheckAndRecodeTorque.	Index 臂：等使用者在 BCB6 寫 9050 的 Index 流程（RULINGS_20260929 第 8 條）	GOLDEN VERBATIM -- golden atester.cpp:9465-9683 (219 lines).  GATE G-PTk4-NewCheckAndRecodeTorque.  NOT COMPILED: the ACTIVE NewCheckAndRecodeTorque() is the slim body immediately after this #endif.	bool NewCheckAndRecodeTorque(int iArm)                                          //KaiHuang 20201222			FAIL			yes	atester.cpp:10219:6: error: redefinition of 'bool NewCheckAndRecodeTorque(int)'	HELD（Index 臂：等使用者在 BCB6 寫 9050 的 Index 流程（RULINGS_20260929 第 8 條））；探針：仍缺：atester.cpp:10219:6: error: redefinition of 'bool NewCheckAndRecodeTorque(int)'		
HELD	atester.cpp	10221	10222	0	TODO(W7)	Index 臂：等使用者在 BCB6 寫 9050 的 Index 流程（RULINGS_20260929 第 8 條）	TODO(W7) -- golden :9465-9684 (torque record/alarm SM, COM2)			sim+ship	PASS			n/a	(compiles: -fsyntax-only)	HELD（Index 臂：等使用者在 BCB6 寫 9050 的 Index 流程（RULINGS_20260929 第 8 條））；探針：空的 #if 0（裡面沒有程式）：不用翻，可清掉		
HELD	atester.cpp	10231	10232	0	TODO(W7)	Index 臂：等使用者在 BCB6 寫 9050 的 Index 流程（RULINGS_20260929 第 8 條）	TODO(W7) -- golden :9685-9790 (torque log file write)			sim+ship	PASS			n/a	(compiles: -fsyntax-only)	HELD（Index 臂：等使用者在 BCB6 寫 9050 的 Index 流程（RULINGS_20260929 第 8 條））；探針：空的 #if 0（裡面沒有程式）：不用翻，可清掉		
HELD	atester.cpp	10279	10280	0	TODO(W7)	Index 臂：等使用者在 BCB6 寫 9050 的 Index 流程（RULINGS_20260929 第 8 條）	TODO(W7) -- golden :9834-9839 (fMain speed-display UI)			sim+ship	PASS			n/a	(compiles: -fsyntax-only)	HELD（Index 臂：等使用者在 BCB6 寫 9050 的 Index 流程（RULINGS_20260929 第 8 條））；探針：空的 #if 0（裡面沒有程式）：不用翻，可清掉		
HELD	atester.cpp	10285	10286	0	TODO(W7)	Index 臂：等使用者在 BCB6 寫 9050 的 Index 流程（RULINGS_20260929 第 8 條）	TODO(W7) -- golden :9840-9848 (fMain speed-display UI)			sim+ship	PASS			n/a	(compiles: -fsyntax-only)	HELD（Index 臂：等使用者在 BCB6 寫 9050 的 Index 流程（RULINGS_20260929 第 8 條））；探針：空的 #if 0（裡面沒有程式）：不用翻，可清掉		
HELD	atester.cpp	10308	10400	91	GATE G-PTk4-IndexCheckOneByOne.	Index 臂：等使用者在 BCB6 寫 9050 的 Index 流程（RULINGS_20260929 第 8 條）	GOLDEN VERBATIM -- golden atester.cpp:9849-9939 (91 lines).  GATE G-PTk4-IndexCheckOneByOne.  NOT COMPILED: the ACTIVE IndexCheckOneByOne() is the slim body immediately after this #endif.	bool IndexCheckOneByOne(bool bReset, int iWhichArm, int iSiteCount, bool bNeedUpCheck, bool bIsAboveCalibrate)          //Ifor 20200617 : add Use One By One Index Check Function 整合			FAIL			yes	atester.cpp:10313:16: error: 'iIndexCheckinitial' was not declared in this scope	HELD（Index 臂：等使用者在 BCB6 寫 9050 的 Index 流程（RULINGS_20260929 第 8 條））；探針：仍缺：未宣告 iIndexCheckinitial		
HELD	atester.cpp	10403	10404	0	TODO(W7)	Index 臂：等使用者在 BCB6 寫 9050 的 Index 流程（RULINGS_20260929 第 8 條）	TODO(W7) -- golden :9849-9943 (one-by-one index-check SM)			sim+ship	PASS			n/a	(compiles: -fsyntax-only)	HELD（Index 臂：等使用者在 BCB6 寫 9050 的 Index 流程（RULINGS_20260929 第 8 條））；探針：空的 #if 0（裡面沒有程式）：不用翻，可清掉		
HELD	atester.cpp	10579	10815	235	GATE G-PTk3-CheckInitialStartDelayInSocket.	Index 臂：等使用者在 BCB6 寫 9050 的 Index 流程（RULINGS_20260929 第 8 條）	GOLDEN VERBATIM -- golden atester.cpp:10062-10296 (235 lines).  GATE G-PTk3-CheckInitialStartDelayInSocket.  NOT COMPILED: the ACTIVE CheckInitialStartDelayInSocket() is the slim body immediately after this #endif.	void CheckInitialStartDelayInSocket()                                           //JerryYang 20180629 (wei) Initial delay判斷包成函式			FAIL			yes	atester.cpp:10816:6: error: redefinition of 'void CheckInitialStartDelayInSocket()'	HELD（Index 臂：等使用者在 BCB6 寫 9050 的 Index 流程（RULINGS_20260929 第 8 條））；探針：仍缺：atester.cpp:10816:6: error: redefinition of 'void CheckInitialStartDelayInSocket()'	HIGH-KW	
HELD	atester.cpp	10818	10819	0	TODO(W7)	Index 臂：等使用者在 BCB6 寫 9050 的 Index 流程（RULINGS_20260929 第 8 條）	TODO(W7) -- golden :10062-10297 (initial-delay-in-socket SM)			sim+ship	PASS			n/a	(compiles: -fsyntax-only)	HELD（Index 臂：等使用者在 BCB6 寫 9050 的 Index 流程（RULINGS_20260929 第 8 條））；探針：空的 #if 0（裡面沒有程式）：不用翻，可清掉		
HELD	atester.cpp	10838	10917	78	GATE G-PTk3-NeedResetInitialDelay.	Index 臂：等使用者在 BCB6 寫 9050 的 Index 流程（RULINGS_20260929 第 8 條）	GOLDEN VERBATIM -- golden atester.cpp:10298-10375 (78 lines).  GATE G-PTk3-NeedResetInitialDelay.  NOT COMPILED: the ACTIVE NeedResetInitialDelay() is the slim body immediately after this #endif.	bool NeedResetInitialDelay()                                                    //JerryYang 20180828 (Steven) : 預熱過程中又觸發預熱的話, 就重新執行預熱			FAIL			yes	atester.cpp:10918:6: error: redefinition of 'bool NeedResetInitialDelay()'	HELD（Index 臂：等使用者在 BCB6 寫 9050 的 Index 流程（RULINGS_20260929 第 8 條））；探針：仍缺：atester.cpp:10918:6: error: redefinition of 'bool NeedResetInitialDelay()'		
HELD	atester.cpp	10920	10921	0	TODO(W7)	Index 臂：等使用者在 BCB6 寫 9050 的 Index 流程（RULINGS_20260929 第 8 條）	TODO(W7) -- golden :10298-10376			sim+ship	PASS			n/a	(compiles: -fsyntax-only)	HELD（Index 臂：等使用者在 BCB6 寫 9050 的 Index 流程（RULINGS_20260929 第 8 條））；探針：空的 #if 0（裡面沒有程式）：不用翻，可清掉		
HELD	atester.cpp	10941	11006	64	GATE G-PTk4-CheckToBoostIndexTemp.	Index 臂：等使用者在 BCB6 寫 9050 的 Index 流程（RULINGS_20260929 第 8 條）	GOLDEN VERBATIM -- golden atester.cpp:10377-10440 (64 lines).  GATE G-PTk4-CheckToBoostIndexTemp.  NOT COMPILED: the ACTIVE CheckToBoostIndexTemp() is the slim body immediately after this #endif.	int CheckToBoostIndexTemp()                                                     //Steven 20180817 : Boost Function			FAIL			yes	atester.cpp:11007:5: error: redefinition of 'int CheckToBoostIndexTemp()'  (補 include acarry_shims.h + forms/fATCHandlerSide.h 之後)	HELD（Index 臂：等使用者在 BCB6 寫 9050 的 Index 流程（RULINGS_20260929 第 8 條））；探針：仍缺：atester.cpp:11007:5: error: redefinition of 'int CheckToBoostIndexTemp()'  (補 include acarry_shims.h + forms/fATCHandler		
HELD	atester.cpp	11009	11010	0	TODO(W7)	Index 臂：等使用者在 BCB6 寫 9050 的 Index 流程（RULINGS_20260929 第 8 條）	TODO(W7) -- golden :10377-10443 (boost-temp check)			sim+ship	PASS			n/a	(compiles: -fsyntax-only)	HELD（Index 臂：等使用者在 BCB6 寫 9050 的 Index 流程（RULINGS_20260929 第 8 條））；探針：空的 #if 0（裡面沒有程式）：不用翻，可清掉		
HELD	atester.cpp	11032	11335	302	GATE G-PTk4-DoTestHeadMotorLoadCell.	Index 臂：等使用者在 BCB6 寫 9050 的 Index 流程（RULINGS_20260929 第 8 條）	GOLDEN VERBATIM -- golden atester.cpp:10444-10745 (302 lines).  GATE G-PTk4-DoTestHeadMotorLoadCell.  NOT COMPILED: the ACTIVE DoTestHeadMotorLoadCell() is the slim body immediately after this #endif.	void DoTestHeadMotorLoadCell()			FAIL			yes	atester.cpp:11134:50: error: 'ShowMessage' was not declared in this scope	HELD（Index 臂：等使用者在 BCB6 寫 9050 的 Index 流程（RULINGS_20260929 第 8 條））；探針：仍缺：未宣告 ShowMessage	HIGH-KW	
HELD	atester.cpp	11338	11339	0	TODO(W7)	Index 臂：等使用者在 BCB6 寫 9050 的 Index 流程（RULINGS_20260929 第 8 條）	TODO(W7) -- golden :10444-10746 (load-cell measure SM, MOT[]/load-cell)			sim+ship	PASS			n/a	(compiles: -fsyntax-only)	HELD（Index 臂：等使用者在 BCB6 寫 9050 的 Index 流程（RULINGS_20260929 第 8 條））；探針：空的 #if 0（裡面沒有程式）：不用翻，可清掉		
HELD	atester.cpp	11578	11596	17	GATE G-PTk4-ScanBtn-1	Index 臂：等使用者在 BCB6 寫 9050 的 Index 流程（RULINGS_20260929 第 8 條）	GATE G-PTk4-ScanBtn-1 -- golden :10920-10923 ScanBtnThd->Stop() (golden :71 `extern ScanBtn *ScanBtnThd;`).  AI(W906-J6-SOCKETSENSOR) 20260930	if(REAL_TIME_CCD==true)			FAIL			yes	atester.cpp:11594:21: error: 'ScanBtnThd' was not declared in this scope	HELD（Index 臂：等使用者在 BCB6 寫 9050 的 Index 流程（RULINGS_20260929 第 8 條））；探針：仍缺：未宣告 ScanBtnThd		
HELD	atester.cpp	11768	11776	7	GATE G-PTk4-ScanBtn-2	Index 臂：等使用者在 BCB6 寫 9050 的 Index 流程（RULINGS_20260929 第 8 條）	GATE G-PTk4-ScanBtn-2 -- golden :11095-11098 ScanBtnThd->Stop().  AI(W906-J6-SOCKETSENSOR) 20260930	if(REAL_TIME_CCD==true)			FAIL			yes	atester.cpp:11774:21: error: 'ScanBtnThd' was not declared in this scope	HELD（Index 臂：等使用者在 BCB6 寫 9050 的 Index 流程（RULINGS_20260929 第 8 條））；探針：仍缺：未宣告 ScanBtnThd		
HELD	atester.cpp	11794	11795	0	TODO(W7)	Index 臂：等使用者在 BCB6 寫 9050 的 Index 流程（RULINGS_20260929 第 8 條）	TODO(W7) -- golden :11128-11157 (Gigas IC-exist check, Socket)			sim+ship	PASS			n/a	(compiles: -fsyntax-only)	HELD（Index 臂：等使用者在 BCB6 寫 9050 的 Index 流程（RULINGS_20260929 第 8 條））；探針：空的 #if 0（裡面沒有程式）：不用翻，可清掉		
HELD	atester.cpp	11959	11961	1	TODO(W906-GB-P2b)	Index 臂：等使用者在 BCB6 寫 9050 的 Index 流程（RULINGS_20260929 第 8 條）	TODO(W906-GB-P2b): S01 COM2 in this TU is `#define COM2 (&W7T1_com2_ext)` (atester.cpp:5642; struct W7T1_TCOM2Ext :5617-5637): SendCommToVision is there as an offline no-op (:5632) but rtInspEnd is not (only rtSiteMap/rtFullTOK/rtFullTNG); the global TCOM2Shim (atester_shims.h:373-463) has neither (	COM2->SendCommToVision(COM2->rtInspEnd, false);                     //Jimmychiu 20231130 : Fixed for #P231120-ATK-H9-04 , V3.32.810_Beta & V3.32.811_Beta , RTC2 Communication error			FAIL			yes	atester.cpp:11960:42: error: 'struct W7T1_TCOM2Ext' has no member named 'rtInspEnd'	HELD（Index 臂：等使用者在 BCB6 寫 9050 的 Index 流程（RULINGS_20260929 第 8 條））；探針：仍缺：W7T1_TCOM2Ext 沒有成員 rtInspEnd	SAFETY	
HELD	atester.cpp	11962	11964	1	TODO(W906-GB-P2b)	Index 臂：等使用者在 BCB6 寫 9050 的 Index 流程（RULINGS_20260929 第 8 條）	TODO(W906-GB-P2b): S02 InitRealTimeCCDPara is a member of neither W7T1_TCOM2Ext (atester.cpp:5617-5637, what COM2 means here via the :5642 #define) nor TCOM2Shim (atester_shims.h:373-463) (golden TCOM2 rs232.h:159) -- golden atester.cpp:11456 (912; 906 :11281)	COM2->InitRealTimeCCDPara();                                        //Jimmychiu 20231130 : Fixed for #P231120-ATK-H9-04 , V3.32.810_Beta & V3.32.811_Beta , RTC2 Communication error			FAIL			yes	atester.cpp:11963:19: error: 'struct W7T1_TCOM2Ext' has no member named 'InitRealTimeCCDPara'	HELD（Index 臂：等使用者在 BCB6 寫 9050 的 Index 流程（RULINGS_20260929 第 8 條））；探針：仍缺：W7T1_TCOM2Ext 沒有成員 InitRealTimeCCDPara	SAFETY	
HELD	atester.cpp	11971	11973	1	TODO(W906-GB-P2b)	Index 臂：等使用者在 BCB6 寫 9050 的 Index 流程（RULINGS_20260929 第 8 條）	TODO(W906-GB-P2b): S03 COM2 in this TU is `#define COM2 (&W7T1_com2_ext)` (atester.cpp:5642; struct W7T1_TCOM2Ext :5617-5637): SendCommToVision is there as an offline no-op (:5632) but rtInspEnd is not (only rtSiteMap/rtFullTOK/rtFullTNG); the global TCOM2Shim (atester_shims.h:373-463) has neither (	COM2->SendCommToVision(COM2->rtInspEnd, false);                     //Jimmychiu 20231130 : Fixed for #P231120-ATK-H9-04 , V3.32.810_Beta & V3.32.811_Beta , RTC2 Communication error			FAIL			yes	atester.cpp:11972:42: error: 'struct W7T1_TCOM2Ext' has no member named 'rtInspEnd'	HELD（Index 臂：等使用者在 BCB6 寫 9050 的 Index 流程（RULINGS_20260929 第 8 條））；探針：仍缺：W7T1_TCOM2Ext 沒有成員 rtInspEnd	SAFETY	
HELD	atester.cpp	11974	11976	1	TODO(W906-GB-P2b)	Index 臂：等使用者在 BCB6 寫 9050 的 Index 流程（RULINGS_20260929 第 8 條）	TODO(W906-GB-P2b): S04 InitRealTimeCCDPara is a member of neither W7T1_TCOM2Ext (atester.cpp:5617-5637, what COM2 means here via the :5642 #define) nor TCOM2Shim (atester_shims.h:373-463) (golden TCOM2 rs232.h:159) -- golden atester.cpp:11464 (912; 906 :11289)	COM2->InitRealTimeCCDPara();                                        //Jimmychiu 20231130 : Fixed for #P231120-ATK-H9-04 , V3.32.810_Beta & V3.32.811_Beta , RTC2 Communication error			FAIL			yes	atester.cpp:11975:19: error: 'struct W7T1_TCOM2Ext' has no member named 'InitRealTimeCCDPara'	HELD（Index 臂：等使用者在 BCB6 寫 9050 的 Index 流程（RULINGS_20260929 第 8 條））；探針：仍缺：W7T1_TCOM2Ext 沒有成員 InitRealTimeCCDPara	SAFETY	
HELD	atester.cpp	12000	12196	195	GATE G-PTk3-DoHalfViewAllPassVerifyRTC.	Index 臂：等使用者在 BCB6 寫 9050 的 Index 流程（RULINGS_20260929 第 8 條）	GOLDEN VERBATIM -- golden atester.cpp:11297-11491 (195 lines).  GATE G-PTk3-DoHalfViewAllPassVerifyRTC.  NOT COMPILED: the ACTIVE DoHalfViewAllPassVerifyRTC() is the slim body immediately after this #endif.	bool DoHalfViewAllPassVerifyRTC(bool bInitial)                                  //JerryYang 20220215 : RTC Auto Verify half view check			FAIL			yes	atester.cpp:12005:9: error: 'iDoHalfViewAllPassVerifyTask' was not declared in this scope	HELD（Index 臂：等使用者在 BCB6 寫 9050 的 Index 流程（RULINGS_20260929 第 8 條））；探針：仍缺：未宣告 iDoHalfViewAllPassVerifyTask		
HELD	atester.cpp	12199	12200	0	TODO(W7)	Index 臂：等使用者在 BCB6 寫 9050 的 Index 流程（RULINGS_20260929 第 8 條）	TODO(W7) -- golden :11297-11493 (RTC half-view verify SM)			sim+ship	PASS			n/a	(compiles: -fsyntax-only)	HELD（Index 臂：等使用者在 BCB6 寫 9050 的 Index 流程（RULINGS_20260929 第 8 條））；探針：空的 #if 0（裡面沒有程式）：不用翻，可清掉		
HELD	atester.cpp	12221	12427	205	GATE G-PTk2-DoHalfViewAllFailVerifyRTC.	Index 臂：等使用者在 BCB6 寫 9050 的 Index 流程（RULINGS_20260929 第 8 條）	GOLDEN VERBATIM -- golden atester.cpp:11494-11698 (205 lines).  GATE G-PTk2-DoHalfViewAllFailVerifyRTC.  NOT COMPILED: the ACTIVE DoHalfViewAllFailVerifyRTC() is the slim body immediately after this #endif.	bool DoHalfViewAllFailVerifyRTC(bool bInitial)			FAIL			yes	atester.cpp:12226:9: error: 'iDoHalfViewAllFailVerifyTask' was not declared in this scope	HELD（Index 臂：等使用者在 BCB6 寫 9050 的 Index 流程（RULINGS_20260929 第 8 條））；探針：仍缺：未宣告 iDoHalfViewAllFailVerifyTask		
HELD	atester.cpp	12430	12431	0	TODO(W7)	Index 臂：等使用者在 BCB6 寫 9050 的 Index 流程（RULINGS_20260929 第 8 條）	TODO(W7) -- golden :11494-11699 (RTC half-view verify SM)			sim+ship	PASS			n/a	(compiles: -fsyntax-only)	HELD（Index 臂：等使用者在 BCB6 寫 9050 的 Index 流程（RULINGS_20260929 第 8 條））；探針：空的 #if 0（裡面沒有程式）：不用翻，可清掉		
HELD	atester.cpp	12438	12439	0	TODO(W7)	Index 臂：等使用者在 BCB6 寫 9050 的 Index 流程（RULINGS_20260929 第 8 條）	TODO(W7) -- golden :11700-11734 (temperature-rise, Temperature/ATC)			sim+ship	PASS			n/a	(compiles: -fsyntax-only)	HELD（Index 臂：等使用者在 BCB6 寫 9050 的 Index 流程（RULINGS_20260929 第 8 條））；探針：空的 #if 0（裡面沒有程式）：不用翻，可清掉		
HELD	atester.cpp	12445	12446	0	TODO(W7)	Index 臂：等使用者在 BCB6 寫 9050 的 Index 流程（RULINGS_20260929 第 8 條）	TODO(W7) -- golden :11735-11749 (ATC FFC trigger)			sim+ship	PASS			n/a	(compiles: -fsyntax-only)	HELD（Index 臂：等使用者在 BCB6 寫 9050 的 Index 流程（RULINGS_20260929 第 8 條））；探針：空的 #if 0（裡面沒有程式）：不用翻，可清掉		
HELD	atester.cpp	12452	12453	0	TODO(W7)	Index 臂：等使用者在 BCB6 寫 9050 的 Index 流程（RULINGS_20260929 第 8 條）	TODO(W7) -- golden :11750-11771 (test-temp-change check, Temperature)			sim+ship	PASS			n/a	(compiles: -fsyntax-only)	HELD（Index 臂：等使用者在 BCB6 寫 9050 的 Index 流程（RULINGS_20260929 第 8 條））；探針：空的 #if 0（裡面沒有程式）：不用翻，可清掉		
HELD	atester.cpp	12472	12520	47	GATE G-PTk4-TestProcessSetToErr.	Index 臂：等使用者在 BCB6 寫 9050 的 Index 流程（RULINGS_20260929 第 8 條）	GOLDEN VERBATIM -- golden atester.cpp:11772-11818 (47 lines).  GATE G-PTk4-TestProcessSetToErr.  NOT COMPILED: the ACTIVE TestProcessSetToErr() is the slim body immediately after this #endif.	void TestProcessSetToErr(AnsiString sErrorLog)                                  //JerryYang 20231208 : 包起來			FAIL			yes	atester.cpp:12521:6: error: redefinition of 'void TestProcessSetToErr(vclcompat::AnsiString)'	HELD（Index 臂：等使用者在 BCB6 寫 9050 的 Index 流程（RULINGS_20260929 第 8 條））；探針：仍缺：atester.cpp:12521:6: error: redefinition of 'void TestProcessSetToErr(vclcompat::AnsiString)'		
HELD	atester.cpp	12523	12524	0	TODO(W7)	Index 臂：等使用者在 BCB6 寫 9050 的 Index 流程（RULINGS_20260929 第 8 條）	TODO(W7) -- golden :11772-11819 (set-test-to-error, fMain/Prod)			sim+ship	PASS			n/a	(compiles: -fsyntax-only)	HELD（Index 臂：等使用者在 BCB6 寫 9050 的 Index 流程（RULINGS_20260929 第 8 條））；探針：空的 #if 0（裡面沒有程式）：不用翻，可清掉		
HELD	atester.cpp	12551	12628	76	GATE G-PTk2-bContSoftEpSwitch.	Index 臂：等使用者在 BCB6 寫 9050 的 Index 流程（RULINGS_20260929 第 8 條）	GOLDEN VERBATIM -- golden atester.cpp:9714-9789 (76 lines).  GATE G-PTk2-bContSoftEpSwitch.  NOT COMPILED: the ACTIVE bContSoftEpSwitch() is the slim body immediately after this #endif.	void __fastcall bContSoftEpSwitch(int Index, bool Arm)			FAIL			yes	atester.cpp:12552:17: error: ambiguating new declaration of 'void bContSoftEpSwitch(int, bool)'	HELD（Index 臂：等使用者在 BCB6 寫 9050 的 Index 流程（RULINGS_20260929 第 8 條））；探針：仍缺：atester.cpp:12552:17: error: ambiguating new declaration of 'void bContSoftEpSwitch(int, bool)'	HIGH-KW UI-STATE	
HELD	atester.cpp	12631	12632	0	TODO(W7)	Index 臂：等使用者在 BCB6 寫 9050 的 Index 流程（RULINGS_20260929 第 8 條）	TODO(W7) -- golden EPSwitch soft-contact (MOT[]/EP DAQ)			sim+ship	PASS			n/a	(compiles: -fsyntax-only)	HELD（Index 臂：等使用者在 BCB6 寫 9050 的 Index 流程（RULINGS_20260929 第 8 條））；探針：空的 #if 0（裡面沒有程式）：不用翻，可清掉		
HELD	atester.cpp	12656	12736	79	GATE G-PTk2-SendSiteMapToRTC.	Index 臂：等使用者在 BCB6 寫 9050 的 Index 流程（RULINGS_20260929 第 8 條）	GOLDEN VERBATIM -- golden atester.cpp:5471-5549 (79 lines).  GATE G-PTk2-SendSiteMapToRTC.  NOT COMPILED: the ACTIVE SendSiteMapToRTC() is the slim body immediately after this #endif.	int SendSiteMapToRTC(bool bSendToRTC, int iSelArm)			FAIL			yes	atester.cpp:12726:15: error: 'struct W7T1_TCOM2Ext' has no member named 'sRealTimeCom_Send'; did you mean 'bRealTimeCom_ReceiveOK'?	HELD（Index 臂：等使用者在 BCB6 寫 9050 的 Index 流程（RULINGS_20260929 第 8 條））；探針：仍缺：W7T1_TCOM2Ext 沒有成員 sRealTimeCom_Send		
HELD	atester.cpp	12739	12740	0	TODO(W7)	Index 臂：等使用者在 BCB6 寫 9050 的 Index 流程（RULINGS_20260929 第 8 條）	TODO(W7) -- golden :5471-5561 (RTC sitemap send, COM2/RTC)			sim+ship	PASS			n/a	(compiles: -fsyntax-only)	HELD（Index 臂：等使用者在 BCB6 寫 9050 的 Index 流程（RULINGS_20260929 第 8 條））；探針：空的 #if 0（裡面沒有程式）：不用翻，可清掉		
HELD	atester.cpp	12841	12897	55	GATE G-PTk1-Sim_TTL_Single,	Index 臂：等使用者在 BCB6 寫 9050 的 Index 流程（RULINGS_20260929 第 8 條）	GOLDEN VERBATIM -- golden atester.cpp:699-753  (GATE G-PTk1-Sim_TTL_Single, begin)	void Sim_TTL_Single(int i, int j)                                               //Steven 20091031 Start : for TTL offline testing			FAIL			yes	atester.cpp:12845:35: error: 'class TfMain' has no member named 'cbSimuBinSite0'	HELD（Index 臂：等使用者在 BCB6 寫 9050 的 Index 流程（RULINGS_20260929 第 8 條））；探針：仍缺：TfMain 沒有成員 cbSimuBinSite0		
HELD	atester.cpp	12900	12901	0	TODO(GA-3/UI)	Index 臂：等使用者在 BCB6 寫 9050 的 Index 流程（RULINGS_20260929 第 8 條）	TODO(GA-3/UI) -- golden :701-752 (fMain->cbSimuBinSite0..3 absent from the FormsFacade fMain stand-in)			sim+ship	PASS			n/a	(compiles: -fsyntax-only)	HELD（Index 臂：等使用者在 BCB6 寫 9050 的 Index 流程（RULINGS_20260929 第 8 條））；探針：空的 #if 0（裡面沒有程式）：不用翻，可清掉		
HELD	atester_32Site.cpp	470	472	1	TODO(W7-UI)	Index 臂：等使用者在 BCB6 寫 9050 的 Index 流程（RULINGS_20260929 第 8 條）	TODO(W7-UI) -- golden :99,101 MyMessageBox->lblChineseMsg->Font->Size (cosmetic only)	MyMessageBox->lblChineseMsg->Font->Size=10;			FAIL			yes	atester_32Site.cpp:471:31: error: 'class TMyMessageBoxShim' has no member named 'lblChineseMsg'	HELD（Index 臂：等使用者在 BCB6 寫 9050 的 Index 流程（RULINGS_20260929 第 8 條））；探針：仍缺：TMyMessageBoxShim 沒有成員 lblChineseMsg		
HELD	atester_32Site.cpp	474	476	1	TODO(W7-UI)	Index 臂：等使用者在 BCB6 寫 9050 的 Index 流程（RULINGS_20260929 第 8 條）	TODO(W7-UI) -- golden :101 MyMessageBox->lblChineseMsg->Font->Size (cosmetic only)	MyMessageBox->lblChineseMsg->Font->Size=12;			FAIL			yes	atester_32Site.cpp:475:31: error: 'class TMyMessageBoxShim' has no member named 'lblChineseMsg'	HELD（Index 臂：等使用者在 BCB6 寫 9050 的 Index 流程（RULINGS_20260929 第 8 條））；探針：仍缺：TMyMessageBoxShim 沒有成員 lblChineseMsg		
HELD	atester_32Site.cpp	518	520	1	TODO(W7-UI)	Index 臂：等使用者在 BCB6 寫 9050 的 Index 流程（RULINGS_20260929 第 8 條）	TODO(W7-UI) -- golden :143,145 MyMessageBox->lblChineseMsg->Font->Size (cosmetic only)	MyMessageBox->lblChineseMsg->Font->Size=10;			FAIL			yes	atester_32Site.cpp:519:31: error: 'class TMyMessageBoxShim' has no member named 'lblChineseMsg'	HELD（Index 臂：等使用者在 BCB6 寫 9050 的 Index 流程（RULINGS_20260929 第 8 條））；探針：仍缺：TMyMessageBoxShim 沒有成員 lblChineseMsg		
HELD	atester_32Site.cpp	522	524	1	TODO(W7-UI)	Index 臂：等使用者在 BCB6 寫 9050 的 Index 流程（RULINGS_20260929 第 8 條）	TODO(W7-UI) -- golden :145 MyMessageBox->lblChineseMsg->Font->Size (cosmetic only)	MyMessageBox->lblChineseMsg->Font->Size=12;			FAIL			yes	atester_32Site.cpp:523:31: error: 'class TMyMessageBoxShim' has no member named 'lblChineseMsg'	HELD（Index 臂：等使用者在 BCB6 寫 9050 的 Index 流程（RULINGS_20260929 第 8 條））；探針：仍缺：TMyMessageBoxShim 沒有成員 lblChineseMsg		
HELD	atester_32Site.cpp	606	1105	498		Index 臂：等使用者在 BCB6 寫 9050 的 Index 流程（RULINGS_20260929 第 8 條）	GOLDEN VERBATIM -- golden atester_32Site.cpp:184-681.  INERT reference text; the live Do32RTCAutoModelVerify follows the #endif.	bool Do32RTCAutoModelVerify(bool bInitial)			FAIL			yes	atester_32Site.cpp:1106:6: error: redefinition of 'bool Do32RTCAutoModelVerify(bool)'	HELD（Index 臂：等使用者在 BCB6 寫 9050 的 Index 流程（RULINGS_20260929 第 8 條））；探針：仍缺：atester_32Site.cpp:1106:6: error: redefinition of 'bool Do32RTCAutoModelVerify(bool)'		
HELD	atester_32Site.cpp	1301	1303	1	TODO(W5-atester32site-vision)	Index 臂：等使用者在 BCB6 寫 9050 的 Index 流程（RULINGS_20260929 第 8 條）	TODO(W5-atester32site-vision) -- golden :364-679 (cases 12500-14000, RTC vision handshake: COM2->SendCommToVision/bRealTimeCom_ReceiveOK/OpenRTCComPortAgain/InitRealTimeCCDPara/rtRelease/rtInspEnd/rtOPENVERIFYOK/rtOPENVERIFYNG/rtALLFAILOK/rtALLFAILNG/rtCLOSEVERIFY)	case 12500: /* golden entry to the vision handshake -- see gate above */		sim+ship	PASS			likely-no	(compiles: -fsyntax-only)	HELD（Index 臂：等使用者在 BCB6 寫 9050 的 Index 流程（RULINGS_20260929 第 8 條））；探針：候選：照 golden 解開（先看風險標記）		
HELD	atester_32Site.cpp	1451	1453	1	TODO(W5-atester32site-vision)	Index 臂：等使用者在 BCB6 寫 9050 的 Index 流程（RULINGS_20260929 第 8 條）	TODO(W5-atester32site-vision) -- golden :801-1011 (cases 55,60,61,62,64,65,66,67,68: RTC full-view verify [MOT Z1/Z2 encoder-range check + COM2->bRealTimeCom_ReceiveOK[rtFullTNG/rtFullTOK]/RTC_ResetAlarm] + fContact->InitROILearningTask()/Do_ROILearning(true) hand-off)	case 55: /* gate entry -- see banner + gate comment above */		sim+ship	PASS			likely-no	(compiles: -fsyntax-only)	HELD（Index 臂：等使用者在 BCB6 寫 9050 的 Index 流程（RULINGS_20260929 第 8 條））；探針：候選：照 golden 解開（先看風險標記）		
HELD	atester_32Site.cpp	2238	2242	3	TODO(W7-UI)	Index 臂：等使用者在 BCB6 寫 9050 的 Index 流程（RULINGS_20260929 第 8 條）	TODO(W7-UI) -- golden :1806 fMain->SendMSG_CMD(MSG_CMD_Arm1Down) (TfMain has no SendMSG_CMD method yet, golden main.h; MSG_CMD_Arm1Down constant not translated either)	fMain->SendMSG_CMD(MSG_CMD_Arm1Down);                               //Steven 20210225 : Add GPIB LOG		sim+ship	PASS-WITH-INCLUDE			likely-no（缺 include）	atester_32Site.cpp:2239:32: error: 'MSG_CMD_Arm1Down' was not declared in this scope	HELD（Index 臂：等使用者在 BCB6 寫 9050 的 Index 流程（RULINGS_20260929 第 8 條））；探針：候選：補 include MessageDef.h 後照 golden 解開（先確認那個名字是真本體、不是 stub／shim）	HAS-#else	
HELD	atester_32Site.cpp	3454	3458	3	TODO(W7-UI)	Index 臂：等使用者在 BCB6 寫 9050 的 Index 流程（RULINGS_20260929 第 8 條）	TODO(W7-UI) -- golden :3009 fMain->CloseGpibProgram(AnsiString) (TfMain has no such method yet, golden main.h)	fMain->CloseGpibProgram(__FUNC__);		sim+ship	PASS			likely-no	(compiles: -fsyntax-only)	HELD（Index 臂：等使用者在 BCB6 寫 9050 的 Index 流程（RULINGS_20260929 第 8 條））；探針：候選：照 golden 解開（先看風險標記）	HAS-#else	
HELD	atester_ProcessCount.cpp	343	348	4	TODO(W6.4b-integrate)	Index 臂：等使用者在 BCB6 寫 9050 的 Index 流程（RULINGS_20260929 第 8 條）	TODO(W6.4b-integrate): ADD `TStringList *slLowYieldAlarm;` (golden main.h) to FormsFacade.h's TfMain, initialized in TfMain's ctor.	if(fMain->slLowYieldAlarm->Text.AnsiPos(AlarmCode)==0)			FAIL			yes	atester_ProcessCount.cpp:344:19: error: 'class TfMain' has no member named 'slLowYieldAlarm'	HELD（Index 臂：等使用者在 BCB6 寫 9050 的 Index 流程（RULINGS_20260929 第 8 條））；探針：仍缺：TfMain 沒有成員 slLowYieldAlarm		
HELD	atester_ProcessCount.cpp	830	1011	180	GATE KEPT.	Index 臂：等使用者在 BCB6 寫 9050 的 Index 流程（RULINGS_20260929 第 8 條）	AI(W906-StaleGates) 20260820: PREMISE UPDATED, GATE KEPT. The old	if(CosFunction.bBySiteByBinPercentCompare==true)                            //JerryYang 20170712 (Steven) by site by bin compare percent		sim+ship	PASS			likely-no	(compiles: -fsyntax-only)	HELD（Index 臂：等使用者在 BCB6 寫 9050 的 Index 流程（RULINGS_20260929 第 8 條））；探針：候選：照 golden 解開（先看風險標記）		
HELD	atester_ProcessCount.cpp	1047	1049	1	TODO(AutoClean-module)	Index 臂：等使用者在 BCB6 寫 9050 的 Index 流程（RULINGS_20260929 第 8 條）	TODO(AutoClean-module): InitialAutoCleanAllTask (golden AutoClean/AutoClean.h:7) has no translated home yet.	InitialAutoCleanAllTask();                                          //Sam 20230504 : 整理 InitialAutoCleanTask			FAIL			yes	atester_ProcessCount.cpp:1048:37: error: 'InitialAutoCleanAllTask' was not declared in this scope	HELD（Index 臂：等使用者在 BCB6 寫 9050 的 Index 流程（RULINGS_20260929 第 8 條））；探針：仍缺：未宣告 InitialAutoCleanAllTask		
HELD	atester_ProcessCount.cpp	1060	1062	1	TODO(AutoClean-module)	Index 臂：等使用者在 BCB6 寫 9050 的 Index 流程（RULINGS_20260929 第 8 條）	TODO(AutoClean-module): InitialAutoCleanAllTask (golden AutoClean/AutoClean.h:7) has no translated home yet.	InitialAutoCleanAllTask();                                          //Sam 20230504 : 整理 InitialAutoCleanTask			FAIL			yes	atester_ProcessCount.cpp:1061:37: error: 'InitialAutoCleanAllTask' was not declared in this scope	HELD（Index 臂：等使用者在 BCB6 寫 9050 的 Index 流程（RULINGS_20260929 第 8 條））；探針：仍缺：未宣告 InitialAutoCleanAllTask		
HELD	atester_ProcessCount.cpp	1075	1077	1	TODO(AutoClean-module)	Index 臂：等使用者在 BCB6 寫 9050 的 Index 流程（RULINGS_20260929 第 8 條）	TODO(AutoClean-module): InitialAutoCleanAllTask (golden AutoClean/AutoClean.h:7) has no translated home yet.	InitialAutoCleanAllTask();                                          //Sam 20230504 : 整理 InitialAutoCleanTask			FAIL			yes	atester_ProcessCount.cpp:1076:37: error: 'InitialAutoCleanAllTask' was not declared in this scope	HELD（Index 臂：等使用者在 BCB6 寫 9050 的 Index 流程（RULINGS_20260929 第 8 條））；探針：仍缺：未宣告 InitialAutoCleanAllTask		
HELD	atester_ProcessCount.cpp	1142	1146	3	TODO(W6.4b-integrate)	Index 臂：等使用者在 BCB6 寫 9050 的 Index 流程（RULINGS_20260929 第 8 條）	TODO(W6.4b-integrate): fProductionInfo->cDynaThres->GetMultiplierNum() -- see file-header gate #6 for the exact shim + pre-existing cross-unit fProductionInfo naming conflict to resolve.	return fProductionInfo->cDynaThres->GetMultiplierNum();			FAIL			yes	atester_ProcessCount.cpp:1143:29: error: 'class TfProductionInfo' has no member named 'cDynaThres'	HELD（Index 臂：等使用者在 BCB6 寫 9050 的 Index 流程（RULINGS_20260929 第 8 條））；探針：仍缺：TfProductionInfo 沒有成員 cDynaThres	HAS-#else	
HELD	atester_ProcessCount.cpp	1211	1213	1	TODO(AutoClean-module)	Index 臂：等使用者在 BCB6 寫 9050 的 Index 流程（RULINGS_20260929 第 8 條）	TODO(AutoClean-module): InitialAutoCleanAllTask (golden AutoClean/AutoClean.h:7) has no translated home yet.	InitialAutoCleanAllTask();                                          //Sam 20230504 : 整理 InitialAutoCleanTask			FAIL			yes	atester_ProcessCount.cpp:1212:37: error: 'InitialAutoCleanAllTask' was not declared in this scope	HELD（Index 臂：等使用者在 BCB6 寫 9050 的 Index 流程（RULINGS_20260929 第 8 條））；探針：仍缺：未宣告 InitialAutoCleanAllTask		
HELD	atester_ProcessCount.cpp	1224	1226	1	TODO(W6.4b-integrate)	Index 臂：等使用者在 BCB6 寫 9050 的 Index 流程（RULINGS_20260929 第 8 條）	TODO(W6.4b-integrate): fProductionInfo->cDynaThres->AddThresholdNum() -- see file-header gate #6.	fProductionInfo->cDynaThres->AddThresholdNum();                     //JimmyChiu 20240411 : Dynamic multiplier for Continual Pass Bin( Socket )			FAIL			yes	atester_ProcessCount.cpp:1225:30: error: 'class TfProductionInfo' has no member named 'cDynaThres'	HELD（Index 臂：等使用者在 BCB6 寫 9050 的 Index 流程（RULINGS_20260929 第 8 條））；探針：仍缺：TfProductionInfo 沒有成員 cDynaThres		
HELD	atester_ProcessCount.cpp	2549	2577	27	GATE J (fObserver->TimeInfoGrid	Index 臂：等使用者在 BCB6 寫 9050 的 Index 流程（RULINGS_20260929 第 8 條）	GATE J (fObserver->TimeInfoGrid / fMain->HandlerTCPIPResultSendProcess /	if(CosFunction.bEnableHandlerResultServer)		sim+ship	PASS			likely-no	(compiles: -fsyntax-only)	HELD（Index 臂：等使用者在 BCB6 寫 9050 的 Index 流程（RULINGS_20260929 第 8 條））；探針：候選：照 golden 解開（先看風險標記）		
HELD	atester_shims.cpp	46	49	2		Index 臂：等使用者在 BCB6 寫 9050 的 Index 流程（RULINGS_20260929 第 8 條）	PT-W5c RETIRED (IsInArmCleanOutFinish)	bool IsInArmCleanOutFinish(int /*iIsOneCycle*/) { return false; }  // golden csystem.h:89		sim+ship	PASS			n/a	(compiles: -fsyntax-only)	HELD（Index 臂：等使用者在 BCB6 寫 9050 的 Index 流程（RULINGS_20260929 第 8 條））；探針：已退役的替身／參考副本（真本體在別處）：不要解（會重複定義），可整段清掉		
HELD	atester_shims.cpp	50	53	2		Index 臂：等使用者在 BCB6 寫 9050 的 Index 流程（RULINGS_20260929 第 8 條）	PT-W5c RETIRED (IsInArmOneCycleFinish)	bool IsInArmOneCycleFinish()                    { return false; }  // golden csystem.h:91		sim+ship	PASS			n/a	(compiles: -fsyntax-only)	HELD（Index 臂：等使用者在 BCB6 寫 9050 的 Index 流程（RULINGS_20260929 第 8 條））；探針：已退役的替身／參考副本（真本體在別處）：不要解（會重複定義），可整段清掉		
HELD	atester_shims.cpp	54	57	2		Index 臂：等使用者在 BCB6 寫 9050 的 Index 流程（RULINGS_20260929 第 8 條）	PT-W5f RETIRED (CanYieldAlarmRemainInSHT)	bool CanYieldAlarmRemainInSHT()                 { return false; }  // golden csystem.h:288		sim+ship	PASS			n/a	(compiles: -fsyntax-only)	HELD（Index 臂：等使用者在 BCB6 寫 9050 的 Index 流程（RULINGS_20260929 第 8 條））；探針：已退役的替身／參考副本（真本體在別處）：不要解（會重複定義），可整段清掉		
HELD	atester_shims.cpp	58	61	2		Index 臂：等使用者在 BCB6 寫 9050 的 Index 流程（RULINGS_20260929 第 8 條）	PT-W5f RETIRED (CheckIndexConnect)	int  CheckIndexConnect()                        { return 0; }      // golden csystem.h:212 (Dell 20111130)		sim+ship	PASS			n/a	(compiles: -fsyntax-only)	HELD（Index 臂：等使用者在 BCB6 寫 9050 的 Index 流程（RULINGS_20260929 第 8 條））；探針：已退役的替身／參考副本（真本體在別處）：不要解（會重複定義），可整段清掉		
HELD	atester_shims.cpp	66	69	2		Index 臂：等使用者在 BCB6 寫 9050 的 Index 流程（RULINGS_20260929 第 8 條）	PT-W5f RETIRED (SendTTLRS232CSOTsignal)	void SendTTLRS232CSOTsignal()                   {}                 // golden csystem.h:280 (Isaac 20210309)		sim+ship	PASS			n/a	(compiles: -fsyntax-only)	HELD（Index 臂：等使用者在 BCB6 寫 9050 的 Index 流程（RULINGS_20260929 第 8 條））；探針：已退役的替身／參考副本（真本體在別處）：不要解（會重複定義），可整段清掉		
HELD	atester_shims.cpp	80	83	2		Index 臂：等使用者在 BCB6 寫 9050 的 Index 流程（RULINGS_20260929 第 8 條）	PT-W5c RETIRED (CheckContactOver)	bool CheckContactOver()                         { return false; }  // golden csystem.h:156		sim+ship	PASS			n/a	(compiles: -fsyntax-only)	HELD（Index 臂：等使用者在 BCB6 寫 9050 的 Index 流程（RULINGS_20260929 第 8 條））；探針：已退役的替身／參考副本（真本體在別處）：不要解（會重複定義），可整段清掉		
HELD	atester_shims.cpp	84	87	2		Index 臂：等使用者在 BCB6 寫 9050 的 Index 流程（RULINGS_20260929 第 8 條）	PT-W5f RETIRED (ShowIndexTime)	void ShowIndexTime(int /*Item*/)                {}                 // golden csystem.h:200		sim+ship	PASS			n/a	(compiles: -fsyntax-only)	HELD（Index 臂：等使用者在 BCB6 寫 9050 的 Index 流程（RULINGS_20260929 第 8 條））；探針：已退役的替身／參考副本（真本體在別處）：不要解（會重複定義），可整段清掉		
HELD	atester_shims.cpp	88	91	2		Index 臂：等使用者在 BCB6 寫 9050 的 Index 流程（RULINGS_20260929 第 8 條）	PT-W5f RETIRED (TemperatureStorageLog)	bool TemperatureStorageLog(int /*iRecord*/)     { return false; }  // golden csystem.h:275		sim+ship	PASS			n/a	(compiles: -fsyntax-only)	HELD（Index 臂：等使用者在 BCB6 寫 9050 的 Index 流程（RULINGS_20260929 第 8 條））；探針：已退役的替身／參考副本（真本體在別處）：不要解（會重複定義），可整段清掉		
HELD	atester_shims.cpp	103	106	2		Index 臂：等使用者在 BCB6 寫 9050 的 Index 流程（RULINGS_20260929 第 8 條）	PT-W5c RETIRED (CheckTestSuckICOn)	bool CheckTestSuckICOn(TMyKitSuck &/*Ptr*/, int /*iR*/, int /*iC*/) { return false; }		sim+ship	PASS			n/a	(compiles: -fsyntax-only)	HELD（Index 臂：等使用者在 BCB6 寫 9050 的 Index 流程（RULINGS_20260929 第 8 條））；探針：已退役的替身／參考副本（真本體在別處）：不要解（會重複定義），可整段清掉		
HELD	atester_shims.cpp	147	149	1		Index 臂：等使用者在 BCB6 寫 9050 的 Index 流程（RULINGS_20260929 第 8 條）	PT-W8 RETIRED (ProcessShowTestStatus): real translated body now live	void ProcessShowTestStatus(int /*Index*/)   {}		sim+ship	PASS			n/a	(compiles: -fsyntax-only)	HELD（Index 臂：等使用者在 BCB6 寫 9050 的 Index 流程（RULINGS_20260929 第 8 條））；探針：已退役的替身／參考副本（真本體在別處）：不要解（會重複定義），可整段清掉		
HELD	atester_shims.cpp	150	152	1		Index 臂：等使用者在 BCB6 寫 9050 的 Index 流程（RULINGS_20260929 第 8 條）	PT-W8 RETIRED (ProcessCount): real translated body now live	void ProcessCount(int /*Index*/, bool /*bHasIC*/) {}    //Eastsun 20260515 F022: D7		sim+ship	PASS			n/a	(compiles: -fsyntax-only)	HELD（Index 臂：等使用者在 BCB6 寫 9050 的 Index 流程（RULINGS_20260929 第 8 條））；探針：已退役的替身／參考副本（真本體在別處）：不要解（會重複定義），可整段清掉		
HELD	atester_shims.cpp	153	155	1		Index 臂：等使用者在 BCB6 寫 9050 的 Index 流程（RULINGS_20260929 第 8 條）	PT-W8 RETIRED (ProcessStartTestData): real translated body now live	void ProcessStartTestData(int /*Direct*/)   {}		sim+ship	PASS			n/a	(compiles: -fsyntax-only)	HELD（Index 臂：等使用者在 BCB6 寫 9050 的 Index 流程（RULINGS_20260929 第 8 條））；探針：已退役的替身／參考副本（真本體在別處）：不要解（會重複定義），可整段清掉		
HELD	atester_shims.cpp	156	158	1		Index 臂：等使用者在 BCB6 寫 9050 的 Index 流程（RULINGS_20260929 第 8 條）	PT-W8 RETIRED (RecordHistroy): real translated body now live	void RecordHistroy(int /*attr*/)            {}		sim+ship	PASS			n/a	(compiles: -fsyntax-only)	HELD（Index 臂：等使用者在 BCB6 寫 9050 的 Index 流程（RULINGS_20260929 第 8 條））；探針：已退役的替身／參考副本（真本體在別處）：不要解（會重複定義），可整段清掉		
HELD	atester_shims.cpp	159	161	1		Index 臂：等使用者在 BCB6 寫 9050 的 Index 流程（RULINGS_20260929 第 8 條）	PT-W8 RETIRED (ProcessQASampling): real translated body now live	void ProcessQASampling(int /*Index*/)       {}		sim+ship	PASS			n/a	(compiles: -fsyntax-only)	HELD（Index 臂：等使用者在 BCB6 寫 9050 的 Index 流程（RULINGS_20260929 第 8 條））；探針：已退役的替身／參考副本（真本體在別處）：不要解（會重複定義），可整段清掉		
HELD	atester_shims.cpp	178	180	1		Index 臂：等使用者在 BCB6 寫 9050 的 Index 流程（RULINGS_20260929 第 8 條）	PT-W7b RETIRED (CheckAnyCaseNeedToDoArm1): real body now lives in aTester_Rear.cpp	int  CheckAnyCaseNeedToDoArm1()             { return 0; }		sim+ship	PASS			n/a	(compiles: -fsyntax-only)	HELD（Index 臂：等使用者在 BCB6 寫 9050 的 Index 流程（RULINGS_20260929 第 8 條））；探針：已退役的替身／參考副本（真本體在別處）：不要解（會重複定義），可整段清掉		
HELD	atester_shims.cpp	181	183	1		Index 臂：等使用者在 BCB6 寫 9050 的 Index 流程（RULINGS_20260929 第 8 條）	PT-W7b RETIRED (InitTestYFrontTask): real body now lives in aTester_Rear.cpp	void InitTestYFrontTask()                   {}		sim+ship	PASS			n/a	(compiles: -fsyntax-only)	HELD（Index 臂：等使用者在 BCB6 寫 9050 的 Index 流程（RULINGS_20260929 第 8 條））；探針：已退役的替身／參考副本（真本體在別處）：不要解（會重複定義），可整段清掉		
HELD	atester_shims.cpp	184	186	1		Index 臂：等使用者在 BCB6 寫 9050 的 Index 流程（RULINGS_20260929 第 8 條）	PT-W7b RETIRED (InitFTestSuckTestICTask): real body now lives in aTester_Rear.cpp	void InitFTestSuckTestICTask()              {}		sim+ship	PASS			n/a	(compiles: -fsyntax-only)	HELD（Index 臂：等使用者在 BCB6 寫 9050 的 Index 流程（RULINGS_20260929 第 8 條））；探針：已退役的替身／參考副本（真本體在別處）：不要解（會重複定義），可整段清掉		
HELD	atester_shims.cpp	192	194	1		Index 臂：等使用者在 BCB6 寫 9050 的 Index 流程（RULINGS_20260929 第 8 條）	PT-W7b RETIRED (InitFrontTestPurgBeforePickShuttle): real body now lives in aTester_Rear.cpp	void InitFrontTestPurgBeforePickShuttle()   {}		sim+ship	PASS			n/a	(compiles: -fsyntax-only)	HELD（Index 臂：等使用者在 BCB6 寫 9050 的 Index 流程（RULINGS_20260929 第 8 條））；探針：已退役的替身／參考副本（真本體在別處）：不要解（會重複定義），可整段清掉		
HELD	atester_shims.cpp	195	197	1		Index 臂：等使用者在 BCB6 寫 9050 的 Index 流程（RULINGS_20260929 第 8 條）	PT-W7b RETIRED (DoArm1Suck): real body now lives in aTester_Rear.cpp	void DoArm1Suck()                           {}		sim+ship	PASS			n/a	(compiles: -fsyntax-only)	HELD（Index 臂：等使用者在 BCB6 寫 9050 的 Index 流程（RULINGS_20260929 第 8 條））；探針：已退役的替身／參考副本（真本體在別處）：不要解（會重複定義），可整段清掉		
HELD	atester_shims.cpp	198	200	1		Index 臂：等使用者在 BCB6 寫 9050 的 Index 流程（RULINGS_20260929 第 8 條）	PT-W7b RETIRED (DoArm1D44VacCheck): real body now lives in aTester_Rear.cpp	void DoArm1D44VacCheck()                    {}		sim+ship	PASS			n/a	(compiles: -fsyntax-only)	HELD（Index 臂：等使用者在 BCB6 寫 9050 的 Index 流程（RULINGS_20260929 第 8 條））；探針：已退役的替身／參考副本（真本體在別處）：不要解（會重複定義），可整段清掉		
HELD	atester_shims.cpp	201	203	1		Index 臂：等使用者在 BCB6 寫 9050 的 Index 流程（RULINGS_20260929 第 8 條）	PT-W7b RETIRED (FTestNeedDestroy): real body now lives in aTester_Rear.cpp	bool FTestNeedDestroy()                     { return false; }		sim+ship	PASS			n/a	(compiles: -fsyntax-only)	HELD（Index 臂：等使用者在 BCB6 寫 9050 的 Index 流程（RULINGS_20260929 第 8 條））；探針：已退役的替身／參考副本（真本體在別處）：不要解（會重複定義），可整段清掉		
HELD	atester_shims.cpp	204	206	1		Index 臂：等使用者在 BCB6 寫 9050 的 Index 流程（RULINGS_20260929 第 8 條）	PT-W7b RETIRED (DoFTestSuckTestIC): real body now lives in aTester_Rear.cpp	bool DoFTestSuckTestIC()                    { return true;  }		sim+ship	PASS			n/a	(compiles: -fsyntax-only)	HELD（Index 臂：等使用者在 BCB6 寫 9050 的 Index 流程（RULINGS_20260929 第 8 條））；探針：已退役的替身／參考副本（真本體在別處）：不要解（會重複定義），可整段清掉		
HELD	atester_shims.cpp	207	209	1		Index 臂：等使用者在 BCB6 寫 9050 的 Index 流程（RULINGS_20260929 第 8 條）	PT-W7b RETIRED (DoFrontTestPurgBeforePickShuttle): real body now lives in aTester_Rear.cpp	bool DoFrontTestPurgBeforePickShuttle(int /*isp*/) { return true; }		sim+ship	PASS			n/a	(compiles: -fsyntax-only)	HELD（Index 臂：等使用者在 BCB6 寫 9050 的 Index 流程（RULINGS_20260929 第 8 條））；探針：已退役的替身／參考副本（真本體在別處）：不要解（會重複定義），可整段清掉		
HELD	atester_shims.cpp	210	212	1		Index 臂：等使用者在 BCB6 寫 9050 的 Index 流程（RULINGS_20260929 第 8 條）	PT-W7b RETIRED (DoTestYFront): real body now lives in aTester_Rear.cpp	bool DoTestYFront()                         { return true;  }		sim+ship	PASS			n/a	(compiles: -fsyntax-only)	HELD（Index 臂：等使用者在 BCB6 寫 9050 的 Index 流程（RULINGS_20260929 第 8 條））；探針：已退役的替身／參考副本（真本體在別處）：不要解（會重複定義），可整段清掉		
HELD	atester_shims.cpp	213	215	1		Index 臂：等使用者在 BCB6 寫 9050 的 Index 流程（RULINGS_20260929 第 8 條）	PT-W7b RETIRED (TestZ1OutRandge2): real body now lives in aTester_Rear.cpp	bool TestZ1OutRandge2()                     { return false; }		sim+ship	PASS			n/a	(compiles: -fsyntax-only)	HELD（Index 臂：等使用者在 BCB6 寫 9050 的 Index 流程（RULINGS_20260929 第 8 條））；探針：已退役的替身／參考副本（真本體在別處）：不要解（會重複定義），可整段清掉		
HELD	atester_shims.cpp	216	218	1		Index 臂：等使用者在 BCB6 寫 9050 的 Index 流程（RULINGS_20260929 第 8 條）	PT-W7b RETIRED (FTestSeparateSLK): real body now lives in aTester_Rear.cpp	bool FTestSeparateSLK(bool /*bReset*/)      { return true;  }		sim+ship	PASS			n/a	(compiles: -fsyntax-only)	HELD（Index 臂：等使用者在 BCB6 寫 9050 的 Index 流程（RULINGS_20260929 第 8 條））；探針：已退役的替身／參考副本（真本體在別處）：不要解（會重複定義），可整段清掉		
HELD	atester_shims.cpp	219	221	1		Index 臂：等使用者在 BCB6 寫 9050 的 Index 流程（RULINGS_20260929 第 8 條）	PT-W7b RETIRED (FTestCombineSLK): real body now lives in aTester_Rear.cpp	bool FTestCombineSLK(bool /*bReset*/)       { return true;  }		sim+ship	PASS			n/a	(compiles: -fsyntax-only)	HELD（Index 臂：等使用者在 BCB6 寫 9050 的 Index 流程（RULINGS_20260929 第 8 條））；探針：已退役的替身／參考副本（真本體在別處）：不要解（會重複定義），可整段清掉		
HELD	atester_shims.cpp	222	224	1		Index 臂：等使用者在 BCB6 寫 9050 的 Index 流程（RULINGS_20260929 第 8 條）	PT-W7b RETIRED (DoFRTCAutoModelVerify): real body now lives in aTester_Rear.cpp	bool DoFRTCAutoModelVerify(bool /*bInitial*/){ return true; }		sim+ship	PASS			n/a	(compiles: -fsyntax-only)	HELD（Index 臂：等使用者在 BCB6 寫 9050 的 Index 流程（RULINGS_20260929 第 8 條））；探針：已退役的替身／參考副本（真本體在別處）：不要解（會重複定義），可整段清掉		
HELD	atester_shims.cpp	241	243	1		Index 臂：等使用者在 BCB6 寫 9050 的 Index 流程（RULINGS_20260929 第 8 條）	PT-W7b RETIRED (CheckAnyCaseNeedToDoArm2): real body now lives in aTester_Rear.cpp	int  CheckAnyCaseNeedToDoArm2()             { return 0; }		sim+ship	PASS			n/a	(compiles: -fsyntax-only)	HELD（Index 臂：等使用者在 BCB6 寫 9050 的 Index 流程（RULINGS_20260929 第 8 條））；探針：已退役的替身／參考副本（真本體在別處）：不要解（會重複定義），可整段清掉		
HELD	atester_shims.cpp	244	246	1		Index 臂：等使用者在 BCB6 寫 9050 的 Index 流程（RULINGS_20260929 第 8 條）	PT-W7b RETIRED (InitTestYRearTask): real body now lives in aTester_Rear.cpp	void InitTestYRearTask()                    {}		sim+ship	PASS			n/a	(compiles: -fsyntax-only)	HELD（Index 臂：等使用者在 BCB6 寫 9050 的 Index 流程（RULINGS_20260929 第 8 條））；探針：已退役的替身／參考副本（真本體在別處）：不要解（會重複定義），可整段清掉		
HELD	atester_shims.cpp	247	249	1		Index 臂：等使用者在 BCB6 寫 9050 的 Index 流程（RULINGS_20260929 第 8 條）	PT-W7b RETIRED (InitBTestSuckTestICTask): real body now lives in aTester_Rear.cpp	void InitBTestSuckTestICTask()              {}		sim+ship	PASS			n/a	(compiles: -fsyntax-only)	HELD（Index 臂：等使用者在 BCB6 寫 9050 的 Index 流程（RULINGS_20260929 第 8 條））；探針：已退役的替身／參考副本（真本體在別處）：不要解（會重複定義），可整段清掉		
HELD	atester_shims.cpp	255	257	1		Index 臂：等使用者在 BCB6 寫 9050 的 Index 流程（RULINGS_20260929 第 8 條）	PT-W7b RETIRED (InitRearTestPurgBeforePickShuttle): real body now lives in aTester_Rear.cpp	void InitRearTestPurgBeforePickShuttle()    {}		sim+ship	PASS			n/a	(compiles: -fsyntax-only)	HELD（Index 臂：等使用者在 BCB6 寫 9050 的 Index 流程（RULINGS_20260929 第 8 條））；探針：已退役的替身／參考副本（真本體在別處）：不要解（會重複定義），可整段清掉		
HELD	atester_shims.cpp	258	260	1		Index 臂：等使用者在 BCB6 寫 9050 的 Index 流程（RULINGS_20260929 第 8 條）	PT-W7b RETIRED (DoArm2Suck): real body now lives in aTester_Rear.cpp	void DoArm2Suck()                           {}		sim+ship	PASS			n/a	(compiles: -fsyntax-only)	HELD（Index 臂：等使用者在 BCB6 寫 9050 的 Index 流程（RULINGS_20260929 第 8 條））；探針：已退役的替身／參考副本（真本體在別處）：不要解（會重複定義），可整段清掉		
HELD	atester_shims.cpp	261	263	1		Index 臂：等使用者在 BCB6 寫 9050 的 Index 流程（RULINGS_20260929 第 8 條）	PT-W7b RETIRED (DoArm2D44VacCheck): real body now lives in aTester_Rear.cpp	void DoArm2D44VacCheck()                    {}		sim+ship	PASS			n/a	(compiles: -fsyntax-only)	HELD（Index 臂：等使用者在 BCB6 寫 9050 的 Index 流程（RULINGS_20260929 第 8 條））；探針：已退役的替身／參考副本（真本體在別處）：不要解（會重複定義），可整段清掉		
HELD	atester_shims.cpp	264	266	1		Index 臂：等使用者在 BCB6 寫 9050 的 Index 流程（RULINGS_20260929 第 8 條）	PT-W7b RETIRED (BTestNeedDestroy): real body now lives in aTester_Rear.cpp	bool BTestNeedDestroy()                     { return false; }		sim+ship	PASS			n/a	(compiles: -fsyntax-only)	HELD（Index 臂：等使用者在 BCB6 寫 9050 的 Index 流程（RULINGS_20260929 第 8 條））；探針：已退役的替身／參考副本（真本體在別處）：不要解（會重複定義），可整段清掉		
HELD	atester_shims.cpp	267	269	1		Index 臂：等使用者在 BCB6 寫 9050 的 Index 流程（RULINGS_20260929 第 8 條）	PT-W7b RETIRED (DoBTestSuckTestIC): real body now lives in aTester_Rear.cpp	bool DoBTestSuckTestIC()                    { return true;  }		sim+ship	PASS			n/a	(compiles: -fsyntax-only)	HELD（Index 臂：等使用者在 BCB6 寫 9050 的 Index 流程（RULINGS_20260929 第 8 條））；探針：已退役的替身／參考副本（真本體在別處）：不要解（會重複定義），可整段清掉		
HELD	atester_shims.cpp	270	272	1		Index 臂：等使用者在 BCB6 寫 9050 的 Index 流程（RULINGS_20260929 第 8 條）	PT-W7b RETIRED (DoRearTestPurgBeforePickShuttle): real body now lives in aTester_Rear.cpp	bool DoRearTestPurgBeforePickShuttle(int /*isp*/) { return true; }		sim+ship	PASS			n/a	(compiles: -fsyntax-only)	HELD（Index 臂：等使用者在 BCB6 寫 9050 的 Index 流程（RULINGS_20260929 第 8 條））；探針：已退役的替身／參考副本（真本體在別處）：不要解（會重複定義），可整段清掉		
HELD	atester_shims.cpp	273	275	1		Index 臂：等使用者在 BCB6 寫 9050 的 Index 流程（RULINGS_20260929 第 8 條）	PT-W7b RETIRED (DoTestYRear): real body now lives in aTester_Rear.cpp	bool DoTestYRear()                          { return true;  }		sim+ship	PASS			n/a	(compiles: -fsyntax-only)	HELD（Index 臂：等使用者在 BCB6 寫 9050 的 Index 流程（RULINGS_20260929 第 8 條））；探針：已退役的替身／參考副本（真本體在別處）：不要解（會重複定義），可整段清掉		
HELD	atester_shims.cpp	276	278	1		Index 臂：等使用者在 BCB6 寫 9050 的 Index 流程（RULINGS_20260929 第 8 條）	PT-W7b RETIRED (TestZ2OutRandge2): real body now lives in aTester_Rear.cpp	bool TestZ2OutRandge2()                     { return false; }		sim+ship	PASS			n/a	(compiles: -fsyntax-only)	HELD（Index 臂：等使用者在 BCB6 寫 9050 的 Index 流程（RULINGS_20260929 第 8 條））；探針：已退役的替身／參考副本（真本體在別處）：不要解（會重複定義），可整段清掉		
HELD	atester_shims.cpp	279	281	1		Index 臂：等使用者在 BCB6 寫 9050 的 Index 流程（RULINGS_20260929 第 8 條）	PT-W7b RETIRED (BTestCombineSLK): real body now lives in aTester_Rear.cpp	bool BTestCombineSLK(bool /*bReset*/)       { return true;  }		sim+ship	PASS			n/a	(compiles: -fsyntax-only)	HELD（Index 臂：等使用者在 BCB6 寫 9050 的 Index 流程（RULINGS_20260929 第 8 條））；探針：已退役的替身／參考副本（真本體在別處）：不要解（會重複定義），可整段清掉		
HELD	atester_shims.cpp	282	284	1		Index 臂：等使用者在 BCB6 寫 9050 的 Index 流程（RULINGS_20260929 第 8 條）	PT-W7b RETIRED (BTestSeparateSLK): real body now lives in aTester_Rear.cpp	bool BTestSeparateSLK(bool /*bReset*/)      { return true;  }		sim+ship	PASS			n/a	(compiles: -fsyntax-only)	HELD（Index 臂：等使用者在 BCB6 寫 9050 的 Index 流程（RULINGS_20260929 第 8 條））；探針：已退役的替身／參考副本（真本體在別處）：不要解（會重複定義），可整段清掉		
HELD	atester_shims.cpp	285	287	1		Index 臂：等使用者在 BCB6 寫 9050 的 Index 流程（RULINGS_20260929 第 8 條）	PT-W7b RETIRED (DoBRTCAutoModelVerify): real body now lives in aTester_Rear.cpp	bool DoBRTCAutoModelVerify(bool /*bInitial*/){ return true; }		sim+ship	PASS			n/a	(compiles: -fsyntax-only)	HELD（Index 臂：等使用者在 BCB6 寫 9050 的 Index 流程（RULINGS_20260929 第 8 條））；探針：已退役的替身／參考副本（真本體在別處）：不要解（會重複定義），可整段清掉		
HELD	atester_shims.cpp	334	337	2		Index 臂：等使用者在 BCB6 寫 9050 的 Index 流程（RULINGS_20260929 第 8 條）	PT-W5c RETIRED (CheckHeaterOK)	bool CheckHeaterOK()                                  { return true; }  // offline: heater ready		sim+ship	PASS			n/a	(compiles: -fsyntax-only)	HELD（Index 臂：等使用者在 BCB6 寫 9050 的 Index 流程（RULINGS_20260929 第 8 條））；探針：已退役的替身／參考副本（真本體在別處）：不要解（會重複定義），可整段清掉		
HELD	atester_shims.cpp	338	341	2		Index 臂：等使用者在 BCB6 寫 9050 的 Index 流程（RULINGS_20260929 第 8 條）	PT-W7a RETIRED (IsNNMode)	int  IsNNMode()                                       { return 0; }     // offline: not NN mode		sim+ship	PASS			n/a	(compiles: -fsyntax-only)	HELD（Index 臂：等使用者在 BCB6 寫 9050 的 Index 流程（RULINGS_20260929 第 8 條））；探針：已退役的替身／參考副本（真本體在別處）：不要解（會重複定義），可整段清掉		
LOW	bthermo.cpp	486	489	2	TODO(W7-UI G01)		TODO(W7-UI G01): golden :269-270	if(IndexStatus==Z1Up_Z2Down ||			FAIL			yes	bthermo.cpp:488:50: error: 'CONTACT_NORMAL' was not declared in this scope  (補 include atester_shims.h 之後)	仍缺：未宣告 CONTACT_NORMAL	UI-STATE	
HIGH	bthermo.cpp	577	582	4	TODO(W7-UI G02)		TODO(W7-UI G02): golden :343-346	if(CUSTOMER_CODE==CC_Greatek && IniConfig.bN14_18_EnableTempOffset)         //Sam 20200806 : 溫度 By Servo			FAIL			yes	bthermo.cpp:580:37: error: 'class TfProductionInfo' has no member named 'dTempTajOfs'  (補 include forms/fProductionInfo.h 之後)	仍缺：TfProductionInfo 沒有成員 dTempTajOfs	HIGH-KW	
LOW	bthermo.cpp	874	877	2	TODO(W7-UI G01)		TODO(W7-UI G01): golden :629-630	if(IndexStatus==Z1Up_Z2Down ||			FAIL			yes	bthermo.cpp:876:50: error: 'CONTACT_NORMAL' was not declared in this scope  (補 include atester_shims.h 之後)	仍缺：未宣告 CONTACT_NORMAL	UI-STATE	
LOW	bthermo.cpp	1324	1329	4	TODO(W5 G15)		TODO(W5 G15): golden :1045-1048	if(COM2->ATCInitital())			FAIL			yes	bthermo.cpp:1325:22: error: 'class TCOM2Shim' has no member named 'ATCInitital'  (補 include atester_shims.h 之後)	仍缺：TCOM2Shim 沒有成員 ATCInitital		
LOW	bthermo.cpp	2712	2728	15	TODO(W7 G19a)		TODO(W7 G19a): golden :2318-2332	if(FormHS->CheckTempOffset(Addr, Temp))                         //設定溫度大於機台能力  //Ifor 20180809 (Steven) : add Check the temperature Offset limit Hisi_V02.20			FAIL			yes	bthermo.cpp:2713:28: error: 'struct W5SckArtRem_FormHSStub' has no member named 'CheckTempOffset'  (補 include Automation/SCK_ART_Remainder.h 之後)	仍缺：W5SckArtRem_FormHSStub 沒有成員 CheckTempOffset		
LOW	bthermo.cpp	2805	2808	2	TODO(W5 G16)		TODO(W5 G16): golden :2375-2376	if(bUT150Install[Addr]==true && bATCInitialFinish==true)			FAIL			yes	bthermo.cpp:2807:31: error: 'class TCOM2Shim' has no member named 'ATCFuntion_Read'  (補 include atester_shims.h 之後)	仍缺：TCOM2Shim 沒有成員 ATCFuntion_Read		
LOW	bthermo.cpp	3514	3516	1	TODO(W5 G18)		TODO(W5 G18): golden :2969	COM2->ATCInitialTask();			FAIL			yes	bthermo.cpp:3515:27: error: 'class TCOM2Shim' has no member named 'ATCInitialTask'  (補 include atester_shims.h 之後)	仍缺：TCOM2Shim 沒有成員 ATCInitialTask		
LOW	bthermo.cpp	3851	3929	77	TODO(W7-UI G25)		TODO(W7-UI G25): golden :3243-3319	static int count=0;			FAIL			yes	MyOmronPanel.h:179:14: error: redefinition of 'const TColor clGray'  (補 include ATC/ATCInterface.h 之後)	仍缺：MyOmronPanel.h:179:14: error: redefinition of 'const TColor clGray'  (補 include ATC/ATCInterface.h 之後)		
LOW	bthermo.cpp	4004	4009	4	TODO(W7-UI G26a)		TODO(W7-UI G26a): golden :3375-3378	if(fOmron->bShow)                                                   //jou 980318 add from HT9080A			FAIL			yes	bthermo.cpp:4005:16: error: 'fOmron' was not declared in this scope	仍缺：未宣告 fOmron		
LOW	bthermo.cpp	4025	4041	15	TODO(W7 G19b)		TODO(W7 G19b): golden :3387-3401	if(FormHS->CheckTempOffset(Addr, Temp[Addr]))                           //設定溫度大於機台能力			FAIL			yes	bthermo.cpp:4026:20: error: 'struct W5SckArtRem_FormHSStub' has no member named 'CheckTempOffset'  (補 include Automation/SCK_ART_Remainder.h 之後)	仍缺：W5SckArtRem_FormHSStub 沒有成員 CheckTempOffset		
LOW	bthermo.cpp	4057	4438	380	TODO(W7-UI G26b)		TODO(W7-UI G26b): golden :3404-3783	if(USE_16_HEATER==eht16HeaterEJ1N || USE_16_HEATER==eht32HeaterEJ1N)        //Steven 20140923 : Index使用EJ1N版32組加熱器			FAIL			yes	bthermo.cpp:4060:9: error: 'fOmron' was not declared in this scope	仍缺：未宣告 fOmron	ONCLICK	
LOW	bthermo.cpp	4655	4756	100	TODO(W7-UI G28a)		TODO(W7-UI G28a): golden :3981-4080	if(ATC_SYSTEM==eNewATCSystem)			FAIL			yes	bthermo.cpp:4658:39: error: 'class TATC_InterfaceFormShim' has no member named 'IsConnect'  (補 include acarry_shims.h 之後)	仍缺：TATC_InterfaceFormShim 沒有成員 IsConnect		
LOW	bthermo.cpp	4765	4784	18	TODO(W7-UI G28b)		TODO(W7-UI G28b): golden :4086-4103	if(ATC_SYSTEM==eNewATCSystem)                                       //Steven 20241112 : 變更ATC Mapping方式			FAIL			yes	bthermo.cpp:4768:39: error: 'class TATC_InterfaceFormShim' has no member named 'IsConnect'  (補 include acarry_shims.h 之後)	仍缺：TATC_InterfaceFormShim 沒有成員 IsConnect		
LOW	bthermo.cpp	4790	4874	83	TODO(W7-UI G28c)		TODO(W7-UI G28c): golden :4106-4188	if(ATC_SYSTEM==eNewATCSystem)                                       //Ztex 2023.04.19 Add HT-1032 TriTemp Function			FAIL			yes	bthermo.cpp:4793:39: error: 'class TATC_InterfaceFormShim' has no member named 'IsConnect'  (補 include acarry_shims.h 之後)	仍缺：TATC_InterfaceFormShim 沒有成員 IsConnect		
LOW	bthermo.cpp	5453	5469	15	TODO(W7 G19c)		TODO(W7 G19c): golden :4750-4764	if(FormHS->CheckTempOffset(Addr, Temp[Addr]))                           //設定溫度大於機台能力			FAIL			yes	bthermo.cpp:5454:20: error: 'struct W5SckArtRem_FormHSStub' has no member named 'CheckTempOffset'  (補 include Automation/SCK_ART_Remainder.h 之後)	仍缺：W5SckArtRem_FormHSStub 沒有成員 CheckTempOffset		
LOW	cAuthority.cpp	562	629	66			GOLDEN VERBATIM -- golden cAuthority.cpp:438-503.  INERT reference text; the live ChangeCompomentEnabled follows the #endif.	void __fastcall ChangeCompomentEnabled(TWinControl *PCtrl, bool bEnable, bool bMustEnable)			FAIL			yes	cAuthority.cpp:563:17: error: ambiguating new declaration of 'void ChangeCompomentEnabled(TWinControl*, bool, bool)'	仍缺：cAuthority.cpp:563:17: error: ambiguating new declaration of 'void ChangeCompomentEnabled(TWinControl*, bool, bool)'		
LOW	cBinSel.cpp	1554	1558	3				WriteIniData(szDir, "I/F Error", "Bin", BinSelect[tag].IfErrorT3+1);		sim+ship	PASS	LINK-OK	SHIP-OK	likely-no	(compiles: -fsyntax-only)	會寫檔：先確認裁示允許寫這個檔；候選：照 golden 解開（先看風險標記）	WRITES-FILE	
LOW	cBinSel.cpp	2733	2760	26			already populated above (no further state derives from them anywhere in this wave's ACTIVE call graph) -- gated as a block rather than fabricating 22 facade members with no reader.	MyBinPanel[tag]->edBinSetT3Pos->Text                =sBinTraySetT3Pos[tag]->CommaText;			FAIL			yes	cBinSel.cpp:2734:26: error: 'struct TMyBinPanelData' has no member named 'edBinSetT3Pos'	仍缺：TMyBinPanelData 沒有成員 edBinSetT3Pos		
LOW	cBinSel.cpp	3236	3267	30			---------------------------------------------------------------------------	if(IniConfig.bFTBin2RTBin && IniConfig.bA02BinModelPrime)                   //ChungHung 20120912 add Bin Setting like Epson			FAIL			yes	cBinSel.cpp:3239:9: error: 'spbNormal' was not declared in this scope	仍缺：未宣告 spbNormal		
LOW	cBinSel.cpp	3484	3512	27	GATE (G7)		GATE (G7): edBinSetT6Error absent, no sXxx[tag] tail consumer either (see banner above) -- pure widget display text.	Str.sprintf("%d", MyBinPanel[tag]->iErrorT6);			FAIL			yes	cBinSel.cpp:3487:22: error: 'struct TMyBinPanelData' has no member named 'edBinSetT6Error'	仍缺：TMyBinPanelData 沒有成員 edBinSetT6Error		
LOW	cBinSel.cpp	3525	3528	2				MyBinPanel[tag]->edBinSetT6Link->Text=sList->CommaText;			FAIL			yes	cBinSel.cpp:3527:22: error: 'struct TMyBinPanelData' has no member named 'edBinSetT6Link'	仍缺：TMyBinPanelData 沒有成員 edBinSetT6Link		
LOW	cBinSel.cpp	3546	3549	2				MyBinPanel[tag]->edBinSetT3Pos->Text=sList->CommaText;			FAIL			yes	cBinSel.cpp:3548:22: error: 'struct TMyBinPanelData' has no member named 'edBinSetT3Pos'	仍缺：TMyBinPanelData 沒有成員 edBinSetT3Pos		
LOW	cBinSel.cpp	3553	3598	44	GATE (G10)		part 2 (:4206-4249) GATE (G10): pure mtBinSelect grid-cell colouring, no ed*, no other consumer.	for(int i=0; i<iTestBinCount; i++)                                          //Steven 20251104 : iBinCount --> iTestBinCount			FAIL			yes	cBinSel.cpp:3558:13: error: 'iT6' was not declared in this scope	仍缺：未宣告 iT6		
LOW	cBinSel.cpp	3603	3613	9	GATE (G7)		GATE (G7)+(G10): Scan block (golden :4251-4259) -- unconditionally "0" for every bin, edBinSettingEnableScan has NO sXxx[tag] tail consumer -- pure dead-end widget churn, nothing to elide TO.	sList->Clear();			FAIL			yes	cBinSel.cpp:3609:26: error: 'struct TMyBinPanelData' has no member named 'mtBinSelect'	仍缺：TMyBinPanelData 沒有成員 mtBinSelect		
LOW	cBinSel.cpp	3621	3632	10				if(Prod.bD22SupportMultiDoubleContact)			FAIL			yes	cBinSel.cpp:3624:30: error: 'struct TMyBinPanelData' has no member named 'mtBinSelect'	仍缺：TMyBinPanelData 沒有成員 mtBinSelect		
LOW	cBinSel.cpp	3642	3645	2				MyBinPanel[tag]->mtBinSelect->SetCellNumber     (i, eConsFail, (MyBinPanel[tag]->bConFail[i])?"V":"");			FAIL			yes	cBinSel.cpp:3643:26: error: 'struct TMyBinPanelData' has no member named 'mtBinSelect'	仍缺：TMyBinPanelData 沒有成員 mtBinSelect		
LOW	cBinSel.cpp	3654	3664	9	GATE (G10)		(golden :4688-4690). GATE (G10) mtBinSelect writes, both branches.	for(int i=0; i<iTestBinCount; i++)                                      //Steven 20251104 : iBinCount --> iTestBinCount			FAIL			yes	cBinSel.cpp:3657:30: error: 'struct TMyBinPanelData' has no member named 'mtBinSelect'	仍缺：TMyBinPanelData 沒有成員 mtBinSelect		
LOW	cBinSel.cpp	3676	3679	2				MyBinPanel[tag]->mtBinSelect->SetCellNumber     (i, ePersentEnable, (MyBinPanel[tag]->bPersentEnable[i])?"V":"");			FAIL			yes	cBinSel.cpp:3677:30: error: 'struct TMyBinPanelData' has no member named 'mtBinSelect'	仍缺：TMyBinPanelData 沒有成員 mtBinSelect		
LOW	cBinSel.cpp	3688	3699	10				if(MyBinPanel[tag]->bPersentEnable[i])			FAIL			yes	cBinSel.cpp:3691:34: error: 'struct TMyBinPanelData' has no member named 'mtBinSelect'	仍缺：TMyBinPanelData 沒有成員 mtBinSelect		
LOW	cBinSel.cpp	3708	3719	10				if(MyBinPanel[tag]->bPersentEnable[i])			FAIL			yes	cBinSel.cpp:3711:34: error: 'struct TMyBinPanelData' has no member named 'mtBinSelect'	仍缺：TMyBinPanelData 沒有成員 mtBinSelect		
LOW	cBinSel.cpp	3729	3732	2				MyBinPanel[tag]->mtBinSelect->SetCellNumber     (i, eCountEnable, (MyBinPanel[tag]->bCountEnable[i])?"V":"");			FAIL			yes	cBinSel.cpp:3730:26: error: 'struct TMyBinPanelData' has no member named 'mtBinSelect'	仍缺：TMyBinPanelData 沒有成員 mtBinSelect		
LOW	cBinSel.cpp	3741	3752	10				if(MyBinPanel[tag]->bCountEnable[i])			FAIL			yes	cBinSel.cpp:3744:30: error: 'struct TMyBinPanelData' has no member named 'mtBinSelect'	仍缺：TMyBinPanelData 沒有成員 mtBinSelect		
LOW	cBinSel.cpp	3761	3772	10				if(MyBinPanel[tag]->bCountEnable[i])			FAIL			yes	cBinSel.cpp:3764:30: error: 'struct TMyBinPanelData' has no member named 'mtBinSelect'	仍缺：TMyBinPanelData 沒有成員 mtBinSelect		
LOW	cBinSel.cpp	3792	3795	2				MyBinPanel[tag]->mtBinSelect->SetCellNumber     (i, eSpecialBinByArm, (MyBinPanel[tag]->bSpecialBinByArm[i])?"V":"");			FAIL			yes	cBinSel.cpp:3793:26: error: 'struct TMyBinPanelData' has no member named 'mtBinSelect'	仍缺：TMyBinPanelData 沒有成員 mtBinSelect		
LOW	cBinSel.cpp	3804	3815	10				if(MyBinPanel[tag]->bSpecialBinByArm[i])			FAIL			yes	cBinSel.cpp:3807:30: error: 'struct TMyBinPanelData' has no member named 'mtBinSelect'	仍缺：TMyBinPanelData 沒有成員 mtBinSelect		
LOW	cBinSel.cpp	3835	3838	2				MyBinPanel[tag]->mtBinSelect->SetCellNumber     (i, eSpecialBinBySocket, (MyBinPanel[tag]->bSpecialBinBySocket[i])?"V":"");			FAIL			yes	cBinSel.cpp:3836:26: error: 'struct TMyBinPanelData' has no member named 'mtBinSelect'	仍缺：TMyBinPanelData 沒有成員 mtBinSelect		
LOW	cBinSel.cpp	3847	3858	10				if(MyBinPanel[tag]->bSpecialBinBySocket[i])			FAIL			yes	cBinSel.cpp:3850:30: error: 'struct TMyBinPanelData' has no member named 'mtBinSelect'	仍缺：TMyBinPanelData 沒有成員 mtBinSelect		
LOW	cBinSel.cpp	3871	3874	2				MyBinPanel[tag]->mtBinSelect->SetCellNumber     (i, eLowYield, (MyBinPanel[tag]->bLowYield[i])?"V":"");			FAIL			yes	cBinSel.cpp:3872:30: error: 'struct TMyBinPanelData' has no member named 'mtBinSelect'	仍缺：TMyBinPanelData 沒有成員 mtBinSelect		
LOW	cBinSel.cpp	3879	3882	2				MyBinPanel[tag]->mtBinSelect->SetCellNumber     (i, eLowYield, "");			FAIL			yes	cBinSel.cpp:3880:30: error: 'struct TMyBinPanelData' has no member named 'mtBinSelect'	仍缺：TMyBinPanelData 沒有成員 mtBinSelect		
LOW	cBinSel.cpp	3899	3902	2				MyBinPanel[tag]->mtBinSelect->SetCellNumber     (i, eAutoCleanByBin, (MyBinPanel[tag]->iAutoCleanByBin[i]!=0)?AnsiString(MyBinPanel[tag]->iAutoCleanByBin[i]).c_str():"");    //Steven 20160308 : By Bin			FAIL			yes	cBinSel.cpp:3900:30: error: 'struct TMyBinPanelData' has no member named 'mtBinSelect'	仍缺：TMyBinPanelData 沒有成員 mtBinSelect		
LOW	cBinSel.cpp	3910	3913	2				MyBinPanel[tag]->mtBinSelect->SetCellNumber     (i, eAutoCleanBySite, (MyBinPanel[tag]->iAutoCleanBySite[i]!=0)?AnsiString(MyBinPanel[tag]->iAutoCleanBySite[i]).c_str():""); //Steven 20160308 : By Bin			FAIL			yes	cBinSel.cpp:3911:30: error: 'struct TMyBinPanelData' has no member named 'mtBinSelect'	仍缺：TMyBinPanelData 沒有成員 mtBinSelect		
LOW	cBinSel.cpp	3917	3928	10				else			FAIL			yes	cBinSel.cpp:3922:30: error: 'struct TMyBinPanelData' has no member named 'mtBinSelect'	仍缺：TMyBinPanelData 沒有成員 mtBinSelect		
LOW	cBinSel.cpp	3938	3941	2				MyBinPanel[tag]->mtBinSelect->SetCellNumber     (i, eArmYield, (MyBinPanel[tag]->bArmYield[i])?"V":"");			FAIL			yes	cBinSel.cpp:3939:30: error: 'struct TMyBinPanelData' has no member named 'mtBinSelect'	仍缺：TMyBinPanelData 沒有成員 mtBinSelect		
LOW	cBinSel.cpp	3946	3949	2				MyBinPanel[tag]->mtBinSelect->SetCellNumber     (i, eArmYield, "");			FAIL			yes	cBinSel.cpp:3947:30: error: 'struct TMyBinPanelData' has no member named 'mtBinSelect'	仍缺：TMyBinPanelData 沒有成員 mtBinSelect		
LOW	cBinSel.cpp	3961	3964	2				MyBinPanel[tag]->mtBinSelect->SetCellNumber     (i, eSiteYield, (MyBinPanel[tag]->bSiteYield[i])?"V":"");			FAIL			yes	cBinSel.cpp:3962:30: error: 'struct TMyBinPanelData' has no member named 'mtBinSelect'	仍缺：TMyBinPanelData 沒有成員 mtBinSelect		
LOW	cBinSel.cpp	3969	3972	2				MyBinPanel[tag]->mtBinSelect->SetCellNumber     (i, eSiteYield, "");			FAIL			yes	cBinSel.cpp:3970:30: error: 'struct TMyBinPanelData' has no member named 'mtBinSelect'	仍缺：TMyBinPanelData 沒有成員 mtBinSelect		
LOW	cBinSel.cpp	3983	3999	15				for(int i=0; i<iTestBinCount; i++)			FAIL			yes	cBinSel.cpp:3986:30: error: 'struct TMyBinPanelData' has no member named 'mtBinSelect'	仍缺：TMyBinPanelData 沒有成員 mtBinSelect		
LOW	cBinSel.cpp	4013	4016	2				MyBinPanel[tag]->mtBinSelect->SetCellNumber     (i, eSpecBinBySiteCompareEnable, (MyBinPanel[tag]->bSpecBinBySiteCompareEnable[i])?"V":"");			FAIL			yes	cBinSel.cpp:4014:30: error: 'struct TMyBinPanelData' has no member named 'mtBinSelect'	仍缺：TMyBinPanelData 沒有成員 mtBinSelect		
LOW	cBinSel.cpp	4025	4036	10				if(MyBinPanel[tag]->bSpecBinBySiteCompareEnable[i])			FAIL			yes	cBinSel.cpp:4028:34: error: 'struct TMyBinPanelData' has no member named 'mtBinSelect'	仍缺：TMyBinPanelData 沒有成員 mtBinSelect		
LOW	cBinSel.cpp	4044	4055	10				if(MyBinPanel[tag]->bSpecBinBySiteCompareEnable[i])			FAIL			yes	cBinSel.cpp:4047:34: error: 'struct TMyBinPanelData' has no member named 'mtBinSelect'	仍缺：TMyBinPanelData 沒有成員 mtBinSelect		
LOW	cBinSel.cpp	4064	4067	2				MyBinPanel[tag]->mtBinSelect->SetCellNumber     (i, eSpecBinByArmPerSiteCompareEnable, (MyBinPanel[tag]->bSpecBinByArmPerSiteCompareEnable[i])?"V":"");			FAIL			yes	cBinSel.cpp:4065:30: error: 'struct TMyBinPanelData' has no member named 'mtBinSelect'	仍缺：TMyBinPanelData 沒有成員 mtBinSelect		
LOW	cBinSel.cpp	4076	4087	10				if(MyBinPanel[tag]->bSpecBinByArmPerSiteCompareEnable[i])			FAIL			yes	cBinSel.cpp:4079:34: error: 'struct TMyBinPanelData' has no member named 'mtBinSelect'	仍缺：TMyBinPanelData 沒有成員 mtBinSelect		
LOW	cBinSel.cpp	4096	4107	10				if(MyBinPanel[tag]->bSpecBinByArmPerSiteCompareEnable[i])			FAIL			yes	cBinSel.cpp:4099:34: error: 'struct TMyBinPanelData' has no member named 'mtBinSelect'	仍缺：TMyBinPanelData 沒有成員 mtBinSelect		
LOW	cBinSel.cpp	4452	4459	6	GATE (W20-Parent)		GATE (W20-Parent) -- golden 原文保留	palSpecificBin->Parent=PageControl1;			FAIL			yes	cBinSel.cpp:4458:21: error: 'class vclcompat::TPanel' has no member named 'Parent'	仍缺：vclcompat::TPanel 沒有成員 Parent		
LOW	cCleanOut.cpp	315	321	5	GATE (W906-FLOW-4-LOWYIELD)		GATE (W906-FLOW-4-LOWYIELD)	if(CosFunction.bYieldAlmNeedOneCycle &&			FAIL			yes	cCleanOut.cpp:317:15: error: 'class TfMain' has no member named 'slLowYieldAlarm'	仍缺：TfMain 沒有成員 slLowYieldAlarm		
LOW	cConfiguration.cpp	1052	1058	5	GATE (CFG1-Font)		GATE (CFG1-Font) -- vclcompat::TLabel has no ->Font (grep + date above)	lblA60_1->Font->Color=clBlue;			FAIL			yes	cConfiguration.cpp:1053:19: error: 'class vclcompat::TLabel' has no member named 'Font'	仍缺：vclcompat::TLabel 沒有成員 Font		
LOW	cConfiguration.cpp	1764	1766	1	GATE (CFG2-COM2)		GATE (CFG2-COM2) -- COM2->bCCDDummyRum has no port (grep + date above)	|| (COM2!=NULL && COM2->bCCDDummyRum)		sim+ship	PASS-WITH-INCLUDE	LINK-OK	SHIP-OK	likely-no（缺 include）	cConfiguration.cpp:1765:17: error: 'COM2' was not declared in this scope	候選：補 include atester_shims.h 後照 golden 解開（先確認那個名字是真本體、不是 stub／shim）		
LOW	cConfiguration.cpp	4850	4853	2	GATE (CFG4-seed)		GATE (CFG4-seed) -- writes D:\HT9045\config\config.ini (see above)	if(!CheckKeyExist(sPath, "Specific", "I02_Enabled")) WriteIniData(sPath, "Specific", "I02_Enabled", IniConfig.bI02_Enable);		sim+ship	PASS	LINK-OK	SHIP-OK	likely-no	(compiles: -fsyntax-only)	會寫檔：先確認裁示允許寫這個檔；候選：照 golden 解開（先看風險標記）	WRITES-FILE	
LOW	cConfiguration.cpp	5052	5055	2	GATE (W5-CCE)		GATE (W5-CCE)	if(pcConfig->Pages[i]!=tsSearchFunction)	yes		NESTED			depends		在外層 #if 0 裡面（先看外層）		
LOW	cConfiguration.cpp	5032	5057	24	GATE (W5-Pages)		GATE (W5-Pages)	for(int i=0; i<pcConfig->PageCount; i++)                                    //Steven 20210810 : 快速搜尋Config加上權限控制			FAIL			yes	cConfiguration.cpp:5033:30: error: 'class TfConfigurationPageControl' has no member named 'PageCount'; did you mean 'TPageControl'?	仍缺：TfConfigurationPageControl 沒有成員 PageCount		
LOW	cConfiguration.cpp	5192	5200	7	GATE (W5-COM2)		GATE (W5-COM2)	if(REAL_TIME_CCD==true && !COM2->bCCDDummyRum)                              //Steven 20110907 : Real Time CCD - 燈光Start後不是On就是Off		sim+ship	PASS-WITH-INCLUDE	LINK-OK	SHIP-OK	likely-no（缺 include）	cConfiguration.cpp:5193:32: error: 'COM2' was not declared in this scope	候選：補 include atester_shims.h 後照 golden 解開（先確認那個名字是真本體、不是 stub／shim）		
LOW	cConfiguration.cpp	5335	5337	1	GATE (W5-Picture)		GATE (W5-Picture)	imgI37_3->Picture->LoadFromFile(Dir);			FAIL			yes	cConfiguration.cpp:5336:23: error: 'class TfConfigurationImage' has no member named 'Picture'	仍缺：TfConfigurationImage 沒有成員 Picture		
LOW	cConfiguration.cpp	5351	5353	1	GATE (W5-Controls)		GATE (W5-Controls)	rgI22->Controls[1]->Enabled=false;			FAIL			yes	cConfiguration.cpp:5352:16: error: 'class vclcompat::TRadioGroup' has no member named 'Controls'; did you mean 'TControl'?	仍缺：vclcompat::TRadioGroup 沒有成員 Controls		
LOW	cConfiguration.cpp	5357	5359	1	GATE (W5-Controls)		GATE (W5-Controls)	rgI22->Controls[2]->Enabled=false;			FAIL			yes	cConfiguration.cpp:5358:16: error: 'class vclcompat::TRadioGroup' has no member named 'Controls'; did you mean 'TControl'?	仍缺：vclcompat::TRadioGroup 沒有成員 Controls		
LOW	cConfiguration.cpp	5424	5442	17	GATE (W5-ATCVer)		GATE (W5-ATCVer)	if(ATC_SYSTEM==eNewATCSystem &&			FAIL			yes	HTEditList.h:128:7: error: redefinition of 'class TList'  (補 include acarry_shims.h 之後)	仍缺：HTEditList.h:128:7: error: redefinition of 'class TList'  (補 include acarry_shims.h 之後)		
LOW	cConfiguration.cpp	5716	5718	1	GATE (W5-FormHS)		GATE (W5-FormHS)	lblUploadRealPath->Caption=FormHS->GetUploadServerByFTPPath("EventLog", true);			FAIL			yes	cConfiguration.cpp:5717:40: error: 'struct W5SckArtRem_FormHSStub' has no member named 'GetUploadServerByFTPPath'; did you mean 'UpDataToServerByFTP'?  (補 include Automation/SCK_ART_Remainder.h 之後)	仍缺：W5SckArtRem_FormHSStub 沒有成員 GetUploadServerByFTPPath		
LOW	cConfiguration.cpp	5753	5755	1	GATE (W5-WriteContact)		GATE (W5-WriteContact)	WriteContactData();                                                         //kevin 20170329 (Steven) 將CONTRACT 資料寫到INI 給 客戶檢查			FAIL			yes	cConfiguration.cpp:5754:22: error: 'WriteContactData' was not declared in this scope	仍缺：未宣告 WriteContactData		
LOW	cConfiguration.cpp	5782	5785	2	GATE (W5-Geometry)		GATE (W5-Geometry)	Left=75;                                                                    //Steven 20091103			FAIL			yes	cConfiguration.cpp:5783:5: error: 'Left' was not declared in this scope	仍缺：未宣告 Left		
LOW	cConfiguration.cpp	5804	5806	1	GATE (W5-ShowMemo)		GATE (W5-ShowMemo)	ShowMemo();                                                                 //Steven 20120218 : 這行得在所有的Visible完成後才能執行			FAIL			yes	cConfiguration.cpp:5805:14: error: 'ShowMemo' was not declared in this scope	仍缺：未宣告 ShowMemo		
LOW	cConfiguration.cpp	5808	5810	1	GATE (W5-CCE)		GATE (W5-CCE)	ChangeCompomentEnabled(pal_A1, (AccessLevel<LevelSet.AccessLevel[30] || AccessLevel<LevelSet.AccessLevel[67])?false:true);  //JerryYang 20190928 為了讓[A30] Setup function不被鎖住			FAIL			yes	cConfiguration.cpp:5809:125: error: cannot convert 'vclcompat::TPanel*' to 'TWinControl*' for argument '1' to 'void ChangeCompomentEnabled(TWinControl*, bool, bool)'	仍缺：cConfiguration.cpp:5809:125: error: cannot convert 'vclcompat::TPanel*' to 'TWinControl*' for argument '1' to 'void Chan		
LOW	cConfiguration.cpp	5811	5813	1	GATE (W5-CCE)		GATE (W5-CCE)	ChangeCompomentEnabled(pal_A2, (AccessLevel<LevelSet.AccessLevel[30] || AccessLevel<LevelSet.AccessLevel[67])?false:true);			FAIL			yes	cConfiguration.cpp:5812:125: error: cannot convert 'vclcompat::TPanel*' to 'TWinControl*' for argument '1' to 'void ChangeCompomentEnabled(TWinControl*, bool, bool)'	仍缺：cConfiguration.cpp:5812:125: error: cannot convert 'vclcompat::TPanel*' to 'TWinControl*' for argument '1' to 'void Chan		
LOW	cConfiguration.cpp	5814	5816	1	GATE (W5-CCE)		GATE (W5-CCE)	ChangeCompomentEnabled(pal_A3, (AccessLevel<LevelSet.AccessLevel[30] || AccessLevel<LevelSet.AccessLevel[67])?false:true);			FAIL			yes	cConfiguration.cpp:5815:125: error: cannot convert 'vclcompat::TPanel*' to 'TWinControl*' for argument '1' to 'void ChangeCompomentEnabled(TWinControl*, bool, bool)'	仍缺：cConfiguration.cpp:5815:125: error: cannot convert 'vclcompat::TPanel*' to 'TWinControl*' for argument '1' to 'void Chan		
LOW	cConfiguration.cpp	5817	5819	1	GATE (W5-CCE)		GATE (W5-CCE)	ChangeCompomentEnabled(pal_A4, (AccessLevel<LevelSet.AccessLevel[30] || AccessLevel<LevelSet.AccessLevel[67])?false:true);			FAIL			yes	cConfiguration.cpp:5818:125: error: cannot convert 'vclcompat::TPanel*' to 'TWinControl*' for argument '1' to 'void ChangeCompomentEnabled(TWinControl*, bool, bool)'	仍缺：cConfiguration.cpp:5818:125: error: cannot convert 'vclcompat::TPanel*' to 'TWinControl*' for argument '1' to 'void Chan		
LOW	cConfiguration.cpp	5820	5822	1	GATE (W5-CCE)		GATE (W5-CCE)	ChangeCompomentEnabled(pal_C1, (AccessLevel<LevelSet.AccessLevel[30] || AccessLevel<LevelSet.AccessLevel[68])?false:true);			FAIL			yes	cConfiguration.cpp:5821:125: error: cannot convert 'vclcompat::TPanel*' to 'TWinControl*' for argument '1' to 'void ChangeCompomentEnabled(TWinControl*, bool, bool)'	仍缺：cConfiguration.cpp:5821:125: error: cannot convert 'vclcompat::TPanel*' to 'TWinControl*' for argument '1' to 'void Chan		
LOW	cConfiguration.cpp	5823	5825	1	GATE (W5-CCE)		GATE (W5-CCE)	ChangeCompomentEnabled(pal_C2, (AccessLevel<LevelSet.AccessLevel[30] || AccessLevel<LevelSet.AccessLevel[68])?false:true);			FAIL			yes	cConfiguration.cpp:5824:125: error: cannot convert 'vclcompat::TPanel*' to 'TWinControl*' for argument '1' to 'void ChangeCompomentEnabled(TWinControl*, bool, bool)'	仍缺：cConfiguration.cpp:5824:125: error: cannot convert 'vclcompat::TPanel*' to 'TWinControl*' for argument '1' to 'void Chan		
LOW	cConfiguration.cpp	5826	5828	1	GATE (W5-CCE)		GATE (W5-CCE)	ChangeCompomentEnabled(pal_D3, (AccessLevel<LevelSet.AccessLevel[30] || AccessLevel<LevelSet.AccessLevel[69])?false:true);			FAIL			yes	cConfiguration.cpp:5827:125: error: cannot convert 'vclcompat::TPanel*' to 'TWinControl*' for argument '1' to 'void ChangeCompomentEnabled(TWinControl*, bool, bool)'	仍缺：cConfiguration.cpp:5827:125: error: cannot convert 'vclcompat::TPanel*' to 'TWinControl*' for argument '1' to 'void Chan		
LOW	cConfiguration.cpp	5829	5831	1	GATE (W5-CCE)		GATE (W5-CCE)	ChangeCompomentEnabled(pal_D4, (AccessLevel<LevelSet.AccessLevel[30] || AccessLevel<LevelSet.AccessLevel[69])?false:true);			FAIL			yes	cConfiguration.cpp:5830:125: error: cannot convert 'vclcompat::TPanel*' to 'TWinControl*' for argument '1' to 'void ChangeCompomentEnabled(TWinControl*, bool, bool)'	仍缺：cConfiguration.cpp:5830:125: error: cannot convert 'vclcompat::TPanel*' to 'TWinControl*' for argument '1' to 'void Chan		
LOW	cConfiguration.cpp	5832	5834	1	GATE (W5-CCE)		GATE (W5-CCE)	ChangeCompomentEnabled(pal_D5, (AccessLevel<LevelSet.AccessLevel[30] || AccessLevel<LevelSet.AccessLevel[69])?false:true);			FAIL			yes	cConfiguration.cpp:5833:125: error: cannot convert 'vclcompat::TPanel*' to 'TWinControl*' for argument '1' to 'void ChangeCompomentEnabled(TWinControl*, bool, bool)'	仍缺：cConfiguration.cpp:5833:125: error: cannot convert 'vclcompat::TPanel*' to 'TWinControl*' for argument '1' to 'void Chan		
LOW	cConfiguration.cpp	5835	5837	1	GATE (W5-CCE)		GATE (W5-CCE)	ChangeCompomentEnabled(pal_D6, (AccessLevel<LevelSet.AccessLevel[30] || AccessLevel<LevelSet.AccessLevel[69])?false:true);			FAIL			yes	cConfiguration.cpp:5836:125: error: cannot convert 'vclcompat::TPanel*' to 'TWinControl*' for argument '1' to 'void ChangeCompomentEnabled(TWinControl*, bool, bool)'	仍缺：cConfiguration.cpp:5836:125: error: cannot convert 'vclcompat::TPanel*' to 'TWinControl*' for argument '1' to 'void Chan		
LOW	cConfiguration.cpp	5838	5840	1	GATE (W5-CCE)		GATE (W5-CCE)	ChangeCompomentEnabled(pal_D7, (AccessLevel<LevelSet.AccessLevel[30] || AccessLevel<LevelSet.AccessLevel[69])?false:true);			FAIL			yes	cConfiguration.cpp:5839:125: error: cannot convert 'vclcompat::TPanel*' to 'TWinControl*' for argument '1' to 'void ChangeCompomentEnabled(TWinControl*, bool, bool)'	仍缺：cConfiguration.cpp:5839:125: error: cannot convert 'vclcompat::TPanel*' to 'TWinControl*' for argument '1' to 'void Chan		
LOW	cConfiguration.cpp	5841	5843	1	GATE (W5-CCE)		GATE (W5-CCE)	ChangeCompomentEnabled(pal_D8, (AccessLevel<LevelSet.AccessLevel[30] || AccessLevel<LevelSet.AccessLevel[69])?false:true);			FAIL			yes	cConfiguration.cpp:5842:125: error: cannot convert 'vclcompat::TPanel*' to 'TWinControl*' for argument '1' to 'void ChangeCompomentEnabled(TWinControl*, bool, bool)'	仍缺：cConfiguration.cpp:5842:125: error: cannot convert 'vclcompat::TPanel*' to 'TWinControl*' for argument '1' to 'void Chan		
LOW	cConfiguration.cpp	5844	5846	1	GATE (W5-CCE)		GATE (W5-CCE)	ChangeCompomentEnabled(pgcScale, (AccessLevel<LevelSet.AccessLevel[30] || AccessLevel<LevelSet.AccessLevel[70] || authConf[3]==false)?false:true);			FAIL			yes	cConfiguration.cpp:5845:149: error: cannot convert 'TfConfigurationPageControl*' to 'TWinControl*' for argument '1' to 'void ChangeCompomentEnabled(TWinControl*, bool, bool)'	仍缺：cConfiguration.cpp:5845:149: error: cannot convert 'TfConfigurationPageControl*' to 'TWinControl*' for argument '1' to '		
LOW	cConfiguration.cpp	5847	5849	1	GATE (W5-CCE)		GATE (W5-CCE)	ChangeCompomentEnabled(pal_E2, (AccessLevel<LevelSet.AccessLevel[30] || AccessLevel<LevelSet.AccessLevel[70] || authConf[11]==false)?false:true);			FAIL			yes	cConfiguration.cpp:5848:148: error: cannot convert 'vclcompat::TPanel*' to 'TWinControl*' for argument '1' to 'void ChangeCompomentEnabled(TWinControl*, bool, bool)'	仍缺：cConfiguration.cpp:5848:148: error: cannot convert 'vclcompat::TPanel*' to 'TWinControl*' for argument '1' to 'void Chan		
LOW	cConfiguration.cpp	5850	5852	1	GATE (W5-CCE)		GATE (W5-CCE)	ChangeCompomentEnabled(pal_E5, (AccessLevel<LevelSet.AccessLevel[30] || AccessLevel<LevelSet.AccessLevel[70] || authConf[11]==false)?false:true);			FAIL			yes	cConfiguration.cpp:5851:148: error: cannot convert 'vclcompat::TPanel*' to 'TWinControl*' for argument '1' to 'void ChangeCompomentEnabled(TWinControl*, bool, bool)'	仍缺：cConfiguration.cpp:5851:148: error: cannot convert 'vclcompat::TPanel*' to 'TWinControl*' for argument '1' to 'void Chan		
LOW	cConfiguration.cpp	5853	5855	1	GATE (W5-CCE)		GATE (W5-CCE)	ChangeCompomentEnabled(pal_F00,(AccessLevel<LevelSet.AccessLevel[30] || AccessLevel<LevelSet.AccessLevel[71])?false:true);			FAIL			yes	cConfiguration.cpp:5854:125: error: cannot convert 'vclcompat::TPanel*' to 'TWinControl*' for argument '1' to 'void ChangeCompomentEnabled(TWinControl*, bool, bool)'	仍缺：cConfiguration.cpp:5854:125: error: cannot convert 'vclcompat::TPanel*' to 'TWinControl*' for argument '1' to 'void Chan		
LOW	cConfiguration.cpp	5856	5858	1	GATE (W5-CCE)		GATE (W5-CCE)	ChangeCompomentEnabled(pal_F10,(AccessLevel<LevelSet.AccessLevel[30] || AccessLevel<LevelSet.AccessLevel[71])?false:true);			FAIL			yes	cConfiguration.cpp:5857:125: error: cannot convert 'vclcompat::TPanel*' to 'TWinControl*' for argument '1' to 'void ChangeCompomentEnabled(TWinControl*, bool, bool)'	仍缺：cConfiguration.cpp:5857:125: error: cannot convert 'vclcompat::TPanel*' to 'TWinControl*' for argument '1' to 'void Chan		
LOW	cConfiguration.cpp	5859	5861	1	GATE (W5-CCE)		GATE (W5-CCE)	ChangeCompomentEnabled(pal_F20,(AccessLevel<LevelSet.AccessLevel[30] || AccessLevel<LevelSet.AccessLevel[71])?false:true);			FAIL			yes	cConfiguration.cpp:5860:125: error: cannot convert 'vclcompat::TPanel*' to 'TWinControl*' for argument '1' to 'void ChangeCompomentEnabled(TWinControl*, bool, bool)'	仍缺：cConfiguration.cpp:5860:125: error: cannot convert 'vclcompat::TPanel*' to 'TWinControl*' for argument '1' to 'void Chan		
LOW	cConfiguration.cpp	5862	5864	1	GATE (W5-CCE)		GATE (W5-CCE)	ChangeCompomentEnabled(pal_G,  (AccessLevel<LevelSet.AccessLevel[30] || AccessLevel<LevelSet.AccessLevel[72])?false:true);			FAIL			yes	cConfiguration.cpp:5863:125: error: cannot convert 'vclcompat::TPanel*' to 'TWinControl*' for argument '1' to 'void ChangeCompomentEnabled(TWinControl*, bool, bool)'	仍缺：cConfiguration.cpp:5863:125: error: cannot convert 'vclcompat::TPanel*' to 'TWinControl*' for argument '1' to 'void Chan		
LOW	cConfiguration.cpp	5865	5867	1	GATE (W5-CCE)		GATE (W5-CCE)	ChangeCompomentEnabled(pal_I01,(AccessLevel<LevelSet.AccessLevel[30] || AccessLevel<LevelSet.AccessLevel[73])?false:true);			FAIL			yes	cConfiguration.cpp:5866:125: error: cannot convert 'vclcompat::TPanel*' to 'TWinControl*' for argument '1' to 'void ChangeCompomentEnabled(TWinControl*, bool, bool)'	仍缺：cConfiguration.cpp:5866:125: error: cannot convert 'vclcompat::TPanel*' to 'TWinControl*' for argument '1' to 'void Chan		
LOW	cConfiguration.cpp	5868	5870	1	GATE (W5-CCE)		GATE (W5-CCE)	ChangeCompomentEnabled(pal_I20,(AccessLevel<LevelSet.AccessLevel[30] || AccessLevel<LevelSet.AccessLevel[73])?false:true);			FAIL			yes	cConfiguration.cpp:5869:125: error: cannot convert 'vclcompat::TPanel*' to 'TWinControl*' for argument '1' to 'void ChangeCompomentEnabled(TWinControl*, bool, bool)'	仍缺：cConfiguration.cpp:5869:125: error: cannot convert 'vclcompat::TPanel*' to 'TWinControl*' for argument '1' to 'void Chan		
LOW	cConfiguration.cpp	5871	5873	1	GATE (W5-CCE)		GATE (W5-CCE)	ChangeCompomentEnabled(pal_I30,(AccessLevel<LevelSet.AccessLevel[30] || AccessLevel<LevelSet.AccessLevel[73])?false:true);			FAIL			yes	cConfiguration.cpp:5872:125: error: cannot convert 'vclcompat::TPanel*' to 'TWinControl*' for argument '1' to 'void ChangeCompomentEnabled(TWinControl*, bool, bool)'	仍缺：cConfiguration.cpp:5872:125: error: cannot convert 'vclcompat::TPanel*' to 'TWinControl*' for argument '1' to 'void Chan		
LOW	cConfiguration.cpp	5874	5876	1	GATE (W5-CCE)		GATE (W5-CCE)	ChangeCompomentEnabled(pal_I40,(AccessLevel<LevelSet.AccessLevel[30] || AccessLevel<LevelSet.AccessLevel[73])?false:true);			FAIL			yes	cConfiguration.cpp:5875:125: error: cannot convert 'vclcompat::TPanel*' to 'TWinControl*' for argument '1' to 'void ChangeCompomentEnabled(TWinControl*, bool, bool)'	仍缺：cConfiguration.cpp:5875:125: error: cannot convert 'vclcompat::TPanel*' to 'TWinControl*' for argument '1' to 'void Chan		
LOW	cConfiguration.cpp	5877	5879	1	GATE (W5-CCE)		GATE (W5-CCE)	ChangeCompomentEnabled(pal_L1, (AccessLevel<LevelSet.AccessLevel[30] || AccessLevel<LevelSet.AccessLevel[74])?false:true);			FAIL			yes	cConfiguration.cpp:5878:125: error: cannot convert 'vclcompat::TPanel*' to 'TWinControl*' for argument '1' to 'void ChangeCompomentEnabled(TWinControl*, bool, bool)'	仍缺：cConfiguration.cpp:5878:125: error: cannot convert 'vclcompat::TPanel*' to 'TWinControl*' for argument '1' to 'void Chan		
LOW	cConfiguration.cpp	5880	5882	1	GATE (W5-CCE)		GATE (W5-CCE)	ChangeCompomentEnabled(pal_L2, (AccessLevel<LevelSet.AccessLevel[30] || AccessLevel<LevelSet.AccessLevel[74])?false:true);			FAIL			yes	cConfiguration.cpp:5881:125: error: cannot convert 'vclcompat::TPanel*' to 'TWinControl*' for argument '1' to 'void ChangeCompomentEnabled(TWinControl*, bool, bool)'	仍缺：cConfiguration.cpp:5881:125: error: cannot convert 'vclcompat::TPanel*' to 'TWinControl*' for argument '1' to 'void Chan		
LOW	cConfiguration.cpp	5883	5885	1	GATE (W5-CCE)		GATE (W5-CCE)	ChangeCompomentEnabled(pal_L3, (AccessLevel<LevelSet.AccessLevel[30] || AccessLevel<LevelSet.AccessLevel[74])?false:true);			FAIL			yes	cConfiguration.cpp:5884:125: error: cannot convert 'vclcompat::TPanel*' to 'TWinControl*' for argument '1' to 'void ChangeCompomentEnabled(TWinControl*, bool, bool)'	仍缺：cConfiguration.cpp:5884:125: error: cannot convert 'vclcompat::TPanel*' to 'TWinControl*' for argument '1' to 'void Chan		
LOW	cConfiguration.cpp	5886	5888	1	GATE (W5-CCE)		GATE (W5-CCE)	ChangeCompomentEnabled(pal_O1, (AccessLevel<LevelSet.AccessLevel[30] || AccessLevel<LevelSet.AccessLevel[75])?false:true);			FAIL			yes	cConfiguration.cpp:5887:125: error: cannot convert 'vclcompat::TPanel*' to 'TWinControl*' for argument '1' to 'void ChangeCompomentEnabled(TWinControl*, bool, bool)'	仍缺：cConfiguration.cpp:5887:125: error: cannot convert 'vclcompat::TPanel*' to 'TWinControl*' for argument '1' to 'void Chan		
LOW	cConfiguration.cpp	5889	5891	1	GATE (W5-CCE)		GATE (W5-CCE)	ChangeCompomentEnabled(pal_O2, (AccessLevel<LevelSet.AccessLevel[30] || AccessLevel<LevelSet.AccessLevel[75])?false:true);			FAIL			yes	cConfiguration.cpp:5890:125: error: cannot convert 'vclcompat::TPanel*' to 'TWinControl*' for argument '1' to 'void ChangeCompomentEnabled(TWinControl*, bool, bool)'	仍缺：cConfiguration.cpp:5890:125: error: cannot convert 'vclcompat::TPanel*' to 'TWinControl*' for argument '1' to 'void Chan		
LOW	cConfiguration.cpp	5894	5896	1	GATE (W5-CCE)		GATE (W5-CCE)	ChangeCompomentEnabled(gbN04  , (AccessLevel<LevelSet.AccessLevel[76])?false:true);			FAIL			yes	cConfiguration.cpp:5895:90: error: cannot convert 'vclcompat::TGroupBox*' to 'TWinControl*' for argument '1' to 'void ChangeCompomentEnabled(TWinControl*, bool, bool)'	仍缺：cConfiguration.cpp:5895:90: error: cannot convert 'vclcompat::TGroupBox*' to 'TWinControl*' for argument '1' to 'void Ch		
LOW	cConfiguration.cpp	5897	5899	1	GATE (W5-CCE)		GATE (W5-CCE)	ChangeCompomentEnabled(tsN05  , (AccessLevel<LevelSet.AccessLevel[76])?false:true);			FAIL			yes	cConfiguration.cpp:5898:90: error: cannot convert 'vclcompat::TTabSheet*' to 'TWinControl*' for argument '1' to 'void ChangeCompomentEnabled(TWinControl*, bool, bool)'	仍缺：cConfiguration.cpp:5898:90: error: cannot convert 'vclcompat::TTabSheet*' to 'TWinControl*' for argument '1' to 'void Ch		
LOW	cConfiguration.cpp	5900	5902	1	GATE (W5-CCE)		GATE (W5-CCE)	ChangeCompomentEnabled(edN06_UserName  , (AccessLevel<LevelSet.AccessLevel[30] || AccessLevel<LevelSet.AccessLevel[67])?false:true);			FAIL			yes	cConfiguration.cpp:5901:139: error: cannot convert 'vclcompat::TEdit*' to 'TWinControl*' for argument '1' to 'void ChangeCompomentEnabled(TWinControl*, bool, bool)'	仍缺：cConfiguration.cpp:5901:139: error: cannot convert 'vclcompat::TEdit*' to 'TWinControl*' for argument '1' to 'void Chang		
LOW	cConfiguration.cpp	5903	5905	1	GATE (W5-CCE)		GATE (W5-CCE)	ChangeCompomentEnabled(edN06_Password  , (AccessLevel<LevelSet.AccessLevel[30] || AccessLevel<LevelSet.AccessLevel[67])?false:true);			FAIL			yes	cConfiguration.cpp:5904:139: error: cannot convert 'vclcompat::TEdit*' to 'TWinControl*' for argument '1' to 'void ChangeCompomentEnabled(TWinControl*, bool, bool)'	仍缺：cConfiguration.cpp:5904:139: error: cannot convert 'vclcompat::TEdit*' to 'TWinControl*' for argument '1' to 'void Chang		
LOW	cConfiguration.cpp	5906	5908	1	GATE (W5-CCE)		GATE (W5-CCE)	ChangeCompomentEnabled(edN06_HostName  , (AccessLevel<LevelSet.AccessLevel[30] || AccessLevel<LevelSet.AccessLevel[67])?false:true);			FAIL			yes	cConfiguration.cpp:5907:139: error: cannot convert 'vclcompat::TEdit*' to 'TWinControl*' for argument '1' to 'void ChangeCompomentEnabled(TWinControl*, bool, bool)'	仍缺：cConfiguration.cpp:5907:139: error: cannot convert 'vclcompat::TEdit*' to 'TWinControl*' for argument '1' to 'void Chang		
LOW	cConfiguration.cpp	5909	5911	1	GATE (W5-CCE)		GATE (W5-CCE)	ChangeCompomentEnabled(edN06_DownPath  , (AccessLevel<LevelSet.AccessLevel[30] || AccessLevel<LevelSet.AccessLevel[67])?false:true);			FAIL			yes	cConfiguration.cpp:5910:139: error: cannot convert 'vclcompat::TEdit*' to 'TWinControl*' for argument '1' to 'void ChangeCompomentEnabled(TWinControl*, bool, bool)'	仍缺：cConfiguration.cpp:5910:139: error: cannot convert 'vclcompat::TEdit*' to 'TWinControl*' for argument '1' to 'void Chang		
LOW	cConfiguration.cpp	5912	5914	1	GATE (W5-CCE)		GATE (W5-CCE)	ChangeCompomentEnabled(edN06_UpLdPath  , (AccessLevel<LevelSet.AccessLevel[30] || AccessLevel<LevelSet.AccessLevel[67])?false:true);			FAIL			yes	cConfiguration.cpp:5913:139: error: cannot convert 'vclcompat::TEdit*' to 'TWinControl*' for argument '1' to 'void ChangeCompomentEnabled(TWinControl*, bool, bool)'	仍缺：cConfiguration.cpp:5913:139: error: cannot convert 'vclcompat::TEdit*' to 'TWinControl*' for argument '1' to 'void Chang		
LOW	cConfiguration.cpp	5915	5917	1	GATE (W5-CCE)		GATE (W5-CCE)	ChangeCompomentEnabled(edN06_Port      , (AccessLevel<LevelSet.AccessLevel[30] || AccessLevel<LevelSet.AccessLevel[67])?false:true);			FAIL			yes	cConfiguration.cpp:5916:139: error: cannot convert 'vclcompat::TEdit*' to 'TWinControl*' for argument '1' to 'void ChangeCompomentEnabled(TWinControl*, bool, bool)'	仍缺：cConfiguration.cpp:5916:139: error: cannot convert 'vclcompat::TEdit*' to 'TWinControl*' for argument '1' to 'void Chang		
LOW	cConfiguration.cpp	5918	5920	1	GATE (W5-CCE)		GATE (W5-CCE)	ChangeCompomentEnabled(edN06_TesterMap , (AccessLevel<LevelSet.AccessLevel[30] || AccessLevel<LevelSet.AccessLevel[67])?false:true);			FAIL			yes	cConfiguration.cpp:5919:139: error: cannot convert 'vclcompat::TEdit*' to 'TWinControl*' for argument '1' to 'void ChangeCompomentEnabled(TWinControl*, bool, bool)'	仍缺：cConfiguration.cpp:5919:139: error: cannot convert 'vclcompat::TEdit*' to 'TWinControl*' for argument '1' to 'void Chang		
LOW	cConfiguration.cpp	5921	5923	1	GATE (W5-CCE)		GATE (W5-CCE)	ChangeCompomentEnabled(edN06_TestList  , (AccessLevel<LevelSet.AccessLevel[30] || AccessLevel<LevelSet.AccessLevel[67])?false:true);			FAIL			yes	cConfiguration.cpp:5922:139: error: cannot convert 'vclcompat::TEdit*' to 'TWinControl*' for argument '1' to 'void ChangeCompomentEnabled(TWinControl*, bool, bool)'	仍缺：cConfiguration.cpp:5922:139: error: cannot convert 'vclcompat::TEdit*' to 'TWinControl*' for argument '1' to 'void Chang		
LOW	cConfiguration.cpp	5924	5926	1	GATE (W5-CCE)		GATE (W5-CCE)	ChangeCompomentEnabled(gbN06_HddLevel  , (AccessLevel<LevelSet.AccessLevel[30] || AccessLevel<LevelSet.AccessLevel[67])?false:true);			FAIL			yes	cConfiguration.cpp:5925:139: error: cannot convert 'vclcompat::TRadioGroup*' to 'TWinControl*' for argument '1' to 'void ChangeCompomentEnabled(TWinControl*, bool, bool)'	仍缺：cConfiguration.cpp:5925:139: error: cannot convert 'vclcompat::TRadioGroup*' to 'TWinControl*' for argument '1' to 'void		
LOW	cConfiguration.cpp	5927	5929	1	GATE (W5-CCE)		GATE (W5-CCE)	ChangeCompomentEnabled(gbN06_ServerLv  , (AccessLevel<LevelSet.AccessLevel[30] || AccessLevel<LevelSet.AccessLevel[67])?false:true);			FAIL			yes	cConfiguration.cpp:5928:139: error: cannot convert 'vclcompat::TRadioGroup*' to 'TWinControl*' for argument '1' to 'void ChangeCompomentEnabled(TWinControl*, bool, bool)'	仍缺：cConfiguration.cpp:5928:139: error: cannot convert 'vclcompat::TRadioGroup*' to 'TWinControl*' for argument '1' to 'void		
LOW	cConfiguration.cpp	5931	5933	1	GATE (W5-CCE)		GATE (W5-CCE)	ChangeCompomentEnabled(tsN07  , (AccessLevel<LevelSet.AccessLevel[30] || AccessLevel<LevelSet.AccessLevel[67])?false:true);			FAIL			yes	cConfiguration.cpp:5932:130: error: cannot convert 'vclcompat::TTabSheet*' to 'TWinControl*' for argument '1' to 'void ChangeCompomentEnabled(TWinControl*, bool, bool)'	仍缺：cConfiguration.cpp:5932:130: error: cannot convert 'vclcompat::TTabSheet*' to 'TWinControl*' for argument '1' to 'void C		
LOW	cConfiguration.cpp	5934	5936	1	GATE (W5-CCE)		GATE (W5-CCE)	ChangeCompomentEnabled(tsN08  , (AccessLevel<LevelSet.AccessLevel[30] || AccessLevel<LevelSet.AccessLevel[67])?false:true);			FAIL			yes	cConfiguration.cpp:5935:130: error: cannot convert 'vclcompat::TTabSheet*' to 'TWinControl*' for argument '1' to 'void ChangeCompomentEnabled(TWinControl*, bool, bool)'	仍缺：cConfiguration.cpp:5935:130: error: cannot convert 'vclcompat::TTabSheet*' to 'TWinControl*' for argument '1' to 'void C		
LOW	cConfiguration.cpp	5937	5939	1	GATE (W5-CCE)		GATE (W5-CCE)	ChangeCompomentEnabled(tsN09  , (AccessLevel<LevelSet.AccessLevel[30] || AccessLevel<LevelSet.AccessLevel[67])?false:true);			FAIL			yes	cConfiguration.cpp:5938:130: error: cannot convert 'vclcompat::TTabSheet*' to 'TWinControl*' for argument '1' to 'void ChangeCompomentEnabled(TWinControl*, bool, bool)'	仍缺：cConfiguration.cpp:5938:130: error: cannot convert 'vclcompat::TTabSheet*' to 'TWinControl*' for argument '1' to 'void C		
LOW	cConfiguration.cpp	5940	5942	1	GATE (W5-CCE)		GATE (W5-CCE)	ChangeCompomentEnabled(tsN10  , (AccessLevel<LevelSet.AccessLevel[30] || AccessLevel<LevelSet.AccessLevel[67])?false:true);			FAIL			yes	cConfiguration.cpp:5941:130: error: cannot convert 'vclcompat::TTabSheet*' to 'TWinControl*' for argument '1' to 'void ChangeCompomentEnabled(TWinControl*, bool, bool)'	仍缺：cConfiguration.cpp:5941:130: error: cannot convert 'vclcompat::TTabSheet*' to 'TWinControl*' for argument '1' to 'void C		
LOW	cConfiguration.cpp	5943	5945	1	GATE (W5-CCE)		GATE (W5-CCE)	ChangeCompomentEnabled(tsN11  , (AccessLevel<LevelSet.AccessLevel[30] || AccessLevel<LevelSet.AccessLevel[67])?false:true);			FAIL			yes	cConfiguration.cpp:5944:130: error: cannot convert 'vclcompat::TTabSheet*' to 'TWinControl*' for argument '1' to 'void ChangeCompomentEnabled(TWinControl*, bool, bool)'	仍缺：cConfiguration.cpp:5944:130: error: cannot convert 'vclcompat::TTabSheet*' to 'TWinControl*' for argument '1' to 'void C		
LOW	cConfiguration.cpp	5946	5948	1	GATE (W5-CCE)		GATE (W5-CCE)	ChangeCompomentEnabled(tsN12  , (AccessLevel<LevelSet.AccessLevel[30] || AccessLevel<LevelSet.AccessLevel[67])?false:true);			FAIL			yes	cConfiguration.cpp:5947:130: error: cannot convert 'vclcompat::TTabSheet*' to 'TWinControl*' for argument '1' to 'void ChangeCompomentEnabled(TWinControl*, bool, bool)'	仍缺：cConfiguration.cpp:5947:130: error: cannot convert 'vclcompat::TTabSheet*' to 'TWinControl*' for argument '1' to 'void C		
LOW	cConfiguration.cpp	5949	5951	1	GATE (W5-CCE)		GATE (W5-CCE)	ChangeCompomentEnabled(tsN13  , (AccessLevel<LevelSet.AccessLevel[30] || AccessLevel<LevelSet.AccessLevel[67])?false:true);			FAIL			yes	cConfiguration.cpp:5950:130: error: cannot convert 'vclcompat::TTabSheet*' to 'TWinControl*' for argument '1' to 'void ChangeCompomentEnabled(TWinControl*, bool, bool)'	仍缺：cConfiguration.cpp:5950:130: error: cannot convert 'vclcompat::TTabSheet*' to 'TWinControl*' for argument '1' to 'void C		
LOW	cConfiguration.cpp	5952	5954	1	GATE (W5-CCE)		GATE (W5-CCE)	ChangeCompomentEnabled(tsN14  , (AccessLevel<LevelSet.AccessLevel[30] || AccessLevel<LevelSet.AccessLevel[67])?false:true);			FAIL			yes	cConfiguration.cpp:5953:130: error: cannot convert 'vclcompat::TTabSheet*' to 'TWinControl*' for argument '1' to 'void ChangeCompomentEnabled(TWinControl*, bool, bool)'	仍缺：cConfiguration.cpp:5953:130: error: cannot convert 'vclcompat::TTabSheet*' to 'TWinControl*' for argument '1' to 'void C		
LOW	cConfiguration.cpp	5955	5957	1	GATE (W5-CCE)		GATE (W5-CCE)	ChangeCompomentEnabled(tsN15  , (AccessLevel<LevelSet.AccessLevel[30] || AccessLevel<LevelSet.AccessLevel[67])?false:true);			FAIL			yes	cConfiguration.cpp:5956:130: error: cannot convert 'vclcompat::TTabSheet*' to 'TWinControl*' for argument '1' to 'void ChangeCompomentEnabled(TWinControl*, bool, bool)'	仍缺：cConfiguration.cpp:5956:130: error: cannot convert 'vclcompat::TTabSheet*' to 'TWinControl*' for argument '1' to 'void C		
LOW	cConfiguration.cpp	5958	5960	1	GATE (W5-CCE)		GATE (W5-CCE)	ChangeCompomentEnabled(tsN16  , (AccessLevel<LevelSet.AccessLevel[30] || AccessLevel<LevelSet.AccessLevel[67])?false:true);			FAIL			yes	cConfiguration.cpp:5959:130: error: cannot convert 'vclcompat::TTabSheet*' to 'TWinControl*' for argument '1' to 'void ChangeCompomentEnabled(TWinControl*, bool, bool)'	仍缺：cConfiguration.cpp:5959:130: error: cannot convert 'vclcompat::TTabSheet*' to 'TWinControl*' for argument '1' to 'void C		
LOW	cConfiguration.cpp	5961	5963	1	GATE (W5-CCE)		GATE (W5-CCE)	ChangeCompomentEnabled(grpN20 , (AccessLevel<LevelSet.AccessLevel[30] || AccessLevel<LevelSet.AccessLevel[67])?false:true);			FAIL			yes	cConfiguration.cpp:5962:130: error: cannot convert 'vclcompat::TGroupBox*' to 'TWinControl*' for argument '1' to 'void ChangeCompomentEnabled(TWinControl*, bool, bool)'	仍缺：cConfiguration.cpp:5962:130: error: cannot convert 'vclcompat::TGroupBox*' to 'TWinControl*' for argument '1' to 'void C		
LOW	cConfiguration.cpp	5964	5966	1	GATE (W5-CCE)		GATE (W5-CCE)	ChangeCompomentEnabled(tsN22  , (AccessLevel<LevelSet.AccessLevel[30] || AccessLevel<LevelSet.AccessLevel[67])?false:true);			FAIL			yes	cConfiguration.cpp:5965:130: error: cannot convert 'vclcompat::TTabSheet*' to 'TWinControl*' for argument '1' to 'void ChangeCompomentEnabled(TWinControl*, bool, bool)'	仍缺：cConfiguration.cpp:5965:130: error: cannot convert 'vclcompat::TTabSheet*' to 'TWinControl*' for argument '1' to 'void C		
LOW	cConfiguration.cpp	5970	5972	1	GATE (W5-CCE)		GATE (W5-CCE)	ChangeCompomentEnabled(tsN00,  (AccessLevel<LevelSet.AccessLevel[30] || AccessLevel<LevelSet.AccessLevel[76])?false:true);			FAIL			yes	cConfiguration.cpp:5971:129: error: cannot convert 'vclcompat::TTabSheet*' to 'TWinControl*' for argument '1' to 'void ChangeCompomentEnabled(TWinControl*, bool, bool)'	仍缺：cConfiguration.cpp:5971:129: error: cannot convert 'vclcompat::TTabSheet*' to 'TWinControl*' for argument '1' to 'void C		
LOW	cConfiguration.cpp	5974	5976	1	GATE (W5-CCE)		GATE (W5-CCE)	ChangeCompomentEnabled(pal_P0, (AccessLevel<LevelSet.AccessLevel[30] || AccessLevel<LevelSet.AccessLevel[77])?false:true);			FAIL			yes	cConfiguration.cpp:5975:125: error: cannot convert 'vclcompat::TPanel*' to 'TWinControl*' for argument '1' to 'void ChangeCompomentEnabled(TWinControl*, bool, bool)'	仍缺：cConfiguration.cpp:5975:125: error: cannot convert 'vclcompat::TPanel*' to 'TWinControl*' for argument '1' to 'void Chan		
LOW	cConfiguration.cpp	5977	5979	1	GATE (W5-CCE)		GATE (W5-CCE)	ChangeCompomentEnabled(pal_P1, (AccessLevel<LevelSet.AccessLevel[30] || AccessLevel<LevelSet.AccessLevel[77])?false:true);			FAIL			yes	cConfiguration.cpp:5978:125: error: cannot convert 'vclcompat::TPanel*' to 'TWinControl*' for argument '1' to 'void ChangeCompomentEnabled(TWinControl*, bool, bool)'	仍缺：cConfiguration.cpp:5978:125: error: cannot convert 'vclcompat::TPanel*' to 'TWinControl*' for argument '1' to 'void Chan		
LOW	cConfiguration.cpp	5980	5982	1	GATE (W5-CCE)		GATE (W5-CCE)	ChangeCompomentEnabled(pal_P2, (AccessLevel<LevelSet.AccessLevel[30] || AccessLevel<LevelSet.AccessLevel[77])?false:true);			FAIL			yes	cConfiguration.cpp:5981:125: error: cannot convert 'vclcompat::TPanel*' to 'TWinControl*' for argument '1' to 'void ChangeCompomentEnabled(TWinControl*, bool, bool)'	仍缺：cConfiguration.cpp:5981:125: error: cannot convert 'vclcompat::TPanel*' to 'TWinControl*' for argument '1' to 'void Chan		
LOW	cConfiguration.cpp	5983	5985	1	GATE (W5-CCE)		GATE (W5-CCE)	ChangeCompomentEnabled(pal_P3, (AccessLevel<LevelSet.AccessLevel[30] || AccessLevel<LevelSet.AccessLevel[77])?false:true);			FAIL			yes	cConfiguration.cpp:5984:125: error: cannot convert 'vclcompat::TPanel*' to 'TWinControl*' for argument '1' to 'void ChangeCompomentEnabled(TWinControl*, bool, bool)'	仍缺：cConfiguration.cpp:5984:125: error: cannot convert 'vclcompat::TPanel*' to 'TWinControl*' for argument '1' to 'void Chan		
LOW	cConfiguration.cpp	5986	5988	1	GATE (W5-CCE)		GATE (W5-CCE)	ChangeCompomentEnabled(pnlTray,(AccessLevel<LevelSet.AccessLevel[30] || AccessLevel<LevelSet.AccessLevel[78])?false:true);			FAIL			yes	cConfiguration.cpp:5987:125: error: cannot convert 'vclcompat::TPanel*' to 'TWinControl*' for argument '1' to 'void ChangeCompomentEnabled(TWinControl*, bool, bool)'	仍缺：cConfiguration.cpp:5987:125: error: cannot convert 'vclcompat::TPanel*' to 'TWinControl*' for argument '1' to 'void Chan		
LOW	cConfiguration.cpp	5989	5991	1	GATE (W5-CCE)		GATE (W5-CCE)	ChangeCompomentEnabled(pnlHP,  (AccessLevel<LevelSet.AccessLevel[30] || AccessLevel<LevelSet.AccessLevel[79])?false:true);			FAIL			yes	cConfiguration.cpp:5990:125: error: cannot convert 'vclcompat::TPanel*' to 'TWinControl*' for argument '1' to 'void ChangeCompomentEnabled(TWinControl*, bool, bool)'	仍缺：cConfiguration.cpp:5990:125: error: cannot convert 'vclcompat::TPanel*' to 'TWinControl*' for argument '1' to 'void Chan		
LOW	cConfiguration.cpp	5992	5994	1	GATE (W5-CCE)		GATE (W5-CCE)	ChangeCompomentEnabled(pal_M,  (AccessLevel<LevelSet.AccessLevel[30] || AccessLevel<LevelSet.AccessLevel[96])?false:true);			FAIL			yes	cConfiguration.cpp:5993:125: error: cannot convert 'vclcompat::TPanel*' to 'TWinControl*' for argument '1' to 'void ChangeCompomentEnabled(TWinControl*, bool, bool)'	仍缺：cConfiguration.cpp:5993:125: error: cannot convert 'vclcompat::TPanel*' to 'TWinControl*' for argument '1' to 'void Chan		
LOW	cConfiguration.cpp	6338	6344	5	GATE (W6-COM2)		GATE (W6-COM2)	if(COM2->bCCDDummyRum || REAL_TIME_CCD==false)                          //RTC 沒有開不能Disable IndexCheck		sim+ship	PASS-WITH-INCLUDE	LINK-OK	SHIP-OK	likely-no（缺 include）	cConfiguration.cpp:6339:12: error: 'COM2' was not declared in this scope	候選：補 include atester_shims.h 後照 golden 解開（先確認那個名字是真本體、不是 stub／shim）		
LOW	cConfiguration.cpp	6405	6410	4	GATE (W6-DoPassword)		GATE (W6-DoPassword)	if(DoPassword()!=true)			FAIL			yes	cConfiguration.cpp:6406:19: error: 'DoPassword' was not declared in this scope	仍缺：未宣告 DoPassword		
LOW	cConfiguration.cpp	6431	6434	2	GATE (W5-CCE)		GATE (W5-CCE)	if(pcConfig->ActivePage!=tsSearchFunction)                              //Steven 20210730 : 快速搜尋Config			FAIL			yes	cConfiguration.cpp:6433:93: error: cannot convert 'vclcompat::TTabSheet*' to 'TWinControl*' for argument '1' to 'void ChangeCompomentEnabled(TWinControl*, bool, bool)'	仍缺：cConfiguration.cpp:6433:93: error: cannot convert 'vclcompat::TTabSheet*' to 'TWinControl*' for argument '1' to 'void Ch		
LOW	cConfiguration.cpp	6447	6453	5	GATE (W6-bPassWord)		GATE (W6-bPassWord)	if(bPassWord(2)==false)			FAIL			yes	cConfiguration.cpp:6448:23: error: 'bPassWord' was not declared in this scope	仍缺：未宣告 bPassWord		
LOW	cConfiguration.cpp	6457	6460	2	GATE (W5-CCE)		GATE (W5-CCE)	if(pcConfig->ActivePage!=tsSearchFunction)                                  //Steven 20210730 : 快速搜尋Config			FAIL			yes	cConfiguration.cpp:6459:99: error: cannot convert 'vclcompat::TTabSheet*' to 'TWinControl*' for argument '1' to 'void ChangeCompomentEnabled(TWinControl*, bool, bool)'	仍缺：cConfiguration.cpp:6459:99: error: cannot convert 'vclcompat::TTabSheet*' to 'TWinControl*' for argument '1' to 'void Ch		
LOW	cConfiguration.cpp	6511	6523	11	GATE (W7-Search)		GATE (W7-Search) -- golden 原文保留	Temp->SourceControl->Parent=scrlbxSearch;			FAIL			yes	cConfiguration.cpp:6521:42: error: 'class vclcompat::TControl' has no member named 'Parent'	仍缺：vclcompat::TControl 沒有成員 Parent		
LOW	cConfiguration.cpp	6634	6641	6	GATE (W7-IPSC)		GATE (W7-IPSC) -- golden 原文保留	fProductionInfo->iIPSCFlag_TriggerMode=1;			FAIL			yes	cConfiguration.cpp:6639:22: error: 'class TfProductionInfo' has no member named 'iIPSCFlag_TriggerMode'  (補 include forms/fProductionInfo.h 之後)	仍缺：TfProductionInfo 沒有成員 iIPSCFlag_TriggerMode		
LOW	cContactCT.cpp	1065	1098	32			Safe default: treat as NOT confirmed (same posture as database.cpp's GA1-B6 precedent) -- the destructive ClearALLCT block below does NOT run until a real confirm dialog lands.	if (Application->MessageBox("Do you want to clear the data?", "Warning!!", MB_YESNO | MB_TOPMOST) == IDYES)			FAIL			yes	cContactCT.cpp:1066:13: error: 'Application' was not declared in this scope	仍缺：未宣告 Application		
LOW	cContactCT.cpp	1201	1229	27			gated as one block; ChangeLevelAttr (which DOES exist, real+ ACTIVE) is inside this same gated block so it stays gated with it rather than firing on its own out of golden's original sequence.	if (fMain->bHasCleanCount == true)   // Ifor 20191016: KYEC clear-Yield flow doesn't need re-login			FAIL			yes	cContactCT.cpp:1213:20: error: 'class TfMain' has no member named 'spbUserName'	仍缺：TfMain 沒有成員 spbUserName		
LOW	cContactCT.cpp	1262	1267	4	GATE (C2)		GATE (C2): Application->MessageBox(...)==IDYES -- see sgYieldDblClick's identical (C2) note. Fail-closed: bClearData stays false without a real confirm dialog.	if (Application->MessageBox("Do you want to clear the data?", "Warning!!", MB_YESNO | MB_TOPMOST) == IDYES)			FAIL			yes	cContactCT.cpp:1263:17: error: 'Application' was not declared in this scope	仍缺：未宣告 Application		
LOW	cContactCT.cpp	1297	1300	2			OTHER consumer in this branch, so the whole conditional (condition + body) is gated rather than computing a value nothing can display.	if (CosFunction.bLowYieldUseContactCounts)   // Sam 20221020: LowYield now uses ContactCounts data			FAIL			yes	cContactCT.cpp:1299:27: error: 'class TfLotInfo' has no member named 'labLowYieldICCount'; did you mean 'labLoaderTrayCount'?	仍缺：TfLotInfo 沒有成員 labLowYieldICCount		
LOW	cContactCT.cpp	1549	1552	2			GATE: fLotInfo->labLowYieldICCount -- same absence as btClearCountClick (forms/fLotInfo.h has no such member, 20260818); whole conditional gated (no other consumer of ArmData[2]->GetTotalCT() in this branch).	if (CosFunction.bLowYieldUseContactCounts)			FAIL			yes	cContactCT.cpp:1551:19: error: 'class TfLotInfo' has no member named 'labLowYieldICCount'; did you mean 'labLoaderTrayCount'?	仍缺：TfLotInfo 沒有成員 labLowYieldICCount		
LOW	cCounterClear.cpp	422	446	23			btLogin/spbUserName -- forms/fMain.h has none of the first five (only ChangeLevelAttr is real). Gated as a whole (see forms/fCounterClear.h banner for why a partial evaluation would not be faithful).	if (CUSTOMER_CODE == CC_KYEC_LEE)                                              //Ifor 20191008 : add KYEC 清除 Count 需檢Barcode & 權限			FAIL			yes	cCounterClear.cpp:430:16: error: 'class TfMain' has no member named 'spbUserName'	仍缺：TfMain 沒有成員 spbUserName		
LOW	cDIOStatus.cpp	71	73	1	TODO(GA1-B3)		AI(W906-DIO) 20260925: GATE（相依不存在）—— golden :24373。TTLLog 本體在 cpublic.cpp:667-694 的 #if 0 (TODO(GA1-B3)) 裡（要 fMain->slTTLLog，TfMain 門面沒有），cpublic.h:42 只有宣告，呼叫會連結失敗	TTLLog("InitDIOStstus");                                                    //Steven 20151123 : Log for TTL		ship	PASS	LINK-OK	SHIP-LINK-MISSING TTLLog(vclcompat::AnsiString)	yes（連結層）	(compiles: -fsyntax-only)	仍缺（出貨組態連結層：有宣告、全樹沒有本體）：TTLLog(vclcompat::AnsiString)		
LOW	cMainStatus.cpp	53	55	1	SAFETY-GATE(W906-MSTATE-ASE)		SAFETY-GATE(W906-MSTATE-ASE) golden :22192 —— 缺相依：唯一使用者是下面同名閘裡的 ASE 區塊	AnsiString static sData="";		sim+ship	PASS	LINK-OK	SHIP-OK	likely-no	(compiles: -fsyntax-only)	SAFETY 閘：編得過也先問筆電；候選：照 golden 解開（先看風險標記）	SAFETY	
LOW	cMainStatus.cpp	71	78	6			Index Check，設空字串則永遠不會顯示 Index Check —— 兩者都是靜默的分支選擇（pt-wave-loop 陷阱 #6）。 閘住的後果：扭力量測期間（與開機後第一次量測前）golden 顯示 "Index Check"，這裡顯示 "Running"。 要解這道閘，先把那幾份 stand-in 收斂成 TfMain 上的單一成員（atester 的行為會跟著變，另案）。	else if(lbArm1Torque->Caption=="2:Writing" || lbArm1Torque->Caption=="2:Reading" ||		sim+ship	PASS	LINK-OK	SHIP-OK	likely-no	(compiles: -fsyntax-only)	SAFETY 閘：編得過也先問筆電；候選：照 golden 解開（先看風險標記）	SAFETY	
LOW	cMainStatus.cpp	187	196	8	SAFETY-GATE(W906-MSTATE-ASE)		SAFETY-GATE(W906-MSTATE-ASE) golden :22309-22316 —— 缺相依：ASESendMessage（golden "ASE_K Socket/aseTest.h":57 的 TASESendMessage 表單）在移植樹沒有翻；同一個物件在 aoutarm.cpp:3322（GATE G12）與 canary_support.cpp:185 也都閘著。 只影響 CUSTOMER_CODE==CC_ASE_KaohSiung 的機台：狀態變化不會送給 ASE 的 socket。	if(CUSTOMER_CODE==CC_ASE_KaohSiung)                                         //kevin 20220602 Handle 狀態回復 Run Alarm Pause Halt			FAIL			yes	cMainStatus.cpp:190:12: error: 'sData' was not declared in this scope	仍缺：未宣告 sData	SAFETY	
LOW	cMyDB.cpp	803	835	31	TODO(GA1-B4)		TODO(GA1-B4): fMain->AlarmCodeMap not yet ported (forms/fMain.h facade	if(fMain->AlarmCodeMap[AlarmCode]!="")                              //Steven 20170202 (wei): Fixed for Unknown Alarm Code		none	PASS	LINK-OK		n/a	(probe4: the #if 0 line is inside an inactive #if in both sim and ship)	兩種組態都不會編到（包在別的條件編譯裡，例 `#if W906_CMYDB_SQLITE`＝已退役的 sqlite 路徑）：解不解產品都不會變，不用排	HAS-#else	
LOW	cMyDB.cpp	850	855	4	TODO(GA1-B4)		TODO(GA1-B4): fMain->UnitNameMap not yet ported (forms/fMain.h facade	else if(*UnitNo<fMain->UnitNameMap->Count && *UnitNo>=0)		none	PASS	LINK-OK		n/a	(probe4: the #if 0 line is inside an inactive #if in both sim and ship)	兩種組態都不會編到（包在別的條件編譯裡，例 `#if W906_CMYDB_SQLITE`＝已退役的 sqlite 路徑）：解不解產品都不會變，不用排		
LOW	cMyDB.cpp	1290	1293	2	TODO(GA1-B4)		TODO(GA1-B4): fMain->AlarmCodeList not yet ported (forms/fMain.h	fMain->AlarmCodeList->Add(str);		none	PASS	LINK-OK		n/a	(probe4: the #if 0 line is inside an inactive #if in both sim and ship)	兩種組態都不會編到（包在別的條件編譯裡，例 `#if W906_CMYDB_SQLITE`＝已退役的 sqlite 路徑）：解不解產品都不會變，不用排		
LOW	cMyDB.cpp	1389	1392	2	TODO(GA1-B4)		TODO(GA1-B4): fObserver->iPauseTime not yet ported (atester_shims.h's	fObserver->iPauseTime=time;                                     //Steven 20170309 (wei) add MTBF(PauseTime/Jam)		none	PASS	LINK-OK		n/a	(probe4: the #if 0 line is inside an inactive #if in both sim and ship)	兩種組態都不會編到（包在別的條件編譯裡，例 `#if W906_CMYDB_SQLITE`＝已退役的 sqlite 路徑）：解不解產品都不會變，不用排		
LOW	cMyDB.cpp	1396	1398	1	TODO(GA1-B4)		TODO(GA1-B4): fObserver->iProductTime not yet ported -- golden :1140 MTBF bookkeeping.	fObserver->iProductTime=time;                                   //Isaac 20180417 (Steven) 修正MTBF公式(pause+production+jam)/jamcount		none	PASS	LINK-OK		n/a	(probe4: the #if 0 line is inside an inactive #if in both sim and ship)	兩種組態都不會編到（包在別的條件編譯裡，例 `#if W906_CMYDB_SQLITE`＝已退役的 sqlite 路徑）：解不解產品都不會變，不用排		
LOW	cMyDB.cpp	1402	1404	1	TODO(GA1-B4)		TODO(GA1-B4): fObserver->iJamTime not yet ported -- golden :1144 MTBF bookkeeping.	fObserver->iJamTime=time;                                       //Isaac 20180417 (Steven) 修正MTBF公式(pause+production+jam)/jamcount		none	PASS	LINK-OK		n/a	(probe4: the #if 0 line is inside an inactive #if in both sim and ship)	兩種組態都不會編到（包在別的條件編譯裡，例 `#if W906_CMYDB_SQLITE`＝已退役的 sqlite 路徑）：解不解產品都不會變，不用排		
LOW	cMyDB.cpp	1412	1414	1	TODO(GA1-B4)		TODO(GA1-B4): fObserver->iPauseTime not yet ported -- see above.	fObserver->iPauseTime=atoi(strGrid->Cells[3][sgRow+i].c_str());     //Steven 20170309 (wei) add MTBF(PauseTime/Jam)		none	PASS	LINK-OK		n/a	(probe4: the #if 0 line is inside an inactive #if in both sim and ship)	兩種組態都不會編到（包在別的條件編譯裡，例 `#if W906_CMYDB_SQLITE`＝已退役的 sqlite 路徑）：解不解產品都不會變，不用排		
LOW	cMyDB.cpp	1418	1420	1	TODO(GA1-B4)		TODO(GA1-B4): fObserver->iProductTime not yet ported -- see above.	fObserver->iProductTime=atoi(strGrid->Cells[3][sgRow+i].c_str());   //Isaac 20180417 (Steven) 修正MTBF公式(pause+production+jam)/jamcount		none	PASS	LINK-OK		n/a	(probe4: the #if 0 line is inside an inactive #if in both sim and ship)	兩種組態都不會編到（包在別的條件編譯裡，例 `#if W906_CMYDB_SQLITE`＝已退役的 sqlite 路徑）：解不解產品都不會變，不用排		
LOW	cMyDB.cpp	1424	1426	1	TODO(GA1-B4)		TODO(GA1-B4): fObserver->iJamTime not yet ported -- see above.	fObserver->iJamTime=atoi(strGrid->Cells[3][sgRow+i].c_str());       //Isaac 20180417 (Steven) 修正MTBF公式(pause+production+jam)/jamcount		none	PASS	LINK-OK		n/a	(probe4: the #if 0 line is inside an inactive #if in both sim and ship)	兩種組態都不會編到（包在別的條件編譯裡，例 `#if W906_CMYDB_SQLITE`＝已退役的 sqlite 路徑）：解不解產品都不會變，不用排		
LOW	cMyDB.cpp	1470	1489	18	TODO(GA1-B4)		TODO(GA1-B4): TChart not ported -- see note above.	int rows, cols, total=0;			FAIL			yes	cMyDB.cpp:1474:84: error: 'sqlite3_get_table' was not declared in this scope	仍缺：未宣告 sqlite3_get_table	HAS-#else	
LOW	cMyDB.cpp	1494	1539	44	TODO(GA1-B4)		TODO(GA1-B4): TChart not ported -- see note above.	int rows, cols, rows2, cols2, i, total=0;			FAIL			yes	cMyDB.cpp:1499:10: error: invalid use of incomplete type 'class TChart'	仍缺：不完整型別 class TChart	HAS-#else	
LOW	cMyDB.cpp	1667	1678	10	TODO(GA1-B4)		TODO(GA1-B4): fSecurity not yet ported (no declaration anywhere in	if(CosFunction.bIncludeMTBA && i!=0)                    //JerryYang 20180619 (wei) : 新增可自定義Jam code是否列入MTBA計算		none	PASS	LINK-OK		n/a	(probe4: the #if 0 line is inside an inactive #if in both sim and ship)	兩種組態都不會編到（包在別的條件編譯裡，例 `#if W906_CMYDB_SQLITE`＝已退役的 sqlite 路徑）：解不解產品都不會變，不用排		
LOW	cObserver.cpp	1876	1897	20	GATE REGISTER (1)		missing dependencies -- see forms/fObserver.h GATE REGISTER (1). Columns 4-6 are simply left at whatever MyDBVProcess populated (blank), the faithful "no lookup happened" default.	int iLevel;			FAIL			yes	cObserver.cpp:1882:31: error: 'class TfMain' has no member named 'AlarmUnitMap'; did you mean 'AlarmCodeMap'?  (補 include forms/fMain.h 之後)	仍缺：TfMain 沒有成員 AlarmUnitMap		
LOW	cObserver.cpp	1944	1946	1	GATE REGISTER (2)		Chart2 here is TfObserverChart* (this wave's own stand-in, a DIFFERENT type from the opaque golden TChart*), so the call cannot even bind -- see forms/fObserver.h GATE REGISTER (2).	pnlTotalCount->Caption = MyDBVUnitEventCount(asQuery, Chart2);			FAIL			yes	cObserver.cpp:1945:73: error: cannot convert 'TfObserverChart*' to 'TChart*' for argument '2' to 'int MyDBVUnitEventCount(vclcompat::AnsiString, TChart*)'	仍缺：cObserver.cpp:1945:73: error: cannot convert 'TfObserverChart*' to 'TChart*' for argument '2' to 'int MyDBVUnitEventCoun		
LOW	cObserver.cpp	1953	1955	1			AI(W906-FW3-Observer-W1) 20260818: GATED, same TChart-opacity reason as above -- golden :2726 `MyDBVAxleEventCount(100,190, StartTime,EndTime,Chart2);` (InArm).	pnlTotalCount->Caption = MyDBVAxleEventCount(100, 190, StartTime, EndTime, Chart2);   //InArm			FAIL			yes	cObserver.cpp:1954:94: error: cannot convert 'TfObserverChart*' to 'TChart*' for argument '5' to 'int MyDBVAxleEventCount(int, int, vclcompat::AnsiString, vclcompat::AnsiString, TChart*)'	仍缺：cObserver.cpp:1954:94: error: cannot convert 'TfObserverChart*' to 'TChart*' for argument '5' to 'int MyDBVAxleEventCoun		
LOW	cObserver.cpp	1961	1963	1			AI(W906-FW3-Observer-W1) 20260818: GATED, same reason -- golden :2728 `MyDBVAxleEventCount(200,290,...);` (OutArm).	pnlTotalCount->Caption = MyDBVAxleEventCount(200, 290, StartTime, EndTime, Chart2);   //OutArm			FAIL			yes	cObserver.cpp:1962:94: error: cannot convert 'TfObserverChart*' to 'TChart*' for argument '5' to 'int MyDBVAxleEventCount(int, int, vclcompat::AnsiString, vclcompat::AnsiString, TChart*)'	仍缺：cObserver.cpp:1962:94: error: cannot convert 'TfObserverChart*' to 'TChart*' for argument '5' to 'int MyDBVAxleEventCoun		
LOW	cObserver.cpp	1969	1971	1			AI(W906-FW3-Observer-W1) 20260818: GATED, same reason -- golden :2730 `MyDBVAxleEventCount(300,390,...);` (Index).	pnlTotalCount->Caption = MyDBVAxleEventCount(300, 390, StartTime, EndTime, Chart2);   //Index			FAIL			yes	cObserver.cpp:1970:94: error: cannot convert 'TfObserverChart*' to 'TChart*' for argument '5' to 'int MyDBVAxleEventCount(int, int, vclcompat::AnsiString, vclcompat::AnsiString, TChart*)'	仍缺：cObserver.cpp:1970:94: error: cannot convert 'TfObserverChart*' to 'TChart*' for argument '5' to 'int MyDBVAxleEventCoun		
LOW	cObserver.cpp	1977	1979	1			AI(W906-FW3-Observer-W1) 20260818: GATED, same reason -- golden :2732 `MyDBVAxleEventCount(400,490,...);` (In Shuttle).	pnlTotalCount->Caption = MyDBVAxleEventCount(400, 490, StartTime, EndTime, Chart2);   //In Shuttle			FAIL			yes	cObserver.cpp:1978:94: error: cannot convert 'TfObserverChart*' to 'TChart*' for argument '5' to 'int MyDBVAxleEventCount(int, int, vclcompat::AnsiString, vclcompat::AnsiString, TChart*)'	仍缺：cObserver.cpp:1978:94: error: cannot convert 'TfObserverChart*' to 'TChart*' for argument '5' to 'int MyDBVAxleEventCoun		
LOW	cObserver.cpp	1985	1987	1			AI(W906-FW3-Observer-W1) 20260818: GATED, same reason -- golden :2734 `MyDBVAxleEventCount(500,590,...);` (Out Shuttle).	pnlTotalCount->Caption = MyDBVAxleEventCount(500, 590, StartTime, EndTime, Chart2);   //Out Shuttle			FAIL			yes	cObserver.cpp:1986:94: error: cannot convert 'TfObserverChart*' to 'TChart*' for argument '5' to 'int MyDBVAxleEventCount(int, int, vclcompat::AnsiString, vclcompat::AnsiString, TChart*)'	仍缺：cObserver.cpp:1986:94: error: cannot convert 'TfObserverChart*' to 'TChart*' for argument '5' to 'int MyDBVAxleEventCoun		
LOW	cObserver.cpp	3192	3194	1	GATE REGISTER W2-5:		GATE REGISTER W2-5: fMain->slTestLog is not a forms/fMain.h facade member (same pre-existing gap already documented at cprod.cpp: 2936-2939, NOT a new one this wave introduces).	fMain->slTestLog->AddText(str);		sim+ship	PASS	LINK-OK	SHIP-OK	likely-no	(compiles: -fsyntax-only)	候選：照 golden 解開（先看風險標記）		
LOW	cObserver.cpp	3528	3530	1			IniConfig.sN26_FTPUplaodPath, sFileName, IniConfig.sN26_FTPUserName, IniConfig.sN26_FTPPassword, IniConfig.sN26_FTPHost, __FUNC__); -- golden :5259; no TfFTPClient facade (see block banner).	fFTPClient->UploadFileFTP(sPathName, sFileName, IniConfig.sN26_FTPUplaodPath, sFileName, IniConfig.sN26_FTPUserName, IniConfig.sN26_FTPPassword,IniConfig.sN26_FTPHost,__FUNC__);			FAIL			yes	cObserver.cpp:3529:21: error: 'class TfFTPClient' has no member named 'UploadFileFTP'  (補 include KYECFTP/FTPClientForm_St02.h 之後)	仍缺：TfFTPClient 沒有成員 UploadFileFTP		
LOW	cObserver.cpp	3766	3768	1	GATE (FW3A-1)		GATE (FW3A-1) -- fMain->TimerRecordLoaderDate() has no port (see register)	fMain->TimerRecordLoaderDate();                                             //Steven 20101105			FAIL			yes	cObserver.cpp:3767:12: error: 'class TfMain' has no member named 'TimerRecordLoaderDate'	仍缺：TfMain 沒有成員 TimerRecordLoaderDate		
LOW	cObserver.cpp	3782	3793	10	GATE (FW3A-3)		GATE (FW3A-3) -- form geometry (see register); golden's own commented-out XResolution branch kept verbatim	fObserver->Top=10;			FAIL			yes	cObserver.cpp:3783:16: error: 'class TfObserver' has no member named 'Top'	仍缺：TfObserver 沒有成員 Top		
LOW	cObserver.cpp	3906	3911	4	GATE (FW3A-7)		GATE (FW3A-7) -- Timer1 (see register). CONSEQUENCE, stated plainly: the	Timer1->Enabled=true;			FAIL			yes	cObserver.cpp:3910:5: error: 'Timer1' was not declared in this scope	仍缺：未宣告 Timer1		
LOW	cObserver.cpp	4040	4050	9	GATE (FW3A-8)		GATE (FW3A-8) + (FW3A-4) -- ATC_TYPE_31 does not exist in this tree and	if(ATC_SYSTEM==eNewATCSystem &&                                             //Ifor 20170317 (wei) add 顯示 ATC3.1 序號			FAIL			yes	cObserver.cpp:4047:9: error: 'grpATCSerialNumber' was not declared in this scope  (補 include acarry_shims.h + forms/fATCHandlerSide.h 之後)	仍缺：未宣告 grpATCSerialNumber		
LOW	cObserver.cpp	4170	4189	18	GATE (FW3A-4)		GATE (FW3A-4) -- 17 pal* panels absent AND fSCKART->sInfo_* absent (grep + date above)	palCustomer->Caption    =fSCKART->sInfo_Customer;                           //JerryYang 20200330 : 修改SPIL LOT INFO			FAIL			yes	cObserver.cpp:4171:5: error: 'palCustomer' was not declared in this scope	仍缺：未宣告 palCustomer		
LOW	cObserver.cpp	4230	4232	1	GATE (FW3A-7)		GATE (FW3A-7) -- Timer1 (see register)	Timer1->Enabled=false;			FAIL			yes	cObserver.cpp:4231:5: error: 'Timer1' was not declared in this scope	仍缺：未宣告 Timer1		
LOW	cObserver.cpp	4270	4275	4	GATE (FW3A-10)		GATE (FW3A-10) -- ReleaseDC/HDC/pCanvas have no port (see register)	ReleaseDC(0, DcSG2);			FAIL			yes	cObserver.cpp:4271:22: error: 'DcSG2' was not declared in this scope	仍缺：未宣告 DcSG2		
LOW	cObserver.cpp	4276	4282	5	GATE (FW3A-11)		GATE (FW3A-11) -- TfObserverChart has no SeriesList (see register)	for(int j=tcTotalCount-1; j>=0; j--)                                    //Steven 20210621 : 動態產生溫度線段			FAIL			yes	cObserver.cpp:4279:24: error: 'class TfObserverChart' has no member named 'SeriesList'; did you mean 'seriesList_'?	仍缺：TfObserverChart 沒有成員 SeriesList		
LOW	cObserver.cpp	4357	4359	1	GATE (FW3A-10)		GATE (FW3A-10) -- pCanvas/DcSG2 (see register)	pCanvas->Handle=DcSG2;			FAIL			yes	cObserver.cpp:4358:5: error: 'pCanvas' was not declared in this scope	仍缺：未宣告 pCanvas		
LOW	cObserver.cpp	4362	4372	9	GATE (FW3A-10)		GATE (FW3A-10) -- Str and the brush colour feed MyDrawText ONLY; no other	Str.sprintf("Row-%c", 'A'+rgContactCountKinds->ItemIndex);			FAIL			yes	cObserver.cpp:4367:16: error: 'pCanvas' was not declared in this scope	仍缺：未宣告 pCanvas		
LOW	cObserver.cpp	4418	4420	1	GATE (FW3A-10)		GATE (FW3A-10) -- pCanvas/DcSG3 (see register)	pCanvas->Handle=DcSG3;			FAIL			yes	cObserver.cpp:4419:5: error: 'pCanvas' was not declared in this scope	仍缺：未宣告 pCanvas		
LOW	cObserver.cpp	4423	4430	6	GATE (FW3A-10)		GATE (FW3A-10) -- Str + brush + the per-column MyDrawText run (see StringGrid2DrawCell's note)	Str.sprintf("Row-%c", 'A'+rgContactCountKinds->ItemIndex);			FAIL			yes	cObserver.cpp:4425:16: error: 'pCanvas' was not declared in this scope	仍缺：未宣告 pCanvas		
HIGH	cObserver.cpp	4455	4511	55	GATE (FW3A-10)		GATE (FW3A-10) -- no TCanvas anywhere in the tree (see register)	int iPos=iLeft;			FAIL			yes	cObserver.cpp:4461:13: error: 'pCanvas' was not declared in this scope	仍缺：未宣告 pCanvas	HIGH-KW HAS-#else	
LOW	cObserver.cpp	4530	4585	54	GATE (FW3A-10)		GATE (FW3A-10) -- no TCanvas/TRect/MyDrawText port (see register). Note the	pCanvas->Brush->Color = (TColor)0x00917B51;			FAIL			yes	cObserver.cpp:4533:5: error: 'pCanvas' was not declared in this scope	仍缺：未宣告 pCanvas	HAS-#else	
LOW	cObserver.cpp	4608	4774	165	GATE (FW3A-10)		GATE (FW3A-10) -- no TCanvas/TRect/HDC/MyDrawText port (see register). The	pCanvas->Handle=SGDC;			FAIL			yes	cObserver.cpp:4611:5: error: 'pCanvas' was not declared in this scope	仍缺：未宣告 pCanvas	HAS-#else	
LOW	cObserver.cpp	4840	4845	4	GATE (FW3A-4)		GATE (FW3A-4) -- RadioButton17..20 ->Checked has no value source in this port (see above)	if(RadioButton17->Checked) RowNo=0;			FAIL			yes	cObserver.cpp:4841:8: error: 'RadioButton17' was not declared in this scope	仍缺：未宣告 RadioButton17		
LOW	cObserver.cpp	5122	5127	4	GATE (B-SAFETY-2a)		GATE (B-SAFETY-2a) -- creates D:\PrecautionRecord on the real disk.	MyForceDirectories(aSavePath, "TfObserver::SavePrecautionMemoInformation_1");		sim+ship	PASS	LINK-OK	SHIP-OK	likely-no	(compiles: -fsyntax-only)	SAFETY 閘：編得過也先問筆電；會寫檔：先確認裁示允許寫這個檔；候選：照 golden 解開（先看風險標記）	SAFETY WRITES-FILE	
LOW	cObserver.cpp	5155	5162	6	GATE (B-SAFETY-2b)		GATE (B-SAFETY-2b) -- writes the record file to the real disk.	memoPtr->SaveToFile(aFileName);		sim+ship	PASS	LINK-OK	SHIP-OK	likely-no	(compiles: -fsyntax-only)	SAFETY 閘：編得過也先問筆電；會寫檔：先確認裁示允許寫這個檔；候選：照 golden 解開（先看風險標記）	SAFETY WRITES-FILE	
LOW	cObserver.cpp	5177	5185	7	GATE (B-SAFETY-2c)		GATE (B-SAFETY-2c) -- creates the customer-configured mirror directory and	MyForceDirectories(sFilePath, "TfObserver::SavePrecautionMemoInformation_2");		sim+ship	PASS	LINK-OK	SHIP-OK	likely-no	(compiles: -fsyntax-only)	SAFETY 閘：編得過也先問筆電；會寫檔：先確認裁示允許寫這個檔；候選：照 golden 解開（先看風險標記）	SAFETY WRITES-FILE	
LOW	cObserver.cpp	5192	5194	1	GATE (B-SAFETY-2d)		GATE (B-SAFETY-2d) -- see B-SAFETY-2c.	memoPtr->SaveToFile(sFilePathName);		sim+ship	PASS	LINK-OK	SHIP-OK	likely-no	(compiles: -fsyntax-only)	SAFETY 閘：編得過也先問筆電；會寫檔：先確認裁示允許寫這個檔；候選：照 golden 解開（先看風險標記）	SAFETY WRITES-FILE	
LOW	cObserver.cpp	5225	5229	3	GATE (B-SAFETY-3a)		GATE (B-SAFETY-3a) -- creates D:\PrecautionRecord\system on the real disk.	MyForceDirectories(aSavePath, "TfObserver::SavePrecautionParameter");       //Steven 20240925 : 修正先檢查資料夾才開檔案		sim+ship	PASS	LINK-OK	SHIP-OK	likely-no	(compiles: -fsyntax-only)	SAFETY 閘：編得過也先問筆電；會寫檔：先確認裁示允許寫這個檔；候選：照 golden 解開（先看風險標記）	SAFETY WRITES-FILE	
LOW	cObserver.cpp	5237	5263	25	GATE (B-SAFETY-3b)		GATE (B-SAFETY-3b) -- 11 INI writes + an N-iteration write loop, all of	INIFile->WriteString    ("Precaution", "DOCUMENT NO."                       , edPrecautionRecordDocumentNo->Text);		sim+ship	PASS	LINK-OK	SHIP-OK	likely-no	(compiles: -fsyntax-only)	SAFETY 閘：編得過也先問筆電；會寫檔：先確認裁示允許寫這個檔；候選：照 golden 解開（先看風險標記）	SAFETY WRITES-FILE	
LOW	cObserver.cpp	5483	5487	3	GATE (B-SAFETY-5a)		GATE (B-SAFETY-5a) -- creates D:\MajorMaintenanceRecord on the real disk.	MyForceDirectories(aSavePath, "TfObserver::SaveMajorMaintenanceInformation_1");		sim+ship	PASS	LINK-OK	SHIP-OK	likely-no	(compiles: -fsyntax-only)	SAFETY 閘：編得過也先問筆電；會寫檔：先確認裁示允許寫這個檔；候選：照 golden 解開（先看風險標記）	SAFETY WRITES-FILE	
LOW	cObserver.cpp	5518	5523	4	GATE (B-SAFETY-5b)		GATE (B-SAFETY-5b) -- writes the record file to the real disk.	memoPtr->SaveToFile(aFileName);		sim+ship	PASS	LINK-OK	SHIP-OK	likely-no	(compiles: -fsyntax-only)	SAFETY 閘：編得過也先問筆電；會寫檔：先確認裁示允許寫這個檔；候選：照 golden 解開（先看風險標記）	SAFETY WRITES-FILE	
LOW	cObserver.cpp	5538	5543	4	GATE (B-SAFETY-5c)		GATE (B-SAFETY-5c) -- creates the customer-configured mirror directory.	MyForceDirectories(sFilePath, "TfObserver::SaveMajorMaintenanceInformation_2");		sim+ship	PASS	LINK-OK	SHIP-OK	likely-no	(compiles: -fsyntax-only)	SAFETY 閘：編得過也先問筆電；會寫檔：先確認裁示允許寫這個檔；候選：照 golden 解開（先看風險標記）	SAFETY WRITES-FILE	
LOW	cObserver.cpp	5550	5552	1	GATE (B-SAFETY-5d)		GATE (B-SAFETY-5d) -- see B-SAFETY-5c.	memoPtr->SaveToFile(sFilePathName);		sim+ship	PASS	LINK-OK	SHIP-OK	likely-no	(compiles: -fsyntax-only)	SAFETY 閘：編得過也先問筆電；會寫檔：先確認裁示允許寫這個檔；候選：照 golden 解開（先看風險標記）	SAFETY WRITES-FILE	
LOW	cObserver.cpp	5632	5652	19	GATE (B-OSK-2)		GATE (B-OSK-2) -- AI(W906-FW3-Observer-W2) 20260825, added at merge.	PostMessage(hKeyboard, WM_CLOSE, 0, 0);		sim+ship	PASS	LINK-OK	SHIP-OK	likely-no	(compiles: -fsyntax-only)	候選：照 golden 解開（先看風險標記）		
LOW	cObserver.cpp	5656	5684	27	GATE (B-OSK-1)		GATE (B-OSK-1) -- ShellExecuteEx spawns C:\Windows\system32\osk.exe.	SHELLEXECUTEINFO execinfo;		sim+ship	PASS	LINK-OK	SHIP-OK	likely-no	(compiles: -fsyntax-only)	候選：照 golden 解開（先看風險標記）		
LOW	cObserver.cpp	6216	6218	1	GATE (C-log-1)		GATE (C-log-1) -- fProductionInfo->ShowModal() has no port (grep + date above)	fProductionInfo->ShowModal();			FAIL			yes	cObserver.cpp:6217:30: error: 'class TfProductionInfo' has no member named 'ShowModal'  (補 include forms/fProductionInfo.h 之後)	仍缺：TfProductionInfo 沒有成員 ShowModal		
LOW	cObserver.cpp	6251	6255	3	GATE (C-log-2a)		GATE (C-log-2a) -- no TSaveDialog port (grep + date above) + disk write	SaveDialog1->FileName="D:\\EventLog.xls";                               //Steven 20120921 : 存檔保護			FAIL			yes	cObserver.cpp:6252:9: error: 'SaveDialog1' was not declared in this scope	仍缺：未宣告 SaveDialog1	SAFETY	
LOW	cObserver.cpp	6265	6272	6	GATE (C-log-2b)		GATE (C-log-2b) -- no TSaveDialog port + SGDToCSV is a REAL disk write	SaveDialog1->FileName="D:\\EventLog.csv";			FAIL			yes	cObserver.cpp:6266:9: error: 'SaveDialog1' was not declared in this scope	仍缺：未宣告 SaveDialog1	SAFETY	
LOW	cObserver.cpp	6286	6290	3	GATE (C-log-2c)		GATE (C-log-2c) -- no TSavePictureDialog, no TfObserverChart::SaveToBitmapFile (greps + date above) + disk write	SavePictureDialog1->FileName="D:\\EventLog.BMP";                        //Steven 20120921 : 存檔保護			FAIL			yes	cObserver.cpp:6287:9: error: 'SavePictureDialog1' was not declared in this scope	仍缺：未宣告 SavePictureDialog1		
LOW	cObserver.cpp	6486	6488	1	GATE (C-log-3)		GATE (C-log-3) -- vclcompat::TDateTime has no DayOfWeek() (grep + date above)	iWeek=dtNow.DayOfWeek()-1;			FAIL			yes	cObserver.cpp:6487:17: error: 'class vclcompat::TDateTime' has no member named 'DayOfWeek'	仍缺：vclcompat::TDateTime 沒有成員 DayOfWeek		
LOW	cObserver.cpp	6567	6569	1	GATE (C-log-5a)		GATE (C-log-5a) -- SaveEventLogAutoSaveInfo() writes D:\HT9045\config\config.ini (cprod.cpp:3333-3346); SAFETY	SaveEventLogAutoSaveInfo();                                 //Steven 20110603		sim+ship	PASS	LINK-OK	SHIP-OK	likely-no	(compiles: -fsyntax-only)	SAFETY 閘：編得過也先問筆電；候選：照 golden 解開（先看風險標記）	SAFETY	
LOW	cObserver.cpp	6593	6595	1	GATE (C-log-5b)		GATE (C-log-5b) -- SaveEventLogAutoSaveInfo() writes D:\HT9045\config\config.ini; SAFETY	SaveEventLogAutoSaveInfo();                                 //Steven 20110603		sim+ship	PASS	LINK-OK	SHIP-OK	likely-no	(compiles: -fsyntax-only)	SAFETY 閘：編得過也先問筆電；候選：照 golden 解開（先看風險標記）	SAFETY	
LOW	cObserver.cpp	6619	6621	1	GATE (C-log-5c)		GATE (C-log-5c) -- SaveEventLogAutoSaveInfo() writes D:\HT9045\config\config.ini; SAFETY	SaveEventLogAutoSaveInfo();                                 //Steven 20110603		sim+ship	PASS	LINK-OK	SHIP-OK	likely-no	(compiles: -fsyntax-only)	SAFETY 閘：編得過也先問筆電；候選：照 golden 解開（先看風險標記）	SAFETY	
LOW	cObserver.cpp	6645	6647	1	GATE (C-log-5d)		GATE (C-log-5d) -- SaveEventLogAutoSaveInfo() writes D:\HT9045\config\config.ini; SAFETY	SaveEventLogAutoSaveInfo();                                 //Steven 20110603		sim+ship	PASS	LINK-OK	SHIP-OK	likely-no	(compiles: -fsyntax-only)	SAFETY 閘：編得過也先問筆電；候選：照 golden 解開（先看風險標記）	SAFETY	
LOW	cObserver.cpp	6996	7001	4	GATE (C-log-9)		GATE (C-log-9) -- no TOpenDialog port (grep + date above)	if(OpenDialog1->Execute())			FAIL			yes	cObserver.cpp:6997:8: error: 'OpenDialog1' was not declared in this scope	仍缺：未宣告 OpenDialog1		
LOW	cObserver.cpp	7172	7175	2	GATE (C-log-10)		GATE (C-log-10) -- SAFETY: writes D:\HT9045\system\2.bat then spawns it (both callees REAL, see note)	TestList->SaveToFile("D:\\HT9045\\system\\2.bat");		sim+ship	PASS	LINK-OK	SHIP-OK	likely-no	(compiles: -fsyntax-only)	SAFETY 閘：編得過也先問筆電；會寫檔：先確認裁示允許寫這個檔；候選：照 golden 解開（先看風險標記）	SAFETY WRITES-FILE	
LOW	cObserver.cpp	7254	7272	17	GATE (C-log-11)		GATE (C-log-11) -- fSCKART->sInfoArr_*/iInfo_MultiLotCnt absent AND the 17 pal* panels absent (greps + date above)	palCustomer->Caption        =fSCKART->sInfoArr_Customer[Tag];			FAIL			yes	cObserver.cpp:7255:5: error: 'palCustomer' was not declared in this scope	仍缺：未宣告 palCustomer		
LOW	cObserver_TimeInfo.cpp	248	250	1	GATE(W906-W2-3)		GATE(W906-W2-3) G1: fLotInfo has no lbESDReportData (St01's facade; the ESD report source is not ported either) -- per-IC ESD value not recorded -- golden cObserver.cpp:2037	TestSocket.PordRec[i][j].AddESDRecord(fLotInfo->lbESDReportData->Caption);  //Sam 20211223 : 每顆 IC 測試完畢都要記錄當時的 Ground & ESD 數值。			FAIL			yes	cObserver_TimeInfo.cpp:249:61: error: 'class TfLotInfo' has no member named 'lbESDReportData'  (補 include forms/fLotInfo.h 之後)	仍缺：TfLotInfo 沒有成員 lbESDReportData		
LOW	cObserver_TimeInfo.cpp	330	333	2	GATE(W906-W2-3)		GATE(W906-W2-3) G2 web-display: fShowMessage has no lblIndexCycleTime / lblTestTime (the page shows the TimeInfoGrid numbers) -- golden cObserver.cpp:2117-2118	fShowMessage->lblIndexCycleTime->Caption="   Index Cycle Time="+fObserver->strngrdTestTime->Cells[4][11]+" sec";			FAIL			yes	cObserver_TimeInfo.cpp:331:31: error: 'class TfShowMessage' has no member named 'lblIndexCycleTime'  (補 include forms/fShowMessage.h 之後)	仍缺：TfShowMessage 沒有成員 lblIndexCycleTime		
LOW	cObserver_TimeInfo.cpp	337	340	2	GATE(W906-W2-3)		GATE(W906-W2-3) G2 web-display: fShowMessage has no lblIndexCycleTime / lblTestTime (the page shows the TimeInfoGrid numbers) -- golden cObserver.cpp:2122-2123	fShowMessage->lblIndexCycleTime->Caption="   Index Cycle Time="+fObserver->TimeInfoGrid->Cells[4][11]+" sec";			FAIL			yes	cObserver_TimeInfo.cpp:338:31: error: 'class TfShowMessage' has no member named 'lblIndexCycleTime'  (補 include forms/fShowMessage.h 之後)	仍缺：TfShowMessage 沒有成員 lblIndexCycleTime		
LOW	cObserver_TimeInfo.cpp	346	349	2	GATE(W906-W2-3)		GATE(W906-W2-3) G2 web-display: fShowMessage has no lblIndexCycleTime / lblTestTime (the page shows the TimeInfoGrid numbers) -- golden cObserver.cpp:2129-2130	fShowMessage->lblIndexCycleTime->Caption="";			FAIL			yes	cObserver_TimeInfo.cpp:347:23: error: 'class TfShowMessage' has no member named 'lblIndexCycleTime'  (補 include forms/fShowMessage.h 之後)	仍缺：TfShowMessage 沒有成員 lblIndexCycleTime		
LOW	cSecurity.cpp	71	260	188			mySecurityPal stays empty; iMaxLevelItem (file-scope global above) stays 0 -- see forms/fSecurity.h "EMERGENT BEHAVIOUR" for what that does to Insufficient() today.	DefaultImg=fMain->sbSetting->Glyph;			FAIL			yes	cSecurity.cpp:72:23: error: 'class TfMain' has no member named 'sbSetting'	仍缺：TfMain 沒有成員 sbSetting		
LOW	cSecurity.cpp	456	489	32	GATE SEC1)		TPanel exposes a child-control list in vclcompat). Its entire purpose is positioning the (always-empty this wave, GATE SEC1) mySecurityPal panels -- see forms/fSecurity.h banner.	int iPitch=52, iStart=2;                                                    //重新排列位置 Start			FAIL			yes	cSecurity.cpp:458:36: error: 'class vclcompat::TPageControl' has no member named 'ControlCount'; did you mean 'TControl'?	仍缺：vclcompat::TPageControl 沒有成員 ControlCount	UI-STATE	
LOW	cSecurity.cpp	547	647	99			---------------------------------------------------------------------------	mySecurityPal[ 9]->SetVisible(true);                                        //kevin 20180917			FAIL			yes	cSecurity.cpp:566:55: error: 'UseCanBusOrEtherCAT' was not declared in this scope	仍缺：未宣告 UseCanBusOrEtherCAT		
LOW	cSecurity.cpp	690	901	210				AnsiString asLevel=iLevel;			FAIL			yes	cSecurity.cpp:795:44: error: 'class vclcompat::StringsProxy' has no member named 'Pos'  (補 include forms/fLogin.h 之後)	仍缺：vclcompat::StringsProxy 沒有成員 Pos	WRITES-FILE	
LOW	cSecurity.cpp	940	976	35	GATE SEC1)		RadioGroup/SpeedButton geometry (->Left/->Top/->Width/->Height) and Name do not exist on vclcompat's TPanel/TRadioGroup/TSpeedButton. TMySecurity is unreachable this wave (GATE SEC1) regardless.	Panel=new TPanel(this);			FAIL			yes	cSecurity.cpp:941:26: error: no matching function for call to 'vclcompat::TPanel::TPanel(TMySecurity*)'	仍缺：沒有相符的函式 vclcompat::TPanel::TPanel(TMySecurity*)	HAS-#else	
LOW	cSecurity.cpp	988	1031	42	GATE (SEC10)		GATE (SEC10): entire body -- see forms/fSecurity.h banner.	Panel->Parent=Sender;			FAIL			yes	cSecurity.cpp:989:12: error: 'class vclcompat::TPanel' has no member named 'Parent'	仍缺：vclcompat::TPanel 沒有成員 Parent	HAS-#else	
LOW	cSecurity.cpp	1037	1043	5	GATE (SEC10)		GATE (SEC10): entire body -- see forms/fSecurity.h banner.	Panel->Top=Top;		sim+ship	PASS	LINK-OK	SHIP-OK	likely-no	(compiles: -fsyntax-only)	候選：照 golden 解開（先看風險標記）	HAS-#else	
LOW	cSecurity.cpp	1051	1063	11	GATE (SEC10)		GATE (SEC10): entire body -- see forms/fSecurity.h banner (Name does not exist on TPanel/TRadioGroup/TSpeedButton; RadioGroup has no Caption member either).	this->index=index;			FAIL			yes	cSecurity.cpp:1054:12: error: 'class vclcompat::TPanel' has no member named 'Name'	仍缺：vclcompat::TPanel 沒有成員 Name	HAS-#else	
LOW	cSecurity.cpp	1564	1569	4			`AlarmUnitMap` member (0 hits, grepped this wave). No known caller exists yet anywhere in the port tree (grepped this wave) -- this default has no observable consumer today.	return fMain->AlarmUnitMap[sJamArea];                                       //Steven 20231127 : 整理Alarm Unit			FAIL			yes	cSecurity.cpp:1565:19: error: 'class TfMain' has no member named 'AlarmUnitMap'; did you mean 'AlarmCodeMap'?	仍缺：TfMain 沒有成員 AlarmUnitMap	HAS-#else	
LOW	cSecurity.cpp	1955	1967	11	GATE (SEC9)		GATE (SEC9): the whole `if(IniConfig.bSIGURDFunction)` block writes under D:\HT9045\system\ (SG_PW.ini) -- on the task brief's explicit write-gate list. DEFAULT: return golden's own pre-set literal below.	if(IniConfig.bSIGURDFunction)		sim+ship	PASS	LINK-OK	SHIP-OK	likely-no	(compiles: -fsyntax-only)	會寫檔：先確認裁示允許寫這個檔；候選：照 golden 解開（先看風險標記）	WRITES-FILE	
LOW	cSensorScan.cpp	158	160	1	GATE(W906-SENSORSCAN-G1)		GATE(W906-SENSORSCAN-G1) 缺 fSCKART->UpdateCount()：forms/fSCKART.h:74-186 的 class TfSCKART 沒有 UpdateCount 成員（Grep "UpdateCount" 於 forms/ 0 命中）；翻好的 SckArtRem_UpdateCount（Automation/SCK_ART_Remainder.cpp:638）要一個 SckArtRemainderState，全樹沒有全域實例（Grep 只有 tests/ 的區域變數）—— 同 aoutarm.cpp:2914 GATE G14 的缺件。⚠ gol	fSCKART->UpdateCount();			FAIL			yes	cSensorScan.cpp:159:22: error: 'class TfSCKART' has no member named 'UpdateCount'; did you mean 'iLotCount'?  (補 include forms/fSCKART.h 之後)	仍缺：TfSCKART 沒有成員 UpdateCount		
LOW	cSensorScan.cpp	164	199	34	GATE(W906-SENSORSCAN-G2)		GATE(W906-SENSORSCAN-G2) 缺 fLotInfo 的 ART 盤數 edit：edInputAmount／edLoadingCnt／edAuto1Cnt／edAuto1Cnt_KS／edAuto2Cnt／edAuto2Cnt_KS／edAuto3Cnt／edAuto3Cnt_KS 在 forms/fLotInfo.h 0 命中（Grep；只出現在 csystem.cpp 的 #if 0 golden 副本與 tools/dfm2rc 產生表）。這段只寫畫面	fLotInfo->edInputAmount->Text   =LastSet.iLoaderTotalTray;			FAIL			yes	cSensorScan.cpp:165:23: error: 'class TfLotInfo' has no member named 'edInputAmount'	仍缺：TfLotInfo 沒有成員 edInputAmount		
LOW	cSensorScan.cpp	202	301	98	GATE(W906-SENSORSCAN-G3)		GATE(W906-SENSORSCAN-G3) 缺 fLotInfo 的 ART limit／yield 顯示元件：LART_Passlimit／LART_Openlimit／LART_RecoverPasslimit、eART_Limit／eART_Count／eART_Passlimit(L)／eART_PassYield／eART_Openlimit(L)／eART_OpenYield／eART_RecoverPasslimit(L)／eART_RecoverPassYield、edARTMaxLimit／edCurrARTRate／edARTPassLimit／edCurrARTCn	if(CUSTOMER_CODE==CC_ASE_KaohSiung)                                     //kevin 20150601 autotest Data			FAIL			yes	cSensorScan.cpp:205:23: error: 'class TfLotInfo' has no member named 'LART_Passlimit'; did you mean 'ART_Panel'?	仍缺：TfLotInfo 沒有成員 LART_Passlimit		
LOW	cSensorScan.cpp	322	353	30	GATE(W906-SENSORSCAN-G4)		GATE(W906-SENSORSCAN-G4) 缺 fLotInfo->labLotTrayCount_KYEC（條件式本身就讀它）與 edInputAmount／edLoadingCnt：forms/fLotInfo.h 0 命中（Grep）—— 與 csystem.cpp:10478 那個 g3-G04 閘同一個缺件，解閘時兩處一起解。⚠ 本體除了畫面還有狀態寫入：TestIF_File.iAMRLDNowTrayCount、bNeedCoverTray[]、RecordProcess、bReflashTrayCount=false；閘住的後果是 AMR 模式下 bReflashTray	if((atoi(fLotInfo->labLotTrayCount_KYEC->Caption.c_str())==0 && LastSet.iLoaderTotalTray!=0) && bReflashTrayCount)			FAIL			yes	cSensorScan.cpp:323:28: error: 'class TfLotInfo' has no member named 'labLotTrayCount_KYEC'; did you mean 'labAuto1TrayCount_KYEC'?	仍缺：TfLotInfo 沒有成員 labLotTrayCount_KYEC		
LOW	cSetUp.cpp	621	623	1	GATE(G-SU-SiteMapChk)		GATE(G-SU-SiteMapChk) -- TfMain facade has no cbDisableSiteMappingCheck (golden main.h, a TCheckBox). golden :2496/:2500 -- UI mirror of IniConfig.bI21EnableASMByRecipe; the ini value itself is read and stored ACTIVE, only the checkbox echo is gated.	fMain->cbDisableSiteMappingCheck->Visible=IniConfig.bI21EnableASM;			FAIL			yes	cSetUp.cpp:622:20: error: 'class TfMain' has no member named 'cbDisableSiteMappingCheck'	仍缺：TfMain 沒有成員 cbDisableSiteMappingCheck		
LOW	cSetUp.cpp	627	629	1	GATE(G-SU-SiteMapChk)		GATE(G-SU-SiteMapChk) -- TfMain facade has no cbDisableSiteMappingCheck (golden main.h, a TCheckBox). golden :2496/:2500 -- UI mirror of IniConfig.bI21EnableASMByRecipe; the ini value itself is read and stored ACTIVE, only the checkbox echo is gated.	fMain->cbDisableSiteMappingCheck->Visible=false;			FAIL			yes	cSetUp.cpp:628:20: error: 'class TfMain' has no member named 'cbDisableSiteMappingCheck'	仍缺：TfMain 沒有成員 cbDisableSiteMappingCheck		
LOW	cSetUp.cpp	899	901	1	GATE(G-SU-RpMonitor)		GATE(G-SU-RpMonitor) -- TfRPDefault::ShowMonitoredParameter is DECLARED but its body in forms/fRPDefault.cpp sits inside a #if 0, so it does not link. golden :2778.	fRPDefault->ShowMonitoredParameter();		sim+ship	PASS	LINK-MISSING TfRPDefault::ShowMonitoredParameter()		yes（連結層）	(compiles: -fsyntax-only)	仍缺（連結層：有宣告、全樹沒有本體）：TfRPDefault::ShowMonitoredParameter()		
LOW	cSetUp.cpp	915	917	1	GATE(G-SU-Ocr)		GATE(G-SU-Ocr) -- forms/fOCR.h has SetOcrFileName and cbEnableOcr (both ACTIVE here) but no SetOcrInspText. golden :2668. TestIF_File.sOcrText IS still read from the ini above; only pushing it into the OCR form is gated.	fOCR->SetOcrInspText(TestIF_File.sOcrText);                                 //Steven 20120716 : OCR			FAIL			yes	cSetUp.cpp:916:11: error: 'class TfOCR' has no member named 'SetOcrInspText'	仍缺：TfOCR 沒有成員 SetOcrInspText		
LOW	cSetUp.cpp	918	920	1	GATE(G-SU-OcrChk)		GATE(G-SU-OcrChk) -- TfOCR facade has no cbEnableOcr (golden OCR.h, a TCheckBox). golden :2669. TestIF_File.bOcrFunction is still read ACTIVE; only the checkbox echo is gated.	fOCR->cbEnableOcr->Checked  =TestIF_File.bOcrFunction;                                                  //Steven 20120716 : OCR			FAIL			yes	cSetUp.cpp:919:11: error: 'class TfOCR' has no member named 'cbEnableOcr'	仍缺：TfOCR 沒有成員 cbEnableOcr		
LOW	cSetUp.cpp	983	985	1	GATE(G-SU-LockByFile)		GATE(G-SU-LockByFile) -- the only `fConfiguration` in this tree is W5SckArtRem_ConfigStub (Automation/SCK_ART_Remainder.h:599), a different type with no ReadLockByFile. golden :2739 -- the RTC lock-by-file read.	fConfiguration->ReadLockByFile();			FAIL			yes	cSetUp.cpp:984:25: error: 'struct W5SckArtRem_ConfigStub' has no member named 'ReadLockByFile'  (補 include Automation/SCK_ART_Remainder.h 之後)	仍缺：W5SckArtRem_ConfigStub 沒有成員 ReadLockByFile		
LOW	cSetUp.cpp	1001	1003	1	GATE(G-SU-Restart)		GATE(G-SU-Restart) -- fMain facade has no bNeedRestartProgram (golden main.h). golden :2748/:2766/:2794. This is a WRITE, so gating it has a consequence: the 'restart to activate RTC' request is silently dropped offline. The ShowMyMessage that announces it to the operator stays ACTIVE above, so the 	fMain->bNeedRestartProgram=true;			FAIL			yes	cSetUp.cpp:1002:24: error: 'class TfMain' has no member named 'bNeedRestartProgram'; did you mean 'RunTestProgram'?	仍缺：TfMain 沒有成員 bNeedRestartProgram		
LOW	cSetUp.cpp	1021	1023	1	GATE(G-SU-Restart)		GATE(G-SU-Restart) -- fMain facade has no bNeedRestartProgram (golden main.h). golden :2748/:2766/:2794. This is a WRITE, so gating it has a consequence: the 'restart to activate RTC' request is silently dropped offline. The ShowMyMessage that announces it to the operator stays ACTIVE above, so the 	fMain->bNeedRestartProgram=true;			FAIL			yes	cSetUp.cpp:1022:24: error: 'class TfMain' has no member named 'bNeedRestartProgram'; did you mean 'RunTestProgram'?	仍缺：TfMain 沒有成員 bNeedRestartProgram		
LOW	cSetUp.cpp	1051	1053	1	GATE(G-SU-Restart)		GATE(G-SU-Restart) -- fMain facade has no bNeedRestartProgram (golden main.h). golden :2748/:2766/:2794. This is a WRITE, so gating it has a consequence: the 'restart to activate RTC' request is silently dropped offline. The ShowMyMessage that announces it to the operator stays ACTIVE above, so the 	fMain->bNeedRestartProgram=true;			FAIL			yes	cSetUp.cpp:1052:16: error: 'class TfMain' has no member named 'bNeedRestartProgram'; did you mean 'RunTestProgram'?	仍缺：TfMain 沒有成員 bNeedRestartProgram		
LOW	cSetUp.cpp	1127	1129	1	GATE(G-SU-OcrFile)		GATE(G-SU-OcrFile) -- TfOCR facade has no SetOcrFileName. golden :2835/:2841.	fOCR->SetOcrFileName(fMain->cbSetupFileName->Text);			FAIL			yes	cSetUp.cpp:1128:31: error: 'class TfOCR' has no member named 'SetOcrFileName'	仍缺：TfOCR 沒有成員 SetOcrFileName		
LOW	cSetUp.cpp	1135	1137	1	GATE(G-SU-OcrFile)		GATE(G-SU-OcrFile) -- TfOCR facade has no SetOcrFileName. golden :2835/:2841.	fOCR->SetOcrFileName(fMain->cbSetupFileName->Text);             //所以也要初始化工作檔			FAIL			yes	cSetUp.cpp:1136:23: error: 'class TfOCR' has no member named 'SetOcrFileName'	仍缺：TfOCR 沒有成員 SetOcrFileName		
LOW	cSetUp.cpp	1202	1204	1	GATE(G-SU-StartCond)		GATE(G-SU-StartCond) -- forms/fStartCondition.h states outright there is NO `extern TfStartCondition *fStartCondition` yet (integration pending). golden :2945.	fStartCondition->ReadWriteStartCondition(true);                             //Steven 20250822 : 調整位置			FAIL			yes	fStartCondition.h:339:5: error: 'AnsiString' does not name a type  (補 include forms/fStartCondition.h + vclcompat/AnsiString.h 之後)	仍缺：未宣告 AnsiString		
LOW	cSetUp.cpp	1221	1223	1	GATE(G-SU-TemperFrom)		GATE(G-SU-TemperFrom) -- forms/fTemperFrom.h states outright it does NOT declare `extern TfTemperFrom *fTemperFrom` yet (integration pending). golden :2825/:2952.	fTemperFrom->SetIndex16HeaterPos();                                 //Steven 20111208 : 重新排列溫控器位置			FAIL			yes	cSetUp.cpp:1222:26: error: 'class TfTemperFrom' has no member named 'SetIndex16HeaterPos'	仍缺：TfTemperFrom 沒有成員 SetIndex16HeaterPos		
LOW	cSetUp.cpp	1228	1230	1	GATE(G-SU-AcBtn)		GATE(G-SU-AcBtn) -- fMain facade has no bEnableAutoclean (golden main.h:1350, 'show autoclean button'). golden :2954. Pure UI affordance, no state.	fMain->bEnableAutoclean();                                                  //kevin 20130429 autoclean			FAIL			yes	cSetUp.cpp:1229:12: error: 'class TfMain' has no member named 'bEnableAutoclean'; did you mean 'labAutoClean'?	仍缺：TfMain 沒有成員 bEnableAutoclean		
LOW	cSetUp.cpp	1461	1463	1	GATE(G-Align)		GATE(G-Align)	MyTempRGBox[i]->Align=alTop;			FAIL			yes	cSetUp.cpp:1462:25: error: 'class TfSetupSensorRadioGroup' has no member named 'Align'	仍缺：TfSetupSensorRadioGroup 沒有成員 Align		
LOW	cSetUp.cpp	1471	1473	1	GATE(G-Delegate)		GATE(G-Delegate)	MyTempRGBox[i]->OnClick=rgSensor1Click;			FAIL			yes	cSetUp.cpp:1472:25: error: 'class TfSetupSensorRadioGroup' has no member named 'OnClick'; did you mean 'Click'?	仍缺：TfSetupSensorRadioGroup 沒有成員 OnClick		
LOW	cShowBinSelect.cpp	861	896	34	GATE (B2)		GATE (B2): fail-closed -- the destructive row-delete loop below does not run without a real confirm dialog.	if (Application->MessageBoxA("Do you want to delete this record?", "Confirm", MB_OKCANCEL) == IDOK)			FAIL			yes	cShowBinSelect.cpp:862:17: error: 'Application' was not declared in this scope	仍缺：未宣告 Application		
LOW	cSocket.cpp	1058	1077	18	GATE (1)		GATE (1): fSCKART->iInfo_MultiLotCnt / fSCKART->sInfoArr_InnerLotID -- golden :848-855. See file banner GATE REGISTER.	for(int j=0; j<fSCKART->iInfo_MultiLotCnt; j++)			FAIL			yes	cSocket.cpp:1059:41: error: 'class TfSCKART' has no member named 'iInfo_MultiLotCnt'	仍缺：TfSCKART 沒有成員 iInfo_MultiLotCnt	HAS-#else	
LOW	cSocket.cpp	1132	1145	12	GATE (1)		GATE (1): fSCKART->iInfo_MultiLotCnt / fSCKART->sInfoArr_InnerLotID -- golden :910-917. See file banner GATE REGISTER.	for(int j=0; j<fSCKART->iInfo_MultiLotCnt; j++)			FAIL			yes	cSocket.cpp:1133:41: error: 'class TfSCKART' has no member named 'iInfo_MultiLotCnt'	仍缺：TfSCKART 沒有成員 iInfo_MultiLotCnt	HAS-#else	
HIGH	cSpeed.cpp	109	115	5				edtHPVacuumDelay->Hint="edtHPVacuumDelay";                                  //Sam 20201209 : Default Recipe ChangeLog			FAIL			yes	cSpeed.cpp:114:23: error: 'class vclcompat::TEdit' has no member named 'Hint'	仍缺：vclcompat::TEdit 沒有成員 Hint	HIGH-KW	
LOW	cSpeed.cpp	126	131	4				PageControl1->ActivePage=tsAllSpeed;			FAIL			yes	cSpeed.cpp:130:19: error: 'class vclcompat::TPageControl' has no member named 'ActivePage'; did you mean 'ActivePageIndex'?	仍缺：vclcompat::TPageControl 沒有成員 ActivePage		
LOW	cSpeed.cpp	290	294	3				rbTemp->SetFocus();		sim+ship	PASS	LINK-OK	SHIP-OK	likely-no	(compiles: -fsyntax-only)	候選：照 golden 解開（先看風險標記）		
LOW	cSpeed.cpp	889	977	87				if(LoaderUnload_StepMotor)                                                  //Steven 20200529 : Loader入Tray改步進			FAIL			yes	cSpeed.cpp:898:13: error: 'dmTrayMotor' was not declared in this scope	仍缺：未宣告 dmTrayMotor		
LOW	cSpeed.cpp	1672	1684	11	GATE (W21-G1)		GATE (W21-G1): golden :1791.  BOTH halves absent from the port --	fShowMessage->sgdSpeedView->Repaint();			FAIL			yes	cSpeed.cpp:1683:19: error: 'class TfShowMessage' has no member named 'sgdSpeedView'  (補 include forms/fShowMessage.h 之後)	仍缺：TfShowMessage 沒有成員 sgdSpeedView		
LOW	cStartCondition.cpp	220	222	1	GATE (SC1)		GATE (SC1): golden :145 `LastSet.iStartMode=2;` -- hidden write inside a function named "Show". See fStartCondition.h banner.	LastSet.iStartMode=2;		sim+ship	PASS	LINK-OK	SHIP-OK	likely-no	(compiles: -fsyntax-only)	候選：照 golden 解開（先看風險標記）		
LOW	cStartCondition.cpp	257	259	1	GATE (SC2)		GATE (SC2): golden :171 `LastSet.iStartMode=1;` -- hidden write.	LastSet.iStartMode=1;		sim+ship	PASS	LINK-OK	SHIP-OK	likely-no	(compiles: -fsyntax-only)	候選：照 golden 解開（先看風險標記）		
LOW	cStartCondition.cpp	415	475	59			per-page editContactCountAlarm->Text fill both key off `pgLifeTime->ActivePage==tsConditionNN` -- vclcompat::TPageControl has no pointer-valued ActivePage. See file-head GATE register.	if(pgLifeTime->ActivePage==tsCondition01)                               //Active Page 在第1頁			FAIL			yes	cStartCondition.cpp:416:24: error: 'class vclcompat::TPageControl' has no member named 'ActivePage'; did you mean 'ActivePageIndex'?	仍缺：vclcompat::TPageControl 沒有成員 ActivePage		
LOW	cStartCondition.cpp	698	715	16			---------------------------------------------------------------------------	if(pgLifeTime->ActivePage==tsCondition01)			FAIL			yes	cStartCondition.cpp:699:20: error: 'class vclcompat::TPageControl' has no member named 'ActivePage'; did you mean 'ActivePageIndex'?	仍缺：vclcompat::TPageControl 沒有成員 ActivePage		
HIGH	cStartCondition.cpp	813	824	10	GATE (SC4)		GATE (SC4): self-healing negative-count clamp + persist.	if(Cylinder[i].iOnOffCount<0)   //超出變數極限變負值			FAIL			yes	cStartCondition.cpp:818:44: error: 'NewRecordProcess' was not declared in this scope	仍缺：未宣告 NewRecordProcess	HIGH-KW HAS-#else	
HIGH	cStartCondition.cpp	925	956	30			---------------------------------------------------------------------------	AnsiString s="";			FAIL			yes	cStartCondition.cpp:927:23: error: 'clBtnFace' was not declared in this scope	仍缺：未宣告 clBtnFace	HIGH-KW HAS-#else	
LOW	cStateRecord.cpp	697	701	3	GATE(W906-STATEREC-G8)		GATE(W906-STATEREC-G8) VCL Dialogs.hpp 的 ShowMessage（模態框）移植樹沒有宣告（Grep 全樹 *.h 0 個宣告；Command.cpp:12000、ATC/ATCSystem.cpp:196 同一個缺件各自閘住）	ShowMessage("SaveDecisionVariables Error!");			FAIL			yes	cStateRecord.cpp:698:51: error: 'ShowMessage' was not declared in this scope	仍缺：未宣告 ShowMessage	HAS-#else	
LOW	cStateRecord.cpp	729	731	1	GATE(W906-STATEREC-G1)		GATE(W906-STATEREC-G1) StatusBar1（golden main.h TStatusBar*）移植樹沒有：Grep 全樹 *.h 的 StatusBar1 在 forms/fMain.h 0 命中。純顯示。	StatusBar1->Panels->Items[6]->Text=sAlarmTime;                          //Ifor 20160503 KYEC 客戶要求顯示詳細時間			FAIL			yes	cStateRecord.cpp:730:9: error: 'StatusBar1' was not declared in this scope	仍缺：未宣告 StatusBar1		
LOW	cStateRecord.cpp	758	763	4	GATE(W906-STATEREC-G2)		GATE(W906-STATEREC-G2) 螢幕解析度只給下面的抓圖用；抓圖本身缺 VCL 視窗（見函式頭）	int iScrW=XResolution;                                                      //Steven 20260504 : Support 1920x1080 and 1280x1024		sim+ship	PASS	LINK-OK	SHIP-OK	likely-no	(compiles: -fsyntax-only)	候選：照 golden 解開（先看風險標記）		
LOW	cStateRecord.cpp	768	779	10	GATE(W906-STATEREC-G2)		GATE(W906-STATEREC-G2) 缺 ImageRecord（TImage）／MainFormSizeToEpson／BringToFront／pgMotionView：Grep forms/fMain.h 0 命中；wb_serve 沒有 VCL 視窗可 BitBlt	ImageRecord->Height=iScrH;                                          //Steven 20260504 : Use actual screen resolution			FAIL			yes	cStateRecord.cpp:769:13: error: 'ImageRecord' was not declared in this scope	仍缺：未宣告 ImageRecord	WRITES-FILE	
LOW	cStateRecord.cpp	784	790	5	GATE(W906-STATEREC-G2)		GATE(W906-STATEREC-G2) 同上（MotorView.bmp）	MainFormSizeToEpson(false);			FAIL			yes	cStateRecord.cpp:785:38: error: 'MainFormSizeToEpson' was not declared in this scope	仍缺：未宣告 MainFormSizeToEpson	WRITES-FILE	
LOW	cStateRecord.cpp	795	802	6	GATE(W906-STATEREC-G2)		GATE(W906-STATEREC-G2) 同上（MotionView.bmp）；另缺 HVisionWnd（golden TfMain 的 HWND 成員，forms/fMain.h 0 命中）	MainFormSizeToEpson(false);			FAIL			yes	cStateRecord.cpp:796:38: error: 'MainFormSizeToEpson' was not declared in this scope	仍缺：未宣告 MainFormSizeToEpson	WRITES-FILE	
LOW	cStateRecord.cpp	807	811	3	GATE(W906-STATEREC-G2)		GATE(W906-STATEREC-G2) 同上（GPIB.bmp：把 GPIB 橋接程式的視窗叫到前面再抓）	SetForegroundWindow(HVisionWnd);                                    //Richard 20230418 : 有時沒切到畫面			FAIL			yes	cStateRecord.cpp:808:33: error: 'HVisionWnd' was not declared in this scope	仍缺：未宣告 HVisionWnd	WRITES-FILE	
LOW	cStateRecord.cpp	816	826	9	GATE(W906-STATEREC-G2)		GATE(W906-STATEREC-G2) 畫面還原：缺 Application／ImageRecord／fNote->BringToFront／MainFormSizeToEpson／sbStateRecord／sbStateRecord2／sbReturnToMainClick（forms/fMain.h:64-66 記載 sbStateRecord 刻意沒加）	Application->BringToFront();			FAIL			yes	cStateRecord.cpp:817:13: error: 'Application' was not declared in this scope	仍缺：未宣告 Application	UI-STATE	
LOW	cStateRecord.cpp	830	833	2	GATE(W906-STATEREC-G2)		GATE(W906-STATEREC-G2) 同上	sbStateRecord2->Down=false;			FAIL			yes	cStateRecord.cpp:831:13: error: 'sbStateRecord2' was not declared in this scope	仍缺：未宣告 sbStateRecord2		
LOW	cStateRecord.cpp	853	865	11			MOVED-BG(W906-STATEREC) 使用者 20260924 裁決：7z／Del_Tree／開資料夾交給背景執行緒，見本檔 RunStateRecordJob（不是缺相依的閘）	if(FileExists("d:\\HT9045\\7z.exe"))                                //KenHsieh 20230105 : 新增StateRecord 另存路徑		sim+ship	PASS	LINK-OK	SHIP-OK	likely-no	(compiles: -fsyntax-only)	候選：照 golden 解開（先看風險標記）		
LOW	cStateRecord.cpp	1043	1047	3	GATE(W906-STATEREC-G3)		GATE(W906-STATEREC-G3) UpdateTaskList（golden main.cpp:6381-6400）只把 QueueTaskList 寫進 sgTaskList（golden main.h:553 TStringGrid），	UpdateTaskList();			FAIL			yes	cStateRecord.cpp:1046:20: error: 'UpdateTaskList' was not declared in this scope	仍缺：未宣告 UpdateTaskList		
LOW	cStateRecord.cpp	1055	1066	10	GATE(W906-STATEREC-G4)		GATE(W906-STATEREC-G4) SaveDialog1（golden main.h:129 TSaveDialog）移植樹沒有（forms/fMain.h 0 命中）；網頁模式下 wb_serve 也沒有可彈的檔案對話框。	SaveDialog1->InitialDir=SDataPath;			FAIL			yes	cStateRecord.cpp:1057:9: error: 'SaveDialog1' was not declared in this scope	仍缺：未宣告 SaveDialog1		
LOW	cStateRecord.cpp	1110	1119	8	GATE(W906-STATEREC-G5)		GATE(W906-STATEREC-G5) slMNetLog（golden TfMain 的 TMyStringList*）移植樹沒有：Grep 全樹 *.cpp/*.h 0 個宣告；	str1=slMNetLog->GetFileName();		sim+ship	PASS	LINK-OK	SHIP-OK	likely-no	(compiles: -fsyntax-only)	會寫檔：先確認裁示允許寫這個檔；候選：照 golden 解開（先看風險標記）	WRITES-FILE	
LOW	cStateRecord.cpp	1323	1328	4	GATE(W906-STATEREC-G6)		GATE(W906-STATEREC-G6) UpdateMotorScreen（golden main.cpp:8278-8540）與 StringGrid1（golden main.h:141）移植樹都沒有（Grep 0 命中）；	UpdateMotorScreen(true);                                                    //Steven 20210902 : 修正抓State Record時,要先更新馬達狀態			FAIL			yes	cStateRecord.cpp:1326:27: error: 'UpdateMotorScreen' was not declared in this scope	仍缺：未宣告 UpdateMotorScreen		
LOW	cStateRecord.cpp	1330	1332	1	GATE(W906-STATEREC-G3)		GATE(W906-STATEREC-G3) sgTaskList 不存在（見上方 UpdateTaskList 的閘）	SGDToXLS(sgTaskList, NewPath+"\\Task_List.xls");			FAIL			yes	cStateRecord.cpp:1331:14: error: 'sgTaskList' was not declared in this scope	仍缺：未宣告 sgTaskList		
LOW	cStateRecord.cpp	1339	1365	25	GATE(W906-STATEREC-G7)		GATE(W906-STATEREC-G7) rgHotplateShowMessage（golden main.h:807 TRadioGroup）、ProcessICHotTime（golden main.cpp:7907）、	rgHotplateShowMessage->ItemIndex=0;			FAIL			yes	cStateRecord.cpp:1341:9: error: 'rgHotplateShowMessage' was not declared in this scope	仍缺：未宣告 rgHotplateShowMessage		
LOW	cStateRecord.cpp	1368	1371	2	GATE(W906-STATEREC-G2)		GATE(W906-STATEREC-G2) MainFormSizeToEpson（golden main.cpp:8541）與 fShowMessage->FormClick（forms/fShowMessage.h 只有 ShowSpeed）移植樹沒有；純視窗操作	MainFormSizeToEpson(true);			FAIL			yes	cStateRecord.cpp:1369:29: error: 'MainFormSizeToEpson' was not declared in this scope	仍缺：未宣告 MainFormSizeToEpson		
LOW	cStateRecord.cpp	1017	1381	363			AI(W906-STATEREC-SIM) 20260924: 使用者裁決「模擬組態也錄」—— 刻意偏離 golden main.cpp:26343 的 #ifdef SOFT_SIMULTE（golden 模擬時整段不錄）；出貨組態行為不變				FAIL			yes	cStateRecord.cpp:1393:45: error: 'job' was not declared in this scope	仍缺：未宣告 job	WRITES-FILE HAS-#else	
LOW	cStateRecord.cpp	1382	1385	2	GATE(W906-STATEREC-G9)		GATE(W906-STATEREC-G9) LogIndexMaxMinPos 在 cpublic.h:327 有宣告但本體整段在 #if 0 內（cpublic.cpp:1816 GA1-B3：缺 fMain->slIndexYMaxMinShift／AddIndexPosLog）；	LogIndexMaxMinPos("StateRecord");                                           //Isaac 20201012 : 計算Encoder和commandpos/Teaching的差值，記錄並存檔		sim+ship	PASS	LINK-MISSING LogIndexMaxMinPos(vclcompat::AnsiString)		yes（連結層）	(compiles: -fsyntax-only)	仍缺（連結層：有宣告、全樹沒有本體）：LogIndexMaxMinPos(vclcompat::AnsiString)		
LOW	cStateRecord.cpp	1699	1701	1	GATE(W906-TASKLIST)		GATE(W906-TASKLIST) golden fBarCode->iBottom2DIDTask 在移植樹是 BarCode_Bottom2DID.cpp:84 匿名 namespace 裡的 TU 內變數，別的檔取不到位址（要登錄得先在那個檔開一個存取點）；不補假變數（補了就是永遠不變的樁）⇒ 環裡這一列是空的	QueueTaskList[35].SetAliasAndTask("Bottom2DIDTask",                         &fBarCode->iBottom2DIDTask);			FAIL			yes	cStateRecord.cpp:1700:92: error: 'class TfBarCode' has no member named 'iBottom2DIDTask'; did you mean 'DoBottom2DIDScan'?	仍缺：TfBarCode 沒有成員 iBottom2DIDTask		
LOW	cStateRecord.cpp	1787	1789	1	GATE(W906-TASKLIST)		GATE(W906-TASKLIST) dmTrayMotor（golden Motor/TrayStepMotor，TDataModule）移植樹沒有（forms/fSpeed.h:178-182）—— SetStepMotorTask 沒翻；不補假變數（補了就是永遠不變的樁）⇒ 環裡這一列是空的	QueueTaskList[112].SetAliasAndTask("SetStepMotorTask",                      &dmTrayMotor->iSetStepMotorTask);			FAIL			yes	cStateRecord.cpp:1788:82: error: 'dmTrayMotor' was not declared in this scope	仍缺：未宣告 dmTrayMotor		
LOW	cStateRecord.cpp	1793	1795	1	GATE(W906-TASKLIST)		GATE(W906-TASKLIST) iDoAllPassVerifyTask 只在 atester.cpp 的 golden 原文閘裡（GATE G-PTk4-DoAllPassVerifyRTC，:8867）—— 那個 task 沒翻；不補假變數（補了就是永遠不變的樁）⇒ 環裡這一列是空的	QueueTaskList[116].SetAliasAndTask("AllPassVerifyTask",                     &iDoAllPassVerifyTask);			FAIL			yes	cStateRecord.cpp:1794:82: error: 'iDoAllPassVerifyTask' was not declared in this scope	仍缺：未宣告 iDoAllPassVerifyTask		
LOW	cStateRecord.cpp	1805	1807	1	GATE(W906-TASKLIST)		GATE(W906-TASKLIST) TfNote 移植樹沒有 iIndexMoveToFrontRearTask（btnMoveToFront/RearClick 與 IndexMoveToFrontRear 會動機台、沒翻，forms/fNote.h:84-88） —— 那個 task 沒翻；不補假變數（補了就是永遠不變的樁）⇒ 環裡這一列是空的	QueueTaskList[125].SetAliasAndTask("IndexMoveToFrontRearTask",              &fNote->iIndexMoveToFrontRearTask);			FAIL			yes	cStateRecord.cpp:1806:89: error: 'class TfNote' has no member named 'iIndexMoveToFrontRearTask'; did you mean 'btnMoveToFrontClick'?	仍缺：TfNote 沒有成員 iIndexMoveToFrontRearTask		
LOW	cStateRecord.cpp	1890	1892	1	GATE(W906-TASKLIST)		GATE(W906-TASKLIST) iAuto_TeachPitch（golden uteach.cpp:43 全域）移植樹沒有（forms/fTeachPara.h:206）—— 那個 task 沒翻；不補假變數（補了就是永遠不變的樁）⇒ 環裡這一列是空的	QueueTaskList[199].SetAliasAndTask("Auto_TeachPitch",                       &iAuto_TeachPitch);			FAIL			yes	cStateRecord.cpp:1891:82: error: 'iAuto_TeachPitch' was not declared in this scope	仍缺：未宣告 iAuto_TeachPitch		
LOW	cStateRecord.cpp	1920	1922	1	GATE(W906-TASKLIST)		GATE(W906-TASKLIST) iAOITask 移植樹沒有（git grep 找不到 namespace 範圍、#if 0 之外的定義） —— 那個 task 沒翻；不補假變數（補了就是永遠不變的樁）⇒ 環裡這一列是空的	QueueTaskList[224].SetAliasAndTask("AOITask",                               &iAOITask);			FAIL			yes	cStateRecord.cpp:1921:82: error: 'iAOITask' was not declared in this scope	仍缺：未宣告 iAOITask		
LOW	cStateRecord.cpp	1923	1925	1	GATE(W906-TASKLIST)		GATE(W906-TASKLIST) TfOCR 移植樹沒有成員 iOcrWithTesterTask（編譯器量的） —— 那個 task 沒翻；不補假變數（補了就是永遠不變的樁）⇒ 環裡這一列是空的	QueueTaskList[225].SetAliasAndTask("OcrWithTesterTask",                     &fOCR->iOcrWithTesterTask);			FAIL			yes	cStateRecord.cpp:1924:88: error: 'class TfOCR' has no member named 'iOcrWithTesterTask'	仍缺：TfOCR 沒有成員 iOcrWithTesterTask		
LOW	cStateRecord.cpp	1935	1937	1	GATE(W906-TASKLIST)		GATE(W906-TASKLIST) iConntectionOkTask 移植樹沒有（git grep 找不到 namespace 範圍、#if 0 之外的定義） —— 那個 task 沒翻；不補假變數（補了就是永遠不變的樁）⇒ 環裡這一列是空的	QueueTaskList[234].SetAliasAndTask("ConntectionOkTask",                     &iConntectionOkTask);			FAIL			yes	cStateRecord.cpp:1936:82: error: 'iConntectionOkTask' was not declared in this scope	仍缺：未宣告 iConntectionOkTask		
LOW	cStateRecord.cpp	1938	1940	1	GATE(W906-TASKLIST)		GATE(W906-TASKLIST) TfBarCode 移植樹沒有成員 iInitialChangeFileTask（編譯器量的） —— 那個 task 沒翻；不補假變數（補了就是永遠不變的樁）⇒ 環裡這一列是空的	QueueTaskList[235].SetAliasAndTask("InitialChangeFileTask",                 &fBarCode->iInitialChangeFileTask);			FAIL			yes	cStateRecord.cpp:1939:92: error: 'class TfBarCode' has no member named 'iInitialChangeFileTask'	仍缺：TfBarCode 沒有成員 iInitialChangeFileTask		
LOW	cStateRecord.cpp	1941	1943	1	GATE(W906-TASKLIST)		GATE(W906-TASKLIST) golden fBarCode->i2DIDCheckTask 移植樹沒有（git grep 只有 forms/fContact.h:1531 那個同名的 TfContact 成員，是另一個變數） —— 那個 task 沒翻；不補假變數（補了就是永遠不變的樁）⇒ 環裡這一列是空的	QueueTaskList[236].SetAliasAndTask("2DIDCheckTask",                         &fBarCode->i2DIDCheckTask);			FAIL			yes	cStateRecord.cpp:1942:92: error: 'class TfBarCode' has no member named 'i2DIDCheckTask'	仍缺：TfBarCode 沒有成員 i2DIDCheckTask		
LOW	cStateRecord.cpp	1944	1946	1	GATE(W906-TASKLIST)		GATE(W906-TASKLIST) i2DIDCheckSH1Task 移植樹沒有（git grep 找不到 namespace 範圍、#if 0 之外的定義） —— 那個 task 沒翻；不補假變數（補了就是永遠不變的樁）⇒ 環裡這一列是空的	QueueTaskList[237].SetAliasAndTask("2DIDCheckSH1Task",                      &i2DIDCheckSH1Task);			FAIL			yes	cStateRecord.cpp:1945:82: error: 'i2DIDCheckSH1Task' was not declared in this scope	仍缺：未宣告 i2DIDCheckSH1Task		
LOW	cStateRecord.cpp	1947	1949	1	GATE(W906-TASKLIST)		GATE(W906-TASKLIST) i2DIDCheckSH2Task 移植樹沒有（git grep 找不到 namespace 範圍、#if 0 之外的定義） —— 那個 task 沒翻；不補假變數（補了就是永遠不變的樁）⇒ 環裡這一列是空的	QueueTaskList[238].SetAliasAndTask("2DIDCheckSH2Task",                      &i2DIDCheckSH2Task);			FAIL			yes	cStateRecord.cpp:1948:82: error: 'i2DIDCheckSH2Task' was not declared in this scope	仍缺：未宣告 i2DIDCheckSH2Task		
LOW	cStateRecord.cpp	2002	2004	1	GATE(W906-STATEREC-G3)		GATE(W906-STATEREC-G3) sgTaskList（golden main.h:553 TStringGrid）移植樹沒有；它只給 Task_List.xls（SGDToXLS 在移植樹是 no-op）	sgTaskList->RowCount=qTaskCount;                                            //Steven 20180808 (wei) : 修改紀錄Task的方式			FAIL			yes	cStateRecord.cpp:2003:5: error: 'sgTaskList' was not declared in this scope	仍缺：未宣告 sgTaskList		
LOW	cStateRecord.cpp	2007	2009	1	GATE(W906-STATEREC-G3)		GATE(W906-STATEREC-G3) sgTaskList（golden main.h:553 TStringGrid）移植樹沒有；它只給 Task_List.xls（SGDToXLS 在移植樹是 no-op）	sgTaskList->Cells[0][0]="Task";			FAIL			yes	cStateRecord.cpp:2008:5: error: 'sgTaskList' was not declared in this scope	仍缺：未宣告 sgTaskList		
LOW	cStateRecord.cpp	2013	2015	1	GATE(W906-STATEREC-G3)		GATE(W906-STATEREC-G3) sgTaskList（golden main.h:553 TStringGrid）移植樹沒有；它只給 Task_List.xls（SGDToXLS 在移植樹是 no-op）	sgTaskList->Cells[0][i]=QueueTaskList[i].Alias;			FAIL			yes	cStateRecord.cpp:2014:9: error: 'sgTaskList' was not declared in this scope	仍缺：未宣告 sgTaskList		
LOW	cTemperFrom.cpp	977	1006	28	GATE (T1)		GATE (T1)	if(iTempOverShowAlarmT[Addr]==2)		ship	PASS	LINK-OK	SHIP-FAIL cTemperFrom.cpp:987:57: error: 'ShowErrorMessage' was not declared in this scope	yes（出貨組態）	cTemperFrom.cpp:987:57: error: 'ShowErrorMessage' was not declared in this scope	仍缺（出貨組態才編得到／才出錯）：未宣告 ShowErrorMessage	SAFETY	
LOW	cTemperFrom.cpp	1466	1485	18	GATE (TP1-L)		GATE (TP1-L) golden :133-150 -- container layout	pnl32Heater->Visible=false;                                                 //Steven 20250701 : 調整溫度顯示畫面			FAIL			yes	cTemperFrom.cpp:1467:5: error: 'pnl32Heater' was not declared in this scope	仍缺：未宣告 pnl32Heater		
LOW	cTemperFrom.cpp	1518	1521	2	GATE (TP1-L)		GATE (TP1-L) golden :183-184	pnl4CCD->Visible        =false;			FAIL			yes	cTemperFrom.cpp:1519:9: error: 'pnl4CCD' was not declared in this scope	仍缺：未宣告 pnl4CCD		
LOW	cTemperFrom.cpp	1539	1543	3	GATE (TP1-L)		GATE (TP1-L) golden :202-204	grpCCD->Visible             =true;			FAIL			yes	cTemperFrom.cpp:1540:17: error: 'grpCCD' was not declared in this scope	仍缺：未宣告 grpCCD		
LOW	cTemperFrom.cpp	1549	1551	1	GATE (TP1-L)		GATE (TP1-L) golden :210	pnl4CCD->Visible            =true;			FAIL			yes	cTemperFrom.cpp:1550:17: error: 'pnl4CCD' was not declared in this scope	仍缺：未宣告 pnl4CCD		
LOW	cTemperFrom.cpp	1558	1560	1	GATE (TP1-L)		GATE (TP1-L) golden :217	grpCCD->Visible             =true;			FAIL			yes	cTemperFrom.cpp:1559:13: error: 'grpCCD' was not declared in this scope	仍缺：未宣告 grpCCD		
LOW	cTemperFrom.cpp	1565	1568	2	GATE (TP1-L)		GATE (TP1-L) golden :222-223	pnl4CCD->Visible    =false;			FAIL			yes	cTemperFrom.cpp:1566:9: error: 'pnl4CCD' was not declared in this scope	仍缺：未宣告 pnl4CCD		
LOW	cTemperFrom.cpp	1602	1607	4	GATE (TP1-L)		GATE (TP1-L) golden :257-260	grpIndex->Visible       =false;			FAIL			yes	cTemperFrom.cpp:1603:13: error: 'grpIndex' was not declared in this scope	仍缺：未宣告 grpIndex		
LOW	cTemperFrom.cpp	1611	1615	3	GATE (TP1-L)		GATE (TP1-L) golden :264-266	grpIndex->Visible       =true;			FAIL			yes	cTemperFrom.cpp:1612:13: error: 'grpIndex' was not declared in this scope	仍缺：未宣告 grpIndex		
LOW	cTemperFrom.cpp	1642	1645	2	GATE (TP1-L)		GATE (TP1-L) golden :293-294	gbHeatGun->Visible  =(INSTALL_HEAT_GUN>0);                              //Steven 20120525 : 熱風槍			FAIL			yes	cTemperFrom.cpp:1643:9: error: 'gbHeatGun' was not declared in this scope	仍缺：未宣告 gbHeatGun		
LOW	cTemperFrom.cpp	1666	1710	43	GATE (TP1-L)		GATE (TP1-L) golden :315-357	palNewTempWindow->Visible=false;			FAIL			yes	cTemperFrom.cpp:1667:13: error: 'palNewTempWindow' was not declared in this scope	仍缺：未宣告 palNewTempWindow		
LOW	cTemperFrom.cpp	1714	1718	3	GATE (TP1-L)		GATE (TP1-L) golden :361-363	pnl4HotGun1->Visible        =(INSTALL_HEAT_GUN>0);                  //Steven 20120525 : 熱風槍			FAIL			yes	cTemperFrom.cpp:1715:13: error: 'pnl4HotGun1' was not declared in this scope	仍缺：未宣告 pnl4HotGun1		
LOW	cTemperFrom.cpp	1725	1728	2	GATE (TP1-L)		GATE (TP1-L) golden :370-371	grpIndex->Visible  =true;			FAIL			yes	cTemperFrom.cpp:1726:13: error: 'grpIndex' was not declared in this scope	仍缺：未宣告 grpIndex		
LOW	cTemperFrom.cpp	1732	1807	74	GATE (TP1-L)		GATE (TP1-L) golden :375-448 -- TriTemp / window / arm boxes, all container layout	if(Tri_Temp_Machine==1)                                                     //Ztex 2023.04.19 Add HT-1032 TriTemp Function			FAIL			yes	cTemperFrom.cpp:1735:9: error: 'gbFunctionWindow' was not declared in this scope	仍缺：未宣告 gbFunctionWindow	UI-STATE	
LOW	cTemperFrom.cpp	1811	1813	1	GATE (TP1-L)		GATE (TP1-L) golden :452	grp2DID->Visible=true;			FAIL			yes	cTemperFrom.cpp:1812:9: error: 'grp2DID' was not declared in this scope	仍缺：未宣告 grp2DID		
LOW	cTemperFrom.cpp	1816	1818	1	GATE (TP1-L)		GATE (TP1-L) golden :455	grp2DID->Caption="CCD2";			FAIL			yes	cTemperFrom.cpp:1817:13: error: 'grp2DID' was not declared in this scope	仍缺：未宣告 grp2DID		
LOW	cTemperFrom.cpp	1825	1827	1	GATE (TP1-L)		GATE (TP1-L) golden :462	grp2DID->Visible=false;			FAIL			yes	cTemperFrom.cpp:1826:9: error: 'grp2DID' was not declared in this scope	仍缺：未宣告 grp2DID		
LOW	cTemperFrom.cpp	1832	1834	1	GATE (TP1-L)		GATE (TP1-L) golden :467	grpESD->Visible=true;			FAIL			yes	cTemperFrom.cpp:1833:9: error: 'grpESD' was not declared in this scope	仍缺：未宣告 grpESD		
LOW	cTemperFrom.cpp	1840	1842	1	GATE (TP1-L)		GATE (TP1-L) golden :473	grpESD->Visible=false;			FAIL			yes	cTemperFrom.cpp:1841:9: error: 'grpESD' was not declared in this scope	仍缺：未宣告 grpESD		
LOW	cTemperFrom.cpp	1854	1857	2	GATE (TP1-L)		GATE (TP1-L) golden :485-486	grpIndex->Visible   =true;			FAIL			yes	cTemperFrom.cpp:1855:9: error: 'grpIndex' was not declared in this scope	仍缺：未宣告 grpIndex		
LOW	cTemperFrom.cpp	1862	1881	18	GATE (TP1-L)		GATE (TP1-L) golden :491-508	grpDoor->Visible=(INDEXDOORHEATER==1);                                      //Ztex 2023.10.23 Add Index Door Heater			FAIL			yes	cTemperFrom.cpp:1863:5: error: 'grpDoor' was not declared in this scope	仍缺：未宣告 grpDoor	UI-STATE	
LOW	cTemperFrom.cpp	1947	1949	1	GATE (TP1-A)		GATE (TP1-A) golden :1679 -- see the block banner above	fLotInfo->ShowATCThermo();                                                  //Steven 20120410 : Hontech ATC			FAIL			yes	cTemperFrom.cpp:1948:15: error: 'class TfLotInfo' has no member named 'ShowATCThermo'  (補 include forms/fLotInfo.h 之後)	仍缺：TfLotInfo 沒有成員 ShowATCThermo		
LOW	cTemperFrom_E023.cpp	122	124	1	SAFETY-GATE(W906-E023-TP2-AUTOTEACH)		SAFETY-GATE(W906-E023-TP2-AUTOTEACH)	fAutoTeach->DoAutoTeachProcess();                                           //JimmyChiu 20211020 : Auto alignment mode			FAIL			yes	cTemperFrom_E023.cpp:123:5: error: 'fAutoTeach' was not declared in this scope	仍缺：未宣告 fAutoTeach	SAFETY	
LOW	cTrayForm.cpp	116	118	1			閘掉後它是 0，golden 下游的有效值也是 0（上面 denormal 那句），所以下游值與 golden 相同。 只在 IniConfig.bUseTrayBlockMode（CosFunction.cpp:467 某些客戶設定會開）時才會走到。 這是 golden 自身的缺陷，V912 很可能相同 —— 已記進晨報，要不要修由使用者決定。	elTrayForm->Add(YBTypeSize1,&UserDefForm_File[0].BlockTraySize, ECText,     "Type0",    "Block Tray Type Size", bShow, bEnable, bReadFromFile, 0.1,     true, 0.001, 1000.00);  // golden :81		sim+ship	PASS	LINK-OK	SHIP-OK	likely-no	(compiles: -fsyntax-only)	SAFETY 閘：編得過也先問筆電；候選：照 golden 解開（先看風險標記）	SAFETY	
LOW	cTrayForm.cpp	139	141	1	SAFETY-GATE(W906-TRAY-READ-BTS)		SAFETY-GATE(W906-TRAY-READ-BTS) 同上（golden :102）	elTrayForm->Add(YBTypeSize2,&UserDefForm_File[1].BlockTraySize, ECText,     "Type1",    "Block Tray Type Size", bShow, bEnable, bReadFromFile, 0.1,     true, 0.001, 1000.00);  // golden :102		sim+ship	PASS	LINK-OK	SHIP-OK	likely-no	(compiles: -fsyntax-only)	SAFETY 閘：編得過也先問筆電；候選：照 golden 解開（先看風險標記）	SAFETY	
LOW	cTrayForm.cpp	162	164	1	SAFETY-GATE(W906-TRAY-READ-BTS)		SAFETY-GATE(W906-TRAY-READ-BTS) 同上（golden :123）	elTrayForm->Add(YBTypeSize3,&UserDefForm_File[2].BlockTraySize, ECText,     "Type2",    "Block Tray Type Size", bShow, bEnable, bReadFromFile, 0.1,     true, 0.001, 1000.00);  // golden :123		sim+ship	PASS	LINK-OK	SHIP-OK	likely-no	(compiles: -fsyntax-only)	SAFETY 閘：編得過也先問筆電；候選：照 golden 解開（先看風險標記）	SAFETY	
LOW	cTrayForm.cpp	186	188	1			⚠ 但 :130-131 兩筆 elTrayForm->Add 是**資料**註冊（Tray.Data [Color Sensor] -> TestIF_File.sLoaderColorSenFTEnable / RTEnable），所以照留，只把 golden 掛的 GetColorSensor("ColorSensor_FT/RT")->edEnable 換成本類別的兩個替代 TEdit（fTrayForm.h）。	InitialColorSensorGUI();                                                // golden :129			FAIL			yes	cTrayForm.cpp:187:31: error: 'InitialColorSensorGUI' was not declared in this scope	仍缺：未宣告 InitialColorSensorGUI	SAFETY	
LOW	cTrayForm.cpp	191	194	2				tsColorSensor->TabVisible=true;                                         // golden :132			FAIL			yes	cTrayForm.cpp:192:9: error: 'tsColorSensor' was not declared in this scope	仍缺：未宣告 tsColorSensor	SAFETY	
LOW	cTrayForm.cpp	198	200	1	SAFETY-GATE(W906-TRAY-READ-CSGUI)		SAFETY-GATE(W906-TRAY-READ-CSGUI) 同上（這一句本身只是分頁顯示）	tsColorSensor->TabVisible=false;                                        // golden :137			FAIL			yes	cTrayForm.cpp:199:9: error: 'tsColorSensor' was not declared in this scope	仍缺：未宣告 tsColorSensor	SAFETY	
LOW	cTrayForm.cpp	303	310	6			（T5 第一版這樣寫，20260923 審查 M1 更正）：它把 TestIF_File.sLoaderColorSen*Enable 拆開設進的勾選框， 正是 GetColorSensorIsMapping → IsColorEable 在執行期讀的顏色放行狀態。缺的是 uColorSensorInfo 整個類別， 見 Init() 的 CSGUI 那格 —— 三個一起解。	if(IniConfig.bShowTrayAndDeviceDir)                                         // golden :447  jou 2013-03-25 show Tray & Device Direction			FAIL			yes	cTrayForm.cpp:306:30: error: 'rgDeviceDirClick' was not declared in this scope	仍缺：未宣告 rgDeviceDirClick	SAFETY	
LOW	cUnitConvert.cpp	372	374	1	GATE PTW8-UC-1 (memcpy		GOLDEN VERBATIM -- golden cUnitConvert.cpp:29.  GATE PTW8-UC-1 (memcpy over 29 AnsiString members); the line below is the value-identical, memory-safe form.	memcpy(&TestIF.iTestMode, &TestIF_File.iTestMode, sizeof(TestIF_File));		sim+ship	PASS	LINK-OK	SHIP-OK	likely-no	(compiles: -fsyntax-only)	候選：照 golden 解開（先看風險標記）		
LOW	cUnitConvert.cpp	415	417	1	GATE PTW8-UC-2 (memcpy		GOLDEN VERBATIM -- golden cUnitConvert.cpp:60.  GATE PTW8-UC-2 (memcpy over an AnsiString member).	memcpy(&DeviceForm.IndexArmPick[0], &DeviceForm_File.IndexArmPick[0], sizeof(DeviceForm_File));		sim+ship	PASS	LINK-OK	SHIP-OK	likely-no	(compiles: -fsyntax-only)	候選：照 golden 解開（先看風險標記）		
LOW	canary_support.cpp	227	233	5			PT-W5f RETIRED (ReadWriteTrayID)	void ReadWriteTrayID(bool /*bRead*/)		sim+ship	PASS			n/a	(compiles: -fsyntax-only)	已退役的替身／參考副本（真本體在別處）：不要解（會重複定義），可整段清掉		
LOW	canary_support.cpp	245	251	5	TODO(W6.x)		TODO(W6.x): ASESendMessage->SendToASEData (god-stack); CC_ASE_KaohSiung	if(CUSTOMER_CODE==CC_ASE_KaohSiung)			FAIL			yes	canary_support.cpp:248:9: error: 'ASESendMessage' was not declared in this scope	仍缺：未宣告 ASESendMessage		
LOW	canary_support.cpp	485	522	36			AI(W906-JAM-STOP) 20260930: RETIRED -- the golden body (note.cpp:1052-1169, stop half + display half) is forms/fNote_ShowError.cpp EOF (ht9045_sm, the same archive, so one definition); the recorder above stays and is still written first there.  Kept for the history; the `// ----` line that stood her	void ShowMotorErrorMessage(AnsiString Code, int MotorAlarmNo, AnsiString errPart)		sim+ship	PASS			n/a	(compiles: -fsyntax-only)	已退役的替身／參考副本（真本體在別處）：不要解（會重複定義），可整段清掉		
MEDIUM	cinitial.cpp	656	877	220			AI(W906-W3-9) 20260924 使用者裁決「只跑 if(IO_CARD_TYPE==NewIO_MN200)，else 可以不用」（週末計畫 docs/WEEKEND_PLAN_20260925.md W3 追加範圍，c507adea） ⇒ 這是 else 那半（BDE），不做、不補樁 -- golden cinitial.cpp:552-774（AI(W906-W3-AUDIT) 20260926: 註解改寫成與另外 4 個 else 閘同一句）	if(USE_IN_Y_IS_AUTO_PITCH==true || USE_OUT_Y_IS_AUTO_PITCH)                                              //Steven 20170424 (wei) : new XY變距  //JerryYang 20251218 : IN/OUT ARM支援不同模組			FAIL			yes	cinitial.cpp:662:17: error: 'DataModule1' was not declared in this scope  (補 include database.h 之後)	仍缺：未宣告 DataModule1		
MEDIUM	cinitial.cpp	1570	1658	87	TODO(GA2-C1)		AI(W906-W3-INITIO) 20260924 使用者裁決「只跑 if(IO_CARD_TYPE==NewIO_MN200)，else 可以不用」（週末計畫 W3 追加範圍，c507adea）⇒ 這是 else 那半（BDE），不做、不補樁。原註：TODO(GA2-C1): blocked by TTable/DataModule1->SwitchTable (BDE not ported, see database.h's own	TTable *T;			FAIL			yes	cinitial.cpp:1575:5: error: 'TTable' was not declared in this scope	仍缺：未宣告 TTable		
MEDIUM	cinitial.cpp	2808	2960	151	TODO(GA2-C1)		AI(W906-W3-INITIO) 20260924 使用者裁決「只跑 if(IO_CARD_TYPE==NewIO_MN200)，else 可以不用」（週末計畫 W3 追加範圍，c507adea）⇒ 這是 else 那半（BDE），不做、不補樁。原註：TODO(GA2-C1): blocked by TTable/DataModule1->SensorTable (BDE not ported, see database.h's own	bool flag;			FAIL			yes	cinitial.cpp:2815:5: error: 'TTable' was not declared in this scope	仍缺：未宣告 TTable		
MEDIUM	cinitial.cpp	3019	3021	1	TODO(GA2-C1)		AI(W906-W3-INITIO) 20260924 維持閘住，理由更正：函式在 golden CCLink/MyCCLinkSensor.cpp:2603（不是 MyNUEC1.cpp），移植樹沒有；本體整段包在 if(SHUTTLE_SENSOR_TYPE==eSensorEtherCAT(6)||eSensorEtherCAT3(7)) 裡 ⇒ 非 NU-EC1 EtherCAT Shuttle 感測的機台上是 no-op（HT9050 不用它；9/24 補充信已請機台端不要改 SHUTTLE_SENSOR_TYPE）。有 6／7 的機台要用時再翻。原註：TODO(GA2-C1): b	SetIOTableByNUEC1();                                                        //Sam 20230725 : EtherCAT NUEC1 IO 取代線路 IO			FAIL			yes	cinitial.cpp:3020:23: error: 'SetIOTableByNUEC1' was not declared in this scope	仍缺：未宣告 SetIOTableByNUEC1		
MEDIUM	cinitial.cpp	3940	3942	1	GATE 1:		GATE 1: BDE `TTable *PT;` -- else-half only; user 20260924 W3 ruling: IO_CARD_TYPE 2/3 half only, BDE not ported (docs/WEEKEND_PLAN_20260925.md W3) -- AI(W906-W3-10) 20260925	TTable *PT;			FAIL			yes	cinitial.cpp:3941:5: error: 'TTable' was not declared in this scope	仍缺：未宣告 TTable		
HIGH	cinitial.cpp	4222	4603	380	GATE 2:		GATE 2: BDE motor.db / motor_SMC.db arms (+CheckMotorValue) -- AI(W906-W3-10) 20260925 使用者裁決「只跑 if(IO_CARD_TYPE==NewIO_MN200)，else 可以不用」（週末計畫 docs/WEEKEND_PLAN_20260925.md W3 追加範圍，c507adea） ⇒ 這是 else 那半（BDE），不做、不補樁（AI(W906-W3-AUDIT) 20260926: 註解改寫成與另外 4 個 else 閘同一句）	else if(MOTION_CARD_TYPE==0)                                                //SYN-TEK Motion模組			FAIL			yes	cinitial.cpp:4228:13: error: 'DataModule1' was not declared in this scope  (補 include database.h 之後)	仍缺：未宣告 DataModule1	HIGH-KW	
HIGH	cinitial.cpp	5151	5324	172			AI(W906-W3-INITCYL) 20260924 使用者裁決「只跑 if(IO_CARD_TYPE==NewIO_MN200)，else 可以不用」（週末計畫 W3 追加範圍，c507adea）⇒ 這是 else 那半（BDE），不做、不補樁。原註：N3-G1: blocked by TTable/DataModule1 @database.h:204-207 (BDE unported) -- golden cinitial.cpp:4580-4751	else			FAIL			yes	cinitial.cpp:5154:9: error: 'TTable' was not declared in this scope	仍缺：未宣告 TTable	HIGH-KW	
MEDIUM	cinitial.cpp	5827	5833	5			N3-G4: blocked by TfAutoTeach (golden AutoTeach.h; no port body, no facade) -- golden cinitial.cpp:9395-9399	if(fAutoTeach->IsRun())                                                     //JimmyChiu 20211020 : Auto alignment mode			FAIL			yes	cinitial.cpp:5828:8: error: 'fAutoTeach' was not declared in this scope	仍缺：未宣告 fAutoTeach		
MEDIUM	cinitial.cpp	7400	7403	2			N3-G12: blocked by TfMain::ShowFunctions (forms/fMain.h declares fMain at :716 but no ShowFunctions; golden main.cpp:8696) -- golden cinitial.cpp:13571-13572	if(fMain!=NULL)			FAIL			yes	cinitial.cpp:7402:16: error: 'class TfMain' has no member named 'ShowFunctions'; did you mean 'GetTJFunction'?  (補 include forms/fMain.h 之後)	仍缺：TfMain 沒有成員 ShowFunctions		
MEDIUM	cinitial.cpp	8700	8706	5			GATE n2-3: blocked by fAutoTeach (golden uAutoTeach.h TfAutoTeach -- no facade, 0 externs tree-wide)	if(fAutoTeach->IsRun())                                                     //JimmyChiu 20211020 : Auto alignment mode			FAIL			yes	cinitial.cpp:8701:8: error: 'fAutoTeach' was not declared in this scope	仍缺：未宣告 fAutoTeach		
MEDIUM	cinitial.cpp	9262	9264	1			GATE n2-5: blocked by TfMain::SetOpenBin (golden main.cpp; forms/fMain.h facade has no such member)	fMain->SetOpenBin();			FAIL			yes	cinitial.cpp:9263:16: error: 'class TfMain' has no member named 'SetOpenBin'; did you mean 'edSetOpenBin'?	仍缺：TfMain 沒有成員 SetOpenBin		
MEDIUM	cinitial.cpp	9289	9292	2			GATE n2-6: blocked by tRotateShim (aHotPlateSubstrate.h:824) -- no RotationTimeInRT/RotationTimeOutRT	Prod.RotationTimeIn=tRotate.RotationTimeInRT;		sim+ship	PASS	LINK-OK	SHIP-OK	likely-no	(compiles: -fsyntax-only)	候選：照 golden 解開（先看風險標記）		
MEDIUM	cinitial.cpp	9297	9303	5			GATE n2-7: blocked by tRotateShim (aHotPlateSubstrate.h:824) -- no RotationCountRT/OutRotationCountRT	for(int i=0; i<8; i++)		sim+ship	PASS	LINK-OK	SHIP-OK	likely-no	(compiles: -fsyntax-only)	候選：照 golden 解開（先看風險標記）		
MEDIUM	cinitial.cpp	9335	9338	2			GATE n2-8: blocked by tRotateShim (aHotPlateSubstrate.h:824) -- no RotationTimeIn/RotationTimeOut	Prod.RotationTimeIn=tRotate.RotationTimeIn;		sim+ship	PASS	LINK-OK	SHIP-OK	likely-no	(compiles: -fsyntax-only)	候選：照 golden 解開（先看風險標記）		
MEDIUM	cinitial.cpp	9343	9349	5			GATE n2-9: blocked by tRotateShim (aHotPlateSubstrate.h:824) -- no RotationCount/OutRotationCount	for(int i=0; i<8; i++)		sim+ship	PASS	LINK-OK	SHIP-OK	likely-no	(compiles: -fsyntax-only)	候選：照 golden 解開（先看風險標記）		
MEDIUM	cinitial.cpp	9442	9445	2			GATE n2-10: TFormHS::CheckEPRange is now DECLARED (forms/fHS.h:732) but its body is still gated in fHS (Cat E, golden HS_Function.cpp:4428-4476) -- lifting here would not link. AI(W906-W3-12) 20260925 (old reason "stub has only UpDataToServerByFTP" is stale)	if(FormHS!=NULL)			FAIL			yes	cinitial.cpp:9444:21: error: 'struct W5SckArtRem_FormHSStub' has no member named 'CheckEPRange'  (補 include Automation/SCK_ART_Remainder.h 之後)	仍缺：W5SckArtRem_FormHSStub 沒有成員 CheckEPRange		
MEDIUM	cinitial.cpp	9734	9736	1			GATE n2-12: blocked by iHotInArmOrder (golden ainarm2.h; tree has only csystem.cpp:4814-4815 static+#define MACRO SEAM)	iHotInArmOrder[i][j][k]  =-1;			FAIL			yes	cinitial.cpp:9735:18: error: 'iHotInArmOrder' was not declared in this scope	仍缺：未宣告 iHotInArmOrder		
MEDIUM	cinitial.cpp	9823	9825	1			GATE n2-14: blocked by TfMain::CheckSiteMapState (golden main.cpp; forms/fMain.h facade has no such member)	fMain->CheckSiteMapState(true);                                 //kevin 20150120 強致做autositemap			FAIL			yes	cinitial.cpp:9824:24: error: 'class TfMain' has no member named 'CheckSiteMapState'; did you mean 'SetSiteMapData'?	仍缺：TfMain 沒有成員 CheckSiteMapState		
MEDIUM	cinitial.cpp	9943	9946	2	GATE ONLY as		GATE n2-17: blocked by uPlateInfo::ResetFile + sCleanPlaceRec (two-headers-one-class; see gate doc)	PickFromHPList->ResetFile(sHPPickRec);                              //Jimmychiu 20250220 : 避免重新開機後Hotplate rec有殘留資料		ship	PASS	LINK-OK	SHIP-FAIL cinitial.cpp:9944:29: error: 'class uPlateInfo' has no member named 'ResetFile'; did you mean 'SaveFile'?	yes（出貨組態）	cinitial.cpp:9944:29: error: 'class uPlateInfo' has no member named 'ResetFile'; did you mean 'SaveFile'?	仍缺（出貨組態才編得到／才出錯）：uPlateInfo 沒有成員 ResetFile		
MEDIUM	cinitial.cpp	10006	10077	70			GATE n2-18: blocked by VCL MessageDlg/mtConfirmation/TMsgDlgButtons/mbYes/mbNo/mrYes/mrNo/mrCancel (0 hits in vclcompat/) + fMesSystem (0 externs tree-wide)	if(CUSTOMER_CODE==CC_AMKOR_Philippines)                                 //JerryYang 20200312 load data流程修改			FAIL			yes	cinitial.cpp:10011:100: error: 'mtConfirmation' was not declared in this scope	仍缺：未宣告 mtConfirmation		
MEDIUM	cinitial.cpp	10289	10291	1			GATE n2-19: blocked by iHotInArmOrder (see GATE n2-12) -- MachRec side exists, global does not	iHotInArmOrder[i][j][k]  =MachRec.iHotInArmOrder[i][j][k];			FAIL			yes	cinitial.cpp:10290:21: error: 'iHotInArmOrder' was not declared in this scope	仍缺：未宣告 iHotInArmOrder		
MEDIUM	cinitial.cpp	10327	10330	2			GATE n2-20: blocked by uPlateInfo::LoadFile + sCleanPlaceRec (see GATE n2-17)	PickFromHPList->LoadFile(sHPPickRec);                                   //Jimmychiu 20230417 : Record the position after placing the IC			FAIL			yes	cinitial.cpp:10328:25: error: 'class uPlateInfo' has no member named 'LoadFile'; did you mean 'SaveFile'?	仍缺：uPlateInfo 沒有成員 LoadFile		
MEDIUM	cinitial.cpp	10337	10340	2			GATE n2-21: blocked by uPlateInfo::ResetFile + sCleanPlaceRec (see GATE n2-17)	PickFromHPList->ResetFile(sHPPickRec);                                  //Jimmychiu 20250220 : 避免重新開機後Hotplate rec有殘留資料			FAIL			yes	cinitial.cpp:10338:25: error: 'class uPlateInfo' has no member named 'ResetFile'; did you mean 'SaveFile'?	仍缺：uPlateInfo 沒有成員 ResetFile		
MEDIUM	cinitial.cpp	11243	11245	1			GATE n4-4 -- golden cinitial.cpp:5833 VERBATIM below	fTeach->InitialTeachEditList();                                             //JerryYang 20241119 : fix AOA			FAIL			yes	cinitial.cpp:11244:13: error: 'class TfTeach' has no member named 'InitialTeachEditList'	仍缺：TfTeach 沒有成員 InitialTeachEditList		
MEDIUM	cinitial.cpp	12157	12205	47			GATE n4-6 -- golden cinitial.cpp:11269-11315 VERBATIM below	void SetTechDataToProd_AutoClean()		sim+ship	PASS	LINK-DUP dup: SetTechDataToProd_AutoClean()		n/a	(compiles: -fsyntax-only)	解開會跟別處重複定義（SetTechDataToProd_AutoClean()）：真本體在別處，不要解，可清掉		
MEDIUM	cinitial.cpp	12271	12275	3			GATE n4-8 -- golden cinitial.cpp:13950-13952 VERBATIM below	ret=MessageDlg("Sure to Set Offset To Tech? (確定要將補償值存至教導?)", mtConfirmation, TMsgDlgButtons()<<mbYes<<mbNo, 0);			FAIL			yes	cinitial.cpp:12272:92: error: 'mtConfirmation' was not declared in this scope	仍缺：未宣告 mtConfirmation		
MEDIUM	cinitial.cpp	12597	12600	2			GATE n4-9 -- golden cinitial.cpp:14258-14259 VERBATIM below	if(fTeach!=NULL)			FAIL			yes	cinitial.cpp:12599:17: error: 'class TfTeach' has no member named 'SaveFile'; did you mean 'ReadFile'?	仍缺：TfTeach 沒有成員 SaveFile		
MEDIUM	cinitial.cpp	12618	12622	3			GATE n4-10 -- golden cinitial.cpp:14261-14263 VERBATIM below	fOffSet->SaveFile(0,0,true);			FAIL			yes	cinitial.cpp:12619:14: error: 'class TfOffSet' has no member named 'SaveFile'; did you mean 'ReadFile'?  (補 include forms/fOffSet.h 之後)	仍缺：TfOffSet 沒有成員 SaveFile		
MEDIUM	cinitial.cpp	13365	13368	2			GATE n4-11 -- golden cinitial.cpp:15046-15047 VERBATIM below	fiosetview->labUseSensor1->Caption=Str1;			FAIL			yes	cinitial.cpp:13366:17: error: 'class TfiosetviewShim' has no member named 'labUseSensor1'	仍缺：TfiosetviewShim 沒有成員 labUseSensor1		
MEDIUM	cinitial.cpp	13763	13765	1			GATE n5-G1b: blocked by TfShuttleMove::fShow (forms/fShuttleMove.h:53-56 carries only bShuttleRetry + btRetry)	fShuttleMove->fShow==true ||                                             //JerryYang 20160801 shuttle maintain時也要避免爆衝		sim+ship	PASS-WITH-INCLUDE	LINK-OK	SHIP-OK	likely-no（缺 include）	cinitial.cpp:13764:8: error: 'fShuttleMove' was not declared in this scope	候選：補 include forms/fShuttleMove.h 後照 golden 解開（先確認那個名字是真本體、不是 stub／shim）	UI-STATE	
MEDIUM	cinitial.cpp	13903	13906	2			GATE n5-G1c: blocked by TFrmRotate::SetInRotateSpeed / ::SetOutRotateSpeed (golden RotateKit/fRotate.cpp; 0 member hits tree-wide)	FrmRotate->SetInRotateSpeed(ArmSpeed[InRotate].iACDCBodySP, ArmSpeed[InRotate].iBodySP);			FAIL			yes	cinitial.cpp:13904:20: error: 'class TFrmRotate' has no member named 'SetInRotateSpeed'; did you mean 'DoInRotateHome'?	仍缺：TFrmRotate 沒有成員 SetInRotateSpeed		
MEDIUM	cinitial.cpp	13944	13946	1			GATE n5-G1: blocked by TfShowMessage::sgdSpeedView (absent from the ported facade; 0 class-member hits tree-wide)	fShowMessage->sgdSpeedView->Repaint();			FAIL			yes	cinitial.cpp:13945:19: error: 'class TfShowMessage' has no member named 'sgdSpeedView'	仍缺：TfShowMessage 沒有成員 sgdSpeedView		
MEDIUM	cinitial.cpp	14048	14051	2			GATE n5-G2: blocked by TfMain::pnlOutArmY (absent from forms/fMain.h; the only tree-wide hits are dfm2rc layout IR rows)	fMain->pnlOutArmY->Left=688;			FAIL			yes	cinitial.cpp:14049:20: error: 'class TfMain' has no member named 'pnlOutArmY'	仍缺：TfMain 沒有成員 pnlOutArmY		
MEDIUM	cinitial.cpp	14057	14059	1			GATE n5-G2: blocked by TfMain::pnlOutArmY	fMain->pnlOutArmY->Width=600;			FAIL			yes	cinitial.cpp:14058:20: error: 'class TfMain' has no member named 'pnlOutArmY'	仍缺：TfMain 沒有成員 pnlOutArmY		
MEDIUM	cinitial.cpp	14083	14085	1			GATE n5-G2: blocked by TfMain::pnlOutArmY	fMain->pnlOutArmY->Width=330;			FAIL			yes	cinitial.cpp:14084:16: error: 'class TfMain' has no member named 'pnlOutArmY'	仍缺：TfMain 沒有成員 pnlOutArmY		
HIGH	cinitial.cpp	14207	14700	492	GATE ORDER:		GATE n5-G3: blocked by (1) the TfMain widget facade, (2) TMyKitSuck::SetMyLed on the wrong header, (3) InArmSuckBackup has no definition, (4) fAutoAlignment / fObserveMagazine have no port	if(InOutArmPickerUseMotor==eptUseMot)			FAIL			yes	cinitial.cpp:14210:58: error: 'class TfMain' has no member named 'ledInArmAa'  (補 include Public/HTEdit.h 之後)	仍缺：TfMain 沒有成員 ledInArmAa	HIGH-KW	
MEDIUM	cinitial.cpp	15711	15713	1			GATE n5-G4: blocked by SetAOATrayTeachPoint (golden AutoAlignment/AutoAlignment.cpp:1059; 0 definitions and 0 declarations in this tree)	SetAOATrayTeachPoint(TestIF.iAlignmentPointX, TestIF.iAlignmentPointY, &MOT[MMAOASampleTray], true);			FAIL			yes	cinitial.cpp:15712:103: error: 'SetAOATrayTeachPoint' was not declared in this scope	仍缺：未宣告 SetAOATrayTeachPoint		
MEDIUM	cinitial.cpp	15819	15824	4			GATE n5-G5: blocked by TfMain::mtPlate1 (absent); mtPlate2 present but write-only offline (forms/FormWidgets.h:250-252)	fMain->mtPlate1->XItem=HotPlateForm.XDivision;			FAIL			yes	cinitial.cpp:15820:12: error: 'class TfMain' has no member named 'mtPlate1'; did you mean 'mtPlate2'?	仍缺：TfMain 沒有成員 mtPlate1		
MEDIUM	cinitial.cpp	15843	15845	1			GATE n5-G6: blocked by SetAOATrayTeachPoint (golden AutoAlignment/AutoAlignment.cpp:1059)	SetAOATrayTeachPoint(TestIF.iAlignmentPlatePointX, TestIF.iAlignmentPlatePointY, &MOT[MMAOASamplePlate]);			FAIL			yes	cinitial.cpp:15844:108: error: 'SetAOATrayTeachPoint' was not declared in this scope	仍缺：未宣告 SetAOATrayTeachPoint		
MEDIUM	cinitial.cpp	15891	15896	4			GATE n5-G7: blocked by TfMain::tmy{Input,Output}RotateKit (absent from forms/fMain.h)	fMain->tmyInputRotateKit->XItem=1;			FAIL			yes	cinitial.cpp:15892:24: error: 'class TfMain' has no member named 'tmyInputRotateKit'	仍缺：TfMain 沒有成員 tmyInputRotateKit		
MEDIUM	cinitial.cpp	15904	15909	4			GATE n5-G8: blocked by TfMain::tmy{Input,Output}RotateKit	fMain->tmyInputRotateKit->XItem=2;			FAIL			yes	cinitial.cpp:15905:24: error: 'class TfMain' has no member named 'tmyInputRotateKit'	仍缺：TfMain 沒有成員 tmyInputRotateKit		
MEDIUM	cinitial.cpp	15977	15986	8			GATE n5-G9: blocked by tRotate.DutNum (tRotateShim has no such member, aHotPlateSubstrate.h:824-832) and tDutType_8 (golden RotateKit/fRotate.h:23; in the port only as TU-local .cpp copies, RotateKit/aRotateKIT_In.cpp:330-336 / aRotateKIT_Out.cpp:~324-330 -- no header)	if(tRotate.DutNum==tDutType_8)                                  //kevin 20130517 add 8 site			FAIL			yes	cinitial.cpp:15981:28: error: 'class TfMain' has no member named 'tmyInputRotateKit'	仍缺：TfMain 沒有成員 tmyInputRotateKit		
MEDIUM	cinitial.cpp	15988	15992	3			GATE n5-G10: tail of n5-G9 -- the two fMain->tmyInputRotateKit mirrors (blocked by TfMain::tmyInputRotateKit) plus the gated arm's closing brace	fMain->tmyInputRotateKit->XItem=2;			FAIL			yes	cinitial.cpp:15989:28: error: 'class TfMain' has no member named 'tmyInputRotateKit'	仍缺：TfMain 沒有成員 tmyInputRotateKit		
MEDIUM	cinitial.cpp	16004	16007	2			GATE n5-G11: blocked by TfMain::tmyOutputRotateKit	fMain->tmyOutputRotateKit->XItem=1;			FAIL			yes	cinitial.cpp:16005:24: error: 'class TfMain' has no member named 'tmyOutputRotateKit'	仍缺：TfMain 沒有成員 tmyOutputRotateKit		
MEDIUM	cinitial.cpp	16014	16017	2			GATE n5-G12: blocked by TfMain::tmyOutputRotateKit	fMain->tmyOutputRotateKit->XItem=2;			FAIL			yes	cinitial.cpp:16015:24: error: 'class TfMain' has no member named 'tmyOutputRotateKit'	仍缺：TfMain 沒有成員 tmyOutputRotateKit		
MEDIUM	cinitial.cpp	16035	16044	8			GATE n5-G13: blocked by tRotate.DutNum (tRotateShim, aHotPlateSubstrate.h:824-832) and tDutType_8 (golden RotateKit/fRotate.h:23; in the port only as TU-local .cpp copies, RotateKit/aRotateKIT_In.cpp:330-336 / aRotateKIT_Out.cpp:~324-330 -- no header)	if(tRotate.DutNum==tDutType_8)                                  //kevin 20130517 add 8 site			FAIL			yes	cinitial.cpp:16039:28: error: 'class TfMain' has no member named 'tmyOutputRotateKit'	仍缺：TfMain 沒有成員 tmyOutputRotateKit		
MEDIUM	cinitial.cpp	16046	16050	3			GATE n5-G14: tail of n5-G13 -- the two fMain->tmyOutputRotateKit mirrors (blocked by TfMain::tmyOutputRotateKit) plus the gated arm's closing brace	fMain->tmyOutputRotateKit->XItem=2;			FAIL			yes	cinitial.cpp:16047:28: error: 'class TfMain' has no member named 'tmyOutputRotateKit'	仍缺：TfMain 沒有成員 tmyOutputRotateKit		
MEDIUM	cinitial.cpp	16089	16095	5			GATE n5-G15: blocked by TfMain::mtPlate1 (absent) and TfMainAutoCleanGrid::Visible (no such member; forms/FormWidgets.h:255-262)	if(TestIF_File.iAutoClean_Function && TestIF_File.iAutoClean_Tray==eCKPos_HP2) //kevin 20141020  使用AUTOCLEAN要顯示HOTPLATE 2			FAIL			yes	cinitial.cpp:16091:20: error: 'class TfMain' has no member named 'mtPlate1'; did you mean 'mtPlate2'?	仍缺：TfMain 沒有成員 mtPlate1		
MEDIUM	cinitial.cpp	16107	16110	2			GATE n5-G15: blocked by TfMain::mtPlate1 / TfMainAutoCleanGrid::Visible	fMain->mtPlate2->Visible=false;			FAIL			yes	cinitial.cpp:16108:26: error: 'class TfMainAutoCleanGrid' has no member named 'Visible'	仍缺：TfMainAutoCleanGrid 沒有成員 Visible		
MEDIUM	cinitial.cpp	16125	16128	2			GATE n5-G15: blocked by TfMain::mtPlate1 / TfMainAutoCleanGrid::Visible	fMain->mtPlate1->Visible=true;			FAIL			yes	cinitial.cpp:16126:16: error: 'class TfMain' has no member named 'mtPlate1'; did you mean 'mtPlate2'?	仍缺：TfMain 沒有成員 mtPlate1		
MEDIUM	cinitial.cpp	16574	16579	4			GATE n5-G17: blocked by TfProductionInfo::EnableInArmAutoCalSuckZ (golden ProductionInfo/ProductionInfo.cpp:5907; 0 hits tree-wide)	if(fProductionInfo->EnableInArmAutoCalSuckZ())		sim+ship	PASS-WITH-INCLUDE	LINK-OK	SHIP-OK	likely-no（缺 include）	cinitial.cpp:16575:8: error: 'fProductionInfo' was not declared in this scope	候選：補 include forms/fProductionInfo.h 後照 golden 解開（先確認那個名字是真本體、不是 stub／shim）		
MEDIUM	cinitial.cpp	16600	16605	4			GATE n5-G18: blocked by TfProductionInfo::EnableOutArmAutoCalSuckZ (golden ProductionInfo/ProductionInfo.cpp:5912; 0 hits tree-wide)	if(fProductionInfo->EnableOutArmAutoCalSuckZ())		sim+ship	PASS-WITH-INCLUDE	LINK-OK	SHIP-OK	likely-no（缺 include）	cinitial.cpp:16601:8: error: 'fProductionInfo' was not declared in this scope	候選：補 include forms/fProductionInfo.h 後照 golden 解開（先確認那個名字是真本體、不是 stub／shim）		
MEDIUM	cinitial.cpp	16849	16897	47			N1-G1: blocked by TTable/DataModule1 (BDE; database.h:204-207 commented out) + MessageDlg (0 declarations tree-wide) -- golden cinitial.cpp:3061-3107	AnsiString CheckMotorValue(TTable *PT, AnsiString asString, bool bIsNum)        //jou 20180814 (Steven) : 增加Motor database 異常警示			FAIL			yes	cinitial.cpp:16850:28: error: 'TTable' was not declared in this scope	仍缺：未宣告 TTable		
MEDIUM	cinitial.cpp	17109	17111	1			N1-G2b: blocked by InitNTPort() -- 0 occurrences tree-wide (grep -rn "\bInitNTPort\b" over every .h/.cpp outside build*, re-run 20260810 15:15). DELTA: the NT port driver is never opened by the bring-up path.	InitNTPort();			FAIL			yes	cinitial.cpp:17110:16: error: 'InitNTPort' was not declared in this scope	仍缺：未宣告 InitNTPort		
HIGH	cinitial.cpp	17118	17120	1			N1-G2e: blocked by fStartCondition -- NO declaration in ANY header in this tree, its form is untranslated (re-run 20260810 15:15). DELTA: cylinder-life counters are not loaded, so Pre-Alarm Cylinder starts from zero counts.	fStartCondition->LoadCylinderLife();                                        //Eastsun 20260520 整合//Sam 20230516 : Pre Alrm Cylinder			FAIL			yes	fStartCondition.h:339:5: error: 'AnsiString' does not name a type  (補 include forms/fStartCondition.h + vclcompat/AnsiString.h 之後)	仍缺：未宣告 AnsiString	HIGH-KW	
MEDIUM	cinitial.cpp	17316	17318	1			N1-G3c: blocked by the GLOBAL iHotInArmOrder (golden ainarm2.h) -- it has NO definition and NO declaration in this tree; the only thing named that is the TU-LOCAL MACRO SEAM csystem.cpp:4814-4815 `#define iHotInArmOrder W7C1_iHotInArmOrder`, and this file already gates the same symbol twice for the 	MachRec.iHotInArmOrder[i][j][k]  =iHotInArmOrder[i][j][k];			FAIL			yes	cinitial.cpp:17317:51: error: 'iHotInArmOrder' was not declared in this scope	仍缺：未宣告 iHotInArmOrder		
MEDIUM	cinitial.cpp	17372	17374	1			N1-G3b: blocked by the NAME sCleanPlaceRec -- declared ONLY in Public/HTEditList.h:118, which also defines a SECOND class uPlateInfo (:321) with a different layout from aHotPlateSubstrate.h:673, so including it is the two-layouts trap. PlaceToCleanList and uPlateInfo::SaveFile themselves DO exist. D	PlaceToCleanList->SaveFile(sCleanPlaceRec);                                 //Jimmychiu 20230417 : Record the position after placing the IC			FAIL			yes	aHotPlateSubstrate.h:80:7: error: redefinition of 'class TList'  (補 include Public/HTEditList.h 之後)	仍缺：aHotPlateSubstrate.h:80:7: error: redefinition of 'class TList'  (補 include Public/HTEditList.h 之後)		
MEDIUM	cinitial.cpp	17681	17683	1			N1-G5: TfTemp_Set::InitialAddrToATC now EXISTS (uTemp_Set.cpp:6721) -- what still blocks is ORDER: wb_serve news fTemp_Set at tools/wb_serve.cpp:3244, AFTER InitialHandler (:3084) -> SetWorkParameter -> ChangeSite runs, so this would deref NULL at boot; golden creates its forms first. Boot-order ite	fTemp_Set->InitialAddrToATC();                                              //Steven 20241105 : 更新轉換矩陣		sim+ship	PASS-WITH-INCLUDE	LINK-OK	SHIP-OK	likely-no（缺 include）	cinitial.cpp:17682:5: error: 'fTemp_Set' was not declared in this scope	候選：補 include forms/fTemp_Set.h 後照 golden 解開（先確認那個名字是真本體、不是 stub／shim）		
HIGH	ckernel.cpp	1725	1734	8	SAFETY-GATE(W906-MSTATE-CCDID)		SAFETY-GATE(W906-MSTATE-CCDID) golden ckernel.cpp:826-833（此行原本是 `//Eliot 2010_1206 start`）—— 缺相依：CCDInterfaceForm 在移植樹是 TCCDInterfaceFormShim（atester_shims.h:311），沒有 bIdentificationFinish／iIdentificationStatus（CCD TCP 辨識結果）；補欄位等於編造一個值。外層旗標 IniConfig.bEnableCCDUSETCPIP 屬於沒載入的 config.ini 半邊（T4 U70），今天	if(IniConfig.bEnableCCDUSETCPIP)			FAIL			yes	ckernel.cpp:1728:38: error: 'class TCCDInterfaceFormShim' has no member named 'bIdentificationFinish'	仍缺：TCCDInterfaceFormShim 沒有成員 bIdentificationFinish	SAFETY HIGH-KW	
HIGH	ckernel.cpp	1845	1877	31	TODO(W7-U)		TODO(W7-U): golden ckernel.cpp:704-932 -- the ENTIRE body, untranslated. Near-pure VCL form painting: 31 fMain-> / 20 fNote-> derefs plus fTowerLight, fShowBinSet, MyMessageBox, fHome and CCDInterfaceForm, and it needs ~6 widget stand-ins (tri-state LED `Value`, panel `Visible`, TEdit `Text`) that t		yes		NESTED			n/a		空的 #if 0（裡面沒有程式）：不用翻，可清掉	HIGH-KW UI-STATE	
HIGH	ckernel.cpp	1841	1878	36			AI(W906-MSTATE-P2b) 20260924: 空殼退役 —— 真本體已在上方 :1604 解閘；以下到 :1878 保留原文當史料，不編譯	{			FAIL			n/a	ckernel.cpp:1842:1: error: expected unqualified-id before '{' token	已退役的替身／參考副本（真本體在別處）：不要解（會重複定義），可整段清掉	HIGH-KW UI-STATE	
HIGH	ckernel.cpp	2593	2595	1	SAFETY-GATE(W906-MSTATE-FTP)		SAFETY-GATE(W906-MSTATE-FTP) golden ckernel.cpp:1589 —— 缺相依：TfFTPClient 全樹沒有 port（BarcodeReader.h:44 的 B-F1 同一個缺口）。只閘條件行、保留本體：等同「FTP 視窗沒開」，與 W906_FShow（WebStart.cpp:210）在沒有瀏覽器總表時回「關著」的規則一致（使用者 Q8-B）	if(fFTPClient->bShow==false)		sim+ship	PASS-WITH-INCLUDE	LINK-OK	SHIP-OK	likely-no（缺 include）	ckernel.cpp:2594:28: error: 'fFTPClient' was not declared in this scope	SAFETY 閘：編得過也先問筆電；候選：補 include KYECFTP/FTPClientForm_St02.h 後照 golden 解開（先確認那個名字是真本體、不是 stub／shim）	SAFETY	
HIGH	ckernel.cpp	2639	2641	1	SAFETY-GATE(W906-MSTATE-FTP)		SAFETY-GATE(W906-MSTATE-FTP) golden ckernel.cpp:1636 —— 缺相依：TfFTPClient 全樹沒有 port（BarcodeReader.h:44 的 B-F1 同一個缺口）。只閘條件行、保留本體：等同「FTP 視窗沒開」，與 W906_FShow（WebStart.cpp:210）在沒有瀏覽器總表時回「關著」的規則一致（使用者 Q8-B）	if(fFTPClient->bShow==false)		sim+ship	PASS-WITH-INCLUDE	LINK-OK	SHIP-OK	likely-no（缺 include）	ckernel.cpp:2640:24: error: 'fFTPClient' was not declared in this scope	SAFETY 閘：編得過也先問筆電；候選：補 include KYECFTP/FTPClientForm_St02.h 後照 golden 解開（先確認那個名字是真本體、不是 stub／shim）	SAFETY	
HIGH	ckernel.cpp	2724	2731	6	SAFETY-GATE(W906-MSTATE-AUTOTEACH)		SAFETY-GATE(W906-MSTATE-AUTOTEACH) golden ckernel.cpp:1720-1725 —— 缺相依：TfAutoTeach 全樹沒有 port（forms/fOffSet.h:154-155 明記；WebStart.cpp:1813 的 ST-W2-J 是同一個缺口）。閘住＝GetState() 恆為 0 的結果：Auto Alignment Mode 永不顯示	if(fAutoTeach->GetState()>0 && CosFunction.bManualSteplAutoTeach)           //JimmyChiu 20211020 : Auto alignment mode			FAIL			yes	ckernel.cpp:2725:8: error: 'fAutoTeach' was not declared in this scope	仍缺：未宣告 fAutoTeach	SAFETY	
HIGH	ckernel.cpp	2747	2802	54	TODO(W7-U)		TODO(W7-U): golden ckernel.cpp:935-1726 -- the ENTIRE body, untranslated. 792 lines, 150 fMain-> derefs over 7 members (ShowNowStatus 88x, labDelayStatus 40x) plus fLotInfo's three FTP widgets, fContact, fFTPClient, fAutoTeach, fHome, fNote and MyMessageBox. Needs a TColor-taking status painter, a c		yes		NESTED			n/a		空的 #if 0（裡面沒有程式）：不用翻，可清掉	HIGH-KW	
HIGH	ckernel.cpp	2743	2803	59			AI(W906-MSTATE-P2) 20260924: 空殼退役 —— 真本體已在上方 :1940 解閘；以下到 :2803 保留原文當史料，不編譯	{			FAIL			n/a	ckernel.cpp:2744:1: error: expected unqualified-id before '{' token	已退役的替身／參考副本（真本體在別處）：不要解（會重複定義），可整段清掉	HIGH-KW	
LOW	cmydef.cpp	129	148	18	TODO(W3)		TODO(W3): TMyStringList body + RunInfo state	void SaveEventLog()                                                             //Steven 20200416 : 整合EventLog存檔			FAIL			yes	cmydef.cpp:132:15: error: invalid use of incomplete type 'class TMyStringList'	仍缺：不完整型別 class TMyStringList	WRITES-FILE	
LOW	cmydef.cpp	3293	3295	1	TODO(W6)		AI(W0-TAIL) 20260626: TODO(W6) -- G9004_M204 is a Syntek driver-header constant.   //AI(W906-AMB-L2) 20260929: HELD at 0 on purpose (tray review of f381f076 #2; that commit restored golden :3172 and this batch took it back out). The constant exists now (Motor/vendor/CMNet.h:20 = 0xA7), but golden's 	int         SYN_TEK_MOTION_MODULE           =G9004_M204;			FAIL			yes	CMNet.h:53:12: error: expected initializer before '_pcie8601_open'  (補 include Motor/vendor/CMNet.h 之後)	仍缺：CMNet.h:53:12: error: expected initializer before '_pcie8601_open'  (補 include Motor/vendor/CMNet.h 之後)		
LOW	cmydef.cpp	3598	3600	1	TODO(W7)		AI(W0-TAIL) 20260626: TODO(W7) -- 'TMyLog myLog' definition deferred (TMyLog is VCL-form-coupled, fwd-declared in cmydef.h). extern decl stays; def lands W7.	TMyLog myLog;			FAIL			yes	cmydef.cpp:3599:8: error: aggregate 'TMyLog myLog' has incomplete type and cannot be defined	仍缺：cmydef.cpp:3599:8: error: aggregate 'TMyLog myLog' has incomplete type and cannot be defined		
LOW	cmydef.cpp	4292	4294	1	TODO(W7)		AI(W0-TAIL) 20260626: TODO(W7) -- clGreen/clRed/clPurple/... are VCL Graphics.hpp colour constants (incl system clBtnFace). Keep symbol defined (zero-init) for W0; faithful colour values restored with the VCL colour table in W7.	TColor tcBinColor[eTrayCount]        ={clGreen, clRed, TColor(0x000080FF), clPurple, clBlue, clGray, clSilver, clBtnFace, clOlive};			FAIL			yes	cmydef.cpp:4293:76: error: 'clPurple' was not declared in this scope  (補 include VacuumUnit/MyVacuumPanel.h 之後)	仍缺：未宣告 clPurple		
LOW	cmydef.cpp	6132	6223	90	TODO(W6)		TODO(W6): function bodies depend on untranslated globals/state machines	void InitialMemory()                                                            //Steven 20160319 : 初始化數值   // AI(W906-INITMEM) 20260927: gated REFERENCE copy -- the live definition is cmydef_InitialM		sim+ship	PASS			n/a	(compiles: -fsyntax-only)	已退役的替身／參考副本（真本體在別處）：不要解（會重複定義），可整段清掉		
LOW	cmydef.cpp	6228	6231	2	TODO(W6)		...resume the TODO(W6) gate -- AI(W906-FRW-S70) 20260926: 這兩個 uPoint2D 仍關著：建構子本體在 Public/HTEditList.cpp（ht9045_sm），本檔在 ht9045_globals（只連 vclcompat），在這裡定義會讓抽到 cmydef.o 卻沒連 ht9045_sm 的程式缺 uPoint2D::uPoint2D() —— 改定義在 FileRW/AutoCalSuckZ.cpp（原因見該檔檔頭）	uPoint2D InArmAutoCalSuckZPoint;		sim+ship	PASS	LINK-DUP dup: _InArmAutoCalSuckZPoint; _OutArmAutoCalSuckZPoint		n/a	(compiles: -fsyntax-only)	解開會跟別處重複定義（_InArmAutoCalSuckZPoint; _OutArmAutoCalSuckZPoint）：真本體在別處，不要解，可清掉		
LOW	cmydef.cpp	6234	6256	21	TODO(W6)		...resume the TODO(W6) gate	double GetTotalYield_double()   // AI(W906-TOTALYIELD) 20260927: gated REFERENCE copy -- the live definition is cmydef_TotalYield.cpp		sim+ship	PASS			n/a	(compiles: -fsyntax-only)	已退役的替身／參考副本（真本體在別處）：不要解（會重複定義），可整段清掉		
LOW	cmydef.cpp	6258	6259	0	TODO(W6)		...resume the TODO(W6) gate			sim+ship	PASS			n/a	(compiles: -fsyntax-only)	空的 #if 0（裡面沒有程式）：不用翻，可清掉		
LOW	cmydef.cpp	6261	6262	0	TODO(W6)		...resume the TODO(W6) gate			sim+ship	PASS			n/a	(compiles: -fsyntax-only)	空的 #if 0（裡面沒有程式）：不用翻，可清掉		
LOW	cmydef.cpp	6264	6265	0	TODO(W6)		...resume the TODO(W6) gate			sim+ship	PASS			n/a	(compiles: -fsyntax-only)	空的 #if 0（裡面沒有程式）：不用翻，可清掉		
LOW	cmydef.cpp	6267	6269	1	TODO(W6)		...resume the TODO(W6) gate	AnsiString sUnloadBin[MAX_UNLOAD_TRAY];		sim+ship	PASS	LINK-OK	SHIP-OK	likely-no	(compiles: -fsyntax-only)	候選：照 golden 解開（先看風險標記）		
LOW	cmydef.cpp	6277	6284	6	TODO(W6)		...resume the TODO(W6) gate	bool bAskStopPort[ePortTotal];                                                  //JerryYang 20250521 : For AMR		sim+ship	PASS	LINK-DUP dup: _bAskStopPort; _bPortIsBusy; _iLastPortStatus		n/a	(compiles: -fsyntax-only)	解開會跟別處重複定義（_bAskStopPort; _bPortIsBusy; _iLastPortStatus）：真本體在別處，不要解，可清掉		
LOW	cmydef.cpp	6286	6300	13	TODO(W6)		...resume the TODO(W6) gate	bool bWaitingAMR=false;                                                         //RogerYang 20250617 Load已清空但還沒滿bundle，等料車來			FAIL			yes	cmydef.cpp:6423:6: error: redefinition of 'bool bReplyFTCTAlarm'	仍缺：cmydef.cpp:6423:6: error: redefinition of 'bool bReplyFTCTAlarm'		
LOW	cmydef.cpp	6302	6303	0	TODO(W6)		...resume the TODO(W6) gate			sim+ship	PASS			n/a	(compiles: -fsyntax-only)	空的 #if 0（裡面沒有程式）：不用翻，可清掉		
LOW	cmydef.cpp	6306	6308	1	TODO(W6)		...resume the TODO(W6) gate	bool bFreezeHandler=false;                                                      //Ifor 20260119 add:Freeze Handler		sim+ship	PASS	LINK-OK	SHIP-OK	likely-no	(compiles: -fsyntax-only)	候選：照 golden 解開（先看風險標記）		
LOW	cmydef.cpp	6318	6329	10	TODO(W6)		...resume the TODO(W6) gate	DWORD startASMTick=0;		sim+ship	PASS	LINK-OK	SHIP-OK	likely-no	(compiles: -fsyntax-only)	候選：照 golden 解開（先看風險標記）		
LOW	cmydef.cpp	6333	6334	0	TODO(W6)		...resume the TODO(W6) gate			sim+ship	PASS			n/a	(compiles: -fsyntax-only)	空的 #if 0（裡面沒有程式）：不用翻，可清掉		
LOW	cmydef.cpp	6336	6338	1	TODO(W6)		...resume the TODO(W6) gate	AnsiString sSiteLayoutSiteMap="";		sim+ship	PASS	LINK-OK	SHIP-OK	likely-no	(compiles: -fsyntax-only)	候選：照 golden 解開（先看風險標記）		
LOW	cmydef.cpp	6340	6341	0	TODO(W6)		...resume the TODO(W6) gate			sim+ship	PASS			n/a	(compiles: -fsyntax-only)	空的 #if 0（裡面沒有程式）：不用翻，可清掉		
LOW	cmydef.cpp	6343	6344	0	TODO(W6)		...resume the TODO(W6) gate			sim+ship	PASS			n/a	(compiles: -fsyntax-only)	空的 #if 0（裡面沒有程式）：不用翻，可清掉		
LOW	cmydef.cpp	6346	6347	0	TODO(W6)		...resume the TODO(W6) gate			sim+ship	PASS			n/a	(compiles: -fsyntax-only)	空的 #if 0（裡面沒有程式）：不用翻，可清掉		
LOW	cmydef.cpp	6349	6350	0	TODO(W6)		...resume the TODO(W6) gate			sim+ship	PASS			n/a	(compiles: -fsyntax-only)	空的 #if 0（裡面沒有程式）：不用翻，可清掉		
LOW	cmydef.cpp	6359	6360	0	TODO(W6)		...resume the TODO(W6) gate			sim+ship	PASS			n/a	(compiles: -fsyntax-only)	空的 #if 0（裡面沒有程式）：不用翻，可清掉		
LOW	cmydef.cpp	6362	6363	0	TODO(W6)		...resume the TODO(W6) gate			sim+ship	PASS			n/a	(compiles: -fsyntax-only)	空的 #if 0（裡面沒有程式）：不用翻，可清掉		
LOW	cmydef.cpp	6374	6375	0	TODO(W6)		...resume the TODO(W6) gate			sim+ship	PASS			n/a	(compiles: -fsyntax-only)	空的 #if 0（裡面沒有程式）：不用翻，可清掉		
LOW	cmydef.cpp	6377	6380	2	TODO(W6)		...resume the TODO(W6) gate	bool bTrayArmIsPickColor=false;		sim+ship	PASS	LINK-DUP dup: _bTrayArmIsPickColor		n/a	(compiles: -fsyntax-only)	解開會跟別處重複定義（_bTrayArmIsPickColor）：真本體在別處，不要解，可清掉		
LOW	cmydef.cpp	6382	6383	0	TODO(W6)		...resume the TODO(W6) gate			sim+ship	PASS			n/a	(compiles: -fsyntax-only)	空的 #if 0（裡面沒有程式）：不用翻，可清掉		
LOW	cmydef.cpp	6385	6387	1	TODO(W6)		...resume the TODO(W6) gate	bool bNeedRestartSW=false;		sim+ship	PASS	LINK-OK	SHIP-OK	likely-no	(compiles: -fsyntax-only)	候選：照 golden 解開（先看風險標記）		
LOW	cmydef.cpp	6389	6390	0	TODO(W6)		...resume the TODO(W6) gate			sim+ship	PASS			n/a	(compiles: -fsyntax-only)	空的 #if 0（裡面沒有程式）：不用翻，可清掉		
LOW	cmydef.cpp	6392	6393	0	TODO(W6)		...resume the TODO(W6) gate			sim+ship	PASS			n/a	(compiles: -fsyntax-only)	空的 #if 0（裡面沒有程式）：不用翻，可清掉		
LOW	cmydef.cpp	6397	6400	2	TODO(W6)		...resume the TODO(W6) gate	bool bWaitSECS=false;                                                           //KevinCheng 20250919 : Wait SECS		sim+ship	PASS	LINK-DUP dup: _bEject; _bWaitSECS		n/a	(compiles: -fsyntax-only)	解開會跟別處重複定義（_bEject; _bWaitSECS）：真本體在別處，不要解，可清掉		
LOW	cmydef.cpp	6403	6415	11	TODO(W6)		...resume the TODO(W6) gate	bool bPurgeOutAllDevice=false;                                                  //JerryYang 20251020 : 渠梁半清機功能		sim+ship	PASS	LINK-DUP dup: _ASE_OutTrayNum; _bPurgeOutAllDevice		n/a	(compiles: -fsyntax-only)	解開會跟別處重複定義（_ASE_OutTrayNum; _bPurgeOutAllDevice）：真本體在別處，不要解，可清掉		
LOW	common.cpp	967	1036	68			AI-W6C-GOLDEN-BEGIN WriteIniData common.cpp:622-689	void __fastcall WriteIniData(AnsiString FileName, AnsiString Group, AnsiString Name, bool bValue)  //Steven 20090731			FAIL			yes	common.cpp:985:47: error: 'TempChangeLog' was not declared in this scope  (補 include TesterComm/Gpib/GpibBridge.h + TesterComm/Rs232/Rs232Bridge.h + cmydef.h 之後)	仍缺：未宣告 TempChangeLog	WRITES-FILE	
LOW	common.cpp	1073	1076	2	TODO(wave-logging/UI)		TODO(wave-logging/UI): RecordChangeLogByLot (common.cpp:683-688)			sim+ship	PASS			n/a	(compiles: -fsyntax-only)	空的 #if 0（裡面沒有程式）：不用翻，可清掉		
LOW	common.cpp	1117	1118	0	TODO(wave-logging/UI)		TODO(wave-logging/UI): RecordChangeLogByLot (common.cpp:867-872)			sim+ship	PASS			n/a	(compiles: -fsyntax-only)	空的 #if 0（裡面沒有程式）：不用翻，可清掉		
LOW	common.cpp	1162	1163	0	TODO(wave-logging/UI)		TODO(wave-logging/UI): RecordChangeLogByLot (common.cpp:966-971)			sim+ship	PASS			n/a	(compiles: -fsyntax-only)	空的 #if 0（裡面沒有程式）：不用翻，可清掉		
LOW	common.cpp	1199	1200	0	TODO(wave-logging/UI)		TODO(wave-logging/UI): RecordChangeLogByLot (common.cpp:1013-1018)			sim+ship	PASS			n/a	(compiles: -fsyntax-only)	空的 #if 0（裡面沒有程式）：不用翻，可清掉		
LOW	common.cpp	1219	1223	3	TODO(wave-logging/UI)		TODO(wave-logging/UI): change-log variables (common.cpp:1025-1029)	bool bStrIsFloat1 = false;		sim+ship	PASS	LINK-OK	SHIP-OK	likely-no	(compiles: -fsyntax-only)	候選：照 golden 解開（先看風險標記）		
LOW	common.cpp	1255	1256	0	TODO(wave-logging/UI)		TODO(wave-logging/UI): RecordChangeLogByLot (common.cpp:1093-1098)			sim+ship	PASS			n/a	(compiles: -fsyntax-only)	空的 #if 0（裡面沒有程式）：不用翻，可清掉		
LOW	common.cpp	1387	1408	20	TODO(wave-logging/UI)		TODO(wave-logging/UI): change-detect block (common.cpp:1200-1225)			sim+ship	PASS			n/a	(compiles: -fsyntax-only)	空的 #if 0（裡面沒有程式）：不用翻，可清掉	WRITES-FILE	
LOW	common.cpp	1572	1573	0	TODO(wave-canvas)		TODO(wave-canvas): MyDrawText x6 (common.cpp:1360-1404)			sim+ship	PASS			n/a	(compiles: -fsyntax-only)	空的 #if 0（裡面沒有程式）：不用翻，可清掉		
LOW	common.cpp	2134	2192	57			AI-W6C-GOLDEN-BEGIN MySleepEx common.cpp:1735-1791	DWORD MySleepEx(DWORD dwMilliseconds, bool bAlertable)                          //Steven 20200807 : 趁著Sleep的時候去檢查EC change report			FAIL			yes	common.cpp:2194:7: error: redefinition of 'DWORD MySleepEx(DWORD, bool)'	仍缺：common.cpp:2194:7: error: redefinition of 'DWORD MySleepEx(DWORD, bool)'		
LOW	common.cpp	2239	2472	232	TODO(wave-logging)		TODO(wave-logging): TempChangeLog (common.cpp:1802-2037) -- body verified correct, blocked on ht9045_core/ht9045_globals link boundary, see banner above	AnsiString __fastcall TempChangeLog(AnsiString Group, AnsiString Name)       // common.cpp:1802		sim+ship	PASS-WITH-INCLUDE	LINK-DUP dup: @_Z13TempChangeLogN9vclcompat10AnsiStringES0_@48		n/a	common.cpp:2286:22: error: 'asTempCtrl' was not declared in this scope	解開會跟別處重複定義（@_Z13TempChangeLogN9vclcompat10AnsiStringES0_@48）：真本體在別處，不要解，可清掉		
LOW	common.h	377	379	1	TODO(wave-logging)		TODO(wave-logging): TempChangeLog	extern AnsiString __fastcall TempChangeLog(AnsiString Group, AnsiString Name); // common.h:263		sim+ship	PASS	LINK-OK		likely-no	 [via common.cpp]	候選：照 golden 解開（先看風險標記）		
LOW	common.h	387	394	6	TODO(wave-canvas)		TODO(wave-canvas): MyDrawText (6 overloads, TCanvas/TRect/TColor VCL GDI)	void __fastcall MyDrawText(TCanvas *pCanvas, TRect &Rect, char *str);              // common.h:89			FAIL			yes	common.h:388:28: error: variable or field 'MyDrawText' declared void [via common.cpp]	仍缺：common.h:388:28: error: variable or field 'MyDrawText' declared void [via common.cpp]		
LOW	common.h	411	417	5	TODO(wave-ui)		TODO(wave-ui): SPEEDBUTTON_PTR (TSpeedButton is a VCL form component)	typedef struct			FAIL			yes	common.h:414:5: error: 'TSpeedButton' does not name a type [via common.cpp]	仍缺：未宣告 TSpeedButton		
MEDIUM	cprod.cpp	1072	1190	117	TODO(GA1-B2)		TODO(GA1-B2): blocked by FileInfo@ProductionInfo/FileInfo.h+.cpp (golden class,   [AI(W906-JAMDAY) 20261001: STALE -- FileInfo IS ported (ProductionInfo/FileInfo.cpp:457 PathCombin); the real reason is the library split (this file is ht9045_globals, FileInfo is ht9045_sm), hence the hook above]	AnsiString str, sFileName, sPath;		sim+ship	PASS-WITH-INCLUDE	LINK-OK	SHIP-OK	likely-no（缺 include）	cprod.cpp:1087:31: error: 'FileInfo' was not declared in this scope	會寫檔：先確認裁示允許寫這個檔；候選：補 include ProductionInfo/FileInfo.h 後照 golden 解開（先確認那個名字是真本體、不是 stub／shim）	WRITES-FILE	
MEDIUM	cprod.cpp	1201	1257	55	TODO(GA1-B2)		TODO(GA1-B2): blocked by FileInfo@ProductionInfo/FileInfo.h+.cpp (golden class,	MyForceDirectories(sDailyJamPath);		sim+ship	PASS-WITH-INCLUDE	LINK-OK	SHIP-OK	likely-no（缺 include）	cprod.cpp:1209:31: error: 'FileInfo' was not declared in this scope	會寫檔：先確認裁示允許寫這個檔；候選：補 include ProductionInfo/FileInfo.h 後照 golden 解開（先確認那個名字是真本體、不是 stub／shim）	WRITES-FILE	
MEDIUM	cprod.cpp	1271	1284	12	TODO(GA1-B2)		TODO(GA1-B2): blocked by fMesSystem@not declared anywhere in ported tree (golden	sJamRatePath="D:\\PnPh\\report\\LotAlarm";		sim+ship	PASS-WITH-INCLUDE	LINK-OK	SHIP-OK	likely-no（缺 include）	cprod.cpp:1278:81: error: 'fMesSystem' was not declared in this scope	候選：補 include forms/fMesSystem.h 後照 golden 解開（先確認那個名字是真本體、不是 stub／shim）		
MEDIUM	cprod.cpp	1371	1374	2	TODO(GA1-B2)		TODO(GA1-B2): blocked by FormHS@HS_Function.h (golden TFormHS form, not ported	FormHS->UpDataToServerByFTP(IncludeTrailingPathDelimiter(sJamRatePath), sFileName, "JamRateByLot");		sim+ship	PASS	LINK-OK	SHIP-OK	likely-no	(compiles: -fsyntax-only)	候選：照 golden 解開（先看風險標記）		
MEDIUM	cprod.cpp	2274	2279	4	TODO(GA1-B2)		TODO(GA1-B2): blocked by HTGem@database.h:62 (forward-declared only; complete type	if(HSys.MyGem!=NULL)			FAIL			yes	cprod.cpp:2278:35: error: invalid use of incomplete type 'class HTGem'	仍缺：不完整型別 class HTGem		
MEDIUM	cprod.cpp	2423	2436	12	TODO(GA1-B2)		TODO(GA1-B2): blocked by TfLotInfo@forms/fLotInfo.h missing members tsASECLEventLog/	if(fLotInfo!=NULL)                                                          //Steven 20181224 : For ASE-CL			FAIL			yes	cprod.cpp:2433:19: error: 'class TfLotInfo' has no member named 'grpManualSet2D'	仍缺：TfLotInfo 沒有成員 grpManualSet2D		
MEDIUM	cprod.cpp	2438	2450	11	TODO(GA1-B2)		TODO(GA1-B2): blocked by TfLotInfo@forms/fLotInfo.h missing members edtLine/	if(CUSTOMER_CODE==CC_Murata)                                                //Steven 20200409 : Murata 2DID比對功能		sim+ship	PASS	LINK-OK	SHIP-OK	likely-no	(compiles: -fsyntax-only)	候選：照 golden 解開（先看風險標記）		
MEDIUM	cprod.cpp	2485	2490	4	TODO(GA1-B2)		TODO(GA1-B2): blocked by HTGem@database.h:62 (forward-declared only; complete type	if(HSys.MyGem!=NULL)			FAIL			yes	cprod.cpp:2489:27: error: invalid use of incomplete type 'class HTGem'	仍缺：不完整型別 class HTGem		
MEDIUM	cprod.cpp	2522	2576	53	TODO(GA1-B2)		TODO(GA1-B2): blocked by TMyStringList@cmydef.h:15 (opaque forward declaration	if(fMain!=NULL)			FAIL			yes	cprod.cpp:2536:19: error: invalid use of incomplete type 'class TMyStringList'	仍缺：不完整型別 class TMyStringList		
MEDIUM	cprod.cpp	2681	2692	10	TODO(GA1-B2)		TODO(GA1-B2): blocked by TfSpeed::ReadFile -- the fSpeed FACADE now	if(LoaderUnload_StepMotor)                                                  //Sam 20201221 : Tray y step motor by machine			FAIL			yes	fSpeed.h:601:5: error: 'AnsiString' does not name a type  (補 include forms/fSpeed.h + vclcompat/AnsiString.h 之後)	仍缺：未宣告 AnsiString	WRITES-FILE	
HIGH	cprod.cpp	2982	3001	18	GATE (S12-C1)		GATE (S12-C1)：fMain->pnlPowerSaving／cbDisableSiteMappingCheck 在 forms/fMain.h 沒有	if(fMain!=NULL)                                                         //Steven 20240124 : Add protection			FAIL			yes	cprod.cpp:2989:24: error: 'class TfMain' has no member named 'pnlPowerSaving'	仍缺：TfMain 沒有成員 pnlPowerSaving	HIGH-KW	
MEDIUM	cprod.cpp	3066	3075	8	GATE (S12-C1)		GATE (S12-C1)：fMain->slTestLog 在 forms/fMain.h 沒有	if(fMain!=NULL)                                                         //Steven 20240124 : Add protection			FAIL			yes	cprod.cpp:3071:33: error: invalid use of incomplete type 'class TMyStringList'	仍缺：不完整型別 class TMyStringList		
MEDIUM	cprod.cpp	3078	3082	3	TODO(GA1-B2)		TODO(GA1-B2): blocked by TfMain@forms/fMain.h missing member ShowFunctions	if(fMain!=NULL)                                                             //Steven 20240124 : Add protection			FAIL			yes	cprod.cpp:3081:16: error: 'class TfMain' has no member named 'ShowFunctions'; did you mean 'GetTJFunction'?	仍缺：TfMain 沒有成員 ShowFunctions		
MEDIUM	cprod.cpp	3110	3126	15	TODO(GA1-B2)		TODO(GA1-B2): blocked by TfTrayForm@forms/fTrayForm.h missing method GetColorSensor	if(iTestRunMode==FT)			FAIL			yes	cprod.cpp:3118:28: error: 'class TfTrayForm' has no member named 'GetColorSensor'; did you mean 'IsEnableColorSensor'?	仍缺：TfTrayForm 沒有成員 GetColorSensor		
MEDIUM	cprod.cpp	3178	3183	4	TODO(GA1-B2)		TODO(GA1-B2): blocked by HTGem@database.h:62 (forward-declared only; complete type	if(HSys.MyGem!=NULL)			FAIL			yes	cprod.cpp:3182:19: error: invalid use of incomplete type 'class HTGem'	仍缺：不完整型別 class HTGem		
MEDIUM	cprod.cpp	3193	3199	5	TODO(GA1-B2)		TODO(GA1-B2): blocked by TfMain@forms/fMain.h missing member pnlUnitSpeedDisplay	if(InitialOK==true && fMain!=NULL)			FAIL			yes	cprod.cpp:3197:16: error: 'class TfMain' has no member named 'pnlUnitSpeedDisplay'	仍缺：TfMain 沒有成員 pnlUnitSpeedDisplay		
MEDIUM	cprod.cpp	3247	3258	10	TODO(GA1-B2)		TODO(GA1-B2): blocked by TfMainHanaART@forms/fMain.h missing method	if(IniConfig.bA10_6_HANA_ART_TestMode_Enable==true)                         //JimmyChiu 20241023 HANA ART Function		sim+ship	PASS	LINK-OK	SHIP-OK	likely-no	(compiles: -fsyntax-only)	候選：照 golden 解開（先看風險標記）		
MEDIUM	cprod.cpp	3466	3475	8	TODO(GA1-B2)		TODO(GA1-B2): blocked by TfLotInfo@forms/fLotInfo.h missing member coLevelMode	if(fLotInfo->coLevelMode->Text!="Normal")		sim+ship	PASS	LINK-OK	SHIP-OK	likely-no	(compiles: -fsyntax-only)	候選：照 golden 解開（先看風險標記）		
MEDIUM	cprod.cpp	4032	4046	13	TODO(GA1-B2)		TODO(GA1-B2): blocked by fTemp_Set@not declared anywhere in ported tree (golden	if(fTemp_Set!=NULL)                                                         //Steven 20240206 : 預先決定Index Heat Mode是否要顯示			FAIL			yes	cprod.cpp:4038:37: error: 'class vclcompat::TRadioGroup' has no member named 'Controls'; did you mean 'TControl'?  (補 include forms/fTemp_Set.h 之後)	仍缺：vclcompat::TRadioGroup 沒有成員 Controls		
LOW	cpublic.cpp	667	694	26	TODO(GA1-B3)		TODO(GA1-B3): each of the 7 blocked by its own missing fMain member (or ASESendMessage) -- see banner above for the per-function breakdown	void TTLLog(AnsiString Message)                                                 //Steven 20161115 : TTL Log改新版存檔			FAIL			yes	cpublic.cpp:690:24: error: invalid use of incomplete type 'class TMyStringList'  (補 include myswitch.h + forms/fMain.h 之後)	仍缺：不完整型別 class TMyStringList		
LOW	cpublic.cpp	717	807	89			...resume the GA1-B3 gate  (AI(W906-MEMO) 20260927: OutShuttleLog below = reference copy; live one in acarry_shims.cpp)	void OutShuttleLog(bool bFlag)                                                  //Steven 20110531			FAIL			n/a	cpublic.cpp:751:12: error: 'class TfMain' has no member named 'MemoHome'; did you mean 'Home'?  (補 include forms/fMain.h 之後)	已退役的替身／參考副本（真本體在別處）：不要解（會重複定義），可整段清掉	WRITES-FILE	
LOW	cpublic.cpp	876	950	73	TODO(GA1-B3)		TODO(GA1-B3): blocked by fSCKART->bShow (missing facade member; every other symbol is real)	void ProductionDataLog()			FAIL			yes	cpublic.cpp:899:17: error: 'class TfSCKART' has no member named 'bShow'  (補 include forms/fSCKART.h 之後)	仍缺：TfSCKART 沒有成員 bShow	WRITES-FILE	
LOW	cpublic.cpp	1094	1114	19	TODO(W3-dup: TMyQueue10 ctor/ClearData already ungated at file top (L27-44)		TODO(W3-dup: TMyQueue10 ctor/ClearData already ungated at file top (L27-44))	TMyQueue10::TMyQueue10()			FAIL			yes	cpublic.cpp:1096:1: error: redefinition of 'TMyQueue10::TMyQueue10()'	仍缺：cpublic.cpp:1096:1: error: redefinition of 'TMyQueue10::TMyQueue10()'		
LOW	cpublic.cpp	1285	1305	19	TODO(W3-dup: TMyQueue100 ctor/ClearData already ungated at file top (L49-64)		TODO(W3-dup: TMyQueue100 ctor/ClearData already ungated at file top (L49-64))	TMyQueue100::TMyQueue100()			FAIL			yes	cpublic.cpp:1287:1: error: redefinition of 'TMyQueue100::TMyQueue100()'	仍缺：cpublic.cpp:1287:1: error: redefinition of 'TMyQueue100::TMyQueue100()'		
LOW	cpublic.cpp	1399	1418	18	TODO(W3-dup: TMyStrQueue100 ctor/ClearData already ungated at file top (L69-85)		TODO(W3-dup: TMyStrQueue100 ctor/ClearData already ungated at file top (L69-85))	TMyStrQueue100::TMyStrQueue100()			FAIL			yes	cpublic.cpp:1401:1: error: redefinition of 'TMyStrQueue100::TMyStrQueue100()'	仍缺：cpublic.cpp:1401:1: error: redefinition of 'TMyStrQueue100::TMyStrQueue100()'		
LOW	cpublic.cpp	1570	1591	20	TODO(W3-dup: TMyTimerQueue100 ctor/ClearData already ungated at file top (L90-108)		TODO(W3-dup: TMyTimerQueue100 ctor/ClearData already ungated at file top (L90-108))	TMyTimerQueue100::TMyTimerQueue100()			FAIL			yes	cpublic.cpp:1572:1: error: redefinition of 'TMyTimerQueue100::TMyTimerQueue100()'	仍缺：cpublic.cpp:1572:1: error: redefinition of 'TMyTimerQueue100::TMyTimerQueue100()'		
LOW	cpublic.cpp	1816	1836	19	TODO(GA1-B3)		TODO(GA1-B3): blocked by fMain->slIndexYMaxMinShift + fMain->AddIndexPosLog (missing facade members)	void LogIndexMaxMinPos(AnsiString str)                                          //Isaac 20201012 : 計算Encoder和commandpos/Teaching的差值，記錄並存檔，一盤tray記錄一次			FAIL			yes	cpublic.cpp:1825:31: error: invalid use of incomplete type 'class TMyStringList'  (補 include forms/fMain.h 之後)	仍缺：不完整型別 class TMyStringList	WRITES-FILE	
LOW	cpublic.cpp	1904	1926	21	TODO(GA1-B3)		TODO(GA1-B3): case 0 ready but redefinition-blocked by the active substitute below; case 1 blocked by fMain->ListBox14 (missing)	void RecordErrorLog(int iSaveToFile,AnsiString FilePth, AnsiString Command)     //kevin 20211022 any error log			FAIL			yes	cpublic.cpp:2570:6: error: redefinition of 'void RecordErrorLog(int, vclcompat::AnsiString, vclcompat::AnsiString)'  (補 include forms/fMain.h 之後)	仍缺：cpublic.cpp:2570:6: error: redefinition of 'void RecordErrorLog(int, vclcompat::AnsiString, vclcompat::AnsiString)'  (補 	WRITES-FILE	
LOW	cpublic.cpp	2001	2052	50			AI(W906-GA1-B3-integrate) 20260804: re-gated -- blocked by link graph:	void ShuttleLog()                                                               //kevin 20220912 add shuttle sensor record		sim+ship	PASS	LINK-OK	SHIP-OK	likely-no	(compiles: -fsyntax-only)	會寫檔：先確認裁示允許寫這個檔；候選：照 golden 解開（先看風險標記）	WRITES-FILE	
LOW	cpublic.cpp	2336	2505	168	TODO(GA1-B3)		TODO(GA1-B3): blocked by LotSummary (class TLotSummary unported) + fNote->edBundleID (missing facade member)	AnsiString GetBundleInfo(int iAuto)                                             //JerryYang 20240318 : add			FAIL			yes	cpublic.cpp:2347:5: error: 'cJSON' was not declared in this scope	仍缺：未宣告 cJSON		
HIGH	csystem.cpp	697	1839	1141			GOLDEN VERBATIM -- golden csystem.cpp:9115-10255.  INERT reference text; the live DoAllProcess follows the #endif.	void DoAllProcess()			FAIL			yes	csystem.cpp:751:27: error: 'DoAutoRetest' was not declared in this scope	仍缺：未宣告 DoAutoRetest	HIGH-KW	
MEDIUM	csystem.cpp	7462	7502	39	GATE G4-1:		GOLDEN VERBATIM -- golden csystem.cpp:10336-10374.  GATE G4-1: the ATC-restart + SECS remote-start ladder.  It needs ATCInterfaceForm->ATC_SYS / ->ATC_SYS_PAL[0]->bATCRunSetting (ATC/ATCSystem.h members not exposed by the ported ATCInterface facade), ATC_InterfaceForm (acarry_shims.h -- NOT included	if(ATC_SYSTEM==eATCHonPrecType &&			FAIL			yes	acatchtray_shims.h:132:14: error: redeclaration of 'const TColor clWhite'  (補 include ATC/ATCInterface.h 之後)	仍缺：acatchtray_shims.h:132:14: error: redeclaration of 'const TColor clWhite'  (補 include ATC/ATCInterface.h 之後)	UI-STATE	
MEDIUM	csystem.cpp	7759	7761	1	GATE G-W5cI-1		GATE G-W5cI-1 (PT-W5c integrate) -- cpublic.cpp:2328's body is gated (TODO GA1-B3: class TLotSummary unported + fNote->edBundleID has no facade member). DEFAULT: the target string keeps its previous value (empty), so the bundle-end / process-end JSON payload is empty rather than wrong. NO ALARM OR I	sProcessEndInfo=GetBundleInfo(-1);		sim+ship	PASS	LINK-MISSING GetBundleInfo(int)		yes（連結層）	(compiles: -fsyntax-only)	仍缺（連結層：有宣告、全樹沒有本體）：GetBundleInfo(int)		
MEDIUM	csystem.cpp	9003	9005	1	SAFETY-GATE(W906-T6-FTPMODAL)		SAFETY-GATE(W906-T6-FTPMODAL) golden :11726 —— 缺相依：TfFTPClient／fFTPClient 全樹沒有移植（BarcodeReader.h:44 記載，20260923 git grep 重驗 0 筆）。 只在 CC_ATEC 且 bEnableFTP 且 bInitNeedDownloadFTP 時走到；前一行的 ShowMyMessage 照跑。後果：不會跳 FTP 下載視窗。不是拒絕點。	fFTPClient->ShowFTPModal(0);		sim+ship	PASS-WITH-INCLUDE	LINK-OK	SHIP-OK	likely-no（缺 include）	csystem.cpp:9004:9: error: 'fFTPClient' was not declared in this scope	SAFETY 閘：編得過也先問筆電；候選：補 include KYECFTP/FTPClientForm_St02.h 後照 golden 解開（先確認那個名字是真本體、不是 stub／shim）	SAFETY	
MEDIUM	csystem.cpp	9035	9059	23			列了 fSCKART 在移植樹分裂成五份替身）。要解先決定 fSCKART 綁哪一份 —— 設計題，不補樁。 golden 行為：A37（SPIL）真料＋連線時，EAP 沒給 lot 資訊就跳「There is no lot information on handler」並拒絕啟動。 閘掉後：不檢查、照常往下。只在 IniConfig.bA37LotStartLotEnd && REALLY && ON_LINE 時走到。	if(IniConfig.bA37LotStartLotEnd &&			FAIL			yes	csystem.cpp:9042:50: error: 'class TfSCKART' has no member named 'sInfo_CurrQty'	仍缺：TfSCKART 沒有成員 sInfo_CurrQty	SAFETY	
MEDIUM	csystem.cpp	9116	9119	2	SAFETY-GATE(W906-T6-GROUNDMAN)		SAFETY-GATE(W906-T6-GROUNDMAN) golden :11827-11828 / :11912-11913（兩處同形；連同 if 一起閘，只閘本體會讓 if 吃掉下一句）—— 缺相依：forms/fGroundMan.h 自己定義一份 class TTimer（:456），與本檔已 include 的 OmronLaser/LaserSensor.h:174 那份衝突，同一個 TU 放不下（同 ATC30RESEND 的情形）；而且 TfGroundMan::ReStart() 本身在 fGroundMan 裡也是 GATE（GM-3，今天是 no-op，fGround	if(IniConfig.bC13NeedToRestartGroundWhenInitialStart)                   //Sam 20220107 : 矽格北興 Initail Start 要重啟 GroundMan			FAIL			yes	LaserSensor.h:174:7: error: redefinition of 'class TTimer'  (補 include forms/fGroundMan.h 之後)	仍缺：LaserSensor.h:174:7: error: redefinition of 'class TTimer'  (補 include forms/fGroundMan.h 之後)	SAFETY	
MEDIUM	csystem.cpp	9202	9204	1	SAFETY-GATE(W906-T6-FIXAOI)		SAFETY-GATE(W906-T6-FIXAOI) golden :11910 —— 缺相依：TfFixAICCD 鏡像（forms/fFixAICCD.h）沒有 InitialCycleCount。後果：Initial Start 時不重設 FixAOI 的循環計數。不是拒絕點。	fFixAICCD->InitialCycleCount();                                         //Sam 20231108 : FixAOI 新增功能。			FAIL			yes	csystem.cpp:9203:20: error: 'class TfFixAICCD' has no member named 'InitialCycleCount'	仍缺：TfFixAICCD 沒有成員 InitialCycleCount	SAFETY	
MEDIUM	csystem.cpp	9207	9210	2	SAFETY-GATE(W906-T6-GROUNDMAN)		SAFETY-GATE(W906-T6-GROUNDMAN) 同上（golden :11912-11913）。	if(IniConfig.bC13NeedToRestartGroundWhenInitialStart)                   //Sam 20220107 : 矽格北興 Initail Start 要重啟 GroundMan			FAIL			yes	LaserSensor.h:174:7: error: redefinition of 'class TTimer'  (補 include forms/fGroundMan.h 之後)	仍缺：LaserSensor.h:174:7: error: redefinition of 'class TTimer'  (補 include forms/fGroundMan.h 之後)	SAFETY	
MEDIUM	csystem.cpp	9216	9218	1			本體要 TList，而本樹唯一的 TList 宣告會把兩個 TMyKitSuck 的 ODR 陷阱帶進 forms 層）。引用它就連結失敗 （20260923 build.bat serve 實測 undefined reference）。golden 本體第一行就是 `if(CosFunction.bOLPFunction==false) return;`， 所以只在開了 OLP 的機台有作用。後果：Initial Start 時不清連續 Alarm 清單（不上傳伺服器那份）。不是拒絕點。	fNote->ClearContAlarmList();                                            //Sam 20231116 : 連續 Alarm 不要上傳伺服器		sim+ship	PASS	LINK-MISSING TfNote::ClearContAlarmList()		yes（連結層）	(compiles: -fsyntax-only)	仍缺（連結層：有宣告、全樹沒有本體）：TfNote::ClearContAlarmList()	SAFETY	
MEDIUM	csystem.cpp	9367	9387	19			只閘那兩句的話，iLoaderTotalTray 會沿用舊值來決定要不要拒絕 —— golden 沒有這種行為，所以整個 if 一起閘。 golden 行為：Initial ART（非 SECS／GPIB ART／TSMC 台南）要操作員輸入入料區總盤數，按 X（<=0）就退回 rsmInitial_ART 並拒絕啟動。 閘掉後：不問盤數、不拒絕，也不跳「Tester Ready?」。輸入框在新架構下應由瀏覽器提供 —— 設計題。	if(IniConfig.bEnable_SECS_GEM==false ||			FAIL			yes	csystem.cpp:9373:117: error: 'ShowMyInput' was not declared in this scope	仍缺：未宣告 ShowMyInput	SAFETY	
MEDIUM	csystem.cpp	9426	9428	1	SAFETY-GATE(W906-T6-BCRECFILE)		SAFETY-GATE(W906-T6-BCRECFILE) golden :12116 —— 缺相依：TfBarCode_Shim 沒有 InitBarcodeRecFile。後果：開了 CosFunction.bBarcodeTrayRecFile 時，Initial Start 不會初始化條碼盤紀錄檔。不是拒絕點。	fBarCode->InitBarcodeRecFile();			FAIL			yes	csystem.cpp:9427:23: error: 'class TfBarCode' has no member named 'InitBarcodeRecFile'	仍缺：TfBarCode 沒有成員 InitBarcodeRecFile	SAFETY	
MEDIUM	csystem.cpp	9494	9506	11	SAFETY-GATE(W906-T6-EQCQTY)		SAFETY-GATE(W906-T6-EQCQTY) golden :12179-12189 —— 缺相依：fNote->edEQCQty（操作員在告警框輸入 EQC 數量的編輯框）與 fSCKART->palInputCount（顯示）。 輸入值在新架構下由瀏覽器持有（pt-wave-loop 陷阱 #6）；只閘那兩句會讓 AccessFile 把沒更新的 iInputCount 存回去，所以整個 if 一起閘。 後果：A10 ART 的 QC 站不會要求輸入 EQC 數量（MES16111 不跳）。不是拒絕點。	if(IniConfig.bA10_AutoReTest &&			FAIL			yes	csystem.cpp:9502:46: error: 'class TfNote' has no member named 'edEQCQty'	仍缺：TfNote 沒有成員 edEQCQty	SAFETY	
MEDIUM	csystem.cpp	9520	9522	1	SAFETY-GATE(W906-T6-ALED)		SAFETY-GATE(W906-T6-ALED) golden :12202 —— 純顯示：fMain 鏡像沒有 Label12（ART 重測次數標籤）。LastSet.iAutoRetestCount_ART=0 照跑。	fMain->Label12->Caption=LastSet.iAutoRetestCount_ART;			FAIL			yes	csystem.cpp:9521:16: error: 'class TfMain' has no member named 'Label12'; did you mean 'Label3'?	仍缺：TfMain 沒有成員 Label12	SAFETY	
MEDIUM	csystem.cpp	9559	9588	28			golden 是 **GPIB** 收到 MSG_CMD_ASKPPSELECT 時設的，golden main.cpp:16319-16321；第一版誤寫成 SECS， T6 獨立審查 m6 更正）。條件的一環缺了，整個 if 一起閘，不替 golden 選路。 golden 行為：UTAC 連線時，PPSELECT 檔案不一致（WAR16326）或還沒收到 PPSELECT 就拒絕啟動。閘掉後：不檢查。只在 CC_UTAC 走到。	if(CUSTOMER_CODE==CC_UTAC)                                          //Richard 20220929 :Add for UTAC			FAIL			yes	csystem.cpp:9577:36: error: 'class TfMain' has no member named 'bReceivePPSELECT'; did you mean 'iFileOkPPSELECT'?	仍缺：TfMain 沒有成員 bReceivePPSELECT	SAFETY	
MEDIUM	csystem.cpp	9625	9627	1	SAFETY-GATE(W906-T6-2DIDMAP)		SAFETY-GATE(W906-T6-2DIDMAP) golden :12297 —— 缺相依：TfContactShim 沒有 Do2DIDMapCheck。前一行 bRun2DCheck=true 照跑。 後果：CCD 條碼模式且入料 2 排時，Initial Start 不做 2DID 對位檢查。不是拒絕點。	fContact->Do2DIDMapCheck(true);			FAIL			yes	csystem.cpp:9626:35: error: 'class TfContactShim' has no member named 'Do2DIDMapCheck'	仍缺：TfContactShim 沒有成員 Do2DIDMapCheck	SAFETY	
MEDIUM	csystem.cpp	10022	10031	8	GATE(g3-G01)		GATE(g3-G01)  golden csystem.cpp:5690  --  fMain->MemoIndexPosLog->Lines->Add -- the Index-4-axis-home completion log line.	fMain->MemoIndexPosLog->Lines->Add("Index 4 axis home finished.");			FAIL			yes	csystem.cpp:10023:16: error: 'class TfMain' has no member named 'MemoIndexPosLog'; did you mean 'MemoProductionLog'?	仍缺：TfMain 沒有成員 MemoIndexPosLog	HAS-#else	
MEDIUM	csystem.cpp	10166	10176	9	GATE(g3-G02)		GATE(g3-G02)  golden csystem.cpp:5867  --  fSCKART->ClearAlarmCode() at RT-Start entry.	fSCKART->ClearAlarmCode();			FAIL			yes	csystem.cpp:10167:26: error: 'class TfSCKART' has no member named 'ClearAlarmCode'	仍缺：TfSCKART 沒有成員 ClearAlarmCode	HAS-#else	
MEDIUM	csystem.cpp	10440	10451	10	GATE(g3-G03)		GATE(g3-G03)  golden csystem.cpp:6131  --  fAGV->bATK_AMR_DoHostLotStart / bATKAMR_GET_LOTORDER0_Ready reset (ATK-AMR).	fAGV->bATK_AMR_DoHostLotStart=false;			FAIL			yes	csystem.cpp:10441:23: error: 'class TfAGV' has no member named 'bATK_AMR_DoHostLotStart'; did you mean 'bATK_AMR_DoLotEndSent'?	仍缺：TfAGV 沒有成員 bATK_AMR_DoHostLotStart	HAS-#else	
MEDIUM	csystem.cpp	10520	10528	7	GATE(g3-G04)		GATE(g3-G04)  golden csystem.cpp:6199  --  fLotInfo->labLotTrayCount_KYEC->Caption="0" (KYEC AMR tray-count label).	fLotInfo->labLotTrayCount_KYEC->Caption="0";			FAIL			yes	csystem.cpp:10521:27: error: 'class TfLotInfo' has no member named 'labLotTrayCount_KYEC'; did you mean 'labAuto1TrayCount_KYEC'?	仍缺：TfLotInfo 沒有成員 labLotTrayCount_KYEC	HAS-#else	
MEDIUM	csystem.cpp	10570	10608	37	GATE(g3-G05)		GATE(g3-G05)  golden csystem.cpp:6241  --  the SCKART / SPIL manual lot-count entry block (GPIB message fill + fNote lot-count/lot-ID edit boxes + fSCKART->AccessFile).	if(TestIF_File.bSCKART_RunARTWithoutCmd)			FAIL			yes	csystem.cpp:10582:63: error: 'class TfNote' has no member named 'edtLotCount'; did you mean 'edtLotCountClick'?  (補 include MessageDef.h 之後)	仍缺：TfNote 沒有成員 edtLotCount	HAS-#else	
MEDIUM	csystem.cpp	10626	10633	6	GATE(g3-G06)		GATE(g3-G06)  golden csystem.cpp:6281  --  fSCKART->ClearAlarmCode() at Initial-Start entry.	fSCKART->ClearAlarmCode();			FAIL			yes	csystem.cpp:10627:26: error: 'class TfSCKART' has no member named 'ClearAlarmCode'	仍缺：TfSCKART 沒有成員 ClearAlarmCode	HAS-#else	
MEDIUM	csystem.cpp	10634	10645	10	GATE(g3-G07)		GATE(g3-G07)  golden csystem.cpp:6282  --  LotSummary.ClearAllData() (SCKART branch).	LotSummary.ClearAllData();		sim+ship	PASS	LINK-OK	SHIP-OK	likely-no	(compiles: -fsyntax-only)	候選：照 golden 解開（先看風險標記）	HAS-#else	
MEDIUM	csystem.cpp	10664	10670	5	GATE(g3-G08)		GATE(g3-G08)  golden csystem.cpp:6301  --  LotSummary.ClearAllData() (SPIL / ASE-CL branch).	LotSummary.ClearAllData();		sim+ship	PASS	LINK-OK	SHIP-OK	likely-no	(compiles: -fsyntax-only)	候選：照 golden 解開（先看風險標記）	HAS-#else	
MEDIUM	csystem.cpp	10711	10720	8	GATE(g3-G09)		GATE(g3-G09)  golden csystem.cpp:6342  --  fTrayMapping->ClearTrayIDByLot().	fTrayMapping->ClearTrayIDByLot();                                   //JerryYang 20250120 : add			FAIL			yes	csystem.cpp:10712:27: error: 'class TfTrayMapping' has no member named 'ClearTrayIDByLot'; did you mean 'listTrayIDByLot'?	仍缺：TfTrayMapping 沒有成員 ClearTrayIDByLot	HAS-#else	
MEDIUM	csystem.cpp	10728	10737	8	GATE(g3-G10)		GATE(g3-G10)  golden csystem.cpp:6350  --  fOmron->ClearOmronLog().	fOmron->ClearOmronLog();                                            //JerryYang 20201123 清除非當月份的Omron通訊log			FAIL			yes	csystem.cpp:10729:13: error: 'fOmron' was not declared in this scope	仍缺：未宣告 fOmron	HAS-#else	
MEDIUM	csystem.cpp	11527	11537	9	GATE(g3-G15)		GATE(g3-G15)  golden csystem.cpp:7108  --  fBarCode->Write_Device_Info_By_Tray (CC_ASE_KaohSiung branch).	fBarCode->Write_Device_Info_By_Tray(Pos, LastSet.iDevice_Info_By_Tray[Pos]);			FAIL			yes	csystem.cpp:11528:31: error: 'class TfBarCode' has no member named 'Write_Device_Info_By_Tray'	仍缺：TfBarCode 沒有成員 Write_Device_Info_By_Tray	HAS-#else	
MEDIUM	csystem.cpp	11545	11554	8	GATE(g3-G16)		GATE(g3-G16)  golden csystem.cpp:7116  --  fBarCode->Write_Device_Info_By_Tray (bBarcodeTrayRecFile branch).	fBarCode->Write_Device_Info_By_Tray(Pos, LastSet.iDevice_Info_By_Tray[Pos]);			FAIL			yes	csystem.cpp:11546:31: error: 'class TfBarCode' has no member named 'Write_Device_Info_By_Tray'	仍缺：TfBarCode 沒有成員 Write_Device_Info_By_Tray	HAS-#else	
MEDIUM	csystem.cpp	11764	11766	1	GATE G-W5cI-3		GATE G-W5cI-3 (PT-W5c integrate) -- cpublic.cpp:2328's body is gated (TODO GA1-B3: class TLotSummary unported + fNote->edBundleID has no facade member). DEFAULT: the target string keeps its previous value (empty), so the bundle-end / process-end JSON payload is empty rather than wrong. NO ALARM OR I	sBundleEndInfo=GetBundleInfo(Pos);		sim+ship	PASS	LINK-MISSING GetBundleInfo(int)		yes（連結層）	(compiles: -fsyntax-only)	仍缺（連結層：有宣告、全樹沒有本體）：GetBundleInfo(int)		
MEDIUM	csystem.cpp	11794	11796	1	GATE G-W5cI-4		GATE G-W5cI-4 (PT-W5c integrate) -- cpublic.cpp:2328's body is gated (TODO GA1-B3: class TLotSummary unported + fNote->edBundleID has no facade member). DEFAULT: the target string keeps its previous value (empty), so the bundle-end / process-end JSON payload is empty rather than wrong. NO ALARM OR I	sBundleEndInfo=GetBundleInfo(Pos);		sim+ship	PASS	LINK-MISSING GetBundleInfo(int)		yes（連結層）	(compiles: -fsyntax-only)	仍缺（連結層：有宣告、全樹沒有本體）：GetBundleInfo(int)		
MEDIUM	csystem.cpp	11823	11825	1	GATE G-W5cI-5		GATE G-W5cI-5 (PT-W5c integrate) -- cpublic.cpp:2328's body is gated (TODO GA1-B3: class TLotSummary unported + fNote->edBundleID has no facade member). DEFAULT: the target string keeps its previous value (empty), so the bundle-end / process-end JSON payload is empty rather than wrong. NO ALARM OR I	sBundleEndInfo=GetBundleInfo(Pos);		sim+ship	PASS	LINK-MISSING GetBundleInfo(int)		yes（連結層）	(compiles: -fsyntax-only)	仍缺（連結層：有宣告、全樹沒有本體）：GetBundleInfo(int)		
MEDIUM	csystem.cpp	12027	12035	7	GATE(g3-G18)		GATE(g3-G18)  golden csystem.cpp:7470  --  fMain->ImpParaCheck->Clear() -- GM work-file parameter-compare list reset.	fMain->ImpParaCheck->Clear();                                       //Steven 20220311 : GM Test工作檔比對功能			FAIL			yes	csystem.cpp:12028:20: error: 'class TfMain' has no member named 'ImpParaCheck'	仍缺：TfMain 沒有成員 ImpParaCheck	HAS-#else	
MEDIUM	csystem.cpp	12252	12254	1	GATE G-W5cI-6		GATE G-W5cI-6 (PT-W5c integrate) -- cpublic.cpp:876's body is gated (TODO GA1-B3: blocked by fSCKART->bShow, no facade member). DEFAULT: the production-data log file is not written. NO ALARM OR INTERLOCK -- it is a log.	ProductionDataLog();                                                //kevin 20160724 生產資料		sim+ship	PASS	LINK-MISSING ProductionDataLog()		yes（連結層）	(compiles: -fsyntax-only)	仍缺（連結層：有宣告、全樹沒有本體）：ProductionDataLog()		
MEDIUM	csystem.cpp	12774	12787	12	GATE(g3-G20)		GATE(g3-G20)  golden csystem.cpp:8192  --  the fMain->RENESAS_Server->bReturn41Flag work-complete unlock of the work-file list.	if(fMain->RENESAS_Server->bReturn41Flag==true)              //工作完成，解鎖工作檔列表			FAIL			yes	csystem.cpp:12775:47: error: 'class TfMainRENESASServer' has no member named 'bReturn41Flag'	仍缺：TfMainRENESASServer 沒有成員 bReturn41Flag	HAS-#else	
MEDIUM	csystem.cpp	12806	12808	1	GATE G-W5cI-7		GATE G-W5cI-7 (PT-W5c integrate) -- cpublic.cpp:2328's body is gated (TODO GA1-B3: class TLotSummary unported + fNote->edBundleID has no facade member). DEFAULT: the target string keeps its previous value (empty), so the bundle-end / process-end JSON payload is empty rather than wrong. NO ALARM OR I	sProcessEndInfo=GetBundleInfo(-1);		sim+ship	PASS	LINK-MISSING GetBundleInfo(int)		yes（連結層）	(compiles: -fsyntax-only)	仍缺（連結層：有宣告、全樹沒有本體）：GetBundleInfo(int)		
MEDIUM	csystem.cpp	13737	13747	9	GATE G1 --		GATE G1 -- golden :15875-15881.  fBacCode->Write_Device_Info_By_Tray does not exist on TfBarCode (BarCode/BarCode.h, partial) (compile-verified). Default: skip the whole block INCLUDING the paired index++ (advancing it without writing the record would desync the file series). DELTA: per-Fix-tray bar	if(LastSet.iRealDummy==REALLY           &&                              //jou 20190930 : Barcode Tray record file			FAIL			yes	csystem.cpp:13742:23: error: 'class TfBarCode' has no member named 'Write_Device_Info_By_Tray'	仍缺：TfBarCode 沒有成員 Write_Device_Info_By_Tray	HAS-#else	
MEDIUM	csystem.cpp	13961	13968	6	GATE G11 --		GATE G11 -- golden :16087-16089.  bNeedReportBundleID IS present at cmydef.cpp:5981 but sits INSIDE a `#if 0 // ...resume the TODO(W6) gate` block (cmydef.cpp:5979), so it is NOT defined -- established by nm, not grep.  cmydef.cpp is outside this agent's two-file boundary, so the gate cannot be lift	if(fAGV->Use_AMR() &&                                               //Steven 20251216 : for AMR		sim+ship	PASS	LINK-OK	SHIP-OK	likely-no	(compiles: -fsyntax-only)	候選：照 golden 解開（先看風險標記）	HAS-#else	
MEDIUM	csystem.cpp	13995	14006	10	GATE G3 --		GATE G3 -- golden :16116-16120.  fMain->tESDError has NO port facade member (cmydef.h:909-911 records this explicitly). Default: the ESD-error queue is treated as EMPTY, so Find()==false always and Add() is dropped. SAFE DIRECTION (alarm stays reachable) BUT **THE DUPLICATE-ALARM SUPPRESSION IS LOST	else if(fMain->tESDError->Find(sMES1712[iFix], iTest)==false)                               //JerryYang 20250425 : 避免重複報Fix bundle end			FAIL			yes	csystem.cpp:13996:44: error: 'class TfMain' has no member named 'tESDError'	仍缺：TfMain 沒有成員 tESDError	HAS-#else	
MEDIUM	csystem.cpp	14012	14021	8	GATE G3 (second		GATE G3 (second site) -- golden :16126-16129.  Same reason; MES1713 likewise loses its once-per-tray suppression.	else if(fMain->tESDError->Find(sMES1713[iFix], iTest)==false)                               //RogerYang 20250626 偉測不可複測bin功能			FAIL			yes	csystem.cpp:14013:44: error: 'class TfMain' has no member named 'tESDError'	仍缺：TfMain 沒有成員 tESDError	HAS-#else	
MEDIUM	csystem.cpp	14030	14041	10	GATE G3 (third		GATE G3 (third site) -- golden :16138-16142.  Same reason.  The DEFAULT KEEPS THE ALARM: ShowErrorMessage(sMES1712...) runs unconditionally instead of once.	if(fMain->tESDError->Find(sMES1712[iFix], iTest)==false)			FAIL			yes	csystem.cpp:14031:39: error: 'class TfMain' has no member named 'tESDError'	仍缺：TfMain 沒有成員 tESDError	HAS-#else	
MEDIUM	csystem.cpp	14044	14053	8	GATE G3 (fourth		GATE G3 (fourth site) -- golden :16145-16148.  Same reason.  The DEFAULT KEEPS THE ALARM.	if(fMain->tESDError->Find(sMES1713[iFix], iTest)==false)			FAIL			yes	csystem.cpp:14045:39: error: 'class TfMain' has no member named 'tESDError'	仍缺：TfMain 沒有成員 tESDError	HAS-#else	
MEDIUM	csystem.cpp	14333	14345	11	GATE G4 --		GATE G4 -- golden :16428-16436 + :16444.  pFixTray is fMain->mtFix1/mtFix2/mtFix3 (golden main.h TTMyTray*), NONE of which exist on the port facade, and TMyTray has no SetCellColorIndex (compile-verified).  forms/fMain.h is outside this agent's two-file boundary so the members cannot be added here. 	TTMyTray *pFixTray;			FAIL			yes	csystem.cpp:14337:33: error: 'class TfMain' has no member named 'mtFix1'	仍缺：TfMain 沒有成員 mtFix1	HAS-#else	
MEDIUM	csystem.cpp	14353	14355	1	GATE G4 (paint		GATE G4 (paint site) -- golden :16444.  Same reason as above.	pFixTray->SetCellColorIndex(x, y, MOT[iTempFix[iFix]].Tray.Data[x][y]);			FAIL			yes	csystem.cpp:14354:13: error: 'pFixTray' was not declared in this scope	仍缺：未宣告 pFixTray		
MEDIUM	csystem.cpp	14368	14372	3	GATE G5 --		GATE G5 -- golden :16514-16516.  The port's TMyMessageBoxShim (acatchtray_shims.h:319) exposes only Visible / fShow / Close(); there is no pnlMain and no lblMainMsg.  Default: skip the styling.  **THE ALARM ITSELF IS STILL RAISED -- ShowMyMessage BELOW IS ACTIVE.**  Only the red-panel / yellow-16pt 	MyMessageBox->pnlMain->Color=clRed;			FAIL			yes	csystem.cpp:14369:19: error: 'class TMyMessageBoxShim' has no member named 'pnlMain'	仍缺：TMyMessageBoxShim 沒有成員 pnlMain		
MEDIUM	csystem.cpp	14374	14378	3	GATE G5 (restore		GATE G5 (restore half) -- golden :16518-16520.  Same reason; nothing to restore because nothing was set.	MyMessageBox->lblMainMsg->Font->Color=clBlack;			FAIL			yes	csystem.cpp:14375:19: error: 'class TMyMessageBoxShim' has no member named 'lblMainMsg'	仍缺：TMyMessageBoxShim 沒有成員 lblMainMsg		
MEDIUM	csystem.cpp	14437	14459	21	GATE G6 --		GATE G6 -- golden :16538 + :16585-16604.  BEHAVIOUR-NEUTRAL BY INSPECTION: the ONLY payload inside this 5-second throttle + Tri_Temp_Machine guard is golden's OWN commented-out `// ShowMyMessage("Need Close Heater Door");` (golden :16603), so neither the delay nor its early `return` guards anything 	static bool bDoorDelay = false;                                             //Ztex 2024.08.24 Add Show Message HeaterDoorIsOpen		ship	PASS	LINK-OK	SHIP-FAIL csystem.cpp:14442:9: error: 'DoorDelay' was not declared in this scope	yes（出貨組態）	csystem.cpp:14442:9: error: 'DoorDelay' was not declared in this scope	仍缺（出貨組態才編得到／才出錯）：未宣告 DoorDelay		
MEDIUM	csystem.cpp	14613	14621	7	GATE G8 --		GATE G8 -- golden :19130-19133.  The port's TfiosetviewShim (atester_shims.h:404) carries only bIndexSuck[][][]; there is no fShow.  Default: fall through, i.e. the IO-Setting-View page is treated as NOT shown, which is what it always is offline -- behaviour-identical there.  On a real machine with 	if(fiosetview->fShow)                                                       //Steven 20090920 : For IO Testing		sim+ship	PASS	LINK-OK	SHIP-OK	likely-no	(compiles: -fsyntax-only)	候選：照 golden 解開（先看風險標記）	UI-STATE HAS-#else	
MEDIUM	csystem.cpp	15597	15599	1	GATE G01a		GATE G01a -- golden csystem.cpp:3577 VERBATIM below; see note above	fCleaning->btnResetCleanCountClick(fCleaning);		ship	PASS	LINK-OK	SHIP-OK	likely-no	(compiles: -fsyntax-only)	候選：照 golden 解開（先看風險標記）		
MEDIUM	csystem.cpp	15612	15614	1	GATE G01b		GATE G01b -- golden csystem.cpp:3586 VERBATIM below; see note above	fCleaning->btnResetCleanCountClick(fCleaning);		ship	PASS	LINK-OK	SHIP-OK	likely-no	(compiles: -fsyntax-only)	候選：照 golden 解開（先看風險標記）		
MEDIUM	csystem.cpp	15848	15860	11			Steven 20260925：golden 912 csystem.cpp:3931-3940 原文（KYEC BU5，客戶專屬，先跳過；理由見上）	if(CUSTOMER_CODE==CC_KYEC_LEE && USE_BU5_Function==true)    //Eastsun 20260710整合			FAIL			yes	csystem.cpp:15855:37: error: 'asCheckContactOver' was not declared in this scope	仍缺：未宣告 asCheckContactOver	S25	
MEDIUM	csystem.cpp	16042	16045	2	GATE G02 --		GATE G02 -- golden csystem.cpp:3969-3970 VERBATIM below; see note above	if(fTemperFrom->TempRunShowAlarmHigh())                                 //kevin 20210112 add  有過溫 起動吹氣功能 高溫降 常溫需搭配 鼓風機 2台 K 21		sim+ship	PASS-WITH-INCLUDE	LINK-OK	SHIP-OK	likely-no（缺 include）	csystem.cpp:16043:12: error: 'fTemperFrom' was not declared in this scope	候選：補 include forms/fTemperFrom.h 後照 golden 解開（先確認那個名字是真本體、不是 stub／shim）		
MEDIUM	csystem.cpp	16284	16287	2	GATE G30 --		GATE G30 -- golden csystem.cpp:4127-4128 VERBATIM below; see note above	fMain->SitePanel->Visible=false;		ship	PASS	LINK-OK	SHIP-FAIL csystem.cpp:16285:20: error: 'class TfMain' has no member named 'SitePanel'	yes（出貨組態）	csystem.cpp:16285:20: error: 'class TfMain' has no member named 'SitePanel'	仍缺（出貨組態才編得到／才出錯）：TfMain 沒有成員 SitePanel		
MEDIUM	csystem.cpp	16879	16889	9	GATE G17 --		GATE G17 -- golden csystem.cpp:4536-4544 VERBATIM below; see note above	if(bIndexCheck1 && fiosetview->ProcessIndexSuckDestroy1())		sim+ship	PASS	LINK-OK	SHIP-OK	likely-no	(compiles: -fsyntax-only)	候選：照 golden 解開（先看風險標記）		
MEDIUM	csystem.cpp	16899	16906	6	GATE G18 --		GATE G18 -- golden csystem.cpp:4547-4552 VERBATIM below; see note above	if(IniConfig.bC11UseMonitorView)                                        //JerryYang 20160621 錄影監視功能			FAIL			yes	LaserSensor.h:174:7: error: redefinition of 'class TTimer'  (補 include forms/fMonitor.h 之後)	仍缺：LaserSensor.h:174:7: error: redefinition of 'class TTimer'  (補 include forms/fMonitor.h 之後)		
MEDIUM	csystem.cpp	17103	17109	5	GATE G24a		GATE G24a -- golden csystem.cpp:4694-4698 VERBATIM below; see note above	if(ATC_InterfaceForm->iATC_MODE_TYPE==ATC_TYPE_60)      //JerryYang 20260611 : ATC 6.0不檢查			FAIL			yes	csystem.cpp:17215:1: error: a function-definition is not allowed here before '{' token  (補 include forms/fATCHandlerSide.h 之後)	仍缺：csystem.cpp:17215:1: error: a function-definition is not allowed here before '{' token  (補 include forms/fATCHandlerSide		
MEDIUM	csystem.cpp	17119	17121	1	GATE G24b		GATE G24b -- golden csystem.cpp:4706 VERBATIM below; see note above	}			FAIL			yes	csystem.cpp:17196:22: error: expected constructor, destructor, or type conversion before ';' token	仍缺：csystem.cpp:17196:22: error: expected constructor, destructor, or type conversion before ';' token		
MEDIUM	csystem.cpp	17149	17165	15	GATE G25a		GATE G25a -- golden csystem.cpp:4720-4734 VERBATIM below; see note above	ATCInterfaceForm->bIsWaterLeakage=true;                             //Steven 20210325 : 漏水檢知			FAIL			yes	acatchtray_shims.h:132:14: error: redeclaration of 'const TColor clWhite'  (補 include ATC/ATCInterface.h 之後)	仍缺：acatchtray_shims.h:132:14: error: redeclaration of 'const TColor clWhite'  (補 include ATC/ATCInterface.h 之後)	SAFETY	
MEDIUM	csystem.cpp	17187	17192	4	GATE G25b		GATE G25b -- golden csystem.cpp:4753-4756 VERBATIM below; see note above	else			FAIL			yes	acatchtray_shims.h:132:14: error: redeclaration of 'const TColor clWhite'  (補 include ATC/ATCInterface.h 之後)	仍缺：acatchtray_shims.h:132:14: error: redeclaration of 'const TColor clWhite'  (補 include ATC/ATCInterface.h 之後)		
MEDIUM	csystem.cpp	17299	17307	7	GATE G33 --		GATE G33 -- golden csystem.cpp:4856-4862 VERBATIM below; see note above	int iAllArmZHomeTask=1;			FAIL			yes	csystem.cpp:17300:5: error: redefinition of 'int iAllArmZHomeTask'	仍缺：csystem.cpp:17300:5: error: redefinition of 'int iAllArmZHomeTask'		
MEDIUM	csystem.cpp	17383	17385	1	GATE G35 --		GATE G35 -- golden csystem.cpp:4931 VERBATIM below; see note above	bBackArmZHomeFlag       =true;		sim+ship	PASS	LINK-OK	SHIP-OK	likely-no	(compiles: -fsyntax-only)	候選：照 golden 解開（先看風險標記）		
MEDIUM	csystem.cpp	17449	17452	2	GATE G27a		GATE G27a -- golden csystem.cpp:4988-4989 VERBATIM below; see note above	fMain->bShowInOutAlarm=true;			FAIL			yes	csystem.cpp:17450:24: error: 'class TfMain' has no member named 'bShowInOutAlarm'	仍缺：TfMain 沒有成員 bShowInOutAlarm		
MEDIUM	csystem.cpp	17461	17464	2	GATE G27b		GATE G27b -- golden csystem.cpp:4996-4997 VERBATIM below; see note above	fMain->bShowInOutAlarm=true;			FAIL			yes	csystem.cpp:17462:24: error: 'class TfMain' has no member named 'bShowInOutAlarm'	仍缺：TfMain 沒有成員 bShowInOutAlarm		
MEDIUM	csystem.cpp	17474	17477	2	GATE G27c		GATE G27c -- golden csystem.cpp:5004-5005 VERBATIM below; see note above	fMain->bShowInOutAlarm=true;			FAIL			yes	csystem.cpp:17475:24: error: 'class TfMain' has no member named 'bShowInOutAlarm'	仍缺：TfMain 沒有成員 bShowInOutAlarm		
MEDIUM	csystem.cpp	17728	17754	25	GATE G28 --		GATE G28 -- golden csystem.cpp:5249-5273 VERBATIM below; see note above	if(bInArmPitchNeedHome)                                             //Ztex 2024.02.23 Add Pitch Y Home After Move Pos Error			FAIL			yes	csystem.cpp:17731:27: error: 'class TfHome' has no member named 'MoveInArmPitch_X'	仍缺：TfHome 沒有成員 MoveInArmPitch_X		
MEDIUM	csystem.cpp	18079	18081	1	GATE G32 --		GATE G32 -- golden csystem.cpp:5595 VERBATIM below; see note above	fMain->bShowInOutAlarm=false;			FAIL			yes	csystem.cpp:18080:24: error: 'class TfMain' has no member named 'bShowInOutAlarm'	仍缺：TfMain 沒有成員 bShowInOutAlarm		
MEDIUM	csystem.cpp	19043	19048	4	GATE G02 --		GATE G02 -- golden csystem.cpp:808-809 (text below is golden VERBATIM)	if(HasAreaOverAmbientTemp_DUT(dTemp))                               //2013-01-15    Dell tcSocket由HasAreaOverAmbientTemp_DUT()去判斷		ship	PASS	LINK-OK	SHIP-OK	likely-no	(compiles: -fsyntax-only)	候選：照 golden 解開（先看風險標記）	HAS-#else	
MEDIUM	csystem.cpp	19380	19402	21	GATE G-ATC-A --		GATE G-ATC-A -- golden csystem.cpp:1111-1129 (text below is golden VERBATIM)	AnsiString sMessage;			FAIL			yes	acatchtray_shims.h:132:14: error: redeclaration of 'const TColor clWhite'  (補 include ATC/ATCInterface.h 之後)	仍缺：acatchtray_shims.h:132:14: error: redeclaration of 'const TColor clWhite'  (補 include ATC/ATCInterface.h 之後)	HAS-#else	
MEDIUM	csystem.cpp	19488	19497	8	GATE G05 --		GATE G05 -- golden csystem.cpp:1174-1179 (text below is golden VERBATIM)	if(IniConfig.bPowerSaveFunction==true &&			FAIL			yes	csystem.cpp:19491:15: error: 'class TfMain' has no member named 'tPSM'	仍缺：TfMain 沒有成員 tPSM	HAS-#else	
MEDIUM	csystem.cpp	19530	19560	29	GATE G06 --		GATE G06 -- golden csystem.cpp:1183-1209 (text below is golden VERBATIM)	if(ATC_SYSTEM==eATCHonPrecType)                                         //Steven 20190523 : Add ATC off with power saving			FAIL			yes	acatchtray_shims.h:132:14: error: redeclaration of 'const TColor clWhite'  (補 include ATC/ATCInterface.h 之後)	仍缺：acatchtray_shims.h:132:14: error: redeclaration of 'const TColor clWhite'  (補 include ATC/ATCInterface.h 之後)	HAS-#else	
MEDIUM	csystem.cpp	19636	19641	4	GATE G08b		GATE G08b -- golden csystem.cpp:1243-1244 (text below is golden VERBATIM)	if(fContact->fShow && iContactMode==CONTACT_MANUAL_GET_HEIGHT)          //Steven 20100223 手K時,跳過			FAIL			yes	csystem.cpp:19637:45: error: 'CONTACT_MANUAL_GET_HEIGHT' was not declared in this scope	仍缺：未宣告 CONTACT_MANUAL_GET_HEIGHT	UI-STATE HAS-#else	
MEDIUM	csystem.cpp	19654	19659	4	GATE G09 --		GATE G09 -- golden csystem.cpp:1246-1247 (text below is golden VERBATIM)	if(IniConfig.bIOFormCanControlHeaterFan && fiosetview->fShow==true)     //Steven 20120622 : 開IO畫面要可以控制風扇		sim+ship	PASS	LINK-OK	SHIP-OK	likely-no	(compiles: -fsyntax-only)	候選：照 golden 解開（先看風險標記）	UI-STATE HAS-#else	
MEDIUM	csystem.cpp	19672	19676	3	GATE G10 --		GATE G10 -- golden csystem.cpp:1251-1251 (text below is golden VERBATIM)	if(fiosetview->fShow==false)		sim+ship	PASS	LINK-OK	SHIP-OK	likely-no	(compiles: -fsyntax-only)	候選：照 golden 解開（先看風險標記）	UI-STATE HAS-#else	
MEDIUM	csystem.cpp	19701	19708	6	GATE G11 --		GATE G11 -- golden csystem.cpp:1266-1269 (text below is golden VERBATIM)	if(Sen[SnFMotorDown].IsOn()==true)                              //Steven 20110725 : 開門不要關風扇			FAIL			yes	csystem.cpp:19704:28: error: 'class TfMain' has no member named 'spbChamberFanClick'	仍缺：TfMain 沒有成員 spbChamberFanClick	HAS-#else	
HIGH	csystem.cpp	19780	19799	18	GATE G12 --		GATE G12 -- golden csystem.cpp:1320-1335 (text below is golden VERBATIM)	if(CUSTOMER_CODE==CC_HONPREC_QC &&			FAIL			yes	csystem.cpp:19782:32: error: 'struct W5SckArtRem_ConfigStub' has no member named 'fShow'  (補 include Automation/SCK_ART_Remainder.h 之後)	仍缺：W5SckArtRem_ConfigStub 沒有成員 fShow	HIGH-KW UI-STATE HAS-#else	
HIGH	csystem.cpp	19882	19892	9	GATE G13b		GATE G13b -- golden csystem.cpp:1390-1396 (text below is golden VERBATIM)	if(IniConfig.bPowerSaveFunction==true &&			FAIL			yes	csystem.cpp:19885:23: error: 'class TfMain' has no member named 'tPSM'	仍缺：TfMain 沒有成員 tPSM	HIGH-KW HAS-#else	
MEDIUM	csystem.cpp	19908	19912	3	GATE G13c		GATE G13c -- golden csystem.cpp:1405-1405 (text below is golden VERBATIM)	fMain->spbChamberFan->Caption="Chamber FAN ON";			FAIL			yes	csystem.cpp:19909:20: error: 'class TfMain' has no member named 'spbChamberFan'	仍缺：TfMain 沒有成員 spbChamberFan	HAS-#else	
MEDIUM	csystem.cpp	20528	20532	3	GATE G18 --		GATE G18 -- golden csystem.cpp:2017-2017 (text below is golden VERBATIM)	MOT[MMTrayY].SetTraySingleData(iRecordTrayPickPosX[i][j], iRecordTrayPickPosY[i][j], HAS_IC);			FAIL			yes	csystem.cpp:20529:56: error: 'iRecordTrayPickPosX' was not declared in this scope	仍缺：未宣告 iRecordTrayPickPosX	HAS-#else	
MEDIUM	csystem.cpp	20589	20593	3	GATE G19 --		GATE G19 -- golden csystem.cpp:2063-2063 (text below is golden VERBATIM)	MOT[MMTrayY].SetTrayBufferSingleData(iRecordTrayPickPosX[i][j], iRecordTrayPickPosY[i][j], HAS_SKIP_IC);                                //JerryYang 20200206 沒吸到的存到buffer			FAIL			yes	csystem.cpp:20590:62: error: 'iRecordTrayPickPosX' was not declared in this scope	仍缺：未宣告 iRecordTrayPickPosX	HAS-#else	
MEDIUM	csystem.cpp	20886	20890	3	GATE G20 --		GATE G20 -- golden csystem.cpp:2340-2340 (text below is golden VERBATIM)	fMain->SPIL_ResetForIndexDrop();			FAIL			yes	csystem.cpp:20887:28: error: 'class TfMain' has no member named 'SPIL_ResetForIndexDrop'	仍缺：TfMain 沒有成員 SPIL_ResetForIndexDrop	HAS-#else	
MEDIUM	csystem.cpp	21052	21058	5	GATE G21 --		GATE G21 -- golden csystem.cpp:2481-2482 (text below is golden VERBATIM)	str1.sprintf("Index check socket vascuum sensor on @ %s (%d, %d)", Ptr.Suck[iR][iC].SuckerName, iR+1, iC+1);		sim+ship	PASS	LINK-OK	SHIP-OK	likely-no	(compiles: -fsyntax-only)	候選：照 golden 解開（先看風險標記）	HAS-#else	
MEDIUM	csystem.cpp	21226	21247	20	GATE G22 --		GATE G22 -- golden csystem.cpp:2608-2624 (text below is golden VERBATIM)	if(SystemStart==0 && fTeach->fShow==false)		sim+ship	PASS-WITH-INCLUDE	LINK-OK	SHIP-OK	likely-no（缺 include）	csystem.cpp:21227:26: error: 'fTeach' was not declared in this scope	候選：補 include forms/fTeach.h 後照 golden 解開（先確認那個名字是真本體、不是 stub／shim）	UI-STATE HAS-#else	
MEDIUM	csystem.cpp	21403	21411	7	GATE G-ATK --		GATE G-ATK -- golden csystem.cpp:2721-2725 (text below is golden VERBATIM)	if(CUSTOMER_CODE==CC_AMKOR_Korea &&                                     //Steven 20251224 : for ATK Light Curtain		ship	PASS	LINK-OK	SHIP-FAIL csystem.cpp:21405:19: error: 'class TfMain' has no member named 'spbChamberFan'	yes（出貨組態）	csystem.cpp:21405:19: error: 'class TfMain' has no member named 'spbChamberFan'	仍缺（出貨組態才編得到／才出錯）：TfMain 沒有成員 spbChamberFan	HAS-#else	
MEDIUM	csystem.cpp	21709	21718	8	GATE G26 --		GATE G26 -- golden csystem.cpp:2966-2971 (text below is golden VERBATIM)	if(EmptySocketCheckModeBeUse() &&                                           //Steven 20201022 : For RFMD Empty Socket Check Funstion.			FAIL			yes	csystem.cpp:21714:16: error: 'class TfMain' has no member named 'ResetForESC'	仍缺：TfMain 沒有成員 ResetForESC	HAS-#else	
MEDIUM	csystem.cpp	21742	21789	46	GATE G27 --		GATE G27 -- golden csystem.cpp:2973-3016 (text below is golden VERBATIM)	if(IniConfig.bC11UseMonitorView)                                            //JerryYang 20160621 移植錄影功能,UseMonitorVideoFunction start			FAIL			yes	LaserSensor.h:174:7: error: redefinition of 'class TTimer'  (補 include forms/fMonitor.h 之後)	仍缺：LaserSensor.h:174:7: error: redefinition of 'class TTimer'  (補 include forms/fMonitor.h 之後)	HAS-#else	
MEDIUM	csystem.cpp	24290	24294	3	GATE H1-01 --		GATE H1-01 -- golden csystem.cpp:19762-19762 (text below is golden VERBATIM)	fProductionInfo->CalculateOEEPlanOut();			FAIL			yes	csystem.cpp:24291:30: error: 'class TfProductionInfo' has no member named 'CalculateOEEPlanOut'; did you mean 'CalculateOEEReport'?	仍缺：TfProductionInfo 沒有成員 CalculateOEEPlanOut	HAS-#else	
MEDIUM	csystem.cpp	24354	24358	3	GATE H1-03 --		GATE H1-03 -- golden csystem.cpp:19801-19801 (text below is golden VERBATIM)	fMain->StatusBar1->Panels->Items[0]->Text=AStr;			FAIL			yes	csystem.cpp:24355:20: error: 'class TfMain' has no member named 'StatusBar1'	仍缺：TfMain 沒有成員 StatusBar1	HAS-#else	
MEDIUM	csystem.cpp	24387	24394	6	GATE H1-05 --		GATE H1-05 -- golden csystem.cpp:19810-19813 (text below is golden VERBATIM)	if(Item==0)			FAIL			yes	csystem.cpp:24389:20: error: 'class TfMain' has no member named 'StatusBar1'	仍缺：TfMain 沒有成員 StatusBar1	HAS-#else	
MEDIUM	csystem.cpp	24818	24822	3	GATE H1-06 --		GATE H1-06 -- golden csystem.cpp:20213-20213 (text below is golden VERBATIM)	fMain->AutoSiteMappignCleanOut(false);			FAIL			yes	csystem.cpp:24819:28: error: 'class TfMain' has no member named 'AutoSiteMappignCleanOut'	仍缺：TfMain 沒有成員 AutoSiteMappignCleanOut	HAS-#else	
MEDIUM	csystem.cpp	24951	24958	6	GATE H1-07 --		GATE H1-07 -- golden csystem.cpp:20437-20440 (text below is golden VERBATIM)	if(fiosetview->fShow==true)                                                 //Steven 20110922 : 移到最上面		sim+ship	PASS	LINK-OK	SHIP-OK	likely-no	(compiles: -fsyntax-only)	SAFETY 閘：編得過也先問筆電；候選：照 golden 解開（先看風險標記）	UI-STATE HAS-#else SAFETY	
MEDIUM	csystem.cpp	24976	24984	7	GATE H1-08 --		GATE H1-08 -- golden csystem.cpp:20442-20446 (text below is golden VERBATIM)	if(fConfiguration->fShow==true &&fConfiguration->chkHeater->Checked==true &&			FAIL			yes	csystem.cpp:24977:24: error: 'struct W5SckArtRem_ConfigStub' has no member named 'fShow'  (補 include Automation/SCK_ART_Remainder.h 之後)	仍缺：W5SckArtRem_ConfigStub 沒有成員 fShow	UI-STATE HAS-#else SAFETY	
MEDIUM	csystem.cpp	25002	25006	3	GATE H1-09a		GATE H1-09a -- golden csystem.cpp:20453-20453 (text below is golden VERBATIM)	fAirCon->PowerUp(5.0);                                              //Steven 20131011 : 冷氣機		sim+ship	PASS-WITH-INCLUDE	LINK-MISSING TfAirCon::PowerUp(double)		yes（連結層）	csystem.cpp:25003:13: error: 'fAirCon' was not declared in this scope	仍缺（連結層：有宣告、全樹沒有本體）：TfAirCon::PowerUp(double)	HAS-#else	
MEDIUM	csystem.cpp	25023	25027	3	GATE H1-09b		GATE H1-09b -- golden csystem.cpp:20462-20462 (text below is golden VERBATIM)	fAirCon->PowerDown();                                           //Steven 20131011 : 冷氣機		sim+ship	PASS-WITH-INCLUDE	LINK-MISSING TfAirCon::PowerDown()		yes（連結層）	csystem.cpp:25024:17: error: 'fAirCon' was not declared in this scope	仍缺（連結層：有宣告、全樹沒有本體）：TfAirCon::PowerDown()	HAS-#else	
MEDIUM	csystem.cpp	25091	25095	3	GATE H1-09c		GATE H1-09c -- golden csystem.cpp:20520-20520 (text below is golden VERBATIM)	fAirCon->PowerUp(5.5);                                  //Steven 20131011 : 冷氣機		sim+ship	PASS-WITH-INCLUDE	LINK-MISSING TfAirCon::PowerUp(double)		yes（連結層）	csystem.cpp:25092:25: error: 'fAirCon' was not declared in this scope	仍缺（連結層：有宣告、全樹沒有本體）：TfAirCon::PowerUp(double)	HAS-#else	
MEDIUM	csystem.cpp	25107	25111	3	GATE H1-09d		GATE H1-09d -- golden csystem.cpp:20526-20526 (text below is golden VERBATIM)	fAirCon->PowerUp(0.5);                                  //Steven 20131011 : 冷氣機		sim+ship	PASS-WITH-INCLUDE	LINK-MISSING TfAirCon::PowerUp(double)		yes（連結層）	csystem.cpp:25108:25: error: 'fAirCon' was not declared in this scope	仍缺（連結層：有宣告、全樹沒有本體）：TfAirCon::PowerUp(double)	HAS-#else	
MEDIUM	csystem.cpp	25129	25133	3	GATE H1-09e		GATE H1-09e -- golden csystem.cpp:20536-20536 (text below is golden VERBATIM)	fAirCon->PowerUp(5.5);                                  //Steven 20131011 : 冷氣機		sim+ship	PASS-WITH-INCLUDE	LINK-MISSING TfAirCon::PowerUp(double)		yes（連結層）	csystem.cpp:25130:25: error: 'fAirCon' was not declared in this scope	仍缺（連結層：有宣告、全樹沒有本體）：TfAirCon::PowerUp(double)	HAS-#else	
MEDIUM	csystem.cpp	25145	25149	3	GATE H1-09f		GATE H1-09f -- golden csystem.cpp:20542-20542 (text below is golden VERBATIM)	fAirCon->PowerUp(0.5);                                  //Steven 20131011 : 冷氣機		sim+ship	PASS-WITH-INCLUDE	LINK-MISSING TfAirCon::PowerUp(double)		yes（連結層）	csystem.cpp:25146:25: error: 'fAirCon' was not declared in this scope	仍缺（連結層：有宣告、全樹沒有本體）：TfAirCon::PowerUp(double)	HAS-#else	
MEDIUM	csystem.cpp	25453	25495	41	GATE H5-G1 --		GATE H5-G1 -- golden csystem.cpp:24649-24689 (text below is golden VERBATIM)	void bScanLoadPortState_Analog(int iPos)		sim+ship	PASS	LINK-DUP dup: bScanLoadPortState_Analog(int)		n/a	(compiles: -fsyntax-only)	解開會跟別處重複定義（bScanLoadPortState_Analog(int)）：真本體在別處，不要解，可清掉		
MEDIUM	csystem.cpp	25507	25549	41	GATE H5-G2 --		GATE H5-G2 -- golden csystem.cpp:24691-24731 (text below is golden VERBATIM)	void bScanUnLoadPortState_Analog(int iPos)                                             //JerryYang 20250521 : For AMR		sim+ship	PASS	LINK-DUP dup: bScanUnLoadPortState_Analog(int)		n/a	(compiles: -fsyntax-only)	解開會跟別處重複定義（bScanUnLoadPortState_Analog(int)）：真本體在別處，不要解，可清掉		
MEDIUM	csystem.cpp	25573	25635	61	GATE H5-G3 --		GATE H5-G3 -- golden csystem.cpp:24733-24793 (text below is golden VERBATIM)	void bScanFixPortState_Analog(int iPos)                                                //JerryYang 20250521 : For AMR		sim+ship	PASS	LINK-DUP dup: bScanFixPortState_Analog(int)		n/a	(compiles: -fsyntax-only)	解開會跟別處重複定義（bScanFixPortState_Analog(int)）：真本體在別處，不要解，可清掉		
MEDIUM	csystem.cpp	26976	26981	4	GATE H3-1 --		GATE H3-1 -- golden csystem.cpp:22248-22251 VERBATIM below; see note above	if((Temperature.bBoostFuncttion || Temperature.bLBTempFunction) && bUnderTest==false)			FAIL			yes	csystem.cpp:26977:72: error: 'bUnderTest' was not declared in this scope	仍缺：未宣告 bUnderTest		
MEDIUM	csystem.cpp	27016	27018	1	GATE H3-2 --		GATE H3-2 -- golden csystem.cpp:22280 VERBATIM below; see note above	fTemp_Set->edtCurrTemp->Text=FormatFloat("0.00", dBoostOffset);		sim+ship	PASS-WITH-INCLUDE	LINK-OK	SHIP-OK	likely-no（缺 include）	csystem.cpp:27017:13: error: 'fTemp_Set' was not declared in this scope	候選：補 include forms/fTemp_Set.h 後照 golden 解開（先確認那個名字是真本體、不是 stub／shim）		
MEDIUM	csystem.cpp	27044	27047	2	GATE H3-3 --		GATE H3-3 -- golden csystem.cpp:22297-22298 VERBATIM below; see note above	if(fContact->fShow)			FAIL			yes	csystem.cpp:27046:27: error: 'class TfContactShim' has no member named 'lblCountDown'	仍缺：TfContactShim 沒有成員 lblCountDown	UI-STATE	
MEDIUM	csystem.cpp	27063	27065	1	GATE H3-4 --		GATE H3-4 -- golden csystem.cpp:22310 VERBATIM below; see note above	fTemp_Set->edtCurrTemp->Text=FormatFloat("0.00", dBoostOffset);		sim+ship	PASS-WITH-INCLUDE	LINK-OK	SHIP-OK	likely-no（缺 include）	csystem.cpp:27064:17: error: 'fTemp_Set' was not declared in this scope	候選：補 include forms/fTemp_Set.h 後照 golden 解開（先確認那個名字是真本體、不是 stub／shim）		
MEDIUM	csystem.cpp	27135	27137	1	GATE H3-5 --		GATE H3-5 -- golden csystem.cpp:22363 VERBATIM below; see note above	ATC_InterfaceForm->SetOffset(iATC_Use_Heat_Count, dbATC_Offset);        //Ifor 20160523 送出ATC 對應 Heat Offset 資料 for DoBoostFunctionStepCooling			FAIL			yes	csystem.cpp:27136:28: error: 'class TATC_InterfaceFormShim' has no member named 'SetOffset'	仍缺：TATC_InterfaceFormShim 沒有成員 SetOffset	SAFETY	
MEDIUM	csystem.cpp	27417	27447	29	GATE H3-6 --		GATE H3-6 -- golden csystem.cpp:22554-22582 VERBATIM below; see note above	fSetup->DoIniDataToForm();			FAIL			yes	csystem.cpp:27418:13: error: 'class TfSetup' has no member named 'DoIniDataToForm'  (補 include forms/fSetup.h 之後)	仍缺：TfSetup 沒有成員 DoIniDataToForm		
MEDIUM	csystem.cpp	27565	27568	2	GATE H3-7 --		GATE H3-7 -- golden csystem.cpp:22664-22665 VERBATIM below; see note above	NowTemperature=FormHS->GetTempUseName(0);                           //Ifor 20160303 依據溫控器開啟狀況變更Log顯示名稱			FAIL			yes	csystem.cpp:27566:36: error: 'struct W5SckArtRem_FormHSStub' has no member named 'GetTempUseName'  (補 include Automation/SCK_ART_Remainder.h 之後)	仍缺：W5SckArtRem_FormHSStub 沒有成員 GetTempUseName		
MEDIUM	csystem.cpp	27586	27589	2	GATE H3-8 --		GATE H3-8 -- golden csystem.cpp:22675-22676 VERBATIM below; see note above	NowTemperature=FormHS->GetTempUseName(0);                           //Ifor 20160303 依據溫控器開啟狀況變更Log顯示名稱			FAIL			yes	csystem.cpp:27587:36: error: 'struct W5SckArtRem_FormHSStub' has no member named 'GetTempUseName'  (補 include Automation/SCK_ART_Remainder.h 之後)	仍缺：W5SckArtRem_FormHSStub 沒有成員 GetTempUseName		
MEDIUM	csystem.cpp	27639	27641	1	GATE H3-9 --		GATE H3-9 -- golden csystem.cpp:22713 VERBATIM below; see note above	NowTemperature=NowTemperature+FormHS->GetTempUseNamevalue(0);           //kevin 20191211  //Ifor 20160303 依據溫控器開啟狀況變更Log 顯示數值			FAIL			yes	csystem.cpp:27640:47: error: 'struct W5SckArtRem_FormHSStub' has no member named 'GetTempUseNamevalue'  (補 include Automation/SCK_ART_Remainder.h 之後)	仍缺：W5SckArtRem_FormHSStub 沒有成員 GetTempUseNamevalue		
MEDIUM	csystem.cpp	27805	27833	27	GATE H3-10 --		GATE H3-10 -- golden csystem.cpp:22864-22890 VERBATIM below; see note above	if(ATC_SYSTEM==eATCHonPrecType)                                         //Ifor 20151119 新增海思ATC2.0 溫度Log			FAIL			yes	csystem.cpp:27809:23: error: 'class TfLotInfo' has no member named 'pl_ATCTempHead01'	仍缺：TfLotInfo 沒有成員 pl_ATCTempHead01		
MEDIUM	csystem.cpp	27862	27864	1	GATE H3-12 --		GATE H3-12 -- golden csystem.cpp:22905 VERBATIM below; see note above	fProductionInfo->FTP_OEEFile_Upload(FilePath, IniConfig.asN14_12_ULTempLogPath, FileName);			FAIL			yes	csystem.cpp:27863:26: error: 'class TfProductionInfo' has no member named 'FTP_OEEFile_Upload'	仍缺：TfProductionInfo 沒有成員 FTP_OEEFile_Upload		
MEDIUM	csystem.cpp	29804	29929	124			GATE h4-G3 -- golden csystem.cpp:24271-24390 (text below is golden VERBATIM)	if(i2DMAPCHKSTEP<fContact->eCOMPLETE)                                   //Steven 20220811 : 紀錄目前是哪個Shuttle			FAIL			yes	csystem.cpp:29805:36: error: 'class TfContactShim' has no member named 'eCOMPLETE'	仍缺：TfContactShim 沒有成員 eCOMPLETE	HAS-#else	
MEDIUM	csystem.cpp	30414	30416	1			golden 每一拍呼叫，OFF_LINE 模式時強制切回 ON_LINE。閘掉的後果：OFF_LINE 不會被自動切回。 ⓘ golden CheckON_LINE（main.cpp:30808）只在 IniConfig.bI40_bStartProductOnLine 開著時作用（禁止 OP 等級用 OFF_LINE 生產）， 而且它要呼叫的 ChangeTesterConnect 在本檔也是空巨集（T6 獨立審查 i7）。	fMain->CheckON_LINE();                                                  //kevin 20140407 off line 模式強制 ON_LINE			FAIL			yes	csystem.cpp:30415:16: error: 'class TfMain' has no member named 'CheckON_LINE'; did you mean 'CheckList'?	仍缺：TfMain 沒有成員 CheckON_LINE	SAFETY	
MEDIUM	csystem.cpp	30493	30495	1	SAFETY-GATE(W906-T6-NOWSTATUS)		SAFETY-GATE(W906-T6-NOWSTATUS) golden :16821 —— 缺相依：TfMain::ShowNowStatus()（facade 無此成員； INBOX MSTATE-P2 的範圍）＋ VCL 顏色常數 clBlack。純顯示，下一行的 SoftStop=true 照跑。	fMain->ShowNowStatus(clBlack, "LOCK");			FAIL			yes	acatchtray_shims.h:132:14: error: redeclaration of 'const TColor clWhite'  (補 include ATC/ATCInterface.h 之後)	仍缺：acatchtray_shims.h:132:14: error: redeclaration of 'const TColor clWhite'  (補 include ATC/ATCInterface.h 之後)	SAFETY	
MEDIUM	csystem.cpp	30573	30575	1	SAFETY-GATE(W906-T6-E84SHOW)		SAFETY-GATE(W906-T6-E84SHOW) golden :16883 —— 純顯示：TfAGV::ShowE84Sensor（golden AGV.cpp:35-76，ALed1..36） 沒有翻（AGV_PortScan.h:110 列為 deferred）；UI 在瀏覽器，這一句不承載狀態。	fAGV->ShowE84Sensor();			FAIL			yes	csystem.cpp:30574:19: error: 'class TfAGV' has no member named 'ShowE84Sensor'	仍缺：TfAGV 沒有成員 ShowE84Sensor	SAFETY	
MEDIUM	csystem.cpp	30580	30583	2	SAFETY-GATE(W906-T6-IOVIEW)		SAFETY-GATE(W906-T6-IOVIEW) golden :16887 —— 同上（IO 監看畫面開著時 golden 整拍略過）。閘掉 = 視為沒開，照常往下跑。	if(fiosetview->fShow)		sim+ship	PASS	LINK-OK	SHIP-OK	likely-no	(compiles: -fsyntax-only)	SAFETY 閘：編得過也先問筆電；候選：照 golden 解開（先看風險標記）	SAFETY UI-STATE	
MEDIUM	csystem.cpp	30699	30746	46			後果：開了 Socket 通訊的機台（ASE_KR），與 Socket Tester 的開線／狀態回報／BinMap 回報不會發生。 ⚠ 被閘的內容裡有 5 個讓 MainProc 整拍提早 return 的點（開線失敗、Stop Form Server、OneCycle Form Server、 InitialzedHandler 失敗、BinMapReport 失敗）—— golden 在這些情況會擋住、不運轉，閘掉後不會擋（T6 獨立審查 m3）。	if(IniConfig.bEnableSocketCommunication)                                    //ChungHung 20130112 add for ASE_KR Socket Tester			FAIL			yes	csystem.cpp:30704:13: error: 'fSocketCommunication' was not declared in this scope	仍缺：未宣告 fSocketCommunication	SAFETY	
MEDIUM	csystem.cpp	30809	30811	1	SAFETY-GATE(W906-T6-ALED)		SAFETY-GATE(W906-T6-ALED) golden :17085 —— 純顯示：fMain 的 ALed5 指示燈（Galil PR 是否在跑）。forms/fMain.h 的 TfMain 鏡像沒有 ALed5； UI 在瀏覽器，這一句不承載狀態（bRunGali_Pr 照樣由上一行更新）。只在出貨組態（沒有 SOFT_SIMULTE）才編得到。	fMain->ALed5->Value=bRunGali_Pr;		ship	PASS	LINK-OK	SHIP-FAIL csystem.cpp:30810:16: error: 'class TfMain' has no member named 'ALed5'; did you mean 'ALed1'?	yes（出貨組態）	csystem.cpp:30810:16: error: 'class TfMain' has no member named 'ALed5'; did you mean 'ALed1'?	仍缺（出貨組態才編得到／才出錯）：TfMain 沒有成員 ALed5	SAFETY	
MEDIUM	csystem.cpp	30854	30858	3	SAFETY-GATE(W906-T6-AUTOTEACH)		SAFETY-GATE(W906-T6-AUTOTEACH) golden :17126-17128 —— 缺相依：fAutoTeach（TfAutoTeach，golden AutoTeach/AutoTeach.cpp:31）沒有移植。 只在 bManualSteplAutoTeach 且 bA56EnableAutoTeachFunciton 時走到。後果：手動步進的 Auto Teach 流程不跑。	if(CosFunction.bManualSteplAutoTeach &&			FAIL			yes	csystem.cpp:30857:9: error: 'fAutoTeach' was not declared in this scope	仍缺：未宣告 fAutoTeach	SAFETY	
HIGH	csystem.cpp	30874	30882	7			ⓘ 真正的 TFormHS 在 forms/fHS.h（:671 有 bHaltHandler），但它沒有全域實例 —— 全域名 FormHS 已被上面那個樁佔用 （fHS.h:64-86 的說明）。解這一格要先決定 FormHS 綁哪一個，不是補一個成員；而 golden 裡寫 bHaltHandler 的 TimerRTMMsgTimer（fHS.h:355）本身也是 GATE，所以就算綁對了今天也永遠讀到 false。	if(CUSTOMER_CODE==CC_SCC &&			FAIL			yes	csystem.cpp:30877:20: error: 'struct W5SckArtRem_FormHSStub' has no member named 'bHaltHandler'	仍缺：W5SckArtRem_FormHSStub 沒有成員 bHaltHandler	HIGH-KW SAFETY	
MEDIUM	csystem.cpp	30979	30985	5			後果：HiSilicon 版不會檢查工作檔是否在 ATC 名單內（WAR15322 不會跳）。 ⓘ forms/fHS.h:708 的 TFormHS 有宣告 CheckSetupNamelist_Hisi，但它本身是 GATE（Cat B：清單檔不存在時會 WriteDataToFile）， 而且 TFormHS 沒有全域實例（見 SCCRTM 那格的說明）。	if(bNeedCheckSetupNameList &&                                       //Ifor 20160310 add for Hisi Setup name check start			FAIL			yes	csystem.cpp:30981:24: error: 'struct W5SckArtRem_FormHSStub' has no member named 'CheckSetupNamelist_Hisi'	仍缺：W5SckArtRem_FormHSStub 沒有成員 CheckSetupNamelist_Hisi	SAFETY	
MEDIUM	csystem.cpp	31034	31039	4	SAFETY-GATE(W906-T6-HISINAME)		SAFETY-GATE(W906-T6-HISINAME) 同上（golden :17287-17290）。	if(bNeedCheckSetupNameList && FormHS->CheckSetupNamelist_Hisi()==false)			FAIL			yes	csystem.cpp:31035:55: error: 'struct W5SckArtRem_FormHSStub' has no member named 'CheckSetupNamelist_Hisi'	仍缺：W5SckArtRem_FormHSStub 沒有成員 CheckSetupNamelist_Hisi	SAFETY	
MEDIUM	csystem.cpp	31051	31108	56			以及 TMyMessageBoxShim::BringToFront。只在出貨組態（沒有 SOFT_SIMULTE）且 CosFunction.bOEEFunction（超豐 OEE）時走到。 後果：超豐 N14_14「警報控制機台」在 START 時不會檢查 Start 旗標而擋下；OEE 檔不會在啟動時存檔更新； N14_1 的「Please End Lot!」不會跳。這一格在模擬組態本來就不編（golden 自己的 #ifndef SOFT_SIMULTE），所以今天的探針量不到它。	if(CosFunction.bOEEFunction && fAutoTeach->IsRun()==false)              //JimmyChiu 20211020 : Auto alignment mode //Steven 20180417 (Jou) : OEE功能		ship	PASS	LINK-OK	SHIP-FAIL csystem.cpp:31052:40: error: 'fAutoTeach' was not declared in this scope	yes（出貨組態）	csystem.cpp:31052:40: error: 'fAutoTeach' was not declared in this scope	仍缺（出貨組態才編得到／才出錯）：未宣告 fAutoTeach	UI-STATE SAFETY	
MEDIUM	csystem.cpp	31116	31124	7			OmronLaser/LaserSensor.h 各定義一份 class TTimer（ATCInterface.h:189 / LaserSensor.h:174），同一個 TU 放不下； 本體四句全是 ATCInterfaceForm->ATC_60_SYS.ReSendCommand，整個 if 一起閘。 後果：ATC3.0／eATC30 在 iNeedRecord==2 時不會重送 SETTEMP／USESITE／SETOFFSET／ATCENABLED。	if((ATC_SYSTEM==eATC60 || ATC_SYSTEM==eATC30) && iNeedRecord==2)        //20141204 ChungHung add for ATC3.0   //20141204 ChungHung add for ATC3.0			FAIL			yes	acatchtray_shims.h:132:14: error: redeclaration of 'const TColor clWhite'  (補 include ATC/ATCInterface.h 之後)	仍缺：acatchtray_shims.h:132:14: error: redeclaration of 'const TColor clWhite'  (補 include ATC/ATCInterface.h 之後)	SAFETY	
MEDIUM	csystem.cpp	31449	31451	1	GATE (W906-HOME-W1-CONTACTFN)		GATE (W906-HOME-W1-CONTACTFN): 缺相依，見上面的就地註解	fContact->DoTestContactFunction();			FAIL			yes	csystem.cpp:31450:27: error: 'class TfContactShim' has no member named 'DoTestContactFunction'	仍缺：TfContactShim 沒有成員 DoTestContactFunction		
MEDIUM	csystem.cpp	31468	31470	1	GATE (W906-HOME-W1-CONTACTMODE)		GATE (W906-HOME-W1-CONTACTMODE): 缺相依，見上面的就地註解	fContact->rbModeNormal->Checked=true;			FAIL			yes	csystem.cpp:31469:27: error: 'class TfContactShim' has no member named 'rbModeNormal'	仍缺：TfContactShim 沒有成員 rbModeNormal		
MEDIUM	csystem.cpp	31495	31525	29	GATE (W906-HOME-W1-RTCBLOCK)		GATE (W906-HOME-W1-RTCBLOCK): 缺相依，見上面的就地註解	if(SystemStart)			FAIL			yes	csystem.cpp:31500:35: error: 'class TCOM2Shim' has no member named 'bRealTimeCom_ReceiveOK'	仍缺：TCOM2Shim 沒有成員 bRealTimeCom_ReceiveOK		
MEDIUM	csystem.cpp	31544	31546	1	GATE (W906-HOME-W1-AUTOTEACHPOS)		GATE (W906-HOME-W1-AUTOTEACHPOS): 缺相依，見上面的就地註解	Zteach->AutoTeachPos();			FAIL			yes	csystem.cpp:31545:25: error: 'struct TfInOutArmZteach_Facade' has no member named 'AutoTeachPos'	仍缺：TfInOutArmZteach_Facade 沒有成員 AutoTeachPos		
MEDIUM	csystem.cpp	31580	31584	3	GATE (W906-HOME-W1-AUTOALIGN)		GATE (W906-HOME-W1-AUTOALIGN): 缺相依，見上面的就地註解	fAutoAlignment->DoAutoAlignment();			FAIL			yes	csystem.cpp:31581:33: error: 'class TfAutoAlignment' has no member named 'DoAutoAlignment'; did you mean 'TfAutoAlignment'?  (補 include AutoAlignment/AutoAlignment.h 之後)	仍缺：TfAutoAlignment 沒有成員 DoAutoAlignment	HAS-#else	
HIGH	csystem.cpp	31596	31617	20	GATE (W906-HOME-W1-BARCODEARM)		GATE (W906-HOME-W1-BARCODEARM): 缺相依，見上面的就地註解	else if(fBarCode->bShow && iHome==0 &&			FAIL			yes	csystem.cpp:31597:27: error: 'class TfBarCode' has no member named 'bShow'	仍缺：TfBarCode 沒有成員 bShow	HIGH-KW	
MEDIUM	csystem.cpp	31632	31634	1	GATE (W906-HOME-W1-SHUTTLEMOVE)		GATE (W906-HOME-W1-SHUTTLEMOVE): 缺相依，見上面的就地註解	fShuttleMove->DoShuttleMove();			FAIL			yes	csystem.cpp:31633:31: error: 'class TfShuttleMove' has no member named 'DoShuttleMove'; did you mean 'TfShuttleMove'?	仍缺：TfShuttleMove 沒有成員 DoShuttleMove		
HIGH	csystem.cpp	31676	31719	42	GATE (W906-HOME-W1-OFFSETARM)		GATE (W906-HOME-W1-OFFSETARM): 缺相依，見上面的就地註解	else if(fOffSet->fShow && iHome==0 && (bDoInZTeach || bDoOutZTeach))    //JerryYang 20250120 : add			FAIL			yes	csystem.cpp:31677:26: error: 'class TfOffSet' has no member named 'fShow'	仍缺：TfOffSet 沒有成員 fShow	HIGH-KW UI-STATE	
MEDIUM	csystem.cpp	31739	31742	2	GATE (W906-HOME-W1-SPEEDCLOSE)		GATE (W906-HOME-W1-SPEEDCLOSE): 缺相依，見上面的就地註解	if(fSpeed->fShow)			FAIL			yes	fSpeed.h:601:5: error: 'AnsiString' does not name a type  (補 include forms/fSpeed.h + vclcompat/AnsiString.h 之後)	仍缺：未宣告 AnsiString	UI-STATE	
MEDIUM	csystem.cpp	31908	31913	4	SAFETY-GATE(W906-T6-SOCKETKR)		SAFETY-GATE(W906-T6-SOCKETKR) golden :18028-18031 —— 同上面的 SOCKETKR：fSocketCommunication（ASE_KR Socket Tester 模組）沒有移植。	if(IniConfig.bEnableSocketCommunication)                            //ChungHung 20130112 add for ASE_KR Socket Tester			FAIL			yes	csystem.cpp:31911:17: error: 'fSocketCommunication' was not declared in this scope	仍缺：未宣告 fSocketCommunication	SAFETY	
MEDIUM	csystem.cpp	31918	31925	6	SAFETY-GATE(W906-T6-ROTZERO)		SAFETY-GATE(W906-T6-ROTZERO) golden :18033-18038 —— 缺相依：FrmRotate->bIsAngleZero（Eastsun 20260515 F022 新增，forms/fRotate.h 的 TFrmRotate 沒有這個成員， 全樹也沒有寫它的地方）。條件的一環缺了，整個 if 一起閘，不替 golden 選路。 後果：開了旋轉站（tRotate.ActiveRotate）時，偵測到旋轉 0 度不會跳「偵測到旋轉0度」並擋住這一圈。	if(FrmRotate->bIsAngleZero && tRotate.ActiveRotate)                 //Eastsun 20260515 F022: D12 detect rotate 0 angle		sim+ship	PASS	LINK-OK	SHIP-OK	likely-no	(compiles: -fsyntax-only)	SAFETY 閘：編得過也先問筆電；候選：照 golden 解開（先看風險標記）	SAFETY	
MEDIUM	csystem.cpp	32365	32498	132			SendCommToVision / RTC_ROICount / OpenRTCComPortAgain。與本函式前段的 W906-HOME-W1-RTCBLOCK 同一個缺口，缺的是整組介面， 部分閘做不到。只在 REAL_TIME_CCD（Gerneral.ini 裝了即時 CCD）且非 CCD Dummy Run 時走到。 後果：按 START 後不做 RTC 的 Model Verify／ROI Check／ROI Count／InspStart 交握，也不會報 WAR0334 與三種 RTC 逾時訊息。	if(REAL_TIME_CCD==true && !COM2->bCCDDummyRum)			FAIL			yes	csystem.cpp:32372:35: error: 'class TCOM2Shim' has no member named 'bRealTimeCom_ReceiveOK'	仍缺：TCOM2Shim 沒有成員 bRealTimeCom_ReceiveOK	SAFETY	
HIGH	csystem.cpp	32505	32587	81			若只閘「送 Start」那半，留下的逾時判斷會因為從來沒送過而每秒報 WAR0934 —— 那是 golden 沒有的行為，所以整個 if 一起閘。 只在 INSTALL_OCR 有裝且 TestIF.bOcrFunction 且非 Tray OCR 時走到。 後果：OCR 的 Start 交握、向 tester 取 Lot ID（WAR0955/0960/0954）都不會發生。	if(INSTALL_OCR!=eocrUninstal &&			FAIL			yes	csystem.cpp:32510:30: error: 'class TfOCR' has no member named 'bSendOcrSendStart'	仍缺：TfOCR 沒有成員 bSendOcrSendStart	HIGH-KW SAFETY	
MEDIUM	csystem.cpp	32590	32596	5	SAFETY-GATE(W906-T6-SOCKETKR)		SAFETY-GATE(W906-T6-SOCKETKR) golden :18688-18692 —— 同上：fSocketCommunication 沒有移植。後果：不等 Socket Tester 初始化完成就往下走。	if(IniConfig.bEnableSocketCommunication)                        //ChungHung 20130112 add for ASE_KR Socket Tester			FAIL			yes	csystem.cpp:32593:24: error: 'fSocketCommunication' was not declared in this scope	仍缺：未宣告 fSocketCommunication	SAFETY	
MEDIUM	csystem.cpp	32626	32632	5			沒有 LoaderBufPreAlarm / FixTrayPreAlarm。真正的 TFormHS 在 forms/fHS.h（沒有全域實例），而這兩個方法在那邊本身也是 GATE（fHS.h:712 起，Cat A：警報顯示＋Sen[]/MOT[]）。本體只有這兩句，整個 if 一起閘。 後果：KYEC 的 Loader Buffer／Fix Tray 預警不會跳。	if(SystemStart==true)                                       //Ifor 20160909 避免程式開啟時瞬間發出Alarm			FAIL			yes	csystem.cpp:32629:33: error: 'struct W5SckArtRem_FormHSStub' has no member named 'LoaderBufPreAlarm'	仍缺：W5SckArtRem_FormHSStub 沒有成員 LoaderBufPreAlarm	SAFETY	
MEDIUM	csystem.cpp	32674	32678	3	SAFETY-GATE(W906-T6-ALED)		SAFETY-GATE(W906-T6-ALED) golden :18762-18764 —— 純顯示：fLotInfo 的 ALed1-3 指示燈顏色。forms/fLotInfo.h 的鏡像沒有這三個元件， clLime/clSilver 在本 TU 也沒有定義。UI 在瀏覽器（20260812 定案），這三句不承載任何狀態。	fLotInfo->ALed3->FalseColor=clLime;                                     //Steven 20110922			FAIL			yes	csystem.cpp:32675:19: error: 'class TfLotInfo' has no member named 'ALed3'	仍缺：TfLotInfo 沒有成員 ALed3	SAFETY	
HIGH	csystem.cpp	32683	32690	6	SAFETY-GATE(W906-T6-TEMPTAJOFS)		SAFETY-GATE(W906-T6-TEMPTAJOFS) golden :18766-18771 —— 缺相依：fProductionInfo->dTempTajOfs（forms/fProductionInfo.h 的鏡像沒有這個成員； bthermo.cpp 的 G02 是同一個缺口）。條件的一環缺了，整個 if 一起閘。 後果：超豐 N14_18 溫度偏移開著時，fMain->StringGrid2 第 7 欄第 20 列不會更新（純顯示），dOldGreatekTempOfs 不變。	if(IniConfig.bN14_18_EnableTempOffset &&			FAIL			yes	csystem.cpp:32685:29: error: 'class TfProductionInfo' has no member named 'dTempTajOfs'	仍缺：TfProductionInfo 沒有成員 dTempTajOfs	SAFETY HIGH-KW	
MEDIUM	csystem.cpp	32700	32715	14	SAFETY-GATE(W906-T6-HPTORQUE)		SAFETY-GATE(W906-T6-HPTORQUE) golden :18778-18791 —— 缺相依：COM2（TCOM2Shim）沒有 iReadSTopTorque_HPCardTask / StartReadTorque_HPCard。 只閘兩句會留下 iLogTorque 永遠停在 -1 的半套流程，所以整個 if 一起閘。只在 TorqueUseHPComCard（HP 通訊卡讀扭力）時走到。 後果：START 後不會開始連續讀取扭力。	if(TorqueUseHPComCard)                                                  //Steven 20210524 : 連續讀取扭力			FAIL			yes	csystem.cpp:32710:27: error: 'class TCOM2Shim' has no member named 'iReadSTopTorque_HPCardTask'	仍缺：TCOM2Shim 沒有成員 iReadSTopTorque_HPCardTask	SAFETY UI-STATE	
MEDIUM	csystem.cpp	32721	32736	14	SAFETY-GATE(W906-T6-HPTORQUE)		SAFETY-GATE(W906-T6-HPTORQUE) golden :18795-18808 —— 同上：缺 iReadTorque_HPCardTask / StopReadTorque_HPCard。只閘兩句的話， iStopLogTorque 會停在 -1 而觸發「!=1 就歸零」的分支，那是 golden 沒有的流程；整個 if 一起閘。後果：停機時不送停止讀扭力。	if(TorqueUseHPComCard)                                                  //Steven 20210524 : 連續讀取扭力			FAIL			yes	csystem.cpp:32727:23: error: 'class TCOM2Shim' has no member named 'iReadTorque_HPCardTask'; did you mean 'ReadTorque_Panasonic'?	仍缺：TCOM2Shim 沒有成員 iReadTorque_HPCardTask	SAFETY	
MEDIUM	csystem.cpp	32801	32807	5	SAFETY-GATE(W906-T6-OCREND)		SAFETY-GATE(W906-T6-OCREND) golden :18865-18869 —— 缺相依：fOCR 鏡像沒有 bSendOcrSendStart（條件的一環）與 DoOCRReleaseAndInspEnd （OCRInsp.cpp:345 那個同名的是另一個類別的空殼，不是 TfOCR 的）。整個 if 一起閘。 後果：停機時不會送 OCR Release／InspEnd。	if(fOCR->bOcr_ReceiveOK[fOCR->ocrEnd]==false &&                         //ChungHung 20120830 add OCR Function add			FAIL			yes	csystem.cpp:32803:18: error: 'class TfOCR' has no member named 'bSendOcrSendStart'	仍缺：TfOCR 沒有成員 bSendOcrSendStart	SAFETY	
MEDIUM	csystem.cpp	32813	32817	3	SAFETY-GATE(W906-T6-ALED)		SAFETY-GATE(W906-T6-ALED) golden :18874-18876 —— 同上 ALED：純顯示。	fLotInfo->ALed3->FalseColor=clSilver;                                   //Steven 20110922			FAIL			yes	csystem.cpp:32814:19: error: 'class TfLotInfo' has no member named 'ALed3'	仍缺：TfLotInfo 沒有成員 ALed3	SAFETY	
MEDIUM	csystem.cpp	32934	32943	8	SAFETY-GATE(W906-T6-SOCKETKR)		SAFETY-GATE(W906-T6-SOCKETKR) golden :18974-18981 —— 同上：fSocketCommunication 沒有移植。後果：停機時不向 Socket Tester 回報 Handler 狀態 0／IDLE。	if(IniConfig.bEnableSocketCommunication)                                //ChungHung 20130112 add for ASE_KR Socket Tester			FAIL			yes	csystem.cpp:32937:13: error: 'fSocketCommunication' was not declared in this scope	仍缺：未宣告 fSocketCommunication	SAFETY	
MEDIUM	csystem.cpp	33335	33337	1	GATE(W906-FLOW-1)		GATE(W906-FLOW-1): golden :9380 -- the port TfLotInfo facade (forms/fLotInfo.h) has no edLoadingCnt widget; display-only write (LastSet.iLoaderTrayCount_ART itself is set live on the line above)	fLotInfo->edLoadingCnt->Text=LastSet.iLoaderTrayCount_ART;			FAIL			yes	csystem.cpp:33336:35: error: 'class TfLotInfo' has no member named 'edLoadingCnt'; did you mean 'edOSBinCnt'?	仍缺：TfLotInfo 沒有成員 edLoadingCnt		
MEDIUM	csystem.cpp	33369	33371	1	GATE(W906-FLOW-1)		GATE(W906-FLOW-1): golden :9412 -- port TfYieldMonitoring (forms/fYieldMonitoring.h) has no btnApplyClick (golden uYieldMonitoring.cpp:3064: DoFormToData + CheckSettingNo + SaveSetupFile(recipe) + ASE re-read); not defined in any build lib	fYieldMonitoring->btnApplyClick(fYieldMonitoring);			FAIL			yes	csystem.cpp:33370:39: error: 'class TfYieldMonitoring' has no member named 'btnApplyClick'; did you mean 'btnApply'?	仍缺：TfYieldMonitoring 沒有成員 btnApplyClick		
MEDIUM	csystem.cpp	33386	33412	25	GATE(W906-FLOW-1)		GATE(W906-FLOW-1): golden :9427-9451 -- every operand of both Str= lines is a TfLotInfo widget the port facade does not have (LART_*/eART_*/Label22-30/edInputAmount/edLoadingCnt/edAuto1-3Cnt/edARTMaxLimit/edCurrARTCnt/edCurrARTRate/edARTPassLimit); gating only the Str lines would make RecordProcess(	if(bART_needRT2==false)                                             //kevin 20150717			FAIL			yes	csystem.cpp:33391:49: error: 'class TfLotInfo' has no member named 'LART_Limit'	仍缺：TfLotInfo 沒有成員 LART_Limit		
MEDIUM	csystem.cpp	33481	33487	5	GATE(W906-FLOW-1)		GATE(W906-FLOW-1): golden :9518-9522 -- DoMagazineInitCheck (golden Magazine.cpp:3427-3539) is not translated (port Magazine.cpp has only TfMagazine::ReadFile) and is NOT DEFINED in any build lib.  Whole arm, not just the call: that body is the only writer of bInitCheckMag=false (golden Magazine.cpp	if(AUTO3_IS_MAGAZINE==1 && bInitCheckMag)                                   //JerryYang 20220909 : add magazine			FAIL			yes	csystem.cpp:33484:29: error: 'DoMagazineInitCheck' was not declared in this scope	仍缺：未宣告 DoMagazineInitCheck		
MEDIUM	csystem.cpp	33495	33501	5	GATE(W906-FLOW-1)		GATE(W906-FLOW-1): golden :9530-9534 -- the port DoTestHeadMotorLoadCell is an EMPTY stub (atester.cpp:11317-11321, `#if 0 // TODO(W7)`; the golden text sits inert at atester.cpp:11014-11315).  Whole arm, not just the call: the golden body's case 411 is the only writer of bLoadCellTest=false, so cal	if(bLoadCellTest)                                                           //kevin 20190305 add one cycle run arm 1 arm 2 load cell test		sim+ship	PASS	LINK-OK	SHIP-OK	likely-no	(compiles: -fsyntax-only)	候選：照 golden 解開（先看風險標記）		
MEDIUM	csystem.cpp	33503	33508	4	GATE(W906-FLOW-1)		GATE(W906-FLOW-1): golden :9536-9539 -- in this TU FormHS is SCK_ART_Remainder.h:629 `W5SckArtRem_FormHSStub *FormHS` (gate #17 stand-in, UpDataToServerByFTP only).  TFormHS::CheckATCTempWait IS translated (forms/fHS.cpp:901, golden HS_Function.cpp:4745-4827) but the port has no TFormHS instance to 	if(FormHS->CheckATCTempWait()==true)                                        //==> Eastsun 20260526 #026-1.45 Ifor 20230608 add:KYEC 要求新增ATC 溫度等待功能			FAIL			yes	csystem.cpp:33504:16: error: 'struct W5SckArtRem_FormHSStub' has no member named 'CheckATCTempWait'	仍缺：W5SckArtRem_FormHSStub 沒有成員 CheckATCTempWait		
MEDIUM	csystem.cpp	33546	33552	5	GATE(W906-FLOW-1)		GATE(W906-FLOW-1): golden :9577-9581 -- TfContactShim (atester_shims.h) has no Do2DIDMapCheck and it is NOT DEFINED in any build lib (golden cContact.cpp:20380).  Whole else-if arm: Do2DIDMapCheck is the only writer of bRun2DCheck=false (golden cContact.cpp:20790) and IsRun2DCheck() is a REAL predic	else if(fContact->IsRun2DCheck())                                           //JerryYang 20250220 : 2DID硬體順序檢查功能			FAIL			yes	csystem.cpp:33549:19: error: 'class TfContactShim' has no member named 'Do2DIDMapCheck'	仍缺：TfContactShim 沒有成員 Do2DIDMapCheck	SAFETY	
MEDIUM	csystem.cpp	33691	33693	1	GATE(W906-FLOW-1)		GATE(W906-FLOW-1): golden :9720 -- port TfOCR facade (forms/fOCR.h:86) has no ReadOCRImage (OCR image I/O, golden OCR.cpp)	fOCR->ReadOCRImage();                                       //wei 20161122 OCR 存圖檔名加入輸入值 mark			FAIL			yes	csystem.cpp:33692:27: error: 'class TfOCR' has no member named 'ReadOCRImage'	仍缺：TfOCR 沒有成員 ReadOCRImage	SAFETY	
MEDIUM	csystem.cpp	33733	33735	1	GATE(W906-FLOW-1)		GATE(W906-FLOW-1): golden :9760 -- ShowMyInput1 (golden InputForm.cpp:82, InputForm.h:34) has no port counterpart and is NOT DEFINED in any build lib; Buffer stays "" (same as the operator confirming an empty entry: none of the three branches below fires)	Buffer = ShowMyInput1("Please keyin BarCode " , "Please Keyin BarCode Number : ");			FAIL			yes	csystem.cpp:33734:109: error: 'ShowMyInput1' was not declared in this scope	仍缺：未宣告 ShowMyInput1	SAFETY	
MEDIUM	csystem.cpp	33768	33772	3	GATE(W906-FLOW-1)		GATE(W906-FLOW-1): golden :9793-9795 -- TfOCR facade has no SaveOCRImage; TfLotInfo facade has no Memo2/Memo3 (OCR log memos)	fOCR->SaveOCRImage();                                   //wei 20161122 必免OCR錯誤時輸入小寫會有問題			FAIL			yes	csystem.cpp:33769:31: error: 'class TfOCR' has no member named 'SaveOCRImage'	仍缺：TfOCR 沒有成員 SaveOCRImage	SAFETY	
MEDIUM	csystem.cpp	33775	33777	1	GATE(W906-FLOW-1)		GATE(W906-FLOW-1): golden :9798 -- TfOCR facade has no DeleteOCRImage	fOCR->DeleteOCRImage();                                 //wei 20161122 必免OCR錯誤時輸入小寫會有問題			FAIL			yes	csystem.cpp:33776:31: error: 'class TfOCR' has no member named 'DeleteOCRImage'	仍缺：TfOCR 沒有成員 DeleteOCRImage	SAFETY	
MEDIUM	csystem.cpp	33794	33796	1	GATE(W906-FLOW-1)		GATE(W906-FLOW-1): golden :9815 -- ShowMyInput1 has no port counterpart (see golden :9760 gate above); Buffer stays ""	Buffer = ShowMyInput1("Please keyin BarCode " , "Please Keyin BarCode Number : ");			FAIL			yes	csystem.cpp:33795:109: error: 'ShowMyInput1' was not declared in this scope	仍缺：未宣告 ShowMyInput1	SAFETY	
MEDIUM	csystem.cpp	33822	33826	3	GATE(W906-FLOW-1)		GATE(W906-FLOW-1): golden :9841-9843 -- TfOCR facade has no SaveOCRImage; TfLotInfo facade has no Memo2/Memo3	fOCR->SaveOCRImage();                                   //wei 20161122 必免OCR錯誤時輸入小寫會有問題			FAIL			yes	csystem.cpp:33823:31: error: 'class TfOCR' has no member named 'SaveOCRImage'	仍缺：TfOCR 沒有成員 SaveOCRImage	SAFETY	
MEDIUM	csystem.cpp	33828	33830	1	GATE(W906-FLOW-1)		GATE(W906-FLOW-1): golden :9845 -- TfOCR facade has no DeleteOCRImage	fOCR->DeleteOCRImage();                                 //wei 20161122 必免OCR錯誤時輸入小寫會有問題			FAIL			yes	csystem.cpp:33829:31: error: 'class TfOCR' has no member named 'DeleteOCRImage'	仍缺：TfOCR 沒有成員 DeleteOCRImage	SAFETY	
MEDIUM	csystem.cpp	33851	33855	3	GATE(W906-FLOW-1)		GATE(W906-FLOW-1): golden :9866-9868 -- TfLotInfo facade has no Memo2/Memo3/Save_BarCodeLog (only OCRInsp.cpp's TU-local W906OCR_TfLotInfoSeam has a Save_BarCodeLog)	fLotInfo->Memo2->Lines->Add(Buffer1.c_str());			FAIL			yes	csystem.cpp:33852:31: error: 'class TfLotInfo' has no member named 'Memo2'	仍缺：TfLotInfo 沒有成員 Memo2	SAFETY	
MEDIUM	csystem.cpp	33894	33899	4	GATE(W906-FLOW-1)		GATE(W906-FLOW-1): golden :9907-9910 -- TfLotInfo facade has no Label36-Label39 (display only; the sgOCR grid writes below stay live)	fLotInfo->Label36->Caption= " Key In :" + AnsiString(iNewOCRCount[iOCRErrCount]);			FAIL			yes	csystem.cpp:33895:23: error: 'class TfLotInfo' has no member named 'Label36'; did you mean 'Label17'?	仍缺：TfLotInfo 沒有成員 Label36	SAFETY	
MEDIUM	csystem.cpp	33926	33928	1	GATE(W906-FLOW-1)		GATE(W906-FLOW-1): golden :9937 -- TfOCR facade has no DoOCRReleaseAndInspEnd (the port elsewhere writes it as the no-op W7C1_FOCR_RELEASEINSPEND(), port :2775)	fOCR->DoOCRReleaseAndInspEnd();			FAIL			yes	csystem.cpp:33927:23: error: 'class TfOCR' has no member named 'DoOCRReleaseAndInspEnd'	仍缺：TfOCR 沒有成員 DoOCRReleaseAndInspEnd	SAFETY	
MEDIUM	csystem.cpp	33956	33958	1	GATE(W906-FLOW-1)		GATE(W906-FLOW-1): golden :9965 -- TfOCR facade has no DoOCRReleaseAndInspEnd	fOCR->DoOCRReleaseAndInspEnd();			FAIL			yes	csystem.cpp:33957:23: error: 'class TfOCR' has no member named 'DoOCRReleaseAndInspEnd'	仍缺：TfOCR 沒有成員 DoOCRReleaseAndInspEnd	SAFETY	
MEDIUM	csystem.cpp	33995	33998	2	GATE(W906-FLOW-1)		GATE(W906-FLOW-1): golden :10002-10003 -- TfMainHanaART (forms/fMain.h) has no IsContactAvailable (the real one is uHANA_ART::IsContactAvailable, HANA_ART.cpp, a different object).  Unreachable today: TfMainHanaART::IsHanaArtAvailable() returns false (forms/fMain.cpp:29)  [AI(W906-ARTSEAM) 20260928:	if(fMain->hanaART->IsContactAvailable()==false)			FAIL			yes	csystem.cpp:33996:36: error: 'class TfMainHanaART' has no member named 'IsContactAvailable'; did you mean 'IsHanaArtAvailable'?	仍缺：TfMainHanaART 沒有成員 IsContactAvailable	SAFETY	
LOW	csystem_predicates.cpp	62	72	9			PT-W5c RETIRED (InputShuttleFrontHasIC)	bool InputShuttleFrontHasIC()		sim+ship	PASS			n/a	(compiles: -fsyntax-only)	已退役的替身／參考副本（真本體在別處）：不要解（會重複定義），可整段清掉		
LOW	csystem_predicates.cpp	74	92	17			PT-W5c RETIRED (InputShuttleRearHasIC)	bool InputShuttleRearHasIC()		sim+ship	PASS			n/a	(compiles: -fsyntax-only)	已退役的替身／參考副本（真本體在別處）：不要解（會重複定義），可整段清掉		
LOW	csystem_predicates.cpp	94	100	5			PT-W5c RETIRED (InputShuttleHasIC)	bool InputShuttleHasIC()		sim+ship	PASS			n/a	(compiles: -fsyntax-only)	已退役的替身／參考副本（真本體在別處）：不要解（會重複定義），可整段清掉		
LOW	csystem_predicates.cpp	104	114	9			PT-W5c RETIRED (OutputShuttleFrontHasIC)	bool OutputShuttleFrontHasIC()		sim+ship	PASS			n/a	(compiles: -fsyntax-only)	已退役的替身／參考副本（真本體在別處）：不要解（會重複定義），可整段清掉		
LOW	csystem_predicates.cpp	116	133	16			PT-W5c RETIRED (OutputShuttleRearHasIC)	bool OutputShuttleRearHasIC()		sim+ship	PASS			n/a	(compiles: -fsyntax-only)	已退役的替身／參考副本（真本體在別處）：不要解（會重複定義），可整段清掉		
LOW	csystem_predicates.cpp	135	145	9			PT-W5c RETIRED (OutputShuttleHasIC)	bool OutputShuttleHasIC()		sim+ship	PASS			n/a	(compiles: -fsyntax-only)	已退役的替身／參考副本（真本體在別處）：不要解（會重複定義），可整段清掉		
LOW	csystem_predicates.cpp	147	153	5			PT-W5c RETIRED (ShuttleHasIC)	bool ShuttleHasIC()		sim+ship	PASS			n/a	(compiles: -fsyntax-only)	已退役的替身／參考副本（真本體在別處）：不要解（會重複定義），可整段清掉		
LOW	csystem_predicates.cpp	155	165	9			PT-W5c RETIRED (SortShuttleHasIC)	bool SortShuttleHasIC()                                                         //RogerYang 20250506 Add for 9046AU		sim+ship	PASS			n/a	(compiles: -fsyntax-only)	已退役的替身／參考副本（真本體在別處）：不要解（會重複定義），可整段清掉		
LOW	csystem_predicates.cpp	169	179	9			PT-W5c RETIRED (FrontTestHeadHasIC)	bool FrontTestHeadHasIC()		sim+ship	PASS			n/a	(compiles: -fsyntax-only)	已退役的替身／參考副本（真本體在別處）：不要解（會重複定義），可整段清掉		
LOW	csystem_predicates.cpp	181	191	9			PT-W5c RETIRED (RearTestHeadHasIC)	bool RearTestHeadHasIC()		sim+ship	PASS			n/a	(compiles: -fsyntax-only)	已退役的替身／參考副本（真本體在別處）：不要解（會重複定義），可整段清掉		
LOW	csystem_predicates.cpp	193	199	5			PT-W5c RETIRED (TestHeadHasIC)	bool TestHeadHasIC()		sim+ship	PASS			n/a	(compiles: -fsyntax-only)	已退役的替身／參考副本（真本體在別處）：不要解（會重複定義），可整段清掉		
LOW	csystem_predicates.cpp	201	211	9			PT-W5c RETIRED (TestSocketHasIC)	bool TestSocketHasIC()		sim+ship	PASS			n/a	(compiles: -fsyntax-only)	已退役的替身／參考副本（真本體在別處）：不要解（會重複定義），可整段清掉		
LOW	csystem_predicates.cpp	213	219	5			PT-W5c RETIRED (IndexHasIC)	bool IndexHasIC()		sim+ship	PASS			n/a	(compiles: -fsyntax-only)	已退役的替身／參考副本（真本體在別處）：不要解（會重複定義），可整段清掉		
LOW	csystem_predicates.cpp	221	231	9			PT-W5c RETIRED (IndexHasRealIC)	bool IndexHasRealIC()                                                           //Steven 20240217 : Fixed for one cycle / clean out hang up		sim+ship	PASS			n/a	(compiles: -fsyntax-only)	已退役的替身／參考副本（真本體在別處）：不要解（會重複定義），可整段清掉		
LOW	csystem_predicates.cpp	238	244	5			PT-W5c RETIRED (HasICUnderHotPlate)	bool HasICUnderHotPlate()                                                       //Steven 20110826		sim+ship	PASS			n/a	(compiles: -fsyntax-only)	已退役的替身／參考副本（真本體在別處）：不要解（會重複定義），可整段清掉		
LOW	csystem_predicates.cpp	250	257	6			PT-W5c RETIRED (HasICUnderMachine)	bool HasICUnderMachine()		sim+ship	PASS			n/a	(compiles: -fsyntax-only)	已退役的替身／參考副本（真本體在別處）：不要解（會重複定義），可整段清掉		
LOW	csystem_predicates.cpp	259	266	6			PT-W5c RETIRED (HasAutoICInMachine)	bool HasAutoICInMachine()		sim+ship	PASS			n/a	(compiles: -fsyntax-only)	已退役的替身／參考副本（真本體在別處）：不要解（會重複定義），可整段清掉		
LOW	csystem_predicates.cpp	268	275	6			PT-W5c RETIRED (HasAnyICInMachine)	bool HasAnyICInMachine()                                                        //kevin 20150914 : whether any tray still in machine		sim+ship	PASS			n/a	(compiles: -fsyntax-only)	已退役的替身／參考副本（真本體在別處）：不要解（會重複定義），可整段清掉		
LOW	csystem_predicates.cpp	285	288	2			PT-W5c RETIRED (InSHT1InLF)	bool InSHT1InLF() { return false; }		sim+ship	PASS			n/a	(compiles: -fsyntax-only)	已退役的替身／參考副本（真本體在別處）：不要解（會重複定義），可整段清掉		
LOW	csystem_predicates.cpp	289	292	2			PT-W5c RETIRED (InSHT2InLF)	bool InSHT2InLF() { return false; }		sim+ship	PASS			n/a	(compiles: -fsyntax-only)	已退役的替身／參考副本（真本體在別處）：不要解（會重複定義），可整段清掉		
LOW	csystem_predicates.cpp	302	305	2			PT-W5c RETIRED (InSHT1InRT)	bool InSHT1InRT() { return false; }		sim+ship	PASS			n/a	(compiles: -fsyntax-only)	已退役的替身／參考副本（真本體在別處）：不要解（會重複定義），可整段清掉		
LOW	csystem_predicates.cpp	306	309	2			PT-W5c RETIRED (InSHT2InRT)	bool InSHT2InRT() { return false; }		sim+ship	PASS			n/a	(compiles: -fsyntax-only)	已退役的替身／參考副本（真本體在別處）：不要解（會重複定義），可整段清掉		
LOW	csystem_predicates.cpp	411	460	48			PT-W5c RETIRED (CheckIndexAllSuckICFallDown)	bool CheckIndexAllSuckICFallDown(bool bCheckArm1, bool bCheckArm2)              //Steven 20110725 : 修改檢查方式		sim+ship	PASS			n/a	(compiles: -fsyntax-only)	已退役的替身／參考副本（真本體在別處）：不要解（會重複定義），可整段清掉		
LOW	csystem_predicates.cpp	465	468	2			PT-W5c RETIRED (CheckSafeDoorIsClosed)	bool CheckSafeDoorIsClosed() { return true; }		sim+ship	PASS			n/a	(compiles: -fsyntax-only)	已退役的替身／參考副本（真本體在別處）：不要解（會重複定義），可整段清掉		
LOW	csystem_predicates.cpp	473	480	6			PT-W5f RETIRED (DoAutoSiteMappingDropError)	void DoAutoSiteMappingDropError()		sim+ship	PASS			n/a	(compiles: -fsyntax-only)	已退役的替身／參考副本（真本體在別處）：不要解（會重複定義），可整段清掉		
LOW	csystem_predicates.cpp	493	516	22			PT-W5c RETIRED (AllArmZIsSafe)	bool AllArmZIsSafe()                                                            // golden csystem.cpp:343		sim+ship	PASS			n/a	(compiles: -fsyntax-only)	已退役的替身／參考副本（真本體在別處）：不要解（會重複定義），可整段清掉		
LOW	csystem_predicates.cpp	524	554	29			PT-W5c RETIRED (CheckIndexIsNormal)	bool CheckIndexIsNormal()                                                       // golden csystem.cpp:12676		sim+ship	PASS			n/a	(compiles: -fsyntax-only)	已退役的替身／參考副本（真本體在別處）：不要解（會重複定義），可整段清掉		
LOW	csystem_shims.cpp	48	79	30			PT-W7e-part2 RETIRED (DoInArm): real translated body now in ainarm2.cpp	void DoInArm()		sim+ship	PASS			n/a	(compiles: -fsyntax-only)	已退役的替身／參考副本（真本體在別處）：不要解（會重複定義），可整段清掉		
LOW	csystem_shims.cpp	104	107	2			PT-W5c RETIRED (DoSortArm)	void DoSortArm() {}		sim+ship	PASS			n/a	(compiles: -fsyntax-only)	已退役的替身／參考副本（真本體在別處）：不要解（會重複定義），可整段清掉		
LOW	csystem_shims.cpp	131	134	2			PT-W5f RETIRED (InitialDoLockUnloader)	void InitialDoLockUnloader(int /*iAuto*/) {}  // golden csystem.h:258 -- unloader lock cursor reset (real body W7)		sim+ship	PASS			n/a	(compiles: -fsyntax-only)	已退役的替身／參考副本（真本體在別處）：不要解（會重複定義），可整段清掉		
LOW	csystem_shims.cpp	187	255	67			PT-W5c RETIRED (XPitchIsStand)	bool XPitchIsStand()		sim+ship	PASS			n/a	(compiles: -fsyntax-only)	已退役的替身／參考副本（真本體在別處）：不要解（會重複定義），可整段清掉		
LOW	csystem_shims.cpp	261	264	2			PT-W5f RETIRED (DoSiteMappingCHK)	void DoSiteMappingCHK(bool /*bAdd*/) {}		sim+ship	PASS			n/a	(compiles: -fsyntax-only)	已退役的替身／參考副本（真本體在別處）：不要解（會重複定義），可整段清掉		
LOW	csystem_shims.cpp	265	268	2			PT-W5f RETIRED (AutoSiteMappingCheckShuttle)	void AutoSiteMappingCheckShuttle(bool /*bWhich32*/) {}		sim+ship	PASS			n/a	(compiles: -fsyntax-only)	已退役的替身／參考副本（真本體在別處）：不要解（會重複定義），可整段清掉		
HIGH	database.cpp	119	131	11	TODO(wave-BDE)		TODO(wave-BDE): TDataModule1 ctor -- database.cpp:33-41	TDataModule1 *DataModule1;			FAIL			yes	database.cpp:120:1: error: 'TDataModule1' does not name a type	仍缺：未宣告 TDataModule1	HIGH-KW	
MEDIUM	database.cpp	139	156	16	TODO(wave)		TODO(wave): SYSTEM_MODULAR ctor -- database.cpp:43-288	_fastcall SYSTEM_MODULAR::SYSTEM_MODULAR()			FAIL			yes	database.cpp:140:42: error: definition of implicitly-declared 'SYSTEM_MODULAR::SYSTEM_MODULAR()'	仍缺：database.cpp:140:42: error: definition of implicitly-declared 'SYSTEM_MODULAR::SYSTEM_MODULAR()'		
MEDIUM	database.cpp	161	173	11	TODO(wave)		TODO(wave): SYSTEM_MODULAR dtor -- database.cpp:1731-1754	_fastcall SYSTEM_MODULAR::~SYSTEM_MODULAR()			FAIL			yes	database.cpp:162:43: error: definition of implicitly-declared 'SYSTEM_MODULAR::~SYSTEM_MODULAR()'	仍缺：database.cpp:162:43: error: definition of implicitly-declared 'SYSTEM_MODULAR::~SYSTEM_MODULAR()'		
MEDIUM	database.cpp	572	575	2	TODO(GA1-B6)		TODO(GA1-B6): Application->MessageBox(...) interactive Yes/No prompt -- no TApplication/MB_YESNO/IDYES in vclcompat	if(Application->MessageBox("Machine Empty load and Color load is Auto?", NULL, MB_YESNO | MB_TOPMOST) != IDYES)			FAIL			yes	database.cpp:573:16: error: 'Application' was not declared in this scope	仍缺：未宣告 Application		
MEDIUM	database.cpp	1224	1226	1	TODO(GA1-B6)		TODO(GA1-B6): MOTIONNET_SPEED default COMMSPEED_20M -- not yet in any ported header (Motor/mn200.h untranslated driver header)	MOTIONNET_SPEED         =CheckAndReadIniDataGeneral("System",       "MOTIONNET_SPEED",      COMMSPEED_20M);         //Steven 20181122: MNet speed needs to be editable			FAIL			yes	mn200.h:141:5: error: 'BYTE' does not name a type  (補 include Motor/vendor/mn200.h 之後)	仍缺：未宣告 BYTE		
MEDIUM	database.cpp	1690	1695	4	TODO(wave-UI)		TODO(wave-UI): InstallColorBinDisplay -- database.cpp:1684-1729	void SYSTEM_MODULAR::InstallColorBinDisplay(int iType)			FAIL			yes	database.cpp:1691:6: error: redefinition of 'void SYSTEM_MODULAR::InstallColorBinDisplay(int)'	仍缺：database.cpp:1691:6: error: redefinition of 'void SYSTEM_MODULAR::InstallColorBinDisplay(int)'		
LOW	database.h	239	242	2	TODO(wave)		TODO(wave): explicit BCB6 ctor/dtor -- call sites: database.cpp:43, 1731	_fastcall SYSTEM_MODULAR::SYSTEM_MODULAR();			FAIL			yes	database.h:240:19: error: extra qualification 'SYSTEM_MODULAR::' on member 'SYSTEM_MODULAR' [-fpermissive] [via database.cpp]	仍缺：database.h:240:19: error: extra qualification 'SYSTEM_MODULAR::' on member 'SYSTEM_MODULAR' [-fpermissive] [via database		
LOW	forms/fAirCon.cpp	114	148	33	GATE (A-10)		GATE (A-10) sbUpdateClick -- golden :35-65. TRANSITIVE: every switch	void TfAirCon::sbUpdateClick(TObject *Sender)			FAIL			yes	fAirCon.cpp:122:99: error: 'ShowMyMessage' was not declared in this scope	仍缺：未宣告 ShowMyMessage	SAFETY	
LOW	forms/fAirCon.cpp	150	165	14	GATE (A-1)		GATE (A-1) SendCommand -- golden :67-77. SENDS ON THE WIRE	void TfAirCon::SendCommand(AnsiString Str)			FAIL			yes	fAirCon.cpp:163:5: error: 'CommAirCon' was not declared in this scope	仍缺：未宣告 CommAirCon	SAFETY	
LOW	forms/fAirCon.cpp	167	197	29	GATE (A-2)		GATE (A-2) InitialAirConCom -- golden :96-120. OPENS A REAL COM PORT	void TfAirCon::InitialAirConCom(AnsiString ComPort, Spcomm::TParity Parity, unsigned Rate,			FAIL			yes	fAirCon.cpp:174:5: error: 'CommAirCon' was not declared in this scope	仍缺：未宣告 CommAirCon		
LOW	forms/fAirCon.cpp	199	219	19	GATE (A-11)		GATE (A-11) FormDestroy -- golden :122-137. (a) transitive on (A-9)	void TfAirCon::FormDestroy(TObject *Sender)			FAIL			yes	fAirCon.cpp:210:13: error: 'CommAirCon' was not declared in this scope	仍缺：未宣告 CommAirCon		
LOW	forms/fAirCon.cpp	221	229	7	GATE (A-3)		GATE (A-3) StartOutput -- golden :139-145. TRANSITIVE on (A-1).	void TfAirCon::StartOutput(bool bEnable)                                        //開啟輸出電壓		sim+ship	PASS	LINK-MISSING TfAirCon::SendCommand(vclcompat::AnsiString)		yes（連結層）	(compiles: -fsyntax-only)	仍缺（連結層：有宣告、全樹沒有本體）：TfAirCon::SendCommand(vclcompat::AnsiString)	SAFETY	
LOW	forms/fAirCon.cpp	231	241	9	GATE (A-4)		GATE (A-4) SetCurrent -- golden :147-153. TRANSITIVE on (A-1).	void TfAirCon::SetCurrent(double dCurrent)                                      //設定電流		sim+ship	PASS	LINK-MISSING TfAirCon::SendCommand(vclcompat::AnsiString)		yes（連結層）	(compiles: -fsyntax-only)	仍缺（連結層：有宣告、全樹沒有本體）：TfAirCon::SendCommand(vclcompat::AnsiString)	SAFETY	
LOW	forms/fAirCon.cpp	243	248	4	GATE (A-5)		GATE (A-5) SetCLS -- golden :155-158. TRANSITIVE on (A-1).	void TfAirCon::SetCLS()                                                         //致能輸出電壓		sim+ship	PASS	LINK-MISSING TfAirCon::SendCommand(vclcompat::AnsiString)		yes（連結層）	(compiles: -fsyntax-only)	仍缺（連結層：有宣告、全樹沒有本體）：TfAirCon::SendCommand(vclcompat::AnsiString)	SAFETY	
LOW	forms/fAirCon.cpp	250	255	4	GATE (A-6)		GATE (A-6) GetStatus -- golden :160-163. TRANSITIVE on (A-1).	void TfAirCon::GetStatus()                                                      //讀取Power狀態		sim+ship	PASS	LINK-MISSING TfAirCon::SendCommand(vclcompat::AnsiString)		yes（連結層）	(compiles: -fsyntax-only)	仍缺（連結層：有宣告、全樹沒有本體）：TfAirCon::SendCommand(vclcompat::AnsiString)	SAFETY	
LOW	forms/fAirCon.cpp	257	262	4	GATE (A-7)		GATE (A-7) GetCurrent -- golden :165-168. TRANSITIVE on (A-1).	void TfAirCon::GetCurrent()                                                     //讀取電流		sim+ship	PASS	LINK-MISSING TfAirCon::SendCommand(vclcompat::AnsiString)		yes（連結層）	(compiles: -fsyntax-only)	仍缺（連結層：有宣告、全樹沒有本體）：TfAirCon::SendCommand(vclcompat::AnsiString)	SAFETY	
HIGH	forms/fAirCon.cpp	264	277	12	GATE (A-8)		GATE (A-8) PowerUp -- golden :170-179. HARDWARE (SW[SwAirConditioner]	void TfAirCon::PowerUp(double dCurrent)		sim+ship	PASS-WITH-INCLUDE	LINK-MISSING TfAirCon::SetCurrent(double); TfAirCon::StartOutput(bool); TfAirCon::SetCLS()		yes（連結層）	fAirCon.cpp:275:5: error: 'SW' was not declared in this scope	仍缺（連結層：有宣告、全樹沒有本體）：TfAirCon::SetCurrent(double); TfAirCon::StartOutput(bool); TfAirCon::SetCLS()	HIGH-KW SAFETY	
HIGH	forms/fAirCon.cpp	279	290	10	GATE (A-9)		GATE (A-9) PowerDown -- golden :181-189. Same as (A-8), .Off().	void TfAirCon::PowerDown()		sim+ship	PASS-WITH-INCLUDE	LINK-MISSING TfAirCon::SetCurrent(double); TfAirCon::StartOutput(bool)		yes（連結層）	fAirCon.cpp:288:5: error: 'SW' was not declared in this scope	仍缺（連結層：有宣告、全樹沒有本體）：TfAirCon::SetCurrent(double); TfAirCon::StartOutput(bool)	HIGH-KW SAFETY	
LOW	forms/fBuilder.cpp	407	434	26	GATE (B-1)		GATE (B-1) Create2DCodeWorkFile -- golden :51-70.  WRITES DISK:	void TfBuilder::Create2DCodeWorkFile()                                          //wei 20160802 add 2DCodeCreateWorkFile		sim+ship	PASS-WITH-INCLUDE	LINK-OK	SHIP-OK	likely-no（缺 include）	fBuilder.cpp:424:24: error: 'FileInfo' was not declared in this scope	會寫檔：先確認裁示允許寫這個檔；候選：補 include ProductionInfo/FileInfo.h + database.h 後照 golden 解開（先確認那個名字是真本體、不是 stub／shim）	WRITES-FILE	
LOW	forms/fBuilder.cpp	473	478	4	GATE (B-1)		GATE (B-1) -- customer CC_KYEC_XILINX (Steven 20260925: 客戶專屬條件先跳過)	if(CUSTOMER_CODE==CC_KYEC_XILINX && BAR_CODE_INSTALL==ebctInShtIntel)   //wei 20160802 add 2DCodeCreateWorkFile		sim+ship	PASS	LINK-MISSING TfBuilder::Create2DCodeWorkFile()		yes（連結層）	(compiles: -fsyntax-only)	仍缺（連結層：有宣告、全樹沒有本體）：TfBuilder::Create2DCodeWorkFile()	S25	
LOW	forms/fBuilder.cpp	837	915	77	GATE (B-9)		GATE (B-9) bSaveAllFillOrFile -- golden :509-572.  WRITES DISK with the	void TfBuilder::bSaveAllFillOrFile(AnsiString SourceFileFileName, int iFile)			FAIL			yes	fBuilder.cpp:857:15: error: 'class TfContactShim' has no member named 'DoIniDataToForm'  (補 include forms/fHotPlate.h + atester_shims.h 之後)	仍缺：TfContactShim 沒有成員 DoIniDataToForm	SAFETY	
LOW	forms/fContact.cpp	1485	1505	19	GATE(G-CT-ELCONTACT)		GATE(G-CT-ELCONTACT) -- golden :373.  `elContact` is HTEditList	elContact->ReadEditTextFromFile(szDir3, "Contact.Data");			FAIL			yes	aHotPlateSubstrate.h:80:7: error: redefinition of 'class TList'  (補 include Public/HTEditList.h 之後)	仍缺：aHotPlateSubstrate.h:80:7: error: redefinition of 'class TList'  (補 include Public/HTEditList.h 之後)		
LOW	forms/fContact.cpp	1686	1693	6	GATE(G-CT-RTCROI)		GATE(G-CT-RTCROI) -- COM2 in this tree is TCOM2Shim (atester_shims.h:371), which carries only bCCDDummyRum / DoReleaseAndInspEnd / ATCAlarmSenCheck.  sRealTimeCom_Send[], rtROIsize (golden rs232.h:139) and SendCommToVision() are all absent, and task rule 5 forbids inventing a cross-file shim.  This 	if(REAL_TIME_CCD==true && !COM2->bCCDDummyRum)                              //jou 20180724 : 新增RTC ROI size command			FAIL			yes	fContact.cpp:1690:15: error: 'class TCOM2Shim' has no member named 'sRealTimeCom_Send'  (補 include atester_shims.h 之後)	仍缺：TCOM2Shim 沒有成員 sRealTimeCom_Send		
LOW	forms/fCounterSel.cpp	58	92	33	GATE (C-1)		GATE (C-1) FormShow -- golden :29-54.  HIDDEN WRITE: golden :31	void TfCounterSel::FormShow(TObject *Sender)			FAIL			yes	fCounterSel.cpp:69:5: error: 'cbUPH' was not declared in this scope  (補 include cprod.h 之後)	仍缺：未宣告 cbUPH	UI-STATE	
LOW	forms/fCounterSel.cpp	94	159	64	GATE (C-2)		GATE (C-2) FormClose -- golden :56-109.  FOUR INDEPENDENT GATES:	void TfCounterSel::FormClose()			FAIL			yes	fCounterSel.cpp:108:34: error: 'cbUPH' was not declared in this scope  (補 include Config.h 之後)	仍缺：未宣告 cbUPH	UI-STATE WRITES-FILE	
LOW	forms/fCounterSel.cpp	161	200	38	GATE (C-3)		GATE (C-3) CheckFormIni -- golden :111-143.  WRITES DISK:	AnsiString TfCounterSel::CheckFormIni(AnsiString szDir, AnsiString str)			FAIL			yes	fCounterSel.cpp:169:29: error: 'MyForceDirectories' was not declared in this scope	仍缺：未宣告 MyForceDirectories	WRITES-FILE	
LOW	forms/fDIOFrom.cpp	163	191	27	GATE (I-1)		GATE (I-1) FormShow -- golden :24-45.  NO DIALOG PORT: golden :26	void TfDIOFrom::FormShow(TObject *Sender)			FAIL			yes	fDIOFrom.cpp:171:5: error: 'OpenDialog1' was not declared in this scope	仍缺：未宣告 OpenDialog1	UI-STATE	
LOW	forms/fDIOFrom.cpp	193	225	31	GATE (I-2)		GATE (I-2) GetDIOFileName -- golden :47-70.  RESERVED NAME	AnsiString TfDIOFrom::GetDIOFileName()          //Steven 20180626 (wei) : TTL設定存到工作檔裡面			FAIL			yes	fDIOFrom.cpp:209:58: error: 'class TFTestIF' has no member named 'cbDIOType'; did you mean 'cbGPIBType'?  (補 include forms/fTesterIF.h 之後)	仍缺：TFTestIF 沒有成員 cbDIOType	WRITES-FILE SAFETY	
HIGH	forms/fDIOFrom.cpp	227	299	71	GATE (I-3)		GATE (I-3) LoadData -- golden :72-131.  RESERVED NAME	void TfDIOFrom::LoadData(AnsiString S)			FAIL			yes	fDIOFrom.cpp:247:114: error: 'ShowMyMessage' was not declared in this scope	仍缺：未宣告 ShowMyMessage	HIGH-KW	
LOW	forms/fDIOFrom.cpp	301	350	48	GATE (I-4)		GATE (I-4) spbSaveClick -- golden :191-235.  WRITES DISK: eleven	void TfDIOFrom::spbSaveClick(TObject *Sender)			FAIL			yes	fDIOFrom.cpp:310:99: error: 'ShowMyMessage' was not declared in this scope	仍缺：未宣告 ShowMyMessage	WRITES-FILE	
LOW	forms/fDIOFrom.cpp	352	364	11	GATE (I-5)		GATE (I-5) spbLoadClick -- golden :237-246.  NO DIALOG PORT	void TfDIOFrom::spbLoadClick(TObject *Sender)			FAIL			yes	fDIOFrom.cpp:356:5: error: 'OpenDialog1' was not declared in this scope	仍缺：未宣告 OpenDialog1		
LOW	forms/fDIOFrom.cpp	366	380	13	GATE (I-6)		GATE (I-6) spbDeleteClick -- golden :248-256.  DELETES A FILE:	void TfDIOFrom::spbDeleteClick(TObject *Sender)			FAIL			yes	fDIOFrom.cpp:373:5: error: 'OpenDialog1' was not declared in this scope	仍缺：未宣告 OpenDialog1	WRITES-FILE	
LOW	forms/fFixAICCD.cpp	49	56	6	GATE(G-FX-BGALIGHT)		GATE(G-FX-BGALIGHT) -- golden :514.  scrBGALightValue is a golden	scrBGALightValue->Position=TestIF_File.iBGALightScrPos;                     //打開原設定的光源			FAIL			yes	fFixAICCD.cpp:55:5: error: 'scrBGALightValue' was not declared in this scope	仍缺：未宣告 scrBGALightValue		
LOW	forms/fGroundMan.cpp	126	139	12	GATE REGISTER (GM-0)		wave either adds an ht9045_forms->ht9045_db edge or mirrors iGroundManScanPoint into something ht9045_forms can reach. See header GATE REGISTER (GM-0).	if(HSys.iGroundManScanPoint==0)  //JerryYang 20210428 : Add 28點接地功能		sim+ship	PASS	LINK-OK	SHIP-OK	likely-no	(compiles: -fsyntax-only)	候選：照 golden 解開（先看風險標記）		
LOW	forms/fGroundMan.cpp	146	148	1			write-back into the shared D:\HT9045\system\GroundMan.ini). Not declared/defined; the call is gated in place. See header GATE REGISTER (GM-1).	ReadGroundOffset();			FAIL			yes	fGroundMan.cpp:147:22: error: 'ReadGroundOffset' was not declared in this scope	仍缺：未宣告 ReadGroundOffset		
LOW	forms/fGroundMan.cpp	183	237	53			iGroundManScanPoint==2 branch) are kept as literal comments below, matching golden's own dead-but-visible authorial intent (header GOLDEN NOTE (G-GM2)).	if(HSys.iGroundManScanPoint==0) // 8點接地			FAIL			yes	fGroundMan.cpp:186:9: error: 'gbBoard0' was not declared in this scope	仍缺：未宣告 gbBoard0		
LOW	forms/fGroundMan.cpp	329	331	1			is set true only by Init_GM_RS232 (also excluded), so this branch never executes today regardless of the gate -- see header GATE REGISTER (GM-2).	DoGroundMasterMonitor();			FAIL			yes	fGroundMan.cpp:330:31: error: 'DoGroundMasterMonitor' was not declared in this scope	仍缺：未宣告 DoGroundMasterMonitor		
LOW	forms/fGroundMan.cpp	366	373	6	GATE REGISTER (GM-3)		gated in place -- ReStart() is a no-op while this gate is closed (matches golden's own SOFT_SIMULTE branch shape above). See header GATE REGISTER (GM-3).	if(USE_GROUND_MAN)		ship	PASS	LINK-OK	SHIP-FAIL fGroundMan.cpp:369:9: error: 'comGM' was not declared in this scope	yes（出貨組態）	fGroundMan.cpp:369:9: error: 'comGM' was not declared in this scope	仍缺（出貨組態才編得到／才出錯）：未宣告 comGM		
LOW	forms/fHome.cpp	488	503	14	GATE(W906-HOME-C1-LEDHOME)		GATE(W906-HOME-C1-LEDHOME): 缺相依，見上面的就地註解	if(HomeClass[index]->Visible==true)			FAIL			yes	fHome.cpp:493:48: error: 'class THomeClass' has no member named 'ledHome'	仍缺：THomeClass 沒有成員 ledHome	UI-STATE	
HIGH	forms/fLd_ULd.cpp	131	199	67	GATE (L-1)		GATE (L-1) -- golden :26-84, the ctor's elUdUld registration block.  [AI(W906-T4-U35) 20260924: 已由 cLd_ULd.cpp 接手並啟用，此處保留為史料]	{			FAIL			yes	fLd_ULd.cpp:138:1: error: expected unqualified-id before '{' token	仍缺：fLd_ULd.cpp:138:1: error: expected unqualified-id before '{' token	HIGH-KW SAFETY	
LOW	forms/fLd_ULd.cpp	201	248	46	GATE (L-2)		GATE (L-2) FormShow -- golden :87-129.  TRANSITIVE on TWO gated	void TfLd_ULd::FormShow(TObject *Sender)			FAIL			yes	fLd_ULd.cpp:212:5: error: 'Caption' was not declared in this scope	仍缺：未宣告 Caption	UI-STATE	
LOW	forms/fLd_ULd.cpp	250	259	8	GATE (L-4)		GATE (L-4) LoadImage -- golden :137-141.  MISSING TYPE: Image1/Image2	void TfLd_ULd::LoadImage()			FAIL			yes	fLd_ULd.cpp:256:5: error: 'Image1' was not declared in this scope	仍缺：未宣告 Image1		
LOW	forms/fLd_ULd.cpp	261	278	16	GATE (L-5)		GATE (L-5) ReadFile -- golden :143-154.  LINK BOUNDARY: elUdUld's  [AI(W906-T4-U35) 20260924: 已由 cLd_ULd.cpp 接手並啟用，此處保留為史料]	void TfLd_ULd::ReadFile()		sim+ship	PASS-WITH-INCLUDE	LINK-DUP dup: TfLd_ULd::ReadFile()		n/a	fLd_ULd.cpp:272:8: error: 'elUdUld' was not declared in this scope	解開會跟別處重複定義（TfLd_ULd::ReadFile()）：真本體在別處，不要解，可清掉		
LOW	forms/fLd_ULd.cpp	280	292	11	GATE (L-6)		GATE (L-6) DoIniDataToForm -- golden :156-162.  LINK BOUNDARY, same	void TfLd_ULd::DoIniDataToForm()		sim+ship	PASS-WITH-INCLUDE	LINK-OK	SHIP-OK	likely-no（缺 include）	fLd_ULd.cpp:287:8: error: 'elUdUld' was not declared in this scope	候選：補 include Public/HTEditList.h 後照 golden 解開（先確認那個名字是真本體、不是 stub／shim）		
LOW	forms/fLd_ULd.cpp	294	307	12	GATE (L-3)		GATE (L-3) FormClose -- golden :170-177.  TRANSITIVE via ReadFile()	void TfLd_ULd::FormClose()			FAIL			yes	fLd_ULd.cpp:302:5: error: 'rbTemp' was not declared in this scope	仍缺：未宣告 rbTemp	UI-STATE	
LOW	forms/fLd_ULd.cpp	309	354	44	GATE (L-7)		GATE (L-7) spbSaveClick -- golden :179-202.  THREE INDEPENDENT GATES:	void TfLd_ULd::spbSaveClick(TObject *Sender)			FAIL			yes	fLd_ULd.cpp:335:99: error: 'ShowMyMessage' was not declared in this scope	仍缺：未宣告 ShowMyMessage		
LOW	forms/fLd_ULd.cpp	356	379	22	GATE (L-8)		GATE (L-8) SaveSetupFile -- golden :206-216.  TWO INDEPENDENT GATES:	void TfLd_ULd::SaveSetupFile(AnsiString szDir, AnsiString S)		sim+ship	PASS-WITH-INCLUDE	LINK-OK	SHIP-OK	likely-no（缺 include）	fLd_ULd.cpp:372:8: error: 'elUdUld' was not declared in this scope	會寫檔：先確認裁示允許寫這個檔；候選：補 include Public/HTEditList.h + forms/fMain.h 後照 golden 解開（先確認那個名字是真本體、不是 stub／shim）	WRITES-FILE	
LOW	forms/fLogin.cpp	83	85	1	GATE REGISTER (LG-1)		ScreenkeyboardShow()` has no port anywhere in this tree (forms/fProductionInfo.h declares no such member). See header GATE REGISTER (LG-1).	fProductionInfo->ScreenkeyboardShow();			FAIL			yes	fLogin.cpp:84:30: error: 'class TfProductionInfo' has no member named 'ScreenkeyboardShow'  (補 include forms/fProductionInfo.h 之後)	仍缺：TfProductionInfo 沒有成員 ScreenkeyboardShow		
LOW	forms/fLotInfo.cpp	506	568	61	GATE REGISTER WB-19.		ATCPtr[32]/edSocket[4][8]/SocketSiteCH_Display[][]/ SocketLabCol_Display[]/SocketLabRow_Display[] named-widget wiring block. See forms/fLotInfo.h GATE REGISTER WB-19.	ESD_DataPtr[ 0]=pl_ESDProx1_1; ESD_DataPtr[ 1]=pl_ESDProx1_2; ESD_DataPtr[ 2]=pl_ESDProx1_3;			FAIL			yes	fLotInfo.cpp:507:5: error: 'ESD_DataPtr' was not declared in this scope	仍缺：未宣告 ESD_DataPtr		
LOW	forms/fLotInfo.cpp	757	759	1	GATE REGISTER WA-1.		`fContact` (a golden TfContact*, distinct from the real fContactCT/ TfContactCT this tree already ports) has no port anywhere in this tree. See forms/fLotInfo.h GATE REGISTER WA-1.	cbContactMode->ItemIndex=fContact->cbContactMode->ItemIndex;			FAIL			yes	fLotInfo.cpp:758:40: error: 'class TfContactShim' has no member named 'cbContactMode'; did you mean 'TfContactShim'?  (補 include atester_shims.h 之後)	仍缺：TfContactShim 沒有成員 cbContactMode		
LOW	forms/fLotInfo.cpp	1010	1047	36	GATE REGISTER WA-2		table write to D:\HT9045\config\AirStream.ini. See forms/fLotInfo.h GATE REGISTER WA-2 (config\ is a shared production-machine runtime parameter directory, default read-only per AGENTS.md/CLAUDE.md).	if(!tIni->ValueExists("Temp_Index", "-60~-51"))		sim+ship	PASS	LINK-OK	SHIP-OK	likely-no	(compiles: -fsyntax-only)	會寫檔：先確認裁示允許寫這個檔；候選：照 golden 解開（先看風險標記）	WRITES-FILE	
LOW	forms/fLotInfo.cpp	1221	1227	5			(vclcompat::TGroupBox has no Controls[]/ControlCount surface; adding one is a shared-header change outside this wave's write boundary).	for(int i=0; i<groupbDownloadItem->ControlCount; i++)			FAIL			yes	fLotInfo.cpp:1222:44: error: 'class vclcompat::TGroupBox' has no member named 'ControlCount'; did you mean 'TControl'?	仍缺：vclcompat::TGroupBox 沒有成員 ControlCount		
LOW	forms/fLotInfo.cpp	1335	1394	58	GATE (T1)		fTemperFrom.h's own GATE (T1). RECON's "verified fully" call on this function (docs/RECON_uLotInfo_displayside.md row #156) was wrong on both counts -- see this wave's final report.	palAirMachineStatus              ->Caption = ATC_InterfaceForm->AirMachineInfo.asATC_AirMachineStatus;			FAIL			yes	fLotInfo.cpp:1336:5: error: 'palAirMachineStatus' was not declared in this scope	仍缺：未宣告 palAirMachineStatus	SAFETY	
LOW	forms/fLotInfo.cpp	1446	1448	1	GATE WA-5 --		AI(W906-FW3-LotInfo-WA) 20260819: GATE WA-5 -- ATC_OFFLINE_FormComInit() is RECON Tier 2 (unverified), not one of this wave's 39 Tier-1 methods. See forms/fLotInfo.h GATE REGISTER WA-5.	ATC_OFFLINE_FormComInit();		sim+ship	PASS	LINK-OK	SHIP-OK	likely-no	(compiles: -fsyntax-only)	候選：照 golden 解開（先看風險標記）		
LOW	forms/fLotInfo.cpp	1903	1908	4	GATE WA-7 --		AI(W906-FW3-LotInfo-WA) 20260819: GATE WA-7 -- see forms/fLotInfo.h GATE REGISTER WA-7 (fBarCode->JCETUseMakeWhite2DIDList(), already gated tree-wide at Public/MyProductionRecord.cpp:1198 GATE G-1).	if(fBarCode->JCETUseMakeWhite2DIDList()==true)			FAIL			yes	fLotInfo.cpp:1904:18: error: 'class TfBarCode' has no member named 'JCETUseMakeWhite2DIDList'	仍缺：TfBarCode 沒有成員 JCETUseMakeWhite2DIDList		
LOW	forms/fLotInfo.cpp	1912	1917	4	GATE WA-7,		GATE WA-7, see cbRunModeKeyDown above	if(fBarCode->JCETUseMakeWhite2DIDList()==true)			FAIL			yes	fLotInfo.cpp:1913:18: error: 'class TfBarCode' has no member named 'JCETUseMakeWhite2DIDList'	仍缺：TfBarCode 沒有成員 JCETUseMakeWhite2DIDList		
LOW	forms/fLotInfo.cpp	2010	2012	1	GATE REGISTER WA-9		GATE REGISTER WA-9 (fTesterTCP has no port anywhere in this tree -- Interface/TesterTCP.h's own banner: "NOT a TfTesterTCP class or facade at all, only free functions").	fTesterTCP->Show();		sim+ship	PASS-WITH-INCLUDE	LINK-OK	SHIP-OK	likely-no（缺 include）	fLotInfo.cpp:2011:5: error: 'fTesterTCP' was not declared in this scope	候選：補 include Interface/TesterTCP_Socket.h + forms/fTesterTCP.h 後照 golden 解開（先確認那個名字是真本體、不是 stub／shim）		
LOW	forms/fLotInfo.cpp	2105	2185	79	GATE WB-1 --		AI(W906-FW3-LotInfo-WB) 20260819: GATE WB-1 -- see forms/fLotInfo.h GATE REGISTER WB-1 (TImage/TCanvas have no port anywhere in this tree).	imgRTCFullView1->Visible=true;			FAIL			yes	fLotInfo.cpp:2106:5: error: 'imgRTCFullView1' was not declared in this scope	仍缺：未宣告 imgRTCFullView1		
LOW	forms/fLotInfo.cpp	2207	2209	1	GATE (CLIP)		GATE (CLIP) -- VCL Clipboard() 在本樹零 port（與下方 SCC 分支同一個 gate）	Clipboard()->Clear();		ship	PASS	LINK-OK	SHIP-FAIL fLotInfo.cpp:2208:23: error: 'Clipboard' was not declared in this scope	yes（出貨組態）	fLotInfo.cpp:2208:23: error: 'Clipboard' was not declared in this scope	仍缺（出貨組態才編得到／才出錯）：未宣告 Clipboard		
LOW	forms/fLotInfo.cpp	2216	2218	1	GATE (CLIP)		GATE (CLIP) -- VCL Clipboard() has no port anywhere in this tree (grep 20260825)	Clipboard()->Clear();			FAIL			yes	fLotInfo.cpp:2217:19: error: 'Clipboard' was not declared in this scope	仍缺：未宣告 Clipboard		
LOW	forms/fLotInfo.cpp	2251	2274	22	GATE WB-3 --		AI(W906-FW3-LotInfo-WB) 20260819: GATE WB-3 -- see forms/fLotInfo.h GATE REGISTER WB-3 (fBarCode has SOME port but none of these 4 members).  //AI(W906-E020-LI11) 20261002 [W906] (St01): the web button runs golden's branch choice in LotInfo_E020.cpp W906_E020_btChangeFileClick (act.lotInfo.changeFil	if(TestIF_File.bEnableBarCode)			FAIL			yes	fLotInfo.cpp:2256:23: error: 'class TfBarCode' has no member named 'btBarcodeChangeFileDisConnect'	仍缺：TfBarCode 沒有成員 btBarcodeChangeFileDisConnect	ONCLICK	
LOW	forms/fLotInfo.cpp	2367	2372	4	GATE WB-6 --		AI(W906-FW3-LotInfo-WB) 20260819: GATE WB-6 -- see forms/fLotInfo.h GATE REGISTER WB-6 (fOCR->OCRChangeFile() does not exist on TfOCR).	int ret;			FAIL			yes	fLotInfo.cpp:2369:15: error: 'class TfOCR' has no member named 'OCRChangeFile'  (補 include forms/fOCR.h 之後)	仍缺：TfOCR 沒有成員 OCRChangeFile		
LOW	forms/fLotInfo.cpp	2384	2386	1	GATE (CLIP)		GATE (CLIP) -- VCL Clipboard() has no port anywhere in this tree (grep 20260825)	Clipboard()->Clear();			FAIL			yes	fLotInfo.cpp:2385:19: error: 'Clipboard' was not declared in this scope	仍缺：未宣告 Clipboard		
LOW	forms/fLotInfo.cpp	2641	2646	4	GATE WB-12 --		AI(W906-FW3-LotInfo-WB) 20260819: GATE WB-12 -- see forms/fLotInfo.h GATE REGISTER WB-12 (the SAME golden call Wave A's WA-7 already gates).	if(fBarCode->JCETUseMakeWhite2DIDList()==true)                              //RogerYang 20251202 : JCET 2D FT1白名單/FT2比對功能			FAIL			yes	fLotInfo.cpp:2642:18: error: 'class TfBarCode' has no member named 'JCETUseMakeWhite2DIDList'	仍缺：TfBarCode 沒有成員 JCETUseMakeWhite2DIDList		
LOW	forms/fLotInfo.cpp	2655	2677	21	GATE WB-13 --		AI(W906-FW3-LotInfo-WB) 20260819: GATE WB-13 -- see forms/fLotInfo.h GATE REGISTER WB-13 (the guard itself needs the WA-7/WB-12-gated fBarCode member, so there is no independent real branch to keep).	if(CUSTOMER_CODE==CC_JCET && fBarCode->JCETUseMakeWhite2DIDList()==true)			FAIL			yes	fLotInfo.cpp:2656:44: error: 'class TfBarCode' has no member named 'JCETUseMakeWhite2DIDList'	仍缺：TfBarCode 沒有成員 JCETUseMakeWhite2DIDList		
LOW	forms/fLotInfo.cpp	2770	2792	21	GATE WB-16 --		AI(W906-FW3-LotInfo-WB) 20260819: GATE WB-16 -- see forms/fLotInfo.h GATE REGISTER WB-16 (ATC_InterfaceForm exposes only iATC_MODE_TYPE, same finding as Wave A's WA-6).	if(iATCOnLine==0 || ATC_InterfaceForm->IsConnect()==false)			FAIL			yes	fLotInfo.cpp:2771:44: error: 'class TATC_InterfaceFormShim' has no member named 'IsConnect'	仍缺：TATC_InterfaceFormShim 沒有成員 IsConnect		
LOW	forms/fLotInfo.cpp	2804	2884	79	GATE WB-17 --		AI(W906-FW3-LotInfo-WB) 20260819: GATE WB-17 -- see forms/fLotInfo.h GATE REGISTER WB-17 (both arms need ATC_InterfaceForm members absent from the 1-member shim, same finding as WB-16/WA-6).	char strRefrigeratorAllStatu[8][40];			FAIL			yes	fLotInfo.cpp:2806:27: error: 'class TATC_InterfaceFormShim' has no member named 'bReadRefrigerantMode_AllStatus'	仍缺：TATC_InterfaceFormShim 沒有成員 bReadRefrigerantMode_AllStatus		
LOW	forms/fLotInfo.cpp	3009	3011	1	GATE WB-18 --		AI(W906-FW3-LotInfo-WB) 20260819: GATE WB-18 -- see forms/fLotInfo.h GATE REGISTER WB-18 (CheckAMRAction() is RECON item #206, (b) write-path, not part of this wave's 39 Tier-2 methods).	CheckAMRAction();			FAIL			yes	fLotInfo.cpp:3010:20: error: 'CheckAMRAction' was not declared in this scope	仍缺：未宣告 CheckAMRAction		
LOW	forms/fLotInfo.cpp	3136	3138	1	GATE WC-2 --		AI(W906-FW3-LotInfo-WC) 20260819: GATE WC-2 -- see forms/fLotInfo.h GATE REGISTER WC-2 (cbPATModeChange() is RECON item #169, (b) write-path dispatcher, not yet translated).	cbPATModeChange(cbPATMode);			FAIL			yes	fLotInfo.cpp:3137:34: error: 'cbPATModeChange' was not declared in this scope	仍缺：未宣告 cbPATModeChange		
LOW	forms/fLotInfo.cpp	3195	3198	2	GATE WC-4 --		AI(W906-FW3-LotInfo-WC) 20260819: GATE WC-4 -- see forms/fLotInfo.h GATE REGISTER WC-4 (FormBarcodeReader has no port anywhere in this tree; PopupMenu is also not a modeled TControl property).	edtSysLotID->PopupMenu=FormBarcodeReader->pmBarcode;			FAIL			yes	fLotInfo.cpp:3196:22: error: 'TfLotInfoEdit {aka class vclcompat::TEdit}' has no member named 'PopupMenu'	仍缺：fLotInfo.cpp:3196:22: error: 'TfLotInfoEdit {aka class vclcompat::TEdit}' has no member named 'PopupMenu'		
LOW	forms/fLotInfo.cpp	3257	3259	1	GATE WC-6 --		AI(W906-FW3-LotInfo-WC) 20260819: GATE WC-6 -- see forms/fLotInfo.h GATE REGISTER WC-6 (TFileListBox derives from bare TObject, no ->Visible member).	FileListBox1->Visible       =false;			FAIL			yes	fLotInfo.cpp:3258:23: error: 'class vclcompat::TFileListBox' has no member named 'Visible'	仍缺：vclcompat::TFileListBox 沒有成員 Visible		
LOW	forms/fLotInfo.cpp	3281	3283	1	GATE WC-5 --		AI(W906-FW3-LotInfo-WC) 20260819: GATE WC-5 -- see forms/fLotInfo.h GATE REGISTER WC-5 (btnSaveClick() is RECON item #38, (b) write-path, WriteIniData x19 inside).	btnSaveClick(this);                                                     //JerryYang 20180212 (Steven) SPIL要求鎖死不得修改			FAIL			yes	fLotInfo.cpp:3282:26: error: no matching function for call to 'TfLotInfo::btnSaveClick(TfLotInfo*)'	仍缺：沒有相符的函式 TfLotInfo::btnSaveClick(TfLotInfo*)		
LOW	forms/fLotInfo.cpp	3311	3313	1	GATE WC-5 (2nd		AI(W906-FW3-LotInfo-WC) 20260819: GATE WC-5 (2nd call site) --	btnSaveClick(this);			FAIL			yes	fLotInfo.cpp:3312:26: error: no matching function for call to 'TfLotInfo::btnSaveClick(TfLotInfo*)'	仍缺：沒有相符的函式 TfLotInfo::btnSaveClick(TfLotInfo*)		
LOW	forms/fLotInfo.cpp	3359	3370	10	GATE WC-7 --		AI(W906-FW3-LotInfo-WC) 20260819: GATE WC-7 -- see forms/fLotInfo.h GATE REGISTER WC-7 (TImage/TCanvas have zero port anywhere in this tree, same established WB-1 finding, re-confirmed 20260819).	if(MachineTypeChoice==Type_HT9046_LS)                                       //2013-01-15    Dell			FAIL			yes	fLotInfo.cpp:3364:13: error: 'imgRTCFullView1' was not declared in this scope  (補 include atester_shims.h 之後)	仍缺：未宣告 imgRTCFullView1		
LOW	forms/fLotInfo.cpp	3421	3423	1	GATE WC-9 --		AI(W906-FW3-LotInfo-WC) 20260819: GATE WC-9 -- see forms/fLotInfo.h GATE REGISTER WC-9 (mtBarcodeSetDefaultView has no port anywhere in this tree).	fBarCode->mtBarcodeSetDefaultView();			FAIL			yes	fLotInfo.cpp:3422:15: error: 'class TfBarCode' has no member named 'mtBarcodeSetDefaultView'	仍缺：TfBarCode 沒有成員 mtBarcodeSetDefaultView		
LOW	forms/fLotInfo.cpp	3485	3501	15	GATE REGISTER WC-21		GATE REGISTER WC-21 (edtSysLotID/labLotID/edtDevice/labDeviceName/ btnFTPDownLoadbyDeviceID geometry + fTesterTCP->rgUnloader, all unavailable/unverified this wave).	if(CUSTOMER_CODE==CC_JSCC_OS)                                               //RogerYang 20260127 : Add For JSCC_OS download by Device list			FAIL			yes	fLotInfo.cpp:3493:9: error: 'btnFTPDownLoadbyDeviceID' was not declared in this scope	仍缺：未宣告 btnFTPDownLoadbyDeviceID		
LOW	forms/fLotInfo.cpp	3555	3557	1	GATE WC-12 --		AI(W906-FW3-LotInfo-WC) 20260819: GATE WC-12 -- see forms/fLotInfo.h GATE REGISTER WC-12 (pgcLotInfo is the stock TPageControl, no ->ActivePage pointer member).	pgcLotInfo->ActivePage=tsVTest;			FAIL			yes	fLotInfo.cpp:3556:21: error: 'class vclcompat::TPageControl' has no member named 'ActivePage'; did you mean 'ActivePageIndex'?	仍缺：vclcompat::TPageControl 沒有成員 ActivePage		
LOW	forms/fLotInfo.cpp	3616	3618	1	GATE WC-13 --		AI(W906-FW3-LotInfo-WC) 20260819: GATE WC-13 -- see forms/fLotInfo.h GATE REGISTER WC-13 (control re-parenting via ->Parent= has no model anywhere in vclcompat/Controls.h).	edtProcessName->Parent=tsVTest;			FAIL			yes	fLotInfo.cpp:3617:25: error: 'class TfLotInfoLayoutLabeledEdit' has no member named 'Parent'	仍缺：TfLotInfoLayoutLabeledEdit 沒有成員 Parent		
LOW	forms/fLotInfo.cpp	3624	3626	1				edtProduct->Parent=tsVTest;			FAIL			yes	fLotInfo.cpp:3625:21: error: 'class TfLotInfoLayoutLabeledEdit' has no member named 'Parent'	仍缺：TfLotInfoLayoutLabeledEdit 沒有成員 Parent		
LOW	forms/fLotInfo.cpp	3635	3638	2	GATE WC-14 --		AI(W906-FW3-LotInfo-WC) 20260819: GATE WC-14 -- see forms/fLotInfo.h GATE REGISTER WC-14 (sbSECSLotStart/sbSECSLotEnd are Wave A/B TSpeedButton* members with no geometry field).	sbSECSLotStart->Top=lbLotRunMode->Top+lbLotRunMode->Height+55;			FAIL			yes	fLotInfo.cpp:3636:61: error: 'class vclcompat::TLabel' has no member named 'Height'	仍缺：vclcompat::TLabel 沒有成員 Height		
LOW	forms/fLotInfo.cpp	3649	3651	1	GATE WC-15 --		AI(W906-FW3-LotInfo-WC) 20260819: GATE WC-15 -- see forms/fLotInfo.h GATE REGISTER WC-15 (WriteIniData embedded write-path, same class as WC-1/WC-2/WC-5).	WriteIniData(AuthPath+"Security_new.def", "Network", "Temp Offset",     false);		sim+ship	PASS	LINK-OK	SHIP-OK	likely-no	(compiles: -fsyntax-only)	會寫檔：先確認裁示允許寫這個檔；候選：照 golden 解開（先看風險標記）	WRITES-FILE	
LOW	forms/fLotInfo.cpp	3654	3656	1				WriteIniData(AuthPath+"Security_new.def", "Network", "Auto Clean",     false);		sim+ship	PASS	LINK-OK	SHIP-OK	likely-no	(compiles: -fsyntax-only)	會寫檔：先確認裁示允許寫這個檔；候選：照 golden 解開（先看風險標記）	WRITES-FILE	
LOW	forms/fLotInfo.cpp	3720	3741	20	GATE REGISTER WC-11		forms/fLotInfo.h GATE REGISTER WC-11 (guard `bFlag` depends entirely on the WA-7-gated fBarCode-> JCETUseMakeWhite2DIDList()).	bool bFlag=false;			FAIL			yes	fLotInfo.cpp:3722:29: error: 'class TfBarCode' has no member named 'JCETUseMakeWhite2DIDList'	仍缺：TfBarCode 沒有成員 JCETUseMakeWhite2DIDList		
LOW	forms/fLotInfo.cpp	3834	3836	1	GATE WC-28 --		AI(W906-FW3-LotInfo-WC) 20260819: GATE WC-28 -- see forms/fLotInfo.h GATE REGISTER WC-28 (BtnPause is TfMainSpeedButton*, no ->Visible).	BtnPause->Visible=false;			FAIL			yes	fLotInfo.cpp:3835:19: error: 'class TfMainSpeedButton' has no member named 'Visible'	仍缺：TfMainSpeedButton 沒有成員 Visible		
LOW	forms/fLotInfo.cpp	3858	3860	1	GATE WC-28 (2nd		AI(W906-FW3-LotInfo-WC) 20260819: GATE WC-28 (2nd site) --	BtnPause->Visible=false;			FAIL			yes	fLotInfo.cpp:3859:19: error: 'class TfMainSpeedButton' has no member named 'Visible'	仍缺：TfMainSpeedButton 沒有成員 Visible		
LOW	forms/fLotInfo.cpp	3865	3867	1	GATE WC-28 (3rd		AI(W906-FW3-LotInfo-WC) 20260819: GATE WC-28 (3rd site) --	BtnPause->Visible=(CUSTOMER_CODE==CC_FOREHOPE_NINGBO);                  //Steven 20251125 : change			FAIL			yes	fLotInfo.cpp:3866:19: error: 'class TfMainSpeedButton' has no member named 'Visible'	仍缺：TfMainSpeedButton 沒有成員 Visible		
LOW	forms/fLotInfo.cpp	3942	3945	2	GATE WC-22 --		AI(W906-FW3-LotInfo-WC) 20260819: GATE WC-22 -- see forms/fLotInfo.h GATE REGISTER WC-22 (edtSysLotID is a Wave A/B member with no geometry field).	edtSysLotID->Width=150;			FAIL			yes	fLotInfo.cpp:3943:26: error: 'TfLotInfoEdit {aka class vclcompat::TEdit}' has no member named 'Width'	仍缺：fLotInfo.cpp:3943:26: error: 'TfLotInfoEdit {aka class vclcompat::TEdit}' has no member named 'Width'		
LOW	forms/fLotInfo.cpp	3977	3979	1	GATE WC-23 --		AI(W906-FW3-LotInfo-WC) 20260819: GATE WC-23 -- see forms/fLotInfo.h GATE REGISTER WC-23 (TLabel carries no Font member).	labQACount->Font->Size=8;			FAIL			yes	fLotInfo.cpp:3978:21: error: 'class vclcompat::TLabel' has no member named 'Font'	仍缺：vclcompat::TLabel 沒有成員 Font		
LOW	forms/fLotInfo.cpp	4001	4024	22	GATE WC-18 --		AI(W906-FW3-LotInfo-WC) 20260819: GATE WC-18 -- see forms/fLotInfo.h GATE REGISTER WC-18 (myInShuttleLotInfo/mtBarcodeInShLotInfo are not members of any ported TfLotInfo instance anywhere in this tree).	myInShuttleLotInfo->SetColorMap(0, TColor(0x00DFD9CC));			FAIL			yes	fLotInfo.cpp:4002:5: error: 'myInShuttleLotInfo' was not declared in this scope	仍缺：未宣告 myInShuttleLotInfo		
LOW	forms/fLotInfo.cpp	4042	4044	1	GATE WC-19 --		AI(W906-FW3-LotInfo-WC) 20260819: GATE WC-19 -- SAFETY RED LINE, SetLotStart is the 399-line SECS Lot-Start main control function (RECON #10); not re-evaluated.	tmrChamberBoost->Enabled=(CosFunction.bUseChamberBoostMode);                //Steven 20191128 : Chamber Boost Function			FAIL			yes	fLotInfo.cpp:4043:5: error: 'tmrChamberBoost' was not declared in this scope	仍缺：未宣告 tmrChamberBoost	SAFETY	
LOW	forms/fLotInfo.cpp	4046	4048	1				SetLotStart("fLotInfo::FormShow", true);                                    //Steven 20250515 : 整合Open Short測試報表		sim+ship	PASS	LINK-OK	SHIP-OK	likely-no	(compiles: -fsyntax-only)	SAFETY 閘：編得過也先問筆電；候選：照 golden 解開（先看風險標記）	SAFETY	
LOW	forms/fLotInfo.cpp	4056	4084	27	GATE WC-20 --		-- S32 (golden :1166-1192) -- WC-20 gates the whole segment (SAFETY) -- AI(W906-FW3-LotInfo-WC) 20260819: GATE WC-20 -- SAFETY RED LINE, critical-para access-control + audit-flag cluster; not re-evaluated.	if(edtSysLotID->Text!="" ||			FAIL			yes	fLotInfo.cpp:4061:28: error: 'HasICUnderMachine' was not declared in this scope	仍缺：未宣告 HasICUnderMachine	SAFETY	
LOW	forms/fLotInfo.cpp	4127	4129	1	GATE WC-16 --		AI(W906-FW3-LotInfo-WC) 20260819: GATE WC-16 -- see forms/fLotInfo.h GATE REGISTER WC-16 (ReadWriteFTPAutomationData has zero port anywhere in this tree, overturning recon's own S34 note).	ReadWriteFTPAutomationData(true);                                           //KaiChen 20190530 ：Sigurd FTP Automation			FAIL			yes	fLotInfo.cpp:4128:36: error: 'ReadWriteFTPAutomationData' was not declared in this scope	仍缺：未宣告 ReadWriteFTPAutomationData		
LOW	forms/fLotInfo.cpp	4137	4140	2	GATE WC-17 --		AI(W906-FW3-LotInfo-WC) 20260819: GATE WC-17 -- see forms/fLotInfo.h GATE REGISTER WC-17 (FrmAOI carries only bSimulateTopBtm, no AOIFailCountRefresh() method).	if(USE_Scanner_AOI_Inspection==(int)eBtnAOI_TopBottomInstall && IniConfig.bA74AOIFailCountLinkLotRunMode)			FAIL			yes	fLotInfo.cpp:4139:17: error: 'class TFrmAOI' has no member named 'AOIFailCountRefresh'  (補 include forms/fAOI.h 之後)	仍缺：TFrmAOI 沒有成員 AOIFailCountRefresh		
LOW	forms/fLotInfo.cpp	4241	4243	1	GATE REGISTER WC-26		GATE REGISTER WC-26 (fOCR->sTesterLotId lives only on OCRInsp.cpp's TU-local shim, unreachable here -- same TfOCR shape as WB-6, a different absent member).	lblTester_LotID->Caption= fOCR->sTesterLotId;			FAIL			yes	fLotInfo.cpp:4242:41: error: 'class TfOCR' has no member named 'sTesterLotId'  (補 include forms/fOCR.h 之後)	仍缺：TfOCR 沒有成員 sTesterLotId		
LOW	forms/fLotInfo.cpp	4272	4313	40			ATC hardware temperature/comm control; not re-evaluated, gated verbatim per the task brief. iTempSetTimer (golden :6937) moved here since this gated block is its only use.	static int iTempSetTimer=0;                                                 //jimmychiu 2021			FAIL			yes	fLotInfo.cpp:4289:52: error: invalid use of incomplete type 'class ATC_WinWay'  (補 include forms/fWinway.h 之後)	仍缺：不完整型別 class ATC_WinWay	SAFETY	
LOW	forms/fLotInfo.cpp	4332	4354	21	GATE WC-25 --		AI(W906-FW3-LotInfo-WC) 20260819: GATE WC-25 -- SAFETY RED LINE, WAR16123 3-hour send-for-inspection alarm; not re-evaluated, gated verbatim per the task brief.	if(IniConfig.bEnableRms)			FAIL			yes	fLotInfo.cpp:4335:23: error: 'class TfLotInfo' has no member named 'Panel29'; did you mean 'Panel28'?	仍缺：TfLotInfo 沒有成員 Panel29	SAFETY UI-STATE	
LOW	forms/fLotInfo.cpp	4574	4576	1	GATE D (same		GATE D (same target, same reason, 5 other golden call sites).  The guard is kept real and the body empty so the shape stays diffable against golden.	fCleaning->ChangeACSmartInterval(2, "RefreshYieldMonitor");             //Sam 20240726 : AI Clean			FAIL			yes	fLotInfo.cpp:4575:20: error: 'class TfCleaning' has no member named 'ChangeACSmartInterval'  (補 include forms/fCleaning.h 之後)	仍缺：TfCleaning 沒有成員 ChangeACSmartInterval		
LOW	forms/fLotInfo.cpp	4637	4692	54			(golden could clear it for out-of-range KYEC/KLT head numbers).  A narrowing, not a divergence.  Note golden's own first arm body is a round trip through a local, i.e. already a no-op on the widget.	if(TrayForm.bEnableAMR ||                                               //Eastsun 20260515 F010 AMR/AGV Operator ID		sim+ship	PASS	LINK-OK	SHIP-OK	likely-no	(compiles: -fsyntax-only)	候選：照 golden 解開（先看風險標記）		
LOW	forms/fLotInfo.cpp	5247	5261	13	GATE (W906-LOT-W1-JCET2DID)		GATE (W906-LOT-W1-JCET2DID): 缺相依 TfBarCode::JCETUseMakeWhite2DIDList（既有慣例 G-1 / WA-7）	if(fBarCode->JCETUseMakeWhite2DIDList()==true)                          //RogerYang 20251208 : JCET 2D FT1白名單/FT2比對功能			FAIL			yes	fLotInfo.cpp:5248:22: error: 'class TfBarCode' has no member named 'JCETUseMakeWhite2DIDList'	仍缺：TfBarCode 沒有成員 JCETUseMakeWhite2DIDList		
LOW	forms/fLotInfo.cpp	5294	5300	5	GATE (W906-LOT-W1-JCET2DID)		GATE (W906-LOT-W1-JCET2DID): 缺相依 TfBarCode::JCETUseMakeWhite2DIDList	if(fBarCode->JCETUseMakeWhite2DIDList()==true)                          //RogerYang 20251208 : JCET 2D FT1白名單/FT2比對功能			FAIL			yes	fLotInfo.cpp:5295:22: error: 'class TfBarCode' has no member named 'JCETUseMakeWhite2DIDList'	仍缺：TfBarCode 沒有成員 JCETUseMakeWhite2DIDList	WRITES-FILE	
LOW	forms/fLotInfo.cpp	5526	5531	4	GATE (W906-LOT-W1-PALEQC)		GATE (W906-LOT-W1-PALEQC): 缺相依 TfMain::palEQCClick	else if(cbRunMode->Text=="EQC")	yes		NESTED			depends		在外層 #if 0 裡面（先看外層）		
LOW	forms/fLotInfo.cpp	5513	5537	23	GATE (W906-LOT-W1-DOFTRT)		GATE (W906-LOT-W1-DOFTRT): 缺相依 TfMain::DoFTRTClick	if(cbRunMode->Text.AnsiPos("RT")==1)			FAIL			yes	fLotInfo.cpp:5516:20: error: 'class TfMain' has no member named 'DoFTRTClick'; did you mean 'FTClick'?	仍缺：TfMain 沒有成員 DoFTRTClick		
LOW	forms/fLotInfo.cpp	5625	5627	1	GATE (W906-LOT-W1-BARCODE)		GATE (W906-LOT-W1-BARCODE): 缺相依 TfBarCode::Change2DSetupFile	fBarCode->Change2DSetupFile();			FAIL			yes	fLotInfo.cpp:5626:19: error: 'class TfBarCode' has no member named 'Change2DSetupFile'	仍缺：TfBarCode 沒有成員 Change2DSetupFile		
LOW	forms/fLotInfo.cpp	5663	5665	1	GATE (W906-LOT-W1-PTITRACE)		GATE (W906-LOT-W1-PTITRACE): 缺相依 WritePTILotStartTrace（非 golden 原生，是 V899 的診斷輔助）	WritePTILotStartTrace(this, "BeforeTesterTCPSend", "Commands=LOTNUMBER/LOTSTART/OPERATORID/GETOSSETUP");	yes		NESTED			depends		在外層 #if 0 裡面（先看外層）		
LOW	forms/fLotInfo.cpp	5650	5671	20	GATE (W906-LOT-W1-TESTERTCP)		GATE (W906-LOT-W1-TESTERTCP)	if(iRunStartMode==RT)		sim+ship	PASS-WITH-INCLUDE	LINK-MISSING TfTesterTCP::SendTCPIPCommand(int, vclcompat::AnsiString, vclcompat::AnsiString)		yes（連結層）	fLotInfo.cpp:5666:13: error: 'fTesterTCP' was not declared in this scope	仍缺（連結層：有宣告、全樹沒有本體）：TfTesterTCP::SendTCPIPCommand(int, vclcompat::AnsiString, vclcompat::AnsiString)		
LOW	forms/fLotInfo.cpp	5673	5675	1	GATE (W906-LOT-W1-PTITRACE)		GATE (W906-LOT-W1-PTITRACE): 同上	WritePTILotStartTrace(this, "AfterTesterTCPSend", "Commands queued to TesterTCP");			FAIL			yes	fLotInfo.cpp:5674:93: error: 'WritePTILotStartTrace' was not declared in this scope	仍缺：未宣告 WritePTILotStartTrace		
LOW	forms/fLotInfo.cpp	5688	5690	1	GATE (W906-LOT-W1-SAVEOPID)		GATE (W906-LOT-W1-SAVEOPID): 缺相依 SaveLotOperatorID（golden uLotInfo.cpp:8547）	SaveLotOperatorID(fLotInfo->edtSysLotID->Text.c_str(), fLotInfo->edtSysOperatorID->Text.c_str(), false);			FAIL			yes	fLotInfo.cpp:5689:111: error: 'SaveLotOperatorID' was not declared in this scope	仍缺：未宣告 SaveLotOperatorID		
LOW	forms/fLotInfo.cpp	5776	5778	1	GATE (W906-LOT-W1-BARCODE)		GATE (W906-LOT-W1-BARCODE): 缺相依 TfBarCode::InitBarcodeRecFile	fBarCode->InitBarcodeRecFile();			FAIL			yes	fLotInfo.cpp:5777:19: error: 'class TfBarCode' has no member named 'InitBarcodeRecFile'	仍缺：TfBarCode 沒有成員 InitBarcodeRecFile		
LOW	forms/fLotInfo.cpp	5795	5801	5	GATE (W906-LOT-W1-MAINPANELS)		GATE (W906-LOT-W1-MAINPANELS): 缺相依 TfMain::cbRunStartMode/palFT/palRT/palOffLine/palEQC	fMain->cbRunStartMode->Enabled=false;		sim+ship	PASS	LINK-OK	SHIP-OK	likely-no	(compiles: -fsyntax-only)	候選：照 golden 解開（先看風險標記）		
LOW	forms/fLotInfo.cpp	5834	5943	108	GATE (W906-LOT-W1-SLTSUMMARY)		GATE (W906-LOT-W1-SLTSUMMARY)	if(IniConfig.bA38_SLT_Summary)                                              //JerryYang 20220923 : add for SLT lot summary			FAIL			yes	fLotInfo.cpp:5855:36: error: 'struct TfObserverMemoLotSummary' has no member named 'Clear'	仍缺：TfObserverMemoLotSummary 沒有成員 Clear	ONCLICK	
LOW	forms/fLotInfo.cpp	6689	6704	14	GATE (W906-PROD-S117-S25-KYEC-PANTHER)		GATE (W906-PROD-S117-S25-KYEC-PANTHER)	if(CUSTOMER_CODE==CC_KYEC_LEE)			FAIL			yes	fLotInfo.cpp:6693:17: error: 'struct W5SckArtRem_FormHSStub' has no member named 'RecordContact_SLTLog_HS'  (補 include Automation/SCK_ART_Remainder.h 之後)	仍缺：W5SckArtRem_FormHSStub 沒有成員 RecordContact_SLTLog_HS	S25	
LOW	forms/fLotInfo.cpp	6715	6717	1	GATE (W906-PROD-S117-ATKAMR)		GATE (W906-PROD-S117-ATKAMR)	if(fAGV->bATK_AMR_DoLotEndSent==false)                                  //AI(general) 20260402 (RogerYang) : ATK AMR 已提前送過則跳過		sim+ship	PASS	LINK-OK	SHIP-OK	yes（裁示 S25）	(compiles: -fsyntax-only)	理由還成立：客戶專屬分支（RULINGS_20260925 S25「先暫時跳過，註記就好」），照留	S25	
LOW	forms/fLotInfo.cpp	6719	6722	2	GATE (W906-PROD-S117-ATKAMR)		GATE (W906-PROD-S117-ATKAMR)	if(fAGV->IsATK_AMR()==true)                                         //AI(ht9045-atk-amr-flow) 20260820 (RogerYang) : 標準路徑補送時亦填 SV38316			FAIL			yes	fLotInfo.cpp:6721:17: error: 'sTrackOutType_ATK' was not declared in this scope	仍缺：未宣告 sTrackOutType_ATK	S25	
LOW	forms/fLotInfo.cpp	6725	6729	3	GATE (W906-PROD-S117-ATKAMR)		GATE (W906-PROD-S117-ATKAMR)	fAGV->bATK_AMR_DoLotEndSent=false;                                      //AI(general) 20260402 (RogerYang) : 不論有無送出都重設旗標			FAIL			yes	fLotInfo.cpp:6727:15: error: 'class TfAGV' has no member named 'bATK_AMR_DoHostLotStart'; did you mean 'bATK_AMR_DoLotEndSent'?	仍缺：TfAGV 沒有成員 bATK_AMR_DoHostLotStart	S25	
LOW	forms/fLotInfo.cpp	6737	6742	4	GATE (W906-PROD-S117-TESTERTCP)		GATE (W906-PROD-S117-TESTERTCP)	if(TestIF.iTestType==TCP_IP_MODE)                                           //Steven 20230213 : For SJSemi OS Tester		sim+ship	PASS-WITH-INCLUDE	LINK-MISSING TfTesterTCP::SendTCPIPCommand(int, vclcompat::AnsiString, vclcompat::AnsiString)		yes（連結層）	fLotInfo.cpp:6740:9: error: 'fTesterTCP' was not declared in this scope	仍缺（連結層：有宣告、全樹沒有本體）：TfTesterTCP::SendTCPIPCommand(int, vclcompat::AnsiString, vclcompat::AnsiString)		
LOW	forms/fLotInfo.cpp	6749	6873	123	GATE (W906-PROD-S117-S25-PTI)		GATE (W906-PROD-S117-S25-PTI)	if(CUSTOMER_CODE==CC_PTI &&                                                 //Sam 20170502 (wei) 力成按下 "Lot End" 後即 JamAlarmLogTxt LotId 資料夾所有資料上傳至 FTP			FAIL			yes	fLotInfo.cpp:6781:20: error: 'FtpUploadThd' was not declared in this scope	仍缺：未宣告 FtpUploadThd	S25	
LOW	forms/fLotInfo.cpp	6879	6887	7	GATE (W906-PROD-S117-S25-B03)		GATE (W906-PROD-S117-S25-B03)	if(IniConfig.bB03_TesterReport)                                             //Sam 20231115 : PTI 新增 Tester report			FAIL			yes	fLotInfo.cpp:6883:33: error: 'ProductTesterReport' was not declared in this scope	仍缺：未宣告 ProductTesterReport	S25	
LOW	forms/fLotInfo.cpp	6892	6895	2	GATE (W906-PROD-S117-S25-TSMC)		GATE (W906-PROD-S117-S25-TSMC)	if(CUSTOMER_CODE==CC_TSMC_TAINAN)		sim+ship	PASS	LINK-OK	SHIP-OK	yes（裁示 S25）	(compiles: -fsyntax-only)	理由還成立：客戶專屬分支（RULINGS_20260925 S25「先暫時跳過，註記就好」），照留	S25	
LOW	forms/fLotInfo.cpp	6902	6906	3	GATE (W906-PROD-S117-BCIR)		GATE (W906-PROD-S117-BCIR)	fBarCode->SaveInspReportEnd(asATCEvenLotID, GetLastOpenFN());                              //Sam 20240426 : Add BarCoder Inspection Report			FAIL			yes	fLotInfo.cpp:6904:15: error: 'class TfBarCode' has no member named 'SaveInspReportEnd'	仍缺：TfBarCode 沒有成員 SaveInspReportEnd	S25	
LOW	forms/fLotInfo.cpp	6912	6932	19	GATE (W906-PROD-S117-S25-HSLOG)		GATE (W906-PROD-S117-S25-HSLOG)	if(CosFunction.bUseLogUploadToFTPFunction==true)			FAIL			yes	fLotInfo.cpp:6918:17: error: 'struct W5SckArtRem_FormHSStub' has no member named 'RecordLog_HS'  (補 include Automation/SCK_ART_Remainder.h 之後)	仍缺：W5SckArtRem_FormHSStub 沒有成員 RecordLog_HS	S25	
LOW	forms/fLotInfo.cpp	6938	6959	20	GATE (W906-PROD-S117-S25-OEE)		GATE (W906-PROD-S117-S25-OEE)	if(CosFunction.bOEEFunction)                                                //Steven 20180417 (Jou) : OEE功能			FAIL			yes	fLotInfo.cpp:6946:26: error: 'class TfProductionInfo' has no member named 'UploadBinQtyReport'	仍缺：TfProductionInfo 沒有成員 UploadBinQtyReport	S25	
LOW	forms/fLotInfo.cpp	7001	7051	49	GATE (W906-PROD-S117-S25-VTEST)		GATE (W906-PROD-S117-S25-VTEST)	if(IniConfig.bVTESTFunction==true)		sim+ship	PASS	LINK-MISSING TfMesSystem::ClearMesData(); TfMesSystem::VTestSummaryReport(); TfMesSystem::RunModeRW(bool, vclcompat::AnsiString, vclcompat::AnsiString)		yes（連結層）	(compiles: -fsyntax-only)	仍缺（連結層：有宣告、全樹沒有本體）：TfMesSystem::ClearMesData(); TfMesSystem::VTestSummaryReport(); TfMesSystem::RunModeRW(bool, vclcompat::AnsiString, vclcompat::AnsiString)	S25	
LOW	forms/fLotInfo.cpp	7057	7069	11	GATE (W906-PROD-S117-S25-UTAC)		GATE (W906-PROD-S117-S25-UTAC)	if(CUSTOMER_CODE==CC_UTAC)                                                  //Richard 20220929 :Add for UTAC Lot Start/End 0xC0		sim+ship	PASS	LINK-OK	SHIP-OK	yes（裁示 S25）	(compiles: -fsyntax-only)	理由還成立：客戶專屬分支（RULINGS_20260925 S25「先暫時跳過，註記就好」），照留	S25	
LOW	forms/fLotInfo.cpp	7076	7078	1	GATE (W906-PROD-S117-S25-GROUNDESD)		GATE (W906-PROD-S117-S25-GROUNDESD)	SaveGroundESDByLot(RunInfo.LotNo, edCustomerLotId->Text, coStation->Text, edStationNum->Text);                      //Sam 20211223 : 每顆 IC 測試完畢都要記錄當時的 Ground & ESD 數值。			FAIL			yes	fLotInfo.cpp:7077:97: error: 'SaveGroundESDByLot' was not declared in this scope	仍缺：未宣告 SaveGroundESDByLot	S25	
LOW	forms/fLotInfo.cpp	7098	7101	2	GATE (W906-PROD-S117-S25-LEADYO)		GATE (W906-PROD-S117-S25-LEADYO)	if(CUSTOMER_CODE==CC_LEADYO && IniConfig.bN33_UpLoadOCRBinLogByNet)         //KenHsieh 20230502 : 利揚要求上傳OCR + BIN Log上傳至Host			FAIL			yes	fLotInfo.cpp:7100:15: error: 'class TfOCR' has no member named 'UpLoadOCRAndBinLog'	仍缺：TfOCR 沒有成員 UpLoadOCRAndBinLog	S25	
LOW	forms/fLotInfo.cpp	7107	7112	4	GATE (W906-LOT-W1-JCET2DID)		GATE (W906-LOT-W1-JCET2DID)	if(fBarCode->JCETUseMakeWhite2DIDList()==true)                              //RogerYang 20251202 : JCET 2D FT1白名單/FT2比對功能			FAIL			yes	fLotInfo.cpp:7108:18: error: 'class TfBarCode' has no member named 'JCETUseMakeWhite2DIDList'	仍缺：TfBarCode 沒有成員 JCETUseMakeWhite2DIDList	S25	
LOW	forms/fLotInfo.cpp	7183	7185	1	GATE (W906-PROD-S117-RSM)		GATE (W906-PROD-S117-RSM)	SetRunStartMode((eRunStartMode)LastSet.iRunStartMode);		sim+ship	PASS	LINK-OK	SHIP-OK	likely-no	(compiles: -fsyntax-only)	註解寫明要別人決定（例：分類 (2) 模式切換／主畫面按鈕＝Jimmy）：先問；候選：照 golden 解開（先看風險標記）	OWNER	
LOW	forms/fLotInfo.cpp	7195	7197	1	GATE (W906-PROD-S117-RSM)		GATE (W906-PROD-S117-RSM): golden :1412，同上	SetRunStartMode((eRunStartMode)LastSet.iRunStartMode);		sim+ship	PASS	LINK-OK	SHIP-OK	likely-no	(compiles: -fsyntax-only)	註解寫明要別人決定（例：分類 (2) 模式切換／主畫面按鈕＝Jimmy）：先問；候選：照 golden 解開（先看風險標記）	OWNER	
LOW	forms/fLotInfo.cpp	7217	7222	4	GATE (W906-PROD-S117-OEEASK)		GATE (W906-PROD-S117-OEEASK)	if(Application->MessageBox("Are You Sure End Lot?", "End Lot?", MB_YESNO)!=IDYES)			FAIL			yes	fLotInfo.cpp:7218:12: error: 'Application' was not declared in this scope	仍缺：未宣告 Application	S25	
LOW	forms/fLotInfo.cpp	7233	7239	5	GATE (W906-PROD-S117-MAINPANELS)		GATE (W906-PROD-S117-MAINPANELS)	fMain->cbRunStartMode->Enabled=true;		sim+ship	PASS	LINK-OK	SHIP-OK	likely-no	(compiles: -fsyntax-only)	註解寫明要別人決定（例：分類 (2) 模式切換／主畫面按鈕＝Jimmy）：先問；候選：照 golden 解開（先看風險標記）	OWNER	
LOW	forms/fLotInfo.cpp	7247	7249	1	GATE (W906-PROD-S117-S25-VTEST)		GATE (W906-PROD-S117-S25-VTEST)	bVTESTKitCheckPending=false;                                                //AI(ht9045-config) 20260710 (RogerYang) : 清除旗標			FAIL			yes	fLotInfo.cpp:7248:5: error: 'bVTESTKitCheckPending' was not declared in this scope	仍缺：未宣告 bVTESTKitCheckPending	S25	
LOW	forms/fMain.cpp	786	790	3	GATE (W906-HOME-W1-ENGSITE)		GATE (W906-HOME-W1-ENGSITE): 缺相依 sbEngSite（活的樹 0 命中；同 W906-ST-W1-J）	sbEngSite->Down=false;                                                      //Alick 20160926 add			FAIL			yes	fMain.cpp:787:5: error: 'sbEngSite' was not declared in this scope	仍缺：未宣告 sbEngSite	HAS-#else SAFETY	
LOW	forms/fMain.cpp	808	812	3	GATE (W906-HOME-W1-CONTACTJOG)		GATE (W906-HOME-W1-CONTACTJOG): 全域 fContact 是樁型別，沒有這個 widget	fContact->plIndexArmJogMove->Visible=false;                                 //Ifor 20210713 add:			FAIL			yes	fMain.cpp:809:15: error: 'class TfContactShim' has no member named 'plIndexArmJogMove'  (補 include atester_shims.h 之後)	仍缺：TfContactShim 沒有成員 plIndexArmJogMove	HAS-#else	
LOW	forms/fMain.cpp	825	829	3	GATE (W906-HOME-W1-WINKEYBOARD)		GATE (W906-HOME-W1-WINKEYBOARD): 全域 FormHS 是樁型別；真方法本身也還閘著	FormHS->CloseWindowsKeyboard();                                             //Ifor 20190920 : add 關閉 Windows 小鍵盤			FAIL			yes	fMain.cpp:826:13: error: 'struct W5SckArtRem_FormHSStub' has no member named 'CloseWindowsKeyboard'  (補 include Automation/SCK_ART_Remainder.h 之後)	仍缺：W5SckArtRem_FormHSStub 沒有成員 CloseWindowsKeyboard	HAS-#else	
LOW	forms/fMain.cpp	853	870	16	GATE (W906-HOME-W1-CPUNAME)		GATE (W906-HOME-W1-CPUNAME): 缺相依 TRegistry（vclcompat 未移植登錄檔包裝）	if(bDoCheckCPUName==true)			FAIL			yes	fMain.cpp:857:9: error: 'TRegistry' was not declared in this scope	仍缺：未宣告 TRegistry	HAS-#else	
LOW	forms/fMain.cpp	946	950	3	GATE (W906-HOME-W1-BTNHOME)		GATE (W906-HOME-W1-BTNHOME): 缺相依 BtnHome（活的樹 0 命中，只在 dfm2rc 版面表裡）	BtnHome->Down=false;			FAIL			yes	fMain.cpp:947:9: error: 'BtnHome' was not declared in this scope	仍缺：未宣告 BtnHome	HAS-#else	
LOW	forms/fMain.cpp	992	996	3	GATE (W906-HOME-W1-PSM)		GATE (W906-HOME-W1-PSM): 缺相依 tPSM（活的樹 0 命中；同 W906-ST-W5-D）	tPSM.Restart();			FAIL			yes	fMain.cpp:993:13: error: 'tPSM' was not declared in this scope	仍缺：未宣告 tPSM	HAS-#else	
LOW	forms/fMain.cpp	1107	1114	6			AI(W906-D1) 20260928 (St02-E): golden 原文留著對照（:1113 經 W906_CtcD1AccessHook 判斷） -- golden 912 main.cpp:12589-12592（906_0625_Steven :12072-12074）	if(AccessLevel>=LevelSet.AccessLevel[8] || bRemote==true ||		sim+ship	PASS	LINK-OK	SHIP-OK	likely-no	(compiles: -fsyntax-only)	候選：照 golden 解開（先看風險標記）	HAS-#else	
LOW	forms/fMain.cpp	1116	1129	12			AI(W906-D2) 20260928 (St02-E): golden 原文留著對照（:1115 經 W906_CtcD2IcRefuseHook） -- golden 912 main.cpp:12593-12604（906_0625_Steven :12076-12087）	#ifndef SOFT_SIMULTE                                                    //Steven 20171214 : 軟體模擬可以任意關Tester		sim+ship	PASS	LINK-OK	SHIP-OK	likely-no	(compiles: -fsyntax-only)	候選：照 golden 解開（先看風險標記）		
LOW	forms/fMain.cpp	1135	1142	6			AI(W906-D3) 20260928 (St02-E): golden 原文留著對照（:1134 經 W906_CtcD3ManualSortHook） -- golden 912 main.cpp:12610-12615（906_0625_Steven :12093-12098）	if(IniConfig.bI27_ManualSortMode && bRunManualSortMode==false)		sim+ship	PASS	LINK-OK	SHIP-OK	likely-no	(compiles: -fsyntax-only)	候選：照 golden 解開（先看風險標記）		
LOW	forms/fMain.cpp	1149	1177	27			AI(W906-D4) 20260928: golden 原文留著對照（上一行已呼叫 WebLogin.cpp 的同一段） //jou 2014-03-28 SPIL Handler  On-line & Offline Switch Flow	cbUserSelect->ItemIndex=0;			FAIL			yes	fMain.cpp:1159:29: error: 'spbUserName' was not declared in this scope	仍缺：未宣告 spbUserName		
LOW	forms/fMain.cpp	1182	1185	2			AI(W906-GB-P2d) 20260926: D5 USER RULING -- keep the config.ini write, show no message, arm no restart (bNeedRestartProgram is not on the facade either; cSetUp.cpp G-SU-Restart) -- golden main.cpp:12653-12654	ShowMyMessage("Program need to restart to active RTC fuinction!", "The program will automatically be closed");			FAIL			yes	fMain.cpp:1184:25: error: 'bNeedRestartProgram' was not declared in this scope	仍缺：未宣告 bNeedRestartProgram		
LOW	forms/fMain.cpp	1192	1202	9			AI(W906-D6) 20260928 (St02-E): golden 原文留著對照（:1191 經 W906_CtcD6To2DSortHook） -- golden 912 main.cpp:12661-12669（906_0625_Steven :12144-12152）	bRunManualSortMode=false;                                       //Steven 20180915 : For TSMC 手動整盤功能		sim+ship	PASS	LINK-OK	SHIP-OK	likely-no	(compiles: -fsyntax-only)	候選：照 golden 解開（先看風險標記）		
LOW	forms/fMain.cpp	1262	1291	28			AI(W906-D7) 20260928 (St02-E): golden 原文留著對照（:1261 經 W906_CtcD7AsmOnLineHook） -- golden 912 main.cpp:12729-12756（906_0625_Steven :12212-12237）	if(TestIF_File.iTestMode==SingleSite)                       //Steven 20130610 : Single Site不做Auto Site Mapping		sim+ship	PASS	LINK-OK	SHIP-OK	likely-no	(compiles: -fsyntax-only)	候選：照 golden 解開（先看風險標記）		
LOW	forms/fMain_ATCSiteUse.cpp	471	475	3	TODO(W906-OPMODE)		TODO(W906-OPMODE): ATC_InterfaceForm->IsConnect() missing -- global is TATC_InterfaceFormShim* (acarry_shims.h:115, only iATC_MODE_TYPE); IsConnect exists only on forms/fATCHandlerSide.h:783 TATC_InterfaceForm, which has no global instance (Grep *.{h,cpp}) -- golden main.cpp:13508	if(ATC_InterfaceForm->IsConnect()==true)                                //Ifor 20160503 尚未與atc系統連線 不設定 atc site use		ship	PASS	LINK-OK	SHIP-FAIL fMain_ATCSiteUse.cpp:472:31: error: 'class TATC_InterfaceFormShim' has no member named 'IsConnect'	yes（出貨組態）	fMain_ATCSiteUse.cpp:472:31: error: 'class TATC_InterfaceFormShim' has no member named 'IsConnect'	仍缺（出貨組態才編得到／才出錯）：TATC_InterfaceFormShim 沒有成員 IsConnect	HAS-#else	
LOW	forms/fMain_ATCSiteUse.cpp	890	892	1	TODO(W906-OPMODE)		TODO(W906-OPMODE): ATC_InterfaceForm->EnablesChannel() missing -- global is TATC_InterfaceFormShim* (acarry_shims.h:115, only iATC_MODE_TYPE); EnablesChannel exists only on forms/fATCHandlerSide.h:843 TATC_InterfaceForm (no global instance, body GATE NET/WIDGET) -- golden main.cpp:13921	ATC_InterfaceForm->EnablesChannel(TriTemperature_TotalChannel, bATC_EnablesChannel);			FAIL			yes	fMain_ATCSiteUse.cpp:891:36: error: 'class TATC_InterfaceFormShim' has no member named 'EnablesChannel'	仍缺：TATC_InterfaceFormShim 沒有成員 EnablesChannel		
LOW	forms/fMain_ATCSiteUse.cpp	901	903	1	TODO(W906-OPMODE)		TODO(W906-OPMODE): ATC_InterfaceForm->EnablesChannel() missing -- global is TATC_InterfaceFormShim* (acarry_shims.h:115, only iATC_MODE_TYPE); EnablesChannel exists only on forms/fATCHandlerSide.h:843 TATC_InterfaceForm (no global instance, body GATE NET/WIDGET) -- golden main.cpp:13929	ATC_InterfaceForm->EnablesChannel(iATC_Use_Heat_Count, bUse);			FAIL			yes	fMain_ATCSiteUse.cpp:902:36: error: 'class TATC_InterfaceFormShim' has no member named 'EnablesChannel'	仍缺：TATC_InterfaceFormShim 沒有成員 EnablesChannel		
LOW	forms/fMain_ATCSiteUse.cpp	907	909	1	TODO(W906-OPMODE)		TODO(W906-OPMODE): ATC_InterfaceForm->EnablesChannel() missing -- global is TATC_InterfaceFormShim* (acarry_shims.h:115, only iATC_MODE_TYPE); EnablesChannel exists only on forms/fATCHandlerSide.h:843 TATC_InterfaceForm (no global instance, body GATE NET/WIDGET) -- golden main.cpp:13932	ATC_InterfaceForm->EnablesChannel(iATC_Use_Heat_Count, bUse);		ship	PASS	LINK-OK	SHIP-FAIL fMain_ATCSiteUse.cpp:908:32: error: 'class TATC_InterfaceFormShim' has no member named 'EnablesChannel'	yes（出貨組態）	fMain_ATCSiteUse.cpp:908:32: error: 'class TATC_InterfaceFormShim' has no member named 'EnablesChannel'	仍缺（出貨組態才編得到／才出錯）：TATC_InterfaceFormShim 沒有成員 EnablesChannel		
LOW	forms/fMain_Heater.cpp	663	665	1	GATE(W906-I01)		GATE(W906-I01) missing-dependency: TriTemp_Ch -- golden `extern int TriTemp_Ch[ATC_MAX_SITE]`（HT-1032 三溫機的通道表）移植樹沒有定義（MainCalcCore.h:69、forms/fTemp_Set.h:218 都記成缺）；外層是 iATC_MODE_TYPE==61（HT-1032 AT）才進的大括號 for，閘掉這一行後迴圈是空的、沒有副作用 (golden :19165)	bUT150HasUse[TriTemp_Ch[i]]=bUT150Install[TriTemp_Ch[i]];			FAIL			yes	fMain_Heater.cpp:664:42: error: 'TriTemp_Ch' was not declared in this scope	仍缺：未宣告 TriTemp_Ch		
LOW	forms/fMain_Heater.cpp	1281	1283	1	GATE(W906-I01)		GATE(W906-I01) missing-dependency: TriTemp_Ch -- golden `extern int TriTemp_Ch[ATC_MAX_SITE]`（HT-1032 三溫機的通道表）移植樹沒有定義（MainCalcCore.h:69、forms/fTemp_Set.h:218 都記成缺）；外層是 iATC_MODE_TYPE==61（HT-1032 AT）才進的大括號 for，閘掉這一行後迴圈是空的、沒有副作用 (golden :19781)	bUT150HasUse[TriTemp_Ch[i]]=bUT150Install[TriTemp_Ch[i]];			FAIL			yes	fMain_Heater.cpp:1282:46: error: 'TriTemp_Ch' was not declared in this scope	仍缺：未宣告 TriTemp_Ch		
LOW	forms/fMain_Heater.cpp	1335	1337	1	GATE(W906-I01)		GATE(W906-I01) missing-dependency: TriTemp_Ch -- golden `extern int TriTemp_Ch[ATC_MAX_SITE]`（HT-1032 三溫機的通道表）移植樹沒有定義（MainCalcCore.h:69、forms/fTemp_Set.h:218 都記成缺）；外層是 iATC_MODE_TYPE==61（HT-1032 AT）才進的大括號 for，閘掉這一行後迴圈是空的、沒有副作用 (golden :19833)	bUT150HasUse[TriTemp_Ch[i]]=bUT150Install[TriTemp_Ch[i]];			FAIL			yes	fMain_Heater.cpp:1336:46: error: 'TriTemp_Ch' was not declared in this scope	仍缺：未宣告 TriTemp_Ch		
LOW	forms/fMain_Heater.cpp	1432	1434	1	GATE(W906-I01)		GATE(W906-I01) missing-dependency: TriTemp_Ch -- golden `extern int TriTemp_Ch[ATC_MAX_SITE]`（HT-1032 三溫機的通道表）移植樹沒有定義（MainCalcCore.h:69、forms/fTemp_Set.h:218 都記成缺）；外層是 iATC_MODE_TYPE==61（HT-1032 AT）才進的大括號 for，閘掉這一行後迴圈是空的、沒有副作用 (golden :19928)	bUT150HasUse[TriTemp_Ch[i]]=bUT150Install[TriTemp_Ch[i]];			FAIL			yes	fMain_Heater.cpp:1433:42: error: 'TriTemp_Ch' was not declared in this scope	仍缺：未宣告 TriTemp_Ch		
LOW	forms/fMain_Heater.cpp	1729	1731	1	GATE(W906-I01)		GATE(W906-I01) missing-dependency: TriTemp_Ch -- golden `extern int TriTemp_Ch[ATC_MAX_SITE]`（HT-1032 三溫機的通道表）移植樹沒有定義（MainCalcCore.h:69、forms/fTemp_Set.h:218 都記成缺）；外層是 iATC_MODE_TYPE==61（HT-1032 AT）才進的大括號 for，閘掉這一行後迴圈是空的、沒有副作用 (golden :20223)	bUT150HasUse[TriTemp_Ch[i]]=bUT150Install[TriTemp_Ch[i]];			FAIL			yes	fMain_Heater.cpp:1730:38: error: 'TriTemp_Ch' was not declared in this scope	仍缺：未宣告 TriTemp_Ch		
LOW	forms/fMain_Heater.cpp	2372	2374	1	GATE(W906-I01)		GATE(W906-I01) missing-cpp-state: bChangeTemp -- golden TfMain 資料成員（main.h:1211），移植樹 TfMain facade 沒有（forms/fMain.h 0 筆）；golden 讀它的 main.cpp:3233（配 bStopChangeTempVisible，移植樹 0 筆）與 :24043-24114 都還沒翻 -- 翻那幾支的人加成員並解開這一行 (golden :23894)	bChangeTemp=false;			FAIL			yes	fMain_Heater.cpp:2373:5: error: 'bChangeTemp' was not declared in this scope	仍缺：未宣告 bChangeTemp		
LOW	forms/fMain_Heater.cpp	2457	2459	1	GATE(W906-I01)		GATE(W906-I01) missing-dependency: ATC_InterfaceForm->SendAirMachineStatus -- 全域 ATC_InterfaceForm 是 TATC_InterfaceFormShim（acarry_shims.h:109，只有 iATC_MODE_TYPE）；真的 TATC_InterfaceForm（forms/fATCHandlerSide.h）沒接上。只有 HT-1032 三溫機（AirStream_Select==1 && Tri_Temp_Machine==1）會走到，外層大括號 if 保留 (golden :23977	ATC_InterfaceForm->SendAirMachineStatus(1, Temperature.fSetTempature2AirMachine*10, Temperature.dSetIndexAirstreamTemp*10);			FAIL			yes	fMain_Heater.cpp:2458:28: error: 'class TATC_InterfaceFormShim' has no member named 'SendAirMachineStatus'	仍缺：TATC_InterfaceFormShim 沒有成員 SendAirMachineStatus		
LOW	forms/fMain_OperateMode.cpp	146	149	2	TODO(W906-OPMODE)		TODO(W906-OPMODE): TemperatureBackup / TemperatureSoakTimeBackup (golden main.h:1188-1189, AnsiString TfMain data members) have no TfMain facade member -- Grep over the port tree (*.h,*.cpp): 0 hits; their only golden readers are edSoakTimeMouseDown / edWorkTemperBaseMouseDown (main.cpp:25764 / :258	TemperatureBackup           =Temperature.fWorkTemperBase;                   //kevin 20160908			FAIL			yes	fMain_OperateMode.cpp:147:5: error: 'TemperatureBackup' was not declared in this scope	仍缺：未宣告 TemperatureBackup		
LOW	forms/fMain_OperateMode.cpp	157	159	1	TODO(W906-OPMODE)		TODO(W906-OPMODE): labAutomation->Font -- missing dependency (not web-display): labAutomation IS a facade member (forms/fMain.h:280) but vclcompat TPanel has no Font and the facade has no parallel labAutomationFont (the fMain.h:1204-1205 pnlCleanCountFont pattern) -- golden main.cpp:12818	labAutomation->Font->Color=clBlue;			FAIL			yes	fMain_OperateMode.cpp:158:28: error: 'TfMainPanel {aka class vclcompat::TPanel}' has no member named 'Font'	仍缺：fMain_OperateMode.cpp:158:28: error: 'TfMainPanel {aka class vclcompat::TPanel}' has no member named 'Font'		
LOW	forms/fMain_OperateMode.cpp	171	177	5	TODO(W906-OPMODE)		TODO(W906-OPMODE): fMain->tPSM (golden main.h:1339 `TPowerSaving tPSM;`) is not a TfMain facade member -- Grep "tPSM" over the port tree: only gated precedents (csystem.cpp G05, WebStart.cpp W906-ST-W5-D, forms/fMain.cpp W906-HOME-W1-PSM); PowerSavingMode.h:156 tPowerSaving is a different object and	(IniConfig.bPowerSaveFunction==true &&			FAIL			yes	fMain_OperateMode.cpp:174:16: error: 'class TfMain' has no member named 'tPSM'	仍缺：TfMain 沒有成員 tPSM	HAS-#else	
LOW	forms/fMain_OperateMode.cpp	204	206	1	TODO(W906-OPMODE)		TODO(W906-OPMODE): spbSet is display state owned by the web page (no TfMain facade member) -- golden main.cpp:12859	spbSet          ->Visible=true;			FAIL			yes	fMain_OperateMode.cpp:205:9: error: 'spbSet' was not declared in this scope	仍缺：未宣告 spbSet		
LOW	forms/fMain_OperateMode.cpp	208	211	2	TODO(W906-OPMODE)		TODO(W906-OPMODE): labSoakTime / labDeg are display state owned by the web page (no TfMain facade member) -- golden main.cpp:12861-12862	labSoakTime     ->Visible=false;			FAIL			yes	fMain_OperateMode.cpp:209:9: error: 'labSoakTime' was not declared in this scope	仍缺：未宣告 labSoakTime		
LOW	forms/fMain_OperateMode.cpp	231	237	5	TODO(W906-OPMODE)		TODO(W906-OPMODE): imgTempOnOff / lblTemperatureMode are display state owned by the web page (no TfMain facade member) -- golden main.cpp:12882-12886	if(FileExists(S))			FAIL			yes	fMain_OperateMode.cpp:233:13: error: 'imgTempOnOff' was not declared in this scope	仍缺：未宣告 imgTempOnOff		
LOW	forms/fMain_OperateMode.cpp	246	248	1	TODO(W906-OPMODE)		TODO(W906-OPMODE): spbSet is display state owned by the web page (no TfMain facade member) -- golden main.cpp:12895	spbSet          ->Visible=false;			FAIL			yes	fMain_OperateMode.cpp:247:9: error: 'spbSet' was not declared in this scope	仍缺：未宣告 spbSet		
LOW	forms/fMain_OperateMode.cpp	250	253	2	TODO(W906-OPMODE)		TODO(W906-OPMODE): labSoakTime / labDeg are display state owned by the web page (no TfMain facade member) -- golden main.cpp:12897-12898	labSoakTime     ->Visible=false;			FAIL			yes	fMain_OperateMode.cpp:251:9: error: 'labSoakTime' was not declared in this scope	仍缺：未宣告 labSoakTime		
LOW	forms/fMain_OperateMode.cpp	264	268	3	TODO(W906-OPMODE)		TODO(W906-OPMODE): imgTempOnOff is display state owned by the web page (no TfMain facade member) -- golden main.cpp:12909-12911	if(FileExists(S))			FAIL			yes	fMain_OperateMode.cpp:266:13: error: 'imgTempOnOff' was not declared in this scope	仍缺：未宣告 imgTempOnOff		
LOW	forms/fMain_OperateMode.cpp	270	273	2	TODO(W906-OPMODE)		TODO(W906-OPMODE): lblTemperatureMode is display state owned by the web page (no TfMain facade member) -- golden main.cpp:12913-12914	lblTemperatureMode->Caption="Ambient Mode";			FAIL			yes	fMain_OperateMode.cpp:271:9: error: 'lblTemperatureMode' was not declared in this scope	仍缺：未宣告 lblTemperatureMode		
LOW	forms/fMain_OperateMode.cpp	285	287	1	TODO(W906-OPMODE)		TODO(W906-OPMODE): spbSet is display state owned by the web page (no TfMain facade member) -- golden main.cpp:12926	spbSet      ->Visible=true;			FAIL			yes	fMain_OperateMode.cpp:286:9: error: 'spbSet' was not declared in this scope	仍缺：未宣告 spbSet		
LOW	forms/fMain_OperateMode.cpp	289	292	2	TODO(W906-OPMODE)		TODO(W906-OPMODE): labSoakTime / labDeg are display state owned by the web page (no TfMain facade member) -- golden main.cpp:12928-12929	labSoakTime ->Visible=true;			FAIL			yes	fMain_OperateMode.cpp:290:9: error: 'labSoakTime' was not declared in this scope	仍缺：未宣告 labSoakTime		
LOW	forms/fMain_OperateMode.cpp	297	299	1	TODO(W906-OPMODE)		TODO(W906-OPMODE): spbSet is display state owned by the web page (no TfMain facade member) -- golden main.cpp:12934	spbSet          ->Visible=true;			FAIL			yes	fMain_OperateMode.cpp:298:13: error: 'spbSet' was not declared in this scope	仍缺：未宣告 spbSet		
LOW	forms/fMain_OperateMode.cpp	301	304	2	TODO(W906-OPMODE)		TODO(W906-OPMODE): labSoakTime / imgTempOnOff are display state owned by the web page (no TfMain facade member) -- golden main.cpp:12936-12937	labSoakTime     ->Enabled=true;			FAIL			yes	fMain_OperateMode.cpp:302:13: error: 'labSoakTime' was not declared in this scope	仍缺：未宣告 labSoakTime		
LOW	forms/fMain_OperateMode.cpp	309	311	1	TODO(W906-OPMODE)		TODO(W906-OPMODE): spbSet is display state owned by the web page (no TfMain facade member) -- golden main.cpp:12942	spbSet          ->Visible=false;			FAIL			yes	fMain_OperateMode.cpp:310:13: error: 'spbSet' was not declared in this scope	仍缺：未宣告 spbSet		
LOW	forms/fMain_OperateMode.cpp	313	316	2	TODO(W906-OPMODE)		TODO(W906-OPMODE): labSoakTime / imgTempOnOff are display state owned by the web page (no TfMain facade member) -- golden main.cpp:12944-12945	labSoakTime     ->Enabled=false;			FAIL			yes	fMain_OperateMode.cpp:314:13: error: 'labSoakTime' was not declared in this scope	仍缺：未宣告 labSoakTime		
LOW	forms/fMain_OperateMode.cpp	324	329	4	TODO(W906-OPMODE)		TODO(W906-OPMODE): labSoakTime / lblTemperatureMode are display state owned by the web page (no TfMain facade member) -- golden main.cpp:12953-12956	labSoakTime ->Visible=false;			FAIL			yes	fMain_OperateMode.cpp:325:13: error: 'labSoakTime' was not declared in this scope	仍缺：未宣告 labSoakTime		
LOW	forms/fMain_OperateMode.cpp	331	334	2	TODO(W906-OPMODE)		TODO(W906-OPMODE): imgTempOnOff is display state owned by the web page (no TfMain facade member) -- golden main.cpp:12958-12959	if(FileExists(S))			FAIL			yes	fMain_OperateMode.cpp:333:17: error: 'imgTempOnOff' was not declared in this scope	仍缺：未宣告 imgTempOnOff		
LOW	forms/fMain_OperateMode.cpp	340	342	1	TODO(W906-OPMODE)		TODO(W906-OPMODE): lblTemperatureMode is display state owned by the web page (no TfMain facade member) -- golden main.cpp:12965	lblTemperatureMode->Caption="ATC Mode";			FAIL			yes	fMain_OperateMode.cpp:341:17: error: 'lblTemperatureMode' was not declared in this scope	仍缺：未宣告 lblTemperatureMode		
LOW	forms/fMain_OperateMode.cpp	357	359	1	TODO(W906-OPMODE)		TODO(W906-OPMODE): lblTemperatureMode is display state owned by the web page (no TfMain facade member) -- golden main.cpp:12980	lblTemperatureMode->Caption="Hot Mode";			FAIL			yes	fMain_OperateMode.cpp:358:17: error: 'lblTemperatureMode' was not declared in this scope	仍缺：未宣告 lblTemperatureMode		
LOW	forms/fMain_OperateMode.cpp	364	366	1	TODO(W906-OPMODE)		TODO(W906-OPMODE): lblTemperatureMode is display state owned by the web page (no TfMain facade member) -- golden main.cpp:12985	lblTemperatureMode->Font->Color=clBlue;			FAIL			yes	fMain_OperateMode.cpp:365:17: error: 'lblTemperatureMode' was not declared in this scope	仍缺：未宣告 lblTemperatureMode		
LOW	forms/fMain_OperateMode.cpp	371	373	1	TODO(W906-OPMODE)		TODO(W906-OPMODE): lblTemperatureMode is display state owned by the web page (no TfMain facade member) -- golden main.cpp:12990	lblTemperatureMode->Font->Color=clRed;			FAIL			yes	fMain_OperateMode.cpp:372:17: error: 'lblTemperatureMode' was not declared in this scope	仍缺：未宣告 lblTemperatureMode		
LOW	forms/fMain_OperateMode.cpp	380	383	2	TODO(W906-OPMODE)		TODO(W906-OPMODE): imgTempOnOff is display state owned by the web page (no TfMain facade member) -- golden main.cpp:12997-12998	if(FileExists(S))			FAIL			yes	fMain_OperateMode.cpp:382:17: error: 'imgTempOnOff' was not declared in this scope	仍缺：未宣告 imgTempOnOff		
LOW	forms/fMain_OperateMode.cpp	392	394	1	TODO(W906-OPMODE)		TODO(W906-OPMODE): spbSet is display state owned by the web page (no TfMain facade member) -- golden main.cpp:13007	spbSet->Caption="";			FAIL			yes	fMain_OperateMode.cpp:393:13: error: 'spbSet' was not declared in this scope	仍缺：未宣告 spbSet		
LOW	forms/fMain_OperateMode.cpp	433	435	1	TODO(W906-OPMODE)		TODO(W906-OPMODE): lblTemperatureMode is display state owned by the web page (no TfMain facade member) -- golden main.cpp:13046	lblTemperatureMode->Caption=StrRef;			FAIL			yes	fMain_OperateMode.cpp:434:21: error: 'lblTemperatureMode' was not declared in this scope	仍缺：未宣告 lblTemperatureMode		
LOW	forms/fMain_OperateMode.cpp	439	444	4	TODO(W906-OPMODE)		TODO(W906-OPMODE): lblTemperatureMode is display state owned by the web page (no TfMain facade member) -- golden main.cpp:13050-13053	if(LastSet.iTemperature==Tempture_Hot)                      //Ifor 20160427 修改ATC機台關閉ATC生產溫度模式顯示			FAIL			yes	fMain_OperateMode.cpp:441:25: error: 'lblTemperatureMode' was not declared in this scope	仍缺：未宣告 lblTemperatureMode		
LOW	forms/fMain_OperateMode.cpp	462	464	1	TODO(W906-OPMODE)		TODO(W906-OPMODE): lblTemperatureMode is display state owned by the web page (no TfMain facade member) -- golden main.cpp:13071	lblTemperatureMode->Caption=StrRef;			FAIL			yes	fMain_OperateMode.cpp:463:17: error: 'lblTemperatureMode' was not declared in this scope	仍缺：未宣告 lblTemperatureMode		
LOW	forms/fMain_OperateMode.cpp	468	473	4	TODO(W906-OPMODE)		TODO(W906-OPMODE): lblTemperatureMode is display state owned by the web page (no TfMain facade member) -- golden main.cpp:13075-13078	if(LastSet.iTemperature==Tempture_Hot)                          //Ifor 20160427 修改ATC機台關閉ATC生產溫度模式顯示			FAIL			yes	fMain_OperateMode.cpp:470:21: error: 'lblTemperatureMode' was not declared in this scope	仍缺：未宣告 lblTemperatureMode		
LOW	forms/fMain_OperateMode.cpp	535	537	1	TODO(W906-OPMODE)		TODO(W906-OPMODE): spbSet is display state owned by the web page (no TfMain facade member) -- golden main.cpp:27055	spbSet->Caption="";			FAIL			yes	fMain_OperateMode.cpp:536:13: error: 'spbSet' was not declared in this scope	仍缺：未宣告 spbSet		
LOW	forms/fMain_OperateMode.cpp	578	581	2	TODO(W906-OPMODE)		TODO(W906-OPMODE): palPrime / palNormal are display state owned by the web page (no TfMain facade member) -- golden main.cpp:32391-32392	palPrime->Visible=true;			FAIL			yes	fMain_OperateMode.cpp:579:9: error: 'palPrime' was not declared in this scope	仍缺：未宣告 palPrime		
LOW	forms/fMain_OperateMode.cpp	585	588	2	TODO(W906-OPMODE)		TODO(W906-OPMODE): palPrime / palNormal are display state owned by the web page (no TfMain facade member) -- golden main.cpp:32396-32397	palPrime->Color=clRed;			FAIL			yes	fMain_OperateMode.cpp:586:13: error: 'palPrime' was not declared in this scope	仍缺：未宣告 palPrime		
LOW	forms/fMain_OperateMode.cpp	592	595	2	TODO(W906-OPMODE)		TODO(W906-OPMODE): palPrime / palNormal are display state owned by the web page (no TfMain facade member) -- golden main.cpp:32401-32402	palPrime->Color=clBtnFace;			FAIL			yes	fMain_OperateMode.cpp:593:13: error: 'palPrime' was not declared in this scope	仍缺：未宣告 palPrime		
LOW	forms/fMain_OperateMode.cpp	600	603	2	TODO(W906-OPMODE)		TODO(W906-OPMODE): palPrime / palNormal are display state owned by the web page (no TfMain facade member) -- golden main.cpp:32407-32408	palPrime->Visible=false;			FAIL			yes	fMain_OperateMode.cpp:601:9: error: 'palPrime' was not declared in this scope	仍缺：未宣告 palPrime		
LOW	forms/fMain_SetLotState.cpp	151	218	66	GATE(W906-SETLOTSTATE-HANA)		GATE(W906-SETLOTSTATE-HANA) 20261001: golden text below, verbatim. fMain->hanaART is the offline facade TfMainHanaART (forms/fMain.h:80-96): IsHanaArtAvailable() is always false and the HANA ART subsystem is not wired into TfMain, so this arm is unreachable here; its body also needs DoSETUP_INFORM /	if(iState==2)                                                           //FT Start			FAIL			yes	fMain_SetLotState.cpp:154:22: error: 'class TfMainHanaART' has no member named 'DoSETUP_INFORM'	仍缺：TfMainHanaART 沒有成員 DoSETUP_INFORM	ONCLICK	
LOW	forms/fMain_SetLotState.cpp	261	278	16	GATE(W906-SETLOTSTATE-RENESAS)		GATE(W906-SETLOTSTATE-RENESAS) 20261001: golden text below, verbatim. fMain->RENESAS_Server is the offline facade TfMainRENESASServer (forms/fMain.h:136-143); the real TRENESAS_Server (Automation/uRENESAS_Server.cpp, the class that owns iHaveRecvTestEnd) is compiled but never instantiated, so there 	if(RENESAS_Server->iHaveRecvTestEnd==1)			FAIL			yes	fMain_SetLotState.cpp:262:32: error: 'class TfMainRENESASServer' has no member named 'iHaveRecvTestEnd'	仍缺：TfMainRENESASServer 沒有成員 iHaveRecvTestEnd		
LOW	forms/fMain_TestSeconds.cpp	37	39	1	GATE(W906-J12)		GATE(W906-J12) web-display: fMain has no StatusBar1 -- the page shows iCurrentTime (status [5], St01 publishes) -- golden main.cpp:21165	fMain->StatusBar1->Panels->Items[5]->Text=AnsiString(iCurrentTime);			FAIL			yes	fMain_TestSeconds.cpp:38:16: error: 'class TfMain' has no member named 'StatusBar1'  (補 include forms/fMain.h 之後)	仍缺：TfMain 沒有成員 StatusBar1		
LOW	forms/fMain_TestSeconds.cpp	78	80	1	GATE(W906-J12)		GATE(W906-J12) web-display: fMain has no StatusBar1 -- the page shows iCurrentTime (status [5], St01 publishes) -- golden main.cpp:21204	fMain->StatusBar1->Panels->Items[5]->Text="0";			FAIL			yes	fMain_TestSeconds.cpp:79:12: error: 'class TfMain' has no member named 'StatusBar1'  (補 include forms/fMain.h 之後)	仍缺：TfMain 沒有成員 StatusBar1		
LOW	forms/fMonitor.cpp	42	52	9			AI(W906-FRW-S110) 20260926: 下面 :32 那一次開機讀檔改由 FileRW/Monitor.cpp 的 FileRW_Monitor_Boot() 在 golden CreateForm(TfMonitor) （HT9045.cpp:247）的時機做（C 路 Monitor.gen.inc 的 LoadTCPIPParament；元件就是本門面這 7 個物件、sADDRESS／iPORT 也是這裡的）； :30-31／:33 的 MVCtrl（TCP）仍沒做，交 Jimmy。	MVCtrl=new MonitorTCPIP(new TCPClient(MonitorClientSocket));			FAIL			yes	fMonitor.cpp:49:33: error: expected type-specifier before 'TCPClient'	仍缺：fMonitor.cpp:49:33: error: expected type-specifier before 'TCPClient'		
LOW	forms/fMonitor.cpp	87	91	3				MVCtrl->Disconnect();			FAIL			yes	fMonitor.cpp:90:15: error: invalid use of incomplete type 'class MonitorTCPIP'	仍缺：不完整型別 class MonitorTCPIP		
LOW	forms/fMonitor.cpp	95	100	4				delete MVCtrl;		sim+ship	PASS	LINK-OK	SHIP-OK	likely-no	(compiles: -fsyntax-only)	候選：照 golden 解開（先看風險標記）		
LOW	forms/fMonitor.cpp	111	116	4				LogSoftwareOffTime("TfMonitor, FormDestroy"); //Steven 20210526		sim+ship	PASS	LINK-OK	SHIP-OK	likely-no	(compiles: -fsyntax-only)	候選：照 golden 解開（先看風險標記）		
LOW	forms/fMonitor.cpp	150	153	2				MVCtrl->InitialSocket(sADDRESS, iPORT);			FAIL			yes	fMonitor.cpp:152:11: error: invalid use of incomplete type 'class MonitorTCPIP'	仍缺：不完整型別 class MonitorTCPIP		
LOW	forms/fMonitor.cpp	177	190	12	GATE M-4.		send they guard -- see header banner GATE M-4.	AnsiString aSendData;			FAIL			yes	fMonitor.cpp:187:15: error: invalid use of incomplete type 'class MonitorTCPIP'	仍缺：不完整型別 class MonitorTCPIP		
LOW	forms/fMonitor.cpp	198	211	12			OpenMonitorVedio above ("SS0%d\r\n" stop-relay command).	AnsiString aSendData;			FAIL			yes	fMonitor.cpp:208:15: error: invalid use of incomplete type 'class MonitorTCPIP'	仍缺：不完整型別 class MonitorTCPIP		
LOW	forms/fNote_JamCount.cpp	59	62	2	GATE(W906-J2)		GATE(W906-J2) G1: fNote has no sJamArea / sJamCode (golden :872-877 builds them from MyDBIEvent's UnitNo + JamArea[]; the port's MyDBIEvent segment is still #if 0, cMyDB.cpp:878) -- MTBA customers keep today's behaviour (no count) -- golden note.cpp:357-358   [AI(W906-JAM-STOP) 20260930: partly stal	if(LastSet.iRealDummy==REALLY)		sim+ship	PASS-WITH-INCLUDE	LINK-OK	SHIP-OK	likely-no（缺 include）	fNote_JamCount.cpp:61:23: error: 'fSecurity' was not declared in this scope	候選：補 include forms/fSecurity.h 後照 golden 解開（先確認那個名字是真本體、不是 stub／shim）		
LOW	forms/fNote_ShowError.cpp	227	264	36	GATE(W906-SHOWERR)		GATE(W906-SHOWERR) E1: golden :4400-4435 -- description path, PlayMovie (GATE N-9, not defined) and reDescription / reBigDescription (no TfNote member); display only, the page shows the description	AnsiString Language, TextPath="", MoviePath="";			FAIL			yes	fNote_ShowError.cpp:262:5: error: 'reDescription' was not declared in this scope	仍缺：未宣告 reDescription		
LOW	forms/fNote_ShowError.cpp	273	326	52	GATE(W906-SHOWERR)		GATE(W906-SHOWERR) E2: golden :4444-4495 -- ShowMessageEdit1 / reDescription / reBigDescription (no TfNote member); display only	ShowMessageEdit1->Text=Mes;                                                 //kevin 20170905 (Steven) add			FAIL			yes	fNote_ShowError.cpp:274:5: error: 'ShowMessageEdit1' was not declared in this scope	仍缺：未宣告 ShowMessageEdit1		
LOW	forms/fNote_ShowError.cpp	331	333	1	GATE(W906-SHOWERR)		GATE(W906-SHOWERR) E2: golden :4499 reDescription (no TfNote member)	reDescription->Clear();			FAIL			yes	fNote_ShowError.cpp:332:9: error: 'reDescription' was not declared in this scope	仍缺：未宣告 reDescription		
LOW	forms/fNote_ShowError.cpp	335	338	2	GATE(W906-SHOWERR)		GATE(W906-SHOWERR) E2: golden :4501-4502 reDescription (no TfNote member)	reDescription->Lines->Add("Please confirm Tester VIE information");			FAIL			yes	fNote_ShowError.cpp:336:9: error: 'reDescription' was not declared in this scope	仍缺：未宣告 reDescription		
LOW	forms/fNote_ShowError.cpp	342	344	1	GATE(W906-SHOWERR)		GATE(W906-SHOWERR) E2: golden :4506 reDescription (no TfNote member)	reDescription->Font->Color=clBlack;			FAIL			yes	fNote_ShowError.cpp:343:9: error: 'reDescription' was not declared in this scope	仍缺：未宣告 reDescription		
LOW	forms/fNote_ShowError.cpp	387	393	5	GATE(W906-SHOWERR)		GATE(W906-SHOWERR) R1: golden :848-852 -- FormHS->RecordLog_HS is declared, not defined (forms/fHS.h:693 "GATE (Cat B)"); the same pair is gated at forms/fLotInfo.cpp:6912 (S117-S25-HSLOG).  SPIL customers only (IniConfig.bSPILFunction)	if(IniConfig.bSPILFunction==true)                                           //Ifor 20160408 矽品客戶要求，發生Alarm上傳一次Log			FAIL			yes	fNote_ShowError.cpp:391:17: error: 'struct W5SckArtRem_FormHSStub' has no member named 'RecordLog_HS'  (補 include Automation/SCK_ART_Remainder.h 之後)	仍缺：W5SckArtRem_FormHSStub 沒有成員 RecordLog_HS	S25	
LOW	forms/fNote_ShowError.cpp	707	709	1	GATE(W906-JAM-STOP)		GATE(W906-JAM-STOP) U1: golden :1101 -- ShowErrorUnit (golden note.cpp:4511, the VCL alarm-panel flush: FlushPanel=fNote->palXxx) has no definition in this tree (nm -C wb_serve.exe | grep ShowErrorUnit: none, 20260930) and TfNote has none of its panels; its one state line iPosition=Pos (:4514) has o	ShowErrorUnit(Pos);			FAIL			yes	fNote_ShowError.cpp:708:22: error: 'ShowErrorUnit' was not declared in this scope	仍缺：未宣告 ShowErrorUnit		
LOW	forms/fNote_ShowError.cpp	717	720	2	GATE(W906-JAM-STOP)		GATE(W906-JAM-STOP) F1: golden :1108-1109 -- fFTPClient->SaveJamCodeFile was never translated (fFTPClient has no port: BarcodeReader.h:44 GATE B-F1, AutoClean.cpp:849-860; nm -C wb_serve.exe | grep SaveJamCodeFile: none, 20260930); ASE_aDate (golden note.cpp:123) has no other reader in the port (gol	ASE_aDate=Now();			FAIL			yes	fNote_ShowError.cpp:718:5: error: 'ASE_aDate' was not declared in this scope	仍缺：未宣告 ASE_aDate		
LOW	forms/fNote_ShowError.cpp	742	748	5	GATE(W906-JAM-STOP)		GATE(W906-JAM-STOP) F2: golden :1128-1132 -- the same two missing dependencies as SAFETY-GATE(W906-YESNO-FTCT) (tools/wb_serve.cpp W906_YesNoShowLikeGolden): bAutoRestartAfterFTCTAlarm's definition is inside cmydef.cpp's `#if 0 // TODO(W6)` (cmydef.cpp:6178, nm -C wb_serve.exe: absent, 20260930), an	if(TestIF_File.bRENESAS_EnableFTCT==true)                                   //RogerYang 20251002 : RogerYang 瑞薩FT-CT 解綁manualstart			FAIL			yes	fNote_ShowError.cpp:746:32: error: 'class TfMainRENESASServer' has no member named 'FTCTManStartUnlock'	仍缺：TfMainRENESASServer 沒有成員 FTCTManStartUnlock	SAFETY	
LOW	forms/fNote_ShowError.cpp	890	895	4	GATE(W906-J5-ACK)		GATE(W906-J5-ACK) B1: golden :3828-3831 -- fNote->bNeedTCPAlarm (TfNote has none; Command.cpp's readers are comments / #if 0) and bErrPan_err / Pwd (0 definitions in this tree, git grep 20260930): the HandlerResultServer panel lock and the SpecialPanel password are not ported, so neither refuses her	if(CosFunction.bEnableHandlerResultServer && bNeedTCPAlarm)                 //Sam 20230620 : 面板已經鎖定需要 IT 下命令解鎖			FAIL			yes	fNote_ShowError.cpp:891:50: error: 'bNeedTCPAlarm' was not declared in this scope	仍缺：未宣告 bNeedTCPAlarm		
LOW	forms/fNote_ShowError.cpp	921	944	22	GATE(W906-J5-ACK)		GATE(W906-J5-ACK) B2: golden :3842-3863 -- fNote->TempCode, pnlLotInfo / tsHandler, edtLotCount, edEQCQty: TfNote has none of them (forms/fNote.h) -- the Lot Info / Bundle ID input checks of the old VCL note; no kcode==0 caller raises MES16111 / MES16112 / MES1712 in this tree with an input to check	if(pnlLotInfo->Parent==tsHandler)			FAIL			yes	fNote_ShowError.cpp:922:8: error: 'pnlLotInfo' was not declared in this scope	仍缺：未宣告 pnlLotInfo		
LOW	forms/fNote_ShowError.cpp	947	958	10	GATE(W906-J5-ACK)		GATE(W906-J5-ACK) B3: golden :4046-4055 -- TfNote::DoPassword / bNeedPassWord / TempCode are not in this tree (forms/fNote.h; the WS dialog.auth answers "not wired", wb_serve.cpp): a note golden guards with a password closes without one -- as for the blocking close   [AI(W906-B28-NOTE) 20261002: the	if(IniConfig.bF15OutShuttleLoseICNeedPWD)                               //ChungHung 20120912 Amkor 需求Shuttle lose ic need password Only Skip			FAIL			yes	fNote_ShowError.cpp:950:17: error: 'TempCode' was not declared in this scope	仍缺：未宣告 TempCode		
LOW	forms/fNote_ShowError.cpp	959	1005	45	GATE(W906-J5-ACK)		GATE(W906-J5-ACK) B4: golden :4057-4101 -- P53: TfNote::CheckBinCode is declared, not defined (GATE N-10, forms/fNote.h:433); myBinCodeEdit / labCheckBin / bCheckBinOK do not exist; the page's notice has no bin-code input.  Its codes are raised with K_RETRY in this tree (csystem.cpp:12725 / :12772, 	if(IniConfig.bP53_ForcedScanBinCodeOfUnloader &&                        //JerryYang 20240111 : add P53 function			FAIL			yes	fNote_ShowError.cpp:963:17: error: 'edErrorCode' was not declared in this scope	仍缺：未宣告 edErrorCode	UI-STATE	
LOW	forms/fNote_ShowError.cpp	1006	1049	42	GATE(W906-J5-ACK)		GATE(W906-J5-ACK) B5: golden :4103-4144 -- the Bundle ID / NO ReTest BIN checks read fNote->edBundleID, which the page never fills (the notice has no input), and show lblBundleIDErr / lblBundleUnloadIDuplicted / lblBunIDNotInList (TfNote has none); TempCode / iNoRTBinIdx do not exist.  MES1712 / MES	if(edErrorCode->Text=="MES1712" || edErrorCode->Text=="MES1812" || edErrorCode->Text=="MES1912")			FAIL			yes	fNote_ShowError.cpp:1007:12: error: 'edErrorCode' was not declared in this scope	仍缺：未宣告 edErrorCode		
LOW	forms/fNote_ShowError.cpp	1064	1070	5			[W906] display, not state: golden :2507-2511 -- the SCK ART panel / btPrintSummary / pnlCorrectionCount of the VCL note (the box is the browser page; the blocking close leaves them out too, tools/wb_serve.cpp ~W906ModalWaitScope)	fSCKART->palARTCount->Parent=fSCKART->palARTLeft;                           //Steven 20170111 (wei) : Add button for SCK ART			FAIL			yes	fNote_ShowError.cpp:1065:14: error: 'class TfSCKART' has no member named 'palARTCount'; did you mean 'iFTRTCount'?  (補 include forms/fSCKART.h 之後)	仍缺：TfSCKART 沒有成員 palARTCount		
LOW	forms/fNote_ShowError.cpp	1072	1077	4	GATE(W906-J5-ACK)		GATE(W906-J5-ACK) C1: golden :2514-2517 -- TfProductionInfo has no bFTPError (forms/fProductionInfo.h; bFTPError is FormHS's, forms/fHS.h:665)	if(CosFunction.bOEEFunction)                                                //Steven 20180417 (Jou) : OEE功能			FAIL			yes	fNote_ShowError.cpp:1075:26: error: 'class TfProductionInfo' has no member named 'bFTPError'  (補 include forms/fProductionInfo.h 之後)	仍缺：TfProductionInfo 沒有成員 bFTPError		
LOW	forms/fNote_ShowError.cpp	1079	1082	2	GATE(W906-J5-ACK)		GATE(W906-J5-ACK) C2: golden :2520-2521 -- TfNote has no bSendJamCodeToFTP (KYECFTP/FTPClient_Transfer.cpp Gate #3) and no bNeedPassWord	bSendJamCodeToFTP=false;			FAIL			yes	fNote_ShowError.cpp:1080:5: error: 'bSendJamCodeToFTP' was not declared in this scope	仍缺：未宣告 bSendJamCodeToFTP		
LOW	forms/fNote_ShowError.cpp	1109	1111	1	GATE(W906-J5-ACK)		GATE(W906-J5-ACK) C3: golden :2546 -- bScanBinLabel has no definition in this tree (git grep 20260930: 0 hits)	bScanBinLabel=false;                                                        //JerryYang 20250429 : fix Auto In/Out			FAIL			yes	fNote_ShowError.cpp:1110:5: error: 'bScanBinLabel' was not declared in this scope	仍缺：未宣告 bScanBinLabel		
LOW	forms/fNote_ShowError.cpp	1114	1120	5			[W906] INBOX 64: golden :2551-2555 -- the SECS alarm-clear report on close; the blocking close does not send it either (forms/fNote_JamCount.cpp banner), both land together	if(CUSTOMER_CODE!=CC_KYEC_LEE && IniConfig.bEnable_SECS_GEM==true)          //JerryYang 20170504 (Steven) SPIL騰清說解除alarm也需上報alarm report			FAIL			yes	fNote_ShowError.cpp:1117:40: error: 'edErrorCode' was not declared in this scope	仍缺：未宣告 edErrorCode		
LOW	forms/fNote_ShowError.cpp	1125	1129	3	GATE(W906-J5-ACK)		GATE(W906-J5-ACK) C4: golden :2559-2561 -- StopMovie is declared, not defined (GATE N-9, forms/fNote.h:428); palShtSensorSOP is VCL; bShowSpecialPan has no definition (git grep 20260930: 0 hits)	StopMovie();			FAIL			yes	fNote_ShowError.cpp:1126:15: error: 'StopMovie' was not declared in this scope	仍缺：未宣告 StopMovie		
LOW	forms/fNote_ShowError.cpp	1133	1150	16			[W906] not reached: golden :2569-2584 act only on fNote->ReturnCode==K_SKIP, and a KeyCode==0 note returns 0 (:4147)	if(IniConfig.bA67TriggerOneCycleWhenAlarm)                                  //JerryYang 20241028 : 矽品彰化要求 特定ALARM要觸發ONE CYCLE			FAIL			yes	fNote_ShowError.cpp:1136:19: error: 'class TfNote' has no member named 'ReturnCode'; did you mean 'KeyCode'?	仍缺：TfNote 沒有成員 ReturnCode		
LOW	forms/fNote_ShowError.cpp	1151	1172	20	GATE(W906-J5-ACK)		GATE(W906-J5-ACK) C5: golden :2586-2605 -- TfProductionInfo has no ACM_WriteMsgAndCallExe (git grep 20260930: 0 hits); Greatek OEE N14_14 only	if(CosFunction.bOEEFunction &&			FAIL			yes	fNote_ShowError.cpp:1155:9: error: 'sMessage' was not declared in this scope	仍缺：未宣告 sMessage		
LOW	forms/fNote_ShowError.cpp	1181	1215	33	GATE(W906-J5-ACK)		[W906] not reached (ReturnCode 0) and GATE(W906-J5-ACK) C6: golden :2615-2647 -- ShowMyInputSkip has no definition in this tree (git grep 20260930: 0 hits)	if(fNote->ReturnCode==K_SKIP ||			FAIL			yes	fNote_ShowError.cpp:1182:23: error: 'class TfNote' has no member named 'ReturnCode'; did you mean 'KeyCode'?	仍缺：TfNote 沒有成員 ReturnCode		
LOW	forms/fNote_ShowError.cpp	1223	1232	8			[W906] display, not state: golden :2655-2662 -- the 2D-code grid of the VCL note	for(int i=0; i<InArmSuck.iShtRow; i++)			FAIL			yes	fNote_ShowError.cpp:397:59: error: call of overloaded 'MyDBIProcess(const char [8], vclcompat::AnsiString)' is ambiguous  (補 include aHotPlateSubstrate.h 之後)	仍缺：fNote_ShowError.cpp:397:59: error: call of overloaded 'MyDBIProcess(const char [8], vclcompat::AnsiString)' is ambiguous		
LOW	forms/fNote_ShowError.cpp	1234	1241	6	GATE(W906-J5-ACK)		GATE(W906-J5-ACK) C7: golden :2666-2671 -- fFTPClient has no port (BarcodeReader.h:44 GATE B-F1)	if(CosFunction.bDownloadUpdateAutomatically &&			FAIL			yes	fNote_ShowError.cpp:1238:12: error: 'edErrorCode' was not declared in this scope	仍缺：未宣告 edErrorCode		
LOW	forms/fNote_ShowError.cpp	1243	1249	5	GATE(W906-J5-ACK)		GATE(W906-J5-ACK) C8: golden :2675-2679 -- TfNote has no bCloseShowMsg (its only writer, Command.cpp:17513, is #if 0); and its ShowMyMessage would block in a wait loop, which this ack must never enter	if(bCloseShowMsg)                                                           //Sam 20230426 : 通知系統 Handler 已經密碼鎖定			FAIL			yes	fNote_ShowError.cpp:1244:8: error: 'bCloseShowMsg' was not declared in this scope	仍缺：未宣告 bCloseShowMsg		
LOW	forms/fNote_ShowError.cpp	1250	1320	69	GATE(W906-J5-ACK)		GATE(W906-J5-ACK) C9: golden :2681-2749 -- fNote->TempCode does not exist (forms/fNote.h), and the Bundle ID it reports comes from fNote->edBundleID, which the page never fills.  MES1712 / 1812 / 1912 are K_RETRY alarms in this tree (csystem.cpp:13889-13894), never a notice	if(fNote->TempCode=="MES1712" || fNote->TempCode=="MES1812" || fNote->TempCode=="MES1912")			FAIL			yes	fNote_ShowError.cpp:1251:15: error: 'class TfNote' has no member named 'TempCode'; did you mean 'KeyCode'?	仍缺：TfNote 沒有成員 TempCode	WRITES-FILE	
LOW	forms/fNote_ShowError.cpp	1332	1334	1	GATE(W906-J5-ACK)		GATE(W906-J5-ACK) C10: golden :2761 -- bPLCFlag has no definition in this tree (git grep 20260930: 0 hits)	bPLCFlag=false;                                                             //KenHsieh 20250307 : fix PLC safedoor 通訊延遲問題			FAIL			yes	fNote_ShowError.cpp:1333:5: error: 'bPLCFlag' was not declared in this scope	仍缺：未宣告 bPLCFlag		
LOW	forms/fPassword.cpp	163	165	1	GATE (CLIP)		GATE (CLIP) -- VCL Clipboard() has no port anywhere in this tree (grep 20260825)	Clipboard()->Clear();		ship	PASS	LINK-OK	SHIP-FAIL fPassword.cpp:164:19: error: 'Clipboard' was not declared in this scope	yes（出貨組態）	fPassword.cpp:164:19: error: 'Clipboard' was not declared in this scope	仍缺（出貨組態才編得到／才出錯）：未宣告 Clipboard		
LOW	forms/fPassword.cpp	169	171	1	GATE (CLIP)		GATE (CLIP) -- VCL Clipboard() has no port anywhere in this tree (grep 20260825)	Clipboard()->Clear();		ship	PASS	LINK-OK	SHIP-FAIL fPassword.cpp:170:19: error: 'Clipboard' was not declared in this scope	yes（出貨組態）	fPassword.cpp:170:19: error: 'Clipboard' was not declared in this scope	仍缺（出貨組態才編得到／才出錯）：未宣告 Clipboard		
LOW	forms/fPassword.cpp	180	182	1	GATE (CLIP)		GATE (CLIP) -- VCL Clipboard() has no port anywhere in this tree (grep 20260825)	Clipboard()->Clear();		ship	PASS	LINK-OK	SHIP-FAIL fPassword.cpp:181:19: error: 'Clipboard' was not declared in this scope	yes（出貨組態）	fPassword.cpp:181:19: error: 'Clipboard' was not declared in this scope	仍缺（出貨組態才編得到／才出錯）：未宣告 Clipboard		
LOW	forms/fPassword.cpp	204	206	1	GATE (CLIP)		GATE (CLIP) -- VCL Clipboard() has no port anywhere in this tree (grep 20260825)	Clipboard()->Clear();		ship	PASS	LINK-OK	SHIP-FAIL fPassword.cpp:205:19: error: 'Clipboard' was not declared in this scope	yes（出貨組態）	fPassword.cpp:205:19: error: 'Clipboard' was not declared in this scope	仍缺（出貨組態才編得到／才出錯）：未宣告 Clipboard		
LOW	forms/fPassword.cpp	254	256	1	GATE (CLIP)		GATE (CLIP) -- VCL Clipboard() has no port anywhere in this tree (grep 20260825)	Clipboard()->Clear();		ship	PASS	LINK-OK	SHIP-FAIL fPassword.cpp:255:19: error: 'Clipboard' was not declared in this scope	yes（出貨組態）	fPassword.cpp:255:19: error: 'Clipboard' was not declared in this scope	仍缺（出貨組態才編得到／才出錯）：未宣告 Clipboard		
LOW	forms/fPassword.cpp	276	278	1	GATE (CLIP)		GATE (CLIP) -- VCL Clipboard() has no port anywhere in this tree (grep 20260825)	Clipboard()->Clear();		ship	PASS	LINK-OK	SHIP-FAIL fPassword.cpp:277:19: error: 'Clipboard' was not declared in this scope	yes（出貨組態）	fPassword.cpp:277:19: error: 'Clipboard' was not declared in this scope	仍缺（出貨組態才編得到／才出錯）：未宣告 Clipboard		
LOW	forms/fPassword.cpp	282	284	1	GATE (CLIP)		GATE (CLIP) -- VCL Clipboard() has no port anywhere in this tree (grep 20260825)	Clipboard()->Clear();		ship	PASS	LINK-OK	SHIP-FAIL fPassword.cpp:283:19: error: 'Clipboard' was not declared in this scope	yes（出貨組態）	fPassword.cpp:283:19: error: 'Clipboard' was not declared in this scope	仍缺（出貨組態才編得到／才出錯）：未宣告 Clipboard		
LOW	forms/fPassword.cpp	293	295	1	GATE (CLIP)		GATE (CLIP) -- VCL Clipboard() has no port anywhere in this tree (grep 20260825)	Clipboard()->Clear();		ship	PASS	LINK-OK	SHIP-FAIL fPassword.cpp:294:19: error: 'Clipboard' was not declared in this scope	yes（出貨組態）	fPassword.cpp:294:19: error: 'Clipboard' was not declared in this scope	仍缺（出貨組態才編得到／才出錯）：未宣告 Clipboard		
LOW	forms/fPassword.cpp	389	391	1	GATE (P-R1)		GATE (P-R1)	EvenLogUSER.PassWord[OPERATOR]  =CheckAndReadIniData(sFileName, "LEVEL", EvenLogUSER.ID[OPERATOR], AnsiString("1"));			FAIL			yes	fPassword.cpp:390:119: error: 'CheckAndReadIniData' was not declared in this scope	仍缺：未宣告 CheckAndReadIniData		
LOW	forms/fPassword.cpp	394	396	1	GATE (P-R1)		GATE (P-R1)	EvenLogUSER.PassWord[ENG_VENDOR]=CheckAndReadIniData(sFileName, "LEVEL", EvenLogUSER.ID[ENG_VENDOR], AnsiString("1"));			FAIL			yes	fPassword.cpp:395:121: error: 'CheckAndReadIniData' was not declared in this scope	仍缺：未宣告 CheckAndReadIniData		
LOW	forms/fPassword.cpp	399	401	1	GATE (P-R1)		GATE (P-R1)	EvenLogUSER.PassWord[ENG_MI]    =CheckAndReadIniData(sFileName, "LEVEL", EvenLogUSER.ID[ENG_MI] , AnsiString("1"));			FAIL			yes	fPassword.cpp:400:118: error: 'CheckAndReadIniData' was not declared in this scope	仍缺：未宣告 CheckAndReadIniData		
LOW	forms/fPassword.cpp	404	406	1	GATE (P-R1)		GATE (P-R1)	EvenLogUSER.PassWord[PM]        =CheckAndReadIniData(sFileName, "LEVEL", EvenLogUSER.ID[PM], AnsiString("1"));			FAIL			yes	fPassword.cpp:405:113: error: 'CheckAndReadIniData' was not declared in this scope	仍缺：未宣告 CheckAndReadIniData		
LOW	forms/fPassword.cpp	409	411	1	GATE (P-R1)		GATE (P-R1)	EvenLogUSER.PassWord[AUDIT]     =CheckAndReadIniData(sFileName, "LEVEL", EvenLogUSER.ID[AUDIT], AnsiString("1"));			FAIL			yes	fPassword.cpp:410:116: error: 'CheckAndReadIniData' was not declared in this scope	仍缺：未宣告 CheckAndReadIniData		
LOW	forms/fPassword.cpp	414	416	1	GATE (P-R1)		GATE (P-R1)	EvenLogUSER.PassWord[ADMIN]     =CheckAndReadIniData(sFileName, "LEVEL", EvenLogUSER.ID[ADMIN], AnsiString("1"));			FAIL			yes	fPassword.cpp:415:116: error: 'CheckAndReadIniData' was not declared in this scope	仍缺：未宣告 CheckAndReadIniData		
LOW	forms/fPassword.cpp	426	433	6	GATE (P-S1)		GATE (P-S1)	WriteIniData(sFileName, "LEVEL", EvenLogUSER.ID[OPERATOR],    EvenLogUSER.PassWord[OPERATOR]);       //未登入也使用OPERATOR			FAIL			yes	fPassword.cpp:427:97: error: 'WriteIniData' was not declared in this scope	仍缺：未宣告 WriteIniData	WRITES-FILE	
LOW	forms/fPassword.cpp	449	453	3	GATE (P-D1)		GATE (P-D1)	bool bFlag=fFTPClient->DownloadPasswordFormServer();                        //Sam 20210526 : 從 N06 DownloadPath 下載密碼本			FAIL			yes	fPassword.cpp:450:28: error: 'class TfFTPClient' has no member named 'DownloadPasswordFormServer'  (補 include KYECFTP/FTPClientForm_St02.h 之後)	仍缺：TfFTPClient 沒有成員 DownloadPasswordFormServer		
LOW	forms/fQAMode.cpp	187	231	43	GATE (Q-2)		GATE (Q-2) btnApplyClick -- golden :73-110.  WRITES DISK: 13 x	void TfQAMode::btnApplyClick(TObject *Sender)			FAIL			yes	fQAMode.cpp:198:99: error: 'ShowMyMessage' was not declared in this scope	仍缺：未宣告 ShowMyMessage	WRITES-FILE	
LOW	forms/fQAMode.cpp	233	295	61	GATE (Q-3)		GATE (Q-3) FormShow -- golden :112-168.  TRANSITIVE HIDDEN WRITE:	void TfQAMode::FormShow(TObject *Sender)			FAIL			yes	fQAMode.cpp:251:5: error: 'Left' was not declared in this scope	仍缺：未宣告 Left	UI-STATE	
LOW	forms/fQAMode.cpp	403	430	26	GATE (Q-5)		GATE (Q-5) Image1Click -- golden :234-253.  NO TIMAGE PORT:	void TfQAMode::Image1Click(TObject *Sender)			FAIL			yes	fQAMode.cpp:422:9: error: 'Image1' was not declared in this scope	仍缺：未宣告 Image1		
LOW	forms/fQAMode.cpp	432	464	31	GATE (Q-6)		GATE (Q-6) ShowTrayDirectIMG -- golden :255-277.  Same TImage absence	void TfQAMode::ShowTrayDirectIMG()			FAIL			yes	fQAMode.cpp:446:9: error: 'gbLoaderDirection' was not declared in this scope	仍缺：未宣告 gbLoaderDirection		
LOW	forms/fQAMode.cpp	466	529	62	GATE (Q-F)		GATE (Q-F) QABackupStatus -- golden :285-335 (51L), FILE-SCOPE.	void QABackupStatus(bool bBackup)                                               //Sam 20231117 : 整合到 QA 模式		sim+ship	PASS-WITH-INCLUDE	LINK-OK	SHIP-OK	likely-no（缺 include）	fQAMode.cpp:494:67: error: 'LastSet' was not declared in this scope	會寫檔：先確認裁示允許寫這個檔；候選：補 include LastSet.h + forms/fMain.h 後照 golden 解開（先確認那個名字是真本體、不是 stub／shim）	WRITES-FILE	
LOW	forms/fQwertyKey.cpp	140	145	4	GATE (Q-D1)		GATE (Q-D1)	for(unsigned int i=0; i<QwertyKey.size(); i++)			FAIL			yes	fQwertyKey.cpp:143:31: error: 'class vclcompat::TSpeedButton' has no member named 'OnClick'; did you mean 'Click'?	仍缺：vclcompat::TSpeedButton 沒有成員 OnClick		
LOW	forms/fRPDefault.cpp	112	134	21	GATE (R-1)		GATE (R-1) FormDestroy -- golden :28-41.  LINK BOUNDARY, ONE LINE	void TfRPDefault::FormDestroy(TObject *Sender)			FAIL			yes	fRPDefault.cpp:130:61: error: 'MyDBIProcess' was not declared in this scope	仍缺：未宣告 MyDBIProcess		
LOW	forms/fRPDefault.cpp	136	146	9	GATE (R-2)		GATE (R-2) spbDefaulteViewShowClick -- golden :43-46.  MISSING	void TfRPDefault::spbDefaulteViewShowClick(TObject *Sender)			FAIL			yes	fRPDefault.cpp:144:5: error: 'fRecipeDefault' was not declared in this scope	仍缺：未宣告 fRecipeDefault		
LOW	forms/fRPDefault.cpp	148	179	30	GATE (R-3)		GATE (R-3) spbSetRPDefaultClick -- golden :53-78.  LINK BOUNDARY,	void TfRPDefault::spbSetRPDefaultClick(TObject *Sender)			FAIL			yes	fRPDefault.cpp:158:13: error: 'class TfSpeed' has no member named 'Show'; did you mean 'fShow'?  (補 include forms/fSecurity.h + forms/fSpeed.h 之後)	仍缺：TfSpeed 沒有成員 Show		
LOW	forms/fRPDefault.cpp	181	223	41	GATE (R-4)		GATE (R-4) spbReplyRPDefaultClick -- golden :80-116.  LINK BOUNDARY as	void TfRPDefault::spbReplyRPDefaultClick(TObject *Sender)			FAIL			yes	fRPDefault.cpp:193:13: error: 'class TfSpeed' has no member named 'Show'; did you mean 'fShow'?  (補 include forms/fSecurity.h + forms/fSpeed.h 之後)	仍缺：TfSpeed 沒有成員 Show		
LOW	forms/fRPDefault.cpp	225	257	31	GATE (R-5)		GATE (R-5) spbSaveClick -- golden :125-151.  LINK BOUNDARY as (R-3)	void TfRPDefault::spbSaveClick(TObject *Sender)			FAIL			yes	fSpeed.h:601:5: error: 'AnsiString' does not name a type  (補 include forms/fSpeed.h + vclcompat/AnsiString.h 之後)	仍缺：未宣告 AnsiString		
HIGH	forms/fRPDefault.cpp	259	508	248	GATE (R-6)		GATE (R-6) CompareRPDefaultAndValue -- golden :153-380 (228L = 59.1% of	void TfRPDefault::CompareRPDefaultAndValue(TStringList *aName, TStringList *aDefault, TStringList *aValue)			FAIL			yes	fRPDefault.cpp:291:21: error: 'eRPVisibleCnt' was not declared in this scope	仍缺：未宣告 eRPVisibleCnt	HIGH-KW UI-STATE WRITES-FILE	
LOW	forms/fRPDefault.cpp	510	539	28	GATE (R-7)		GATE (R-7) ShowMonitoredParameter -- golden :396-415.  WRITES A SHARED	void TfRPDefault::ShowMonitoredParameter()   //Isaac 20210222 : 全智要求把參數拉出來看，方便監控			FAIL			yes	fRPDefault.cpp:525:34: error: 'WriteDataToFile' was not declared in this scope	仍缺：未宣告 WriteDataToFile	SAFETY	
LOW	forms/fSmartDiagnostic.cpp	463	465	1	GATE SD-3 --		GATE SD-3 -- golden :224 `sg->DefaultDrawing=false;`. No ->DefaultDrawing on vclcompat::TStringGrid (0 hits, 20260827). ----------------------------------------------------------------	sg->DefaultDrawing=false;			FAIL			yes	fSmartDiagnostic.cpp:464:9: error: 'class vclcompat::TStringGrid' has no member named 'DefaultDrawing'; did you mean 'DefaultColWidth'?	仍缺：vclcompat::TStringGrid 沒有成員 DefaultDrawing		
LOW	forms/fSmartDiagnostic.cpp	492	494	1	GATE SD-3 --		GATE SD-3 -- golden :245 `sg->DefaultDrawing=false;`. Same gap as InitialStringGridColor above. ----------------------------------------------------------------	sg->DefaultDrawing=false;			FAIL			yes	fSmartDiagnostic.cpp:493:9: error: 'class vclcompat::TStringGrid' has no member named 'DefaultDrawing'; did you mean 'DefaultColWidth'?	仍缺：vclcompat::TStringGrid 沒有成員 DefaultDrawing		
LOW	forms/fSmartDiagnostic.cpp	533	535	1	GATE SD-4 --		GATE SD-4 -- golden :253 `sg->Refresh();`. No ->Refresh() on vclcompat::TStringGrid (0 hits, 20260827). ----------------------------------------------------------------	sg->Refresh();			FAIL			yes	fSmartDiagnostic.cpp:534:13: error: 'class vclcompat::TStringGrid' has no member named 'Refresh'	仍缺：vclcompat::TStringGrid 沒有成員 Refresh		
LOW	forms/fSmartDiagnostic.cpp	555	557	1	GATE SD-4 --		GATE SD-4 -- golden :263 `sg->Refresh();`. Same gap as SetCellColor above. ----------------------------------------------------------------	sg->Refresh();			FAIL			yes	fSmartDiagnostic.cpp:556:13: error: 'class vclcompat::TStringGrid' has no member named 'Refresh'	仍缺：vclcompat::TStringGrid 沒有成員 Refresh		
LOW	forms/fSmartDiagnostic.cpp	587	590	2	GATE SD-5 --		GATE SD-5 -- golden :282-283 (text below is golden VERBATIM). SetVCLSizePosition is excluded outright (GATE SD-1). ----------------------------------------------------------------	SetVCLSizePosition(pn_SmartDiagnosticTitle, 0, 0, 1300, 50);    //JerryYang 20250120 : add			FAIL			yes	fSmartDiagnostic.cpp:588:63: error: 'SetVCLSizePosition' was not declared in this scope	仍缺：未宣告 SetVCLSizePosition		
HIGH	forms/fSmartDiagnostic.cpp	604	606	1	GATE SD-5 --		GATE SD-5 -- golden :290 `sgCylinder->Width=1300;`. No ->Width on vclcompat::TStringGrid (same class of gap as SD-1/SD-3/SD-4). ----------------------------------------------------------------	sgCylinder->Width=1300;			FAIL			yes	fSmartDiagnostic.cpp:605:17: error: 'class vclcompat::TStringGrid' has no member named 'Width'	仍缺：vclcompat::TStringGrid 沒有成員 Width	HIGH-KW	
LOW	forms/fTeachPara.cpp	299	301	1	GATE (W906-TEACH-W1-ALLOWALLUP)		GATE (W906-TEACH-W1-ALLOWALLUP): 缺相依 vclcompat::TSpeedButton::AllowAllUp	SelButton->AllowAllUp   =true;			FAIL			yes	fTeachPara.cpp:300:20: error: 'class vclcompat::TSpeedButton' has no member named 'AllowAllUp'	仍缺：vclcompat::TSpeedButton 沒有成員 AllowAllUp		
LOW	forms/fTeachPara.cpp	388	394	5	GATE (W906-TEACH-W1-FILECREATE)		GATE (W906-TEACH-W1-FILECREATE): 缺相依 FileCreate / FileClose	if(FileExists(szDir)==false)			FAIL			yes	fTeachPara.cpp:391:9: error: 'iFileHandle' was not declared in this scope	仍缺：未宣告 iFileHandle	WRITES-FILE	
LOW	forms/fTeachPara.cpp	567	573	5	GATE (W906-TEACH-W1-AUTOCLEANPICK)		GATE (W906-TEACH-W1-AUTOCLEANPICK): 假前提 —— Teach.* 的載入鏈不存在（n4-4 + elTeach），Teach.iAutoCleanPick==0 不代表「沒教過」   ⚠ 20260925 W5：wb_serve 開機已註冊 elTeach（FileRW_Teach_Boot）⇒ 在 wb_serve 裡前提已不成立；但 ctest 與其他 exe 沒有註冊，在那些行程裡解閘會讓 ctest 寫量產 teach.ini ⇒ 閘維持（docs/W5_PROGRESS.md §4-7）	if(Teach.iAutoCleanPick==0)                                                 //RogerYang 20250627 提到Read ini後面		sim+ship	PASS	LINK-OK	SHIP-OK	likely-no	(compiles: -fsyntax-only)	會寫檔：先確認裁示允許寫這個檔；候選：照 golden 解開（先看風險標記）	WRITES-FILE	
LOW	forms/fTestCategory.cpp	241	264	22	GATE (T-8)		GATE (T-8) FormDestroy -- golden :533-546.  TWO GATES:	void TfTestCategory::FormDestroy(TObject *Sender)			FAIL			yes	fTestCategory.cpp:255:26: error: 'PtrDC' was not declared in this scope	仍缺：未宣告 PtrDC		
LOW	forms/fTesterIF.cpp	239	245	5	GATE (F-D7)		GATE (F-D7) golden cTesterIF.cpp:37 -- the file-scope `static bool	static bool bflag=false;		sim+ship	PASS	LINK-OK	SHIP-OK	likely-no	(compiles: -fsyntax-only)	候選：照 golden 解開（先看風險標記）		
LOW	forms/fTesterIF.cpp	247	254	6	GATE (F-1)		GATE (F-1)a -- golden :42, the ctor's `InitcbDIOType(false);`.	{			FAIL			yes	fTesterIF.cpp:251:1: error: expected unqualified-id before '{' token	仍缺：fTesterIF.cpp:251:1: error: expected unqualified-id before '{' token		
LOW	forms/fTesterIF.cpp	256	284	27	GATE (F-1)		GATE (F-1)b -- golden :46-66, the ctor's two CUSTOMER_CODE blocks.	{			FAIL			yes	fTesterIF.cpp:261:1: error: expected unqualified-id before '{' token	仍缺：fTesterIF.cpp:261:1: error: expected unqualified-id before '{' token		
LOW	forms/fTesterIF.cpp	286	327	40	GATE (F-2)		GATE (F-2) InitcbDIOType -- golden :69-106. [M] `Application->	void TFTestIF::InitcbDIOType(bool bAlarm)                            //Steven 20101008 : 連按三下會不見			FAIL			yes	fTesterIF.cpp:291:5: error: 'cbDIOType' was not declared in this scope	仍缺：未宣告 cbDIOType		
LOW	forms/fTesterIF.cpp	329	562	232	GATE (F-3)		GATE (F-3) FormShow -- golden :108-334 (227L). Five independent	void TFTestIF::FormShow(TObject *Sender)			FAIL			yes	fTesterIF.cpp:338:5: error: 'PageControl1' was not declared in this scope	仍缺：未宣告 PageControl1	UI-STATE	
LOW	forms/fTesterIF.cpp	564	724	159	GATE (F-4)		GATE (F-4) SaveSetupFile -- golden :336-492 (157L). [W] WRITES THE	void TFTestIF::SaveSetupFile(AnsiString szDir, AnsiString S)         //kevin 20150105			FAIL			yes	fTesterIF.cpp:576:89: error: 'edDummyTestTime' was not declared in this scope	仍缺：未宣告 edDummyTestTime	WRITES-FILE	
LOW	forms/fTesterIF.cpp	726	798	71	GATE (F-6)		GATE (F-6) CheckRs232StandardIni -- golden :496-558 (63L). [W] writes	void TFTestIF::CheckRs232StandardIni()		sim+ship	PASS-WITH-INCLUDE	LINK-OK	SHIP-OK	likely-no（缺 include）	fTesterIF.cpp:793:9: error: 'fMain' was not declared in this scope	會寫檔：先確認裁示允許寫這個檔；候選：補 include forms/fMain.h + canary_support.h 後照 golden 解開（先確認那個名字是真本體、不是 stub／shim）	WRITES-FILE	
LOW	forms/fTesterIF.cpp	800	1223	422	GATE (F-5)		GATE (F-5) ReadTestIFFile -- golden :562-977 (416L, the file's largest	void TFTestIF::ReadTestIFFile()			FAIL			yes	fTesterIF.cpp:829:25: error: 'class TfTesterTCP' has no member named 'TimerTCPIPConnect'  (補 include LastSet.h 之後)	仍缺：TfTesterTCP 沒有成員 TimerTCPIPConnect	WRITES-FILE	
LOW	forms/fTesterIF.cpp	1225	1377	151	GATE (F-7)		GATE (F-7) DoIniDataToForm -- golden :979-1124 (146L). [T] ONLY, on	void TFTestIF::DoIniDataToForm()			FAIL			yes	fTesterIF.cpp:1239:9: error: 'edDummyTestTime' was not declared in this scope	仍缺：未宣告 edDummyTestTime		
LOW	forms/fTesterIF.cpp	1379	1417	37	GATE (F-8)		GATE (F-8) rgInterfaceTypeClick -- golden :1139-1172. [L]	void TFTestIF::rgInterfaceTypeClick(TObject *Sender)			FAIL			yes	fTesterIF.cpp:1386:33: error: 'Barcode_Reader' was not declared in this scope	仍缺：未宣告 Barcode_Reader	UI-STATE	
LOW	forms/fTesterIF.cpp	1419	1433	13	GATE (F-9)		GATE (F-9) ShowPageControl2 -- golden :1174-1183. [M]	void TFTestIF::ShowPageControl2(int Index)			FAIL			yes	fTesterIF.cpp:1425:26: error: 'tsDio' was not declared in this scope	仍缺：未宣告 tsDio		
LOW	forms/fTesterIF.cpp	1435	1462	26	GATE (F-10)		GATE (F-10) FormClose -- golden :1197-1217. [T] on (F-5) at :1199;	void TFTestIF::FormClose(TObject *Sender, TCloseAction &Action)			FAIL			yes	fTesterIF.cpp:1441:43: error: 'TCloseAction' has not been declared	仍缺：未宣告 TCloseAction	UI-STATE	
LOW	forms/fTesterIF.cpp	1464	1537	72	GATE (F-11)		GATE (F-11) ShowTTLState -- golden :1219-1279 (golden's own	void TFTestIF::ShowTTLState()			FAIL			yes	fTesterIF.cpp:1479:5: error: 'lstTTL' was not declared in this scope	仍缺：未宣告 lstTTL		
LOW	forms/fTesterIF.cpp	1539	1549	9	GATE (F-12)		GATE (F-12) cbDIOTypeChange -- golden :1281-1287. [M] fDIOFrom->	void TFTestIF::cbDIOTypeChange(TObject *Sender)		sim+ship	PASS-WITH-INCLUDE	LINK-MISSING TFTestIF::ShowTTLState(); TfDIOFrom::GetDIOFileName(); TfDIOFrom::LoadData(vclcompat::AnsiString)		yes（連結層）	fTesterIF.cpp:1545:7: error: 'fDIOFrom' was not declared in this scope	仍缺（連結層：有宣告、全樹沒有本體）：TFTestIF::ShowTTLState(); TfDIOFrom::GetDIOFileName(); TfDIOFrom::LoadData(vclcompat::AnsiString)		
LOW	forms/fTesterIF.cpp	1551	1612	60	GATE (F-13)		GATE (F-13) spbSaveClick -- golden :1302-1356 (55L). [W] on (F-4)	void TFTestIF::spbSaveClick(TObject *Sender)			FAIL			yes	fTesterIF.cpp:1562:99: error: 'ShowMyMessage' was not declared in this scope	仍缺：未宣告 ShowMyMessage		
LOW	forms/fTesterIF.cpp	1614	1628	13	GATE (F-14)		GATE (F-14) sbtExitClick -- golden :1358-1366. ONE-LINE GATE: [L]	void TFTestIF::sbtExitClick(TObject *Sender)			FAIL			yes	fTesterIF.cpp:1623:30: error: 'CheckTTLBoardBitMode' was not declared in this scope	仍缺：未宣告 CheckTTLBoardBitMode		
LOW	forms/fTesterIF.cpp	1630	1660	29	GATE (F-15)		GATE (F-15) DoSetRPDefault -- golden :1418-1442. [W] WriteIniData	void TFTestIF::DoSetRPDefault(TWinControl *PCtrl, int iSection)			FAIL			yes	fTesterIF.cpp:1635:31: error: variable or field 'DoSetRPDefault' declared void	仍缺：fTesterIF.cpp:1635:31: error: variable or field 'DoSetRPDefault' declared void	WRITES-FILE	
LOW	forms/fTesterIF.cpp	1662	1697	34	GATE (F-16)		GATE (F-16) DoReplyDefaultToForm -- golden :1444-1473. [M] ONLY --	void TFTestIF::DoReplyDefaultToForm(TWinControl *PCtrl, int iSection)			FAIL			yes	fTesterIF.cpp:1667:37: error: variable or field 'DoReplyDefaultToForm' declared void	仍缺：fTesterIF.cpp:1667:37: error: variable or field 'DoReplyDefaultToForm' declared void		
LOW	forms/fTesterIF.cpp	1699	1744	44	GATE (F-17)		GATE (F-17) SearchRecipeParameter -- golden :1475-1514 (40L). [W]	void TFTestIF::SearchRecipeParameter(TWinControl *PCtrl, int iSection)			FAIL			yes	fTesterIF.cpp:1704:38: error: variable or field 'SearchRecipeParameter' declared void	仍缺：fTesterIF.cpp:1704:38: error: variable or field 'SearchRecipeParameter' declared void		
LOW	forms/fTesterIF.cpp	1746	1760	13	GATE (F-18)		GATE (F-18) FormShortCut -- golden :1521-1528. OMITTED FROM THE CLASS	void TFTestIF::FormShortCut(TWMKey &Msg, bool &Handled)			FAIL			yes	fTesterIF.cpp:1752:29: error: variable or field 'FormShortCut' declared void	仍缺：fTesterIF.cpp:1752:29: error: variable or field 'FormShortCut' declared void		
LOW	forms/fTesterTCP.cpp	78	115	36	GATE (T-1)		GATE (T-1)a -- golden :28-59, the ctor's widget mirror arrays.	{			FAIL			yes	fTesterTCP.cpp:81:1: error: expected unqualified-id before '{' token	仍缺：fTesterTCP.cpp:81:1: error: expected unqualified-id before '{' token	SAFETY	
LOW	forms/fTesterTCP.cpp	117	165	47	GATE (T-1)		GATE (T-1)b -- golden :69-108, the ctor's per-tray TGroupBox/TMemo	{			FAIL			yes	fTesterTCP.cpp:123:1: error: expected unqualified-id before '{' token	仍缺：fTesterTCP.cpp:123:1: error: expected unqualified-id before '{' token	SAFETY	
LOW	forms/fTesterTCP.cpp	167	182	14	GATE (T-2)		GATE (T-2) FormDestroy -- golden :111-123. TRANSITIVE on (T-1): the	void TfTesterTCP::FormDestroy(TObject *Sender)			FAIL			yes	fTesterTCP.cpp:176:28: error: 'eTrayCount' was not declared in this scope	仍缺：未宣告 eTrayCount	SAFETY	
LOW	forms/fTesterTCP.cpp	184	231	46	GATE (T-3)		GATE (T-3) FormShow -- golden :125-164. HIDDEN WRITE x2:	void TfTesterTCP::FormShow(TObject *Sender)			FAIL			yes	fTesterTCP.cpp:198:9: error: 'pgcTcpIp' was not declared in this scope  (補 include cprod.h + cmydef.h 之後)	仍缺：未宣告 pgcTcpIp	UI-STATE WRITES-FILE	
LOW	forms/fTesterTCP.cpp	233	260	26	GATE (T-4)		GATE (T-4) rgUnloaderClick -- golden :635-658. MISSING MEMBERS:	void TfTesterTCP::rgUnloaderClick(TObject *Sender)			FAIL			yes	fTesterTCP.cpp:240:24: error: 'eTrayCount' was not declared in this scope	仍缺：未宣告 eTrayCount		
LOW	forms/fTesterTCP.cpp	262	306	43	GATE (T-5)		GATE (T-5) PlaceOSTestResultToTray -- golden :699-739. WRITES DISK   //AI(W906-G023) 20261001 (St02-E): the body is LIVE as TesterTCP_PlaceOSTestResultToTray (Interface/TesterTCP_OSReport.cpp, ht9045_sm); this transcript stays gated because it reads ht9045_sm globals (forms -> sm back-edge, CMakeLis	void TfTesterTCP::PlaceOSTestResultToTray(int iSuckRow, int iSuckCol, int iTrayRow, int iTrayCol, int iAuto)			FAIL			yes	fTesterTCP.cpp:275:5: error: 'SourceMemo' was not declared in this scope  (補 include cprod.h + cmydef.h + aHotPlateSubstrate.h 之後)	仍缺：未宣告 SourceMemo	WRITES-FILE	
LOW	forms/fTesterTCP.cpp	308	535	226	GATE (T-6)		GATE (T-6) ProcessOSPrint -- golden :741-962 (222L). WRITES DISK   //AI(W906-G023) 20261001 (St02-E): LIVE as TesterTCP_ProcessOSPrint (Interface/TesterTCP_OSReport.cpp) -- same reason as (T-5)	void TfTesterTCP::ProcessOSPrint(bool bViewOnly)                     //Steven 20250515 : 整合Open Short測試報表			FAIL			yes	fTesterTCP.cpp:324:5: error: 'redtSummary' was not declared in this scope  (補 include aHotPlateSubstrate.h 之後)	仍缺：未宣告 redtSummary	WRITES-FILE	
LOW	forms/fTesterTCP.cpp	537	633	95	GATE (T-7)		GATE (T-7) ProcessOSTrayData -- golden :964-1056. WRITES DISK four   //AI(W906-G023) 20261001 (St02-E): LIVE as TesterTCP_ProcessOSTrayData (Interface/TesterTCP_OSReport.cpp) -- same reason as (T-5)	void TfTesterTCP::ProcessOSTrayData(bool bViewOnly)			FAIL			yes	fTesterTCP.cpp:543:27: error: 'eTrayCount' was not declared in this scope	仍缺：未宣告 eTrayCount	WRITES-FILE	
HIGH	forms/fTowerLight.cpp	260	272	11	GATE (T-3)		GATE (T-3) rgMusicTestClick -- golden :141-146.  TWO INDEPENDENT	void TfTowerLight::rgMusicTestClick(TObject *Sender)		sim+ship	PASS-WITH-INCLUDE	LINK-OK	SHIP-OK	likely-no（缺 include）	fTowerLight.cpp:268:29: error: 'SW' was not declared in this scope	候選：補 include myswitch.h 後照 golden 解開（先確認那個名字是真本體、不是 stub／shim）	HIGH-KW	
LOW	forms/fTrayMapping.cpp	945	947	1	GATE(G-TM-RFIDCOMBO)		GATE(G-TM-RFIDCOMBO) -- cbbLdRFIDComPort is a golden TComboBox on the loader-RFID tab; this facade does not carry it (the only trace tree-wide is the generated layout table, tools/dfm2rc/layout_out/cTrayMapping_layout.gen.cpp:299).  Display only -- HSys.asRFIDCom is unchanged by this line.	cbbLdRFIDComPort->Text=HSys.asRFIDCom;			FAIL			yes	fTrayMapping.cpp:946:5: error: 'cbbLdRFIDComPort' was not declared in this scope	仍缺：未宣告 cbbLdRFIDComPort		
LOW	forms/fTrayMapping.cpp	1026	1029	2	GATE(G-TM-SCANLINE)		GATE(G-TM-SCANLINE)	-- ReadFile_ScanLine() stays GATE (G-2) and this is the one line that calls it. It is a genuine WRITER, and not to the recipe: golden :5638/:5662/:5663/:5666 use CheckAndReadIniDataGeneral, which writ			FAIL			yes	fTrayMapping.cpp:1027:230: error: stray '\' in program	仍缺：fTrayMapping.cpp:1027:230: error: stray '\' in program		
LOW	forms/fTrayMapping.cpp	1032	1035	2	GATE(G-TM-OCRSTATE)		GATE(G-TM-OCRSTATE) -- fMain->ShowOCRState() has no port (0 hits tree-wide) -- same absence as GATE(G-BC-OCRSTATE) in BarCode/BarCode.cpp.  Display only.  The enclosing `if(USE_TRAY_MAPPING!=etmUninstall)` is gated with it because the if has no other statement.	if(USE_TRAY_MAPPING!=etmUninstall)			FAIL			yes	fTrayMapping.cpp:1034:16: error: 'class TfMain' has no member named 'ShowOCRState'; did you mean 'ShowNowStatus'?  (補 include forms/fMain.h 之後)	仍缺：TfMain 沒有成員 ShowOCRState		
LOW	forms/fWinway.cpp	54	65	10			Load／SaveCommData（讀寫 config\ATCWinWay.ini）—— 開機之後 arrATC_Site[i] 不再是 NULL（本檔頭「permanently NULL」只到開機為止）； COM 仍沒有人開（OpenCommPort 等通訊那一半交 Jimmy）。	arrATC_Site[0]=new ATC_WinWay(WinWayATCComm1);			FAIL			yes	fWinway.cpp:56:35: error: 'WinWayATCComm1' was not declared in this scope	仍缺：未宣告 WinWayATCComm1		
LOW	forms/fWinway.cpp	75	80	4				ShowCommData(iWinwayATCIndex);			FAIL			yes	fWinway.cpp:79:33: error: 'ShowCommData' was not declared in this scope	仍缺：未宣告 ShowCommData		
LOW	forms/fWinway.cpp	91	94	2				ShowCommData(iWinwayATCIndex);			FAIL			yes	fWinway.cpp:93:33: error: 'ShowCommData' was not declared in this scope	仍缺：未宣告 ShowCommData		
LOW	forms/fWinway.cpp	104	108	3			arrATC_Site[_idx] null-deref/cross-archive -- header banner).	for(int i=0; i<SiteNum; i++)			FAIL			yes	fWinway.cpp:107:25: error: no matching function for call to 'TfWinway::OpenCommPort(int&)'	仍缺：沒有相符的函式 TfWinway::OpenCommPort(int&)		
LOW	forms/fWinway.cpp	117	123	5			arrATC_Site[i] null-deref/cross-archive (header banner).	for(int i=0; i<SiteNum; i++)			FAIL			yes	fWinway.cpp:121:23: error: invalid use of incomplete type 'class ATC_WinWay'	仍缺：不完整型別 class ATC_WinWay		
LOW	handlerlog.cpp	217	221	3	GATE (1)		GATE (1): golden :43 Application->ExeName -- see file-head GATE REGISTER for the full grep/rationale/behaviour-delta.	sFolder.sprintf("%sLog\\", ExtractFilePath(Application->ExeName));			FAIL			yes	handlerlog.cpp:218:52: error: 'Application' was not declared in this scope	仍缺：未宣告 Application	HAS-#else	
LOW	handlerlog.cpp	394	405	10	GATE (2)		GATE (2): golden :216-221 fSetup->Panel1->Caption -- see file-head GATE REGISTER for the full grep/rationale/behaviour-delta.	if(asHandlingMode!=fSetup->Panel1->Caption)                         //Ifor 20161117 add Handler Mode Change Even Log 未修改不紀錄			FAIL			yes	handlerlog.cpp:395:40: error: 'class TfSetup' has no member named 'Panel1'	仍缺：TfSetup 沒有成員 Panel1	HAS-#else	
LOW	handlerlog.cpp	577	587	9	GATE (3a)		GATE (3a): golden :393-397 RadGup->Name / ->Caption -- see file-head GATE REGISTER.	if(bInit)			FAIL			yes	handlerlog.cpp:579:43: error: 'class vclcompat::TRadioGroup' has no member named 'Name'	仍缺：vclcompat::TRadioGroup 沒有成員 Name	HAS-#else	
LOW	handlerlog.cpp	642	654	11	GATE (3b)		GATE (3b): golden :452/:454 P->Name -- see file-head GATE REGISTER.	if(bInit)			FAIL			yes	handlerlog.cpp:644:45: error: 'class vclcompat::TControl' has no member named 'Name'	仍缺：vclcompat::TControl 沒有成員 Name	HAS-#else	
LOW	language.cpp	250	321	70			GOLDEN VERBATIM -- golden language.cpp:119-188.  INERT reference text; the live TfLan::SearchCompomentForSave follows the #endif.	void __fastcall TfLan::SearchCompomentForSave(TWinControl *PCtrl)			FAIL			yes	language.cpp:251:17: error: ambiguating new declaration of 'void TfLan::SearchCompomentForSave(TWinControl*)'	仍缺：language.cpp:251:17: error: ambiguating new declaration of 'void TfLan::SearchCompomentForSave(TWinControl*)'		
LOW	language.cpp	497	628	130			GOLDEN VERBATIM -- golden language.cpp:328-457.  INERT reference text; the live TfLan::LoadCompomentForChangeLan follows the #endif.	void __fastcall TfLan::LoadCompomentForChangeLan(TWinControl *PCtrl)			FAIL			yes	language.cpp:498:17: error: ambiguating new declaration of 'void TfLan::LoadCompomentForChangeLan(TWinControl*)'	仍缺：language.cpp:498:17: error: ambiguating new declaration of 'void TfLan::LoadCompomentForChangeLan(TWinControl*)'		
LOW	language.cpp	692	949	256			GOLDEN VERBATIM -- golden language.cpp:478-733.  INERT reference text; the live FormReSize follows the #endif.	void FormReSize( TWinControl *PCtrl )                                           // 20230601 Joseph , Auto Form Size //			FAIL			yes	language.cpp:695:30: error: 'class TWinControl' has no member named 'ControlCount'; did you mean 'TControl'?	仍缺：TWinControl 沒有成員 ControlCount		
HIGH	mycylin.cpp	707	721	13	TODO(W7-UI)		AI(W906-W3-CYLIN) 20260924 維持閘住：模擬模式下移動畫面元件的純動畫（PTempWinCtrl->Left/Top），在 web 架構下歸瀏覽器（pt-wave-loop 陷阱 #6），C++ 不補假元件。原註：TODO(W7-UI): restore when VCL TControl is available	if(PTempWinCtrl!=NULL)			FAIL			yes	mycylin.cpp:712:25: error: 'void*' is not a pointer-to-object type	仍缺：mycylin.cpp:712:25: error: 'void*' is not a pointer-to-object type	HIGH-KW	
HIGH	mycylin.cpp	726	736	9	TODO(W7-UI)		AI(W906-W3-CYLIN) 20260924 維持閘住：模擬模式下移動畫面元件的純動畫（PTempWinCtrl->Left/Top），在 web 架構下歸瀏覽器（pt-wave-loop 陷阱 #6），C++ 不補假元件。原註：TODO(W7-UI): restore when VCL TControl / TAnchorKind is available	PTempWinCtrl=dynamic_cast<TControl *> (PCtrl);			FAIL			yes	mycylin.cpp:727:44: error: 'PCtrl' was not declared in this scope	仍缺：未宣告 PCtrl		
HIGH	mycylin.cpp	875	880	4	TODO(W6.x)		PT-W7a RETIRED (InitialCylinderName)	void InitialCylinderName()		sim+ship	PASS			n/a	(compiles: -fsyntax-only)	已退役的替身／參考副本（真本體在別處）：不要解（會重複定義），可整段清掉	HIGH-KW	
HIGH	myio.cpp	162	166	3	GATE (1)		AI(W906-W3-MYIO) 20260924 維持閘住（W3 20260924 重驗）：x64 上沒有這條硬體路徑；HT9050 的 IO 走 1203（MyLaneIo 的 pIO1203），不經原始 port；（AI(W906-W3-AUDIT) 20260926 更正：原寫「myio 的自由函式全樹 0 個被引用」已過期 —— nm 量 build_ship：IOInputBit／IOBitOn／IOBitOff／IOOutBitStatus（兩參數）被 mycylin／mykitsuck／mysensor／myswitch 的舊式 eISABase／ePCI1735U／ePLCb	#define MYIO_OUTPORTB(port, val)  outportb(port, val)			FAIL			yes	myio.cpp:163:53: error: 'outportb' was not declared in this scope	仍缺：未宣告 outportb	HAS-#else	
HIGH	myio.cpp	168	172	3	GATE (2)		AI(W906-W3-MYIO) 20260924 維持閘住（W3 20260924 重驗）：x64 上沒有這條硬體路徑；HT9050 的 IO 走 1203（MyLaneIo 的 pIO1203），不經原始 port；（AI(W906-W3-AUDIT) 20260926 更正：原寫「myio 的自由函式全樹 0 個被引用」已過期 —— nm 量 build_ship：IOInputBit／IOBitOn／IOBitOff／IOOutBitStatus（兩參數）被 mycylin／mykitsuck／mysensor／myswitch 的舊式 eISABase／ePCI1735U／ePLCb	#define MYIO_INPORTB(port)        inportb(port)			FAIL			yes	myio.cpp:169:47: error: 'inportb' was not declared in this scope	仍缺：未宣告 inportb	HAS-#else	
HIGH	myio.cpp	174	178	3	GATE (3)		AI(W906-W3-MYIO) 20260924 維持閘住（W3 20260924 重驗）：x64 上沒有這條硬體路徑；HT9050 的 IO 走 1203（MyLaneIo 的 pIO1203），不經原始 port；（AI(W906-W3-AUDIT) 20260926 更正：原寫「myio 的自由函式全樹 0 個被引用」已過期 —— nm 量 build_ship：IOInputBit／IOBitOn／IOBitOff／IOOutBitStatus（兩參數）被 mycylin／mykitsuck／mysensor／myswitch 的舊式 eISABase／ePCI1735U／ePLCb	#define MYIO_ENABLENTPORT(a, b)   EnableNTPort(a, b)			FAIL			yes	myio.cpp:175:52: error: 'EnableNTPort' was not declared in this scope	仍缺：未宣告 EnableNTPort	HAS-#else	
HIGH	myswitch.cpp	33	41	7	TODO(W6)		AI(W906-W3-SWITCH) 20260924: 下面 #else 那三行已換成真的宣告（myio.cpp）；這一半只剩原樁的史料。原註：TODO(W6): replace stubs with real myio.cpp free-func declarations	static void IOBitOn       (int /*Port*/, int /*Bit*/) {}		sim+ship	PASS	LINK-OK	SHIP-OK	likely-no	(compiles: -fsyntax-only)	候選：照 golden 解開（先看風險標記）	HIGH-KW HAS-#else	
HELD	tools/wb_serve.cpp	3333	3338	4		tools/（不是產品程式）	AI(W906-RJ03) 20260925: QAMode read + its log line moved to :3600, after fTrayAssignment (golden main.cpp:8924-8926). QAMode seeds Tester.Data "Tray Direct" from TrayForm.Loader.Direction when the key is absent, and only fTrayAssignment::ReadFile sets that -- read first, it wrote 0 into the real fil	std::printf("qamode.* chain loaded: Tester.Data [QA Mode] -> TestIF_File"		sim+ship	PASS			n/a	(compiles: -fsyntax-only)	HELD（tools/（不是產品程式））；探針：已退役的替身／參考副本（真本體在別處）：不要解（會重複定義），可整段清掉		
HELD	tools/wb_serve.cpp	3380	3387	6		tools/（不是產品程式）	AI(W906-RJ03) 20260925: Magazine read + log moved to :3600 with QAMode (golden :8928 follows :8926). The LoadForm/EmptyForm/ColorForm/AutoForm wiring above stays here and still precedes it	std::printf("magazine.* chain loaded: HandlerCondition.Data + config.ini"		sim+ship	PASS			n/a	(compiles: -fsyntax-only)	HELD（tools/（不是產品程式））；探針：已退役的替身／參考副本（真本體在別處）：不要解（會重複定義），可整段清掉		
HELD	tools/wb_serve.cpp	3815	3831	15		tools/（不是產品程式）	AI(W906-NODRY) 20260924: --dry 的 Gerneral.ini 暫存導向隨 --dry 退場；下面原本的 else（真實路徑）現在是唯一路徑	char tmp[MAX_PATH];		sim+ship	PASS			likely-no	(compiles: -fsyntax-only)	HELD（tools/（不是產品程式））；探針：會寫檔：先確認裁示允許寫這個檔；候選：照 golden 解開（先看風險標記）	WRITES-FILE	
HELD	tools/wb_serve.cpp	4143	4169	25		tools/（不是產品程式）	AI(W906-NODRY) 20260924: --dry 的配方資料夾暫存導向隨 --dry 退場（DataPath 永遠是真實配方路徑）	char tmp[MAX_PATH];		sim+ship	PASS			likely-no	(compiles: -fsyntax-only)	HELD（tools/（不是產品程式））；探針：會寫檔：先確認裁示允許寫這個檔；候選：照 golden 解開（先看風險標記）	WRITES-FILE	
HELD	tools/wb_serve.cpp	6019	6027	7		tools/（不是產品程式）	AI(W906-NODRY) 20260924: 關站還原隨 --dry 退場（asGeneralPath／DataPath 從未被導走，沒有東西要還原）	CloseGeneralIniFile();		sim+ship	PASS			likely-no	(compiles: -fsyntax-only)	HELD（tools/（不是產品程式））；探針：會寫檔：先確認裁示允許寫這個檔；候選：照 golden 解開（先看風險標記）	WRITES-FILE	
HELD	tools/wb_serve.cpp	6109	6115	5		tools/（不是產品程式）	TfMainRENESASServer（forms/fMain.h:122-140），沒有這個方法；真的 TRENESAS_Server::FTCTManStartUnlock （Automation/uRENESAS_Server.cpp:3032）沒有掛在 fMain 上。 只在 TestIF_File.bRENESAS_EnableFTCT（瑞薩 FT-CT）時走到。後果：不送 FT-CT 的 manual-start 解綁命令。	if (TestIF_File.bRENESAS_EnableFTCT == true)                                // golden :1049			FAIL			yes	wb_serve.cpp:6113:32: error: 'class TfMainRENESASServer' has no member named 'FTCTManStartUnlock'	HELD（tools/（不是產品程式））；探針：仍缺：TfMainRENESASServer 沒有成員 FTCTManStartUnlock	SAFETY	
HELD	tools/wb_serve.cpp	7050	7120	69		tools/（不是產品程式）	合併 main（Steven 20260925 計畫 A）：YES/NO 改用 Jimmy ee5de164 的 ForwardShowMyMessageBoxYesNo	int W906MbAsk(int kind, const char* s1, const char* s2, const char* s3)			FAIL			yes	wb_serve.cpp:7053:17: error: 'W906_MB_YES_NO' was not declared in this scope	HELD（tools/（不是產品程式））；探針：仍缺：未宣告 W906_MB_YES_NO	TAG(.dfm?) UI-STATE	
LOW	uHeaterThread.cpp	383	385	1	TODO(W7-csystem)		TODO(W7-csystem) GATE 1: golden :60 CheckATC6System() -- declared csystem.h:126, DEFINED ONLY in golden csystem.cpp:1109; this symbol has NO body in the port (port csystem.cpp EXISTS -- 4,849 lines, wave W6.6 -- but is a partial translation that does not carry it; grepped every .cpp in the port tree	CheckATC6System();                                                      //ChungHung 20141024 add		sim+ship	PASS	LINK-OK	SHIP-OK	likely-no	(compiles: -fsyntax-only)	候選：照 golden 解開（先看風險標記）		
LOW	uHeaterThread.cpp	393	395	1	TODO(W7-csystem)		TODO(W7-csystem) GATE 3: golden :62 HeaterDoorIsOpen() -- declared csystem.h:198, DEFINED ONLY in golden csystem.cpp:16530 (no body in the port: csystem.cpp is only partially translated and does not carry it -- re-verified AI(W906-PT-W1-integrate) 20260807).  No ACTIVE default: void sensor poll.	HeaterDoorIsOpen();                                                     //jou 981013 : unify check heater doop sensor		sim+ship	PASS	LINK-OK	SHIP-OK	likely-no	(compiles: -fsyntax-only)	候選：照 golden 解開（先看風險標記）		
LOW	uHeaterThread.cpp	397	399	1	TODO(W7-csystem)		TODO(W7-csystem) GATE 4: golden :64 DoHeaterOn() -- declared csystem.h:123, DEFINED ONLY in golden csystem.cpp:1134 (no body in the port: csystem.cpp is only partially translated and does not carry it -- re-verified AI(W906-PT-W1-integrate) 20260807).  No ACTIVE default: void output poll.	DoHeaterOn();                                                           //jou 981209 any time,也需偵測風扇是否轉動		sim+ship	PASS	LINK-OK	SHIP-OK	likely-no	(compiles: -fsyntax-only)	候選：照 golden 解開（先看風險標記）		
LOW	uTemp_Set.cpp	412	415	2	GATE(G-Align)		GATE(G-Align)	myTempPal[tcHeatGun1]->palTemp->Align=alBottom;			FAIL			yes	uTemp_Set.cpp:413:37: error: 'class vclcompat::TPanel' has no member named 'Align'	仍缺：vclcompat::TPanel 沒有成員 Align		
LOW	uTemp_Set.cpp	612	620	7	GATE(G-Image)		GATE(G-Image) -- Image1 (TImage*) has no port anywhere in this tree	AnsiString str;			FAIL			yes	uTemp_Set.cpp:618:13: error: 'Image1' was not declared in this scope	仍缺：未宣告 Image1		
LOW	uTemp_Set.cpp	639	642	2	GATE(dep-Tag)		GATE(dep-Tag)	TRadioGroup *Ptr=(TRadioGroup*) Sender;		sim+ship	PASS	LINK-OK	SHIP-OK	likely-no	(compiles: -fsyntax-only)	候選：照 golden 解開（先看風險標記）	TAG(.dfm?)	
LOW	uTemp_Set.cpp	846	848	1	GATE(dep-SetFocus)		GATE(dep-SetFocus)	rbTemp->SetFocus();		sim+ship	PASS	LINK-OK	SHIP-OK	likely-no	(compiles: -fsyntax-only)	候選：照 golden 解開（先看風險標記）		
LOW	uTemp_Set.cpp	2230	2235	4	GATE(dep-fMain-palIndivisual)		GATE(dep-fMain-palIndivisual)	fMain->palIndivisual->Visible=(CosFunction.bUseIndividulTempSet && Temperature.bUseIndividualTemp);			FAIL			yes	uTemp_Set.cpp:2231:16: error: 'class TfMain' has no member named 'palIndivisual'	仍缺：TfMain 沒有成員 palIndivisual		
LOW	uTemp_Set.cpp	2387	2397	9	GATE(dep-RadioGroup-Controls)		GATE(dep-RadioGroup-Controls)	if(Temperature.iIndexHeatMode<rgIndexHeatMode->Items->Count)            //Steven 20240206 : 根據Temperature.iIndexHeatMode顯示狀態決定是否要調整Index Heat Mode			FAIL			yes	uTemp_Set.cpp:2390:33: error: 'class vclcompat::TRadioGroup' has no member named 'Controls'; did you mean 'TControl'?	仍缺：vclcompat::TRadioGroup 沒有成員 Controls	UI-STATE	
LOW	uTemp_Set.cpp	3360	3362	1	GATE(dep-COM2-ATCInitialTask)		GATE(dep-COM2-ATCInitialTask)	COM2->ATCInitialTask();                                                     //jou 2012-03-14 ATC			FAIL			yes	uTemp_Set.cpp:3361:11: error: 'class TCOM2Shim' has no member named 'ATCInitialTask'	仍缺：TCOM2Shim 沒有成員 ATCInitialTask		
LOW	uTemp_Set.cpp	3376	3378	1	GATE(G-FTestIF)		GATE(G-FTestIF)	FTestIF->ReadTestIFFile();                                                  //Steven 20180815 : Initial Temp Offset		sim+ship	PASS-WITH-INCLUDE	LINK-MISSING TFTestIF::ReadTestIFFile()		yes（連結層）	uTemp_Set.cpp:3377:5: error: 'FTestIF' was not declared in this scope	仍缺（連結層：有宣告、全樹沒有本體）：TFTestIF::ReadTestIFFile()		
LOW	uTemp_Set.cpp	3919	3928	8	GATE(dep-RadioGroup-Color)		GATE(dep-RadioGroup-Color)	if(rgBasePoint->ItemIndex==0)			FAIL			yes	uTemp_Set.cpp:3922:26: error: 'class vclcompat::TRadioGroup' has no member named 'Color'	仍缺：vclcompat::TRadioGroup 沒有成員 Color		
LOW	uTemp_Set.cpp	4122	4124	1	GATE(G-Image)		GATE(G-Image)	Image2->Visible=false;			FAIL			yes	uTemp_Set.cpp:4123:9: error: 'Image2' was not declared in this scope	仍缺：未宣告 Image2		
LOW	uTemp_Set.cpp	4186	4197	10	GATE(G-Align)		GATE(G-Align)	for(int i=0; i<tcTotalCount; i++)			FAIL			yes	uTemp_Set.cpp:4193:44: error: 'class vclcompat::TPanel' has no member named 'Align'	仍缺：vclcompat::TPanel 沒有成員 Align		
LOW	uTemp_Set.cpp	4201	4243	41	GATE(G-Align)		GATE(G-Align) -- entire Tag<2 sort path only ever sets ->Align	for(int i=0; i<2; i++)			FAIL			yes	uTemp_Set.cpp:4211:52: error: 'class vclcompat::TPanel' has no member named 'Align'	仍缺：vclcompat::TPanel 沒有成員 Align	TAG(.dfm?)	
LOW	uTemp_Set.cpp	4283	4285	1	GATE(G-Align)		GATE(G-Align)	myTempPal[x]->palTemp->Align=alTop;			FAIL			yes	uTemp_Set.cpp:4284:56: error: 'class vclcompat::TPanel' has no member named 'Align'	仍缺：vclcompat::TPanel 沒有成員 Align		
LOW	uTemp_Set.cpp	4326	4328	1	GATE(G-Align)		GATE(G-Align)	myTempPal[x]->palTemp->Align=alTop;			FAIL			yes	uTemp_Set.cpp:4327:56: error: 'class vclcompat::TPanel' has no member named 'Align'	仍缺：vclcompat::TPanel 沒有成員 Align		
LOW	uTemp_Set.cpp	4374	4382	7	GATE(G-Barcode)		GATE(G-Barcode)	if(Buffer->Tag==1)		sim+ship	PASS	LINK-OK	SHIP-OK	likely-no	(compiles: -fsyntax-only)	候選：照 golden 解開（先看風險標記）	TAG(.dfm?)	
LOW	uTemp_Set.cpp	4399	4407	7	GATE(G-Barcode)		GATE(G-Barcode)	if(Buffer->Tag==1)		sim+ship	PASS	LINK-OK	SHIP-OK	likely-no	(compiles: -fsyntax-only)	候選：照 golden 解開（先看風險標記）	TAG(.dfm?)	
LOW	uTemp_Set.cpp	4476	4484	7	GATE(G-Barcode)		GATE(G-Barcode)	if(Buffer->Tag==1)                                                          //20140320 wei		sim+ship	PASS	LINK-OK	SHIP-OK	likely-no	(compiles: -fsyntax-only)	候選：照 golden 解開（先看風險標記）	TAG(.dfm?)	
LOW	uTemp_Set.cpp	5443	5445	1	GATE(dep-ATC-btOnLine-Click)		GATE(dep-ATC-btOnLine-Click)	ATCInterfaceForm->btOnLine->Click();		sim+ship	PASS	LINK-OK	SHIP-OK	likely-no	(compiles: -fsyntax-only)	候選：照 golden 解開（先看風險標記）	ONCLICK	
LOW	uTemp_Set.cpp	5454	5456	1	GATE(dep-ATC-btOffLine-Click)		GATE(dep-ATC-btOffLine-Click)	ATCInterfaceForm->btOffLine->Click();		sim+ship	PASS	LINK-OK	SHIP-OK	likely-no	(compiles: -fsyntax-only)	候選：照 golden 解開（先看風險標記）	ONCLICK	
LOW	uTemp_Set.cpp	5500	5537	36	GATE(dep-TabSheet-PageIndex)		GATE(dep-TabSheet-PageIndex)	if(pgcTempOffset->ActivePageIndex==tsATC->TabIndex)			FAIL			yes	uTemp_Set.cpp:5501:47: error: 'class vclcompat::TTabSheet' has no member named 'TabIndex'	仍缺：vclcompat::TTabSheet 沒有成員 TabIndex		
LOW	uTemp_Set.cpp	5687	5695	7	GATE(G-Barcode)		GATE(G-Barcode)	if(Buffer->Tag==1)                                                          //20140320 wei		sim+ship	PASS	LINK-OK	SHIP-OK	likely-no	(compiles: -fsyntax-only)	候選：照 golden 解開（先看風險標記）	TAG(.dfm?)	
LOW	uTemp_Set.cpp	5794	5802	7	GATE(G-Barcode)		GATE(G-Barcode)	if(Buffer->Tag==1)                                                          //20140320 wei		sim+ship	PASS	LINK-OK	SHIP-OK	likely-no	(compiles: -fsyntax-only)	候選：照 golden 解開（先看風險標記）	TAG(.dfm?)	
LOW	uTemp_Set.cpp	5907	5951	43	SAFETY GATE (S5)		SAFETY GATE (S5)	bool bSendOut=false;			FAIL			yes	uTemp_Set.cpp:5921:65: error: 'class TATC_InterfaceFormShim' has no member named 'IsConnect'	仍缺：TATC_InterfaceFormShim 沒有成員 IsConnect	SAFETY	
LOW	uTemp_Set.cpp	6229	6259	29	GATE(G-Align)		GATE(G-Align)	Panel13->BringToFront();		sim+ship	PASS	LINK-OK	SHIP-OK	likely-no	(compiles: -fsyntax-only)	候選：照 golden 解開（先看風險標記）		
LOW	uTemp_Set.cpp	6484	6486	1	GATE(dep-fLotInfo-SetATCOffset)		GATE(dep-fLotInfo-SetATCOffset)	fLotInfo->SetATCOffset(true);                                   //ReadRemoteTempOffset			FAIL			yes	uTemp_Set.cpp:6485:27: error: 'class TfLotInfo' has no member named 'SetATCOffset'; did you mean 'fTempATCOffset'?	仍缺：TfLotInfo 沒有成員 SetATCOffset		
LOW	uTemp_Set.cpp	6517	6519	1	SAFETY GATE (S13)		SAFETY GATE (S13)	ATC_InterfaceForm->SetAirValve(true, true);			FAIL			yes	uTemp_Set.cpp:6518:32: error: 'class TATC_InterfaceFormShim' has no member named 'SetAirValve'	仍缺：TATC_InterfaceFormShim 沒有成員 SetAirValve	SAFETY	
LOW	uTemp_Set.cpp	6523	6525	1	SAFETY GATE (S13)		SAFETY GATE (S13)	ATC_InterfaceForm->SetAirValve(true, false);			FAIL			yes	uTemp_Set.cpp:6524:32: error: 'class TATC_InterfaceFormShim' has no member named 'SetAirValve'	仍缺：TATC_InterfaceFormShim 沒有成員 SetAirValve	SAFETY	
LOW	uTemp_Set.cpp	6531	6533	1	SAFETY GATE (S13)		SAFETY GATE (S13)	ATC_InterfaceForm->SetAirValve(true, true);			FAIL			yes	uTemp_Set.cpp:6532:36: error: 'class TATC_InterfaceFormShim' has no member named 'SetAirValve'	仍缺：TATC_InterfaceFormShim 沒有成員 SetAirValve	SAFETY	
LOW	uTemp_Set.cpp	6537	6539	1	SAFETY GATE (S13)		SAFETY GATE (S13)	ATC_InterfaceForm->SetAirValve(true, false);			FAIL			yes	uTemp_Set.cpp:6538:36: error: 'class TATC_InterfaceFormShim' has no member named 'SetAirValve'	仍缺：TATC_InterfaceFormShim 沒有成員 SetAirValve	SAFETY	
LOW	uTemp_Set.cpp	6543	6545	1	SAFETY GATE (S13)		SAFETY GATE (S13)	ATC_InterfaceForm->SetAirValve(true, true);			FAIL			yes	uTemp_Set.cpp:6544:36: error: 'class TATC_InterfaceFormShim' has no member named 'SetAirValve'	仍缺：TATC_InterfaceFormShim 沒有成員 SetAirValve	SAFETY	
LOW	uTemp_Set.cpp	6616	6624	7	GATE(G-Barcode)		GATE(G-Barcode)	if(Buffer->Tag==1)		sim+ship	PASS	LINK-OK	SHIP-OK	likely-no	(compiles: -fsyntax-only)	候選：照 golden 解開（先看風險標記）	TAG(.dfm?)	
LOW	uTemp_Set.cpp	6701	6717	15	GATE(G-Grid)		GATE(G-Grid)	int Column, Row;			FAIL			yes	uTemp_Set.cpp:6703:14: error: 'class vclcompat::TStringGrid' has no member named 'MouseToCell'	仍缺：vclcompat::TStringGrid 沒有成員 MouseToCell		
LOW	uTemp_Set.cpp	7065	7073	7	SAFETY GATE (S7)		SAFETY GATE (S7)	int iUseRefrigeratorNo=iRefrigeratorNo-1;			FAIL			yes	uTemp_Set.cpp:7068:24: error: 'class TATC_InterfaceFormShim' has no member named 'Get_ATCRefrigeratorAllStatus'	仍缺：TATC_InterfaceFormShim 沒有成員 Get_ATCRefrigeratorAllStatus	SAFETY	
LOW	uTemp_Set.cpp	7097	7108	10	SAFETY GATE (S9)		SAFETY GATE (S9) + GATE(dep-TriTemp_Ch)	bool bUse;			FAIL			yes	uTemp_Set.cpp:7099:23: error: 'TriTemp_Ch' was not declared in this scope	仍缺：未宣告 TriTemp_Ch	SAFETY	
LOW	uTemp_Set.cpp	7185	7188	2	SAFETY GATE (S11)		SAFETY GATE (S11)	fTriMachineSelectDeviceDefrost_Start(iIndex);                               //將以下Code移至TriTemp.cpp內		sim+ship	PASS	LINK-OK	SHIP-OK	likely-no	(compiles: -fsyntax-only)	SAFETY 閘：編得過也先問筆電；候選：照 golden 解開（先看風險標記）	SAFETY	
LOW	uTemp_Set.cpp	7200	7202	1	SAFETY GATE (S12)		SAFETY GATE (S12)	fTriMachineSelectDeviceDefrost_End(iIndex);		sim+ship	PASS	LINK-OK	SHIP-OK	likely-no	(compiles: -fsyntax-only)	SAFETY 閘：編得過也先問筆電；候選：照 golden 解開（先看風險標記）	SAFETY	
LOW	uTemp_Set.cpp	7220	7252	31	GATE(dep-ATC-asATC_SW_Ver)		GATE(dep-ATC-asATC_SW_Ver)	iReturnStatus=0;			FAIL			yes	uTemp_Set.cpp:7227:27: error: 'class TATC_InterfaceFormShim' has no member named 'asATC_SW_Ver'	仍缺：TATC_InterfaceFormShim 沒有成員 asATC_SW_Ver		
LOW	uTemp_Set.cpp	7267	7276	8	GATE(dep-ATC-IsConnect)		GATE(dep-ATC-IsConnect)	if(bUT150Install[tcATCHotAir1]==true || bUT150Install[tcATCHotAir2]==true)			FAIL			yes	uTemp_Set.cpp:7270:31: error: 'class TATC_InterfaceFormShim' has no member named 'IsConnect'	仍缺：TATC_InterfaceFormShim 沒有成員 IsConnect		
LOW	uTemp_Set.cpp	7301	7303	1	GATE(G-Delegate)		GATE(G-Delegate)	fLotInfo->pl_ATC_Online->OnClick(fLotInfo);			FAIL			yes	uTemp_Set.cpp:7302:30: error: 'class vclcompat::TPanel' has no member named 'OnClick'; did you mean 'Click'?	仍缺：vclcompat::TPanel 沒有成員 OnClick	ONCLICK	
LOW	uTemp_Set.cpp	7360	7362	1	SAFETY GATE (S14)		SAFETY GATE (S14)	ATC_InterfaceForm->Send_ATC_DewPoint(dDewPoint_Index, dDewPoint_InSht, dDewPointOutSht);			FAIL			yes	uTemp_Set.cpp:7361:24: error: 'class TATC_InterfaceFormShim' has no member named 'Send_ATC_DewPoint'	仍缺：TATC_InterfaceFormShim 沒有成員 Send_ATC_DewPoint	SAFETY	
LOW	uTemp_Set.cpp	7409	7414	4	SAFETY GATE (S15)		SAFETY GATE (S15)	fTriMachineSelectDeviceDefrost_Start(0);		sim+ship	PASS	LINK-OK	SHIP-OK	likely-no	(compiles: -fsyntax-only)	SAFETY 閘：編得過也先問筆電；候選：照 golden 解開（先看風險標記）	SAFETY	
LOW	uTemp_Set.cpp	7426	7430	3	SAFETY GATE (S16)		SAFETY GATE (S16)	fTriMachineSelectDeviceDefrost_End(0);		sim+ship	PASS	LINK-OK	SHIP-OK	likely-no	(compiles: -fsyntax-only)	SAFETY 閘：編得過也先問筆電；候選：照 golden 解開（先看風險標記）	SAFETY	
LOW	uYieldMonitoring.cpp	2351	2353	1			= 0 hits, 20260818). Pure log-to-file side effect (records low-yield auto-site-off events), no state feeds back; skipping loses only the audit line.	FormHS->SaveCloseOpenSiteEven(a, i, j, bTestSiteUse[a][i][j]);                              //Isaac 20171227 (Steven) : 記錄low yield auto site off log			FAIL			yes	uYieldMonitoring.cpp:2352:37: error: 'struct W5SckArtRem_FormHSStub' has no member named 'SaveCloseOpenSiteEven'  (補 include Automation/SCK_ART_Remainder.h 之後)	仍缺：W5SckArtRem_FormHSStub 沒有成員 SaveCloseOpenSiteEven		
LOW	uYieldMonitoring.cpp	2369	2375	5			no SaveInfoFileWhenStart member (grep 0 hits, 20260818); golden's own NULL guard means the call is already conditional there. Customer-gated (Greatek) file write.	if(CUSTOMER_CODE==CC_Greatek && fProductionInfo!=NULL)			FAIL			yes	uYieldMonitoring.cpp:2373:38: error: 'class TfProductionInfo' has no member named 'SaveInfoFileWhenStart'	仍缺：TfProductionInfo 沒有成員 SaveInfoFileWhenStart		
LOW	uYieldMonitoring.cpp	3130	3136	5	GATE(G-YM-TemperFT)		GATE(G-YM-TemperFT) -- fTemperFrom has no `extern TfTemperFrom *fTemperFrom` in this tree -- forms/fTemperFrom.h:46 states outright that this wave does not declare it. golden :1343-1347.  FT branch of the show-yield panel refresh.	fTemperFrom->SetShowYield(fTemperFrom->esytDoubleDevice,    (TestIF_File.bContinuousPass   || TestIF_File.bContinuousPassBySocket ||		sim+ship	PASS-WITH-INCLUDE	LINK-OK	SHIP-OK	likely-no（缺 include）	uYieldMonitoring.cpp:3131:13: error: 'fTemperFrom' was not declared in this scope	候選：補 include forms/fTemperFrom.h 後照 golden 解開（先確認那個名字是真本體、不是 stub／shim）		
LOW	uYieldMonitoring.cpp	3141	3147	5	GATE(G-YM-TemperRT)		GATE(G-YM-TemperRT) -- same missing extern as G-YM-TemperFT.  golden :1352-1356.  RT branch.	fTemperFrom->SetShowYield(fTemperFrom->esytDoubleDevice,    (TestIF_File.bContinuousPass_RT   || TestIF_File.bContinuousPassBySocket_RT ||		sim+ship	PASS-WITH-INCLUDE	LINK-OK	SHIP-OK	likely-no（缺 include）	uYieldMonitoring.cpp:3142:13: error: 'fTemperFrom' was not declared in this scope	候選：補 include forms/fTemperFrom.h 後照 golden 解開（先確認那個名字是真本體、不是 stub／shim）		
LOW	uYieldMonitoring.cpp	3149	3153	3	GATE(G-YM-TemperTail)		GATE(G-YM-TemperTail) -- same missing extern.  golden :1358-1360.  esytTest2 + ShowYieldFuntion() tail.	fTemperFrom->SetShowYield(fTemperFrom->esytTest2, IniConfig.bFTContinueON);		sim+ship	PASS-WITH-INCLUDE	LINK-OK	SHIP-OK	likely-no（缺 include）	uYieldMonitoring.cpp:3150:9: error: 'fTemperFrom' was not declared in this scope	候選：補 include forms/fTemperFrom.h 後照 golden 解開（先確認那個名字是真本體、不是 stub／shim）		
LOW	uYieldMonitoring.cpp	3176	3178	1	GATE(G-YM-Panel)		GATE(G-YM-Panel) -- MyYieldPanel[] is a TfYieldMonitoring form member (golden uYieldMonitoring.h) and this tree's facade does not carry it. ⚠ SPLIT ON PURPOSE: golden chains `MyYieldPanel[0]->x = <global> = TestIF_File.x`. Gating the WHOLE line would silently drop the global write too -- and those s	MyYieldPanel[0]->bEnablePassYieldART        =			FAIL			yes	uYieldMonitoring.cpp:3177:9: error: 'MyYieldPanel' was not declared in this scope	仍缺：未宣告 MyYieldPanel		
LOW	uYieldMonitoring.cpp	3181	3183	1	GATE(G-YM-Panel)		GATE(G-YM-Panel) -- MyYieldPanel[] is a TfYieldMonitoring form member (golden uYieldMonitoring.h) and this tree's facade does not carry it. ⚠ SPLIT ON PURPOSE: golden chains `MyYieldPanel[0]->x = <global> = TestIF_File.x`. Gating the WHOLE line would silently drop the global write too -- and those s	MyYieldPanel[0]->fPassYieldART              =			FAIL			yes	uYieldMonitoring.cpp:3182:9: error: 'MyYieldPanel' was not declared in this scope	仍缺：未宣告 MyYieldPanel		
LOW	uYieldMonitoring.cpp	3187	3189	1	GATE(G-YM-Panel)		GATE(G-YM-Panel) -- MyYieldPanel[] is a TfYieldMonitoring form member (golden uYieldMonitoring.h) and this tree's facade does not carry it. ⚠ SPLIT ON PURPOSE: golden chains `MyYieldPanel[0]->x = <global> = TestIF_File.x`. Gating the WHOLE line would silently drop the global write too -- and those s	MyYieldPanel[0]->bEnableOpenShortART        =			FAIL			yes	uYieldMonitoring.cpp:3188:9: error: 'MyYieldPanel' was not declared in this scope	仍缺：未宣告 MyYieldPanel		
LOW	uYieldMonitoring.cpp	3192	3194	1	GATE(G-YM-Panel)		GATE(G-YM-Panel) -- MyYieldPanel[] is a TfYieldMonitoring form member (golden uYieldMonitoring.h) and this tree's facade does not carry it. ⚠ SPLIT ON PURPOSE: golden chains `MyYieldPanel[0]->x = <global> = TestIF_File.x`. Gating the WHOLE line would silently drop the global write too -- and those s	MyYieldPanel[0]->fOpenShortYieldART         =			FAIL			yes	uYieldMonitoring.cpp:3193:9: error: 'MyYieldPanel' was not declared in this scope	仍缺：未宣告 MyYieldPanel		
LOW	uYieldMonitoring.cpp	3198	3200	1	GATE(G-YM-Panel)		GATE(G-YM-Panel) -- MyYieldPanel[] is a TfYieldMonitoring form member (golden uYieldMonitoring.h) and this tree's facade does not carry it. ⚠ SPLIT ON PURPOSE: golden chains `MyYieldPanel[0]->x = <global> = TestIF_File.x`. Gating the WHOLE line would silently drop the global write too -- and those s	MyYieldPanel[0]->bEnableRecoverART          =			FAIL			yes	uYieldMonitoring.cpp:3199:9: error: 'MyYieldPanel' was not declared in this scope	仍缺：未宣告 MyYieldPanel		
LOW	uYieldMonitoring.cpp	3203	3205	1	GATE(G-YM-Panel)		GATE(G-YM-Panel) -- MyYieldPanel[] is a TfYieldMonitoring form member (golden uYieldMonitoring.h) and this tree's facade does not carry it. ⚠ SPLIT ON PURPOSE: golden chains `MyYieldPanel[0]->x = <global> = TestIF_File.x`. Gating the WHOLE line would silently drop the global write too -- and those s	MyYieldPanel[0]->fRecoverYieldART           =			FAIL			yes	uYieldMonitoring.cpp:3204:9: error: 'MyYieldPanel' was not declared in this scope	仍缺：未宣告 MyYieldPanel		
LOW	uYieldMonitoring.cpp	3211	3213	1	GATE(G-YM-Panel)		GATE(G-YM-Panel) -- MyYieldPanel[] not on this tree's facade. Pure widget write, nothing else on the line.	MyYieldPanel[0]->ReTestLimit->ItemIndex     =iAutoRetestLimit-1;			FAIL			yes	uYieldMonitoring.cpp:3212:9: error: 'MyYieldPanel' was not declared in this scope	仍缺：未宣告 MyYieldPanel		
LOW	uYieldMonitoring.cpp	3239	3241	1	GATE(G-YM-Panel)		GATE(G-YM-Panel) -- MyYieldPanel[] not on this tree's facade. Pure widget write, nothing else on the line.	MyYieldPanel[0]->bPass[i]               =TestIF_File.bPass[i];			FAIL			yes	uYieldMonitoring.cpp:3240:13: error: 'MyYieldPanel' was not declared in this scope	仍缺：未宣告 MyYieldPanel		
LOW	uYieldMonitoring.cpp	3244	3246	1	GATE(G-YM-Panel)		GATE(G-YM-Panel) -- MyYieldPanel[] not on this tree's facade. Pure widget write, nothing else on the line.	MyYieldPanel[0]->bOpenShort[i]          =TestIF_File.bOpenShort[i];			FAIL			yes	uYieldMonitoring.cpp:3245:13: error: 'MyYieldPanel' was not declared in this scope	仍缺：未宣告 MyYieldPanel		
LOW	uYieldMonitoring.cpp	3270	3289	18	GATE(G-YM-ArtWidgets)		GATE(G-YM-ArtWidgets) -- 18 TfYieldMonitoring form widgets (edAutoRetestLimitFile / rgFT_ART / cbUse*FailYieldModel / ck* / pnlARTFailYiel ...) that this tree's facade does not carry. golden :3240-3257 + :3260. ⚠ The two IniConfig writes at :3258-3259 sit INSIDE this run of lines and are deliberatel	edAutoRetestLimitFile->Text                 =iAutoRetestLimitFile;			FAIL			yes	uYieldMonitoring.cpp:3271:9: error: 'edAutoRetestLimitFile' was not declared in this scope	仍缺：未宣告 edAutoRetestLimitFile		
LOW	uYieldMonitoring.cpp	3292	3294	1	GATE(G-YM-ArtWidgets)		GATE(G-YM-ArtWidgets) -- see above; pnlARTFailYiel is the same missing facade widget.	pnlARTFailYiel->Visible=false;			FAIL			yes	uYieldMonitoring.cpp:3293:9: error: 'pnlARTFailYiel' was not declared in this scope	仍缺：未宣告 pnlARTFailYiel		
LOW	uYieldMonitoring.cpp	3518	3522	3	GATE(G-YM-Tail)		GATE(G-YM-Tail) -- three separate reasons in one contiguous block, all UI-side: (a) DoIniDataToForm() -- golden :527-893, a 367-line widget populate, not translated in this tree and not on the facade; (b) fSortCT->pnlYield and (c) ->pnlYieldART -- TfSortCT (forms/fSortCT.h) carries neither panel.  g	DoIniDataToForm();			FAIL			yes	uYieldMonitoring.cpp:3519:21: error: 'DoIniDataToForm' was not declared in this scope	仍缺：未宣告 DoIniDataToForm		
HELD	uhome.cpp	456	615	158	GATE (W906-HOME-C2-TOPBTMAOI)	INDEXZ-1203／EP 重做	GATE (W906-HOME-C2-TOPBTMAOI): 缺相依，見上面的就地註解	int &Task=iTopBtmHome;			FAIL			yes	uhome.cpp:461:25: error: 'class TFrmAOI' has no member named 'ttbInsp'	HELD（INDEXZ-1203／EP 重做）；探針：仍缺：TFrmAOI 沒有成員 ttbInsp	HIGH-KW	
HELD	uhome.cpp	943	945	1	GATE (W906-HOME-C2-HOMELOG)	INDEXZ-1203／EP 重做	GATE (W906-HOME-C2-HOMELOG): 缺相依，見上面的就地註解	HomeLog("fHome->fAbort");                                               //Kevin  20110525		sim+ship	PASS			likely-no	(compiles: -fsyntax-only)	HELD（INDEXZ-1203／EP 重做）；探針：候選：照 golden 解開（先看風險標記）		
HELD	uhome.cpp	964	966	1	GATE (W906-HOME-C2-HOMELOG)	INDEXZ-1203／EP 重做	GATE (W906-HOME-C2-HOMELOG): 缺相依，見上面的就地註解	HomeLog(sBuffer);                                                       //Kevin  20110525		sim+ship	PASS			likely-no	(compiles: -fsyntax-only)	HELD（INDEXZ-1203／EP 重做）；探針：候選：照 golden 解開（先看風險標記）		
HELD	uhome.cpp	979	981	1	GATE (W906-HOME-C2-MEMOHOME)	INDEXZ-1203／EP 重做	GATE (W906-HOME-C2-MEMOHOME): 缺相依，見上面的就地註解	fMain->MemoHome->Lines->Add("fHome->iHomeStep != int");			FAIL			yes	uhome.cpp:980:16: error: 'class TfMain' has no member named 'MemoHome'; did you mean 'Home'?	HELD（INDEXZ-1203／EP 重做）；探針：仍缺：TfMain 沒有成員 MemoHome		
HELD	uhome.cpp	1141	1143	1	GATE (W906-HOME-C2-TRAYSTEP)	INDEXZ-1203／EP 重做	GATE (W906-HOME-C2-TRAYSTEP): 缺相依，見上面的就地註解	dmTrayMotor->StartSetSpeed();                                       //Steven 20210318 : Loader入Tray改步進, 換位置寫入速度, 避免動作異常			FAIL			yes	uhome.cpp:1142:13: error: 'dmTrayMotor' was not declared in this scope	HELD（INDEXZ-1203／EP 重做）；探針：仍缺：未宣告 dmTrayMotor		
HELD	uhome.cpp	1167	1170	2	GATE (W906-HOME-C2-RTCTIMESYNC)	INDEXZ-1203／EP 重做	GATE (W906-HOME-C2-RTCTIMESYNC): 缺相依，見上面的就地註解	COM2->sRealTimeCom_Send[COM2->rtTIMESYNC].sprintf("@TIMESYNC:,%s",FormatDateTime("MM/DD/YYYY HH:NN:SS AM/PM", Now())+ "+");                     // RTC僅收@到+的資料，"+"必需放在資料最後面			FAIL			yes	uhome.cpp:1168:23: error: 'class TCOM2Shim' has no member named 'sRealTimeCom_Send'	HELD（INDEXZ-1203／EP 重做）；探針：仍缺：TCOM2Shim 沒有成員 sRealTimeCom_Send		
HELD	uhome.cpp	1617	1629	11	GATE (W906-HOME-C2-ATCTESTEND)	INDEXZ-1203／EP 重做	GATE (W906-HOME-C2-ATCTESTEND): 缺相依，見上面的就地註解	if(ATC_SYSTEM==eNewATCSystem)			FAIL			yes	uhome.cpp:1622:36: error: 'class TATC_InterfaceFormShim' has no member named 'SiteTesting'	HELD（INDEXZ-1203／EP 重做）；探針：仍缺：TATC_InterfaceFormShim 沒有成員 SiteTesting		
HELD	uhome.cpp	1670	1684	13	GATE (W906-HOME-C2-ALIGNCCD)	INDEXZ-1203／EP 重做	GATE (W906-HOME-C2-ALIGNCCD): 缺相依，見上面的就地註解	if(MACHINE_HAS_AUTO_ALIGNMENT_CCD)                                  //KenHsieh 20210813 : add CCD AUTO ALIGNMENT			FAIL			yes	uhome.cpp:1673:33: error: 'class TfAutoAlignment' has no member named 'TcpipOpen'  (補 include AutoAlignment/AutoAlignment.h 之後)	HELD（INDEXZ-1203／EP 重做）；探針：仍缺：TfAutoAlignment 沒有成員 TcpipOpen		
HELD	uhome.cpp	1699	1701	1	GATE (W906-HOME-C2-RTCINIT)	INDEXZ-1203／EP 重做	GATE (W906-HOME-C2-RTCINIT): TCOM2Shim has no InitRealTimeCCDPara (RTC vision link unported)	COM2->InitRealTimeCCDPara();			FAIL			yes	uhome.cpp:1700:23: error: 'class TCOM2Shim' has no member named 'InitRealTimeCCDPara'	HELD（INDEXZ-1203／EP 重做）；探針：仍缺：TCOM2Shim 沒有成員 InitRealTimeCCDPara		
HELD	uhome.cpp	1715	1718	2	GATE (W906-HOME-C2-OCRINIT)	INDEXZ-1203／EP 重做	GATE (W906-HOME-C2-OCRINIT): 缺相依，見上面的就地註解	fOCR->SetOcrFileName(fMain->cbSetupFileName->Text);			FAIL			yes	uhome.cpp:1716:23: error: 'class TfOCR' has no member named 'SetOcrFileName'	HELD（INDEXZ-1203／EP 重做）；探針：仍缺：TfOCR 沒有成員 SetOcrFileName		
HELD	uhome.cpp	1765	1771	5	GATE (W906-HOME-C2-2DIDMAP)	INDEXZ-1203／EP 重做	GATE (W906-HOME-C2-2DIDMAP): 缺相依，見上面的就地註解	if(fContact->RestoreData_2D_Check()==true)                      //JerryYang 20250428 : fix 2DID map			FAIL			yes	uhome.cpp:1766:30: error: 'class TfContactShim' has no member named 'RestoreData_2D_Check'	HELD（INDEXZ-1203／EP 重做）；探針：仍缺：TfContactShim 沒有成員 RestoreData_2D_Check		
HELD	uhome.cpp	2190	2195	4	GATE (W906-HOME-C2-ALIGNCCD)	INDEXZ-1203／EP 重做	GATE (W906-HOME-C2-ALIGNCCD): 缺相依，見上面的就地註解	if(MACHINE_HAS_AUTO_ALIGNMENT_CCD)                              //KenHsieh 20210813 : add CCD AUTO ALIGNMENT			FAIL			yes	uhome.cpp:2193:37: error: 'class TfAutoAlignment' has no member named 'InArmSendCommand'  (補 include AutoAlignment/AutoAlignment.h 之後)	HELD（INDEXZ-1203／EP 重做）；探針：仍缺：TfAutoAlignment 沒有成員 InArmSendCommand		
HELD	uhome.cpp	2415	2417	1	GATE (W906-HOME-C2-TOPBTMAOI)	INDEXZ-1203／EP 重做	GATE (W906-HOME-C2-TOPBTMAOI): 缺相依，見上面的就地註解	FrmAOI->ttbInsp->DoCCDLightDown(false, true);			FAIL			yes	uhome.cpp:2416:25: error: 'class TFrmAOI' has no member named 'ttbInsp'	HELD（INDEXZ-1203／EP 重做）；探針：仍缺：TFrmAOI 沒有成員 ttbInsp		
HELD	uhome.cpp	3183	3193	9	GATE (W906-HOME-C2-PITCHX2)	INDEXZ-1203／EP 重做	GATE (W906-HOME-C2-PITCHX2): 缺相依，見上面的就地註解	if(bPitchHome[0]==false)			FAIL			yes	uhome.cpp:3186:38: error: 'class TfHome' has no member named 'MoveInArmPitch_X'	HELD（INDEXZ-1203／EP 重做）；探針：仍缺：TfHome 沒有成員 MoveInArmPitch_X		
HELD	uhome.cpp	3211	3221	9	GATE (W906-HOME-C2-PITCHX2)	INDEXZ-1203／EP 重做	GATE (W906-HOME-C2-PITCHX2): 缺相依，見上面的就地註解	if(bPitchHome[0]==false)			FAIL			yes	uhome.cpp:3214:38: error: 'class TfHome' has no member named 'MoveInArmPitch_X'	HELD（INDEXZ-1203／EP 重做）；探針：仍缺：TfHome 沒有成員 MoveInArmPitch_X		
HELD	uhome.cpp	3454	3464	9	GATE (W906-HOME-C2-PITCHX2)	INDEXZ-1203／EP 重做	GATE (W906-HOME-C2-PITCHX2): 缺相依，見上面的就地註解	if(bPitchHome[0]==false)			FAIL			yes	uhome.cpp:3457:50: error: 'class TfHome' has no member named 'MoveInArmPitch_X'	HELD（INDEXZ-1203／EP 重做）；探針：仍缺：TfHome 沒有成員 MoveInArmPitch_X		
HELD	uhome.cpp	3493	3498	4	GATE (W906-HOME-C2-RTCHOME)	INDEXZ-1203／EP 重做	GATE (W906-HOME-C2-RTCHOME): 缺相依，見上面的就地註解	if(REAL_TIME_CCD==true)                                 //不管有沒有開RTC都要歸零			FAIL			yes	uhome.cpp:3496:35: error: 'class TCOM2Shim' has no member named 'SendCommToVision'	HELD（INDEXZ-1203／EP 重做）；探針：仍缺：TCOM2Shim 沒有成員 SendCommToVision		
HELD	uhome.cpp	3545	3560	14	GATE (W906-HOME-C2-RTCHOME)	INDEXZ-1203／EP 重做	GATE (W906-HOME-C2-RTCHOME): 缺相依，見上面的就地註解	if(REAL_TIME_CCD==true && !COM2->bCCDDummyRum)			FAIL			yes	uhome.cpp:3548:26: error: 'class TCOM2Shim' has no member named 'bRealTimeCom_ReceiveOK'	HELD（INDEXZ-1203／EP 重做）；探針：仍缺：TCOM2Shim 沒有成員 bRealTimeCom_ReceiveOK		
HELD	uhome.cpp	4050	4053	2	GATE (W906-HOME-C2-ROTATESPEED)	INDEXZ-1203／EP 重做	GATE (W906-HOME-C2-ROTATESPEED): 缺相依，見上面的就地註解	FrmRotate->SetInRotateSpeed(70, 100);                               //Steven 20170425 (wei) : Add rotate motor		ship	PASS		SHIP-FAIL uhome.cpp:4051:24: error: 'class TFrmRotate' has no member named 'SetInRotateSpeed'; did you mean 'DoInRotateHome'?	yes（出貨組態）	uhome.cpp:4051:24: error: 'class TFrmRotate' has no member named 'SetInRotateSpeed'; did you mean 'DoInRotateHome'?	HELD（INDEXZ-1203／EP 重做）；探針：仍缺（出貨組態才編得到／才出錯）：TFrmRotate 沒有成員 SetInRotateSpeed		
HELD	uhome.cpp	4114	4123	8	GATE (W906-HOME-C2-VTESTPOS)	INDEXZ-1203／EP 重做	GATE (W906-HOME-C2-VTESTPOS): 缺相依，見上面的就地註解	if(IniConfig.bVTESTFunction==true && fLotInfo->rgHomeStopPos->ItemIndex!=-1)			FAIL			yes	uhome.cpp:4115:64: error: 'class TfLotInfo' has no member named 'rgHomeStopPos'	HELD（INDEXZ-1203／EP 重做）；探針：仍缺：TfLotInfo 沒有成員 rgHomeStopPos		
HELD	uhome.cpp	4310	4312	1	GATE (W906-HOME-C2-HOMELOG)	INDEXZ-1203／EP 重做	GATE (W906-HOME-C2-HOMELOG): 缺相依，見上面的就地註解	HomeLog(sBuffer);		sim+ship	PASS			likely-no	(compiles: -fsyntax-only)	HELD（INDEXZ-1203／EP 重做）；探針：候選：照 golden 解開（先看風險標記）		
HELD	uhome.cpp	4469	4471	1	GATE (W906-HOME-C2-MAGAZINE)	INDEXZ-1203／EP 重做	GATE (W906-HOME-C2-MAGAZINE): 缺相依，見上面的就地註解	InitialMagazineUpDown();                                            //JerryYang 20220909 : add magazine			FAIL			yes	uhome.cpp:4470:35: error: 'InitialMagazineUpDown' was not declared in this scope	HELD（INDEXZ-1203／EP 重做）；探針：仍缺：未宣告 InitialMagazineUpDown		
HELD	uhome.cpp	4490	4494	3	GATE (W906-HOME-C2-VTESTPOS)	INDEXZ-1203／EP 重做	GATE (W906-HOME-C2-VTESTPOS): 缺相依，見上面的就地註解	if(IniConfig.bVTESTFunction==true && fLotInfo->rgHomeStopPos->ItemIndex==0)			FAIL			yes	uhome.cpp:4491:64: error: 'class TfLotInfo' has no member named 'rgHomeStopPos'	HELD（INDEXZ-1203／EP 重做）；探針：仍缺：TfLotInfo 沒有成員 rgHomeStopPos		
HELD	uhome.cpp	4516	4520	3	GATE (W906-HOME-C2-VTESTPOS)	INDEXZ-1203／EP 重做	GATE (W906-HOME-C2-VTESTPOS): 缺相依，見上面的就地註解	if(IniConfig.bVTESTFunction==true && fLotInfo->rgHomeStopPos->ItemIndex==0)			FAIL			yes	uhome.cpp:4517:64: error: 'class TfLotInfo' has no member named 'rgHomeStopPos'	HELD（INDEXZ-1203／EP 重做）；探針：仍缺：TfLotInfo 沒有成員 rgHomeStopPos		
HELD	uhome.cpp	4542	4547	4	GATE (W906-HOME-C2-VTESTPOS)	INDEXZ-1203／EP 重做	GATE (W906-HOME-C2-VTESTPOS): 缺相依，見上面的就地註解	if(IniConfig.bVTESTFunction==true &&			FAIL			yes	uhome.cpp:4544:30: error: 'class TfLotInfo' has no member named 'rgHomeStopPos'	HELD（INDEXZ-1203／EP 重做）；探針：仍缺：TfLotInfo 沒有成員 rgHomeStopPos		
HELD	uhome.cpp	4570	4579	8	GATE (W906-HOME-C2-MAGAZINE)	INDEXZ-1203／EP 重做	GATE (W906-HOME-C2-MAGAZINE): 缺相依，見上面的就地註解	if(AUTO3_IS_MAGAZINE==1)                                            //JerryYang 20220909 : add magazine			FAIL			yes	uhome.cpp:4573:44: error: 'DoMagazineUpDown' was not declared in this scope	HELD（INDEXZ-1203／EP 重做）；探針：仍缺：未宣告 DoMagazineUpDown		
HELD	uhome.cpp	4770	4772	1	GATE (W906-HOME-C2-ZTEACHAUTOPOS)	INDEXZ-1203／EP 重做	GATE (W906-HOME-C2-ZTEACHAUTOPOS): 缺相依，見上面的就地註解	Zteach->InitAutoPosTask();                                          //Frank 20171213 (Steven) : Hone 需Inital Task			FAIL			yes	uhome.cpp:4771:21: error: 'struct TfInOutArmZteach_Facade' has no member named 'InitAutoPosTask'	HELD（INDEXZ-1203／EP 重做）；探針：仍缺：TfInOutArmZteach_Facade 沒有成員 InitAutoPosTask		
HELD	uhome.cpp	4790	4792	1	GATE (W906-HOME-C2-HOMELOG)	INDEXZ-1203／EP 重做	GATE (W906-HOME-C2-HOMELOG): 缺相依，見上面的就地註解	HomeLog("Close");                                                   //Kevin  20110525		sim+ship	PASS			likely-no	(compiles: -fsyntax-only)	HELD（INDEXZ-1203／EP 重做）；探針：候選：照 golden 解開（先看風險標記）		
HELD	uhome.cpp	4812	4814	1	GATE (W906-HOME-C2-AOISENDCMD)	INDEXZ-1203／EP 重做	GATE (W906-HOME-C2-AOISENDCMD): 缺相依，見上面的就地註解	FrmAOI->SendCommand("@GetGrabPos+", 0);                         //Expect Return@GetGrabPos,PitchXCnt,PitchYCnt,PitchX,PitchY +			FAIL			yes	uhome.cpp:4813:25: error: 'class TFrmAOI' has no member named 'SendCommand'	HELD（INDEXZ-1203／EP 重做）；探針：仍缺：TFrmAOI 沒有成員 SendCommand		
HELD	uhome.cpp	4845	4854	8	GATE (W906-HOME-C2-CCDCMD)	INDEXZ-1203／EP 重做	GATE (W906-HOME-C2-CCDCMD): 缺相依，見上面的就地註解	fBarCode->InitialSFCAutoTune1(false);			FAIL			yes	uhome.cpp:4846:27: error: 'class TfBarCode' has no member named 'InitialSFCAutoTune1'	HELD（INDEXZ-1203／EP 重做）；探針：仍缺：TfBarCode 沒有成員 InitialSFCAutoTune1		
HELD	uhome.cpp	4866	4877	10	GATE (W906-HOME-C2-CCDCMD)	INDEXZ-1203／EP 重做	GATE (W906-HOME-C2-CCDCMD): 缺相依，見上面的就地註解	if(TestIF_File.b2DUsePinInspection==true)			FAIL			yes	uhome.cpp:4870:31: error: 'class TfBarCode' has no member named 'SendCCDCommand'	HELD（INDEXZ-1203／EP 重做）；探針：仍缺：TfBarCode 沒有成員 SendCCDCommand		
HELD	uhome.cpp	4910	4913	2	GATE (W906-HOME-C2-VTESTPOS)	INDEXZ-1203／EP 重做	GATE (W906-HOME-C2-VTESTPOS): 缺相依，見上面的就地註解	if(IniConfig.bVTESTFunction==true)			FAIL			yes	uhome.cpp:4912:27: error: 'class TfLotInfo' has no member named 'rgHomeStopPos'	HELD（INDEXZ-1203／EP 重做）；探針：仍缺：TfLotInfo 沒有成員 rgHomeStopPos		
HELD	uhome.cpp	5467	5469	1	GATE (W906-MT-E3b-ABORTBTN)	INDEXZ-1203／EP 重做	GATE (W906-MT-E3b-ABORTBTN): 缺相依 TfHome::sbAbortHome（golden .dfm TSpeedButton），見上面的就地註解	sbAbortHome->Down=false;                                                    // golden :4984			FAIL			yes	uhome.cpp:5468:5: error: 'sbAbortHome' was not declared in this scope	HELD（INDEXZ-1203／EP 重做）；探針：仍缺：未宣告 sbAbortHome		
