tier	file	if0_line	endif_line	lines	gate_id	held_by	stated_reason	first_code_line	st02_status
LOW	BarCode_Bottom2DID8CCD.cpp	156	171	14			TODO(W5-BarCode-socket) golden BarCode.cpp:5305-5526 -- ClientSocket_Bottom_1..8	switch (index)	
LOW	BarCode_Bottom2DID8CCD.cpp	283	289	5			TODO(W7-UI) golden BarCode.cpp:5854-5858 -- fLotInfo->sgBarcode->Cells[...] (TfLotInfo StringGrid, no sgBarcode member in FormsFacade.h shim yet)	fLotInfo->sgBarcode->Cells[1 + i][1] = iNeedBarcodeCount[i];	
LOW	BarCode_Bottom2DID8CCD.cpp	306	308	1			TODO(W7-UI) golden BarCode.cpp:5871 -- fLotInfo->sgBarcode->Cells[1+i][4] (cosmetic)	fLotInfo->sgBarcode->Cells[1 + i][4] = str.c_str();	
LOW	BarCode_Bottom2DID8CCD.cpp	320	327	6			TODO(W7-UI) golden BarCode.cpp:5883-5888 -- fLotInfo->sgBarcode->Cells[5][*] (cosmetic totals column)	fLotInfo->sgBarcode->Cells[5][1] = Count1;	
LOW	BarCode_Bottom2DID8CCD.cpp	379	436	56			TODO(W5-BarCode-socket) golden BarCode.cpp:9961-10024 -- ClientSocket_Bottom_1..8 (TClientSocket, no vclcompat shim yet)	if(ClientSocket_Bottom_1->Active==false)	
LOW	BarCode_Bottom2DID8CCD.cpp	1372	1381	8			TODO(W7) golden BarCode.cpp:11250 -- InArmSuck.PordRec[][].Add2DIDRecord() is	InArmSuck.PordRec[i][l].Add2DIDRecord(InArmSuck.cDeviceInf[i][l]);	
LOW	BarcodeReader.cpp	104	110	5	B-F1		GATE (B-F1) -- fFTPClient (TfFTPClient) has no port anywhere in this tree; see header	if((IniConfig.bN06_UseBarcode==false && fFTPClient->bShow==false) ||	
LOW	BarcodeReader.cpp	116	118	1	B-W1		GATE (B-W1) -- RegisterHotKey needs a real HWND (golden Handle); none exists headless	RegisterHotKey(Handle, 2, MOD_CONTROL, 'V');                            //wei 20151120 內容用ctrl+V貼上	
LOW	BarcodeReader.cpp	146	148	1	B-W1		GATE (B-W1) -- see FormShow	UnregisterHotKey(Handle, 2);                                                //wei 20151120 內容用ctrl+V貼上	
LOW	BarcodeReader.cpp	373	382	8	B-F1		GATE (B-F1) -- fFTPClient has no port; see header	else if(CUSTOMER_CODE==CC_CYUEAN && fFTPClient->bShow)                      //Sam 20230706 : 依安客戶 FTP Setup	
LOW	CCLink/MyCCLink.cpp	325	327	1			TODO(W7-UI): TfCCLink::SaveSetupFile() (golden CCLink/MyCCLinkSensor.h:422)	fCCLink->SaveSetupFile();	
LOW	DynamicTemp.cpp	124	126	1	C1		GATE (C1) -- golden :50, COM2->TempComm6 has no port (see forms/fDynamicTemp.h)	COM2->TempComm6->WriteCommData(asWriteComm.c_str(),asWriteComm.Length());	
LOW	DynamicTemp.cpp	156	159	2	D1		GATE (D1) -- golden :73, real disk read of an arbitrary	ListBox1->Items->LoadFromFile(OpenDialog2->FileName);	
LOW	DynamicTemp.cpp	196	199	2	D2		GATE (D2) -- golden :106, real disk write of an arbitrary	ListBox1->Items->SaveToFile(SaveDialog1->FileName);	
LOW	DynamicTemp.cpp	225	228	2	C1		GATE (C1) -- golden :126-127, COM2->TempComm6 has no port (see forms/fDynamicTemp.h)	COM2->TempComm6->StopComm();	
LOW	DynamicTemp.cpp	462	464	1	C1		GATE (C1) -- golden :318, COM2->TempComm6 has no port (see forms/fDynamicTemp.h)	COM2->TempComm6->WriteCommData(asWriteComm.c_str(), asWriteComm.Length());	
LOW	DynamicTemp.cpp	474	477	2	C1		GATE (C1) -- golden :326-327, COM2->TempComm6 has no port (see forms/fDynamicTemp.h)	COM2->TempComm6->StopComm();	
LOW	DynamicTemp.cpp	498	500	1	C1		GATE (C1) -- golden :342, COM2->TempComm6 has no port (see forms/fDynamicTemp.h)	COM2->TempComm6->WriteCommData(asWriteComm.c_str(), asWriteComm.Length());	
LOW	EJ1N/MyOmronPanel.cpp	86	105	18	2		GroupBox1MouseUp/Down/Move (GATE (2)) and setEditValueClick's OnClick / wiring have no callee signature this tree can express / no callee / substrate (GATE (3)) respectively. Preserved verbatim:	ImgOmronPanel   =new TImage(this);	
LOW	EJ1N/MyOmronPanel.cpp	115	123	7				edSV->Parent=GroupBox;	
LOW	EJ1N/MyOmronPanel.cpp	125	132	6				edSV->Font->Charset = DEFAULT_CHARSET;	
LOW	EJ1N/MyOmronPanel.cpp	134	141	6				cbEnableAT->Parent  =GroupBox;	
LOW	EJ1N/MyOmronPanel.cpp	204	216	11			:107-117, drawing PV onto ImgOmronPanel) has no substrate (no / TImage/TCanvas type in this port). The one state-carrying side / effect, `dPv=atof(PV.c_str())`, is preserved ACTIVE below. Verbatim:	int iTextWidth, iTextHeight;	
LOW	EJ1N/MyOmronPanel.cpp	223	231	7	1		AI(W906-PT-W2) 20260807: GATE (1) -- 100% Canvas paint, no other state.	int iTextWidth, iTextHeight;	
LOW	EJ1N/MyOmronPanel.cpp	237	245	7	1		AI(W906-PT-W2) 20260807: GATE (1) -- 100% Canvas paint, no other state.	int iTextWidth, iTextHeight;	
LOW	EJ1N/MyOmronPanel.cpp	251	259	7	1		AI(W906-PT-W2) 20260807: GATE (1) -- 100% Canvas paint, no other state.	int iTextWidth, iTextHeight;	
LOW	EJ1N/MyOmronPanel.cpp	265	273	7	1		AI(W906-PT-W2) 20260807: GATE (1) -- 100% Canvas paint, no other state.	int iTextWidth, iTextHeight;	
LOW	EJ1N/MyOmronPanel.cpp	279	293	13	1		AI(W906-PT-W2) 20260807: GATE (1) -- 100% Canvas paint, no other state.	int iTextWidth, iTextHeight;	
LOW	EJ1N/MyOmronPanel.cpp	299	307	7	1		AI(W906-PT-W2) 20260807: GATE (1) -- 100% Canvas paint, no other state.	int iTextWidth, iTextHeight;	
LOW	EJ1N/MyOmronPanel.cpp	313	317	3	1		AI(W906-PT-W2) 20260807: GATE (1) -- 100% Canvas paint, no other state.	ImgOmronPanel->Canvas->Brush->Color=BackGround;	
LOW	EJ1N/MyOmronPanel.cpp	476	482	5			have no port on vclcompat::TControl and `iStartX`/`iStartY` are / unqualified here inside a free function, so this one STAYS SHUT. / Golden preserved VERBATIM:	if(Ptr->Tag==1)	
LOW	EJ1N/TextProcess.cpp	516	527	10			TODO(W906-GA-EJ1N): superseded by vclcompat::HexStrToInt(const AnsiString&)	int HexStrToInt(AnsiString str)	
LOW	EJ1N/TextProcess.h	117	119	1			TODO(W906-GA-EJ1N): superseded by vclcompat::HexStrToInt(const AnsiString&)	extern int        HexStrToInt(AnsiString str);                                  //16進制轉10進制	
LOW	EJ1N/uDTME08Control.h	137	141	3				return ExtractFilePath(Application->ExeName);	
LOW	EJ1N/uSocketServerClient.cpp	470	474	3	REGISTER		ClientSocket.h's AI(W906-ServerSocket) EXTENSION note).  Same / observable string either way -- NO behaviour delta.  See this / file's own GATE REGISTER above.	return ServerSocket->Socket->Connections[0]->RemoteAddress;	
LOW	EJ1N/uSocketServerClient.cpp	586	590	3			and tears down the connection -- the same net effect Close() / would have here (this handler already forces bConnected=false / itself the line above, independent of Socket's own state).	Socket->Close();	
LOW	FileRW/HSys.cpp	114	123	8			golden V912 HandlerSys.cpp:50-60 原文（缺鍵時 CheckAndReadIniDataGeneral 補寫 -9999；Q15 改掉）	int iHeaterInsOpt_Old = CheckAndReadIniDataGeneral("TempCtrl","HEATER_CTRL_TYPE",KT4H);	
LOW	FileRW/HSys.cpp	1130	1137	6	W906-IDXSUCK-ASK		GATE(W906-IDXSUCK-ASK) 鍵不存在時 golden 開機跳是／否框問「Index 真空產生器用負壓嗎」；wb_serve 開機時沒有網頁能回答 ⇒ 留著閘、INDEX_SUCKER_TYPE 維持預設 0（＝golden 答「否」）、不寫檔。鍵存在的機台（一般都有）走下面照 golden 讀	if(Application->MessageBox("index sucker use negative press? (index真空產生器使用負壓系統?)", NULL, MB_YESNO | MB_TOPMOST)==IDYES)	
LOW	FileRW/MainRecord.cpp	187	189	1	W906-PROD-S113-G1		GATE(W906-PROD-S113-G1) ④ TfMesSystem::SetOEEState 沒有本體（forms/fMesSystem.h:686 GATE）；golden 本體第一行 bVTESTFunction==false return（S25）	fMesSystem->SetOEEState(stStartTime);	
LOW	FileRW/MainRecord.cpp	202	204	1	W906-PROD-S113-G1		GATE(W906-PROD-S113-G1) ④ 同上	fMesSystem->SetOEEState(stPauseTime);	
LOW	FileRW/MainRecord.cpp	212	217	4	W906-PROD-S113-G1		GATE(W906-PROD-S113-G1) ④ 同上（兩支都是 SetOEEState，整個 if/else 一起閘）	if(fNote->edErrorCode->Text.Pos("JAM")>0)	
LOW	FileRW/MainRecord.cpp	245	247	1	W906-PROD-S113-G3		GATE(W906-PROD-S113-G3) ⑥ TfLotInfo::SaveASECLTestLogInfo 沒翻；golden 本體第一行 CUSTOMER_CODE!=CC_ASE_CL return（uLotInfo.cpp:11031，S25）	fLotInfo->SaveASECLTestLogInfo();	
LOW	FileRW/MainRecord.cpp	319	321	1	W906-PROD-S113-G4		GATE(W906-PROD-S113-G4) ⑦ StatusBar1（golden main.h TStatusBar*）移植樹沒有；下一行用同一格式組出同一個值	RunInfo.SystemTime=StatusBar1->Panels->Items[6]->Text;	
LOW	FileRW/Temperature.cpp	103	107	3	W906-FRW-S88-THERMO		GATE(W906-FRW-S88-THERMO) golden main.cpp:28379-28381 -- 重新啟動溫控任務（bthermo.cpp iThermoTask，把新設定值送到加熱器）＝機台溫控流程，不在 St01 讀寫檔範圍 → Jimmy。VERBATIM	fHeaterOK=false;	
LOW	FileRW/Temperature.cpp	127	129	1	W906-FRW-S88-AMKOR		GATE(W906-FRW-S88-AMKOR) golden main.cpp:28396 -- TfAutomation::AmkorSendMessage 移植樹沒有（Automation/automation.h:331；UDP 對外通訊、客戶專屬）。VERBATIM	fAutomation->AmkorSendMessage(1);                                           //Steven 20120330 : ATK Site Map Monitorning	
LOW	FileRW/TestIF_File_Cleaning.cpp	263	321	57			AI(W906-FLOW-5) 20260929: the V912 copy (golden V912 AutoClean.cpp:1324-1383, WAR1922 + its own static) is retired -- see :259/:262; this line was its opening brace	AnsiString Str;	
LOW	HandlerSys.cpp	60	62	1	H1			SortItemToMap();   // GATE (H1)	
LOW	HandlerSys.cpp	228	230	1			new finding this wave). `#if 0`-gated; rgMNetSpeed->ItemIndex is left / untouched, matching that precedent's "value stays whatever it already / is" convention rather than substituting a guessed literal.	rgMNetSpeed->ItemIndex      =CheckAndReadIniDataGeneral("System", "MOTIONNET_SPEED",    COMMSPEED_20M); //Steven 20181122 : MNet速度要可以修改	
LOW	JsonBridge/actions/MainTesterConnect.cpp	91	99	7			TODO(W906-GB-P2e): E1 DoPassword() is not a TfMain facade member (password dialog; FileRW/TestIF_File.cpp:2576 treats it as failed too) -- golden main.cpp:29751	if(fMain->DoPassword()==false)                                      //Steven 20101124	
LOW	JsonBridge/actions/MainTesterConnect.cpp	124	129	4			TODO(W906-GB-P2e): E2 fLotInfo->labTCPIPSimulate is not a TfLotInfo member (same gate as the P5 TcpPump) -- golden main.cpp:29777 / :29783	if(LastSet.iTester==OFF_LINE)                                           //wei 20211027 open short TCP/IP	
LOW	MachineDefine.h	34	146	111			AI(W0-TAIL) 20260626: TODO(W3/W6/W7) -- driver headers (adamtcp/Dmccom/CMNet/PCI_L1xx/ / MN200/mdfunc/sqlite3/CSmc/Hontech_M4/DNM100API/...) + VCL app headers (myio/halarm/ / language/LastSet/cMyDB/cContact/ContactForce/	#include <vcl.h>	
LOW	MainTempMode.cpp	246	248	1	dep-fOffSet-ReadFile		GATE(dep-fOffSet-ReadFile): golden :21904	fOffSet->ReadFile();                                                    //jou 2010-01-15 offset需放在lastset讀取之後	
LOW	MainTempMode.cpp	277	279	1	dep-COM2-ATCInitialTask		GATE(dep-COM2-ATCInitialTask): golden :21920	COM2->ATCInitialTask();                                             //jou 2012-03-14 ATC	
LOW	MyTempPanel.cpp	123	129	5			no substrate (vclcompat::TPanel carries only Caption+Color, plus / TControl's Visible/Enabled -- see Controls.h). ->Color and ->Visible / ARE real and stay ACTIVE below.	palTemp->Left      =0;	
LOW	MyTempPanel.cpp	131	134	2				palTemp->BevelInner=bvNone;	
LOW	MyTempPanel.cpp	142	149	6			:65,66-70,72-76) have no substrate (vclcompat::TLabel carries only / Caption+Color, plus TControl's Visible/Enabled). ->Caption IS real and / stays ACTIVE.	labName->Parent=palTemp;	
LOW	MyTempPanel.cpp	151	157	5				labName->Font->Charset = DEFAULT_CHARSET;	
LOW	MyTempPanel.cpp	166	177	10	1		this port's TEdit chain either, unlike golden's TWinControl-derived / original). ->Enabled IS real and stays ACTIVE. ->OnMouseDown has no / substrate AND its target (edBaseMouseDown) is omitted -- GATE (1).	edLow->Parent=palTemp;	
LOW	MyTempPanel.cpp	179	181	1				edLow->OnMouseDown=edBaseMouseDown;	
LOW	MyTempPanel.cpp	190	192	1			TLabel do). Only ->Enabled stays ACTIVE for each. Not re-annotated / per-block below to keep this file proportional to golden's own / density; this one note covers all 5 Kit_ blocks.	edKit_Low->Parent=palTemp;                                                  //JerryYang 20221003 Analog要求新增Kit三點offset	
LOW	MyTempPanel.cpp	193	201	7				edKit_Low->AutoSize=false;	
LOW	MyTempPanel.cpp	203	206	2				edKit_Low->OnMouseDown=edBaseMouseDown;	
LOW	MyTempPanel.cpp	208	210	1				edMid->Parent=palTemp;	
LOW	MyTempPanel.cpp	211	221	9				Str.sprintf("edMid%03d", iTag);	
LOW	MyTempPanel.cpp	223	225	1				edMid->OnMouseDown=edBaseMouseDown;	
LOW	MyTempPanel.cpp	227	229	1				edKit_Mid->Parent=palTemp;                                                  //JerryYang 20221003 Analog要求新增Kit三點offset	
LOW	MyTempPanel.cpp	230	238	7				edKit_Mid->AutoSize=false;	
LOW	MyTempPanel.cpp	240	243	2				edKit_Mid->OnMouseDown=edBaseMouseDown;	
LOW	MyTempPanel.cpp	245	247	1				edLowbase->Parent=palTemp;	
LOW	MyTempPanel.cpp	248	258	9				Str.sprintf("edLowbase%03d", iTag);	
LOW	MyTempPanel.cpp	260	262	1				edLowbase->OnMouseDown=edBaseMouseDown;	
LOW	MyTempPanel.cpp	264	266	1				edKit_Lowbase->Parent=palTemp;                                              //JerryYang 20221003 Analog要求新增Kit三點offset	
LOW	MyTempPanel.cpp	267	275	7				edKit_Lowbase->AutoSize=false;	
LOW	MyTempPanel.cpp	277	280	2				edKit_Lowbase->OnMouseDown=edBaseMouseDown;	
LOW	MyTempPanel.cpp	282	284	1				edBase->Parent=palTemp;	
LOW	MyTempPanel.cpp	285	295	9				Str.sprintf("edBase%03d", iTag);	
LOW	MyTempPanel.cpp	297	299	1				edBase->OnMouseDown=edBaseMouseDown;	
LOW	MyTempPanel.cpp	301	303	1				edKit_Base->Parent=palTemp;                                                 //JerryYang 20221003 Analog要求新增Kit三點offset	
LOW	MyTempPanel.cpp	304	312	7				edKit_Base->AutoSize=false;	
LOW	MyTempPanel.cpp	314	317	2				edKit_Base->OnMouseDown=edBaseMouseDown;	
LOW	MyTempPanel.cpp	319	321	1				edHighBase->Parent=palTemp;	
LOW	MyTempPanel.cpp	322	332	9				Str.sprintf("edHighBase%03d", iTag);	
LOW	MyTempPanel.cpp	334	336	1				edHighBase->OnMouseDown=edBaseMouseDown;	
LOW	MyTempPanel.cpp	338	340	1				edKit_HighBase->Parent=palTemp;                                             //JerryYang 20221003 Analog要求新增Kit三點offset	
LOW	MyTempPanel.cpp	341	349	7				edKit_HighBase->AutoSize=false;	
LOW	MyTempPanel.cpp	351	354	2				edKit_HighBase->OnMouseDown=edBaseMouseDown;	
LOW	MyTempPanel.cpp	356	358	1				edSHighBase->Parent=palTemp;                                                //Ztex 2024.07.27 Add 6 Point Temperature Offset ==>	
LOW	MyTempPanel.cpp	359	369	9				Str.sprintf("edSHighBase%03d", iTag);	
LOW	MyTempPanel.cpp	371	373	1				edSHighBase->OnMouseDown=edBaseMouseDown;                                   //Ztex 2024.07.27 Add 6 Point Temperature Offset <==	
LOW	MyTempPanel.cpp	375	377	1			==> Eastsun 20260526 #026-4.A7 Ifor 20241101 add :KYEC	edPreOffset->Parent=palTemp;	
LOW	MyTempPanel.cpp	378	386	7				edPreOffset->AutoSize=false;	
LOW	MyTempPanel.cpp	389	392	2				edPreOffset->OnMouseDown=edBaseMouseDown;	
LOW	MyTempPanel.cpp	393	395	1				edPreOfsTime->Parent=palTemp;	
LOW	MyTempPanel.cpp	396	404	7				edPreOfsTime->AutoSize=false;	
LOW	MyTempPanel.cpp	407	410	2				edPreOfsTime->OnMouseDown=edBaseMouseDown;	
LOW	MyTempPanel.cpp	411	413	1				edAfterOfs->Parent=palTemp;	
LOW	MyTempPanel.cpp	414	422	7				edAfterOfs->AutoSize=false;	
LOW	MyTempPanel.cpp	425	428	2				edAfterOfs->OnMouseDown=edBaseMouseDown;	
LOW	MyTempPanel.cpp	431	433	1				edOffset->Parent=palTemp;	
LOW	MyTempPanel.cpp	434	443	8				Str.sprintf("edOffset%03d", iTag);	
LOW	MyTempPanel.cpp	445	448	2				edOffset->Color = clBtnFace;	
LOW	MyTempPanel.cpp	450	452	1				edOffset->OnMouseDown=edBaseMouseDown;	
LOW	MyTempPanel.cpp	454	456	1				edSingleLimit->Parent=palTemp;	
LOW	MyTempPanel.cpp	457	466	8				Str.sprintf("edSingleLimit%03d", iTag);	
LOW	MyTempPanel.cpp	468	470	1				edSingleLimit->OnMouseDown=edLimitMouseDown;	
LOW	MyTempPanel.cpp	472	474	1				edIndiTemp->Parent=palTemp;	
LOW	MyTempPanel.cpp	475	484	8				Str.sprintf("edIndiTemp%03d", iTag);	
LOW	MyTempPanel.cpp	486	488	1				edIndiTemp->OnMouseDown=edIndiviMouseDown;	
LOW	MyTempPanel.cpp	490	492	1				edInitTempOffset->Parent=palTemp;	
LOW	MyTempPanel.cpp	493	502	8				Str.sprintf("edInitTempOffset%03d", iTag);	
LOW	MyTempPanel.cpp	504	507	2				edInitTempOffset->OnMouseDown=edinitialMouseDown;                           //kevin 20210421 edBaseMouseDown; ->edinitialMouseDown 獨立 範圍	
LOW	MyTempPanel.cpp	509	511	1				edEOTTempOffset->Parent=palTemp;	
LOW	MyTempPanel.cpp	512	521	8				Str.sprintf("edEOTTempOffset%03d", iTag);	
LOW	MyTempPanel.cpp	523	525	1				edEOTTempOffset->OnMouseDown=edBaseMouseDown;	
LOW	MyTempPanel.cpp	528	534	5				palLine->Parent=palTemp;	
LOW	MyTempPanel.cpp	628	630	1			AI(W906-PT-W3) 20260807: golden `palTemp->Parent=NULL;` (golden / :379) has no substrate (no ->Parent member, see ctor's note).	palTemp->Parent=NULL;	
LOW	MyTempPanel.cpp	644	647	2			AI(W906-PT-W3) 20260807: golden `palTemp->Parent=tsTemp; / palTemp->Align=alTop;` (golden :390-391) has no substrate (no / ->Parent, no ->Align member on vclcompat::TPanel). ACTIVE arm: no-op.	palTemp->Parent=tsTemp;	
LOW	MyTempPanel.cpp	901	1008	106			(real -- vclcompat TEdit:TCustomEdit:TControl:TObject is a single / non-virtual chain) and then the faithful "user did nothing" no-op. / Golden preserved VERBATIM, ready to un-gate as one block:	TEdit *Buffer;	
LOW	MyTempPanel.cpp	1050	1072	21			missing surfaces as edBaseMouseDown above (Tag / fTemp_Set / / fQwertyKey).  ACTIVE arm: the real Sender downcast, then the faithful / "user did nothing" no-op.  Golden preserved VERBATIM:	dTempMax=fTemp_Set->MaxTempSetting();                                       //Steven 20170427 : 回傳機台可以用的最大溫度值	
LOW	MyTempPanel.cpp	1107	1140	32			(fQwertyKey real since FW-QWKEY1, 20260824), so this handler is the / closest of the four to being un-gateable. / ACTIVE arm: faithful "user did nothing" no-op.  Golden VERBATIM:	if(Buffer->Tag==1)	
LOW	OmronLaser/LaserSensorShuttle.cpp	975	990	14	2			GetShuttleSize(iShuttleXItem, iShuttleYItem, iShuttleXPitch, iShuttleYPitch);	
LOW	OmronLaser/LaserSensorShuttle.cpp	1041	1049	7	2			GetShuttleSize(iShuttleXItem, iShuttleYItem, iShuttleXPitch, iShuttleYPitch);	
LOW	ProductionInfo/TfFTP.cpp	520	522	1			kept VERBATIM -- it was already unconditional in / golden (real TNMFTP::Rename is void, so golden itself / never checked a result here either).	pFTP->Rename(asSource, asTarget);	
LOW	ProductionInfo/uPAT_Function.cpp	1247	1256	8			---- golden text VERBATIM (golden :618-620) ----	srpt+=GetRealTimeRpt_FormatRow("Stop Time(Before Test)", GetDayHourMinSecStr(fMain->machineTime.GetTotalPauseTimeBeforeTest()));	
LOW	ProductionInfo/uPAT_Function.cpp	1694	1707	12			---- golden text VERBATIM (golden :1044-1053) ----	tray.UserDefineName.sprintf("%s",fTrayForm->TrayName1->Text);	
LOW	ProductionInfo/uPAT_Function.cpp	1713	1730	16			---- golden text VERBATIM (golden :1058-1071) ----	SetTrayForm_Greatek *stf=&fProductionInfo->sucTrayForm;	
LOW	ProductionInfo/uPAT_Function.cpp	1765	1783	17			---- golden text VERBATIM (golden :1105-1119) ----	fProductionInfo->OverWritePlateFormData(PlateTablePath,"",plate.StartPositionX,	
LOW	ProductionInfo/uPAT_Function.cpp	1789	1799	9			---- golden text VERBATIM (golden :1124-1130) ----	fProductionInfo->OverWritePlateFormData(PlateTablePath,"",plate.StartPositionX,	
LOW	ProductionInfo/uPAT_Function.cpp	1839	1851	11			---- golden text VERBATIM (golden :1166-1173) ----	if(atof(fMain->edWorkTemperBase->Text.c_str())>25)	
LOW	ProductionInfo/uPAT_Function.cpp	1855	1860	4			---- golden text VERBATIM (golden :1175-1175) ----	fTemp_Set->spbSave->Click();	
LOW	ProductionInfo/uPAT_Function.cpp	1889	1895	5			---- golden text VERBATIM (golden :1203-1205) ----	fContact->edForcePerPinG->Text=IntToStr(contact.TheNoOfPins);	
LOW	ProductionInfo/uPAT_Function.cpp	1964	1989	24			---- golden text VERBATIM (golden :1273-1294) ----	autoClean.UseAutoClean = fCleaning->rgAutoCleanOnOff->ItemIndex;	
LOW	ProductionInfo/uPAT_Function.cpp	1995	2022	26			---- golden text VERBATIM (golden :1299-1322) ----	fCleaning->rgAutoCleanOnOff->ItemIndex=autoClean.UseAutoClean;	
LOW	ProductionInfo/uPAT_Function.cpp	2051	2057	5			---- golden text VERBATIM (golden :1350-1352) ----	tester.TestMode = FTestIF->rgInterfaceType->ItemIndex;	
LOW	ProductionInfo/uPAT_Function.cpp	2063	2076	12			---- golden text VERBATIM (golden :1357-1366) ----	FTestIF->rgInterfaceType->ItemIndex=tester.TestMode;	
LOW	ProductionInfo/uPAT_Function.cpp	2111	2122	10			---- golden text VERBATIM (golden :1400-1407) ----	vacuum.Arm1VacuumWait = StrToFloatDef(fSpeed->edInVacumCheckTime->Text, 0.0);	
LOW	ProductionInfo/uPAT_Function.cpp	2128	2141	12			---- golden text VERBATIM (golden :1412-1421) ----	fSpeed->edInVacumCheckTime->Text=FloatToStr(vacuum.Arm1VacuumWait);	
LOW	ProductionInfo/uPAT_Function.cpp	2172	2181	8			---- golden text VERBATIM (golden :1451-1456) ----	speed.InArm2Speed = StrToIntDef(fSpeed->edInXYSpd->Text, 0);	
LOW	ProductionInfo/uPAT_Function.cpp	2187	2207	19			---- golden text VERBATIM (golden :1461-1477) ----	fSpeed->edInXYSpd->Text=IntToStr(speed.InArm2Speed);	
LOW	Public/ExternFunction.cpp	564	571	6	PTW8-EF-3		GATE PTW8-EF-3 -- golden :119-124.  No TStatusBar type exists; the parameter type cannot be named.	bool StatusBar_ItemText(TStatusBar* pSB, int iIndex, AnsiString sText)	
LOW	Public/HTEdit.cpp	135	159	23	1		GATE (1): golden restores Ed/LEd->OnClick/OnKeyPress/OnChange from / FOldOnClickEvent/FOldKeyPressEvent/FOldOnChange here. Faithful / default: no-op (see GATE REGISTER (1) above).	TEdit        *Ed = dynamic_cast <TEdit          *>(SourceControl);	
LOW	Public/HTEdit.cpp	173	242	68				TEdit        *Ed = dynamic_cast <TEdit          *>(SourceControl);	
LOW	Public/HTEdit.cpp	369	393	23				TEdit        *Ed = dynamic_cast <TEdit          *>(SourceControl);	
LOW	Public/HTEdit.cpp	731	746	14				Par     =SourceControl->Parent;	
LOW	Public/HTEdit.cpp	751	764	12				if(SourceControl->Parent!=Null && Par!=NULL && SourceControl->Parent!=Par)	
LOW	Public/MyProductionRecord.cpp	552	559	6			TODO(W-VacuumUnit) -- TMySucker::GetIOValue() not real yet (golden MyKitSuck.h:108)	AnsiString s="";                                                            //Sam 20230210 : 新增 VacuumUnit 通訊模組	
LOW	Public/MyProductionRecord.cpp	567	574	6			TODO(W-VacuumUnit) -- TMySucker::GetIOValue() not real yet (golden MyKitSuck.h:108)	AnsiString s="";                                                            //Sam 20230210 : 新增 VacuumUnit 通訊模組	
LOW	Public/MyProductionRecord.cpp	608	615	6			TODO(W-VacuumUnit) -- TMySucker::GetIOValue() not real yet (golden MyKitSuck.h:108)	AnsiString s="";                                                            //Sam 20230210 : 新增 VacuumUnit 通訊模組	
LOW	Public/MyProductionRecord.cpp	1198	1203	4	G-1		GATE G-1 -- golden :673-676 (fBarCode->JCETUseMakeWhite2DIDList() / fLotInfo->edtCusLotID -- see GATE REGISTER A-1, G-1)	else if(fBarCode->JCETUseMakeWhite2DIDList()==true)                         //RogerYang 20251210 : JCET 2D FT1白名單/FT2比對功能	
LOW	Public/MyProductionRecord.cpp	1219	1230	10	G-2		GATE G-2 -- golden :692-701 (fProductionInfo->_bOEEStartLotSuccess -- see GATE REGISTER A-3, G-2)	if(fProductionInfo->_bOEEStartLotSuccess &&	
LOW	Public/MyProductionRecord.cpp	1733	1739	5	G-3a		GATE G-3a -- golden :1125-1128 (fLotInfo->edtStep / edtStage / lbledtStarTime absent -- see GATE REGISTER A-2)	if(CUSTOMER_CODE==CC_SJ_Semiconductor)                                      //Steven 20250807 : HandlerID_InnerLotID_Step_Stage_TimeStamp	
LOW	Public/MyProductionRecord.cpp	1744	1750	5	G-3b		GATE G-3b -- golden :1134-1137 (same absence as G-3a)	if(CUSTOMER_CODE==CC_SJ_Semiconductor)                                      //Steven 20250807 : HandlerID_InnerLotID_Step_Stage_TimeStamp	
LOW	Public/MyProductionRecord.cpp	1781	1891	109	G-4		GATE G-4 -- fBarCode->iJCETWhitelistSN absent from TfBarCode (BarCode/BarCode.h, partial); see GATE REGISTER A-1, G-4	AnsiString asJCET2DIDListPath, asStr;	
LOW	Public/WinSocketErrorCode.cpp	443	447	3	G-PTk4		GATE G-PTk4 -- golden :326.  MyDBIProcess lives in ht9045_sm; this TU is	MyDBIProcess("Exception", Str);	
LOW	RunStartMode.cpp	296	301	4	W906-P10-QABACKUP		GATE (W906-P10-QABACKUP): 缺相依（本體被 GATE (Q-F) 閘住），見上面的就地註解	if(LastSet.iRunStartMode!=rsmQAMode && Mode==rsmQAMode)                 //其他模式切換到  QA模式備份目前Site On Off 狀態	
LOW	RunStartMode.cpp	916	918	1	W906-P10-MONITORPARAM		GATE (W906-P10-MONITORPARAM): 缺相依（本體被 GATE (R-7) 閘住，且會寫 CurrentSetupData.txt）	fRPDefault->ShowMonitoredParameter();	
LOW	RunStartMode.cpp	1189	1207	17	W906-RSMODE		GATE(W906-RSMODE) golden :23731-23747 —— AMKOR China／QUALCOMM 切 RT 要輸密碼：fPassword 在移植樹從來沒建（forms/fPassword.cpp:29，NULL），fQwertyKey->ShowQwertyKey 是會卡住等輸入的畫面鍵盤；客戶專屬、排最後（這兩家以外的機台不走這段）	if((CUSTOMER_CODE==CC_AMKOR_China ||	
LOW	RunStartMode.cpp	1270	1272	1	W906-RSMODE		GATE(W906-RSMODE) golden :23810-23810 —— ASECommute（golden ASE 通勤排程結構）移植樹沒有 ⇒ ASET_ScheduleNAME 維持原值；ASE 客戶專屬	ASET_ScheduleNAME   =ASECommute.Schedule;                               //kevin 20141020	
LOW	SgdToXLS.cpp	90	94	3	1		TODO(XLSFile.pas): StringGridToXLS is Object Pascal, no C++ substrate -- see file head GATE (1).	StringGridToXLS(strGrid, Path);	
LOW	SortingBinTray/SortingBinTray.cpp	484	486	1			TODO(W7): golden :268 TransferAutoRatio (no definition anywhere in the port tree)	TransferAutoRatio(iNowActionTray, &iXPos, &iYPos);                  //Auto的軟體齒輪比	
LOW	SortingBinTray/SortingBinTray.cpp	669	671	1			TODO(W7): golden :449 TransferAutoRatio (no definition anywhere in the port tree)	TransferAutoRatio(iNowActionTray, &iXPos, &iYPos);                  //Auto的軟體齒輪比	
LOW	SortingBinTray/SortingBinTray.cpp	2685	2687	1			TODO(W7): golden :2414 TransferAutoRatio (no definition anywhere in the port tree)	TransferAutoRatio(iTray, &iXPos, &iYPos);                                   //Auto的軟體齒輪比	
LOW	SortingBinTray/SortingBinTray.cpp	2749	2751	1			TODO(W7-UI): golden :2468 fLotInfo->edPage (no such member on the TfLotInfo stand-in)	tempList->Insert(1, fLotInfo->edPage->Text);	
LOW	SortingBinTray/SortingBinTray.cpp	2767	2780	12			TODO(W7-UI): golden :2477-2486 fLotInfo->iXMLOnLineStatus + fMain->UnloadTrayLog (no such members)	if(iCount>0)                                                                //Steven 20200617 : 確保有IC才存檔與上傳	
LOW	TfAOILaserScan.cpp	356	360	3	2		AI(W906-PT-W3) 20260807 GATE (2): golden `return (fLotInfo->ed_PIOEEMO->Text);` / (golden :150) -- see file banner GATE (2). ed_PIOEEMO not yet ported / onto forms/fLotInfo.h. Faithful default: "" (unknown/blank Lot MO).	return (fLotInfo->ed_PIOEEMO->Text);	
LOW	TfAOILaserScan.cpp	1166	1168	1	1a		AI(W906-PT-W3) 20260807 GATE (1a): golden `delete trayMapIC;` (golden / :950) -- see file banner GATE (1). trayMapIC is externally owned (see / banner); faithful default is to attempt nothing.	delete trayMapIC;	
LOW	TfAOILaserScan.cpp	1214	1216	1	1b		AI(W906-PT-W3) 20260807 GATE (1b): golden `trayMapIC->ClearCell();` / (golden :994) -- see file banner GATE (1). Faithful default: no-op.	trayMapIC->ClearCell();	
LOW	TfAOILaserScan.cpp	1333	1336	2	1d		is NOT itself gated -- it is a real function this / same file defines; its OWN body gates the TTMyTray / touches it makes (see GATE (1d)).	trayMapIC->XItem=iGetCol;	
LOW	TfAOILaserScan.cpp	1493	1520	26	1		mTray->YItem/->XItem and writes mTray->SetCellColorIndex() per cell -- / every statement below touches the incomplete TTMyTray type; see file / banner GATE (1). Faithful default: no-op (nothing to paint offline).	int iIC=0;	
LOW	TfAOILaserScan.cpp	1529	1542	12	1		mTray->YItem/->XItem/->GetCellData() -- see file banner GATE (1). / Faithful default: false, matching TfAOI's OWN base-class default / (TfAOILaserScan.h golden :127).	for(int i=0;i<mTray->YItem;i++)	
LOW	VacuumUnit/MyVacuumPanel.cpp	225	242	16	1		Left/Top/Width/Height/Parent/Font/BorderStyle/OnClick/ShowHint/Hint / exist on vclcompat::TControl by design (GATE 1); TMyLed/TBtnPanelLane / have no widget-level port at all (GATE 2). Preserved verbatim:	ImgVacuumPanel  =new TImage(this);	
LOW	VacuumUnit/MyVacuumPanel.cpp	259	265	5			數值輸入	edSV->Parent        =GroupBox;	
LOW	VacuumUnit/MyVacuumPanel.cpp	267	273	5				edSV->Font->Name    =_fVacuumUnit->edSV->Font->Name;	
LOW	VacuumUnit/MyVacuumPanel.cpp	276	282	5			數值設定	btnSV->Parent   =GroupBox;	
LOW	VacuumUnit/MyVacuumPanel.cpp	284	286	1				btnSV->OnClick  =btnSVClick;	
LOW	VacuumUnit/MyVacuumPanel.cpp	289	296	6			數值 On/Off	myld1->Parent   =GroupBox;	
LOW	VacuumUnit/MyVacuumPanel.cpp	298	301	2				str.sprintf("(Lane:%d,IP:%d,Port:%d,Bit:%d) VCNo%d", SenRing,SenIP,SenPort,SenVCNo,SenVCNo);	
LOW	VacuumUnit/MyVacuumPanel.cpp	310	325	14			吸嘴開	bplOn->Parent           =GroupBox;	
LOW	VacuumUnit/MyVacuumPanel.cpp	327	330	2				str.sprintf("(Lane:%d,IP:%d,Port:%d,Bit:%d) VCNo%d", OnRing,OnIP,OnPort,OnVCNo,OnVCNo);	
LOW	VacuumUnit/MyVacuumPanel.cpp	333	348	14			吸嘴關	bplOff->Parent          =GroupBox;	
LOW	VacuumUnit/MyVacuumPanel.cpp	350	353	2				str.sprintf("(Lane:%d,IP:%d,Port:%d,Bit:%d) VCNo%d", OffRing,OffIP,OffPort,OffVCNo,OffVCNo);	
LOW	VacuumUnit/MyVacuumPanel.cpp	402	426	23	1		MyVacuumPanel.h GATE (1)). The `if(GroupBox->Visible==false) return;` / guard above IS real (vclcompat::TControl::Visible) and is the only / state-carrying effect this function has -- preserved ACTIVE. Verbatim:	int iTextWidth=0, iTextHeight=0,iTextOutX=0,iTextOutY=0;	
LOW	VacuumUnit/MyVacuumPanel.cpp	437	461	23	1		AI(W906-PT-W3) 20260807: GATE (1) -- 100% Canvas paint, no other state / beyond the guard above (see ShowCurectVal's identical note). Verbatim:	int iTextWidth=0, iTextHeight=0,iTextOutX=0,iTextOutY=0;	
LOW	VacuumUnit/MyVacuumPanel.cpp	471	495	23	1		AI(W906-PT-W3) 20260807: GATE (1) -- 100% Canvas paint, no other state / beyond the guard above. Verbatim:	int iTextWidth=0, iTextHeight=0,iTextOutX=0,iTextOutY=0;	
LOW	VacuumUnit/MyVacuumPanel.cpp	505	509	3			state at all (unlike ShowCurectVal/ShowThreshold/SetEvent, golden's / SetBG has no Visible guard to keep -- its whole body is the paint). / Verbatim:	ImgVacuumPanel->Canvas->Brush->Color=BackGround;	
LOW	VacuumUnit/MyVacuumPanel.cpp	541	565	23			ACTIVE arm: no-op. Kept DECLARED (not omitted, unlike ChangeBtnPanelLane) / because its own signature `(TObject*)` is fully spellable and a future / wave landing BtnPanelCore's widget half may re-wire it. Verbatim:	TBtnPanelLane *Ptr;	
LOW	VacuumUnit/MyVacuumPanel.cpp	655	673	17	2		GATE 2). The real Acm_DaqDoGetBitEx HW reads above are preserved / ACTIVE (Result1/Result2/Value1/Value2 computed for real); only the / on-screen switch-latch display is dropped. Verbatim:	if(Result1==SUCCESS)	
LOW	VacuumUnit/VacuumUnit.cpp	173	184	10			grpOutarm ->Top/->Left/->Width/->Height writes (golden :52-60,91-99) / have no substrate -- vclcompat::TGroupBox carries only Caption (see / Controls.h). Preserved verbatim:	grpIndexArm2->Top       =-3;                                                //IndexArm2	
LOW	VacuumUnit/VacuumUnit.cpp	199	202	2			EITHER side (no ->Parent member; no TScrollBox type at / all, see VacuumUnit.h's own scrlbx GATE). Preserved / verbatim:	myPalArm1[iCol][iRow]->GroupBox->Parent   = scrlbxIndexArm1;	
LOW	VacuumUnit/VacuumUnit.cpp	214	217	2				myPalArm1[iCol][iRow]->GroupBox->Parent   = scrlbxIndexArm1;	
LOW	VacuumUnit/VacuumUnit.cpp	221	232	10				grpInarm->Top       =-3;                                                     //InArm	
LOW	VacuumUnit/VacuumUnit.cpp	239	242	2				myPalInArm[iCol][iRow]->GroupBox->Parent  = scrlbxInArm;	
LOW	VacuumUnit/VacuumUnit.cpp	283	289	5				myPalArm2[iCol][iRow]->GroupBox->Left         =VACUUM_UNIT_WIDTH*iCol;	
LOW	VacuumUnit/VacuumUnit.cpp	298	301	2				myPalInArm[iCol][iRow]->GroupBox->Left        =VACUUM_UNIT_WIDTH*iCol;	
LOW	VacuumUnit/VacuumUnit.cpp	304	307	2				myPalOutArm[iCol][iRow]->GroupBox->Left       =VACUUM_UNIT_WIDTH*iCol;	
LOW	VacuumUnit/VacuumUnit.cpp	325	343	17			narrower forward-declaration escape here -- this is a NEW instance of / the same class of documented cross-file conflict, not a missing- / substrate gap. Golden body preserved verbatim:	for(int iRow=0; iRow<FTestSuck.iMaxRow; iRow++)	
LOW	VacuumUnit/VacuumUnit.cpp	379	385	5			standalone class (VacuumUnit.h CLASS SHAPE DECISION), not a TForm with / Caption/geometry. `S` is still computed above for provenance (harmless / local AnsiString), just never displayed. Preserved verbatim:	Caption=S;	
LOW	VacuumUnit/VacuumUnit.cpp	389	391	1			AI(W906-PT-W3) 20260807: golden `tmr1->Enabled=true;` (golden :222) has / no substrate (no TTimer type, see VacuumUnit.h's own tmr1 GATE).	tmr1->Enabled=true;	
LOW	VacuumUnit/VacuumUnit.cpp	479	481	1			AI(W906-PT-W3) 20260807: golden `tmr1->Enabled=false;` (golden :308) has / no substrate, see FormShow's identical note.	tmr1->Enabled=false;	
LOW	VacuumUnit/VacuumUnit.cpp	566	568	1			through and saves anyway regardless of this branch (no `return` / after Close()) -- that fall-through is golden's OWN behaviour, / preserved as-is below; only the window-close side effect is gated.	Close();	
LOW	VacuumUnit/VacuumUnit.cpp	592	594	1	as		AI(W906-PT-W3) 20260807: golden `Close();` (golden :405) -- same GATE as / spbSaveClick above.	Close();	
LOW	VacuumUnit/VacuumUnit.cpp	859	903	43			cosmetic one. It is latent only because nothing wires OnClick yet; / the write-path wave MUST supply these Tags (or dispatch another way) / before this block is opened.	TButton *Ptr;	
LOW	WebLotInfo.cpp	237	241	3			AI(W906-FRW-S94) 20260926: GATE（Steven 指示：這一行閘住、記 ELTodo、列給 Jimmy）。golden :10191。Msg2 是空字串 ⇒ golden 不送 CCD，	fBarCode->SendCCDCommand(fBarCode->iBarCode1_1, "2DID by lot list");        //Steven 20160926 : 補上清除資料的紀錄	
LOW	aArmHeader.h	23	98	74			TODO(W6.x/W7): restore per-site arm SM headers as they are translated	#include "LaserSensorInArm.h"	
LOW	atester_ProcessCount.cpp	343	348	4			TODO(W6.4b-integrate): ADD `TStringList *slLowYieldAlarm;` (golden main.h) to FormsFacade.h's TfMain, initialized in TfMain's ctor.	if(fMain->slLowYieldAlarm->Text.AnsiPos(AlarmCode)==0)	
LOW	atester_ProcessCount.cpp	830	1011	180	KEPT.		AI(W906-StaleGates) 20260820: PREMISE UPDATED, GATE KEPT. The old	if(CosFunction.bBySiteByBinPercentCompare==true)                            //JerryYang 20170712 (Steven) by site by bin compare percent	
LOW	atester_ProcessCount.cpp	1047	1049	1			TODO(AutoClean-module): InitialAutoCleanAllTask (golden AutoClean/AutoClean.h:7) has no translated home yet.	InitialAutoCleanAllTask();                                          //Sam 20230504 : 整理 InitialAutoCleanTask	
LOW	atester_ProcessCount.cpp	1060	1062	1			TODO(AutoClean-module): InitialAutoCleanAllTask (golden AutoClean/AutoClean.h:7) has no translated home yet.	InitialAutoCleanAllTask();                                          //Sam 20230504 : 整理 InitialAutoCleanTask	
LOW	atester_ProcessCount.cpp	1075	1077	1			TODO(AutoClean-module): InitialAutoCleanAllTask (golden AutoClean/AutoClean.h:7) has no translated home yet.	InitialAutoCleanAllTask();                                          //Sam 20230504 : 整理 InitialAutoCleanTask	
LOW	atester_ProcessCount.cpp	1142	1146	3			TODO(W6.4b-integrate): fProductionInfo->cDynaThres->GetMultiplierNum() -- see file-header gate #6 for the exact shim + pre-existing cross-unit fProductionInfo naming conflict to resolve.	return fProductionInfo->cDynaThres->GetMultiplierNum();	
LOW	atester_ProcessCount.cpp	1211	1213	1			TODO(AutoClean-module): InitialAutoCleanAllTask (golden AutoClean/AutoClean.h:7) has no translated home yet.	InitialAutoCleanAllTask();                                          //Sam 20230504 : 整理 InitialAutoCleanTask	
LOW	atester_ProcessCount.cpp	1224	1226	1			TODO(W6.4b-integrate): fProductionInfo->cDynaThres->AddThresholdNum() -- see file-header gate #6.	fProductionInfo->cDynaThres->AddThresholdNum();                     //JimmyChiu 20240411 : Dynamic multiplier for Continual Pass Bin( Socket	
LOW	atester_ProcessCount.cpp	2549	2577	27	J		GATE J (fObserver->TimeInfoGrid / fMain->HandlerTCPIPResultSendProcess /	if(CosFunction.bEnableHandlerResultServer)	
LOW	bthermo.cpp	485	488	2			TODO(W7-UI G01): golden :269-270	if(IndexStatus==Z1Up_Z2Down ||	
LOW	bthermo.cpp	509	516	6			TODO(W7-UI G03a): golden :283-288	if(CosFunction.bUseChamberBoostMode &&	
LOW	bthermo.cpp	576	581	4			TODO(W7-UI G02): golden :343-346	if(CUSTOMER_CODE==CC_Greatek && IniConfig.bN14_18_EnableTempOffset)         //Sam 20200806 : 溫度 By Servo	
LOW	bthermo.cpp	873	876	2			TODO(W7-UI G01): golden :629-630	if(IndexStatus==Z1Up_Z2Down ||	
LOW	bthermo.cpp	893	898	4			TODO(W7-UI G03b): golden :643-646	if(CosFunction.bUseChamberBoostMode && Addr==tcChamber && fLotInfo->bStartChamberBoost)        //Steven 20191128 : Chamber Boost Function	
LOW	bthermo.cpp	1274	1277	2			TODO(W7-UI G14a): golden :1004-1005	if(fConfiguration->fShow==true && fConfiguration->PageControl1->ActivePageIndex==fConfiguration->ecp1TabSheet9)	
LOW	bthermo.cpp	1323	1328	4			TODO(W5 G15): golden :1045-1048	if(COM2->ATCInitital())	
LOW	bthermo.cpp	2627	2643	15			TODO(W7 G19a): golden :2318-2332	if(FormHS->CheckTempOffset(Addr, Temp))                         //設定溫度大於機台能力  //Ifor 20180809 (Steven) : add Check the temperature Offset li	
LOW	bthermo.cpp	2651	2653	1			TODO(W7 G20): golden :2334	HeaterSVLog(Addr, Temp);	
LOW	bthermo.cpp	2670	2672	1			TODO(W5 G21a): golden :2346	TMC401WriteTemp(Addr/4, Addr%4, Temp*10);                   //送溫度到溫控器	
LOW	bthermo.cpp	2681	2683	1			TODO(W5 G22): golden :2350	UT100WordWriteNoSucm(Addr, WriteCommand, Temp*10);          //送溫度到溫控器	
LOW	bthermo.cpp	2692	2694	1			TODO(W5 G23a): golden :2354	E5DCWriteTemp(Addr, Temp*10);                                //Frank20141030	
LOW	bthermo.cpp	2720	2723	2			TODO(W5 G16): golden :2375-2376	if(bUT150Install[Addr]==true && bATCInitialFinish==true)	
LOW	bthermo.cpp	2732	2734	1			TODO(W5 G21b): golden :2380	TMC401ReadTemp(Addr/4, Addr%4);	
LOW	bthermo.cpp	2743	2745	1			TODO(W5 G22): golden :2384	UT100WordReadNoSucm(Addr, ReadCommand);	
LOW	bthermo.cpp	2754	2756	1			TODO(W5 G23b): golden :2388	E5DCReadTemp(Addr);	
LOW	bthermo.cpp	2821	2823	1			TODO(W5 G17): golden :2446	COM2->Comm2->StopComm();	
LOW	bthermo.cpp	2870	2872	1			TODO(W5 G17): golden :2486	COM2->Comm2->StopComm();	
LOW	bthermo.cpp	2895	2897	1			TODO(W5 G17): golden :2504	COM2->Comm2->StartComm();	
LOW	bthermo.cpp	2934	2936	1			TODO(W5 G17): golden :2530	COM2->Comm2->StopComm();                                //JerryYang 20170925 (wei) COM port Reset	
LOW	bthermo.cpp	3025	3027	1			TODO(W5 G17): golden :2612	COM2->Comm2->StopComm();                                    //JerryYang 20170925 (wei) COM port Reset	
LOW	bthermo.cpp	3084	3086	1			TODO(W5 G17): golden :2658	COM2->Comm2->StopComm();                                //JerryYang 20190627 Omron溫度讀取error也要重新開COM	
LOW	bthermo.cpp	3217	3219	1			TODO(W5 G17): golden :2782	COM2->Comm2->StopComm();                                    //JerryYang 20190627 Omron溫度讀取error也要重新開COM	
LOW	bthermo.cpp	3266	3268	1			TODO(W5 G17): golden :2822	COM2->Comm2->StopComm();                                //JerryYang 20170925 (wei) COM port Reset	
LOW	bthermo.cpp	3354	3356	1			TODO(W5 G17): golden :2901	COM2->Comm2->StopComm();                                    //JerryYang 20170925 (wei) COM port Reset	
LOW	bthermo.cpp	3429	3431	1			TODO(W5 G18): golden :2969	COM2->ATCInitialTask();	
LOW	bthermo.cpp	3519	3521	1			TODO(W5 G22): golden :3052	UT100WordWriteNoSucm(Addr, WriteCommand, 0);	
LOW	bthermo.cpp	3531	3533	1			TODO(W5 G22): golden :3057	UT100WordWriteNoSucm(Addr, WriteCommand, 140*10);	
LOW	bthermo.cpp	3542	3544	1			TODO(W5 G22): golden :3061	UT100WordWriteNoSucm(Addr, WriteCommand, (OldTemp[Addr]+10)*10);	
LOW	bthermo.cpp	3613	3615	1			TODO(W5 G22): golden :3121	UT100WordWriteNoSucm(Addr, WriteCommand, 0);                    //0000H = No Alarm	
LOW	bthermo.cpp	3624	3626	1			TODO(W5 G22): golden :3125	UT100WordWriteNoSucm(Addr, WriteCommand, 1);                    //0001H = High Limit Alarm	
LOW	bthermo.cpp	3766	3844	77			TODO(W7-UI G25): golden :3243-3319	static int count=0;	
LOW	bthermo.cpp	3919	3924	4			TODO(W7-UI G26a): golden :3375-3378	if(fOmron->bShow)                                                   //jou 980318 add from HT9080A	
LOW	bthermo.cpp	3940	3956	15			TODO(W7 G19b): golden :3387-3401	if(FormHS->CheckTempOffset(Addr, Temp[Addr]))                           //設定溫度大於機台能力	
LOW	bthermo.cpp	3972	4353	380			TODO(W7-UI G26b): golden :3404-3783	if(USE_16_HEATER==eht16HeaterEJ1N || USE_16_HEATER==eht32HeaterEJ1N)        //Steven 20140923 : Index使用EJ1N版32組加熱器	
LOW	bthermo.cpp	4539	4541	1			TODO(W7-UI G27): golden :3965	int iATCAddr=fTemp_Set->iAddrToATC[Addr];                                   //Steven 20241112 : 變更ATC Mapping方式	
LOW	bthermo.cpp	4570	4671	100			TODO(W7-UI G28a): golden :3981-4080	if(ATC_SYSTEM==eNewATCSystem)	
LOW	bthermo.cpp	4680	4699	18			TODO(W7-UI G28b): golden :4086-4103	if(ATC_SYSTEM==eNewATCSystem)                                       //Steven 20241112 : 變更ATC Mapping方式	
LOW	bthermo.cpp	4705	4789	83			TODO(W7-UI G28c): golden :4106-4188	if(ATC_SYSTEM==eNewATCSystem)                                       //Ztex 2023.04.19 Add HT-1032 TriTemp Function	
LOW	bthermo.cpp	5364	5380	15			TODO(W7 G19c): golden :4750-4764	if(FormHS->CheckTempOffset(Addr, Temp[Addr]))                           //設定溫度大於機台能力	
LOW	bthermo.cpp	5396	5399	2			TODO(W7-UI G29): golden :4775-4776	frmDTME08->SetSettingSV(i, Temp[Addr]);                         //write sv    SetSettingSV	
LOW	cAuthority.cpp	562	629	66			GOLDEN VERBATIM -- golden cAuthority.cpp:438-503.  INERT reference text; the live ChangeCompomentEnabled follows the #endif.	void __fastcall ChangeCompomentEnabled(TWinControl *PCtrl, bool bEnable, bool bMustEnable)	
LOW	cBinSel.cpp	610	613	2	write-policy			WriteIniData(szDir, "Configuration", "Enable MRT Mode",(cbUseMRTMode->Checked)?1:0);	
LOW	cBinSel.cpp	635	638	2	write-policy			WriteIniData(szDir, "Configuration", "ASM Open Bin", cbbAutoSiteMap->ItemIndex);	
LOW	cBinSel.cpp	650	653	2	write-policy			WriteIniData(szDir, "Configuration", "ASM Pass Bin", cbbASMPassBin->ItemIndex);	
LOW	cBinSel.cpp	681	684	2	write-policy			WriteIniData(szDir, "Configuration", "bOutShtLoseICSetErrUntilOneCycle", cbOutShtLoseICSetErrUntilOneCycle->Checked);	
LOW	cBinSel.cpp	702	705	2	write-policy			WriteIniData(szDir, "Configuration", "bIndexDropICSetErrUntilOneCycle", cbIndexDropErrSetErrUntilOneCycle->Checked);	
LOW	cBinSel.cpp	820	823	2	write-policy			MyForceDirectories(szDir);	
LOW	cBinSel.cpp	874	877	2	write-policy			WriteIniData(szDir, GroupStr, "Cons.Fail", 1);	
LOW	cBinSel.cpp	919	923	3	write-policy			WriteIniData(szDir, "I/F Error", "Bin", BinSelect[eBinFT].IfErrorT3);	
LOW	cBinSel.cpp	929	932	2	write-policy			WriteIniData(szDir, "Bin Func FT", "3617 BinTraySetting", sBinTraySetT3Pos[eBinFT]->CommaText);	
LOW	cBinSel.cpp	934	937	2	write-policy			WriteIniData(szDir, "Bin Func FT", "3617 BinTraySetName", sBinTraySetT3PosName[eBinFT]->CommaText);	
LOW	cBinSel.cpp	940	944	3	write-policy			for (int i = 0; i < eTrayCount; i++)	
LOW	cBinSel.cpp	1021	1024	2	write-policy			MyForceDirectories(szDir);	
LOW	cBinSel.cpp	1160	1180	19	write-policy			if (IniConfig.bI32CanCelErrorBin)	
LOW	cBinSel.cpp	1182	1208	25	write-policy			if (CosFunction.bAllSiteSameFailBinShowAlarm)	
LOW	cBinSel.cpp	1261	1283	21	write-policy			if (CUSTOMER_CODE==CC_TFME_CHINA)	
LOW	cBinSel.cpp	1285	1352	66	write-policy			AnsiString GroupStr;	
LOW	cBinSel.cpp	1360	1396	35	write-policy			for (int i = 0; i < eTrayCount; i++)	
LOW	cBinSel.cpp	1398	1405	6	write-policy			AnsiString FileName2=FileInfo().PathCombin(szDir, "Binasgn.Data");	
LOW	cBinSel.cpp	1466	1470	3	write-policy			szDir=GetRecipeFileName(SavePath[2]);	
LOW	cBinSel.cpp	1510	1513	2	write-policy			WriteIniData(szDir, "AllSiteSameBin", "bSpecificFailBin", SBuffer1);	
LOW	cBinSel.cpp	1554	1558	3	write-policy			WriteIniData(szDir, "I/F Error", "Bin", BinSelect[tag].IfErrorT3+1);	
LOW	cBinSel.cpp	2733	2760	26			already populated above (no further state derives from them anywhere / in this wave's ACTIVE call graph) -- gated as a block rather than / fabricating 22 facade members with no reader.	MyBinPanel[tag]->edBinSetT3Pos->Text                =sBinTraySetT3Pos[tag]->CommaText;	
LOW	cBinSel.cpp	2797	2801	3	write-policy			WriteIniData(FileName, GroupName, "NewBinFormat",               1);   //kevin 20160928 使用新的bin format	
LOW	cBinSel.cpp	2803	2824	20	write-policy			WriteIniData(FileName, GroupName, "3617 BinTraySetName",        sBinTraySetT3PosName    [tag]->CommaText);	
LOW	cBinSel.cpp	2829	2837	7	write-policy			WriteIniData(FileName, GroupName, "10685 SpecBinBySiteCompareEnable",        sSpecBinBySiteCompareEnable         [tag]->CommaText);	
LOW	cBinSel.cpp	2840	2847	6	write-policy			WriteIniData(FileName, GroupName, "BinTrayLinked(10698)", sBinTrayLinked        [tag]->CommaText);	
LOW	cBinSel.cpp	2852	2856	3	write-policy			WriteIniData(FileName, GroupName, "NewBinFormat",               1);   //kevin 20160928 使用新的bin format	
LOW	cBinSel.cpp	2858	2879	20	write-policy			WriteIniData(FileName, GroupName, "3717 BinTraySetName",        sBinTraySetT3PosName    [tag]->CommaText);	
LOW	cBinSel.cpp	2884	2892	7	write-policy			WriteIniData(FileName, GroupName, "10785 SpecBinBySiteCompareEnable",        sSpecBinBySiteCompareEnable         [tag]->CommaText);	
LOW	cBinSel.cpp	2895	2902	6	write-policy			WriteIniData(FileName, GroupName, "BinTrayLinked(10798)", sBinTrayLinked        [tag]->CommaText);	
LOW	cBinSel.cpp	2908	2912	3	write-policy			WriteIniData(FileName, GroupName, "NewBinFormat",               1); //kevin 20160928 使用新的bin format	
LOW	cBinSel.cpp	2914	2935	20	write-policy			WriteIniData(FileName, GroupName, "3617 BinTraySetName",        sBinTraySetT3PosName    [tag]->CommaText);	
LOW	cBinSel.cpp	2940	2948	7	write-policy			WriteIniData(FileName, GroupName, "10685 SpecBinBySiteCompareEnable",        sSpecBinBySiteCompareEnable         [tag]->CommaText);	
LOW	cBinSel.cpp	2951	2958	6	write-policy			WriteIniData(FileName, GroupName, "BinTrayLinked(10698)", sBinTrayLinked        [tag]->CommaText);	
LOW	cBinSel.cpp	2963	2967	3	write-policy			WriteIniData(FileName, GroupName, "NewBinFormat",               1); //kevin 20160928 使用新的bin format	
LOW	cBinSel.cpp	2969	2990	20	write-policy			WriteIniData(FileName, GroupName, "3722 BinTraySetName",        sBinTraySetT3PosName    [tag]->CommaText);	
LOW	cBinSel.cpp	2995	3003	7	write-policy			WriteIniData(FileName, GroupName, "10985 SpecBinBySiteCompareEnable",        sSpecBinBySiteCompareEnable         [tag]->CommaText);	
LOW	cBinSel.cpp	3006	3013	6	write-policy			WriteIniData(FileName, GroupName, "BinTrayLinked(10998)", sBinTrayLinked        [tag]->CommaText);	
LOW	cBinSel.cpp	3018	3022	3	write-policy			WriteIniData(FileName, GroupName, "NewBinFormat",               1); //kevin 20160928 使用新的bin format	
LOW	cBinSel.cpp	3024	3045	20	write-policy			WriteIniData(FileName, GroupName, "3801 BinTraySetName",        sBinTraySetT3PosName    [tag]->CommaText);	
LOW	cBinSel.cpp	3050	3058	7	write-policy			WriteIniData(FileName, GroupName, "11085 SpecBinBySiteCompareEnable",        sSpecBinBySiteCompareEnable         [tag]->CommaText);	
LOW	cBinSel.cpp	3061	3068	6	write-policy			WriteIniData(FileName, GroupName, "BinTrayLinked(11098)", sBinTrayLinked        [tag]->CommaText);	
LOW	cBinSel.cpp	3073	3077	3	write-policy			WriteIniData(FileName, GroupName, "NewBinFormat",               1); //kevin 20160928 使用新的bin format	
LOW	cBinSel.cpp	3079	3106	26	write-policy			WriteIniData(FileName, GroupName, "3901 BinTraySetName",        sBinTraySetT3PosName    [tag]->CommaText);	
LOW	cBinSel.cpp	3111	3115	3	write-policy			WriteIniData(FileName, GroupName, "NewBinFormat",               1);	
LOW	cBinSel.cpp	3117	3138	20	write-policy			WriteIniData(FileName, GroupName, "4001 BinTraySetName",        sBinTraySetT3PosName    [tag]->CommaText);	
LOW	cBinSel.cpp	3143	3151	7	write-policy			WriteIniData(FileName, GroupName, "11285 SpecBinBySiteCompareEnable",        sSpecBinBySiteCompareEnable         [tag]->CommaText);	
LOW	cBinSel.cpp	3154	3161	6	write-policy			WriteIniData(FileName, GroupName, "BinTrayLinked(11298)", sBinTrayLinked        [tag]->CommaText);	
LOW	cBinSel.cpp	3166	3170	3	write-policy			WriteIniData(FileName, GroupName, "NewBinFormat",               1);	
LOW	cBinSel.cpp	3172	3193	20	write-policy			WriteIniData(FileName, GroupName, "4101 BinTraySetName",        sBinTraySetT3PosName    [tag]->CommaText);	
LOW	cBinSel.cpp	3198	3206	7	write-policy			WriteIniData(FileName, GroupName, "11385 SpecBinBySiteCompareEnable",        sSpecBinBySiteCompareEnable         [tag]->CommaText);	
LOW	cBinSel.cpp	3209	3216	6	write-policy			WriteIniData(FileName, GroupName, "BinTrayLinked(11398)", sBinTrayLinked        [tag]->CommaText);	
LOW	cBinSel.cpp	3236	3267	30				if(IniConfig.bFTBin2RTBin && IniConfig.bA02BinModelPrime)                   //ChungHung 20120912 add Bin Setting like Epson	
LOW	cBinSel.cpp	3484	3512	27	G7		GATE (G7): edBinSetT6Error absent, no sXxx[tag] tail consumer either / (see banner above) -- pure widget display text.	Str.sprintf("%d", MyBinPanel[tag]->iErrorT6);	
LOW	cBinSel.cpp	3525	3528	2	G7			MyBinPanel[tag]->edBinSetT6Link->Text=sList->CommaText;	
LOW	cBinSel.cpp	3546	3549	2	G7			MyBinPanel[tag]->edBinSetT3Pos->Text=sList->CommaText;	
LOW	cBinSel.cpp	3553	3598	44	G10		part 2 (:4206-4249) GATE (G10): pure mtBinSelect grid-cell colouring, / no ed*, no other consumer.	for(int i=0; i<iTestBinCount; i++)                                          //Steven 20251104 : iBinCount --> iTestBinCount	
LOW	cBinSel.cpp	3603	3613	9	G7		GATE (G7)+(G10): Scan block (golden :4251-4259) -- unconditionally / "0" for every bin, edBinSettingEnableScan has NO sXxx[tag] tail / consumer -- pure dead-end widget churn, nothing to elide TO.	sList->Clear();	
LOW	cBinSel.cpp	3621	3632	10				if(Prod.bD22SupportMultiDoubleContact)	
LOW	cBinSel.cpp	3642	3645	2				MyBinPanel[tag]->mtBinSelect->SetCellNumber     (i, eConsFail, (MyBinPanel[tag]->bConFail[i])?"V":"");	
LOW	cBinSel.cpp	3654	3664	9				for(int i=0; i<iTestBinCount; i++)                                      //Steven 20251104 : iBinCount --> iTestBinCount	
LOW	cBinSel.cpp	3676	3679	2				MyBinPanel[tag]->mtBinSelect->SetCellNumber     (i, ePersentEnable, (MyBinPanel[tag]->bPersentEnable[i])?"V":"");	
LOW	cBinSel.cpp	3688	3699	10				if(MyBinPanel[tag]->bPersentEnable[i])	
LOW	cBinSel.cpp	3708	3719	10				if(MyBinPanel[tag]->bPersentEnable[i])	
LOW	cBinSel.cpp	3729	3732	2				MyBinPanel[tag]->mtBinSelect->SetCellNumber     (i, eCountEnable, (MyBinPanel[tag]->bCountEnable[i])?"V":"");	
LOW	cBinSel.cpp	3741	3752	10				if(MyBinPanel[tag]->bCountEnable[i])	
LOW	cBinSel.cpp	3761	3772	10				if(MyBinPanel[tag]->bCountEnable[i])	
LOW	cBinSel.cpp	3792	3795	2				MyBinPanel[tag]->mtBinSelect->SetCellNumber     (i, eSpecialBinByArm, (MyBinPanel[tag]->bSpecialBinByArm[i])?"V":"");	
LOW	cBinSel.cpp	3804	3815	10				if(MyBinPanel[tag]->bSpecialBinByArm[i])	
LOW	cBinSel.cpp	3835	3838	2				MyBinPanel[tag]->mtBinSelect->SetCellNumber     (i, eSpecialBinBySocket, (MyBinPanel[tag]->bSpecialBinBySocket[i])?"V":"");	
LOW	cBinSel.cpp	3847	3858	10				if(MyBinPanel[tag]->bSpecialBinBySocket[i])	
LOW	cBinSel.cpp	3871	3874	2				MyBinPanel[tag]->mtBinSelect->SetCellNumber     (i, eLowYield, (MyBinPanel[tag]->bLowYield[i])?"V":"");	
LOW	cBinSel.cpp	3879	3882	2				MyBinPanel[tag]->mtBinSelect->SetCellNumber     (i, eLowYield, "");	
LOW	cBinSel.cpp	3899	3902	2				MyBinPanel[tag]->mtBinSelect->SetCellNumber     (i, eAutoCleanByBin, (MyBinPanel[tag]->iAutoCleanByBin[i]!=0)?AnsiString(MyBinPanel[tag]->iA	
LOW	cBinSel.cpp	3910	3913	2				MyBinPanel[tag]->mtBinSelect->SetCellNumber     (i, eAutoCleanBySite, (MyBinPanel[tag]->iAutoCleanBySite[i]!=0)?AnsiString(MyBinPanel[tag]->	
LOW	cBinSel.cpp	3917	3928	10				else	
LOW	cBinSel.cpp	3938	3941	2				MyBinPanel[tag]->mtBinSelect->SetCellNumber     (i, eArmYield, (MyBinPanel[tag]->bArmYield[i])?"V":"");	
LOW	cBinSel.cpp	3946	3949	2				MyBinPanel[tag]->mtBinSelect->SetCellNumber     (i, eArmYield, "");	
LOW	cBinSel.cpp	3961	3964	2				MyBinPanel[tag]->mtBinSelect->SetCellNumber     (i, eSiteYield, (MyBinPanel[tag]->bSiteYield[i])?"V":"");	
LOW	cBinSel.cpp	3969	3972	2				MyBinPanel[tag]->mtBinSelect->SetCellNumber     (i, eSiteYield, "");	
LOW	cBinSel.cpp	3983	3999	15				for(int i=0; i<iTestBinCount; i++)	
LOW	cBinSel.cpp	4013	4016	2				MyBinPanel[tag]->mtBinSelect->SetCellNumber     (i, eSpecBinBySiteCompareEnable, (MyBinPanel[tag]->bSpecBinBySiteCompareEnable[i])?"V":"");	
LOW	cBinSel.cpp	4025	4036	10				if(MyBinPanel[tag]->bSpecBinBySiteCompareEnable[i])	
LOW	cBinSel.cpp	4044	4055	10				if(MyBinPanel[tag]->bSpecBinBySiteCompareEnable[i])	
LOW	cBinSel.cpp	4064	4067	2				MyBinPanel[tag]->mtBinSelect->SetCellNumber     (i, eSpecBinByArmPerSiteCompareEnable, (MyBinPanel[tag]->bSpecBinByArmPerSiteCompareEnable[i	
LOW	cBinSel.cpp	4076	4087	10				if(MyBinPanel[tag]->bSpecBinByArmPerSiteCompareEnable[i])	
LOW	cBinSel.cpp	4096	4107	10				if(MyBinPanel[tag]->bSpecBinByArmPerSiteCompareEnable[i])	
LOW	cBinSel.cpp	4452	4459	6	W20-Parent		GATE (W20-Parent) -- golden 原文保留	palSpecificBin->Parent=PageControl1;	
LOW	cConfiguration.cpp	659	667	7	CFG1-fMain		GATE (CFG1-fMain) -- fMain->cbRunStartMode has no port (grep + date above)	if(CUSTOMER_CODE==CC_KYEC_LEE &&	
LOW	cConfiguration.cpp	1052	1058	5	CFG1-Font		GATE (CFG1-Font) -- vclcompat::TLabel has no ->Font (grep + date above)	lblA60_1->Font->Color=clBlue;	
LOW	cConfiguration.cpp	1764	1766	1	CFG2-COM2		GATE (CFG2-COM2) -- COM2->bCCDDummyRum has no port (grep + date above)	|| (COM2!=NULL && COM2->bCCDDummyRum)	
LOW	cConfiguration.cpp	4850	4853	2	CFG4-seed		GATE (CFG4-seed) -- writes D:\HT9045\config\config.ini (see above)	if(!CheckKeyExist(sPath, "Specific", "I02_Enabled")) WriteIniData(sPath, "Specific", "I02_Enabled", IniConfig.bI02_Enable);	
LOW	cConfiguration.cpp	5032	5057	24	W5-Pages		GATE (W5-Pages)	for(int i=0; i<pcConfig->PageCount; i++)                                    //Steven 20210810 : 快速搜尋Config加上權限控制	
LOW	cConfiguration.cpp	5192	5200	7	W5-COM2		GATE (W5-COM2)	if(REAL_TIME_CCD==true && !COM2->bCCDDummyRum)                              //Steven 20110907 : Real Time CCD - 燈光Start後不是On就是Off	
LOW	cConfiguration.cpp	5335	5337	1	W5-Picture		GATE (W5-Picture)	imgI37_3->Picture->LoadFromFile(Dir);	
LOW	cConfiguration.cpp	5351	5353	1	W5-Controls		GATE (W5-Controls)	rgI22->Controls[1]->Enabled=false;	
LOW	cConfiguration.cpp	5357	5359	1	W5-Controls		GATE (W5-Controls)	rgI22->Controls[2]->Enabled=false;	
LOW	cConfiguration.cpp	5424	5442	17	W5-ATCVer		GATE (W5-ATCVer)	if(ATC_SYSTEM==eNewATCSystem &&	
LOW	cConfiguration.cpp	5716	5718	1	W5-FormHS		GATE (W5-FormHS)	lblUploadRealPath->Caption=FormHS->GetUploadServerByFTPPath("EventLog", true);	
LOW	cConfiguration.cpp	5753	5755	1	W5-WriteContact		GATE (W5-WriteContact)	WriteContactData();                                                         //kevin 20170329 (Steven) 將CONTRACT 資料寫到INI 給 客戶檢查	
LOW	cConfiguration.cpp	5782	5785	2	W5-Geometry		GATE (W5-Geometry)	Left=75;                                                                    //Steven 20091103	
LOW	cConfiguration.cpp	5804	5806	1	W5-ShowMemo		GATE (W5-ShowMemo)	ShowMemo();                                                                 //Steven 20120218 : 這行得在所有的Visible完成後才能執行	
LOW	cConfiguration.cpp	5808	5810	1	W5-CCE		GATE (W5-CCE)	ChangeCompomentEnabled(pal_A1, (AccessLevel<LevelSet.AccessLevel[30] || AccessLevel<LevelSet.AccessLevel[67])?false:true);  //JerryYang 2019	
LOW	cConfiguration.cpp	5811	5813	1	W5-CCE		GATE (W5-CCE)	ChangeCompomentEnabled(pal_A2, (AccessLevel<LevelSet.AccessLevel[30] || AccessLevel<LevelSet.AccessLevel[67])?false:true);	
LOW	cConfiguration.cpp	5814	5816	1	W5-CCE		GATE (W5-CCE)	ChangeCompomentEnabled(pal_A3, (AccessLevel<LevelSet.AccessLevel[30] || AccessLevel<LevelSet.AccessLevel[67])?false:true);	
LOW	cConfiguration.cpp	5817	5819	1	W5-CCE		GATE (W5-CCE)	ChangeCompomentEnabled(pal_A4, (AccessLevel<LevelSet.AccessLevel[30] || AccessLevel<LevelSet.AccessLevel[67])?false:true);	
LOW	cConfiguration.cpp	5820	5822	1	W5-CCE		GATE (W5-CCE)	ChangeCompomentEnabled(pal_C1, (AccessLevel<LevelSet.AccessLevel[30] || AccessLevel<LevelSet.AccessLevel[68])?false:true);	
LOW	cConfiguration.cpp	5823	5825	1	W5-CCE		GATE (W5-CCE)	ChangeCompomentEnabled(pal_C2, (AccessLevel<LevelSet.AccessLevel[30] || AccessLevel<LevelSet.AccessLevel[68])?false:true);	
LOW	cConfiguration.cpp	5826	5828	1	W5-CCE		GATE (W5-CCE)	ChangeCompomentEnabled(pal_D3, (AccessLevel<LevelSet.AccessLevel[30] || AccessLevel<LevelSet.AccessLevel[69])?false:true);	
LOW	cConfiguration.cpp	5829	5831	1	W5-CCE		GATE (W5-CCE)	ChangeCompomentEnabled(pal_D4, (AccessLevel<LevelSet.AccessLevel[30] || AccessLevel<LevelSet.AccessLevel[69])?false:true);	
LOW	cConfiguration.cpp	5832	5834	1	W5-CCE		GATE (W5-CCE)	ChangeCompomentEnabled(pal_D5, (AccessLevel<LevelSet.AccessLevel[30] || AccessLevel<LevelSet.AccessLevel[69])?false:true);	
LOW	cConfiguration.cpp	5835	5837	1	W5-CCE		GATE (W5-CCE)	ChangeCompomentEnabled(pal_D6, (AccessLevel<LevelSet.AccessLevel[30] || AccessLevel<LevelSet.AccessLevel[69])?false:true);	
LOW	cConfiguration.cpp	5838	5840	1	W5-CCE		GATE (W5-CCE)	ChangeCompomentEnabled(pal_D7, (AccessLevel<LevelSet.AccessLevel[30] || AccessLevel<LevelSet.AccessLevel[69])?false:true);	
LOW	cConfiguration.cpp	5841	5843	1	W5-CCE		GATE (W5-CCE)	ChangeCompomentEnabled(pal_D8, (AccessLevel<LevelSet.AccessLevel[30] || AccessLevel<LevelSet.AccessLevel[69])?false:true);	
LOW	cConfiguration.cpp	5844	5846	1	W5-CCE		GATE (W5-CCE)	ChangeCompomentEnabled(pgcScale, (AccessLevel<LevelSet.AccessLevel[30] || AccessLevel<LevelSet.AccessLevel[70] || authConf[3]==false)?false:	
LOW	cConfiguration.cpp	5847	5849	1	W5-CCE		GATE (W5-CCE)	ChangeCompomentEnabled(pal_E2, (AccessLevel<LevelSet.AccessLevel[30] || AccessLevel<LevelSet.AccessLevel[70] || authConf[11]==false)?false:t	
LOW	cConfiguration.cpp	5850	5852	1	W5-CCE		GATE (W5-CCE)	ChangeCompomentEnabled(pal_E5, (AccessLevel<LevelSet.AccessLevel[30] || AccessLevel<LevelSet.AccessLevel[70] || authConf[11]==false)?false:t	
LOW	cConfiguration.cpp	5853	5855	1	W5-CCE		GATE (W5-CCE)	ChangeCompomentEnabled(pal_F00,(AccessLevel<LevelSet.AccessLevel[30] || AccessLevel<LevelSet.AccessLevel[71])?false:true);	
LOW	cConfiguration.cpp	5856	5858	1	W5-CCE		GATE (W5-CCE)	ChangeCompomentEnabled(pal_F10,(AccessLevel<LevelSet.AccessLevel[30] || AccessLevel<LevelSet.AccessLevel[71])?false:true);	
LOW	cConfiguration.cpp	5859	5861	1	W5-CCE		GATE (W5-CCE)	ChangeCompomentEnabled(pal_F20,(AccessLevel<LevelSet.AccessLevel[30] || AccessLevel<LevelSet.AccessLevel[71])?false:true);	
LOW	cConfiguration.cpp	5862	5864	1	W5-CCE		GATE (W5-CCE)	ChangeCompomentEnabled(pal_G,  (AccessLevel<LevelSet.AccessLevel[30] || AccessLevel<LevelSet.AccessLevel[72])?false:true);	
LOW	cConfiguration.cpp	5865	5867	1	W5-CCE		GATE (W5-CCE)	ChangeCompomentEnabled(pal_I01,(AccessLevel<LevelSet.AccessLevel[30] || AccessLevel<LevelSet.AccessLevel[73])?false:true);	
LOW	cConfiguration.cpp	5868	5870	1	W5-CCE		GATE (W5-CCE)	ChangeCompomentEnabled(pal_I20,(AccessLevel<LevelSet.AccessLevel[30] || AccessLevel<LevelSet.AccessLevel[73])?false:true);	
LOW	cConfiguration.cpp	5871	5873	1	W5-CCE		GATE (W5-CCE)	ChangeCompomentEnabled(pal_I30,(AccessLevel<LevelSet.AccessLevel[30] || AccessLevel<LevelSet.AccessLevel[73])?false:true);	
LOW	cConfiguration.cpp	5874	5876	1	W5-CCE		GATE (W5-CCE)	ChangeCompomentEnabled(pal_I40,(AccessLevel<LevelSet.AccessLevel[30] || AccessLevel<LevelSet.AccessLevel[73])?false:true);	
LOW	cConfiguration.cpp	5877	5879	1	W5-CCE		GATE (W5-CCE)	ChangeCompomentEnabled(pal_L1, (AccessLevel<LevelSet.AccessLevel[30] || AccessLevel<LevelSet.AccessLevel[74])?false:true);	
LOW	cConfiguration.cpp	5880	5882	1	W5-CCE		GATE (W5-CCE)	ChangeCompomentEnabled(pal_L2, (AccessLevel<LevelSet.AccessLevel[30] || AccessLevel<LevelSet.AccessLevel[74])?false:true);	
LOW	cConfiguration.cpp	5883	5885	1	W5-CCE		GATE (W5-CCE)	ChangeCompomentEnabled(pal_L3, (AccessLevel<LevelSet.AccessLevel[30] || AccessLevel<LevelSet.AccessLevel[74])?false:true);	
LOW	cConfiguration.cpp	5886	5888	1	W5-CCE		GATE (W5-CCE)	ChangeCompomentEnabled(pal_O1, (AccessLevel<LevelSet.AccessLevel[30] || AccessLevel<LevelSet.AccessLevel[75])?false:true);	
LOW	cConfiguration.cpp	5889	5891	1	W5-CCE		GATE (W5-CCE)	ChangeCompomentEnabled(pal_O2, (AccessLevel<LevelSet.AccessLevel[30] || AccessLevel<LevelSet.AccessLevel[75])?false:true);	
LOW	cConfiguration.cpp	5894	5896	1	W5-CCE		GATE (W5-CCE)	ChangeCompomentEnabled(gbN04  , (AccessLevel<LevelSet.AccessLevel[76])?false:true);	
LOW	cConfiguration.cpp	5897	5899	1	W5-CCE		GATE (W5-CCE)	ChangeCompomentEnabled(tsN05  , (AccessLevel<LevelSet.AccessLevel[76])?false:true);	
LOW	cConfiguration.cpp	5900	5902	1	W5-CCE		GATE (W5-CCE)	ChangeCompomentEnabled(edN06_UserName  , (AccessLevel<LevelSet.AccessLevel[30] || AccessLevel<LevelSet.AccessLevel[67])?false:true);	
LOW	cConfiguration.cpp	5903	5905	1	W5-CCE		GATE (W5-CCE)	ChangeCompomentEnabled(edN06_Password  , (AccessLevel<LevelSet.AccessLevel[30] || AccessLevel<LevelSet.AccessLevel[67])?false:true);	
LOW	cConfiguration.cpp	5906	5908	1	W5-CCE		GATE (W5-CCE)	ChangeCompomentEnabled(edN06_HostName  , (AccessLevel<LevelSet.AccessLevel[30] || AccessLevel<LevelSet.AccessLevel[67])?false:true);	
LOW	cConfiguration.cpp	5909	5911	1	W5-CCE		GATE (W5-CCE)	ChangeCompomentEnabled(edN06_DownPath  , (AccessLevel<LevelSet.AccessLevel[30] || AccessLevel<LevelSet.AccessLevel[67])?false:true);	
LOW	cConfiguration.cpp	5912	5914	1	W5-CCE		GATE (W5-CCE)	ChangeCompomentEnabled(edN06_UpLdPath  , (AccessLevel<LevelSet.AccessLevel[30] || AccessLevel<LevelSet.AccessLevel[67])?false:true);	
LOW	cConfiguration.cpp	5915	5917	1	W5-CCE		GATE (W5-CCE)	ChangeCompomentEnabled(edN06_Port      , (AccessLevel<LevelSet.AccessLevel[30] || AccessLevel<LevelSet.AccessLevel[67])?false:true);	
LOW	cConfiguration.cpp	5918	5920	1	W5-CCE		GATE (W5-CCE)	ChangeCompomentEnabled(edN06_TesterMap , (AccessLevel<LevelSet.AccessLevel[30] || AccessLevel<LevelSet.AccessLevel[67])?false:true);	
LOW	cConfiguration.cpp	5921	5923	1	W5-CCE		GATE (W5-CCE)	ChangeCompomentEnabled(edN06_TestList  , (AccessLevel<LevelSet.AccessLevel[30] || AccessLevel<LevelSet.AccessLevel[67])?false:true);	
LOW	cConfiguration.cpp	5924	5926	1	W5-CCE		GATE (W5-CCE)	ChangeCompomentEnabled(gbN06_HddLevel  , (AccessLevel<LevelSet.AccessLevel[30] || AccessLevel<LevelSet.AccessLevel[67])?false:true);	
LOW	cConfiguration.cpp	5927	5929	1	W5-CCE		GATE (W5-CCE)	ChangeCompomentEnabled(gbN06_ServerLv  , (AccessLevel<LevelSet.AccessLevel[30] || AccessLevel<LevelSet.AccessLevel[67])?false:true);	
LOW	cConfiguration.cpp	5931	5933	1	W5-CCE		GATE (W5-CCE)	ChangeCompomentEnabled(tsN07  , (AccessLevel<LevelSet.AccessLevel[30] || AccessLevel<LevelSet.AccessLevel[67])?false:true);	
LOW	cConfiguration.cpp	5934	5936	1	W5-CCE		GATE (W5-CCE)	ChangeCompomentEnabled(tsN08  , (AccessLevel<LevelSet.AccessLevel[30] || AccessLevel<LevelSet.AccessLevel[67])?false:true);	
LOW	cConfiguration.cpp	5937	5939	1	W5-CCE		GATE (W5-CCE)	ChangeCompomentEnabled(tsN09  , (AccessLevel<LevelSet.AccessLevel[30] || AccessLevel<LevelSet.AccessLevel[67])?false:true);	
LOW	cConfiguration.cpp	5940	5942	1	W5-CCE		GATE (W5-CCE)	ChangeCompomentEnabled(tsN10  , (AccessLevel<LevelSet.AccessLevel[30] || AccessLevel<LevelSet.AccessLevel[67])?false:true);	
LOW	cConfiguration.cpp	5943	5945	1	W5-CCE		GATE (W5-CCE)	ChangeCompomentEnabled(tsN11  , (AccessLevel<LevelSet.AccessLevel[30] || AccessLevel<LevelSet.AccessLevel[67])?false:true);	
LOW	cConfiguration.cpp	5946	5948	1	W5-CCE		GATE (W5-CCE)	ChangeCompomentEnabled(tsN12  , (AccessLevel<LevelSet.AccessLevel[30] || AccessLevel<LevelSet.AccessLevel[67])?false:true);	
LOW	cConfiguration.cpp	5949	5951	1	W5-CCE		GATE (W5-CCE)	ChangeCompomentEnabled(tsN13  , (AccessLevel<LevelSet.AccessLevel[30] || AccessLevel<LevelSet.AccessLevel[67])?false:true);	
LOW	cConfiguration.cpp	5952	5954	1	W5-CCE		GATE (W5-CCE)	ChangeCompomentEnabled(tsN14  , (AccessLevel<LevelSet.AccessLevel[30] || AccessLevel<LevelSet.AccessLevel[67])?false:true);	
LOW	cConfiguration.cpp	5955	5957	1	W5-CCE		GATE (W5-CCE)	ChangeCompomentEnabled(tsN15  , (AccessLevel<LevelSet.AccessLevel[30] || AccessLevel<LevelSet.AccessLevel[67])?false:true);	
LOW	cConfiguration.cpp	5958	5960	1	W5-CCE		GATE (W5-CCE)	ChangeCompomentEnabled(tsN16  , (AccessLevel<LevelSet.AccessLevel[30] || AccessLevel<LevelSet.AccessLevel[67])?false:true);	
LOW	cConfiguration.cpp	5961	5963	1	W5-CCE		GATE (W5-CCE)	ChangeCompomentEnabled(grpN20 , (AccessLevel<LevelSet.AccessLevel[30] || AccessLevel<LevelSet.AccessLevel[67])?false:true);	
LOW	cConfiguration.cpp	5964	5966	1	W5-CCE		GATE (W5-CCE)	ChangeCompomentEnabled(tsN22  , (AccessLevel<LevelSet.AccessLevel[30] || AccessLevel<LevelSet.AccessLevel[67])?false:true);	
LOW	cConfiguration.cpp	5970	5972	1	W5-CCE		GATE (W5-CCE)	ChangeCompomentEnabled(tsN00,  (AccessLevel<LevelSet.AccessLevel[30] || AccessLevel<LevelSet.AccessLevel[76])?false:true);	
LOW	cConfiguration.cpp	5974	5976	1	W5-CCE		GATE (W5-CCE)	ChangeCompomentEnabled(pal_P0, (AccessLevel<LevelSet.AccessLevel[30] || AccessLevel<LevelSet.AccessLevel[77])?false:true);	
LOW	cConfiguration.cpp	5977	5979	1	W5-CCE		GATE (W5-CCE)	ChangeCompomentEnabled(pal_P1, (AccessLevel<LevelSet.AccessLevel[30] || AccessLevel<LevelSet.AccessLevel[77])?false:true);	
LOW	cConfiguration.cpp	5980	5982	1	W5-CCE		GATE (W5-CCE)	ChangeCompomentEnabled(pal_P2, (AccessLevel<LevelSet.AccessLevel[30] || AccessLevel<LevelSet.AccessLevel[77])?false:true);	
LOW	cConfiguration.cpp	5983	5985	1	W5-CCE		GATE (W5-CCE)	ChangeCompomentEnabled(pal_P3, (AccessLevel<LevelSet.AccessLevel[30] || AccessLevel<LevelSet.AccessLevel[77])?false:true);	
LOW	cConfiguration.cpp	5986	5988	1	W5-CCE		GATE (W5-CCE)	ChangeCompomentEnabled(pnlTray,(AccessLevel<LevelSet.AccessLevel[30] || AccessLevel<LevelSet.AccessLevel[78])?false:true);	
LOW	cConfiguration.cpp	5989	5991	1	W5-CCE		GATE (W5-CCE)	ChangeCompomentEnabled(pnlHP,  (AccessLevel<LevelSet.AccessLevel[30] || AccessLevel<LevelSet.AccessLevel[79])?false:true);	
LOW	cConfiguration.cpp	5992	5994	1	W5-CCE		GATE (W5-CCE)	ChangeCompomentEnabled(pal_M,  (AccessLevel<LevelSet.AccessLevel[30] || AccessLevel<LevelSet.AccessLevel[96])?false:true);	
LOW	cConfiguration.cpp	6338	6344	5	W6-COM2		GATE (W6-COM2)	if(COM2->bCCDDummyRum || REAL_TIME_CCD==false)                          //RTC 沒有開不能Disable IndexCheck	
LOW	cConfiguration.cpp	6405	6410	4	W6-DoPassword		GATE (W6-DoPassword)	if(DoPassword()!=true)	
LOW	cConfiguration.cpp	6431	6434	2	W5-CCE		GATE (W5-CCE)	if(pcConfig->ActivePage!=tsSearchFunction)                              //Steven 20210730 : 快速搜尋Config	
LOW	cConfiguration.cpp	6447	6453	5	W6-bPassWord		GATE (W6-bPassWord)	if(bPassWord(2)==false)	
LOW	cConfiguration.cpp	6457	6460	2	W5-CCE		GATE (W5-CCE)	if(pcConfig->ActivePage!=tsSearchFunction)                                  //Steven 20210730 : 快速搜尋Config	
LOW	cConfiguration.cpp	6511	6523	11	W7-Search		GATE (W7-Search) -- golden 原文保留	Temp->SourceControl->Parent=scrlbxSearch;	
LOW	cConfiguration.cpp	6634	6641	6	W7-IPSC		GATE (W7-IPSC) -- golden 原文保留	fProductionInfo->iIPSCFlag_TriggerMode=1;	
LOW	cContactCT.cpp	1065	1098	32			Safe default: treat as NOT confirmed (same posture as / database.cpp's GA1-B6 precedent) -- the destructive ClearALLCT / block below does NOT run until a real confirm dialog lands.	if (Application->MessageBox("Do you want to clear the data?", "Warning!!", MB_YESNO | MB_TOPMOST) == IDYES)	
LOW	cContactCT.cpp	1201	1229	27			gated as one block; ChangeLevelAttr (which DOES exist, real+ / ACTIVE) is inside this same gated block so it stays gated with it / rather than firing on its own out of golden's original sequence.	if (fMain->bHasCleanCount == true)   // Ifor 20191016: KYEC clear-Yield flow doesn't need re-login	
LOW	cContactCT.cpp	1262	1267	4	C2		GATE (C2): Application->MessageBox(...)==IDYES -- see / sgYieldDblClick's identical (C2) note. Fail-closed: bClearData / stays false without a real confirm dialog.	if (Application->MessageBox("Do you want to clear the data?", "Warning!!", MB_YESNO | MB_TOPMOST) == IDYES)	
LOW	cContactCT.cpp	1297	1300	2			OTHER consumer in this branch, so the whole conditional / (condition + body) is gated rather than computing a value / nothing can display.	if (CosFunction.bLowYieldUseContactCounts)   // Sam 20221020: LowYield now uses ContactCounts data	
LOW	cContactCT.cpp	1549	1552	2			GATE: fLotInfo->labLowYieldICCount -- same absence as btClearCountClick / (forms/fLotInfo.h has no such member, 20260818); whole conditional / gated (no other consumer of ArmData[2]->GetTotalCT() in this branch).	if (CosFunction.bLowYieldUseContactCounts)	
LOW	cCounterClear.cpp	131	133	1	CC2		GATE (CC2): fProductionInfo->CalculateNowArmSiteBinQty(true) / (golden :125) -- see forms/fCounterClear.h banner. TfProductionInfo / has no such member.	fProductionInfo->CalculateNowArmSiteBinQty(true);	
LOW	cCounterClear.cpp	170	172	1	CC2		GATE (CC2): fProductionInfo->UpdateControlBinCount(true) (golden :154) -- see above.	fProductionInfo->UpdateControlBinCount(true);                       //Sam 20200525 : Control Bin	
LOW	cCounterClear.cpp	227	229	1	CC2		GATE (CC2): fProductionInfo->CalculateNowUnloaderTrayQty(true) (golden :208) -- see above.	fProductionInfo->CalculateNowUnloaderTrayQty(true);	
LOW	cCounterClear.cpp	422	446	23			btLogin/spbUserName -- forms/fMain.h has none of the first five (only / ChangeLevelAttr is real). Gated as a whole (see forms/fCounterClear.h / banner for why a partial evaluation would not be faithful).	if (CUSTOMER_CODE == CC_KYEC_LEE)                                              //Ifor 20191008 : add KYEC 清除 Count 需檢Barcode & 權限	
LOW	cDIOStatus.cpp	71	73	1			AI(W906-DIO) 20260925: GATE（相依不存在）—— golden :24373。TTLLog 本體在 cpublic.cpp:667-694 的 #if 0 (TODO(GA1-B3)) 裡（要 fMain->slTTLLog，TfMain 門面沒有），cpublic.h:42 只有宣告，呼叫會連結失敗	TTLLog("InitDIOStstus");                                                    //Steven 20151123 : Log for TTL	
LOW	cInArmPlacement.cpp	724	729	4	1		GATE (1): golden ainarm2.cpp:2112 TransferLoaderRatio(int*,int*) -- see file-head GATE REGISTER for the full grep/rationale/behaviour-delta.	TransferLoaderRatio(&iPosX, &iPosY);                                        //Steven 20141029 : Loader的軟體齒輪比	
LOW	cMainStatus.cpp	53	55	1	W906-MSTATE-ASE		SAFETY-GATE(W906-MSTATE-ASE) golden :22192 —— 缺相依：唯一使用者是下面同名閘裡的 ASE 區塊	AnsiString static sData="";	
LOW	cMainStatus.cpp	71	78	6			Index Check，設空字串則永遠不會顯示 Index Check —— 兩者都是靜默的分支選擇（pt-wave-loop 陷阱 #6）。 / 閘住的後果：扭力量測期間（與開機後第一次量測前）golden 顯示 "Index Check"，這裡顯示 "Running"。 / 要解這道閘，先把那幾份 stand-in 收斂成 TfMain 上的單一成員（atester 的行為會跟著變，另案）。	else if(lbArm1Torque->Caption=="2:Writing" || lbArm1Torque->Caption=="2:Reading" ||	
LOW	cMainStatus.cpp	187	196	8	W906-MSTATE-ASE		SAFETY-GATE(W906-MSTATE-ASE) golden :22309-22316 —— 缺相依：ASESendMessage（golden "ASE_K Socket/aseTest.h":57 的 / TASESendMessage 表單）在移植樹沒有翻；同一個物件在 aoutarm.cpp:3322（GATE G12）與 canary_support.cpp:185 也都閘著。 / 只影響 CUSTOMER_CODE	if(CUSTOMER_CODE==CC_ASE_KaohSiung)                                         //kevin 20220602 Handle 狀態回復 Run Alarm Pause Halt	
LOW	cMyDB.cpp	575	630	54			TODO(W906-CMYDB-A4) KNOWN GAP 20260928 (St02-E helper): golden :433-476 -- the O19 08:00 day / week / month	int iWeek=0,iDate;                                                  //golden :349	
LOW	cMyDB.cpp	661	664	2			TODO(GA1-B4): fContactCT not yet ported (no declaration anywhere in	fContactCT->SaveSiteYield(sAction);	
LOW	cMyDB.cpp	665	670	4			TODO(GA1-B4): fMain->TimerRecordLoaderDate() not yet ported	int rowID=fMain->TimerRecordLoaderDate();	
LOW	cMyDB.cpp	800	832	31			TODO(GA1-B4): fMain->AlarmCodeMap not yet ported (forms/fMain.h facade	if(fMain->AlarmCodeMap[AlarmCode]!="")                              //Steven 20170202 (wei): Fixed for Unknown Alarm Code	
LOW	cMyDB.cpp	847	852	4			TODO(GA1-B4): fMain->UnitNameMap not yet ported (forms/fMain.h facade	else if(*UnitNo<fMain->UnitNameMap->Count && *UnitNo>=0)	
LOW	cMyDB.cpp	1287	1290	2			TODO(GA1-B4): fMain->AlarmCodeList not yet ported (forms/fMain.h	fMain->AlarmCodeList->Add(str);	
LOW	cMyDB.cpp	1386	1389	2			TODO(GA1-B4): fObserver->iPauseTime not yet ported (atester_shims.h's	fObserver->iPauseTime=time;                                     //Steven 20170309 (wei) add MTBF(PauseTime/Jam)	
LOW	cMyDB.cpp	1393	1395	1			TODO(GA1-B4): fObserver->iProductTime not yet ported -- golden :1140 MTBF bookkeeping.	fObserver->iProductTime=time;                                   //Isaac 20180417 (Steven) 修正MTBF公式(pause+production+jam)/jamcount	
LOW	cMyDB.cpp	1399	1401	1			TODO(GA1-B4): fObserver->iJamTime not yet ported -- golden :1144 MTBF bookkeeping.	fObserver->iJamTime=time;                                       //Isaac 20180417 (Steven) 修正MTBF公式(pause+production+jam)/jamcount	
LOW	cMyDB.cpp	1409	1411	1			TODO(GA1-B4): fObserver->iPauseTime not yet ported -- see above.	fObserver->iPauseTime=atoi(strGrid->Cells[3][sgRow+i].c_str());     //Steven 20170309 (wei) add MTBF(PauseTime/Jam)	
LOW	cMyDB.cpp	1415	1417	1			TODO(GA1-B4): fObserver->iProductTime not yet ported -- see above.	fObserver->iProductTime=atoi(strGrid->Cells[3][sgRow+i].c_str());   //Isaac 20180417 (Steven) 修正MTBF公式(pause+production+jam)/jamcount	
LOW	cMyDB.cpp	1421	1423	1			TODO(GA1-B4): fObserver->iJamTime not yet ported -- see above.	fObserver->iJamTime=atoi(strGrid->Cells[3][sgRow+i].c_str());       //Isaac 20180417 (Steven) 修正MTBF公式(pause+production+jam)/jamcount	
LOW	cMyDB.cpp	1467	1486	18			TODO(GA1-B4): TChart not ported -- see note above.	int rows, cols, total=0;	
LOW	cMyDB.cpp	1491	1536	44			TODO(GA1-B4): TChart not ported -- see note above.	int rows, cols, rows2, cols2, i, total=0;	
LOW	cMyDB.cpp	1664	1675	10			TODO(GA1-B4): fSecurity not yet ported (no declaration anywhere in	if(CosFunction.bIncludeMTBA && i!=0)                    //JerryYang 20180619 (wei) : 新增可自定義Jam code是否列入MTBA計算	
LOW	cMyDB.cpp	1986	1988	1			TODO(GA1-B4): fLotInfo->edtASECL_TesterID not yet ported (forms/fLotInfo.h has no such member)	aTesterID.sprintf("%s", fLotInfo->edtASECL_TesterID->Text);	
LOW	cMyDB.cpp	2095	2097	1			TODO(GA1-B4): fLotInfo->edtASECL_TesterID not yet ported -- see SaveEventTracker's note above.	aTesterID.sprintf("%s", fLotInfo->edtASECL_TesterID->Text);	
LOW	cMyDB.cpp	2162	2169	6			TODO(GA1-B4): fLotInfo->UploadEventLogFile not yet ported (forms/fLotInfo.h has no such member)	if(aBackEventLogFile!=str)	
LOW	cObserver.cpp	1876	1897	20	REGISTER		missing dependencies -- see forms/fObserver.h GATE REGISTER (1). / Columns 4-6 are simply left at whatever MyDBVProcess populated / (blank), the faithful "no lookup happened" default.	int iLevel;	
LOW	cObserver.cpp	1944	1946	1	REGISTER		Chart2 here is TfObserverChart* (this wave's own stand-in, a / DIFFERENT type from the opaque golden TChart*), so the call / cannot even bind -- see forms/fObserver.h GATE REGISTER (2).	pnlTotalCount->Caption = MyDBVUnitEventCount(asQuery, Chart2);	
LOW	cObserver.cpp	1953	1955	1	D		AI(W906-FW3-Observer-W1) 20260818: GATED, same TChart-opacity / reason as above -- golden :2726 `MyDBVAxleEventCount(100,190, / StartTime,EndTime,Chart2);` (InArm).	pnlTotalCount->Caption = MyDBVAxleEventCount(100, 190, StartTime, EndTime, Chart2);   //InArm	
LOW	cObserver.cpp	1961	1963	1	D		AI(W906-FW3-Observer-W1) 20260818: GATED, same reason -- golden / :2728 `MyDBVAxleEventCount(200,290,...);` (OutArm).	pnlTotalCount->Caption = MyDBVAxleEventCount(200, 290, StartTime, EndTime, Chart2);   //OutArm	
LOW	cObserver.cpp	1969	1971	1	D		AI(W906-FW3-Observer-W1) 20260818: GATED, same reason -- golden / :2730 `MyDBVAxleEventCount(300,390,...);` (Index).	pnlTotalCount->Caption = MyDBVAxleEventCount(300, 390, StartTime, EndTime, Chart2);   //Index	
LOW	cObserver.cpp	1977	1979	1	D		AI(W906-FW3-Observer-W1) 20260818: GATED, same reason -- golden / :2732 `MyDBVAxleEventCount(400,490,...);` (In Shuttle).	pnlTotalCount->Caption = MyDBVAxleEventCount(400, 490, StartTime, EndTime, Chart2);   //In Shuttle	
LOW	cObserver.cpp	1985	1987	1	D		AI(W906-FW3-Observer-W1) 20260818: GATED, same reason -- golden / :2734 `MyDBVAxleEventCount(500,590,...);` (Out Shuttle).	pnlTotalCount->Caption = MyDBVAxleEventCount(500, 590, StartTime, EndTime, Chart2);   //Out Shuttle	
LOW	cObserver.cpp	3192	3194	1	REGISTER		GATE REGISTER W2-5: fMain->slTestLog is not a forms/fMain.h facade / member (same pre-existing gap already documented at cprod.cpp: / 2936-2939, NOT a new one this wave introduces).	fMain->slTestLog->AddText(str);	
LOW	cObserver.cpp	3528	3530	1			IniConfig.sN26_FTPUplaodPath, sFileName, IniConfig.sN26_FTPUserName, / IniConfig.sN26_FTPPassword, IniConfig.sN26_FTPHost, __FUNC__); / -- golden :5259; no TfFTPClient facade (see block banner).	fFTPClient->UploadFileFTP(sPathName, sFileName, IniConfig.sN26_FTPUplaodPath, sFileName, IniConfig.sN26_FTPUserName, IniConfig.sN26_FTPPassw	
LOW	cObserver.cpp	3766	3768	1	FW3A-1		GATE (FW3A-1) -- fMain->TimerRecordLoaderDate() has no port (see register)	fMain->TimerRecordLoaderDate();                                             //Steven 20101105	
LOW	cObserver.cpp	3782	3793	10	FW3A-3		GATE (FW3A-3) -- form geometry (see register); golden's own commented-out XResolution branch kept verbatim	fObserver->Top=10;	
LOW	cObserver.cpp	3906	3911	4	FW3A-7		GATE (FW3A-7) -- Timer1 (see register). CONSEQUENCE, stated plainly: the	Timer1->Enabled=true;	
LOW	cObserver.cpp	4040	4050	9	FW3A-8		GATE (FW3A-8) + (FW3A-4) -- ATC_TYPE_31 does not exist in this tree and	if(ATC_SYSTEM==eNewATCSystem &&                                             //Ifor 20170317 (wei) add 顯示 ATC3.1 序號	
LOW	cObserver.cpp	4170	4189	18	FW3A-4		GATE (FW3A-4) -- 17 pal* panels absent AND fSCKART->sInfo_* absent (grep + date above)	palCustomer->Caption    =fSCKART->sInfo_Customer;                           //JerryYang 20200330 : 修改SPIL LOT INFO	
LOW	cObserver.cpp	4230	4232	1	FW3A-7		GATE (FW3A-7) -- Timer1 (see register)	Timer1->Enabled=false;	
LOW	cObserver.cpp	4270	4275	4	FW3A-10		GATE (FW3A-10) -- ReleaseDC/HDC/pCanvas have no port (see register)	ReleaseDC(0, DcSG2);	
LOW	cObserver.cpp	4276	4282	5	FW3A-11		GATE (FW3A-11) -- TfObserverChart has no SeriesList (see register)	for(int j=tcTotalCount-1; j>=0; j--)                                    //Steven 20210621 : 動態產生溫度線段	
LOW	cObserver.cpp	4357	4359	1	FW3A-10		GATE (FW3A-10) -- pCanvas/DcSG2 (see register)	pCanvas->Handle=DcSG2;	
LOW	cObserver.cpp	4362	4372	9	FW3A-10		GATE (FW3A-10) -- Str and the brush colour feed MyDrawText ONLY; no other	Str.sprintf("Row-%c", 'A'+rgContactCountKinds->ItemIndex);	
LOW	cObserver.cpp	4418	4420	1	FW3A-10		GATE (FW3A-10) -- pCanvas/DcSG3 (see register)	pCanvas->Handle=DcSG3;	
LOW	cObserver.cpp	4423	4430	6	FW3A-10		GATE (FW3A-10) -- Str + brush + the per-column MyDrawText run (see StringGrid2DrawCell's note)	Str.sprintf("Row-%c", 'A'+rgContactCountKinds->ItemIndex);	
LOW	cObserver.cpp	4455	4511	55	FW3A-10		GATE (FW3A-10) -- no TCanvas anywhere in the tree (see register)	int iPos=iLeft;	
LOW	cObserver.cpp	4530	4585	54	FW3A-10		GATE (FW3A-10) -- no TCanvas/TRect/MyDrawText port (see register). Note the	pCanvas->Brush->Color = (TColor)0x00917B51;	
LOW	cObserver.cpp	4608	4774	165	FW3A-10		GATE (FW3A-10) -- no TCanvas/TRect/HDC/MyDrawText port (see register). The	pCanvas->Handle=SGDC;	
LOW	cObserver.cpp	4840	4845	4	FW3A-4		GATE (FW3A-4) -- RadioButton17..20 ->Checked has no value source in this port (see above)	if(RadioButton17->Checked) RowNo=0;	
LOW	cObserver.cpp	5122	5127	4	B-SAFETY-2a		GATE (B-SAFETY-2a) -- creates D:\PrecautionRecord on the real disk.	MyForceDirectories(aSavePath, "TfObserver::SavePrecautionMemoInformation_1");	
LOW	cObserver.cpp	5155	5162	6	B-SAFETY-2b		GATE (B-SAFETY-2b) -- writes the record file to the real disk.	memoPtr->SaveToFile(aFileName);	
LOW	cObserver.cpp	5177	5185	7	B-SAFETY-2c		GATE (B-SAFETY-2c) -- creates the customer-configured mirror directory and	MyForceDirectories(sFilePath, "TfObserver::SavePrecautionMemoInformation_2");	
LOW	cObserver.cpp	5192	5194	1	B-SAFETY-2d		GATE (B-SAFETY-2d) -- see B-SAFETY-2c.	memoPtr->SaveToFile(sFilePathName);	
LOW	cObserver.cpp	5225	5229	3	B-SAFETY-3a		GATE (B-SAFETY-3a) -- creates D:\PrecautionRecord\system on the real disk.	MyForceDirectories(aSavePath, "TfObserver::SavePrecautionParameter");       //Steven 20240925 : 修正先檢查資料夾才開檔案	
LOW	cObserver.cpp	5237	5263	25	B-SAFETY-3b		GATE (B-SAFETY-3b) -- 11 INI writes + an N-iteration write loop, all of	INIFile->WriteString    ("Precaution", "DOCUMENT NO."                       , edPrecautionRecordDocumentNo->Text);	
LOW	cObserver.cpp	5483	5487	3	B-SAFETY-5a		GATE (B-SAFETY-5a) -- creates D:\MajorMaintenanceRecord on the real disk.	MyForceDirectories(aSavePath, "TfObserver::SaveMajorMaintenanceInformation_1");	
LOW	cObserver.cpp	5518	5523	4	B-SAFETY-5b		GATE (B-SAFETY-5b) -- writes the record file to the real disk.	memoPtr->SaveToFile(aFileName);	
LOW	cObserver.cpp	5538	5543	4	B-SAFETY-5c		GATE (B-SAFETY-5c) -- creates the customer-configured mirror directory.	MyForceDirectories(sFilePath, "TfObserver::SaveMajorMaintenanceInformation_2");	
LOW	cObserver.cpp	5550	5552	1	B-SAFETY-5d		GATE (B-SAFETY-5d) -- see B-SAFETY-5c.	memoPtr->SaveToFile(sFilePathName);	
LOW	cObserver.cpp	5632	5652	19	B-OSK-2		GATE (B-OSK-2) -- AI(W906-FW3-Observer-W2) 20260825, added at merge.	PostMessage(hKeyboard, WM_CLOSE, 0, 0);	
LOW	cObserver.cpp	5656	5684	27	B-OSK-1		GATE (B-OSK-1) -- ShellExecuteEx spawns C:\Windows\system32\osk.exe.	SHELLEXECUTEINFO execinfo;	
LOW	cObserver.cpp	5728	5740	11	B-FPRE-1		GATE (B-FPRE-1) -- golden `fPrecaution` is `TfPrecaution *` (golden	fPrecaution->Close();	
LOW	cObserver.cpp	5743	5756	12	B-LOTMO-1		GATE (B-LOTMO-1) -- `fLotInfo->ed_PIOEEMO` (golden uLotInfo.h:601,	asStartPrecautionRecordMOId=fLotInfo->ed_PIOEEMO->Text;	
LOW	cObserver.cpp	5792	5797	4	B-FPRE-2		GATE (B-FPRE-2) -- same missing `fPrecaution` global/form as GATE	fPrecaution->Close();                                                       //pig 2015.12.14 ModefyPrecautionRecord	
LOW	cObserver.cpp	6216	6218	1	C-log-1		GATE (C-log-1) -- fProductionInfo->ShowModal() has no port (grep + date above)	fProductionInfo->ShowModal();	
LOW	cObserver.cpp	6251	6255	3	C-log-2a		GATE (C-log-2a) -- no TSaveDialog port (grep + date above) + disk write	SaveDialog1->FileName="D:\\EventLog.xls";                               //Steven 20120921 : 存檔保護	
LOW	cObserver.cpp	6265	6272	6	C-log-2b		GATE (C-log-2b) -- no TSaveDialog port + SGDToCSV is a REAL disk write	SaveDialog1->FileName="D:\\EventLog.csv";	
LOW	cObserver.cpp	6286	6290	3	C-log-2c		GATE (C-log-2c) -- no TSavePictureDialog, no TfObserverChart::SaveToBitmapFile (greps + date above) + disk write	SavePictureDialog1->FileName="D:\\EventLog.BMP";                        //Steven 20120921 : 存檔保護	
LOW	cObserver.cpp	6486	6488	1	C-log-3		GATE (C-log-3) -- vclcompat::TDateTime has no DayOfWeek() (grep + date above)	iWeek=dtNow.DayOfWeek()-1;	
LOW	cObserver.cpp	6502	6505	2	C-log-4		GATE (C-log-4) -- no fConfiguration global, no ->fShow member (greps + date above)	if(fConfiguration->fShow)	
LOW	cObserver.cpp	6567	6569	1	C-log-5a		GATE (C-log-5a) -- SaveEventLogAutoSaveInfo() writes D:\HT9045\config\config.ini (cprod.cpp:3333-3346); SAFETY	SaveEventLogAutoSaveInfo();                                 //Steven 20110603	
LOW	cObserver.cpp	6593	6595	1	C-log-5b		GATE (C-log-5b) -- SaveEventLogAutoSaveInfo() writes D:\HT9045\config\config.ini; SAFETY	SaveEventLogAutoSaveInfo();                                 //Steven 20110603	
LOW	cObserver.cpp	6619	6621	1	C-log-5c		GATE (C-log-5c) -- SaveEventLogAutoSaveInfo() writes D:\HT9045\config\config.ini; SAFETY	SaveEventLogAutoSaveInfo();                                 //Steven 20110603	
LOW	cObserver.cpp	6645	6647	1	C-log-5d		GATE (C-log-5d) -- SaveEventLogAutoSaveInfo() writes D:\HT9045\config\config.ini; SAFETY	SaveEventLogAutoSaveInfo();                                 //Steven 20110603	
LOW	cObserver.cpp	6996	7001	4	C-log-9		GATE (C-log-9) -- no TOpenDialog port (grep + date above)	if(OpenDialog1->Execute())	
LOW	cObserver.cpp	7172	7175	2	C-log-10		GATE (C-log-10) -- SAFETY: writes D:\HT9045\system\2.bat then spawns it (both callees REAL, see note)	TestList->SaveToFile("D:\\HT9045\\system\\2.bat");	
LOW	cObserver.cpp	7254	7272	17	C-log-11		GATE (C-log-11) -- fSCKART->sInfoArr_*/iInfo_MultiLotCnt absent AND the 17 pal* panels absent (greps + date above)	palCustomer->Caption        =fSCKART->sInfoArr_Customer[Tag];	
LOW	cObserver_TimeInfo.cpp	248	250	1	W906-W2-3		GATE(W906-W2-3) G1: fLotInfo has no lbESDReportData (St01's facade; the ESD report source is not ported either) -- per-IC ESD value not recorded -- golden cObserver.cpp:2037	TestSocket.PordRec[i][j].AddESDRecord(fLotInfo->lbESDReportData->Caption);  //Sam 20211223 : 每顆 IC 測試完畢都要記錄當時的 Ground & ESD 數值。	
LOW	cObserver_TimeInfo.cpp	330	333	2	W906-W2-3		GATE(W906-W2-3) G2 web-display: fShowMessage has no lblIndexCycleTime / lblTestTime (the page shows the TimeInfoGrid numbers) -- golden cObserver.cpp:2117-2118	fShowMessage->lblIndexCycleTime->Caption="   Index Cycle Time="+fObserver->strngrdTestTime->Cells[4][11]+" sec";	
LOW	cObserver_TimeInfo.cpp	337	340	2	W906-W2-3		GATE(W906-W2-3) G2 web-display: fShowMessage has no lblIndexCycleTime / lblTestTime (the page shows the TimeInfoGrid numbers) -- golden cObserver.cpp:2122-2123	fShowMessage->lblIndexCycleTime->Caption="   Index Cycle Time="+fObserver->TimeInfoGrid->Cells[4][11]+" sec";	
LOW	cObserver_TimeInfo.cpp	346	349	2	W906-W2-3		GATE(W906-W2-3) G2 web-display: fShowMessage has no lblIndexCycleTime / lblTestTime (the page shows the TimeInfoGrid numbers) -- golden cObserver.cpp:2129-2130	fShowMessage->lblIndexCycleTime->Caption="";	
LOW	cSecurity.cpp	71	260	188			mySecurityPal stays empty; iMaxLevelItem (file-scope global above) / stays 0 -- see forms/fSecurity.h "EMERGENT BEHAVIOUR" for what that / does to Insufficient() today.	DefaultImg=fMain->sbSetting->Glyph;	
LOW	cSecurity.cpp	456	489	32	SEC1		TPanel exposes a child-control list in vclcompat). Its entire purpose / is positioning the (always-empty this wave, GATE SEC1) mySecurityPal / panels -- see forms/fSecurity.h banner.	int iPitch=52, iStart=2;                                                    //重新排列位置 Start	
LOW	cSecurity.cpp	547	647	99				mySecurityPal[ 9]->SetVisible(true);                                        //kevin 20180917	
LOW	cSecurity.cpp	690	901	210				AnsiString asLevel=iLevel;	
LOW	cSecurity.cpp	940	976	35	SEC1		RadioGroup/SpeedButton geometry (->Left/->Top/->Width/->Height) and / Name do not exist on vclcompat's TPanel/TRadioGroup/TSpeedButton. / TMySecurity is unreachable this wave (GATE SEC1) regardless.	Panel=new TPanel(this);	
LOW	cSecurity.cpp	988	1031	42	SEC10		GATE (SEC10): entire body -- see forms/fSecurity.h banner.	Panel->Parent=Sender;	
LOW	cSecurity.cpp	1037	1043	5	SEC10		GATE (SEC10): entire body -- see forms/fSecurity.h banner.	Panel->Top=Top;	
LOW	cSecurity.cpp	1051	1063	11	SEC10		GATE (SEC10): entire body -- see forms/fSecurity.h banner (Name does / not exist on TPanel/TRadioGroup/TSpeedButton; RadioGroup has no / Caption member either).	this->index=index;	
LOW	cSecurity.cpp	1564	1569	4			`AlarmUnitMap` member (0 hits, grepped this wave). No known caller / exists yet anywhere in the port tree (grepped this wave) -- this / default has no observable consumer today.	return fMain->AlarmUnitMap[sJamArea];                                       //Steven 20231127 : 整理Alarm Unit	
LOW	cSecurity.cpp	1955	1967	11	SEC9		GATE (SEC9): the whole `if(IniConfig.bSIGURDFunction)` block writes / under D:\HT9045\system\ (SG_PW.ini) -- on the task brief's explicit / write-gate list. DEFAULT: return golden's own pre-set literal below.	if(IniConfig.bSIGURDFunction)	
LOW	cSensorScan.cpp	158	160	1	W906-SENSORSCAN-G1		GATE(W906-SENSORSCAN-G1) 缺 fSCKART->UpdateCount()：forms/fSCKART.h:74-186 的 class TfSCKART 沒有 UpdateCount 成員（Grep "UpdateCount" 於 forms/ 0 命中）；翻好的 SckArtRem_UpdateCount（Automation/SCK_ART_Remainder.cpp:638）要一個 SckArtRemai	fSCKART->UpdateCount();	
LOW	cSensorScan.cpp	164	199	34	W906-SENSORSCAN-G2		GATE(W906-SENSORSCAN-G2) 缺 fLotInfo 的 ART 盤數 edit：edInputAmount／edLoadingCnt／edAuto1Cnt／edAuto1Cnt_KS／edAuto2Cnt／edAuto2Cnt_KS／edAuto3Cnt／edAuto3Cnt_KS 在 forms/fLotInfo.h 0 命中（Grep；只出現在 csystem.cpp 的 #if 0 golden 副本與 too	fLotInfo->edInputAmount->Text   =LastSet.iLoaderTotalTray;	
LOW	cSensorScan.cpp	202	301	98	W906-SENSORSCAN-G3		GATE(W906-SENSORSCAN-G3) 缺 fLotInfo 的 ART limit／yield 顯示元件：LART_Passlimit／LART_Openlimit／LART_RecoverPasslimit、eART_Limit／eART_Count／eART_Passlimit(L)／eART_PassYield／eART_Openlimit(L)／eART_OpenYield／eART_RecoverPasslimit	if(CUSTOMER_CODE==CC_ASE_KaohSiung)                                     //kevin 20150601 autotest Data	
LOW	cSensorScan.cpp	322	353	30	W906-SENSORSCAN-G4		GATE(W906-SENSORSCAN-G4) 缺 fLotInfo->labLotTrayCount_KYEC（條件式本身就讀它）與 edInputAmount／edLoadingCnt：forms/fLotInfo.h 0 命中（Grep）—— 與 csystem.cpp:10478 那個 g3-G04 閘同一個缺件，解閘時兩處一起解。⚠ 本體除了畫面還有狀態寫入：TestIF_File.iAMRLDNowTrayCount、bN	if((atoi(fLotInfo->labLotTrayCount_KYEC->Caption.c_str())==0 && LastSet.iLoaderTotalTray!=0) && bReflashTrayCount)	
LOW	cSetUp.cpp	621	623	1	G-SU-SiteMapChk		GATE(G-SU-SiteMapChk) -- TfMain facade has no cbDisableSiteMappingCheck (golden main.h, a TCheckBox). golden :2496/:2500 -- UI mirror of IniConfig.bI21EnableASMByRecipe; the ini value itself is read and stored ACTIVE, on	fMain->cbDisableSiteMappingCheck->Visible=IniConfig.bI21EnableASM;	
LOW	cSetUp.cpp	627	629	1	G-SU-SiteMapChk		GATE(G-SU-SiteMapChk) -- TfMain facade has no cbDisableSiteMappingCheck (golden main.h, a TCheckBox). golden :2496/:2500 -- UI mirror of IniConfig.bI21EnableASMByRecipe; the ini value itself is read and stored ACTIVE, on	fMain->cbDisableSiteMappingCheck->Visible=false;	
LOW	cSetUp.cpp	899	901	1	G-SU-RpMonitor		GATE(G-SU-RpMonitor) -- TfRPDefault::ShowMonitoredParameter is DECLARED but its body in forms/fRPDefault.cpp sits inside a #if 0, so it does not link. golden :2778.	fRPDefault->ShowMonitoredParameter();	
LOW	cSetUp.cpp	915	917	1	G-SU-Ocr		GATE(G-SU-Ocr) -- forms/fOCR.h has SetOcrFileName and cbEnableOcr (both ACTIVE here) but no SetOcrInspText. golden :2668. TestIF_File.sOcrText IS still read from the ini above; only pushing it into the OCR form is gated.	fOCR->SetOcrInspText(TestIF_File.sOcrText);                                 //Steven 20120716 : OCR	
LOW	cSetUp.cpp	918	920	1	G-SU-OcrChk		GATE(G-SU-OcrChk) -- TfOCR facade has no cbEnableOcr (golden OCR.h, a TCheckBox). golden :2669. TestIF_File.bOcrFunction is still read ACTIVE; only the checkbox echo is gated.	fOCR->cbEnableOcr->Checked  =TestIF_File.bOcrFunction;                                                  //Steven 20120716 : OCR	
LOW	cSetUp.cpp	983	985	1	G-SU-LockByFile		GATE(G-SU-LockByFile) -- the only `fConfiguration` in this tree is W5SckArtRem_ConfigStub (Automation/SCK_ART_Remainder.h:599), a different type with no ReadLockByFile. golden :2739 -- the RTC lock-by-file read.	fConfiguration->ReadLockByFile();	
LOW	cSetUp.cpp	1001	1003	1	G-SU-Restart		GATE(G-SU-Restart) -- fMain facade has no bNeedRestartProgram (golden main.h). golden :2748/:2766/:2794. This is a WRITE, so gating it has a consequence: the 'restart to activate RTC' request is silently dropped offline.	fMain->bNeedRestartProgram=true;	
LOW	cSetUp.cpp	1021	1023	1	G-SU-Restart		GATE(G-SU-Restart) -- fMain facade has no bNeedRestartProgram (golden main.h). golden :2748/:2766/:2794. This is a WRITE, so gating it has a consequence: the 'restart to activate RTC' request is silently dropped offline.	fMain->bNeedRestartProgram=true;	
LOW	cSetUp.cpp	1051	1053	1	G-SU-Restart		GATE(G-SU-Restart) -- fMain facade has no bNeedRestartProgram (golden main.h). golden :2748/:2766/:2794. This is a WRITE, so gating it has a consequence: the 'restart to activate RTC' request is silently dropped offline.	fMain->bNeedRestartProgram=true;	
LOW	cSetUp.cpp	1083	1085	1	G-SU-RtcChangeFile		GATE(G-SU-RtcChangeFile) -- TfLotInfo facade has no RTCChangeFile (it has btChangeFile, a different thing). golden :2797/:2805.	fLotInfo->RTCChangeFile();                              //那就要初使化工作檔	
LOW	cSetUp.cpp	1093	1095	1	G-SU-RtcChangeFile		GATE(G-SU-RtcChangeFile) -- TfLotInfo facade has no RTCChangeFile (it has btChangeFile, a different thing). golden :2797/:2805.	fLotInfo->RTCChangeFile(!bFirstTime);                           //所以也要初始化工作檔	
LOW	cSetUp.cpp	1115	1117	1	G-SU-TemperFrom		GATE(G-SU-TemperFrom) -- forms/fTemperFrom.h states outright it does NOT declare `extern TfTemperFrom *fTemperFrom` yet (integration pending). golden :2825/:2952.	fTemperFrom->SetShowYield(fTemperFrom->esytOcrOn, TestIF_File.bOcrFunction);	
LOW	cSetUp.cpp	1127	1129	1	G-SU-OcrFile		GATE(G-SU-OcrFile) -- TfOCR facade has no SetOcrFileName. golden :2835/:2841.	fOCR->SetOcrFileName(fMain->cbSetupFileName->Text);	
LOW	cSetUp.cpp	1135	1137	1	G-SU-OcrFile		GATE(G-SU-OcrFile) -- TfOCR facade has no SetOcrFileName. golden :2835/:2841.	fOCR->SetOcrFileName(fMain->cbSetupFileName->Text);             //所以也要初始化工作檔	
LOW	cSetUp.cpp	1202	1204	1	G-SU-StartCond		GATE(G-SU-StartCond) -- forms/fStartCondition.h states outright there is NO `extern TfStartCondition *fStartCondition` yet (integration pending). golden :2945.	fStartCondition->ReadWriteStartCondition(true);                             //Steven 20250822 : 調整位置	
LOW	cSetUp.cpp	1221	1223	1	G-SU-TemperFrom		GATE(G-SU-TemperFrom) -- forms/fTemperFrom.h states outright it does NOT declare `extern TfTemperFrom *fTemperFrom` yet (integration pending). golden :2825/:2952.	fTemperFrom->SetIndex16HeaterPos();                                 //Steven 20111208 : 重新排列溫控器位置	
LOW	cSetUp.cpp	1228	1230	1	G-SU-AcBtn		GATE(G-SU-AcBtn) -- fMain facade has no bEnableAutoclean (golden main.h:1350, 'show autoclean button'). golden :2954. Pure UI affordance, no state.	fMain->bEnableAutoclean();                                                  //kevin 20130429 autoclean	
LOW	cSetUp.cpp	1461	1463	1	G-Align		GATE(G-Align)	MyTempRGBox[i]->Align=alTop;	
LOW	cSetUp.cpp	1471	1473	1	G-Delegate		GATE(G-Delegate)	MyTempRGBox[i]->OnClick=rgSensor1Click;	
LOW	cShowBinSelect.cpp	861	896	34	B2		GATE (B2): fail-closed -- the destructive row-delete loop below / does not run without a real confirm dialog.	if (Application->MessageBoxA("Do you want to delete this record?", "Confirm", MB_OKCANCEL) == IDOK)	
LOW	cSocket.cpp	1058	1077	18	1		GATE (1): fSCKART->iInfo_MultiLotCnt / fSCKART->sInfoArr_InnerLotID -- golden :848-855. See file banner GATE REGISTER.	for(int j=0; j<fSCKART->iInfo_MultiLotCnt; j++)	
LOW	cSocket.cpp	1132	1145	12	1		GATE (1): fSCKART->iInfo_MultiLotCnt / fSCKART->sInfoArr_InnerLotID -- golden :910-917. See file banner GATE REGISTER.	for(int j=0; j<fSCKART->iInfo_MultiLotCnt; j++)	
LOW	cSpeed.cpp	109	115	5	S1			edtHPVacuumDelay->Hint="edtHPVacuumDelay";                                  //Sam 20201209 : Default Recipe ChangeLog	
LOW	cSpeed.cpp	126	131	4	S2			PageControl1->ActivePage=tsAllSpeed;	
LOW	cSpeed.cpp	290	294	3	S3			rbTemp->SetFocus();	
LOW	cSpeed.cpp	889	977	87	S5			if(LoaderUnload_StepMotor)                                                  //Steven 20200529 : Loader入Tray改步進	
LOW	cSpeed.cpp	1672	1684	11	W21-G1		GATE (W21-G1): golden :1791.  BOTH halves absent from the port --	fShowMessage->sgdSpeedView->Repaint();	
LOW	cStartCondition.cpp	220	222	1	SC1		GATE (SC1): golden :145 `LastSet.iStartMode=2;` -- hidden write / inside a function named "Show". See fStartCondition.h banner.	LastSet.iStartMode=2;	
LOW	cStartCondition.cpp	257	259	1	SC2		GATE (SC2): golden :171 `LastSet.iStartMode=1;` -- hidden write.	LastSet.iStartMode=1;	
LOW	cStartCondition.cpp	415	475	59	register.		per-page editContactCountAlarm->Text fill both key off / `pgLifeTime->ActivePage==tsConditionNN` -- vclcompat::TPageControl / has no pointer-valued ActivePage. See file-head GATE register.	if(pgLifeTime->ActivePage==tsCondition01)                               //Active Page 在第1頁	
LOW	cStartCondition.cpp	698	715	16				if(pgLifeTime->ActivePage==tsCondition01)	
LOW	cStateRecord.cpp	697	701	3	W906-STATEREC-G8		GATE(W906-STATEREC-G8) VCL Dialogs.hpp 的 ShowMessage（模態框）移植樹沒有宣告（Grep 全樹 *.h 0 個宣告；Command.cpp:12000、ATC/ATCSystem.cpp:196 同一個缺件各自閘住）	ShowMessage("SaveDecisionVariables Error!");	
LOW	cStateRecord.cpp	729	731	1	W906-STATEREC-G1		GATE(W906-STATEREC-G1) StatusBar1（golden main.h TStatusBar*）移植樹沒有：Grep 全樹 *.h 的 StatusBar1 在 forms/fMain.h 0 命中。純顯示。	StatusBar1->Panels->Items[6]->Text=sAlarmTime;                          //Ifor 20160503 KYEC 客戶要求顯示詳細時間	
LOW	cStateRecord.cpp	758	763	4	W906-STATEREC-G2		GATE(W906-STATEREC-G2) 螢幕解析度只給下面的抓圖用；抓圖本身缺 VCL 視窗（見函式頭）	int iScrW=XResolution;                                                      //Steven 20260504 : Support 1920x1080 and 1280x1024	
LOW	cStateRecord.cpp	768	779	10	W906-STATEREC-G2		GATE(W906-STATEREC-G2) 缺 ImageRecord（TImage）／MainFormSizeToEpson／BringToFront／pgMotionView：Grep forms/fMain.h 0 命中；wb_serve 沒有 VCL 視窗可 BitBlt	ImageRecord->Height=iScrH;                                          //Steven 20260504 : Use actual screen resolution	
LOW	cStateRecord.cpp	784	790	5	W906-STATEREC-G2		GATE(W906-STATEREC-G2) 同上（MotorView.bmp）	MainFormSizeToEpson(false);	
LOW	cStateRecord.cpp	795	802	6	W906-STATEREC-G2		GATE(W906-STATEREC-G2) 同上（MotionView.bmp）；另缺 HVisionWnd（golden TfMain 的 HWND 成員，forms/fMain.h 0 命中）	MainFormSizeToEpson(false);	
LOW	cStateRecord.cpp	807	811	3	W906-STATEREC-G2		GATE(W906-STATEREC-G2) 同上（GPIB.bmp：把 GPIB 橋接程式的視窗叫到前面再抓）	SetForegroundWindow(HVisionWnd);                                    //Richard 20230418 : 有時沒切到畫面	
LOW	cStateRecord.cpp	816	826	9	W906-STATEREC-G2		GATE(W906-STATEREC-G2) 畫面還原：缺 Application／ImageRecord／fNote->BringToFront／MainFormSizeToEpson／sbStateRecord／sbStateRecord2／sbReturnToMainClick（forms/fMain.h:64-66 記載 sbStateRecord 刻意沒加）	Application->BringToFront();	
LOW	cStateRecord.cpp	830	833	2	W906-STATEREC-G2		GATE(W906-STATEREC-G2) 同上	sbStateRecord2->Down=false;	
LOW	cStateRecord.cpp	853	865	11			MOVED-BG(W906-STATEREC) 使用者 20260924 裁決：7z／Del_Tree／開資料夾交給背景執行緒，見本檔 RunStateRecordJob（不是缺相依的閘）	if(FileExists("d:\\HT9045\\7z.exe"))                                //KenHsieh 20230105 : 新增StateRecord 另存路徑	
LOW	cStateRecord.cpp	1017	1381	363			AI(W906-STATEREC-SIM) 20260924: 使用者裁決「模擬組態也錄」—— 刻意偏離 golden main.cpp:26343 的 #ifdef SOFT_SIMULTE（golden 模擬時整段不錄）；出貨組態行為不變	#else	
LOW	cStateRecord.cpp	1382	1385	2	W906-STATEREC-G9		GATE(W906-STATEREC-G9) LogIndexMaxMinPos 在 cpublic.h:327 有宣告但本體整段在 #if 0 內（cpublic.cpp:1816 GA1-B3：缺 fMain->slIndexYMaxMinShift／AddIndexPosLog）；	LogIndexMaxMinPos("StateRecord");                                           //Isaac 20201012 : 計算Encoder和commandpos/Teaching的差值，記錄並存檔	
LOW	cStateRecord.cpp	1699	1701	1	W906-TASKLIST		GATE(W906-TASKLIST) golden fBarCode->iBottom2DIDTask 在移植樹是 BarCode_Bottom2DID.cpp:84 匿名 namespace 裡的 TU 內變數，別的檔取不到位址（要登錄得先在那個檔開一個存取點）；不補假變數（補了就是永遠不變的樁）⇒ 環裡這一列是空的	QueueTaskList[35].SetAliasAndTask("Bottom2DIDTask",                         &fBarCode->iBottom2DIDTask);	
LOW	cStateRecord.cpp	1787	1789	1	W906-TASKLIST		GATE(W906-TASKLIST) dmTrayMotor（golden Motor/TrayStepMotor，TDataModule）移植樹沒有（forms/fSpeed.h:178-182）—— SetStepMotorTask 沒翻；不補假變數（補了就是永遠不變的樁）⇒ 環裡這一列是空的	QueueTaskList[112].SetAliasAndTask("SetStepMotorTask",                      &dmTrayMotor->iSetStepMotorTask);	
LOW	cStateRecord.cpp	1793	1795	1	W906-TASKLIST		GATE(W906-TASKLIST) iDoAllPassVerifyTask 只在 atester.cpp 的 golden 原文閘裡（GATE G-PTk4-DoAllPassVerifyRTC，:8867）—— 那個 task 沒翻；不補假變數（補了就是永遠不變的樁）⇒ 環裡這一列是空的	QueueTaskList[116].SetAliasAndTask("AllPassVerifyTask",                     &iDoAllPassVerifyTask);	
LOW	cStateRecord.cpp	1805	1807	1	W906-TASKLIST		GATE(W906-TASKLIST) TfNote 移植樹沒有 iIndexMoveToFrontRearTask（btnMoveToFront/RearClick 與 IndexMoveToFrontRear 會動機台、沒翻，forms/fNote.h:84-88） —— 那個 task 沒翻；不補假變數（補了就是永遠不變的樁）⇒ 環裡這一列是空的	QueueTaskList[125].SetAliasAndTask("IndexMoveToFrontRearTask",              &fNote->iIndexMoveToFrontRearTask);	
LOW	cStateRecord.cpp	1890	1892	1	W906-TASKLIST		GATE(W906-TASKLIST) iAuto_TeachPitch（golden uteach.cpp:43 全域）移植樹沒有（forms/fTeachPara.h:206）—— 那個 task 沒翻；不補假變數（補了就是永遠不變的樁）⇒ 環裡這一列是空的	QueueTaskList[199].SetAliasAndTask("Auto_TeachPitch",                       &iAuto_TeachPitch);	
LOW	cStateRecord.cpp	1920	1922	1	W906-TASKLIST		GATE(W906-TASKLIST) iAOITask 移植樹沒有（git grep 找不到 namespace 範圍、#if 0 之外的定義） —— 那個 task 沒翻；不補假變數（補了就是永遠不變的樁）⇒ 環裡這一列是空的	QueueTaskList[224].SetAliasAndTask("AOITask",                               &iAOITask);	
LOW	cStateRecord.cpp	1923	1925	1	W906-TASKLIST		GATE(W906-TASKLIST) TfOCR 移植樹沒有成員 iOcrWithTesterTask（編譯器量的） —— 那個 task 沒翻；不補假變數（補了就是永遠不變的樁）⇒ 環裡這一列是空的	QueueTaskList[225].SetAliasAndTask("OcrWithTesterTask",                     &fOCR->iOcrWithTesterTask);	
LOW	cStateRecord.cpp	1935	1937	1	W906-TASKLIST		GATE(W906-TASKLIST) iConntectionOkTask 移植樹沒有（git grep 找不到 namespace 範圍、#if 0 之外的定義） —— 那個 task 沒翻；不補假變數（補了就是永遠不變的樁）⇒ 環裡這一列是空的	QueueTaskList[234].SetAliasAndTask("ConntectionOkTask",                     &iConntectionOkTask);	
LOW	cStateRecord.cpp	1938	1940	1	W906-TASKLIST		GATE(W906-TASKLIST) TfBarCode 移植樹沒有成員 iInitialChangeFileTask（編譯器量的） —— 那個 task 沒翻；不補假變數（補了就是永遠不變的樁）⇒ 環裡這一列是空的	QueueTaskList[235].SetAliasAndTask("InitialChangeFileTask",                 &fBarCode->iInitialChangeFileTask);	
LOW	cStateRecord.cpp	1941	1943	1	W906-TASKLIST		GATE(W906-TASKLIST) golden fBarCode->i2DIDCheckTask 移植樹沒有（git grep 只有 forms/fContact.h:1531 那個同名的 TfContact 成員，是另一個變數） —— 那個 task 沒翻；不補假變數（補了就是永遠不變的樁）⇒ 環裡這一列是空的	QueueTaskList[236].SetAliasAndTask("2DIDCheckTask",                         &fBarCode->i2DIDCheckTask);	
LOW	cStateRecord.cpp	1944	1946	1	W906-TASKLIST		GATE(W906-TASKLIST) i2DIDCheckSH1Task 移植樹沒有（git grep 找不到 namespace 範圍、#if 0 之外的定義） —— 那個 task 沒翻；不補假變數（補了就是永遠不變的樁）⇒ 環裡這一列是空的	QueueTaskList[237].SetAliasAndTask("2DIDCheckSH1Task",                      &i2DIDCheckSH1Task);	
LOW	cStateRecord.cpp	1947	1949	1	W906-TASKLIST		GATE(W906-TASKLIST) i2DIDCheckSH2Task 移植樹沒有（git grep 找不到 namespace 範圍、#if 0 之外的定義） —— 那個 task 沒翻；不補假變數（補了就是永遠不變的樁）⇒ 環裡這一列是空的	QueueTaskList[238].SetAliasAndTask("2DIDCheckSH2Task",                      &i2DIDCheckSH2Task);	
LOW	cStateRecord.cpp	2002	2004	1	W906-STATEREC-G3		GATE(W906-STATEREC-G3) sgTaskList（golden main.h:553 TStringGrid）移植樹沒有；它只給 Task_List.xls（SGDToXLS 在移植樹是 no-op）	sgTaskList->RowCount=qTaskCount;                                            //Steven 20180808 (wei) : 修改紀錄Task的方式	
LOW	cStateRecord.cpp	2007	2009	1	W906-STATEREC-G3		GATE(W906-STATEREC-G3) sgTaskList（golden main.h:553 TStringGrid）移植樹沒有；它只給 Task_List.xls（SGDToXLS 在移植樹是 no-op）	sgTaskList->Cells[0][0]="Task";	
LOW	cStateRecord.cpp	2013	2015	1	W906-STATEREC-G3		GATE(W906-STATEREC-G3) sgTaskList（golden main.h:553 TStringGrid）移植樹沒有；它只給 Task_List.xls（SGDToXLS 在移植樹是 no-op）	sgTaskList->Cells[0][i]=QueueTaskList[i].Alias;	
LOW	cTemperFrom.cpp	977	1006	28	T1		GATE (T1)	if(iTempOverShowAlarmT[Addr]==2)	
LOW	cTrayForm.cpp	116	118	1			閘掉後它是 0，golden 下游的有效值也是 0（上面 denormal 那句），所以下游值與 golden 相同。 / 只在 IniConfig.bUseTrayBlockMode（CosFunction.cpp:467 某些客戶設定會開）時才會走到。 / 這是 golden 自身的缺陷，V912 很可能相同 —— 已記進晨報，要不要修由使用者決定。	elTrayForm->Add(YBTypeSize1,&UserDefForm_File[0].BlockTraySize, ECText,     "Type0",    "Block Tray Type Size", bShow, bEnable, bReadFromFil	
LOW	cTrayForm.cpp	139	141	1	W906-TRAY-READ-BTS		SAFETY-GATE(W906-TRAY-READ-BTS) 同上（golden :102）	elTrayForm->Add(YBTypeSize2,&UserDefForm_File[1].BlockTraySize, ECText,     "Type1",    "Block Tray Type Size", bShow, bEnable, bReadFromFil	
LOW	cTrayForm.cpp	162	164	1	W906-TRAY-READ-BTS		SAFETY-GATE(W906-TRAY-READ-BTS) 同上（golden :123）	elTrayForm->Add(YBTypeSize3,&UserDefForm_File[2].BlockTraySize, ECText,     "Type2",    "Block Tray Type Size", bShow, bEnable, bReadFromFil	
LOW	cTrayForm.cpp	186	188	1			⚠ 但 :130-131 兩筆 elTrayForm->Add 是**資料**註冊（Tray.Data [Color Sensor] -> / TestIF_File.sLoaderColorSenFTEnable / RTEnable），所以照留，只把 golden 掛的 / GetColorSensor("ColorSensor_FT/RT")->edEnable 換成本類別的兩個替代 TEdit（fTrayForm.h）。	InitialColorSensorGUI();                                                // golden :129	
LOW	cTrayForm.cpp	191	194	2				tsColorSensor->TabVisible=true;                                         // golden :132	
LOW	cTrayForm.cpp	198	200	1	W906-TRAY-READ-CSGUI		SAFETY-GATE(W906-TRAY-READ-CSGUI) 同上（這一句本身只是分頁顯示）	tsColorSensor->TabVisible=false;                                        // golden :137	
LOW	cTrayForm.cpp	303	310	6			（T5 第一版這樣寫，20260923 審查 M1 更正）：它把 TestIF_File.sLoaderColorSen*Enable 拆開設進的勾選框， / 正是 GetColorSensorIsMapping → IsColorEable 在執行期讀的顏色放行狀態。缺的是 uColorSensorInfo 整個類別， / 見 Init() 的 CSGUI 那格 —— 三個一起解。	if(IniConfig.bShowTrayAndDeviceDir)                                         // golden :447  jou 2013-03-25 show Tray & Device Direction	
LOW	cUnitConvert.cpp	372	374	1	PTW8-UC-1		GOLDEN VERBATIM -- golden cUnitConvert.cpp:29.  GATE PTW8-UC-1 (memcpy over 29 AnsiString members); the line below is the value-identical, memory-safe form.	memcpy(&TestIF.iTestMode, &TestIF_File.iTestMode, sizeof(TestIF_File));	
LOW	cUnitConvert.cpp	415	417	1	PTW8-UC-2		GOLDEN VERBATIM -- golden cUnitConvert.cpp:60.  GATE PTW8-UC-2 (memcpy over an AnsiString member).	memcpy(&DeviceForm.IndexArmPick[0], &DeviceForm_File.IndexArmPick[0], sizeof(DeviceForm_File));	
LOW	canary_support.cpp	227	233	5			PT-W5f RETIRED (ReadWriteTrayID)	void ReadWriteTrayID(bool /*bRead*/)	
LOW	canary_support.cpp	245	251	5			TODO(W6.x): ASESendMessage->SendToASEData (god-stack); CC_ASE_KaohSiung	if(CUSTOMER_CODE==CC_ASE_KaohSiung)	
LOW	cmydef.cpp	129	148	18			TODO(W3): TMyStringList body + RunInfo state	void SaveEventLog()                                                             //Steven 20200416 : 整合EventLog存檔	
LOW	cmydef.cpp	3177	3179	1			AI(W0-TAIL) 20260626: TODO(W6) -- G9004_M204 is a Syntek driver-header constant.	int         SYN_TEK_MOTION_MODULE           =G9004_M204;	
LOW	cmydef.cpp	3482	3484	1			AI(W0-TAIL) 20260626: TODO(W7) -- 'TMyLog myLog' definition deferred (TMyLog is / VCL-form-coupled, fwd-declared in cmydef.h). extern decl stays; def lands W7.	TMyLog myLog;	
LOW	cmydef.cpp	4176	4178	1			AI(W0-TAIL) 20260626: TODO(W7) -- clGreen/clRed/clPurple/... are VCL Graphics.hpp / colour constants (incl system clBtnFace). Keep symbol defined (zero-init) for W0; / faithful colour values restored with the VCL colour 	TColor tcBinColor[eTrayCount]        ={clGreen, clRed, TColor(0x000080FF), clPurple, clBlue, clGray, clSilver, clBtnFace, clOlive};	
LOW	cmydef.cpp	6016	6107	90			TODO(W6): function bodies depend on untranslated globals/state machines	void InitialMemory()                                                            //Steven 20160319 : 初始化數值   // AI(W906-INITMEM) 20260927: ga	
LOW	cmydef.cpp	6112	6115	2			...resume the TODO(W6) gate -- AI(W906-FRW-S70) 20260926: 這兩個 uPoint2D 仍關著：建構子本體在 Public/HTEditList.cpp（ht9045_sm），本檔在 ht9045_globals（只連 vclcompat），在這裡定義會讓抽到 cmydef.o 卻沒連 ht9045_sm 的程式缺 uPoint2D::uPoint2D() —— 改定義在 FileR	uPoint2D InArmAutoCalSuckZPoint;	
LOW	cmydef.cpp	6118	6140	21			...resume the TODO(W6) gate	double GetTotalYield_double()   // AI(W906-TOTALYIELD) 20260927: gated REFERENCE copy -- the live definition is cmydef_TotalYield.cpp	
LOW	cmydef.cpp	6142	6143	0			...resume the TODO(W6) gate		
LOW	cmydef.cpp	6145	6146	0			...resume the TODO(W6) gate		
LOW	cmydef.cpp	6148	6149	0			...resume the TODO(W6) gate		
LOW	cmydef.cpp	6151	6153	1			...resume the TODO(W6) gate	AnsiString sUnloadBin[MAX_UNLOAD_TRAY];	
LOW	cmydef.cpp	6156	6159	2			...resume the TODO(W6) gate	bool bBackupAutoClean=false;                                                    //JerryYang 20250514 : fix 2DID與Auto clean衝突, 做完2DID Map再把au	
LOW	cmydef.cpp	6161	6168	6			...resume the TODO(W6) gate	bool bAskStopPort[ePortTotal];                                                  //JerryYang 20250521 : For AMR	
LOW	cmydef.cpp	6170	6184	13			...resume the TODO(W6) gate	bool bWaitingAMR=false;                                                         //RogerYang 20250617 Load已清空但還沒滿bundle，等料車來	
LOW	cmydef.cpp	6186	6187	0			...resume the TODO(W6) gate		
LOW	cmydef.cpp	6190	6192	1			...resume the TODO(W6) gate	bool bFreezeHandler=false;                                                      //Ifor 20260119 add:Freeze Handler	
LOW	cmydef.cpp	6202	6213	10			...resume the TODO(W6) gate	DWORD startASMTick=0;	
LOW	cmydef.cpp	6217	6218	0			...resume the TODO(W6) gate		
LOW	cmydef.cpp	6220	6222	1			...resume the TODO(W6) gate	AnsiString sSiteLayoutSiteMap="";	
LOW	cmydef.cpp	6224	6225	0			...resume the TODO(W6) gate		
LOW	cmydef.cpp	6227	6228	0			...resume the TODO(W6) gate		
LOW	cmydef.cpp	6230	6231	0			...resume the TODO(W6) gate		
LOW	cmydef.cpp	6233	6234	0			...resume the TODO(W6) gate		
LOW	cmydef.cpp	6243	6244	0			...resume the TODO(W6) gate		
LOW	cmydef.cpp	6246	6247	0			...resume the TODO(W6) gate		
LOW	cmydef.cpp	6258	6259	0			...resume the TODO(W6) gate		
LOW	cmydef.cpp	6261	6264	2			...resume the TODO(W6) gate	bool bTrayArmIsPickColor=false;	
LOW	cmydef.cpp	6266	6267	0			...resume the TODO(W6) gate		
LOW	cmydef.cpp	6269	6271	1			...resume the TODO(W6) gate	bool bNeedRestartSW=false;	
LOW	cmydef.cpp	6273	6274	0			...resume the TODO(W6) gate		
LOW	cmydef.cpp	6276	6277	0			...resume the TODO(W6) gate		
LOW	cmydef.cpp	6281	6284	2			...resume the TODO(W6) gate	bool bWaitSECS=false;                                                           //KevinCheng 20250919 : Wait SECS	
LOW	cmydef.cpp	6287	6299	11			...resume the TODO(W6) gate	bool bPurgeOutAllDevice=false;                                                  //JerryYang 20251020 : 渠梁半清機功能	
LOW	common.cpp	967	1036	68			AI-W6C-GOLDEN-BEGIN WriteIniData common.cpp:622-689	void __fastcall WriteIniData(AnsiString FileName, AnsiString Group, AnsiString Name, bool bValue)  //Steven 20090731	
LOW	common.cpp	1073	1076	2			TODO(wave-logging/UI): RecordChangeLogByLot (common.cpp:683-688)		
LOW	common.cpp	1117	1118	0			TODO(wave-logging/UI): RecordChangeLogByLot (common.cpp:867-872)		
LOW	common.cpp	1162	1163	0			TODO(wave-logging/UI): RecordChangeLogByLot (common.cpp:966-971)		
LOW	common.cpp	1199	1200	0			TODO(wave-logging/UI): RecordChangeLogByLot (common.cpp:1013-1018)		
LOW	common.cpp	1219	1223	3			TODO(wave-logging/UI): change-log variables (common.cpp:1025-1029)	bool bStrIsFloat1 = false;	
LOW	common.cpp	1255	1256	0			TODO(wave-logging/UI): RecordChangeLogByLot (common.cpp:1093-1098)		
LOW	common.cpp	1387	1408	20			TODO(wave-logging/UI): change-detect block (common.cpp:1200-1225)		
LOW	common.cpp	1572	1573	0			TODO(wave-canvas): MyDrawText x6 (common.cpp:1360-1404)		
LOW	common.cpp	2134	2192	57			AI-W6C-GOLDEN-BEGIN MySleepEx common.cpp:1735-1791	DWORD MySleepEx(DWORD dwMilliseconds, bool bAlertable)                          //Steven 20200807 : 趁著Sleep的時候去檢查EC change report	
LOW	common.cpp	2239	2472	232			TODO(wave-logging): TempChangeLog (common.cpp:1802-2037) -- body verified correct, blocked on ht9045_core/ht9045_globals link boundary, see banner above	AnsiString __fastcall TempChangeLog(AnsiString Group, AnsiString Name)       // common.cpp:1802	
LOW	common.h	377	379	1			TODO(wave-logging): TempChangeLog	extern AnsiString __fastcall TempChangeLog(AnsiString Group, AnsiString Name); // common.h:263	
LOW	common.h	387	394	6			TODO(wave-canvas): MyDrawText (6 overloads, TCanvas/TRect/TColor VCL GDI)	void __fastcall MyDrawText(TCanvas *pCanvas, TRect &Rect, char *str);              // common.h:89	
LOW	common.h	411	417	5			TODO(wave-ui): SPEEDBUTTON_PTR (TSpeedButton is a VCL form component)	typedef struct	
LOW	cpublic.cpp	292	349	56			TODO(GA1-B3): blocked by EJ1N/TextProcess.{h,cpp} (whole module unported) + COM2->Comm2 (real TCOM2 unported)	void GetEveryCode(AnsiString AnsiData)                                          //Steven 20111028 : 改成AnsiString	
LOW	cpublic.cpp	581	649	67			TODO(GA1-B3): blocked by COM2->Comm2 (golden rs232.h TCOM2 unported; TCOM2Shim has no Comm2 member)	void TMC401WriteTemp(int Addr, int CH, int Temp)	
LOW	cpublic.cpp	709	807	97			...resume the GA1-B3 gate  (AI(W906-MEMO) 20260927: OutShuttleLog below = reference copy; live one in acarry_shims.cpp)	void HeaterSVLog(int Addr, double dTemp)                                        //Steven 20200121 : Log for Heater SV	
LOW	cpublic.cpp	876	950	73			TODO(GA1-B3): blocked by fSCKART->bShow (missing facade member; every other symbol is real)	void ProductionDataLog()	
LOW	cpublic.cpp	1094	1114	19			TODO(W3-dup: TMyQueue10 ctor/ClearData already ungated at file top (L27-44))	TMyQueue10::TMyQueue10()	
LOW	cpublic.cpp	1285	1305	19			TODO(W3-dup: TMyQueue100 ctor/ClearData already ungated at file top (L49-64))	TMyQueue100::TMyQueue100()	
LOW	cpublic.cpp	1399	1418	18			TODO(W3-dup: TMyStrQueue100 ctor/ClearData already ungated at file top (L69-85))	TMyStrQueue100::TMyStrQueue100()	
LOW	cpublic.cpp	1570	1591	20			TODO(W3-dup: TMyTimerQueue100 ctor/ClearData already ungated at file top (L90-108))	TMyTimerQueue100::TMyTimerQueue100()	
LOW	cpublic.cpp	1816	1836	19			TODO(GA1-B3): blocked by fMain->slIndexYMaxMinShift + fMain->AddIndexPosLog (missing facade members)	void LogIndexMaxMinPos(AnsiString str)                                          //Isaac 20201012 : 計算Encoder和commandpos/Teaching的差值，記錄並存檔，一盤	
LOW	cpublic.cpp	1904	1926	21			TODO(GA1-B3): case 0 ready but redefinition-blocked by the active substitute below; case 1 blocked by fMain->ListBox14 (missing)	void RecordErrorLog(int iSaveToFile,AnsiString FilePth, AnsiString Command)     //kevin 20211022 any error log	
LOW	cpublic.cpp	2001	2052	50			AI(W906-GA1-B3-integrate) 20260804: re-gated -- blocked by link graph:	void ShuttleLog()                                                               //kevin 20220912 add shuttle sensor record	
LOW	cpublic.cpp	2336	2505	168			TODO(GA1-B3): blocked by LotSummary (class TLotSummary unported) + fNote->edBundleID (missing facade member)	AnsiString GetBundleInfo(int iAuto)                                             //JerryYang 20240318 : add	
LOW	csystem_predicates.cpp	61	71	9			PT-W5c RETIRED (InputShuttleFrontHasIC)	bool InputShuttleFrontHasIC()	
LOW	csystem_predicates.cpp	73	91	17			PT-W5c RETIRED (InputShuttleRearHasIC)	bool InputShuttleRearHasIC()	
LOW	csystem_predicates.cpp	93	99	5			PT-W5c RETIRED (InputShuttleHasIC)	bool InputShuttleHasIC()	
LOW	csystem_predicates.cpp	103	113	9			PT-W5c RETIRED (OutputShuttleFrontHasIC)	bool OutputShuttleFrontHasIC()	
LOW	csystem_predicates.cpp	115	132	16			PT-W5c RETIRED (OutputShuttleRearHasIC)	bool OutputShuttleRearHasIC()	
LOW	csystem_predicates.cpp	134	144	9			PT-W5c RETIRED (OutputShuttleHasIC)	bool OutputShuttleHasIC()	
LOW	csystem_predicates.cpp	146	152	5			PT-W5c RETIRED (ShuttleHasIC)	bool ShuttleHasIC()	
LOW	csystem_predicates.cpp	154	164	9			PT-W5c RETIRED (SortShuttleHasIC)	bool SortShuttleHasIC()                                                         //RogerYang 20250506 Add for 9046AU	
LOW	csystem_predicates.cpp	168	178	9			PT-W5c RETIRED (FrontTestHeadHasIC)	bool FrontTestHeadHasIC()	
LOW	csystem_predicates.cpp	180	190	9			PT-W5c RETIRED (RearTestHeadHasIC)	bool RearTestHeadHasIC()	
LOW	csystem_predicates.cpp	192	198	5			PT-W5c RETIRED (TestHeadHasIC)	bool TestHeadHasIC()	
LOW	csystem_predicates.cpp	200	210	9			PT-W5c RETIRED (TestSocketHasIC)	bool TestSocketHasIC()	
LOW	csystem_predicates.cpp	212	218	5			PT-W5c RETIRED (IndexHasIC)	bool IndexHasIC()	
LOW	csystem_predicates.cpp	220	230	9			PT-W5c RETIRED (IndexHasRealIC)	bool IndexHasRealIC()                                                           //Steven 20240217 : Fixed for one cycle / clean out hang up	
LOW	csystem_predicates.cpp	237	243	5			PT-W5c RETIRED (HasICUnderHotPlate)	bool HasICUnderHotPlate()                                                       //Steven 20110826	
LOW	csystem_predicates.cpp	249	256	6			PT-W5c RETIRED (HasICUnderMachine)	bool HasICUnderMachine()	
LOW	csystem_predicates.cpp	258	265	6			PT-W5c RETIRED (HasAutoICInMachine)	bool HasAutoICInMachine()	
LOW	csystem_predicates.cpp	267	274	6			PT-W5c RETIRED (HasAnyICInMachine)	bool HasAnyICInMachine()                                                        //kevin 20150914 : whether any tray still in machine	
LOW	csystem_predicates.cpp	284	287	2			PT-W5c RETIRED (InSHT1InLF)	bool InSHT1InLF() { return false; }	
LOW	csystem_predicates.cpp	288	291	2			PT-W5c RETIRED (InSHT2InLF)	bool InSHT2InLF() { return false; }	
LOW	csystem_predicates.cpp	301	304	2			PT-W5c RETIRED (InSHT1InRT)	bool InSHT1InRT() { return false; }	
LOW	csystem_predicates.cpp	305	308	2			PT-W5c RETIRED (InSHT2InRT)	bool InSHT2InRT() { return false; }	
LOW	csystem_predicates.cpp	327	376	48			PT-W5c RETIRED (CheckIndexAllSuckICFallDown)	bool CheckIndexAllSuckICFallDown(bool bCheckArm1, bool bCheckArm2)              //Steven 20110725 : 修改檢查方式	
LOW	csystem_predicates.cpp	381	384	2			PT-W5c RETIRED (CheckSafeDoorIsClosed)	bool CheckSafeDoorIsClosed() { return true; }	
LOW	csystem_predicates.cpp	389	396	6			PT-W5f RETIRED (DoAutoSiteMappingDropError)	void DoAutoSiteMappingDropError()	
LOW	csystem_predicates.cpp	409	432	22			PT-W5c RETIRED (AllArmZIsSafe)	bool AllArmZIsSafe()                                                            // golden csystem.cpp:343	
LOW	csystem_shims.cpp	104	107	2			PT-W5c RETIRED (DoSortArm)	void DoSortArm() {}	
LOW	csystem_shims.cpp	131	134	2			PT-W5f RETIRED (InitialDoLockUnloader)	void InitialDoLockUnloader(int /*iAuto*/) {}  // golden csystem.h:258 -- unloader lock cursor reset (real body W7)	
LOW	csystem_shims.cpp	187	255	67			PT-W5c RETIRED (XPitchIsStand)	bool XPitchIsStand()	
LOW	csystem_shims.cpp	261	264	2			PT-W5f RETIRED (DoSiteMappingCHK)	void DoSiteMappingCHK(bool /*bAdd*/) {}	
LOW	csystem_shims.cpp	265	268	2			PT-W5f RETIRED (AutoSiteMappingCheckShuttle)	void AutoSiteMappingCheckShuttle(bool /*bWhich32*/) {}	
LOW	database.h	239	242	2			TODO(wave): explicit BCB6 ctor/dtor -- call sites: database.cpp:43, 1731	_fastcall SYSTEM_MODULAR::SYSTEM_MODULAR();	
LOW	forms/fAirCon.cpp	114	148	33	A-10		GATE (A-10) sbUpdateClick -- golden :35-65. TRANSITIVE: every switch	void TfAirCon::sbUpdateClick(TObject *Sender)	
LOW	forms/fAirCon.cpp	150	165	14	A-1		GATE (A-1) SendCommand -- golden :67-77. SENDS ON THE WIRE	void TfAirCon::SendCommand(AnsiString Str)	
LOW	forms/fAirCon.cpp	167	197	29	A-2		GATE (A-2) InitialAirConCom -- golden :96-120. OPENS A REAL COM PORT	void TfAirCon::InitialAirConCom(AnsiString ComPort, Spcomm::TParity Parity, unsigned Rate,	
LOW	forms/fAirCon.cpp	221	229	7	A-3		GATE (A-3) StartOutput -- golden :139-145. TRANSITIVE on (A-1).	void TfAirCon::StartOutput(bool bEnable)                                        //開啟輸出電壓	
LOW	forms/fAirCon.cpp	231	241	9	A-4		GATE (A-4) SetCurrent -- golden :147-153. TRANSITIVE on (A-1).	void TfAirCon::SetCurrent(double dCurrent)                                      //設定電流	
LOW	forms/fAirCon.cpp	243	248	4	A-5		GATE (A-5) SetCLS -- golden :155-158. TRANSITIVE on (A-1).	void TfAirCon::SetCLS()                                                         //致能輸出電壓	
LOW	forms/fAirCon.cpp	250	255	4	A-6		GATE (A-6) GetStatus -- golden :160-163. TRANSITIVE on (A-1).	void TfAirCon::GetStatus()                                                      //讀取Power狀態	
LOW	forms/fAirCon.cpp	257	262	4	A-7		GATE (A-7) GetCurrent -- golden :165-168. TRANSITIVE on (A-1).	void TfAirCon::GetCurrent()                                                     //讀取電流	
LOW	forms/fBuilder.cpp	407	434	26	B-1		GATE (B-1) Create2DCodeWorkFile -- golden :51-70.  WRITES DISK:	void TfBuilder::Create2DCodeWorkFile()                                          //wei 20160802 add 2DCodeCreateWorkFile	
LOW	forms/fBuilder.cpp	473	478	4	B-1		GATE (B-1) -- customer CC_KYEC_XILINX (Steven 20260925: 客戶專屬條件先跳過)	if(CUSTOMER_CODE==CC_KYEC_XILINX && BAR_CODE_INSTALL==ebctInShtIntel)   //wei 20160802 add 2DCodeCreateWorkFile	
LOW	forms/fBuilder.cpp	837	915	77	B-9		GATE (B-9) bSaveAllFillOrFile -- golden :509-572.  WRITES DISK with the	void TfBuilder::bSaveAllFillOrFile(AnsiString SourceFileFileName, int iFile)	
LOW	forms/fContact.cpp	1485	1505	19	G-CT-ELCONTACT		GATE(G-CT-ELCONTACT) -- golden :373.  `elContact` is HTEditList	elContact->ReadEditTextFromFile(szDir3, "Contact.Data");	
LOW	forms/fContact.cpp	1686	1693	6	G-CT-RTCROI		GATE(G-CT-RTCROI) -- COM2 in this tree is TCOM2Shim (atester_shims.h:371), which carries only bCCDDummyRum / DoReleaseAndInspEnd / ATCAlarmSenCheck.  sRealTimeCom_Send[], rtROIsize (golden rs232.h:139) and SendCommToVisi	if(REAL_TIME_CCD==true && !COM2->bCCDDummyRum)                              //jou 20180724 : 新增RTC ROI size command	
LOW	forms/fCounterSel.cpp	58	92	33	C-1		GATE (C-1) FormShow -- golden :29-54.  HIDDEN WRITE: golden :31	void TfCounterSel::FormShow(TObject *Sender)	
LOW	forms/fCounterSel.cpp	94	159	64	C-2		GATE (C-2) FormClose -- golden :56-109.  FOUR INDEPENDENT GATES:	void TfCounterSel::FormClose()	
LOW	forms/fCounterSel.cpp	161	200	38	C-3		GATE (C-3) CheckFormIni -- golden :111-143.  WRITES DISK:	AnsiString TfCounterSel::CheckFormIni(AnsiString szDir, AnsiString str)	
LOW	forms/fDIOFrom.cpp	163	191	27	I-1		GATE (I-1) FormShow -- golden :24-45.  NO DIALOG PORT: golden :26	void TfDIOFrom::FormShow(TObject *Sender)	
LOW	forms/fDIOFrom.cpp	193	225	31	I-2		GATE (I-2) GetDIOFileName -- golden :47-70.  RESERVED NAME	AnsiString TfDIOFrom::GetDIOFileName()          //Steven 20180626 (wei) : TTL設定存到工作檔裡面	
LOW	forms/fDIOFrom.cpp	301	350	48	I-4		GATE (I-4) spbSaveClick -- golden :191-235.  WRITES DISK: eleven	void TfDIOFrom::spbSaveClick(TObject *Sender)	
LOW	forms/fDIOFrom.cpp	352	364	11	I-5		GATE (I-5) spbLoadClick -- golden :237-246.  NO DIALOG PORT	void TfDIOFrom::spbLoadClick(TObject *Sender)	
LOW	forms/fDIOFrom.cpp	366	380	13	I-6		GATE (I-6) spbDeleteClick -- golden :248-256.  DELETES A FILE:	void TfDIOFrom::spbDeleteClick(TObject *Sender)	
LOW	forms/fDTME08.cpp	367	385	17	E-1		GATE (E-1) -- golden :19-27, the ctor's conditional.	{	
LOW	forms/fDTME08.cpp	387	401	13	E-2		GATE (E-2) NewuDTME08Control -- golden :30-36.  TWO GATES:	void TfrmDTME08::NewuDTME08Control()	
LOW	forms/fDTME08.cpp	403	412	8	E-3		GATE (E-3) AddTempGUI -- golden :38-44.  LINK BOUNDARY (dtme08).	void TfrmDTME08::AddTempGUI()	
LOW	forms/fDTME08.cpp	414	427	12	E-4		GATE (E-4) DrawTempGUI -- golden :46-52.  LINK BOUNDARY:	void TfrmDTME08::DrawTempGUI()	
LOW	forms/fDTME08.cpp	429	439	9	E-5		GATE (E-5) SaveData -- golden :74-79.  TWO GATES: LINK BOUNDARY	void TfrmDTME08::SaveData()	
LOW	forms/fDTME08.cpp	441	451	9	E-6		GATE (E-6) Reload -- golden :81-86.  LINK BOUNDARY (dtme08).	void TfrmDTME08::Reload()	
LOW	forms/fDTME08.cpp	453	481	27	E-7		GATE (E-7) AddSingleView -- golden :112-129.  THREE GATES:	void TfrmDTME08::AddSingleView(TfrmDTME08ScrollBox *ScrollBox1)	
LOW	forms/fDTME08.cpp	483	489	5	E-8		GATE (E-8) btnSetSaveClick -- golden :142-145.  TRANSITIVE on	void TfrmDTME08::btnSetSaveClick(TObject *Sender)	
LOW	forms/fDTME08.cpp	491	520	28	E-9		GATE (E-9) TimerUpdateTimer -- golden :158-176.  TWO GATES:	void TfrmDTME08::TimerUpdateTimer(TObject *Sender)	
LOW	forms/fDTME08.cpp	522	530	7	E-10		GATE (E-10) btnGetPVClick -- golden :193-197.  LINK BOUNDARY	void TfrmDTME08::btnGetPVClick(TObject *Sender)	
LOW	forms/fDTME08.cpp	532	543	10	E-11		GATE (E-11) btnSetATClick -- golden :199-205.  LINK BOUNDARY	void TfrmDTME08::btnSetATClick(TObject *Sender)	
LOW	forms/fDTME08.cpp	545	551	5	E-12		GATE (E-12) btnGetSVClick -- golden :207-211.  LINK BOUNDARY (dtme08).	void TfrmDTME08::btnGetSVClick(TObject *Sender)	
LOW	forms/fDTME08.cpp	553	566	12	E-13		GATE (E-13) btnSetSVClick -- golden :213-221.  LINK BOUNDARY (dtme08).	void TfrmDTME08::btnSetSVClick(TObject *Sender)	
LOW	forms/fDTME08.cpp	568	574	5	E-14		GATE (E-14) btnGetStatusClick -- golden :223-227.  LINK BOUNDARY.	void TfrmDTME08::btnGetStatusClick(TObject *Sender)	
LOW	forms/fDTME08.cpp	576	601	24	E-15		GATE (E-15) DoSendCommandByManual -- golden :229-250.  LINK BOUNDARY	bool TfrmDTME08::DoSendCommandByManual(bool bIsFirst, int iStation)	
LOW	forms/fDTME08.cpp	603	610	6	E-16		GATE (E-16) GetTargetCh -- golden :252-256.  TRANSITIVE on	void TfrmDTME08::GetTargetCh(int ich)	
LOW	forms/fDTME08.cpp	612	625	12	E-17		GATE (E-17) SetSingleCommand -- golden :258-264.  TWO GATES:	void TfrmDTME08::SetSingleCommand(TPointVoidDoCommand tcdc, int ich)	
LOW	forms/fDTME08.cpp	627	635	7	E-18		GATE (E-18) GetStationAndNumber -- golden :266-270.  LINK BOUNDARY	void TfrmDTME08::GetStationAndNumber(int iCh, int &iStation, int &iNumber)	
LOW	forms/fDTME08.cpp	637	643	5	E-19		GATE (E-19) btnReloadClick -- golden :277-280.  TRANSITIVE on	void TfrmDTME08::btnReloadClick(TObject *Sender)	
LOW	forms/fDTME08.cpp	645	687	41	E-20		GATE (E-20) DoManualProcess -- golden :282-320.  LINK BOUNDARY	bool TfrmDTME08::DoManualProcess()	
LOW	forms/fDTME08.cpp	689	700	10	E-21		GATE (E-21) FormShow -- golden :322-328.  TRANSITIVE on DrawTempGUI	void TfrmDTME08::FormShow(TObject *Sender)	
LOW	forms/fDTME08.cpp	702	710	7	E-22		GATE (E-22) SetSP -- golden :336-339.  LINK BOUNDARY:	void TfrmDTME08::SetSP(int iCh,double SV,AnsiString Event)	
LOW	forms/fDTME08.cpp	712	720	7	E-23		GATE (E-23) SetPV -- golden :341-345.  LINK BOUNDARY:	void TfrmDTME08::SetPV(int iCh,double PV,AnsiString Event)	
LOW	forms/fDTME08.cpp	722	731	8	E-24		GATE (E-24) SetATStatus -- golden :347-350.  LINK BOUNDARY:	void TfrmDTME08::SetATStatus(int iCh,bool bOn)	
LOW	forms/fDTME08.cpp	733	757	23	E-25		GATE (E-25) InitialDoSetSensorType -- golden :352-369.  LINK BOUNDARY	void TfrmDTME08::InitialDoSetSensorType(int iStation)	
LOW	forms/fDTME08.cpp	759	771	11	E-26		GATE (E-26) InitialDoSetAllAT -- golden :371-380.  LINK BOUNDARY.	void TfrmDTME08::InitialDoSetAllAT(int iStation)	
LOW	forms/fDTME08.cpp	773	790	16	E-27		GATE (E-27) InitialDoSetAllSV -- golden :382-395.  LINK BOUNDARY.	void TfrmDTME08::InitialDoSetAllSV(int iStation)	
LOW	forms/fDTME08.cpp	792	803	10	E-28		GATE (E-28) InitialDoSetCycleTime -- golden :397-406.  LINK BOUNDARY.	void TfrmDTME08::InitialDoSetCycleTime(int iStation)	
LOW	forms/fDTME08.cpp	805	817	11	E-29		GATE (E-29) InitialDoSetControlActionOut2 -- golden :408-417.	void TfrmDTME08::InitialDoSetControlActionOut2(int iStation)	
LOW	forms/fDTME08.cpp	819	844	24	E-30		GATE (E-30) InitialSetting -- golden :419-441.  TRANSITIVE on the	void TfrmDTME08::InitialSetting(int iStation)	
LOW	forms/fDTME08.cpp	846	867	20	E-31		GATE (E-31) SetSettingSV -- golden :452-460.  TWO INDEPENDENT GATES:	void TfrmDTME08::SetSettingSV(int iCh, double dTemp)	
LOW	forms/fDTME08.cpp	869	1079	209	E-32		GATE (E-32) DoDTME08Cycle -- golden :475-676 (202L, 29% of this file).	void TfrmDTME08::DoDTME08Cycle()	
LOW	forms/fFixAICCD.cpp	49	56	6	G-FX-BGALIGHT		GATE(G-FX-BGALIGHT) -- golden :514.  scrBGALightValue is a golden	scrBGALightValue->Position=TestIF_File.iBGALightScrPos;                     //打開原設定的光源	
LOW	forms/fGroundMan.cpp	126	139	12	REGISTER		wave either adds an ht9045_forms->ht9045_db edge or mirrors / iGroundManScanPoint into something ht9045_forms can reach. See / header GATE REGISTER (GM-0).	if(HSys.iGroundManScanPoint==0)  //JerryYang 20210428 : Add 28點接地功能	
LOW	forms/fGroundMan.cpp	146	148	1			write-back into the shared D:\HT9045\system\GroundMan.ini). Not / declared/defined; the call is gated in place. See header GATE / REGISTER (GM-1).	ReadGroundOffset();	
LOW	forms/fGroundMan.cpp	183	237	53			iGroundManScanPoint==2 branch) are kept as literal comments below, / matching golden's own dead-but-visible authorial intent (header / GOLDEN NOTE (G-GM2)).	if(HSys.iGroundManScanPoint==0) // 8點接地	
LOW	forms/fGroundMan.cpp	329	331	1			is set true only by Init_GM_RS232 (also excluded), so this branch / never executes today regardless of the gate -- see header GATE / REGISTER (GM-2).	DoGroundMasterMonitor();	
LOW	forms/fGroundMan.cpp	366	373	6	REGISTER		gated in place -- ReStart() is a no-op while this gate is closed / (matches golden's own SOFT_SIMULTE branch shape above). See header / GATE REGISTER (GM-3).	if(USE_GROUND_MAN)	
LOW	forms/fHome.cpp	488	503	14	W906-HOME-C1-LEDHOME		GATE(W906-HOME-C1-LEDHOME): 缺相依，見上面的就地註解	if(HomeClass[index]->Visible==true)	
LOW	forms/fLd_ULd.cpp	201	248	46	L-2		GATE (L-2) FormShow -- golden :87-129.  TRANSITIVE on TWO gated	void TfLd_ULd::FormShow(TObject *Sender)	
LOW	forms/fLd_ULd.cpp	250	259	8	L-4		GATE (L-4) LoadImage -- golden :137-141.  MISSING TYPE: Image1/Image2	void TfLd_ULd::LoadImage()	
LOW	forms/fLd_ULd.cpp	261	278	16	L-5		GATE (L-5) ReadFile -- golden :143-154.  LINK BOUNDARY: elUdUld's  [AI(W906-T4-U35) 20260924: 已由 cLd_ULd.cpp 接手並啟用，此處保留為史料]	void TfLd_ULd::ReadFile()	
LOW	forms/fLd_ULd.cpp	280	292	11	L-6		GATE (L-6) DoIniDataToForm -- golden :156-162.  LINK BOUNDARY, same	void TfLd_ULd::DoIniDataToForm()	
LOW	forms/fLd_ULd.cpp	294	307	12	L-3		GATE (L-3) FormClose -- golden :170-177.  TRANSITIVE via ReadFile()	void TfLd_ULd::FormClose()	
LOW	forms/fLd_ULd.cpp	309	354	44	L-7		GATE (L-7) spbSaveClick -- golden :179-202.  THREE INDEPENDENT GATES:	void TfLd_ULd::spbSaveClick(TObject *Sender)	
LOW	forms/fLd_ULd.cpp	356	379	22	L-8		GATE (L-8) SaveSetupFile -- golden :206-216.  TWO INDEPENDENT GATES:	void TfLd_ULd::SaveSetupFile(AnsiString szDir, AnsiString S)	
LOW	forms/fLogin.cpp	83	85	1	REGISTER		ScreenkeyboardShow()` has no port anywhere in this tree / (forms/fProductionInfo.h declares no such member). See header / GATE REGISTER (LG-1).	fProductionInfo->ScreenkeyboardShow();	
LOW	forms/fLotInfo.cpp	506	568	61	REGISTER		ATCPtr[32]/edSocket[4][8]/SocketSiteCH_Display[][]/ / SocketLabCol_Display[]/SocketLabRow_Display[] named-widget wiring / block. See forms/fLotInfo.h GATE REGISTER WB-19.	ESD_DataPtr[ 0]=pl_ESDProx1_1; ESD_DataPtr[ 1]=pl_ESDProx1_2; ESD_DataPtr[ 2]=pl_ESDProx1_3;	
LOW	forms/fLotInfo.cpp	757	759	1	REGISTER		`fContact` (a golden TfContact*, distinct from the real fContactCT/ / TfContactCT this tree already ports) has no port anywhere in this tree. / See forms/fLotInfo.h GATE REGISTER WA-1.	cbContactMode->ItemIndex=fContact->cbContactMode->ItemIndex;	
LOW	forms/fLotInfo.cpp	1010	1047	36	REGISTER		table write to D:\HT9045\config\AirStream.ini. See forms/fLotInfo.h / GATE REGISTER WA-2 (config\ is a shared production-machine runtime / parameter directory, default read-only per AGENTS.md/CLAUDE.md).	if(!tIni->ValueExists("Temp_Index", "-60~-51"))	
LOW	forms/fLotInfo.cpp	1221	1227	5			(vclcompat::TGroupBox has no Controls[]/ControlCount surface; / adding one is a shared-header change outside this wave's write / boundary).	for(int i=0; i<groupbDownloadItem->ControlCount; i++)	
LOW	forms/fLotInfo.cpp	1335	1394	58	T1		fTemperFrom.h's own GATE (T1). RECON's "verified fully" call on this / function (docs/RECON_uLotInfo_displayside.md row #156) was wrong on / both counts -- see this wave's final report.	palAirMachineStatus              ->Caption = ATC_InterfaceForm->AirMachineInfo.asATC_AirMachineStatus;	
LOW	forms/fLotInfo.cpp	1446	1448	1	WA-5		AI(W906-FW3-LotInfo-WA) 20260819: GATE WA-5 -- ATC_OFFLINE_FormComInit() / is RECON Tier 2 (unverified), not one of this wave's 39 Tier-1 methods. / See forms/fLotInfo.h GATE REGISTER WA-5.	ATC_OFFLINE_FormComInit();	
LOW	forms/fLotInfo.cpp	1903	1908	4	WA-7		AI(W906-FW3-LotInfo-WA) 20260819: GATE WA-7 -- see forms/fLotInfo.h / GATE REGISTER WA-7 (fBarCode->JCETUseMakeWhite2DIDList(), already gated / tree-wide at Public/MyProductionRecord.cpp:1198 GATE G-1).	if(fBarCode->JCETUseMakeWhite2DIDList()==true)	
LOW	forms/fLotInfo.cpp	1912	1917	4	WA-7		GATE WA-7, see cbRunModeKeyDown above	if(fBarCode->JCETUseMakeWhite2DIDList()==true)	
LOW	forms/fLotInfo.cpp	2010	2012	1	REGISTER		GATE REGISTER WA-9 (fTesterTCP has no port anywhere in this tree -- / Interface/TesterTCP.h's own banner: "NOT a TfTesterTCP class or facade / at all, only free functions").	fTesterTCP->Show();	
LOW	forms/fLotInfo.cpp	2105	2185	79	WB-1		AI(W906-FW3-LotInfo-WB) 20260819: GATE WB-1 -- see forms/fLotInfo.h / GATE REGISTER WB-1 (TImage/TCanvas have no port anywhere in this tree).	imgRTCFullView1->Visible=true;	
LOW	forms/fLotInfo.cpp	2207	2209	1	CLIP		GATE (CLIP) -- VCL Clipboard() 在本樹零 port（與下方 SCC 分支同一個 gate）	Clipboard()->Clear();	
LOW	forms/fLotInfo.cpp	2216	2218	1	CLIP		GATE (CLIP) -- VCL Clipboard() has no port anywhere in this tree (grep 20260825)	Clipboard()->Clear();	
LOW	forms/fLotInfo.cpp	2251	2274	22	WB-3		AI(W906-FW3-LotInfo-WB) 20260819: GATE WB-3 -- see forms/fLotInfo.h / GATE REGISTER WB-3 (fBarCode has SOME port but none of these 4 members).	if(TestIF_File.bEnableBarCode)	
LOW	forms/fLotInfo.cpp	2367	2372	4	WB-6		AI(W906-FW3-LotInfo-WB) 20260819: GATE WB-6 -- see forms/fLotInfo.h / GATE REGISTER WB-6 (fOCR->OCRChangeFile() does not exist on TfOCR).	int ret;	
LOW	forms/fLotInfo.cpp	2384	2386	1	CLIP		GATE (CLIP) -- VCL Clipboard() has no port anywhere in this tree (grep 20260825)	Clipboard()->Clear();	
LOW	forms/fLotInfo.cpp	2641	2646	4	WB-12		AI(W906-FW3-LotInfo-WB) 20260819: GATE WB-12 -- see forms/fLotInfo.h / GATE REGISTER WB-12 (the SAME golden call Wave A's WA-7 already gates).	if(fBarCode->JCETUseMakeWhite2DIDList()==true)                              //RogerYang 20251202 : JCET 2D FT1白名單/FT2比對功能	
LOW	forms/fLotInfo.cpp	2655	2677	21	WB-13		AI(W906-FW3-LotInfo-WB) 20260819: GATE WB-13 -- see forms/fLotInfo.h / GATE REGISTER WB-13 (the guard itself needs the WA-7/WB-12-gated / fBarCode member, so there is no independent real branch to keep).	if(CUSTOMER_CODE==CC_JCET && fBarCode->JCETUseMakeWhite2DIDList()==true)	
LOW	forms/fLotInfo.cpp	2701	2724	22	REGISTER		GATE REGISTER WB-14 (fMesSystem has no port at all; ShowErrorMessage is / a real alarm-raise). Gated body returns true, golden's own initial/ / conservative "no violation detected" value.	bool flag=true;	
LOW	forms/fLotInfo.cpp	2770	2792	21	WB-16		AI(W906-FW3-LotInfo-WB) 20260819: GATE WB-16 -- see forms/fLotInfo.h / GATE REGISTER WB-16 (ATC_InterfaceForm exposes only iATC_MODE_TYPE, / same finding as Wave A's WA-6).	if(iATCOnLine==0 || ATC_InterfaceForm->IsConnect()==false)	
LOW	forms/fLotInfo.cpp	2804	2884	79	WB-17		AI(W906-FW3-LotInfo-WB) 20260819: GATE WB-17 -- see forms/fLotInfo.h / GATE REGISTER WB-17 (both arms need ATC_InterfaceForm members absent / from the 1-member shim, same finding as WB-16/WA-6).	char strRefrigeratorAllStatu[8][40];	
LOW	forms/fLotInfo.cpp	3009	3011	1	WB-18		AI(W906-FW3-LotInfo-WB) 20260819: GATE WB-18 -- see forms/fLotInfo.h / GATE REGISTER WB-18 (CheckAMRAction() is RECON item #206, (b) / write-path, not part of this wave's 39 Tier-2 methods).	CheckAMRAction();	
LOW	forms/fLotInfo.cpp	3136	3138	1	WC-2		AI(W906-FW3-LotInfo-WC) 20260819: GATE WC-2 -- see forms/fLotInfo.h / GATE REGISTER WC-2 (cbPATModeChange() is RECON item #169, (b) / write-path dispatcher, not yet translated).	cbPATModeChange(cbPATMode);	
LOW	forms/fLotInfo.cpp	3195	3198	2	WC-4		AI(W906-FW3-LotInfo-WC) 20260819: GATE WC-4 -- see forms/fLotInfo.h / GATE REGISTER WC-4 (FormBarcodeReader has no port anywhere in this / tree; PopupMenu is also not a modeled TControl property).	edtSysLotID->PopupMenu=FormBarcodeReader->pmBarcode;	
LOW	forms/fLotInfo.cpp	3257	3259	1	WC-6		AI(W906-FW3-LotInfo-WC) 20260819: GATE WC-6 -- see forms/fLotInfo.h / GATE REGISTER WC-6 (TFileListBox derives from bare TObject, no / ->Visible member).	FileListBox1->Visible       =false;	
LOW	forms/fLotInfo.cpp	3281	3283	1	WC-5		AI(W906-FW3-LotInfo-WC) 20260819: GATE WC-5 -- see forms/fLotInfo.h / GATE REGISTER WC-5 (btnSaveClick() is RECON item #38, (b) / write-path, WriteIniData x19 inside).	btnSaveClick(this);                                                     //JerryYang 20180212 (Steven) SPIL要求鎖死不得修改	
LOW	forms/fLotInfo.cpp	3311	3313	1	WC-5		AI(W906-FW3-LotInfo-WC) 20260819: GATE WC-5 (2nd call site) --	btnSaveClick(this);	
LOW	forms/fLotInfo.cpp	3359	3370	10	WC-7		AI(W906-FW3-LotInfo-WC) 20260819: GATE WC-7 -- see forms/fLotInfo.h / GATE REGISTER WC-7 (TImage/TCanvas have zero port anywhere in this / tree, same established WB-1 finding, re-confirmed 20260819).	if(MachineTypeChoice==Type_HT9046_LS)                                       //2013-01-15    Dell	
LOW	forms/fLotInfo.cpp	3421	3423	1	WC-9		AI(W906-FW3-LotInfo-WC) 20260819: GATE WC-9 -- see forms/fLotInfo.h / GATE REGISTER WC-9 (mtBarcodeSetDefaultView has no port anywhere in / this tree).	fBarCode->mtBarcodeSetDefaultView();	
LOW	forms/fLotInfo.cpp	3485	3501	15	REGISTER		GATE REGISTER WC-21 (edtSysLotID/labLotID/edtDevice/labDeviceName/ / btnFTPDownLoadbyDeviceID geometry + fTesterTCP->rgUnloader, all / unavailable/unverified this wave).	if(CUSTOMER_CODE==CC_JSCC_OS)                                               //RogerYang 20260127 : Add For JSCC_OS download by Device list	
LOW	forms/fLotInfo.cpp	3555	3557	1	WC-12		AI(W906-FW3-LotInfo-WC) 20260819: GATE WC-12 -- see forms/fLotInfo.h / GATE REGISTER WC-12 (pgcLotInfo is the stock TPageControl, no / ->ActivePage pointer member).	pgcLotInfo->ActivePage=tsVTest;	
LOW	forms/fLotInfo.cpp	3616	3618	1	WC-13		AI(W906-FW3-LotInfo-WC) 20260819: GATE WC-13 -- see forms/fLotInfo.h / GATE REGISTER WC-13 (control re-parenting via ->Parent= has no / model anywhere in vclcompat/Controls.h).	edtProcessName->Parent=tsVTest;	
LOW	forms/fLotInfo.cpp	3624	3626	1				edtProduct->Parent=tsVTest;	
LOW	forms/fLotInfo.cpp	3635	3638	2	WC-14		AI(W906-FW3-LotInfo-WC) 20260819: GATE WC-14 -- see forms/fLotInfo.h / GATE REGISTER WC-14 (sbSECSLotStart/sbSECSLotEnd are Wave A/B / TSpeedButton* members with no geometry field).	sbSECSLotStart->Top=lbLotRunMode->Top+lbLotRunMode->Height+55;	
LOW	forms/fLotInfo.cpp	3649	3651	1	WC-15		AI(W906-FW3-LotInfo-WC) 20260819: GATE WC-15 -- see forms/fLotInfo.h / GATE REGISTER WC-15 (WriteIniData embedded write-path, same class / as WC-1/WC-2/WC-5).	WriteIniData(AuthPath+"Security_new.def", "Network", "Temp Offset",     false);	
LOW	forms/fLotInfo.cpp	3654	3656	1				WriteIniData(AuthPath+"Security_new.def", "Network", "Auto Clean",     false);	
LOW	forms/fLotInfo.cpp	3720	3741	20	REGISTER		forms/fLotInfo.h GATE REGISTER WC-11 (guard `bFlag` depends / entirely on the WA-7-gated fBarCode-> / JCETUseMakeWhite2DIDList()).	bool bFlag=false;	
LOW	forms/fLotInfo.cpp	3834	3836	1	WC-28		AI(W906-FW3-LotInfo-WC) 20260819: GATE WC-28 -- see forms/fLotInfo.h / GATE REGISTER WC-28 (BtnPause is TfMainSpeedButton*, no ->Visible).	BtnPause->Visible=false;	
LOW	forms/fLotInfo.cpp	3858	3860	1	WC-28		AI(W906-FW3-LotInfo-WC) 20260819: GATE WC-28 (2nd site) --	BtnPause->Visible=false;	
LOW	forms/fLotInfo.cpp	3865	3867	1	WC-28		AI(W906-FW3-LotInfo-WC) 20260819: GATE WC-28 (3rd site) --	BtnPause->Visible=(CUSTOMER_CODE==CC_FOREHOPE_NINGBO);                  //Steven 20251125 : change	
LOW	forms/fLotInfo.cpp	3942	3945	2	WC-22		AI(W906-FW3-LotInfo-WC) 20260819: GATE WC-22 -- see / forms/fLotInfo.h GATE REGISTER WC-22 (edtSysLotID is a Wave / A/B member with no geometry field).	edtSysLotID->Width=150;	
LOW	forms/fLotInfo.cpp	3977	3979	1	WC-23		AI(W906-FW3-LotInfo-WC) 20260819: GATE WC-23 -- see / forms/fLotInfo.h GATE REGISTER WC-23 (TLabel carries no Font / member).	labQACount->Font->Size=8;	
LOW	forms/fLotInfo.cpp	4001	4024	22	WC-18		AI(W906-FW3-LotInfo-WC) 20260819: GATE WC-18 -- see forms/fLotInfo.h / GATE REGISTER WC-18 (myInShuttleLotInfo/mtBarcodeInShLotInfo are not / members of any ported TfLotInfo instance anywhere in this tree).	myInShuttleLotInfo->SetColorMap(0, TColor(0x00DFD9CC));	
LOW	forms/fLotInfo.cpp	4042	4044	1	WC-19		AI(W906-FW3-LotInfo-WC) 20260819: GATE WC-19 -- SAFETY RED LINE, / SetLotStart is the 399-line SECS Lot-Start main control function / (RECON #10); not re-evaluated.	tmrChamberBoost->Enabled=(CosFunction.bUseChamberBoostMode);                //Steven 20191128 : Chamber Boost Function	
LOW	forms/fLotInfo.cpp	4046	4048	1				SetLotStart("fLotInfo::FormShow", true);                                    //Steven 20250515 : 整合Open Short測試報表	
LOW	forms/fLotInfo.cpp	4056	4084	27	WC-20		-- S32 (golden :1166-1192) -- WC-20 gates the whole segment (SAFETY) -- / AI(W906-FW3-LotInfo-WC) 20260819: GATE WC-20 -- SAFETY RED LINE, / critical-para access-control + audit-flag cluster; not re-evaluated.	if(edtSysLotID->Text!="" ||	
LOW	forms/fLotInfo.cpp	4127	4129	1	WC-16		AI(W906-FW3-LotInfo-WC) 20260819: GATE WC-16 -- see forms/fLotInfo.h / GATE REGISTER WC-16 (ReadWriteFTPAutomationData has zero port anywhere / in this tree, overturning recon's own S34 note).	ReadWriteFTPAutomationData(true);                                           //KaiChen 20190530 ：Sigurd FTP Automation	
LOW	forms/fLotInfo.cpp	4137	4140	2	WC-17		AI(W906-FW3-LotInfo-WC) 20260819: GATE WC-17 -- see forms/fLotInfo.h / GATE REGISTER WC-17 (FrmAOI carries only bSimulateTopBtm, no / AOIFailCountRefresh() method).	if(USE_Scanner_AOI_Inspection==(int)eBtnAOI_TopBottomInstall && IniConfig.bA74AOIFailCountLinkLotRunMode)	
LOW	forms/fLotInfo.cpp	4241	4243	1	REGISTER		GATE REGISTER WC-26 (fOCR->sTesterLotId lives only on OCRInsp.cpp's / TU-local shim, unreachable here -- same TfOCR shape as WB-6, a / different absent member).	lblTester_LotID->Caption= fOCR->sTesterLotId;	
LOW	forms/fLotInfo.cpp	4574	4576	1	D		GATE D (same target, same reason, 5 other golden call sites).  The / guard is kept real and the body empty so the shape stays diffable / against golden.	fCleaning->ChangeACSmartInterval(2, "RefreshYieldMonitor");             //Sam 20240726 : AI Clean	
LOW	forms/fLotInfo.cpp	4637	4692	54			(golden could clear it for out-of-range KYEC/KLT head numbers).  A / narrowing, not a divergence.  Note golden's own first arm body is a / round trip through a local, i.e. already a no-op on the widget.	if(TrayForm.bEnableAMR ||                                               //Eastsun 20260515 F010 AMR/AGV Operator ID	
LOW	forms/fLotInfo.cpp	5247	5261	13	W906-LOT-W1-JCET2DID		GATE (W906-LOT-W1-JCET2DID): 缺相依 TfBarCode::JCETUseMakeWhite2DIDList（既有慣例 G-1 / WA-7）	if(fBarCode->JCETUseMakeWhite2DIDList()==true)                          //RogerYang 20251208 : JCET 2D FT1白名單/FT2比對功能	
LOW	forms/fLotInfo.cpp	5294	5300	5	W906-LOT-W1-JCET2DID		GATE (W906-LOT-W1-JCET2DID): 缺相依 TfBarCode::JCETUseMakeWhite2DIDList	if(fBarCode->JCETUseMakeWhite2DIDList()==true)                          //RogerYang 20251208 : JCET 2D FT1白名單/FT2比對功能	
LOW	forms/fLotInfo.cpp	5463	5465	1	W906-LOT-W1-SLEVENTLOG		GATE (W906-LOT-W1-SLEVENTLOG): 缺相依 —— slEventLog 從未建構（cmydef.cpp:120 裸指標）	slEventLog->SetLotData(RunInfo.LotNo, lbledtStarTime->Text, edtLotEventLogName->Text);	
LOW	forms/fLotInfo.cpp	5482	5484	1	W906-LOT-W1-SLEVENTLOG		GATE (W906-LOT-W1-SLEVENTLOG): 缺相依 —— slEventLog 從未建構	slEventLog->SetLotData(RunInfo.LotNo, lbledtStarTime->Text);            //KaiChen 20181121 ：矽格-北興 Save Lot Info	
LOW	forms/fLotInfo.cpp	5513	5537	23	W906-LOT-W1-DOFTRT		GATE (W906-LOT-W1-DOFTRT): 缺相依 TfMain::DoFTRTClick	if(cbRunMode->Text.AnsiPos("RT")==1)	
LOW	forms/fLotInfo.cpp	5625	5627	1	W906-LOT-W1-BARCODE		GATE (W906-LOT-W1-BARCODE): 缺相依 TfBarCode::Change2DSetupFile	fBarCode->Change2DSetupFile();	
LOW	forms/fLotInfo.cpp	5650	5671	20	W906-LOT-W1-TESTERTCP		GATE (W906-LOT-W1-TESTERTCP)	if(iRunStartMode==RT)	
LOW	forms/fLotInfo.cpp	5673	5675	1	W906-LOT-W1-PTITRACE		GATE (W906-LOT-W1-PTITRACE): 同上	WritePTILotStartTrace(this, "AfterTesterTCPSend", "Commands queued to TesterTCP");	
LOW	forms/fLotInfo.cpp	5688	5690	1	W906-LOT-W1-SAVEOPID		GATE (W906-LOT-W1-SAVEOPID): 缺相依 SaveLotOperatorID（golden uLotInfo.cpp:8547）	SaveLotOperatorID(fLotInfo->edtSysLotID->Text.c_str(), fLotInfo->edtSysOperatorID->Text.c_str(), false);	
LOW	forms/fLotInfo.cpp	5715	5717	1	W906-LOT-W1-SORTCTCLEAR		GATE (W906-LOT-W1-SORTCTCLEAR): 缺相依 TfSortCT::btnClearCountClick	fSortCT->btnClearCountClick(fSortCT);	
LOW	forms/fLotInfo.cpp	5754	5756	1	W906-LOT-W1-TESTRECVCNT		GATE (W906-LOT-W1-TESTRECVCNT): 缺相依 TfObserver::iTestReceiveTimeCount	fObserver->iTestReceiveTimeCount=0;                                     //KaiChen 20171127 (Steven) ：超豐 OEE 新增 Test Time、Index Time	
LOW	forms/fLotInfo.cpp	5776	5778	1	W906-LOT-W1-BARCODE		GATE (W906-LOT-W1-BARCODE): 缺相依 TfBarCode::InitBarcodeRecFile	fBarCode->InitBarcodeRecFile();	
LOW	forms/fLotInfo.cpp	5795	5801	5	W906-LOT-W1-MAINPANELS		GATE (W906-LOT-W1-MAINPANELS): 缺相依 TfMain::cbRunStartMode/palFT/palRT/palOffLine/palEQC	fMain->cbRunStartMode->Enabled=false;	
LOW	forms/fLotInfo.cpp	5834	5943	108	W906-LOT-W1-SLTSUMMARY		GATE (W906-LOT-W1-SLTSUMMARY)	if(IniConfig.bA38_SLT_Summary)                                              //JerryYang 20220923 : add for SLT lot summary	
LOW	forms/fLotInfo.cpp	6689	6704	14	W906-PROD-S117-S25-KYEC-PANTHER		GATE (W906-PROD-S117-S25-KYEC-PANTHER)	if(CUSTOMER_CODE==CC_KYEC_LEE)	
LOW	forms/fLotInfo.cpp	6715	6717	1	W906-PROD-S117-ATKAMR		GATE (W906-PROD-S117-ATKAMR)	if(fAGV->bATK_AMR_DoLotEndSent==false)                                  //AI(general) 20260402 (RogerYang) : ATK AMR 已提前送過則跳過	
LOW	forms/fLotInfo.cpp	6719	6722	2	W906-PROD-S117-ATKAMR		GATE (W906-PROD-S117-ATKAMR)	if(fAGV->IsATK_AMR()==true)                                         //AI(ht9045-atk-amr-flow) 20260820 (RogerYang) : 標準路徑補送時亦填 SV38316	
LOW	forms/fLotInfo.cpp	6725	6729	3	W906-PROD-S117-ATKAMR		GATE (W906-PROD-S117-ATKAMR)	fAGV->bATK_AMR_DoLotEndSent=false;                                      //AI(general) 20260402 (RogerYang) : 不論有無送出都重設旗標	
LOW	forms/fLotInfo.cpp	6737	6742	4	W906-PROD-S117-TESTERTCP		GATE (W906-PROD-S117-TESTERTCP)	if(TestIF.iTestType==TCP_IP_MODE)                                           //Steven 20230213 : For SJSemi OS Tester	
LOW	forms/fLotInfo.cpp	6749	6873	123	W906-PROD-S117-S25-PTI		GATE (W906-PROD-S117-S25-PTI)	if(CUSTOMER_CODE==CC_PTI &&                                                 //Sam 20170502 (wei) 力成按下 "Lot End" 後即 JamAlarmLogTxt LotId 資料夾所	
LOW	forms/fLotInfo.cpp	6879	6887	7	W906-PROD-S117-S25-B03		GATE (W906-PROD-S117-S25-B03)	if(IniConfig.bB03_TesterReport)                                             //Sam 20231115 : PTI 新增 Tester report	
LOW	forms/fLotInfo.cpp	6892	6895	2	W906-PROD-S117-S25-TSMC		GATE (W906-PROD-S117-S25-TSMC)	if(CUSTOMER_CODE==CC_TSMC_TAINAN)	
LOW	forms/fLotInfo.cpp	6902	6906	3	W906-PROD-S117-BCIR		GATE (W906-PROD-S117-BCIR)	fBarCode->SaveInspReportEnd(asATCEvenLotID, GetLastOpenFN());                              //Sam 20240426 : Add BarCoder Inspection Report	
LOW	forms/fLotInfo.cpp	6912	6932	19	W906-PROD-S117-S25-HSLOG		GATE (W906-PROD-S117-S25-HSLOG)	if(CosFunction.bUseLogUploadToFTPFunction==true)	
LOW	forms/fLotInfo.cpp	6938	6959	20	W906-PROD-S117-S25-OEE		GATE (W906-PROD-S117-S25-OEE)	if(CosFunction.bOEEFunction)                                                //Steven 20180417 (Jou) : OEE功能	
LOW	forms/fLotInfo.cpp	7001	7051	49	W906-PROD-S117-S25-VTEST		GATE (W906-PROD-S117-S25-VTEST)	if(IniConfig.bVTESTFunction==true)	
LOW	forms/fLotInfo.cpp	7057	7069	11	W906-PROD-S117-S25-UTAC		GATE (W906-PROD-S117-S25-UTAC)	if(CUSTOMER_CODE==CC_UTAC)                                                  //Richard 20220929 :Add for UTAC Lot Start/End 0xC0	
LOW	forms/fLotInfo.cpp	7076	7078	1	W906-PROD-S117-S25-GROUNDESD		GATE (W906-PROD-S117-S25-GROUNDESD)	SaveGroundESDByLot(RunInfo.LotNo, edCustomerLotId->Text, coStation->Text, edStationNum->Text);                      //Sam 20211223 : 每顆 IC 測	
LOW	forms/fLotInfo.cpp	7098	7101	2	W906-PROD-S117-S25-LEADYO		GATE (W906-PROD-S117-S25-LEADYO)	if(CUSTOMER_CODE==CC_LEADYO && IniConfig.bN33_UpLoadOCRBinLogByNet)         //KenHsieh 20230502 : 利揚要求上傳OCR + BIN Log上傳至Host	
LOW	forms/fLotInfo.cpp	7107	7112	4	W906-LOT-W1-JCET2DID		GATE (W906-LOT-W1-JCET2DID)	if(fBarCode->JCETUseMakeWhite2DIDList()==true)                              //RogerYang 20251202 : JCET 2D FT1白名單/FT2比對功能	
LOW	forms/fLotInfo.cpp	7143	7145	1	W906-LOT-W1-SLEVENTLOG		GATE (W906-LOT-W1-SLEVENTLOG): 缺相依 —— slEventLog 從未建構	slEventLog->SetLotData(RunInfo.LotNo, lbledtStarTime->Text);                //KaiChen 20181121 ：矽格-北興 Save Event Log by Lot ID	
LOW	forms/fLotInfo.cpp	7183	7185	1	W906-PROD-S117-RSM		GATE (W906-PROD-S117-RSM)	SetRunStartMode((eRunStartMode)LastSet.iRunStartMode);	
LOW	forms/fLotInfo.cpp	7195	7197	1	W906-PROD-S117-RSM		GATE (W906-PROD-S117-RSM): golden :1412，同上	SetRunStartMode((eRunStartMode)LastSet.iRunStartMode);	
LOW	forms/fLotInfo.cpp	7217	7222	4	W906-PROD-S117-OEEASK		GATE (W906-PROD-S117-OEEASK)	if(Application->MessageBox("Are You Sure End Lot?", "End Lot?", MB_YESNO)!=IDYES)	
LOW	forms/fLotInfo.cpp	7233	7239	5	W906-PROD-S117-MAINPANELS		GATE (W906-PROD-S117-MAINPANELS)	fMain->cbRunStartMode->Enabled=true;	
LOW	forms/fLotInfo.cpp	7247	7249	1	W906-PROD-S117-S25-VTEST		GATE (W906-PROD-S117-S25-VTEST)	bVTESTKitCheckPending=false;                                                //AI(ht9045-config) 20260710 (RogerYang) : 清除旗標	
LOW	forms/fMain.cpp	786	790	3	W906-HOME-W1-ENGSITE		GATE (W906-HOME-W1-ENGSITE): 缺相依 sbEngSite（活的樹 0 命中；同 W906-ST-W1-J）	sbEngSite->Down=false;                                                      //Alick 20160926 add	
LOW	forms/fMain.cpp	808	812	3	W906-HOME-W1-CONTACTJOG		GATE (W906-HOME-W1-CONTACTJOG): 全域 fContact 是樁型別，沒有這個 widget	fContact->plIndexArmJogMove->Visible=false;                                 //Ifor 20210713 add:	
LOW	forms/fMain.cpp	825	829	3	W906-HOME-W1-WINKEYBOARD		GATE (W906-HOME-W1-WINKEYBOARD): 全域 FormHS 是樁型別；真方法本身也還閘著	FormHS->CloseWindowsKeyboard();                                             //Ifor 20190920 : add 關閉 Windows 小鍵盤	
LOW	forms/fMain.cpp	853	870	16	W906-HOME-W1-CPUNAME		GATE (W906-HOME-W1-CPUNAME): 缺相依 TRegistry（vclcompat 未移植登錄檔包裝）	if(bDoCheckCPUName==true)	
LOW	forms/fMain.cpp	946	950	3	W906-HOME-W1-BTNHOME		GATE (W906-HOME-W1-BTNHOME): 缺相依 BtnHome（活的樹 0 命中，只在 dfm2rc 版面表裡）	BtnHome->Down=false;	
LOW	forms/fMain.cpp	992	996	3	W906-HOME-W1-PSM		GATE (W906-HOME-W1-PSM): 缺相依 tPSM（活的樹 0 命中；同 W906-ST-W5-D）	tPSM.Restart();	
LOW	forms/fMain.cpp	1107	1114	6			AI(W906-D1) 20260928 (St02-E): golden 原文留著對照（:1113 經 W906_CtcD1AccessHook 判斷） -- golden 912 main.cpp:12589-12592（906_0625_Steven :12072-12074）	if(AccessLevel>=LevelSet.AccessLevel[8] || bRemote==true ||	
LOW	forms/fMain.cpp	1116	1129	12			AI(W906-D2) 20260928 (St02-E): golden 原文留著對照（:1115 經 W906_CtcD2IcRefuseHook） -- golden 912 main.cpp:12593-12604（906_0625_Steven :12076-12087）	#ifndef SOFT_SIMULTE                                                    //Steven 20171214 : 軟體模擬可以任意關Tester	
LOW	forms/fMain.cpp	1135	1142	6			AI(W906-D3) 20260928 (St02-E): golden 原文留著對照（:1134 經 W906_CtcD3ManualSortHook） -- golden 912 main.cpp:12610-12615（906_0625_Steven :12093-12098）	if(IniConfig.bI27_ManualSortMode && bRunManualSortMode==false)	
LOW	forms/fMain.cpp	1149	1177	27			AI(W906-D4) 20260928: golden 原文留著對照（上一行已呼叫 WebLogin.cpp 的同一段） //jou 2014-03-28 SPIL Handler  On-line & Offline Switch Flow	cbUserSelect->ItemIndex=0;	
LOW	forms/fMain.cpp	1182	1185	2			AI(W906-GB-P2d) 20260926: D5 USER RULING -- keep the config.ini write, show no message, arm no restart (bNeedRestartProgram is not on the facade either; cSetUp.cpp G-SU-Restart) -- golden main.cpp:12653-12654	ShowMyMessage("Program need to restart to active RTC fuinction!", "The program will automatically be closed");	
LOW	forms/fMain.cpp	1192	1202	9			AI(W906-D6) 20260928 (St02-E): golden 原文留著對照（:1191 經 W906_CtcD6To2DSortHook） -- golden 912 main.cpp:12661-12669（906_0625_Steven :12144-12152）	bRunManualSortMode=false;                                       //Steven 20180915 : For TSMC 手動整盤功能	
LOW	forms/fMain.cpp	1262	1291	28			AI(W906-D7) 20260928 (St02-E): golden 原文留著對照（:1261 經 W906_CtcD7AsmOnLineHook） -- golden 912 main.cpp:12729-12756（906_0625_Steven :12212-12237）	if(TestIF_File.iTestMode==SingleSite)                       //Steven 20130610 : Single Site不做Auto Site Mapping	
LOW	forms/fMain_ATCSiteUse.cpp	471	475	3			TODO(W906-OPMODE): ATC_InterfaceForm->IsConnect() missing -- global is TATC_InterfaceFormShim* (acarry_shims.h:115, only iATC_MODE_TYPE); IsConnect exists only on forms/fATCHandlerSide.h:783 TATC_InterfaceForm, which has	if(ATC_InterfaceForm->IsConnect()==true)                                //Ifor 20160503 尚未與atc系統連線 不設定 atc site use	
LOW	forms/fMain_ATCSiteUse.cpp	890	892	1	NET		TODO(W906-OPMODE): ATC_InterfaceForm->EnablesChannel() missing -- global is TATC_InterfaceFormShim* (acarry_shims.h:115, only iATC_MODE_TYPE); EnablesChannel exists only on forms/fATCHandlerSide.h:843 TATC_InterfaceForm 	ATC_InterfaceForm->EnablesChannel(TriTemperature_TotalChannel, bATC_EnablesChannel);	
LOW	forms/fMain_ATCSiteUse.cpp	901	903	1	NET		TODO(W906-OPMODE): ATC_InterfaceForm->EnablesChannel() missing -- global is TATC_InterfaceFormShim* (acarry_shims.h:115, only iATC_MODE_TYPE); EnablesChannel exists only on forms/fATCHandlerSide.h:843 TATC_InterfaceForm 	ATC_InterfaceForm->EnablesChannel(iATC_Use_Heat_Count, bUse);	
LOW	forms/fMain_ATCSiteUse.cpp	907	909	1	NET		TODO(W906-OPMODE): ATC_InterfaceForm->EnablesChannel() missing -- global is TATC_InterfaceFormShim* (acarry_shims.h:115, only iATC_MODE_TYPE); EnablesChannel exists only on forms/fATCHandlerSide.h:843 TATC_InterfaceForm 	ATC_InterfaceForm->EnablesChannel(iATC_Use_Heat_Count, bUse);	
LOW	forms/fMain_OperateMode.cpp	146	149	2			TODO(W906-OPMODE): TemperatureBackup / TemperatureSoakTimeBackup (golden main.h:1188-1189, AnsiString TfMain data members) have no TfMain facade member -- Grep over the port tree (*.h,*.cpp): 0 hits; their only golden re	TemperatureBackup           =Temperature.fWorkTemperBase;                   //kevin 20160908	
LOW	forms/fMain_OperateMode.cpp	157	159	1			TODO(W906-OPMODE): labAutomation->Font -- missing dependency (not web-display): labAutomation IS a facade member (forms/fMain.h:280) but vclcompat TPanel has no Font and the facade has no parallel labAutomationFont (the 	labAutomation->Font->Color=clBlue;	
LOW	forms/fMain_OperateMode.cpp	171	177	5			TODO(W906-OPMODE): fMain->tPSM (golden main.h:1339 `TPowerSaving tPSM;`) is not a TfMain facade member -- Grep "tPSM" over the port tree: only gated precedents (csystem.cpp G05, WebStart.cpp W906-ST-W5-D, forms/fMain.cpp	(IniConfig.bPowerSaveFunction==true &&	
LOW	forms/fMain_OperateMode.cpp	204	206	1			TODO(W906-OPMODE): spbSet is display state owned by the web page (no TfMain facade member) -- golden main.cpp:12859	spbSet          ->Visible=true;	
LOW	forms/fMain_OperateMode.cpp	208	211	2			TODO(W906-OPMODE): labSoakTime / labDeg are display state owned by the web page (no TfMain facade member) -- golden main.cpp:12861-12862	labSoakTime     ->Visible=false;	
LOW	forms/fMain_OperateMode.cpp	231	237	5			TODO(W906-OPMODE): imgTempOnOff / lblTemperatureMode are display state owned by the web page (no TfMain facade member) -- golden main.cpp:12882-12886	if(FileExists(S))	
LOW	forms/fMain_OperateMode.cpp	246	248	1			TODO(W906-OPMODE): spbSet is display state owned by the web page (no TfMain facade member) -- golden main.cpp:12895	spbSet          ->Visible=false;	
LOW	forms/fMain_OperateMode.cpp	250	253	2			TODO(W906-OPMODE): labSoakTime / labDeg are display state owned by the web page (no TfMain facade member) -- golden main.cpp:12897-12898	labSoakTime     ->Visible=false;	
LOW	forms/fMain_OperateMode.cpp	264	268	3			TODO(W906-OPMODE): imgTempOnOff is display state owned by the web page (no TfMain facade member) -- golden main.cpp:12909-12911	if(FileExists(S))	
LOW	forms/fMain_OperateMode.cpp	270	273	2			TODO(W906-OPMODE): lblTemperatureMode is display state owned by the web page (no TfMain facade member) -- golden main.cpp:12913-12914	lblTemperatureMode->Caption="Ambient Mode";	
LOW	forms/fMain_OperateMode.cpp	285	287	1			TODO(W906-OPMODE): spbSet is display state owned by the web page (no TfMain facade member) -- golden main.cpp:12926	spbSet      ->Visible=true;	
LOW	forms/fMain_OperateMode.cpp	289	292	2			TODO(W906-OPMODE): labSoakTime / labDeg are display state owned by the web page (no TfMain facade member) -- golden main.cpp:12928-12929	labSoakTime ->Visible=true;	
LOW	forms/fMain_OperateMode.cpp	297	299	1			TODO(W906-OPMODE): spbSet is display state owned by the web page (no TfMain facade member) -- golden main.cpp:12934	spbSet          ->Visible=true;	
LOW	forms/fMain_OperateMode.cpp	301	304	2			TODO(W906-OPMODE): labSoakTime / imgTempOnOff are display state owned by the web page (no TfMain facade member) -- golden main.cpp:12936-12937	labSoakTime     ->Enabled=true;	
LOW	forms/fMain_OperateMode.cpp	309	311	1			TODO(W906-OPMODE): spbSet is display state owned by the web page (no TfMain facade member) -- golden main.cpp:12942	spbSet          ->Visible=false;	
LOW	forms/fMain_OperateMode.cpp	313	316	2			TODO(W906-OPMODE): labSoakTime / imgTempOnOff are display state owned by the web page (no TfMain facade member) -- golden main.cpp:12944-12945	labSoakTime     ->Enabled=false;	
LOW	forms/fMain_OperateMode.cpp	324	329	4			TODO(W906-OPMODE): labSoakTime / lblTemperatureMode are display state owned by the web page (no TfMain facade member) -- golden main.cpp:12953-12956	labSoakTime ->Visible=false;	
LOW	forms/fMain_OperateMode.cpp	331	334	2			TODO(W906-OPMODE): imgTempOnOff is display state owned by the web page (no TfMain facade member) -- golden main.cpp:12958-12959	if(FileExists(S))	
LOW	forms/fMain_OperateMode.cpp	340	342	1			TODO(W906-OPMODE): lblTemperatureMode is display state owned by the web page (no TfMain facade member) -- golden main.cpp:12965	lblTemperatureMode->Caption="ATC Mode";	
LOW	forms/fMain_OperateMode.cpp	357	359	1			TODO(W906-OPMODE): lblTemperatureMode is display state owned by the web page (no TfMain facade member) -- golden main.cpp:12980	lblTemperatureMode->Caption="Hot Mode";	
LOW	forms/fMain_OperateMode.cpp	364	366	1			TODO(W906-OPMODE): lblTemperatureMode is display state owned by the web page (no TfMain facade member) -- golden main.cpp:12985	lblTemperatureMode->Font->Color=clBlue;	
LOW	forms/fMain_OperateMode.cpp	371	373	1			TODO(W906-OPMODE): lblTemperatureMode is display state owned by the web page (no TfMain facade member) -- golden main.cpp:12990	lblTemperatureMode->Font->Color=clRed;	
LOW	forms/fMain_OperateMode.cpp	380	383	2			TODO(W906-OPMODE): imgTempOnOff is display state owned by the web page (no TfMain facade member) -- golden main.cpp:12997-12998	if(FileExists(S))	
LOW	forms/fMain_OperateMode.cpp	392	394	1			TODO(W906-OPMODE): spbSet is display state owned by the web page (no TfMain facade member) -- golden main.cpp:13007	spbSet->Caption="";	
LOW	forms/fMain_OperateMode.cpp	433	435	1			TODO(W906-OPMODE): lblTemperatureMode is display state owned by the web page (no TfMain facade member) -- golden main.cpp:13046	lblTemperatureMode->Caption=StrRef;	
LOW	forms/fMain_OperateMode.cpp	439	444	4			TODO(W906-OPMODE): lblTemperatureMode is display state owned by the web page (no TfMain facade member) -- golden main.cpp:13050-13053	if(LastSet.iTemperature==Tempture_Hot)                      //Ifor 20160427 修改ATC機台關閉ATC生產溫度模式顯示	
LOW	forms/fMain_OperateMode.cpp	462	464	1			TODO(W906-OPMODE): lblTemperatureMode is display state owned by the web page (no TfMain facade member) -- golden main.cpp:13071	lblTemperatureMode->Caption=StrRef;	
LOW	forms/fMain_OperateMode.cpp	468	473	4			TODO(W906-OPMODE): lblTemperatureMode is display state owned by the web page (no TfMain facade member) -- golden main.cpp:13075-13078	if(LastSet.iTemperature==Tempture_Hot)                          //Ifor 20160427 修改ATC機台關閉ATC生產溫度模式顯示	
LOW	forms/fMain_OperateMode.cpp	535	537	1			TODO(W906-OPMODE): spbSet is display state owned by the web page (no TfMain facade member) -- golden main.cpp:27055	spbSet->Caption="";	
LOW	forms/fMain_OperateMode.cpp	578	581	2			TODO(W906-OPMODE): palPrime / palNormal are display state owned by the web page (no TfMain facade member) -- golden main.cpp:32391-32392	palPrime->Visible=true;	
LOW	forms/fMain_OperateMode.cpp	585	588	2			TODO(W906-OPMODE): palPrime / palNormal are display state owned by the web page (no TfMain facade member) -- golden main.cpp:32396-32397	palPrime->Color=clRed;	
LOW	forms/fMain_OperateMode.cpp	592	595	2			TODO(W906-OPMODE): palPrime / palNormal are display state owned by the web page (no TfMain facade member) -- golden main.cpp:32401-32402	palPrime->Color=clBtnFace;	
LOW	forms/fMain_OperateMode.cpp	600	603	2			TODO(W906-OPMODE): palPrime / palNormal are display state owned by the web page (no TfMain facade member) -- golden main.cpp:32407-32408	palPrime->Visible=false;	
LOW	forms/fMain_TestSeconds.cpp	37	39	1	W906-J12		GATE(W906-J12) web-display: fMain has no StatusBar1 -- the page shows iCurrentTime (status [5], St01 publishes) -- golden main.cpp:21165	fMain->StatusBar1->Panels->Items[5]->Text=AnsiString(iCurrentTime);	
LOW	forms/fMain_TestSeconds.cpp	78	80	1	W906-J12		GATE(W906-J12) web-display: fMain has no StatusBar1 -- the page shows iCurrentTime (status [5], St01 publishes) -- golden main.cpp:21204	fMain->StatusBar1->Panels->Items[5]->Text="0";	
LOW	forms/fMonitor.cpp	42	52	9	M-1.		AI(W906-FRW-S110) 20260926: 下面 :32 那一次開機讀檔改由 FileRW/Monitor.cpp 的 FileRW_Monitor_Boot() 在 golden CreateForm(TfMonitor) / （HT9045.cpp:247）的時機做（C 路 Monitor.gen.inc 的 LoadTCPIPParament；元件就是本門面這 7 個物件、sADDRESS／iPORT 也是這裡的）； 	MVCtrl=new MonitorTCPIP(new TCPClient(MonitorClientSocket));	
LOW	forms/fMonitor.cpp	87	91	3	M-2.			MVCtrl->Disconnect();	
LOW	forms/fMonitor.cpp	95	100	4	M-2			delete MVCtrl;	
LOW	forms/fMonitor.cpp	111	116	4	M-3.			LogSoftwareOffTime("TfMonitor, FormDestroy"); //Steven 20210526	
LOW	forms/fMonitor.cpp	150	153	2	M-1.			MVCtrl->InitialSocket(sADDRESS, iPORT);	
LOW	forms/fMonitor.cpp	177	190	12	M-4.			AnsiString aSendData;	
LOW	forms/fMonitor.cpp	198	211	12	M-4.			AnsiString aSendData;	
LOW	forms/fNote_JamCount.cpp	59	62	2	W906-J2		GATE(W906-J2) G1: fNote has no sJamArea / sJamCode (golden :872-877 builds them from MyDBIEvent's UnitNo + JamArea[]; the port's MyDBIEvent segment is still #if 0, cMyDB.cpp:878) -- MTBA customers keep today's behaviour 	if(LastSet.iRealDummy==REALLY)	
LOW	forms/fNote_ShowError.cpp	227	264	36	W906-SHOWERR		GATE(W906-SHOWERR) E1: golden :4400-4435 -- description path, PlayMovie (GATE N-9, not defined) and reDescription / reBigDescription (no TfNote member); display only, the page shows the description	AnsiString Language, TextPath="", MoviePath="";	
LOW	forms/fNote_ShowError.cpp	273	326	52	W906-SHOWERR		GATE(W906-SHOWERR) E2: golden :4444-4495 -- ShowMessageEdit1 / reDescription / reBigDescription (no TfNote member); display only	ShowMessageEdit1->Text=Mes;                                                 //kevin 20170905 (Steven) add	
LOW	forms/fNote_ShowError.cpp	331	333	1	W906-SHOWERR		GATE(W906-SHOWERR) E2: golden :4499 reDescription (no TfNote member)	reDescription->Clear();	
LOW	forms/fNote_ShowError.cpp	335	338	2	W906-SHOWERR		GATE(W906-SHOWERR) E2: golden :4501-4502 reDescription (no TfNote member)	reDescription->Lines->Add("Please confirm Tester VIE information");	
LOW	forms/fNote_ShowError.cpp	342	344	1	W906-SHOWERR		GATE(W906-SHOWERR) E2: golden :4506 reDescription (no TfNote member)	reDescription->Font->Color=clBlack;	
LOW	forms/fNote_ShowError.cpp	387	393	5	W906-SHOWERR		GATE(W906-SHOWERR) R1: golden :848-852 -- FormHS->RecordLog_HS is declared, not defined (forms/fHS.h:693 "GATE (Cat B)"); the same pair is gated at forms/fLotInfo.cpp:6912 (S117-S25-HSLOG).  SPIL customers only (IniConfi	if(IniConfig.bSPILFunction==true)                                           //Ifor 20160408 矽品客戶要求，發生Alarm上傳一次Log	
LOW	forms/fPassword.cpp	163	165	1	CLIP		GATE (CLIP) -- VCL Clipboard() has no port anywhere in this tree (grep 20260825)	Clipboard()->Clear();	
LOW	forms/fPassword.cpp	169	171	1	CLIP		GATE (CLIP) -- VCL Clipboard() has no port anywhere in this tree (grep 20260825)	Clipboard()->Clear();	
LOW	forms/fPassword.cpp	180	182	1	CLIP		GATE (CLIP) -- VCL Clipboard() has no port anywhere in this tree (grep 20260825)	Clipboard()->Clear();	
LOW	forms/fPassword.cpp	204	206	1	CLIP		GATE (CLIP) -- VCL Clipboard() has no port anywhere in this tree (grep 20260825)	Clipboard()->Clear();	
LOW	forms/fPassword.cpp	254	256	1	CLIP		GATE (CLIP) -- VCL Clipboard() has no port anywhere in this tree (grep 20260825)	Clipboard()->Clear();	
LOW	forms/fPassword.cpp	276	278	1	CLIP		GATE (CLIP) -- VCL Clipboard() has no port anywhere in this tree (grep 20260825)	Clipboard()->Clear();	
LOW	forms/fPassword.cpp	282	284	1	CLIP		GATE (CLIP) -- VCL Clipboard() has no port anywhere in this tree (grep 20260825)	Clipboard()->Clear();	
LOW	forms/fPassword.cpp	293	295	1	CLIP		GATE (CLIP) -- VCL Clipboard() has no port anywhere in this tree (grep 20260825)	Clipboard()->Clear();	
LOW	forms/fPassword.cpp	389	391	1	P-R1		GATE (P-R1)	EvenLogUSER.PassWord[OPERATOR]  =CheckAndReadIniData(sFileName, "LEVEL", EvenLogUSER.ID[OPERATOR], AnsiString("1"));	
LOW	forms/fPassword.cpp	394	396	1	P-R1		GATE (P-R1)	EvenLogUSER.PassWord[ENG_VENDOR]=CheckAndReadIniData(sFileName, "LEVEL", EvenLogUSER.ID[ENG_VENDOR], AnsiString("1"));	
LOW	forms/fPassword.cpp	399	401	1	P-R1		GATE (P-R1)	EvenLogUSER.PassWord[ENG_MI]    =CheckAndReadIniData(sFileName, "LEVEL", EvenLogUSER.ID[ENG_MI] , AnsiString("1"));	
LOW	forms/fPassword.cpp	404	406	1	P-R1		GATE (P-R1)	EvenLogUSER.PassWord[PM]        =CheckAndReadIniData(sFileName, "LEVEL", EvenLogUSER.ID[PM], AnsiString("1"));	
LOW	forms/fPassword.cpp	409	411	1	P-R1		GATE (P-R1)	EvenLogUSER.PassWord[AUDIT]     =CheckAndReadIniData(sFileName, "LEVEL", EvenLogUSER.ID[AUDIT], AnsiString("1"));	
LOW	forms/fPassword.cpp	414	416	1	P-R1		GATE (P-R1)	EvenLogUSER.PassWord[ADMIN]     =CheckAndReadIniData(sFileName, "LEVEL", EvenLogUSER.ID[ADMIN], AnsiString("1"));	
LOW	forms/fPassword.cpp	426	433	6	P-S1		GATE (P-S1)	WriteIniData(sFileName, "LEVEL", EvenLogUSER.ID[OPERATOR],    EvenLogUSER.PassWord[OPERATOR]);       //未登入也使用OPERATOR	
LOW	forms/fPassword.cpp	449	453	3	P-D1		GATE (P-D1)	bool bFlag=fFTPClient->DownloadPasswordFormServer();                        //Sam 20210526 : 從 N06 DownloadPath 下載密碼本	
LOW	forms/fQAMode.cpp	160	185	24	Q-1		GATE (Q-1) DoIniDataToForm -- golden :38-54.  MISSING MEMBER ON	void TfQAMode::DoIniDataToForm()	
LOW	forms/fQAMode.cpp	187	231	43	Q-2		GATE (Q-2) btnApplyClick -- golden :73-110.  WRITES DISK: 13 x	void TfQAMode::btnApplyClick(TObject *Sender)	
LOW	forms/fQAMode.cpp	233	295	61	Q-3		GATE (Q-3) FormShow -- golden :112-168.  TRANSITIVE HIDDEN WRITE:	void TfQAMode::FormShow(TObject *Sender)	
LOW	forms/fQAMode.cpp	403	430	26	Q-5		GATE (Q-5) Image1Click -- golden :234-253.  NO TIMAGE PORT:	void TfQAMode::Image1Click(TObject *Sender)	
LOW	forms/fQAMode.cpp	432	464	31	Q-6		GATE (Q-6) ShowTrayDirectIMG -- golden :255-277.  Same TImage absence	void TfQAMode::ShowTrayDirectIMG()	
LOW	forms/fQAMode.cpp	466	529	62	Q-F		GATE (Q-F) QABackupStatus -- golden :285-335 (51L), FILE-SCOPE.	void QABackupStatus(bool bBackup)                                               //Sam 20231117 : 整合到 QA 模式	
LOW	forms/fQwertyKey.cpp	140	145	4	Q-D1		GATE (Q-D1)	for(unsigned int i=0; i<QwertyKey.size(); i++)	
LOW	forms/fRPDefault.cpp	136	146	9	R-2		GATE (R-2) spbDefaulteViewShowClick -- golden :43-46.  MISSING	void TfRPDefault::spbDefaulteViewShowClick(TObject *Sender)	
LOW	forms/fRPDefault.cpp	148	179	30	R-3		GATE (R-3) spbSetRPDefaultClick -- golden :53-78.  LINK BOUNDARY,	void TfRPDefault::spbSetRPDefaultClick(TObject *Sender)	
LOW	forms/fRPDefault.cpp	181	223	41	R-4		GATE (R-4) spbReplyRPDefaultClick -- golden :80-116.  LINK BOUNDARY as	void TfRPDefault::spbReplyRPDefaultClick(TObject *Sender)	
LOW	forms/fRPDefault.cpp	225	257	31	R-5		GATE (R-5) spbSaveClick -- golden :125-151.  LINK BOUNDARY as (R-3)	void TfRPDefault::spbSaveClick(TObject *Sender)	
LOW	forms/fRPDefault.cpp	259	508	248	R-6		GATE (R-6) CompareRPDefaultAndValue -- golden :153-380 (228L = 59.1% of	void TfRPDefault::CompareRPDefaultAndValue(TStringList *aName, TStringList *aDefault, TStringList *aValue)	
LOW	forms/fRPDefault.cpp	510	539	28	R-7		GATE (R-7) ShowMonitoredParameter -- golden :396-415.  WRITES A SHARED	void TfRPDefault::ShowMonitoredParameter()   //Isaac 20210222 : 全智要求把參數拉出來看，方便監控	
LOW	forms/fSmartDiagnostic.cpp	463	465	1	SD-3		GATE SD-3 -- golden :224 `sg->DefaultDrawing=false;`. No / ->DefaultDrawing on vclcompat::TStringGrid (0 hits, 20260827). / ----------------------------------------------------------------	sg->DefaultDrawing=false;	
LOW	forms/fSmartDiagnostic.cpp	492	494	1	SD-3		GATE SD-3 -- golden :245 `sg->DefaultDrawing=false;`. Same gap as / InitialStringGridColor above. / ----------------------------------------------------------------	sg->DefaultDrawing=false;	
LOW	forms/fSmartDiagnostic.cpp	533	535	1	SD-4		GATE SD-4 -- golden :253 `sg->Refresh();`. No ->Refresh() on / vclcompat::TStringGrid (0 hits, 20260827). / ----------------------------------------------------------------	sg->Refresh();	
LOW	forms/fSmartDiagnostic.cpp	555	557	1	SD-4		GATE SD-4 -- golden :263 `sg->Refresh();`. Same gap as / SetCellColor above. / ----------------------------------------------------------------	sg->Refresh();	
LOW	forms/fSmartDiagnostic.cpp	587	590	2	SD-5		GATE SD-5 -- golden :282-283 (text below is golden VERBATIM). / SetVCLSizePosition is excluded outright (GATE SD-1). / ----------------------------------------------------------------	SetVCLSizePosition(pn_SmartDiagnosticTitle, 0, 0, 1300, 50);    //JerryYang 20250120 : add	
LOW	forms/fTeachPara.cpp	299	301	1	W906-TEACH-W1-ALLOWALLUP		GATE (W906-TEACH-W1-ALLOWALLUP): 缺相依 vclcompat::TSpeedButton::AllowAllUp	SelButton->AllowAllUp   =true;	
LOW	forms/fTeachPara.cpp	388	394	5	W906-TEACH-W1-FILECREATE		GATE (W906-TEACH-W1-FILECREATE): 缺相依 FileCreate / FileClose	if(FileExists(szDir)==false)	
LOW	forms/fTeachPara.cpp	567	573	5	W906-TEACH-W1-AUTOCLEANPICK		GATE (W906-TEACH-W1-AUTOCLEANPICK): 假前提 —— Teach.* 的載入鏈不存在（n4-4 + elTeach），Teach.iAutoCleanPick==0 不代表「沒教過」   ⚠ 20260925 W5：wb_serve 開機已註冊 elTeach（FileRW_Teach_Boot）⇒ 在 wb_serve 裡前提已不成立；但 ctest 與其他 exe 沒有註冊，在那些行程裡解閘會讓 ct	if(Teach.iAutoCleanPick==0)                                                 //RogerYang 20250627 提到Read ini後面	
LOW	forms/fTesterIF.cpp	239	245	5	F-D7		GATE (F-D7) golden cTesterIF.cpp:37 -- the file-scope `static bool	static bool bflag=false;	
LOW	forms/fTesterIF.cpp	247	254	6	F-1		GATE (F-1)a -- golden :42, the ctor's `InitcbDIOType(false);`.	{	
LOW	forms/fTesterIF.cpp	256	284	27	F-1		GATE (F-1)b -- golden :46-66, the ctor's two CUSTOMER_CODE blocks.	{	
LOW	forms/fTesterIF.cpp	286	327	40	F-2		GATE (F-2) InitcbDIOType -- golden :69-106. [M] `Application->	void TFTestIF::InitcbDIOType(bool bAlarm)                            //Steven 20101008 : 連按三下會不見	
LOW	forms/fTesterIF.cpp	564	724	159	F-4		GATE (F-4) SaveSetupFile -- golden :336-492 (157L). [W] WRITES THE	void TFTestIF::SaveSetupFile(AnsiString szDir, AnsiString S)         //kevin 20150105	
LOW	forms/fTesterIF.cpp	726	798	71	F-6		GATE (F-6) CheckRs232StandardIni -- golden :496-558 (63L). [W] writes	void TFTestIF::CheckRs232StandardIni()	
LOW	forms/fTesterIF.cpp	800	1223	422	F-5		GATE (F-5) ReadTestIFFile -- golden :562-977 (416L, the file's largest	void TFTestIF::ReadTestIFFile()	
LOW	forms/fTesterIF.cpp	1225	1377	151	F-7		GATE (F-7) DoIniDataToForm -- golden :979-1124 (146L). [T] ONLY, on	void TFTestIF::DoIniDataToForm()	
LOW	forms/fTesterIF.cpp	1379	1417	37	F-8		GATE (F-8) rgInterfaceTypeClick -- golden :1139-1172. [L]	void TFTestIF::rgInterfaceTypeClick(TObject *Sender)	
LOW	forms/fTesterIF.cpp	1419	1433	13	F-9		GATE (F-9) ShowPageControl2 -- golden :1174-1183. [M]	void TFTestIF::ShowPageControl2(int Index)	
LOW	forms/fTesterIF.cpp	1435	1462	26	F-10		GATE (F-10) FormClose -- golden :1197-1217. [T] on (F-5) at :1199;	void TFTestIF::FormClose(TObject *Sender, TCloseAction &Action)	
LOW	forms/fTesterIF.cpp	1464	1537	72	F-11		GATE (F-11) ShowTTLState -- golden :1219-1279 (golden's own	void TFTestIF::ShowTTLState()	
LOW	forms/fTesterIF.cpp	1539	1549	9	F-12		GATE (F-12) cbDIOTypeChange -- golden :1281-1287. [M] fDIOFrom->	void TFTestIF::cbDIOTypeChange(TObject *Sender)	
LOW	forms/fTesterIF.cpp	1551	1612	60	F-13		GATE (F-13) spbSaveClick -- golden :1302-1356 (55L). [W] on (F-4)	void TFTestIF::spbSaveClick(TObject *Sender)	
LOW	forms/fTesterIF.cpp	1614	1628	13	F-14		GATE (F-14) sbtExitClick -- golden :1358-1366. ONE-LINE GATE: [L]	void TFTestIF::sbtExitClick(TObject *Sender)	
LOW	forms/fTesterIF.cpp	1630	1660	29	F-15		GATE (F-15) DoSetRPDefault -- golden :1418-1442. [W] WriteIniData	void TFTestIF::DoSetRPDefault(TWinControl *PCtrl, int iSection)	
LOW	forms/fTesterIF.cpp	1662	1697	34	F-16		GATE (F-16) DoReplyDefaultToForm -- golden :1444-1473. [M] ONLY --	void TFTestIF::DoReplyDefaultToForm(TWinControl *PCtrl, int iSection)	
LOW	forms/fTesterIF.cpp	1699	1744	44	F-17		GATE (F-17) SearchRecipeParameter -- golden :1475-1514 (40L). [W]	void TFTestIF::SearchRecipeParameter(TWinControl *PCtrl, int iSection)	
LOW	forms/fTesterIF.cpp	1746	1760	13	F-18		GATE (F-18) FormShortCut -- golden :1521-1528. OMITTED FROM THE CLASS	void TFTestIF::FormShortCut(TWMKey &Msg, bool &Handled)	
LOW	forms/fTesterTCP.cpp	78	115	36	T-1		GATE (T-1)a -- golden :28-59, the ctor's widget mirror arrays.	{	
LOW	forms/fTesterTCP.cpp	117	165	47	T-1		GATE (T-1)b -- golden :69-108, the ctor's per-tray TGroupBox/TMemo	{	
LOW	forms/fTesterTCP.cpp	184	231	46	T-3		GATE (T-3) FormShow -- golden :125-164. HIDDEN WRITE x2:	void TfTesterTCP::FormShow(TObject *Sender)	
LOW	forms/fTesterTCP.cpp	233	260	26	T-4		GATE (T-4) rgUnloaderClick -- golden :635-658. MISSING MEMBERS:	void TfTesterTCP::rgUnloaderClick(TObject *Sender)	
LOW	forms/fTesterTCP.cpp	262	306	43	T-5		GATE (T-5) PlaceOSTestResultToTray -- golden :699-739. WRITES DISK	void TfTesterTCP::PlaceOSTestResultToTray(int iSuckRow, int iSuckCol, int iTrayRow, int iTrayCol, int iAuto)	
LOW	forms/fTesterTCP.cpp	308	535	226	T-6		GATE (T-6) ProcessOSPrint -- golden :741-962 (222L). WRITES DISK	void TfTesterTCP::ProcessOSPrint(bool bViewOnly)                     //Steven 20250515 : 整合Open Short測試報表	
LOW	forms/fTesterTCP.cpp	537	633	95	T-7		GATE (T-7) ProcessOSTrayData -- golden :964-1056. WRITES DISK four	void TfTesterTCP::ProcessOSTrayData(bool bViewOnly)	
LOW	forms/fTrayMapping.cpp	945	947	1	G-TM-RFIDCOMBO		GATE(G-TM-RFIDCOMBO) -- cbbLdRFIDComPort is a golden TComboBox on the loader-RFID tab; this facade does not carry it (the only trace tree-wide is the generated layout table, tools/dfm2rc/layout_out/cTrayMapping_layout.ge	cbbLdRFIDComPort->Text=HSys.asRFIDCom;	
LOW	forms/fTrayMapping.cpp	1026	1029	2	G-TM-SCANLINE		GATE(G-TM-SCANLINE)	-- ReadFile_ScanLine() stays GATE (G-2) and this is the one line that calls it. It is a genuine WRITER, and not to the recipe: golden :5638/	
LOW	forms/fTrayMapping.cpp	1032	1035	2	G-TM-OCRSTATE		GATE(G-TM-OCRSTATE) -- fMain->ShowOCRState() has no port (0 hits tree-wide) -- same absence as GATE(G-BC-OCRSTATE) in BarCode/BarCode.cpp.  Display only.  The enclosing `if(USE_TRAY_MAPPING!=etmUninstall)` is gated with 	if(USE_TRAY_MAPPING!=etmUninstall)	
LOW	forms/fWinway.cpp	54	65	10	D			arrATC_Site[0]=new ATC_WinWay(WinWayATCComm1);	
LOW	forms/fWinway.cpp	75	80	4	W-1.			ShowCommData(iWinwayATCIndex);	
LOW	forms/fWinway.cpp	91	94	2	W-1			ShowCommData(iWinwayATCIndex);	
LOW	forms/fWinway.cpp	104	108	3	W-2.			for(int i=0; i<SiteNum; i++)	
LOW	forms/fWinway.cpp	117	123	5	W-2.			for(int i=0; i<SiteNum; i++)	
LOW	handlerlog.cpp	217	221	3	1		GATE (1): golden :43 Application->ExeName -- see file-head GATE REGISTER for the full grep/rationale/behaviour-delta.	sFolder.sprintf("%sLog\\", ExtractFilePath(Application->ExeName));	
LOW	handlerlog.cpp	394	405	10	2		GATE (2): golden :216-221 fSetup->Panel1->Caption -- see file-head GATE REGISTER for the full grep/rationale/behaviour-delta.	if(asHandlingMode!=fSetup->Panel1->Caption)                         //Ifor 20161117 add Handler Mode Change Even Log 未修改不紀錄	
LOW	handlerlog.cpp	577	587	9	3a		GATE (3a): golden :393-397 RadGup->Name / ->Caption -- see file-head GATE REGISTER.	if(bInit)	
LOW	handlerlog.cpp	642	654	11	3b		GATE (3b): golden :452/:454 P->Name -- see file-head GATE REGISTER.	if(bInit)	
LOW	language.cpp	250	321	70			GOLDEN VERBATIM -- golden language.cpp:119-188.  INERT reference text; the live TfLan::SearchCompomentForSave follows the #endif.	void __fastcall TfLan::SearchCompomentForSave(TWinControl *PCtrl)	
LOW	language.cpp	497	628	130			GOLDEN VERBATIM -- golden language.cpp:328-457.  INERT reference text; the live TfLan::LoadCompomentForChangeLan follows the #endif.	void __fastcall TfLan::LoadCompomentForChangeLan(TWinControl *PCtrl)	
LOW	language.cpp	692	949	256			GOLDEN VERBATIM -- golden language.cpp:478-733.  INERT reference text; the live FormReSize follows the #endif.	void FormReSize( TWinControl *PCtrl )                                           // 20230601 Joseph , Auto Form Size //	
LOW	uHeaterThread.cpp	383	385	1	1		TODO(W7-csystem) GATE 1: golden :60 CheckATC6System() -- declared csystem.h:126, DEFINED ONLY in golden csystem.cpp:1109; this symbol has NO body in the port (port csystem.cpp EXISTS -- 4,849 lines, wave W6.6 -- but is a	CheckATC6System();                                                      //ChungHung 20141024 add	
LOW	uHeaterThread.cpp	393	395	1	3		TODO(W7-csystem) GATE 3: golden :62 HeaterDoorIsOpen() -- declared csystem.h:198, DEFINED ONLY in golden csystem.cpp:16530 (no body in the port: csystem.cpp is only partially translated and does not carry it -- re-verifi	HeaterDoorIsOpen();                                                     //jou 981013 : unify check heater doop sensor	
LOW	uHeaterThread.cpp	397	399	1	4		TODO(W7-csystem) GATE 4: golden :64 DoHeaterOn() -- declared csystem.h:123, DEFINED ONLY in golden csystem.cpp:1134 (no body in the port: csystem.cpp is only partially translated and does not carry it -- re-verified AI(W	DoHeaterOn();                                                           //jou 981209 any time,也需偵測風扇是否轉動	
LOW	uHeaterThread.cpp	540	542	1	5		TODO(W7-csystem) GATE 5: golden :173 DoSwCoolingFan(false) -- declared csystem.h:224, DEFINED ONLY in golden csystem.cpp:20434 (no body in the port: csystem.cpp is only partially translated and does not carry it -- re-ve	DoSwCoolingFan(false);                                                      //jou 2013-04-09	
LOW	uTemp_Set.cpp	412	415	2	G-Align		GATE(G-Align)	myTempPal[tcHeatGun1]->palTemp->Align=alBottom;	
LOW	uTemp_Set.cpp	612	620	7	G-Image		GATE(G-Image) -- Image1 (TImage*) has no port anywhere in this tree	AnsiString str;	
LOW	uTemp_Set.cpp	639	642	2	dep-Tag		GATE(dep-Tag)	TRadioGroup *Ptr=(TRadioGroup*) Sender;	
LOW	uTemp_Set.cpp	846	848	1	dep-SetFocus		GATE(dep-SetFocus)	rbTemp->SetFocus();	
LOW	uTemp_Set.cpp	2230	2235	4	dep-fMain-palIndivisual		GATE(dep-fMain-palIndivisual)	fMain->palIndivisual->Visible=(CosFunction.bUseIndividulTempSet && Temperature.bUseIndividualTemp);	
LOW	uTemp_Set.cpp	2387	2397	9	dep-RadioGroup-Controls		GATE(dep-RadioGroup-Controls)	if(Temperature.iIndexHeatMode<rgIndexHeatMode->Items->Count)            //Steven 20240206 : 根據Temperature.iIndexHeatMode顯示狀態決定是否要調整Index Hea	
LOW	uTemp_Set.cpp	3348	3350	1	dep-COM2-ATCInitialTask		GATE(dep-COM2-ATCInitialTask)	COM2->ATCInitialTask();                                                     //jou 2012-03-14 ATC	
LOW	uTemp_Set.cpp	3364	3366	1	G-FTestIF		GATE(G-FTestIF)	FTestIF->ReadTestIFFile();                                                  //Steven 20180815 : Initial Temp Offset	
LOW	uTemp_Set.cpp	3907	3916	8	dep-RadioGroup-Color		GATE(dep-RadioGroup-Color)	if(rgBasePoint->ItemIndex==0)	
LOW	uTemp_Set.cpp	4110	4112	1	G-Image		GATE(G-Image)	Image2->Visible=false;	
LOW	uTemp_Set.cpp	4174	4185	10	G-Align		GATE(G-Align)	for(int i=0; i<tcTotalCount; i++)	
LOW	uTemp_Set.cpp	4189	4231	41	G-Align		GATE(G-Align) -- entire Tag<2 sort path only ever sets ->Align	for(int i=0; i<2; i++)	
LOW	uTemp_Set.cpp	4271	4273	1	G-Align		GATE(G-Align)	myTempPal[x]->palTemp->Align=alTop;	
LOW	uTemp_Set.cpp	4314	4316	1	G-Align		GATE(G-Align)	myTempPal[x]->palTemp->Align=alTop;	
LOW	uTemp_Set.cpp	4362	4370	7	G-Barcode		GATE(G-Barcode)	if(Buffer->Tag==1)	
LOW	uTemp_Set.cpp	4387	4395	7	G-Barcode		GATE(G-Barcode)	if(Buffer->Tag==1)	
LOW	uTemp_Set.cpp	4464	4472	7	G-Barcode		GATE(G-Barcode)	if(Buffer->Tag==1)                                                          //20140320 wei	
LOW	uTemp_Set.cpp	4539	4541	1	dep-fMain-edATCAmbientTemper		GATE(dep-fMain-edATCAmbientTemper)	dbSetTemp=atof(fMain->edATCAmbientTemper->Text.c_str());	
LOW	uTemp_Set.cpp	4563	4592	28	dep-FormHS		GATE(dep-FormHS)	for(int i=0; i<tcTotalCount; i++)	
LOW	uTemp_Set.cpp	4653	4841	187	S2		SAFETY GATE (S2)	SaveSetupFile(szDir, S);                                                    //kevin 20150105	
LOW	uTemp_Set.cpp	4853	5395	541	S1		SAFETY GATE (S1)	int iSum=0;	
LOW	uTemp_Set.cpp	5421	5423	1	dep-ATC-btOnLine-Click		GATE(dep-ATC-btOnLine-Click)	ATCInterfaceForm->btOnLine->Click();	
LOW	uTemp_Set.cpp	5432	5434	1	dep-ATC-btOffLine-Click		GATE(dep-ATC-btOffLine-Click)	ATCInterfaceForm->btOffLine->Click();	
LOW	uTemp_Set.cpp	5478	5515	36	dep-TabSheet-PageIndex		GATE(dep-TabSheet-PageIndex)	if(pgcTempOffset->ActivePageIndex==tsATC->TabIndex)	
LOW	uTemp_Set.cpp	5665	5673	7	G-Barcode		GATE(G-Barcode)	if(Buffer->Tag==1)                                                          //20140320 wei	
LOW	uTemp_Set.cpp	5772	5780	7	G-Barcode		GATE(G-Barcode)	if(Buffer->Tag==1)                                                          //20140320 wei	
LOW	uTemp_Set.cpp	5885	5929	43	S5		SAFETY GATE (S5)	bool bSendOut=false;	
LOW	uTemp_Set.cpp	6207	6237	29	G-Align		GATE(G-Align)	Panel13->BringToFront();	
LOW	uTemp_Set.cpp	6462	6464	1	dep-fLotInfo-SetATCOffset		GATE(dep-fLotInfo-SetATCOffset)	fLotInfo->SetATCOffset(true);                                   //ReadRemoteTempOffset	
LOW	uTemp_Set.cpp	6495	6497	1	S13		SAFETY GATE (S13)	ATC_InterfaceForm->SetAirValve(true, true);	
LOW	uTemp_Set.cpp	6501	6503	1	S13		SAFETY GATE (S13)	ATC_InterfaceForm->SetAirValve(true, false);	
LOW	uTemp_Set.cpp	6509	6511	1	S13		SAFETY GATE (S13)	ATC_InterfaceForm->SetAirValve(true, true);	
LOW	uTemp_Set.cpp	6515	6517	1	S13		SAFETY GATE (S13)	ATC_InterfaceForm->SetAirValve(true, false);	
LOW	uTemp_Set.cpp	6521	6523	1	S13		SAFETY GATE (S13)	ATC_InterfaceForm->SetAirValve(true, true);	
LOW	uTemp_Set.cpp	6594	6602	7	G-Barcode		GATE(G-Barcode)	if(Buffer->Tag==1)	
LOW	uTemp_Set.cpp	6679	6695	15	G-Grid		GATE(G-Grid)	int Column, Row;	
LOW	uTemp_Set.cpp	7043	7051	7	S7		SAFETY GATE (S7)	int iUseRefrigeratorNo=iRefrigeratorNo-1;	
LOW	uTemp_Set.cpp	7075	7086	10	S9		SAFETY GATE (S9) + GATE(dep-TriTemp_Ch)	bool bUse;	
LOW	uTemp_Set.cpp	7163	7166	2	S11		SAFETY GATE (S11)	fTriMachineSelectDeviceDefrost_Start(iIndex);                               //將以下Code移至TriTemp.cpp內	
LOW	uTemp_Set.cpp	7178	7180	1	S12		SAFETY GATE (S12)	fTriMachineSelectDeviceDefrost_End(iIndex);	
LOW	uTemp_Set.cpp	7198	7230	31	dep-ATC-asATC_SW_Ver		GATE(dep-ATC-asATC_SW_Ver)	iReturnStatus=0;	
LOW	uTemp_Set.cpp	7245	7254	8	dep-ATC-IsConnect		GATE(dep-ATC-IsConnect)	if(bUT150Install[tcATCHotAir1]==true || bUT150Install[tcATCHotAir2]==true)	
LOW	uTemp_Set.cpp	7279	7281	1	G-Delegate		GATE(G-Delegate)	fLotInfo->pl_ATC_Online->OnClick(fLotInfo);	
LOW	uTemp_Set.cpp	7338	7340	1	S14		SAFETY GATE (S14)	ATC_InterfaceForm->Send_ATC_DewPoint(dDewPoint_Index, dDewPoint_InSht, dDewPointOutSht);	
LOW	uTemp_Set.cpp	7387	7392	4	S15		SAFETY GATE (S15)	fTriMachineSelectDeviceDefrost_Start(0);	
LOW	uTemp_Set.cpp	7404	7408	3	S16		SAFETY GATE (S16)	fTriMachineSelectDeviceDefrost_End(0);	
LOW	uYieldMonitoring.cpp	2351	2353	1			= 0 hits, 20260818). Pure log-to-file side effect / (records low-yield auto-site-off events), no state feeds / back; skipping loses only the audit line.	FormHS->SaveCloseOpenSiteEven(a, i, j, bTestSiteUse[a][i][j]);                              //Isaac 20171227 (Steven) : 記錄low yield auto sit	
LOW	uYieldMonitoring.cpp	2369	2375	5			no SaveInfoFileWhenStart member (grep 0 hits, 20260818); / golden's own NULL guard means the call is already / conditional there. Customer-gated (Greatek) file write.	if(CUSTOMER_CODE==CC_Greatek && fProductionInfo!=NULL)	
LOW	uYieldMonitoring.cpp	3130	3136	5	G-YM-TemperFT		GATE(G-YM-TemperFT) -- fTemperFrom has no `extern TfTemperFrom *fTemperFrom` in this tree -- forms/fTemperFrom.h:46 states outright that this wave does not declare it. golden :1343-1347.  FT branch of the show-yield pane	fTemperFrom->SetShowYield(fTemperFrom->esytDoubleDevice,    (TestIF_File.bContinuousPass   || TestIF_File.bContinuousPassBySocket ||	
LOW	uYieldMonitoring.cpp	3141	3147	5	G-YM-TemperRT		GATE(G-YM-TemperRT) -- same missing extern as G-YM-TemperFT.  golden :1352-1356.  RT branch.	fTemperFrom->SetShowYield(fTemperFrom->esytDoubleDevice,    (TestIF_File.bContinuousPass_RT   || TestIF_File.bContinuousPassBySocket_RT ||	
LOW	uYieldMonitoring.cpp	3149	3153	3	G-YM-TemperTail		GATE(G-YM-TemperTail) -- same missing extern.  golden :1358-1360.  esytTest2 + ShowYieldFuntion() tail.	fTemperFrom->SetShowYield(fTemperFrom->esytTest2, IniConfig.bFTContinueON);	
LOW	uYieldMonitoring.cpp	3176	3178	1	G-YM-Panel		GATE(G-YM-Panel) -- MyYieldPanel[] is a TfYieldMonitoring form member (golden uYieldMonitoring.h) and this tree's facade does not carry it. ⚠ SPLIT ON PURPOSE: golden chains `MyYieldPanel[0]->x = <global> = TestIF_File.x	MyYieldPanel[0]->bEnablePassYieldART        =	
LOW	uYieldMonitoring.cpp	3181	3183	1	G-YM-Panel		GATE(G-YM-Panel) -- MyYieldPanel[] is a TfYieldMonitoring form member (golden uYieldMonitoring.h) and this tree's facade does not carry it. ⚠ SPLIT ON PURPOSE: golden chains `MyYieldPanel[0]->x = <global> = TestIF_File.x	MyYieldPanel[0]->fPassYieldART              =	
LOW	uYieldMonitoring.cpp	3187	3189	1	G-YM-Panel		GATE(G-YM-Panel) -- MyYieldPanel[] is a TfYieldMonitoring form member (golden uYieldMonitoring.h) and this tree's facade does not carry it. ⚠ SPLIT ON PURPOSE: golden chains `MyYieldPanel[0]->x = <global> = TestIF_File.x	MyYieldPanel[0]->bEnableOpenShortART        =	
LOW	uYieldMonitoring.cpp	3192	3194	1	G-YM-Panel		GATE(G-YM-Panel) -- MyYieldPanel[] is a TfYieldMonitoring form member (golden uYieldMonitoring.h) and this tree's facade does not carry it. ⚠ SPLIT ON PURPOSE: golden chains `MyYieldPanel[0]->x = <global> = TestIF_File.x	MyYieldPanel[0]->fOpenShortYieldART         =	
LOW	uYieldMonitoring.cpp	3198	3200	1	G-YM-Panel		GATE(G-YM-Panel) -- MyYieldPanel[] is a TfYieldMonitoring form member (golden uYieldMonitoring.h) and this tree's facade does not carry it. ⚠ SPLIT ON PURPOSE: golden chains `MyYieldPanel[0]->x = <global> = TestIF_File.x	MyYieldPanel[0]->bEnableRecoverART          =	
LOW	uYieldMonitoring.cpp	3203	3205	1	G-YM-Panel		GATE(G-YM-Panel) -- MyYieldPanel[] is a TfYieldMonitoring form member (golden uYieldMonitoring.h) and this tree's facade does not carry it. ⚠ SPLIT ON PURPOSE: golden chains `MyYieldPanel[0]->x = <global> = TestIF_File.x	MyYieldPanel[0]->fRecoverYieldART           =	
LOW	uYieldMonitoring.cpp	3211	3213	1	G-YM-Panel		GATE(G-YM-Panel) -- MyYieldPanel[] not on this tree's facade. Pure widget write, nothing else on the line.	MyYieldPanel[0]->ReTestLimit->ItemIndex     =iAutoRetestLimit-1;	
LOW	uYieldMonitoring.cpp	3239	3241	1	G-YM-Panel		GATE(G-YM-Panel) -- MyYieldPanel[] not on this tree's facade. Pure widget write, nothing else on the line.	MyYieldPanel[0]->bPass[i]               =TestIF_File.bPass[i];	
LOW	uYieldMonitoring.cpp	3244	3246	1	G-YM-Panel		GATE(G-YM-Panel) -- MyYieldPanel[] not on this tree's facade. Pure widget write, nothing else on the line.	MyYieldPanel[0]->bOpenShort[i]          =TestIF_File.bOpenShort[i];	
LOW	uYieldMonitoring.cpp	3270	3289	18	G-YM-ArtWidgets		GATE(G-YM-ArtWidgets) -- 18 TfYieldMonitoring form widgets (edAutoRetestLimitFile / rgFT_ART / cbUse*FailYieldModel / ck* / pnlARTFailYiel ...) that this tree's facade does not carry. golden :3240-3257 + :3260. ⚠ The two	edAutoRetestLimitFile->Text                 =iAutoRetestLimitFile;	
LOW	uYieldMonitoring.cpp	3292	3294	1	G-YM-ArtWidgets		GATE(G-YM-ArtWidgets) -- see above; pnlARTFailYiel is the same missing facade widget.	pnlARTFailYiel->Visible=false;	
LOW	uYieldMonitoring.cpp	3518	3522	3	G-YM-Tail		GATE(G-YM-Tail) -- three separate reasons in one contiguous block, all UI-side: (a) DoIniDataToForm() -- golden :527-893, a 367-line widget populate, not translated in this tree and not on the facade; (b) fSortCT->pnlYie	DoIniDataToForm();	
LOW	uruncontrol.cpp	175	177	1	1		TODO(winmm): GATE (1) golden :45 timeBeginPeriod(1) -- see file head. No winmm link anywhere in CMakeLists.txt; this wave may not add one.	timeBeginPeriod(1);	
MEDIUM	ATC/ATCInterface.cpp	1287	1602	314	G-PTW6c-TMyHonPrecATCPanel.		GOLDEN VERBATIM -- golden ATC/ATCInterface.cpp:961-1274 (314 lines).  GATE G-PTW6c-TMyHonPrecATCPanel.  NOT COMPILED: the ACTIVE TMyHonPrecATCPanel::TMyHonPrecATCPanel() is the body immediately after this #endif.	__fastcall TMyHonPrecATCPanel::TMyHonPrecATCPanel(TComponent* Owner, int index) : TComponent(Owner)         //設定元件位置	
MEDIUM	AutoClean/AutoClean.cpp	134	136	1			PT-W7e-part2 RETIRED (DoInArm_SuckerMap): real translated body now in ainarm2.cpp	static void DoInArm_SuckerMap() {}	
MEDIUM	AutoClean/AutoClean.cpp	206	208	1			PT-W8 RETIRED (DoStructUnitConvert): real translated body now live	static void DoStructUnitConvert() {}                            // golden cUnitConvert.cpp:243 -- not yet translated	
MEDIUM	AutoClean/AutoClean.cpp	223	226	2			PT-W5f RETIRED (SocketAirCoolingStart)	void SocketAirCoolingStart() {}                                  // golden csystem.cpp:21360 -- not yet translated	
MEDIUM	Automation/AGV_E84.cpp	564	568	3			TODO(W7-UI): golden AGV.cpp:565 -- ShowMyMessageBox_YES_NO real modal dialog	ret=ShowMyMessageBox_YES_NO(asStr, "是否要修改Port狀態?");	
MEDIUM	Automation/AGV_E84.cpp	931	935	3			TODO(W7-UI): golden AGV.cpp:910 -- ShowMyMessageBox_YES_NO real modal dialog	ret=ShowMyMessageBox_YES_NO(asStr, "是否要修改Port狀態?");	
MEDIUM	Automation/HANA_ART.cpp	220	222	1			TODO(W5-comms): HHandler2Gpib.iLotStatus write (MessageDef.h MV not yet translated)	HHandler2Gpib.iLotStatus=(bRun)?1:0;	
MEDIUM	Automation/HANA_ART.cpp	230	233	2			TODO(W5-comms): HHandler2Gpib.iStatus[0]/iLotStatus write (MessageDef.h MV not yet translated)	HHandler2Gpib.iStatus[0]=iCmd;	
MEDIUM	Automation/HANA_ART.cpp	241	244	2			TODO(W5-comms): HHandler2Gpib.iStatus[0]/iLotStatus write (MessageDef.h MV not yet translated)	HHandler2Gpib.iStatus[0]=0;	
MEDIUM	Automation/HANA_ART.cpp	797	807	9			TODO(W5-comms): HHandler2Gpib.Site[MAX_SOCKET_TOTAL] fill (MessageDef.h MV not yet translated)	for(int i=0; i<MAX_SOCKET_TOTAL; i++)                                       //Steven 20250415 : HANA ART Function	
MEDIUM	Automation/HANA_ART.cpp	840	850	9			TODO(W5-comms): HHandler2Gpib.Site[MAX_SOCKET_TOTAL] fill (MessageDef.h MV not yet translated)	for(int i=0; i<MAX_SOCKET_TOTAL; i++)                                       //Steven 20250415 : HANA ART Function	
MEDIUM	Automation/HANA_ART.cpp	1006	1018	11			TODO(W3+W5-comms): TMyStringList (slHanaTrayMap) body -- incomplete type in this tree	AnsiString str;	
MEDIUM	Automation/HANA_ART.cpp	1032	1090	57			TODO(W5-comms): TfFTP / FileInfo / slHanaTrayMap[].sLast* -- none translated yet	int iReturn=HS_ERR_NoError;	
MEDIUM	Automation/MesWebService.cpp	95	122	26			TODO(SOAP-RIO): no THTTPRIO / QueryInterface substrate -- see file head.	static const char* defWSDL= "http://192.168.10.216/vt_mes/MesWebService.asmx?WSDL";	
MEDIUM	Automation/MesWebService.cpp	135	140	4			TODO(SOAP-RIO): no InvRegistry()/__interfaceTypeinfo substrate -- see file head.	/* MesWebServiceSoap */	
MEDIUM	Automation/SCK_TUTS.cpp	122	148	25			TODO(SOAP-RIO): no THTTPRIO / QueryInterface substrate -- see file head.	static const char* defWSDL= "http://10.20.20.32/cimreport/ws/sip1.asmx?WSDL";	
MEDIUM	Automation/SCK_TUTS.cpp	161	166	4			TODO(SOAP-RIO): no InvRegistry()/__interfaceTypeinfo substrate -- see file head.	/* SIP1Soap */	
MEDIUM	Automation/uRENESAS_Server.cpp	150	152	1			banner GATE [G4] (no such event slot on vclcompat::TServerSocket; both / golden handler bodies are empty, so this is a zero-behaviour-delta / gate).	ServerSocket->OnListen=OnProcSocketListen;	
MEDIUM	Automation/uRENESAS_Server.cpp	155	157	1				ServerSocket->OnClientWrite=OnProcSocketWrite;	
MEDIUM	Automation/uRENESAS_Server.cpp	3006	3008	1			file banner GATE [G5] (mymessbox.h/.cpp not translated / anywhere in the port tree; `ret` faithfully keeps its -1 / default through this gate).	ret=ShowLotEndMessage(str, str2, false);	
MEDIUM	Automation/uRENESAS_Server.cpp	3016	3018	1			[G5]: golden `ret=ShowLotEndMessage("The number of receipts and / the number of Lots(QTY) do not match.\r\n Want to supply / untested products?", "", false);` -- see file banner GATE [G5].	ret=ShowLotEndMessage("The number of receipts and the number of Lots(QTY) do not match.\r\n Want to supply untested products?", "", false);	
MEDIUM	Automation/uRENESAS_Server.cpp	3207	3233	25				this->Caption="Reply FTCT Error Command";	
MEDIUM	Automation/uRENESAS_Server.cpp	3270	3300	29				this->Caption="(FTCT) Waiting After Reply 71 Command";	
MEDIUM	BarCode/BarCode.cpp	215	217	1	G-BC-CBCHECKSUM		GATE(G-BC-CBCHECKSUM) -- cbCheckSum is a golden TfBarCode WIDGET; this class carries no widgets. Display only -- the paired TestIF_File.bCheckSum=false on the line above stays ACTIVE, so the DATA half of this else-arm is	cbCheckSum->Visible             =false;	
MEDIUM	BarCode/BarCode.cpp	312	314	1	G-BC-EDBARCODENO		GATE(G-BC-EDBARCODENO) -- ed_BarCodeNo is a golden TfBarCode WIDGET.  ⚠ This is the ONLY one of the 86 ReadIniData calls that is gated, and it costs nothing: its sole destination IS the widget -- it writes no TestIF_File	ed_BarCodeNo->Text                  =ReadIniData(szDir, sGroup, "Bar Code Text", AnsiString("ABCDEFGHIJKLMNOP"));	
MEDIUM	BarCode/BarCode.cpp	381	394	12	G-BC-SAVESUMMARY		GATE(G-BC-SAVESUMMARY) -- fMain->pnlSaveSummary has no port (0 hits tree-wide).  Pure visibility of the manual save-summary panel.  The whole #ifdef SOFT_SIMULTE / #else / #ifdef BETA_VERSION ladder is gated as one block	#ifdef SOFT_SIMULTE	
MEDIUM	BarCode/BarCode.cpp	400	402	1	G-BC-SERVERPATH1		GATE(G-BC-SERVERPATH1) -- lbfinalpathShow (widget) and GetBarcodeByServerData() (0 hits tree-wide). The two TestIF_File assignments above it -- bCheckCodeByServer2DID and asMes2DID_URL -- stay ACTIVE.	lbfinalpathShow->Caption          =GetBarcodeByServerData();	
MEDIUM	BarCode/BarCode.cpp	407	409	1	G-BC-SERVERPATH2		GATE(G-BC-SERVERPATH2) -- same widget as G-BC-SERVERPATH1, else-arm.  TestIF_File.bCheckCodeByServer2DID=false above it stays ACTIVE.	lbfinalpathShow->Caption="None";	
MEDIUM	BarCode/BarCode.cpp	470	472	1	G-BC-SETVISIBLE		GATE(G-BC-SETVISIBLE) -- TfBarCode::SetVisible() -- a golden member this partial class does not carry.  It is a widget-visibility sweep over the barcode form; no TestIF_File field is written by it.	SetVisible();	
MEDIUM	BarCode/BarCode.cpp	486	488	1	G-BC-OCRSTATE		GATE(G-BC-OCRSTATE) -- fMain->ShowOCRState() has no port (0 hits tree-wide).  Display only.  The four fMain->SendMSG_CMD calls above it are NOT gated -- SendMSG_CMD and MSG_CMD_{Enable,Disable}{BarCode,Pin1Function} all 	fMain->ShowOCRState(0);	
MEDIUM	BarCode/BarCode.cpp	491	495	3	G-BC-TAIL		GATE(G-BC-TAIL) -- three golden TfBarCode members this partial class does not carry: Change2DSetupFile (already gated at forms/fLotInfo.cpp:5622 for the same reason), SetSFCCheckStepCount, mtBarcodeSetDefaultView.  All t	Change2DSetupFile();	
MEDIUM	BarCode/BarCode_8CCD_Glue.cpp	113	115	1			TODO(W7-FormsFacade) golden BarCode.cpp:9553 -- fMain->cbSetupFileName->Text (TComboBox*, no FormsFacade member yet)	AnsiString Glue8CCD_GetSetupFileNameText() { return fMain->cbSetupFileName->Text; }	
MEDIUM	BarCode/BarCode_8CCD_Glue.cpp	118	120	1			TODO(W7-FormsFacade) golden BarCode.cpp:9553 -- fLotInfo->edtBarcodeRecipe->Text (TEdit*, no FormsFacade member yet)	AnsiString Glue8CCD_GetBarcodeRecipeText() { return fLotInfo->edtBarcodeRecipe->Text; }	
MEDIUM	BarCode/BarCode_Bottom2DID.cpp	173	177	3			TODO(W7) golden BarCode.cpp:5903-5972 -- needs memoCCDCommLog (VCL	/* full body verbatim in golden BarCode.cpp:5903-5972 */	
MEDIUM	BarCode/BarCode_Bottom2DID.cpp	197	200	2			TODO(W5-BarCode-socket) golden BarCode.cpp:5305 -- needs vclcompat	/* full body verbatim in golden BarCode.cpp:5305-5610ish */	
MEDIUM	BarCode/BarCode_Bottom2DID.cpp	268	272	3			TODO(W7) golden BarCode.cpp:7006-7091 -- needs Tech.iBottom2DIDInX/InY	/* full body verbatim in golden BarCode.cpp:7006-7091 */	
MEDIUM	BarCode/BarCode_Bottom2DID.cpp	373	380	6			TODO(W7) golden BarCode.cpp:5854-5859 -- fLotInfo->sgBarcode (VCL	fLotInfo->sgBarcode->Cells[1+i][1]=iNeedBarcodeCount[i];	
MEDIUM	BarCode/BarCode_Bottom2DID.cpp	397	399	1			TODO(W7) golden BarCode.cpp:5875 -- fLotInfo->sgBarcode Cells[] UI write.	fLotInfo->sgBarcode->Cells[1+i][4]=str.c_str();	
MEDIUM	BarCode/BarCode_Bottom2DID.cpp	411	418	6			TODO(W7) golden BarCode.cpp:5883-5887 -- fLotInfo->sgBarcode Cells[] UI writes.	fLotInfo->sgBarcode->Cells[5][1]=Count1;	
MEDIUM	BarCode/BarCode_Bottom2DID.cpp	960	964	3			TODO(W7) golden BarCode.cpp:3623-3624 -- fLotInfo->mtBarcodeInShLotInfo	fLotInfo->mtBarcodeInShLotInfo->SetCellNumber(0, 1, "");	
MEDIUM	BarCode/BarCode_Bottom2DID.cpp	992	995	2			TODO(W7) golden BarCode.cpp:3644-3645 -- fLotInfo->mtBarcodeInShLotInfo UI write.	fLotInfo->mtBarcodeInShLotInfo->SetCellNumber(1, 1, "");	
MEDIUM	BarCode/BarCode_Bottom2DID.cpp	1254	1273	18			TODO(W7) golden BarCode.cpp:3891-3903 -- fNote->t2DCode (VCL grid on	fNote->t2DCode->Visible=true;	
MEDIUM	BarCode/BarCode_Bottom2DID.cpp	1344	1359	14			TODO(W7) golden BarCode.cpp:4142-4154 -- fNote->t2DCode (see case 3600 note).	fNote->t2DCode->Visible=true;	
MEDIUM	BarCode/BarCode_Bottom2DID.cpp	1449	1464	14			TODO(W7) golden BarCode.cpp:4062-4074 -- fNote->t2DCode (see case 3600 note).	fNote->t2DCode->Visible=true;	
MEDIUM	BarCode/BarCode_Bottom2DID.cpp	1510	1513	2			TODO(W7-file) golden BarCode.cpp:4102 -- WriteDataToFile (common.h,	WriteDataToFile(asBarCodeLot, list2DByLot->Text);               //Steven 20160429 : 開程式要把2D List讀回來	
MEDIUM	BarCode/BarCode_Helpers.cpp	65	71	5			TODO(W5-BarCode-Helpers-socket) golden BarCode.cpp:11594-11595 -- needs	socketClient=new uSocketClient();	
MEDIUM	BarCode/BarCode_Helpers.cpp	81	84	2			TODO(W5-BarCode-Helpers-socket) golden BarCode.cpp:11600 -- delete the	delete socketClient;	
MEDIUM	BarCode/BarCode_Helpers.cpp	106	112	5			TODO(W5-BarCode-Helpers-socket) golden BarCode.cpp:11617-11619 -- needs	if(socketClient->IsConnected()==false)	
MEDIUM	BarCode/BarCode_Helpers.cpp	114	119	4			TODO(W5-BarCode-Helpers-socket) golden BarCode.cpp:11622 -- needs	bflag=socketClient->SendCommand(asCommand.c_str(),asCommand.WideCharBufSize());	
MEDIUM	BarCode/BarCode_Helpers.cpp	133	139	5			TODO(W5-BarCode-Helpers-socket) golden BarCode.cpp:11629 -- restore the	RecMsgCCDUnloaderClip("[Send Error]"+asCommand+"[IP]"+socketClient->GetSocketAddress()+"[Port]"+socketClient->GetSocketPort());	
MEDIUM	BarCode/BarCode_Helpers.cpp	180	187	6			TODO(W5-BarCode-Helpers-socket) golden BarCode.cpp:11651 -- needs	return socketClient->SetCommParameter(asAddress,asPort);	
MEDIUM	BarCode/BarCode_Helpers.cpp	194	199	4			TODO(W5-BarCode-Helpers-socket) golden BarCode.cpp:11658 -- needs	return socketClient->DoOpenCommuncation();	
MEDIUM	BarCode/BarCode_Helpers.cpp	206	209	2			TODO(W5-BarCode-Helpers-socket) golden BarCode.cpp:11665 -- needs	socketClient->Close();	
MEDIUM	Command.cpp	1243	1263	19			not a behavior guess. The ELSE branch below (IndexStatus/iContactMode/ / iIndexArm/CONTACT_NORMAL -- all real, confirmed available) is translated / ACTIVE and unconditional.	if(fContact->fShow)                                                         //Ifor 20240612 add:避免Contact Mode 資料回覆錯誤	
MEDIUM	Command.cpp	1931	1934	2			Faithful offline default: ret stays whatever SetTemp() returned (0 on the / offline-success path), which already drives the SETTINGOK/SETTINGNG reply / below exactly as if ChangeTempMode had itself succeeded.	if(ret==0)	
MEDIUM	Command.cpp	1952	1955	2	FW3-WA		GATE(FW3-WA) golden :1607 -- same ChangeTempMode absence as above (see that / GATE's full citation); ret is left as SetTemp()'s own return value.	if(ret==0)	
MEDIUM	Command.cpp	1991	2004	12	FW3-WA		GATE(FW3-WA) golden :1656 `if(fContact->fShow)` -- same fContact absence as / PERSITETemperatureStrings' identical construct above (see that function's / GATE for the full citation); faithful offline default is the ELSE 	if(fContact->fShow)                                                         //Ifor 20240612 add:避免Contact Mode 資料回覆錯誤	
MEDIUM	Command.cpp	2037	2057	19				if(iATC_Use_Heat_Count<=4)	
MEDIUM	Command.cpp	2062	2082	19				if(iATC_Use_Heat_Count<=4)	
MEDIUM	Command.cpp	2087	2089	1				ATC_InterfaceForm->SetAllTemp(dbSetATCTemp);	
MEDIUM	Command.cpp	2097	2099	1				ATC_InterfaceForm->SetAllTemp(dbSetATCTemp);	
MEDIUM	Command.cpp	2111	2113	1			this EXACT golden call under the same reasoning ("the METHOD is missing, not / the object"). Re-verified 20260817 22:39: grep -rn "SetATCOffset" forms/*.h / returns zero hits.	fLotInfo->SetATCOffset(true);                                               //WriteSetTestTempStatus	
MEDIUM	Command.cpp	2941	2943	1			under tools/dfm2rc/, no translated logic header/source at all). No ADAM DLL / binding exists offline to read a value from, so `t` stays empty (SendMSG_CMD / below is itself an offline no-op sink either way).	t.sprintf("%d PA\r", ADAM_ReadPA(&dValue));                                 //wei 20220309 Add EP Return Voltage	
MEDIUM	Command.cpp	3245	3247	1			the live IniConfig.sN27_TesterID global (just below) are both already / real and un-gated, so the ONLY thing elided here is a text box that / renders nowhere offline.	fConfiguration->edN27_6->Text=asCmd;	
MEDIUM	Command.cpp	3454	3466	11			grid cell, so it is faithfully in the SAME state golden's own empty-cell arm / already handles: `Cells[3][1]==""` -> return "0". Whole body collapses to / that arm rather than gating a single unreachable branch.	if(fShowBinSelect->UPH_StringGrid->Cells[3][1]=="")                         //Sam 20231205 : 修正 NOVATEK 指令	
MEDIUM	Command.cpp	3490	3502	11			it is faithfully in the SAME state golden's own empty-cell arm already / handles: `Cells[4][11]==""` -> return "0". Whole body collapses to that arm / (same reasoning as the sibling UPHStrings() just above).	if(fObserver->TimeInfoGrid->Cells[4][11]=="")                               //Sam 20231205 : 修正 NOVATEK 指令	
MEDIUM	Command.cpp	3690	3692	1			only, no edMaxTestTime -- grep -n "edMaxTestTime" --include=*.h . -- 20260817 / 22:39 -- zero hits). Pure UI-mirror write: TestIF_File.iMaxTime (just above) / and the WriteIniData persistence (just below) are both real a	FTestIF->edMaxTestTime->Text=TestIF_File.iMaxTime;	
MEDIUM	Command.cpp	3717	3719	1	FW3-WA		GATE(FW3-WA) golden :12494 `FTestIF->edInitialMaxTest->Text=...` -- same / FTestIF absence as SetMaxTest() above (see that GATE for the full citation).	FTestIF->edInitialMaxTest->Text=TestIF_File.iInitialMaxTime;	
MEDIUM	Command.cpp	8664	8666	1			explicitly forms/fShowBinSelect.h's own documented "WAVE B QUEUE" item / (golden span :388-757, ~250-widget ctor-population surface; see that / header's line 62) -- not yet translated, no stand-in.	fShowBinSelect->ShowBinSel();	
MEDIUM	Command.cpp	9149	9153	3			hits, 20260818). `fMain->ShowTestHeadComp(true)` right after IS a real / TfMain method (forms/fMain.h:156, empty body from an earlier wave) and / stays ACTIVE un-gated.	fSetup->ScrollBar1Change(this);	
MEDIUM	Command.cpp	9630	9632	1			Faithful offline default: `ret` stays whatever SetTemp() returned / above (0 on the offline-success path), driving the same "0 -> return 0" / path below exactly as if ChangeTempMode had itself succeeded.	ret=ChangeTempMode(iTempMode, false, bRefreshFunction, true, true);	
MEDIUM	Command.cpp	9722	9738	15			happen offline with no FTP-client form; this is a translator decision / (not a golden-observed value) documented here per pt-wave policy, not a / silent invention.	fFTPClient->bControlBySECSGEM=true;	
MEDIUM	Command.cpp	9839	9841	1			it here. ACTIVE DEFAULT: return 0 unconditionally, exactly as golden's / own body does immediately after the (gated) clear call -- there is no / separate success/failure branch to preserve.	fCounterClear->ClearCount(ctTraySortCount);	
MEDIUM	Command.cpp	9888	9892	3	in		buffer-place pre-alarm dialog AND zero-in-unloader coincide -- same / "no such subsystem is live offline" posture as every other GATE in / this wave. `fNote->fShow` (the second disjunct) is real and ACTIVE.	if(((MyMessageBox->fShow==true && iUnLoaderCount==0) || fNote->fShow==true) && bAlarmReset==false)	
MEDIUM	Command.cpp	10240	10269	28				if(fTeach->fShow     || fMotorTest->fShow    || fShuttleMove->fShow      ||	
MEDIUM	Command.cpp	11460	11462	1	7			WriteIniData(szDir, "Mode", "Mode", 1);                     // GATE 7: shared config write (DataPath family) -- user ruling 20260824: stays 	
MEDIUM	Command.cpp	11472	11474	1	7			WriteIniData(szDir, "Mode", "Mode", 0);                         // GATE 7: shared config write (DataPath family) -- user ruling 20260824: st	
MEDIUM	Command.cpp	11924	11927	2	FW3-WD		GATE(FW3-WD) golden :11086 -- see GATE REGISTER item 9 above. / `ret` stays its declared default `false`.	if(fFTPClient->CheckSetupFileNameFromServer(asChangeSetupFileName)==true)   //KaiChen 20181129 ：Add FTP Downlaod Setup File by GPIB Command	
MEDIUM	Command.cpp	11963	11982	18	FW3-WD		GATE(FW3-WD) golden :11120-11127 -- see GATE REGISTER item 10 above. / Faithful default: no download channel exists offline, so the recipe / change cannot have succeeded.	fFTPClient->bControlByGPIB=true;        //KaiChen 20181129 ：Add FTP Downlaod Setup File by GPIB Command	
MEDIUM	Command.cpp	12161	12166	4	FW3-WD		GATE(FW3-WD) golden :11302-11305 -- see GATE REGISTER item 12 above / and the RISK NOTE at the top of this wave's banner.	bBackupState=cbRunStartMode->Enabled;	
MEDIUM	Command.cpp	12176	12181	4	FW3-WD		GATE(FW3-WD) golden :11313-11316 -- see GATE REGISTER item 12 above / and the RISK NOTE at the top of this wave's banner.	bBackupState=cbRunStartMode->Enabled;	
MEDIUM	Command.cpp	12210	12214	3			above. `ret` keeps its declared default `""`, so the reply below / naturally resolves to "SETTINGNG" -- a faithful "did not happen" / outcome, not a fabricated success.	fLotInfo->GenerateCheckList(false, sCheckListName, true);	
MEDIUM	Command.cpp	12225	12227	1				fLotInfo->RefreshYieldMonitor();	
MEDIUM	Command.cpp	12471	12474	2	FW3-WD		GATE(FW3-WD) golden :11588-11589 -- see GATE REGISTER items / 16-17 above (config\ shared config write; fConfiguration / absence).	WriteIniData(sPath, "Function", "bA32EnableFTPAutomation", 1);      // shared config write (hardcoded AuthPath, NOT dry-covered -- GATE7-V) 	
MEDIUM	Command.cpp	12483	12485	1	FW3-WD		GATE(FW3-WD) golden :11595/:11597 -- see GATE REGISTER items / 16-17 above (config\ shared config write; fConfiguration / absence).	WriteIniData(sPath, "Function", "bA32EnableFTPAutomation", 0);      // shared config write (hardcoded AuthPath, NOT dry-covered -- GATE7-V) 	
MEDIUM	Command.cpp	12487	12489	1				fConfiguration->cbA32->Checked=false;	
MEDIUM	Command.cpp	12498	12500	1	FW3-WD		GATE(FW3-WD) golden :11605 -- see GATE REGISTER item 18 above.	fLotInfo->RefreshYieldMonitor();	
MEDIUM	Command.cpp	12707	12709	1	7-V			WriteIniData(sLastFilePath, "Site Yield Alarm", "Site Yield Compare Count",iCount);     // shared config write (DataPath family) -- user rul	
MEDIUM	Command.cpp	12711	12713	1	7-V			WriteIniData(sLastFilePath, "Low Yield Alarm", "By Total Count",iCount);                // shared config write (DataPath family) -- user rul	
MEDIUM	Command.cpp	12718	12720	1	7-V			WriteIniData(sLastFilePath, "Site Yield Alarm", "Site Yield Compare Count RT",iCount);  // shared config write (DataPath family) -- user rul	
MEDIUM	Command.cpp	12722	12724	1	7-V			WriteIniData(sLastFilePath, "Low Yield Alarm", "By Total Count RT",iCount);             // shared config write (DataPath family) -- user rul	
MEDIUM	Command.cpp	12867	12869	1	FW3-WD		GATE(FW3-WD) golden :11943 -- see GATE REGISTER item 21 above.	fLotInfo->RefreshYieldMonitor();	
MEDIUM	Command.cpp	12937	12942	4	FW3-WD		GATE(FW3-WD) golden :12008-12011 -- see GATE REGISTER / items 22-23 above (IniData\ shared config write; / fYieldMonitoring absence).	WriteIniData(szDir, "Alarm", "HeadCT",   iFailCount);       // shared config write (DataPath family) -- user ruling 20260824: stays gated (G	
MEDIUM	Command.cpp	12955	12962	6	7-V		`rbContsFailByHead_FTOff->Checked=TestIF_File. / bContsFailByHead;` (no `!`) is preserved verbatim inside / this (already-gated) block -- see the banner's B6 citation.	WriteIniData(szDir, "Alarm", "SocketEnable", iOn);              // shared config write (DataPath family) -- user ruling 20260824: stays gate	
MEDIUM	Command.cpp	12976	12981	4	FW3-WD		GATE(FW3-WD) golden :12035-12038 -- see GATE REGISTER / items 22-23 above (IniData\ shared config write; / fYieldMonitoring absence).	WriteIniData(szDir, "Alarm", "HeadCT RT",   iFailCount);    // shared config write (DataPath family) -- user ruling 20260824: stays gated (G	
MEDIUM	Command.cpp	12994	13001	6	7-V		`rbContsFailByHead_RTOff->Checked=TestIF_File. / bContsFailByHead_RT;` (no `!`) is preserved verbatim inside / this (already-gated) block -- see the banner's B6 citation.	WriteIniData(szDir, "Alarm", "SocketEnable RT", iOn);           // shared config write (DataPath family) -- user ruling 20260824: stays gate	
MEDIUM	Command.cpp	13007	13009	1	FW3-WD		GATE(FW3-WD) golden :12056 -- see GATE REGISTER item 24 above.	fLotInfo->RefreshYieldMonitor();	
MEDIUM	Command.cpp	13494	13496	1	FW3-WE		GATE(FW3-WE) golden :12615 -- see GATE REGISTER item 2 above.	fMain->Memo2->Lines->Add(s);	
MEDIUM	Command.cpp	13706	13708	1	FW3-WE		GATE(FW3-WE) golden :14339 -- see GATE REGISTER item 7 above.	fLotInfo->SetLotEnd(__FUNC__);	
MEDIUM	Command.cpp	13710	13712	1	FW3-WE		GATE(FW3-WE) golden :14340 -- see GATE REGISTER item 8 above.	fLotInfo->edtBarcodeRecipe->Enabled=false;                          //==> Eastsun 20260527 整合#027-2.MR.M1 SECS LotEnd lock BarcodeRecipe :KY	
MEDIUM	Command.cpp	13828	13833	4	FW3-WE		GATE(FW3-WE) golden :14442-14447 -- see GATE REGISTER item 10 / above (whole FTestSuck.HasNotTestYet() selector).	if(FTestSuck.HasNotTestYet())	
MEDIUM	Command.cpp	13839	13844	4	FW3-WE		GATE(FW3-WE) golden :14449-14454 -- see GATE REGISTER item 11 / above (whole BTestSuck.HasNotTestYet() selector).	if(BTestSuck.HasNotTestYet())	
MEDIUM	Command.cpp	13905	13912	6	FW3-WE		GATE(FW3-WE) golden :14513-14518 -- see GATE REGISTER item 12 / above.	fFixAICCD->chkEnableFix2AICCD->Checked          =TestIF_File.bEnableFix2BGAAICCD;	
MEDIUM	Command.cpp	13916	13923	6	FW3-WE		GATE(FW3-WE) golden :14520-14525 -- see GATE REGISTER item 13 / above (IniData\ shared config write).	WriteIniData(szDir, "Configuration", "Fix2 AI CCD Enable",                  TestIF_File.bEnableFix2BGAAICCD);	
MEDIUM	Command.cpp	14066	14068	1	FW3-WE		GATE(FW3-WE) golden :14666 -- see GATE REGISTER item 14 above / (established precedent GATE H3-5, csystem.cpp:29014).	ATC_InterfaceForm->SetOffset(iATC_Use_Heat_Count, dbATC_Offset);        //TransformTcGPIBData, not using	
MEDIUM	Command.cpp	14479	14484	4	FW3-WE		GATE(FW3-WE) golden :15071-15074 -- see GATE REGISTER item 16 / above.	fFTPClient->bControlByGPIB=true;	
MEDIUM	Command.cpp	14665	14667	1	FW3-WE		GATE(FW3-WE) golden :15254 -- see GATE REGISTER item 17 above.	ATC_InterfaceForm->ReadTCWaterValue();	
MEDIUM	Command.cpp	14892	14894	1			keeps the value `HasICUnderMachine()` already gave it above / (`false` -- this branch only runs when that is true) instead of / being reassigned by the never-wave ChangeToSiteMap.	ret=ChangeToSiteMap(str);	
MEDIUM	Command.cpp	14909	14914	4	FW3-WF		AI(ht9045-v899) 20260428: GPIB SETSITEMAP_ 變更 site 後，立即重寫 GTK info.txt 的 RunSite， / 涵蓋 IPSC 只動 runtime 旗標 / 不寫回 LastSet 的時序差。 / GATE(FW3-WF) golden :5334-5337 -- see GATE REGISTER item 2 above.	if(ret && CUSTOMER_CODE==CC_Greatek && fProductionInfo!=NULL)	
MEDIUM	Command.cpp	14939	14944	4	FW3-WF		GATE(FW3-WF) golden :5359-5362 -- see GATE REGISTER item 3 above. / `ret` keeps its declared initial value (`false`) -- both arms call / never-wave exclusions.	if(IniConfig.bSIGURDFunction)	
MEDIUM	Command.cpp	15820	15824	3	W906-FW-CMD-C		GATE(W906-FW-CMD-C) golden :7826-7828 -- see ABSENCE GATE REGISTER item A1.	fSetup->ScrollBar1Change(this);	
MEDIUM	Command.cpp	16045	16047	1	W906-FW-CMD-C		GATE(W906-FW-CMD-C) golden :8040 -- see ABSENCE GATE REGISTER item A3.	fYieldMonitoring->btnApplyClick(this);	
MEDIUM	Command.cpp	16303	16305	1	W906-FW-CMD-C		GATE(W906-FW-CMD-C) golden :8287 -- see ABSENCE GATE REGISTER item A3.	fYieldMonitoring->btnApplyClick(this);	
MEDIUM	Command.cpp	16357	16359	1	W906-FW-CMD-C		SAFETY-GATE(W906-FW-CMD-C) golden :9700 -- see SAFETY GATE / REGISTER item S1. Remote command channel must not autonomously / start the machine; not wired.	fMain->Start("RemoteControl Start");	
MEDIUM	Command.cpp	16367	16369	1	W906-FW-CMD-C		SAFETY-GATE(W906-FW-CMD-C) golden :9706 -- see SAFETY GATE REGISTER / item S1.	fMain->Pause("RemoteControl Reset");	
MEDIUM	Command.cpp	16377	16379	1	W906-FW-CMD-C		SAFETY-GATE(W906-FW-CMD-C) golden :9712 -- see SAFETY GATE REGISTER / item S1.	fMain->Pause("RemoteControl Pause");	
MEDIUM	Command.cpp	16606	16608	1	W906-FW-CMD-C		GATE(W906-FW-CMD-C) golden :12978 -- see ABSENCE GATE REGISTER item A9.	sSendMes.sprintf("HTSR,208,TestTime,%0.1f,",atof(fObserver->TimeInfoGrid->Cells[3][14].c_str()));	
MEDIUM	Command.cpp	16613	16615	1	W906-FW-CMD-C		GATE(W906-FW-CMD-C) golden :12982 -- see ABSENCE GATE REGISTER item A9.	sSendMes.sprintf("HTSR,209,IndexTime,%0.1f,",atof(fObserver->TimeInfoGrid->Cells[5][11].c_str()));	
MEDIUM	Command.cpp	16628	16630	1	W906-FW-CMD-C		GATE(W906-FW-CMD-C) golden :12994 -- see ABSENCE GATE REGISTER item A4.	sSendMes.sprintf("HTSR,211,%0.2f,",atof(fContact->edAirForce->Text.c_str()));	
MEDIUM	Command.cpp	16635	16637	1	W906-FW-CMD-C		GATE(W906-FW-CMD-C) golden :12998 -- see ABSENCE GATE REGISTER item A4.	sSendMes.sprintf("HTSR,212,%0.2f,",atof(fContact->edForcePerDeviceKG->Text.c_str()));	
MEDIUM	Command.cpp	16792	16796	3	W906-FW-CMD-C		GATE(W906-FW-CMD-C) golden :13151-13153 -- see ABSENCE GATE / REGISTER item A5.	fFTPClient->bControlBySECSGEM=true;	
MEDIUM	Command.cpp	16855	16858	2	W906-FW-CMD-C		GATE(W906-FW-CMD-C) golden :13210-13214 -- see ABSENCE GATE / REGISTER item A3.	fYieldMonitoring->rbContsFailBySocket_FTOn->Checked=true;	
MEDIUM	Command.cpp	16861	16863	1				fYieldMonitoring->btnApplyClick(fYieldMonitoring);	
MEDIUM	Command.cpp	16870	16873	2	W906-FW-CMD-C		GATE(W906-FW-CMD-C) golden :13219-13223 -- see ABSENCE GATE / REGISTER item A3.	fYieldMonitoring->rbContsFailBySocket_FTOff->Checked=true;	
MEDIUM	Command.cpp	16876	16878	1				fYieldMonitoring->btnApplyClick(fYieldMonitoring);	
MEDIUM	Command.cpp	16889	16893	3	REGISTER		literal `0` directly into TrayForm.LoaderToEmptyColor[FT] (same / "mirror is missing, literal survives" shape as this tree's own / established gate precedent, e.g. FW3-WD GATE REGISTER item 4).	fTrayAssignment->RGLoader->ItemIndex=0;	
MEDIUM	Command.cpp	16901	16905	3	W906-FW-CMD-C		GATE(W906-FW-CMD-C) golden :13235/13237 -- see ABSENCE GATE / REGISTER item A6, same literal-mirror shape as HTSET,308 above.	fTrayAssignment->rgLoad_RT->ItemIndex=1;	
MEDIUM	Command.cpp	16913	16915	1	W906-FW-CMD-C		GATE(W906-FW-CMD-C) golden :13242 -- see ABSENCE GATE REGISTER item / A15 (fLotInfo->btUpload).	fLotInfo->btUpload->Visible=false;  //Eliot 2011_0815  // 2011.10.20 Q_Q Transplant form Eliot	
MEDIUM	Command.cpp	16920	16922	1	W906-FW-CMD-C		GATE(W906-FW-CMD-C) golden :13246 -- see ABSENCE GATE REGISTER item A7.	spbUserName->Caption="Supervisor";	
MEDIUM	Command.cpp	16931	16933	1	W906-FW-CMD-C		GATE(W906-FW-CMD-C) golden :13254 -- see ABSENCE GATE REGISTER item A7.	spbUserName->Caption="Operator";	
MEDIUM	Command.cpp	16940	16943	2	W906-FW-CMD-C		GATE(W906-FW-CMD-C) golden :13259-13260 -- see ABSENCE GATE / REGISTER item A3.	fYieldMonitoring->cbLowYield_FT->Checked=true;	
MEDIUM	Command.cpp	16950	16953	2	W906-FW-CMD-C		GATE(W906-FW-CMD-C) golden :13265-13266 -- see ABSENCE GATE / REGISTER item A3.	fYieldMonitoring->cbLowYield_FT->Checked=false;	
MEDIUM	Command.cpp	16960	16962	1	W906-FW-CMD-C		GATE(W906-FW-CMD-C) golden :13272 -- see ABSENCE GATE REGISTER item A8.	fConfiguration->cbD22_1->Checked=true;	
MEDIUM	Command.cpp	16975	16977	1	W906-FW-CMD-C		GATE(W906-FW-CMD-C) golden :13280 -- see ABSENCE GATE REGISTER item A8.	fConfiguration->cbD22_1->Checked=false;	
MEDIUM	Command.cpp	16990	16992	1	W906-FW-CMD-C		GATE(W906-FW-CMD-C) golden :13288 -- see ABSENCE GATE REGISTER item A8.	fConfiguration->coD22->ItemIndex=atoi(sData[2].c_str())-2;	
MEDIUM	Command.cpp	17008	17010	1	W906-FW-CMD-C		GATE(W906-FW-CMD-C) golden :13297 -- see ABSENCE GATE REGISTER / item A14. See this wave's RISK NOTE: sData1 still reports "RT" / even though the mode flip itself did not fire.	fMain->DoFTRTClick(true, false);                                    //RogerYang 20260410 : 整合並區分手動按下還是程式按下	
MEDIUM	Command.cpp	17016	17018	1	W906-FW-CMD-C		GATE(W906-FW-CMD-C) golden :13302 -- see ABSENCE GATE REGISTER item A14.	fMain->DoFTRTClick(false, false);                                    //RogerYang 20260410 : 整合並區分手動按下還是程式按下	
MEDIUM	Command.cpp	17175	17177	1	W906-FW-CMD-C		GATE(W906-FW-CMD-C) golden :13433 -- see ABSENCE GATE REGISTER item A4.   [AI(W906-W40-354) 20260928 (St02-E helper): stays gated -- the port's fContact is TfContactShim with no edit box, so W40 option A writes this sDat	fContact->edForcePerPinG->Text=sData[2];	
MEDIUM	Command.cpp	17315	17317	1	W906-FW-CMD-C		GATE(W906-FW-CMD-C) golden :13560 -- see ABSENCE GATE REGISTER item A10.	fCleaning->rgAutoCleanOnOff->ItemIndex=0;	
MEDIUM	Command.cpp	17345	17347	1	W906-FW-CMD-C		GATE(W906-FW-CMD-C) golden :13586 -- see ABSENCE GATE / REGISTER item A10.	fCleaning->rgAutoCleanOnOff->ItemIndex=1;	
MEDIUM	Command.cpp	17355	17357	1	W906-FW-CMD-C		GATE(W906-FW-CMD-C) golden :13592 -- see ABSENCE GATE / REGISTER item A10.	fCleaning->rgAutoCleanOnOff->ItemIndex=0;	
MEDIUM	Command.cpp	17378	17380	1	W906-FW-CMD-C		GATE(W906-FW-CMD-C) golden :13608 -- see ABSENCE GATE REGISTER item A10.	fCleaning->edContactTime->Text=sData[2];	
MEDIUM	Command.cpp	17396	17398	1	W906-FW-CMD-C		GATE(W906-FW-CMD-C) golden :13619 -- see ABSENCE GATE REGISTER item A10.	fCleaning->edACContactCount->Text=sData[2];	
MEDIUM	Command.cpp	17414	17416	1	W906-FW-CMD-C		GATE(W906-FW-CMD-C) golden :13630 -- see ABSENCE GATE REGISTER item A10.	fCleaning->edIntervalContact->Text=sData[2];	
MEDIUM	Command.cpp	17438	17440	1	W906-FW-CMD-C		GATE(W906-FW-CMD-C) golden :13647 -- see ABSENCE GATE REGISTER item A10.	fCleaning->edAlarmCount->Text=sData[2];	
MEDIUM	Command.cpp	17461	17463	1	W906-FW-CMD-C		GATE(W906-FW-CMD-C) golden :13661 -- see ABSENCE GATE REGISTER / item A10. See this wave's RISK NOTE: sData1 still reports "OK" / even though the reset click did not fire.	fCleaning->btnResetCleanCountClick(fCleaning);	
MEDIUM	Command.cpp	17490	17499	8			contract), so this whole true-arm is unreachable offline / regardless; gated as one unit rather than fabricating a / compileable stand-in for the absent flags.	if(fNote->fShow && fNote->bNeedTCPAlarm)	
MEDIUM	Command.cpp	17509	17520	10	W906-FW-CMD-C		GATE(W906-FW-CMD-C) golden :13692-13699 -- see ABSENCE GATE / REGISTER item A12, same fShow-always-false reasoning as HTSET,519 / above.	if(fNote->fShow && fNote->bNeedTCPAlarm)	
MEDIUM	Command.cpp	17556	17616	59			(`WriteLastDataFile(false)`, golden :13754) and the `fSCKART-> / Show()`/`->btnExit` absence (also item A11) inside the gated arm -- / both are moot dead code under this #if 0.	if(fSCKART->iTesterType==1 || fSCKART->iCurrentStatus!=fSCKART->iLOTSTATUS_A)	
MEDIUM	Command.cpp	17710	17723	12				if(fNote->bNeedTCPAlarm && fNote->bNeedPassWord)                    //Sam 20230613 : 通知系統 Handler 已經密碼鎖定，改為被詢問	
MEDIUM	Command.cpp	17784	17787	2	W906-FW-CMD-C		#endif / GATE(W906-FW-CMD-C) golden :13926-13927 -- see ABSENCE GATE / REGISTER item A11 (fSCKART->Show()/->btnExit).	fSCKART->Show();	
MEDIUM	Command.cpp	17888	17890	1	W906-FW-CMD-C		GATE(W906-FW-CMD-C) golden :14021 -- see ABSENCE GATE REGISTER item / A13. See this wave's RISK NOTE: the reply below still reports "OK" / even though SetLotEnd did not fire.	fLotInfo->SetLotEnd(__FUNC__);	
MEDIUM	Command.cpp	17987	17989	1	W906-FW-CMD-C		GATE(W906-FW-CMD-C) golden :14117 -- see ABSENCE GATE REGISTER item A8.	fConfiguration->cbA60_1->Checked=bOnOff;	
MEDIUM	RotateKit/aRotateKIT.cpp	241	245	3			TODO(W7): golden csystem.cpp:723 ArmCanSuck4IC -- declared csystem.h:162, no compiled body in this tree	#define W906RK_ARMCANSUCK4IC(Direct)   (ArmCanSuck4IC(Direct))	
MEDIUM	RotateKit/aRotateKIT_In.cpp	339	343	3			TODO(W7): golden RotateKit/fRotate.h:32 TRotate::DutNum -- absent from this tree's tRotateShim (aHotPlateSubstrate.h:824-832)	#define W906RKIN_DUTNUM                 (tRotate.DutNum)	
MEDIUM	RotateKit/aRotateKIT_In.cpp	346	352	5			TODO(W7): golden RotateKit/fRotate.h:45-46 TRotate::RotateKit_PitchX/_PitchY -- absent from tRotateShim	#define W906RKIN_ROTKIT_PITCHX          (tRotate.RotateKit_PitchX)	
MEDIUM	RotateKit/aRotateKIT_In.cpp	355	359	3			TODO(W7): golden RotateKit/fRotate.h:39 TRotate::RotationCount[8] -- absent from tRotateShim	#define W906RKIN_TROT_ROTATIONCOUNT(i)  (tRotate.RotationCount[i])	
MEDIUM	RotateKit/aRotateKIT_In.cpp	362	366	3			TODO(W7): golden RotateKit/fRotate.h:57 TRotate::iRotateOffset[2] -- absent from tRotateShim	#define W906RKIN_TROT_IROTATEOFFSET(i)  (tRotate.iRotateOffset[i])	
MEDIUM	RotateKit/aRotateKIT_In.cpp	369	373	3			TODO(W7): golden RotateKit/fRotate.h:135 TFrmRotate::bShowRotateBySite -- absent from forms/fRotate.h's stand-in	#define W906RKIN_SHOWROTATEBYSITE       (FrmRotate->bShowRotateBySite)	
MEDIUM	RotateKit/aRotateKIT_In.cpp	376	380	3			TODO(W7): golden ainarm2.cpp:1188 CheckInArmZ -- identifier absent from the whole port tree (ported ainarm2.cpp does not carry it)	#define W906RKIN_CHECKINARMZ()          (CheckInArmZ())	
MEDIUM	RotateKit/aRotateKIT_In.cpp	383	387	3			TODO(W7): golden csystem.cpp:723 ArmCanSuck4IC -- declared csystem.h:162, NO compiled body in this tree (same gate as RotateKit/aRotateKIT.cpp:238-242)	#define W906RKIN_ARMCANSUCK4IC(Direct)  (ArmCanSuck4IC(Direct))	
MEDIUM	RotateKit/aRotateKIT_In.cpp	413	415	1	1		TODO(W7): GATE (1) -- golden :30 iInRotateFinish -- DUPLICATE definition (this tree already defines it at acatchtray.cpp:138)	int iInRotateFinish         =0;                                                 //kevin 20130524 確保IC有放到旋轉馬達轉向  1:初始化  2:旋轉完成  3:放置SHUTTLE 0	
MEDIUM	RotateKit/aRotateKIT_In.cpp	1817	1819	1	8		TODO(W7): GATE (8) -- golden :1411 TFrmRotate::SetInRotateSpeed -- absent from forms/fRotate.h stand-in	FrmRotate->SetInRotateSpeed(ArmSpeed[InRotate].iACDCBodySP, ArmSpeed[InRotate].iBodySP);    //Steven 20170329 (wei) : Add individual rotate 	
MEDIUM	RotateKit/aRotateKIT_In.cpp	3721	3723	1	8		TODO(W7): GATE (8) -- golden :3271 TFrmRotate::SetInRotateSpeed -- absent from forms/fRotate.h stand-in	FrmRotate->SetInRotateSpeed(ArmSpeed[InRotate].iACDCBodySP, ArmSpeed[InRotate].iBodySP);    //Steven 20170329 (wei) : Add individual rotate 	
MEDIUM	RotateKit/aRotateKIT_In.cpp	3884	3887	2	12		TODO(W7): GATE (12) -- golden :3427-3428 FrmAOI->ttbInsp->iRotateKitAngOffset_In -- absent from forms/fAOI.h stand-in	if(USE_Scanner_AOI_Inspection==(int)eBtnAOI_TopBottomInstall)	
MEDIUM	RotateKit/aRotateKIT_Out.cpp	333	337	3			TODO(W7): golden RotateKit/fRotate.h:32 TRotate::DutNum -- absent from this tree's tRotateShim (aHotPlateSubstrate.h:824-832)	#define W906RKO_DUTNUM                   (tRotate.DutNum)	
MEDIUM	RotateKit/aRotateKIT_Out.cpp	340	344	3			TODO(W7): golden RotateKit/fRotate.h TRotate::bPassBinNoRotate (jou 20231020) -- absent from tRotateShim	#define W906RKO_TROT_PASSBINNOROTATE     (tRotate.bPassBinNoRotate)	
MEDIUM	RotateKit/aRotateKIT_Out.cpp	347	351	3			TODO(W7): golden RotateKit/fRotate.h TRotate::RotateKit_PitchX -- absent from tRotateShim	#define W906RKO_ROTKIT_PITCHX            (tRotate.RotateKit_PitchX)	
MEDIUM	RotateKit/aRotateKIT_Out.cpp	354	358	3			TODO(W7): golden RotateKit/fRotate.h TRotate::bUseDifferentAngle -- absent from tRotateShim	#define W906RKO_TROT_USEDIFFERENTANGLE   (tRotate.bUseDifferentAngle)	
MEDIUM	RotateKit/aRotateKIT_Out.cpp	361	365	3			TODO(W7): golden RotateKit/fRotate.h:57 TRotate::iRotateOffset[2] -- absent from tRotateShim	#define W906RKO_TROT_IROTATEOFFSET(i)    (tRotate.iRotateOffset[i])	
MEDIUM	RotateKit/aRotateKIT_Out.cpp	368	372	3			TODO(W7): golden RotateKit/fRotate.h:133 TFrmRotate::bShowRotateBySite -- absent from forms/fRotate.h's stand-in	#define W906RKO_SHOWROTATEBYSITE         (FrmRotate->bShowRotateBySite)	
MEDIUM	RotateKit/aRotateKIT_Out.cpp	375	379	3			TODO(W7): golden csystem.cpp:723 ArmCanSuck4IC -- declared csystem.h:162, NO compiled body in this tree (same gate as RotateKit/aRotateKIT.cpp:238-242 and aRotateKIT_In.cpp:382-387)	#define W906RKO_ARMCANSUCK4IC(...)       (ArmCanSuck4IC(__VA_ARGS__))	
MEDIUM	RotateKit/aRotateKIT_Out.cpp	428	430	1			TODO(integrate): golden :29 -- ALREADY DEFINED at aoutarm9045.cpp:185 (duplicate symbol)	int iOutRotateFinish        =0;                                                 //kevin 20130524 確保IC有放到旋轉馬達轉向  1:初始化  2:旋轉完成  3:放置SHUTTLE 0	
MEDIUM	RotateKit/aRotateKIT_Out.cpp	1871	1873	1			TODO(W7-form): golden :1421 FrmRotate->SetOutRotateSpeed (not on the forms/fRotate.h stand-in)	FrmRotate->SetOutRotateSpeed(ArmSpeed[OutRotate].iACDCBodySP, ArmSpeed[OutRotate].iBodySP);    //Steven 20170329 (wei) : Add individual rota	
MEDIUM	RotateKit/aRotateKIT_Out.cpp	3838	3840	1			TODO(W7-form): golden :3363 FrmRotate->SetOutRotateSpeed (not on the forms/fRotate.h stand-in)	FrmRotate->SetOutRotateSpeed(ArmSpeed[OutRotate].iACDCBodySP, ArmSpeed[OutRotate].iBodySP);    //Steven 20170329 (wei) : Add individual rota	
MEDIUM	RotateKit/aRotateKIT_Out.cpp	4010	4012	1			TODO(W7-form): golden :3522 FrmAOI->ttbInsp->iRotateKitAngOffset_Out (no ttbInsp on the forms/fAOI.h stand-in)	iAOIAngle=FrmAOI->ttbInsp->iRotateKitAngOffset_Out;	
MEDIUM	SECSGEM/uHGemClass.cpp	2094	2217	122			GOLDEN VERBATIM -- golden SECSGEM/uHGemClass.cpp:1095-1216.  INERT reference text; the live HTGem::S2F32_DateAndTimeAcknowledge follows the #endif.	void HTGem::S2F32_DateAndTimeAcknowledge()	
MEDIUM	SECSGEM/uHGemClass.cpp	3339	3340	0			TODO(W906-uHGemClass-Unlock, needs THGem::SetReceipeDirectoryAndGlobalName's Type==2 branch -- a live TDirectoryListBox directory-tree-walking widget, NOT yet in vclcompat; SV_70_UNT1_ReceipeStruct/UploadFileString are A		
MEDIUM	SECSGEM/uHGemEquipment.cpp	7371	7397	25	W8-TermCast		GATE (W8-TermCast)	TerminalDisplayIndex=0;	
MEDIUM	SECSGEM/uHGemEquipment.cpp	7420	7446	25	W8-TermCast		GATE (W8-TermCast)	TerminalDisplayIndex2=0;	
MEDIUM	SECSGEM/uHGemEquipment.cpp	7633	7647	13	W9-ExitTail		GATE (W9-ExitTail) -- golden 原文保留	Timer1->Enabled=false;                                                  //Ifor 20170428 add 關閉 SECS GEM Timer	
MEDIUM	SECSGEM/uHGemEquipment.cpp	7836	7872	35	W10-DirList		GATE (W10-DirList) -- golden 原文保留	{	
MEDIUM	SECSGEM/uHGemEquipment.cpp	8584	8618	33	W12-DirList		GATE (W12-DirList) -- golden 原文保留	{	
MEDIUM	SECSGEM/uHGemEquipment.cpp	8665	8672	6	W12-Modal		GATE (W12-Modal) -- golden 原文保留	ShowModal();	
MEDIUM	SECSGEM/uHGemHT9045.cpp	50	355	304	G-PTW6c-HT9045Gem.		GOLDEN VERBATIM -- golden SECSGEM/uHGemHT9045.cpp:66-369 (304 lines).  GATE G-PTW6c-HT9045Gem.  NOT COMPILED: the ACTIVE HT9045Gem::HT9045Gem() is the body immediately after this #endif.	HT9045Gem::HT9045Gem(AnsiString Path, THGem *HGemTmp)                           // Tmp	
MEDIUM	SECSGEM/uHGemHT9045.cpp	569	575	5			defined NOWHERE in this tree, and its golden home csystem.cpp sits in ht9045_sm, / which ht9045_secsgem may not link.  Golden text kept verbatim below.  Retirement / is one edit once SaveAllFile has a body reachable from	if(CUSTOMER_CODE==CC_ASE_KaohSiung)                                         //kevin 2018905 add	
MEDIUM	SECSGEM/uHGemHT9045.cpp	1050	1957	906	REGISTER		GATE [G2], golden SECSGEM/uHGemHT9045.cpp:4478-5321 (844 lines). This is the / recipe INSTALLER; see the GATE REGISTER at the top of this block. / -------------------------------------------------------------------------	void HT9045Gem::S7F4_ProcessProgramAcknowledge()                                //Steven 20140911 : Modify S7F4 for HT9045	
MEDIUM	SECSGEM/uHGemHT9045.cpp	1965	2302	336	REGISTER.		--------------------------------------------------------------------------- / GATE [G3], golden SECSGEM/uHGemHT9045.cpp:5326-5603. See the GATE REGISTER. / ----------------------------------------------------------------	void HT9045Gem::S7F6_ProcessProgramData()                                       //Steven 20140911 : Modify S7F6 for HT9045	
MEDIUM	SECSGEM/uHGemHT9045.cpp	3236	3245	8			and DEFINED NOWHERE in this tree; the call is a link error -fsyntax-only cannot / see.  Golden text kept verbatim below.  Retirement: flip the arms once / ReadESDDataFile has a body in a CMakeLists-registered .cpp this a	if(iECID>=37800 && iECID<=37887)                                            //kevin 20181206  20180914 (Steven) : add read ESD data D:\ESD_P	
MEDIUM	SECSGEM/uHGemHT9045.cpp	3391	3408	16			ht9045_sm (Interface/TesterTCP_Socket.cpp, CMakeLists.txt:1496), an archive this / one must not link.  fLotInfo->edtSysLotID and iRunStartMode/RT ARE real -- they / are inside the gate only as arguments of the un-linkabl	if(CUSTOMER_CODE==CC_SJ_Semiconductor_OS)	
MEDIUM	SECSGEM/uHGemHT9045.cpp	3412	3423	10			GATE [E3] -- golden :843-851.  Same `fTesterTCP` finding as [E2].	if(CUSTOMER_CODE==CC_SJ_Semiconductor_OS)	
MEDIUM	SECSGEM/uHGemHT9045.cpp	3597	3617	19			GATE [E5] -- golden :1013-1021.  `fBinSel` (golden cBinSel.h) has NO ported class / or object anywhere in this tree.  The #else arm KEEPS all three case labels so the / ECIDs stay visibly recognised-but-inert instead of 	case 3616:	
MEDIUM	SECSGEM/uHGemHT9045.cpp	3687	3697	9			GATE [E7] -- golden :1080-1084.  `fSpeed` (golden cSpeed.h) has NO ported class or / object.  `bspeed` and every case label that sets it stay ACTIVE.	if(bspeed)                                                                  //kevin 20181210 add speed	
MEDIUM	SECSGEM/uHGemHT9045.cpp	3707	3728	20			TfSetup methods the deliberately one-field facade does not have / (forms/fSetup.h:69 + its :20-25 "growing the facade past measured need" refusal). / ReloadParameter() on the line above is ACTIVE.	if(ECID>=4801 && ECID<=4832)                                                //kevin 20180914 (Steven) : add read ESD data	
MEDIUM	SECSGEM/uHGemHT9045.cpp	3775	3779	3			UsecegemMainFrom.cpp:191) -- BUT in this port that free function is a SIM COUNTER / that sends nothing (SECSGEM/SecsEventReport.h:24-27), so no S6F11 reaches the host. / This is a documented STAND-IN, not an equivalent.	HGemPtr->EventReport(1, SECS_EVENT.SwitchSetupFile);	
MEDIUM	SECSGEM/uHGemHT9045.cpp	4074	4078	3			golden's own "at least one parameter is invalid" code, already used by the two / sibling `else` arms of this very `if`.  Delta: a well-formed SUBSTRATETYPE request / is NAK'd and no 2DID bin map is loaded.	HCACK=Process_2DID_BinCode(CommandStr);                                 //Steven 20231111 : 調整XML讀取	
MEDIUM	SECSGEM/uHGemHT9045.cpp	4183	4193	9			GATE [L1] -- golden :6210-6213.  `fSecurity` (golden cSecurity.h) has NO ported / class or object, and `SetLevelSet` has zero hits of any kind in this tree.  The / S9F7_IllegalData arm is a real inherited virtual (uHGemC	if(HCACK==1)	
MEDIUM	SECSGEM/uHGemHT9045.cpp	5024	5032	7	G02		===== GATE G02 -- golden SECSGEM/uHGemHT9045.cpp:1682 =====	fObserver->labBundleID->Caption=fSCKART->sBundleList;	
MEDIUM	SECSGEM/uHGemHT9045.cpp	5077	5087	9	G03		===== GATE G03 -- golden SECSGEM/uHGemHT9045.cpp:1727 =====	fSCKART->sInfo_Step=S3;	
MEDIUM	SECSGEM/uHGemHT9045.cpp	5110	5119	8	G04		===== GATE G04 -- golden SECSGEM/uHGemHT9045.cpp:1750 =====	fSCKART->sInfo_CurrQty=S3;	
MEDIUM	SECSGEM/uHGemHT9045.cpp	5289	5337	47	G06		===== GATE G06 -- golden SECSGEM/uHGemHT9045.cpp:1900-1932 =====	if(CUSTOMER_CODE==CC_JCET)                              //JerryYang 20210127 : 長電葉宏偉要求清除sort count跟yield計數	
MEDIUM	SECSGEM/uHGemHT9045.cpp	5367	5377	9	G08		===== GATE G08 -- golden SECSGEM/uHGemHT9045.cpp:1955 =====	fSortCT->ShowLoadingIC_ART();	
MEDIUM	SECSGEM/uHGemHT9045.cpp	5546	5561	14	G10		===== GATE G10 -- golden SECSGEM/uHGemHT9045.cpp:2117-2121 =====	if(fNote->fShow)	
MEDIUM	SECSGEM/uHGemHT9045.cpp	5566	5577	10	G11		===== GATE G11 -- golden SECSGEM/uHGemHT9045.cpp:2126-2130 =====	if(fNote->fShow)	
MEDIUM	SECSGEM/uHGemHT9045.cpp	5598	5676	77	G12		===== GATE G12 -- golden SECSGEM/uHGemHT9045.cpp:2151-2215 =====	else if(S.Pos("DOWNLOAD_RECIPE_BY_FTP")!=0)                             //ChungHung 20150511 modify	
MEDIUM	SECSGEM/uHGemHT9045.cpp	5683	5693	9	G13		===== GATE G13 -- golden SECSGEM/uHGemHT9045.cpp:2222-2223 =====	fNote->ReturnCode=K_CLEAN_OUT;	
MEDIUM	SECSGEM/uHGemHT9045.cpp	5762	5778	15	G14		===== GATE G14 -- golden SECSGEM/uHGemHT9045.cpp:2292-2296 =====	else if(S.AnsiPos("ONLINE_LOCAL")==1)                                   //Steven 20150604 : Add ONLINE_LOCAL for SECS GEM	
MEDIUM	SECSGEM/uHGemHT9045.cpp	5779	5791	11	G15		===== GATE G15 -- golden SECSGEM/uHGemHT9045.cpp:2297-2301 =====	else if(S.AnsiPos("ONLINE_REMOTE")==1)                                  //Steven 20150604 : Add ONLINE_REMOTE for SECS GEM	
MEDIUM	SECSGEM/uHGemHT9045.cpp	5897	5938	40	G16		===== GATE G16 -- golden SECSGEM/uHGemHT9045.cpp:2407-2435 =====	else if(S.AnsiPos("PP_MUSIC")==1)                                       //Steven 20150604 : Add PP_MUSIC for SECS GEM	
MEDIUM	SECSGEM/uHGemHT9045.cpp	5939	5996	56	G17		===== GATE G17 -- golden SECSGEM/uHGemHT9045.cpp:2436-2479 =====	else if(S.AnsiPos("PP_SIGNALTOWER")==1)                                 //Steven 20150604 : Add PP_SIGNALTOWER for SECS GEM	
MEDIUM	SECSGEM/uHGemHT9045.cpp	5997	6025	27	G18		===== GATE G18 -- golden SECSGEM/uHGemHT9045.cpp:2480-2495 =====	else if(S.AnsiPos("AUTO_CLEAN")==1)	
MEDIUM	SECSGEM/uHGemHT9045.cpp	6099	6111	11	G19		===== GATE G19 -- golden SECSGEM/uHGemHT9045.cpp:2564-2565 =====	if(CosFunction.bKeepOnly1SetupFile)	
MEDIUM	SECSGEM/uHGemHT9045.cpp	6377	6391	13	G20		===== GATE G20 -- golden SECSGEM/uHGemHT9045.cpp:2831 =====	fConfiguration->cbN07_EnableHostStart->Checked=true;    //JerryYang 20250826 : 元件也要強制打勾避免進溫度頁面按存檔又被關閉	
MEDIUM	SECSGEM/uHGemHT9045.cpp	6405	6419	13	G21		===== GATE G21 -- golden SECSGEM/uHGemHT9045.cpp:2845-2850 =====	else if(S.AnsiPos("LOTSTART")==1)                                       //wei 20160517 TSMC lot卡關	
MEDIUM	SECSGEM/uHGemHT9045.cpp	6425	6448	22	G22		===== GATE G22 -- golden SECSGEM/uHGemHT9045.cpp:2856-2859 =====	if(FormBarcodeReader->bShow)	
MEDIUM	SECSGEM/uHGemHT9045.cpp	6473	6484	10	G25		===== GATE G25 -- golden SECSGEM/uHGemHT9045.cpp:2875 =====	SECS_GEM_PPSIGNALTOWER_CONTROL_flag=false;	
MEDIUM	SECSGEM/uHGemHT9045.cpp	6640	6649	8	G27		===== GATE G27 -- golden SECSGEM/uHGemHT9045.cpp:3029 =====	fLotInfo->edCustomerDevice->Text=S2;	
MEDIUM	SECSGEM/uHGemHT9045.cpp	6651	6664	12	G28		===== GATE G28 -- golden SECSGEM/uHGemHT9045.cpp:3031-3032 =====	fLotInfo->btnASECL_LotStartClick(fLotInfo->btnASECL_LotStart);	
MEDIUM	SECSGEM/uHGemHT9045.cpp	6742	6756	13	G29		===== GATE G29 -- golden SECSGEM/uHGemHT9045.cpp:3110 =====	bHasFile=ProcessLotInfo(S2);	
MEDIUM	SECSGEM/uHGemHT9045.cpp	6844	6850	5	G30		===== GATE G30 -- golden SECSGEM/uHGemHT9045.cpp:3198 =====	fObserver->labBundleID->Caption=fSCKART->sBundleList;	
MEDIUM	SECSGEM/uHGemHT9045.cpp	6875	6882	6	G31		===== GATE G31 -- golden SECSGEM/uHGemHT9045.cpp:3223 =====	fObserver->labBundlIn->Caption=fSCKART->iBundleInCnt;	
MEDIUM	SECSGEM/uHGemHT9045.cpp	6911	6918	6	G32		===== GATE G32 -- golden SECSGEM/uHGemHT9045.cpp:3252 =====	fObserver->labBundOut->Caption=fSCKART->iBundleOutCnt;	
MEDIUM	SECSGEM/uHGemHT9045.cpp	6951	6959	7	G33		===== GATE G33 -- golden SECSGEM/uHGemHT9045.cpp:3285 =====	fObserver->labBundOut->Caption=iBundleOut;	
MEDIUM	SECSGEM/uHGemHT9045.cpp	7128	7131	2	G34		former GATE G34 default (golden failure arm :3429-3430), kept for the record   //AI(W906-W9)	HCACK=1;   // GATE G34 default -- golden's own	
MEDIUM	SECSGEM/uHGemHT9045.cpp	7296	7308	11	G35		===== GATE G35 -- golden SECSGEM/uHGemHT9045.cpp:3588 =====	HCACK=S2F42_SET_2DID_BIN_CODE(CommandStr);              //Steven 20241008 : S2F42的XML換位置	
MEDIUM	SECSGEM/uHGemHT9045.cpp	7325	7333	7	G36		===== GATE G36 -- golden SECSGEM/uHGemHT9045.cpp:3605 =====	SECS_GEM_PPSIGNALTOWER_CONTROL_flag=false;	
MEDIUM	SECSGEM/uHGemHT9045.cpp	7385	7409	23	G37		===== GATE G37 -- golden SECSGEM/uHGemHT9045.cpp:3657-3671 =====	else if(S1=="TEST_TIMES")                       //RogerYang 20260608 : Add for VTEST SECS (LotID、OperatorID、Mode(FT0-FT15、RT0-RT5))	
MEDIUM	SECSGEM/uHGemHT9045.cpp	7426	7437	10	G38		===== GATE G38 -- golden SECSGEM/uHGemHT9045.cpp:3688-3689 =====	if(HCACK==0)	
MEDIUM	SECSGEM/uHGemHT9045.cpp	7480	7497	16	G39		===== GATE G39 -- golden SECSGEM/uHGemHT9045.cpp:3732-3739 =====	if(fLotInfo->SetAQLMode(true)==false)	
MEDIUM	SECSGEM/uHGemHT9045.cpp	7518	7525	6	G40		===== GATE G40 -- golden SECSGEM/uHGemHT9045.cpp:3760 =====	SECS_GEM_PPSIGNALTOWER_CONTROL_flag=false;	
MEDIUM	SECSGEM/uHGemHT9045.cpp	7543	7553	9	G41		===== GATE G41 -- golden SECSGEM/uHGemHT9045.cpp:3778 =====	fLotInfo->InitialLoaderTask(0);	
MEDIUM	SECSGEM/uHGemHT9045.cpp	7562	7568	5	G42		===== GATE G42 -- golden SECSGEM/uHGemHT9045.cpp:3787 =====	fLotInfo->InitialLoaderTask(1);	
MEDIUM	SECSGEM/uHGemHT9045.cpp	7573	7579	5	G43		===== GATE G43 -- golden SECSGEM/uHGemHT9045.cpp:3792 =====	fLotInfo->InitialLoaderTask(2);	
MEDIUM	SECSGEM/uHGemHT9045.cpp	7664	7675	10	G44		===== GATE G44 -- golden SECSGEM/uHGemHT9045.cpp:3877-3881 =====	if(fNote->fShow)	
MEDIUM	SECSGEM/uHGemHT9045.cpp	7788	7808	19	G46		===== GATE G46 -- golden SECSGEM/uHGemHT9045.cpp:3990 =====	HGemPtr->EventReport(1, SECS_EVENT.SwitchSetupFile);        // CEID=15 通知 Host	
MEDIUM	SECSGEM/uHGemHT9045.cpp	7867	7877	9	G47		===== GATE G47 -- golden SECSGEM/uHGemHT9045.cpp:4049 =====	fLotInfo->CheckActionFlag();	
MEDIUM	SECSGEM/uHGemHT9045.cpp	7940	7950	9	G48		===== GATE G48 -- golden SECSGEM/uHGemHT9045.cpp:4112-4113 =====	fNote->BtnPauseClick(fNote);	
MEDIUM	SECSGEM/uHGemHT9045_EC.cpp	481	483	1	g1		GATE g1 -- golden :78-78 (M:edCustomerDevice); see GATE REGISTER above	HGemPtr->SetECDataPointer(1554 , HType.ASCII_TYPE,   "Customer Device",                                                                 "", 	
MEDIUM	SECSGEM/uHGemHT9045_EC.cpp	485	487	1	g2		GATE g2 -- golden :80-80 (M:sInfo_Customer); see GATE REGISTER above	HGemPtr->SetECDataPointer(1581 , HType.ASCII_TYPE,   "Lot Information Customer",                                                        "", 	
MEDIUM	SECSGEM/uHGemHT9045_EC.cpp	489	503	13	g3		GATE g3 -- golden :82-94 (M:sInfo_CurrQty,M:sInfo_CustDevGup,M:sInfo_CustLotID,M:sInfo_DeviceName,M:sInfo_HandlerID,M:sInfo_OperatorID,M:sInfo_ProgramName,M:sInfo_ReportCnt,M:sInfo_Stage,M:sInfo_Step,M:sInfo_Temperauture	HGemPtr->SetECDataPointer(1583 , HType.ASCII_TYPE,   "Lot Information Customer Lot ID",                                                 "", 	
MEDIUM	SECSGEM/uHGemHT9045_EC.cpp	506	508	1	g4		GATE g4 -- golden :97-97 (M:edtBarcodeRecipe); see GATE REGISTER above	HGemPtr->SetECDataPointer(1596 , HType.ASCII_TYPE,   "Lot Information Barcode Recipe Name",                                             "", 	
MEDIUM	SECSGEM/uHGemHT9045_EC.cpp	605	607	1	g5		GATE g5 -- golden :194-194 (M:chkShuttle); see GATE REGISTER above	HGemPtr->SetECDataPointer(2632 , HType.BOOLEAN_TYPE, "Height Include Shuttle",                                                          "", 	
MEDIUM	SECSGEM/uHGemHT9045_EC.cpp	764	766	1	g6		GATE g6 -- golden :347-347 (M:tSiteMap); see GATE REGISTER above	HGemPtr->SetECDataPointer(3540 , HType.ASCII_TYPE,   "Site Aa to Dh Mapping",                                                           "", 	
MEDIUM	SECSGEM/uHGemHT9045_EC.cpp	1362	1369	6	g16		GATE g16 -- golden :924-929 (M:chkAutoCleanMode1,M:chkAutoCleanMode2,M:chkAutoCleanMode3,M:chkAutoCleanMode4,M:chkAutoCleanMode5,M:chkAutoCleanMode6); see GATE REGISTER above	HGemPtr->SetECDataPointer(9511 , HType.BOOLEAN_TYPE, "Auto Clean Initial Start Mode",                                                   "", 	
MEDIUM	SECSGEM/uHGemHT9045_EC.cpp	1376	1378	1	g17		GATE g17 -- golden :936-936 (M:edContactTime); see GATE REGISTER above	HGemPtr->SetECDataPointer(9532 , HType.FT_8_TYPE,    "Auto Clean Contact Time",                                                         "Sec	
MEDIUM	SECSGEM/uHGemHT9045_EC.cpp	1381	1383	1	g18		GATE g18 -- golden :939-939 (M:edPinSingleN); see GATE REGISTER above	HGemPtr->SetECDataPointer(9535 , HType.FT_4_TYPE,    "Auto Clean Force per Pin(N)",                                                     "N",	
MEDIUM	SECSGEM/uHGemHT9045_EC.cpp	1413	1420	6	g19		GATE g19 -- golden :969-974 (M:edACContactCleanHeight,M:edACContactShiftHeight,M:edShuttle1PickOffset,M:edtShuttle1PlaceOffset,M:edtShuttle2XOffset,M:edtShuttle2YOffset); see GATE REGISTER above	HGemPtr->SetECDataPointer(9601 , HType.FT_8_TYPE,    "Auto Clean Contact Shift Height",                                                 "mm"	
MEDIUM	SECSGEM/uHGemHT9045_EC.cpp	1692	1696	3	g28		GATE g28 -- golden :1230-1232 (M:DutNum,M:RotateKit_PitchX,M:RotateKit_PitchY); see GATE REGISTER above	HGemPtr->SetECDataPointer(16111, HType.INT_4_TYPE,   "Rotate Dut Number",                                                               "", 	
MEDIUM	SECSGEM/uHGemHT9045_EC.cpp	2184	2188	3	g29		GATE g29 -- golden :1720-1722 (fStartCondition); see GATE REGISTER above	HGemPtr->SetECDataPointer(37490, HType.ASCII_TYPE,   "Kit No 1",                                                                        "", 	
MEDIUM	SECSGEM/uHGemHT9045_EC.cpp	2217	2219	1	g30		GATE g30 -- golden :1751-1751 (M:pnlLoader); see GATE REGISTER above	HGemPtr->SetECDataPointer(38002, HType.ASCII_TYPE,   "Tray RFID",                                                                       "", 	
MEDIUM	SECSGEM/uHGemHT9045_SV.cpp	402	406	3	REGISTER		`virtual void AddSV();` to SECSGEM/uHGemHT9045.h, then flip both arms here. / See the file-head GATE REGISTER for the behaviour delta and for the -Wshadow / note that applies once the member arm is live.	void HT9045Gem::AddSV()	
MEDIUM	SECSGEM/uHGemHT9045_SV.cpp	412	426	13			MAINFORM / ============================================================================================================================================ / SV	HGemPtr=HGem;	
MEDIUM	SECSGEM/uHGemHT9045_SV.cpp	455	458	2			GATE [G2] -- golden :74-75.  SVID 1012/1013 -- fMain->edTorue0 / edTorue1 (golden main.h:466/467, TEdit*): NOT members of forms/fMain.h's TfMain.	HGemPtr->SetSVDataPointer(1012 , HType.ASCII_TYPE,   "Index Arm1 Torque",                                                   "", fMain->edTor	
MEDIUM	SECSGEM/uHGemHT9045_SV.cpp	459	463	3			GATE [G3] -- golden :76-78.  SVID 1014/1015/1016 -- iSECS_GEM_PPSIGNALTOWER_CONTROL_RED/YELLOW/GREEN: declared extern in ckernel.cpp:1276-1278, DEFINED NOWHERE in the port.	HGemPtr->SetSVDataPointer(1014 , HType.INT_4_TYPE,   "Tower Light Red",                                                     "", &iSECS_GEM_P	
MEDIUM	SECSGEM/uHGemHT9045_SV.cpp	481	484	2			GATE [G19] -- golden :96-97.  SVID 1038/1039 -- &iGrossUPH / &iNetUPH: DECLARED (cmydef.h:5905/:5904) but the only DEFINITIONS (cmydef.cpp:5993/:5992) sit inside `#if 0 // TODO(W6)` (cmydef.cpp:5816) -> undefined at LINK	HGemPtr->SetSVDataPointer(1038 , HType.INT_4_TYPE,   "Gross UPH",                                                           "", &iGrossUPH, 	
MEDIUM	SECSGEM/uHGemHT9045_SV.cpp	487	489	1			GATE [G4] -- golden :100-100.  SVID 1041 -- fMain->lbEPenconder (golden main.h:796, TPanel*): NOT a member of forms/fMain.h's TfMain.	HGemPtr->SetSVDataPointer(1041 , HType.ASCII_TYPE,   "EP Penconder",                                                        "", fMain->lbEPe	
MEDIUM	SECSGEM/uHGemHT9045_SV.cpp	494	497	2			GATE [G5] -- golden :105-106.  SVID 1047/1048 -- fContact->lblEPValueKg: NOT a member of atester_shims.h's TfContactShim.	HGemPtr->SetSVDataPointer(1047 , HType.FT_8_TYPE,    "Read KG",                                                             "", fContact->lb	
MEDIUM	SECSGEM/uHGemHT9045_SV.cpp	606	623	16			GATE [G20] -- golden :215-230.  SVID 1164-1179 -- &iSVByBinCount[0..15]: DECLARED (cmydef.h:5916), definition (cmydef.cpp:6000) inside the same `#if 0 // TODO(W6)` block -> undefined at LINK.	HGemPtr->SetSVDataPointer(1164 , HType.INT_4_TYPE,   "Bin 0 Count",                                                         "", &iSVByBinCou	
MEDIUM	SECSGEM/uHGemHT9045_SV.cpp	625	627	1			GATE [G21] -- golden :232-232.  SVID 1191 -- &iSV_ErrBinCnt: DECLARED (cmydef.h:5911), definition (cmydef.cpp:5999) inside the same `#if 0 // TODO(W6)` block -> undefined at LINK.	HGemPtr->SetSVDataPointer(1191 , HType.INT_4_TYPE,   "Error Bin Count",                                                     "", &iSV_ErrBinC	
MEDIUM	SECSGEM/uHGemHT9045_SV.cpp	704	713	8			GATE [G6] -- golden :309-316.  SVID 1351-1364 (iATC_Use_Heat_Count<=4 branch) -- fLotInfo->pl_ATCTempHead01..04 / pl_ATCRefHead01..04: NOT members of forms/fLotInfo.h's TfLotInfo.	HGemPtr->SetSVDataPointer(1351 , HType.ASCII_TYPE,   "ATC Arm1 Head 1",                                                  "", fLotInfo->pl_AT	
MEDIUM	SECSGEM/uHGemHT9045_SV.cpp	717	734	16			GATE [G7] -- golden :320-335.  SVID 1351-1366 (iATC_Use_Heat_Count<=8 branch) -- fLotInfo->pl_ATCTempHead01..08 / pl_ATCRefHead01..08: ditto.	HGemPtr->SetSVDataPointer(1351 , HType.ASCII_TYPE,   "ATC Arm1 Head 1",                                                  "", fLotInfo->pl_AT	
MEDIUM	SECSGEM/uHGemHT9045_SV.cpp	773	778	4			GATE [G8] -- golden :374-377.  SVID 2003/2004/2005/2007 -- fContact->edForcePerDeviceKG / edForcePerPinN / edAirForceN / edForcePerDeviceN: not on TfContactShim.	HGemPtr->SetSVDataPointer(2003 , HType.FT_8_TYPE,    "Force Per Device KG",                                                  "", fContact->e	
MEDIUM	SECSGEM/uHGemHT9045_SV.cpp	784	788	3			GATE [G9] -- golden :383-385.  SVID 2018/2019/2020 -- fContact->edAirKPA / lblReadEP / edSetKg: not on TfContactShim.	HGemPtr->SetSVDataPointer(2018 , HType.FT_8_TYPE,    "Contact Air Force",                                                    "", fContact->e	
MEDIUM	SECSGEM/uHGemHT9045_SV.cpp	792	794	1			GATE [G10] -- golden :389-389.  SVID 2024 -- fContact->lblDieForceEP: not on TfContactShim.	HGemPtr->SetSVDataPointer(2024 , HType.FT_8_TYPE,    "Die Force Feedback",                                                   "", fContact->l	
MEDIUM	SECSGEM/uHGemHT9045_SV.cpp	831	841	9			GATE [G11] -- golden :426-434.  SVID 2240-2248 -- fShowBinSelect->lblMag1..9: the fShowBinSelect global/form does not exist in the port at all.	HGemPtr->SetSVDataPointer(2240 , HType.ASCII_TYPE,   "Magazine 1 Test Bin",                                               "", fShowBinSelect	
MEDIUM	SECSGEM/uHGemHT9045_SV.cpp	844	846	1			GATE [G12] -- golden :437-437.  SVID 2631 -- fContact->rgHandlerMode: not on TfContactShim.	HGemPtr->SetSVDataPointer(2631 , HType.INT_4_TYPE,   "Height Calibration Mode",                                              "", fContact->r	
MEDIUM	SECSGEM/uHGemHT9045_SV.cpp	848	856	7			GATE [G13] -- golden :439-445.  SVID 2665-2667 + 2754-2756 -- fTrayAssignment->edAuto1Type..edAuto6Type: the fTrayAssignment global/form does not exist in the port at all.	HGemPtr->SetSVDataPointer(2665 , HType.ASCII_TYPE,   "Auto 4 Tray From Alias",                                               "", fTrayAssign	
MEDIUM	SECSGEM/uHGemHT9045_SV.cpp	870	873	2			GATE [G14] -- golden :459-460.  SVID 9003/9004 -- fCleaning->edAutoCleanAirForce_Kg / _N: not members of forms/fCleaning.h's TfCleaning (edCleaningCount, SVID 9001, IS -- and stays ACTIVE).	HGemPtr->SetSVDataPointer(9003 , HType.ASCII_TYPE,   "Auto Clean Arm Total Force(KG)",                                       "", fCleaning->	
MEDIUM	SECSGEM/uHGemHT9045_SV.cpp	1118	1121	2			GATE [G15] -- golden :705-706.  SVID 37200/37201 -- fLotInfo->lbESDReportData / lbESDDecayReportData: not on TfLotInfo.	HGemPtr->SetSVDataPointer(37200, HType.ASCII_TYPE,   "SIMCO Ion fan Data",                                                   "", fLotInfo->l	
MEDIUM	SECSGEM/uHGemHT9045_SV.cpp	1154	1163	8			GATE [G16] -- golden :739-746.  SVID 37501-37508 -- fObserver->lbSerialNumber01..04 / lbFirmwareNumber01..04: not on atester_shims.h's TfObserverShim.	HGemPtr->SetSVDataPointer(37501, HType.ASCII_TYPE,   "ATC Power Supply Serial Number 01",                                    "", fObserver->	
MEDIUM	SECSGEM/uHGemHT9045_SV.cpp	1270	1299	28			GATE [G17] -- golden :853-880.  SVID 43300-43327 -- fGroundMan->labValue_0_2..labValue_3_5: the fGroundMan global/form does not exist in the port at all.	HGemPtr->SetSVDataPointer(43300, HType.ASCII_TYPE,   "Ground man CH1 Value",                                                "", fGroundMan->	
MEDIUM	SECSGEM/uHGemHT9045_SV.cpp	1301	1322	20			GATE [G18] -- golden :882-901.  SVID 43350-43369 -- fSmartDiagnostic->iPushAvgTime[0..9] / iPopAvgTime[0..9]: the fSmartDiagnostic global/form does not exist in the port at all.	HGemPtr->SetSVDataPointer(43350, HType.ASCII_TYPE,   "C_LoaderEdgePush AVG push time",                                      "", &fSmartDiagn	
MEDIUM	TempCtrl/TriTemp.cpp	586	588	1			TODO(W7-csystem): golden TempCtrl/TriTemp.cpp:77 -- no translated home	LowTempIdleCheckSafeDoor();                                     //Isaac 20181214 : 停止狀態偵測chamber的門和Shuttle Top Cover	
MEDIUM	TempCtrl/TriTemp.cpp	799	801	1			TODO(W7-csystem): golden TempCtrl/TriTemp.cpp:281 -- no translated home	LowTempIdleCheckSafeDoor();                         //Isaac 20181214 : 停止狀態偵測chamber的門和Shuttle Top Cover	
MEDIUM	TesterComm/Gpib/GpibCastleAmdHana.cpp	1691	1693	1			TODO(W906-GB-P1): TSerialPoll has no TForm base, so no Height (GpibBridge.h, rule 1); form height has no web meaning. golden Main.cpp:8139	SerialPoll->Height=960;	
MEDIUM	TesterComm/Gpib/GpibCastleAmdHana.cpp	1750	1752	1			TODO(W906-GB-P1): TSerialPoll has no TForm base, so no Height (GpibBridge.h, rule 1); form height has no web meaning. golden Main.cpp:8196	SerialPoll->Height=840;	
MEDIUM	TesterComm/Gpib/GpibCore.cpp	1431	1448	16			TODO(W906-GB-P1): dead code, loads PCI_L112C/L122C/CMnet DLLs of the motion card	typedef I16 (PASCAL *_mnet_set_ring_config)         (U16 RingNO, U16 BaudRate);	
MEDIUM	TesterComm/Gpib/GpibCore.cpp	1452	1514	61			TODO(W906-GB-P1): dead code, loads PCI_L112C/L122C/CMnet DLLs of the motion card	if(LastSet.MachName=="9045GPIB")	
MEDIUM	TesterComm/Gpib/GpibUi.cpp	933	941	7			TODO(W906-GB-P1): no VCL Application->OnException / Exception in-process (golden Main.cpp:316-322)	void __fastcall TSerialPoll::AppException(TObject *Sender, Exception *E)        //ChungHung 20141226 add catch exception	
MEDIUM	TesterComm/Gpib/GpibUi.cpp	983	989	5			TODO(W906-GB-P1): no form window; HMountWnd is not a real HWND in-process (golden Main.cpp:353-360)	SerialPoll->SendToBack();	
MEDIUM	TesterComm/Gpib/GpibUi.cpp	1161	1164	2			TODO(W906-GB-P1): form position -- there is no form window (golden Main.cpp:528-529)	Top=0;	
MEDIUM	TesterComm/Gpib/GpibUi.cpp	1170	1172	1			TODO(W906-GB-P1): listbox horizontal scroll extent -- no list box window (golden Main.cpp:533)	SendMessage(lstRecord->Handle, LB_SETHORIZONTALEXTENT, 900, 0);             //kevin 20140305 list ADD X SCROSS	
MEDIUM	TesterComm/Gpib/GpibUi.cpp	1181	1183	1			AI(W906-GB-P6) 20260926: golden text, replaced by the line above (ruling 4A)	iUseGPIBFormat=CheckAndReadIniData(asGeneralPath, "Temperature", "iUseGPIBFormat", 0); //kevin 20130705 台積電通訊規格  0:HT    1:NS    //Steven 20	
MEDIUM	TesterComm/Gpib/GpibUi.cpp	1861	1863	1			TODO(W906-GB-P1): TPanel stand-in has no BevelOuter (visual press effect only; golden Main.cpp:8110-8114)	btnUpdate->BevelOuter=bvLowered;	
MEDIUM	TesterComm/Gpib/GpibUi.cpp	1869	1871	1			TODO(W906-GB-P1): TPanel stand-in has no BevelOuter (visual press effect only; golden Main.cpp:8116-8120)	btnUpdate->BevelOuter=bvRaised;	
MEDIUM	TesterComm/Handler/HandlerBridgeCtl.cpp	106	109	2			TODO(W906-GB-P2a): G1 -- no TfConfiguration *fConfiguration global and no cbI17 member in V906 (transient UI box, unchecked offline) -- golden main.cpp:18318-18319	if(fConfiguration->cbI17->Checked)                                          // 2008/07/29 lee	
MEDIUM	TesterComm/Handler/HandlerBridgeCtl.cpp	116	120	3			TODO(W906-GB-P2a): G2 -- Interface.exe is not the tester bridge (plan: SPEA); these three windows only feed the SPEA WM_CLOSE posts (G6/G7) -- golden main.cpp:18326-18328	HWND InterfaceProgram_Rs232         = FindWindow("TfRS232Main", "RS232Standard" );	
MEDIUM	TesterComm/Handler/HandlerBridgeCtl.cpp	127	132	4			TODO(W906-GB-P2a): G4 -- EventLogSaver / Event Log Analyzer is not the tester bridge (plan: event-log analyzer) -- golden main.cpp:18330-18333	if(CosFunction.bUseMDB)                                                     //Steven 20231127 : 改用分析器	
MEDIUM	TesterComm/Handler/HandlerBridgeCtl.cpp	195	204	8			TODO(W906-GB-P2a): G6 -- Interface.exe is not the tester bridge (plan: SPEA); the WM_CLOSE posts would stop the bridge programs (V906: hub engines, no stop call on this class) -- golden main.cpp:18384-18390	if(InterfaceProgram_Rs232!=NULL) PostMessage(InterfaceProgram_Rs232, WM_CLOSE, 0, 0);	
MEDIUM	TesterComm/Handler/HandlerBridgeCtl.cpp	213	216	2			TODO(W906-GB-P2a): G7 -- Interface.exe is not the tester bridge (plan: SPEA) -- golden main.cpp:18400-18401	if(InterfaceProgram_Interface!=NULL)	
MEDIUM	TesterComm/Handler/HandlerBridgeCtl.cpp	268	313	44			CLOSED(W906-GB-P2a): G8 -- user ruling #31 = A (20260927): V906 never launches EventLogSaver.exe / EventlogAnalyzer.exe; the in-process ElaHub is the analyzer (a hand-started exe still gets SendCommand_EventLog's WM_COPY	if(CosFunction.bUseMDB)                                                     //Steven 20231127 : 改用分析器	
MEDIUM	TesterComm/Handler/HandlerBridgeCtl.cpp	366	372	5			TODO(W906-GB-P2a): G9 -- PrepareHANARMSConnect is not a member of TfAutomationShim (atester_shims.h) nor of TfAutomation (Automation/automation.h) -- golden main.cpp:18535-18539	if(fAutomation &&                                                       //RogerYang : ready HANA RMS before launch GPIB	
MEDIUM	TesterComm/Handler/HandlerBridgeCtl.cpp	376	378	1			TODO(W906-GB-P2a): G10 -- Interface.exe is not the tester bridge (plan: SPEA); iProgramReady stays 0 -- golden main.cpp:18543	iProgramReady=CreateProcess(NULL, asFilePath.c_str(), NULL, NULL, FALSE, 0, NULL, NULL, &si, &pi);	
MEDIUM	TesterComm/Handler/HandlerBridgeCtl.cpp	475	477	1			TODO(W906-GB-P2a): G11 -- AddTCPIPCommunicationLog is not a TfTesterTCP member (port: free function TesterTCPSocket_AddTCPIPCommunicationLog, Interface/TesterTCP_Socket.h:288) -- golden main.cpp:18775	fTesterTCP->AddTCPIPCommunicationLog(0, str2);	
MEDIUM	TesterComm/Handler/HandlerBridgeCtl.cpp	786	788	1			TODO(W906-GB-P2a): G13 -- iLOTSTATUS_T is not a TfSCKART member (forms/fSCKART.h; golden SCK_ART.cpp:45 sets 2) -- golden main.cpp:19068	fSCKART->SetLotStatus(fSCKART->iLOTSTATUS_T);	
MEDIUM	TesterComm/Handler/HandlerBridgeCtl.cpp	909	911	1	T-P1		TODO(W906-GB-P2a): G14 -- TfTesterTCP::SendTCPIPCommand is declared-not-defined on purpose (forms/fTesterTCP.h:382, GATE T-P1; port: TesterTCPSocket_SendTCPIPCommand, Interface/TesterTCP_Socket.h:281) -- golden main.cpp:	fTesterTCP->SendTCPIPCommand(0, "SOT", str2);	
MEDIUM	TesterComm/Handler/HandlerBridgeCtl.cpp	1083	1108	24			TODO(W906-GB-P2f): F1 SPEA Interface.exe is not the tester bridge (plan: SPEA, same as G2/G6/G7/G10) -- golden main.cpp:22091-22111	if(TestSocket.UseSiteHasIC()==false)	
MEDIUM	TesterComm/Handler/HandlerGpibMsg.cpp	229	231	1			TODO(W906-GB-P2a): G1 TfLotInfo has no btClearBarcodeListClick (golden uLotInfo.cpp:10005-10014); btClearBarcodeList->Click() is a vclcompat no-op (rule 8) -- golden main.cpp:15997	fLotInfo->btClearBarcodeList->Click();                              //Steven 20190214 : 統一清除2DID方式	
MEDIUM	TesterComm/Handler/HandlerGpibMsg.cpp	261	265	3			TODO(W906-GB-P2a): G2 fSCKART->iCurrentStatus / ->iLOTSTATUS_A are not TfSCKART members (forms/fSCKART.h); only the known disjunct iTesterType==1 stays live, see G6 -- golden main.cpp:16027	fSCKART->iCurrentStatus!=fSCKART->iLOTSTATUS_A)	
MEDIUM	TesterComm/Handler/HandlerGpibMsg.cpp	318	324	5			TODO(W906-GB-P2a): G4 fSCKART->iCurrentStatus not a TfSCKART member -- golden main.cpp:16077-16081	if(fSCKART->iCurrentStatus==fSCKART->iLOTSTATUS_R)	
MEDIUM	TesterComm/Handler/HandlerGpibMsg.cpp	327	329	1			TODO(W906-GB-P2a): G5 same as G1 (btClearBarcodeListClick) -- golden main.cpp:16084	fLotInfo->btClearBarcodeList->Click();                              //Steven 20190214 : 統一清除2DID方式	
MEDIUM	TesterComm/Handler/HandlerGpibMsg.cpp	331	337	5			TODO(W906-GB-P2a): G6 else arm of G2: reached only when iCurrentStatus==iLOTSTATUS_A (not TfSCKART members) -- golden main.cpp:16086-16090	else	
MEDIUM	TesterComm/Handler/HandlerGpibMsg.cpp	350	368	17			TODO(W906-GB-P2a): G7 fSCKART->iCurrentStatus / ->iLOTSTATUS_A / ->iLOTSTATUS_F not TfSCKART members -- golden main.cpp:16103-16119	if(fSCKART->iCurrentStatus!=fSCKART->iLOTSTATUS_A)	
MEDIUM	TesterComm/Handler/HandlerGpibMsg.cpp	383	385	1			TODO(W906-GB-P2a): G8 fSCKART->GetLotStatus() not a TfSCKART member (Buffer stays "") -- golden main.cpp:16134	Buffer.sprintf("0,0,%s", fSCKART->GetLotStatus());	
MEDIUM	TesterComm/Handler/HandlerGpibMsg.cpp	389	391	1			TODO(W906-GB-P2a): G9 fSCKART->GetLotStatus() not a TfSCKART member (Buffer stays "") -- golden main.cpp:16138	Buffer.sprintf("%d,%s,%s", fSCKART->iFTRTCount, fSCKART->sLotID, fSCKART->GetLotStatus());	
MEDIUM	TesterComm/Handler/HandlerGpibMsg.cpp	404	419	14			TODO(W906-GB-P2a): G10 fSCKART->iCurrentStatus / ->iLOTSTATUS_L / ->iLOTSTATUS_F not TfSCKART members -- golden main.cpp:16150-16163	if(fSCKART->iCurrentStatus==fSCKART->iLOTSTATUS_L)	
MEDIUM	TesterComm/Handler/HandlerGpibMsg.cpp	466	473	6			TODO(W906-GB-P2a): G11 fSCKART->iCurrentStatus / ->iLOTSTATUS_A / ->iLOTSTATUS_F not TfSCKART members -- golden main.cpp:16210-16215	if(fSCKART->iCurrentStatus==fSCKART->iLOTSTATUS_A ||	
MEDIUM	TesterComm/Handler/HandlerGpibMsg.cpp	596	598	1			TODO(W906-GB-P2a): G12 fAGV->bATK_AMR_DoHostLotStart not a TfAGV member (forms/fAGV.h); nothing in V906 can set it, so the conjunct is its golden initial value (false==false) -- golden main.cpp:16336	fAGV->bATK_AMR_DoHostLotStart==false &&	
MEDIUM	TesterComm/Handler/HandlerGpibMsg.cpp	601	603	1			TODO(W906-GB-P2a): G13 fAGV->bATKAMR_GET_LOTORDER0_Ready not a TfAGV member -- golden main.cpp:16339	fAGV->bATKAMR_GET_LOTORDER0_Ready=true;	
MEDIUM	TesterComm/Handler/HandlerGpibMsg.cpp	625	627	1			TODO(W906-GB-P2a): G14 TfShowBinSelect has no btnAutoCleanClick (forms/fShowBinSelect.h:130 SAFETY-QUEUED, untranslated) -- golden main.cpp:16361	fShowBinSelect->btnAutoCleanClick(fShowBinSelect);	
MEDIUM	TesterComm/Handler/HandlerGpibMsg.cpp	883	885	1			TODO(W906-GB-P2a): G17 TfObserver has no pnlTTLRS232Version (cObserver.cpp:7455) -- golden main.cpp:16604	fObserver->pnlTTLRS232Version->Caption=Str;	
MEDIUM	TesterComm/Handler/HandlerGpibMsg.cpp	907	909	1			TODO(W906-GB-P2a): G18 TfObserver has no pnlGPIBVersion (cObserver.cpp:7454) -- golden main.cpp:16626	fObserver->pnlGPIBVersion->Caption=RunInfo.GPIBSoftwareVersion;                             //Ifor 20170320 (wei) add GPIB 版本顯示於Observer Cou	
MEDIUM	TesterComm/Handler/HandlerGpibMsg.cpp	973	975	1			TODO(W906-GB-P2a): G19 fContact is TfContactShim (atester_shims.h:251): no iDMCArm/iDMCChannel/iDMCTrayX/iDMCTrayY/bWaitLoadXY (the real TfContact, forms/fContact.h:1535-1538, has no global) -- golden main.cpp:16689	fContact->iDMCArm=atoi(Str.SubString(9, 1).c_str());	
MEDIUM	TesterComm/Handler/HandlerGpibMsg.cpp	995	997	1			TODO(W906-GB-P2a): G19 fContact is TfContactShim (atester_shims.h:251): no iDMCArm/iDMCChannel/iDMCTrayX/iDMCTrayY/bWaitLoadXY (the real TfContact, forms/fContact.h:1535-1538, has no global) -- golden main.cpp:16708	fContact->iDMCChannel[iret]=Lengh1;	
MEDIUM	TesterComm/Handler/HandlerGpibMsg.cpp	1000	1003	2			TODO(W906-GB-P2a): G19 fContact is TfContactShim (atester_shims.h:251): no iDMCArm/iDMCChannel/iDMCTrayX/iDMCTrayY/bWaitLoadXY (the real TfContact, forms/fContact.h:1535-1538, has no global) -- golden main.cpp:16711-1671	fContact->iDMCTrayX[iret]=Lengh2;	
MEDIUM	TesterComm/Handler/HandlerGpibMsg.cpp	1011	1013	1			TODO(W906-GB-P2a): G19 fContact is TfContactShim (atester_shims.h:251): no iDMCArm/iDMCChannel/iDMCTrayX/iDMCTrayY/bWaitLoadXY (the real TfContact, forms/fContact.h:1535-1538, has no global) -- golden main.cpp:16720	fContact->bWaitLoadXY=true;	
MEDIUM	TesterComm/Handler/HandlerGpibMsg.cpp	1017	1019	1			TODO(W906-GB-P2a): G20 TfContactShim has no bPlaceLoad (see G19) -- golden main.cpp:16724	fContact->bPlaceLoad=true;	
MEDIUM	TesterComm/Handler/HandlerGpibMsg.cpp	1023	1025	1			TODO(W906-GB-P2a): G21 TfContactShim has no bTrayFeed (see G19) -- golden main.cpp:16728	fContact->bTrayFeed=true;	
MEDIUM	TesterComm/Handler/HandlerGpibMsg.cpp	1522	1524	1			TODO(W906-GB-P2a): G23 ATC_InterfaceForm is TATC_InterfaceFormShim (acarry_shims.h:109, iATC_MODE_TYPE only): no Set_ASIF_TJ_EFUSED -- golden main.cpp:17219	ATC_InterfaceForm->Set_ASIF_TJ_EFUSED(Str+Str2+Str3);       //字串最長就是256+32+256=544	
MEDIUM	TesterComm/Handler/HandlerGpibMsg.cpp	1528	1530	1			TODO(W906-GB-P2a): G23 ATC_InterfaceForm is TATC_InterfaceFormShim (acarry_shims.h:109, iATC_MODE_TYPE only): no Get_ASIF_TJ_REQUEST -- golden main.cpp:17223	ATC_InterfaceForm->Get_ASIF_TJ_REQUEST();	
MEDIUM	TesterComm/Handler/HandlerGpibMsg.cpp	1534	1536	1			TODO(W906-GB-P2a): G23 ATC_InterfaceForm is TATC_InterfaceFormShim (acarry_shims.h:109, iATC_MODE_TYPE only): no Get_ASIF_TJ_FB -- golden main.cpp:17227	ATC_InterfaceForm->Get_ASIF_TJ_FB();	
MEDIUM	TesterComm/Handler/HandlerGpibMsg.cpp	1661	1663	1			TODO(W906-GB-P2a): G23 ATC_InterfaceForm is TATC_InterfaceFormShim (acarry_shims.h:109, iATC_MODE_TYPE only): no SetSLOPEOFFSET -- golden main.cpp:17351	ATC_InterfaceForm->SetSLOPEOFFSET(strbuf);	
MEDIUM	TesterComm/Handler/HandlerGpibMsg.cpp	1718	1720	1			TODO(W906-GB-P2a): G23 ATC_InterfaceForm is TATC_InterfaceFormShim (acarry_shims.h:109, iATC_MODE_TYPE only): no dTJ -- golden main.cpp:17400	asTJ+=ATC_InterfaceForm->dTJ[iMap]/10.0;	
MEDIUM	TesterComm/Handler/HandlerGpibMsg.cpp	1740	1742	1			TODO(W906-GB-P2a): G23 ATC_InterfaceForm is TATC_InterfaceFormShim (acarry_shims.h:109, iATC_MODE_TYPE only): no ATCCONTROLMODEMode -- golden main.cpp:17419	ATC_InterfaceForm->ATCCONTROLMODEMode(strbuf);	
MEDIUM	TesterComm/Handler/HandlerGpibMsg.cpp	1751	1753	1			TODO(W906-GB-P2a): G23 ATC_InterfaceForm is TATC_InterfaceFormShim (acarry_shims.h:109, iATC_MODE_TYPE only): no asTJVoltage -- golden main.cpp:17428	asChTJVoltage+=ATC_InterfaceForm->asTJVoltage[i];	
MEDIUM	TesterComm/Handler/HandlerGpibMsg.cpp	1767	1769	1			TODO(W906-GB-P2a): G23 ATC_InterfaceForm is TATC_InterfaceFormShim (acarry_shims.h:109, iATC_MODE_TYPE only): no SetAllTemp -- golden main.cpp:17441	ATC_InterfaceForm->SetAllTemp(atof(asStr3.c_str()));	
MEDIUM	TesterComm/Handler/HandlerGpibMsg.cpp	1782	1784	1			TODO(W906-GB-P2a): G23 ATC_InterfaceForm is TATC_InterfaceFormShim (acarry_shims.h:109, iATC_MODE_TYPE only): no RECORDTJTEMP -- golden main.cpp:17454	ATC_InterfaceForm->RECORDTJTEMP(atof(asStr2.c_str()));	
MEDIUM	TesterComm/Handler/HandlerGpibMsg.cpp	1795	1797	1			TODO(W906-GB-P2a): G23 ATC_InterfaceForm is TATC_InterfaceFormShim (acarry_shims.h:109, iATC_MODE_TYPE only): no asQueryTJTemp -- golden main.cpp:17465	asQUERYTJ+=ATC_InterfaceForm->asQueryTJTemp[i][j];	
MEDIUM	TesterComm/Handler/HandlerGpibMsg.cpp	1815	1817	1			TODO(W906-GB-P2a): G23 ATC_InterfaceForm is TATC_InterfaceFormShim (acarry_shims.h:109, iATC_MODE_TYPE only): no asControlMode -- golden main.cpp:17482	asControlMode+=ATC_InterfaceForm->asControlMode[i];	
MEDIUM	TesterComm/Handler/HandlerGpibMsg.cpp	1844	1848	3			TODO(W906-GB-P2a): G23 ATC_InterfaceForm is TATC_InterfaceFormShim (acarry_shims.h:109, iATC_MODE_TYPE only): no ResetHandlerArmCache / TestFinish / HandlerArm -- golden main.cpp:17508-17510	ATC_InterfaceForm->ResetHandlerArmCache();              //AI(ht9045-atc) 20260808 (RogerYang) : alarm reset 需重新同步 Arm 狀態	
MEDIUM	TesterComm/Handler/HandlerGpibMsg.cpp	1880	1883	2			TODO(W906-GB-P2a): G23 ATC_InterfaceForm is TATC_InterfaceFormShim (acarry_shims.h:109, iATC_MODE_TYPE only): no SetTCWaterValve / ReadTCWaterValue -- golden main.cpp:17531-17532	ATC_InterfaceForm->SetTCWaterValve(asStr2.c_str(), 0);	
MEDIUM	TesterComm/Handler/HandlerGpibMsg.cpp	1900	1903	2			TODO(W906-GB-P2a): G23 ATC_InterfaceForm is TATC_InterfaceFormShim (acarry_shims.h:109, iATC_MODE_TYPE only): no SetDynamicPID / ReadDynamicPID -- golden main.cpp:17549-17550	ATC_InterfaceForm->SetDynamicPID(asStr2.c_str());	
MEDIUM	TesterComm/Handler/HandlerGpibMsg.cpp	1920	1922	1			TODO(W906-GB-P2a): G24 AnsiString*int: vclcompat AnsiString has no operator* and the BCB6 resolution (Variant?) is unverified; asGPIBAutoHeightZPos is never assigned in golden (always "") -- golden main.cpp:17567	SendMSG_CMD(MSG_CMD_READZPOS, asGPIBAutoHeightZPos*100);	
MEDIUM	TesterComm/Handler/HandlerGpibMsg.cpp	1948	1954	5			TODO(W906-GB-P2a): G25 TfObserver has no iTestReceiveTimeCount (same gate as forms/fLotInfo.cpp:5751 W906-LOT-W1-TESTRECVCNT) -- golden main.cpp:17593-17597	if(fObserver->iTestReceiveTimeCount<=20)            //Sam 20200317 : Fix OEE Test Time	
MEDIUM	TesterComm/Handler/HandlerGpibMsg.cpp	2148	2150	1			TODO(W906-GB-P2a): G26 TfMainHanaART (forms/fMain.h:80) has no DoCmdWhenHDStart -- golden main.cpp:17789	hanaART->DoCmdWhenHDStart(Str);	
MEDIUM	TesterComm/Rs232/Rs232Comm.cpp	515	522	6			TODO(W906-GB-P4): no form window; HMountWnd is not a real HWND in-process (golden MainForm.cpp:1720-1725)	fRS232Main->SendToBack();	
MEDIUM	TesterComm/Rs232/Rs232Globals.cpp	878	890	11			TODO(W906-GB-P4): vclcompat has no VCL Exception class (E.HelpContext / E.Message); golden cmydef.cpp:598-606.	catch(Exception& E)                                                     //Steven 20140505 : 試著抓出連線異常的訊息	
MEDIUM	TesterComm/Rs232/Rs232Log.cpp	453	455	1			TODO(W906-GB-P4): TPanel::BevelOuter / bvLowered / bvRaised are not in vclcompat Controls.h; visual only (golden MainForm.cpp:2580)	btnUpdate->BevelOuter=bvLowered;	
MEDIUM	TesterComm/Rs232/Rs232Log.cpp	462	464	1			TODO(W906-GB-P4): TPanel::BevelOuter / bvLowered / bvRaised are not in vclcompat Controls.h; visual only (golden MainForm.cpp:2586)	btnUpdate->BevelOuter=bvRaised;	
MEDIUM	TesterComm/Rs232/Rs232Log.cpp	568	570	1			TODO(W906-GB-P4): TPanel::BevelOuter / bvLowered / bvRaised are not in vclcompat Controls.h; visual only (golden MainForm.cpp:2689)	btnUpdate_TTL->BevelOuter=bvLowered;	
MEDIUM	TesterComm/Rs232/Rs232Log.cpp	577	579	1			TODO(W906-GB-P4): TPanel::BevelOuter / bvLowered / bvRaised are not in vclcompat Controls.h; visual only (golden MainForm.cpp:2695)	btnUpdate_TTL->BevelOuter=bvRaised;	
MEDIUM	TesterComm/Rs232/Rs232Ui.cpp	2218	2227	8			TODO(W906-GB-P4): no VCL Application->OnException / Exception in-process (golden MainForm.cpp:398-405)	void __fastcall TfRS232Main::AppException(TObject *Sender, Exception *E)        //ChungHung 20141226 add catch exception	
MEDIUM	TesterComm/Tcp/TcpPump.cpp	175	177	1			TODO(W906-GB-P5): fLotInfo->labTCPIPSimulate is not a V906 TfLotInfo member (golden main.cpp:29777 / cTesterIF.cpp:587)	fLotInfo->labTCPIPSimulate->Visible = (TestIF_File.iTestType == TCP_IP_MODE);	
MEDIUM	aHotPlateSubstrate.cpp	954	957	2			W6.5: superseded by the real bodies translated into acarry.cpp (:175/:197)	bool IsFLCarrKitAllHasIC() { return false; }                       //ChungHung 20111230	
MEDIUM	aHotPlateSubstrate.cpp	1195	1197	1			PT-W7e-part2 RETIRED (ResetShuttleWhichKit): real translated body now in ainarm2.cpp	void ResetShuttleWhichKit() {}                             //golden ainarm2.h:133	
MEDIUM	aHotPlateSubstrate.cpp	1198	1200	1			PT-W7e-part2 RETIRED (CloseSiteState): real translated body now in ainarm2.cpp	int  CloseSiteState(bool /*bPlace*/) { return 0; }         // no site closed offline	
MEDIUM	aHotPlateSubstrate.cpp	1207	1209	1			PT-W7e-part2 RETIRED (RowCanDualSite): real translated body now in ainarm2.cpp	bool RowCanDualSite() { return false; }                    //golden ainarm2.cpp:1554	
MEDIUM	aHotPlateSubstrate.cpp	1210	1212	1			PT-W7e-part2 RETIRED (InitInArmTask): real translated body now in ainarm2.cpp	void InitInArmTask()  {}	
MEDIUM	aHotPlateSubstrate.cpp	1218	1220	1			PT-W7e-part2 RETIRED (TransferHotPlateRatio): real translated body now in ainarm2.cpp	void TransferHotPlateRatio(bool, int *, int *) {}          //Steven 20110324 : ratio xform no-op	
MEDIUM	aHotPlateSubstrate.cpp	1221	1223	1			PT-W7e-part2 RETIRED (MoveInArmZToPlateSafe): real translated body now in ainarm2.cpp	bool MoveInArmZToPlateSafe(int) { return true; }           // offline: Z reaches safe immediately	
MEDIUM	aHotPlateSubstrate.cpp	1224	1226	1			PT-W7e-part2 RETIRED (AdjustShuttlePlaceOrder): real translated body now in ainarm2.cpp	void AdjustShuttlePlaceOrder(int) {}	
MEDIUM	aHotPlateSubstrate.cpp	1227	1229	1			PT-W7e-part2 RETIRED (SetInArmHome): real translated body now in ainarm2.cpp	void SetInArmHome(bool /*bPrecisorNeedHome*/) {}   // AI(pt-wave) 20260811: golden arity (ainarm2.h:136); still a no-op stub, golden real bo	
MEDIUM	aHotPlateSubstrate.cpp	1230	1232	1			PT-W7e-part2 RETIRED (InArmSubSpeed): real translated body now in ainarm2.cpp	void InArmSubSpeed() {}	
MEDIUM	aHotPlateSubstrate.cpp	1233	1235	1			PT-W7e-part2 RETIRED (InArmAddSpeed): real translated body now in ainarm2.cpp	void InArmAddSpeed() {}	
MEDIUM	aHotPlateSubstrate.cpp	1653	1655	1			PT-W7e-part2 RETIRED (InitInArmPickFromHotPlateTask340): real translated body now in ainarm2.cpp	void InitInArmPickFromHotPlateTask340() { iInArmPickFromHotPlateTask=340; }     // golden :628	
MEDIUM	aHotPlateSubstrate.cpp	1669	1671	1			PT-W7e-part2 RETIRED (InitInArmPlaceToHotPlateTask): real translated body now in ainarm2.cpp	void InitInArmPlaceToHotPlateTask()    { iInArmPlaceToHotPlateTask=1;   }       // golden :1539	
MEDIUM	aHotPlateSubstrate.cpp	1672	1674	1			PT-W7e-part2 RETIRED (InitInArmPlaceToHotPlateTask400): real translated body now in ainarm2.cpp	void InitInArmPlaceToHotPlateTask400() { iInArmPlaceToHotPlateTask=400; }       // golden :1544	
MEDIUM	aHotPlateSubstrate.cpp	1675	1677	1			PT-W7e-part2 RETIRED (InitInArmPlaceToHotPlateTask100): real translated body now in ainarm2.cpp	void InitInArmPlaceToHotPlateTask100() { iInArmPlaceToHotPlateTask=100; }       // golden :1549	
MEDIUM	aHotPlateSubstrate.cpp	1678	1680	1			PT-W7e-part2 RETIRED (InitInArmTryPickFromHotPlateTask): real translated body now in ainarm2.cpp	void InitInArmTryPickFromHotPlateTask(){ iInArmTryPickFromHotPlateTask=1; }     // golden :613	
MEDIUM	aHotPlateSubstrate.cpp	1697	1699	1			PT-W7e-part2 RETIRED (InArmAddSpeedDisplay): real translated body now in ainarm2.cpp	void InArmAddSpeedDisplay() { iInArmSpeed1++; }                                 //KaiChen 20171225	
MEDIUM	aHotPlateSubstrate.cpp	1700	1702	1			PT-W7e-part2 RETIRED (InArmSubSpeedDisplay): real translated body now in ainarm2.cpp	void InArmSubSpeedDisplay() { iInArmSpeed1--; }                                 //KaiChen 20171225	
MEDIUM	aHotPlateSubstrate.cpp	1707	1709	1			PT-W7e-part2 RETIRED (InitArmPickFromLoadStageTask): real translated body now in ainarm2.cpp	void InitArmPickFromLoadStageTask() { iPickFromLoadStageTask=1; }	
MEDIUM	aHotPlateSubstrate.cpp	1714	1716	1			PT-W7e-part2 RETIRED (SetInArm_Unuse_SuckToNullICForHP): real translated body now in ainarm2.cpp	void SetInArm_Unuse_SuckToNullICForHP() {}	
MEDIUM	aHotPlateSubstrate.cpp	1726	1728	1			PT-W7e-part2 RETIRED (DoCheckAutoSiteMappingPosition): real translated body now in ainarm2.cpp	void DoCheckAutoSiteMappingPosition() {}	
MEDIUM	aHotPlateSubstrate.cpp	1732	1734	1			PT-W7e-part2 RETIRED (CheckClearAllHotICThenPickLoadIC): real translated body now in ainarm2.cpp	bool CheckClearAllHotICThenPickLoadIC() { return false; }	
MEDIUM	aHotPlateSubstrate.cpp	1738	1740	1			PT-W7e-part2 RETIRED (AdjustShuttleWhichKitOrder): real translated body now in ainarm2.cpp	void AdjustShuttleWhichKitOrder() {}	
MEDIUM	aHotPlateSubstrate.cpp	1744	1746	1			PT-W7e-part2 RETIRED (AdjustShtOrderWhenPlaceToSht): real translated body now in ainarm2.cpp	void AdjustShtOrderWhenPlaceToSht(int /*iMode*/) {}	
MEDIUM	aHotPlateSubstrate.cpp	1751	1753	1			PT-W7e-part2 RETIRED (SetInArmNeedDestory): real translated body now in ainarm2.cpp	void SetInArmNeedDestory(bool /*bPlace*/, int /*iShtRow*/, int /*iShtCol*/, int /*iRow*/, int /*iCol*/) {}	
MEDIUM	aHotPlateSubstrate.cpp	1758	1760	1			PT-W7e-part2 RETIRED (TransferInShuttleRatio): real translated body now in ainarm2.cpp	void TransferInShuttleRatio(int /*iSht*/, int * /*iXPos*/, int * /*iYPos*/, int /*iRow*/, int /*iCol*/) {}	
MEDIUM	aHotPlateSubstrate.cpp	1776	1782	5			PT-W7e-part2 RETIRED (SetShuttlefCanMoveL): real translated body now in ainarm2.cpp	void SetShuttlefCanMoveL(int iShuttle, bool bCanMoveL, AnsiString /*sFun*/, AnsiString /*sTask*/)	
MEDIUM	aHotPlateSubstrate.cpp	1786	1788	1			PT-W7e-part2 RETIRED (InitInOCRWaitTask): real translated body now in ainarm2.cpp	void InitInOCRWaitTask() {}	
MEDIUM	aHotPlateSubstrate.cpp	1789	1791	1			PT-W7e-part2 RETIRED (OCRMoveInArm2XYToWait): real translated body now in ainarm2.cpp	bool OCRMoveInArm2XYToWait() { return true; }	
MEDIUM	aHotPlateSubstrate.cpp	1798	1800	1			PT-W7e-part2 RETIRED (IsHotPlateCheckFinsih): real translated body now in ainarm2.cpp	bool IsHotPlateCheckFinsih() { return true; }	
MEDIUM	aHotPlateSubstrate.cpp	1805	1807	1			PT-W7e-part2 RETIRED (CheckInArmSuckInitial): real translated body now in ainarm2.cpp	bool CheckInArmSuckInitial() { return true; }	
MEDIUM	aHotPlateSubstrate.cpp	1812	1817	4			PT-W7e-part2 RETIRED (SetInArmUseSuckToHasTrySuckIC): real translated body now in ainarm2.cpp	void SetInArmUseSuckToHasTrySuckIC(int /*iSht*/, int /*iKit*/)	
MEDIUM	aHotPlateSubstrate.cpp	1822	1824	1			PT-W7e-part2 RETIRED (DisableAutoSiteMapWhenCleanOut): real translated body now in ainarm2.cpp	void DisableAutoSiteMapWhenCleanOut() {}	
MEDIUM	aHotPlateSubstrate.cpp	1828	1831	2			PT-W7a RETIRED (SetMotorSpeed)	void SetMotorSpeed() {}	
MEDIUM	aHotPlateSubstrate.cpp	1835	1838	2			PT-W5f RETIRED (DoInArmAutoSiteMapping)	bool DoInArmAutoSiteMapping() { return false; }	
MEDIUM	aHotPlateSubstrate.cpp	1847	1850	2			PT-W5c RETIRED (CheckInArmDestroyICFail)	bool CheckInArmDestroyICFail() { return true; }	
MEDIUM	acarry_shims.cpp	102	105	2			PT-W5c RETIRED (InShtInLF)	bool InShtInLF(int iSht) { return (iSht==0) ? InSHT1InLF() : InSHT2InLF(); }     // golden csystem.cpp	
MEDIUM	acarry_shims.cpp	106	109	2			PT-W5c RETIRED (InShtInRT)	bool InShtInRT(int iSht) { return (iSht==0) ? InSHT1InRT() : InSHT2InRT(); }     // golden csystem.cpp	
MEDIUM	acarry_shims.cpp	114	117	2			PT-W5c RETIRED (SortSHTInLF)	bool SortSHTInLF() { return false; }                   // golden csystem.cpp (9046AU)	
MEDIUM	acarry_shims.cpp	118	121	2			PT-W5c RETIRED (SortSHTInRT)	bool SortSHTInRT() { return false; }                   // golden csystem.cpp (9046AU)	
MEDIUM	acarry_shims.cpp	128	131	2			PT-W5c RETIRED (DoStepShuttleCheck)	bool DoStepShuttleCheck(int /*iShuttle*/) { return true; }     // golden csystem.cpp	
MEDIUM	acarry_shims.cpp	132	135	2			PT-W5f RETIRED (DoCheckShuttle1EmptyIC)	bool DoCheckShuttle1EmptyIC()             { return true; }     // golden csystem.cpp	
MEDIUM	acarry_shims.cpp	136	139	2			PT-W5f RETIRED (DoCheckShuttle2EmptyIC)	bool DoCheckShuttle2EmptyIC()             { return true; }     // golden csystem.cpp	
MEDIUM	acarry_shims.cpp	140	143	2			PT-W5f RETIRED (DoCheckShuttle1MustHasIC)	bool DoCheckShuttle1MustHasIC()           { return true; }     // golden csystem.cpp	
MEDIUM	acarry_shims.cpp	144	147	2			PT-W5f RETIRED (DoCheckShuttle2MustHasIC)	bool DoCheckShuttle2MustHasIC()           { return true; }     // golden csystem.cpp	
MEDIUM	acarry_shims.cpp	148	151	2			PT-W5f RETIRED (DoCheckShuttle1Prominent)	bool DoCheckShuttle1Prominent()           { return true; }     // golden csystem.cpp	
MEDIUM	acarry_shims.cpp	152	155	2			PT-W5f RETIRED (DoCheckShuttle2Prominent)	bool DoCheckShuttle2Prominent()           { return true; }     // golden csystem.cpp	
MEDIUM	acarry_shims.cpp	156	159	2			PT-W5f RETIRED (InitialCheckShuttle1MustHasICTask)	void InitialCheckShuttle1MustHasICTask()           {}          // golden csystem.cpp	
MEDIUM	acarry_shims.cpp	160	163	2			PT-W5f RETIRED (InitialCheckShuttle2MustHasICTask)	void InitialCheckShuttle2MustHasICTask()           {}          // golden csystem.cpp	
MEDIUM	acarry_shims.cpp	164	167	2			PT-W5f RETIRED (InitialCheckShuttle1ProminentNoHasICTask)	void InitialCheckShuttle1ProminentNoHasICTask()    {}          // golden csystem.cpp	
MEDIUM	acarry_shims.cpp	168	171	2			PT-W5f RETIRED (InitialCheckShuttle2ProminentNoHasICTask)	void InitialCheckShuttle2ProminentNoHasICTask()    {}          // golden csystem.cpp	
MEDIUM	acarry_shims.cpp	172	175	2			PT-W5f RETIRED (InitialCheckShuttle1ProminentTask)	void InitialCheckShuttle1ProminentTask()           {}          // golden csystem.cpp	
MEDIUM	acarry_shims.cpp	176	179	2			PT-W5f RETIRED (InitialCheckShuttle2ProminentTask)	void InitialCheckShuttle2ProminentTask()           {}          // golden csystem.cpp	
MEDIUM	acarry_shims.cpp	184	187	2			PT-W5f RETIRED (Check32siteOnlyEnabled24Site)	bool Check32siteOnlyEnabled24Site() { return false; }  // golden csystem.cpp	
MEDIUM	acarry_shims.cpp	188	191	2			PT-W5f RETIRED (Check32siteOnlyEnabled4x4Site)	bool Check32siteOnlyEnabled4x4Site(){ return false; }  // golden csystem.cpp	
MEDIUM	acarry_shims.cpp	210	213	2			PT-W5c RETIRED (MoveSortArmToAutoSafe)	void MoveSortArmToAutoSafe()           {}                  // golden 9046AU	
MEDIUM	acatchtray.cpp	165	168	2			PT-W5c RETIRED (DoReceiveAutoTray)	bool DoReceiveAutoTray(int /*pos*/) { return false; }	
MEDIUM	acatchtray_shims.cpp	117	119	1			PT-W7e-part2 RETIRED (MoveInArm2XYToWait): real translated body now in ainarm2.cpp	bool MoveInArm2XYToWait()                       { return true;  }	
MEDIUM	acatchtray_shims.cpp	120	122	1			PT-W7e-part2 RETIRED (MoveInArm2XYToShuttle2Wait): real translated body now in ainarm2.cpp	bool MoveInArm2XYToShuttle2Wait()               { return true;  }	
MEDIUM	acatchtray_shims.cpp	123	125	1			PT-W7e-part2 RETIRED (CheckInArmFinishAllPickerAction): real translated body now in ainarm2.cpp	bool CheckInArmFinishAllPickerAction()          { return true;  }	
MEDIUM	acatchtray_shims.cpp	126	128	1			PT-W7e-part2 RETIRED (IsMoveInArm2XYToWait): real translated body now in ainarm2.cpp	bool IsMoveInArm2XYToWait()                     { return true;  }	
MEDIUM	acatchtray_shims.cpp	129	131	1			PT-W7e-part2 RETIRED (IsMoveInArm2XYToShuttle2Wait): real translated body now in ainarm2.cpp	bool IsMoveInArm2XYToShuttle2Wait()             { return false; }  // golden ainarm2.h:142 (Sam 20250522) -- offline: NOT at wait	
MEDIUM	acatchtray_shims.cpp	147	150	2			PT-W7a RETIRED (SetUnloaderInfoFile)	void SetUnloaderInfoFile(int)                   {}	
MEDIUM	acatchtray_shims.cpp	186	189	2			PT-W7a RETIRED (SetMotorScaleSpeed)	void SetMotorScaleSpeed(int, int)                    {}                  // offline: no-op	
MEDIUM	acatchtray_shims.cpp	190	193	2			PT-W7a RETIRED (SetMotorAccelSpeed)	void SetMotorAccelSpeed(int, int)                    {}                  // AI(W906-AutoCleanFoundation) 20260721: golden cinitial.h:51 sibl	
MEDIUM	acatchtray_shims.cpp	216	219	2			PT-W5c RETIRED (iReceiveAutoTrayTask)	int  iReceiveAutoTrayTask[MAX_AUTO_TRAY] = {0};               // golden csystem.h:67 (auto-receive cursors)	
MEDIUM	acatchtray_shims.cpp	235	238	2			PT-W5f RETIRED (DoLockUnloader)	bool DoLockUnloader(int /*iAuto*/)         { return true; }   // golden csystem.h:259 -- offline: unloader locked OK	
MEDIUM	ainarm2.cpp	533	544	10	k1-G1		GATE k1-G1 -- golden :978-987 (uHPSuckTeam/ExtractLastTeamHasData belong to the OTHER uPlateInfo; see GATE REGISTER above).  The `else` keyword at :987 is gated with the arm; its BLOCK (:988-990) stays ACTIVE so AdjustSh	uHPSuckTeam *HTTeam;	
MEDIUM	ainarm2.cpp	1073	1075	1	k2ai2-G2		GATE k2ai2-G2 -- golden ainarm2.cpp:2117 CheckInArmXYScaleByAutoTeach: same dead symbol as GATE k2ai2-G1, the only body in the tree is the static no-op at AutoClean/AutoClean.cpp:232.  Retire BOTH gates together.  See th	CheckInArmXYScaleByAutoTeach(*iXPos, *iYPos, AOA_Loader);	
MEDIUM	ainarm2.cpp	1376	1410	33	k4e-G02		GATE k4e-G02 -- golden :2728-2757, whole body.  fOffSet->GetOffsetPath() and	AnsiString str;	
MEDIUM	ainarm2.cpp	3034	3038	3	W7E-K8-C		GATE W7E-K8-C -- golden ainarm2.cpp:3813 (text below is golden VERBATIM)	if(MoveInArm2XYToClean())	
MEDIUM	ainarm2.cpp	4303	4314	10	k4e-G01		GATE k4e-G01 -- golden :844  AdjustShuttlePlaceOrderForASM()  (golden home	AdjustShuttlePlaceOrderForASM();                                    //Steven 20250206 : fixed ASM之中作one cycle會造成關arm 1時異常	
MEDIUM	ainarm2.cpp	4439	4441	1	W7E-2		GATE W7E-2 -- golden ainarm2.cpp:919 (no callable DoInArm_SuckerMap body in this tree; see banner)	DoInArm_SuckerMap();	
MEDIUM	ainarm2.cpp	4666	4670	3	W7E-1		GATE W7E-1 -- golden ainarm2.cpp:1057 (3-arg MyDBIProcess; see banner)	MyDBIProcess("Motion", sData, "MoveInArmZToPlateSafe");	
MEDIUM	ainarm2.cpp	5708	5711	2			TODO(k3-ainarm2/INTEGRATOR) GATE [G2]+[G3]: CheckInArmAutoAlignmentTrayModeBeUse / CheckInArmAutoAlignmentCKModeBeUse -- golden AutoAlignment/AutoAlignment.h:265-266; the port has NO AutoAlignment directory.  Only TU-loc	bDoInArmAutoAlignment  = CheckInArmAutoAlignmentTrayModeBeUse(lInArmAutoAlignmentTrayTimingFlag, true);	
MEDIUM	ainarm2.cpp	5719	5722	2			TODO(k3-ainarm2/INTEGRATOR) GATE [G2]+[G3]: CheckInArmAutoAlignmentTrayModeBeUse / CheckInArmAutoAlignmentCKModeBeUse -- golden AutoAlignment/AutoAlignment.h:265-266; the port has NO AutoAlignment directory.  Only TU-loc	bDoInArmAutoAlignment  = CheckInArmAutoAlignmentTrayModeBeUse(lInArmAutoAlignmentTrayTimingFlag, true);	
MEDIUM	ainarm2.cpp	5923	5928	4	k2ai2-G1		GATE k2ai2-G1 -- golden ainarm2.cpp:1788-1791, the whole if(iPlate==0)/else whose only two statements are CheckInArmXYScaleByAutoTeach: the ONLY body in the port tree is a static (internal-linkage) no-op stand-in at Auto	if(iPlate==0)	
MEDIUM	ainarm2.cpp	6182	6187	4	W7e-G1		GATE (W7e-G1): golden :1976-1979 CheckInArmXYScaleByAutoTeach -- AOA subsystem untranslated; branch unreachable offline (MACHINE_HAS_AUTO_ALIGNMENT_CCD false). See GATE REGISTER above.	if(iShuttle==0)	
MEDIUM	ainarm2.cpp	7607	7628	20	k4e-G03		GATE k4e-G03 -- golden :3614-3628, whole body.  The LOAD-BEARING reason is	if(EnableTraymapCheckFunction(0))                                           //wei 20170302 (Steven) Tray map data error	
MEDIUM	ainarm2.cpp	7782	7787	4	W7e-G2a		GATE (W7e-G2a): golden :3881-3884 -- fMain->cInplace is TfMainInplace (forms/fMain.h:93/:199), which has NO DoSuckToRecycleFromLoader; the real owner is cInArmPlacement (cInArmPlacement.h:86). Unreachable offline (InArmP	if(fMain->cInplace->DoSuckToRecycleFromLoader(false,asErrorPickup))	
MEDIUM	ainarm2.cpp	7794	7796	1	W7e-G2b		GATE (W7e-G2b): golden :3891 -- same symbol/type mismatch as (W7e-G2a). See GATE REGISTER above.	fMain->cInplace->DoSuckToRecycleFromLoader(true,asErrorPickup);	
MEDIUM	ainarm9045.cpp	569	571	1			TODO(W7) -- golden :8472 SetInArmUseSuckToHasNullIC (no translated home)	SetInArmUseSuckToHasNullIC(iSht, iKit);	
MEDIUM	ainarm9045.cpp	638	641	2			TODO(W7) -- golden :9095 TestSocket.iShtRow/iShtCol (TestSocket no home)	iRow=TestSocket.iShtRow;	
MEDIUM	ainarm9045.cpp	716	722	5			TODO(W7) -- golden :8597-8697 encoder compare + ShowErrorMessage alarm sink	#else	
MEDIUM	ainarm9045.cpp	769	773	3			TODO(W7) -- golden :2586 InArmSuck.PordRec[][].Add* prod-record counter	InArmSuck.PordRec[iSuckRow][iSuckCol].AddInArmPickRecord();	
MEDIUM	ainarm9045.cpp	778	783	4			TODO(W7) -- golden :345-384 FLCarryKit/BLCarryKit shuttle-grid item writes	#else	
MEDIUM	ainarm9045.cpp	1008	1010	1	G-TIF912-1x2_1		GATE G-TIF912-1x2_1 -- golden :4610 (ainarm9045_1x2_1.cpp not translated)	DoInArm_9045_1x2_1();	
MEDIUM	ainarm9045.cpp	1130	1132	1			TODO(W6.2b variants) -- golden :4704-4830 (remaining per-layout *_SuckerMap arms; un-gate as each variant lands)	/* ... further per-iInArmType *_SuckerMap dispatch arms ... */	
MEDIUM	ainarm9045.cpp	1177	1310	132			AI(W906-INADD) 20260927: 下面三支（CheekNeed… / DoInArmAdditionalFunction / PreSetInArmAdditionalFlag）的離線舊版退休 —— golden :3107-3340 照翻在本檔檔尾	bool CheekNeedToDoInArmAdditionalFunction()                                     // golden :3107	
MEDIUM	ainarm9045.cpp	1367	1371	3			TODO(W7) -- golden :9205 MoveInArm2XYToDecayTeach() (no translated home)	bDecayReached=MoveInArm2XYToDecayTeach();	
MEDIUM	ainarm9045.cpp	1432	1435	2			TODO(W7) -- golden :7332 ShowErrorMessage("WAR0120") alarm sink	ErrPart=InArmSuck.Suck[iLoadPickX][iLoadPickY].sName;	
MEDIUM	ainarm9045.cpp	3113	3114	0			TODO(W7) -- golden :8867-9028 (MOT[] encoders + fProductionInfo->setEditZ* TEdit SM)		
MEDIUM	ainarm9045.cpp	3440	3442	1			PT-W7d RETIRED (AutoTrayEndMusic): the real translated body now lives further down this file	bool AutoTrayEndMusic(int, int)                          { return false; }      // golden :2527	
MEDIUM	ainarm9045.cpp	3443	3445	1			PT-W7d RETIRED (bCheckYPitchHome): the real translated body now lives further down this file	bool bCheckYPitchHome(int)                               { return false; }      // golden :2564	
MEDIUM	ainarm9045.cpp	3446	3448	1			PT-W7d RETIRED (bCheckYPitchRunHomeSen): the real translated body now lives further down this file	bool bCheckYPitchRunHomeSen(int)                         { return false; }      // golden :2540	
MEDIUM	ainarm9045.cpp	3450	3452	1			PT-W7d RETIRED (DoTrayEndProcess_9045): the real translated body now lives further down this file	bool DoTrayEndProcess_9045()                             { return false; }      // golden :2828	
MEDIUM	ainarm9045.cpp	3453	3455	1			PT-W7d RETIRED (DoTraySkipProcess_9045): the real translated body now lives further down this file	bool DoTraySkipProcess_9045()                            { return false; }      // golden :2894	
MEDIUM	ainarm9045.cpp	3456	3458	1			PT-W7d RETIRED (DoRecordSkipPosition_9045): the real translated body now lives further down this file	bool DoRecordSkipPosition_9045(bool)                     { return false; }      // golden :2999	
MEDIUM	ainarm9045.cpp	3459	3461	1			PT-W7d RETIRED (CheckPlaceToShuttle): the real translated body now lives further down this file	bool CheckPlaceToShuttle()                               { return false; }      // golden :2313	
MEDIUM	ainarm9045.cpp	3462	3464	1			PT-W7d RETIRED (DoInArmPlaceToShuttle_9045): the real translated body now lives further down this file	bool DoInArmPlaceToShuttle_9045()                        { return false; }      // golden :8723	
MEDIUM	ainarm9045.cpp	3465	3467	1			PT-W7d RETIRED (MoveInArmXYAndSuckUp): the real translated body now lives further down this file	bool MoveInArmXYAndSuckUp(int, int, int)                 { return false; }      // golden :9029	
MEDIUM	ainarm9045.cpp	3468	3470	1			PT-W7d RETIRED (Find_InArm_Single): the real translated body now lives further down this file	bool Find_InArm_Single(int, int&, int&)                  { return false; }      // golden :6364	
MEDIUM	ainarm9045.cpp	3471	3473	1			PT-W7d RETIRED (SearchAndMoveInArmXYToLoad_9045): the real translated body now lives further down this file	bool SearchAndMoveInArmXYToLoad_9045()                   { return false; }      // golden :6960	
MEDIUM	ainarm9045.cpp	3474	3476	1			PT-W7d RETIRED (MoveInArmZToLoaderPick): the real translated body now lives further down this file	bool MoveInArmZToLoaderPick(int)                         { return false; }      // golden :6983	
MEDIUM	ainarm9045.cpp	3478	3480	1			PT-W7d RETIRED (MoveInArmXYToShuttle_9045): the real translated body now lives further down this file	bool MoveInArmXYToShuttle_9045(int, int, bool, bool)     { return false; }      // golden :740	
MEDIUM	ainarm9045.cpp	3481	3483	1			PT-W7d RETIRED (MoveInArmZToShuttlePlace_9045): the real translated body now lives further down this file	bool MoveInArmZToShuttlePlace_9045(int)                  { return false; }      // golden :866	
MEDIUM	ainarm9045.cpp	3487	3489	1			PT-W7d RETIRED (InArmSideAllClose): the real translated body now lives further down this file	bool InArmSideAllClose(int)                              { return true;  }      // golden :4231 (offline: all closed)	
MEDIUM	ainarm9045.cpp	3490	3492	1			PT-W7d RETIRED (InArmSideAllCloseWithKit): the real translated body now lives further down this file	bool InArmSideAllCloseWithKit(int, int)                  { return true;  }      // golden :4251	
MEDIUM	ainarm9045.cpp	3493	3495	1			PT-W7d RETIRED (bCheckInShuttlePosAndNOIC): the real translated body now lives further down this file	bool bCheckInShuttlePosAndNOIC()                         { return false; }      // golden :4368	
MEDIUM	ainarm9045.cpp	3496	3498	1			PT-W7d RETIRED (InArmNeedCheckOffset): the real translated body now lives further down this file	bool InArmNeedCheckOffset(bool, int)                     { return false; }      // golden :4329	
MEDIUM	ainarm9045.cpp	3499	3501	1			PT-W7d RETIRED (CheckShuttleSensor_9045): the real translated body now lives further down this file	bool CheckShuttleSensor_9045(int)                        { return true;  }      // golden :2070 (offline: no floating)	
MEDIUM	ainarm9045.cpp	3503	3505	1			PT-W7d RETIRED (MoveInArmXYToWaitTrayArm): the real translated body now lives further down this file	int  MoveInArmXYToWaitTrayArm(int, int, bool, bool)      { return 0; }          // golden :828	
MEDIUM	ainarm9045.cpp	3506	3508	1			PT-W7d RETIRED (GetVariableYInShuttleData): the real translated body now lives further down this file	int  GetVariableYInShuttleData()                         { return 0; }          // golden :2254	
MEDIUM	ainarm9045.cpp	3509	3511	1			PT-W7d RETIRED (AutoCalculateInArmYClosePitch): the real translated body now lives further down this file	int  AutoCalculateInArmYClosePitch(bool, bool)           { return 0; }          // golden :4911	
MEDIUM	ainarm9045.cpp	3512	3514	1			PT-W7d RETIRED (CheckOneCycleAction): the real translated body now lives further down this file	int  CheckOneCycleAction(int)                            { return 0; }          // golden :7431	
MEDIUM	ainarm9045.cpp	3517	3519	1			PT-W7d RETIRED (SetClosedShtKitToHasNullIC_9045): the real translated body now lives further down this file	bool SetClosedShtKitToHasNullIC_9045(int, int, AnsiString, AnsiString) { return false; } // golden :385	
MEDIUM	ainarm9045.cpp	3523	3525	1			PT-W7d RETIRED (CheckShuttleSensor_9045_1x1): the real translated body now lives further down this file	int CheckShuttleSensor_9045_1x1(int, bool, bool) { return 0; }	
MEDIUM	ainarm9045.cpp	3526	3528	1			PT-W7d RETIRED (CheckShuttleSensor_9045_1x4): the real translated body now lives further down this file	int CheckShuttleSensor_9045_1x4(int, bool, bool) { return 0; }	
MEDIUM	ainarm9045.cpp	3529	3531	1			PT-W7d RETIRED (CheckShuttleSensor_9045_2x1): the real translated body now lives further down this file	int CheckShuttleSensor_9045_2x1(int, bool, bool) { return 0; }	
MEDIUM	ainarm9045.cpp	3532	3534	1			PT-W7d RETIRED (CheckShuttleSensor_9045_2x3): the real translated body now lives further down this file	int CheckShuttleSensor_9045_2x3(int, bool, bool) { return 0; }	
MEDIUM	ainarm9045.cpp	3535	3537	1			PT-W7d RETIRED (CheckShuttleSensor_9045_2x4): the real translated body now lives further down this file	int CheckShuttleSensor_9045_2x4(int, bool, bool) { return 0; }	
MEDIUM	ainarm9045.cpp	3538	3540	1			PT-W7d RETIRED (CheckShuttleSensor_9045_1x2): the real translated body now lives further down this file	int CheckShuttleSensor_9045_1x2(int, bool, bool) { return 0; }	
MEDIUM	ainarm9045.cpp	3541	3543	1			PT-W7d RETIRED (CheckShuttleSensor_9045_2x2): the real translated body now lives further down this file	int CheckShuttleSensor_9045_2x2(int, bool, bool) { return 0; }	
MEDIUM	ainarm9045.cpp	3544	3546	1			PT-W7d RETIRED (CheckShuttleSensor_9045_2x5): the real translated body now lives further down this file	int CheckShuttleSensor_9045_2x5(int, bool, bool) { return 0; }	
MEDIUM	ainarm9045.cpp	3547	3549	1			PT-W7d RETIRED (CheckShuttleSensor_9045_2x6): the real translated body now lives further down this file	int CheckShuttleSensor_9045_2x6(int, bool, bool) { return 0; }	
MEDIUM	ainarm9045.cpp	3550	3552	1			PT-W7d RETIRED (CheckShuttleSensor_9045_2x8): the real translated body now lives further down this file	int CheckShuttleSensor_9045_2x8(int, bool, bool) { return 0; }	
MEDIUM	ainarm9045.cpp	5075	5079	3	k6-G2		GATE k6-G2 -- golden ainarm9045.cpp:1267 ArmXCanSuck4IC_1032() (golden body :115-125; NO port body, port csystem.h:110 decl is commented out).  Absence command + time + real-machine difference: see GATE REGISTER above.	bXCanSuck4IC_1032=ArmXCanSuck4IC_1032();	
MEDIUM	ainarm9045.cpp	6221	6223	1	W7D-K2-G02		GATE W7D-K2-G02 -- golden :2603 fAutoTeach->CheckLoaderCountNeedOneCycle() -- no fAutoTeach global anywhere in the port (see GATE REGISTER for the exact command + timestamp)	fAutoTeach->CheckLoaderCountNeedOneCycle();                                 //JimmyChiu 20211020 : Auto alignment mode	
MEDIUM	ainarm9045.cpp	6236	6243	6	W7D-K2-G03		GATE W7D-K2-G03 -- golden :2616-2621 fSCKART->DoChkInputCntAlarm(bool) -- absent on forms/fSCKART.h TfSCKART.  WHOLE if gated because the call IS the condition; enclosing if(:2609-2614) stays ACTIVE so the else-if chain 	if(TestIF_File.bRENESAS_EnableFTCT==false &&                            //RogerYang 20250923 : 瑞薩FT-CT 不要Alarm 數量到了繼續把這一盤做完	
MEDIUM	ainarm9045.cpp	6252	6254	1	W7D-K2-G04		GATE W7D-K2-G04 -- golden :2630 RestoreLoadeIC(int) -- golden ainarm2.h:220, no port body and no declaration	RestoreLoadeIC(iTrayRow);                                                   //Steven 20211228 : 換位置 //JerryYang 20200422 Auto skip次數到達後, 自動再	
MEDIUM	ainarm9045.cpp	6261	6274	12	W7D-K2-G05		GATE W7D-K2-G05 -- golden :2637-2648 EnableTraymapCheckFunction(int) (golden ainarm2.h:216 / ainarm2.cpp:3585, no port body) + MyDeCodeASCII (EJ1N/TextProcess.h, unreachable: MachineDefine.h:109 is inside the port #if 0)	if(EnableTraymapCheckFunction(0))                                           //wei 20170302 (Steven) Tray map data error	
MEDIUM	ainarm9045.cpp	6333	6335	1	W7D-K2-G06		GATE W7D-K2-G06 -- golden :2707 FrmRotate->iFromTrayAngle -- FrmRotate is real (forms/fRotate.h) but has no iFromTrayAngle member; iCurrRotAng keeps its ctor 0 (= 0 degrees)	InArmSuck.iCurrRotAng[iSuckRow][iSuckCol]=FrmRotate->iFromTrayAngle;        //目前產品的角度	
MEDIUM	ainarm9045.cpp	6349	6351	1	W7D-K2-G07		GATE W7D-K2-G07 -- golden :2721 fSCKART->sInfo_CustLotID -- absent on forms/fSCKART.h TfSCKART (it exists only on the separate Automation/SCK_ART_Remainder.h:711 state struct).  Only THIS line is gated; LastSet.iSCKARTIn	InArmSuck.PordRec[iSuckRow][iSuckCol].AddLoadRecord(ASE_InTrayNum, iTrayRow, iTrayCol, iMotXpos, iMotYpos, fSCKART->sLotID+" "+fSCKART->sInf	
MEDIUM	ainarm9045.cpp	6354	6360	5	W7D-K2-G08		GATE W7D-K2-G08 -- golden :2724-2728 fLotInfo->tsLotID (golden uLotInfo.h:302 TTabSheet) -- absent on the port fLotInfo.  Gating the whole else-if hands the final else (:2729) the live arm, which is exactly what golden d	else if(fLotInfo->tsLotID->TabVisible==true &&	
MEDIUM	ainarm9045.cpp	6367	6370	2	W7D-K2-G09		GATE W7D-K2-G09 -- golden :2735-2736 iRecordTrayPickPosY/X -- golden ainarm2.h:92, no port home.  SAME premise the port already gated at csystem.cpp:20130-20131 (G18/G19)	iRecordTrayPickPosY[iSuckRow][iSuckCol]=iTrayRow;	
MEDIUM	ainarm9045.cpp	6372	6375	2	W7D-K2-G10		GATE W7D-K2-G10 -- golden :2738-2739 fTrayMapping->sgSuckmap -- absent on the acatchtray_shims.h:219 TfTrayMapping shim (only generated layout data mentions the name)	if(USE_TRAY_MAPPING==etmInstall)	
MEDIUM	ainarm9045.cpp	6377	6397	19	W7D-K2-G11		GATE W7D-K2-G11 -- golden :2741-2759 fMesSystem (golden Mes/fVATMesFileSys.h TfMesSystem) -- the whole Mes/ subsystem is absent.  The inner #ifdef SOFT_SIMULTE / #else pair is transcribed VERBATIM inside this gate (SOFT_	if(IniConfig.bVTESTFunction==true && IniConfig.bCheckFile==true)	
MEDIUM	ainarm9045.cpp	6407	6410	2	W7D-K2-G12		GATE W7D-K2-G12 -- golden :2769-2770 fObserver->StatisticalLoaderCount() -- fObserver is real (atester_shims.h) but has no such method; display only, every underlying counter stays ACTIVE	if(IniConfig.bSIGURDFunction)                                               //KaiChen 20200618 ：矽格，增加Jam統計頁面	
MEDIUM	ainarm9045.cpp	6436	6441	4	W7D-K2-G13		GATE W7D-K2-G13 -- golden :2796-2799 fLotInfo->RefreshOtherTool() -- fLotInfo is real, method is not.  Enclosing if(TestIF.bContinuousLoader) and its counter bumps stay ACTIVE	if(CUSTOMER_CODE==CC_PTI)	
MEDIUM	ainarm9045.cpp	6454	6461	6	W7D-K2-G14		GATE W7D-K2-G14 -- golden :2812-2817 fSortCT->ShowLoadingIC_ART() -- forms/fSortCT.h:71 has ShowLoadingIC (ACTIVE at :2810) but not the ART twin; display only, ART counters stay ACTIVE.  SAME absence already recorded at 	if((USE_AUTO_RETEST==eartInstall &&                                         //kevin 20150615	
MEDIUM	ainarm9045.cpp	6697	6699	1	W7D-G01		GATE W7D-G01 -- golden :2900 EnableTraymapCheckFunction(int) (golden home ainarm2.h:216, body ainarm2.cpp:3585): NO port body and NO port declaration; the same premise is already gated at aTester_Rear.cpp:9793 (G18) and 	bTraymapCheck=EnableTraymapCheckFunction(1);	
MEDIUM	ainarm9045.cpp	6702	6722	19	W7D-G01b		GATE W7D-G01b -- golden :2902-2920: fTrayMapping->iTrayMappingDateCheck[][] is ABSENT from the port TfTrayMapping (acatchtray_shims.h:257 carries iTrayMappingDate only), and MyDeCodeASCII (EJ1N/TextProcess.h:106) + acatc	for(int k=0; k<MAX_ARM_Row; k++)	
MEDIUM	ainarm9045.cpp	8777	8779	1	k7-G4		GATE (k7-G4) -- golden :5497; the global `char DateTime[256]` (golden :5360) has no port home	sprintf(DateTime, "%02d:%02d:%02d",  SystemHour, SystemMin, SystemSec);                                     //Frank 20150515	
MEDIUM	ainarm9045.cpp	8802	8805	2	k7-G6		GATE (k7-G6) -- golden :5520-5521; forms/fMain.h has no bCloseExcelflag / bCloseExcelfinishflag	fMain->bCloseExcelflag=true;	
MEDIUM	ainarm9045.cpp	8878	8881	2	k7-G7a		GATE (k7-G7a) -- golden :5594-5595; forms/fMain.h has no StatusBar1 (same premise as csystem.cpp H1-03)	fMain->StatusBar1->Panels->Items[7]->Text="";	
MEDIUM	ainarm9045.cpp	8886	8888	1	k7-G7b		GATE (k7-G7b) -- golden :5600; forms/fMain.h has no StatusBar1 (same premise as csystem.cpp H1-03)	fMain->StatusBar1->Panels->Items[2]->Text="UPH = "+AnsiString(fShowBinSelect->UPH_StringGrid->Cells[3][1]);	
MEDIUM	ainarm9045.cpp	9022	9024	1	k4-G2		GATE k4-G2 (LIVE, re-verified absent 2026-08-11 01:50:31 +0800) -- golden :5606 AutoCalculateInArmXClosePitch (golden ainarm9045.cpp:4982; no port body, no part file) -- retire together with k4-G9; see GATE REGISTER abov	AutoCalculateInArmXClosePitch();                                            //Steven 20240509 : 移到外面, 避免Fix mode沒執行	
MEDIUM	ainarm9045.cpp	9138	9140	1	k4-G4		GATE k4-G4 (LIVE, re-verified absent 2026-08-11 01:50:31 +0800) -- golden :5720 TransferLoaderRatio (golden ainarm2.cpp:2112) -- premise shared with the existing gate at cInArmPlacement.cpp:724; TRAP 3: keep gated until 	TransferLoaderRatio(&iXPos, &iYPos);                                        //Steven 20141029 : Loader的軟體齒輪比	
MEDIUM	ainarm9045.cpp	9328	9330	1	k1-G2		GATE k1-G2 -- golden ainarm9045.cpp:5768 (AutoCalculateInArmXClosePitch, golden :4982, absent from port)	AutoCalculateInArmXClosePitch();	
MEDIUM	ainarm9045.cpp	10526	10528	1	k5-G4		GATE k5-G4 -- golden :6593.  Twin of aoutarm.cpp:2910 GATE G14: the body IS translated (Automation/SCK_ART.cpp:334) but takes SckArtState& and TfSCKART is not one.  See GATE REGISTER k5-G4.	fSCKART->CheckInArmNeedVariModeFIX();                                       //Sam 20211118 : 整合 ART InOut Arm 一顆一顆放	
MEDIUM	ainarm9045.cpp	10917	10919	1	k4-G6		GATE k4-G6 (LIVE, re-verified absent 2026-08-11 01:50:31 +0800) -- golden :6736 AdjustInArmClosePitchCondition (golden ainarm9045.cpp:6589; no port body, no part file) -- see GATE REGISTER above	AdjustInArmClosePitchCondition(bCanPick2ICAtOnceTime);	
MEDIUM	ainarm9045.cpp	11024	11027	2	k4-G9		GATE k4-G9 (LIVE, re-verified absent 2026-08-11 01:50:31 +0800) -- golden :6841-6842 AutoCalculateInArmXClosePitch (golden ainarm9045.cpp:4982) -- retire together with PART 06 k4-G2; see GATE REGISTER above	if(AutoCalculateInArmXClosePitch()==-1)	
MEDIUM	ainarm9045.cpp	11594	11601	6	k6-G4		GATE k6-G4 -- golden ainarm9045.cpp:7132-7137, the WHOLE else-if arm.  EnableTraymapCheckFunction(int): golden decl ainarm2.h:216, golden body ainarm2.cpp:3585, NO port body and NO port declaration.  Same premise as the 	else if(EnableTraymapCheckFunction(0) && EnableTraymapCheckFunction(1))     //wei 20170302 (Steven) Tray map data error	
MEDIUM	ainarm9045.cpp	12378	12401	22	k6-G5		GATE k6-G5 -- DUPLICATE-DEFINITION GUARD, NOT an absence gate.  Verbatim golden ainarm9045.cpp:8281-8302, kept here ONLY so the main loop can diff it against the already-ACTIVE port body at ainarm9045.cpp:413-434 and the	bool bUseAxExPicker()	
MEDIUM	ainarm9045.cpp	13347	13359	11	W906-INADD		GATE(W906-INADD) golden :3192-3202 —— tRotate.bART_RT_NoRotate（ART 重測不旋轉）是 golden TRotate 表單載入時從 ini 讀的（RotateKit/fRotate.cpp:288-289）；移植樹 TRotate 沒翻，替身 tRotateShim（aHotPlateSubstrate.h:859）沒有這個欄位。補一個沒人讀 ini 的欄位等於永遠 fals	if(CosFunction.bART_RT_NoRotate &&	
MEDIUM	ainarm9045_2x4_16_shims.cpp	24	26	1			PT-W7d RETIRED: real translated body now in ainarm9045.cpp	void AddLoadingCount(int /*iSuckRow*/, int /*iSuckCol*/, int /*iTrayRow*/, int /*iTrayCol*/) {}	
MEDIUM	ainarm9045_2x4_16_shims.cpp	28	30	1			PT-W7d RETIRED: real translated body now in ainarm9045.cpp	int  CheckLoaderHasTray(bool /*bAlarm*/, int /*iErrorCount*/, bool /*bTrayDuplicateErr*/) { return 0; }	
MEDIUM	ainarm9045_2x4_16_shims.cpp	31	33	1			PT-W7d RETIRED: real translated body now in ainarm9045.cpp	bool DoAutoSkipCheck()                                     { return false; } // offline: not in auto-skip flow	
MEDIUM	ainarm9045_2x4_16_shims.cpp	35	37	1			PT-W7d RETIRED: real translated body now in ainarm9045.cpp	int  GetLoaderYPitchStep()                                 { return 0; }   // offline: single-row pull	
MEDIUM	ainarm9045_2x4_16_shims.cpp	38	40	1			PT-W7e-part2 RETIRED (CheckTrayMapData): real translated body now in ainarm2.cpp	void CheckTrayMapData(int /*iTrayRow*/, int /*iTrayCol*/)  {}	
MEDIUM	ainarm9045_2x4_16_shims.cpp	41	43	1			PT-W7e-part2 RETIRED (ProcessTrayMapDataError): real translated body now in ainarm2.cpp	bool ProcessTrayMapDataError(bool /*bReset*/)              { return false; }	
MEDIUM	ainarm9045_2x4_16_shims.cpp	44	46	1			PT-W7d RETIRED: real translated body now in ainarm9045.cpp	int  ProcessMES0101InArmPickLoaderError(bool /*bHasDuplicateErr*/, AnsiString /*ErrPart*/) { return 0; } // 0 = not RETRY/SKIP/HOME/TRAY_END	
MEDIUM	ainarm9045_2x4_16_shims.cpp	71	73	1			PT-W7d RETIRED: real translated body now in ainarm9045.cpp	bool bNeedOneCycle()                                       { return false; } // offline: not in one-cycle exit	
MEDIUM	ainarm9045_2x4_16_shims.cpp	74	76	1			PT-W7e-part2 RETIRED (AdjustShuttlePlaceOrder_AutoSiteMapping): real translated body now in ainarm2.cpp	void AdjustShuttlePlaceOrder_AutoSiteMapping()            {}	
MEDIUM	ainarm9045_2x4_16_shims.cpp	78	80	1			PT-W7e-part2 RETIRED (InitInArmTryPickFromHotPlateTask100): real translated body now in ainarm2.cpp	void InitInArmTryPickFromHotPlateTask100()               {}	
MEDIUM	ainarm9045_2x4_16_shims.cpp	81	83	1			PT-W7e-part2 RETIRED (bNeedPickupErrorICToRecycleBin): real translated body now in ainarm2.cpp	bool bNeedPickupErrorICToRecycleBin()                     { return false; } // offline: no pickup-error bin flow	
MEDIUM	ainarm9045_w7_shims.cpp	38	40	1			PT-W7e-part2 RETIRED (DoShakeShuttle): real translated body now in ainarm2.cpp	bool DoShakeShuttle(int /*iShuttle*/, bool /*bNeedInitial*/)        { return true; } // golden ainarm2.h:189 -- Sim HAL: shake done	
MEDIUM	ainarm9045_w7_shims.cpp	41	43	1			PT-W7e-part2 RETIRED (DoKnockShuttle): real translated body now in ainarm2.cpp	bool DoKnockShuttle(int /*iShuttle*/, bool /*bNeedInitial*/)        { return true; } // golden ainarm2.h:190 -- Sim HAL: knock done	
MEDIUM	ainarm9045_w7_shims.cpp	44	46	1			PT-W7e-part2 RETIRED (DoKnockShuttleFirst): real translated body now in ainarm2.cpp	bool DoKnockShuttleFirst(int /*iShuttle*/, bool /*bNeedInitial*/)   { return true; } // golden ainarm2.h:191 -- Sim HAL: first-knock done	
MEDIUM	ainarm9045_w7_shims.cpp	47	49	1			PT-W7e-part2 RETIRED (DoVibrateShuttle): real translated body now in ainarm2.cpp	bool DoVibrateShuttle(int /*iShuttle*/, bool /*bNeedInitial*/)      { return true; } // golden ainarm2.h:214 -- Sim HAL: vibrate done	
MEDIUM	ainarm9045_w7_shims.cpp	52	54	1			PT-W7e-part2 RETIRED (RecordShtSuperflous): real translated body now in ainarm2.cpp	void RecordShtSuperflous(int /*iShuttle*/)                          {}             // Sim HAL: no superfluous-IC log sink	
MEDIUM	ainarm9045_w7_shims.cpp	69	74	4			PT-W5f RETIRED (iInShZHomeTask + InitDoInShZHome + DoInShZHome)	int  iInShZHomeTask = 1;                                                       // golden csystem.cpp:24461	
MEDIUM	ainarm_SearchPlacePlate.cpp	631	633	1			AI(W6.2-INARM) 20260626 TODO(W7: state-record UI): avoid TSpeedButton/TObject	fMain->sbStateRecordClick(fMain->sbStateRecord);	
MEDIUM	ainarm_SearchPlacePlate.cpp	4865	5004	138			AI(W6.2-INARM) 20260626 TODO(W7: per-site DoPlaceToHotPlate variants):	extern bool DoPlaceToHotPlate_9045_1x1_1();	
MEDIUM	aoutarm.cpp	541	543	1			PT-W8 RETIRED (SearchTrayToPick_Buffer): real translated body now live	static int  SearchTrayToPick_Buffer()                                { return -1; } // (G2) golden aoutarm9045.h:64 -- offline: golden's own	
MEDIUM	aoutarm.cpp	933	935	1	G8		GATE G8 -- golden `fBarCode->InitialAllCCDUnloaderClip()` (BarCode/BarCode.h:983); no body anywhere in this tree.	fBarCode->InitialAllCCDUnloaderClip();	
MEDIUM	aoutarm.cpp	1666	1670	3	G9		GATE G9 -- golden `FrmAOI->RunTopBottomInspect()` (fAOI.h:437, TFrmAOI form, untranslated). THIRD disjunct only; the two Scanner-AOI disjuncts at golden :1065-:1066 stay LIVE.	FrmAOI->RunTopBottomInspect()==true)                                                             //Jimmychiu 20240322 : Top & Bottom Inspect	
MEDIUM	aoutarm.cpp	2914	2916	1	G14		GATE G14 -- golden `fSCKART->CheckOutArmNeedVariModeFIX(iAuto)`. The BODY is really translated (Automation/SCK_ART.cpp:373) but it takes `SckArtState&`, and forms/fSCKART.h:74 `class TfSCKART` does NOT derive from SckArt	fSCKART->CheckOutArmNeedVariModeFIX(iAuto);                                 //Sam 20211108 : TPW OutArm 也要一顆一顆放	
MEDIUM	aoutarm.cpp	2955	2959	3	G11		GATE G11 -- golden `fTesterTCP->bOutArmVariAuto_OS[]` (Interface/TesterTCP.h:261, a TfTesterTCP form member; this port has no TfTesterTCP class and no fTesterTCP global).	bCanPick2ICAtOnceTime=fTesterTCP->bOutArmVariAuto_OS[iAuto];	
MEDIUM	aoutarm.cpp	3317	3326	8			PT-W5c RETIRED (SendDataToASE)	void SendDataToASE(AnsiString Data)                                             //kevin 20161228 add	
MEDIUM	aoutarm.cpp	4151	4155	3	G13		GATE G13 -- golden `fAutoTeach->IsRun()` (AutoTeach.h TfAutoTeach; no port body or facade). CONDITION gated so golden’s whole if/else-if chain stays live.	if(fAutoTeach->IsRun())                                                     //JimmyChiu 20211020 : Auto alignment mode	
MEDIUM	aoutarm.h	62	68	5	H1		--------------------------------------------------------------------------- / AI(W906-PT-W4-aoutarm) 20260808: GATE (H1) -- see GATE REGISTER above.	#include "mykitsuck.h"                                                          //RogerYang 20250522 Add for 9046AU	
MEDIUM	aoutarm9045.cpp	159	162	2			PT-W5c RETIRED (CheckOutArmSuckICFallDown)	bool CheckOutArmSuckICFallDown()                   { return false; }  // golden csystem.h:84 -- offline: no fall-down	
MEDIUM	aoutarm9045.cpp	173	176	2			PT-W5c RETIRED (DetectAutoTray)	bool DetectAutoTray(int,int*)                      { return true;  }  // golden csystem.h:232 -- offline: tray detected	
MEDIUM	aoutarm9045.cpp	177	180	2			PT-W5f RETIRED (MagazineBufferIsEmpty)	bool MagazineBufferIsEmpty(int)                    { return true;  }  // golden csystem.h:290 -- no magazine present	
MEDIUM	aoutarm9045.cpp	181	184	2			PT-W5f RETIRED (WhichMagazineBufferIsFull)	int  WhichMagazineBufferIsFull()                   { return -1;    }  // golden csystem.h:289 -- no magazine full	
MEDIUM	aoutarm9045.cpp	325	330	4			TODO(W7) -- golden :3836-3845 MOT[MOutArmPitch/PitchY/X/Y].ReadPos() encoders	iPitchPulse =MOT[MOutArmPitch ].ReadPos();	
MEDIUM	aoutarm9045.cpp	346	351	4			TODO(W7) -- golden :3850-3859 MOT[MOutArmPitch/PitchY/X/Y].ReadPos() encoders	iPitchPulse =MOT[MOutArmPitch ].ReadPos();	
MEDIUM	aoutarm9045.cpp	815	819	3			TODO(W7) -- golden aoutarm9045.cpp:460-526 (MOT[MManualTray*]/AOA tray-mode block)	bool bDoOutArmAutoAlignment=false;	
MEDIUM	aoutarm9045.cpp	852	854	1	G-TIF912-1x2_1		GATE G-TIF912-1x2_1 -- golden :633 (aoutarm9045_1x2_1.cpp not translated)	DoOutArm_9045_1x2_1();	
MEDIUM	aoutarm9045.cpp	1021	1022	0			TODO(W7) -- golden aoutarm9045.cpp:678-709 (MOT[MOutArmX/Y].ReadPos() proximity + OutArmSuck.Suck pre-on)		
MEDIUM	aoutarm9045.cpp	1030	1031	0			TODO(W7) -- golden aoutarm9045.cpp:711+ (OutArmSuck/Prod/MOT[] out-shuttle Z status)		
MEDIUM	aoutarm9045.cpp	1155	1377	221	D		AI(W906-OUTADD) 20260927: 出料臂附加功能三支（CheekNeed… / DoOutArmAdditionalFunction / PreSetOutAdditionalFlag）的離線舊版與 golden 原文對照退休 —— golden 照翻在本檔檔尾	#if 0 // GOLDEN VERBATIM -- golden aoutarm9045.cpp:2143-2244 (102 lines).  GATE G-PTW6c-CheekNeedToDoOutArmAdditionalFunction.  NOT COMPILED	
MEDIUM	aoutarm9045.cpp	1532	1539	6			TODO(W7) -- golden aoutarm9045.cpp:3222-3227 fAutoTeach->IsRun() (TfAutoTeach VCL form, no home)	if(CosFunction.bManualSteplAutoTeach &&	
MEDIUM	aoutarm9045.cpp	1628	1648	19			TODO(W7) -- golden aoutarm9045.cpp:3306-3323 (fAGV ATK-AMR: LastSet.iUnloadFixTray/eAtkTf*/MOT[iMMAuto[]].Tray)	if(fAGV->IsATK_AMR() &&	
MEDIUM	aoutarm9045.cpp	1954	1957	2			TODO(W7) -- golden aoutarm9045.cpp:4692-4693 MOT[MMPlate1/2].HasIC() (HP-occupancy encoder read)	bPlate1HasIC=MOT[MMPlate1].HasIC();	
MEDIUM	aoutarm9045.cpp	1999	2129	129	G-PTW6c-InspectOutArmPosition.		GOLDEN VERBATIM -- golden aoutarm9045.cpp:3865-3993 (129 lines).  GATE G-PTW6c-InspectOutArmPosition.  NOT COMPILED: the ACTIVE InspectOutArmPosition() is the body immediately after this #endif.	void InspectOutArmPosition(int iTarget, int iSuckRow, int iSuckCol, int iTargetRow, int iTargetCol, int iAction)	
MEDIUM	aoutarm9045.cpp	2135	2136	0			TODO(W7) -- golden aoutarm9045.cpp:3870+ (bX/bY encoder compare + ShowErrorMessage alarm sink)		
MEDIUM	aoutarm9045.cpp	2147	2149	1			TODO(W7) -- golden aoutarm9045.cpp:3804 MOT[iMot].ReadPos() encoder read	iReadPos=MOT[iMot].ReadPos();	
MEDIUM	aoutarm9045.cpp	2185	2201	15			TODO(W7) -- golden aoutarm9045.cpp:4733-4747 MOT[MOutArmPitch/X2/X3/X4/Y].ReadPos() encoder reads	iXVariable[0]=MOT[MOutArmPitch].ReadPos();	
MEDIUM	aoutarm9045.cpp	3181	3207	25			golden 912 :2058-2082 -- dead in golden (bCheckFixStatus always false); needs the 912 locals iData/iFixData (:1782)	if(TestIF_File.bPreventDropfunction && bCheckFixStatus==true)          //Frank 20260710 ADD     //Eastsun 20260710整合	
MEDIUM	aoutarm9045.cpp	4047	4113	65	G2		GATE (G2) -- golden aoutarm9045.cpp:4539-4603: needs fBarCode->eUnloaderClipAuto1/… (golden BarCode/BarCode.h:966-975) and fBarCode->ccdUnloader[] (golden BarCode/BarCode.h:976); this tree's TfBarCode (BarCode/BarCode.h,	AnsiString sErr="";	
MEDIUM	aoutarm9045.cpp	4673	4675	1	W906-ARM3		GATE(W906-ARM3) golden :2583-2583 —— fTesterTCP（golden TfTesterTCP 表單的 Open/Short 結果放盤）移植樹沒有 TfTesterTCP 類別與 fTesterTCP 全域 —— 同 aoutarm.cpp GATE G11	fTesterTCP->PlaceOSTestResultToTray(i, j, iTrayRow, iTrayCol, OutArmSuck.iWhichAuto[i][j]);     //Steven 20250515 : 整合Open Short測試報表	
MEDIUM	aoutarm9045.cpp	4684	4689	4	W906-ARM3		GATE(W906-ARM3) golden :2592-2595 —— fSCKART->iInfo_MultiLotCnt（golden SCK_ART.h:323）移植樹的 TfSCKART 沒有這個成員 —— 同 asortarm.cpp GATE(5)／aTester_Front.cpp:2427；單批次時 golden 也不進這個 if	if(fSCKART->iInfo_MultiLotCnt>1)	
MEDIUM	aoutarm9045.cpp	4698	4702	3	W906-ARM3		GATE(W906-ARM3) golden :2604-2604 —— 型別轉接：vclcompat 的 Strings[] 回 StringsProxy（有 operator AnsiString、沒有 .ToIntDef）；#else 只把主詞包成 AnsiString(...)，字面與參數不變 —— 同 asortarm.cpp GATE(14)	sl2DMappingLog->MyInsert2DMappingToFile(OutArmSuck.cDeviceInf[i][j], OutArmSuck.PordRec[i][j].asBuffer->Strings[eTestCate].ToIntDef(-1));	
MEDIUM	aoutarm9045.cpp	4795	4805	9	W906-ARM3		GATE(W906-ARM3) golden :2697-2700 —— 轉接：golden fBarCode->list2DByLot／map2DList 是 TfBarCode 成員，移植樹的同一個物件是全域（BarCode/BarCode_Bottom2DID.h:144、BarCode_Shuttle2_Scan.h:141）；#else 只拿掉 `fBarCode->` —— 同 aoutarm.cpp ADAPTATION 	fBarCode->list2DByLot->Clear();	
MEDIUM	aoutarm9045.cpp	5015	5043	27	W906-ARM3		GATE(W906-ARM3) golden :2908-2920 —— 型別轉接：同上，StringsProxy 沒有 .Pos；#else 只把三個主詞包成 AnsiString(...)，字面、>0 門檻、|| 與分支順序不變；:2921-2924 的 else 留在閘外 —— 同 asortarm.cpp GATE(14)	if(OutArmSuck.PordRec[i][j].asBuffer->Strings[eErrorCode].Pos("Duplicate 2DID error")>0)	
MEDIUM	aoutarm9045.cpp	5054	5056	1	W906-ARM3		GATE(W906-ARM3) golden :2931-2931 —— TfOCR::SaveOCRAndBinData（OCR＋Bin log，選配 bOCRAndBinLog＆bOcrFunction＆bTrayOCR）移植樹的 TfOCR 沒有這個方法	fOCR->SaveOCRAndBinData(asOCRCode, OutArmSuck.PordRec[i][j].asBuffer->Strings[eTestCate], Prod.iIsPassT6[iToWhichAuto]);        //Steven 202	
MEDIUM	aoutarm9045.cpp	5154	5157	2	W906-ARM3		GATE(W906-ARM3) golden :3029-3030 —— MyMessageBox->Visible／Close()：網頁宿主（tools/wb_serve.cpp W906MbShowMyMessage）維護的是 fShow，不是 Visible；用 mymessbox_shim 的 Visible（恆 false）等於這兩行永遠不跑卻看不出來 ⇒ 明白閘住。AQL 排序結束前關掉非阻塞框這一步要接宿主的 MbClos	if(MyMessageBox->Visible==true)             //Ifor 20160901 Alarm 前若form有開啟先關閉	
MEDIUM	aoutarm9045.cpp	5199	5201	1	W906-ARM3		GATE(W906-ARM3) golden :3072-3072 —— fSortCT->CheckTheYieldAfterPlaceAuto（golden cSortCT.cpp:1794-1810，良率警報 Alarm4Yield／Alarm5Yield）cSortCT.cpp 沒翻、TfSortCT 沒有這個方法 —— 同 asortarm.cpp GATE(11)	fSortCT->CheckTheYieldAfterPlaceAuto();                                     //Sam 20230306 : 修正 Initial Start 誤報警問題	
MEDIUM	aoutarm9045.cpp	5683	5686	2	W906-OUTADD		GATE(W906-OUTADD) golden :2164-2165 —— tRotate.bART_RT_NoRotate（ART 重測不旋轉）由 golden TRotate 表單載入時讀 ini（RotateKit/fRotate.cpp:288-289），移植樹沒翻、替身 tRotateShim 沒有這個欄位 —— 同 AI(W906-INADD) 的閘	if(CosFunction.bART_RT_NoRotate && tRotate.bART_RT_NoRotate && bCanRunSCKART)                                       //Sam 20240809 : ART RT 	
MEDIUM	aoutarm9045.cpp	5695	5699	3	W906-OUTADD		GATE(W906-OUTADD) golden :2174-2174 —— 轉接：TFrmAOI（golden fAOI.cpp:43 FrmAOI）與 InitAOIFunction／DoAOIFunction（fAOI.cpp:2739／:2753）移植樹沒有；條件式裡只把 `FrmAOI->RunTopBottomInspect()==true` 換成 false，tAOISetup／ScannerAOIIF 那幾項照 gold	FrmAOI->RunTopBottomInspect()==true)  //Jimmychiu 20240322 : Top & Bottom Inspect	
MEDIUM	aoutarm9045.cpp	5754	5763	8	W906-OUTADD		GATE(W906-OUTADD) golden :2229-2236 —— TfFixAICCD 的 NeedToGrabImage／Fix2AICCDFunction／DoFix2AICCDFunction（矽格湖口 AI CCD）移植樹的 facade 沒有	if(bSupportFixAI &&	
MEDIUM	aoutarm9045.cpp	5798	5809	10	W906-OUTADD		GATE(W906-OUTADD) golden :2271-2280 —— AOI 與 Fix AI 兩條 else-if：TFrmAOI（golden fAOI.cpp:43 FrmAOI）與 InitAOIFunction／DoAOIFunction（fAOI.cpp:2739／:2753）移植樹沒有；TfFixAICCD 的 NeedToGrabImage／Fix2AICCDFunction／DoFix2AICCDFunctio	else if(OutArmSuck.bAlreadyAOI==false && bDoAOI)	
MEDIUM	aoutarm9045.cpp	5825	5842	16	W906-OUTADD		GATE(W906-OUTADD) golden :2296-2311 —— 動作 case 20000（DoAOIFunction）與 30000（fFixAICCD->DoFix2AICCDFunction）：TFrmAOI（golden fAOI.cpp:43 FrmAOI）與 InitAOIFunction／DoAOIFunction（fAOI.cpp:2739／:2753）移植樹沒有；TfFixAICCD 的 NeedToGr	case 20000:	
MEDIUM	aoutarm9045.cpp	5860	5864	3	W906-OUTADD		GATE(W906-OUTADD) golden :2329-2329 —— 轉接：TFrmAOI（golden fAOI.cpp:43 FrmAOI）與 InitAOIFunction／DoAOIFunction（fAOI.cpp:2739／:2753）移植樹沒有；只把 `FrmAOI->ttbInsp->iEnable==1` 換成 false	(USE_Scanner_AOI_Inspection==(int)eBtnAOI_TopBottomInstall && FrmAOI->ttbInsp->iEnable==1))?false:true;	
MEDIUM	aoutarm9045.cpp	5865	5869	3	W906-OUTADD		GATE(W906-OUTADD) golden :2330-2330 —— 轉接：TfFixAICCD 的 NeedToGrabImage／Fix2AICCDFunction／DoFix2AICCDFunction（矽格湖口 AI CCD）移植樹的 facade 沒有；只把 `fFixAICCD->NeedToGrabImage()` 換成 false（⇒ bAlreadyFixAI＝true）	OutArmSuck.bAlreadyFixAI=(USE_Fix_AI_CCD && TestIF_File.bEnableFix2BGAAICCD && fFixAICCD->NeedToGrabImage())?false:true;                    	
MEDIUM	aoutarm9045S_1x4_4.cpp	1432	1436	3			TODO(W7): restore golden 1-arg SetTray once the SetTray overload set is reconciled	MOT[iUnloadMotorIndex[ct]].SetTray(HAS_IC);	
MEDIUM	aoutarm9045_1x1_1.cpp	572	574	1			TODO(W7): fFixAICCD form (golden FixAICCD.h TfFixAICCD) -- no FormsFacade stand-in; guard + flow kept live, form call gated (no-op offline)	fFixAICCD->OutArmCycleCounterUpdate();	
MEDIUM	aoutarm9045_1x1_1.cpp	629	631	1			TODO(W7): fFixAICCD form (golden FixAICCD.h TfFixAICCD) -- no FormsFacade stand-in; guard + flow kept live, form call gated (no-op offline)	fFixAICCD->OutArmCycleCounterUpdate();	
MEDIUM	aoutarm9045_1x4_4.cpp	767	769	1			TODO(W7): fFixAICCD UI form (TfFixAICCD) not provided by FormsFacade offline	fFixAICCD->OutArmCycleCounterUpdate();	
MEDIUM	aoutarm9045_1x4_4.cpp	846	848	1			TODO(W7): fFixAICCD UI form (TfFixAICCD) not provided by FormsFacade offline	fFixAICCD->OutArmCycleCounterUpdate();	
MEDIUM	aoutarm9045_1x4_8.cpp	737	739	1			TODO(W7): Fix-AI-CCD form fFixAICCD->OutArmCycleCounterUpdate() (no FormsFacade TfFixAICCD offline) -- same gating as 1x1_1 exemplar	fFixAICCD->OutArmCycleCounterUpdate();	
MEDIUM	aoutarm9045_1x4_8.cpp	815	817	1			TODO(W7): Fix-AI-CCD form fFixAICCD->OutArmCycleCounterUpdate() (no FormsFacade TfFixAICCD offline)	fFixAICCD->OutArmCycleCounterUpdate();	
MEDIUM	aoutarm9045_2x1_2.cpp	650	652	1			TODO(W7): fFixAICCD form (golden FixAICCD.h TfFixAICCD) -- no FormsFacade stand-in; guard + flow kept live, form call gated (no-op offline)	fFixAICCD->OutArmCycleCounterUpdate();	
MEDIUM	aoutarm9045_2x2_4.cpp	665	667	1			TODO(W7): FixAICCD form (fFixAICCD->OutArmCycleCounterUpdate) -- no FormsFacade TfFixAICCD offline; guard kept live, golden aoutarm9045_2x2_4.cpp:536	fFixAICCD->OutArmCycleCounterUpdate();	
MEDIUM	aoutarm9045_2x2_4.cpp	743	745	1			TODO(W7): FixAICCD form (fFixAICCD->OutArmCycleCounterUpdate) -- no FormsFacade TfFixAICCD offline; guard kept live, golden aoutarm9045_2x2_4.cpp:612	fFixAICCD->OutArmCycleCounterUpdate();	
MEDIUM	aoutarm9045_2x2_4_23.cpp	656	672	15			TODO(W7): TfOffSet::UseOutArmSetupTeach + TfMain::Pause() (no-arg) not in offline FormsFacade/offset shim; golden VERBATIM below	if((AccessLevel>=1 || CosFunction.bOPCanPressStepAndTStart) &&                                                                              	
MEDIUM	aoutarm9045_2x2_4_23.cpp	929	945	15			TODO(W7): TfOffSet::UseOutArmSetupTeach + TfMain::Pause() (no-arg) not in offline FormsFacade/offset shim; golden VERBATIM below	if((AccessLevel>=1 || CosFunction.bOPCanPressStepAndTStart) &&                                                                              	
MEDIUM	aoutarm9045_2x2_4_23.cpp	1556	1572	15			TODO(W7): TfOffSet::UseOutArmSetupTeach + TfMain::Pause() (no-arg) not in offline FormsFacade/offset shim; golden VERBATIM below	if((AccessLevel>=1 || CosFunction.bOPCanPressStepAndTStart) &&                                                                              	
MEDIUM	aoutarm9045_2x2_4_23.cpp	2412	2425	12			TODO(W7): golden SYSTEM_BIN_SELECT has NO bFixLink member (absent in golden cprod.h too) -> stale dead-variant reference; golden VERBATIM below	if(iWhichAuto==iFixPosMin && BinSelect[iTestRunMode].bFixLink[1])	
MEDIUM	aoutarm9045_2x2_4_23.cpp	2542	2544	1			TODO(W7): fProductionInfo (TfProductionInfo*) not in offline FormsFacade (ProductionInfo.h untranslated); golden VERBATIM	fProductionInfo->CalTrayICCount(iWhichAuto);	
MEDIUM	aoutarm9045_2x2_8.cpp	623	625	1			TODO(W7): fFixAICCD form UI not available offline (no FormsFacade TfFixAICCD)	fFixAICCD->OutArmCycleCounterUpdate();	
MEDIUM	aoutarm9045_2x2_8.cpp	705	707	1			TODO(W7): fFixAICCD form UI not available offline (no FormsFacade TfFixAICCD)	fFixAICCD->OutArmCycleCounterUpdate();	
MEDIUM	aoutarm9045_2x3_6.cpp	638	640	1			TODO(W7): fFixAICCD form (golden FixAICCD.h TfFixAICCD) -- no FormsFacade stand-in; guard + flow kept live, form call gated (no-op offline)	fFixAICCD->OutArmCycleCounterUpdate();	
MEDIUM	aoutarm9045_2x3_6.cpp	717	719	1			TODO(W7): fFixAICCD form (golden FixAICCD.h TfFixAICCD) -- no FormsFacade stand-in; guard + flow kept live, form call gated (no-op offline)	fFixAICCD->OutArmCycleCounterUpdate();	
MEDIUM	aoutarm9045_2x4_16.cpp	944	946	1			TODO(W7): fFixAICCD form (golden FixAICCD.h TfFixAICCD) -- no FormsFacade stand-in; guard kept live, form call gated (no-op offline)	fFixAICCD->OutArmCycleCounterUpdate();	
MEDIUM	aoutarm9045_2x4_16.cpp	1022	1024	1			TODO(W7): fFixAICCD form (golden FixAICCD.h TfFixAICCD) -- no FormsFacade stand-in; guard kept live, form call gated (no-op offline)	fFixAICCD->OutArmCycleCounterUpdate();	
MEDIUM	aoutarm9045_2x4_4.cpp	725	727	1			TODO(W7): fAutoTeach form (golden AutoTeach.h TfAutoTeach) -- no FormsFacade stand-in; guard + flow kept live, form call gated (no-op offline)	fAutoTeach->iATOutArmWhichKit=iOutArmiWhichKit;                                                         //JimmyChiu 20211020 : Auto alignmen	
MEDIUM	aoutarm9045_2x4_4.cpp	747	750	2			TODO(W7): fAutoTeach form (golden AutoTeach.h TfAutoTeach) -- no FormsFacade stand-in; guard + flow kept live, form calls gated (no-op offline)	if(fAutoTeach->IsRun())                                         //JimmyChiu 20211020 : Auto alignment mode	
MEDIUM	aoutarm9045_2x4_4.cpp	838	840	1			TODO(W7): fFixAICCD form (golden FixAICCD.h TfFixAICCD) -- no FormsFacade stand-in; guard + flow kept live, form call gated (no-op offline)	fFixAICCD->OutArmCycleCounterUpdate();	
MEDIUM	aoutarm9045_2x4_8.cpp	1071	1073	1			TODO(W7): fFixAICCD form (golden FixAICCD.h TfFixAICCD) -- no FormsFacade stand-in; guard + flow kept live, form call gated (no-op offline)	fFixAICCD->OutArmCycleCounterUpdate();	
MEDIUM	aoutarm9045_2x4_8.cpp	1150	1152	1			TODO(W7): fFixAICCD form (golden FixAICCD.h TfFixAICCD) -- no FormsFacade stand-in; guard + flow kept live, form call gated (no-op offline)	fFixAICCD->OutArmCycleCounterUpdate();	
MEDIUM	aoutarm9045_2x5_8.cpp	691	693	1			TODO(W7): fAutoTeach form UI not available offline (no FormsFacade TfAutoTeach)	fAutoTeach->iATOutArmWhichKit=iOutArmiWhichKit;                                                         //JimmyChiu 20211020 : Auto alignmen	
MEDIUM	aoutarm9045_2x5_8.cpp	713	716	2			TODO(W7): fAutoTeach form UI not available offline (no FormsFacade TfAutoTeach)	if(fAutoTeach->IsRun())                                         //JimmyChiu 20211020 : Auto alignment mode	
MEDIUM	aoutarm9045_2x5_8.cpp	806	808	1			TODO(W7): fFixAICCD form UI not available offline (no FormsFacade TfFixAICCD)	fFixAICCD->OutArmCycleCounterUpdate();	
MEDIUM	aoutarm9045_2x8_16.cpp	1015	1017	1			TODO(W7): fAutoTeach form (golden AutoTeach.h TfAutoTeach) -- no FormsFacade stand-in; flow kept live, form call gated	fAutoTeach->iATOutArmWhichKit=iOutArmiWhichKit;                 //JimmyChiu 20211020 : Auto alignment mode	
MEDIUM	aoutarm9045_2x8_16.cpp	1037	1040	2			TODO(W7): fAutoTeach form (golden AutoTeach.h TfAutoTeach) -- no FormsFacade stand-in; offline IsRun()==false, gated	if(fAutoTeach->IsRun())                                         //JimmyChiu 20211020 : Auto alignment mode	
MEDIUM	aoutarm9045_2x8_16.cpp	1116	1118	1			TODO(W7): fFixAICCD form (golden FixAICCD.h TfFixAICCD) -- no FormsFacade stand-in; guard kept live, form call gated (no-op offline)	fFixAICCD->OutArmCycleCounterUpdate();	
MEDIUM	aoutarm9045_2x8_16.cpp	1194	1196	1			TODO(W7): fFixAICCD form (golden FixAICCD.h TfFixAICCD) -- no FormsFacade stand-in; guard kept live, form call gated (no-op offline)	fFixAICCD->OutArmCycleCounterUpdate();	
MEDIUM	aoutarm9045_2x8_32.cpp	2090	2167	76			TODO(W7): fAutoTeach form (golden AutoTeach.h TfAutoTeach) -- no FormsFacade stand-in; offline IsRun()==false -> returns 1	if(fAutoTeach->IsRun()==false)	
MEDIUM	aoutarm9045_2x8_32.cpp	2994	3007	12			TODO(W7): golden SYSTEM_BIN_SELECT::bFixLink removed in 906 (renamed to bFixTrayLink); this stale-dead golden ref has no member -> gated, control flow falls through to the bFixTrayLink[2] block below (offline-safe; never	if(iWhichAuto==iFixPosMin && BinSelect[iTestRunMode].bFixLink[1])	
MEDIUM	aoutarm9045_2x8_32.cpp	3124	3126	1			TODO(W7): fProductionInfo form (golden ProductionInfo.h TfProductionInfo : public TForm) -- no FormsFacade stand-in; gated (offline no IC-count update)	fProductionInfo->CalTrayICCount(iWhichAuto);	
MEDIUM	aoutarm9045_2x8_32.cpp	3168	3174	5			TODO(W7): fAutoTeach form (golden AutoTeach.h TfAutoTeach) -- no FormsFacade stand-in; offline IsRun()==false -> fall through to Task=3310	if(fAutoTeach->IsRun())                                                                                                                     	
MEDIUM	aoutarm9045_2x8_8.cpp	1782	1784	1			TODO(W7): fAutoTeach form (golden AutoTeach.h TfAutoTeach) -- no FormsFacade stand-in; flow kept live, form call gated	fAutoTeach->iATOutArmWhichKit=iOutArmiWhichKit;                                                         //JimmyChiu 20211020 : Auto alignmen	
MEDIUM	aoutarm9045_2x8_8.cpp	1804	1807	2			TODO(W7): fAutoTeach form (golden AutoTeach.h TfAutoTeach) -- no FormsFacade stand-in; offline IsRun()==false, gated	if(fAutoTeach->IsRun())                                         //JimmyChiu 20211020 : Auto alignment mode	
MEDIUM	aoutarm9045_2x8_8.cpp	1902	1904	1			TODO(W7): fFixAICCD form (golden FixAICCD.h TfFixAICCD) -- no FormsFacade stand-in; guard kept live, form call gated (no-op offline)	fFixAICCD->OutArmCycleCounterUpdate();	
MEDIUM	aoutarm9045_2x8_8.cpp	1985	1987	1			TODO(W7): fFixAICCD form (golden FixAICCD.h TfFixAICCD) -- no FormsFacade stand-in; guard kept live, form call gated (no-op offline)	fFixAICCD->OutArmCycleCounterUpdate();	
MEDIUM	aoutarm9045_2x8_8.cpp	2226	2301	74			TODO(W7): fAutoTeach form (golden AutoTeach.h TfAutoTeach) -- no FormsFacade stand-in	if(fAutoTeach->IsRun()==false)	
MEDIUM	aoutarm9045_2x8_8.cpp	3198	3200	1			TODO(W7): fAutoTeach form (golden AutoTeach.h TfAutoTeach) -- no FormsFacade stand-in; offline IsRun()==false so this branch is skipped, gated	if(fAutoTeach->IsRun())                                                                                     //JimmyChiu 20211020 : Auto alig	
MEDIUM	aoutarm9045_All_1Picker.cpp	519	521	1			TODO(W7) -- golden aoutarm9045_All_1Picker.cpp:400 fAutoTeach->iATOutArmWhichKit (TfAutoTeach VCL form, offline N/A)	fAutoTeach->iATOutArmWhichKit=iOutArmiWhichKit;                 //JimmyChiu 20211020 : Auto alignment mode	
MEDIUM	aoutarm9045_All_1Picker.cpp	541	544	2			TODO(W7) -- golden aoutarm9045_All_1Picker.cpp:420 fAutoTeach->IsRun()/DoNext() (TfAutoTeach VCL form, offline N/A)	if(fAutoTeach->IsRun())                                         //JimmyChiu 20211020 : Auto alignment mode	
MEDIUM	aoutarm9045_All_1Picker.cpp	614	616	1			TODO(W7): fFixAICCD form (golden FixAICCD.h TfFixAICCD) -- no FormsFacade stand-in; guard + flow kept live, form call gated (no-op offline)	fFixAICCD->OutArmCycleCounterUpdate();	
MEDIUM	aoutarm9045_All_1Picker.cpp	698	700	1			TODO(W7): fFixAICCD form (golden FixAICCD.h TfFixAICCD) -- no FormsFacade stand-in; guard + flow kept live, form call gated (no-op offline)	fFixAICCD->OutArmCycleCounterUpdate();	
MEDIUM	aoutarm_shims.cpp	47	49	1			PT-W8 RETIRED (GetOutArmToShuttleOffset_9045): real translated body now live	int  GetOutArmToShuttleOffset_9045(int, int, int, bool) { return 0; }          // golden aoutarm9045.cpp:1211 -- offline: 0	
MEDIUM	aoutarm_shims.cpp	50	52	1			PT-W8 RETIRED (GetOutArmYToShuttleOffset_9045): real translated body now live	int  GetOutArmYToShuttleOffset_9045(int, int)           { return 0; }          // golden aoutarm9045.cpp -- offline: 0	
MEDIUM	aoutarm_shims.cpp	53	55	1			PT-W8 RETIRED (GetOutArmXToShuttleOffset_9045): real translated body now live	int  GetOutArmXToShuttleOffset_9045(int, int)           { return 0; }          // golden aoutarm9045.cpp -- offline: 0	
MEDIUM	aoutarm_shims.cpp	56	58	1			PT-W8 RETIRED (GetVariableYOutShuttleData): real translated body now live	int  GetVariableYOutShuttleData()                       { return 0; }          // golden aoutarm9045.cpp (ChungHung 20131231) -- offline: 0	
MEDIUM	aoutarm_shims.cpp	74	76	1			PT-W8 RETIRED (CheckOutArmToTask50): real translated body now live	bool CheckOutArmToTask50(int)                      { return true; }            // golden aoutarm9045.h:49 -- offline: reached task50	
MEDIUM	aoutarm_shims.cpp	77	80	2			PT-W5c RETIRED (IsOutArmCleanOutFinish)	bool IsOutArmCleanOutFinish()                      { return true; }            // golden aoutarm9045.cpp -- offline: clean-out finished	
MEDIUM	aoutarm_shims.cpp	95	97	1			PT-W8 RETIRED (DoFixTrayFullAlarm): real translated body now live	bool DoFixTrayFullAlarm()                          { return true; }            // golden aoutarm9045.h:47 -- offline: alarm handled	
MEDIUM	aoutarm_shims.cpp	98	100	1			PT-W8 RETIRED (VerifyTrayStatus): real translated body now live	int  VerifyTrayStatus()                            { return 3300; }            // golden aoutarm9045.h:39 -- offline: 3300 (proceed to place	
MEDIUM	aoutarm_shims.cpp	101	103	1			PT-W8 RETIRED (SearchTrayToPlace_Magazine): real translated body now live	int  SearchTrayToPlace_Magazine()                  { return 0; }               // golden aoutarm9045.h:63 (int) -- AI(W906-W7-A2) 20260728: 	
MEDIUM	aoutarm_shims.cpp	106	109	2			PT-W5c RETIRED (AutoTrayReCheck)	bool AutoTrayReCheck(int)                          { return true; }            // golden aoutarm9045.cpp (Ifor 20171031) -- offline: re-chec	
MEDIUM	aoutarm_shims.cpp	141	143	1			PT-W8 RETIRED (NeedPlaceToSort): real translated body now live	bool NeedPlaceToSort()                                         { return false; } // golden aoutarm9045.h (9046AU) -- offline: no AU dispatch	
MEDIUM	aoutarm_shims.cpp	144	147	2			PT-W5c RETIRED (GetSortArmToSortShuttleOffset)	int  GetSortArmToSortShuttleOffset()                           { return 0; }   // golden aoutarm9045.cpp (9046AU) -- offline: 0	
MEDIUM	aoutarm_shims.cpp	148	151	2			PT-W5c RETIRED (GetSortArmPitchX)	int  GetSortArmPitchX(int /*iMovePitchX*/, int /*iOffsetPos*/) { return 0; }   // golden aoutarm9045.cpp (9046AU) -- offline: 0	
MEDIUM	aoutarm_shims.cpp	152	155	2			PT-W5c RETIRED (GetSortShuttleStatus_Pick)	void GetSortShuttleStatus_Pick(int /*iZPos*/[][MAX_ARM_Col], bool /*bZDown*/, bool /*bZFlag*/[][MAX_ARM_Col]) {} // golden aoutarm9045.cpp (	
MEDIUM	aoutarm_shims.cpp	156	159	2			PT-W5c RETIRED (IsCheckSortArmDestroyActiveFinish)	bool IsCheckSortArmDestroyActiveFinish(int /*iXPos*/, int /*iYPos*/) { return true; } // golden aoutarm9045.cpp (9046AU) -- offline: finishe	
MEDIUM	aoutarm_shims.cpp	160	163	2			PT-W5c RETIRED (DoSortArmSuckPreOn)	void DoSortArmSuckPreOn(int /*iKit*/, int /*iXPos*/, int /*iYPos*/, bool /*bZDown*/) {} // golden aoutarm9045.cpp (9046AU) -- offline: no-op	
MEDIUM	aoutarm_shims.cpp	164	167	2			PT-W5c RETIRED (CheckSortArmXYPitch_2x4_8)	bool CheckSortArmXYPitch_2x4_8(int * /*iX*/, int * /*iY*/, int /*iMovePitchX*/) { return true; } // golden aoutarm9045_2x4_8.cpp (9046AU; en	
MEDIUM	aoutarm_shims.cpp	168	170	1			PT-W8 RETIRED (SetSortShuttleStatus_Place): real translated body now live	void SetSortShuttleStatus_Place(int /*iShtRow*/, int /*iShtCol*/, int /*iSuckRow*/, int /*iSuckCol*/) {} // golden aoutarm9045.h:33 (9046AU)	
MEDIUM	asortarm.cpp	775	779	3	1		GATE(1) -- golden asortarm.cpp:243 (CheckSuckInitialStatus has no compiled body anywhere in this tree)	flag[i][j]=CheckSuckInitialStatus(OutArm2Suck, i, j);	
MEDIUM	asortarm.cpp	892	894	1	3		GATE(3) -- golden asortarm.cpp:356 (TMyKitSuck::SetHasNullIcToNullIc absent tree-wide; same no-op as atester_32Site.cpp:3424 / aTester_Front.cpp:678)	OutSht3Kit.SetHasNullIcToNullIc();	
MEDIUM	asortarm.cpp	2476	2480	3	13		GATE(13) -- golden asortarm.cpp:1936 (golden's MyDBIProcess is 3-arg (golden cMyDB.h:20); this tree's is 2-arg (aHotPlateSubstrate.h:924))	MyDBIProcess("Motion", sData, "MoveOutArmZToPlateSafe");	
MEDIUM	asortarm.cpp	2793	2812	18	7		GATE(7) -- golden asortarm.cpp:2249-2266 (golden defines CheckOutArmSuckOnlyGOrH TWICE (here and aoutarm.cpp:3013, byte-identical); this tree's aoutarm.cpp:3008 owns it)	bool CheckOutArmSuckOnlyGOrH()                                                  //Steven 20141128 : for 只開Ad,Bd Auto1 第一列沒有放IC	
MEDIUM	asortarm.cpp	2988	3005	16	8		GATE(8) -- golden asortarm.cpp:2442-2457 (golden defines all three TMyQASample methods TWICE (here and aoutarm.cpp:3580/:3585/:3593, byte-identical); this tree's aoutarm.cpp:3575-3590 owns them. The OBJECT QASamSort (gol	__fastcall TMyQASample::TMyQASample()	
MEDIUM	asortarm.cpp	3895	3908	12	5		GATE(5) -- golden asortarm.cpp:3343-3350 (TfSCKART has no iInfo_MultiLotCnt -- same gate as aTester_Front.cpp:2374; the #else arm IS golden's own else-branch, which is what a single-lot run executes)	if(fSCKART->iInfo_MultiLotCnt>1)	
MEDIUM	asortarm.cpp	3991	3996	4	6		GATE(6) -- golden asortarm.cpp:3433-3436 (TfBarCode (BarCode/BarCode.h, partial) has neither list2DByLot nor map2DList (the tree carries them as free globals, a different object); enclosing guard stays live)	fBarCode->list2DByLot->Clear();	
MEDIUM	asortarm.cpp	4134	4162	27	14		GATE(14) -- golden asortarm.cpp:3574-3586 (vclcompat TStringList::Strings[] yields a StringsProxy (operator AnsiString), which has no .Pos(); each subject is wrapped in AnsiString(...) -- pure type adaptation, identical 	if(OutArm2Suck.PordRec[i][j].asBuffer->Strings[eErrorCode].Pos("Duplicate 2DID error")>0)	
MEDIUM	asortarm.cpp	4173	4175	1	9		GATE(9) -- golden asortarm.cpp:3597 (TfOCR declares only ChangeLightValue; SaveOCRAndBinData exists nowhere in this tree)	fOCR->SaveOCRAndBinData(asOCRCode, OutArm2Suck.PordRec[i][j].asBuffer->Strings[eTestCate], Prod.iIsPassT6[iToWhichAuto]);   //Steven 2024010	
MEDIUM	asortarm.cpp	4177	4179	1	10		GATE(10) -- golden asortarm.cpp:3599 (TMyProductionRecord::SaveRecord is explicitly out of scope tree-wide and not even declared -- Public/MyProductionRecord.h:24-30)	OutArm2Suck.PordRec[i][j].SaveRecord();              //Frank 20160505 add	
MEDIUM	asortarm.cpp	4284	4286	1	11		GATE(11) -- golden asortarm.cpp:3704 (TfSortCT declares ShowLoadingIC/ShowSortIC only; CheckTheYieldAfterPlaceAuto absent (golden cSortCT.cpp unported))	fSortCT->CheckTheYieldAfterPlaceAuto();                                     //Sam 20230306 : 修正 Initial Start 誤報警問題	
MEDIUM	cinitial.cpp	656	877	220			AI(W906-W3-9) 20260924 使用者裁決「只跑 if(IO_CARD_TYPE==NewIO_MN200)，else 可以不用」（週末計畫 docs/WEEKEND_PLAN_20260925.md W3 追加範圍，c507adea） ⇒ 這是 else 那半（BDE），不做、不補樁 -- golden cinitial.cpp:552-774（AI(W906-W3-AUDIT) 20260926: 註解改寫成與另外 4	if(USE_IN_Y_IS_AUTO_PITCH==true || USE_OUT_Y_IS_AUTO_PITCH)                                              //Steven 20170424 (wei) : new XY變距 	
MEDIUM	cinitial.cpp	2722	2874	151	D		AI(W906-W3-INITIO) 20260924 使用者裁決「只跑 if(IO_CARD_TYPE==NewIO_MN200)，else 可以不用」（週末計畫 W3 追加範圍，c507adea）⇒ 這是 else 那半（BDE），不做、不補樁。原註：TODO(GA2-C1): blocked by TTable/DataModule1->SensorTable (BDE not ported, see database.h's o	bool flag;	
MEDIUM	cinitial.cpp	2933	2935	1			AI(W906-W3-INITIO) 20260924 維持閘住，理由更正：函式在 golden CCLink/MyCCLinkSensor.cpp:2603（不是 MyNUEC1.cpp），移植樹沒有；本體整段包在 if(SHUTTLE_SENSOR_TYPE==eSensorEtherCAT(6)||eSensorEtherCAT3(7)) 裡 ⇒ 非 NU-EC1 EtherCAT Shuttle 感測的機台上是 no-op（HT	SetIOTableByNUEC1();                                                        //Sam 20230725 : EtherCAT NUEC1 IO 取代線路 IO	
MEDIUM	cinitial.cpp	3854	3856	1	1		GATE 1: BDE `TTable *PT;` -- else-half only; user 20260924 W3 ruling: IO_CARD_TYPE 2/3 half only, BDE not ported (docs/WEEKEND_PLAN_20260925.md W3) -- AI(W906-W3-10) 20260925	TTable *PT;	
MEDIUM	cinitial.cpp	5736	5742	5			N3-G4: blocked by TfAutoTeach (golden AutoTeach.h; no port body, no facade) -- golden cinitial.cpp:9395-9399	if(fAutoTeach->IsRun())                                                     //JimmyChiu 20211020 : Auto alignment mode	
MEDIUM	cinitial.cpp	7309	7312	2			N3-G12: blocked by TfMain::ShowFunctions (forms/fMain.h declares fMain at :716 but no ShowFunctions; golden main.cpp:8696) -- golden cinitial.cpp:13571-13572	if(fMain!=NULL)	
MEDIUM	cinitial.cpp	8575	8581	5	n2-3		GATE n2-3: blocked by fAutoTeach (golden uAutoTeach.h TfAutoTeach -- no facade, 0 externs tree-wide)	if(fAutoTeach->IsRun())                                                     //JimmyChiu 20211020 : Auto alignment mode	
MEDIUM	cinitial.cpp	9137	9139	1	n2-5		GATE n2-5: blocked by TfMain::SetOpenBin (golden main.cpp; forms/fMain.h facade has no such member)	fMain->SetOpenBin();	
MEDIUM	cinitial.cpp	9164	9167	2	n2-6		GATE n2-6: blocked by tRotateShim (aHotPlateSubstrate.h:824) -- no RotationTimeInRT/RotationTimeOutRT	Prod.RotationTimeIn=tRotate.RotationTimeInRT;	
MEDIUM	cinitial.cpp	9172	9178	5	n2-7		GATE n2-7: blocked by tRotateShim (aHotPlateSubstrate.h:824) -- no RotationCountRT/OutRotationCountRT	for(int i=0; i<8; i++)	
MEDIUM	cinitial.cpp	9210	9213	2	n2-8		GATE n2-8: blocked by tRotateShim (aHotPlateSubstrate.h:824) -- no RotationTimeIn/RotationTimeOut	Prod.RotationTimeIn=tRotate.RotationTimeIn;	
MEDIUM	cinitial.cpp	9218	9224	5	n2-9		GATE n2-9: blocked by tRotateShim (aHotPlateSubstrate.h:824) -- no RotationCount/OutRotationCount	for(int i=0; i<8; i++)	
MEDIUM	cinitial.cpp	9317	9320	2	n2-10		GATE n2-10: TFormHS::CheckEPRange is now DECLARED (forms/fHS.h:732) but its body is still gated in fHS (Cat E, golden HS_Function.cpp:4428-4476) -- lifting here would not link. AI(W906-W3-12) 20260925 (old reason "stub h	if(FormHS!=NULL)	
MEDIUM	cinitial.cpp	9609	9611	1	n2-12		GATE n2-12: blocked by iHotInArmOrder (golden ainarm2.h; tree has only csystem.cpp:4814-4815 static+#define MACRO SEAM)	iHotInArmOrder[i][j][k]  =-1;	
MEDIUM	cinitial.cpp	9698	9700	1	n2-14		GATE n2-14: blocked by TfMain::CheckSiteMapState (golden main.cpp; forms/fMain.h facade has no such member)	fMain->CheckSiteMapState(true);                                 //kevin 20150120 強致做autositemap	
MEDIUM	cinitial.cpp	9818	9821	2	n2-17		GATE n2-17: blocked by uPlateInfo::ResetFile + sCleanPlaceRec (two-headers-one-class; see gate doc)	PickFromHPList->ResetFile(sHPPickRec);                              //Jimmychiu 20250220 : 避免重新開機後Hotplate rec有殘留資料	
MEDIUM	cinitial.cpp	9881	9952	70	n2-18		GATE n2-18: blocked by VCL MessageDlg/mtConfirmation/TMsgDlgButtons/mbYes/mbNo/mrYes/mrNo/mrCancel (0 hits in vclcompat/) + fMesSystem (0 externs tree-wide)	if(CUSTOMER_CODE==CC_AMKOR_Philippines)                                 //JerryYang 20200312 load data流程修改	
MEDIUM	cinitial.cpp	10164	10166	1	n2-19		GATE n2-19: blocked by iHotInArmOrder (see GATE n2-12) -- MachRec side exists, global does not	iHotInArmOrder[i][j][k]  =MachRec.iHotInArmOrder[i][j][k];	
MEDIUM	cinitial.cpp	10202	10205	2	n2-20		GATE n2-20: blocked by uPlateInfo::LoadFile + sCleanPlaceRec (see GATE n2-17)	PickFromHPList->LoadFile(sHPPickRec);                                   //Jimmychiu 20230417 : Record the position after placing the IC	
MEDIUM	cinitial.cpp	10212	10215	2	n2-21		GATE n2-21: blocked by uPlateInfo::ResetFile + sCleanPlaceRec (see GATE n2-17)	PickFromHPList->ResetFile(sHPPickRec);                                  //Jimmychiu 20250220 : 避免重新開機後Hotplate rec有殘留資料	
MEDIUM	cinitial.cpp	11113	11115	1	n4-4		GATE n4-4 -- golden cinitial.cpp:5833 VERBATIM below	fTeach->InitialTeachEditList();                                             //JerryYang 20241119 : fix AOA	
MEDIUM	cinitial.cpp	12027	12075	47	n4-6		GATE n4-6 -- golden cinitial.cpp:11269-11315 VERBATIM below	void SetTechDataToProd_AutoClean()	
MEDIUM	cinitial.cpp	12141	12145	3	n4-8		GATE n4-8 -- golden cinitial.cpp:13950-13952 VERBATIM below	ret=MessageDlg("Sure to Set Offset To Tech? (確定要將補償值存至教導?)", mtConfirmation, TMsgDlgButtons()<<mbYes<<mbNo, 0);	
MEDIUM	cinitial.cpp	12467	12470	2	n4-9		GATE n4-9 -- golden cinitial.cpp:14258-14259 VERBATIM below	if(fTeach!=NULL)	
MEDIUM	cinitial.cpp	12488	12492	3	n4-10		GATE n4-10 -- golden cinitial.cpp:14261-14263 VERBATIM below	fOffSet->SaveFile(0,0,true);	
MEDIUM	cinitial.cpp	13235	13238	2	n4-11		GATE n4-11 -- golden cinitial.cpp:15046-15047 VERBATIM below	fiosetview->labUseSensor1->Caption=Str1;	
MEDIUM	cinitial.cpp	13633	13635	1	n5-G1b		GATE n5-G1b: blocked by TfShuttleMove::fShow (forms/fShuttleMove.h:53-56 carries only bShuttleRetry + btRetry)	fShuttleMove->fShow==true ||                                             //JerryYang 20160801 shuttle maintain時也要避免爆衝	
MEDIUM	cinitial.cpp	13773	13776	2	n5-G1c		GATE n5-G1c: blocked by TFrmRotate::SetInRotateSpeed / ::SetOutRotateSpeed (golden RotateKit/fRotate.cpp; 0 member hits tree-wide)	FrmRotate->SetInRotateSpeed(ArmSpeed[InRotate].iACDCBodySP, ArmSpeed[InRotate].iBodySP);	
MEDIUM	cinitial.cpp	13814	13816	1	n5-G1		GATE n5-G1: blocked by TfShowMessage::sgdSpeedView (absent from the ported facade; 0 class-member hits tree-wide)	fShowMessage->sgdSpeedView->Repaint();	
MEDIUM	cinitial.cpp	13918	13921	2	n5-G2		GATE n5-G2: blocked by TfMain::pnlOutArmY (absent from forms/fMain.h; the only tree-wide hits are dfm2rc layout IR rows)	fMain->pnlOutArmY->Left=688;	
MEDIUM	cinitial.cpp	13927	13929	1	n5-G2		GATE n5-G2: blocked by TfMain::pnlOutArmY	fMain->pnlOutArmY->Width=600;	
MEDIUM	cinitial.cpp	13953	13955	1	n5-G2		GATE n5-G2: blocked by TfMain::pnlOutArmY	fMain->pnlOutArmY->Width=330;	
MEDIUM	cinitial.cpp	15581	15583	1	n5-G4		GATE n5-G4: blocked by SetAOATrayTeachPoint (golden AutoAlignment/AutoAlignment.cpp:1059; 0 definitions and 0 declarations in this tree)	SetAOATrayTeachPoint(TestIF.iAlignmentPointX, TestIF.iAlignmentPointY, &MOT[MMAOASampleTray], true);	
MEDIUM	cinitial.cpp	15689	15694	4	n5-G5		GATE n5-G5: blocked by TfMain::mtPlate1 (absent); mtPlate2 present but write-only offline (forms/FormWidgets.h:250-252)	fMain->mtPlate1->XItem=HotPlateForm.XDivision;	
MEDIUM	cinitial.cpp	15713	15715	1	n5-G6		GATE n5-G6: blocked by SetAOATrayTeachPoint (golden AutoAlignment/AutoAlignment.cpp:1059)	SetAOATrayTeachPoint(TestIF.iAlignmentPlatePointX, TestIF.iAlignmentPlatePointY, &MOT[MMAOASamplePlate]);	
MEDIUM	cinitial.cpp	15761	15766	4	n5-G7		GATE n5-G7: blocked by TfMain::tmy{Input,Output}RotateKit (absent from forms/fMain.h)	fMain->tmyInputRotateKit->XItem=1;	
MEDIUM	cinitial.cpp	15774	15779	4	n5-G8		GATE n5-G8: blocked by TfMain::tmy{Input,Output}RotateKit	fMain->tmyInputRotateKit->XItem=2;	
MEDIUM	cinitial.cpp	15847	15856	8	n5-G9		GATE n5-G9: blocked by tRotate.DutNum (tRotateShim has no such member, aHotPlateSubstrate.h:824-832) and tDutType_8 (golden RotateKit/fRotate.h:23; in the port only as TU-local .cpp copies, RotateKit/aRotateKIT_In.cpp:33	if(tRotate.DutNum==tDutType_8)                                  //kevin 20130517 add 8 site	
MEDIUM	cinitial.cpp	15858	15862	3	n5-G10		GATE n5-G10: tail of n5-G9 -- the two fMain->tmyInputRotateKit mirrors (blocked by TfMain::tmyInputRotateKit) plus the gated arm's closing brace	fMain->tmyInputRotateKit->XItem=2;	
MEDIUM	cinitial.cpp	15874	15877	2	n5-G11		GATE n5-G11: blocked by TfMain::tmyOutputRotateKit	fMain->tmyOutputRotateKit->XItem=1;	
MEDIUM	cinitial.cpp	15884	15887	2	n5-G12		GATE n5-G12: blocked by TfMain::tmyOutputRotateKit	fMain->tmyOutputRotateKit->XItem=2;	
MEDIUM	cinitial.cpp	15905	15914	8	n5-G13		GATE n5-G13: blocked by tRotate.DutNum (tRotateShim, aHotPlateSubstrate.h:824-832) and tDutType_8 (golden RotateKit/fRotate.h:23; in the port only as TU-local .cpp copies, RotateKit/aRotateKIT_In.cpp:330-336 / aRotateKIT	if(tRotate.DutNum==tDutType_8)                                  //kevin 20130517 add 8 site	
MEDIUM	cinitial.cpp	15916	15920	3	n5-G14		GATE n5-G14: tail of n5-G13 -- the two fMain->tmyOutputRotateKit mirrors (blocked by TfMain::tmyOutputRotateKit) plus the gated arm's closing brace	fMain->tmyOutputRotateKit->XItem=2;	
MEDIUM	cinitial.cpp	15959	15965	5	n5-G15		GATE n5-G15: blocked by TfMain::mtPlate1 (absent) and TfMainAutoCleanGrid::Visible (no such member; forms/FormWidgets.h:255-262)	if(TestIF_File.iAutoClean_Function && TestIF_File.iAutoClean_Tray==eCKPos_HP2) //kevin 20141020  使用AUTOCLEAN要顯示HOTPLATE 2	
MEDIUM	cinitial.cpp	15977	15980	2	n5-G15		GATE n5-G15: blocked by TfMain::mtPlate1 / TfMainAutoCleanGrid::Visible	fMain->mtPlate2->Visible=false;	
MEDIUM	cinitial.cpp	15995	15998	2	n5-G15		GATE n5-G15: blocked by TfMain::mtPlate1 / TfMainAutoCleanGrid::Visible	fMain->mtPlate1->Visible=true;	
MEDIUM	cinitial.cpp	16444	16449	4	n5-G17		GATE n5-G17: blocked by TfProductionInfo::EnableInArmAutoCalSuckZ (golden ProductionInfo/ProductionInfo.cpp:5907; 0 hits tree-wide)	if(fProductionInfo->EnableInArmAutoCalSuckZ())	
MEDIUM	cinitial.cpp	16470	16475	4	n5-G18		GATE n5-G18: blocked by TfProductionInfo::EnableOutArmAutoCalSuckZ (golden ProductionInfo/ProductionInfo.cpp:5912; 0 hits tree-wide)	if(fProductionInfo->EnableOutArmAutoCalSuckZ())	
MEDIUM	cinitial.cpp	16719	16767	47			N1-G1: blocked by TTable/DataModule1 (BDE; database.h:204-207 commented out) + MessageDlg (0 declarations tree-wide) -- golden cinitial.cpp:3061-3107	AnsiString CheckMotorValue(TTable *PT, AnsiString asString, bool bIsNum)        //jou 20180814 (Steven) : 增加Motor database 異常警示	
MEDIUM	cinitial.cpp	16979	16981	1			N1-G2b: blocked by InitNTPort() -- 0 occurrences tree-wide (grep -rn "\bInitNTPort\b" over every .h/.cpp outside build*, re-run 20260810 15:15). DELTA: the NT port driver is never opened by the bring-up path.	InitNTPort();	
MEDIUM	cinitial.cpp	16999	17001	1			N1-G2g: blocked by dmTrayMotor -- exists ONLY as dfm2rc layout METADATA (tools/dfm2rc/layout_out/Motor/TrayStepMotor_layout.gen.cpp:12), never as an object (re-run 20260810 15:15). DELTA: the tray STEP-MOTOR / control-pa	dmTrayMotor->RS232Init(HSys.TrayStepMotor_ComPort);                     //KenHsieh 20211222 : Pad與步進馬達為同一Comport	
MEDIUM	cinitial.cpp	17186	17188	1	n2-12		N1-G3c: blocked by the GLOBAL iHotInArmOrder (golden ainarm2.h) -- it has NO definition and NO declaration in this tree; the only thing named that is the TU-LOCAL MACRO SEAM csystem.cpp:4814-4815 `#define iHotInArmOrder 	MachRec.iHotInArmOrder[i][j][k]  =iHotInArmOrder[i][j][k];	
MEDIUM	cinitial.cpp	17242	17244	1			N1-G3b: blocked by the NAME sCleanPlaceRec -- declared ONLY in Public/HTEditList.h:118, which also defines a SECOND class uPlateInfo (:321) with a different layout from aHotPlateSubstrate.h:673, so including it is the tw	PlaceToCleanList->SaveFile(sCleanPlaceRec);                                 //Jimmychiu 20230417 : Record the position after placing the IC	
MEDIUM	cinitial.cpp	17551	17553	1			N1-G5: TfTemp_Set::InitialAddrToATC now EXISTS (uTemp_Set.cpp:6721) -- what still blocks is ORDER: wb_serve news fTemp_Set at tools/wb_serve.cpp:3244, AFTER InitialHandler (:3084) -> SetWorkParameter -> ChangeSite runs, 	fTemp_Set->InitialAddrToATC();                                              //Steven 20241105 : 更新轉換矩陣	
MEDIUM	cprod.cpp	1072	1190	117			TODO(GA1-B2): blocked by FileInfo@ProductionInfo/FileInfo.h+.cpp (golden class,	AnsiString str, sFileName, sPath;	
MEDIUM	cprod.cpp	1201	1257	55			TODO(GA1-B2): blocked by FileInfo@ProductionInfo/FileInfo.h+.cpp (golden class,	MyForceDirectories(sDailyJamPath);	
MEDIUM	cprod.cpp	1271	1284	12			TODO(GA1-B2): blocked by fMesSystem@not declared anywhere in ported tree (golden	sJamRatePath="D:\\PnPh\\report\\LotAlarm";	
MEDIUM	cprod.cpp	1371	1374	2			TODO(GA1-B2): blocked by FormHS@HS_Function.h (golden TFormHS form, not ported	FormHS->UpDataToServerByFTP(IncludeTrailingPathDelimiter(sJamRatePath), sFileName, "JamRateByLot");	
MEDIUM	cprod.cpp	2274	2279	4			TODO(GA1-B2): blocked by HTGem@database.h:62 (forward-declared only; complete type	if(HSys.MyGem!=NULL)	
MEDIUM	cprod.cpp	2423	2436	12			TODO(GA1-B2): blocked by TfLotInfo@forms/fLotInfo.h missing members tsASECLEventLog/	if(fLotInfo!=NULL)                                                          //Steven 20181224 : For ASE-CL	
MEDIUM	cprod.cpp	2438	2450	11			TODO(GA1-B2): blocked by TfLotInfo@forms/fLotInfo.h missing members edtLine/	if(CUSTOMER_CODE==CC_Murata)                                                //Steven 20200409 : Murata 2DID比對功能	
MEDIUM	cprod.cpp	2485	2490	4			TODO(GA1-B2): blocked by HTGem@database.h:62 (forward-declared only; complete type	if(HSys.MyGem!=NULL)	
MEDIUM	cprod.cpp	2522	2576	53			TODO(GA1-B2): blocked by TMyStringList@cmydef.h:15 (opaque forward declaration	if(fMain!=NULL)	
MEDIUM	cprod.cpp	2681	2692	10			TODO(GA1-B2): blocked by TfSpeed::ReadFile -- the fSpeed FACADE now	if(LoaderUnload_StepMotor)                                                  //Sam 20201221 : Tray y step motor by machine	
MEDIUM	cprod.cpp	2982	3001	18	S12-C1		GATE (S12-C1)：fMain->pnlPowerSaving／cbDisableSiteMappingCheck 在 forms/fMain.h 沒有	if(fMain!=NULL)                                                         //Steven 20240124 : Add protection	
MEDIUM	cprod.cpp	3009	3012	2	S12-C1		GATE (S12-C1)：fLotInfo->tsRFMD／btnESCFunction 在 forms/fLotInfo.h 沒有	fLotInfo->tsRFMD->TabVisible=(IniConfig.bI41EnableEmptySocketCheck);    //Steven 20201022 : For RFMD Empty Socket Check Funstion.	
MEDIUM	cprod.cpp	3066	3075	8	S12-C1		GATE (S12-C1)：fMain->slTestLog 在 forms/fMain.h 沒有	if(fMain!=NULL)                                                         //Steven 20240124 : Add protection	
MEDIUM	cprod.cpp	3078	3082	3			TODO(GA1-B2): blocked by TfMain@forms/fMain.h missing member ShowFunctions	if(fMain!=NULL)                                                             //Steven 20240124 : Add protection	
MEDIUM	cprod.cpp	3110	3126	15			TODO(GA1-B2): blocked by TfTrayForm@forms/fTrayForm.h missing method GetColorSensor	if(iTestRunMode==FT)	
MEDIUM	cprod.cpp	3178	3183	4			TODO(GA1-B2): blocked by HTGem@database.h:62 (forward-declared only; complete type	if(HSys.MyGem!=NULL)	
MEDIUM	cprod.cpp	3193	3199	5			TODO(GA1-B2): blocked by TfMain@forms/fMain.h missing member pnlUnitSpeedDisplay	if(InitialOK==true && fMain!=NULL)	
MEDIUM	cprod.cpp	3247	3258	10			TODO(GA1-B2): blocked by TfMainHanaART@forms/fMain.h missing method	if(IniConfig.bA10_6_HANA_ART_TestMode_Enable==true)                         //JimmyChiu 20241023 HANA ART Function	
MEDIUM	cprod.cpp	3466	3475	8			TODO(GA1-B2): blocked by TfLotInfo@forms/fLotInfo.h missing member coLevelMode	if(fLotInfo->coLevelMode->Text!="Normal")	
MEDIUM	cprod.cpp	4032	4046	13			TODO(GA1-B2): blocked by fTemp_Set@not declared anywhere in ported tree (golden	if(fTemp_Set!=NULL)                                                         //Steven 20240206 : 預先決定Index Heat Mode是否要顯示	
MEDIUM	csystem.cpp	519	525	5			TODO(W7-TriTemp): golden csystem.cpp:16502-16506. IsTriSafeDoor6LockCheck() lives in golden TempCtrl/TriTemp.cpp:469 (decl TempCtrl/TriTemp.h:17); the ported tree has no TempCtrl directory, so the symbol does not exist h	if(Tri_Temp_Machine==1)                                                     //Ztex 2023.04.19 Add HT-1032 TriTemp Function	
MEDIUM	csystem.cpp	7431	7471	39	G4-1		GOLDEN VERBATIM -- golden csystem.cpp:10336-10374.  GATE G4-1: the ATC-restart + SECS remote-start ladder.  It needs ATCInterfaceForm->ATC_SYS / ->ATC_SYS_PAL[0]->bATCRunSetting (ATC/ATCSystem.h members not exposed by th	if(ATC_SYSTEM==eATCHonPrecType &&	
MEDIUM	csystem.cpp	8972	8974	1	W906-T6-FTPMODAL		SAFETY-GATE(W906-T6-FTPMODAL) golden :11726 —— 缺相依：TfFTPClient／fFTPClient 全樹沒有移植（BarcodeReader.h:44 記載，20260923 git grep 重驗 0 筆）。 / 只在 CC_ATEC 且 bEnableFTP 且 bInitNeedDownloadFTP 時走到；前一行的 ShowMyMessage 照跑。後果：不會跳 FTP 下載視窗	fFTPClient->ShowFTPModal(0);	
MEDIUM	csystem.cpp	9004	9028	23			列了 fSCKART 在移植樹分裂成五份替身）。要解先決定 fSCKART 綁哪一份 —— 設計題，不補樁。 / golden 行為：A37（SPIL）真料＋連線時，EAP 沒給 lot 資訊就跳「There is no lot information on handler」並拒絕啟動。 / 閘掉後：不檢查、照常往下。只在 IniConfig.bA37LotStartLotEnd && REALLY && ON_LINE 時走到。	if(IniConfig.bA37LotStartLotEnd &&	
MEDIUM	csystem.cpp	9085	9088	2	W906-T6-GROUNDMAN		SAFETY-GATE(W906-T6-GROUNDMAN) golden :11827-11828 / :11912-11913（兩處同形；連同 if 一起閘，只閘本體會讓 if 吃掉下一句）—— 缺相依：forms/fGroundMan.h 自己定義一份 class TTimer（:456），與本檔已 include 的 / OmronLaser/LaserSensor.h:174 那份衝突，同一個 TU 放不下（同 ATC30RE	if(IniConfig.bC13NeedToRestartGroundWhenInitialStart)                   //Sam 20220107 : 矽格北興 Initail Start 要重啟 GroundMan	
MEDIUM	csystem.cpp	9171	9173	1	W906-T6-FIXAOI		SAFETY-GATE(W906-T6-FIXAOI) golden :11910 —— 缺相依：TfFixAICCD 鏡像（forms/fFixAICCD.h）沒有 InitialCycleCount。後果：Initial Start 時不重設 FixAOI 的循環計數。不是拒絕點。	fFixAICCD->InitialCycleCount();                                         //Sam 20231108 : FixAOI 新增功能。	
MEDIUM	csystem.cpp	9176	9179	2	W906-T6-GROUNDMAN		SAFETY-GATE(W906-T6-GROUNDMAN) 同上（golden :11912-11913）。	if(IniConfig.bC13NeedToRestartGroundWhenInitialStart)                   //Sam 20220107 : 矽格北興 Initail Start 要重啟 GroundMan	
MEDIUM	csystem.cpp	9185	9187	1			本體要 TList，而本樹唯一的 TList 宣告會把兩個 TMyKitSuck 的 ODR 陷阱帶進 forms 層）。引用它就連結失敗 / （20260923 build.bat serve 實測 undefined reference）。golden 本體第一行就是 `if(CosFunction.bOLPFunction==false) return;`， / 所以只在開了 OLP 的機台有作用。後果：Initial Start	fNote->ClearContAlarmList();                                            //Sam 20231116 : 連續 Alarm 不要上傳伺服器	
MEDIUM	csystem.cpp	9336	9356	19			只閘那兩句的話，iLoaderTotalTray 會沿用舊值來決定要不要拒絕 —— golden 沒有這種行為，所以整個 if 一起閘。 / golden 行為：Initial ART（非 SECS／GPIB ART／TSMC 台南）要操作員輸入入料區總盤數，按 X（<=0）就退回 rsmInitial_ART 並拒絕啟動。 / 閘掉後：不問盤數、不拒絕，也不跳「Tester Ready?」。輸入框在新架構下應由瀏覽器提供 —— 設計題	if(IniConfig.bEnable_SECS_GEM==false ||	
MEDIUM	csystem.cpp	9395	9397	1	W906-T6-BCRECFILE		SAFETY-GATE(W906-T6-BCRECFILE) golden :12116 —— 缺相依：TfBarCode_Shim 沒有 InitBarcodeRecFile。後果：開了 CosFunction.bBarcodeTrayRecFile 時，Initial Start 不會初始化條碼盤紀錄檔。不是拒絕點。	fBarCode->InitBarcodeRecFile();	
MEDIUM	csystem.cpp	9463	9475	11	W906-T6-EQCQTY		SAFETY-GATE(W906-T6-EQCQTY) golden :12179-12189 —— 缺相依：fNote->edEQCQty（操作員在告警框輸入 EQC 數量的編輯框）與 fSCKART->palInputCount（顯示）。 / 輸入值在新架構下由瀏覽器持有（pt-wave-loop 陷阱 #6）；只閘那兩句會讓 AccessFile 把沒更新的 iInputCount 存回去，所以整個 if 一起閘。 / 後果：A1	if(IniConfig.bA10_AutoReTest &&	
MEDIUM	csystem.cpp	9489	9491	1	W906-T6-ALED		SAFETY-GATE(W906-T6-ALED) golden :12202 —— 純顯示：fMain 鏡像沒有 Label12（ART 重測次數標籤）。LastSet.iAutoRetestCount_ART=0 照跑。	fMain->Label12->Caption=LastSet.iAutoRetestCount_ART;	
MEDIUM	csystem.cpp	9528	9557	28			golden 是 **GPIB** 收到 MSG_CMD_ASKPPSELECT 時設的，golden main.cpp:16319-16321；第一版誤寫成 SECS， / T6 獨立審查 m6 更正）。條件的一環缺了，整個 if 一起閘，不替 golden 選路。 / golden 行為：UTAC 連線時，PPSELECT 檔案不一致（WAR16326）或還沒收到 PPSELECT 就拒絕啟動。閘掉後：不檢查。只在 CC_UTAC 	if(CUSTOMER_CODE==CC_UTAC)                                          //Richard 20220929 :Add for UTAC	
MEDIUM	csystem.cpp	9594	9596	1	W906-T6-2DIDMAP		SAFETY-GATE(W906-T6-2DIDMAP) golden :12297 —— 缺相依：TfContactShim 沒有 Do2DIDMapCheck。前一行 bRun2DCheck=true 照跑。 / 後果：CCD 條碼模式且入料 2 排時，Initial Start 不做 2DID 對位檢查。不是拒絕點。	fContact->Do2DIDMapCheck(true);	
MEDIUM	csystem.cpp	9991	10000	8	g3-G01		GATE(g3-G01)  golden csystem.cpp:5690  --  fMain->MemoIndexPosLog->Lines->Add -- the Index-4-axis-home completion log line.	fMain->MemoIndexPosLog->Lines->Add("Index 4 axis home finished.");	
MEDIUM	csystem.cpp	10135	10145	9	g3-G02		GATE(g3-G02)  golden csystem.cpp:5867  --  fSCKART->ClearAlarmCode() at RT-Start entry.	fSCKART->ClearAlarmCode();	
MEDIUM	csystem.cpp	10409	10420	10	g3-G03		GATE(g3-G03)  golden csystem.cpp:6131  --  fAGV->bATK_AMR_DoHostLotStart / bATKAMR_GET_LOTORDER0_Ready reset (ATK-AMR).	fAGV->bATK_AMR_DoHostLotStart=false;	
MEDIUM	csystem.cpp	10489	10497	7	g3-G04		GATE(g3-G04)  golden csystem.cpp:6199  --  fLotInfo->labLotTrayCount_KYEC->Caption="0" (KYEC AMR tray-count label).	fLotInfo->labLotTrayCount_KYEC->Caption="0";	
MEDIUM	csystem.cpp	10539	10577	37	g3-G05		GATE(g3-G05)  golden csystem.cpp:6241  --  the SCKART / SPIL manual lot-count entry block (GPIB message fill + fNote lot-count/lot-ID edit boxes + fSCKART->AccessFile).	if(TestIF_File.bSCKART_RunARTWithoutCmd)	
MEDIUM	csystem.cpp	10595	10602	6	g3-G06		GATE(g3-G06)  golden csystem.cpp:6281  --  fSCKART->ClearAlarmCode() at Initial-Start entry.	fSCKART->ClearAlarmCode();	
MEDIUM	csystem.cpp	10603	10614	10	g3-G07		GATE(g3-G07)  golden csystem.cpp:6282  --  LotSummary.ClearAllData() (SCKART branch).	LotSummary.ClearAllData();	
MEDIUM	csystem.cpp	10633	10639	5	g3-G08		GATE(g3-G08)  golden csystem.cpp:6301  --  LotSummary.ClearAllData() (SPIL / ASE-CL branch).	LotSummary.ClearAllData();	
MEDIUM	csystem.cpp	10680	10689	8	g3-G09		GATE(g3-G09)  golden csystem.cpp:6342  --  fTrayMapping->ClearTrayIDByLot().	fTrayMapping->ClearTrayIDByLot();                                   //JerryYang 20250120 : add	
MEDIUM	csystem.cpp	10697	10706	8	g3-G10		GATE(g3-G10)  golden csystem.cpp:6350  --  fOmron->ClearOmronLog().	fOmron->ClearOmronLog();                                            //JerryYang 20201123 清除非當月份的Omron通訊log	
MEDIUM	csystem.cpp	11496	11506	9	g3-G15		GATE(g3-G15)  golden csystem.cpp:7108  --  fBarCode->Write_Device_Info_By_Tray (CC_ASE_KaohSiung branch).	fBarCode->Write_Device_Info_By_Tray(Pos, LastSet.iDevice_Info_By_Tray[Pos]);	
MEDIUM	csystem.cpp	11514	11523	8	g3-G16		GATE(g3-G16)  golden csystem.cpp:7116  --  fBarCode->Write_Device_Info_By_Tray (bBarcodeTrayRecFile branch).	fBarCode->Write_Device_Info_By_Tray(Pos, LastSet.iDevice_Info_By_Tray[Pos]);	
MEDIUM	csystem.cpp	11733	11735	1	G-W5cI-3		GATE G-W5cI-3 (PT-W5c integrate) -- cpublic.cpp:2328's body is gated (TODO GA1-B3: class TLotSummary unported + fNote->edBundleID has no facade member). DEFAULT: the target string keeps its previous value (empty), so the	sBundleEndInfo=GetBundleInfo(Pos);	
MEDIUM	csystem.cpp	11763	11765	1	G-W5cI-4		GATE G-W5cI-4 (PT-W5c integrate) -- cpublic.cpp:2328's body is gated (TODO GA1-B3: class TLotSummary unported + fNote->edBundleID has no facade member). DEFAULT: the target string keeps its previous value (empty), so the	sBundleEndInfo=GetBundleInfo(Pos);	
MEDIUM	csystem.cpp	11792	11794	1	G-W5cI-5		GATE G-W5cI-5 (PT-W5c integrate) -- cpublic.cpp:2328's body is gated (TODO GA1-B3: class TLotSummary unported + fNote->edBundleID has no facade member). DEFAULT: the target string keeps its previous value (empty), so the	sBundleEndInfo=GetBundleInfo(Pos);	
MEDIUM	csystem.cpp	11886	11894	7	g3-G18		GATE(g3-G18)  golden csystem.cpp:7470  --  fMain->ImpParaCheck->Clear() -- GM work-file parameter-compare list reset.	fMain->ImpParaCheck->Clear();                                       //Steven 20220311 : GM Test工作檔比對功能	
MEDIUM	csystem.cpp	12111	12113	1	G-W5cI-6		GATE G-W5cI-6 (PT-W5c integrate) -- cpublic.cpp:876's body is gated (TODO GA1-B3: blocked by fSCKART->bShow, no facade member). DEFAULT: the production-data log file is not written. NO ALARM OR INTERLOCK -- it is a log.	ProductionDataLog();                                                //kevin 20160724 生產資料	
MEDIUM	csystem.cpp	12629	12642	12	g3-G20		GATE(g3-G20)  golden csystem.cpp:8192  --  the fMain->RENESAS_Server->bReturn41Flag work-complete unlock of the work-file list.	if(fMain->RENESAS_Server->bReturn41Flag==true)              //工作完成，解鎖工作檔列表	
MEDIUM	csystem.cpp	12661	12663	1	G-W5cI-7		GATE G-W5cI-7 (PT-W5c integrate) -- cpublic.cpp:2328's body is gated (TODO GA1-B3: class TLotSummary unported + fNote->edBundleID has no facade member). DEFAULT: the target string keeps its previous value (empty), so the	sProcessEndInfo=GetBundleInfo(-1);	
MEDIUM	csystem.cpp	12684	12702	17	g3-G21		GATE(g3-G21)  golden csystem.cpp:8235  --  the AMR.CheckTrayFeed() latch of LastSet.bAMRTrayFeedWait + fLotInfo->RefreshAMR().	if(AMR.CheckTrayFeed())	
MEDIUM	csystem.cpp	12719	12755	35	g3-G22		GATE(g3-G22)  golden csystem.cpp:8256  --  the whole Auto-loop 'stack has fewer than 16 bins -> make the operator remove the tray' block (MES1124/1224/1324 + the AUTO-has-tray follow-up message).	if(bNeedTakeTray[i] &&	
MEDIUM	csystem.cpp	12768	12799	30	g3-G23		GATE(g3-G23)  golden csystem.cpp:8288  --  the matching Fix-loop 'stack has fewer than 16 bins' block (MES1724..MES2224 + the Fix-tray-detect sensor confirmation).	if(bNeedTakeTray[i+3] && fMain->IsStackHasLess16Bin(i+3))	
MEDIUM	csystem.cpp	13592	13602	9	G1		GATE G1 -- golden :15875-15881.  fBacCode->Write_Device_Info_By_Tray does not exist on TfBarCode (BarCode/BarCode.h, partial) (compile-verified). Default: skip the whole block INCLUDING the paired index++ (advancing it w	if(LastSet.iRealDummy==REALLY           &&                              //jou 20190930 : Barcode Tray record file	
MEDIUM	csystem.cpp	13816	13823	6	G11		GATE G11 -- golden :16087-16089.  bNeedReportBundleID IS present at cmydef.cpp:5981 but sits INSIDE a `#if 0 // ...resume the TODO(W6) gate` block (cmydef.cpp:5979), so it is NOT defined -- established by nm, not grep.  	if(fAGV->Use_AMR() &&                                               //Steven 20251216 : for AMR	
MEDIUM	csystem.cpp	13850	13861	10	G3		GATE G3 -- golden :16116-16120.  fMain->tESDError has NO port facade member (cmydef.h:909-911 records this explicitly). Default: the ESD-error queue is treated as EMPTY, so Find()==false always and Add() is dropped. SAFE	else if(fMain->tESDError->Find(sMES1712[iFix], iTest)==false)                               //JerryYang 20250425 : 避免重複報Fix bundle end	
MEDIUM	csystem.cpp	13867	13876	8	G3		GATE G3 (second site) -- golden :16126-16129.  Same reason; MES1713 likewise loses its once-per-tray suppression.	else if(fMain->tESDError->Find(sMES1713[iFix], iTest)==false)                               //RogerYang 20250626 偉測不可複測bin功能	
MEDIUM	csystem.cpp	13885	13896	10	G3		GATE G3 (third site) -- golden :16138-16142.  Same reason.  The DEFAULT KEEPS THE ALARM: ShowErrorMessage(sMES1712...) runs unconditionally instead of once.	if(fMain->tESDError->Find(sMES1712[iFix], iTest)==false)	
MEDIUM	csystem.cpp	13899	13908	8	G3		GATE G3 (fourth site) -- golden :16145-16148.  Same reason.  The DEFAULT KEEPS THE ALARM.	if(fMain->tESDError->Find(sMES1713[iFix], iTest)==false)	
MEDIUM	csystem.cpp	14188	14200	11	G4		GATE G4 -- golden :16428-16436 + :16444.  pFixTray is fMain->mtFix1/mtFix2/mtFix3 (golden main.h TTMyTray*), NONE of which exist on the port facade, and TMyTray has no SetCellColorIndex (compile-verified).  forms/fMain.h	TTMyTray *pFixTray;	
MEDIUM	csystem.cpp	14208	14210	1	G4		GATE G4 (paint site) -- golden :16444.  Same reason as above.	pFixTray->SetCellColorIndex(x, y, MOT[iTempFix[iFix]].Tray.Data[x][y]);	
MEDIUM	csystem.cpp	14223	14227	3	G5		GATE G5 -- golden :16514-16516.  The port's TMyMessageBoxShim (acatchtray_shims.h:319) exposes only Visible / fShow / Close(); there is no pnlMain and no lblMainMsg.  Default: skip the styling.  **THE ALARM ITSELF IS STI	MyMessageBox->pnlMain->Color=clRed;	
MEDIUM	csystem.cpp	14229	14233	3	G5		GATE G5 (restore half) -- golden :16518-16520.  Same reason; nothing to restore because nothing was set.	MyMessageBox->lblMainMsg->Font->Color=clBlack;	
MEDIUM	csystem.cpp	14292	14314	21	G6		GATE G6 -- golden :16538 + :16585-16604.  BEHAVIOUR-NEUTRAL BY INSPECTION: the ONLY payload inside this 5-second throttle + Tri_Temp_Machine guard is golden's OWN commented-out `// ShowMyMessage("Need Close Heater Door")	static bool bDoorDelay = false;                                             //Ztex 2024.08.24 Add Show Message HeaterDoorIsOpen	
MEDIUM	csystem.cpp	14374	14376	1	G7		GATE G7 -- golden :16655.  fMain has no bStartKeyPressCheck member on the port facade and forms/fMain.h is outside this agent's boundary.  Default: skip this ONE assignment; the rest of case 6 is ACTIVE.  DELTA: none rea	fMain->bStartKeyPressCheck=true;                                    //Steven 20110309 : for 安全門未關按Start時IndexArm會先動作	
MEDIUM	csystem.cpp	14468	14476	7	G8		GATE G8 -- golden :19130-19133.  The port's TfiosetviewShim (atester_shims.h:404) carries only bIndexSuck[][][]; there is no fShow.  Default: fall through, i.e. the IO-Setting-View page is treated as NOT shown, which is 	if(fiosetview->fShow)                                                       //Steven 20090920 : For IO Testing	
MEDIUM	csystem.cpp	15452	15454	1	G01a		GATE G01a -- golden csystem.cpp:3577 VERBATIM below; see note above	fCleaning->btnResetCleanCountClick(fCleaning);	
MEDIUM	csystem.cpp	15467	15469	1	G01b		GATE G01b -- golden csystem.cpp:3586 VERBATIM below; see note above	fCleaning->btnResetCleanCountClick(fCleaning);	
MEDIUM	csystem.cpp	15703	15715	11			Steven 20260925：golden 912 csystem.cpp:3931-3940 原文（KYEC BU5，客戶專屬，先跳過；理由見上）	if(CUSTOMER_CODE==CC_KYEC_LEE && USE_BU5_Function==true)    //Eastsun 20260710整合	
MEDIUM	csystem.cpp	15897	15900	2	G02		GATE G02 -- golden csystem.cpp:3969-3970 VERBATIM below; see note above	if(fTemperFrom->TempRunShowAlarmHigh())                                 //kevin 20210112 add  有過溫 起動吹氣功能 高溫降 常溫需搭配 鼓風機 2台 K 21	
MEDIUM	csystem.cpp	16124	16127	2	G30		GATE G30 -- golden csystem.cpp:4127-4128 VERBATIM below; see note above	fMain->SitePanel->Visible=false;	
MEDIUM	csystem.cpp	16480	16483	2	G09		GATE G09 -- golden csystem.cpp:4354-4355 VERBATIM below; see note above	HSys.BinDisCtrl-> bFirstInit=true;	
MEDIUM	csystem.cpp	16535	16537	1	G11		GATE G11 -- golden csystem.cpp:4394 VERBATIM below; see note above	RecordSafeDoorStates();                                                     //Steven 20100116	
MEDIUM	csystem.cpp	16719	16729	9	G17		GATE G17 -- golden csystem.cpp:4536-4544 VERBATIM below; see note above	if(bIndexCheck1 && fiosetview->ProcessIndexSuckDestroy1())	
MEDIUM	csystem.cpp	16739	16746	6	G18		GATE G18 -- golden csystem.cpp:4547-4552 VERBATIM below; see note above	if(IniConfig.bC11UseMonitorView)                                        //JerryYang 20160621 錄影監視功能	
MEDIUM	csystem.cpp	16943	16949	5	G24a		GATE G24a -- golden csystem.cpp:4694-4698 VERBATIM below; see note above	if(ATC_InterfaceForm->iATC_MODE_TYPE==ATC_TYPE_60)      //JerryYang 20260611 : ATC 6.0不檢查	
MEDIUM	csystem.cpp	16959	16961	1	G24b		GATE G24b -- golden csystem.cpp:4706 VERBATIM below; see note above	}	
MEDIUM	csystem.cpp	16989	17005	15	G25a		GATE G25a -- golden csystem.cpp:4720-4734 VERBATIM below; see note above	ATCInterfaceForm->bIsWaterLeakage=true;                             //Steven 20210325 : 漏水檢知	
MEDIUM	csystem.cpp	17027	17032	4	G25b		GATE G25b -- golden csystem.cpp:4753-4756 VERBATIM below; see note above	else	
MEDIUM	csystem.cpp	17139	17147	7	G33		GATE G33 -- golden csystem.cpp:4856-4862 VERBATIM below; see note above	int iAllArmZHomeTask=1;	
MEDIUM	csystem.cpp	17223	17225	1	G35		GATE G35 -- golden csystem.cpp:4931 VERBATIM below; see note above	bBackArmZHomeFlag       =true;	
MEDIUM	csystem.cpp	17289	17292	2	G27a		GATE G27a -- golden csystem.cpp:4988-4989 VERBATIM below; see note above	fMain->bShowInOutAlarm=true;	
MEDIUM	csystem.cpp	17301	17304	2	G27b		GATE G27b -- golden csystem.cpp:4996-4997 VERBATIM below; see note above	fMain->bShowInOutAlarm=true;	
MEDIUM	csystem.cpp	17314	17317	2	G27c		GATE G27c -- golden csystem.cpp:5004-5005 VERBATIM below; see note above	fMain->bShowInOutAlarm=true;	
MEDIUM	csystem.cpp	17568	17594	25	G28		GATE G28 -- golden csystem.cpp:5249-5273 VERBATIM below; see note above	if(bInArmPitchNeedHome)                                             //Ztex 2024.02.23 Add Pitch Y Home After Move Pos Error	
MEDIUM	csystem.cpp	17919	17921	1	G32		GATE G32 -- golden csystem.cpp:5595 VERBATIM below; see note above	fMain->bShowInOutAlarm=false;	
MEDIUM	csystem.cpp	18257	18262	4	G01		GATE G01 -- golden csystem.cpp:210-211 (text below is golden VERBATIM)	if(bflag2==false)	
MEDIUM	csystem.cpp	18883	18888	4	G02		GATE G02 -- golden csystem.cpp:808-809 (text below is golden VERBATIM)	if(HasAreaOverAmbientTemp_DUT(dTemp))                               //2013-01-15    Dell tcSocket由HasAreaOverAmbientTemp_DUT()去判斷	
MEDIUM	csystem.cpp	19220	19242	21	G-ATC-A		GATE G-ATC-A -- golden csystem.cpp:1111-1129 (text below is golden VERBATIM)	AnsiString sMessage;	
MEDIUM	csystem.cpp	19293	19297	3	G04		GATE G04 -- golden csystem.cpp:1158-1158 (text below is golden VERBATIM)	DoSwCoolingFan(HasAreaOverAmbientTemp());                   //20111130  Dell	
MEDIUM	csystem.cpp	19328	19337	8	G05		GATE G05 -- golden csystem.cpp:1174-1179 (text below is golden VERBATIM)	if(IniConfig.bPowerSaveFunction==true &&	
MEDIUM	csystem.cpp	19370	19400	29	G06		GATE G06 -- golden csystem.cpp:1183-1209 (text below is golden VERBATIM)	if(ATC_SYSTEM==eATCHonPrecType)                                         //Steven 20190523 : Add ATC off with power saving	
MEDIUM	csystem.cpp	19416	19420	3	G07		GATE G07 -- golden csystem.cpp:1217-1217 (text below is golden VERBATIM)	DoSwCoolingFan(HasAreaOverAmbientTemp());                               //20111130  Dell	
MEDIUM	csystem.cpp	19450	19454	3	G08		GATE G08 -- golden csystem.cpp:1241-1241 (text below is golden VERBATIM)	DoSwCoolingFan(HasAreaOverAmbientTemp());                               //20111130  Dell	
MEDIUM	csystem.cpp	19476	19481	4	G08b		GATE G08b -- golden csystem.cpp:1243-1244 (text below is golden VERBATIM)	if(fContact->fShow && iContactMode==CONTACT_MANUAL_GET_HEIGHT)          //Steven 20100223 手K時,跳過	
MEDIUM	csystem.cpp	19494	19499	4	G09		GATE G09 -- golden csystem.cpp:1246-1247 (text below is golden VERBATIM)	if(IniConfig.bIOFormCanControlHeaterFan && fiosetview->fShow==true)     //Steven 20120622 : 開IO畫面要可以控制風扇	
MEDIUM	csystem.cpp	19512	19516	3	G10		GATE G10 -- golden csystem.cpp:1251-1251 (text below is golden VERBATIM)	if(fiosetview->fShow==false)	
MEDIUM	csystem.cpp	19541	19548	6	G11		GATE G11 -- golden csystem.cpp:1266-1269 (text below is golden VERBATIM)	if(Sen[SnFMotorDown].IsOn()==true)                              //Steven 20110725 : 開門不要關風扇	
MEDIUM	csystem.cpp	19646	19650	3	G12b		GATE G12b -- golden csystem.cpp:1337 (text below is golden VERBATIM)	DoSwCoolingFan(HasAreaOverAmbientTemp());                       //20111130  Dell	
MEDIUM	csystem.cpp	19748	19752	3	G13c		GATE G13c -- golden csystem.cpp:1405-1405 (text below is golden VERBATIM)	fMain->spbChamberFan->Caption="Chamber FAN ON";	
MEDIUM	csystem.cpp	19845	19850	4	G-ATC-B		GATE G-ATC-B -- golden csystem.cpp:1442-1443 (text below is golden VERBATIM)	if(bServoOff==false)                                                    //Eliot 2015_0122	
MEDIUM	csystem.cpp	19908	19912	3	G-ATC-C		GATE G-ATC-C -- golden csystem.cpp:1470-1470 (text below is golden VERBATIM)	ATCInterfaceForm->SendCommToATC7(ATC_EMG_UP,"","");                     //Eliot 2015_0122	
MEDIUM	csystem.cpp	20368	20372	3	G18		GATE G18 -- golden csystem.cpp:2017-2017 (text below is golden VERBATIM)	MOT[MMTrayY].SetTraySingleData(iRecordTrayPickPosX[i][j], iRecordTrayPickPosY[i][j], HAS_IC);	
MEDIUM	csystem.cpp	20429	20433	3	G19		GATE G19 -- golden csystem.cpp:2063-2063 (text below is golden VERBATIM)	MOT[MMTrayY].SetTrayBufferSingleData(iRecordTrayPickPosX[i][j], iRecordTrayPickPosY[i][j], HAS_SKIP_IC);                                //Je	
MEDIUM	csystem.cpp	20726	20730	3	G20		GATE G20 -- golden csystem.cpp:2340-2340 (text below is golden VERBATIM)	fMain->SPIL_ResetForIndexDrop();	
MEDIUM	csystem.cpp	20892	20898	5	G21		GATE G21 -- golden csystem.cpp:2481-2482 (text below is golden VERBATIM)	str1.sprintf("Index check socket vascuum sensor on @ %s (%d, %d)", Ptr.Suck[iR][iC].SuckerName, iR+1, iC+1);	
MEDIUM	csystem.cpp	21182	21191	8	G24		GATE G24 -- golden csystem.cpp:2683-2688 (text below is golden VERBATIM)	if(IsMultiEPPressureRouteActive()==true)	
MEDIUM	csystem.cpp	21243	21251	7	G-ATK		GATE G-ATK -- golden csystem.cpp:2721-2725 (text below is golden VERBATIM)	if(CUSTOMER_CODE==CC_AMKOR_Korea &&                                     //Steven 20251224 : for ATK Light Curtain	
MEDIUM	csystem.cpp	21437	21442	4	G25		GATE G25 -- golden csystem.cpp:2874-2875 (text below is golden VERBATIM)	sTime.sprintf("%04d-%02d-%02d-%02d", SystemYear, SystemMonth, SystemDate, SystemHour);	
MEDIUM	csystem.cpp	21549	21558	8	G26		GATE G26 -- golden csystem.cpp:2966-2971 (text below is golden VERBATIM)	if(EmptySocketCheckModeBeUse() &&                                           //Steven 20201022 : For RFMD Empty Socket Check Funstion.	
MEDIUM	csystem.cpp	21582	21629	46	G27		GATE G27 -- golden csystem.cpp:2973-3016 (text below is golden VERBATIM)	if(IniConfig.bC11UseMonitorView)                                            //JerryYang 20160621 移植錄影功能,UseMonitorVideoFunction start	
MEDIUM	csystem.cpp	21652	21657	4	G28a		GATE G28a -- golden csystem.cpp:3028-3029 (text below is golden VERBATIM)	sTime.sprintf("%04d-%02d-%02d-%02d", SystemYear, SystemMonth, SystemDate, SystemHour);	
MEDIUM	csystem.cpp	21671	21676	4	G28b		GATE G28b -- golden csystem.cpp:3036-3037 (text below is golden VERBATIM)	sTime.sprintf("%04d-%02d-%02d-%02d", SystemYear, SystemMonth, SystemDate, SystemHour);	
MEDIUM	csystem.cpp	24130	24134	3	H1-01		GATE H1-01 -- golden csystem.cpp:19762-19762 (text below is golden VERBATIM)	fProductionInfo->CalculateOEEPlanOut();	
MEDIUM	csystem.cpp	24194	24198	3	H1-03		GATE H1-03 -- golden csystem.cpp:19801-19801 (text below is golden VERBATIM)	fMain->StatusBar1->Panels->Items[0]->Text=AStr;	
MEDIUM	csystem.cpp	24227	24234	6	H1-05		GATE H1-05 -- golden csystem.cpp:19810-19813 (text below is golden VERBATIM)	if(Item==0)	
MEDIUM	csystem.cpp	24658	24662	3	H1-06		GATE H1-06 -- golden csystem.cpp:20213-20213 (text below is golden VERBATIM)	fMain->AutoSiteMappignCleanOut(false);	
MEDIUM	csystem.cpp	24791	24798	6	H1-07		GATE H1-07 -- golden csystem.cpp:20437-20440 (text below is golden VERBATIM)	if(fiosetview->fShow==true)                                                 //Steven 20110922 : 移到最上面	
MEDIUM	csystem.cpp	24816	24824	7	H1-08		GATE H1-08 -- golden csystem.cpp:20442-20446 (text below is golden VERBATIM)	if(fConfiguration->fShow==true &&fConfiguration->chkHeater->Checked==true &&	
MEDIUM	csystem.cpp	24842	24846	3	H1-09a		GATE H1-09a -- golden csystem.cpp:20453-20453 (text below is golden VERBATIM)	fAirCon->PowerUp(5.0);                                              //Steven 20131011 : 冷氣機	
MEDIUM	csystem.cpp	24863	24867	3	H1-09b		GATE H1-09b -- golden csystem.cpp:20462-20462 (text below is golden VERBATIM)	fAirCon->PowerDown();                                           //Steven 20131011 : 冷氣機	
MEDIUM	csystem.cpp	24931	24935	3	H1-09c		GATE H1-09c -- golden csystem.cpp:20520-20520 (text below is golden VERBATIM)	fAirCon->PowerUp(5.5);                                  //Steven 20131011 : 冷氣機	
MEDIUM	csystem.cpp	24947	24951	3	H1-09d		GATE H1-09d -- golden csystem.cpp:20526-20526 (text below is golden VERBATIM)	fAirCon->PowerUp(0.5);                                  //Steven 20131011 : 冷氣機	
MEDIUM	csystem.cpp	24969	24973	3	H1-09e		GATE H1-09e -- golden csystem.cpp:20536-20536 (text below is golden VERBATIM)	fAirCon->PowerUp(5.5);                                  //Steven 20131011 : 冷氣機	
MEDIUM	csystem.cpp	24985	24989	3	H1-09f		GATE H1-09f -- golden csystem.cpp:20542-20542 (text below is golden VERBATIM)	fAirCon->PowerUp(0.5);                                  //Steven 20131011 : 冷氣機	
MEDIUM	csystem.cpp	25293	25335	41	H5-G1		GATE H5-G1 -- golden csystem.cpp:24649-24689 (text below is golden VERBATIM)	void bScanLoadPortState_Analog(int iPos)	
MEDIUM	csystem.cpp	25347	25389	41	H5-G2		GATE H5-G2 -- golden csystem.cpp:24691-24731 (text below is golden VERBATIM)	void bScanUnLoadPortState_Analog(int iPos)                                             //JerryYang 20250521 : For AMR	
MEDIUM	csystem.cpp	25413	25475	61	H5-G3		GATE H5-G3 -- golden csystem.cpp:24733-24793 (text below is golden VERBATIM)	void bScanFixPortState_Analog(int iPos)                                                //JerryYang 20250521 : For AMR	
MEDIUM	csystem.cpp	26816	26821	4	H3-1		GATE H3-1 -- golden csystem.cpp:22248-22251 VERBATIM below; see note above	if((Temperature.bBoostFuncttion || Temperature.bLBTempFunction) && bUnderTest==false)	
MEDIUM	csystem.cpp	26856	26858	1	H3-2		GATE H3-2 -- golden csystem.cpp:22280 VERBATIM below; see note above	fTemp_Set->edtCurrTemp->Text=FormatFloat("0.00", dBoostOffset);	
MEDIUM	csystem.cpp	26884	26887	2	H3-3		GATE H3-3 -- golden csystem.cpp:22297-22298 VERBATIM below; see note above	if(fContact->fShow)	
MEDIUM	csystem.cpp	26903	26905	1	H3-4		GATE H3-4 -- golden csystem.cpp:22310 VERBATIM below; see note above	fTemp_Set->edtCurrTemp->Text=FormatFloat("0.00", dBoostOffset);	
MEDIUM	csystem.cpp	26975	26977	1	H3-5		GATE H3-5 -- golden csystem.cpp:22363 VERBATIM below; see note above	ATC_InterfaceForm->SetOffset(iATC_Use_Heat_Count, dbATC_Offset);        //Ifor 20160523 送出ATC 對應 Heat Offset 資料 for DoBoostFunctionStepCooli	
MEDIUM	csystem.cpp	27257	27287	29	H3-6		GATE H3-6 -- golden csystem.cpp:22554-22582 VERBATIM below; see note above	fSetup->DoIniDataToForm();	
MEDIUM	csystem.cpp	27405	27408	2	H3-7		GATE H3-7 -- golden csystem.cpp:22664-22665 VERBATIM below; see note above	NowTemperature=FormHS->GetTempUseName(0);                           //Ifor 20160303 依據溫控器開啟狀況變更Log顯示名稱	
MEDIUM	csystem.cpp	27426	27429	2	H3-8		GATE H3-8 -- golden csystem.cpp:22675-22676 VERBATIM below; see note above	NowTemperature=FormHS->GetTempUseName(0);                           //Ifor 20160303 依據溫控器開啟狀況變更Log顯示名稱	
MEDIUM	csystem.cpp	27479	27481	1	H3-9		GATE H3-9 -- golden csystem.cpp:22713 VERBATIM below; see note above	NowTemperature=NowTemperature+FormHS->GetTempUseNamevalue(0);           //kevin 20191211  //Ifor 20160303 依據溫控器開啟狀況變更Log 顯示數值	
MEDIUM	csystem.cpp	27645	27673	27	H3-10		GATE H3-10 -- golden csystem.cpp:22864-22890 VERBATIM below; see note above	if(ATC_SYSTEM==eATCHonPrecType)                                         //Ifor 20151119 新增海思ATC2.0 溫度Log	
MEDIUM	csystem.cpp	27702	27704	1	H3-12		GATE H3-12 -- golden csystem.cpp:22905 VERBATIM below; see note above	fProductionInfo->FTP_OEEFile_Upload(FilePath, IniConfig.asN14_12_ULTempLogPath, FileName);	
MEDIUM	csystem.cpp	29222	29231	8	h4-G2		GATE h4-G2 -- golden csystem.cpp:23879-23883 (text below is golden VERBATIM)	if(MoveInArm2XYToDecayTeach())	
MEDIUM	csystem.cpp	29640	29765	124	h4-G3		GATE h4-G3 -- golden csystem.cpp:24271-24390 (text below is golden VERBATIM)	if(i2DMAPCHKSTEP<fContact->eCOMPLETE)                                   //Steven 20220811 : 紀錄目前是哪個Shuttle	
MEDIUM	csystem.cpp	30250	30252	1			golden 每一拍呼叫，OFF_LINE 模式時強制切回 ON_LINE。閘掉的後果：OFF_LINE 不會被自動切回。 / ⓘ golden CheckON_LINE（main.cpp:30808）只在 IniConfig.bI40_bStartProductOnLine 開著時作用（禁止 OP 等級用 OFF_LINE 生產）， / 而且它要呼叫的 ChangeTesterConnect 在本檔也是空巨集（T6 獨立審查 i7）。	fMain->CheckON_LINE();                                                  //kevin 20140407 off line 模式強制 ON_LINE	
MEDIUM	csystem.cpp	30329	30331	1	W906-T6-NOWSTATUS		SAFETY-GATE(W906-T6-NOWSTATUS) golden :16821 —— 缺相依：TfMain::ShowNowStatus()（facade 無此成員； / INBOX MSTATE-P2 的範圍）＋ VCL 顏色常數 clBlack。純顯示，下一行的 SoftStop=true 照跑。	fMain->ShowNowStatus(clBlack, "LOCK");	
MEDIUM	csystem.cpp	30409	30411	1	W906-T6-E84SHOW		SAFETY-GATE(W906-T6-E84SHOW) golden :16883 —— 純顯示：TfAGV::ShowE84Sensor（golden AGV.cpp:35-76，ALed1..36） / 沒有翻（AGV_PortScan.h:110 列為 deferred）；UI 在瀏覽器，這一句不承載狀態。	fAGV->ShowE84Sensor();	
MEDIUM	csystem.cpp	30416	30419	2	W906-T6-IOVIEW		SAFETY-GATE(W906-T6-IOVIEW) golden :16887 —— 同上（IO 監看畫面開著時 golden 整拍略過）。閘掉 = 視為沒開，照常往下跑。	if(fiosetview->fShow)	
MEDIUM	csystem.cpp	30535	30582	46			後果：開了 Socket 通訊的機台（ASE_KR），與 Socket Tester 的開線／狀態回報／BinMap 回報不會發生。 / ⚠ 被閘的內容裡有 5 個讓 MainProc 整拍提早 return 的點（開線失敗、Stop Form Server、OneCycle Form Server、 / InitialzedHandler 失敗、BinMapReport 失敗）—— golden 在這些情況會擋住、不運轉，閘掉後不會擋	if(IniConfig.bEnableSocketCommunication)                                    //ChungHung 20130112 add for ASE_KR Socket Tester	
MEDIUM	csystem.cpp	30690	30694	3	W906-T6-AUTOTEACH		SAFETY-GATE(W906-T6-AUTOTEACH) golden :17126-17128 —— 缺相依：fAutoTeach（TfAutoTeach，golden AutoTeach/AutoTeach.cpp:31）沒有移植。 / 只在 bManualSteplAutoTeach 且 bA56EnableAutoTeachFunciton 時走到。後果：手動步進的 Auto Teach 流程不跑。	if(CosFunction.bManualSteplAutoTeach &&	
MEDIUM	csystem.cpp	30815	30821	5			後果：HiSilicon 版不會檢查工作檔是否在 ATC 名單內（WAR15322 不會跳）。 / ⓘ forms/fHS.h:708 的 TFormHS 有宣告 CheckSetupNamelist_Hisi，但它本身是 GATE（Cat B：清單檔不存在時會 WriteDataToFile）， / 而且 TFormHS 沒有全域實例（見 SCCRTM 那格的說明）。	if(bNeedCheckSetupNameList &&                                       //Ifor 20160310 add for Hisi Setup name check start	
MEDIUM	csystem.cpp	30870	30875	4	W906-T6-HISINAME		SAFETY-GATE(W906-T6-HISINAME) 同上（golden :17287-17290）。	if(bNeedCheckSetupNameList && FormHS->CheckSetupNamelist_Hisi()==false)	
MEDIUM	csystem.cpp	30887	30944	56			以及 TMyMessageBoxShim::BringToFront。只在出貨組態（沒有 SOFT_SIMULTE）且 CosFunction.bOEEFunction（超豐 OEE）時走到。 / 後果：超豐 N14_14「警報控制機台」在 START 時不會檢查 Start 旗標而擋下；OEE 檔不會在啟動時存檔更新； / N14_1 的「Please End Lot!」不會跳。這一格在模擬組態本來就不編（golden 自己的 #if	if(CosFunction.bOEEFunction && fAutoTeach->IsRun()==false)              //JimmyChiu 20211020 : Auto alignment mode //Steven 20180417 (Jou) :	
MEDIUM	csystem.cpp	30952	30960	7			OmronLaser/LaserSensor.h 各定義一份 class TTimer（ATCInterface.h:189 / LaserSensor.h:174），同一個 TU 放不下； / 本體四句全是 ATCInterfaceForm->ATC_60_SYS.ReSendCommand，整個 if 一起閘。 / 後果：ATC3.0／eATC30 在 iNeedRecord==2 時不會重送 SETTEMP／USESITE／SET	if((ATC_SYSTEM==eATC60 || ATC_SYSTEM==eATC30) && iNeedRecord==2)        //20141204 ChungHung add for ATC3.0   //20141204 ChungHung add for A	
MEDIUM	csystem.cpp	31285	31287	1	W906-HOME-W1-CONTACTFN		GATE (W906-HOME-W1-CONTACTFN): 缺相依，見上面的就地註解	fContact->DoTestContactFunction();	
MEDIUM	csystem.cpp	31304	31306	1	W906-HOME-W1-CONTACTMODE		GATE (W906-HOME-W1-CONTACTMODE): 缺相依，見上面的就地註解	fContact->rbModeNormal->Checked=true;	
MEDIUM	csystem.cpp	31331	31361	29	W906-HOME-W1-RTCBLOCK		GATE (W906-HOME-W1-RTCBLOCK): 缺相依，見上面的就地註解	if(SystemStart)	
MEDIUM	csystem.cpp	31380	31382	1	W906-HOME-W1-AUTOTEACHPOS		GATE (W906-HOME-W1-AUTOTEACHPOS): 缺相依，見上面的就地註解	Zteach->AutoTeachPos();	
MEDIUM	csystem.cpp	31416	31420	3	W906-HOME-W1-AUTOALIGN		GATE (W906-HOME-W1-AUTOALIGN): 缺相依，見上面的就地註解	fAutoAlignment->DoAutoAlignment();	
MEDIUM	csystem.cpp	31468	31470	1	W906-HOME-W1-SHUTTLEMOVE		GATE (W906-HOME-W1-SHUTTLEMOVE): 缺相依，見上面的就地註解	fShuttleMove->DoShuttleMove();	
MEDIUM	csystem.cpp	31575	31578	2	W906-HOME-W1-SPEEDCLOSE		GATE (W906-HOME-W1-SPEEDCLOSE): 缺相依，見上面的就地註解	if(fSpeed->fShow)	
MEDIUM	csystem.cpp	31744	31749	4	W906-T6-SOCKETKR		SAFETY-GATE(W906-T6-SOCKETKR) golden :18028-18031 —— 同上面的 SOCKETKR：fSocketCommunication（ASE_KR Socket Tester 模組）沒有移植。	if(IniConfig.bEnableSocketCommunication)                            //ChungHung 20130112 add for ASE_KR Socket Tester	
MEDIUM	csystem.cpp	31754	31761	6	W906-T6-ROTZERO		SAFETY-GATE(W906-T6-ROTZERO) golden :18033-18038 —— 缺相依：FrmRotate->bIsAngleZero（Eastsun 20260515 F022 新增，forms/fRotate.h 的 TFrmRotate 沒有這個成員， / 全樹也沒有寫它的地方）。條件的一環缺了，整個 if 一起閘，不替 golden 選路。 / 後果：開了旋轉站（tRotate.ActiveRotate）	if(FrmRotate->bIsAngleZero && tRotate.ActiveRotate)                 //Eastsun 20260515 F022: D12 detect rotate 0 angle	
MEDIUM	csystem.cpp	32201	32334	132			SendCommToVision / RTC_ROICount / OpenRTCComPortAgain。與本函式前段的 W906-HOME-W1-RTCBLOCK 同一個缺口，缺的是整組介面， / 部分閘做不到。只在 REAL_TIME_CCD（Gerneral.ini 裝了即時 CCD）且非 CCD Dummy Run 時走到。 / 後果：按 START 後不做 RTC 的 Model Verify／ROI Check／ROI C	if(REAL_TIME_CCD==true && !COM2->bCCDDummyRum)	
MEDIUM	csystem.cpp	32426	32432	5	W906-T6-SOCKETKR		SAFETY-GATE(W906-T6-SOCKETKR) golden :18688-18692 —— 同上：fSocketCommunication 沒有移植。後果：不等 Socket Tester 初始化完成就往下走。	if(IniConfig.bEnableSocketCommunication)                        //ChungHung 20130112 add for ASE_KR Socket Tester	
MEDIUM	csystem.cpp	32510	32514	3	W906-T6-ALED		SAFETY-GATE(W906-T6-ALED) golden :18762-18764 —— 純顯示：fLotInfo 的 ALed1-3 指示燈顏色。forms/fLotInfo.h 的鏡像沒有這三個元件， / clLime/clSilver 在本 TU 也沒有定義。UI 在瀏覽器（20260812 定案），這三句不承載任何狀態。	fLotInfo->ALed3->FalseColor=clLime;                                     //Steven 20110922	
MEDIUM	csystem.cpp	32519	32526	6	W906-T6-TEMPTAJOFS		SAFETY-GATE(W906-T6-TEMPTAJOFS) golden :18766-18771 —— 缺相依：fProductionInfo->dTempTajOfs（forms/fProductionInfo.h 的鏡像沒有這個成員； / bthermo.cpp 的 G02 是同一個缺口）。條件的一環缺了，整個 if 一起閘。 / 後果：超豐 N14_18 溫度偏移開著時，fMain->StringGrid2 第 7 欄第 2	if(IniConfig.bN14_18_EnableTempOffset &&	
MEDIUM	csystem.cpp	32557	32572	14	W906-T6-HPTORQUE		SAFETY-GATE(W906-T6-HPTORQUE) golden :18795-18808 —— 同上：缺 iReadTorque_HPCardTask / StopReadTorque_HPCard。只閘兩句的話， / iStopLogTorque 會停在 -1 而觸發「!=1 就歸零」的分支，那是 golden 沒有的流程；整個 if 一起閘。後果：停機時不送停止讀扭力。	if(TorqueUseHPComCard)                                                  //Steven 20210524 : 連續讀取扭力	
MEDIUM	csystem.cpp	32637	32643	5	W906-T6-OCREND		SAFETY-GATE(W906-T6-OCREND) golden :18865-18869 —— 缺相依：fOCR 鏡像沒有 bSendOcrSendStart（條件的一環）與 DoOCRReleaseAndInspEnd / （OCRInsp.cpp:345 那個同名的是另一個類別的空殼，不是 TfOCR 的）。整個 if 一起閘。 / 後果：停機時不會送 OCR Release／InspEnd。	if(fOCR->bOcr_ReceiveOK[fOCR->ocrEnd]==false &&                         //ChungHung 20120830 add OCR Function add	
MEDIUM	csystem.cpp	32649	32653	3	W906-T6-ALED		SAFETY-GATE(W906-T6-ALED) golden :18874-18876 —— 同上 ALED：純顯示。	fLotInfo->ALed3->FalseColor=clSilver;                                   //Steven 20110922	
MEDIUM	csystem.cpp	32770	32779	8	W906-T6-SOCKETKR		SAFETY-GATE(W906-T6-SOCKETKR) golden :18974-18981 —— 同上：fSocketCommunication 沒有移植。後果：停機時不向 Socket Tester 回報 Handler 狀態 0／IDLE。	if(IniConfig.bEnableSocketCommunication)                                //ChungHung 20130112 add for ASE_KR Socket Tester	
MEDIUM	csystem.cpp	33171	33173	1	W906-FLOW-1		GATE(W906-FLOW-1): golden :9380 -- the port TfLotInfo facade (forms/fLotInfo.h) has no edLoadingCnt widget; display-only write (LastSet.iLoaderTrayCount_ART itself is set live on the line above)	fLotInfo->edLoadingCnt->Text=LastSet.iLoaderTrayCount_ART;	
MEDIUM	csystem.cpp	33205	33207	1	W906-FLOW-1		GATE(W906-FLOW-1): golden :9412 -- port TfYieldMonitoring (forms/fYieldMonitoring.h) has no btnApplyClick (golden uYieldMonitoring.cpp:3064: DoFormToData + CheckSettingNo + SaveSetupFile(recipe) + ASE re-read); not defin	fYieldMonitoring->btnApplyClick(fYieldMonitoring);	
MEDIUM	csystem.cpp	33222	33248	25	W906-FLOW-1		GATE(W906-FLOW-1): golden :9427-9451 -- every operand of both Str= lines is a TfLotInfo widget the port facade does not have (LART_*/eART_*/Label22-30/edInputAmount/edLoadingCnt/edAuto1-3Cnt/edARTMaxLimit/edCurrARTCnt/ed	if(bART_needRT2==false)                                             //kevin 20150717	
MEDIUM	csystem.cpp	33317	33323	5	W906-FLOW-1		GATE(W906-FLOW-1): golden :9518-9522 -- DoMagazineInitCheck (golden Magazine.cpp:3427-3539) is not translated (port Magazine.cpp has only TfMagazine::ReadFile) and is NOT DEFINED in any build lib.  Whole arm, not just th	if(AUTO3_IS_MAGAZINE==1 && bInitCheckMag)                                   //JerryYang 20220909 : add magazine	
MEDIUM	csystem.cpp	33331	33337	5	W906-FLOW-1		GATE(W906-FLOW-1): golden :9530-9534 -- the port DoTestHeadMotorLoadCell is an EMPTY stub (atester.cpp:11317-11321, `#if 0 // TODO(W7)`; the golden text sits inert at atester.cpp:11014-11315).  Whole arm, not just the ca	if(bLoadCellTest)                                                           //kevin 20190305 add one cycle run arm 1 arm 2 load cell test	
MEDIUM	csystem.cpp	33339	33344	4	W906-FLOW-1		GATE(W906-FLOW-1): golden :9536-9539 -- in this TU FormHS is SCK_ART_Remainder.h:629 `W5SckArtRem_FormHSStub *FormHS` (gate #17 stand-in, UpDataToServerByFTP only).  TFormHS::CheckATCTempWait IS translated (forms/fHS.cpp	if(FormHS->CheckATCTempWait()==true)                                        //==> Eastsun 20260526 #026-1.45 Ifor 20230608 add:KYEC 要求新增ATC 	
MEDIUM	csystem.cpp	33382	33388	5	W906-FLOW-1		GATE(W906-FLOW-1): golden :9577-9581 -- TfContactShim (atester_shims.h) has no Do2DIDMapCheck and it is NOT DEFINED in any build lib (golden cContact.cpp:20380).  Whole else-if arm: Do2DIDMapCheck is the only writer of b	else if(fContact->IsRun2DCheck())                                           //JerryYang 20250220 : 2DID硬體順序檢查功能	
MEDIUM	csystem.cpp	33527	33529	1	W906-FLOW-1		GATE(W906-FLOW-1): golden :9720 -- port TfOCR facade (forms/fOCR.h:86) has no ReadOCRImage (OCR image I/O, golden OCR.cpp)	fOCR->ReadOCRImage();                                       //wei 20161122 OCR 存圖檔名加入輸入值 mark	
MEDIUM	csystem.cpp	33569	33571	1	W906-FLOW-1		GATE(W906-FLOW-1): golden :9760 -- ShowMyInput1 (golden InputForm.cpp:82, InputForm.h:34) has no port counterpart and is NOT DEFINED in any build lib; Buffer stays "" (same as the operator confirming an empty entry: none	Buffer = ShowMyInput1("Please keyin BarCode " , "Please Keyin BarCode Number : ");	
MEDIUM	csystem.cpp	33604	33608	3	W906-FLOW-1		GATE(W906-FLOW-1): golden :9793-9795 -- TfOCR facade has no SaveOCRImage; TfLotInfo facade has no Memo2/Memo3 (OCR log memos)	fOCR->SaveOCRImage();                                   //wei 20161122 必免OCR錯誤時輸入小寫會有問題	
MEDIUM	csystem.cpp	33611	33613	1	W906-FLOW-1		GATE(W906-FLOW-1): golden :9798 -- TfOCR facade has no DeleteOCRImage	fOCR->DeleteOCRImage();                                 //wei 20161122 必免OCR錯誤時輸入小寫會有問題	
MEDIUM	csystem.cpp	33630	33632	1	W906-FLOW-1		GATE(W906-FLOW-1): golden :9815 -- ShowMyInput1 has no port counterpart (see golden :9760 gate above); Buffer stays ""	Buffer = ShowMyInput1("Please keyin BarCode " , "Please Keyin BarCode Number : ");	
MEDIUM	csystem.cpp	33658	33662	3	W906-FLOW-1		GATE(W906-FLOW-1): golden :9841-9843 -- TfOCR facade has no SaveOCRImage; TfLotInfo facade has no Memo2/Memo3	fOCR->SaveOCRImage();                                   //wei 20161122 必免OCR錯誤時輸入小寫會有問題	
MEDIUM	csystem.cpp	33664	33666	1	W906-FLOW-1		GATE(W906-FLOW-1): golden :9845 -- TfOCR facade has no DeleteOCRImage	fOCR->DeleteOCRImage();                                 //wei 20161122 必免OCR錯誤時輸入小寫會有問題	
MEDIUM	csystem.cpp	33687	33691	3	W906-FLOW-1		GATE(W906-FLOW-1): golden :9866-9868 -- TfLotInfo facade has no Memo2/Memo3/Save_BarCodeLog (only OCRInsp.cpp's TU-local W906OCR_TfLotInfoSeam has a Save_BarCodeLog)	fLotInfo->Memo2->Lines->Add(Buffer1.c_str());	
MEDIUM	csystem.cpp	33730	33735	4	W906-FLOW-1		GATE(W906-FLOW-1): golden :9907-9910 -- TfLotInfo facade has no Label36-Label39 (display only; the sgOCR grid writes below stay live)	fLotInfo->Label36->Caption= " Key In :" + AnsiString(iNewOCRCount[iOCRErrCount]);	
MEDIUM	csystem.cpp	33762	33764	1	W906-FLOW-1		GATE(W906-FLOW-1): golden :9937 -- TfOCR facade has no DoOCRReleaseAndInspEnd (the port elsewhere writes it as the no-op W7C1_FOCR_RELEASEINSPEND(), port :2775)	fOCR->DoOCRReleaseAndInspEnd();	
MEDIUM	csystem.cpp	33792	33794	1	W906-FLOW-1		GATE(W906-FLOW-1): golden :9965 -- TfOCR facade has no DoOCRReleaseAndInspEnd	fOCR->DoOCRReleaseAndInspEnd();	
MEDIUM	csystem.cpp	33831	33834	2	W906-FLOW-1		GATE(W906-FLOW-1): golden :10002-10003 -- TfMainHanaART (forms/fMain.h) has no IsContactAvailable (the real one is uHANA_ART::IsContactAvailable, HANA_ART.cpp, a different object).  Unreachable today: TfMainHanaART::IsHa	if(fMain->hanaART->IsContactAvailable()==false)	
MEDIUM	database.cpp	139	156	16			TODO(wave): SYSTEM_MODULAR ctor -- database.cpp:43-288	_fastcall SYSTEM_MODULAR::SYSTEM_MODULAR()	
MEDIUM	database.cpp	161	173	11			TODO(wave): SYSTEM_MODULAR dtor -- database.cpp:1731-1754	_fastcall SYSTEM_MODULAR::~SYSTEM_MODULAR()	
MEDIUM	database.cpp	564	567	2			TODO(GA1-B6): Application->MessageBox(...) interactive Yes/No prompt -- no TApplication/MB_YESNO/IDYES in vclcompat	if(Application->MessageBox("Machine Empty load and Color load is Auto?", NULL, MB_YESNO | MB_TOPMOST) != IDYES)	
MEDIUM	database.cpp	1205	1207	1			TODO(GA1-B6): MOTIONNET_SPEED default COMMSPEED_20M -- not yet in any ported header (Motor/mn200.h untranslated driver header)	MOTIONNET_SPEED         =CheckAndReadIniDataGeneral("System",       "MOTIONNET_SPEED",      COMMSPEED_20M);         //Steven 20181122: MNet 	
MEDIUM	database.cpp	1671	1676	4			TODO(wave-UI): InstallColorBinDisplay -- database.cpp:1684-1729	void SYSTEM_MODULAR::InstallColorBinDisplay(int iType)	
HIGH	Command.cpp	15074	15102	27	FW3-WF		golden 原文保留在下面，**一個字都沒改** —— 它是解閘之後唯一能對照 / 「總表算的是不是同一件事」的東西。⛔ 不要刪。 / GATE(FW3-WF) golden :7348-7360 -- see GATE REGISTER item 4 above.	if((fTeach->fShow || fMotorTest->fShow || fShuttleMove->fShow || fHome->fShow) ||	
HIGH	FileRW/MainRecord.cpp	227	235	7	W906-PROD-S113-G2		GATE(W906-PROD-S113-G2) ⑤ TfLotInfo::SaveBackEventLogInfo 沒翻（golden uLotInfo.cpp:10903，寫 HANDLER LOG_*.csv）；bEventLogAlarm 移植樹沒有人設 true（golden note.cpp:2367）	if(SystemStart && fAllMotorHome==true &&                                    //Steven 20181224 : For ASE-CL	
HIGH	Motor/myMN200motor.cpp	1255	1266	10	a		TfNote (forms/fNote.h) has no tvMNet member and this tree has no / TTreeView port anywhere.  See file banner GATE (a).  The real / customer-visible alarm below is NOT gated -- it fires exactly as golden.	fNote->tvMNet->Visible=true;	
HIGH	Motor/myMN200motor.cpp	1273	1275	1	b		TfiosetviewShim (atester_shims.h) has no tvMNet member either.  See file / banner GATE (b).  No-op: the arrays this would have displayed (myLine[], / MyLaneIO.iUseMNetIP[][]) are already written above regardless of this 	ShowMNetTree(fiosetview->tvMNet);                                   //Isaac 20181212 (Steven) : Baud Rate防呆功能，用四種鮑率去偵測模組	
HIGH	Motor/myMN200motor.cpp	2251	2255	3	d		default is provably identical anyway -- nothing in the port / ever writes ->Visible, so it is permanently false.  Full / account in the file banner, GATE (d).	if(MyMessageBox->Visible==false)//判斷錯誤訊息視窗是否已有顯示	
HIGH	Motor/myMN200motor.cpp	2449	2507	57				AnsiString Str, StrIP, StrType, StrBaudRate;	
HIGH	Motor/myMN200motor.cpp	2518	2530	11				if(Message!="")	
HIGH	Motor/mymotor.h	328	332	3			TODO(W7-UI): restore when HTray.h / VCL TCustomControl is available	TTMyTray *pHTray;	
HIGH	MyLaneIo.cpp	191	239	47			AI-W6C-GOLDEN-BEGIN SetUseIP MyLaneIo.cpp:55-101	void TLaneIO::SetUseIP(int Ring, int IP, int iISABase, AnsiString Alias, bool bOutPut)	
HIGH	PowerSavingMode.cpp	595	597	1	1		GATE (1): golden :89 -- fMain->pnlPowerSaving is not a member of forms/fMain.h's TfMain facade	fMain->pnlPowerSaving->Visible=false;	
HIGH	PowerSavingMode.cpp	602	604	1	1		GATE (1): golden :94 -- ditto	fMain->pnlPowerSaving->Visible=true;	
HIGH	PowerSavingMode.cpp	651	660	8	1		GATE (1): golden :141-142 -- fMain->pnlPowerSaving absent.  The guard is	if(tModule->iCountDown>OverDayAM)	
HIGH	PowerSavingMode.cpp	839	852	12	4		GATE (4): golden :321-327 -- `Active` (VCL TForm foreground property) is	bRe=fMain->Active;	
HIGH	PowerSavingMode.cpp	894	899	4	2		GATE (2): golden :369 -- forms/fHome.h:30-35 deliberately does not declare	fHome->GaliMotorServoOff("Motor enter power saving mode.");                 //Steven 20230712 : 修正SwServoOn.Off時, 要抓住Z煞車	
HIGH	PowerSavingMode.cpp	961	967	5	3		GATE (3): golden :431 -- ShowMyMessagePWD (golden mymessbox.h:52) has no	ShowMyMessagePWD("", "Enter power saving mode", NULL, true, false, true);	
HIGH	SECSGEM/uHGemHT9045.cpp	877	1043	165	REGISTER		GATE [G1], golden SECSGEM/uHGemHT9045.cpp:4397-4476. Full rationale and the / behaviour delta: see the GATE REGISTER at the top of this block. / ---------------------------------------------------------------------------	int HT9045Gem::S7F2_ProcessProgramLoadGrant()	
HIGH	SECSGEM/uHGemHT9045.cpp	4522	4736	213	G01		===== GATE G01 -- golden SECSGEM/uHGemHT9045.cpp:1194-1394 =====	else if(CUSTOMER_CODE==CC_AMKOR_Korea &&	
HIGH	VacuumUnit/VacuumUnit.cpp	632	683	50			AI-W6C-GOLDEN-BEGIN SetIOTableByECAT_VC8_Sucker VacuumUnit/VacuumUnit.cpp:431-480	void SetIOTableByECAT_VC8_Sucker()	
HIGH	aHotPlateSubstrate.cpp	79	929	849			AI(W906-A4-6) 20260924: 精簡鏡像的全域物件與 TMySucker／TMyKitSuck 方法本體退役 —— 真的定義在 mykitsuck.cpp（golden MyKitSuck.cpp 忠實翻譯，本顆起註冊進建置）	TMyKitSuck InArmSuck;	
HIGH	aHotPlateSubstrate.cpp	1291	1643	351			AI(W906-A4-6) 20260924: 精簡鏡像的 TMyKitSuck 方法與 CopyInitSuck 退役（mykitsuck.cpp 有 golden 版）。原註：FAITHFUL: small HAL-free row scan (golden MyKitSuck.cpp:881).	bool TMyKitSuck::ArmUpSideAllTypeIC(int IC_TYPE, int iOffset, int iCol)         //Steven 20220930	
HIGH	aHotPlateSubstrate.h	105	647	541			AI(W906-A4-6) 20260924: 精簡鏡像 TMySucker／TMyKitSuck 退役（缺 IO 接線欄位與 DoOnIO／DoOffIO／OffSuck…，真機上吸嘴不會真的開關真空）。移植樹獨有的觀測接縫與 SetType1ToType2ByPickCol 已搬進 mykitsuck.h。原註：---- TMySucker (golden MyKitSuck.h:14) -- only the touched su	class TMySucker	
HIGH	ainarm9045.cpp	1413	1417	3			TODO(W7) -- golden :7319 InArmSuck.Suck[iLoadPickX][iLoadPickY].Destroy()	bDestroyDone=InArmSuck.Suck[iLoadPickX][iLoadPickY].Destroy();	
HIGH	ainarm9045.cpp	3484	3486	1			PT-W7d RETIRED (InitialInArmNeedSuck): the real translated body now lives further down this file	bool InitialInArmNeedSuck(int, bool)                     { return false; }      // golden :3771	
HIGH	ainarm9045.cpp	7438	7443	4	k7-G2		GATE (k7-G2) -- golden ainarm9045.cpp:4856-4859 (LoadTrayCanUse8Suck absent; see banner)	else if(LoadTrayCanUse8Suck()==1 && TestIF.bSearchLastMode)                 //kevin 20171120 (wei) 判斷LOAD TRAY Y PITCH是否是 ARM Y PITCH可以一次8吸嘴	
HIGH	ainarm9045_2x8_32.cpp	91	7804	7712			TODO(W7): needs Prod.fInArmSuckUse_TwoArm32Site (absent from golden cprod.h by design); engine routes e9045_2x8_32 -> 2x8_8; dead variant	bool HasHotReadyIC_9045_2x8_32();	
HIGH	aoutarm.cpp	561	563	1			PT-W7e-part2 RETIRED (LoadTrayCanUse8Suck): real translated body now in ainarm2.cpp	static int  LoadTrayCanUse8Suck()                                    { return 0; }  // (G6) golden ainarm2.h:200    -- offline: 0 (!=1) keep	
HIGH	cStartCondition.cpp	813	824	10	SC4		GATE (SC4): self-healing negative-count clamp + persist.	if(Cylinder[i].iOnOffCount<0)   //超出變數極限變負值	
HIGH	cStartCondition.cpp	925	956	30				AnsiString s="";	
HIGH	cinitial.cpp	1568	1656	87	D		AI(W906-W3-INITIO) 20260924 使用者裁決「只跑 if(IO_CARD_TYPE==NewIO_MN200)，else 可以不用」（週末計畫 W3 追加範圍，c507adea）⇒ 這是 else 那半（BDE），不做、不補樁。原註：TODO(GA2-C1): blocked by TTable/DataModule1->SwitchTable (BDE not ported, see database.h's o	TTable *T;	
HIGH	cinitial.cpp	4136	4517	380	2		GATE 2: BDE motor.db / motor_SMC.db arms (+CheckMotorValue) -- AI(W906-W3-10) 20260925 使用者裁決「只跑 if(IO_CARD_TYPE==NewIO_MN200)，else 可以不用」（週末計畫 docs/WEEKEND_PLAN_20260925.md W3 追加範圍，c507adea） ⇒ 這是 else 那半（BDE），不做、不補樁（AI(W9	else if(MOTION_CARD_TYPE==0)                                                //SYN-TEK Motion模組	
HIGH	cinitial.cpp	5065	5238	172			AI(W906-W3-INITCYL) 20260924 使用者裁決「只跑 if(IO_CARD_TYPE==NewIO_MN200)，else 可以不用」（週末計畫 W3 追加範圍，c507adea）⇒ 這是 else 那半（BDE），不做、不補樁。原註：N3-G1: blocked by TTable/DataModule1 @database.h:204-207 (BDE unported) -- golden cinitial.	else	
HIGH	cinitial.cpp	14088	14581	492	n5-G3		GATE n5-G3: blocked by (1) the TfMain widget facade, (2) TMyKitSuck::SetMyLed on the wrong header, (3) InArmSuckBackup has no definition, (4) fAutoAlignment / fObserveMagazine have no port	if(InOutArmPickerUseMotor==eptUseMot)	
HIGH	cinitial.cpp	16187	16324	136	W7a-I1		GATE (W7a-I1) -- golden csystem-side GetIndexParm's bGali_CardInstall branch.	if(bGali_CardInstall)	
HIGH	cinitial.cpp	16988	16990	1			N1-G2e: blocked by fStartCondition -- NO declaration in ANY header in this tree, its form is untranslated (re-run 20260810 15:15). DELTA: cylinder-life counters are not loaded, so Pre-Alarm Cylinder starts from zero coun	fStartCondition->LoadCylinderLife();                                        //Eastsun 20260520 整合//Sam 20230516 : Pre Alrm Cylinder	
HIGH	ckernel.cpp	1033	1035	1			TODO(W7-L2/INTEGRATOR): DoInArm_SuckerMap() has no ported definition -- only two file-local no-op stubs elsewhere in the tree.  Un-gate when the real ainarm2 body lands.	DoInArm_SuckerMap();	
HIGH	ckernel.cpp	1725	1734	8	W906-MSTATE-CCDID		SAFETY-GATE(W906-MSTATE-CCDID) golden ckernel.cpp:826-833（此行原本是 `//Eliot 2010_1206 start`）—— 缺相依：CCDInterfaceForm 在移植樹是 TCCDInterfaceFormShim（atester_shims.h:311），沒有 bIdentificationFinish／iIdentificationStatus（CCD TCP 辨識	if(IniConfig.bEnableCCDUSETCPIP)	
HIGH	ckernel.cpp	1841	1878	36			AI(W906-MSTATE-P2b) 20260924: 空殼退役 —— 真本體已在上方 :1604 解閘；以下到 :1878 保留原文當史料，不編譯	{	
HIGH	ckernel.cpp	2593	2595	1	W906-MSTATE-FTP		SAFETY-GATE(W906-MSTATE-FTP) golden ckernel.cpp:1589 —— 缺相依：TfFTPClient 全樹沒有 port（BarcodeReader.h:44 的 B-F1 同一個缺口）。只閘條件行、保留本體：等同「FTP 視窗沒開」，與 W906_FShow（WebStart.cpp:210）在沒有瀏覽器總表時回「關著」的規則一致（使用者 Q8-B）	if(fFTPClient->bShow==false)	
HIGH	ckernel.cpp	2639	2641	1	W906-MSTATE-FTP		SAFETY-GATE(W906-MSTATE-FTP) golden ckernel.cpp:1636 —— 缺相依：TfFTPClient 全樹沒有 port（BarcodeReader.h:44 的 B-F1 同一個缺口）。只閘條件行、保留本體：等同「FTP 視窗沒開」，與 W906_FShow（WebStart.cpp:210）在沒有瀏覽器總表時回「關著」的規則一致（使用者 Q8-B）	if(fFTPClient->bShow==false)	
HIGH	ckernel.cpp	2724	2731	6	W906-MSTATE-AUTOTEACH		SAFETY-GATE(W906-MSTATE-AUTOTEACH) golden ckernel.cpp:1720-1725 —— 缺相依：TfAutoTeach 全樹沒有 port（forms/fOffSet.h:154-155 明記；WebStart.cpp:1813 的 ST-W2-J 是同一個缺口）。閘住＝GetState() 恆為 0 的結果：Auto Alignment Mode 永不顯示	if(fAutoTeach->GetState()>0 && CosFunction.bManualSteplAutoTeach)           //JimmyChiu 20211020 : Auto alignment mode	
HIGH	ckernel.cpp	2743	2803	59			AI(W906-MSTATE-P2) 20260924: 空殼退役 —— 真本體已在上方 :1940 解閘；以下到 :2803 保留原文當史料，不編譯	{	
HIGH	cpublic.cpp	667	694	26			TODO(GA1-B3): each of the 7 blocked by its own missing fMain member (or ASESendMessage) -- see banner above for the per-function breakdown	void TTLLog(AnsiString Message)                                                 //Steven 20161115 : TTL Log改新版存檔	
HIGH	csystem.cpp	694	1836	1141			GOLDEN VERBATIM -- golden csystem.cpp:9115-10255.  INERT reference text; the live DoAllProcess follows the #endif.	void DoAllProcess()	
HIGH	csystem.cpp	7563	8801	1237	G4-3		GOLDEN VERBATIM -- golden csystem.cpp:10425-11659.  GATE G4-3 -- see the banner immediately above for the full rationale and behaviour delta.	void DoTrayFeedProcess()	
HIGH	csystem.cpp	14557	14563	5	G10		GATE G10 -- golden :19206-19210.  CheckSafeDoor_1() is declared (csystem.h:260) but DEFINED NOWHERE in the port (golden body csystem.cpp:23223, outside this group's range) -- same nm-based proof as G9, invisible to -fsyn	else if(CUSTOMER_CODE==CC_SIGURD_HUKOU && CheckSafeDoor_1()==false)     //KaiChen 20180321 ：矽格-湖口 Chamber Light On By Open Any Door	
HIGH	csystem.cpp	16769	16810	40	G19		GATE G19 -- golden csystem.cpp:4566-4605 VERBATIM below; see note above	if(Temperature.bActiveHeatGun && bUseHotGunCheck)                       //kevin 20190621 hot gun 流量 不足偵測	
HIGH	csystem.cpp	16893	16910	16	G22		GATE G22 -- golden csystem.cpp:4657-4672 VERBATIM below; see note above	if(SystemStart)	
HIGH	csystem.cpp	19620	19639	18	G12		GATE G12 -- golden csystem.cpp:1320-1335 (text below is golden VERBATIM)	if(CUSTOMER_CODE==CC_HONPREC_QC &&	
HIGH	csystem.cpp	19722	19732	9	G13b		GATE G13b -- golden csystem.cpp:1390-1396 (text below is golden VERBATIM)	if(IniConfig.bPowerSaveFunction==true &&	
HIGH	csystem.cpp	21066	21087	20	G22		GATE G22 -- golden csystem.cpp:2608-2624 (text below is golden VERBATIM)	if(SystemStart==0 && fTeach->fShow==false)	
HIGH	csystem.cpp	25550	25554	3	H5-G4		GATE H5-G4 -- golden csystem.cpp:24847 (text below is golden VERBATIM)	fSmartDiagnostic->ReadCylinderData();	
HIGH	csystem.cpp	25569	25574	4	H5-G5		GATE H5-G5 -- golden csystem.cpp:24852-24853 (text below is golden VERBATIM)	fSmartDiagnostic->SetCylinderCellColor(fSmartDiagnostic->sgCylinder, 0, 2, i+1, TColor(0x00DFD9CC));	
HIGH	csystem.cpp	26177	26251	73	H5-G6		GATE H5-G6 -- golden csystem.cpp:25408-25477 (text below is golden VERBATIM)	for(int i=0; i<10; i++)	
HIGH	csystem.cpp	30645	30647	1	W906-T6-ALED		SAFETY-GATE(W906-T6-ALED) golden :17085 —— 純顯示：fMain 的 ALed5 指示燈（Galil PR 是否在跑）。forms/fMain.h 的 TfMain 鏡像沒有 ALed5； / UI 在瀏覽器，這一句不承載狀態（bRunGali_Pr 照樣由上一行更新）。只在出貨組態（沒有 SOFT_SIMULTE）才編得到。	fMain->ALed5->Value=bRunGali_Pr;	
HIGH	csystem.cpp	30710	30718	7			ⓘ 真正的 TFormHS 在 forms/fHS.h（:671 有 bHaltHandler），但它沒有全域實例 —— 全域名 FormHS 已被上面那個樁佔用 / （fHS.h:64-86 的說明）。解這一格要先決定 FormHS 綁哪一個，不是補一個成員；而 golden 裡寫 bHaltHandler 的 / TimerRTMMsgTimer（fHS.h:355）本身也是 GATE，所以就算綁對了今天也永遠讀到 false。	if(CUSTOMER_CODE==CC_SCC &&	
HIGH	csystem.cpp	31432	31453	20	W906-HOME-W1-BARCODEARM		GATE (W906-HOME-W1-BARCODEARM): 缺相依，見上面的就地註解	else if(fBarCode->bShow && iHome==0 &&	
HIGH	csystem.cpp	31512	31555	42	W906-HOME-W1-OFFSETARM		GATE (W906-HOME-W1-OFFSETARM): 缺相依，見上面的就地註解	else if(fOffSet->fShow && iHome==0 && (bDoInZTeach || bDoOutZTeach))    //JerryYang 20250120 : add	
HIGH	csystem.cpp	32341	32423	81			若只閘「送 Start」那半，留下的逾時判斷會因為從來沒送過而每秒報 WAR0934 —— 那是 golden 沒有的行為，所以整個 if 一起閘。 / 只在 INSTALL_OCR 有裝且 TestIF.bOcrFunction 且非 Tray OCR 時走到。 / 後果：OCR 的 Start 交握、向 tester 取 Lot ID（WAR0955/0960/0954）都不會發生。	if(INSTALL_OCR!=eocrUninstal &&	
HIGH	csystem.cpp	32462	32468	5			沒有 LoaderBufPreAlarm / FixTrayPreAlarm。真正的 TFormHS 在 forms/fHS.h（沒有全域實例），而這兩個方法在那邊本身也是 / GATE（fHS.h:712 起，Cat A：警報顯示＋Sen[]/MOT[]）。本體只有這兩句，整個 if 一起閘。 / 後果：KYEC 的 Loader Buffer／Fix Tray 預警不會跳。	if(SystemStart==true)                                       //Ifor 20160909 避免程式開啟時瞬間發出Alarm	
HIGH	csystem.cpp	32536	32551	14	W906-T6-HPTORQUE		SAFETY-GATE(W906-T6-HPTORQUE) golden :18778-18791 —— 缺相依：COM2（TCOM2Shim）沒有 iReadSTopTorque_HPCardTask / StartReadTorque_HPCard。 / 只閘兩句會留下 iLogTorque 永遠停在 -1 的半套流程，所以整個 if 一起閘。只在 TorqueUseHPComCard（HP 通訊卡讀扭力）時走到。 / 後果：STA	if(TorqueUseHPComCard)                                                  //Steven 20210524 : 連續讀取扭力	
HIGH	csystem_predicates.cpp	440	470	29			PT-W5c RETIRED (CheckIndexIsNormal)	bool CheckIndexIsNormal()                                                       // golden csystem.cpp:12676	
HIGH	csystem_shims.cpp	48	79	30			PT-W7e-part2 RETIRED (DoInArm): real translated body now in ainarm2.cpp	void DoInArm()	
HIGH	database.cpp	119	131	11			TODO(wave-BDE): TDataModule1 ctor -- database.cpp:33-41	TDataModule1 *DataModule1;	
HIGH	forms/fAirCon.cpp	199	219	19	A-11		GATE (A-11) FormDestroy -- golden :122-137. (a) transitive on (A-9)	void TfAirCon::FormDestroy(TObject *Sender)	
HIGH	forms/fAirCon.cpp	264	277	12	A-8		GATE (A-8) PowerUp -- golden :170-179. HARDWARE (SW[SwAirConditioner]	void TfAirCon::PowerUp(double dCurrent)	
HIGH	forms/fAirCon.cpp	279	290	10	A-9		GATE (A-9) PowerDown -- golden :181-189. Same as (A-8), .Off().	void TfAirCon::PowerDown()	
HIGH	forms/fDIOFrom.cpp	227	299	71	I-3		GATE (I-3) LoadData -- golden :72-131.  RESERVED NAME	void TfDIOFrom::LoadData(AnsiString S)	
HIGH	forms/fDTME08.cpp	1081	1094	12	E-33		GATE (E-33) chkHeaterClick -- golden :725-728.  TWO INDEPENDENT	void TfrmDTME08::chkHeaterClick(TObject *Sender)	
HIGH	forms/fLd_ULd.cpp	131	199	67	L-1		GATE (L-1) -- golden :26-84, the ctor's elUdUld registration block.  [AI(W906-T4-U35) 20260924: 已由 cLd_ULd.cpp 接手並啟用，此處保留為史料]	{	
HIGH	forms/fLotInfo.cpp	4272	4313	40			ATC hardware temperature/comm control; not re-evaluated, gated / verbatim per the task brief. iTempSetTimer (golden :6937) moved here / since this gated block is its only use.	static int iTempSetTimer=0;                                                 //jimmychiu 2021	
HIGH	forms/fLotInfo.cpp	4332	4354	21	WC-25		AI(W906-FW3-LotInfo-WC) 20260819: GATE WC-25 -- SAFETY RED LINE, / WAR16123 3-hour send-for-inspection alarm; not re-evaluated, gated / verbatim per the task brief.	if(IniConfig.bEnableRms)	
HIGH	forms/fRPDefault.cpp	112	134	21	R-1		GATE (R-1) FormDestroy -- golden :28-41.  LINK BOUNDARY, ONE LINE	void TfRPDefault::FormDestroy(TObject *Sender)	
HIGH	forms/fSmartDiagnostic.cpp	604	606	1	SD-5		GATE SD-5 -- golden :290 `sgCylinder->Width=1300;`. No ->Width on / vclcompat::TStringGrid (same class of gap as SD-1/SD-3/SD-4). / ----------------------------------------------------------------	sgCylinder->Width=1300;	
HIGH	forms/fTestCategory.cpp	241	264	22	T-8		GATE (T-8) FormDestroy -- golden :533-546.  TWO GATES:	void TfTestCategory::FormDestroy(TObject *Sender)	
HIGH	forms/fTesterIF.cpp	329	562	232	F-3		GATE (F-3) FormShow -- golden :108-334 (227L). Five independent	void TFTestIF::FormShow(TObject *Sender)	
HIGH	forms/fTesterTCP.cpp	167	182	14	T-2		GATE (T-2) FormDestroy -- golden :111-123. TRANSITIVE on (T-1): the	void TfTesterTCP::FormDestroy(TObject *Sender)	
HIGH	forms/fTowerLight.cpp	260	272	11	T-3		GATE (T-3) rgMusicTestClick -- golden :141-146.  TWO INDEPENDENT	void TfTowerLight::rgMusicTestClick(TObject *Sender)	
HIGH	mycylin.cpp	707	721	13			AI(W906-W3-CYLIN) 20260924 維持閘住：模擬模式下移動畫面元件的純動畫（PTempWinCtrl->Left/Top），在 web 架構下歸瀏覽器（pt-wave-loop 陷阱 #6），C++ 不補假元件。原註：TODO(W7-UI): restore when VCL TControl is available	if(PTempWinCtrl!=NULL)	
HIGH	mycylin.cpp	726	736	9			AI(W906-W3-CYLIN) 20260924 維持閘住：模擬模式下移動畫面元件的純動畫（PTempWinCtrl->Left/Top），在 web 架構下歸瀏覽器（pt-wave-loop 陷阱 #6），C++ 不補假元件。原註：TODO(W7-UI): restore when VCL TControl / TAnchorKind is available	PTempWinCtrl=dynamic_cast<TControl *> (PCtrl);	
HIGH	mycylin.cpp	875	880	4			PT-W7a RETIRED (InitialCylinderName)	void InitialCylinderName()	
HIGH	myio.cpp	162	166	3	1		AI(W906-W3-MYIO) 20260924 維持閘住（W3 20260924 重驗）：x64 上沒有這條硬體路徑；HT9050 的 IO 走 1203（MyLaneIo 的 pIO1203），不經原始 port；（AI(W906-W3-AUDIT) 20260926 更正：原寫「myio 的自由函式全樹 0 個被引用」已過期 —— nm 量 build_ship：IOInputBit／IOBitOn／IOBitOff／IOOut	#define MYIO_OUTPORTB(port, val)  outportb(port, val)	
HIGH	myio.cpp	168	172	3	2		AI(W906-W3-MYIO) 20260924 維持閘住（W3 20260924 重驗）：x64 上沒有這條硬體路徑；HT9050 的 IO 走 1203（MyLaneIo 的 pIO1203），不經原始 port；（AI(W906-W3-AUDIT) 20260926 更正：原寫「myio 的自由函式全樹 0 個被引用」已過期 —— nm 量 build_ship：IOInputBit／IOBitOn／IOBitOff／IOOut	#define MYIO_INPORTB(port)        inportb(port)	
HIGH	myio.cpp	174	178	3	3		AI(W906-W3-MYIO) 20260924 維持閘住（W3 20260924 重驗）：x64 上沒有這條硬體路徑；HT9050 的 IO 走 1203（MyLaneIo 的 pIO1203），不經原始 port；（AI(W906-W3-AUDIT) 20260926 更正：原寫「myio 的自由函式全樹 0 個被引用」已過期 —— nm 量 build_ship：IOInputBit／IOBitOn／IOBitOff／IOOut	#define MYIO_ENABLENTPORT(a, b)   EnableNTPort(a, b)	
HIGH	mysensor.cpp	72	80	7			AI(W906-W3-SENSOR) 20260924 維持閘住，理由更正：不是「VCL 表單」問題 —— fPadInterface 是 RS232 通訊式實體操作面板（golden uPadInterface.cpp 962 行，TPadRS232Thread；Start／Pause／Reset／Home／AlarmReset… 共 17 鍵），按鍵狀態來自硬體、歸 C++。相依不存在：uPadInterface 未翻 ⇒ W3 子	if(iControlPanelMode==1 && fPadInterface->IsPadKey(Name))	
HIGH	mysensor.cpp	119	125	5			AI(W906-W3-SENSOR) 20260924 維持閘住：同 :72（uPadInterface 未翻，W3 子項 4b）。原註：TODO(W6): fPadInterface / iControlPanelMode	if(iControlPanelMode==1 && fPadInterface->IsPadKey(Name))	
HIGH	mysensor.cpp	167	175	7			AI(W906-W3-SENSOR) 20260924 維持閘住：同 :72（uPadInterface 未翻，W3 子項 4b）。原註：TODO(W6): fPadInterface / iControlPanelMode	if(iControlPanelMode==1 && fPadInterface->IsPadKey(Name))	
HIGH	myswitch.cpp	33	41	7			AI(W906-W3-SWITCH) 20260924: 下面 #else 那三行已換成真的宣告（myio.cpp）；這一半只剩原樁的史料。原註：TODO(W6): replace stubs with real myio.cpp free-func declarations	static void IOBitOn       (int /*Port*/, int /*Bit*/) {}	
HIGH	myswitch.cpp	78	84	5			AI(W906-W3-SWITCH) 20260924 維持閘住，理由更正：fPadInterface 是 RS232 通訊式實體操作面板（golden uPadInterface.cpp，SendSwitchStatus 點面板燈），相依不存在 ⇒ W3 子項 4b（見 mysensor.cpp:72）。原註：TODO(W6): fPadInterface / iControlPanelMode (VCL GOD-STACK, Ken	if(iControlPanelMode==1 && fPadInterface->IsPadButton(Name))	
HIGH	myswitch.cpp	128	134	5			AI(W906-W3-SWITCH) 20260924 維持閘住：同 :78（uPadInterface 未翻，W3 子項 4b）。原註：TODO(W6): fPadInterface / iControlPanelMode	if(iControlPanelMode==1 && fPadInterface->IsPadButton(Name))	
HIGH	myswitch.cpp	178	185	6			AI(W906-W3-SWITCH) 20260924 維持閘住：同 :78（uPadInterface 未翻，W3 子項 4b）。原註：TODO(W6): fPadInterface / iControlPanelMode	if(iControlPanelMode==1 && fPadInterface->IsPadButton(Name))	
HIGH	uHeaterThread.cpp	1513	1517	3	7		TODO(W7-csystem) GATE 7 (site 1 of 2): golden :1136 HasAreaOverAmbientTemp() -- declared csystem.h:153, DEFINED ONLY in golden csystem.cpp:772 (no body in the port: csystem.cpp is only partially translated and does not c	SW[SwDutHeaterCoolFan].OnOff(HasAreaOverAmbientTemp());	
HIGH	uHeaterThread.cpp	1650	1654	3	7		TODO(W7-csystem) GATE 7 (site 2 of 2): golden :1259 HasAreaOverAmbientTemp() -- declared csystem.h:153, DEFINED ONLY in golden csystem.cpp:772 (no body in the port: csystem.cpp is only partially translated and does not c	SW[SwDutHeaterCoolFan].OnOff(HasAreaOverAmbientTemp());	
HELD	EtherCAT/MyEtherCAT.cpp	430	437	6	REGISTER	laptop 1203 / INDEXZ		iTotalDeviceRing1+=fCCLink->iTotalDevices;	
HELD	EtherCAT/MyEtherCAT.cpp	521	552	30	REGISTER	laptop 1203 / INDEXZ		for(int i=0; i<fCCLink->iTotalDevices; i++)	
HELD	FileRW/MainClick.cpp	152	171	18	W906-FRW-P8-KYEC	laptop FLOW-4 (main-screen buttons)	GATE(W906-FRW-P8-KYEC): golden main.cpp:33757-33776 —— VERBATIM	AnsiString StrData="";	
HELD	FileRW/MainClick.cpp	344	346	1	W906-FRW-S100-AMKOR	laptop FLOW-4 (main-screen buttons)	GATE(W906-FRW-S100-AMKOR) golden main.cpp:28477 -- TfAutomation::AmkorSendMessage 移植樹沒有（Automation/automation.h:331；UDP 對外通訊、客戶專屬；同 S88）。VERBATIM	fAutomation->AmkorSendMessage(0);                                           //Steven 20120330 : ATK Site Map Monitorning	
HELD	FileRW/MainClick.cpp	910	918	7	W906-FRW-S158-AMKORKR	laptop FLOW-4 (main-screen buttons)	GATE(W906-FRW-S158-AMKORKR) golden main.cpp:28626-28632 -- CC_AMKOR_Korea 客戶專屬（RULINGS_20260925 S25 先跳過、註記）；sbQAMode 是主畫面按鈕（網頁主畫面沒有）。VERBATIM	if(CUSTOMER_CODE==CC_AMKOR_Korea)                                           //AI(ht9045-config) 20260806 (RogerYang) : #R260723-ATK-H9-01 A7	
HELD	FileRW/MainClick.cpp	1231	1236	4	W906-EVB6-HS	laptop FLOW-4 (main-screen buttons)	GATE(W906-EVB6-HS) golden main.cpp:22409 -- TFormHS（HS_Function.h）移植樹沒有（SCK_ART_Remainder.h:466 記過）。VERBATIM	if(FormHS->CheckIndependentPassWord())	
HELD	FileRW/MainClick.cpp	1252	1257	4	W906-EVB6-PW	laptop FLOW-4 (main-screen buttons)	GATE(W906-EVB6-PW) golden main.cpp:22430 -- DoPassword() 不是 TfMain 門面的成員（同 MainTesterConnect.cpp E1、FileRW/TestIF_File.cpp:2576）。VERBATIM	if(DoPassword()==false)                                     //Steven 20101124	
HELD	FileRW/MainClose.cpp	274	320	45	S95-J1	St01 (Q44 Exit)	GATE (S95-J1) golden cprod.cpp:1062-1106 -- 本檔沒有 bUpload==true 的呼叫者	if(FileExists(DailyJamFileName)==true)	
HELD	FileRW/MainClose.cpp	1286	1288	1	S95-J2	St01 (Q44 Exit)	GATE (S95-J2) golden :29117 -- TfMesSystem::SaveStringlRecordReport 在 forms/fMesSystem.h:671 只宣告沒定義（GATE W-07，呼叫＝連結錯誤）	fMesSystem->SaveStringlRecordReport();	
HELD	FileRW/MainClose.cpp	1297	1299	1	S95-J3	St01 (Q44 Exit)	GATE (S95-J3) golden :29125 -- TfProductionInfo 門面（forms/fProductionInfo.h）沒有 EachCycleSecondDo_SaveAndUpdateOEEFiles	fProductionInfo->EachCycleSecondDo_SaveAndUpdateOEEFiles(true);	
HELD	Motor/myGALILmotor.cpp	694	722	27	W4G-7	laptop INDEXZ-1203 (redo in progress)	GATE(W4G-7): the real declaration is csystem.h:259 (golden's own home, reached through the #include above); the BODY is golden csystem.cpp:22179 and this port's csystem.cpp has not reached it	void SaveFile(AnsiString sPath, AnsiString sData);	
HELD	Motor/myGALILmotor.cpp	727	731	3	W4G-5	laptop INDEXZ-1203 (redo in progress)	GATE(W4G-5): golden cinitial.h:30 -- VERBATIM golden declaration; body golden cinitial.cpp:13713	extern void GetIndexParm();	
HELD	Motor/myGALILmotor.cpp	748	759	10	W4G-2	laptop INDEXZ-1203 (redo in progress)	GATE(W4G-2): golden Motor/myGALILmotor.cpp:45,46,48 -- VERBATIM golden text	extern int iEncoderTorence;	
HELD	Motor/myGALILmotor.cpp	831	835	3	W4G-1	laptop INDEXZ-1203 (redo in progress)	GATE(W4G-1): golden Motor/myGALILmotor.cpp:50 -- VERBATIM golden text (golden's SOLE definition; initialiser {true, true})	bool IndexZCanMove[2]={true, true};	
HELD	Motor/myGALILmotor.cpp	837	1012	174	W4G-6	laptop INDEXZ-1203 (redo in progress)	GATE(W4G-6): golden Motor/myGALILmotor.cpp:52-54 -- VERBATIM golden text; the bodies are golden Motor/mymotor.cpp:67 / :117 / :173	bool CheckTestZ(AnsiString sFunc);	
HELD	Motor/myGALILmotor.cpp	3662	3672	9	W4G-3	laptop INDEXZ-1203 (redo in progress)	GATE(W4G-3) golden Motor/myGALILmotor.cpp:2675-2681 -- VERBATIM golden text	if(bPanelUse)	
HELD	Motor/mymotor.cpp	393	706	312		laptop INDEXZ-1203	AI-W6C-GOLDEN-BEGIN MotorMovePosition Motor/mymotor.cpp:549-860	int TMyMotor::MotorMovePosition(int &Position, int speed, int Tar)	
HELD	Motor/mymotor.cpp	753	846	92		laptop INDEXZ-1203	AI-W6C-GOLDEN-BEGIN MotorMove Motor/mymotor.cpp:871-962	int TMyMotor::MotorMove(int p)	
HELD	Motor/mymotor.cpp	903	1023	119		laptop INDEXZ-1203	AI-W6C-GOLDEN-BEGIN MotorMoveShuttleShake Motor/mymotor.cpp:5198-5316	bool TMyMotor::MotorMoveShuttleShake(int p)                                     //JerryYang 20190628 shuttle shake專用command	
HELD	Motor/mymotor.cpp	1601	1621	19		laptop INDEXZ-1203	GALI-STUB RETIRED (W906-P0-5): 真本體在 Motor/myGALILmotor.cpp	AnsiString TMyMotor::Gali_GetMOT(int /*MOT*/) { return ""; }	
HELD	Motor/mymotor.cpp	1628	1660	31		laptop INDEXZ-1203	GALI-STUB RETIRED (W906-P0-5): 真本體在 Motor/myGALILmotor.cpp	void TMyMotor::Gali_MotHomeFindZ(AnsiString)                 {}	
HELD	Motor/mymotor.cpp	1710	1714	3		laptop INDEXZ-1203	GALI-STUB RETIRED (W906-P0-5): 真本體在 Motor/myGALILmotor.cpp	bool TMyMotor::CheckPos(bool)                                    { return false; }	
HELD	Motor/mymotor.cpp	2074	2323	248		laptop INDEXZ-1203	AI-W6C-GOLDEN-BEGIN InitNewTray Motor/mymotor.cpp:1192-1439	void TTrayMotor::InitNewTray(int data, bool bShowSiteMapFlag, AnsiString Func)	
HELD	Motor/mymotor.cpp	2594	2702	107		laptop INDEXZ-1203	AI-W6C-GOLDEN-BEGIN RecordIndexPosition Motor/mymotor.cpp:5318-5424	void RecordIndexPosition(int iArm,int Part)                                     //Isaac 20200922 : 紀錄indexArmY encoder值和command值	
HELD	Motor/mymotor.cpp	2716	2791	74		laptop INDEXZ-1203	AI-W6C-GOLDEN-BEGIN EncoderTeachingMaxMinCount Motor/mymotor.cpp:5426-5499	void EncoderTeachingMaxMinCount(int iRecordArm)                                 //Isaac 20201012 : 計算Encoder和commandpos/Teaching的差值	
HELD	Motor/mymotor.cpp	3204	3206	1	PT-W7n-1a	laptop INDEXZ-1203	GATE(PT-W7n-1a): golden Motor/mymotor.cpp:242 -- VERBATIM golden text below; see GATE REGISTER	fMain->tMonitorIndex->Add(str);	
HELD	Motor/mymotor.cpp	3218	3220	1	PT-W7n-1b	laptop INDEXZ-1203	GATE(PT-W7n-1b): golden Motor/mymotor.cpp:254 -- VERBATIM golden text below; see GATE REGISTER	fMain->tMonitorIndex->Add(str);	
HELD	Motor/mymotor.cpp	5443	5447	3	B1-1	laptop INDEXZ-1203	GATE(B1-1) AI(W906-B1-INARM) 20260924 -- golden :4680 的 MyDBIProcess 是 3 參數（golden cMyDB.h）；本 TU 看得到的是 2 參數（aHotPlateSubstrate.h:979）。見檔尾家族橫幅。	MyDBIProcess("Motion", StrE, "");	
HELD	Motor/mymotor.cpp	5857	5892	34		laptop INDEXZ-1203	AI(W906-C21-MOTORMOVE) 20260924: golden :825-858 VERBATIM（SOFT_SIMULTE 逐拍步進；500 ms tick 下不收斂，見上）	if(Position==Tar)	
HELD	Motor/mymotor.cpp	5975	5986	10	C21-1	laptop INDEXZ-1203	GATE(C21-1) AI(W906-C21-MOTORMOVE) 20260924: PWinCtrl 在本樹是 void*（mymotor.h:106，golden TWinControl*）；g++ -fsyntax-only 報 'void*' is not a pointer-to-object type。bPanelUse 恆 false（SetPanel 0 個呼叫端）。見檔尾橫幅 (2)。	if(bUpDownMove)	
HELD	WebStart.cpp	526	548	21	3	laptop START (ST campaign)	PowerSavingMode.cpp:937 的 GATE (3) 是同一個原因。 / 🟡：golden 不看它的回傳值，所以它不參與判定；閘掉不改變擋不擋啟動。 / 閘掉的後果：擋下來了，但操作員不知道是哪一項 Bin 設定出錯、要找 PE。	for (int i = 0; i < 10; i++)                                                // golden :33989	
HELD	WebStart.cpp	1211	1220	8		laptop START (ST campaign)	`iStartIn=0; return false;`。 / 閘掉的後果是「CC_PANTHER 機台少一道啟動前站點檢查」。這台不是 / CC_PANTHER，所以現況無影響；但要出貨給 PANTHER 之前必須補。	if (CUSTOMER_CODE == CC_PANTHER)                                            // golden :4432	
HELD	WebStart.cpp	1229	1242	12		laptop START (ST campaign)	在移植樹不存在。這是**唯讀方向的通知**（告訴視覺系統現在的模式）， / 不擋啟動，所以閘掉不會讓 Start 誤判成功。 / 後果：裝了 RTC 的機台，視覺端不會收到 auto-teach / step-aside 模式切換。	if (REAL_TIME_CCD == true && !COM2->bCCDDummyRum)                           // golden :4441  Ifor 20230908 add:RTC 讓位功能 By Setup File	
HELD	WebStart.cpp	1286	1288	1		laptop START (ST campaign)	★ 只閘這一行，不閘整段：AccessLevel=0 與 ChangeLevelAttr() 是 / 真正的行為（權限降級），spbUserName 只是把降級結果顯示出來。 / 整段閘掉會讓 JCET 按 START 不再切成 OP 權限 —— 那是行為變更。	spbUserName->Caption = "Operator";                                      // golden :4496	
HELD	WebStart.cpp	1324	1331	6		laptop START (ST campaign)	「把 Tray Mapping 視窗叫出來並切到該頁籤」的顯示動作。 / ★ 只閘顯示。下面那個 return false 是**擋啟動**的， / 閘掉會讓 CC_ASE_CL 在該檢殘留 device 時照樣啟動。	if (fTrayMapping->fShow == false)                                   // golden :4518	
HELD	WebStart.cpp	1342	1345	2	W906-ST-W1-L	laptop START (ST campaign)	SAFETY-GATE(W906-ST-W1-L) golden :4531-4532 `spbLight` / forms/fMain.h 沒有 spbLight。純顯示（把燈已關這件事反映到按鈕上）。 / ★ 同樣只閘顯示，不閘 SW[SwCCDLight].Off() —— 那一行才是「關燈」。	spbLight->Tag = 0;                                                      // golden :4531	
HELD	WebStart.cpp	1380	1386	5	W906-ST-W1-F	laptop START (ST campaign)	SAFETY-GATE(W906-ST-W1-F) golden :4558/:4560 `lbl2DSort->Visible` / forms/fMain.h 沒有 lbl2DSort 這個 widget。純顯示（2D sort 標籤的可見性）， / 不擋啟動，也不影響任何判斷。	if (CosFunction.bCanUseSearch2DIDByLot &&                                   // golden :4556  Steven 20220811 : ATK request 2D sort display.	
HELD	WebStart.cpp	1452	1460	7		laptop START (ST campaign)	 / ⛔ 歸屬：跟 §5.2 的 fShow 同一個設計題，而且是其中最難的「往返」那一種。 / 要等 web 層的 show/dismiss 通道，屬 FW-W 指令通道，不是本戰役。	if (IniConfig.bN07_EnableEmployeeIdCheak == true)                           // golden :4598  Ifor 20180227 (Steven) SECS GEM Confirm the Emp	
HELD	WebStart.cpp	1468	1485	16		laptop START (ST campaign)	⚠ 這是**擋啟動**的路徑：golden 在 bUpdateAutomatically 為真時 / `iStartIn=0; return false;`（有更新包要裝就不讓開機台）。 / 閘掉的後果：開了 N32 自動更新的機台，會在有待裝更新時照樣啟動。	if (CosFunction.bDownloadUpdateAutomatically &&                             // golden :4606	
HELD	WebStart.cpp	1494	1558	63		laptop START (ST campaign)	就 `iStartIn=0; ShowErrorMessage("WAR16333",...); return false;`）。 / 閘掉的後果：開了 A32 FTP Automation 的矽格機台，比對清單不合也照樣啟動。 / ST-W7 必須補 —— 這一條是本波所有 gate 裡影響最大的。	if (IniConfig.bA32EnableFTPAutomation == true &&                            // golden :4623  KaiChen 20190530：Sigurd FTP Automation	
HELD	WebStart.cpp	1563	1565	1	W906-ST-W1-J	laptop START (ST campaign)	SAFETY-GATE(W906-ST-W1-J) golden :4688 `sbEngSite->Down = false` / forms/fMain.h 沒有 sbEngSite（第三組工程師用的開關 SITE 按鈕）。 / 純 UI 狀態，不影響判斷。	sbEngSite->Down = false;                                                    // golden :4688  Alick 20160926 add for 第三組工程師用開關 SITE	
HELD	WebStart.cpp	1590	1593	2		laptop START (ST campaign)	純視窗關閉動作（KYEC 要求按 START 時把 BarCode 視窗強制關掉，避免 / ALARM 時視窗卡死）。不擋啟動。 / 後果：CC_KYEC_LEE 機台按 START 時 BarCode 視窗不會自動關。	if (CUSTOMER_CODE == CC_KYEC_LEE && FormBarcodeReader->bShow)               // golden :4694  Ifor 20161229 (Steven)	
HELD	WebStart.cpp	1658	1678	19		laptop START (ST campaign)	全樹沒有 fPMAlarmInterFace 這個介面物件。 / 閘掉的後果：開了 A19 的機台，到了 PM 停機日照樣能啟動， / 而且 PM 警告訊息也不會跳。	if (IniConfig.bA19UsePMAlarmFunction == true &&                             // golden :4737  2015.05.26 Mylin PM Alarm	
HELD	WebStart.cpp	1685	1699	13		laptop START (ST campaign)	forms 的 fProductionInfo facade 沒有 CheckOEE_WhenStart。 / 閘掉的後果：開了 OEE 的機台（memory：bOEEFunction 只有超豐開）， / OEE 檢查不通過也照樣啟動。	if (CosFunction.bOEEFunction)                                               // golden :4757	
HELD	WebStart.cpp	1779	1785	5		laptop START (ST campaign)	⚠ **擋啟動**（Ifor 20160818 整合海思 Start 判斷）。 / 移植樹的 FormHS 是 W5SckArtRem_FormHSStub，沒有 CheckCanRunStart_HS。 / 閘掉的後果：海思（HiSilicon）流程的啟動前判斷不執行。	if (FormHS->CheckCanRunStart_HS())                                          // golden :4833	
HELD	WebStart.cpp	1790	1795	4	W906-ST-W2-F	laptop START (ST campaign)	SAFETY-GATE(W906-ST-W2-F) golden :4839-4842 `fSortCT->PageControl1` / forms 的 fSortCT facade 沒有 PageControl1。純換頁籤 / （KYEC 要求 Start 時切到 Sort Count 頁面）。不擋啟動。	if (CUSTOMER_CODE == CC_KYEC_LEE)                                           // golden :4839  Ifor 20170413 (wei)	
HELD	WebStart.cpp	1822	1848	25		laptop START (ST campaign)	所以整段閘掉。 / 閘掉的後果：開了 A30 Setup Teach 的機台，(a) ON_LINE 狀態下沒確認完 / setup teach 點位也能按 START；(b) 未啟用 A30 時 bNeedSetupTeach 不會被清。	if (IniConfig.bA30SetupTeachFunction &&                                     // golden :4855  JerryYang 20180921 Setup Teach 功能	
HELD	WebStart.cpp	2002	2022	19		laptop START (ST campaign)	閘掉的後果：2D sorting 模式下，SortBy2DID_*.csv 不存在也能按 START。 / 注意上面那幾道檢查（cbRunMode / edtCusStep / RunInfo.bLotStart / / CheckNoRetestBinFlag）**沒有**被閘，仍然照常擋。	if (IniConfig.iN23DownloadMethod == 1)                                  // golden :5025  Net Drive	
HELD	WebStart.cpp	2043	2078	34		laptop START (ST campaign)	⚠ 這裡**只能整段閘**：golden 是 if/else 二岔，把 if 那支拿掉會讓 / else 那支（Lot Start / run mode 檢查）在 N23==2 時也跑，那是改行為。 / 所以連 else 一起閘，整個 b2DIDAllowList 區塊都不執行。	if (IniConfig.iN23DownloadMethod == 2)                                  // golden :5047  JerryYang 20250320	
HELD	WebStart.cpp	2433	2445	11		laptop START (ST campaign)	歸屬（陷阱 #6 的第三類）：這個狀態**不在 web、也不在 C++** —— / 它是 ATC 控制器回報的模式，整條 ATC 介面尚未移植。 / 所以它不屬 §5.2 的 fShow 家族，要等 ATC 介面移植，是獨立的一大塊。	if ((LastSet.iTemperature == Tempture_Ambient ||                            // golden :5346	
HELD	WebStart.cpp	2464	2484	19		laptop START (ST campaign)	計畫書 §2 列為「先閘」）、fARMS 這個介面物件、fLotInfo->pnARMSTitle 這個 widget。 / 閘掉的後果：CC_ASE_M 且開了 N13 ARMS 的機台，伺服器資料沒下載成功也不會 / 要求密碼，直接放行；而且畫面不會顯示 RUN LOCAL / RUN SERVER。	if (CUSTOMER_CODE == CC_ASE_M)                                              // golden :5369  Ifor 20170621 (wei) add ARMS Function	
HELD	WebStart.cpp	2513	2527	13		laptop START (ST campaign)	★ **只閘內層**：外面的 `else { bflag = false; }`（golden :5423） / 是 ON_LINE 時的狀態寫入，保留。 / 閘掉的後果：JCET / Murata 機台 OFF_LINE 啟動時不再跳確認框，直接放行。	if (bflag == false)                                                 // golden :5407	
HELD	WebStart.cpp	2673	2682	8		laptop START (ST campaign)	⚠ **擋啟動**。TCCDInterfaceFormShim 沒有 iIdentificationStatus / （CCD TCP/IP 的辨識狀態，2 = Fail）。 / 閘掉的後果：開了 bEnableCCDUSETCPIP 的機台，CCD 辨識失敗也照樣啟動。	if (IniConfig.bEnableCCDUSETCPIP)                                           // golden :5541  Eliot 2010_1209	
HELD	WebStart.cpp	2749	2761	11		laptop START (ST campaign)	沒有像 W4-F 那樣有另一半的狀態寫入要保留。 / 閘掉的後果：裝 magazine 的機台在起始／起始複測模式下， / 不再詢問空 tray 是否補滿，直接放行。	if (AUTO3_IS_MAGAZINE == 1 && TrayForm.iMagTraySource == 1 &&               // golden :5601  JerryYang 20220909 : add magazine	
HELD	WebStart.cpp	3230	3254	23		laptop START (ST campaign)	在 ATC 根本沒被叫起來（:5886/:5888/:5890 全被閘）的情況下把它設成 true， / 等於**對外謊報機台狀態**，比少做事糟。 / 這是本檔「保留狀態寫入」慣例（W1-K/L、W4-F、W5-C）的**唯一例外**。	if (ATC_SYSTEM == eATCHonPrecType &&                                        // golden :5879  Steven 20120725 : Alarm 後會暫停 ATC，要重新 Start	
HELD	WebStart.cpp	3267	3272	4		laptop START (ST campaign)	也就不會重開；原本要修的「GPIB 斷線」問題會留著。 / ★ 下面的 bReOpenGpib = false（:5910）**保留** —— 那是狀態寫入， / 閘掉會讓這個旗標永遠掛著。	if (IndexHasIC() == false)                                              // golden :5906  Steven 20110609	
HELD	WebStart.cpp	3284	3287	2		laptop START (ST campaign)	省電模式的計時器物件全樹不存在。不擋啟動。 / 閘掉的後果：開了 bPowerSaveFunction 的機台，按 Start 不會重啟省電倒數 / （可能在運轉中進入省電）。	if (IniConfig.bPowerSaveFunction)                                           // golden :5917  Dell 20110418	
HELD	WebStart.cpp	3304	3306	1		laptop START (ST campaign)	「the one-shot Galil VS/SP speed re-issue ... is not performed」。 / 所以這個 gate 今天的行為 delta 是 **0**。 / 標 🔴 會把它排進 ST-W7 的優先序，擠掉真正 fail-open 的 W5-A / W5-F。	bStartKeyPressCheck = true;                                                 // golden :5927  Steven 20110309	
HELD	WebStart.cpp	3366	3380	13		laptop START (ST campaign)	⚠ **擋啟動**：OP 權限在 OFF_LINE 時不准 Start（MES1052）。 / 閘掉的後果：ASE 高雄的機台，OP 在 OFF_LINE 也能按 START。 / ⚠ 只能整段閘 —— fShow 是 && 條件鏈的一環，補預設值就是替 golden 選路。	if (fContact->fShow == false &&                                         // golden :5961	
HELD	WebStart.cpp	3395	3405	9		laptop START (ST campaign)	自己補那個 wrapper 等於在波次中途寫新行為，不是翻譯。列入 ST-W7。 / 閘掉的後果：ASE 高雄的機台跑 AutoSiteMap 模式時， / 即使在主畫面關掉了 site 也照樣啟動。	if (IniConfig.bUseAutoSiteMapping &&                                    // golden :5975	
HELD	WebStart.cpp	3418	3423	4		laptop START (ST campaign)	⚠ 20260917 重量：舊註解寫「ST-W7 補（只有 9 行）」，**那是低估**。不擋啟動。 / golden fAOI.cpp:3884 那 8 行踩的是**通訊／硬體路徑**：Sender 跨型別轉成 / TSpeedButton* 讀 ->Tag、TopAOIComm/AOIComm->StopComm()、再呼叫 RS232Init()。見計畫書 §5.1。	if (TestIF_File.bEnableBarCode && InputShuttleHasIC() == false)             // golden :5992  Steven 20151218 : Add for 2d code	
HELD	WebStart.cpp	3428	3431	2		laptop START (ST campaign)	TfNote facade 沒有 t2DCode 這個 widget（2D code 的顯示格陣）。 / 純顯示 —— 它把入料吸嘴的列/行數寫進那個格陣的尺寸。不擋啟動、不影響判斷。 / 閘掉的後果：Note 畫面的 2D code 格陣尺寸不會跟著吸嘴配置更新。	fNote->t2DCode->XItem = InArmSuck.iShtRow;                                  // golden :5996	
HELD	WebStart.cpp	3545	3558	12		laptop START (ST campaign)	TfBarCode 沒有 RunCheckBarcodeByServerData； / 而且內層的 fMesSystem->Get2DIDFromServer 也走 W5-H 那個不能 include 的標頭。 / 閘掉的後果：開了「從伺服器讀 2DID」的機台，下載失敗也照樣啟動。	if (fBarCode->RunCheckBarcodeByServerData() == true)                        // golden :6097  Jimmychiu 20230925	
HELD	WebStart.cpp	3565	3570	4		laptop START (ST campaign)	不擋啟動。 / 閘掉的後果：CC_PANTHER 的機台，Start 時不會恢復運作時間計時 —— / 運轉時數統計會少算。	if (CUSTOMER_CODE == CC_PANTHER)                                            // golden :6110	
HELD	aTester_Front.cpp	602	604	1		index arm (ruling 8)	TODO(W7) -- golden aTester_Front.cpp:564 DoVibrateOutShuttle (ainarm2.h, no translated home yet)	DoVibrateOutShuttle(0, true);	
HELD	aTester_Front.cpp	671	676	4		index arm (ruling 8)	TODO(W7) -- golden aTester_Front.cpp:626 DoVibrateOutShuttle (ainarm2.h, no translated home yet)	if(DoVibrateOutShuttle(0)==false)	
HELD	aTester_Front.cpp	1230	1232	1		index arm (ruling 8)	TODO(W7) -- golden :989 fMain->tInitSoakTimer (FormsFacade TfMain has no such member -- see file-header gate #19)	fMain->tInitSoakTimer.LatchCycleTimeSec(true);	
HELD	aTester_Front.cpp	2422	2424	1		index arm (ruling 8)	TODO(W7) -- golden :2162 APAX_WriteData (different DAQ brand than ADAM_*, no translated home -- see file-header gate #18)	APAX_WriteData(true, 0, 1);	
HELD	aTester_Front.cpp	2427	2442	14		index arm (ruling 8)	TODO(W7) -- golden :2165-2178 fSCKART->iInfo_MultiLotCnt + LotSummary.AddByLotLoadCount (FormsFacade TfSCKART has no iInfo_MultiLotCnt member; LotSummary has no translated home at all -- see file-header gates #15/#16)	if(fSCKART->iInfo_MultiLotCnt>1)	
HELD	aTester_Front.cpp	2444	2446	1		index arm (ruling 8)	TODO(W7) -- golden :2180 fAutoTeach->SetIndexBinError (no FormsFacade TfAutoTeach stand-in -- see file-header gate #17)	fAutoTeach->SetIndexBinError(0);                                                                                                            	
HELD	aTester_Front.cpp	3743	3745	1	G1	index arm (ruling 8)	[W7Ck4 GATE G1] golden :2699  fLotInfo->SetATCOffset(bool) -- see GATE REGISTER in this part's banner	fLotInfo->SetATCOffset(true);                                                                                                               	
HELD	aTester_Front.cpp	3779	3781	1	G2	index arm (ruling 8)	[W7Ck4 GATE G2] golden :2733  fSocketCommunication->bSendBinMapReport -- see GATE REGISTER in this part's banner	fSocketCommunication->bSendBinMapReport=true;	
HELD	aTester_Front.cpp	3986	3988	1	G3	index arm (ruling 8)	[W7Ck4 GATE G3] golden :2938  ATC_InterfaceForm->SiteTesting(int,bool*) -- see GATE REGISTER in this part's banner	ATC_InterfaceForm->SiteTesting(iATC_Use_Heat_Count, bATCSiteTest);	
HELD	aTester_Front.cpp	3992	3994	1	G4	index arm (ruling 8)	[W7Ck4 GATE G4] golden :2942  ATCInterfaceForm->SendTestEnd(int) -- REAL BODY EXISTS; see GATE REGISTER (TRAP 3)	ATCInterfaceForm->SendTestEnd(0);	
HELD	aTester_Front.cpp	4042	4044	1	G5	index arm (ruling 8)	[W7Ck4 GATE G5] golden :2990  ATC_InterfaceForm->SendHandler2DID(int,bool) -- see GATE REGISTER in this part's banner	ATC_InterfaceForm->SendHandler2DID(0, false);	
HELD	aTester_Front.cpp	4120	4133	12		index arm (ruling 8)	disabled by Steven 20260427 (P260427-ATK-H9-01)	if(IniConfig.bEnableAutoCleanFunction &&                                                                                                //--	
HELD	aTester_Front.cpp	4227	4229	1	G6	index arm (ruling 8)	[W7Ck4 GATE G6] golden :3173  fSocketCommunication->bSendBinMapReport -- see GATE REGISTER in this part's banner	fSocketCommunication->bSendBinMapReport=true;	
HELD	aTester_Front.cpp	4338	4340	1	G7	index arm (ruling 8)	[W7Ck4 GATE G7] golden :3282  ATC_InterfaceForm->SendHandler2DID(int,bool) -- see GATE REGISTER in this part's banner	ATC_InterfaceForm->SendHandler2DID(0, false);	
HELD	aTester_Front.cpp	4607	4609	1	W7c-I1	index arm (ruling 8)	GATE (W7c-I1)	fMain->chkReadTorque1->Checked=true;                                //2008/07/15 lee	
HELD	aTester_Front.cpp	4610	4612	1	W7c-I1	index arm (ruling 8)	GATE (W7c-I1)	fMain->chkReadTorque2->Checked=false;                               //2008/07/15 lee	
HELD	aTester_Front.cpp	4646	4648	1	G8	index arm (ruling 8)	[W7Ck4 GATE G8] golden :3584  COM2->InitReadTorueTask() -- see GATE REGISTER in this part's banner	COM2->InitReadTorueTask();	
HELD	aTester_Front.cpp	4811	4824	12		index arm (ruling 8)	disabled by Steven 20260427 (P260427-ATK-H9-01)	if(IniConfig.bEnableAutoCleanFunction &&                        //------Auto Clean Start------	
HELD	aTester_Front.cpp	5345	5347	1	G-k8s7-1	index arm (ruling 8)	GATE G-k8s7-1 -- golden :4030 fContact->InitROILearningTask() has no port body (see GATE REGISTER)	fContact->InitROILearningTask();	
HELD	aTester_Front.cpp	7557	7561	3	K1F1	index arm (ruling 8)	GATE K1F1 -- golden :5317 COM2->RTC_AlarmType()	if(REAL_TIME_CCD==true && COM2->RTC_AlarmType())    //wei 20221222 RTC ARM Error	
HELD	aTester_Front.cpp	7590	7592	1	K1F2	index arm (ruling 8)	GATE K1F2 -- golden :5346 ShowMyMessageUp(...): NO declaration anywhere in the ported tree (only ShowMyMessage/ShowErrorMessage). Offline no-op, so case 57 keeps spinning on its own guard exactly as golden does while the	ShowMyMessageUp("Test Bin error,must take out all IC for test.", "測試bin 設定有問題,將ARM 1 上產品取出", false);	
HELD	aTester_Front.cpp	7658	7664	5	K1F3	index arm (ruling 8)	GATE K1F3 -- golden :5412-5416 fMesSystem->asGetRcsCheckingResult / ->GetRcsCheckingResult(true). fMesSystem has NO home in the ported tree. Offline: RCS result treated as already PASS -> falls through to Task=61, i.e. t	if(fMesSystem->asGetRcsCheckingResult!="PASS")	
HELD	aTester_Front.cpp	7683	7687	3	K1F1	index arm (ruling 8)	GATE K1F1 -- golden :5435 COM2->RTC_AlarmType()	if(REAL_TIME_CCD==true && COM2->RTC_AlarmType())    //wei 20221222 RTC ARM Error	
HELD	aTester_Front.cpp	7727	7731	3	K1F1	index arm (ruling 8)	GATE K1F1 -- golden :5475 COM2->RTC_AlarmType()	if(COM2->RTC_AlarmType())   //wei 20221222 RTC ARM Error	
HELD	aTester_Front.cpp	7749	7753	3	K1F4	index arm (ruling 8)	GATE K1F4 -- golden :5493 COM2->bRealTimeCom_ReceiveOK[COM2->rtALARMArm1NG]	if(COM2->bRealTimeCom_ReceiveOK[COM2->rtALARMArm1NG])       //wei 20221222 RTC ARM Error	
HELD	aTester_Front.cpp	7772	7776	3	K1F4	index arm (ruling 8)	GATE K1F4 -- golden :5512 COM2->bRealTimeCom_ReceiveOK[COM2->rtALARMArm2NG]	else if(COM2->bRealTimeCom_ReceiveOK[COM2->rtALARMArm2NG])  //wei 20221222 RTC ARM Error	
HELD	aTester_Front.cpp	7835	7839	3	K1F4	index arm (ruling 8)	GATE K1F4 -- golden :5571-5573 COM2->bRealTimeCom_ReceiveOK[] write + two SendCommToVision(rtCHECKNULL/rtFullTOK) (TCOM2Shim has none of these). Offline no-op: no full-view request is ever sent, so case 66 can only time 	COM2->bRealTimeCom_ReceiveOK[COM2->rtFullTNG]=false;            //----- by dell ccd realtime-------------	
HELD	aTester_Front.cpp	7845	7849	3	K1F4	index arm (ruling 8)	GATE K1F4 -- golden :5579 COM2->bRealTimeCom_ReceiveOK[COM2->rtFullTOK]	if(COM2->bRealTimeCom_ReceiveOK[COM2->rtFullTOK])	
HELD	aTester_Front.cpp	7859	7861	1	K1F5	index arm (ruling 8)	GATE K1F5 -- golden :5589 fContact->InitROILearningTask(): TfContactShim (atester_shims.h:154-290) has no such method. Offline no-op; Task=68 is still taken, where the ROI learn itself is served by the REAL 0-arg Do_ROIL	fContact->InitROILearningTask();	
HELD	aTester_Front.cpp	7868	7870	1	K1F4	index arm (ruling 8)	GATE K1F4 -- golden :5596 COM2->RTC_ResetAlarm() (no such method). Offline no-op.	COM2->RTC_ResetAlarm();     //wei 20221222 RTC ARM Error	
HELD	aTester_Front.cpp	7875	7879	3	K1F4	index arm (ruling 8)	GATE K1F4 -- golden :5601 COM2->bRealTimeCom_ReceiveOK[COM2->rtFullTNG]	if(COM2->bRealTimeCom_ReceiveOK[COM2->rtFullTNG])	
HELD	aTester_Front.cpp	7887	7891	3	K1F4	index arm (ruling 8)	GATE K1F4 -- golden :5609 COM2->OpenRTCComPortAgain()	if(COM2->OpenRTCComPortAgain())	
HELD	aTester_Front.cpp	7913	7915	1	K1F5	index arm (ruling 8)	GATE K1F5 -- golden :5631 fContact->InitROILearningTask() (see :5589).	fContact->InitROILearningTask();	
HELD	aTester_Front.cpp	7926	7930	3	K1F6	index arm (ruling 8)	GATE K1F6 -- golden :5642 fContact->Do_ROILearning(true)	if(fContact->Do_ROILearning(true))	
HELD	aTester_Front.cpp	7959	7961	1	K1F7	index arm (ruling 8)	GATE K1F7 -- golden :5671 CCDInterfaceForm->CloseCCDForm(): TCCDInterfaceFormShim (atester_shims.h:296-303) exposes only bAtestScanCCDProgram / CCDTimerOnOff / CCDRunExec. Offline no-op; the RecordProcess("Stop CCD check	CCDInterfaceForm->CloseCCDForm();	
HELD	aTester_Front.cpp	7970	7973	2	K1F7	index arm (ruling 8)	GATE K1F7 -- golden :5680-5681 CCDInterfaceForm->CCDIdentificationOpen() / ->CCDIdentification() (no such methods). Offline no-op: no CCD program is launched.	CCDInterfaceForm->CCDIdentificationOpen();	
HELD	aTester_Front.cpp	7981	8009	27	K1F7	index arm (ruling 8)	GATE K1F7 -- golden :5689-5690 CCDInterfaceForm->bCCDProgramExistence (no such member)	if(DoTestYFrontDelay2.Off()==false ||	
HELD	aTester_Front.cpp	8014	8016	1	K1F7	index arm (ruling 8)	GATE K1F7 -- golden :5695 CCDInterfaceForm->CCDIdentificationOpen() (see :5680).	CCDInterfaceForm->CCDIdentificationOpen();	
HELD	aTester_Front.cpp	8022	8042	19	K1F7	index arm (ruling 8)	GATE K1F7 -- golden :5701-5719 CCDInterfaceForm->bIdentificationFinish / ->iIdentificationStatus (no such members). Offline: identification NEVER completes, matching this shim family "the vision/CCD subsystem never answe	if(CCDInterfaceForm->bIdentificationFinish==true)	
HELD	aTester_Front.cpp	8047	8049	1	K1F7	index arm (ruling 8)	GATE K1F7 -- golden :5724 CCDInterfaceForm->RetrunUpStep() (no such method). Offline no-op.	CCDInterfaceForm->RetrunUpStep();	
HELD	aTester_Front.cpp	8052	8054	1	K1F7	index arm (ruling 8)	GATE K1F7 -- golden :5727 CCDInterfaceForm->CloseCCDForm() (see :5671).	CCDInterfaceForm->CloseCCDForm();	
HELD	aTester_Front.cpp	8480	8490	9	F-G1	index arm (ruling 8)	GATE F-G1 -- golden :6139 COM2->SendCommToVision(COM2->rtArmIndex2, true).  AI(W7C-DoTestYFront-c2) 20260810	COM2->SendCommToVision(COM2->rtArmIndex2, true);	
HELD	aTester_Front.cpp	8517	8520	2	F-G1	index arm (ruling 8)	GATE F-G1 -- golden :6166 COM2->SendCommToVision(COM2->rtArmIndex2, true) -- same gap and same reasoning as :6139.	COM2->SendCommToVision(COM2->rtArmIndex2, true);	
HELD	aTester_Front.cpp	8526	8529	2	F-G1	index arm (ruling 8)	GATE F-G1 -- golden :6172 COM2->SendCommToVision(COM2->rtCHECKNULL, true) -- same gap as :6139.  Outbound	COM2->SendCommToVision(COM2->rtCHECKNULL, true);	
HELD	aTester_Front.cpp	8554	8557	2	F-G1	index arm (ruling 8)	GATE F-G1 -- golden :6197 COM2->SendCommToVision(COM2->rtArmIndex2, true) -- same gap as :6139.	COM2->SendCommToVision(COM2->rtArmIndex2, true);	
HELD	aTester_Front.cpp	8562	8565	2	F-G1	index arm (ruling 8)	GATE F-G1 -- golden :6202 COM2->SendCommToVision(COM2->rtCHECKIC, true) -- same gap as :6139.  Outbound	COM2->SendCommToVision(COM2->rtCHECKIC, true);	
HELD	aTester_Front.cpp	8643	8651	7	F-G4	index arm (ruling 8)	GATE F-G4 -- golden :6280 SaveFile(asHandlePath, sBufferT).  AI(W7C-DoTestYFront-c2) 20260810	SaveFile(asHandlePath, sBufferT);                       //kevin 20190411 add log 位置誤差	
HELD	aTester_Front.cpp	8656	8658	1	F-G4	index arm (ruling 8)	GATE F-G4 -- golden :6285 SaveFile(asHandlePath, sBufferT) -- same gap as :6280.  ABSENCE PROOF: asHandlePath IS defined (common.cpp:185) and declared (common.h:116), but common.h is UNREACHABLE from this TU: the only in	SaveFile(asHandlePath, sBufferT);                       //kevin 20190411 add log 位置誤差	
HELD	aTester_Front.cpp	8791	8804	12	F-G3	index arm (ruling 8)	GATE F-G3 -- golden :6406-6410 fMesSystem->asGetRcsCheckingResult (golden Mes/fVATMesFileSys.h:204).  AI(W7C-DoTestYFront-c2) 20260810	if(LastSet.iRunStartMode!=rsmAutoSiteMap && fMesSystem->asGetRcsCheckingResult!="PASS")	
HELD	aTester_Front.cpp	8913	8923	9	F-G2	index arm (ruling 8)	GATE F-G2 -- golden :6519-6522 ScanBtnThd->Stop() (golden :71 `extern ScanBtn *ScanBtnThd;`).  AI(W7C-DoTestYFront-c2) 20260810	if(REAL_TIME_CCD==true)	
HELD	aTester_Front.cpp	8928	8938	9	F-G6	index arm (ruling 8)	GATE F-G6 -- golden :6527 fHome->GaliMotorServoOff("DoTestYFront") (golden uhome.h:77).  AI(W7C-DoTestYFront-c2) 20260810	fHome->GaliMotorServoOff("DoTestYFront");                                               //Steven 20230712 : 修正SwServoOn.Off時, 要抓住Z煞車	
HELD	aTester_Front.cpp	8946	8953	6	F-G2	index arm (ruling 8)	GATE F-G2 -- golden :6535-6538 ScanBtnThd->Stop() -- same gap as :6519.  The Gali_Command("ST") above and the	if(REAL_TIME_CCD==true)	
HELD	aTester_Front.cpp	8997	9048	50	F-G1	index arm (ruling 8)	GATE F-G1 -- golden :6582-6620 -- the WHOLE RTC/CCD half-view send-and-wait region.  AI(W7C-DoTestYFront-c2) 20260810	if(REAL_TIME_CCD==true &&                                                                           //----- by dell ccd realtime------------	
HELD	aTester_Front.cpp	9056	9146	89	F-G1	index arm (ruling 8)	GATE F-G1 -- golden :6628-6704 -- the WHOLE RTC arm-state result region (INCLUDING both #ifdef RTCErrorType arms,	if(REAL_TIME_CCD && COM2->bCCDDummyRum==false)                                                      //----- by dell ccd realtime------------	
HELD	aTester_Front.cpp	9228	9236	7	F-G1	index arm (ruling 8)	GATE F-G1 -- golden :6786-6787 COM2->bGetValue (golden rs232.h) -- not a TCOM2Shim member.  AI(W7C-DoTestYFront-c2) 20260810	if(COM2->bGetValue)	
HELD	aTester_Front.cpp	9279	9285	5	F-G7	index arm (ruling 8)	GATE F-G7 -- golden :6830 ATC_InterfaceForm->HandlerArm(1).  AI(W7C-DoTestYFront-c2) 20260810	ATC_InterfaceForm->HandlerArm(1);	
HELD	aTester_Front.cpp	9289	9295	5	F-G8	index arm (ruling 8)	GATE F-G8 -- golden :6834 fContact->ATC_SwitchTjSignal(2, false) (golden cContact.h:603).  AI(W7C-DoTestYFront-c2) 20260810	fContact->ATC_SwitchTjSignal(2, false);                                                         //Ifor 20210622 add: ATC Switch TJ	
HELD	aTester_Front.cpp	9315	9343	27	F-G1	index arm (ruling 8)	GATE F-G1 -- golden :6854-6872 -- the RTC arm-finish notify block.  AI(W7C-DoTestYFront-c2) 20260810	if(REAL_TIME_CCD && COM2->bCCDDummyRum==false)	
HELD	aTester_Front.cpp	9362	9377	14	F-G9	index arm (ruling 8)	GATE F-G9 -- golden :6891 ATCInterfaceForm->ATC_SYS.SetNowArm(1).  AI(W7C-DoTestYFront-c2) 20260810	ATCInterfaceForm->ATC_SYS.SetNowArm(1);                                                     //ATC	
HELD	aTester_Front.cpp	9382	9385	2	F-G9	index arm (ruling 8)	GATE F-G9 -- golden :6896 ATCInterfaceForm->ATC_60_SYS.SetHandlerNowArm(1) -- same archive boundary as :6891.	ATCInterfaceForm->ATC_60_SYS.SetHandlerNowArm(1);	
HELD	aTester_Front.cpp	9479	9491	11	F-G10	index arm (ruling 8)	GATE F-G10 -- golden :6988 fMain->edTorue1->Text="" (golden main.h:466-area TEdit).  AI(W7C-DoTestYFront-c2) 20260810	fMain->edTorue1->Text="";	
HELD	aTester_Front.cpp	9568	9570	1	W7F3-G01	index arm (ruling 8)	GATE W7F3-G01 -- golden :7063 FTestSuck.HasNotTestYet().  TRAP 5: the TMyKitSuck this TU sees is aHotPlateSubstrate.h:365 (included at aTester_Front.cpp:115; the object is aHotPlateSubstrate.cpp:92 `TMyKitSuck FTestSuck;	FTestSuck.HasNotTestYet() ||	
HELD	aTester_Front.cpp	9823	9825	1	W7c-I1	index arm (ruling 8)	GATE (W7c-I1)	fMain->chkReadTorque1->Checked=false;	
HELD	aTester_Front.cpp	9826	9828	1	W7c-I1	index arm (ruling 8)	GATE (W7c-I1)	fMain->chkReadTorque2->Checked=true;	
HELD	aTester_Front.cpp	9863	9873	9	W7F3-G03	index arm (ruling 8)	GATE W7F3-G03 -- golden :7345-:7353 EnableTraymapCheckFunction(int) (golden ainarm2.h:216, body ainarm2.cpp:3585).  NO port body and NO declaration anywhere: the ONLY textual hit in the whole port tree is the twin`s own 	if(EnableTraymapCheckFunction(0) &&	
HELD	aTester_Front.cpp	10896	10908	11	G-k6-1	index arm (ruling 8)	GOLDEN VERBATIM -- golden aTester_Front.cpp:8098-8108  (GATE G-k6-1, begin)	bool FTestNeedDestroy()	
HELD	aTester_Rear.cpp	2417	2437	19		index arm (ruling 8)	TODO(W5-Automation) -- golden :2145-2158 fSCKART->iInfo_MultiLotCnt / LotSummary.AddByLotLoadCount	if(fSCKART->iInfo_MultiLotCnt>1)	
HELD	aTester_Rear.cpp	2444	2446	1		index arm (ruling 8)	TODO(W7) -- golden :2165 fAutoTeach SetIndexBinError(1) (TfAutoTeach VCL form -- unlike chkReadTorque/edTorue1, NO FormsFacade/TU-local stand-in exists anywhere in the tree yet; pure UI auto-align marker, no state the SM	fAutoTeach->SetIndexBinError(1);                                                                        //JimmyChiu 20211020 : Auto alignmen	
HELD	aTester_Rear.cpp	3602	3604	1	G1	index arm (ruling 8)	[W7Bk4 GATE G1] golden :2663  SetHangupMaxTime() -- see GATE REGISTER in this part's banner	SetHangupMaxTime();                                                                                                                         	
HELD	aTester_Rear.cpp	3612	3614	1	G2	index arm (ruling 8)	[W7Bk4 GATE G2] golden :2671  fLotInfo->SetATCOffset(bool) -- see GATE REGISTER in this part's banner	fLotInfo->SetATCOffset(true);                                                                                                               	
HELD	aTester_Rear.cpp	3650	3652	1	G3	index arm (ruling 8)	[W7Bk4 GATE G3] golden :2707  fSocketCommunication->bSendBinMapReport -- see GATE REGISTER in this part's banner	fSocketCommunication->bSendBinMapReport=true;	
HELD	aTester_Rear.cpp	3851	3853	1	G4	index arm (ruling 8)	[W7Bk4 GATE G4] golden :2906  ATC_InterfaceForm->SiteTesting(int,bool*) -- see GATE REGISTER in this part's banner	ATC_InterfaceForm->SiteTesting(iATC_Use_Heat_Count, bATCSiteTest);	
HELD	aTester_Rear.cpp	3857	3859	1	G5	index arm (ruling 8)	[W7Bk4 GATE G5] golden :2910  ATCInterfaceForm->SendTestEnd(int) -- see GATE REGISTER in this part's banner	ATCInterfaceForm->SendTestEnd(1);	
HELD	aTester_Rear.cpp	3907	3909	1	G6	index arm (ruling 8)	[W7Bk4 GATE G6] golden :2958  ATC_InterfaceForm->SendHandler2DID(int,bool) -- see GATE REGISTER in this part's banner	ATC_InterfaceForm->SendHandler2DID(0, false);	
HELD	aTester_Rear.cpp	4076	4078	1	G7	index arm (ruling 8)	[W7Bk4 GATE G7] golden :3125  fSocketCommunication->bSendBinMapReport -- see GATE REGISTER in this part's banner	fSocketCommunication->bSendBinMapReport=true;	
HELD	aTester_Rear.cpp	4083	4085	1	G8	index arm (ruling 8)	[W7Bk4 GATE G8] golden :3130  SetHangupMaxTime() -- see GATE REGISTER in this part's banner	SetHangupMaxTime();                                                                                                                         	
HELD	aTester_Rear.cpp	4192	4194	1	G9	index arm (ruling 8)	[W7Bk4 GATE G9] golden :3237  ATC_InterfaceForm->SendHandler2DID(int,bool) -- see GATE REGISTER in this part's banner	ATC_InterfaceForm->SendHandler2DID(0, false);	
HELD	aTester_Rear.cpp	4491	4493	1	G10	index arm (ruling 8)	[W7Bk4 GATE G10] golden :3534  COM2->InitReadTorueTask() -- see GATE REGISTER in this part's banner	COM2->InitReadTorueTask();	
HELD	aTester_Rear.cpp	5146	5148	1	G-k6-1	index arm (ruling 8)	GATE G-k6-1 -- golden :3960 fContact->InitROILearningTask() has no port body (see GATE REGISTER)	fContact->InitROILearningTask();	
HELD	aTester_Rear.cpp	7513	7517	3	K1G1	index arm (ruling 8)	GATE K1G1 -- golden :5488 COM2->bRealTimeCom_ReceiveOK[COM2->rtFullTOK] (TCOM2Shim, atester_shims.h:420-460, declares NEITHER member)	if(COM2->bRealTimeCom_ReceiveOK[COM2->rtFullTOK])	
HELD	aTester_Rear.cpp	7525	7529	3	K1G1	index arm (ruling 8)	GATE K1G1 -- golden :5496 COM2->bRealTimeCom_ReceiveOK[COM2->rtFullTNG]	else if(COM2->bRealTimeCom_ReceiveOK[COM2->rtFullTNG])	
HELD	aTester_Rear.cpp	7533	7535	1	K1G1	index arm (ruling 8)	GATE K1G1 -- golden :5500 COM2->bRealTimeCom_ReceiveOK[] write (no such member; offline no-op)	COM2->bRealTimeCom_ReceiveOK[COM2->rtFullTNG]=false;	
HELD	aTester_Rear.cpp	7546	7551	4	K1G1	index arm (ruling 8)	GATE K1G1 -- golden :5511-5514 COM2->bRealTimeCom_ReceiveOK[] writes + COM2->SendCommToVision(rtCHECKNULL/rtFullTOK) (no such members; offline no-op)	COM2->bRealTimeCom_ReceiveOK[COM2->rtFullTOK]=false;	
HELD	aTester_Rear.cpp	7585	7589	3	K1G2	index arm (ruling 8)	GATE K1G2 -- golden :5548 COM2->RTC_AlarmType() (TCOM2Shim has no such method)	if(REAL_TIME_CCD==true && COM2->RTC_AlarmType())    //wei 20221222 RTC ARM Error	
HELD	aTester_Rear.cpp	7618	7620	1	K1G3	index arm (ruling 8)	GATE K1G3 -- golden :5577 ShowMyMessageUp(...) (no declaration anywhere in the ported tree; the ported operator dialogs are ShowMyMessage/ShowErrorMessage only). Offline: no-op, so case 57 spins on its own guard exactly 	ShowMyMessageUp("Test Bin error, must take out all IC for test.", "測試bin 設定有問題,將ARM 2 上產品取出", false);	
HELD	aTester_Rear.cpp	7685	7691	5	K1G4	index arm (ruling 8)	GATE K1G4 -- golden :5642-5646 fMesSystem->asGetRcsCheckingResult / ->GetRcsCheckingResult(true).  fMesSystem has NO home in the ported tree (every other consumer is itself #if 0: cprod.cpp:1259, atester.cpp:1361, csyste	if(fMesSystem->asGetRcsCheckingResult!="PASS")	
HELD	aTester_Rear.cpp	7710	7714	3	K1G2	index arm (ruling 8)	GATE K1G2 -- golden :5665 COM2->RTC_AlarmType()	if(REAL_TIME_CCD==true && COM2->RTC_AlarmType())    //wei 20221222 RTC ARM Error	
HELD	aTester_Rear.cpp	7754	7758	3	K1G2	index arm (ruling 8)	GATE K1G2 -- golden :5705 COM2->RTC_AlarmType()	if(COM2->RTC_AlarmType())       //wei 20221222 RTC ARM Error	
HELD	aTester_Rear.cpp	7776	7780	3	K1G1	index arm (ruling 8)	GATE K1G1 -- golden :5723 COM2->bRealTimeCom_ReceiveOK[COM2->rtALARMArm1NG]	if(COM2->bRealTimeCom_ReceiveOK[COM2->rtALARMArm1NG])           //wei 20221222 RTC ARM Error	
HELD	aTester_Rear.cpp	7801	7805	3	K1G1	index arm (ruling 8)	GATE K1G1 -- golden :5744 COM2->bRealTimeCom_ReceiveOK[COM2->rtALARMArm2NG]	else if(COM2->bRealTimeCom_ReceiveOK[COM2->rtALARMArm2NG])      //wei 20221222 RTC ARM Error	
HELD	aTester_Rear.cpp	7880	7883	2	K1G1	index arm (ruling 8)	GATE K1G1 -- golden :5819-5820 COM2->bRealTimeCom_ReceiveOK[] write + SendCommToVision(rtFullTOK) (offline no-op)	COM2->bRealTimeCom_ReceiveOK[COM2->rtFullTNG]=false;        //----- by dell ccd realtime-------------	
HELD	aTester_Rear.cpp	7890	7894	3	K1G1	index arm (ruling 8)	GATE K1G1 -- golden :5827 COM2->bRealTimeCom_ReceiveOK[COM2->rtFullTOK]	if(COM2->bRealTimeCom_ReceiveOK[COM2->rtFullTOK])	
HELD	aTester_Rear.cpp	7904	7906	1	K1G5	index arm (ruling 8)	GATE K1G5 -- golden :5837 fContact->InitROILearningTask() (TfContactShim, atester_shims.h:154-290, has no such method; atester.cpp:5537 already carries the same gap as a do{}while(0) macro). Offline no-op.	fContact->InitROILearningTask();	
HELD	aTester_Rear.cpp	7913	7915	1	K1G1	index arm (ruling 8)	GATE K1G1 -- golden :5844 COM2->RTC_ResetAlarm() (no such method; offline no-op)	COM2->RTC_ResetAlarm();     //wei 20221222 RTC ARM Error	
HELD	aTester_Rear.cpp	7920	7924	3	K1G1	index arm (ruling 8)	GATE K1G1 -- golden :5849 COM2->bRealTimeCom_ReceiveOK[COM2->rtFullTNG]	if(COM2->bRealTimeCom_ReceiveOK[COM2->rtFullTNG])	
HELD	aTester_Rear.cpp	7932	7936	3	K1G1	index arm (ruling 8)	GATE K1G1 -- golden :5857 COM2->OpenRTCComPortAgain() (no such method)	if(COM2->OpenRTCComPortAgain())                                 //ChungHung 20121005 add	
HELD	aTester_Rear.cpp	7961	7963	1	K1G5	index arm (ruling 8)	GATE K1G5 -- golden :5882 fContact->InitROILearningTask() (see :5837)	fContact->InitROILearningTask();	
HELD	aTester_Rear.cpp	7974	7978	3	K1G6	index arm (ruling 8)	GATE K1G6 -- golden :5893 fContact->Do_ROILearning(true): TfContactShim declares only the 0-ARG overload (atester_shims.h:224, real body atester_shims.cpp:237 returns true)	if(fContact->Do_ROILearning(true))	
HELD	aTester_Rear.cpp	8007	8009	1	K1G7	index arm (ruling 8)	GATE K1G7 -- golden :5922 CCDInterfaceForm->CloseCCDForm() (TCCDInterfaceFormShim, atester_shims.h:296-303, exposes only bAtestScanCCDProgram/CCDTimerOnOff/CCDRunExec). Offline no-op; the RecordProcess("Stop CCD check.")	CCDInterfaceForm->CloseCCDForm();	
HELD	aTester_Rear.cpp	8018	8021	2	K1G7	index arm (ruling 8)	GATE K1G7 -- golden :5931-5932 CCDInterfaceForm->CCDIdentificationOpen() / ->CCDIdentification() (no such methods). Offline no-op: no CCD program is launched.	CCDInterfaceForm->CCDIdentificationOpen();	
HELD	aTester_Rear.cpp	8029	8035	5	K1G7	index arm (ruling 8)	GATE K1G7 -- golden :5940-5941 CCDInterfaceForm->bCCDProgramExistence (no such member)	if(DoTestYRearDelay2.Off()==false ||	
HELD	aTester_Rear.cpp	8040	8042	1	K1G7	index arm (ruling 8)	GATE K1G7 -- golden :5946 CCDInterfaceForm->CCDIdentificationOpen() (see :5931)	CCDInterfaceForm->CCDIdentificationOpen();	
HELD	aTester_Rear.cpp	8048	8068	19	K1G7	index arm (ruling 8)	GATE K1G7 -- golden :5952-5970 CCDInterfaceForm->bIdentificationFinish / ->iIdentificationStatus (no such members), and inside it TWO further absences: SW[SwCCDLight].Off() (see GATE K1G8) and fShowMessage->FormClick(fSh	if(CCDInterfaceForm->bIdentificationFinish==true)	
HELD	aTester_Rear.cpp	8073	8075	1	K1G7	index arm (ruling 8)	GATE K1G7 -- golden :5975 CCDInterfaceForm->RetrunUpStep() (no such method; offline no-op)	CCDInterfaceForm->RetrunUpStep();	
HELD	aTester_Rear.cpp	8078	8080	1	K1G7	index arm (ruling 8)	GATE K1G7 -- golden :5978 CCDInterfaceForm->CloseCCDForm() (see :5922)	CCDInterfaceForm->CloseCCDForm();	
HELD	aTester_Rear.cpp	8530	8532	1	K1G1	index arm (ruling 8)	GATE K1G1 -- golden :6416 COM2->SendCommToVision(COM2->rtArmIndex1, true) (offline no-op)	COM2->SendCommToVision(COM2->rtArmIndex1, true);	
HELD	aTester_Rear.cpp	8538	8540	1	K1G1	index arm (ruling 8)	GATE K1G1 -- golden :6422 COM2->SendCommToVision(COM2->rtCHECKNULL, true) (offline no-op)	COM2->SendCommToVision(COM2->rtCHECKNULL, true);	
HELD	aTester_Rear.cpp	8564	8566	1	K1G1	index arm (ruling 8)	GATE K1G1 -- golden :6446 COM2->SendCommToVision(COM2->rtArmIndex1, true) (offline no-op)	COM2->SendCommToVision(COM2->rtArmIndex1, true);	
HELD	aTester_Rear.cpp	8572	8574	1	K1G1	index arm (ruling 8)	GATE K1G1 -- golden :6452 COM2->SendCommToVision(COM2->rtCHECKIC, true) (offline no-op)	COM2->SendCommToVision(COM2->rtCHECKIC, true);	
HELD	aTester_Rear.cpp	8651	8653	1	K1G13	index arm (ruling 8)	GATE K1G13 -- golden :6529 SaveFile(asHandlePath, sBufferT).  SaveFile itself IS ported (csystem.h:259) -- it is asHandlePath (common.h:116, common.cpp:185) that is UNREACHABLE from this TU: aArmHeader.h keeps its whole 	SaveFile(asHandlePath, sBufferT);                       //kevin 20190411 add log	
HELD	aTester_Rear.cpp	8658	8660	1	K1G13	index arm (ruling 8)	GATE K1G13 -- golden :6534 SaveFile(asHandlePath, sBufferT) (see :6529)	SaveFile(asHandlePath, sBufferT);                       //kevin 20190411 add log	
HELD	aTester_Rear.cpp	8757	8759	1		index arm (ruling 8)	TODO(G01) AI(W7B-DoTestYRear-c2) 20260810 -- golden :6629 ShowMainScreenPresure(0) -- golden main.h free function, NO body anywhere in the port tree (atester.cpp carries a TU-local W7T1_ShowMainScreenPresure stand-in; th	ShowMainScreenPresure(0);                                                                                                                   	
HELD	aTester_Rear.cpp	8772	8776	3		index arm (ruling 8)	TODO(G02) AI(W7B-DoTestYRear-c2) 20260810 -- golden :6642-6644 ShowMainScreenPresure(0) -- same gap as G01. The WHOLE if-statement is gated (not just the call) because golden has no braces here: gating only the call woul	if(USE_ReadIndex_TOQUE==false &&	
HELD	aTester_Rear.cpp	8804	8811	6		index arm (ruling 8)	TODO(G03) AI(W7B-DoTestYRear-c2) 20260810 -- golden :6672-6677 fMesSystem->asGetRcsCheckingResult (golden Mes/fVATMesFileSys.h:204) -- fMesSystem is not declared anywhere in the port. Gated arm is unreachable offline any	if(LastSet.iRunStartMode!=rsmAutoSiteMap &&	
HELD	aTester_Rear.cpp	8920	8925	4		index arm (ruling 8)	TODO(G04) AI(W7B-DoTestYRear-c2) 20260810 -- golden :6786-6789 ScanBtnThd->Stop() (golden ScanBtnThread) -- no port declaration. Offline: the RTC scan thread does not exist, so there is nothing to stop.	if(REAL_TIME_CCD==true)	
HELD	aTester_Rear.cpp	8929	8931	1		index arm (ruling 8)	TODO(G22) AI(W7B-DoTestYRear-c2) 20260810 -- golden :6793 fHome->GaliMotorServoOff(AnsiString) (golden uhome.h:77). TfHome DOES exist in the port (forms/fHome.h) but DELIBERATELY omits this member -- forms/fHome.h:30-34 	fHome->GaliMotorServoOff("DoTestYRear");                                                                                        //Steven 202	
HELD	aTester_Rear.cpp	8940	8945	4		index arm (ruling 8)	TODO(G05) AI(W7B-DoTestYRear-c2) 20260810 -- golden :6802-6805 ScanBtnThd->Stop() -- same gap as G04.	if(REAL_TIME_CCD==true)	
HELD	aTester_Rear.cpp	8991	9028	36		index arm (ruling 8)	TODO(G06) AI(W7B-DoTestYRear-c2) 20260810 -- golden :6851-6886 WHOLE RTC/CCD half-view send-and-wait region. Absent: COM2->SendCommToVision / ->rtArmIndex1 / ->OpenRTCComPortAgain, ScanBtnThd->Start(), fLotInfo->ALed2. B	if(REAL_TIME_CCD==true &&                                                                                                                   	
HELD	aTester_Rear.cpp	9037	9114	76		index arm (ruling 8)	TODO(G07) AI(W7B-DoTestYRear-c2) 20260810 -- golden :6895-6970 WHOLE RTC arm-state result region (incl. the #ifdef RTCErrorType arms, which ARE live in this tree -- MachineType.h:60). Absent: ScanBtnThd->GetArmState()/Se	if(REAL_TIME_CCD && COM2->bCCDDummyRum==false)                                                                                              	
HELD	aTester_Rear.cpp	9192	9195	2		index arm (ruling 8)	TODO(G08) AI(W7B-DoTestYRear-c2) 20260810 -- golden :7048-7049 COM2->bGetValue (golden rs232.h) -- not a TCOM2Shim member. Leaves the TorqueUseHPComCard arm empty; UNREACHABLE OFFLINE because TorqueUseHPComCard=false (cm	if(COM2->bGetValue)	
HELD	aTester_Rear.cpp	9239	9241	1		index arm (ruling 8)	TODO(G09) AI(W7B-DoTestYRear-c2) 20260810 -- golden :7093 ATC_InterfaceForm->HandlerArm(0) -- TATC_InterfaceFormShim (acarry_shims.h:109-115) exposes only iATC_MODE_TYPE. Pure notify-ATC-which-arm message, no state this 	ATC_InterfaceForm->HandlerArm(0);	
HELD	aTester_Rear.cpp	9245	9247	1		index arm (ruling 8)	TODO(G10) AI(W7B-DoTestYRear-c2) 20260810 -- golden :7097 fContact->ATC_SwitchTjSignal(1,false) (golden cContact.h:603) -- TfContactShim has no such member and cContact.cpp is untranslated. Outbound ATC TJ signal only.	fContact->ATC_SwitchTjSignal(1, false);                                                                                                 //If	
HELD	aTester_Rear.cpp	9277	9279	1		index arm (ruling 8)	TODO(G11) AI(W7B-DoTestYRear-c2) 20260810 -- golden :7127 ShowMainScreenPresure(0) -- same gap as G01.	ShowMainScreenPresure(0);                                                                                                               //jo	
HELD	aTester_Rear.cpp	9283	9290	6		index arm (ruling 8)	TODO(G12) AI(W7B-DoTestYRear-c2) 20260810 -- golden :7131-7136 RTC arm-finish notify block. Absent: COM2->SendCommToVision/->rtArmFinish, ScanBtnThd->Stop(). BEHAVIOUR-NEUTRAL OFFLINE (head requires COM2->bCCDDummyRum==f	if(REAL_TIME_CCD && COM2->bCCDDummyRum==false)	
HELD	aTester_Rear.cpp	9324	9326	1	W7b-I1	index arm (ruling 8)	GATE (W7b-I1)	ATCInterfaceForm->ATC_SYS.SetNowArm(0);                                                                                             //ATC	
HELD	aTester_Rear.cpp	9331	9333	1	W7b-I1	index arm (ruling 8)	GATE (W7b-I1)	ATCInterfaceForm->ATC_60_SYS.SetHandlerNowArm(0);	
HELD	aTester_Rear.cpp	9410	9412	1		index arm (ruling 8)	TODO(G13) AI(W7B-DoTestYRear-c2) 20260810 -- golden :7237 fMain->edTorue0 (golden main.h) -- this file's W64bT2_TfMainTorqueSeam (aTester_Rear.cpp:1019-1031) carries chkReadTorque1/2 + edTorue1 but NOT edTorue0, and the 	fMain->edTorue0->Text="";	
HELD	aTester_Rear.cpp	9420	9422	1		index arm (ruling 8)	TODO(G14) AI(W7B-DoTestYRear-c2) 20260810 -- golden :7245 fMain->edTorue0 -- same gap as G13.	fMain->edTorue0->Text="";	
HELD	aTester_Rear.cpp	9744	9746	1		index arm (ruling 8)	TODO(G17) AI(W7B-DoTestYRear-c2) 20260810 -- golden :7561 ShowMainScreenPresure(0) -- same gap as G01.	ShowMainScreenPresure(0);                                                                       //kevin 20201027  //jou 2010-06-23 畫面Z1,Z2 e	
HELD	aTester_Rear.cpp	9793	9803	9		index arm (ruling 8)	TODO(G18) AI(W7B-DoTestYRear-c2) 20260810 -- golden :7608-7616 EnableTraymapCheckFunction(int) (golden ainarm2.h:216, body ainarm2.cpp:3585) -- no port body. Offline: condition reads false, so the auto-skip HangTime re-a	if(EnableTraymapCheckFunction(0) &&	
HELD	aTester_Rear.cpp	10317	10319	1	W7R3-G02	index arm (ruling 8)	GATE W7R3-G02 -- golden :8124 fMain->edTorue0 (golden main.h:466 TEdit*). FormsFacade TfMain has NO edTorue0 -- forms/fMain.h:386-402 records it as DELIBERATELY not added -- and this file's W64bT2_TfMainTorqueSeam carrie	fMain->edTorue0->Text="";	
HELD	aTester_Rear.cpp	10503	10506	2	W7R3-G04	index arm (ruling 8)	GATE W7R3-G04 -- golden :8304-8305 COM2->SendCommToVision(COM2->rtArmIndex2/rtCHECKIC, true). None of the three tokens exists on the SHARED TCOM2Shim (atester_shims.h:420-461 = bCCDDummyRum / DoReleaseAndInspEnd / ATCAla	COM2->SendCommToVision(COM2->rtArmIndex2, true);	
HELD	aTester_Rear.cpp	10508	10510	1	W7R3-G05	index arm (ruling 8)	GATE W7R3-G05 -- golden :8307 ScanBtnThd->Start(). The global scan-button thread pointer is declared NOWHERE in the port: class ScanBtn exists (ScanBtnThread.h:63) but no `ScanBtn *ScanBtnThd` object, and the only two te	ScanBtnThd->Start();	
HELD	aTester_Rear.cpp	10872	10892	19	W7R3-G09	index arm (ruling 8)	GATE W7R3-G09 -- golden :8663-8681, the body of case 11020's RTC block. SIX absent symbols, all of them only on TU-local seams elsewhere: ScanBtnThd (see GATE W7R3-G05), COM2->bRealTimeCom_ReceiveOK[], COM2->rtAlarHasIC,	if(ScanBtnThd->GetArmState())	
HELD	aTester_Rear.cpp	10913	10915	1	W7R3-G10	index arm (ruling 8)	GATE W7R3-G10 -- golden :8702 ScanBtnThd->Stop(); same absent global as GATE W7R3-G05. Narrowed to the single call: golden's two enclosing guards on :8696-8701 stay LIVE.	ScanBtnThd->Stop();	
HELD	aTester_Rear.cpp	10923	10925	1	W7R3-G11	index arm (ruling 8)	GATE W7R3-G11 -- golden :8710 ATC_InterfaceForm->HandlerArm(1). TATC_InterfaceFormShim (acarry_shims.h:109-115) carries iATC_MODE_TYPE ONLY. TRAP-5 WARNING for whoever retires this: the `HandlerArm` token DOES exist in t	ATC_InterfaceForm->HandlerArm(1);	
HELD	aTester_Rear.cpp	10929	10931	1	W7R3-G12	index arm (ruling 8)	GATE W7R3-G12 -- golden :8714 fContact->ATC_SwitchTjSignal(2). The token ATC_SwitchTjSignal exists NOWHERE in the port tree (not even on a TU-local seam); TfContactShim (atester_shims.h:154+) has no such method. Offline:	fContact->ATC_SwitchTjSignal(2);                                                                    //Ifor 20210622 add: ATC Switch TJ	
HELD	aTester_Rear.cpp	11128	11131	2	W7R3-G15	index arm (ruling 8)	GATE W7R3-G15 -- golden :8909-8910 COM2->SendCommToVision(COM2->rtArmIndex1/rtCHECKIC, true); the arm-1 twin of GATE W7R3-G04, same three absent tokens. golden :8911 bRealCCDSendArm=false stays LIVE. GOLDEN ODDITY PRESER	COM2->SendCommToVision(COM2->rtArmIndex1, true);	
HELD	aTester_Rear.cpp	11133	11135	1	W7R3-G16	index arm (ruling 8)	GATE W7R3-G16 -- golden :8912 ScanBtnThd->Start(); arm-1 twin of GATE W7R3-G05, same absent global.	ScanBtnThd->Start();	
HELD	aTester_Rear.cpp	11252	11272	19	W7R3-G17	index arm (ruling 8)	GATE W7R3-G17 -- golden :9029-9047, the arm-1 twin of GATE W7R3-G09 (same six absent ScanBtnThd/COM2 symbols, same un-narrowable outer predicate ScanBtnThd->GetArmState()). golden's `if(REAL_TIME_CCD && COM2->bCCDDummyRu	if(ScanBtnThd->GetArmState())	
HELD	aTester_Rear.cpp	11305	11307	1	W7R3-G18	index arm (ruling 8)	GATE W7R3-G18 -- golden :9080 ScanBtnThd->Stop(); arm-1 twin of GATE W7R3-G10.	ScanBtnThd->Stop();	
HELD	aTester_Rear.cpp	11315	11317	1	W7R3-G19	index arm (ruling 8)	GATE W7R3-G19 -- golden :9088 ATC_InterfaceForm->HandlerArm(0); arm-1 twin of GATE W7R3-G11, same absent shim method and same TRAP-5 name-collision warning.	ATC_InterfaceForm->HandlerArm(0);	
HELD	aTester_Rear.cpp	11321	11323	1	W7R3-G20	index arm (ruling 8)	GATE W7R3-G20 -- golden :9092 fContact->ATC_SwitchTjSignal(1); arm-1 twin of GATE W7R3-G12, same absent method.	fContact->ATC_SwitchTjSignal(1);                                                                    //Ifor 20210622 add: ATC Switch TJ	
HELD	aTester_Rear.cpp	11747	11759	11	G-k7-1	index arm (ruling 8)	GOLDEN VERBATIM -- golden aTester_Rear.cpp:9323-9333  (GATE G-k7-1, begin)	bool BTestNeedDestroy()	
HELD	adam6024.cpp	862	871	8	W906-P2B-CONTACTDISPLAY	laptop EP (redo in progress)	GATE (W906-P2B-CONTACTDISPLAY): 缺 KpaTransferKG 與 fContact 的三個 widget	double dbTransferKg = KpaTransferKG(fInputMPA*1000);                    //Ifor 20150907 :新增顯示目前下壓公斤數與EP轉換公斤數	
HELD	atester.cpp	916	918	1		index arm -- waits for the user's BCB6 9050 index flow (ruling 8)	TODO(W906-GB-P2b): T01 `Byte` (Borland System.hpp typedef) is not declared by atester.cpp's include closure (V906 has it only in Interface/InterfaceSYS.h:36 and BinDisplay/MyBinDisp.h:490, neither included) -- golden ate	static Byte BarCodeMess[2048];	
HELD	atester.cpp	987	989	1		index arm -- waits for the user's BCB6 9050 index flow (ruling 8)	TODO(W906-GB-P2b): T01 BarCodeMess (T01) -- its only use -- golden atester.cpp:923	memset(BarCodeMess, '\0', sizeof(BarCodeMess));	
HELD	atester.cpp	1123	1127	3		index arm -- waits for the user's BCB6 9050 index flow (ruling 8)	TODO(W906-GB-P2b): T03 TfBarCode (BarCode/BarCode.h:40-88) has no DoBarcodeCSVCompare -- golden atester.cpp:1057	(fBarCode->DoBarcodeCSVCompare(TestSocket.cDeviceInf[i][j])==1))	
HELD	atester.cpp	1282	1286	3		index arm -- waits for the user's BCB6 9050 index flow (ruling 8)	TODO(W906-GB-P2b): T04 ATC_InterfaceForm is declared only in acarry_shims.h:115 (TATC_InterfaceFormShim, iATC_MODE_TYPE only, offline 0) and ATC_TYPE_60/70 only in forms/fATCHandlerSide.h:695/697; neither header is inclu	if(ATC_InterfaceForm->iATC_MODE_TYPE==ATC_TYPE_70 &&	
HELD	atester.cpp	1303	1306	2		index arm -- waits for the user's BCB6 9050 index flow (ruling 8)	TODO(W906-GB-P2b): T05 fContact is TfContactShim (atester_shims.h:154-250): no labDelayStatus / lblCountDown / pnlHandlerSatus (the real TfContact, forms/fContact.h:1177-1179, has no `fContact` global); brace-less if goe	if(fContact->fShow)	
HELD	atester.cpp	1460	1464	3		index arm -- waits for the user's BCB6 9050 index flow (ruling 8)	TODO(W906-GB-P2b): T06 WaitManualStartKey is declared in ckernel.h:96, which atester.cpp does not include -- golden atester.cpp:1384	if(WaitManualStartKey()==false)	
HELD	atester.cpp	1472	1476	3		index arm -- waits for the user's BCB6 9050 index flow (ruling 8)	TODO(W906-GB-P2b): T07 fMesSystem is declared in forms/fMesSystem.h:715, which atester.cpp does not include -- golden atester.cpp:1392	if(fMesSystem->GetRcsCheckingResult(false)==false)	
HELD	atester.cpp	1480	1484	3		index arm -- waits for the user's BCB6 9050 index flow (ruling 8)	TODO(W906-GB-P2b): T08 TfAutomationShim (atester_shims.h:313-333) has no HANARMSRunCheckOK -- golden atester.cpp:1396	if(fAutomation && fAutomation->HANARMSRunCheckOK(true)==false)      //RogerYang 20260902 : A76 HANA RMS recipe 互鎖	
HELD	atester.cpp	1511	1516	4		index arm -- waits for the user's BCB6 9050 index flow (ruling 8)	TODO(W906-GB-P2b): T09 TfMain (forms/fMain.h) has no pcCommView / pgcTorque -- golden atester.cpp:1423-1424	fMain->pcCommView->ActivePageIndex==0 &&	
HELD	atester.cpp	1527	1529	1		index arm -- waits for the user's BCB6 9050 index flow (ruling 8)	TODO(W906-GB-P2b): T04 StartTesting (T04) -- golden atester.cpp:1435	ATC_InterfaceForm->StartTesting();                          //JerryYang 20220815 : send ATC start testing	
HELD	atester.cpp	1602	1604	1		index arm -- waits for the user's BCB6 9050 index flow (ruling 8)	TODO(W906-GB-P2b): T11 ATCInterfaceForm is declared in ATC/ATCInterface.h:528, which atester.cpp does not include (same gate as aTester_Front.cpp G4) -- golden atester.cpp:1508	ATCInterfaceForm->ATC_60_SYS.SendTestStart(1);	
HELD	atester.cpp	1607	1610	2		index arm -- waits for the user's BCB6 9050 index flow (ruling 8)	TODO(W906-GB-P2b): T04 SiteTesting (T04); the brace-less if goes with its statement -- golden atester.cpp:1511-1512	if(ATC_SYSTEM==eNewATCSystem)                                                                           //Ifor 20160516 修改ATC Heat 設定數	
HELD	atester.cpp	1639	1641	1		index arm -- waits for the user's BCB6 9050 index flow (ruling 8)	TODO(W906-GB-P2b): T12 _RunTestProgram_BarMess / _RunTestProgram are declared in Interface/InterfaceSYS.h:353-354 (not included); SPEA Interface.exe path is out of scope (TesterComm/Handler/TRANSLATION_RULES.md rule 5) -	_RunTestProgram_BarMess(sizeof(flag2), flag2, StrBarCodeAll.Length(), StrBarCodeAll.c_str());	
HELD	atester.cpp	1645	1647	1		index arm -- waits for the user's BCB6 9050 index flow (ruling 8)	TODO(W906-GB-P2b): T12 _RunTestProgram (T12) -- golden atester.cpp:1545	_RunTestProgram(sizeof(flag2), flag2);	
HELD	atester.cpp	1657	1659	1		index arm -- waits for the user's BCB6 9050 index flow (ruling 8)	TODO(W906-GB-P2b): T11 ATCInterfaceForm (T11) -- golden atester.cpp:1555	ATCInterfaceForm->SendTestStart(Type);	
HELD	atester.cpp	1742	1745	2		index arm -- waits for the user's BCB6 9050 index flow (ruling 8)	TODO(W906-GB-P2b): T13 FormHS is not declared by atester.cpp's include closure (only Automation/SCK_ART_Remainder.h:629 / forms/fHS.h); RecordArmTestInfoLog_HS also writes a log file -- golden atester.cpp:1638-1639	sArmTestInfoEvenLogFile=FormHS->GetLastFileLogName_HS(5);	
HELD	atester.cpp	1787	1789	1		index arm -- waits for the user's BCB6 9050 index flow (ruling 8)	TODO(W906-GB-P2b): T11 ATCInterfaceForm (T11) -- golden atester.cpp:1681	ATCInterfaceForm->SendTestEnd(Type);	
HELD	atester.cpp	1792	1796	3		index arm -- waits for the user's BCB6 9050 index flow (ruling 8)	TODO(W906-GB-P2b): T04 iATC_MODE_TYPE (T04) -- golden atester.cpp:1684	if(ATC_InterfaceForm->iATC_MODE_TYPE==ATC_TYPE_70 &&	
HELD	atester.cpp	1803	1805	1		index arm -- waits for the user's BCB6 9050 index flow (ruling 8)	TODO(W906-GB-P2b): T04 UseTSD_Function (T04) -- golden atester.cpp:1691	ATC_InterfaceForm->UseTSD_Function(4, iSiteOn);                                                     //Ifor 20160823 add Site Count	
HELD	atester.cpp	1811	1813	1		index arm -- waits for the user's BCB6 9050 index flow (ruling 8)	TODO(W906-GB-P2b): T11 ATCInterfaceForm (T11) -- golden atester.cpp:1697	ATCInterfaceForm->ATC_60_SYS.SendTestStart(0);	
HELD	atester.cpp	1870	1874	3		index arm -- waits for the user's BCB6 9050 index flow (ruling 8)	TODO(W906-GB-P2b): T14 TfBarCode (BarCode/BarCode.h:40-88) has no GotBinFrom2DSortList / b2DIDIsInsideList / b2DIDIsInsideToErrorBin -- golden atester.cpp:1754	iTempBin=fBarCode->GotBinFrom2DSortList(Str);                                   //Steven 20240515 : modified for 2D sort	
HELD	atester.cpp	1888	1890	1		index arm -- waits for the user's BCB6 9050 index flow (ruling 8)	TODO(W906-GB-P2b): T15 EventReport / SECS_EVENT are declared in SECSGEM/SecsEventReport.h:55 / SECSGEM/SecsEventType.h:340, neither included -- golden atester.cpp:1768	EventReport(SECS_EVENT.UnexpectedUNITIDRead);	
HELD	atester.cpp	1901	1905	3		index arm -- waits for the user's BCB6 9050 index flow (ruling 8)	TODO(W906-GB-P2b): T14 b2DIDIsInsideList (T14) -- golden atester.cpp:1779	ret=fBarCode->b2DIDIsInsideList(i, j);	
HELD	atester.cpp	1918	1922	3		index arm -- waits for the user's BCB6 9050 index flow (ruling 8)	TODO(W906-GB-P2b): T14 b2DIDIsInsideToErrorBin (T14) -- golden atester.cpp:1792	ret=fBarCode->b2DIDIsInsideToErrorBin(i, j);	
HELD	atester.cpp	2025	2028	2		index arm -- waits for the user's BCB6 9050 index flow (ruling 8)	TODO(W906-GB-P2b): T13 FormHS (T13) -- golden atester.cpp:1895-1896	sArmTestInfoEvenLogFile = FormHS->GetLastFileLogName_HS(5);	
HELD	atester.cpp	2064	2317	252		index arm -- waits for the user's BCB6 9050 index flow (ruling 8)	TODO(W906-GB-P2b): T17 user ruling -- new machines use RS232Standard for TTL, direct-card branch not ported (cases 100/200/250/260/265/270/300) -- golden atester.cpp:1932-2183	case 100:                                                               // TTL use 應該事先清	
HELD	atester.cpp	2340	2342	1		index arm -- waits for the user's BCB6 9050 index flow (ruling 8)	TODO(W906-GB-P2b): T04 UseTSD_Function (T04) -- golden atester.cpp:2206	ATC_InterfaceForm->UseTSD_Function(4, iSiteOn);                                                             //Ifor 20160823 add Site Count	
HELD	atester.cpp	2346	2350	3		index arm -- waits for the user's BCB6 9050 index flow (ruling 8)	TODO(W906-GB-P2b): T04 bGetATC_SEND_TEMP_READY (T04) -- golden atester.cpp:2210	if(ATC_InterfaceForm->bGetATC_SEND_TEMP_READY==true)	
HELD	atester.cpp	2355	2357	1		index arm -- waits for the user's BCB6 9050 index flow (ruling 8)	TODO(W906-GB-P2b): T18 TfMain (forms/fMain.h) has no memoTSD -- golden atester.cpp:2215	fMain->memoTSD->AddTextWithDateTime(Str);                       //Steven 20161208 (jou) : Record TSD time data	
HELD	atester.cpp	2421	2426	4		index arm -- waits for the user's BCB6 9050 index flow (ruling 8)	TODO(W906-GB-P2b): T19 fTemp_Set is declared in forms/fTemp_Set.h:1563, which atester.cpp does not include (display writes only) -- golden atester.cpp:2279-2282	fTemp_Set->edtIdleTime_Mid->Text        =FormatFloat("0.0", iBoostEotToSotTime);	
HELD	atester.cpp	2428	2430	1		index arm -- waits for the user's BCB6 9050 index flow (ruling 8)	TODO(W906-GB-P2b): T20 TfLotInfo (forms/fLotInfo.h:1413-2314) has no SetATCOffset (same gate as aTester_Front.cpp G1) -- golden atester.cpp:2284	fLotInfo->SetATCOffset(true);                                       //Steven 20180817 : Boost Function	
HELD	atester.cpp	2438	2441	2		index arm -- waits for the user's BCB6 9050 index flow (ruling 8)	TODO(W906-GB-P2b): T05 fContact widget (T05) -- golden atester.cpp:2292-2293	if(fContact->fShow)	
HELD	atester.cpp	2467	2470	2		index arm -- waits for the user's BCB6 9050 index flow (ruling 8)	TODO(W906-GB-P2b): T04 iATC_MODE_TYPE/ATC_TYPE_60 (T04) + fTemp_Set (T19); brace-less if -- golden atester.cpp:2319-2320	if(ATC_InterfaceForm->iATC_MODE_TYPE==ATC_TYPE_60)	
HELD	atester.cpp	2498	2501	2		index arm -- waits for the user's BCB6 9050 index flow (ruling 8)	TODO(W906-GB-P2b): T05 fContact widget (T05) -- golden atester.cpp:2348-2349	if(fContact->fShow)	
HELD	atester.cpp	2514	2517	2		index arm -- waits for the user's BCB6 9050 index flow (ruling 8)	TODO(W906-GB-P2b): T05 fContact widget (T05) -- golden atester.cpp:2362-2363	if(fContact->fShow)	
HELD	atester.cpp	2527	2530	2		index arm -- waits for the user's BCB6 9050 index flow (ruling 8)	TODO(W906-GB-P2b): T05 fContact widget (T05) -- golden atester.cpp:2373-2374	if(fContact->fShow)	
HELD	atester.cpp	2544	2547	2		index arm -- waits for the user's BCB6 9050 index flow (ruling 8)	TODO(W906-GB-P2b): T05 fContact widget (T05) -- golden atester.cpp:2388-2389	if(fContact->fShow)	
HELD	atester.cpp	2552	2555	2		index arm -- waits for the user's BCB6 9050 index flow (ruling 8)	TODO(W906-GB-P2b): T05 fContact widget (T05) -- golden atester.cpp:2394-2395	if(fContact->fShow)	
HELD	atester.cpp	2572	2575	2		index arm -- waits for the user's BCB6 9050 index flow (ruling 8)	TODO(W906-GB-P2b): T05 fContact widget (T05) -- golden atester.cpp:2412-2413	if(fContact->fShow)	
HELD	atester.cpp	2584	2587	2		index arm -- waits for the user's BCB6 9050 index flow (ruling 8)	TODO(W906-GB-P2b): T05 fContact widget (T05) -- golden atester.cpp:2422-2423	if(fContact->fShow)	
HELD	atester.cpp	2607	2610	2		index arm -- waits for the user's BCB6 9050 index flow (ruling 8)	TODO(W906-GB-P2b): T05 fContact widget (T05) -- golden atester.cpp:2443-2444	if(fContact->fShow)	
HELD	atester.cpp	2623	2626	2		index arm -- waits for the user's BCB6 9050 index flow (ruling 8)	TODO(W906-GB-P2b): T05 fContact widget (T05) -- golden atester.cpp:2457-2458	if(fContact->fShow)	
HELD	atester.cpp	2648	2651	2		index arm -- waits for the user's BCB6 9050 index flow (ruling 8)	TODO(W906-GB-P2b): T05 fContact widget (T05) -- golden atester.cpp:2480-2481	if(fContact->fShow)	
HELD	atester.cpp	2656	2659	2		index arm -- waits for the user's BCB6 9050 index flow (ruling 8)	TODO(W906-GB-P2b): T05 fContact widget (T05) -- golden atester.cpp:2486-2487	if(fContact->fShow)	
HELD	atester.cpp	2689	2692	2		index arm -- waits for the user's BCB6 9050 index flow (ruling 8)	TODO(W906-GB-P2b): T04 iATC_MODE_TYPE/ATC_TYPE_60 (T04) + fTemp_Set (T19); brace-less if -- golden atester.cpp:2517-2518	if(ATC_InterfaceForm->iATC_MODE_TYPE==ATC_TYPE_60)	
HELD	atester.cpp	2695	2698	2		index arm -- waits for the user's BCB6 9050 index flow (ruling 8)	TODO(W906-GB-P2b): T05 fContact widget (T05) -- golden atester.cpp:2521-2522	if(fContact->fShow)	
HELD	atester.cpp	2707	2710	2		index arm -- waits for the user's BCB6 9050 index flow (ruling 8)	TODO(W906-GB-P2b): T05 fContact widget (T05) -- golden atester.cpp:2531-2532	if(fContact->fShow)	
HELD	atester.cpp	2731	2734	2		index arm -- waits for the user's BCB6 9050 index flow (ruling 8)	TODO(W906-GB-P2b): T05 fContact widget (T05) -- golden atester.cpp:2553-2554	if(fContact->fShow)	
HELD	atester.cpp	2745	2748	2		index arm -- waits for the user's BCB6 9050 index flow (ruling 8)	TODO(W906-GB-P2b): T05 fContact widget (T05) -- golden atester.cpp:2565-2566	if(fContact->fShow)	
HELD	atester.cpp	3021	3023	1		index arm -- waits for the user's BCB6 9050 index flow (ruling 8)	TODO(W906-GB-P2b): R01 fLotInfo->SaveASECLNewTestLogInfo is not a TfLotInfo member (forms/fLotInfo.h, :1070 lists it untranslated; SAFETY: a log-file writer) -- golden atester.cpp:2764 (912; 906 :2744)	fLotInfo->SaveASECLNewTestLogInfo(i, j, TestSocket.iBinData[i][j]);                         //JerryYang 20250120 : add	
HELD	atester.cpp	3033	3035	1		index arm -- waits for the user's BCB6 9050 index flow (ruling 8)	TODO(W906-GB-P2b): R01 fLotInfo->SaveASECLNewTestLogInfo is not a TfLotInfo member (forms/fLotInfo.h, :1070 lists it untranslated; SAFETY: a log-file writer) -- golden atester.cpp:2774 (912; 906 :2754)	fLotInfo->SaveASECLNewTestLogInfo(i, j, TestSocket.iBinData[i][j]);                         //JerryYang 20250120 : add	
HELD	atester.cpp	3042	3044	1		index arm -- waits for the user's BCB6 9050 index flow (ruling 8)	TODO(W906-GB-P2b): R01 fLotInfo->SaveASECLNewTestLogInfo is not a TfLotInfo member (forms/fLotInfo.h, :1070 lists it untranslated; SAFETY: a log-file writer) -- golden atester.cpp:2781 (912; 906 :2761)	fLotInfo->SaveASECLNewTestLogInfo(i, j, TestSocket.iBinData[i][j]);                         //JerryYang 20250120 : add	
HELD	atester.cpp	3051	3053	1		index arm -- waits for the user's BCB6 9050 index flow (ruling 8)	TODO(W906-GB-P2b): R01 fLotInfo->SaveASECLNewTestLogInfo is not a TfLotInfo member (forms/fLotInfo.h, :1070 lists it untranslated; SAFETY: a log-file writer) -- golden atester.cpp:2788 (912; 906 :2768)	fLotInfo->SaveASECLNewTestLogInfo(i, j, TestSocket.iBinData[i][j]);                         //JerryYang 20250120 : add	
HELD	atester.cpp	3070	3072	1		index arm -- waits for the user's BCB6 9050 index flow (ruling 8)	TODO(W906-GB-P2b): R02 fShowBinSelect is not reachable from atester.cpp's includes (forms/fShowBinSelect.h:1133) and TfShowBinSelect has no IntervalByTotalCount (UI label) -- golden atester.cpp:2805 (912; 906 :2785)	fShowBinSelect->IntervalByTotalCount->Caption=iYieldTotalCount;	
HELD	atester.cpp	3117	3121	3		index arm -- waits for the user's BCB6 9050 index flow (ruling 8)	TODO(W906-GB-P2b): R03 TfBarCode has no b2DIDIsInsideToErrorBin (BarCode/BarCode.h:25-88; unported, BarCode/BarCode_Bottom2DID.h:155-159) -- golden atester.cpp:2850 (912; 906 :2830)	int k=fBarCode->b2DIDIsInsideToErrorBin(i, j);	
HELD	atester.cpp	3142	3146	3		index arm -- waits for the user's BCB6 9050 index flow (ruling 8)	TODO(W906-GB-P2b): R03 TfBarCode has no b2DIDIsInsideToErrorBin (BarCode/BarCode.h:25-88; unported, BarCode/BarCode_Bottom2DID.h:155-159) -- golden atester.cpp:2871 (912; 906 :2851)	int k=fBarCode->b2DIDIsInsideToErrorBin(i, j);	
HELD	atester.cpp	3306	3309	2		index arm -- waits for the user's BCB6 9050 index flow (ruling 8)	TODO(W906-GB-P2b): R04 ATC_InterfaceForm is not reachable from atester.cpp's includes (only acarry_shims.h:115 TATC_InterfaceFormShim, iATC_MODE_TYPE only; real class forms/fATCHandlerSide.h:845/:847 has no global) -- go	ATC_InterfaceForm->TestFinish();	
HELD	atester.cpp	3473	3476	2		index arm -- waits for the user's BCB6 9050 index flow (ruling 8)	TODO(W906-GB-P2b): R04 ATC_InterfaceForm is not reachable from atester.cpp's includes (only acarry_shims.h:115 TATC_InterfaceFormShim, iATC_MODE_TYPE only; real class forms/fATCHandlerSide.h:845/:847 has no global) -- go	ATC_InterfaceForm->TestFinish();	
HELD	atester.cpp	3518	3521	2		index arm -- waits for the user's BCB6 9050 index flow (ruling 8)	TODO(W906-GB-P2b): R04 ATC_InterfaceForm is not reachable from atester.cpp's includes (only acarry_shims.h:115 TATC_InterfaceFormShim, iATC_MODE_TYPE only; real class forms/fATCHandlerSide.h:845/:847 has no global) -- go	ATC_InterfaceForm->TestFinish();	
HELD	atester.cpp	3542	3546	3		index arm -- waits for the user's BCB6 9050 index flow (ruling 8)	TODO(W906-GB-P2b): R05 CONTACT_NORMAL is not reachable from atester.cpp's includes (cContact.h:158, BarCode/BarCode_Shuttle2_CCDScan.h:187; no header may be added) -- golden atester.cpp:3261 (912; 906 :3241)	iContactMode==CONTACT_NORMAL)                                        //JerryYang 20170417 (Steven) contact test時不需要做auto site map check	
HELD	atester.cpp	3751	3753	1		index arm -- waits for the user's BCB6 9050 index flow (ruling 8)	TODO(W906-GB-P2b): R07 fMain->AutoSiteMappignCleanOut is not a TfMain member (forms/fMain.h; golden 912 main.h:1334) -- golden atester.cpp:3465 (912; 906 :3445)	fMain->AutoSiteMappignCleanOut(true);	
HELD	atester.cpp	3759	3762	2		index arm -- waits for the user's BCB6 9050 index flow (ruling 8)	TODO(W906-GB-P2b): R04 ATC_InterfaceForm is not reachable from atester.cpp's includes (only acarry_shims.h:115 TATC_InterfaceFormShim, iATC_MODE_TYPE only; real class forms/fATCHandlerSide.h:845/:847 has no global) -- go	ATC_InterfaceForm->TestFinish();	
HELD	atester.cpp	3774	3776	1		index arm -- waits for the user's BCB6 9050 index flow (ruling 8)	TODO(W906-GB-P2b): R08 fMain->SetOpenBin is not a TfMain member (forms/fMain.h; golden 912 main.h:1337, body main.cpp:9516-9519) -- golden atester.cpp:3484 (912; 906 :3464)	fMain->SetOpenBin();	
HELD	atester.cpp	3789	3791	1		index arm -- waits for the user's BCB6 9050 index flow (ruling 8)	TODO(W906-GB-P2b): R07 fMain->AutoSiteMappignCleanOut is not a TfMain member (forms/fMain.h; golden 912 main.h:1334) -- golden atester.cpp:3497 (912; 906 :3477)	fMain->AutoSiteMappignCleanOut(true);	
HELD	atester.cpp	3864	3867	2		index arm -- waits for the user's BCB6 9050 index flow (ruling 8)	TODO(W906-GB-P2b): R04 ATC_InterfaceForm is not reachable from atester.cpp's includes (only acarry_shims.h:115 TATC_InterfaceFormShim, iATC_MODE_TYPE only; real class forms/fATCHandlerSide.h:845/:847 has no global) -- go	ATC_InterfaceForm->TestFinish();	
HELD	atester.cpp	3875	3877	1		index arm -- waits for the user's BCB6 9050 index flow (ruling 8)	TODO(W906-GB-P2b): R10 fLotInfo->WhenTestRecordTemperatureLog_3Sigma is not a TfLotInfo member (forms/fLotInfo.h:1073); SAFETY: it writes D:\HT9045_Log\Sigma -- golden atester.cpp:3578 (912; 906 :3558)	fLotInfo->WhenTestRecordTemperatureLog_3Sigma("D:\\HT9045_Log\\Sigma",Index);	
HELD	atester.cpp	3879	3882	2		index arm -- waits for the user's BCB6 9050 index flow (ruling 8)	TODO(W906-GB-P2b): R10 fLotInfo->WhenTestRecordTemperatureLog_3Sigma is not a TfLotInfo member (forms/fLotInfo.h:1073); SAFETY: it writes D:\HT9045_Log\Sigma -- golden atester.cpp:3580 (912; 906 :3560)	if(iATCOnLine==1 && (ATC_SYSTEM==1 || ATC_SYSTEM==eNewATCSystem))                                       //kevin 20200618 mark	
HELD	atester.cpp	3893	3896	2		index arm -- waits for the user's BCB6 9050 index flow (ruling 8)	TODO(W906-GB-P2b): R04 ATC_InterfaceForm is not reachable from atester.cpp's includes (only acarry_shims.h:115 TATC_InterfaceFormShim, iATC_MODE_TYPE only; real class forms/fATCHandlerSide.h:845/:847 has no global) -- go	ATC_InterfaceForm->TestFinish();	
HELD	atester.cpp	4049	4055	5		index arm -- waits for the user's BCB6 9050 index flow (ruling 8)	TODO(W906-GB-P2b): O01 SPEA arm: _RunTestProgram_BarMess/_RunTestProgram are declared only in Interface/InterfaceSYS.h:353-354 (not in atester.cpp's include closure; body InterfaceSYS.cpp:224/:248, SPEA Interface-program	bool flag[32]={false};	
HELD	atester.cpp	4156	4162	5		index arm -- waits for the user's BCB6 9050 index flow (ruling 8)	TODO(W906-GB-P2b): O02 same as O01 (SPEA _RunTestProgram_BarMess/_RunTestProgram, Interface/InterfaceSYS.h:353-354 not reachable; "" -> Byte*) -- golden atester.cpp:3808-3812 (912; 906 :3788-3792)	bool flag[32]={false};	
HELD	atester.cpp	4182	4184	1		index arm -- waits for the user's BCB6 9050 index flow (ruling 8)	TODO(W906-GB-P2b): O03 bP65CanRunQA not declared anywhere in V906 (grep cmydef.h/.cpp + whole tree: 0 hits; golden 912 cmydef.h:6038 / cmydef.cpp:6018; P2c ported only bP65QAING) -- golden atester.cpp:3831 (912)	bP65CanRunQA=false;	
HELD	atester.cpp	4185	4187	1		index arm -- waits for the user's BCB6 9050 index flow (ruling 8)	TODO(W906-GB-P2b): O04 bP65QAhasTouchDown not declared anywhere in V906 (0 hits; golden 912 cmydef.h:6039 / cmydef.cpp:6019) -- golden atester.cpp:3832 (912)	bP65QAhasTouchDown=false;	
HELD	atester.cpp	4199	4201	1		index arm -- waits for the user's BCB6 9050 index flow (ruling 8)	TODO(W906-GB-P2b): O05 fMain->cbUserSelectChange is not a TfMain member (forms/fMain.h class TfMain :163-1273; the only other tree calls, cContactCT.cpp:1217 / cCounterClear.cpp:434, are gated too) -- golden atester.cpp:	fMain->cbUserSelectChange(NULL);	
HELD	atester.cpp	4202	4207	4		index arm -- waits for the user's BCB6 9050 index flow (ruling 8)	TODO(W906-GB-P2b): O06 fSecurity is declared only in forms/fSecurity.h:609 (TfSecurity :468, Insufficient :575), not in atester.cpp's include closure; incomplete type, so no local extern -- golden atester.cpp:3845-3846 (	if(fSecurity->Insufficient(177)==false)	
HELD	atester.cpp	4221	4234	12		index arm -- waits for the user's BCB6 9050 index flow (ruling 8)	TODO(W906-GB-P2b): O07 SAFETY -- WriteIniData x3 rewrite the production recipe file DataPath+<recipe>\Contact.Data (DataPath = D:\HT9045\IniData\Data\ unless W906_INIDATA_ROOT is set, common.cpp:204-225); gated as a grou	bRestModeBackupParm=true;                                       //Sam 20250820 : [I49] 清料時 Contact Heigh 要拉高	
HELD	atester.cpp	4235	4237	1		index arm -- waits for the user's BCB6 9050 index flow (ruling 8)	TODO(W906-GB-P2b): O08 fContact is TfContactShim (atester_shims.h:154-251), which has no ReadFile; the real TfContact::ReadFile (forms/fContact.h:1495) is reachable only as fContactForm (forms/fContact.h:1629, header not	fContact->ReadFile();	
HELD	atester.cpp	4264	4511	246	G-PTk4-DoInterFaceErrorStep.	index arm -- waits for the user's BCB6 9050 index flow (ruling 8)	GOLDEN VERBATIM -- golden atester.cpp:3856-4101 (246 lines).  GATE G-PTk4-DoInterFaceErrorStep.  NOT COMPILED: the ACTIVE DoInterFaceErrorStep() is the slim body immediately after this #endif.	bool DoInterFaceErrorStep(int ZAxisSelect)	
HELD	atester.cpp	4514	4515	0		index arm -- waits for the user's BCB6 9050 index flow (ruling 8)	TODO(W7) -- golden :3856-4103 (MOT[] error-recovery SM)		
HELD	atester.cpp	4542	4675	132	G-PTk2-CheckIndexStatus.	index arm -- waits for the user's BCB6 9050 index flow (ruling 8)	GOLDEN VERBATIM -- golden atester.cpp:4104-4235 (132 lines).  GATE G-PTk2-CheckIndexStatus.  NOT COMPILED: the ACTIVE CheckIndexStatus() is the slim body immediately after this #endif.	bool CheckIndexStatus(AnsiString str)	
HELD	atester.cpp	4678	4679	0		index arm -- waits for the user's BCB6 9050 index flow (ruling 8)	TODO(W7) -- golden :4104-4236 (MOT[] ISZ1Up_Z2Down/.. position verify)		
HELD	atester.cpp	4715	4760	44	G-PTk2-CheckPlaceOutShuttle.	index arm -- waits for the user's BCB6 9050 index flow (ruling 8)	GOLDEN VERBATIM -- golden atester.cpp:4250-4293 (44 lines).  GATE G-PTk2-CheckPlaceOutShuttle.  NOT COMPILED: the ACTIVE CheckPlaceOutShuttle() is the slim body immediately after this #endif.	bool CheckPlaceOutShuttle(int iShuttle)                                         //Steven 20181228 : Add Index Action  //ChungHung 20171116 m	
HELD	atester.cpp	4763	4764	0		index arm -- waits for the user's BCB6 9050 index flow (ruling 8)	TODO(W7) -- golden :4250-4297 (MOT[]/shuttle place verify)		
HELD	atester.cpp	4794	5272	477	G-PTk3-DoCheckSocketHasIC.	index arm -- waits for the user's BCB6 9050 index flow (ruling 8)	GOLDEN VERBATIM -- golden atester.cpp:4305-4781 (477 lines).  GATE G-PTk3-DoCheckSocketHasIC.  NOT COMPILED: the ACTIVE DoCheckSocketHasIC() is the slim body immediately after this #endif.	bool DoCheckSocketHasIC(int iSelArm)                                            //jou 20180802 : index pick error need index vaccum check	
HELD	atester.cpp	5275	5276	0		index arm -- waits for the user's BCB6 9050 index flow (ruling 8)	TODO(W7) -- golden :4305-4783 (MOT[] vacuum-check SM)		
HELD	atester.cpp	5610	5611	0		index arm -- waits for the user's BCB6 9050 index flow (ruling 8)	TODO(W7) -- golden :5099-5176 (TSMC initial-delay + Dell hIndexSoakTime/tSoakTimer tree)		
HELD	atester.cpp	5884	5889	4		index arm -- waits for the user's BCB6 9050 index flow (ruling 8)	12110 靠這個比較決定要不要回 120 重寫；也寫 asArmForce1/2（GPIB 回報的接觸力）。 / 以前的 no-op 讓出貨組態的 12110 永遠回 120（以前還輪不到，因為 edTorue0 也是替身）。 / InitWriteAndCheckMotorTorqueTask golden rs232.cpp:1838 -> port rs232.cpp（宣告 atester_shims.h）	static void W7T1_ShowMainScreenPresure(int /*iArm*/){}         // golden main.h -- offline: main-screen pressure UI no-op	
HELD	atester.cpp	6273	6275	1	W906-THM-600K	index arm -- waits for the user's BCB6 9050 index flow (ruling 8)	GATE(W906-THM-600K) golden :5786-5786 —— CCDInterfaceForm 在移植樹是 TCCDInterfaceFormShim（atester_shims.h），沒有 CloseCCDForm（同 aTester_Front.cpp GATE K1F7）	CCDInterfaceForm->CloseCCDForm();	
HELD	atester.cpp	6283	6285	1	W906-THM-600K	index arm -- waits for the user's BCB6 9050 index flow (ruling 8)	GATE(W906-THM-600K) golden :5794-5794 —— COM2 在本檔是 W7T1_TCOM2Ext 替身，沒有 rtLightOn（RTC 視覺指令沒翻）	COM2->SendCommToVision(COM2->rtLightOn, true);                                                  //jou 2012-03-29 RTC啟動時,自動將燈箱打開	
HELD	atester.cpp	6443	6460	16	W906-THM-600K	index arm -- waits for the user's BCB6 9050 index flow (ruling 8)	GATE(W906-THM-600K) golden :5952-5967 —— RTC 燈箱開啟等待：COM2 替身沒有 rtLightOn／bRealTimeCom_ReceiveOK 的那一格（RTC 視覺沒翻）；REAL_TIME_CCD 關著的機台這段本來就不走	if(REAL_TIME_CCD==true && !COM2->bCCDDummyRum)                      //jou 2012-03-29 RTC啟動時,自動將燈箱打開	
HELD	atester.cpp	6553	6554	0		index arm -- waits for the user's BCB6 9050 index flow (ruling 8)	TODO(W7) -- golden :6055-6063 (CCDInterfaceForm identification)		
HELD	atester.cpp	6562	6563	0		index arm -- waits for the user's BCB6 9050 index flow (ruling 8)	TODO(W7) -- golden :6067-6128 (CCDInterfaceForm result poll)		
HELD	atester.cpp	6580	6581	0		index arm -- waits for the user's BCB6 9050 index flow (ruling 8)	TODO(W7) -- golden :6166-6167 (CCDInterfaceForm CCD identification)		
HELD	atester.cpp	9124	9125	0		index arm -- waits for the user's BCB6 9050 index flow (ruling 8)	TODO(W7) -- golden :8656-8684 (MOT[]/cylinder side-push)		
HELD	atester.cpp	9148	9279	130	G-PTk4-DoAllPassVerifyRTC.	index arm -- waits for the user's BCB6 9050 index flow (ruling 8)	GOLDEN VERBATIM -- golden atester.cpp:8685-8814 (130 lines).  GATE G-PTk4-DoAllPassVerifyRTC.  NOT COMPILED: the ACTIVE DoAllPassVerifyRTC() is the slim body immediately after this #endif.	bool DoAllPassVerifyRTC(bool bInitial)	
HELD	atester.cpp	9282	9283	0		index arm -- waits for the user's BCB6 9050 index flow (ruling 8)	TODO(W7) -- golden :8685-8817 (RTC verify SM, COM2/RTC)		
HELD	atester.cpp	9306	9488	181	G-PTk4-DoSetupTest.	index arm -- waits for the user's BCB6 9050 index flow (ruling 8)	GOLDEN VERBATIM -- golden atester.cpp:8818-8998 (181 lines).  GATE G-PTk4-DoSetupTest.  NOT COMPILED: the ACTIVE DoSetupTest() is the slim body immediately after this #endif.	bool DoSetupTest(int iContactArm)	
HELD	atester.cpp	9491	9492	0		index arm -- waits for the user's BCB6 9050 index flow (ruling 8)	TODO(W7) -- golden :8818-9001 (MOT[]/Suck setup-test SM)		
HELD	atester.cpp	9516	9584	67	G-PTk3-GetTempICResult.	index arm -- waits for the user's BCB6 9050 index flow (ruling 8)	GOLDEN VERBATIM -- golden atester.cpp:9002-9068 (67 lines).  GATE G-PTk3-GetTempICResult.  NOT COMPILED: the ACTIVE GetTempICResult() is the slim body immediately after this #endif.	bool GetTempICResult()	
HELD	atester.cpp	9587	9588	0		index arm -- waits for the user's BCB6 9050 index flow (ruling 8)	TODO(W7) -- golden :9002-9150 (temperature measure SM)		
HELD	atester.cpp	9735	9882	146	G-PTk3-CheckAndRecodrEP.	index arm -- waits for the user's BCB6 9050 index flow (ruling 8)	GOLDEN VERBATIM -- golden atester.cpp:9266-9411 (146 lines).  GATE G-PTk3-CheckAndRecodrEP.  NOT COMPILED: the ACTIVE CheckAndRecodrEP() is the slim body immediately after this #endif.	bool CheckAndRecodrEP(int iArm)                                                 //Steven 20190114 : EP Alarm換位置	
HELD	atester.cpp	9885	9886	0		index arm -- waits for the user's BCB6 9050 index flow (ruling 8)	TODO(W7) -- golden :9266-9412 (EP DAQ record/alarm)		
HELD	atester.cpp	9910	9962	51	G-PTk3-CheckAndRecodrTorque.	index arm -- waits for the user's BCB6 9050 index flow (ruling 8)	GOLDEN VERBATIM -- golden atester.cpp:9413-9463 (51 lines).  GATE G-PTk3-CheckAndRecodrTorque.  NOT COMPILED: the ACTIVE CheckAndRecodrTorque() is the slim body immediately after this #endif.	bool CheckAndRecodrTorque(int iArm)                                             //kevin 20201027 Arm  扭力log	
HELD	atester.cpp	9965	9966	0		index arm -- waits for the user's BCB6 9050 index flow (ruling 8)	TODO(W7) -- golden :9413-9464 (torque record/alarm, COM2)		
HELD	atester.cpp	9987	10207	219	G-PTk4-NewCheckAndRecodeTorque.	index arm -- waits for the user's BCB6 9050 index flow (ruling 8)	GOLDEN VERBATIM -- golden atester.cpp:9465-9683 (219 lines).  GATE G-PTk4-NewCheckAndRecodeTorque.  NOT COMPILED: the ACTIVE NewCheckAndRecodeTorque() is the slim body immediately after this #endif.	bool NewCheckAndRecodeTorque(int iArm)                                          //KaiHuang 20201222	
HELD	atester.cpp	10210	10211	0		index arm -- waits for the user's BCB6 9050 index flow (ruling 8)	TODO(W7) -- golden :9465-9684 (torque record/alarm SM, COM2)		
HELD	atester.cpp	10220	10221	0		index arm -- waits for the user's BCB6 9050 index flow (ruling 8)	TODO(W7) -- golden :9685-9790 (torque log file write)		
HELD	atester.cpp	10268	10269	0		index arm -- waits for the user's BCB6 9050 index flow (ruling 8)	TODO(W7) -- golden :9834-9839 (fMain speed-display UI)		
HELD	atester.cpp	10274	10275	0		index arm -- waits for the user's BCB6 9050 index flow (ruling 8)	TODO(W7) -- golden :9840-9848 (fMain speed-display UI)		
HELD	atester.cpp	10297	10389	91	G-PTk4-IndexCheckOneByOne.	index arm -- waits for the user's BCB6 9050 index flow (ruling 8)	GOLDEN VERBATIM -- golden atester.cpp:9849-9939 (91 lines).  GATE G-PTk4-IndexCheckOneByOne.  NOT COMPILED: the ACTIVE IndexCheckOneByOne() is the slim body immediately after this #endif.	bool IndexCheckOneByOne(bool bReset, int iWhichArm, int iSiteCount, bool bNeedUpCheck, bool bIsAboveCalibrate)          //Ifor 20200617 : ad	
HELD	atester.cpp	10392	10393	0		index arm -- waits for the user's BCB6 9050 index flow (ruling 8)	TODO(W7) -- golden :9849-9943 (one-by-one index-check SM)		
HELD	atester.cpp	10414	10532	117	G-PTk3-IndexCheck4Site.	index arm -- waits for the user's BCB6 9050 index flow (ruling 8)	GOLDEN VERBATIM -- golden atester.cpp:9944-10060 (117 lines).  GATE G-PTk3-IndexCheck4Site.  NOT COMPILED: the ACTIVE IndexCheck4Site() is the slim body immediately after this #endif.	bool IndexCheck4Site(bool bReset,int iWhichArm, int iSiteCount)	
HELD	atester.cpp	10535	10536	0		index arm -- waits for the user's BCB6 9050 index flow (ruling 8)	TODO(W7) -- golden :9944-10061 (4-site index-check SM)		
HELD	atester.cpp	10560	10796	235	G-PTk3-CheckInitialStartDelayInSocket.	index arm -- waits for the user's BCB6 9050 index flow (ruling 8)	GOLDEN VERBATIM -- golden atester.cpp:10062-10296 (235 lines).  GATE G-PTk3-CheckInitialStartDelayInSocket.  NOT COMPILED: the ACTIVE CheckInitialStartDelayInSocket() is the slim body immediately after this #endif.	void CheckInitialStartDelayInSocket()                                           //JerryYang 20180629 (wei) Initial delay判斷包成函式	
HELD	atester.cpp	10799	10800	0		index arm -- waits for the user's BCB6 9050 index flow (ruling 8)	TODO(W7) -- golden :10062-10297 (initial-delay-in-socket SM)		
HELD	atester.cpp	10819	10898	78	G-PTk3-NeedResetInitialDelay.	index arm -- waits for the user's BCB6 9050 index flow (ruling 8)	GOLDEN VERBATIM -- golden atester.cpp:10298-10375 (78 lines).  GATE G-PTk3-NeedResetInitialDelay.  NOT COMPILED: the ACTIVE NeedResetInitialDelay() is the slim body immediately after this #endif.	bool NeedResetInitialDelay()                                                    //JerryYang 20180828 (Steven) : 預熱過程中又觸發預熱的話, 就重新執行預熱	
HELD	atester.cpp	10901	10902	0		index arm -- waits for the user's BCB6 9050 index flow (ruling 8)	TODO(W7) -- golden :10298-10376		
HELD	atester.cpp	10922	10987	64	G-PTk4-CheckToBoostIndexTemp.	index arm -- waits for the user's BCB6 9050 index flow (ruling 8)	GOLDEN VERBATIM -- golden atester.cpp:10377-10440 (64 lines).  GATE G-PTk4-CheckToBoostIndexTemp.  NOT COMPILED: the ACTIVE CheckToBoostIndexTemp() is the slim body immediately after this #endif.	int CheckToBoostIndexTemp()                                                     //Steven 20180817 : Boost Function	
HELD	atester.cpp	10990	10991	0		index arm -- waits for the user's BCB6 9050 index flow (ruling 8)	TODO(W7) -- golden :10377-10443 (boost-temp check)		
HELD	atester.cpp	11013	11316	302	G-PTk4-DoTestHeadMotorLoadCell.	index arm -- waits for the user's BCB6 9050 index flow (ruling 8)	GOLDEN VERBATIM -- golden atester.cpp:10444-10745 (302 lines).  GATE G-PTk4-DoTestHeadMotorLoadCell.  NOT COMPILED: the ACTIVE DoTestHeadMotorLoadCell() is the slim body immediately after this #endif.	void DoTestHeadMotorLoadCell()	
HELD	atester.cpp	11319	11320	0		index arm -- waits for the user's BCB6 9050 index flow (ruling 8)	TODO(W7) -- golden :10444-10746 (load-cell measure SM, MOT[]/load-cell)		
HELD	atester.cpp	11387	11731	343	G-PTk4-CheckSocketSensor.	index arm -- waits for the user's BCB6 9050 index flow (ruling 8)	GOLDEN VERBATIM -- golden atester.cpp:10784-11126 (343 lines).  GATE G-PTk4-CheckSocketSensor.  NOT COMPILED: the ACTIVE CheckSocketSensor() is the slim body immediately after this #endif.	bool CheckSocketSensor(int iArm, AnsiString Func, bool bInit, bool bCheckArmHieght)                                     //Steven 20200615 : 	
HELD	atester.cpp	11734	11735	0		index arm -- waits for the user's BCB6 9050 index flow (ruling 8)	TODO(W7) -- golden :10784-11127 (socket-sensor verify SM, Sen[]/MOT[])		
HELD	atester.cpp	11744	11745	0		index arm -- waits for the user's BCB6 9050 index flow (ruling 8)	TODO(W7) -- golden :11128-11157 (Gigas IC-exist check, Socket)		
HELD	atester.cpp	11909	11911	1		index arm -- waits for the user's BCB6 9050 index flow (ruling 8)	TODO(W906-GB-P2b): S01 COM2 in this TU is `#define COM2 (&W7T1_com2_ext)` (atester.cpp:5642; struct W7T1_TCOM2Ext :5617-5637): SendCommToVision is there as an offline no-op (:5632) but rtInspEnd is not (only rtSiteMap/rt	COM2->SendCommToVision(COM2->rtInspEnd, false);                     //Jimmychiu 20231130 : Fixed for #P231120-ATK-H9-04 , V3.32.810_Beta & V	
HELD	atester.cpp	11912	11914	1		index arm -- waits for the user's BCB6 9050 index flow (ruling 8)	TODO(W906-GB-P2b): S02 InitRealTimeCCDPara is a member of neither W7T1_TCOM2Ext (atester.cpp:5617-5637, what COM2 means here via the :5642 #define) nor TCOM2Shim (atester_shims.h:373-463) (golden TCOM2 rs232.h:159) -- go	COM2->InitRealTimeCCDPara();                                        //Jimmychiu 20231130 : Fixed for #P231120-ATK-H9-04 , V3.32.810_Beta & V	
HELD	atester.cpp	11921	11923	1		index arm -- waits for the user's BCB6 9050 index flow (ruling 8)	TODO(W906-GB-P2b): S03 COM2 in this TU is `#define COM2 (&W7T1_com2_ext)` (atester.cpp:5642; struct W7T1_TCOM2Ext :5617-5637): SendCommToVision is there as an offline no-op (:5632) but rtInspEnd is not (only rtSiteMap/rt	COM2->SendCommToVision(COM2->rtInspEnd, false);                     //Jimmychiu 20231130 : Fixed for #P231120-ATK-H9-04 , V3.32.810_Beta & V	
HELD	atester.cpp	11924	11926	1		index arm -- waits for the user's BCB6 9050 index flow (ruling 8)	TODO(W906-GB-P2b): S04 InitRealTimeCCDPara is a member of neither W7T1_TCOM2Ext (atester.cpp:5617-5637, what COM2 means here via the :5642 #define) nor TCOM2Shim (atester_shims.h:373-463) (golden TCOM2 rs232.h:159) -- go	COM2->InitRealTimeCCDPara();                                        //Jimmychiu 20231130 : Fixed for #P231120-ATK-H9-04 , V3.32.810_Beta & V	
HELD	atester.cpp	11950	12146	195	G-PTk3-DoHalfViewAllPassVerifyRTC.	index arm -- waits for the user's BCB6 9050 index flow (ruling 8)	GOLDEN VERBATIM -- golden atester.cpp:11297-11491 (195 lines).  GATE G-PTk3-DoHalfViewAllPassVerifyRTC.  NOT COMPILED: the ACTIVE DoHalfViewAllPassVerifyRTC() is the slim body immediately after this #endif.	bool DoHalfViewAllPassVerifyRTC(bool bInitial)                                  //JerryYang 20220215 : RTC Auto Verify half view check	
HELD	atester.cpp	12149	12150	0		index arm -- waits for the user's BCB6 9050 index flow (ruling 8)	TODO(W7) -- golden :11297-11493 (RTC half-view verify SM)		
HELD	atester.cpp	12171	12377	205	G-PTk2-DoHalfViewAllFailVerifyRTC.	index arm -- waits for the user's BCB6 9050 index flow (ruling 8)	GOLDEN VERBATIM -- golden atester.cpp:11494-11698 (205 lines).  GATE G-PTk2-DoHalfViewAllFailVerifyRTC.  NOT COMPILED: the ACTIVE DoHalfViewAllFailVerifyRTC() is the slim body immediately after this #endif.	bool DoHalfViewAllFailVerifyRTC(bool bInitial)	
HELD	atester.cpp	12380	12381	0		index arm -- waits for the user's BCB6 9050 index flow (ruling 8)	TODO(W7) -- golden :11494-11699 (RTC half-view verify SM)		
HELD	atester.cpp	12388	12389	0		index arm -- waits for the user's BCB6 9050 index flow (ruling 8)	TODO(W7) -- golden :11700-11734 (temperature-rise, Temperature/ATC)		
HELD	atester.cpp	12395	12396	0		index arm -- waits for the user's BCB6 9050 index flow (ruling 8)	TODO(W7) -- golden :11735-11749 (ATC FFC trigger)		
HELD	atester.cpp	12402	12403	0		index arm -- waits for the user's BCB6 9050 index flow (ruling 8)	TODO(W7) -- golden :11750-11771 (test-temp-change check, Temperature)		
HELD	atester.cpp	12422	12470	47	G-PTk4-TestProcessSetToErr.	index arm -- waits for the user's BCB6 9050 index flow (ruling 8)	GOLDEN VERBATIM -- golden atester.cpp:11772-11818 (47 lines).  GATE G-PTk4-TestProcessSetToErr.  NOT COMPILED: the ACTIVE TestProcessSetToErr() is the slim body immediately after this #endif.	void TestProcessSetToErr(AnsiString sErrorLog)                                  //JerryYang 20231208 : 包起來	
HELD	atester.cpp	12473	12474	0		index arm -- waits for the user's BCB6 9050 index flow (ruling 8)	TODO(W7) -- golden :11772-11819 (set-test-to-error, fMain/Prod)		
HELD	atester.cpp	12501	12578	76	G-PTk2-bContSoftEpSwitch.	index arm -- waits for the user's BCB6 9050 index flow (ruling 8)	GOLDEN VERBATIM -- golden atester.cpp:9714-9789 (76 lines).  GATE G-PTk2-bContSoftEpSwitch.  NOT COMPILED: the ACTIVE bContSoftEpSwitch() is the slim body immediately after this #endif.	void __fastcall bContSoftEpSwitch(int Index, bool Arm)	
HELD	atester.cpp	12581	12582	0		index arm -- waits for the user's BCB6 9050 index flow (ruling 8)	TODO(W7) -- golden EPSwitch soft-contact (MOT[]/EP DAQ)		
HELD	atester.cpp	12606	12686	79	G-PTk2-SendSiteMapToRTC.	index arm -- waits for the user's BCB6 9050 index flow (ruling 8)	GOLDEN VERBATIM -- golden atester.cpp:5471-5549 (79 lines).  GATE G-PTk2-SendSiteMapToRTC.  NOT COMPILED: the ACTIVE SendSiteMapToRTC() is the slim body immediately after this #endif.	int SendSiteMapToRTC(bool bSendToRTC, int iSelArm)	
HELD	atester.cpp	12689	12690	0		index arm -- waits for the user's BCB6 9050 index flow (ruling 8)	TODO(W7) -- golden :5471-5561 (RTC sitemap send, COM2/RTC)		
HELD	atester.cpp	12791	12847	55	G-PTk1-Sim_TTL_Single	index arm -- waits for the user's BCB6 9050 index flow (ruling 8)	GOLDEN VERBATIM -- golden atester.cpp:699-753  (GATE G-PTk1-Sim_TTL_Single, begin)	void Sim_TTL_Single(int i, int j)                                               //Steven 20091031 Start : for TTL offline testing	
HELD	atester.cpp	12850	12851	0		index arm -- waits for the user's BCB6 9050 index flow (ruling 8)	TODO(GA-3/UI) -- golden :701-752 (fMain->cbSimuBinSite0..3 absent from the FormsFacade fMain stand-in)		
HELD	atester_32Site.cpp	470	472	1		index arm (ruling 8)	TODO(W7-UI) -- golden :99,101 MyMessageBox->lblChineseMsg->Font->Size (cosmetic only)	MyMessageBox->lblChineseMsg->Font->Size=10;	
HELD	atester_32Site.cpp	474	476	1		index arm (ruling 8)	TODO(W7-UI) -- golden :101 MyMessageBox->lblChineseMsg->Font->Size (cosmetic only)	MyMessageBox->lblChineseMsg->Font->Size=12;	
HELD	atester_32Site.cpp	518	520	1		index arm (ruling 8)	TODO(W7-UI) -- golden :143,145 MyMessageBox->lblChineseMsg->Font->Size (cosmetic only)	MyMessageBox->lblChineseMsg->Font->Size=10;	
HELD	atester_32Site.cpp	522	524	1		index arm (ruling 8)	TODO(W7-UI) -- golden :145 MyMessageBox->lblChineseMsg->Font->Size (cosmetic only)	MyMessageBox->lblChineseMsg->Font->Size=12;	
HELD	atester_32Site.cpp	606	1105	498		index arm (ruling 8)	GOLDEN VERBATIM -- golden atester_32Site.cpp:184-681.  INERT reference text; the live Do32RTCAutoModelVerify follows the #endif.	bool Do32RTCAutoModelVerify(bool bInitial)	
HELD	atester_32Site.cpp	1301	1303	1		index arm (ruling 8)	TODO(W5-atester32site-vision) -- golden :364-679 (cases 12500-14000, RTC vision handshake: COM2->SendCommToVision/bRealTimeCom_ReceiveOK/OpenRTCComPortAgain/InitRealTimeCCDPara/rtRelease/rtInspEnd/rtOPENVERIFYOK/rtOPENVE	case 12500: /* golden entry to the vision handshake -- see gate above */	
HELD	atester_32Site.cpp	1451	1453	1		index arm (ruling 8)	TODO(W5-atester32site-vision) -- golden :801-1011 (cases 55,60,61,62,64,65,66,67,68: RTC full-view verify [MOT Z1/Z2 encoder-range check + COM2->bRealTimeCom_ReceiveOK[rtFullTNG/rtFullTOK]/RTC_ResetAlarm] + fContact->Ini	case 55: /* gate entry -- see banner + gate comment above */	
HELD	atester_32Site.cpp	2238	2242	3		index arm (ruling 8)	TODO(W7-UI) -- golden :1806 fMain->SendMSG_CMD(MSG_CMD_Arm1Down) (TfMain has no SendMSG_CMD method yet, golden main.h; MSG_CMD_Arm1Down constant not translated either)	fMain->SendMSG_CMD(MSG_CMD_Arm1Down);                               //Steven 20210225 : Add GPIB LOG	
HELD	atester_32Site.cpp	3454	3458	3		index arm (ruling 8)	TODO(W7-UI) -- golden :3009 fMain->CloseGpibProgram(AnsiString) (TfMain has no such method yet, golden main.h)	fMain->CloseGpibProgram(__FUNC__);	
HELD	atester_shims.cpp	46	49	2		laptop EP	PT-W5c RETIRED (IsInArmCleanOutFinish)	bool IsInArmCleanOutFinish(int /*iIsOneCycle*/) { return false; }  // golden csystem.h:89	
HELD	atester_shims.cpp	50	53	2		laptop EP	PT-W5c RETIRED (IsInArmOneCycleFinish)	bool IsInArmOneCycleFinish()                    { return false; }  // golden csystem.h:91	
HELD	atester_shims.cpp	54	57	2		laptop EP	PT-W5f RETIRED (CanYieldAlarmRemainInSHT)	bool CanYieldAlarmRemainInSHT()                 { return false; }  // golden csystem.h:288	
HELD	atester_shims.cpp	58	61	2		laptop EP	PT-W5f RETIRED (CheckIndexConnect)	int  CheckIndexConnect()                        { return 0; }      // golden csystem.h:212 (Dell 20111130)	
HELD	atester_shims.cpp	66	69	2		laptop EP	PT-W5f RETIRED (SendTTLRS232CSOTsignal)	void SendTTLRS232CSOTsignal()                   {}                 // golden csystem.h:280 (Isaac 20210309)	
HELD	atester_shims.cpp	80	83	2		laptop EP	PT-W5c RETIRED (CheckContactOver)	bool CheckContactOver()                         { return false; }  // golden csystem.h:156	
HELD	atester_shims.cpp	84	87	2		laptop EP	PT-W5f RETIRED (ShowIndexTime)	void ShowIndexTime(int /*Item*/)                {}                 // golden csystem.h:200	
HELD	atester_shims.cpp	88	91	2		laptop EP	PT-W5f RETIRED (TemperatureStorageLog)	bool TemperatureStorageLog(int /*iRecord*/)     { return false; }  // golden csystem.h:275	
HELD	atester_shims.cpp	103	106	2		laptop EP	PT-W5c RETIRED (CheckTestSuckICOn)	bool CheckTestSuckICOn(TMyKitSuck &/*Ptr*/, int /*iR*/, int /*iC*/) { return false; }	
HELD	atester_shims.cpp	147	149	1		laptop EP	PT-W8 RETIRED (ProcessShowTestStatus): real translated body now live	void ProcessShowTestStatus(int /*Index*/)   {}	
HELD	atester_shims.cpp	150	152	1		laptop EP	PT-W8 RETIRED (ProcessCount): real translated body now live	void ProcessCount(int /*Index*/, bool /*bHasIC*/) {}    //Eastsun 20260515 F022: D7	
HELD	atester_shims.cpp	153	155	1		laptop EP	PT-W8 RETIRED (ProcessStartTestData): real translated body now live	void ProcessStartTestData(int /*Direct*/)   {}	
HELD	atester_shims.cpp	156	158	1		laptop EP	PT-W8 RETIRED (RecordHistroy): real translated body now live	void RecordHistroy(int /*attr*/)            {}	
HELD	atester_shims.cpp	159	161	1		laptop EP	PT-W8 RETIRED (ProcessQASampling): real translated body now live	void ProcessQASampling(int /*Index*/)       {}	
HELD	atester_shims.cpp	178	180	1		laptop EP	PT-W7b RETIRED (CheckAnyCaseNeedToDoArm1): real body now lives in aTester_Rear.cpp	int  CheckAnyCaseNeedToDoArm1()             { return 0; }	
HELD	atester_shims.cpp	181	183	1		laptop EP	PT-W7b RETIRED (InitTestYFrontTask): real body now lives in aTester_Rear.cpp	void InitTestYFrontTask()                   {}	
HELD	atester_shims.cpp	184	186	1		laptop EP	PT-W7b RETIRED (InitFTestSuckTestICTask): real body now lives in aTester_Rear.cpp	void InitFTestSuckTestICTask()              {}	
HELD	atester_shims.cpp	192	194	1		laptop EP	PT-W7b RETIRED (InitFrontTestPurgBeforePickShuttle): real body now lives in aTester_Rear.cpp	void InitFrontTestPurgBeforePickShuttle()   {}	
HELD	atester_shims.cpp	195	197	1		laptop EP	PT-W7b RETIRED (DoArm1Suck): real body now lives in aTester_Rear.cpp	void DoArm1Suck()                           {}	
HELD	atester_shims.cpp	198	200	1		laptop EP	PT-W7b RETIRED (DoArm1D44VacCheck): real body now lives in aTester_Rear.cpp	void DoArm1D44VacCheck()                    {}	
HELD	atester_shims.cpp	201	203	1		laptop EP	PT-W7b RETIRED (FTestNeedDestroy): real body now lives in aTester_Rear.cpp	bool FTestNeedDestroy()                     { return false; }	
HELD	atester_shims.cpp	204	206	1		laptop EP	PT-W7b RETIRED (DoFTestSuckTestIC): real body now lives in aTester_Rear.cpp	bool DoFTestSuckTestIC()                    { return true;  }	
HELD	atester_shims.cpp	207	209	1		laptop EP	PT-W7b RETIRED (DoFrontTestPurgBeforePickShuttle): real body now lives in aTester_Rear.cpp	bool DoFrontTestPurgBeforePickShuttle(int /*isp*/) { return true; }	
HELD	atester_shims.cpp	210	212	1		laptop EP	PT-W7b RETIRED (DoTestYFront): real body now lives in aTester_Rear.cpp	bool DoTestYFront()                         { return true;  }	
HELD	atester_shims.cpp	213	215	1		laptop EP	PT-W7b RETIRED (TestZ1OutRandge2): real body now lives in aTester_Rear.cpp	bool TestZ1OutRandge2()                     { return false; }	
HELD	atester_shims.cpp	216	218	1		laptop EP	PT-W7b RETIRED (FTestSeparateSLK): real body now lives in aTester_Rear.cpp	bool FTestSeparateSLK(bool /*bReset*/)      { return true;  }	
HELD	atester_shims.cpp	219	221	1		laptop EP	PT-W7b RETIRED (FTestCombineSLK): real body now lives in aTester_Rear.cpp	bool FTestCombineSLK(bool /*bReset*/)       { return true;  }	
HELD	atester_shims.cpp	222	224	1		laptop EP	PT-W7b RETIRED (DoFRTCAutoModelVerify): real body now lives in aTester_Rear.cpp	bool DoFRTCAutoModelVerify(bool /*bInitial*/){ return true; }	
HELD	atester_shims.cpp	241	243	1		laptop EP	PT-W7b RETIRED (CheckAnyCaseNeedToDoArm2): real body now lives in aTester_Rear.cpp	int  CheckAnyCaseNeedToDoArm2()             { return 0; }	
HELD	atester_shims.cpp	244	246	1		laptop EP	PT-W7b RETIRED (InitTestYRearTask): real body now lives in aTester_Rear.cpp	void InitTestYRearTask()                    {}	
HELD	atester_shims.cpp	247	249	1		laptop EP	PT-W7b RETIRED (InitBTestSuckTestICTask): real body now lives in aTester_Rear.cpp	void InitBTestSuckTestICTask()              {}	
HELD	atester_shims.cpp	255	257	1		laptop EP	PT-W7b RETIRED (InitRearTestPurgBeforePickShuttle): real body now lives in aTester_Rear.cpp	void InitRearTestPurgBeforePickShuttle()    {}	
HELD	atester_shims.cpp	258	260	1		laptop EP	PT-W7b RETIRED (DoArm2Suck): real body now lives in aTester_Rear.cpp	void DoArm2Suck()                           {}	
HELD	atester_shims.cpp	261	263	1		laptop EP	PT-W7b RETIRED (DoArm2D44VacCheck): real body now lives in aTester_Rear.cpp	void DoArm2D44VacCheck()                    {}	
HELD	atester_shims.cpp	264	266	1		laptop EP	PT-W7b RETIRED (BTestNeedDestroy): real body now lives in aTester_Rear.cpp	bool BTestNeedDestroy()                     { return false; }	
HELD	atester_shims.cpp	267	269	1		laptop EP	PT-W7b RETIRED (DoBTestSuckTestIC): real body now lives in aTester_Rear.cpp	bool DoBTestSuckTestIC()                    { return true;  }	
HELD	atester_shims.cpp	270	272	1		laptop EP	PT-W7b RETIRED (DoRearTestPurgBeforePickShuttle): real body now lives in aTester_Rear.cpp	bool DoRearTestPurgBeforePickShuttle(int /*isp*/) { return true; }	
HELD	atester_shims.cpp	273	275	1		laptop EP	PT-W7b RETIRED (DoTestYRear): real body now lives in aTester_Rear.cpp	bool DoTestYRear()                          { return true;  }	
HELD	atester_shims.cpp	276	278	1		laptop EP	PT-W7b RETIRED (TestZ2OutRandge2): real body now lives in aTester_Rear.cpp	bool TestZ2OutRandge2()                     { return false; }	
HELD	atester_shims.cpp	279	281	1		laptop EP	PT-W7b RETIRED (BTestCombineSLK): real body now lives in aTester_Rear.cpp	bool BTestCombineSLK(bool /*bReset*/)       { return true;  }	
HELD	atester_shims.cpp	282	284	1		laptop EP	PT-W7b RETIRED (BTestSeparateSLK): real body now lives in aTester_Rear.cpp	bool BTestSeparateSLK(bool /*bReset*/)      { return true;  }	
HELD	atester_shims.cpp	285	287	1		laptop EP	PT-W7b RETIRED (DoBRTCAutoModelVerify): real body now lives in aTester_Rear.cpp	bool DoBRTCAutoModelVerify(bool /*bInitial*/){ return true; }	
HELD	atester_shims.cpp	334	337	2		laptop EP	PT-W5c RETIRED (CheckHeaterOK)	bool CheckHeaterOK()                                  { return true; }  // offline: heater ready	
HELD	atester_shims.cpp	338	341	2		laptop EP	PT-W7a RETIRED (IsNNMode)	int  IsNNMode()                                       { return 0; }     // offline: not NN mode	
HELD	tools/wb_serve.cpp	3321	3326	4		laptop wb_serve / tools	AI(W906-RJ03) 20260925: QAMode read + its log line moved to :3600, after fTrayAssignment (golden main.cpp:8924-8926). QAMode seeds Tester.Data "Tray Direct" from TrayForm.Loader.Direction when the key is absent, and only	std::printf("qamode.* chain loaded: Tester.Data [QA Mode] -> TestIF_File"	
HELD	tools/wb_serve.cpp	3368	3375	6		laptop wb_serve / tools	AI(W906-RJ03) 20260925: Magazine read + log moved to :3600 with QAMode (golden :8928 follows :8926). The LoadForm/EmptyForm/ColorForm/AutoForm wiring above stays here and still precedes it	std::printf("magazine.* chain loaded: HandlerCondition.Data + config.ini"	
HELD	tools/wb_serve.cpp	3803	3819	15		laptop wb_serve / tools	AI(W906-NODRY) 20260924: --dry 的 Gerneral.ini 暫存導向隨 --dry 退場；下面原本的 else（真實路徑）現在是唯一路徑	char tmp[MAX_PATH];	
HELD	tools/wb_serve.cpp	4131	4157	25		laptop wb_serve / tools	AI(W906-NODRY) 20260924: --dry 的配方資料夾暫存導向隨 --dry 退場（DataPath 永遠是真實配方路徑）	char tmp[MAX_PATH];	
HELD	tools/wb_serve.cpp	5994	6002	7		laptop wb_serve / tools	AI(W906-NODRY) 20260924: 關站還原隨 --dry 退場（asGeneralPath／DataPath 從未被導走，沒有東西要還原）	CloseGeneralIniFile();	
HELD	tools/wb_serve.cpp	6084	6090	5		laptop wb_serve / tools	TfMainRENESASServer（forms/fMain.h:122-140），沒有這個方法；真的 TRENESAS_Server::FTCTManStartUnlock / （Automation/uRENESAS_Server.cpp:3032）沒有掛在 fMain 上。 / 只在 TestIF_File.bRENESAS_EnableFTCT（瑞薩 FT-CT）時走到。後果：不送 FT-CT 的 manual-start 解	if (TestIF_File.bRENESAS_EnableFTCT == true)                                // golden :1049	
HELD	tools/wb_serve.cpp	7021	7091	69		laptop wb_serve / tools	合併 main（Steven 20260925 計畫 A）：YES/NO 改用 Jimmy ee5de164 的 ForwardShowMyMessageBoxYesNo	int W906MbAsk(int kind, const char* s1, const char* s2, const char* s3)	
HELD	uhome.cpp	454	613	158	W906-HOME-C2-TOPBTMAOI	laptop EP / HOME	GATE (W906-HOME-C2-TOPBTMAOI): 缺相依，見上面的就地註解	int &Task=iTopBtmHome;	
HELD	uhome.cpp	643	645	1	W906-HOME-C2-PANEL2	laptop EP / HOME	GATE (W906-HOME-C2-PANEL2): 缺相依，見上面的就地註解	Panel2->Visible=false;                                                      // golden :4846	
HELD	uhome.cpp	660	662	1	W906-HOME-C2-TIMER1	laptop EP / HOME	GATE (W906-HOME-C2-TIMER1): 缺相依，見上面的就地註解	Timer1->Enabled=false;                                                      // golden :4871	
HELD	uhome.cpp	848	850	1	W906-HOME-C2-HOMELOG	laptop EP / HOME	GATE (W906-HOME-C2-HOMELOG): 缺相依，見上面的就地註解	HomeLog("fHome->fAbort");                                               //Kevin  20110525	
HELD	uhome.cpp	869	871	1	W906-HOME-C2-HOMELOG	laptop EP / HOME	GATE (W906-HOME-C2-HOMELOG): 缺相依，見上面的就地註解	HomeLog(sBuffer);                                                       //Kevin  20110525	
HELD	uhome.cpp	884	886	1	W906-HOME-C2-MEMOHOME	laptop EP / HOME	GATE (W906-HOME-C2-MEMOHOME): 缺相依，見上面的就地註解	fMain->MemoHome->Lines->Add("fHome->iHomeStep != int");	
HELD	uhome.cpp	997	999	1	W906-HOME-C2-TRAYSTEP	laptop EP / HOME	GATE (W906-HOME-C2-TRAYSTEP): 缺相依，見上面的就地註解	dmTrayMotor->StartSetSpeed();                                       //Steven 20210318 : Loader入Tray改步進, 換位置寫入速度, 避免動作異常	
HELD	uhome.cpp	1023	1026	2	W906-HOME-C2-RTCTIMESYNC	laptop EP / HOME	GATE (W906-HOME-C2-RTCTIMESYNC): 缺相依，見上面的就地註解	COM2->sRealTimeCom_Send[COM2->rtTIMESYNC].sprintf("@TIMESYNC:,%s",FormatDateTime("MM/DD/YYYY HH:NN:SS AM/PM", Now())+ "+");                 	
HELD	uhome.cpp	1473	1485	11	W906-HOME-C2-ATCTESTEND	laptop EP / HOME	GATE (W906-HOME-C2-ATCTESTEND): 缺相依，見上面的就地註解	if(ATC_SYSTEM==eNewATCSystem)	
HELD	uhome.cpp	1505	1508	2	W906-HOME-C2-GPIBADAM	laptop EP / HOME	GATE (W906-HOME-C2-GPIBADAM): 缺相依，見上面的就地註解	fMain->RunTestProgram(false);	
HELD	uhome.cpp	1526	1540	13	W906-HOME-C2-ALIGNCCD	laptop EP / HOME	GATE (W906-HOME-C2-ALIGNCCD): 缺相依，見上面的就地註解	if(MACHINE_HAS_AUTO_ALIGNMENT_CCD)                                  //KenHsieh 20210813 : add CCD AUTO ALIGNMENT	
HELD	uhome.cpp	1554	1557	2	W906-HOME-C2-RTCINIT	laptop EP / HOME	GATE (W906-HOME-C2-RTCINIT): 缺相依，見上面的就地註解	fLotInfo->RTCChangeFile(false);                                 //Steven 20110826 : Real Time CCD - 初始化工作檔	
HELD	uhome.cpp	1571	1574	2	W906-HOME-C2-OCRINIT	laptop EP / HOME	GATE (W906-HOME-C2-OCRINIT): 缺相依，見上面的就地註解	fOCR->SetOcrFileName(fMain->cbSetupFileName->Text);	
HELD	uhome.cpp	1621	1627	5	W906-HOME-C2-2DIDMAP	laptop EP / HOME	GATE (W906-HOME-C2-2DIDMAP): 缺相依，見上面的就地註解	if(fContact->RestoreData_2D_Check()==true)                      //JerryYang 20250428 : fix 2DID map	
HELD	uhome.cpp	2046	2051	4	W906-HOME-C2-ALIGNCCD	laptop EP / HOME	GATE (W906-HOME-C2-ALIGNCCD): 缺相依，見上面的就地註解	if(MACHINE_HAS_AUTO_ALIGNMENT_CCD)                              //KenHsieh 20210813 : add CCD AUTO ALIGNMENT	
HELD	uhome.cpp	2254	2256	1	W906-HOME-C2-TOPBTMAOI	laptop EP / HOME	GATE (W906-HOME-C2-TOPBTMAOI): 缺相依，見上面的就地註解	FrmAOI->ttbInsp->DoCCDLightDown(false, true);	
HELD	uhome.cpp	2831	2841	9	W906-HOME-C2-PITCHX2	laptop EP / HOME	GATE (W906-HOME-C2-PITCHX2): 缺相依，見上面的就地註解	if(bPitchHome[0]==false)	
HELD	uhome.cpp	2859	2869	9	W906-HOME-C2-PITCHX2	laptop EP / HOME	GATE (W906-HOME-C2-PITCHX2): 缺相依，見上面的就地註解	if(bPitchHome[0]==false)	
HELD	uhome.cpp	3102	3112	9	W906-HOME-C2-PITCHX2	laptop EP / HOME	GATE (W906-HOME-C2-PITCHX2): 缺相依，見上面的就地註解	if(bPitchHome[0]==false)	
HELD	uhome.cpp	3141	3146	4	W906-HOME-C2-RTCHOME	laptop EP / HOME	GATE (W906-HOME-C2-RTCHOME): 缺相依，見上面的就地註解	if(REAL_TIME_CCD==true)                                 //不管有沒有開RTC都要歸零	
HELD	uhome.cpp	3193	3208	14	W906-HOME-C2-RTCHOME	laptop EP / HOME	GATE (W906-HOME-C2-RTCHOME): 缺相依，見上面的就地註解	if(REAL_TIME_CCD==true && !COM2->bCCDDummyRum)	
HELD	uhome.cpp	3422	3424	1	W906-HOME-C2-PANEL2	laptop EP / HOME	GATE (W906-HOME-C2-PANEL2): 缺相依，見上面的就地註解	fHome->Panel2->Visible=true;	
HELD	uhome.cpp	3693	3696	2	W906-HOME-C2-ROTATESPEED	laptop EP / HOME	GATE (W906-HOME-C2-ROTATESPEED): 缺相依，見上面的就地註解	FrmRotate->SetInRotateSpeed(70, 100);                               //Steven 20170425 (wei) : Add rotate motor	
HELD	uhome.cpp	3757	3766	8	W906-HOME-C2-VTESTPOS	laptop EP / HOME	GATE (W906-HOME-C2-VTESTPOS): 缺相依，見上面的就地註解	if(IniConfig.bVTESTFunction==true && fLotInfo->rgHomeStopPos->ItemIndex!=-1)	
HELD	uhome.cpp	3901	3903	1	W906-HOME-C2-HOMELOG	laptop EP / HOME	GATE (W906-HOME-C2-HOMELOG): 缺相依，見上面的就地註解	HomeLog(sBuffer);	
HELD	uhome.cpp	4016	4018	1	W906-HOME-C2-MAGAZINE	laptop EP / HOME	GATE (W906-HOME-C2-MAGAZINE): 缺相依，見上面的就地註解	InitialMagazineUpDown();                                            //JerryYang 20220909 : add magazine	
HELD	uhome.cpp	4037	4041	3	W906-HOME-C2-VTESTPOS	laptop EP / HOME	GATE (W906-HOME-C2-VTESTPOS): 缺相依，見上面的就地註解	if(IniConfig.bVTESTFunction==true && fLotInfo->rgHomeStopPos->ItemIndex==0)	
HELD	uhome.cpp	4063	4067	3	W906-HOME-C2-VTESTPOS	laptop EP / HOME	GATE (W906-HOME-C2-VTESTPOS): 缺相依，見上面的就地註解	if(IniConfig.bVTESTFunction==true && fLotInfo->rgHomeStopPos->ItemIndex==0)	
HELD	uhome.cpp	4089	4094	4	W906-HOME-C2-VTESTPOS	laptop EP / HOME	GATE (W906-HOME-C2-VTESTPOS): 缺相依，見上面的就地註解	if(IniConfig.bVTESTFunction==true &&	
HELD	uhome.cpp	4117	4126	8	W906-HOME-C2-MAGAZINE	laptop EP / HOME	GATE (W906-HOME-C2-MAGAZINE): 缺相依，見上面的就地註解	if(AUTO3_IS_MAGAZINE==1)                                            //JerryYang 20220909 : add magazine	
HELD	uhome.cpp	4317	4319	1	W906-HOME-C2-ZTEACHAUTOPOS	laptop EP / HOME	GATE (W906-HOME-C2-ZTEACHAUTOPOS): 缺相依，見上面的就地註解	Zteach->InitAutoPosTask();                                          //Frank 20171213 (Steven) : Hone 需Inital Task	
HELD	uhome.cpp	4337	4339	1	W906-HOME-C2-HOMELOG	laptop EP / HOME	GATE (W906-HOME-C2-HOMELOG): 缺相依，見上面的就地註解	HomeLog("Close");                                                   //Kevin  20110525	
HELD	uhome.cpp	4359	4361	1	W906-HOME-C2-AOISENDCMD	laptop EP / HOME	GATE (W906-HOME-C2-AOISENDCMD): 缺相依，見上面的就地註解	FrmAOI->SendCommand("@GetGrabPos+", 0);                         //Expect Return@GetGrabPos,PitchXCnt,PitchYCnt,PitchX,PitchY +	
HELD	uhome.cpp	4392	4401	8	W906-HOME-C2-CCDCMD	laptop EP / HOME	GATE (W906-HOME-C2-CCDCMD): 缺相依，見上面的就地註解	fBarCode->InitialSFCAutoTune1(false);	
HELD	uhome.cpp	4413	4424	10	W906-HOME-C2-CCDCMD	laptop EP / HOME	GATE (W906-HOME-C2-CCDCMD): 缺相依，見上面的就地註解	if(TestIF_File.b2DUsePinInspection==true)	
HELD	uhome.cpp	4457	4460	2	W906-HOME-C2-VTESTPOS	laptop EP / HOME	GATE (W906-HOME-C2-VTESTPOS): 缺相依，見上面的就地註解	if(IniConfig.bVTESTFunction==true)	
HELD	uhome.cpp	5014	5016	1	W906-MT-E3b-ABORTBTN	laptop EP / HOME	GATE (W906-MT-E3b-ABORTBTN): 缺相依 TfHome::sbAbortHome（golden .dfm TSpeedButton），見上面的就地註解	sbAbortHome->Down=false;                                                    // golden :4984	
