page	window	id	gtype	caption	sheet	html_line	cat	hidden	greyed	unwired_list	refs	sent_static_guess	cpp_knows	formevent_row	port_handler	golden_dfm	golden_onclick	golden_handler	golden_stmts	golden_danger	golden_visible	golden_enabled	golden_vis_sites	machine_s4	sent_probe
Main.html	main	btLogin	(web-only)	Login		190	hidden(static)	1			Main.html:793					main.dfm:2107	btLoginClick	main.cpp:27090-27139	24				main.cpp:10433 Visible=true | main.cpp:10443 Visible=false	page	UNVERIFIED
Main.html	main	(no id)	(web-only)	🔄 Set		214	s:unbound/?+E?																	page	UNVERIFIED
Main.html	main	(no id)	(web-only)	START		275	s:unbound/?+E?																	page	UNVERIFIED
Main.html	main	(no id)	(web-only)	PAUSE		275	s:unbound/?+E?																	page	UNVERIFIED
Main.html	main	(no id)	(web-only)	HOME		275	s:unbound/?+E?																	page	UNVERIFIED
Main.html	main	(no id)	(web-only)	RESET		275	s:unbound/?+E?																	page	UNVERIFIED
Main.html	main	(no id)	(web-only)	ONE CYCLE		275	s:unbound/?+E?																	page	UNVERIFIED
Main.html	main	(no id)	(web-only)	CLEAN OUT		275	s:unbound/?+E?																	page	UNVERIFIED
Main.html	main	(no id)	(web-only)	TRAY FEED		275	s:unbound/?+E?																	page	UNVERIFIED
Main.html	main	(no id)	(web-only)	ALARM RESET		275	s:unbound/?+E?																	page	UNVERIFIED
Main.html	main	(no id)	(web-only)	RETRY		275	s:unbound/?+E?																	page	UNVERIFIED
Main.html	main	(no id)	(web-only)	SKIP		275	s:unbound/?+E?																	page	UNVERIFIED
Data.SortCT.html	sortct	btnClearCount	(web-only)	🗒 Clear Count		73	OK-cmd				page/ht9045_sortct_wire.js:208	act.trayEdit	act.trayEdit=yes		cShowBinSelect.cpp cSortCT.cpp forms/fLotInfo.cpp forms/fShowBinSelect.h	cSortCT.dfm:625	btnClearCountClick	cSortCT.cpp:577-669	40						clicked ; control.acquire ; act.sortCT.clearCount ; dom:3
Data.ContactCT.html	contactct	btClearCount	(web-only)	Count Clear		24	OK-cmd				page/ht9045_contactct_wire.js:138 page/ht9045_contactct_wire.js:239 page/ht9045_contactct_wire.js:256 page/ht9045_contactct_ev.js:144	ui:postMessage			JsonBridge/actions/MainClarnData.cpp cContactCT.cpp forms/fContactCT.h	cContactCT.dfm:90	btClearCountClick	cContactCT.cpp:944-1069	76				main.cpp:3133 Enabled=false | main.cpp:3141 Enabled=true		clicked ; control.acquire ; act.contactCT.clearCount ; contactct.get ; dom:8
Data.ContactCT.html	contactct	btYieldChart	(web-only)	Yield Chart		25	OK-cmd				page/ht9045_contactct_wire.js:138 page/ht9045_contactct_wire.js:257 page/ht9045_contactct_ev.js:144				cContactCT.cpp forms/fContactCT.h	cContactCT.dfm:106	btYieldChartClick	cContactCT.cpp:1071-1075	2						clicked ; control.acquire ; act.contactCT.yieldChart ; contactct.get ; dom:8
Data.LotInfo.html	lotinfo	sbSECSLotEnd	(web-only)	Lot End		98	hidden(probe)				page/ht9045_lotinfo_wire.js:402 page/ht9045_lotinfo_wire.js:471	lot.testerLog.tail	lot.testerLog.tail=yes		FileRW/MainClick.cpp WebLotInfo.cpp csystem.cpp forms/fLotInfo.cpp	uLotInfo.dfm:341	sbSECSLotEndClick	uLotInfo.cpp:1346-1402	33				csystem.cpp:11602 Enabled=true | main.cpp:2967 Enabled=fProductionInfo->_bOEEStartLot | main.cpp:2989 Enabled=false		not-visible
Data.LotInfo.html	lotinfo	(no id)	(web-only)	Clear Count		104	greyed(static)		1																UNVERIFIED
Data.LotInfo.html	lotinfo	btnFtpServer	(web-only)	Server		136	hidden(probe)				page/ht9045_lotinfo_ftp.js:29 page/ht9045_lotinfo_ftp.js:30 page/ht9045_lotinfo_ftp.js:45	act.lotInfoFtp.open act.lotInfoFtp.state	act.lotInfoFtp.open=prefix(act.lotInfoFtp.) act.lotInfoFtp.state=yes		MainTimer3.cpp WebLotInfoFtp_St02.cpp forms/fLotInfo_Ftp_St02.cpp forms/fLotInfo_Ftp_St02.h	uLotInfo.dfm:1830	btnFtpServerClick	uLotInfo.cpp:5001-5126	62				ckernel.cpp:1057 Enabled=false | ckernel.cpp:1579 Enabled=false | ckernel.cpp:1590 Enabled=true | ckernel.cpp:1594 Enabled=false +4		not-visible
Data.LotInfo.html	lotinfo	btSaveSetupFile	(web-only)	Save to handler		136	hidden(static)	1	1							uLotInfo.dfm:1877	btSaveSetupFileClick	uLotInfo.cpp:5128-5223	54		False		main.cpp:24671 Visible=false | uLotInfo.cpp:5198 Visible=false | KYECFTP/FTPClient.cpp:1030 Visible=true		UNVERIFIED
Data.LotInfo.html	lotinfo	btnDataFTPSaveToData	(web-only)	DataFTP Save to Data		136	hidden(static)	1			page/ht9045_lotinfo_ftp.js:29	act.lotInfoFtp.open act.lotInfoFtp.state	act.lotInfoFtp.open=prefix(act.lotInfoFtp.) act.lotInfoFtp.state=yes		MainTimer3.cpp WebLotInfoFtp_St02.cpp forms/fLotInfo_Ftp_St02.cpp forms/fLotInfo_Ftp_St02.h	uLotInfo.dfm:1893	btnFtpServerClick	uLotInfo.cpp:5001-5126	62				uLotInfo.cpp:569 Visible=true | uLotInfo.cpp:580 Visible=false		UNVERIFIED
Data.LotInfo.html	lotinfo	btnFtpHD	(web-only)	HD		137	hidden(probe)				page/ht9045_lotinfo_ftp.js:29 page/ht9045_lotinfo_ftp.js:30	act.lotInfoFtp.open act.lotInfoFtp.state	act.lotInfoFtp.open=prefix(act.lotInfoFtp.) act.lotInfoFtp.state=yes		MainTimer3.cpp WebLotInfoFtp_St02.cpp forms/fLotInfo_Ftp_St02.cpp forms/fLotInfo_Ftp_St02.h	uLotInfo.dfm:1845	btnFtpServerClick	uLotInfo.cpp:5001-5126	62				ckernel.cpp:1058 Enabled=false | ckernel.cpp:1598 Enabled=true | ckernel.cpp:1600 Enabled=false | ckernel.cpp:1609 Enabled=true +2		not-visible
Data.LotInfo.html	lotinfo	btnFtpTester	(web-only)	Tester Name		137	hidden(probe)				page/ht9045_lotinfo_ftp.js:29 page/ht9045_lotinfo_ftp.js:30	act.lotInfoFtp.open act.lotInfoFtp.state	act.lotInfoFtp.open=prefix(act.lotInfoFtp.) act.lotInfoFtp.state=yes		MainTimer3.cpp WebLotInfoFtp_St02.cpp forms/fLotInfo_Ftp_St02.cpp forms/fLotInfo_Ftp_St02.h	uLotInfo.dfm:1861	btnFtpServerClick	uLotInfo.cpp:5001-5126	62				uLotInfo.cpp:462 Visible=false | uLotInfo.cpp:490 Visible=false | uLotInfo.cpp:494 Visible=false | uLotInfo.cpp:697 Visible=false +2		not-visible
Data.LotInfo.html	lotinfo	btnFTPTryConnect	(web-only)	Connection test		137	hidden(static)	1	1		page/ht9045_lotinfo_ftp.js:29	act.lotInfoFtp.open act.lotInfoFtp.state	act.lotInfoFtp.open=prefix(act.lotInfoFtp.) act.lotInfoFtp.state=yes			uLotInfo.dfm:1909					False		uLotInfo.cpp:983 Visible=true		UNVERIFIED
Data.LotInfo.html	lotinfo	btStartCount	(web-only)	Start Count		160	greyed(probe)		1						forms/fLotInfo.cpp forms/fLotInfo.h	uLotInfo.dfm:2088	btStartCountClick	uLotInfo.cpp:8418-8421	1				main.cpp:3537 Visible=false | main.cpp:3539 Visible=true | main.cpp:3543 Visible=false		greyed
Data.LotInfo.html	lotinfo	btnSave	(web-only)	Save		274	hidden(probe)		1		page/ht9045_wire_engine.js:2155 page/ht9045_lotinfo_wire.js:346 page/ht9045_lotinfo_wire.js:465	control.acquire lot.testerLog.tail	control.acquire=yes lot.testerLog.tail=yes		FileRW/Teach.cpp Interface/TesterTCP.cpp Interface/TesterTCP.h WebLotInfo.cpp	uLotInfo.dfm:4315	btnSaveClick	uLotInfo.cpp:7268-7298	22						not-visible
Data.LotInfo.html	lotinfo	btClearBarcodeCount	(web-only)	Clear Count		305	hidden(probe)				page/ht9045_lotinfo_wire.js:467	lot.testerLog.tail	lot.testerLog.tail=yes		FileRW/MainClose.cpp WebLotInfo.cpp forms/fLotInfo.cpp forms/fLotInfo.h	uLotInfo.dfm:4499	btClearBarcodeCountClick	uLotInfo.cpp:9987-10003	12						not-visible
Data.LotInfo.html	lotinfo	btClearBarcodeList	(web-only)	Clear List		306	hidden(probe)				page/ht9045_lotinfo_wire.js:469	lot.testerLog.tail	lot.testerLog.tail=yes		FileRW/LotInfo_SECSLotStart.cpp TesterComm/Handler/HandlerGpibMsg.cpp WebLotInfo.cpp forms/fLotInfo.cpp	uLotInfo.dfm:4508	btClearBarcodeListClick	uLotInfo.cpp:10005-10014	7				uLotInfo.cpp:6949 Visible=(AccessLevel>=iDefHonPrecLevel		not-visible
Data.LotInfo.html	lotinfo	btChangeFile	(web-only)	Change File		307	hidden(probe)				page/ht9045_lotinfo_wire.js:186 page/ht9045_lotinfo_e020.js:121	lot.barcode.checkByLot lot.barcode.checkByLot.color lot.barcode.changeFile.visible lot.barcode.display.visible lot.testerLog.status lot.testerLog.status.color lot.testerLog.count lot.testerLog.tail lot.tab. lot.atc.ch lot.barcode.r	lot.barcode.checkByLot=yes lot.barcode.checkByLot.color=yes lot.barcode.changeFile.visible=yes lot.barcode.display.visible=yes lot.testerLog.status=yes lot.testerLog.status.color=yes lot.testerLog.count=yes lot.testerLog.tail=yes lot.tab.=no lot.atc.ch=no lot.barcode.r=no		LotInfo_E020.cpp LotInfo_E020.h forms/fLotInfo.cpp forms/fLotInfo.h	uLotInfo.dfm:4517	btChangeFileClick	uLotInfo.cpp:10213-10237	12				uLotInfo.cpp:546 Visible=(BAR_CODE_INSTALL==ebctInShtIn		not-visible
Data.LotInfo.html	lotinfo	btTesterTCPShow	(web-only)	Tester TCP Show		422	hidden(probe)				page/ht9045_lotinfo_testertcp.js:34				forms/fLotInfo.cpp forms/fLotInfo.h forms/fTesterIF.cpp forms/fTesterIF.h	uLotInfo.dfm:11142	btTesterTCPShowClick	uLotInfo.cpp:13841-13844	1						not-visible
Data.LotInfo.html	lotinfo	btTesterLogAll	(web-only)	全部		423	hidden(probe)				page/ht9045_lotinfo_wire.js:475	lot.testerLog.tail	lot.testerLog.tail=yes												not-visible
Status.TemperFrom.html	temperf	tzExpand	(web-only)	Expand all ▸		35	dead/?				page/ht9045_temperfrom_strip.js:297 page/ht9045_temperfrom_strip.js:326														clicked ; dom:2
Status.TemperFrom.html	temperf	tzCollapse	(web-only)	◂ Collapse		77	hidden(static)	1			page/ht9045_temperfrom_strip.js:294 page/ht9045_temperfrom_strip.js:327														UNVERIFIED
Data.Observer.html	observer	btnClearTime	TButton	Clear Time Data	tsCounter	84	OK-cmd				page/ht9045_observer_ev.js:48				cObserver.cpp forms/fObserver.h	cObserver.dfm:450	btnClearTimeClick	cObserver.cpp:5393-5399	4						clicked ; control.acquire ; act.observer.clearTime ; observer.get ; dom:7
Data.Observer.html	observer	btnQueryEventLogTxt	TButton	Query	tsMDBQuery>tsEventLogTxt	130	OK-cmd				page/ht9045_observer_wire.js:759				cObserver.cpp forms/fObserver.h	cObserver.dfm:1715	btnQueryEventLogTxtClick	cObserver.cpp:4423-4426	1						clicked ; observer.get ; observer.get ; dom:4
Data.Observer.html	observer	btnBackupLogYear	TButton	Backup Log	tsMDBQuery>tsEventLogTxt	130	OK-cmd				page/ht9045_observer_wire.js:759 page/ht9045_observer_ev.js:48				cObserver.cpp forms/fObserver.h	cObserver.dfm:1767	btnBackupLogYearClick	cObserver.cpp:5371-5391	16						clicked ; observer.get ; control.acquire ; act.observer.backupLogYear ; dom:5
Data.Observer.html	observer	btnTimeData	TButton	Query	tsMDBQuery>tsMsgTimeData	130	OK-cmd				page/ht9045_observer_wire.js:791 page/ht9045_observer_wire.js:793 page/ht9045_observer_ev.js:284				cObserver.cpp forms/fObserver.h	cObserver.dfm:1813	btnQueryEventLogTxtClick	cObserver.cpp:4423-4426	1						clicked ; observer.get ; dom:1
Data.Observer.html	observer	btnSG_QueryNow	TButton	Query Now	tsMDBQuery>tsSGJamCount	130	OK-cmd				page/ht9045_observer_sgjam.js:25	act.observerSG.	act.observerSG.=yes		JsonBridge/actions/ObserverSGJam.cpp cObserver.cpp forms/fObserver.h	cObserver.dfm:1879	btnSG_QueryNowClick	cObserver.cpp:5361-5364	1						clicked ; control.acquire ; act.observerSG.state ; control.acquire ; act.observerSG.queryNow ; observer.get ; dom:7
Data.Observer.html	observer	btnSG_QueryYesterday	TButton	Query Yesterday	tsMDBQuery>tsSGJamCount	130	OK-cmd				page/ht9045_observer_sgjam.js:25	act.observerSG.	act.observerSG.=yes		JsonBridge/actions/ObserverSGJam.cpp cObserver.cpp forms/fObserver.h	cObserver.dfm:1888	btnSG_QueryYesterdayClick	cObserver.cpp:5366-5369	1						clicked ; control.acquire ; act.observerSG.queryYesterday ; observer.get ; dom:7
Data.Observer.html	observer	SpeedButton1	TSpeedButton	Clear	tsYield	130	OK-cmd				page/ht9045_observer_wire.js:203 page/ht9045_observer_wire.js:767 page/ht9045_observer_wire.js:769				cObserver.cpp forms/fATCHandlerSide.h forms/fObserver.h forms/fPassword.cpp	cObserver.dfm:1959	SpeedButton1Click	cObserver.cpp:865-871	7						clicked ; observer.get
Data.Observer.html	observer	btOpenLoadLog	TButton	Open loader log	tsTestInfo>tsLoadInfo	130	OK-cmd								cObserver.cpp forms/fObserver.h	cObserver.dfm:2849	btOpenLoadLogClick	cObserver.cpp:3638-3681	33						clicked ; observer.get ; dom:1
Data.Observer.html	observer	sbHandlerPrecautionRecordSet	TSpeedButton	Add	tsDataRecord>tsPrecautionsRecord	130	OK-cmd				page/ht9045_observer_ev.js:43				cObserver.cpp forms/fObserver.h	cObserver.dfm:3228	sbHandlerPrecautionRecordSetClick	cObserver.cpp:4460-4465	1						clicked ; control.acquire ; act.observer.prRecordSet ; observer.get ; dom:7
Data.Observer.html	observer	sbHandlerPrecautionRecordClear	TSpeedButton	Clear	tsDataRecord>tsPrecautionsRecord	130	OK-cmd				page/ht9045_observer_ev.js:43				cObserver.cpp forms/fObserver.h	cObserver.dfm:3313	sbHandlerPrecautionRecordClearClick	cObserver.cpp:4467-4471	1						clicked ; observer.get ; control.acquire ; act.observer.prRecordClear ; dom:5
Data.Observer.html	observer	sbHandlerPrecautionFormShow	TSpeedButton	Show	tsDataRecord>tsPrecautionsRecord	130	OK-cmd				page/ht9045_observer_ev.js:44				cObserver.cpp forms/fObserver.h	cObserver.dfm:3397	sbHandlerPrecautionFormShowClick	cObserver.cpp:4473-4492	10						clicked ; observer.get ; control.acquire ; act.observer.prFormShow ; dom:5
Data.Observer.html	observer	sbPRFinishDate	TSpeedButton	結案日期：	tsDataRecord>tsPrecautionsRecord	130	OK-cmd				page/ht9045_observer_ev.js:44				cObserver.cpp forms/fObserver.h	cObserver.dfm:3405	sbPRFinishDateClick	cObserver.cpp:4523-4527	2						clicked ; control.acquire ; act.observer.prFinishDate ; observer.get ; dom:7
Data.Observer.html	observer	sbPRStartDate	TSpeedButton	開始日期 :	tsDataRecord>tsPrecautionsRecord	130	OK-cmd				page/ht9045_observer_ev.js:44				cObserver.cpp forms/fObserver.h	cObserver.dfm:3419	sbPRStartDateClick	cObserver.cpp:4529-4533	2						clicked ; control.acquire ; act.observer.prStartDate ; observer.get ; dom:7
Data.Observer.html	observer	sbPrecautionSave	TSpeedButton	Save	tsDataRecord>tsPrecautionsRecord	130	OK-cmd				page/ht9045_observer_ev.js:44				cObserver.cpp forms/fObserver.h	cObserver.dfm:3433	sbPrecautionSaveClick	cObserver.cpp:4494-4521	21						clicked ; control.acquire ; act.observer.prSave ; observer.get ; dom:7
Data.Observer.html	observer	cobNoteContentsSet	TSpeedButton	Add	tsDataRecord>tsPrecautionsRecord	130	OK-cmd				page/ht9045_observer_ev.js:43				cObserver.cpp forms/fObserver.h	cObserver.dfm:3574	cobNoteContentsSetClick	cObserver.cpp:4452-4458	2						clicked ; control.acquire ; act.observer.prNoteSet ; observer.get ; dom:7
Data.Observer.html	observer	sbScreenkeyboard	TSpeedButton	Keyboard	tsDataRecord>tsPrecautionsRecord	130	OK-cmd								cObserver.cpp forms/fObserver.h	cObserver.dfm:3659	sbScreenkeyboardClick	cObserver.cpp:4431-4450	12						clicked ; observer.get ; dom:1
Data.Observer.html	observer	sbMajorMaintenanceDate	TSpeedButton	日期:	tsDataRecord>tsHanderMajorMaintenance	130	OK-cmd				page/ht9045_observer_ev.js:45				cObserver.cpp forms/fObserver.h	cObserver.dfm:4012	sbMajorMaintenanceDateClick	cObserver.cpp:4535-4538	1						clicked ; observer.get ; control.acquire ; act.observer.mmDate ; dom:5
Data.Observer.html	observer	sbMajorMaintenanceStartTime	TSpeedButton	開始時間:	tsDataRecord>tsHanderMajorMaintenance	130	OK-cmd				page/ht9045_observer_ev.js:45				cObserver.cpp forms/fObserver.h	cObserver.dfm:4026	sbMajorMaintenanceStartTimeClick	cObserver.cpp:4540-4544	1						clicked ; control.acquire ; act.observer.mmStart ; observer.get ; dom:7
Data.Observer.html	observer	sbMajorMaintenanceEndTime	TSpeedButton	結束時間:	tsDataRecord>tsHanderMajorMaintenance	130	OK-cmd				page/ht9045_observer_ev.js:45				cObserver.cpp forms/fObserver.h	cObserver.dfm:4040	sbMajorMaintenanceEndTimeClick	cObserver.cpp:4569-4572	1						clicked ; control.acquire ; act.observer.mmEnd ; observer.get ; dom:7
Data.Observer.html	observer	sbUndesirablePhenomenonClear	TSpeedButton	Clear	tsDataRecord>tsHanderMajorMaintenance	130	OK-cmd				page/ht9045_observer_ev.js:46				cObserver.cpp forms/fObserver.h	cObserver.dfm:4054	sbUndesirablePhenomenonClearClick	cObserver.cpp:4558-4562	1						clicked ; control.acquire ; act.observer.mmPhenClear ; observer.get ; dom:7
Data.Observer.html	observer	sbCountermeasureClear	TSpeedButton	Clear	tsDataRecord>tsHanderMajorMaintenance	130	OK-cmd				page/ht9045_observer_ev.js:47				cObserver.cpp forms/fObserver.h	cObserver.dfm:4138	sbCountermeasureClearClick	cObserver.cpp:4564-4567	1						clicked ; control.acquire ; act.observer.mmCmClear ; observer.get ; dom:7
Data.Observer.html	observer	sbMajorMaintenanceSave	TSpeedButton	Save	tsDataRecord>tsHanderMajorMaintenance	130	OK-cmd				page/ht9045_observer_ev.js:47				cObserver.cpp forms/fObserver.h	cObserver.dfm:4222	sbMajorMaintenanceSaveClick	cObserver.cpp:4574-4594	15						clicked ; control.acquire ; act.observer.mmSave ; observer.get ; dom:7
Data.Observer.html	observer	sbUndesirablePhenomenon	TSpeedButton	Add	tsDataRecord>tsHanderMajorMaintenance	130	OK-cmd				page/ht9045_observer_ev.js:46				cObserver.cpp forms/fObserver.h	cObserver.dfm:4307	sbUndesirablePhenomenonClick	cObserver.cpp:4546-4550	1						clicked ; observer.get ; control.acquire ; act.observer.mmPhenAdd ; dom:5
Data.Observer.html	observer	sbCountermeasure	TSpeedButton	Add	tsDataRecord>tsHanderMajorMaintenance	130	OK-cmd				page/ht9045_observer_ev.js:46				cObserver.cpp forms/fObserver.h	cObserver.dfm:4393	sbCountermeasureClick	cObserver.cpp:4552-4556	1						clicked ; observer.get ; control.acquire ; act.observer.mmCmAdd ; dom:5
Data.Observer.html	observer	sbMajorMaintenanceSearch	TSpeedButton	Search	tsDataRecord>tsHanderMajorMaintenance	130	OK-cmd				page/ht9045_observer_ev.js:47				cObserver.cpp forms/fObserver.h	cObserver.dfm:4479	sbMajorMaintenanceSearchClick	cObserver.cpp:4596-4678	45						clicked ; control.acquire ; act.observer.mmSearch ; observer.get ; dom:7
Data.Observer.html	observer	sbScreenkeyboard2	TSpeedButton	Keyboard	tsDataRecord>tsHanderMajorMaintenance	130	OK-cmd								cObserver.cpp forms/fObserver.h	cObserver.dfm:4563	sbScreenkeyboardClick	cObserver.cpp:4431-4450	12						clicked ; observer.get ; dom:1
Data.Observer.html	observer	sbSearchPrecautionLog	TSpeedButton	Search	tsDataRecord>tsPrecautionLog	130	OK-cmd				page/ht9045_observer_ev.js:48				cObserver.cpp forms/fObserver.h	cObserver.dfm:4887	sbSearchPrecautionLogClick	cObserver.cpp:4680-4753	39						clicked ; control.acquire ; act.observer.prLogSearch ; observer.get ; dom:7
Data.Observer.html	observer	btnLot2	TButton	LOT 2	tsLotInfo	130	OK-cmd								cObserver.cpp forms/fObserver.h	cObserver.dfm:5981	btnLot1Click	cObserver.cpp:5401-5424	20						clicked ; observer.get
Data.Observer.html	observer	btnLot3	TButton	LOT 3	tsLotInfo	130	OK-cmd								cObserver.cpp forms/fObserver.h	cObserver.dfm:5991	btnLot1Click	cObserver.cpp:5401-5424	20						clicked ; observer.get
Data.Observer.html	observer	btnLot4	TButton	LOT 4	tsLotInfo	130	OK-cmd								cObserver.cpp forms/fObserver.h	cObserver.dfm:6001	btnLot1Click	cObserver.cpp:5401-5424	20						clicked ; observer.get ; dom:1
Data.Observer.html	observer	btnLot5	TButton	LOT 5	tsLotInfo	130	OK-cmd								cObserver.cpp forms/fObserver.h	cObserver.dfm:6011	btnLot1Click	cObserver.cpp:5401-5424	20						clicked ; observer.get ; dom:1
Data.Observer.html	observer	btnLot1	TButton	LOT 1	tsLotInfo	130	OK-cmd								cObserver.cpp forms/fObserver.h	cObserver.dfm:6021	btnLot1Click	cObserver.cpp:5401-5424	20						clicked ; observer.get ; dom:1
Data.Observer.html	observer	btExit	TSpeedButton	Exit		130	OK-cmd				cls.exitbtn@Data.Observer.html:160 page/ht9045_observer_ev.js:248	ui:postMessage ui:toggle ui:closeWin			cObserver.cpp forms/fObserver.h	cObserver.dfm:6032	BtnExitClick	cObserver.cpp:697-706	4						clicked ; control.acquire ; act.observer.exit ; observer.get ; dom:7
Data.Observer.html	observer	txtUp	(web-only)	⬆ 上一層		213	OK-cmd				Data.Observer.html:369														clicked ; observer.get ; dom:3
Data.Observer.html	observer	txtReload	(web-only)	🔄 重讀		214	OK-cmd				Data.Observer.html:374														clicked ; observer.get ; dom:1
Status.ShowMessage.html	showmsg	btnBackToMain	TButton	Return to Main		51	hidden(probe)									uShowMessage.dfm:673									not-visible
Status.ShowBinSelect.html	binselect	btReturn	(web-only)	return		81	dead/A								cShowBinSelect.cpp forms/fShowBinSelect.h	cShowBinSelect.dfm:1279	btReturnClick	cShowBinSelect.cpp:2244-2251	5						clicked
Status.ShowBinSelect.html	binselect	btnClearCount	(web-only)	CLEAR		127	hidden(probe)				page/ht9045_showbinselect_wire.js:173 page/ht9045_showbinselect_wire.js:213 page/ht9045_showbinselect_wire.js:261	act.showBinSelect.clearCount	act.showBinSelect.clearCount=yes		cShowBinSelect.cpp cSortCT.cpp forms/fLotInfo.cpp forms/fShowBinSelect.h	cShowBinSelect.dfm:3073	btnClearCountClick	cShowBinSelect.cpp:2262-2277	6				cShowBinSelect.cpp:772 Visible=false | cShowBinSelect.cpp:774 Visible=true		not-visible
Status.ShowBinSelect.html	binselect	btnAutoClean	(web-only)	Auto Clean		129	hidden(probe)				page/ht9045_showbinselect_ev.js:100 page/ht9045_showbinselect_ev.js:119 page/ht9045_showbinselect_ev.js:175	act.showBinSelect.state act.showBinSelect.autoClean act.showBinSelect.uphDblClick	act.showBinSelect.state=yes act.showBinSelect.autoClean=yes act.showBinSelect.uphDblClick=yes		FileRW/TestIF_File_Cleaning.cpp FileRW/TestIF_File_Cleaning.gen.inc SECSGEM/uHGemHT9045.cpp TesterComm/Handler/HandlerGpibMsg.cpp	cShowBinSelect.dfm:3010	btnAutoCleanClick	cShowBinSelect.cpp:2101-2166	32				cShowBinSelect.cpp:803 Visible=IniConfig.bEnableAutoCleanFunc | main.cpp:30303 Visible=true | main.cpp:30308 Visible=false | main.cpp:30323 Visible=false		not-visible
Status.ShowBinSelect.html	binselect	sbCopyRecipe	(web-only)	Copy Recipe		129	hidden(probe)				page/ht9045_showbinselect_ev.js:167 page/ht9045_showbinselect_ev.js:175	act.showBinSelect.copyRecipe	act.showBinSelect.copyRecipe=yes		cShowBinSelect_E023.cpp	cShowBinSelect.dfm:3326	sbCopyRecipeClick	cShowBinSelect.cpp:2845-2850	3				cShowBinSelect.cpp:2847 Enabled=false | cShowBinSelect.cpp:2849 Enabled=true		not-visible
Setup.OffSet.html	offset	btnToIndexOffset	TSpeedButton	Go To Index & Tray Arm Offset	tsInOutArmOffset	57	OK-ui				page/ht9045_offset_wire.js:346 page/ht9045_offset_wire.js:357				forms/fOffSet.cpp forms/fOffSet.h	cOffSet.dfm:77	btnToIndexOffsetClick	cOffSet.cpp:3376-3380	2						clicked ; dom:10
Setup.OffSet.html	offset	sbLoader	TSpeedButton		tsInOutArmOffset	57	dead/C0									cOffSet.dfm:216									clicked
Setup.OffSet.html	offset	sbAuto1	TSpeedButton		tsInOutArmOffset	57	dead/C0									cOffSet.dfm:356									clicked
Setup.OffSet.html	offset	sbAuto2	TSpeedButton		tsInOutArmOffset	57	dead/C0									cOffSet.dfm:496									clicked
Setup.OffSet.html	offset	sbAuto3	TSpeedButton		tsInOutArmOffset	57	dead/C0									cOffSet.dfm:636									clicked
Setup.OffSet.html	offset	sbFix1	TSpeedButton		tsInOutArmOffset	57	dead/C0									cOffSet.dfm:776									clicked
Setup.OffSet.html	offset	sbFix2	TSpeedButton		tsInOutArmOffset	57	dead/C0									cOffSet.dfm:916									clicked
Setup.OffSet.html	offset	sbFix3	TSpeedButton		tsInOutArmOffset	57	dead/C0									cOffSet.dfm:1056									clicked
Setup.OffSet.html	offset	sbHp1	TSpeedButton		tsInOutArmOffset	57	dead/C0									cOffSet.dfm:1196									clicked
Setup.OffSet.html	offset	sbHp2	TSpeedButton		tsInOutArmOffset	57	dead/C0									cOffSet.dfm:1336									clicked
Setup.OffSet.html	offset	sbInSh1	TSpeedButton		tsInOutArmOffset	57	dead/C0									cOffSet.dfm:1476									clicked
Setup.OffSet.html	offset	sbInSh2	TSpeedButton		tsInOutArmOffset	57	dead/C0									cOffSet.dfm:1616									clicked
Setup.OffSet.html	offset	sbOutSh2	TSpeedButton		tsInOutArmOffset	57	dead/C0									cOffSet.dfm:1756									clicked
Setup.OffSet.html	offset	sbOutSh1	TSpeedButton		tsInOutArmOffset	57	dead/C0									cOffSet.dfm:1896									clicked
Setup.OffSet.html	offset	sbAutoClean	TSpeedButton		tsInOutArmOffset	57	dead/C0									cOffSet.dfm:2036							cOffSet.cpp:542 Visible=(IniConfig.bEnableAutoCleanFun		clicked
Setup.OffSet.html	offset	sbOCR	TSpeedButton		tsInOutArmOffset	57	dead/C0									cOffSet.dfm:2176							cOffSet.cpp:545 Visible=TestIF.bOcrFunction		clicked
Setup.OffSet.html	offset	sbInRotate	TSpeedButton		tsInOutArmOffset	57	dead/C0									cOffSet.dfm:2316							cOffSet.cpp:543 Visible=((USE_ROTATE_KIT||USE_DIE_CLEA		clicked
Setup.OffSet.html	offset	sbOutRotate	TSpeedButton		tsInOutArmOffset	57	dead/C0									cOffSet.dfm:2456							cOffSet.cpp:544 Visible=(USE_ROTATE_KIT&&iRotate_Type!		clicked
Setup.OffSet.html	offset	sbLoaderB	TSpeedButton		tsInOutArmOffset	57	dead/C0									cOffSet.dfm:2596							cOffSet.cpp:597 Visible=TestIF_File.bEnableAutoAlignme		clicked
Setup.OffSet.html	offset	sbInSh1LB	TSpeedButton		tsInOutArmOffset	57	dead/C0									cOffSet.dfm:2736							cOffSet.cpp:598 Visible=TestIF_File.bEnableAutoAlignme		clicked
Setup.OffSet.html	offset	sbInSh1RA	TSpeedButton		tsInOutArmOffset	57	dead/C0									cOffSet.dfm:2876							cOffSet.cpp:599 Visible=TestIF_File.bEnableAutoAlignme		clicked
Setup.OffSet.html	offset	sbInSh1RB	TSpeedButton		tsInOutArmOffset	57	dead/C0									cOffSet.dfm:3016							cOffSet.cpp:600 Visible=TestIF_File.bEnableAutoAlignme		clicked
Setup.OffSet.html	offset	sbInSh2RA	TSpeedButton		tsInOutArmOffset	57	dead/C0									cOffSet.dfm:3156							cOffSet.cpp:602 Visible=TestIF_File.bEnableAutoAlignme		clicked
Setup.OffSet.html	offset	sbInSh2RB	TSpeedButton		tsInOutArmOffset	57	dead/C0									cOffSet.dfm:3296							cOffSet.cpp:603 Visible=TestIF_File.bEnableAutoAlignme		clicked
Setup.OffSet.html	offset	sbInSh2LB	TSpeedButton		tsInOutArmOffset	57	dead/C0									cOffSet.dfm:3436							cOffSet.cpp:601 Visible=TestIF_File.bEnableAutoAlignme		clicked
Setup.OffSet.html	offset	sbAutoSh2	TSpeedButton		tsInOutArmOffset	57	dead/C0									cOffSet.dfm:3576							cOffSet.cpp:621 Visible=(AUTO_SENSOR_INSTALL==1)		clicked
Setup.OffSet.html	offset	sbAutoSh1	TSpeedButton		tsInOutArmOffset	57	dead/C0									cOffSet.dfm:3716							cOffSet.cpp:620 Visible=(AUTO_SENSOR_INSTALL==1)		clicked
Setup.OffSet.html	offset	sbPreciser	TSpeedButton		tsInOutArmOffset	57	dead/C0									cOffSet.dfm:3856							cOffSet.cpp:628 Visible=(USE_PRECISER)		clicked
Setup.OffSet.html	offset	sbOutSh2RA	TSpeedButton		tsInOutArmOffset	57	dead/C0									cOffSet.dfm:3996							cOffSet.cpp:610 Visible=TestIF_File.bEnableAutoAlignme		clicked
Setup.OffSet.html	offset	sbOutSh2RB	TSpeedButton		tsInOutArmOffset	57	dead/C0									cOffSet.dfm:4136							cOffSet.cpp:611 Visible=TestIF_File.bEnableAutoAlignme		clicked
Setup.OffSet.html	offset	sbOutSh2LB	TSpeedButton		tsInOutArmOffset	57	dead/C0									cOffSet.dfm:4276							cOffSet.cpp:609 Visible=TestIF_File.bEnableAutoAlignme		clicked
Setup.OffSet.html	offset	sbOutSh1RA	TSpeedButton		tsInOutArmOffset	57	dead/C0									cOffSet.dfm:4416							cOffSet.cpp:607 Visible=TestIF_File.bEnableAutoAlignme		clicked
Setup.OffSet.html	offset	sbOutSh1RB	TSpeedButton		tsInOutArmOffset	57	dead/C0									cOffSet.dfm:4556							cOffSet.cpp:608 Visible=TestIF_File.bEnableAutoAlignme		clicked
Setup.OffSet.html	offset	sbOutSh1LB	TSpeedButton		tsInOutArmOffset	57	dead/C0									cOffSet.dfm:4696							cOffSet.cpp:606 Visible=TestIF_File.bEnableAutoAlignme		clicked
Setup.OffSet.html	offset	sbInPlacement	TSpeedButton		tsInOutArmOffset	57	dead/C0									cOffSet.dfm:4836							cOffSet.cpp:647 Visible=(fMain->cInplace->InArmPlaceme | cOffSet.cpp:648 Visible=(BOTTOM_2DID>0)		clicked
Setup.OffSet.html	offset	btnBottom2D	TSpeedButton		tsInOutArmOffset	57	dead/C0									cOffSet.dfm:4976									clicked
Setup.OffSet.html	offset	sbAuto4	TSpeedButton		tsInOutArmOffset	57	dead/C0				Setup.OffSet.html:169	ui:HT_WIN				cOffSet.dfm:5116							cOffSet.cpp:674 Visible=(AUTO_EMPTY_COLOR>=3)		clicked
Setup.OffSet.html	offset	sbAuto5	TSpeedButton		tsInOutArmOffset	57	dead/C0				Setup.OffSet.html:169	ui:HT_WIN				cOffSet.dfm:5256							cOffSet.cpp:675 Visible=(AUTO_EMPTY_COLOR>=3)		clicked
Setup.OffSet.html	offset	sbAuto6	TSpeedButton		tsInOutArmOffset	57	dead/C0				Setup.OffSet.html:170	ui:HT_WIN				cOffSet.dfm:5396							cOffSet.cpp:676 Visible=(AUTO_EMPTY_COLOR>=4)		clicked
Setup.OffSet.html	offset	sbFix4	TSpeedButton		tsInOutArmOffset	57	dead/C0				Setup.OffSet.html:169	ui:HT_WIN				cOffSet.dfm:5536							cOffSet.cpp:677 Visible=(AUTO_EMPTY_COLOR>=3)		clicked
Setup.OffSet.html	offset	sbFix5	TSpeedButton		tsInOutArmOffset	57	dead/C0				Setup.OffSet.html:169	ui:HT_WIN				cOffSet.dfm:5676							cOffSet.cpp:678 Visible=(AUTO_EMPTY_COLOR>=3)		clicked
Setup.OffSet.html	offset	sbFix6	TSpeedButton		tsInOutArmOffset	57	dead/C0				Setup.OffSet.html:169	ui:HT_WIN				cOffSet.dfm:5816							cOffSet.cpp:679 Visible=(AUTO_EMPTY_COLOR>=3)		clicked
Setup.OffSet.html	offset	btnOffsetList	TSpeedButton	To Offset List	tsInOutArmOffset	57	dead/A				page/ht9045_offset_wire.js:351				forms/fOffSet.h	cOffSet.dfm:5956	btnOffsetListClick	cOffSet.cpp:3369-3374	3				cOffSet.cpp:585 Enabled=fSecurity->Insufficient(2,fals		clicked ; dom:2
Setup.OffSet.html	offset	sbTopView	TSpeedButton		tsInOutArmOffset	57	hidden(static)	1								cOffSet.dfm:6091					False		cOffSet.cpp:739 Visible=true | cOffSet.cpp:747 Visible=false		UNVERIFIED
Setup.OffSet.html	offset	sbZcalibration	TSpeedButton	Go To In/Out Arm Z Calibration	tsInOutArmOffset	57	dead/C0									cOffSet.dfm:6232							cOffSet.cpp:702 Visible=false | cOffSet.cpp:709 Visible=true | cOffSet.cpp:1394 Visible=true | cOffSet.cpp:1398 Visible=false		clicked
Setup.OffSet.html	offset	sbInSh1RA_AutoClean	TSpeedButton		tsInOutArmOffset	57	dead/C0									cOffSet.dfm:6384							cOffSet.cpp:614 Visible=TestIF_File.bEnableAutoAlignme | cOffSet.cpp:635 Visible=false		clicked
Setup.OffSet.html	offset	sbInSh1RB_AutoClean	TSpeedButton		tsInOutArmOffset	57	dead/C0									cOffSet.dfm:6524							cOffSet.cpp:615 Visible=TestIF_File.bEnableAutoAlignme | cOffSet.cpp:636 Visible=false		clicked
Setup.OffSet.html	offset	sbInSh1LB_AutoClean	TSpeedButton		tsInOutArmOffset	57	dead/C0									cOffSet.dfm:6664							cOffSet.cpp:613 Visible=TestIF_File.bEnableAutoAlignme | cOffSet.cpp:634 Visible=false		clicked
Setup.OffSet.html	offset	sbInSh1_AutoClean	TSpeedButton		tsInOutArmOffset	57	dead/C0									cOffSet.dfm:6804							cOffSet.cpp:643 Visible=true		clicked
Setup.OffSet.html	offset	sbInSh2_AutoClean	TSpeedButton		tsInOutArmOffset	57	dead/C0									cOffSet.dfm:6952							cOffSet.cpp:633 Visible=false | cOffSet.cpp:644 Visible=true		clicked
Setup.OffSet.html	offset	sbInSh2RA_AutoClean	TSpeedButton		tsInOutArmOffset	57	dead/C0									cOffSet.dfm:7092							cOffSet.cpp:617 Visible=TestIF_File.bEnableAutoAlignme | cOffSet.cpp:638 Visible=false		clicked
Setup.OffSet.html	offset	sbInSh2RB_AutoClean	TSpeedButton		tsInOutArmOffset	57	dead/C0									cOffSet.dfm:7232							cOffSet.cpp:618 Visible=TestIF_File.bEnableAutoAlignme | cOffSet.cpp:639 Visible=false		clicked
Setup.OffSet.html	offset	sbInSh2LB_AutoClean	TSpeedButton		tsInOutArmOffset	57	dead/C0									cOffSet.dfm:7372							cOffSet.cpp:616 Visible=TestIF_File.bEnableAutoAlignme | cOffSet.cpp:637 Visible=false		clicked
Setup.OffSet.html	offset	sbScanAOI	TSpeedButton		tsInOutArmOffset	57	dead/C0									cOffSet.dfm:7522							cOffSet.cpp:434 Visible=true | cOffSet.cpp:627 Visible=Pnl_ScanAOI->Visible		clicked
Setup.OffSet.html	offset	sb_AutoOffsetDown	TSpeedButton		tsInOutArmOffset	57	hidden(static)	1			page/ht9045_offset_ev.js:57	form.event	form.event=yes	1	FileRW/Offset_File.gen.inc forms/fOffSet.h	cOffSet.dfm:8772	sb_AutoOffsetDownClick	cOffSet.cpp:2901-2912	5	fMain->Start					UNVERIFIED
Setup.OffSet.html	offset	sb_AutoOffsetLeft	TSpeedButton		tsInOutArmOffset	57	hidden(static)	1			page/ht9045_offset_ev.js:57	form.event	form.event=yes	1	FileRW/Offset_File.gen.inc forms/fOffSet.h	cOffSet.dfm:8890	sb_AutoOffsetLeftClick	cOffSet.cpp:2927-2938	5	fMain->Start					UNVERIFIED
Setup.OffSet.html	offset	sb_AutoOffsetRight	TSpeedButton		tsInOutArmOffset	57	hidden(static)	1			page/ht9045_offset_ev.js:57	form.event	form.event=yes	1	FileRW/Offset_File.gen.inc forms/fOffSet.h	cOffSet.dfm:9007	sb_AutoOffsetRightClick	cOffSet.cpp:2914-2925	5	fMain->Start					UNVERIFIED
Setup.OffSet.html	offset	sb_AutoOffsetUp	TSpeedButton		tsInOutArmOffset	57	hidden(static)	1			page/ht9045_offset_ev.js:57	form.event	form.event=yes	1	FileRW/Offset_File.gen.inc forms/fOffSet.h	cOffSet.dfm:9125	sb_AutoOffsetUpClick	cOffSet.cpp:2888-2899	5	fMain->Start					UNVERIFIED
Setup.OffSet.html	offset	sbBGAView	TSpeedButton		tsInOutArmOffset	57	hidden(static)	1								cOffSet.dfm:10188							cOffSet.cpp:624 Visible=Pnl_AOI->Visible | cOffSet.cpp:737 Visible=false | cOffSet.cpp:745 Visible=false		UNVERIFIED
Setup.OffSet.html	offset	sbPADView	TSpeedButton		tsInOutArmOffset	57	hidden(static)	1								cOffSet.dfm:10328							cOffSet.cpp:738 Visible=false | cOffSet.cpp:746 Visible=false		UNVERIFIED
Setup.OffSet.html	offset	btnTrayOfsLoader	TSpeedButton		tsIndexOffset	57	dead/C0									cOffSet.dfm:10499							cOffSet.cpp:386 Visible=false | cOffSet.cpp:657 Visible=true | cOffSet.cpp:666 Visible=false		clicked
Setup.OffSet.html	offset	btnTrayOfsEmpty	TSpeedButton		tsIndexOffset	57	dead/C0									cOffSet.dfm:10639									clicked
Setup.OffSet.html	offset	btnTrayOfsColor	TSpeedButton		tsIndexOffset	57	dead/C0									cOffSet.dfm:10779									clicked
Setup.OffSet.html	offset	btnTrayOfsAuto1	TSpeedButton		tsIndexOffset	57	dead/C0									cOffSet.dfm:10919									clicked
Setup.OffSet.html	offset	btnTrayOfsAuto2	TSpeedButton		tsIndexOffset	57	dead/C0									cOffSet.dfm:11059									clicked
Setup.OffSet.html	offset	btnTrayOfsAuto3	TSpeedButton		tsIndexOffset	57	dead/C0									cOffSet.dfm:11199									clicked
Setup.OffSet.html	offset	IndexOffSetBT1	TSpeedButton		tsIndexOffset	57	dead/C0				page/ht9045_offset_wire.js:357 page/ht9045_offset_wire.js:357					cOffSet.dfm:11339									clicked
Setup.OffSet.html	offset	IndexOffSetBT2	TSpeedButton		tsIndexOffset	57	dead/C0									cOffSet.dfm:11479									clicked
Setup.OffSet.html	offset	btnToArmOffset	TSpeedButton	Go To Index & Tray Arm Offset	tsIndexOffset	57	OK-ui				page/ht9045_offset_wire.js:346				forms/fOffSet.cpp forms/fOffSet.h	cOffSet.dfm:11619	btnToArmOffsetClick	cOffSet.cpp:3382-3386	2						clicked ; dom:10
Setup.OffSet.html	offset	btnTrayOfsAuto4	TSpeedButton		tsIndexOffset	57	dead/C0				Setup.OffSet.html:169	ui:HT_WIN				cOffSet.dfm:11758							cOffSet.cpp:680 Visible=(AUTO_EMPTY_COLOR>=3)		clicked
Setup.OffSet.html	offset	btnTrayOfsAuto5	TSpeedButton		tsIndexOffset	57	dead/C0				Setup.OffSet.html:169	ui:HT_WIN				cOffSet.dfm:11898							cOffSet.cpp:681 Visible=(AUTO_EMPTY_COLOR>=3)		clicked
Setup.OffSet.html	offset	btnTrayOfsAuto6	TSpeedButton		tsIndexOffset	57	dead/C0				Setup.OffSet.html:170	ui:HT_WIN				cOffSet.dfm:12038							cOffSet.cpp:682 Visible=(AUTO_EMPTY_COLOR>=4)		clicked
Setup.OffSet.html	offset	btnBack	TSpeedButton	Back	tsArmOffset	57	OK-ui				page/ht9045_offset_wire.js:346				FileRW/Offset_File.gen.inc forms/fOffSet.cpp forms/fOffSet.h	cOffSet.dfm:12611	btnBackClick	cOffSet.cpp:3363-3367	2						clicked ; dom:10
Setup.OffSet.html	offset	btnSortAuto1	TButton	sort	tsSetupTeach	57	hidden(static)	1			page/ht9045_offset_ev.js:59	form.event	form.event=yes	1	FileRW/Offset_File.gen.inc forms/fOffSet.h	cOffSet.dfm:12950	btnSortAuto1Click	cOffSet.cpp:3207-3217	4						UNVERIFIED
Setup.OffSet.html	offset	btnSortAuto2	TButton	sort	tsSetupTeach	57	hidden(static)	1			page/ht9045_offset_ev.js:59	form.event	form.event=yes	1	FileRW/Offset_File.gen.inc forms/fOffSet.h	cOffSet.dfm:12959	btnSortAuto1Click	cOffSet.cpp:3207-3217	4						UNVERIFIED
Setup.OffSet.html	offset	btnSortAuto3	TButton	sort	tsSetupTeach	57	hidden(static)	1			page/ht9045_offset_ev.js:59	form.event	form.event=yes	1	FileRW/Offset_File.gen.inc forms/fOffSet.h	cOffSet.dfm:12969	btnSortAuto1Click	cOffSet.cpp:3207-3217	4						UNVERIFIED
Setup.OffSet.html	offset	btnSortFix1	TButton	sort	tsSetupTeach	57	hidden(static)	1			page/ht9045_offset_ev.js:60	form.event	form.event=yes	1	FileRW/Offset_File.gen.inc forms/fOffSet.h	cOffSet.dfm:13024	btnSortAuto1Click	cOffSet.cpp:3207-3217	4						UNVERIFIED
Setup.OffSet.html	offset	btnSortFix2	TButton	sort	tsSetupTeach	57	hidden(static)	1			page/ht9045_offset_ev.js:60	form.event	form.event=yes	1	FileRW/Offset_File.gen.inc forms/fOffSet.h	cOffSet.dfm:13034	btnSortAuto1Click	cOffSet.cpp:3207-3217	4						UNVERIFIED
Setup.OffSet.html	offset	btnSortFix3	TButton	sort	tsSetupTeach	57	hidden(static)	1			page/ht9045_offset_ev.js:60	form.event	form.event=yes	1	FileRW/Offset_File.gen.inc forms/fOffSet.h	cOffSet.dfm:13044	btnSortAuto1Click	cOffSet.cpp:3207-3217	4						UNVERIFIED
Setup.OffSet.html	offset	btnSortAuto4	TButton	sort	tsSetupTeach	57	hidden(static)	1			page/ht9045_offset_ev.js:59	form.event	form.event=yes	1	FileRW/Offset_File.gen.inc forms/fOffSet.h	cOffSet.dfm:13153	btnSortAuto1Click	cOffSet.cpp:3207-3217	4						UNVERIFIED
Setup.OffSet.html	offset	btnSortAuto5	TButton	sort	tsSetupTeach	57	hidden(static)	1			page/ht9045_offset_ev.js:59	form.event	form.event=yes	1	FileRW/Offset_File.gen.inc forms/fOffSet.h	cOffSet.dfm:13163	btnSortAuto1Click	cOffSet.cpp:3207-3217	4						UNVERIFIED
Setup.OffSet.html	offset	btnSortAuto6	TButton	sort	tsSetupTeach	57	hidden(static)	1			page/ht9045_offset_ev.js:59	form.event	form.event=yes	1	FileRW/Offset_File.gen.inc forms/fOffSet.h	cOffSet.dfm:13173	btnSortAuto1Click	cOffSet.cpp:3207-3217	4				cOffSet.cpp:594 Visible=(AUTO_EMPTY_COLOR>=4)		UNVERIFIED
Setup.OffSet.html	offset	btnSortFix4	TButton	sort	tsSetupTeach	57	hidden(static)	1			page/ht9045_offset_ev.js:60	form.event	form.event=yes	1	FileRW/Offset_File.gen.inc forms/fOffSet.h	cOffSet.dfm:13183	btnSortAuto1Click	cOffSet.cpp:3207-3217	4						UNVERIFIED
Setup.OffSet.html	offset	btnSortFix5	TButton	sort	tsSetupTeach	57	hidden(static)	1			page/ht9045_offset_ev.js:60	form.event	form.event=yes	1	FileRW/Offset_File.gen.inc forms/fOffSet.h	cOffSet.dfm:13193	btnSortAuto1Click	cOffSet.cpp:3207-3217	4						UNVERIFIED
Setup.OffSet.html	offset	btnSortFix6	TButton	sort	tsSetupTeach	57	hidden(static)	1			page/ht9045_offset_ev.js:60	form.event	form.event=yes	1	FileRW/Offset_File.gen.inc forms/fOffSet.h	cOffSet.dfm:13203	btnSortAuto1Click	cOffSet.cpp:3207-3217	4						UNVERIFIED
Setup.OffSet.html	offset	sbInArmZCalibration	TSpeedButton	Input Arm	tsZCalibration	57	hidden(static)	1								cOffSet.dfm:13650					False		cOffSet.cpp:755 Visible=false | cOffSet.cpp:760 Visible=true | cOffSet.cpp:763 Enabled=true | cOffSet.cpp:768 Visible=false +3		UNVERIFIED
Setup.OffSet.html	offset	sbOutArmZCalibration	TSpeedButton	Output Arm	tsZCalibration	57	hidden(static)	1								cOffSet.dfm:13679					False		cOffSet.cpp:756 Visible=false | cOffSet.cpp:761 Visible=true | cOffSet.cpp:764 Enabled=true | cOffSet.cpp:769 Visible=false +3		UNVERIFIED
Setup.OffSet.html	offset	spbSave	TSpeedButton	Save		57	dead/D				page/ht9045_wire_engine.js:2155 page/ht9045_offset_wire.js:340				Automation/auto9045.cpp Command.cpp FileRW/AOISetup.cpp FileRW/AOISetup.gen.inc	cOffSet.dfm:13734	spbSaveClick	cOffSet.cpp:2803-2879	47	fMain->Pause					clicked ; dom:2
Setup.OffSet.html	offset	sbtExit	TSpeedButton	Exit		57	dead/A				cls.exitbtn@Setup.OffSet.html:87	ui:postMessage ui:toggle			FileRW/Temperature.gen.inc FileRW/TestIF_File_BarCode.gen.inc FileRW/TestIF_File_SetUp.gen.inc OmronLaser/LaserSensor.cpp	cOffSet.dfm:13873	sbtExitClick	cOffSet.cpp:2797-2801	2						clicked
Setup.Speed.html	speed	spbSpeedAdd	TSpeedButton	Speed +	tsAllSpeed	59	OK-ui				page/ht9045_speed_c.js:129 page/ht9045_speed_c.js:163 page/ht9045_speed_c.js:343			1	FileRW/ArmSpeed_File.gen.inc cSpeed.cpp forms/fSpeed.h	cSpeed.dfm:141	spbSpeedAddClick	cSpeed.cpp:1414-1419	3				cSpeed.cpp:36 Enabled=false | cSpeed.cpp:1429 Enabled=true | cSpeed.cpp:1805 Enabled=true		clicked ; inp:9 ; val:2
Setup.Speed.html	speed	spbSpeedDec	TSpeedButton	Speed -	tsAllSpeed	59	OK-ui				page/ht9045_speed_c.js:129 page/ht9045_speed_c.js:163 page/ht9045_speed_c.js:343			1	FileRW/ArmSpeed_File.gen.inc cSpeed.cpp forms/fSpeed.h	cSpeed.dfm:254	spbSpeedDecClick	cSpeed.cpp:1421-1424	1				cSpeed.cpp:37 Enabled=false | cSpeed.cpp:1430 Enabled=true | cSpeed.cpp:1806 Enabled=true		clicked ; inp:3 ; val:2
Setup.Speed.html	speed	spbSelectAll	TSpeedButton	Select All	tsAllSpeed	59	OK-ui				page/ht9045_speed_c.js:163 page/ht9045_speed_c.js:343			1	FileRW/ArmSpeed_File.gen.inc cSpeed.cpp forms/fSpeed.h	cSpeed.dfm:367	spbSelectAllClick	cSpeed.cpp:1795-1810	13						clicked ; dom:1 ; inp:9 ; val:9
Setup.Speed.html	speed	spbSetToDef	TSpeedButton	Set to define	tsAllSpeed	59	OK-ui				page/ht9045_speed_c.js:163 page/ht9045_speed_c.js:343			1	FileRW/ArmSpeed_File.gen.inc	cSpeed.dfm:506	spbSetToDefClick	cSpeed.cpp:1812-1933	63						clicked ; inp:165 ; val:61
Setup.Speed.html	speed	spbSave	TSpeedButton	Save		59	dead/A				page/ht9045_wire_engine.js:2155				Automation/auto9045.cpp Command.cpp FileRW/AOISetup.cpp FileRW/AOISetup.gen.inc	cSpeed.dfm:5136	spbSaveClick	cSpeed.cpp:1433-1786	200						clicked ; dom:1
Setup.Speed.html	speed	sbtExit	TSpeedButton	Exit		59	dead/A				cls.exitbtn@Setup.Speed.html:89	ui:postMessage ui:toggle			FileRW/Temperature.gen.inc FileRW/TestIF_File_BarCode.gen.inc FileRW/TestIF_File_SetUp.gen.inc OmronLaser/LaserSensor.cpp	cSpeed.dfm:5275	sbtExitClick	cSpeed.cpp:1788-1793	3						clicked
HW.IoSetView.html	io	btnLatchCheck	TButton	Sensor latch check	tsShuttle	82	dead/A								forms/fIoSetView.h	iosetview.dfm:23670	btnLatchCheckClick	iosetview.cpp:2025-2028	1				iosetview.cpp:721 Visible=true | iosetview.cpp:723 Visible=false		clicked
HW.IoSetView.html	io	sb_IO_CommunicationPad	TSpeedButton	Pad	tsKeyPad	82	dead/A				HW.IoSetView.html:828	ui:postMessage			forms/fIoSetView.h	iosetview.dfm:24547	sb_IO_CommunicationPadClick	iosetview.cpp:3882-3885	1				iosetview.cpp:1012 Visible=iControlPanelMode		clicked
HW.IoSetView.html	io	btn500KPA	TButton	0.5MPa	tsIndex	82	greyed(probe)			page/ht9045_iosetview_unwired_c.js:15					forms/fIoSetView.h	iosetview.dfm:28428	btn500KPAClick	iosetview.cpp:4045-4048	1						greyed
HW.IoSetView.html	io	btnAllLock	TButton	All Lock	tsOption1>tsAOI	82	greyed(probe)			page/ht9045_iosetview_unwired_c.js:20					forms/fIoSetView.h	iosetview.dfm:32909	btnAllLockClick	iosetview.cpp:4050-4069	9						greyed
HW.IoSetView.html	io	btnAllUnLock	TButton	All Unlock	tsOption1>tsAOI	82	greyed(probe)			page/ht9045_iosetview_unwired_c.js:22					forms/fIoSetView.h	iosetview.dfm:32918	btnAllUnLockClick	iosetview.cpp:4072-4091	9						greyed
HW.IoSetView.html	io	btnTTLTest	TButton	Start Test	tsTTL	82	hidden(static)	1		page/ht9045_iosetview_unwired_c.js:23					forms/fIoSetView.h	iosetview.dfm:35839	btnTTLTestClick	iosetview.cpp:1268-1273	3						UNVERIFIED
HW.IoSetView.html	io	btIPSetting	TButton	IP Setting	tsConnection	82	dead/A								forms/fIoSetView.h	iosetview.dfm:35861	btIPSettingClick	iosetview.cpp:2824-2829	2						clicked
HW.IoSetView.html	io	btComPoet	TButton	COM Port Setting	tsConnection	82	dead/A								forms/fIoSetView.h	iosetview.dfm:35870	btComPoetClick	iosetview.cpp:2831-2836	2						clicked
HW.IoSetView.html	io	btKVM	TButton	KVM Setting	tsConnection	82	dead/A								forms/fIoSetView.h	iosetview.dfm:35879	btKVMClick	iosetview.cpp:2838-2859	8						clicked
HW.IoSetView.html	io	btnTool	TSpeedButton	Tools	tsTool	82	greyed(probe)			page/ht9045_iosetview_unwired_c.js:25					forms/fIoSetView.h	iosetview.dfm:35908	btnToolClick	iosetview.cpp:1025-1028	1						greyed
HW.IoSetView.html	io	btnReload	TSpeedButton	Reload Sensor & Switch	tsTool	82	greyed(probe)			page/ht9045_iosetview_unwired_c.js:26					forms/fDTME08.cpp forms/fDTME08.h forms/fIoSetView.h	iosetview.dfm:36022	btnReloadClick	iosetview.cpp:1252-1266	9						greyed
HW.IoSetView.html	io	btnClose	TSpeedButton	Close	tsTool	82	hidden(static)	1			cls.exitbtn@HW.IoSetView.html:117	ui:postMessage ui:toggle			forms/fIoSetView.h	iosetview.dfm:36041	btnCloseClick	iosetview.cpp:3328-3333	2		False		iosetview.cpp:391 Visible=true		UNVERIFIED
HW.IoSetView.html	io	sbtReload	TSpeedButton	Load Data	tsIOTable	82	dead/A				HW.IoSetView.html:792 page/ht9045_wire_hwiosetview.js:46				forms/fDTME08.cpp forms/fDTME08.h forms/fIoSetView.h	iosetview.dfm:36064	btnReloadClick	iosetview.cpp:1252-1266	9						clicked ; http:GET /api/system/ioTable ; dom:1 ; err:rejection GET /api/system/ioTable -> HTTP 404
HW.IoSetView.html	io	btnAddIO	TSpeedButton	Add IO	tsIOTable	82	dead/A				HW.IoSetView.html:793 page/ht9045_wire_hwiosetview.js:47				forms/fIoSetView.h	iosetview.dfm:36207	btnAddIOClick	iosetview.cpp:3155-3164	7						clicked
HW.IoSetView.html	io	btnDeleteIO	TSpeedButton	Delete IO	tsIOTable	82	dead/A				HW.IoSetView.html:794 page/ht9045_wire_hwiosetview.js:47				forms/fIoSetView.h	iosetview.dfm:36324	btnDeleteIOClick	iosetview.cpp:3166-3181	12						clicked
HW.IoSetView.html	io	btnModify	TSpeedButton	Modify Data	tsIOTable	82	dead/A				HW.IoSetView.html:795 page/ht9045_wire_hwiosetview.js:39				forms/fIoSetView.h forms/fMotorTest.cpp forms/fMotorTest.h	iosetview.dfm:36439	btnModifyClick	iosetview.cpp:3123-3141	8						clicked ; dom:2
HW.IoSetView.html	io	sbUpdate	TSpeedButton	Save	tsIOTable	82	OK-ui				HW.IoSetView.html:796 page/ht9045_wire_hwiosetview.js:46				Command.cpp FileRW/ShuttleMove.cpp FileRW/ShuttleMove.gen.inc FileRW/TestIF_File_SetUp.cpp	iosetview.dfm:36556	sbUpdateClick	iosetview.cpp:3183-3321	86						clicked ; dom:4
Config.Configuration.html	config	btnAdd1000	TButton	+1000	tsSoftSimu	70	dead/A								cConfiguration.cpp forms/fConfiguration.h	cConfiguration.dfm:62	btnAdd1000Click	cConfiguration.cpp:5429-5432	1				cConfiguration.cpp:4561 Enabled=authConfig[0]		clicked
Config.Configuration.html	config	btnDec1000	TButton	-1000	tsSoftSimu	70	dead/A								cConfiguration.cpp forms/fConfiguration.h	cConfiguration.dfm:71	btnDec1000Click	cConfiguration.cpp:5434-5437	1				cConfiguration.cpp:4562 Enabled=authConfig[0]		clicked
Config.Configuration.html	config	btnSetTo1000	TButton	=1000	tsSoftSimu	70	dead/A								cConfiguration.cpp forms/fConfiguration.h	cConfiguration.dfm:80	btnSetTo1000Click	cConfiguration.cpp:5439-5442	1				cConfiguration.cpp:4563 Enabled=authConfig[0]		clicked
Config.Configuration.html	config	btnAdd10000	TButton	+10000	tsSoftSimu	70	dead/A								cConfiguration.cpp forms/fConfiguration.h	cConfiguration.dfm:89	btnAdd10000Click	cConfiguration.cpp:5973-5976	1				cConfiguration.cpp:4564 Enabled=authConfig[0]		clicked
Config.Configuration.html	config	btnSetToTech	TButton	Set Offset To Tech	tsSoftSimu	70	dead/B									cConfiguration.dfm:98	btnSetToTechClick	cConfiguration.cpp:5978-5981	1				cConfiguration.cpp:4565 Enabled=authConfig[0]		clicked
Config.Configuration.html	config	sbSendTemp	TSpeedButton	Send Temp Set	tsTempComm	70	dead/B									cConfiguration.dfm:143	sbSendTempClick	cConfiguration.cpp:5655-5680	14						clicked
Config.Configuration.html	config	btHeaterClearSelect	TButton	Clear	tsTempComm	70	dead/A								cConfiguration.cpp forms/fConfiguration.h	cConfiguration.dfm:258	btHeaterClearSelectClick	cConfiguration.cpp:5477-5484	4						clicked
Config.Configuration.html	config	btHeaterSelectAll	TButton	All	tsTempComm	70	dead/A								cConfiguration.cpp forms/fConfiguration.h	cConfiguration.dfm:267	btHeaterSelectAllClick	cConfiguration.cpp:5468-5475	4						clicked
Config.Configuration.html	config	sbReadTemp	TSpeedButton	Read Temp	tsTempComm	70	dead/B									cConfiguration.dfm:338	sbSendTempClick	cConfiguration.cpp:5655-5680	14						clicked
Config.Configuration.html	config	BitBtn1	TBitBtn	Set Vender Password	tsConfig>tsA00>tsA_01	70	hidden(probe)				page/ht9045_iniconfig_auth_c.js:212				ATC/ATCInterface.cpp ATC/ATCInterface.h forms/fMotorTest.h	cConfiguration.dfm:810	BitBtn1Click	cConfiguration.cpp:5946-5954	6		False				not-visible
Config.Configuration.html	config	spbA27	TSpeedButton	[A27] Save Standard Config	tsConfig>tsA00>tsA_03	70	dead/B									cConfiguration.dfm:1084	spbA27Click	cConfiguration.cpp:6817-6837	12		False		cConfiguration.cpp:695 Visible=(CosFunction.bConfigStandard)		clicked
Config.Configuration.html	config	spbA25_RunExecutFilePathChoice	TSpeedButton		tsConfig>tsA00>tsA_03	70	dead/C								cConfiguration.cpp forms/fConfiguration.h	cConfiguration.dfm:1197	spbA25_RunExecutFilePathChoiceClick	cConfiguration.cpp:6705-6716	5		False				clicked
Config.Configuration.html	config	spbA28_2	TSpeedButton	OPEN	tsConfig>tsA00>tsA_03	70	dead/C									cConfiguration.dfm:1275	spbA28_2Click	cConfiguration.cpp:6800-6815	9		False				clicked
Config.Configuration.html	config	btnA71Manually	TButton	Manually	tsConfig>tsA00>tsA06	70	greyed(probe)			page/ht9045_golden_kb_unwired.js:220						cConfiguration.dfm:2131	btnA71ManuallyClick	cConfiguration.cpp:7771-7774	1					id	greyed
Config.Configuration.html	config	btnOpenEP	TButton	OpenEP	tsConfig>tsD00>tsD_Contact	70	dead/B									cConfiguration.dfm:4573	btnOpenEPClick	cConfiguration.cpp:6638-6667	22				cConfiguration.cpp:4639 Visible=(CosFunction.bUseDynamicKitDia		clicked
Config.Configuration.html	config	btD47	TButton	Clear	tsConfig>tsD00>tsD_Other	70	dead/A				page/ht9045_config_st01_ev.js:66 page/ht9045_config_st01_ev.js:75 page/ht9045_config_q41.js:110	form.event	form.event=yes	1	FileRW/IniConfig.gen.inc cConfiguration.cpp forms/fConfiguration.h	cConfiguration.dfm:5070	btD47Click	cConfiguration.cpp:5956-5960	2				cConfiguration.cpp:5932 Visible=cbD47->Checked		clicked
Config.Configuration.html	config	btnSave	TButton	Save Config.	tsConfig>tsG00	70	dead/A				page/ht9045_wire_engine.js:2155 page/ht9045_iniconfig_auth_c.js:39				FileRW/Teach.cpp Interface/TesterTCP.cpp Interface/TesterTCP.h WebLotInfo.cpp	cConfiguration.dfm:10751	btnSaveClick	cConfiguration.cpp:7776-7780	2				cConfiguration.cpp:5356 Visible=true | cConfiguration.cpp:5361 Visible=false		clicked ; dom:1
Config.Configuration.html	config	btnAutoSaveSetAll	TButton	Set All	tsConfig>tsO00>tsO_00	70	dead/A				page/ht9045_config_q41.js:280				cConfiguration.cpp forms/fConfiguration.h	cConfiguration.dfm:13610	btnAutoSaveSetAllClick	cConfiguration.cpp:6331-6337	4						clicked
Config.Configuration.html	config	btnRecordJamRateByTimeClear	TButton	Set All	tsConfig>tsO00>tsO_11	70	dead/A				page/ht9045_config_st01_ev.js:66 page/ht9045_config_st01_ev.js:75			1	FileRW/IniConfig.gen.inc cConfiguration.cpp forms/fConfiguration.h	cConfiguration.dfm:13787	btnRecordJamRateByTimeClearClick	cConfiguration.cpp:6585-6591	3						clicked
Config.Configuration.html	config	btnMesSystem	TButton	Mes System	tsConfig>tsN00>tsN05	70	dead/B									cConfiguration.dfm:14512	btnMesSystemClick	cConfiguration.cpp:7622-7625	1		False		cConfiguration.cpp:5000 Visible=true		clicked
Config.Configuration.html	config	btnUploadAll	TButton	Upload All	tsConfig>tsN00>tsN05	70	greyed(probe)			page/ht9045_golden_kb_unwired.js:221						cConfiguration.dfm:14542	btnUploadAllClick	cConfiguration.cpp:7757-7769	10					id	greyed
Config.Configuration.html	config	btN06_TesterList	TButton	...	tsConfig>tsN00>tsN06	70	dead/A								cConfiguration.cpp forms/fConfiguration.h	cConfiguration.dfm:14731	btN06_TesterListClick	cConfiguration.cpp:6157-6163	2				cConfiguration.cpp:5074 Visible=false		clicked
Config.Configuration.html	config	btN06_UpdateTesterList	TButton	Update Tester List	tsConfig>tsN00>tsN06	70	dead/C0									cConfiguration.dfm:14740							cConfiguration.cpp:5075 Visible=false | cConfiguration.cpp:5127 Visible=false | cConfiguration.cpp:5337 Visible=false		clicked
Config.Configuration.html	config	btN06_TesterMap	TButton	...	tsConfig>tsN00>tsN06	70	dead/A								cConfiguration.cpp forms/fConfiguration.h	cConfiguration.dfm:14755	btN06_TesterMapClick	cConfiguration.cpp:6339-6345	2				cConfiguration.cpp:5071 Visible=false		clicked
Config.Configuration.html	config	btnSetIPSCCleaarQty	TButton	Set Clear	tsConfig>tsN00>tsN14>tsN14_4	70	dead/B									cConfiguration.dfm:16615	btnSetIPSCCleaarQtyClick	cConfiguration.cpp:7154-7166	6						clicked
Config.Configuration.html	config	btnSetIPSCQty	TButton	Set Qty	tsConfig>tsN00>tsN14>tsN14_4	70	dead/A								cConfiguration.cpp forms/fConfiguration.h	cConfiguration.dfm:16638	btnSetIPSCQtyClick	cConfiguration.cpp:7148-7152	2						clicked
Config.Configuration.html	config	btnN14_22Import	TButton	Import	tsConfig>tsN00>tsN14>tsN14_5	70	dead/B									cConfiguration.dfm:16888	btnN14_22ImportClick	cConfiguration.cpp:7718-7724	2						clicked
Config.Configuration.html	config	btnN14_22Export	TButton	Export	tsConfig>tsN00>tsN14>tsN14_5	70	dead/B									cConfiguration.dfm:16897	btnN14_22ExportClick	cConfiguration.cpp:7710-7716	2						clicked
Config.Configuration.html	config	btnAutoCalSuckZ	TButton	Set Auto Calibrate Suck Z height	tsConfig>tsN00>tsN14>tsN14_23	70	dead/C0									cConfiguration.dfm:16992									clicked
Config.Configuration.html	config	sbN15UserLevelByTxtReadFilePath	TSpeedButton		tsConfig>tsN00>tsN15	70	dead/A								cConfiguration.cpp forms/fConfiguration.h	cConfiguration.dfm:17025	sbN15UserLevelByTxtReadFilePathClick	cConfiguration.cpp:6687-6698	5						clicked
Config.Configuration.html	config	btnN15ESDForm	TSpeedButton	ESD Form	tsConfig>tsN00>tsN15	70	dead/B									cConfiguration.dfm:17075	btnN15ESDFormClick	cConfiguration.cpp:6700-6703	1						clicked
Config.Configuration.html	config	btnN25_3_Manual	TButton	Manual	tsConfig>tsN00>tsN25>tsN25_1_3	70	dead/B									cConfiguration.dfm:18390	btnN25_3_ManualClick	cConfiguration.cpp:7737-7740	1						clicked
Config.Configuration.html	config	btnN25_5_Manual	TButton	Manual	tsConfig>tsN00>tsN25>tsN25_4	70	dead/B									cConfiguration.dfm:18442	btnN25_5_ManualClick	cConfiguration.cpp:7747-7750	1						clicked
Config.Configuration.html	config	btnN25_4_Manual	TButton	Manual	tsConfig>tsN00>tsN25>tsN25_4	70	dead/B									cConfiguration.dfm:18489	btnN25_4_ManualClick	cConfiguration.cpp:7742-7745	1						clicked
Config.Configuration.html	config	btnN31_Manual	TButton	Manual	tsConfig>tsN00>tsN31	70	dead/B									cConfiguration.dfm:19031	btnN31_ManualClick	cConfiguration.cpp:7616-7620	2						clicked
Config.Configuration.html	config	btnN32	TButton	Check Manual	tsConfig>tsN00>tsN32	70	dead/B									cConfiguration.dfm:19186	btnN32Click	cConfiguration.cpp:7627-7637	5						clicked
Config.Configuration.html	config	btnN35_Test	TButton	Manual	tsConfig>tsN00>tsN35	70	greyed(probe)			page/ht9045_golden_kb_unwired.js:222						cConfiguration.dfm:19458	btnN35_TestClick	cConfiguration.cpp:7752-7755	1					id	greyed
Config.Configuration.html	config	btResume	TButton	Resume	tsConfig>tsN00	70	dead/A				page/ht9045_config_st01_ev.js:66 page/ht9045_config_st01_ev.js:75			1	FileRW/IniConfig.gen.inc	cConfiguration.dfm:19820	btResumeClick	cConfiguration.cpp:6151-6155	2				cConfiguration.cpp:5201 Visible=true | cConfiguration.cpp:5205 Visible=false		clicked
Config.Configuration.html	config	btnAddTray	TSpeedButton	Add Tray	tsTrayData	70	dead/A				page/ht9045_config_trayplate.js:52				FileRW/CfgTrayPlate.cpp FileRW/CfgTrayPlate.h cConfiguration.cpp forms/fConfiguration.h	cConfiguration.dfm:21224	btnAddTrayClick	cConfiguration.cpp:6878-6888	8						clicked
Config.Configuration.html	config	btnDeleteTray	TSpeedButton	Delete Tray	tsTrayData	70	dead/A				page/ht9045_config_trayplate.js:52				FileRW/CfgTrayPlate.cpp FileRW/CfgTrayPlate.h cConfiguration.cpp forms/fConfiguration.h	cConfiguration.dfm:21340	btnDeleteTrayClick	cConfiguration.cpp:6890-6904	11						clicked
Config.Configuration.html	config	btnModifyTray	TSpeedButton	Modify Data	tsTrayData	70	dead/A				page/ht9045_wire_configconfiguration.js:210 page/ht9045_config_trayplate.js:52				FileRW/CfgTrayPlate.cpp FileRW/CfgTrayPlate.h cConfiguration.cpp forms/fConfiguration.h	cConfiguration.dfm:21454	btnModifyTrayClick	cConfiguration.cpp:6851-6876	10						clicked
Config.Configuration.html	config	sbUpdateTray	TSpeedButton	Save	tsTrayData	70	dead/A				page/ht9045_config_trayplate.js:52				FileRW/CfgTrayPlate.cpp FileRW/CfgTrayPlate.h	cConfiguration.dfm:21570	sbUpdateTrayClick	cConfiguration.cpp:6906-6929	18						clicked
Config.Configuration.html	config	sbtReloadTray	TSpeedButton	Load Data	tsTrayData	70	dead/A				page/ht9045_config_trayplate.js:52				FileRW/CfgTrayPlate.cpp FileRW/CfgTrayPlate.h cConfiguration.cpp forms/fConfiguration.h	cConfiguration.dfm:21710	sbtReloadTrayClick	cConfiguration.cpp:6931-6975	34						clicked
Config.Configuration.html	config	btnAddHP	TSpeedButton	Add HP	tsHPData	70	dead/A				page/ht9045_config_trayplate.js:53				FileRW/CfgTrayPlate.cpp FileRW/CfgTrayPlate.h cConfiguration.cpp forms/fConfiguration.h	cConfiguration.dfm:21872	btnAddHPClick	cConfiguration.cpp:7014-7024	8						clicked
Config.Configuration.html	config	btnDeleteHP	TSpeedButton	Delete HP	tsHPData	70	dead/A				page/ht9045_config_trayplate.js:53				FileRW/CfgTrayPlate.cpp FileRW/CfgTrayPlate.h cConfiguration.cpp forms/fConfiguration.h	cConfiguration.dfm:21988	btnDeleteHPClick	cConfiguration.cpp:7026-7040	11						clicked
Config.Configuration.html	config	btnModifyHP	TSpeedButton	Modify Data	tsHPData	70	dead/A				page/ht9045_wire_configconfiguration.js:209 page/ht9045_config_trayplate.js:53				FileRW/CfgTrayPlate.cpp FileRW/CfgTrayPlate.h cConfiguration.cpp forms/fConfiguration.h	cConfiguration.dfm:22102	btnModifyHPClick	cConfiguration.cpp:6989-7012	10						clicked
Config.Configuration.html	config	sbUpdateHP	TSpeedButton	Save	tsHPData	70	dead/A				page/ht9045_config_trayplate.js:53				FileRW/CfgTrayPlate.cpp FileRW/CfgTrayPlate.h	cConfiguration.dfm:22218	sbUpdateHPClick	cConfiguration.cpp:7088-7111	18						clicked
Config.Configuration.html	config	sbtReloadHP	TSpeedButton	Load Data	tsHPData	70	dead/A				page/ht9045_config_trayplate.js:53				FileRW/CfgTrayPlate.cpp FileRW/CfgTrayPlate.h cConfiguration.cpp forms/fConfiguration.h	cConfiguration.dfm:22358	sbtReloadHPClick	cConfiguration.cpp:7042-7086	34						clicked
Config.Configuration.html	config	sbExit	TSpeedButton	Exit		70	dead/B				cls.exitbtn@Config.Configuration.html:100 page/ht9045_config_exit_c.js:34 page/ht9045_config_exit_c.js:35	ui:postMessage ui:toggle ui:closeWin				cConfiguration.dfm:22488	sbExitClick	cConfiguration.cpp:6277-6284	4						clicked
Status.CounterSel.html	countersel	spbExit	TSpeedButton	Exit		56	dead/A				cls.exitbtn@Status.CounterSel.html:86 page/ht9045_countersel_c.js:106 page/ht9045_countersel_c.js:115 page/ht9045_countersel_c.js:118	ui:postMessage ui:toggle			FileRW/StartCondition.cpp FileRW/StartCondition.gen.inc WebBuilder.cpp cCounterClear.cpp	cCounterSel.dfm:21	spbExitClick	cCounterSel.cpp:145-149	2						clicked
Data.CounterClear.html	counterclear	spbExit	TSpeedButton	Exit		56	dead/A				cls.exitbtn@Data.CounterClear.html:86	ui:postMessage ui:toggle			FileRW/StartCondition.cpp FileRW/StartCondition.gen.inc WebBuilder.cpp cCounterClear.cpp	cCounterClear.dfm:21	spbExitClick	cCounterClear.cpp:452-456	2						clicked
Data.CounterClear.html	counterclear	spbExe	TSpeedButton	Execute		56	OK-cmd				page/ht9045_counterclear_wire.js:90 page/ht9045_counterclear_wire.js:94 page/ht9045_counterclear_wire.js:98 page/ht9045_counterclear_wire.js:176	counterclear.get counterclear.click	counterclear.get=yes counterclear.click=yes		JsonBridge/ChanAction.cpp cCounterClear.cpp forms/fCounterClear.h	cCounterClear.dfm:98	spbExeClick	cCounterClear.cpp:394-450	28						clicked ; counterclear.exe ; dom:6
Data.Builder.html	builder	btCreateSetupFile	TButton	Create		61	greyed(probe)				page/ht9045_builder_web.js:124 page/ht9045_builder_web.js:234 page/ht9045_builder_web.js:248				WebBuilder.cpp forms/fBuilder.cpp forms/fBuilder.h	cBuilder.dfm:73	btCreateSetupFileClick	cBuilder.cpp:72-159	60				cBuilder.cpp:46 Enabled=true | cBuilder.cpp:48 Enabled=false		greyed
Data.Builder.html	builder	btDeleteSetupFile	TButton	Delete		61	greyed(probe)				page/ht9045_builder_web.js:125 page/ht9045_builder_web.js:234 page/ht9045_builder_web.js:249				WebBuilder.cpp forms/fBuilder.cpp forms/fBuilder.h	cBuilder.dfm:106	btDeleteSetupFileClick	cBuilder.cpp:202-230	16				cBuilder.cpp:197 Enabled=true | cBuilder.cpp:199 Enabled=false		greyed
Data.Builder.html	builder	spbImport	TSpeedButton	Import		61	greyed(probe)				page/ht9045_builder_web.js:234 page/ht9045_builder_web.js:250				WebBuilder.cpp WebSecurityJam.cpp cSecurity.cpp forms/fBuilder.cpp	cBuilder.dfm:150	spbImportClick	cBuilder.cpp:475-482	4						greyed
Data.Builder.html	builder	spbExport	TSpeedButton	Export		61	greyed(probe)				page/ht9045_builder_web.js:234 page/ht9045_builder_web.js:251				WebBuilder.cpp cSecurity.cpp forms/fBuilder.cpp forms/fBuilder.h	cBuilder.dfm:288	spbExportClick	cBuilder.cpp:396-473	50						greyed
Data.Builder.html	builder	spbExit	TSpeedButton	Exit		61	OK-cmd				cls.exitbtn@Data.Builder.html:91 page/ht9045_builder_web.js:252	ui:postMessage ui:toggle			FileRW/StartCondition.cpp FileRW/StartCondition.gen.inc WebBuilder.cpp cCounterClear.cpp	cBuilder.dfm:469	spbExitClick	cBuilder.cpp:484-487	1						clicked ; control.acquire ; builder.op
Config.DIOInterFaceCFG.html	dioform	spbSave	TSpeedButton	Save		56	dead/A				page/ht9045_wire_engine.js:2155				Automation/auto9045.cpp Command.cpp FileRW/AOISetup.cpp FileRW/AOISetup.gen.inc	DIOInterFaceCFG.dfm:127	spbSaveClick	DIOInterFaceCFG.cpp:191-235	28						clicked ; dom:1
Config.DIOInterFaceCFG.html	dioform	spbLoad	TSpeedButton	Load		56	greyed(probe)			page/ht9045_golden_kb_unwired.js:225					FileRW/TTLCfg.cpp FileRW/TTLCfg.gen.inc forms/fDIOFrom.cpp forms/fDIOFrom.h	DIOInterFaceCFG.dfm:266	spbLoadClick	DIOInterFaceCFG.cpp:237-246	5						greyed
Config.DIOInterFaceCFG.html	dioform	spbDelete	TSpeedButton	Delete		56	OK-cmd				page/ht9045_dio_delete.js:203	ui:HT_WIN			FileRW/TTLCfg.cpp FileRW/TTLCfg.gen.inc forms/fDIOFrom.cpp forms/fDIOFrom.h	DIOInterFaceCFG.dfm:401	spbDeleteClick	DIOInterFaceCFG.cpp:248-256	4						clicked ; control.acquire ; ttlcfg.op ; dom:1
Config.DIOInterFaceCFG.html	dioform	spbExit	TSpeedButton	Exit		56	dead/A				cls.exitbtn@Config.DIOInterFaceCFG.html:86	ui:postMessage ui:toggle			FileRW/StartCondition.cpp FileRW/StartCondition.gen.inc WebBuilder.cpp cCounterClear.cpp	DIOInterFaceCFG.dfm:503	spbExitClick	DIOInterFaceCFG.cpp:258-261	1						clicked
Status.LtcSensor.html	ltcsensor	btnClose	TSpeedButton	Exit		56	OK-ui				cls.exitbtn@Status.LtcSensor.html:86	ui:postMessage ui:toggle			forms/fIoSetView.h	LtcSensor.dfm:22	btnCloseClick	LtcSensor.cpp:678-681	1						clicked ; dom:72
Status.LtcSensor.html	ltcsensor	btSetLtc	TButton	Set		56	greyed(probe)				page/ht9045_ltcsensor_c.js:62					LtcSensor.dfm:140	btSetLtcClick	LtcSensor.cpp:123-128	3						greyed
Status.LtcSensor.html	ltcsensor	btSh1Servo	TButton	Shuttle1 Servo		56	greyed(probe)				page/ht9045_ltcsensor_c.js:68					LtcSensor.dfm:149	btSh1ServoClick	LtcSensor.cpp:105-109	2	MOT[].ServoOnOff					greyed
Status.LtcSensor.html	ltcsensor	btSh2Servo	TButton	Shuttle2 Servo		56	greyed(probe)				page/ht9045_ltcsensor_c.js:69					LtcSensor.dfm:158	btSh2ServoClick	LtcSensor.cpp:111-115	2	MOT[].ServoOnOff					greyed
Status.LtcSensor.html	ltcsensor	BtnDellTest	TButton	BtnDellTest		56	hidden(static)	1								LtcSensor.dfm:167	BtnDellTestClick	LtcSensor.cpp:683-687	2		False				UNVERIFIED
Status.LtcSensor.html	ltcsensor	btSh3Servo	TButton	Shuttle3 Servo		56	greyed(probe)				page/ht9045_ltcsensor_c.js:46 page/ht9045_ltcsensor_c.js:70					LtcSensor.dfm:189	btSh3ServoClick	LtcSensor.cpp:117-121	2	MOT[].ServoOnOff			LtcSensor.cpp:89 Visible=(USE_OUT_SORT_ARM!=eartUninsta		greyed
Status.LtcSensor.html	ltcsensor	btGetSh1Ltc	TButton	Get		56	greyed(probe)				page/ht9045_ltcsensor_c.js:63					LtcSensor.dfm:263	btGetSh1LtcClick	LtcSensor.cpp:482-554	46						greyed
Status.LtcSensor.html	ltcsensor	btGetSh2Ltc	TButton	Get		56	greyed(probe)				page/ht9045_ltcsensor_c.js:65					LtcSensor.dfm:359	btGetSh2LtcClick	LtcSensor.cpp:556-628	46						greyed
Status.LtcSensor.html	ltcsensor	btGetSh1YLtc	TButton	Get		56	greyed(probe)				page/ht9045_ltcsensor_c.js:63					LtcSensor.dfm:400	btGetSh1LtcClick	LtcSensor.cpp:482-554	46						greyed
Status.LtcSensor.html	ltcsensor	btGetSh2YLtc	TButton	Get		56	greyed(probe)				page/ht9045_ltcsensor_c.js:65					LtcSensor.dfm:457	btGetSh2LtcClick	LtcSensor.cpp:556-628	46						greyed
Status.LtcSensor.html	ltcsensor	btGetInSh1YLtc	TButton	Get		56	greyed(probe)				page/ht9045_ltcsensor_c.js:64					LtcSensor.dfm:498	btGetSh1LtcClick	LtcSensor.cpp:482-554	46						greyed
Status.LtcSensor.html	ltcsensor	btGetInSh2YLtc	TButton	Get		56	greyed(probe)				page/ht9045_ltcsensor_c.js:66					LtcSensor.dfm:555	btGetSh2LtcClick	LtcSensor.cpp:556-628	46						greyed
Status.LtcSensor.html	ltcsensor	btGetSh3Ltc	TButton	Get		56	greyed(probe)				page/ht9045_ltcsensor_c.js:67					LtcSensor.dfm:666	btGetSh3LtcClick	LtcSensor.cpp:630-676	33						greyed
Status.LtcSensor.html	ltcsensor	btGetSh3YLtc	TButton	Get		56	greyed(probe)				page/ht9045_ltcsensor_c.js:67					LtcSensor.dfm:730	btGetSh3LtcClick	LtcSensor.cpp:630-676	33						greyed
Status.LtcSensor.html	ltcsensor	Button5	TButton	Get		56	greyed(probe)				page/ht9045_ltcsensor_c.js:64					LtcSensor.dfm:796	btGetSh1LtcClick	LtcSensor.cpp:482-554	46						greyed
Status.LtcSensor.html	ltcsensor	Button6	TButton	Get		56	greyed(probe)				page/ht9045_ltcsensor_c.js:66					LtcSensor.dfm:853	btGetSh2LtcClick	LtcSensor.cpp:556-628	46						greyed
Status.TowerLight.html	towerlight	spbExit	TSpeedButton	Exit		56	dead/A				cls.exitbtn@Status.TowerLight.html:86	ui:postMessage ui:toggle			FileRW/StartCondition.cpp FileRW/StartCondition.gen.inc WebBuilder.cpp cCounterClear.cpp	cTowerLight.dfm:679	spbExitClick	cTowerLight.cpp:155-158	1						clicked
HW.OmronEJ1N.html	omron	btGetModuler	TButton	Get Moduler	tsAuto	56	greyed(probe)			page/ht9045_unported_form_c.js:19						EJ1N/OmronEJ1N.dfm:81	btGetModulerClick	EJ1N/OmronEJ1N.cpp:946-950	2				EJ1N/OmronEJ1N.cpp:301 Enabled=true | EJ1N/OmronEJ1N.cpp:314 Enabled=(Function==0)		greyed
HW.OmronEJ1N.html	omron	btRunStop	TButton	Set RUN / STOP	tsAuto	56	greyed(probe)			page/ht9045_unported_form_c.js:20						EJ1N/OmronEJ1N.dfm:96	btRunStopClick	EJ1N/OmronEJ1N.cpp:1604-1608	2				EJ1N/OmronEJ1N.cpp:307 Enabled=true | EJ1N/OmronEJ1N.cpp:320 Enabled=false		greyed
HW.OmronEJ1N.html	omron	btSetThermoType	TButton	Set Sensor Type	tsAuto	56	greyed(probe)			page/ht9045_unported_form_c.js:21					forms/fDTME08.cpp forms/fDTME08.h	EJ1N/OmronEJ1N.dfm:129	btSetThermoTypeClick	EJ1N/OmronEJ1N.cpp:1249-1253	2				EJ1N/OmronEJ1N.cpp:308 Enabled=true | EJ1N/OmronEJ1N.cpp:321 Enabled=false		greyed
HW.OmronEJ1N.html	omron	Button1	TButton	Stop Control	tsAuto	56	greyed(probe)			page/ht9045_unported_form_c.js:22					ATC/ATCInterface.cpp ATC/ATCInterface.h DynamicTemp.cpp forms/fDynamicTemp.h	EJ1N/OmronEJ1N.dfm:162	Button1Click	EJ1N/OmronEJ1N.cpp:1913-1925	6						greyed
HW.OmronEJ1N.html	omron	btSend	TButton	Send	tsManual	56	greyed(probe)			page/ht9045_unported_form_c.js:39						EJ1N/OmronEJ1N.dfm:1501	btSendClick	EJ1N/OmronEJ1N.cpp:844-851	3				EJ1N/OmronEJ1N.cpp:310 Enabled=true | EJ1N/OmronEJ1N.cpp:323 Enabled=(Function==3)		greyed
HW.OmronEJ1N.html	omron	btSetSV	TButton	Set SV	tsSimple	56	greyed(probe)			page/ht9045_unported_form_c.js:40					forms/fDTME08.cpp forms/fDTME08.h	EJ1N/OmronEJ1N.dfm:1521	btSetSVClick	EJ1N/OmronEJ1N.cpp:1326-1333	3				EJ1N/OmronEJ1N.cpp:306 Enabled=true | EJ1N/OmronEJ1N.cpp:319 Enabled=false | EJ1N/OmronEJ1N.cpp:2121 Visible=false		greyed
HW.OmronEJ1N.html	omron	btResetCOM	TButton	Reset COM	tsSimple	56	greyed(probe)			page/ht9045_unported_form_c.js:41						EJ1N/OmronEJ1N.dfm:1536	btResetCOMClick	EJ1N/OmronEJ1N.cpp:1855-1860	3				EJ1N/OmronEJ1N.cpp:309 Enabled=true | EJ1N/OmronEJ1N.cpp:2122 Visible=false		greyed
HW.OmronEJ1N.html	omron	Button3	TButton	Stop Control	tsSimple	56	greyed(probe)			page/ht9045_unported_form_c.js:42					ATC/ATCInterface.cpp ATC/ATCInterface.h DynamicTemp.cpp forms/fDynamicTemp.h	EJ1N/OmronEJ1N.dfm:1551	Button1Click	EJ1N/OmronEJ1N.cpp:1913-1925	6				EJ1N/OmronEJ1N.cpp:2123 Visible=false		greyed
HW.OmronEJ1N.html	omron	btAT	TButton	AT ON (For All)	tsSimple	56	greyed(probe)			page/ht9045_unported_form_c.js:43					forms/fDTME08.cpp forms/fDTME08.h	EJ1N/OmronEJ1N.dfm:1573	btATClick	EJ1N/OmronEJ1N.cpp:1417-1422	3				EJ1N/OmronEJ1N.cpp:302 Enabled=true | EJ1N/OmronEJ1N.cpp:315 Enabled=false		greyed
HW.OmronEJ1N.html	omron	btATOff	TButton	AT OFF	tsSimple	56	greyed(probe)			page/ht9045_unported_form_c.js:44					forms/fDTME08.cpp forms/fDTME08.h	EJ1N/OmronEJ1N.dfm:1588	btATOffClick	EJ1N/OmronEJ1N.cpp:1983-1988	3						greyed
HW.OmronEJ1N.html	omron	btAT1by1	TButton	AT ON (1 by 1)	tsSimple	56	greyed(probe)			page/ht9045_unported_form_c.js:45					forms/fDTME08.cpp forms/fDTME08.h	EJ1N/OmronEJ1N.dfm:1613	btAT1by1Click	EJ1N/OmronEJ1N.cpp:1990-1995	3				EJ1N/OmronEJ1N.cpp:303 Enabled=true | EJ1N/OmronEJ1N.cpp:316 Enabled=false		greyed
HW.OmronEJ1N.html	omron	btRT	TButton	RT ON (For All)	tsSimple	56	greyed(probe)			page/ht9045_unported_form_c.js:46						EJ1N/OmronEJ1N.dfm:1628	btRTClick	EJ1N/OmronEJ1N.cpp:1997-2002	3				EJ1N/OmronEJ1N.cpp:304 Enabled=true | EJ1N/OmronEJ1N.cpp:317 Enabled=false		greyed
HW.OmronEJ1N.html	omron	btRT1by1	TButton	RT ON (1 by 1)	tsSimple	56	greyed(probe)			page/ht9045_unported_form_c.js:47						EJ1N/OmronEJ1N.dfm:1643	btRT1by1Click	EJ1N/OmronEJ1N.cpp:2004-2009	3				EJ1N/OmronEJ1N.cpp:305 Enabled=true | EJ1N/OmronEJ1N.cpp:318 Enabled=false		greyed
HW.OmronEJ1N.html	omron	btRTOff	TButton	RT OFF	tsSimple	56	greyed(probe)			page/ht9045_unported_form_c.js:48						EJ1N/OmronEJ1N.dfm:1658	btRTOffClick	EJ1N/OmronEJ1N.cpp:2011-2016	3						greyed
HW.OmronEJ1N.html	omron	btSaveData	TButton	Save Data	tsRecord	56	greyed(probe)			page/ht9045_unported_form_c.js:49	page/ht9045_wire_hwomronej1n.js:31					EJ1N/OmronEJ1N.dfm:1825	btSaveDataClick	EJ1N/OmronEJ1N.cpp:2028-2031	1						greyed
Setup.QAMode.html	qamode	btnApply	TSpeedButton	Save		56	dead/A				page/ht9045_qamode_c.js:75 page/ht9045_qamode_c.js:78				Command.cpp FileRW/TestIF_File_QAMode.cpp FileRW/TestIF_File_QAMode.gen.inc FileRW/TestIF_File_YieldMonitoring.cpp	QAMode.dfm:18	btnApplyClick	QAMode.cpp:73-110	26						clicked ; dom:1
Setup.QAMode.html	qamode	btnOk	TSpeedButton	Exit		56	dead/A				cls.exitbtn@Setup.QAMode.html:86	ui:postMessage ui:toggle			forms/fQAMode.cpp forms/fQAMode.h	QAMode.dfm:33	btnOkClick	QAMode.cpp:27-30	1						clicked
Setup.BarCode.html	barcode	btStart2DIDCheckSh1	TSpeedButton	Cheack 2DID SH1	ts2DID>tsResult	61	dead/B									BarCode/BarCode.dfm:140	btStart2DIDCheckSh1Click	BarCode/BarCode.cpp:6806-6810	2				csystem.cpp:17758 Enabled==false||fBarCode->btStart2DIDC | BarCode/BarCode.cpp:2399 Enabled=true | BarCode/BarCode.cpp:6809 Enabled=false | BarCode/BarCode.cpp:6834 Enabled=true +1		clicked
Setup.BarCode.html	barcode	bt2DIDOffset	TSpeedButton	2DID Offset	ts2DID>tsResult	61	dead/B				page/ht9045_barcode_c.js:55	ui:postMessage				BarCode/BarCode.dfm:282	bt2DIDOffsetClick	BarCode/BarCode.cpp:6799-6804	3						clicked
Setup.BarCode.html	barcode	btStart2DIDCheckSh2	TSpeedButton	Cheack 2DID SH2	ts2DID>tsResult	61	dead/B									BarCode/BarCode.dfm:424	btStart2DIDCheckSh2Click	BarCode/BarCode.cpp:6812-6816	2				BarCode/BarCode.cpp:2400 Enabled=true | BarCode/BarCode.cpp:6815 Enabled=false | BarCode/BarCode.cpp:6857 Enabled=true | BarCode/BarCode.cpp:6865 Enabled=true		clicked
Setup.BarCode.html	barcode	btnGetLotID	TButton	Get	ts2DID>tsBarCodeSetting>TabSheet2	61	dead/B				page/ht9045_barcode_c.js:55	ui:postMessage				BarCode/BarCode.dfm:1402	btnGetLotIDClick	BarCode/BarCode.cpp:11489-11495	4						clicked
Setup.BarCode.html	barcode	btnTestLotID	TButton	Test	ts2DID>tsBarCodeSetting>TabSheet2	61	OK-ui				page/ht9045_barcode_c.js:55	ui:postMessage				BarCode/BarCode.dfm:1411	btnTestLotIDClick	BarCode/BarCode.cpp:11497-11507	5						clicked ; inp:4 ; val:2
Setup.BarCode.html	barcode	btn_2DBarcodeDataSend	TBitBtn	Send	ts2DID>tsBarCodeSetting>TabSheet1	61	hidden(static)	1								BarCode/BarCode.dfm:1995	btn_2DBarcodeDataSendClick	BarCode/BarCode.cpp:2078-2095	10						UNVERIFIED
Setup.BarCode.html	barcode	btResetBarCodeCount	TButton	Reset Count	ts2DID>tsBarCodeSetting>TabSheet1	61	hidden(static)	1			page/ht9045_barcode_ev.js:38 page/ht9045_barcode_ev.js:176			1	FileRW/TestIF_File_BarCode.gen.inc	BarCode/BarCode.dfm:2069	btResetBarCodeCountClick	BarCode/BarCode.cpp:2408-2417	7						UNVERIFIED
Setup.BarCode.html	barcode	btSaveImage	TBitBtn	Save Image	ts2DID>tsBarCodeSetting>TabSheet1	61	hidden(static)	1								BarCode/BarCode.dfm:2093	btSaveImageClick	BarCode/BarCode.cpp:6781-6791	6						UNVERIFIED
Setup.BarCode.html	barcode	BitBtn1	TBitBtn	Save Image	ts2DID>tsBarCodeSetting>TabSheet1	61	hidden(static)	1							ATC/ATCInterface.cpp ATC/ATCInterface.h forms/fMotorTest.h	BarCode/BarCode.dfm:2102	BitBtn1Click	BarCode/BarCode.cpp:6793-6797	2						UNVERIFIED
Setup.BarCode.html	barcode	BtShuttle_1A_Connect	TBitBtn	Connect	tsCCD>ts4CCD	61	dead/B									BarCode/BarCode.dfm:2676	BtShuttle_1A_ConnectClick	BarCode/BarCode.cpp:2753-2762	5						clicked
Setup.BarCode.html	barcode	BtShuttle_1A_Disconnect	TBitBtn	Disconnect	tsCCD>ts4CCD	61	dead/B									BarCode/BarCode.dfm:2691	BtShuttle_1A_DisconnectClick	BarCode/BarCode.cpp:2764-2824	34						clicked
Setup.BarCode.html	barcode	btShuttle_1A_Trigger	TButton	Send CMD	tsCCD>ts4CCD	61	dead/B									BarCode/BarCode.dfm:2706	btShuttle_1A_TriggerClick	BarCode/BarCode.cpp:2827-2902	48						clicked
Setup.BarCode.html	barcode	BtShuttle_1B_Connect	TBitBtn	Connect	tsCCD>ts4CCD	61	dead/B									BarCode/BarCode.dfm:2804	BtShuttle_1A_ConnectClick	BarCode/BarCode.cpp:2753-2762	5						clicked
Setup.BarCode.html	barcode	BtShuttle_1B_Disconnect	TBitBtn	Disconnect	tsCCD>ts4CCD	61	dead/B									BarCode/BarCode.dfm:2820	BtShuttle_1A_DisconnectClick	BarCode/BarCode.cpp:2764-2824	34						clicked
Setup.BarCode.html	barcode	btShuttle_1B_Trigger	TButton	Send CMD	tsCCD>ts4CCD	61	dead/B									BarCode/BarCode.dfm:2836	btShuttle_1A_TriggerClick	BarCode/BarCode.cpp:2827-2902	48						clicked
Setup.BarCode.html	barcode	BtShuttle_2A_Connect	TBitBtn	Connect	tsCCD>ts4CCD	61	dead/B									BarCode/BarCode.dfm:2935	BtShuttle_1A_ConnectClick	BarCode/BarCode.cpp:2753-2762	5						clicked
Setup.BarCode.html	barcode	BtShuttle_2A_Disconnect	TBitBtn	Disconnect	tsCCD>ts4CCD	61	dead/B									BarCode/BarCode.dfm:2951	BtShuttle_1A_DisconnectClick	BarCode/BarCode.cpp:2764-2824	34						clicked
Setup.BarCode.html	barcode	btShuttle_2A_Trigger	TButton	Send CMD	tsCCD>ts4CCD	61	dead/B									BarCode/BarCode.dfm:2967	btShuttle_1A_TriggerClick	BarCode/BarCode.cpp:2827-2902	48						clicked
Setup.BarCode.html	barcode	BtShuttle_2B_Connect	TBitBtn	Connect	tsCCD>ts4CCD	61	dead/B									BarCode/BarCode.dfm:3066	BtShuttle_1A_ConnectClick	BarCode/BarCode.cpp:2753-2762	5						clicked
Setup.BarCode.html	barcode	BtShuttle_2B_Disconnect	TBitBtn	Disconnect	tsCCD>ts4CCD	61	dead/B									BarCode/BarCode.dfm:3082	BtShuttle_1A_DisconnectClick	BarCode/BarCode.cpp:2764-2824	34						clicked
Setup.BarCode.html	barcode	btShuttle_2B_Trigger	TButton	Send CMD	tsCCD>ts4CCD	61	dead/B									BarCode/BarCode.dfm:3098	btShuttle_1A_TriggerClick	BarCode/BarCode.cpp:2827-2902	48						clicked
Setup.BarCode.html	barcode	BtBottom_8_Connect	TBitBtn	Connect	tsCCD>ts8CCD	61	dead/B									BarCode/BarCode.dfm:3209	BtShuttle_1A_ConnectClick	BarCode/BarCode.cpp:2753-2762	5						clicked
Setup.BarCode.html	barcode	BtBottom_8_Disconnect	TBitBtn	Disconnect	tsCCD>ts8CCD	61	dead/B									BarCode/BarCode.dfm:3225	BtShuttle_1A_DisconnectClick	BarCode/BarCode.cpp:2764-2824	34						clicked
Setup.BarCode.html	barcode	btBottom8_Trigger	TButton	Send CMD	tsCCD>ts8CCD	61	dead/B									BarCode/BarCode.dfm:3241	btShuttle_1A_TriggerClick	BarCode/BarCode.cpp:2827-2902	48						clicked
Setup.BarCode.html	barcode	BtBottom_7_Connect	TBitBtn	Connect	tsCCD>ts8CCD	61	dead/B									BarCode/BarCode.dfm:3339	BtShuttle_1A_ConnectClick	BarCode/BarCode.cpp:2753-2762	5						clicked
Setup.BarCode.html	barcode	BtBottom_7_Disconnect	TBitBtn	Disconnect	tsCCD>ts8CCD	61	dead/B									BarCode/BarCode.dfm:3355	BtShuttle_1A_DisconnectClick	BarCode/BarCode.cpp:2764-2824	34						clicked
Setup.BarCode.html	barcode	btBottom7_Trigger	TButton	Send CMD	tsCCD>ts8CCD	61	dead/B									BarCode/BarCode.dfm:3371	btShuttle_1A_TriggerClick	BarCode/BarCode.cpp:2827-2902	48						clicked
Setup.BarCode.html	barcode	BtBottom_6_Connect	TBitBtn	Connect	tsCCD>ts8CCD	61	dead/B									BarCode/BarCode.dfm:3469	BtShuttle_1A_ConnectClick	BarCode/BarCode.cpp:2753-2762	5						clicked
Setup.BarCode.html	barcode	BtBottom_6_Disconnect	TBitBtn	Disconnect	tsCCD>ts8CCD	61	dead/B									BarCode/BarCode.dfm:3485	BtShuttle_1A_DisconnectClick	BarCode/BarCode.cpp:2764-2824	34						clicked
Setup.BarCode.html	barcode	btBottom6_Trigger	TButton	Send CMD	tsCCD>ts8CCD	61	dead/B									BarCode/BarCode.dfm:3501	btShuttle_1A_TriggerClick	BarCode/BarCode.cpp:2827-2902	48						clicked
Setup.BarCode.html	barcode	BtBottom_5_Connect	TBitBtn	Connect	tsCCD>ts8CCD	61	dead/B									BarCode/BarCode.dfm:3599	BtShuttle_1A_ConnectClick	BarCode/BarCode.cpp:2753-2762	5						clicked
Setup.BarCode.html	barcode	BtBottom_5_Disconnect	TBitBtn	Disconnect	tsCCD>ts8CCD	61	dead/B									BarCode/BarCode.dfm:3615	BtShuttle_1A_DisconnectClick	BarCode/BarCode.cpp:2764-2824	34						clicked
Setup.BarCode.html	barcode	btBottom5_Trigger	TButton	Send CMD	tsCCD>ts8CCD	61	dead/B									BarCode/BarCode.dfm:3631	btShuttle_1A_TriggerClick	BarCode/BarCode.cpp:2827-2902	48						clicked
Setup.BarCode.html	barcode	BtBottom_4_Connect	TBitBtn	Connect	tsCCD>ts8CCD	61	dead/B									BarCode/BarCode.dfm:3729	BtShuttle_1A_ConnectClick	BarCode/BarCode.cpp:2753-2762	5						clicked
Setup.BarCode.html	barcode	BtBottom_4_Disconnect	TBitBtn	Disconnect	tsCCD>ts8CCD	61	dead/B									BarCode/BarCode.dfm:3745	BtShuttle_1A_DisconnectClick	BarCode/BarCode.cpp:2764-2824	34						clicked
Setup.BarCode.html	barcode	btBottom4_Trigger	TButton	Send CMD	tsCCD>ts8CCD	61	dead/B									BarCode/BarCode.dfm:3761	btShuttle_1A_TriggerClick	BarCode/BarCode.cpp:2827-2902	48						clicked
Setup.BarCode.html	barcode	BtBottom_3_Connect	TBitBtn	Connect	tsCCD>ts8CCD	61	dead/B									BarCode/BarCode.dfm:3859	BtShuttle_1A_ConnectClick	BarCode/BarCode.cpp:2753-2762	5						clicked
Setup.BarCode.html	barcode	BtBottom_3_Disconnect	TBitBtn	Disconnect	tsCCD>ts8CCD	61	dead/B									BarCode/BarCode.dfm:3875	BtShuttle_1A_DisconnectClick	BarCode/BarCode.cpp:2764-2824	34						clicked
Setup.BarCode.html	barcode	btBottom3_Trigger	TButton	Send CMD	tsCCD>ts8CCD	61	dead/B									BarCode/BarCode.dfm:3891	btShuttle_1A_TriggerClick	BarCode/BarCode.cpp:2827-2902	48						clicked
Setup.BarCode.html	barcode	BtBottom_2_Connect	TBitBtn	Connect	tsCCD>ts8CCD	61	dead/B									BarCode/BarCode.dfm:3989	BtShuttle_1A_ConnectClick	BarCode/BarCode.cpp:2753-2762	5						clicked
Setup.BarCode.html	barcode	BtBottom_2_Disconnect	TBitBtn	Disconnect	tsCCD>ts8CCD	61	dead/B									BarCode/BarCode.dfm:4005	BtShuttle_1A_DisconnectClick	BarCode/BarCode.cpp:2764-2824	34						clicked
Setup.BarCode.html	barcode	btBottom2_Trigger	TButton	Send CMD	tsCCD>ts8CCD	61	dead/B									BarCode/BarCode.dfm:4021	btShuttle_1A_TriggerClick	BarCode/BarCode.cpp:2827-2902	48						clicked
Setup.BarCode.html	barcode	BtBottom_1_Connect	TBitBtn	Connect	tsCCD>ts8CCD	61	dead/B									BarCode/BarCode.dfm:4119	BtShuttle_1A_ConnectClick	BarCode/BarCode.cpp:2753-2762	5						clicked
Setup.BarCode.html	barcode	BtBottom_1_Disconnect	TBitBtn	Disconnect	tsCCD>ts8CCD	61	dead/B									BarCode/BarCode.dfm:4134	BtShuttle_1A_DisconnectClick	BarCode/BarCode.cpp:2764-2824	34						clicked
Setup.BarCode.html	barcode	btBottom1_Trigger	TButton	Send CMD	tsCCD>ts8CCD	61	dead/B									BarCode/BarCode.dfm:4162	btShuttle_1A_TriggerClick	BarCode/BarCode.cpp:2827-2902	48						clicked
Setup.BarCode.html	barcode	btnClip_Connect_Fix3	TBitBtn	Connect	tsCCD>tsCCD_Unloader	61	dead/B									BarCode/BarCode.dfm:4252	btnClip_Connect_Auto1Click	BarCode/BarCode.cpp:11721-11727	4						clicked
Setup.BarCode.html	barcode	btnClip_Disconnect_Fix3	TBitBtn	Disconnect	tsCCD>tsCCD_Unloader	61	dead/B									BarCode/BarCode.dfm:4268	btnClip_Disconnect_Auto1Click	BarCode/BarCode.cpp:11729-11735	4						clicked
Setup.BarCode.html	barcode	btnClip_SendCmd_Fix3	TButton	Send CMD	tsCCD>tsCCD_Unloader	61	dead/C0									BarCode/BarCode.dfm:4284									clicked
Setup.BarCode.html	barcode	Button9	TButton	Get Barcode	tsCCD>tsCCD_Unloader	61	dead/B									BarCode/BarCode.dfm:4312	btnGetBarcodeClick	BarCode/BarCode.cpp:11770-11782	8						clicked
Setup.BarCode.html	barcode	Button10	TButton	Initial	tsCCD>tsCCD_Unloader	61	dead/B									BarCode/BarCode.dfm:4328	btnInitialGetBarcodeClick	BarCode/BarCode.cpp:11784-11791	5						clicked
Setup.BarCode.html	barcode	btnClip_Connect_Fix2	TBitBtn	Connect	tsCCD>tsCCD_Unloader	61	dead/B									BarCode/BarCode.dfm:4413	btnClip_Connect_Auto1Click	BarCode/BarCode.cpp:11721-11727	4						clicked
Setup.BarCode.html	barcode	btnClip_Disconnect_Fix2	TBitBtn	Disconnect	tsCCD>tsCCD_Unloader	61	dead/B									BarCode/BarCode.dfm:4429	btnClip_Disconnect_Auto1Click	BarCode/BarCode.cpp:11729-11735	4						clicked
Setup.BarCode.html	barcode	btnClip_SendCmd_Fix2	TButton	Send CMD	tsCCD>tsCCD_Unloader	61	dead/C0									BarCode/BarCode.dfm:4445									clicked
Setup.BarCode.html	barcode	Button7	TButton	Get Barcode	tsCCD>tsCCD_Unloader	61	dead/B									BarCode/BarCode.dfm:4473	btnGetBarcodeClick	BarCode/BarCode.cpp:11770-11782	8						clicked
Setup.BarCode.html	barcode	Button8	TButton	Initial	tsCCD>tsCCD_Unloader	61	dead/B									BarCode/BarCode.dfm:4489	btnInitialGetBarcodeClick	BarCode/BarCode.cpp:11784-11791	5						clicked
Setup.BarCode.html	barcode	btnClip_Connect_Fix1	TBitBtn	Connect	tsCCD>tsCCD_Unloader	61	dead/B									BarCode/BarCode.dfm:4574	btnClip_Connect_Auto1Click	BarCode/BarCode.cpp:11721-11727	4						clicked
Setup.BarCode.html	barcode	btnClip_Disconnect_Fix1	TBitBtn	Disconnect	tsCCD>tsCCD_Unloader	61	dead/B									BarCode/BarCode.dfm:4590	btnClip_Disconnect_Auto1Click	BarCode/BarCode.cpp:11729-11735	4						clicked
Setup.BarCode.html	barcode	btnClip_SendCmd_Fix1	TButton	Send CMD	tsCCD>tsCCD_Unloader	61	dead/C0									BarCode/BarCode.dfm:4606									clicked
Setup.BarCode.html	barcode	Button5	TButton	Get Barcode	tsCCD>tsCCD_Unloader	61	dead/B									BarCode/BarCode.dfm:4634	btnGetBarcodeClick	BarCode/BarCode.cpp:11770-11782	8						clicked
Setup.BarCode.html	barcode	Button6	TButton	Initial	tsCCD>tsCCD_Unloader	61	dead/B									BarCode/BarCode.dfm:4650	btnInitialGetBarcodeClick	BarCode/BarCode.cpp:11784-11791	5						clicked
Setup.BarCode.html	barcode	btnClip_Connect_Auto3	TBitBtn	Connect	tsCCD>tsCCD_Unloader	61	dead/B									BarCode/BarCode.dfm:4735	btnClip_Connect_Auto1Click	BarCode/BarCode.cpp:11721-11727	4						clicked
Setup.BarCode.html	barcode	btnClip_Disconnect_Auto3	TBitBtn	Disconnect	tsCCD>tsCCD_Unloader	61	dead/B									BarCode/BarCode.dfm:4751	btnClip_Disconnect_Auto1Click	BarCode/BarCode.cpp:11729-11735	4						clicked
Setup.BarCode.html	barcode	btnClip_SendCmd_Auto3	TButton	Send CMD	tsCCD>tsCCD_Unloader	61	dead/C0									BarCode/BarCode.dfm:4767									clicked
Setup.BarCode.html	barcode	Button3	TButton	Get Barcode	tsCCD>tsCCD_Unloader	61	dead/B									BarCode/BarCode.dfm:4795	btnGetBarcodeClick	BarCode/BarCode.cpp:11770-11782	8						clicked
Setup.BarCode.html	barcode	Button4	TButton	Initial	tsCCD>tsCCD_Unloader	61	dead/B									BarCode/BarCode.dfm:4811	btnInitialGetBarcodeClick	BarCode/BarCode.cpp:11784-11791	5						clicked
Setup.BarCode.html	barcode	btnClip_Connect_Auto2	TBitBtn	Connect	tsCCD>tsCCD_Unloader	61	dead/B									BarCode/BarCode.dfm:4896	btnClip_Connect_Auto1Click	BarCode/BarCode.cpp:11721-11727	4						clicked
Setup.BarCode.html	barcode	btnClip_Disconnect_Auto2	TBitBtn	Disconnect	tsCCD>tsCCD_Unloader	61	dead/B									BarCode/BarCode.dfm:4912	btnClip_Disconnect_Auto1Click	BarCode/BarCode.cpp:11729-11735	4						clicked
Setup.BarCode.html	barcode	btnClip_SendCmd_Auto2	TButton	Send CMD	tsCCD>tsCCD_Unloader	61	dead/C0									BarCode/BarCode.dfm:4928									clicked
Setup.BarCode.html	barcode	Button1	TButton	Get Barcode	tsCCD>tsCCD_Unloader	61	dead/B									BarCode/BarCode.dfm:4956	btnGetBarcodeClick	BarCode/BarCode.cpp:11770-11782	8						clicked
Setup.BarCode.html	barcode	Button2	TButton	Initial	tsCCD>tsCCD_Unloader	61	dead/B									BarCode/BarCode.dfm:4972	btnInitialGetBarcodeClick	BarCode/BarCode.cpp:11784-11791	5						clicked
Setup.BarCode.html	barcode	btnClip_Connect_Auto1	TBitBtn	Connect	tsCCD>tsCCD_Unloader	61	dead/B									BarCode/BarCode.dfm:5057	btnClip_Connect_Auto1Click	BarCode/BarCode.cpp:11721-11727	4						clicked
Setup.BarCode.html	barcode	btnClip_Disconnect_Auto1	TBitBtn	Disconnect	tsCCD>tsCCD_Unloader	61	dead/B									BarCode/BarCode.dfm:5072	btnClip_Disconnect_Auto1Click	BarCode/BarCode.cpp:11729-11735	4						clicked
Setup.BarCode.html	barcode	btnClip_SendCmd_Auto1	TButton	Send CMD	tsCCD>tsCCD_Unloader	61	dead/B									BarCode/BarCode.dfm:5100	btnClip_SendCmd_Auto1Click	BarCode/BarCode.cpp:11737-11768	17						clicked
Setup.BarCode.html	barcode	btnInitialGetBarcode	TButton	Initial	tsCCD>tsCCD_Unloader	61	dead/B									BarCode/BarCode.dfm:5116	btnInitialGetBarcodeClick	BarCode/BarCode.cpp:11784-11791	5						clicked
Setup.BarCode.html	barcode	btnGetBarcode	TButton	Get Barcode	tsCCD>tsCCD_Unloader	61	dead/B									BarCode/BarCode.dfm:5131	btnGetBarcodeClick	BarCode/BarCode.cpp:11770-11782	8						clicked
Setup.BarCode.html	barcode	spbResetCom	TSpeedButton	Stop COM	tsCognexSetting	61	dead/B									BarCode/BarCode.dfm:5159	spbResetComClick	BarCode/BarCode.cpp:2419-2428	5						clicked
Setup.BarCode.html	barcode	spbStartCom	TSpeedButton	Start COM	tsCognexSetting	61	dead/A								FileRW/TestIF_File_BarCode.gen.inc WebStart.cpp	BarCode/BarCode.dfm:5301	spbStartComClick	BarCode/BarCode.cpp:2504-2510	2						clicked
Setup.BarCode.html	barcode	btReader2On	TButton	Reader 2 On	tsCognexSetting	61	dead/B									BarCode/BarCode.dfm:5572	btReader1OnClick	BarCode/BarCode.cpp:2430-2460	14						clicked
Setup.BarCode.html	barcode	btReader1On	TButton	Reader 1 On	tsCognexSetting	61	dead/B									BarCode/BarCode.dfm:5588	btReader1OnClick	BarCode/BarCode.cpp:2430-2460	14						clicked
Setup.BarCode.html	barcode	btReader3On	TButton	Reader 3 On	tsCognexSetting	61	dead/B									BarCode/BarCode.dfm:5715	btReader1OnClick	BarCode/BarCode.cpp:2430-2460	14						clicked
Setup.BarCode.html	barcode	btReader4On	TButton	Reader 4 On	tsCognexSetting	61	dead/B									BarCode/BarCode.dfm:5731	btReader1OnClick	BarCode/BarCode.cpp:2430-2460	14						clicked
Setup.BarCode.html	barcode	btnGPIBReader4	TButton	GPIB Rearder 4	tsCognexSetting	61	dead/B									BarCode/BarCode.dfm:5747	btnGPIBReader4Click	BarCode/BarCode.cpp:2462-2472	8				BarCode/BarCode.cpp:341 Enabled=(HasICUnderMachine()==false)		clicked
Setup.BarCode.html	barcode	btBarcodeChangeFileDisConnect	TButton	DisConnect	tsCognexSetting	61	dead/B									BarCode/BarCode.dfm:5813	btBarcodeChangeFileDisConnectClick	BarCode/BarCode.cpp:6129-6139	4						clicked
Setup.BarCode.html	barcode	btBarcodeChangeFileSend	TButton	send	tsCognexSetting	61	dead/B									BarCode/BarCode.dfm:5828	btBarcodeChangeFileSendClick	BarCode/BarCode.cpp:6141-6149	5						clicked
Setup.BarCode.html	barcode	btBarcodeChangeFileConnect	TButton	Connect	tsCognexSetting	61	dead/B									BarCode/BarCode.dfm:5857	btBarcodeChangeFileConnectClick	BarCode/BarCode.cpp:6119-6127	4						clicked
Setup.BarCode.html	barcode	spbSave	TSpeedButton	Save		61	dead/A				page/ht9045_wire_engine.js:2155 page/ht9045_barcode_c.js:39 page/ht9045_barcode_c.js:42	ui:postMessage			Automation/auto9045.cpp Command.cpp FileRW/AOISetup.cpp FileRW/AOISetup.gen.inc	BarCode/BarCode.dfm:7029	spbSaveClick	BarCode/BarCode.cpp:1254-1457	129						clicked ; dom:1
Setup.BarCode.html	barcode	sbtExit	TSpeedButton	Exit		61	dead/A				cls.exitbtn@Setup.BarCode.html:91 page/ht9045_barcode_ev.js:286 page/ht9045_barcode_ev.js:288 page/ht9045_barcode_ev.js:293 page/ht9045_barcode_ev.js:305	ui:postMessage ui:toggle		1	FileRW/Temperature.gen.inc FileRW/TestIF_File_BarCode.gen.inc FileRW/TestIF_File_SetUp.gen.inc OmronLaser/LaserSensor.cpp	BarCode/BarCode.dfm:7168	sbtExitClick	BarCode/BarCode.cpp:2392-2401	7						clicked
HW.MyCCLinkSensor.html	cclink	btIn1_9	TButton	SET	TabSheet1	59	greyed(probe)			page/ht9045_unported_form_c.js:59						CCLink/MyCCLinkSensor.dfm:162									greyed
HW.MyCCLinkSensor.html	cclink	btIn1_1	TButton	SET	TabSheet1	59	greyed(probe)			page/ht9045_unported_form_c.js:60						CCLink/MyCCLinkSensor.dfm:259									greyed
HW.MyCCLinkSensor.html	cclink	btIn1_2	TButton	SET	TabSheet1	59	greyed(probe)			page/ht9045_unported_form_c.js:61						CCLink/MyCCLinkSensor.dfm:275									greyed
HW.MyCCLinkSensor.html	cclink	btIn1_3	TButton	SET	TabSheet1	59	greyed(probe)			page/ht9045_unported_form_c.js:62						CCLink/MyCCLinkSensor.dfm:291									greyed
HW.MyCCLinkSensor.html	cclink	btIn1_4	TButton	SET	TabSheet1	59	greyed(probe)			page/ht9045_unported_form_c.js:63						CCLink/MyCCLinkSensor.dfm:307									greyed
HW.MyCCLinkSensor.html	cclink	btIn1_5	TButton	SET	TabSheet1	59	greyed(probe)			page/ht9045_unported_form_c.js:64						CCLink/MyCCLinkSensor.dfm:323									greyed
HW.MyCCLinkSensor.html	cclink	btIn1_8	TButton	SET	TabSheet1	59	greyed(probe)			page/ht9045_unported_form_c.js:65						CCLink/MyCCLinkSensor.dfm:339							CCLink/MyCCLinkSensor.cpp:1909 Visible=true | CCLink/MyCCLinkSensor.cpp:1921 Visible=true		greyed
HW.MyCCLinkSensor.html	cclink	btIn1_7	TButton	SET	TabSheet1	59	greyed(probe)			page/ht9045_unported_form_c.js:66						CCLink/MyCCLinkSensor.dfm:355							CCLink/MyCCLinkSensor.cpp:1920 Visible=true		greyed
HW.MyCCLinkSensor.html	cclink	btIn1_6	TButton	SET	TabSheet1	59	greyed(probe)			page/ht9045_unported_form_c.js:67						CCLink/MyCCLinkSensor.dfm:371									greyed
HW.MyCCLinkSensor.html	cclink	btSetIn1	TButton	Set In Shuttle 1	TabSheet1	59	greyed(probe)			page/ht9045_unported_form_c.js:76						CCLink/MyCCLinkSensor.dfm:522	btSetIn1Click	CCLink/MyCCLinkSensor.cpp:1770-1830	33				CCLink/MyCCLinkSensor.cpp:619 Visible=false		greyed
HW.MyCCLinkSensor.html	cclink	btSave	TSpeedButton	Save	TabSheet1	59	greyed(probe)			page/ht9045_unported_form_c.js:77	page/ht9045_wire_engine.js:2155				ATC/ATCInterface.cpp ATC/ATCInterface.h FileRW/ContactForce.cpp FileRW/ContactForce.gen.inc	CCLink/MyCCLinkSensor.dfm:532	btSaveClick	CCLink/MyCCLinkSensor.cpp:2305-2309	2				CCLink/MyCCLinkSensor.cpp:562 Visible=CosFunction.bCCLinkValueSaveFi		greyed
HW.MyCCLinkSensor.html	cclink	btRead	TButton	Read	TabSheet1	59	greyed(probe)			page/ht9045_unported_form_c.js:78						CCLink/MyCCLinkSensor.dfm:541	btReadClick	CCLink/MyCCLinkSensor.cpp:2311-2314	1				CCLink/MyCCLinkSensor.cpp:563 Visible=CosFunction.bCCLinkValueSaveFi		greyed
HW.MyCCLinkSensor.html	cclink	btIn2_9	TButton	SET	TabSheet1	59	greyed(probe)			page/ht9045_unported_form_c.js:79						CCLink/MyCCLinkSensor.dfm:648									greyed
HW.MyCCLinkSensor.html	cclink	btIn2_1	TButton	SET	TabSheet1	59	greyed(probe)			page/ht9045_unported_form_c.js:81						CCLink/MyCCLinkSensor.dfm:760									greyed
HW.MyCCLinkSensor.html	cclink	btIn2_2	TButton	SET	TabSheet1	59	greyed(probe)			page/ht9045_unported_form_c.js:82						CCLink/MyCCLinkSensor.dfm:776									greyed
HW.MyCCLinkSensor.html	cclink	btIn2_3	TButton	SET	TabSheet1	59	greyed(probe)			page/ht9045_unported_form_c.js:83						CCLink/MyCCLinkSensor.dfm:792									greyed
HW.MyCCLinkSensor.html	cclink	btIn2_4	TButton	SET	TabSheet1	59	greyed(probe)			page/ht9045_unported_form_c.js:84						CCLink/MyCCLinkSensor.dfm:808									greyed
HW.MyCCLinkSensor.html	cclink	btIn2_5	TButton	SET	TabSheet1	59	greyed(probe)			page/ht9045_unported_form_c.js:85						CCLink/MyCCLinkSensor.dfm:824									greyed
HW.MyCCLinkSensor.html	cclink	btIn2_8	TButton	SET	TabSheet1	59	greyed(probe)			page/ht9045_unported_form_c.js:86						CCLink/MyCCLinkSensor.dfm:840							CCLink/MyCCLinkSensor.cpp:1906 Visible=true | CCLink/MyCCLinkSensor.cpp:1919 Visible=true		greyed
HW.MyCCLinkSensor.html	cclink	btIn2_7	TButton	SET	TabSheet1	59	greyed(probe)			page/ht9045_unported_form_c.js:87						CCLink/MyCCLinkSensor.dfm:855							CCLink/MyCCLinkSensor.cpp:1918 Visible=true		greyed
HW.MyCCLinkSensor.html	cclink	btIn2_6	TButton	SET	TabSheet1	59	greyed(probe)			page/ht9045_unported_form_c.js:88						CCLink/MyCCLinkSensor.dfm:871									greyed
HW.MyCCLinkSensor.html	cclink	btSetIn2	TButton	Set In Shuttle 2	TabSheet1	59	greyed(probe)			page/ht9045_unported_form_c.js:97						CCLink/MyCCLinkSensor.dfm:1022	btSetIn2Click	CCLink/MyCCLinkSensor.cpp:1707-1768	33				CCLink/MyCCLinkSensor.cpp:620 Visible=false		greyed
HW.MyCCLinkSensor.html	cclink	btShuttlePositionMove	TButton	Shuttle Position Move	TabSheet1	59	greyed(probe)			page/ht9045_unported_form_c.js:98						CCLink/MyCCLinkSensor.dfm:1031	btShuttlePositionMoveClick	CCLink/MyCCLinkSensor.cpp:2168-2185	6				CCLink/MyCCLinkSensor.cpp:564 Visible=(CUSTOMER_CODE==CC_Greatek)		greyed
HW.MyCCLinkSensor.html	cclink	btOut2	TButton	SET	TabSheet1	59	greyed(probe)			page/ht9045_unported_form_c.js:100						CCLink/MyCCLinkSensor.dfm:1110									greyed
HW.MyCCLinkSensor.html	cclink	btOut1	TButton	SET	TabSheet1	59	greyed(probe)			page/ht9045_unported_form_c.js:102						CCLink/MyCCLinkSensor.dfm:1188									greyed
HW.MyCCLinkSensor.html	cclink	btIn3_1	TButton	SET	tsSocketAndRotate	59	greyed(probe)			page/ht9045_unported_form_c.js:103						CCLink/MyCCLinkSensor.dfm:1369									greyed
HW.MyCCLinkSensor.html	cclink	btIn3_2	TButton	SET	tsSocketAndRotate	59	greyed(probe)			page/ht9045_unported_form_c.js:104						CCLink/MyCCLinkSensor.dfm:1384									greyed
HW.MyCCLinkSensor.html	cclink	btIn3_3	TButton	SET	tsSocketAndRotate	59	greyed(probe)			page/ht9045_unported_form_c.js:105						CCLink/MyCCLinkSensor.dfm:1400									greyed
HW.MyCCLinkSensor.html	cclink	btIn3_4	TButton	SET	tsSocketAndRotate	59	greyed(probe)			page/ht9045_unported_form_c.js:106						CCLink/MyCCLinkSensor.dfm:1416									greyed
HW.MyCCLinkSensor.html	cclink	btIn3_5	TButton	SET	tsSocketAndRotate	59	greyed(probe)			page/ht9045_unported_form_c.js:107						CCLink/MyCCLinkSensor.dfm:1432									greyed
HW.MyCCLinkSensor.html	cclink	btIn3_8	TButton	SET	tsSocketAndRotate	59	greyed(probe)			page/ht9045_unported_form_c.js:108						CCLink/MyCCLinkSensor.dfm:1448									greyed
HW.MyCCLinkSensor.html	cclink	btIn3_7	TButton	SET	tsSocketAndRotate	59	greyed(probe)			page/ht9045_unported_form_c.js:109						CCLink/MyCCLinkSensor.dfm:1464									greyed
HW.MyCCLinkSensor.html	cclink	btIn3_6	TButton	SET	tsSocketAndRotate	59	greyed(probe)			page/ht9045_unported_form_c.js:110						CCLink/MyCCLinkSensor.dfm:1480									greyed
HW.MyCCLinkSensor.html	cclink	SetSocket	TButton	Set Socket Base	tsSocketAndRotate	59	greyed(probe)			page/ht9045_unported_form_c.js:119						CCLink/MyCCLinkSensor.dfm:1631	SetSocketClick	CCLink/MyCCLinkSensor.cpp:1940-2005	33						greyed
HW.MyCCLinkSensor.html	cclink	SetRotate	TButton	Set Rotate	tsSocketAndRotate	59	hidden(static)	1		page/ht9045_unported_form_c.js:120						CCLink/MyCCLinkSensor.dfm:1732	SetRotateClick	CCLink/MyCCLinkSensor.cpp:2007-2080	37						UNVERIFIED
HW.MyCCLinkSensor.html	cclink	btIn3_9	TButton	SET	tsSocketAndRotate	59	hidden(static)	1		page/ht9045_unported_form_c.js:122						CCLink/MyCCLinkSensor.dfm:1792									UNVERIFIED
HW.MyCCLinkSensor.html	cclink	btIn3_10	TButton	SET	tsSocketAndRotate	59	hidden(static)	1		page/ht9045_unported_form_c.js:124						CCLink/MyCCLinkSensor.dfm:1836									UNVERIFIED
HW.MyCCLinkSensor.html	cclink	btIn3_11	TButton	SET	tsSocketAndRotate	59	hidden(static)	1		page/ht9045_unported_form_c.js:126						CCLink/MyCCLinkSensor.dfm:1867									UNVERIFIED
HW.MyCCLinkSensor.html	cclink	btIn3_12	TButton	SET	tsSocketAndRotate	59	hidden(static)	1		page/ht9045_unported_form_c.js:128						CCLink/MyCCLinkSensor.dfm:1898									UNVERIFIED
HW.MyCCLinkSensor.html	cclink	btIn3_13	TButton	SET	tsSocketAndRotate	59	greyed(probe)			page/ht9045_unported_form_c.js:130						CCLink/MyCCLinkSensor.dfm:2088									greyed
HW.MyCCLinkSensor.html	cclink	btIn3_14	TButton	SET	tsSocketAndRotate	59	greyed(probe)			page/ht9045_unported_form_c.js:132						CCLink/MyCCLinkSensor.dfm:2132									greyed
HW.MyCCLinkSensor.html	cclink	btIn3_15	TButton	SET	tsSocketAndRotate	59	greyed(probe)			page/ht9045_unported_form_c.js:134						CCLink/MyCCLinkSensor.dfm:2163									greyed
HW.MyCCLinkSensor.html	cclink	btIn3_16	TButton	SET	tsSocketAndRotate	59	greyed(probe)			page/ht9045_unported_form_c.js:136						CCLink/MyCCLinkSensor.dfm:2194									greyed
HW.MyCCLinkSensor.html	cclink	btIn3_17	TButton	SET	tsSocketAndRotate	59	greyed(probe)			page/ht9045_unported_form_c.js:138						CCLink/MyCCLinkSensor.dfm:2225									greyed
HW.MyCCLinkSensor.html	cclink	btIn3_18	TButton	SET	tsSocketAndRotate	59	greyed(probe)			page/ht9045_unported_form_c.js:140						CCLink/MyCCLinkSensor.dfm:2256									greyed
HW.MyCCLinkSensor.html	cclink	btIn3_20	TButton	SET	tsSocketAndRotate	59	greyed(probe)			page/ht9045_unported_form_c.js:142						CCLink/MyCCLinkSensor.dfm:2287									greyed
HW.MyCCLinkSensor.html	cclink	btIn3_19	TButton	SET	tsSocketAndRotate	59	greyed(probe)			page/ht9045_unported_form_c.js:144						CCLink/MyCCLinkSensor.dfm:2318									greyed
HW.MyCCLinkSensor.html	cclink	SetColor	TButton	Set Color	tsSocketAndRotate	59	greyed(probe)			page/ht9045_unported_form_c.js:145						CCLink/MyCCLinkSensor.dfm:2335	SetColorClick	CCLink/MyCCLinkSensor.cpp:2230-2303	38						greyed
HW.MyCCLinkSensor.html	cclink	btIn4_1	TButton	SET	tsSocketBase2	59	greyed(probe)			page/ht9045_unported_form_c.js:146						CCLink/MyCCLinkSensor.dfm:2508									greyed
HW.MyCCLinkSensor.html	cclink	btIn4_2	TButton	SET	tsSocketBase2	59	greyed(probe)			page/ht9045_unported_form_c.js:147						CCLink/MyCCLinkSensor.dfm:2523									greyed
HW.MyCCLinkSensor.html	cclink	btIn4_3	TButton	SET	tsSocketBase2	59	greyed(probe)			page/ht9045_unported_form_c.js:148						CCLink/MyCCLinkSensor.dfm:2539									greyed
HW.MyCCLinkSensor.html	cclink	btIn4_4	TButton	SET	tsSocketBase2	59	greyed(probe)			page/ht9045_unported_form_c.js:149						CCLink/MyCCLinkSensor.dfm:2555									greyed
HW.MyCCLinkSensor.html	cclink	btIn4_5	TButton	SET	tsSocketBase2	59	greyed(probe)			page/ht9045_unported_form_c.js:150						CCLink/MyCCLinkSensor.dfm:2571									greyed
HW.MyCCLinkSensor.html	cclink	btIn4_8	TButton	SET	tsSocketBase2	59	greyed(probe)			page/ht9045_unported_form_c.js:151						CCLink/MyCCLinkSensor.dfm:2587									greyed
HW.MyCCLinkSensor.html	cclink	btIn4_7	TButton	SET	tsSocketBase2	59	greyed(probe)			page/ht9045_unported_form_c.js:152						CCLink/MyCCLinkSensor.dfm:2603									greyed
HW.MyCCLinkSensor.html	cclink	btIn4_6	TButton	SET	tsSocketBase2	59	greyed(probe)			page/ht9045_unported_form_c.js:153						CCLink/MyCCLinkSensor.dfm:2619									greyed
HW.MyCCLinkSensor.html	cclink	setSocket9_24	TButton	Set Socket Base	tsSocketBase2	59	greyed(probe)									CCLink/MyCCLinkSensor.dfm:2770									greyed
HW.MyCCLinkSensor.html	cclink	btIn4_9	TButton	SET	tsSocketBase2	59	greyed(probe)			page/ht9045_unported_form_c.js:163						CCLink/MyCCLinkSensor.dfm:2951									greyed
HW.MyCCLinkSensor.html	cclink	btIn4_10	TButton	SET	tsSocketBase2	59	greyed(probe)			page/ht9045_unported_form_c.js:165						CCLink/MyCCLinkSensor.dfm:2996									greyed
HW.MyCCLinkSensor.html	cclink	btIn4_11	TButton	SET	tsSocketBase2	59	greyed(probe)			page/ht9045_unported_form_c.js:167						CCLink/MyCCLinkSensor.dfm:3027									greyed
HW.MyCCLinkSensor.html	cclink	btIn4_12	TButton	SET	tsSocketBase2	59	greyed(probe)			page/ht9045_unported_form_c.js:169						CCLink/MyCCLinkSensor.dfm:3058									greyed
HW.MyCCLinkSensor.html	cclink	btIn4_13	TButton	SET	tsSocketBase2	59	greyed(probe)			page/ht9045_unported_form_c.js:171						CCLink/MyCCLinkSensor.dfm:3089									greyed
HW.MyCCLinkSensor.html	cclink	btIn4_14	TButton	SET	tsSocketBase2	59	greyed(probe)			page/ht9045_unported_form_c.js:173						CCLink/MyCCLinkSensor.dfm:3120									greyed
HW.MyCCLinkSensor.html	cclink	btIn4_16	TButton	SET	tsSocketBase2	59	greyed(probe)			page/ht9045_unported_form_c.js:175						CCLink/MyCCLinkSensor.dfm:3151									greyed
HW.MyCCLinkSensor.html	cclink	btIn4_15	TButton	SET	tsSocketBase2	59	greyed(probe)			page/ht9045_unported_form_c.js:177						CCLink/MyCCLinkSensor.dfm:3182									greyed
HW.MyCCLinkSensor.html	cclink	Button1	TButton	Set Socket Base	tsSocketBase2	59	greyed(probe)			page/ht9045_unported_form_c.js:22						CCLink/MyCCLinkSensor.dfm:3199									greyed
HW.MyCCLinkSensor.html	cclink	btIn5_1	TButton	SET	tsSocketBase3	59	greyed(probe)			page/ht9045_unported_form_c.js:178						CCLink/MyCCLinkSensor.dfm:3370									greyed
HW.MyCCLinkSensor.html	cclink	btIn5_2	TButton	SET	tsSocketBase3	59	greyed(probe)			page/ht9045_unported_form_c.js:179						CCLink/MyCCLinkSensor.dfm:3385									greyed
HW.MyCCLinkSensor.html	cclink	btIn5_3	TButton	SET	tsSocketBase3	59	greyed(probe)			page/ht9045_unported_form_c.js:180						CCLink/MyCCLinkSensor.dfm:3401									greyed
HW.MyCCLinkSensor.html	cclink	btIn5_4	TButton	SET	tsSocketBase3	59	greyed(probe)			page/ht9045_unported_form_c.js:181						CCLink/MyCCLinkSensor.dfm:3417									greyed
HW.MyCCLinkSensor.html	cclink	btIn5_5	TButton	SET	tsSocketBase3	59	greyed(probe)			page/ht9045_unported_form_c.js:182						CCLink/MyCCLinkSensor.dfm:3433									greyed
HW.MyCCLinkSensor.html	cclink	btIn5_8	TButton	SET	tsSocketBase3	59	greyed(probe)			page/ht9045_unported_form_c.js:183						CCLink/MyCCLinkSensor.dfm:3449									greyed
HW.MyCCLinkSensor.html	cclink	btIn5_7	TButton	SET	tsSocketBase3	59	greyed(probe)			page/ht9045_unported_form_c.js:184						CCLink/MyCCLinkSensor.dfm:3465									greyed
HW.MyCCLinkSensor.html	cclink	btIn5_6	TButton	SET	tsSocketBase3	59	greyed(probe)			page/ht9045_unported_form_c.js:185						CCLink/MyCCLinkSensor.dfm:3481									greyed
HW.MyCCLinkSensor.html	cclink	Button10	TButton	Set Socket Base	tsSocketBase3	59	greyed(probe)									CCLink/MyCCLinkSensor.dfm:3632									greyed
HW.MyCCLinkSensor.html	cclink	spbSave	TSpeedButton	Save	tsCCLinkSetting	59	greyed(probe)			page/ht9045_unported_form_c.js:194	page/ht9045_wire_engine.js:2155				Automation/auto9045.cpp Command.cpp FileRW/AOISetup.cpp FileRW/AOISetup.gen.inc	CCLink/MyCCLinkSensor.dfm:3645	spbSaveClick	CCLink/MyCCLinkSensor.cpp:1689-1693	2						greyed
HW.MyCCLinkSensor.html	cclink	btnCanBusSeach	TButton	Check	tsCCLinkSetting	59	greyed(probe)			page/ht9045_unported_form_c.js:197						CCLink/MyCCLinkSensor.dfm:4114	btnCanBusSeachClick	CCLink/MyCCLinkSensor.cpp:2337-2349	6						greyed
HW.MyCCLinkSensor.html	cclink	btnReadCanBusSetting	TButton	Read Setting	tsCCLinkSetting	59	greyed(probe)			page/ht9045_unported_form_c.js:198						CCLink/MyCCLinkSensor.dfm:4131	btnReadCanBusSettingClick	CCLink/MyCCLinkSensor.cpp:2457-2471	8						greyed
HW.MyCCLinkSensor.html	cclink	sbExit	TSpeedButton	Exit		59	dead/B			page/ht9045_unported_form_c.js:200	cls.exitbtn@HW.MyCCLinkSensor.html:89 cls.exitbtn@page/ht9045_unported_form_c.js:211	ui:postMessage ui:toggle				CCLink/MyCCLinkSensor.dfm:4244	sbExitClick	CCLink/MyCCLinkSensor.cpp:491-521	13						clicked
HW.MyCCLinkSensor.html	cclink	sbReset	TSpeedButton	Reset CC-Link		59	hidden(static)	1		page/ht9045_unported_form_c.js:201					VacuumUnit/VacuumUnit.cpp VacuumUnit/VacuumUnit.h VacuumUnit/VacuumUnitLive.inc	CCLink/MyCCLinkSensor.dfm:4311	sbResetClick	CCLink/MyCCLinkSensor.cpp:1454-1457	1		False		CCLink/MyCCLinkSensor.cpp:832 Visible=true | CCLink/MyCCLinkSensor.cpp:1101 Visible=true | CCLink/MyCCLinkSensor.cpp:2546 Visible=false		UNVERIFIED
Setup.Cleaning.html	cleaning	btnResetInterval	TButton	Reset Interval	tsSmart	56	dead/A			page/ht9045_cleaning_c.js:48	page/ht9045_cleaning_ev.js:56 page/ht9045_cleaning_ev.js:345	form.event ui:postMessage	form.event=yes	1	FileRW/TestIF_File_Cleaning.gen.inc FileRW/TestIF_File_YieldMonitoring.gen.inc	AutoClean/uCleaning.dfm:800	btnResetIntervalClick	AutoClean/uCleaning.cpp:2810-2815	2						clicked
Setup.Cleaning.html	cleaning	btInclude	TButton	Include Tray Data	tabTray	56	dead/A			page/ht9045_cleaning_c.js:46	page/ht9045_cleaning_ev.js:54			1	FileRW/TestIF_File_Cleaning.gen.inc	AutoClean/uCleaning.dfm:1361	btIncludeClick	AutoClean/uCleaning.cpp:2248-2262	10				AutoClean/uCleaning.cpp:326 Visible=false | AutoClean/uCleaning.cpp:1532 Visible=false		clicked
Setup.Cleaning.html	cleaning	btFocusOnly	TButton	Only Focus		56	dead/C0									AutoClean/uCleaning.dfm:1502									clicked
Setup.Cleaning.html	cleaning	btnStartAutoClean	TButton	Clean		56	dead/A			page/ht9045_cleaning_ev.js:57	page/ht9045_cleaning_c.js:49 page/ht9045_cleaning_ev.js:347	form.event	form.event=yes	1	FileRW/TestIF_File_Cleaning.gen.inc	AutoClean/uCleaning.dfm:1510	btnStartAutoCleanClick	AutoClean/uCleaning.cpp:2869-2872	1						clicked
Setup.Cleaning.html	cleaning	sbTrayAssign	TSpeedButton	Tray Assign		56	dead/A			page/ht9045_cleaning_ev.js:57	page/ht9045_cleaning_c.js:50 page/ht9045_cleaning_ev.js:342	form.event ui:postMessage	form.event=yes	1	FileRW/TestIF_File_Cleaning.gen.inc	AutoClean/uCleaning.dfm:1566	sbTrayAssignClick	AutoClean/uCleaning.cpp:2290-2294	2				AutoClean/uCleaning.cpp:1597 Visible=true | AutoClean/uCleaning.cpp:1604 Visible=false		clicked
Setup.Cleaning.html	cleaning	btnResetCleanCount	TButton	Reset		56	dead/A			page/ht9045_cleaning_c.js:47	page/ht9045_cleaning_ev.js:55 page/ht9045_cleaning_ev.js:345 page/ht9045_cleaning_ev.js:346	form.event ui:postMessage	form.event=yes	1	Command.cpp FileRW/TestIF_File_Cleaning.gen.inc csystem.cpp forms/fCleaning.cpp	AutoClean/uCleaning.dfm:1820	btnResetCleanCountClick	AutoClean/uCleaning.cpp:2095-2117	15				AutoClean/uCleaning.cpp:1519 Enabled=fSecurity->Insufficient(97,fal | AutoClean/uCleaning.cpp:1549 Enabled=true | AutoClean/uCleaning.cpp:1553 Enabled=false | AutoClean/uCleaning.cpp:1561 Enabled=fSecurity->Insufficient(97,fal +1		clicked
Setup.Cleaning.html	cleaning	sbCleanSave	TSpeedButton	Save		56	dead/A				page/ht9045_cleaning_c.js:148 page/ht9045_cleaning_c.js:158 page/ht9045_cleaning_c.js:229	ui:postMessage			FileRW/TestIF_File_Cleaning.cpp FileRW/TestIF_File_Cleaning.gen.inc forms/fRPDefault.cpp	AutoClean/uCleaning.dfm:3028	sbCleanSaveClick	AutoClean/uCleaning.cpp:1761-1866	49						clicked
Setup.Cleaning.html	cleaning	sbCleanExit	TSpeedButton	Exit		56	dead/A				cls.exitbtn@Setup.Cleaning.html:86 page/ht9045_cleaning_c.js:162 page/ht9045_cleaning_c.js:168 page/ht9045_cleaning_c.js:180	ui:postMessage ui:toggle ui:HT_WIN			FileRW/TestIF_File_Cleaning.cpp FileRW/TestIF_File_Cleaning.gen.inc forms/fCleaning.cpp forms/fCleaning.h	AutoClean/uCleaning.dfm:3167	sbCleanExitClick	AutoClean/uCleaning.cpp:1868-1872	2						clicked
Setup.Contact.html	contact	sbtExit	TSpeedButton	Exit		62	dead/A				cls.exitbtn@Setup.Contact.html:92	ui:postMessage ui:toggle			FileRW/Temperature.gen.inc FileRW/TestIF_File_BarCode.gen.inc FileRW/TestIF_File_SetUp.gen.inc OmronLaser/LaserSensor.cpp	cContact.dfm:31	sbtExitClick	cContact.cpp:14478-14487	5						clicked
Setup.Contact.html	contact	spbSave	TSpeedButton	Save		62	dead/D				page/ht9045_contact_wire.js:374 page/ht9045_wire_engine.js:2155				Automation/auto9045.cpp Command.cpp FileRW/AOISetup.cpp FileRW/AOISetup.gen.inc	cContact.dfm:97	spbSaveClick	cContact.cpp:14072-14201	71	ADAM_WriteVoltage					clicked ; dom:1
Setup.Contact.html	contact	btnStart	TButton	START		62	hidden(static)	1		page/ht9045_golden_kb_unwired.js:206	page/ht9045_contact_ev.js:268 page/ht9045_contact_ev.js:268 page/ht9045_contact_ev.js:368	form.event ui:postMessage ui:toggle	form.event=yes	1	FileRW/DeviceForm_File.gen.inc forms/fContact.h	cContact.dfm:236	btnStartClick	cContact.cpp:13965-13970	3	fMain->BtnStartClick	False		cContact.cpp:1601 Visible=IniConfig.bD16_StepContactTest | cContact.cpp:1635 Visible=true		UNVERIFIED
Setup.Contact.html	contact	btnPause	TButton	PAUSE		62	hidden(static)	1		page/ht9045_golden_kb_unwired.js:207	page/ht9045_contact_ev.js:268 page/ht9045_contact_ev.js:368	form.event ui:postMessage ui:toggle	form.event=yes	1	FileRW/DeviceForm_File.gen.inc forms/fContact.h	cContact.dfm:246	btnPauseClick	cContact.cpp:13972-13975	1		False		cContact.cpp:1602 Visible=IniConfig.bD16_StepContactTest | cContact.cpp:1636 Visible=true		UNVERIFIED
Setup.Contact.html	contact	btAt	TButton	Omron Temp		62	hidden(static)	1			page/ht9045_contact_q41.js:33	ui:postMessage			forms/fContact.h	cContact.dfm:277	btAtClick	cContact.cpp:15023-15027	2						UNVERIFIED
Setup.Contact.html	contact	btShowDynaTemp	TButton	Dyna Temp		62	hidden(static)	1							forms/fContact.h	cContact.dfm:286	btShowDynaTempClick	cContact.cpp:15017-15021	2						UNVERIFIED
Setup.Contact.html	contact	btTempOffset	TButton	Temp Offset		62	hidden(static)	1			page/ht9045_contact_q41.js:32	ui:postMessage			forms/fContact.h	cContact.dfm:295	btTempOffsetClick	cContact.cpp:15029-15033	2						UNVERIFIED
Setup.Contact.html	contact	btOffset	TButton	Offset		62	hidden(static)	1			page/ht9045_contact_q41.js:29	ui:postMessage			forms/fContact.h	cContact.dfm:323	btOffsetClick	cContact.cpp:16876-16879	1		False		cContact.cpp:1608 Visible=IniConfig.bD16_StepContactTest		UNVERIFIED
Setup.Contact.html	contact	btBarcode	TButton	Barcode		62	hidden(static)	1			page/ht9045_contact_q41.js:30	ui:postMessage			forms/fContact.h	cContact.dfm:333	btBarcodeClick	cContact.cpp:16881-16884	1				cContact.cpp:1609 Visible=(CUSTOMER_CODE==CC_KYEC_XILINX		UNVERIFIED
Setup.Contact.html	contact	spbOneCycle	TSpeedButton	One Cycle		62	greyed(probe)			page/ht9045_golden_kb_unwired.js:210	page/ht9045_contact_ev.js:368	ui:toggle		1	FileRW/DeviceForm_File.gen.inc forms/fContact.h	cContact.dfm:15887	spbOneCycleClick	cContact.cpp:16861-16865	2				cContact.cpp:1605 Visible=IniConfig.bD16_StepContactTest | cContact.cpp:1639 Visible=true		greyed
Setup.Contact.html	contact	btnTStart	TButton	T.Start		62	hidden(static)	1		page/ht9045_golden_kb_unwired.js:208	page/ht9045_contact_ev.js:368	ui:toggle		1	FileRW/DeviceForm_File.gen.inc forms/fContact.cpp forms/fContact.h	cContact.dfm:16136	btnTStartClick	cContact.cpp:2251-2254	1		False		cContact.cpp:1604 Visible=IniConfig.bD16_StepContactTest | cContact.cpp:1638 Visible=true		UNVERIFIED
Setup.Contact.html	contact	btnTStep	TButton	T.Step		62	hidden(static)	1		page/ht9045_golden_kb_unwired.js:209	page/ht9045_contact_ev.js:368	ui:toggle		1	FileRW/DeviceForm_File.gen.inc forms/fContact.cpp forms/fContact.h	cContact.dfm:16146	btnTStepClick	cContact.cpp:2256-2259	1		False		cContact.cpp:1603 Visible=IniConfig.bD16_StepContactTest | cContact.cpp:1637 Visible=true		UNVERIFIED
Setup.Contact.html	contact	SetMPaBtn	TButton	Set EP		62	hidden(static)	1								cContact.dfm:16156					False		cContact.cpp:1219 Visible=false		UNVERIFIED
Setup.Contact.html	contact	btnTempSet	TButton	Temperature Setting		62	dead/A				page/ht9045_contact_q41.js:31	ui:postMessage			forms/fContact.h	cContact.dfm:16290	btnTempSetClick	cContact.cpp:17184-17187	1				cContact.cpp:275 Visible=false		clicked
Setup.Contact.html	contact	btTCPIP	TButton	TCP/IP		62	hidden(static)	1			page/ht9045_contact_q41.js:34	ui:postMessage			forms/fContact.h	cContact.dfm:16299	btTCPIPClick	cContact.cpp:19024-19027	1		False		cContact.cpp:1650 Visible=(TestIF.iTestType==TCP_IP_MODE		UNVERIFIED
Setup.Contact.html	contact	btnIndexArmJogMove_Up	TButton	Up		62	hidden(static)	1		page/ht9045_golden_kb_unwired.js:212					forms/fContact.h	cContact.dfm:17151	btnIndexArmJogMove_UpClick	cContact.cpp:16950-17000	30	MOT[].Gali_MotMove			cContact.cpp:7679 Enabled=true | cContact.cpp:10190 Enabled=true | cContact.cpp:16974 Enabled=false | cContact.cpp:16993 Enabled=false +2		UNVERIFIED
Setup.Contact.html	contact	btnIndexArmJogMove_Down	TButton	Down		62	hidden(static)	1		page/ht9045_golden_kb_unwired.js:213					forms/fContact.h	cContact.dfm:17166	btnIndexArmJogMove_DownClick	cContact.cpp:17002-17052	30	MOT[].Gali_MotMove			cContact.cpp:7680 Enabled=true | cContact.cpp:10191 Enabled=true | cContact.cpp:16975 Enabled=false | cContact.cpp:16994 Enabled=false +2		UNVERIFIED
Setup.Contact.html	contact	btnTrayMap	TButton	Tray Map		62	hidden(static)	1		page/ht9045_golden_kb_unwired.js:217					forms/fContact.h	cContact.dfm:17948	btnTrayMapClick	cContact.cpp:18402-18406	2		False		cContact.cpp:1759 Visible=(USE_TRAY_MAPPING!=etmUninstal		UNVERIFIED
Setup.Contact.html	contact	btEditTray	TButton	Edit Tray		62	hidden(static)	1		page/ht9045_golden_kb_unwired.js:214					forms/fContact.h	cContact.dfm:18225	btEditTrayClick	cContact.cpp:16853-16859	2		False		cContact.cpp:16002 Visible=true		UNVERIFIED
Setup.Contact.html	contact	AutoZTeachButton	TSpeedButton	AutoZ Offset		62	greyed(probe)			page/ht9045_golden_kb_unwired.js:211					forms/fContact.h	cContact.dfm:18429	AutoZTeachButtonClick	cContact.cpp:18430-18451	14				cContact.cpp:1758 Visible=(CUSTOMER_CODE==CC_ASE_KaohSiu		greyed
Setup.TesterIF.html	testerif	btTesterTCPShow	TButton	Tester TCP	tsTCPIP	56	dead/A				page/ht9045_testerif_c_wire.js:177 page/ht9045_testerif_c_wire.js:228	ui:postMessage			forms/fLotInfo.cpp forms/fLotInfo.h forms/fTesterIF.cpp forms/fTesterIF.h	cTesterIF.dfm:967	btTesterTCPShowClick	cTesterIF.cpp:1516-1519	1						clicked
Setup.TesterIF.html	testerif	spbSave	TSpeedButton	Save		56	dead/A				page/ht9045_wire_engine.js:2155				Automation/auto9045.cpp Command.cpp FileRW/AOISetup.cpp FileRW/AOISetup.gen.inc	cTesterIF.dfm:1017	spbSaveClick	cTesterIF.cpp:1302-1356	32						clicked ; dom:1
Setup.TesterIF.html	testerif	sbtExit	TSpeedButton	Exit		56	dead/A				cls.exitbtn@Setup.TesterIF.html:86	ui:postMessage ui:toggle			FileRW/Temperature.gen.inc FileRW/TestIF_File_BarCode.gen.inc FileRW/TestIF_File_SetUp.gen.inc OmronLaser/LaserSensor.cpp	cTesterIF.dfm:1156	sbtExitClick	cTesterIF.cpp:1358-1366	4						clicked
Status.GroundMan.html	groundman	spbStartCom	TSpeedButton	Start COM	tsMain	56	greyed(probe)				page/ht9045_groundman_c.js:47				FileRW/TestIF_File_BarCode.gen.inc WebStart.cpp	GroundMan/GroundMan.dfm:35	spbStartComClick	GroundMan/GroundMan.cpp:247-251	2						greyed
Status.GroundMan.html	groundman	spbStopCom	TSpeedButton	Stop COM	tsMain	56	greyed(probe)				page/ht9045_groundman_c.js:48					GroundMan/GroundMan.dfm:177	spbStopComClick	GroundMan/GroundMan.cpp:253-257	2						greyed
Status.GroundMan.html	groundman	spbSave	TSpeedButton	Save		56	dead/A				page/ht9045_wire_engine.js:2155 page/ht9045_groundman_c.js:125 page/ht9045_groundman_c.js:128				Automation/auto9045.cpp Command.cpp FileRW/AOISetup.cpp FileRW/AOISetup.gen.inc	GroundMan/GroundMan.dfm:1575	spbSaveClick	GroundMan/GroundMan.cpp:1418-1468	24						clicked ; dom:1
Status.GroundMan.html	groundman	sbtExit	TSpeedButton	Exit		56	dead/A				cls.exitbtn@Status.GroundMan.html:86 page/ht9045_groundman_c.js:59	ui:postMessage ui:toggle			FileRW/Temperature.gen.inc FileRW/TestIF_File_BarCode.gen.inc FileRW/TestIF_File_SetUp.gen.inc OmronLaser/LaserSensor.cpp	GroundMan/GroundMan.dfm:1714	sbtExitClick	GroundMan/GroundMan.cpp:1471-1476	3						clicked
Status.GroundMan.html	groundman	btnMaintenanceMode	TSpeedButton	Maintenance Mode		56	greyed(probe)				page/ht9045_groundman_c.js:49					GroundMan/GroundMan.dfm:1787							GroundMan/GroundMan.cpp:222 Visible=(CUSTOMER_CODE==CC_SIGURD_PeiX		greyed
Setup.Ld_ULd.html	ldud	spbSave	TSpeedButton	Save		56	dead/A				page/ht9045_wire_engine.js:2155				Automation/auto9045.cpp Command.cpp FileRW/AOISetup.cpp FileRW/AOISetup.gen.inc	cLd_ULd.dfm:29	spbSaveClick	cLd_ULd.cpp:179-202	12						clicked ; dom:1
Setup.Ld_ULd.html	ldud	sbtExit	TSpeedButton	Exit		56	dead/A				cls.exitbtn@Setup.Ld_ULd.html:86	ui:postMessage ui:toggle			FileRW/Temperature.gen.inc FileRW/TestIF_File_BarCode.gen.inc FileRW/TestIF_File_SetUp.gen.inc OmronLaser/LaserSensor.cpp	cLd_ULd.dfm:168	sbtExitClick	cLd_ULd.cpp:218-222	2						clicked
Setup.Ld_ULd.html	ldud	btnDefaultValue	TSpeedButton	Default Value		56	OK-ui				page/ht9045_lduld_q41.js:34 page/ht9045_lduld_q41.js:42				forms/fLd_ULd.cpp forms/fLd_ULd.h	cLd_ULd.dfm:234	btnDefaultValueClick	cLd_ULd.cpp:224-237	8				cLd_ULd.cpp:99 Enabled=fSecurity->Insufficient(115,fa		clicked ; inp:16 ; val:8
Status.Security.html	security	sbSupervisor	TSpeedButton	Supervisor		56	hidden(probe)				page/ht9045_wire_statussecurity.js:427	control.acquire security.passwd	control.acquire=yes security.passwd=yes		cSecurity.cpp forms/fSecurity.h	cSecurity.dfm:48	sbSupervisorClick	cSecurity.cpp:935-941	2				cSecurity.cpp:316 Visible=true | cSecurity.cpp:322 Visible=true | cSecurity.cpp:333 Visible=false | cSecurity.cpp:340 Visible=false +4		not-visible
Status.Security.html	security	sbEngineer	TSpeedButton	Engineer		56	hidden(probe)				page/ht9045_wire_statussecurity.js:427	control.acquire security.passwd	control.acquire=yes security.passwd=yes		cSecurity.cpp forms/fSecurity.h	cSecurity.dfm:62	sbEngineerClick	cSecurity.cpp:943-949	2				cSecurity.cpp:317 Visible=true | cSecurity.cpp:323 Visible=true | cSecurity.cpp:334 Visible=true | cSecurity.cpp:341 Visible=false +4		not-visible
Status.Security.html	security	btnHonPrec	TSpeedButton	HonPrec		56	hidden(probe)				page/ht9045_wire_statussecurity.js:427	control.acquire security.passwd	control.acquire=yes security.passwd=yes		cSecurity.cpp forms/fSecurity.h	cSecurity.dfm:76	btnHonPrecClick	cSecurity.cpp:927-933	2				cSecurity.cpp:315 Visible=true | cSecurity.cpp:321 Visible=false | cSecurity.cpp:332 Visible=false | cSecurity.cpp:339 Visible=false +4		not-visible
Status.Security.html	security	btnOperator	TSpeedButton	Operator		56	hidden(probe)				page/ht9045_wire_statussecurity.js:427	control.acquire security.passwd	control.acquire=yes security.passwd=yes		cSecurity.cpp forms/fSecurity.h	cSecurity.dfm:90	btnOperatorClick	cSecurity.cpp:1659-1662	1				cSecurity.cpp:428 Visible=CosFunction.bSecurityHave5Leve		not-visible
Status.Security.html	security	SecurityExit	TSpeedButton	Exit		56	OK-cmd				cls.exitbtn@Status.Security.html:86 page/ht9045_wire_statussecurity.js:78 page/ht9045_wire_statussecurity.js:396 page/ht9045_wire_statussecurity.js:893 page/ht9045_wire_statussecurity.js:908	ui:postMessage ui:toggle ui:exportCsv			WebLevelSet.cpp cSecurity.cpp forms/fSecurity.h	cSecurity.dfm:122	SecurityExitClick	cSecurity.cpp:813-816	1						clicked ; control.acquire ; dom:4
Status.Security.html	security	(no id)	(web-only)	🔑[00] Main - Tools	tsMain	56	s:unbound/?																		UNVERIFIED
Status.Security.html	security	(no id)	(web-only)	🔑[01] Main - Config	tsMain	56	s:unbound/?																		UNVERIFIED
Status.Security.html	security	(no id)	(web-only)	🔑[02] Main - Offset	tsMain	56	s:unbound/?																		UNVERIFIED
Status.Security.html	security	(no id)	(web-only)	🔑[03] Main - Speed	tsMain	56	s:unbound/?																		UNVERIFIED
Status.Security.html	security	(no id)	(web-only)	🔑[04] Main - IO	tsMain	56	s:unbound/?																		UNVERIFIED
Status.Security.html	security	(no id)	(web-only)	🔑[05] Main - Message	tsMain	56	s:unbound/?																		UNVERIFIED
Status.Security.html	security	(no id)	(web-only)	🔑[06] Main - Exit	tsMain	56	s:unbound/?																		UNVERIFIED
Status.Security.html	security	(no id)	(web-only)	🔑[07] Main - Hot Mode	tsMain	56	s:unbound/?																		UNVERIFIED
Status.Security.html	security	(no id)	(web-only)	🔑[08] Main - Tester On/Off line	tsMain	56	s:unbound/?																		UNVERIFIED
Status.Security.html	security	(no id)	(web-only)	🔑[09] Main - Setup File	tsMain	56	s:unbound/?																		UNVERIFIED
Status.Security.html	security	(no id)	(web-only)	🔑[10] Main - Site Select	tsMain	56	s:unbound/?																		UNVERIFIED
Status.Security.html	security	(no id)	(web-only)	🔑[11] Main - Real/Dummy	tsMain	56	s:unbound/?																		UNVERIFIED
Status.Security.html	security	(no id)	(web-only)	🔑[12] Main - Start Mode	tsMain	56	s:unbound/?																		UNVERIFIED
Status.Security.html	security	(no id)	(web-only)	🔑[13] Main - Auto Teach Close	tsMain	56	s:unbound/?																		UNVERIFIED
Status.Security.html	security	(no id)	(web-only)	🔑[32] Main - Temperature Deg Setup	tsMain	56	s:unbound/?																		UNVERIFIED
Status.Security.html	security	(no id)	(web-only)	🔑[41] Main - Change SetUp File	tsMain	56	s:unbound/?																		UNVERIFIED
Status.Security.html	security	(no id)	(web-only)	🔑[87] Main - Teaching	tsMain	56	s:unbound/?																		UNVERIFIED
Status.Security.html	security	(no id)	(web-only)	🔑[105] Main - Big Fan	tsMain	56	s:unbound/?																		UNVERIFIED
Status.Security.html	security	(no id)	(web-only)	🔑[147] Speed - Auto Skip	tsMain	56	s:unbound/?																		UNVERIFIED
Status.Security.html	security	(no id)	(web-only)	🔑[172] Main - Disable Site Map	tsMain	56	s:unbound/?																		UNVERIFIED
Status.Security.html	security	(no id)	(web-only)	🔑[14] Tools - Tray Form	tsTools	56	s:unbound/?																		UNVERIFIED
Status.Security.html	security	(no id)	(web-only)	🔑[15] Tools - Plate Form	tsTools	56	s:unbound/?																		UNVERIFIED
Status.Security.html	security	(no id)	(web-only)	🔑[16] Tools - Tray Assign	tsTools	56	s:unbound/?																		UNVERIFIED
Status.Security.html	security	(no id)	(web-only)	🔑[17] Tools - Temp.OffSet	tsTools	56	s:unbound/?																		UNVERIFIED
Status.Security.html	security	(no id)	(web-only)	🔑[18] Tools - Contact	tsTools	56	s:unbound/?																		UNVERIFIED
Status.Security.html	security	(no id)	(web-only)	🔑[19] Tools - Test IF	tsTools	56	s:unbound/?																		UNVERIFIED
Status.Security.html	security	(no id)	(web-only)	🔑[20] Tools - Bin	tsTools	56	s:unbound/?																		UNVERIFIED
Status.Security.html	security	(no id)	(web-only)	🔑[21] Tools - Set Up	tsTools	56	s:unbound/?																		UNVERIFIED
Status.Security.html	security	(no id)	(web-only)	🔑[22] Tools - Load/Unld	tsTools	56	s:unbound/?																		UNVERIFIED
Status.Security.html	security	(no id)	(web-only)	🔑[37] Tools - CCD	tsTools	56	s:unbound/?																		UNVERIFIED
Status.Security.html	security	(no id)	(web-only)	🔑[39] Tools - Yield Monitoring	tsTools	56	s:unbound/?																		UNVERIFIED
Status.Security.html	security	(no id)	(web-only)	🔑[43] Tools - Auto Clean	tsTools	56	s:unbound/?																		UNVERIFIED
Status.Security.html	security	(no id)	(web-only)	🔑[44] Tools - ATC	tsTools	56	s:unbound/?																		UNVERIFIED
Status.Security.html	security	(no id)	(web-only)	🔑[45] Tools - Sensor Adj.	tsTools	56	s:unbound/?																		UNVERIFIED
Status.Security.html	security	(no id)	(web-only)	🔑[48] Tools - OCR	tsTools	56	s:unbound/?																		UNVERIFIED
Status.Security.html	security	(no id)	(web-only)	🔑[80] Tools - Dyna. Temperature	tsTools	56	s:unbound/?																		UNVERIFIED
Status.Security.html	security	(no id)	(web-only)	🔑[85] Tools - QA Mode	tsTools	56	s:unbound/?																		UNVERIFIED
Status.Security.html	security	(no id)	(web-only)	🔑[88] Tools - BarCode	tsTools	56	s:unbound/?																		UNVERIFIED
Status.Security.html	security	(no id)	(web-only)	🔑[89] Tools - Rotate	tsTools	56	s:unbound/?																		UNVERIFIED
Status.Security.html	security	(no id)	(web-only)	🔑[99] Tools - Socket	tsTools	56	s:unbound/?																		UNVERIFIED
Status.Security.html	security	(no id)	(web-only)	🔑[100] Tools - Laser Sensor	tsTools	56	s:unbound/?																		UNVERIFIED
Status.Security.html	security	(no id)	(web-only)	🔑[115] Tray - Load/Unload	tsTools	56	s:unbound/?																		UNVERIFIED
Status.Security.html	security	(no id)	(web-only)	🔑[116] Tray - Knocker	tsTools	56	s:unbound/?																		UNVERIFIED
Status.Security.html	security	(no id)	(web-only)	🔑[148] Tools - [Bin] Yield Control	tsTools	56	s:unbound/?																		UNVERIFIED
Status.Security.html	security	(no id)	(web-only)	🔑[149] Tools - [Bin] Tray Setting	tsTools	56	s:unbound/?																		UNVERIFIED
Status.Security.html	security	(no id)	(web-only)	🔑[150] Tools - RPDefault	tsTools	56	s:unbound/?																		UNVERIFIED
Status.Security.html	security	(no id)	(web-only)	🔑[161] Tools - Barcode Sub-Function	tsTools	56	s:unbound/?																		UNVERIFIED
Status.Security.html	security	(no id)	(web-only)	🔑[170] Tools - ScanAOI	tsTools	56	s:unbound/?																		UNVERIFIED
Status.Security.html	security	(no id)	(web-only)	🔑[174] Tools - Magazine	tsTools	56	s:unbound/?																		UNVERIFIED
Status.Security.html	security	(no id)	(web-only)	🔑[178] Tools - Tray Function	tsTools	56	s:unbound/?																		UNVERIFIED
Status.Security.html	security	(no id)	(web-only)	🔑[23] Config - Builder	tsConfig	56	s:unbound/?																		UNVERIFIED
Status.Security.html	security	(no id)	(web-only)	🔑[24] Config - Start Mode	tsConfig	56	s:unbound/?																		UNVERIFIED
Status.Security.html	security	(no id)	(web-only)	🔑[25] Config - C.Select	tsConfig	56	s:unbound/?																		UNVERIFIED
Status.Security.html	security	(no id)	(web-only)	🔑[26] Config - C.Clear	tsConfig	56	s:unbound/?																		UNVERIFIED
Status.Security.html	security	(no id)	(web-only)	🔑[28] Config - Tower Light	tsConfig	56	s:unbound/?																		UNVERIFIED
Status.Security.html	security	(no id)	(web-only)	🔑[29] Config - Password	tsConfig	56	s:unbound/?																		UNVERIFIED
Status.Security.html	security	(no id)	(web-only)	🔑[30] Config - Configuration	tsConfig	56	s:unbound/?																		UNVERIFIED
Status.Security.html	security	(no id)	(web-only)	🔑[31] Config - DIO Setting	tsConfig	56	s:unbound/?																		UNVERIFIED
Status.Security.html	security	(no id)	(web-only)	🔑[42] Config - SECS\GEM	tsConfig	56	s:unbound/?																		UNVERIFIED
Status.Security.html	security	(no id)	(web-only)	🔑[46] Config - Sensor Latch	tsConfig	56	s:unbound/?																		UNVERIFIED
Status.Security.html	security	(no id)	(web-only)	🔑[47] Config - Omron Temp.	tsConfig	56	s:unbound/?																		UNVERIFIED
Status.Security.html	security	(no id)	(web-only)	🔑[49] Config - Auto Temp.	tsConfig	56	s:unbound/?																		UNVERIFIED
Status.Security.html	security	(no id)	(web-only)	🔑[86] Config - Motion View	tsConfig	56	s:unbound/?																		UNVERIFIED
Status.Security.html	security	(no id)	(web-only)	🔑[90] Config - Air Con.	tsConfig	56	s:unbound/?																		UNVERIFIED
Status.Security.html	security	(no id)	(web-only)	🔑[127] Config - Monitor View	tsConfig	56	s:unbound/?																		UNVERIFIED
Status.Security.html	security	(no id)	(web-only)	🔑[38] Contact - Contact Force	tsContact	56	s:unbound/?																		UNVERIFIED
Status.Security.html	security	(no id)	(web-only)	🔑[92] Contact - Contact parameter	tsContact	56	s:unbound/?																		UNVERIFIED
Status.Security.html	security	(no id)	(web-only)	🔑[93] Contact - Handler Mode	tsContact	56	s:unbound/?																		UNVERIFIED
Status.Security.html	security	(no id)	(web-only)	🔑[101] Contact - Height	tsContact	56	s:unbound/?																		UNVERIFIED
Status.Security.html	security	(no id)	(web-only)	🔑[103] Contact - Test Socket IC check	tsContact	56	s:unbound/?																		UNVERIFIED
Status.Security.html	security	(no id)	(web-only)	🔑[109] Contact - Sensor Adjustment	tsContact	56	s:unbound/?																		UNVERIFIED
Status.Security.html	security	(no id)	(web-only)	🔑[152] Contact - Contact Force Calibrati	tsContact	56	s:unbound/?																		UNVERIFIED
Status.Security.html	security	(no id)	(web-only)	🔑[171] Contact - Contact height	tsContact	56	s:unbound/?																		UNVERIFIED
Status.Security.html	security	(no id)	(web-only)	🔑[173] Contact - Release height	tsContact	56	s:unbound/?																		UNVERIFIED
Status.Security.html	security	(no id)	(web-only)	🔑[176] Contact - RTC Auto Tuning	tsContact	56	s:unbound/?																		UNVERIFIED
Status.Security.html	security	(no id)	(web-only)	🔑[27] TestIF - InterFace Type	tsSetup	56	s:unbound/?																		UNVERIFIED
Status.Security.html	security	(no id)	(web-only)	🔑[40] Setup - Shuttle Mode	tsSetup	56	s:unbound/?																		UNVERIFIED
Status.Security.html	security	(no id)	(web-only)	🔑[91] TestIF - Test Time	tsSetup	56	s:unbound/?																		UNVERIFIED
Status.Security.html	security	(no id)	(web-only)	🔑[94] Setup - Site Map	tsSetup	56	s:unbound/?																		UNVERIFIED
Status.Security.html	security	(no id)	(web-only)	🔑[95] Setup - Shuttle Mode	tsSetup	56	s:unbound/?																		UNVERIFIED
Status.Security.html	security	(no id)	(web-only)	🔑[123] TestIF -Use initial start delay i	tsSetup	56	s:unbound/?																		UNVERIFIED
Status.Security.html	security	(no id)	(web-only)	🔑[131] TestIF - Start Delay	tsSetup	56	s:unbound/?																		UNVERIFIED
Status.Security.html	security	(no id)	(web-only)	🔑[132] Bin - Double Contact	tsSetup	56	s:unbound/?																		UNVERIFIED
Status.Security.html	security	(no id)	(web-only)	🔑[151] Setup - ERMS Selection	tsSetup	56	s:unbound/?																		UNVERIFIED
Status.Security.html	security	(no id)	(web-only)	🔑[155] Setup - 12/16 Site Direct Heater 	tsSetup	56	s:unbound/?																		UNVERIFIED
Status.Security.html	security	(no id)	(web-only)	🔑[159] Setup - Socket sensor	tsSetup	56	s:unbound/?																		UNVERIFIED
Status.Security.html	security	(no id)	(web-only)	🔑[165] Setup - Arm 1 pick, arm 2 test fu	tsSetup	56	s:unbound/?																		UNVERIFIED
Status.Security.html	security	(no id)	(web-only)	🔑[167] Setup - Enable auto site mapping 	tsSetup	56	s:unbound/?																		UNVERIFIED
Status.Security.html	security	(no id)	(web-only)	🔑[50] Temp.OffSet - Temp. Mode	tsTemp	56	s:unbound/?																		UNVERIFIED
Status.Security.html	security	(no id)	(web-only)	🔑[51] Temp.OffSet - Default Offset	tsTemp	56	s:unbound/?																		UNVERIFIED
Status.Security.html	security	(no id)	(web-only)	🔑[52] Temp.OffSet - Base Point	tsTemp	56	s:unbound/?																		UNVERIFIED
Status.Security.html	security	(no id)	(web-only)	🔑[53] Temp.OffSet - User Offser	tsTemp	56	s:unbound/?																		UNVERIFIED
Status.Security.html	security	(no id)	(web-only)	🔑[54] Temp.OffSet - Single Limits	tsTemp	56	s:unbound/?																		UNVERIFIED
Status.Security.html	security	(no id)	(web-only)	🔑[55] Temp.OffSet - Hot Mode	tsTemp	56	s:unbound/?																		UNVERIFIED
Status.Security.html	security	(no id)	(web-only)	🔑[56] Temp.OffSet - Amb Mode	tsTemp	56	s:unbound/?																		UNVERIFIED
Status.Security.html	security	(no id)	(web-only)	🔑[57] Temp.OffSet - Index Mode	tsTemp	56	s:unbound/?																		UNVERIFIED
Status.Security.html	security	(no id)	(web-only)	🔑[106] Temp.OffSet - Initial Temp Offset	tsTemp	56	s:unbound/?																		UNVERIFIED
Status.Security.html	security	(no id)	(web-only)	🔑[124] Temp.OffSet - EOT Extra Temp Offs	tsTemp	56	s:unbound/?																		UNVERIFIED
Status.Security.html	security	(no id)	(web-only)	🔑[158] Temp.OffSet - Active ATC Cooling	tsTemp	56	s:unbound/?																		UNVERIFIED
Status.Security.html	security	(no id)	(web-only)	🔑[175] Temp.OffSet - Kit Temp. offset	tsTemp	56	s:unbound/?																		UNVERIFIED
Status.Security.html	security	(no id)	(web-only)	🔑[58] IO - STACK 1	tsIo	56	s:unbound/?																		UNVERIFIED
Status.Security.html	security	(no id)	(web-only)	🔑[59] IO - STACK 2	tsIo	56	s:unbound/?																		UNVERIFIED
Status.Security.html	security	(no id)	(web-only)	🔑[60] IO - SUCKER	tsIo	56	s:unbound/?																		UNVERIFIED
Status.Security.html	security	(no id)	(web-only)	🔑[61] IO - SHUTTLE	tsIo	56	s:unbound/?																		UNVERIFIED
Status.Security.html	security	(no id)	(web-only)	🔑[62] IO - KEY PAD	tsIo	56	s:unbound/?																		UNVERIFIED
Status.Security.html	security	(no id)	(web-only)	🔑[63] IO - SYSTEM	tsIo	56	s:unbound/?																		UNVERIFIED
Status.Security.html	security	(no id)	(web-only)	🔑[64] IO - INDEX	tsIo	56	s:unbound/?																		UNVERIFIED
Status.Security.html	security	(no id)	(web-only)	🔑[65] IO - TTL	tsIo	56	s:unbound/?																		UNVERIFIED
Status.Security.html	security	(no id)	(web-only)	🔑[66] IO - TOOLS	tsIo	56	s:unbound/?																		UNVERIFIED
Status.Security.html	security	(no id)	(web-only)	🔑[67] Configure - A[Function]	tsConfiguration	56	s:unbound/?																		UNVERIFIED
Status.Security.html	security	(no id)	(web-only)	🔑[68] Configure - C[Hardware]	tsConfiguration	56	s:unbound/?																		UNVERIFIED
Status.Security.html	security	(no id)	(web-only)	🔑[69] Configure - D[Index]	tsConfiguration	56	s:unbound/?																		UNVERIFIED
Status.Security.html	security	(no id)	(web-only)	🔑[70] Configure - E[In/Out Arm]	tsConfiguration	56	s:unbound/?																		UNVERIFIED
Status.Security.html	security	(no id)	(web-only)	🔑[71] Configure - F[Shuttle]	tsConfiguration	56	s:unbound/?																		UNVERIFIED
Status.Security.html	security	(no id)	(web-only)	🔑[72] Configure - G[Visible]	tsConfiguration	56	s:unbound/?																		UNVERIFIED
Status.Security.html	security	(no id)	(web-only)	🔑[73] Configure - I[Tester]	tsConfiguration	56	s:unbound/?																		UNVERIFIED
Status.Security.html	security	(no id)	(web-only)	🔑[74] Configure - L[Temperature]	tsConfiguration	56	s:unbound/?																		UNVERIFIED
Status.Security.html	security	(no id)	(web-only)	🔑[75] Configure - O[Count]	tsConfiguration	56	s:unbound/?																		UNVERIFIED
Status.Security.html	security	(no id)	(web-only)	🔑[76] Configure - N[Network]	tsConfiguration	56	s:unbound/?																		UNVERIFIED
Status.Security.html	security	(no id)	(web-only)	🔑[77] Configure - P[Tray]	tsConfiguration	56	s:unbound/?																		UNVERIFIED
Status.Security.html	security	(no id)	(web-only)	🔑[78] Configure - Tray Data	tsConfiguration	56	s:unbound/?																		UNVERIFIED
Status.Security.html	security	(no id)	(web-only)	🔑[79] Configure - Hot Plate Data	tsConfiguration	56	s:unbound/?																		UNVERIFIED
Status.Security.html	security	(no id)	(web-only)	🔑[96] Configure - M[Monitor]	tsConfiguration	56	s:unbound/?																		UNVERIFIED
Status.Security.html	security	(no id)	(web-only)	🔑[81] Yield - Yield Alarm	tsYield	56	s:unbound/?																		UNVERIFIED
Status.Security.html	security	(no id)	(web-only)	🔑[82] Yield - Piggy-Back Funtions	tsYield	56	s:unbound/?																		UNVERIFIED
Status.Security.html	security	(no id)	(web-only)	🔑[83] Yield - Alarm	tsYield	56	s:unbound/?																		UNVERIFIED
Status.Security.html	security	(no id)	(web-only)	🔑[84] Yield - Failure rate Alarm	tsYield	56	s:unbound/?																		UNVERIFIED
Status.Security.html	security	(no id)	(web-only)	🔑[117] Yield - Alarm4	tsYield	56	s:unbound/?																		UNVERIFIED
Status.Security.html	security	(no id)	(web-only)	🔑[118] Yield - Yield Alarm Enable	tsYield	56	s:unbound/?																		UNVERIFIED
Status.Security.html	security	(no id)	(web-only)	🔑[119] Yield - Piggy-Back Funtions Enabl	tsYield	56	s:unbound/?																		UNVERIFIED
Status.Security.html	security	(no id)	(web-only)	🔑[120] Yield - Alarm Enable	tsYield	56	s:unbound/?																		UNVERIFIED
Status.Security.html	security	(no id)	(web-only)	🔑[121] Yield - Alarm4 Enable	tsYield	56	s:unbound/?																		UNVERIFIED
Status.Security.html	security	(no id)	(web-only)	🔑[125] Yield - Alarm Control Access	tsYield	56	s:unbound/?																		UNVERIFIED
Status.Security.html	security	(no id)	(web-only)	🔑[126] Yield - Failure Count	tsYield	56	s:unbound/?																		UNVERIFIED
Status.Security.html	security	(no id)	(web-only)	🔑[129] Yield - ART User Fix	tsYield	56	s:unbound/?																		UNVERIFIED
Status.Security.html	security	(no id)	(web-only)	🔑[130] Yield - ART Setting	tsYield	56	s:unbound/?																		UNVERIFIED
Status.Security.html	security	(no id)	(web-only)	🔑[153] Yield - Alarm5 Option	tsYield	56	s:unbound/?																		UNVERIFIED
Status.Security.html	security	(no id)	(web-only)	🔑[154] Yield - Alarm5 Value	tsYield	56	s:unbound/?																		UNVERIFIED
Status.Security.html	security	(no id)	(web-only)	🔑[162] Yield - Break ART	tsYield	56	s:unbound/?																		UNVERIFIED
Status.Security.html	security	(no id)	(web-only)	🔑[177] [I49] - Offline clean out all ic	tsYield	56	s:unbound/?																		UNVERIFIED
Status.Security.html	security	(no id)	(web-only)	🔑[179] Yield - [Bin] Count Setting	tsYield	56	s:unbound/?																		UNVERIFIED
Status.Security.html	security	(no id)	(web-only)	🔑[33] Set Offset Limit	tsOther	56	s:unbound/?																		UNVERIFIED
Status.Security.html	security	(no id)	(web-only)	🔑[34] Tool Alarm	tsOther	56	s:unbound/?																		UNVERIFIED
Status.Security.html	security	(no id)	(web-only)	🔑[35] Alarm - Trouble Shooting	tsOther	56	s:unbound/?																		UNVERIFIED
Status.Security.html	security	(no id)	(web-only)	🔑[36] Alarm - Low Yield Alarm	tsOther	56	s:unbound/?																		UNVERIFIED
Status.Security.html	security	(no id)	(web-only)	🔑[97] Other - Auto Clean Clear Count	tsOther	56	s:unbound/?																		UNVERIFIED
Status.Security.html	security	(no id)	(web-only)	🔑[98] Other - QA Mode Device Count	tsOther	56	s:unbound/?																		UNVERIFIED
Status.Security.html	security	(no id)	(web-only)	🔑[102] Other - Loader Tray Mode	tsOther	56	s:unbound/?																		UNVERIFIED
Status.Security.html	security	(no id)	(web-only)	🔑[104] Other - Tray Edit	tsOther	56	s:unbound/?																		UNVERIFIED
Status.Security.html	security	(no id)	(web-only)	🔑[107] Other - Yield Count Clean	tsOther	56	s:unbound/?																		UNVERIFIED
Status.Security.html	security	(no id)	(web-only)	🔑[108] Other - Bin Clean Count	tsOther	56	s:unbound/?																		UNVERIFIED
Status.Security.html	security	(no id)	(web-only)	🔑[110] PM Alarm - User PM Alarm Level	tsOther	56	s:unbound/?																		UNVERIFIED
Status.Security.html	security	(no id)	(web-only)	🔑[111] PM Alarm - Item Setup	tsOther	56	s:unbound/?																		UNVERIFIED
Status.Security.html	security	(no id)	(web-only)	🔑[112] PM Alarm - Visible Setup	tsOther	56	s:unbound/?																		UNVERIFIED
Status.Security.html	security	(no id)	(web-only)	🔑[113] PM Alarm - Visible Executive	tsOther	56	s:unbound/?																		UNVERIFIED
Status.Security.html	security	(no id)	(web-only)	🔑[114] ATC Control	tsOther	56	s:unbound/?																		UNVERIFIED
Status.Security.html	security	(no id)	(web-only)	🔑[122] Other - Shuttle Sensor Move	tsOther	56	s:unbound/?																		UNVERIFIED
Status.Security.html	security	(no id)	(web-only)	🔑[128] PE Model Control	tsOther	56	s:unbound/?																		UNVERIFIED
Status.Security.html	security	(no id)	(web-only)	🔑[133] Speed - Auto Speed	tsOther	56	s:unbound/?																		UNVERIFIED
Status.Security.html	security	(no id)	(web-only)	🔑[134] Speed - [Index Arm] Wait Time	tsOther	56	s:unbound/?																		UNVERIFIED
Status.Security.html	security	(no id)	(web-only)	🔑[135] Speed - [Index Arm] Destroy Time 	tsOther	56	s:unbound/?																		UNVERIFIED
Status.Security.html	security	(no id)	(web-only)	🔑[136] Speed - [Input Arm] Function for 	tsOther	56	s:unbound/?																		UNVERIFIED
Status.Security.html	security	(no id)	(web-only)	🔑[137] Speed - [In Arm] Release Delay	tsOther	56	s:unbound/?																		UNVERIFIED
Status.Security.html	security	(no id)	(web-only)	🔑[138] Speed - [In Arm] Retry Count and 	tsOther	56	s:unbound/?																		UNVERIFIED
Status.Security.html	security	(no id)	(web-only)	🔑[139] Speed - [In Arm] Destroy Time and	tsOther	56	s:unbound/?																		UNVERIFIED
Status.Security.html	security	(no id)	(web-only)	🔑[140] Speed - [In Arm] Two Speed Move D	tsOther	56	s:unbound/?																		UNVERIFIED
Status.Security.html	security	(no id)	(web-only)	🔑[141] Speed - [Out Arm] Function for sm	tsOther	56	s:unbound/?																		UNVERIFIED
Status.Security.html	security	(no id)	(web-only)	🔑[142] Speed - [Out Arm] Retry Count and	tsOther	56	s:unbound/?																		UNVERIFIED
Status.Security.html	security	(no id)	(web-only)	🔑[143] Speed - [Out Arm] Destroy Time an	tsOther	56	s:unbound/?																		UNVERIFIED
Status.Security.html	security	(no id)	(web-only)	🔑[144] Speed - [Out Arm] Destroy Check	tsOther	56	s:unbound/?																		UNVERIFIED
Status.Security.html	security	(no id)	(web-only)	🔑[145] Speed - [Out Arm] Two Speed Move 	tsOther	56	s:unbound/?																		UNVERIFIED
Status.Security.html	security	(no id)	(web-only)	🔑[146] Speed - [Tray Arm] Wait Time	tsOther	56	s:unbound/?																		UNVERIFIED
Status.Security.html	security	(no id)	(web-only)	🔑[156] Other - Pass Download MOFile	tsOther	56	s:unbound/?																		UNVERIFIED
Status.Security.html	security	(no id)	(web-only)	🔑[157] Other - Check Online/Real Status	tsOther	56	s:unbound/?																		UNVERIFIED
Status.Security.html	security	(no id)	(web-only)	🔑[160] Other - Unloader Tray Edit	tsOther	56	s:unbound/?																		UNVERIFIED
Status.Security.html	security	(no id)	(web-only)	🔑[163] Contact Count Alarm Edit Permissi	tsOther	56	s:unbound/?																		UNVERIFIED
Status.Security.html	security	(no id)	(web-only)	🔑[164] Other - Server on/off line	tsOther	56	s:unbound/?																		UNVERIFIED
Status.Security.html	security	(no id)	(web-only)	🔑[166] Other - Level for continuous alar	tsOther	56	s:unbound/?																		UNVERIFIED
Status.Security.html	security	(no id)	(web-only)	🔑[168] Other - Default Recipe Setting	tsOther	56	s:unbound/?																		UNVERIFIED
Status.Security.html	security	(no id)	(web-only)	🔑[169] Other - Default Recipe Reply	tsOther	56	s:unbound/?																		UNVERIFIED
Status.Security.html	security	spbExport	TSpeedButton	Export	tsJamCode	56	OK-cmd				page/ht9045_wire_statussecurity.js:273 page/ht9045_wire_statussecurity.js:275 page/ht9045_wire_statussecurity.js:403	control.acquire security.passwd ui:exportCsv	control.acquire=yes security.passwd=yes		WebBuilder.cpp cSecurity.cpp forms/fBuilder.cpp forms/fBuilder.h	cSecurity.dfm:402	spbExportClick	cSecurity.cpp:1579-1657	42						clicked ; control.acquire ; security.jam ; dom:4
Status.Security.html	security	spbImport	TSpeedButton	Import	tsJamCode	56	OK-cmd				page/ht9045_wire_statussecurity.js:402	control.acquire security.passwd ui:exportCsv	control.acquire=yes security.passwd=yes		WebBuilder.cpp WebSecurityJam.cpp cSecurity.cpp forms/fBuilder.cpp	cSecurity.dfm:540	spbImportClick	cSecurity.cpp:1509-1577	50						clicked ; control.acquire ; security.jam ; dom:4
Setup.TrayForm.html	trayform	spbSave	TSpeedButton	Save		68	dead/A				page/ht9045_wire_engine.js:2155				Automation/auto9045.cpp Command.cpp FileRW/AOISetup.cpp FileRW/AOISetup.gen.inc	cTrayForm.dfm:19	spbSaveClick	cTrayForm.cpp:610-638	15						clicked ; dom:1
Setup.TrayForm.html	trayform	sbtExit	TSpeedButton	Exit		68	dead/A				cls.exitbtn@Setup.TrayForm.html:98	ui:postMessage ui:toggle			FileRW/Temperature.gen.inc FileRW/TestIF_File_BarCode.gen.inc FileRW/TestIF_File_SetUp.gen.inc OmronLaser/LaserSensor.cpp	cTrayForm.dfm:158	sbtExitClick	cTrayForm.cpp:604-608	2						clicked
Setup.TrayForm.html	trayform	btnBinBoxReset	TButton	Reset	tsBinBox	68	dead/A				page/ht9045_trayform_ev.js:51			1	FileRW/UserDefForm_File.gen.inc	cTrayForm.dfm:11653	btnBinBoxResetClick	cTrayForm.cpp:728-733	3						clicked
Setup.TrayForm.html	trayform	spbCopy	TSpeedButton	Copy From		68	dead/B				page/ht9045_trayform_q41.js:104 page/ht9045_trayform_q41.js:132					cTrayForm.dfm:11859	spbCopyClick	cTrayForm.cpp:692-713	17						clicked
Setup.SCK_ART.html	sckart	btnApplyQty	TSpeedButton	Apply QTY		56	dead/B									Automation/SCK_ART.dfm:159	btnApplyQtyClick	Automation/SCK_ART.cpp:1521-1530	5				Automation/SCK_ART.cpp:687 Visible=(bShowSetting&&AccessLevel>=Le		clicked
Setup.SCK_ART.html	sckart	btnApplyLotInfo	TSpeedButton	Apply Lot		56	dead/B									Automation/SCK_ART.dfm:620	btnApplyLotInfoClick	Automation/SCK_ART.cpp:1596-1606	6				Automation/SCK_ART.cpp:684 Visible=(bShowSetting&&AccessLevel>=Le		clicked
Setup.SCK_ART.html	sckart	btnApplyCount	TSpeedButton	Apply Count		56	dead/B									Automation/SCK_ART.dfm:1048	btnApplyCountClick	Automation/SCK_ART.cpp:723-798	30						clicked
Setup.SCK_ART.html	sckart	btnExit1	TSpeedButton	Exit		56	dead/A				cls.exitbtn@Setup.SCK_ART.html:86	ui:postMessage ui:toggle			ATC/ATCInterface.cpp ATC/ATCInterface.h	Automation/SCK_ART.dfm:1187	btnExitClick	Automation/SCK_ART.cpp:808-820	7						clicked
Setup.SCK_ART.html	sckart	btnApplySetting	TSpeedButton	Apply Setting		56	dead/B									Automation/SCK_ART.dfm:2020	btnApplySettingClick	Automation/SCK_ART.cpp:1532-1594	40						clicked
Setup.SCK_ART.html	sckart	btnExit	TSpeedButton	Exit		56	dead/A				cls.exitbtn@Setup.SCK_ART.html:86	ui:postMessage ui:toggle			ATC/ATCInterface.cpp ATC/ATCInterface.h	Automation/SCK_ART.dfm:2159	btnExitClick	Automation/SCK_ART.cpp:808-820	7						clicked
Setup.SCK_ART.html	sckart	btnDeleteLotInfo	TButton	Delete Lot Info		56	hidden(static)	1								Automation/SCK_ART.dfm:2564	btnDeleteLotInfoClick	Automation/SCK_ART.cpp:1391-1401	8		False				UNVERIFIED
Setup.SCK_ART.html	sckart	btnFTCTReset	TButton	Reset		56	hidden(static)	1								Automation/SCK_ART.dfm:2661	btnFTCTResetClick	Automation/SCK_ART.cpp:4349-4352	1		False		Automation/SCK_ART.cpp:710 Visible=true | Automation/SCK_ART.cpp:716 Visible=false		UNVERIFIED
Setup.YieldMonitoring.html	yieldmon	btnApply	TSpeedButton	Save		63	dead/A				page/ht9045_wire_yieldmonitoring.js:25 page/ht9045_wire_setupyieldmonitoring.js:115 page/ht9045_yieldmonitoring_c.js:40				Command.cpp FileRW/TestIF_File_QAMode.cpp FileRW/TestIF_File_QAMode.gen.inc FileRW/TestIF_File_YieldMonitoring.cpp	uYieldMonitoring.dfm:32	btnApplyClick	uYieldMonitoring.cpp:3064-3138	39			False	uYieldMonitoring.cpp:2607 Enabled=false | uYieldMonitoring.cpp:3123 Enabled=false | uYieldMonitoring.cpp:3149 Enabled=true | uYieldMonitoring.cpp:3193 Enabled=true +4		clicked ; dom:1
Setup.YieldMonitoring.html	yieldmon	btnOk	TSpeedButton	Exit		63	dead/A				cls.exitbtn@Setup.YieldMonitoring.html:93	ui:postMessage ui:toggle			forms/fQAMode.cpp forms/fQAMode.h	uYieldMonitoring.dfm:48	btnOkClick	uYieldMonitoring.cpp:3140-3145	3						clicked
Setup.YieldMonitoring.html	yieldmon	btnResetInterval	TButton	Reset Yield	tsNormal	63	hidden(static)	1			page/ht9045_yield_ev.js:260	form.event	form.event=yes	1	FileRW/TestIF_File_Cleaning.gen.inc FileRW/TestIF_File_YieldMonitoring.gen.inc	uYieldMonitoring.dfm:2350	btnResetIntervalClick	uYieldMonitoring.cpp:5966-5970	2						UNVERIFIED
Setup.HotPlate.html	hotplate	spbSave	TSpeedButton	Save		56	OK-cmd				page/ht9045_hotplate_wire.js:249 page/ht9045_wire_engine.js:2155				Automation/auto9045.cpp Command.cpp FileRW/AOISetup.cpp FileRW/AOISetup.gen.inc	cHotPlate.dfm:351	spbSaveClick	cHotPlate.cpp:440-474	21						clicked ; control.acquire ; dom:4 ; err:rejection c12 probe stub
Setup.HotPlate.html	hotplate	sbtExit	TSpeedButton	Exit		56	dead/A				cls.exitbtn@Setup.HotPlate.html:86	ui:postMessage ui:toggle			FileRW/Temperature.gen.inc FileRW/TestIF_File_BarCode.gen.inc FileRW/TestIF_File_SetUp.gen.inc OmronLaser/LaserSensor.cpp	cHotPlate.dfm:490	sbtExitClick	cHotPlate.cpp:627-631	2						clicked
Setup.SetUp.html	setup	btAutoShuttlePitch	TButton	Auto Shuttle Pitch		61	dead/B									cSetUp.dfm:709	btAutoShuttlePitchClick	cSetUp.cpp:4732-4736	1				cSetUp.cpp:2108 Visible=(AUTO_SENSOR_INSTALL==1)		clicked
Setup.SetUp.html	setup	sbUpdate	TSpeedButton	Save		61	dead/D				page/ht9045_wire_setupsetup.js:49 page/ht9045_setup_c_wire.js:431				Command.cpp FileRW/ShuttleMove.cpp FileRW/ShuttleMove.gen.inc FileRW/TestIF_File_SetUp.cpp	cSetUp.dfm:1152	sbUpdateClick	cSetUp.cpp:3468-3626	77	ADAM_WriteVoltage					clicked ; dom:1
Setup.SetUp.html	setup	sbtExit	TSpeedButton	Exit		61	dead/A				cls.exitbtn@Setup.SetUp.html:91 page/ht9045_setup_c_wire.js:394 page/ht9045_setup_c_wire.js:409	ui:postMessage ui:toggle		1	FileRW/Temperature.gen.inc FileRW/TestIF_File_BarCode.gen.inc FileRW/TestIF_File_SetUp.gen.inc OmronLaser/LaserSensor.cpp	cSetUp.dfm:1291	sbtExitClick	cSetUp.cpp:3452-3466	8						clicked
Setup.SetUp.html	setup	btnLUpToRDownN	TSpeedButton			61	OK-ui				page/ht9045_setup_sitemap.js:1173 page/ht9045_setup_c_wire.js:58				FileRW/TestIF_File_SetUp.cpp FileRW/TestIF_File_SetUp.gen.inc	cSetUp.dfm:1775	btnLUpToRDownNClick	cSetUp.cpp:4167-4290	64				cSetUp.cpp:1874 Visible=false | cSetUp.cpp:1881 Visible=true		clicked ; val:32
Setup.SetUp.html	setup	btnLUpToRDownZ	TSpeedButton			61	OK-ui				page/ht9045_setup_sitemap.js:1169 page/ht9045_setup_c_wire.js:58				FileRW/TestIF_File_SetUp.cpp FileRW/TestIF_File_SetUp.gen.inc	cSetUp.dfm:1879	btnLUpToRDownNClick	cSetUp.cpp:4167-4290	64				cSetUp.cpp:1875 Visible=false		clicked ; val:4
Setup.SetUp.html	setup	btnLDownToRUpZ	TSpeedButton			61	OK-ui				page/ht9045_setup_sitemap.js:1170 page/ht9045_setup_c_wire.js:58				FileRW/TestIF_File_SetUp.cpp FileRW/TestIF_File_SetUp.gen.inc	cSetUp.dfm:1982	btnLUpToRDownNClick	cSetUp.cpp:4167-4290	64				cSetUp.cpp:1876 Visible=false		clicked ; val:4
Setup.SetUp.html	setup	btnRUpToLDownZ	TSpeedButton			61	OK-ui				page/ht9045_setup_sitemap.js:1171 page/ht9045_setup_c_wire.js:58				FileRW/TestIF_File_SetUp.cpp FileRW/TestIF_File_SetUp.gen.inc	cSetUp.dfm:2086	btnLUpToRDownNClick	cSetUp.cpp:4167-4290	64				cSetUp.cpp:1877 Visible=false		clicked ; val:4
Setup.SetUp.html	setup	btnRDownToLUpZ	TSpeedButton			61	OK-ui				page/ht9045_setup_sitemap.js:1172 page/ht9045_setup_c_wire.js:58				FileRW/TestIF_File_SetUp.cpp FileRW/TestIF_File_SetUp.gen.inc	cSetUp.dfm:2190	btnLUpToRDownNClick	cSetUp.cpp:4167-4290	64				cSetUp.cpp:1878 Visible=false		clicked ; val:4
Setup.SetUp.html	setup	btnRUpToLDownN	TSpeedButton			61	dead/A				page/ht9045_setup_sitemap.js:1174 page/ht9045_setup_c_wire.js:58				FileRW/TestIF_File_SetUp.cpp FileRW/TestIF_File_SetUp.gen.inc	cSetUp.dfm:2294	btnLUpToRDownNClick	cSetUp.cpp:4167-4290	64				cSetUp.cpp:1879 Visible=false		clicked
Data.SmartDiagnostic.html	smartdiag	sb_SmarDiagnostic_CreateCyliderName	TSpeedButton	Create Initial Cylider Name	ts_SmartDiagnostic_Summary	70	greyed(probe)				page/ht9045_smartdiag_web.js:227 page/ht9045_smartdiag_web.js:234				SmartDiagnostic.cpp WebSmartDiag.cpp forms/fSmartDiagnostic.h	SmartDiagnostic.dfm:42	sb_SmarDiagnostic_CreateCyliderNameClick	SmartDiagnostic.cpp:594-623	20						greyed
Data.SmartDiagnostic.html	smartdiag	sb_SmartDiagnostic_ResetRecordCount	TSpeedButton	Reset Cylider Record	ts_SmartDiagnostic_Setup	70	greyed(probe)				page/ht9045_smartdiag_web.js:227 page/ht9045_smartdiag_web.js:235				WebSmartDiag.cpp forms/fSmartDiagnostic.cpp forms/fSmartDiagnostic.h	SmartDiagnostic.dfm:189	sb_SmartDiagnostic_ResetRecordCountClick	SmartDiagnostic.cpp:692-724	24						greyed
Data.SmartDiagnostic.html	smartdiag	sb_SmartDiagnostic_Setup	TSpeedButton	Setup		70	OK-ui				page/ht9045_smartdiag_web.js:239					SmartDiagnostic.dfm:470									clicked ; dom:3
Data.SmartDiagnostic.html	smartdiag	sb_SmartDiagnostic_Summary	TSpeedButton	Summary		70	OK-ui				page/ht9045_smartdiag_web.js:238					SmartDiagnostic.dfm:621									clicked ; dom:5
Data.SmartDiagnostic.html	smartdiag	sb_SmartDiagnostic_Exit	TSpeedButton	Exit		70	dead/C0				cls.exitbtn@Data.SmartDiagnostic.html:100	ui:postMessage ui:toggle				SmartDiagnostic.dfm:771									clicked
Data.SmartDiagnostic.html	smartdiag	sb_SmartDiagnostic_Save	TSpeedButton	Save		70	greyed(probe)				page/ht9045_smartdiag_web.js:227 page/ht9045_smartdiag_web.js:236					SmartDiagnostic.dfm:922									greyed
Data.StartCondition.html	startcond	spbExit	TSpeedButton	Exit		56	dead/A				cls.exitbtn@Data.StartCondition.html:88 page/ht9045_startcondition_c.js:175 page/ht9045_startcondition_c.js:178 page/ht9045_startcondition_c.js:182 page/ht9045_startcondition_c.js:330	ui:postMessage ui:toggle			FileRW/StartCondition.cpp FileRW/StartCondition.gen.inc WebBuilder.cpp cCounterClear.cpp	cStartCondition.dfm:21	spbExitClick	cStartCondition.cpp:670-689	16						clicked
Data.StartCondition.html	startcond	sbSameAsHead1	TSpeedButton	Same As Head 1	tsStartMode	56	dead/A				page/ht9045_startcondition_c.js:157				FileRW/StartCondition.cpp FileRW/StartCondition.gen.inc	cStartCondition.dfm:310	sbSameAsHead1Click	cStartCondition.cpp:590-605	10						clicked
Data.StartCondition.html	startcond	sbClearCount	TSpeedButton	Clear	tsStartMode	56	dead/A				page/ht9045_startcondition_c.js:158				FileRW/StartCondition.cpp FileRW/StartCondition.gen.inc forms/fLotInfo.cpp	cStartCondition.dfm:417	sbClearCountClick	cStartCondition.cpp:607-625	12						clicked
Data.StartCondition.html	startcond	sbSave	TSpeedButton	Save	tsStartMode	56	dead/A				page/ht9045_startcondition_c.js:175				FileRW/StartCondition.cpp FileRW/StartCondition.gen.inc	cStartCondition.dfm:524	sbSaveClick	cStartCondition.cpp:627-658	20						clicked
Data.StartCondition.html	startcond	btnClearAa	TButton	clear	tsLifeTime>TabsSocketID	56	dead/A								FileRW/StartCondition.cpp FileRW/StartCondition.gen.inc	cStartCondition.dfm:2122	btnClearAaClick	cStartCondition.cpp:1216-1232	11						clicked
Data.StartCondition.html	startcond	btnClearAb	TButton	clear	tsLifeTime>TabsSocketID	56	dead/A								FileRW/StartCondition.cpp FileRW/StartCondition.gen.inc	cStartCondition.dfm:2132	btnClearAaClick	cStartCondition.cpp:1216-1232	11						clicked
Data.StartCondition.html	startcond	btnClearAc	TButton	clear	tsLifeTime>TabsSocketID	56	dead/A								FileRW/StartCondition.cpp FileRW/StartCondition.gen.inc	cStartCondition.dfm:2142	btnClearAaClick	cStartCondition.cpp:1216-1232	11						clicked
Data.StartCondition.html	startcond	btnClearAd	TButton	clear	tsLifeTime>TabsSocketID	56	dead/A								FileRW/StartCondition.cpp FileRW/StartCondition.gen.inc	cStartCondition.dfm:2152	btnClearAaClick	cStartCondition.cpp:1216-1232	11						clicked
Data.StartCondition.html	startcond	btnClearAe	TButton	clear	tsLifeTime>TabsSocketID	56	dead/A								FileRW/StartCondition.cpp FileRW/StartCondition.gen.inc	cStartCondition.dfm:2162	btnClearAaClick	cStartCondition.cpp:1216-1232	11						clicked
Data.StartCondition.html	startcond	btnClearAf	TButton	clear	tsLifeTime>TabsSocketID	56	dead/A								FileRW/StartCondition.cpp FileRW/StartCondition.gen.inc	cStartCondition.dfm:2172	btnClearAaClick	cStartCondition.cpp:1216-1232	11						clicked
Data.StartCondition.html	startcond	btnClearAg	TButton	clear	tsLifeTime>TabsSocketID	56	dead/A								FileRW/StartCondition.cpp FileRW/StartCondition.gen.inc	cStartCondition.dfm:2182	btnClearAaClick	cStartCondition.cpp:1216-1232	11						clicked
Data.StartCondition.html	startcond	btnClearAh	TButton	clear	tsLifeTime>TabsSocketID	56	dead/A								FileRW/StartCondition.cpp FileRW/StartCondition.gen.inc	cStartCondition.dfm:2192	btnClearAaClick	cStartCondition.cpp:1216-1232	11						clicked
Data.StartCondition.html	startcond	btnClearBh	TButton	clear	tsLifeTime>TabsSocketID	56	dead/A								FileRW/StartCondition.cpp FileRW/StartCondition.gen.inc	cStartCondition.dfm:2202	btnClearAaClick	cStartCondition.cpp:1216-1232	11						clicked
Data.StartCondition.html	startcond	btnClearBg	TButton	clear	tsLifeTime>TabsSocketID	56	dead/A								FileRW/StartCondition.cpp FileRW/StartCondition.gen.inc	cStartCondition.dfm:2212	btnClearAaClick	cStartCondition.cpp:1216-1232	11						clicked
Data.StartCondition.html	startcond	btnClearBf	TButton	clear	tsLifeTime>TabsSocketID	56	dead/A								FileRW/StartCondition.cpp FileRW/StartCondition.gen.inc	cStartCondition.dfm:2222	btnClearAaClick	cStartCondition.cpp:1216-1232	11						clicked
Data.StartCondition.html	startcond	btnClearBe	TButton	clear	tsLifeTime>TabsSocketID	56	dead/A								FileRW/StartCondition.cpp FileRW/StartCondition.gen.inc	cStartCondition.dfm:2232	btnClearAaClick	cStartCondition.cpp:1216-1232	11						clicked
Data.StartCondition.html	startcond	btnClearBd	TButton	clear	tsLifeTime>TabsSocketID	56	dead/A								FileRW/StartCondition.cpp FileRW/StartCondition.gen.inc	cStartCondition.dfm:2242	btnClearAaClick	cStartCondition.cpp:1216-1232	11						clicked
Data.StartCondition.html	startcond	btnClearBc	TButton	clear	tsLifeTime>TabsSocketID	56	dead/A								FileRW/StartCondition.cpp FileRW/StartCondition.gen.inc	cStartCondition.dfm:2252	btnClearAaClick	cStartCondition.cpp:1216-1232	11						clicked
Data.StartCondition.html	startcond	btnClearBb	TButton	clear	tsLifeTime>TabsSocketID	56	dead/A								FileRW/StartCondition.cpp FileRW/StartCondition.gen.inc	cStartCondition.dfm:2262	btnClearAaClick	cStartCondition.cpp:1216-1232	11						clicked
Data.StartCondition.html	startcond	btnClearBa	TButton	clear	tsLifeTime>TabsSocketID	56	dead/A								FileRW/StartCondition.cpp FileRW/StartCondition.gen.inc	cStartCondition.dfm:2272	btnClearAaClick	cStartCondition.cpp:1216-1232	11						clicked
Data.StartCondition.html	startcond	btnClearCa	TButton	clear	tsLifeTime>TabsSocketID	56	dead/A								FileRW/StartCondition.cpp FileRW/StartCondition.gen.inc	cStartCondition.dfm:2282	btnClearAaClick	cStartCondition.cpp:1216-1232	11						clicked
Data.StartCondition.html	startcond	btnClearCb	TButton	clear	tsLifeTime>TabsSocketID	56	dead/A								FileRW/StartCondition.cpp FileRW/StartCondition.gen.inc	cStartCondition.dfm:2292	btnClearAaClick	cStartCondition.cpp:1216-1232	11						clicked
Data.StartCondition.html	startcond	btnClearCc	TButton	clear	tsLifeTime>TabsSocketID	56	dead/A								FileRW/StartCondition.cpp FileRW/StartCondition.gen.inc	cStartCondition.dfm:2302	btnClearAaClick	cStartCondition.cpp:1216-1232	11						clicked
Data.StartCondition.html	startcond	btnClearCd	TButton	clear	tsLifeTime>TabsSocketID	56	dead/A								FileRW/StartCondition.cpp FileRW/StartCondition.gen.inc	cStartCondition.dfm:2312	btnClearAaClick	cStartCondition.cpp:1216-1232	11						clicked
Data.StartCondition.html	startcond	btnClearCe	TButton	clear	tsLifeTime>TabsSocketID	56	dead/A								FileRW/StartCondition.cpp FileRW/StartCondition.gen.inc	cStartCondition.dfm:2322	btnClearAaClick	cStartCondition.cpp:1216-1232	11						clicked
Data.StartCondition.html	startcond	btnClearCf	TButton	clear	tsLifeTime>TabsSocketID	56	dead/A								FileRW/StartCondition.cpp FileRW/StartCondition.gen.inc	cStartCondition.dfm:2332	btnClearAaClick	cStartCondition.cpp:1216-1232	11						clicked
Data.StartCondition.html	startcond	btnClearCg	TButton	clear	tsLifeTime>TabsSocketID	56	dead/A								FileRW/StartCondition.cpp FileRW/StartCondition.gen.inc	cStartCondition.dfm:2342	btnClearAaClick	cStartCondition.cpp:1216-1232	11						clicked
Data.StartCondition.html	startcond	btnClearCh	TButton	clear	tsLifeTime>TabsSocketID	56	dead/A								FileRW/StartCondition.cpp FileRW/StartCondition.gen.inc	cStartCondition.dfm:2352	btnClearAaClick	cStartCondition.cpp:1216-1232	11						clicked
Data.StartCondition.html	startcond	btnClearDh	TButton	clear	tsLifeTime>TabsSocketID	56	dead/C0									cStartCondition.dfm:2362									clicked
Data.StartCondition.html	startcond	btnClearDg	TButton	clear	tsLifeTime>TabsSocketID	56	dead/A								FileRW/StartCondition.cpp FileRW/StartCondition.gen.inc	cStartCondition.dfm:2371	btnClearAaClick	cStartCondition.cpp:1216-1232	11						clicked
Data.StartCondition.html	startcond	btnClearDf	TButton	clear	tsLifeTime>TabsSocketID	56	dead/A								FileRW/StartCondition.cpp FileRW/StartCondition.gen.inc	cStartCondition.dfm:2381	btnClearAaClick	cStartCondition.cpp:1216-1232	11						clicked
Data.StartCondition.html	startcond	btnClearDe	TButton	clear	tsLifeTime>TabsSocketID	56	dead/A								FileRW/StartCondition.cpp FileRW/StartCondition.gen.inc	cStartCondition.dfm:2391	btnClearAaClick	cStartCondition.cpp:1216-1232	11						clicked
Data.StartCondition.html	startcond	btnClearDd	TButton	clear	tsLifeTime>TabsSocketID	56	dead/A								FileRW/StartCondition.cpp FileRW/StartCondition.gen.inc	cStartCondition.dfm:2401	btnClearAaClick	cStartCondition.cpp:1216-1232	11						clicked
Data.StartCondition.html	startcond	btnClearDc	TButton	clear	tsLifeTime>TabsSocketID	56	dead/A								FileRW/StartCondition.cpp FileRW/StartCondition.gen.inc	cStartCondition.dfm:2411	btnClearAaClick	cStartCondition.cpp:1216-1232	11						clicked
Data.StartCondition.html	startcond	btnClearDb	TButton	clear	tsLifeTime>TabsSocketID	56	dead/A								FileRW/StartCondition.cpp FileRW/StartCondition.gen.inc	cStartCondition.dfm:2421	btnClearAaClick	cStartCondition.cpp:1216-1232	11						clicked
Data.StartCondition.html	startcond	btnClearDa	TButton	clear	tsLifeTime>TabsSocketID	56	dead/A								FileRW/StartCondition.cpp FileRW/StartCondition.gen.inc	cStartCondition.dfm:2431	btnClearAaClick	cStartCondition.cpp:1216-1232	11						clicked
Data.StartCondition.html	startcond	sb_Maintenance_SmartDiagnosticFunction	TSpeedButton	Setup	tsLifeTime>tsSmartDiagnostic	58	dead/B				page/ht9045_startcondition_c.js:284 page/ht9045_startcondition_c.js:287	ui:postMessage				cStartCondition.dfm:2644	sb_Maintenance_SmartDiagnosticFunctionClick	cStartCondition.cpp:1080-1084	1						clicked
Data.StartCondition.html	startcond	btnOutArmE	TButton	clear	tsLifeTime>tsPickerLifeTime	58	dead/A								FileRW/StartCondition.cpp FileRW/StartCondition.gen.inc	cStartCondition.dfm:2916	btnOutArmAClick	cStartCondition.cpp:1139-1144	3						clicked
Data.StartCondition.html	startcond	btnOutArmA	TButton	clear	tsLifeTime>tsPickerLifeTime	58	dead/A								FileRW/StartCondition.cpp FileRW/StartCondition.gen.inc	cStartCondition.dfm:2926	btnOutArmAClick	cStartCondition.cpp:1139-1144	3						clicked
Data.StartCondition.html	startcond	btnOutArmC	TButton	clear	tsLifeTime>tsPickerLifeTime	58	dead/A								FileRW/StartCondition.cpp FileRW/StartCondition.gen.inc	cStartCondition.dfm:2935	btnOutArmAClick	cStartCondition.cpp:1139-1144	3						clicked
Data.StartCondition.html	startcond	btnOutArmG	TButton	clear	tsLifeTime>tsPickerLifeTime	58	dead/A								FileRW/StartCondition.cpp FileRW/StartCondition.gen.inc	cStartCondition.dfm:2945	btnOutArmAClick	cStartCondition.cpp:1139-1144	3						clicked
Data.StartCondition.html	startcond	btnOutArmH	TButton	clear	tsLifeTime>tsPickerLifeTime	58	dead/A								FileRW/StartCondition.cpp FileRW/StartCondition.gen.inc	cStartCondition.dfm:2955	btnOutArmAClick	cStartCondition.cpp:1139-1144	3						clicked
Data.StartCondition.html	startcond	btnOutArmF	TButton	clear	tsLifeTime>tsPickerLifeTime	58	dead/A								FileRW/StartCondition.cpp FileRW/StartCondition.gen.inc	cStartCondition.dfm:2965	btnOutArmAClick	cStartCondition.cpp:1139-1144	3						clicked
Data.StartCondition.html	startcond	btnOutArmD	TButton	clear	tsLifeTime>tsPickerLifeTime	58	dead/A								FileRW/StartCondition.cpp FileRW/StartCondition.gen.inc	cStartCondition.dfm:2975	btnOutArmAClick	cStartCondition.cpp:1139-1144	3						clicked
Data.StartCondition.html	startcond	btnOutArmB	TButton	clear	tsLifeTime>tsPickerLifeTime	58	dead/A								FileRW/StartCondition.cpp FileRW/StartCondition.gen.inc	cStartCondition.dfm:2985	btnOutArmAClick	cStartCondition.cpp:1139-1144	3						clicked
Data.StartCondition.html	startcond	btnInArmA	TButton	clear	tsLifeTime>tsPickerLifeTime	58	dead/A								FileRW/StartCondition.cpp FileRW/StartCondition.gen.inc	cStartCondition.dfm:3124	btnInArmAClick	cStartCondition.cpp:1132-1137	3						clicked
Data.StartCondition.html	startcond	btnInArmC	TButton	clear	tsLifeTime>tsPickerLifeTime	58	dead/A								FileRW/StartCondition.cpp FileRW/StartCondition.gen.inc	cStartCondition.dfm:3133	btnInArmAClick	cStartCondition.cpp:1132-1137	3						clicked
Data.StartCondition.html	startcond	btnInArmE	TButton	clear	tsLifeTime>tsPickerLifeTime	58	dead/A								FileRW/StartCondition.cpp FileRW/StartCondition.gen.inc	cStartCondition.dfm:3143	btnInArmAClick	cStartCondition.cpp:1132-1137	3						clicked
Data.StartCondition.html	startcond	btnInArmG	TButton	clear	tsLifeTime>tsPickerLifeTime	58	dead/A								FileRW/StartCondition.cpp FileRW/StartCondition.gen.inc	cStartCondition.dfm:3153	btnInArmAClick	cStartCondition.cpp:1132-1137	3						clicked
Data.StartCondition.html	startcond	btnInArmB	TButton	clear	tsLifeTime>tsPickerLifeTime	58	dead/A								FileRW/StartCondition.cpp FileRW/StartCondition.gen.inc	cStartCondition.dfm:3163	btnInArmAClick	cStartCondition.cpp:1132-1137	3						clicked
Data.StartCondition.html	startcond	btnInArmD	TButton	clear	tsLifeTime>tsPickerLifeTime	58	dead/A								FileRW/StartCondition.cpp FileRW/StartCondition.gen.inc	cStartCondition.dfm:3173	btnInArmAClick	cStartCondition.cpp:1132-1137	3						clicked
Data.StartCondition.html	startcond	btnInArmF	TButton	clear	tsLifeTime>tsPickerLifeTime	58	dead/A								FileRW/StartCondition.cpp FileRW/StartCondition.gen.inc	cStartCondition.dfm:3183	btnInArmAClick	cStartCondition.cpp:1132-1137	3						clicked
Data.StartCondition.html	startcond	btnInArmH	TButton	clear	tsLifeTime>tsPickerLifeTime	58	dead/A								FileRW/StartCondition.cpp FileRW/StartCondition.gen.inc	cStartCondition.dfm:3193	btnInArmAClick	cStartCondition.cpp:1132-1137	3						clicked
Data.StartCondition.html	startcond	btnArm2Aa	TButton	clear	tsLifeTime>tsPickerLifeTime	58	dead/A								FileRW/StartCondition.cpp FileRW/StartCondition.gen.inc	cStartCondition.dfm:3387	btnArm2AaClick	cStartCondition.cpp:1146-1151	3						clicked
Data.StartCondition.html	startcond	btnArm2Ab	TButton	clear	tsLifeTime>tsPickerLifeTime	58	dead/A								FileRW/StartCondition.cpp FileRW/StartCondition.gen.inc	cStartCondition.dfm:3396	btnArm2AaClick	cStartCondition.cpp:1146-1151	3						clicked
Data.StartCondition.html	startcond	btnArm2Ac	TButton	clear	tsLifeTime>tsPickerLifeTime	58	dead/A								FileRW/StartCondition.cpp FileRW/StartCondition.gen.inc	cStartCondition.dfm:3406	btnArm2AaClick	cStartCondition.cpp:1146-1151	3						clicked
Data.StartCondition.html	startcond	btnArm2Ad	TButton	clear	tsLifeTime>tsPickerLifeTime	58	dead/A								FileRW/StartCondition.cpp FileRW/StartCondition.gen.inc	cStartCondition.dfm:3416	btnArm2AaClick	cStartCondition.cpp:1146-1151	3						clicked
Data.StartCondition.html	startcond	btnArm2Ba	TButton	clear	tsLifeTime>tsPickerLifeTime	58	dead/A								FileRW/StartCondition.cpp FileRW/StartCondition.gen.inc	cStartCondition.dfm:3426	btnArm2AaClick	cStartCondition.cpp:1146-1151	3						clicked
Data.StartCondition.html	startcond	btnArm2Bb	TButton	clear	tsLifeTime>tsPickerLifeTime	58	dead/A								FileRW/StartCondition.cpp FileRW/StartCondition.gen.inc	cStartCondition.dfm:3436	btnArm2AaClick	cStartCondition.cpp:1146-1151	3						clicked
Data.StartCondition.html	startcond	btnArm2Bc	TButton	clear	tsLifeTime>tsPickerLifeTime	58	dead/A								FileRW/StartCondition.cpp FileRW/StartCondition.gen.inc	cStartCondition.dfm:3446	btnArm2AaClick	cStartCondition.cpp:1146-1151	3						clicked
Data.StartCondition.html	startcond	btnArm2Bd	TButton	clear	tsLifeTime>tsPickerLifeTime	58	dead/A								FileRW/StartCondition.cpp FileRW/StartCondition.gen.inc	cStartCondition.dfm:3456	btnArm2AaClick	cStartCondition.cpp:1146-1151	3						clicked
Data.StartCondition.html	startcond	btnArm2Ae	TButton	clear	tsLifeTime>tsPickerLifeTime	58	dead/A								FileRW/StartCondition.cpp FileRW/StartCondition.gen.inc	cStartCondition.dfm:3530	btnArm2AaClick	cStartCondition.cpp:1146-1151	3						clicked
Data.StartCondition.html	startcond	btnArm2Af	TButton	clear	tsLifeTime>tsPickerLifeTime	58	dead/A								FileRW/StartCondition.cpp FileRW/StartCondition.gen.inc	cStartCondition.dfm:3540	btnArm2AaClick	cStartCondition.cpp:1146-1151	3						clicked
Data.StartCondition.html	startcond	btnArm2Ag	TButton	clear	tsLifeTime>tsPickerLifeTime	58	dead/A								FileRW/StartCondition.cpp FileRW/StartCondition.gen.inc	cStartCondition.dfm:3550	btnArm2AaClick	cStartCondition.cpp:1146-1151	3						clicked
Data.StartCondition.html	startcond	btnArm2Ah	TButton	clear	tsLifeTime>tsPickerLifeTime	58	dead/A								FileRW/StartCondition.cpp FileRW/StartCondition.gen.inc	cStartCondition.dfm:3560	btnArm2AaClick	cStartCondition.cpp:1146-1151	3						clicked
Data.StartCondition.html	startcond	btnArm2Be	TButton	clear	tsLifeTime>tsPickerLifeTime	58	dead/A								FileRW/StartCondition.cpp FileRW/StartCondition.gen.inc	cStartCondition.dfm:3570	btnArm2AaClick	cStartCondition.cpp:1146-1151	3						clicked
Data.StartCondition.html	startcond	btnArm2Bf	TButton	clear	tsLifeTime>tsPickerLifeTime	58	dead/A								FileRW/StartCondition.cpp FileRW/StartCondition.gen.inc	cStartCondition.dfm:3580	btnArm2AaClick	cStartCondition.cpp:1146-1151	3						clicked
Data.StartCondition.html	startcond	btnArm2Bg	TButton	clear	tsLifeTime>tsPickerLifeTime	58	dead/A								FileRW/StartCondition.cpp FileRW/StartCondition.gen.inc	cStartCondition.dfm:3590	btnArm2AaClick	cStartCondition.cpp:1146-1151	3						clicked
Data.StartCondition.html	startcond	btnArm2Bh	TButton	clear	tsLifeTime>tsPickerLifeTime	58	dead/A								FileRW/StartCondition.cpp FileRW/StartCondition.gen.inc	cStartCondition.dfm:3600	btnArm2AaClick	cStartCondition.cpp:1146-1151	3						clicked
Data.StartCondition.html	startcond	btnArm1Aa	TButton	clear	tsLifeTime>tsPickerLifeTime	58	dead/A								FileRW/StartCondition.cpp FileRW/StartCondition.gen.inc	cStartCondition.dfm:3803	btnArm1AaClick	cStartCondition.cpp:1153-1158	3						clicked
Data.StartCondition.html	startcond	btnArm1Ab	TButton	clear	tsLifeTime>tsPickerLifeTime	58	dead/A								FileRW/StartCondition.cpp FileRW/StartCondition.gen.inc	cStartCondition.dfm:3812	btnArm1AaClick	cStartCondition.cpp:1153-1158	3						clicked
Data.StartCondition.html	startcond	btnArm1Ac	TButton	clear	tsLifeTime>tsPickerLifeTime	58	dead/A								FileRW/StartCondition.cpp FileRW/StartCondition.gen.inc	cStartCondition.dfm:3822	btnArm1AaClick	cStartCondition.cpp:1153-1158	3						clicked
Data.StartCondition.html	startcond	btnArm1Ad	TButton	clear	tsLifeTime>tsPickerLifeTime	58	dead/A								FileRW/StartCondition.cpp FileRW/StartCondition.gen.inc	cStartCondition.dfm:3832	btnArm1AaClick	cStartCondition.cpp:1153-1158	3						clicked
Data.StartCondition.html	startcond	btnArm1Ba	TButton	clear	tsLifeTime>tsPickerLifeTime	58	dead/A								FileRW/StartCondition.cpp FileRW/StartCondition.gen.inc	cStartCondition.dfm:3842	btnArm1AaClick	cStartCondition.cpp:1153-1158	3						clicked
Data.StartCondition.html	startcond	btnArm1Bb	TButton	clear	tsLifeTime>tsPickerLifeTime	58	dead/A								FileRW/StartCondition.cpp FileRW/StartCondition.gen.inc	cStartCondition.dfm:3852	btnArm1AaClick	cStartCondition.cpp:1153-1158	3						clicked
Data.StartCondition.html	startcond	btnArm1Bc	TButton	clear	tsLifeTime>tsPickerLifeTime	58	dead/A								FileRW/StartCondition.cpp FileRW/StartCondition.gen.inc	cStartCondition.dfm:3862	btnArm1AaClick	cStartCondition.cpp:1153-1158	3						clicked
Data.StartCondition.html	startcond	btnArm1Bd	TButton	clear	tsLifeTime>tsPickerLifeTime	58	dead/A								FileRW/StartCondition.cpp FileRW/StartCondition.gen.inc	cStartCondition.dfm:3872	btnArm1AaClick	cStartCondition.cpp:1153-1158	3						clicked
Data.StartCondition.html	startcond	btnArm1Ae	TButton	clear	tsLifeTime>tsPickerLifeTime	58	dead/A								FileRW/StartCondition.cpp FileRW/StartCondition.gen.inc	cStartCondition.dfm:3946	btnArm1AaClick	cStartCondition.cpp:1153-1158	3						clicked
Data.StartCondition.html	startcond	btnArm1Af	TButton	clear	tsLifeTime>tsPickerLifeTime	58	dead/A								FileRW/StartCondition.cpp FileRW/StartCondition.gen.inc	cStartCondition.dfm:3956	btnArm1AaClick	cStartCondition.cpp:1153-1158	3						clicked
Data.StartCondition.html	startcond	btnArm1Ag	TButton	clear	tsLifeTime>tsPickerLifeTime	58	dead/A								FileRW/StartCondition.cpp FileRW/StartCondition.gen.inc	cStartCondition.dfm:3966	btnArm1AaClick	cStartCondition.cpp:1153-1158	3						clicked
Data.StartCondition.html	startcond	btnArm1Ah	TButton	clear	tsLifeTime>tsPickerLifeTime	58	dead/A								FileRW/StartCondition.cpp FileRW/StartCondition.gen.inc	cStartCondition.dfm:3976	btnArm1AaClick	cStartCondition.cpp:1153-1158	3						clicked
Data.StartCondition.html	startcond	btnArm1Be	TButton	clear	tsLifeTime>tsPickerLifeTime	58	dead/A								FileRW/StartCondition.cpp FileRW/StartCondition.gen.inc	cStartCondition.dfm:3986	btnArm1AaClick	cStartCondition.cpp:1153-1158	3						clicked
Data.StartCondition.html	startcond	btnArm1Bf	TButton	clear	tsLifeTime>tsPickerLifeTime	58	dead/A								FileRW/StartCondition.cpp FileRW/StartCondition.gen.inc	cStartCondition.dfm:3996	btnArm1AaClick	cStartCondition.cpp:1153-1158	3						clicked
Data.StartCondition.html	startcond	btnArm1Bg	TButton	clear	tsLifeTime>tsPickerLifeTime	58	dead/A								FileRW/StartCondition.cpp FileRW/StartCondition.gen.inc	cStartCondition.dfm:4006	btnArm1AaClick	cStartCondition.cpp:1153-1158	3						clicked
Data.StartCondition.html	startcond	btnArm1Bh	TButton	clear	tsLifeTime>tsPickerLifeTime	58	dead/A								FileRW/StartCondition.cpp FileRW/StartCondition.gen.inc	cStartCondition.dfm:4016	btnArm1AaClick	cStartCondition.cpp:1153-1158	3						clicked
Data.StartCondition.html	startcond	sbHeadCondition1Clear	TSpeedButton	Clear	tsLifeTime	58	dead/A				page/ht9045_startcondition_c.js:159				FileRW/StartCondition.cpp FileRW/StartCondition.gen.inc	cStartCondition.dfm:4089	sbHeadCondition1ClearClick	cStartCondition.cpp:691-758	41						clicked
Data.StartCondition.html	startcond	sbHeadCondition1Save	TSpeedButton	Save	tsLifeTime	58	dead/A				page/ht9045_startcondition_c.js:175				FileRW/StartCondition.cpp FileRW/StartCondition.gen.inc	cStartCondition.dfm:4196	sbHeadCondition1SaveClick	cStartCondition.cpp:926-974	31						clicked
Data.StartCondition.html	startcond	btnSetOffsetLimit	TButton	set limit to all	tsFunction	58	dead/B				page/ht9045_startcondition_c.js:283	ui:postMessage				cStartCondition.dfm:4377	btnSetOffsetLimitClick	cStartCondition.cpp:1234-1249	11						clicked
Setup.Temp_Set.html	tempset	spbSave	TSpeedButton	Save		70	dead/A				page/ht9045_wire_engine.js:2155				Automation/auto9045.cpp Command.cpp FileRW/AOISetup.cpp FileRW/AOISetup.gen.inc	uTemp_Set.dfm:31	spbSaveClick	uTemp_Set.cpp:4201-4528	167						clicked ; dom:1
Setup.Temp_Set.html	tempset	sbtExit	TSpeedButton	Exit		70	dead/A				cls.exitbtn@Setup.Temp_Set.html:100 page/ht9045_temp_set_ts1.js:430 page/ht9045_temp_set_ts1.js:437 page/ht9045_temp_set_ts1.js:455	ui:postMessage ui:toggle		1	FileRW/Temperature.gen.inc FileRW/TestIF_File_BarCode.gen.inc FileRW/TestIF_File_SetUp.gen.inc OmronLaser/LaserSensor.cpp	uTemp_Set.dfm:170	sbtExitClick	uTemp_Set.cpp:5101-5124	15						clicked
Setup.Temp_Set.html	tempset	btnDefrostStart	TButton	Start	tsTriTempSet	70	dead/A								forms/fTemp_Set.h uTemp_Set.cpp	uTemp_Set.dfm:4232	btnDefrostStartClick	uTemp_Set.cpp:6729-6768	20				uTemp_Set.cpp:6717 Enabled=false | uTemp_Set.cpp:6723 Enabled=true | TempCtrl/TriTemp.cpp:528 Enabled=false | TempCtrl/TriTemp.cpp:569 Enabled=true +1		clicked
Setup.Temp_Set.html	tempset	btnDefrostEnd	TButton	End	tsTriTempSet	70	dead/A								forms/fTemp_Set.h uTemp_Set.cpp	uTemp_Set.dfm:4247	btnDefrostEndClick	uTemp_Set.cpp:6770-6776	3				uTemp_Set.cpp:6718 Enabled=true | uTemp_Set.cpp:6724 Enabled=false | TempCtrl/TriTemp.cpp:529 Enabled=true | TempCtrl/TriTemp.cpp:570 Enabled=false +1		clicked
Setup.Temp_Set.html	tempset	btn_DefrostAllUseStart	TButton	All Use Start	tsTriTempSet	70	dead/A								forms/fTemp_Set.h uTemp_Set.cpp	uTemp_Set.dfm:4291	btn_DefrostAllUseStartClick	uTemp_Set.cpp:6936-6943	4				TempCtrl/TriTemp.cpp:690 Enabled=true		clicked
Setup.Temp_Set.html	tempset	btn_DefrostAllUseEnd	TButton	All Use End	tsTriTempSet	70	dead/A								forms/fTemp_Set.h uTemp_Set.cpp	uTemp_Set.dfm:4306	btn_DefrostAllUseEndClick	uTemp_Set.cpp:6951-6956	3				TempCtrl/TriTemp.cpp:691 Enabled=false		clicked
Setup.Temp_Set.html	tempset	sbSafeTestATC	TSpeedButton	Self Test Atc	tsATC	70	hidden(static)	1							forms/fTemp_Set.h uTemp_Set.cpp	uTemp_Set.dfm:6778	sbSafeTestATCClick	uTemp_Set.cpp:5550-5553	1		False	False	main.cpp:12634 Enabled=true | main.cpp:12638 Enabled=false | main.cpp:12646 Enabled=true | main.cpp:12650 Enabled=false +3		UNVERIFIED
Setup.Temp_Set.html	tempset	btnSameAsArm1	TButton	Same as Arm1	tsATC_FFC	70	dead/A				Setup.Temp_Set.html:385				forms/fTemp_Set.h uTemp_Set.cpp	uTemp_Set.dfm:8949	btnSameAsArm1Click	uTemp_Set.cpp:6177-6186	7						clicked
Setup.Temp_Set.html	tempset	btClearAll	TButton	Clear All		70	dead/A				Setup.Temp_Set.html:385 Setup.Temp_Set.html:385				forms/fTemp_Set.h uTemp_Set.cpp	uTemp_Set.dfm:10228	btClearAllClick	uTemp_Set.cpp:5126-5135	7				uTemp_Set.cpp:448 Enabled=true | uTemp_Set.cpp:688 Visible=false | uTemp_Set.cpp:712 Visible=false | uTemp_Set.cpp:723 Visible=fSecurity->Insufficient(17,fal +5		clicked
Setup.Temp_Set.html	tempset	btnSort	TSpeedButton	Sort by Col		70	hidden(static)	1							forms/fTemp_Set.h uTemp_Set.cpp	uTemp_Set.dfm:10434	btnSortClick	uTemp_Set.cpp:5764-5781	7		False		uTemp_Set.cpp:952 Visible=false | uTemp_Set.cpp:5177 Visible=(CosFunction.bUseOldATCTempOff		UNVERIFIED
Setup.BinSel.html	binsel	btnAutoHide	(web-only)	自動隱藏停用列		84	dead/?				page/ht9045_binsel_wire.js:485 page/ht9045_binsel_wire.js:634	ui:toggle													clicked ; dom:1
Setup.BinSel.html	binsel	spbSave	(web-only)	💾Save		106	dead/A				page/ht9045_wire_engine.js:2155 page/ht9045_binsel_wire.js:674	ui:postMessage			Automation/auto9045.cpp Command.cpp FileRW/AOISetup.cpp FileRW/AOISetup.gen.inc	cBinSel.dfm:495	spbSaveClick	cBinSel.cpp:2214-2272	30						clicked ; dom:1
Setup.BinSel.html	binsel	btnSetAll2NotUse	(web-only)	Set all to not use		113	dead/A				page/ht9045_binsel_wire.js:643	ui:postMessage			cBinSel.cpp forms/fBinSel.h	cBinSel.dfm:967	btnSetAll2NotUseClick	cBinSel.cpp:6372-6378	4				cBinSel.cpp:1980 Visible=false		clicked ; dom:2
Setup.BinSel.html	binsel	btnSettingSpecificBin	(web-only)	Specific Bin		114	dead/A				page/ht9045_binsel_wire.js:652	ui:postMessage			FileRW/BinSelect.cpp FileRW/BinSelect.gen.inc cBinSel.cpp forms/fBinSel.h	cBinSel.dfm:733	btnSettingSpecificBinClick	cBinSel.cpp:6118-6131	7				cBinSel.cpp:1880 Visible=true | cBinSel.cpp:1893 Visible=false		clicked ; dom:1
Setup.BinSel.html	binsel	spbAOIBin	(web-only)	AOI Bin		141	dead/?				page/ht9045_binsel_wire.js:676	ui:postMessage				cBinSel.dfm:1084							cBinSel.cpp:1985 Visible=true | cBinSel.cpp:1989 Visible=false		clicked ; dom:1
Setup.BinSel.html	binsel	spbNormal	(web-only)	Normal		142	dead/A				page/ht9045_binsel_wire.js:676	ui:postMessage			FileRW/BinSelect.cpp FileRW/BinSelect.gen.inc	cBinSel.dfm:700	spbNormalClick	cBinSel.cpp:2761-2781	11		False		cBinSel.cpp:6014 Visible=true | cBinSel.cpp:6038 Visible=false		clicked ; dom:1
Setup.BinSel.html	binsel	spbPrime	(web-only)	Prime		143	dead/A				page/ht9045_binsel_wire.js:676	ui:postMessage			FileRW/BinSelect.cpp FileRW/BinSelect.gen.inc	cBinSel.dfm:710	spbPrimeClick	cBinSel.cpp:2783-2803	11		False		cBinSel.cpp:6015 Visible=true | cBinSel.cpp:6039 Visible=false		clicked ; dom:1
Setup.BinSel.html	binsel	sbtExit	(web-only)	✕Exit		144	dead/A				page/ht9045_binsel_wire.js:675	ui:postMessage			FileRW/Temperature.gen.inc FileRW/TestIF_File_BarCode.gen.inc FileRW/TestIF_File_SetUp.gen.inc OmronLaser/LaserSensor.cpp	cBinSel.dfm:634	sbtExitClick	cBinSel.cpp:2755-2759	2						clicked
HW.teach.html	teach	btnMoveP	TSpeedButton	Move +		69	OK-cmd				HW.teach.html:805 HW.teach.html:805 page/ht9045_teach_lock_c.js:17 JSON/js/motor-access.js:2	ui:HT_WIN				uteach.dfm:58	btnMovePClick	uteach.cpp:2104-2131	15	MOT[].Gali_MovePR MOT[].MotorMove			uteach.cpp:5325 Enabled=!bLock		clicked ; control.takeover ; motor.access(MInArmX) ; control.acquire ; motor.access(MInArmX) ; dom:6112
HW.teach.html	teach	btnMoveN	TSpeedButton	Move -		69	OK-cmd				HW.teach.html:806 HW.teach.html:806 page/ht9045_teach_lock_c.js:17 JSON/js/motor-access.js:2					uteach.dfm:113	btnMoveNClick	uteach.cpp:2205-2232	15	MOT[].Gali_MovePR MOT[].MotorMove			uteach.cpp:5324 Enabled=!bLock		clicked ; control.takeover ; motor.access(MInArmX) ; control.acquire ; motor.access ; dom:6151
HW.teach.html	teach	btnHome	TSpeedButton	HOME		69	OK-cmd				HW.teach.html:502 HW.teach.html:691 HW.teach.html:758 HW.teach.html:809 HW.teach.html:812 HW.teach.html:813 +5				forms/fMotorTest.h	uteach.dfm:169	btnHomeClick	uteach.cpp:2133-2198	37	MOT[].ServoOnOff StopAllMotor			uteach.cpp:5326 Enabled=!bLock		clicked ; control.takeover ; motor.access(MInArmX) ; dom:6112
HW.teach.html	teach	btnSetTo	TSpeedButton	SET TO		69	OK-cmd				HW.teach.html:852 HW.teach.html:858 JSON/js/motor-access.js:2				forms/fTeach.cpp forms/fTeach.h	uteach.dfm:433	btnSetToClick	uteach.cpp:2098-2102	2						clicked ; control.acquire ; motor.access(MInArmX) ; dom:24
HW.teach.html	teach	btnSetToOffset	TSpeedButton	SET TO		69	OK-ui				HW.teach.html:860 HW.teach.html:870 JSON/js/motor-access.js:2				forms/fTeach.cpp forms/fTeach.h	uteach.dfm:500	btnSetToOffsetClick	uteach.cpp:2200-2203	1						clicked ; dom:43
HW.teach.html	teach	btnMoveTo	TSpeedButton	Move		69	OK-cmd				HW.teach.html:807 HW.teach.html:807 page/ht9045_teach_lock_c.js:17 JSON/js/motor-access.js:2					uteach.dfm:579	btnMoveToClick	uteach.cpp:2391-2407	8	MOT[].Gali_MotMove MOT[].MotorMove			uteach.cpp:5327 Enabled=!bLock		clicked ; control.takeover ; motor.access(MInArmX) ; control.acquire ; motor.access ; dom:6130
HW.teach.html	teach	btnMotorTest	TSpeedButton	Motor Tools		69	OK-ui				HW.teach.html:1235	ui:postMessage				uteach.dfm:700	btnMotorTestClick	uteach.cpp:2436-2440	2						clicked ; dom:21
HW.teach.html	teach	btnIO	TSpeedButton	IO Check		69	greyed(probe)			HW.teach.html:189						uteach.dfm:769	btnIOClick	uteach.cpp:2942-2946	2						greyed
HW.teach.html	teach	btnServo	TSpeedButton	Servo		69	OK-cmd				HW.teach.html:836 HW.teach.html:836 JSON/js/motor-access.js:2					uteach.dfm:894	btnServoClick	uteach.cpp:4287-4293	3	MOT[].ServoOnOff					clicked ; control.takeover ; motor.access(MInArmX) ; dom:48
HW.teach.html	teach	btnAlarmReset	(web-only)	Alarm Reset		69	OK-cmd			HW.teach.html:844	HW.teach.html:843 HW.teach.html:845 HW.teach.html:848 JSON/js/motor-access.js:2 JSON/js/motor-access.js:2														clicked ; control.takeover ; motor.access(MInArmX) ; control.acquire ; motor.access(MInArmX) ; dom:48
HW.teach.html	teach	btnHomeAll	(web-only)	Home All		69	OK-cmd				page/ht9045_teach_homeall_c.js:15 JSON/js/motor-access.js:2														clicked ; control.takeover ; motor.access(MInArmX) ; dom:6111
HW.teach.html	teach	btnJogN	TSpeedButton	JOG N		69	OK-cmd				HW.teach.html:802 HW.teach.html:802 HW.teach.html:803 HW.teach.html:803 JSON/js/motor-access.js:2	ui:HT_WIN				uteach.dfm:1041									clicked ; control.acquire ; motor.access ; control.takeover ; motor.access(MInArmX) ; motor.stop(MInArmX) ; dom:6108
HW.teach.html	teach	btnJogP	TSpeedButton	JOG P		69	OK-cmd				HW.teach.html:800 HW.teach.html:800 HW.teach.html:801 HW.teach.html:801 JSON/js/motor-access.js:2	ui:HT_WIN				uteach.dfm:1097									clicked ; control.acquire ; motor.access(MInArmX) ; control.takeover ; motor.access(MInArmX) ; motor.stop(MInArmX) ; dom:6129
HW.teach.html	teach	btnStop	TSpeedButton	STOP		69	OK-cmd				HW.teach.html:818 HW.teach.html:818 page/ht9045_teach_armcell.js:341 JSON/js/teach-access.js:2 JSON/js/motor-access.js:2 JSON/js/motor-access.js:2	ui:HT_WIN			forms/fMotorTest.h	uteach.dfm:1296	btnStopClick	uteach.cpp:2948-2954	4	StopAllMotor					clicked ; motor.stop(MInArmX) ; dom:27
HW.teach.html	teach	SetButton064	TSpeedButton	Arm1 Y	tsIndex	69	OK-cmd				JSON/js/teach-access.js:2 JSON/js/teach-access.js:2					uteach.dfm:1458	SetButton064Click	uteach.cpp:3650-3695	29	MOT[].ServoOnOff			uteach.cpp:1431 Visible=true		clicked ; control.takeover ; motor.access(MInArmX) ; dom:56
HW.teach.html	teach	SetButton065	TSpeedButton	Arm2 Y	tsIndex	69	OK-cmd				JSON/js/teach-access.js:2 JSON/js/teach-access.js:2					uteach.dfm:1473	SetButton064Click	uteach.cpp:3650-3695	29	MOT[].ServoOnOff			uteach.cpp:1433 Visible=true		clicked ; control.takeover ; motor.access(MInArmX) ; control.acquire ; motor.access ; dom:56
HW.teach.html	teach	SetButton066	TSpeedButton	In Sht Z	tsIndex	69	OK-cmd				JSON/js/teach-access.js:2					uteach.dfm:1488	SetButton140Click	uteach.cpp:3360-3399	23	MOT[].ServoOnOff					clicked ; control.takeover ; motor.access(MInArmX) ; dom:33
HW.teach.html	teach	SetButton067	TSpeedButton	Arm2 Z	tsIndex	69	OK-cmd				JSON/js/teach-access.js:2					uteach.dfm:1502	SetButton140Click	uteach.cpp:3360-3399	23	MOT[].ServoOnOff					clicked ; control.takeover ; motor.access(MInArmX) ; dom:53
HW.teach.html	teach	SetButton068	TSpeedButton	Wait Test Z Down	tsIndex	69	OK-cmd				JSON/js/teach-access.js:2 JSON/js/teach-access.js:2 JSON/js/teach-access.js:2 JSON/js/teach-access.js:2 JSON/js/teach-access.js:2					uteach.dfm:1517	SetButton140Click	uteach.cpp:3360-3399	23	MOT[].ServoOnOff					clicked ; control.takeover ; motor.access(MInArmX) ; dom:60
HW.teach.html	teach	SetButton069	TSpeedButton	Test Z Safe Poision	tsIndex	69	OK-cmd				JSON/js/teach-access.js:2 JSON/js/teach-access.js:2					uteach.dfm:1534	SetButton140Click	uteach.cpp:3360-3399	23	MOT[].ServoOnOff					clicked ; control.takeover ; motor.access(MInArmX) ; control.acquire ; motor.access ; dom:62
HW.teach.html	teach	GoButton064	TSpeedButton	GO	tsIndex	69	OK-cmd				JSON/js/teach-access.js:2 JSON/js/teach-access.js:2					uteach.dfm:1551	GoButton020Click	uteach.cpp:3559-3623	37	MOT[].Gali_MotMove MOT[].MotorMove			uteach.cpp:1432 Visible=true		clicked ; control.takeover ; motor.access(MInArmX) ; dom:6118
HW.teach.html	teach	GoButton065	TSpeedButton	GO	tsIndex	69	OK-cmd				JSON/js/teach-access.js:2 JSON/js/teach-access.js:2					uteach.dfm:1560	GoButton020Click	uteach.cpp:3559-3623	37	MOT[].Gali_MotMove MOT[].MotorMove			uteach.cpp:1434 Visible=true		clicked ; control.takeover ; motor.access(MInArmX) ; dom:6140
HW.teach.html	teach	GoButton066	TSpeedButton	GO	tsIndex	69	OK-cmd				JSON/js/teach-access.js:2					uteach.dfm:1569	GoButton140Click	uteach.cpp:3401-3472	40	MOT[].Gali_MotMove MOT[].MotorMove					clicked ; control.takeover ; motor.access(MInArmX) ; dom:6117
HW.teach.html	teach	GoButton067	TSpeedButton	GO	tsIndex	69	OK-cmd				JSON/js/teach-access.js:2					uteach.dfm:1577	GoButton140Click	uteach.cpp:3401-3472	40	MOT[].Gali_MotMove MOT[].MotorMove					clicked ; control.takeover ; motor.access(MInArmX) ; dom:6116
HW.teach.html	teach	GoButton068	TSpeedButton	Go	tsIndex	69	OK-cmd				JSON/js/teach-access.js:2 JSON/js/teach-access.js:2 JSON/js/teach-access.js:2 JSON/js/teach-access.js:2 JSON/js/teach-access.js:2					uteach.dfm:1586	GoButton140Click	uteach.cpp:3401-3472	40	MOT[].Gali_MotMove MOT[].MotorMove					clicked ; control.acquire ; motor.access ; control.takeover ; motor.access(MInArmX) ; dom:6144
HW.teach.html	teach	GoButton069	TSpeedButton	Go	tsIndex	69	OK-cmd				JSON/js/teach-access.js:2 JSON/js/teach-access.js:2					uteach.dfm:1595	GoButton140Click	uteach.cpp:3401-3472	40	MOT[].Gali_MotMove MOT[].MotorMove					clicked ; control.takeover ; motor.access(MInArmX) ; dom:6146
HW.teach.html	teach	btnRecordY1	TSpeedButton	Record	tsIndex	69	hidden(static)	1							forms/fTeach.cpp forms/fTeach.h	uteach.dfm:1604	btnRecordY1Click	uteach.cpp:3697-3700	1		False				UNVERIFIED
HW.teach.html	teach	btnRecordY2	TSpeedButton	Record	tsIndex	69	hidden(static)	1							forms/fTeach.cpp forms/fTeach.h	uteach.dfm:1614	btnRecordY1Click	uteach.cpp:3697-3700	1		False				UNVERIFIED
HW.teach.html	teach	btnRecordZ2	TSpeedButton	Record	tsIndex	69	hidden(static)	1							forms/fTeach.cpp forms/fTeach.h	uteach.dfm:1624	btnRecordY1Click	uteach.cpp:3697-3700	1		False				UNVERIFIED
HW.teach.html	teach	btnRecordZ1	TSpeedButton	Record	tsIndex	69	hidden(static)	1							forms/fTeach.cpp forms/fTeach.h	uteach.dfm:1634	btnRecordY1Click	uteach.cpp:3697-3700	1		False				UNVERIFIED
HW.teach.html	teach	SetButton070	TSpeedButton	Arm1 Y	tsIndex	69	hidden(probe)			HW.teach.html:200						uteach.dfm:1644	SetButton064Click	uteach.cpp:3650-3695	29	MOT[].ServoOnOff			uteach.cpp:1427 Visible=false		not-visible
HW.teach.html	teach	GoButton070	TSpeedButton	GO	tsIndex	69	hidden(probe)			HW.teach.html:201						uteach.dfm:1659	GoButton020Click	uteach.cpp:3559-3623	37	MOT[].Gali_MotMove MOT[].MotorMove			uteach.cpp:1428 Visible=false		not-visible
HW.teach.html	teach	SetButton071	TSpeedButton	Arm2 Y	tsIndex	69	hidden(probe)			HW.teach.html:202						uteach.dfm:1668	SetButton064Click	uteach.cpp:3650-3695	29	MOT[].ServoOnOff			uteach.cpp:1429 Visible=false		not-visible
HW.teach.html	teach	GoButton071	TSpeedButton	GO	tsIndex	69	hidden(probe)			HW.teach.html:203						uteach.dfm:1683	GoButton020Click	uteach.cpp:3559-3623	37	MOT[].Gali_MotMove MOT[].MotorMove			uteach.cpp:1430 Visible=false		not-visible
HW.teach.html	teach	btnArm1YServo	TButton	Server ON	tsIndex	69	OK-cmd				page/ht9045_teach_zallup_c.js:45 page/ht9045_teach_zallup_c.js:45 page/ht9045_teach_zallup_c.js:46 page/ht9045_teach_zallup_c.js:49 JSON/js/motor-access.js:2					uteach.dfm:1705	btnArm1YServoClick	uteach.cpp:2919-2940	13						clicked ; control.takeover ; motor.access(MInArmX) ; dom:28
HW.teach.html	teach	btnZ1Servo	TButton	Server ON	tsIndex	69	OK-cmd				page/ht9045_teach_zallup_c.js:43 page/ht9045_teach_zallup_c.js:43 page/ht9045_teach_zallup_c.js:49 JSON/js/motor-access.js:2					uteach.dfm:1715	btnZ1ServoClick	uteach.cpp:4253-4268	9						clicked ; control.takeover ; motor.access(MInArmX) ; dom:48
HW.teach.html	teach	btnSetIndex1OutShtZ	TSpeedButton	Out Sht Z	tsIndex	69	hidden(static)	1			page/ht9045_teach_3axes_c.js:40 JSON/js/teach-access.js:2														UNVERIFIED
HW.teach.html	teach	btnGoIndex1OutShtZ	TSpeedButton	GO	tsIndex	69	hidden(static)	1			page/ht9045_teach_3axes_c.js:40 JSON/js/teach-access.js:2														UNVERIFIED
HW.teach.html	teach	btnArm2YServo	TButton	Server ON	tsIndex	69	OK-cmd				page/ht9045_teach_zallup_c.js:45 page/ht9045_teach_zallup_c.js:46 page/ht9045_teach_zallup_c.js:46 page/ht9045_teach_zallup_c.js:49 JSON/js/motor-access.js:2					uteach.dfm:1725	btnArm1YServoClick	uteach.cpp:2919-2940	13						clicked ; control.takeover ; motor.access(MInArmX) ; control.acquire ; motor.access ; dom:69
HW.teach.html	teach	btnZ2Servo	TButton	Server ON	tsIndex	69	OK-cmd				page/ht9045_teach_zallup_c.js:44 page/ht9045_teach_zallup_c.js:44 page/ht9045_teach_zallup_c.js:49 JSON/js/motor-access.js:2					uteach.dfm:1735	btnZ2ServoClick	uteach.cpp:4270-4285	9						clicked ; control.takeover ; motor.access(MInArmX) ; dom:27
HW.teach.html	teach	MotorCCDY	TSpeedButton	CCD Y	tsIndex	69	hidden(static)	1			page/ht9045_teach_3axes_c.js:37 JSON/js/teach-access.js:2														UNVERIFIED
HW.teach.html	teach	btnSetCCDYSite1x1	TSpeedButton	Site 1x1	tsIndex	69	hidden(static)	1			page/ht9045_teach_3axes_c.js:37 JSON/js/teach-access.js:2														UNVERIFIED
HW.teach.html	teach	btnGoCCDYSite1x1	TSpeedButton	GO	tsIndex	69	hidden(static)	1			page/ht9045_teach_3axes_c.js:37 JSON/js/teach-access.js:2														UNVERIFIED
HW.teach.html	teach	btnSetCCDYCal1x1	TSpeedButton	Calib 1x1	tsIndex	69	hidden(static)	1			page/ht9045_teach_3axes_c.js:38 JSON/js/teach-access.js:2														UNVERIFIED
HW.teach.html	teach	btnGoCCDYCal1x1	TSpeedButton	GO	tsIndex	69	hidden(static)	1			page/ht9045_teach_3axes_c.js:38 JSON/js/teach-access.js:2														UNVERIFIED
HW.teach.html	teach	SetButton078	TSpeedButton	Arm2 Z	tsIndex	69	OK-cmd				JSON/js/teach-access.js:2					uteach.dfm:1929	SetButton140Click	uteach.cpp:3360-3399	23	MOT[].ServoOnOff					clicked ; control.takeover ; motor.access(MInArmX) ; dom:31
HW.teach.html	teach	SetButton077	TSpeedButton	Arm1 Z	tsIndex	69	OK-cmd				JSON/js/teach-access.js:2					uteach.dfm:1944	SetButton140Click	uteach.cpp:3360-3399	23	MOT[].ServoOnOff					clicked ; control.takeover ; motor.access(MInArmX) ; dom:54
HW.teach.html	teach	GoButton077	TSpeedButton	GO	tsIndex	69	OK-cmd				JSON/js/teach-access.js:2					uteach.dfm:1958	GoButton140Click	uteach.cpp:3401-3472	40	MOT[].Gali_MotMove MOT[].MotorMove					clicked ; control.takeover ; motor.access(MInArmX) ; control.acquire ; motor.access ; dom:6133
HW.teach.html	teach	GoButton078	TSpeedButton	GO	tsIndex	69	OK-cmd				JSON/js/teach-access.js:2					uteach.dfm:1966	GoButton140Click	uteach.cpp:3401-3472	40	MOT[].Gali_MotMove MOT[].MotorMove					clicked ; control.takeover ; motor.access(MInArmX) ; dom:6117
HW.teach.html	teach	btnInXPitch1	TSpeedButton	In X Pitch	TabSheet12	69	OK-ui				HW.teach.html:442 HW.teach.html:635 JSON/js/teach-access.js:2					uteach.dfm:2022	MotorTrayXClick	uteach.cpp:3630-3648	10						clicked ; dom:27
HW.teach.html	teach	btnOutXPitch1	TSpeedButton	Out X Pitch	TabSheet12	69	OK-ui				HW.teach.html:442 HW.teach.html:635 JSON/js/teach-access.js:2					uteach.dfm:2037	MotorTrayXClick	uteach.cpp:3630-3648	10						clicked ; dom:26
HW.teach.html	teach	GoButton003	TSpeedButton	Go	TabSheet12>tsXPitch40	69	OK-cmd				JSON/js/teach-access.js:2 JSON/js/teach-access.js:2					uteach.dfm:2078	GoButton140Click	uteach.cpp:3401-3472	40	MOT[].Gali_MotMove MOT[].MotorMove					clicked ; control.takeover ; motor.access(MInArmX) ; control.acquire ; motor.access(MInArmX) ; dom:6116
HW.teach.html	teach	SetButtonInX140	TSpeedButton	40mm	TabSheet12>tsXPitch40	69	OK-cmd				JSON/js/teach-access.js:2 JSON/js/teach-access.js:2					uteach.dfm:2087	SetButton140Click	uteach.cpp:3360-3399	23	MOT[].ServoOnOff					clicked ; control.takeover ; motor.access(MInArmX) ; control.acquire ; motor.access ; dom:73
HW.teach.html	teach	GoButtonInX240	TSpeedButton	Go	TabSheet12>tsXPitch40	69	OK-cmd				JSON/js/teach-access.js:2 JSON/js/teach-access.js:2					uteach.dfm:2110	GoButton140Click	uteach.cpp:3401-3472	40	MOT[].Gali_MotMove MOT[].MotorMove					clicked ; control.takeover ; motor.access(MInArmX) ; dom:6136
HW.teach.html	teach	SetButtonInX240	TSpeedButton	40mm	TabSheet12>tsXPitch40	69	OK-cmd				JSON/js/teach-access.js:2 JSON/js/teach-access.js:2					uteach.dfm:2119	SetButton140Click	uteach.cpp:3360-3399	23	MOT[].ServoOnOff					clicked ; control.acquire ; motor.access(MInArmX) ; control.takeover ; motor.access(MInArmX) ; dom:33
HW.teach.html	teach	SetButtonOutX140	TSpeedButton	40mm	TabSheet12>tsXPitch40	69	OK-cmd				JSON/js/teach-access.js:2 JSON/js/teach-access.js:2					uteach.dfm:2142	SetButton140Click	uteach.cpp:3360-3399	23	MOT[].ServoOnOff					clicked ; control.takeover ; motor.access(MInArmX) ; dom:53
HW.teach.html	teach	GoButton004	TSpeedButton	Go	TabSheet12>tsXPitch40	69	OK-cmd				JSON/js/teach-access.js:2 JSON/js/teach-access.js:2					uteach.dfm:2156	GoButton140Click	uteach.cpp:3401-3472	40	MOT[].Gali_MotMove MOT[].MotorMove					clicked ; control.takeover ; motor.access(MInArmX) ; control.acquire ; motor.access ; control.acquire ; motor.access(MInArmX) ; dom:6154
HW.teach.html	teach	SetButtonOutX240	TSpeedButton	40mm	TabSheet12>tsXPitch40	69	OK-cmd				JSON/js/teach-access.js:2 JSON/js/teach-access.js:2					uteach.dfm:2172	SetButton140Click	uteach.cpp:3360-3399	23	MOT[].ServoOnOff					clicked ; control.takeover ; motor.access(MInArmX) ; dom:28
HW.teach.html	teach	GoButtonOutX240	TSpeedButton	Go	TabSheet12>tsXPitch40	69	OK-cmd				JSON/js/teach-access.js:2 JSON/js/teach-access.js:2					uteach.dfm:2186	GoButton140Click	uteach.cpp:3401-3472	40	MOT[].Gali_MotMove MOT[].MotorMove					clicked ; control.takeover ; motor.access(MInArmX) ; dom:6112
HW.teach.html	teach	btnGoInArmZ	TSpeedButton	Go	TabSheet12>tsXPitch40	69	greyed(probe)			HW.teach.html:204						uteach.dfm:2202									greyed
HW.teach.html	teach	btnSetInArmZ	TSpeedButton	A-H Height	TabSheet12>tsXPitch40	69	greyed(probe)			HW.teach.html:205						uteach.dfm:2210									greyed
HW.teach.html	teach	btnSetOutArmZ	TSpeedButton	A-H Height	TabSheet12>tsXPitch40	69	greyed(probe)			HW.teach.html:206						uteach.dfm:2226									greyed
HW.teach.html	teach	btnGoOutArmZ	TSpeedButton	Go	TabSheet12>tsXPitch40	69	greyed(probe)			HW.teach.html:207						uteach.dfm:2233									greyed
HW.teach.html	teach	GoButtonInX340	TSpeedButton	Go	TabSheet12>tsXPitch40	69	OK-cmd				JSON/js/teach-access.js:2					uteach.dfm:2248	GoButton140Click	uteach.cpp:3401-3472	40	MOT[].Gali_MotMove MOT[].MotorMove					clicked ; control.takeover ; motor.access(MInArmX) ; control.acquire ; motor.access(MInArmX) ; dom:6137
HW.teach.html	teach	SetButtonInX340	TSpeedButton	40mm	TabSheet12>tsXPitch40	69	OK-cmd				JSON/js/teach-access.js:2					uteach.dfm:2257	SetButton140Click	uteach.cpp:3360-3399	23	MOT[].ServoOnOff					clicked ; control.takeover ; motor.access(MInArmX) ; dom:33
HW.teach.html	teach	GoButtonInX440	TSpeedButton	Go	TabSheet12>tsXPitch40	69	OK-cmd				JSON/js/teach-access.js:2					uteach.dfm:2280	GoButton140Click	uteach.cpp:3401-3472	40	MOT[].Gali_MotMove MOT[].MotorMove					clicked ; control.acquire ; motor.access ; control.takeover ; motor.access(MInArmX) ; dom:6115
HW.teach.html	teach	SetButtonInX440	TSpeedButton	40mm	TabSheet12>tsXPitch40	69	OK-cmd				JSON/js/teach-access.js:2					uteach.dfm:2289	SetButton140Click	uteach.cpp:3360-3399	23	MOT[].ServoOnOff					clicked ; control.acquire ; motor.access(MInArmX) ; control.takeover ; motor.access(MInArmX) ; dom:54
HW.teach.html	teach	SetButtonOutX340	TSpeedButton	40mm	TabSheet12>tsXPitch40	69	OK-cmd				JSON/js/teach-access.js:2					uteach.dfm:2312	SetButton140Click	uteach.cpp:3360-3399	23	MOT[].ServoOnOff					clicked ; control.takeover ; motor.access(MInArmX) ; dom:31
HW.teach.html	teach	GoButtonOutX340	TSpeedButton	Go	TabSheet12>tsXPitch40	69	OK-cmd				JSON/js/teach-access.js:2					uteach.dfm:2326	GoButton140Click	uteach.cpp:3401-3472	40	MOT[].Gali_MotMove MOT[].MotorMove					clicked ; control.takeover ; motor.access(MInArmX) ; dom:6112
HW.teach.html	teach	SetButtonOutX440	TSpeedButton	40mm	TabSheet12>tsXPitch40	69	OK-cmd				JSON/js/teach-access.js:2					uteach.dfm:2342	SetButton140Click	uteach.cpp:3360-3399	23	MOT[].ServoOnOff					clicked ; control.takeover ; motor.access(MInArmX) ; control.acquire ; motor.access ; dom:70
HW.teach.html	teach	GoButtonOutX440	TSpeedButton	Go	TabSheet12>tsXPitch40	69	OK-cmd				JSON/js/teach-access.js:2					uteach.dfm:2356	GoButton140Click	uteach.cpp:3401-3472	40	MOT[].Gali_MotMove MOT[].MotorMove					clicked ; control.takeover ; motor.access(MInArmX) ; dom:6133
HW.teach.html	teach	SetButtonInX1120	TSpeedButton	120mm	TabSheet12>tsXPitch120	69	OK-cmd				JSON/js/teach-access.js:2 JSON/js/teach-access.js:2					uteach.dfm:2383	SetButton140Click	uteach.cpp:3360-3399	23	MOT[].ServoOnOff					clicked ; control.takeover ; motor.access(MInArmX) ; dom:53
HW.teach.html	teach	GoButton005	TSpeedButton	Go	TabSheet12>tsXPitch120	69	OK-cmd				JSON/js/teach-access.js:2 JSON/js/teach-access.js:2					uteach.dfm:2397	GoButton140Click	uteach.cpp:3401-3472	40	MOT[].Gali_MotMove MOT[].MotorMove					clicked ; control.takeover ; motor.access(MInArmX) ; dom:6138
HW.teach.html	teach	SetButtonInX2120	TSpeedButton	120mm	TabSheet12>tsXPitch120	69	OK-cmd				JSON/js/teach-access.js:2 JSON/js/teach-access.js:2					uteach.dfm:2413	SetButton140Click	uteach.cpp:3360-3399	23	MOT[].ServoOnOff					clicked ; control.takeover ; motor.access(MInArmX) ; control.acquire ; motor.access ; dom:52
HW.teach.html	teach	GoButtonInX2120	TSpeedButton	Go	TabSheet12>tsXPitch120	69	OK-cmd				JSON/js/teach-access.js:2 JSON/js/teach-access.js:2					uteach.dfm:2427	GoButton140Click	uteach.cpp:3401-3472	40	MOT[].Gali_MotMove MOT[].MotorMove					clicked ; control.takeover ; motor.access(MInArmX) ; dom:6117
HW.teach.html	teach	GoButton006	TSpeedButton	Go	TabSheet12>tsXPitch120	69	OK-cmd				JSON/js/teach-access.js:2 JSON/js/teach-access.js:2					uteach.dfm:2443	GoButton140Click	uteach.cpp:3401-3472	40	MOT[].Gali_MotMove MOT[].MotorMove					clicked ; control.takeover ; motor.access(MInArmX) ; dom:6137
HW.teach.html	teach	SetButtonOutX1120	TSpeedButton	120mm	TabSheet12>tsXPitch120	69	OK-cmd				JSON/js/teach-access.js:2 JSON/js/teach-access.js:2					uteach.dfm:2451	SetButton140Click	uteach.cpp:3360-3399	23	MOT[].ServoOnOff					clicked ; control.takeover ; motor.access(MInArmX) ; dom:28
HW.teach.html	teach	SetButtonOutX2120	TSpeedButton	120mm	TabSheet12>tsXPitch120	69	OK-cmd				JSON/js/teach-access.js:2 JSON/js/teach-access.js:2					uteach.dfm:2473	SetButton140Click	uteach.cpp:3360-3399	23	MOT[].ServoOnOff					clicked ; control.takeover ; motor.access(MInArmX) ; dom:28
HW.teach.html	teach	GoButtonOutX2120	TSpeedButton	Go	TabSheet12>tsXPitch120	69	OK-cmd				JSON/js/teach-access.js:2 JSON/js/teach-access.js:2					uteach.dfm:2487	GoButton140Click	uteach.cpp:3401-3472	40	MOT[].Gali_MotMove MOT[].MotorMove					clicked ; control.acquire ; motor.access ; control.takeover ; motor.access(MInArmX) ; dom:6133
HW.teach.html	teach	SetButtonInX3120	TSpeedButton	120mm	TabSheet12>tsXPitch120	69	OK-cmd				JSON/js/teach-access.js:2					uteach.dfm:2503	SetButton140Click	uteach.cpp:3360-3399	23	MOT[].ServoOnOff					clicked ; control.takeover ; motor.access(MInArmX) ; dom:32
HW.teach.html	teach	GoButtonInX3120	TSpeedButton	Go	TabSheet12>tsXPitch120	69	OK-cmd				JSON/js/teach-access.js:2					uteach.dfm:2517	GoButton140Click	uteach.cpp:3401-3472	40	MOT[].Gali_MotMove MOT[].MotorMove					clicked ; control.takeover ; motor.access(MInArmX) ; dom:6117
HW.teach.html	teach	SetButtonInX4120	TSpeedButton	120mm	TabSheet12>tsXPitch120	69	OK-cmd				JSON/js/teach-access.js:2					uteach.dfm:2533	SetButton140Click	uteach.cpp:3360-3399	23	MOT[].ServoOnOff					clicked ; control.takeover ; motor.access(MInArmX) ; dom:52
HW.teach.html	teach	GoButtonInX4120	TSpeedButton	Go	TabSheet12>tsXPitch120	69	OK-cmd				JSON/js/teach-access.js:2					uteach.dfm:2547	GoButton140Click	uteach.cpp:3401-3472	40	MOT[].Gali_MotMove MOT[].MotorMove					clicked ; control.takeover ; motor.access(MInArmX) ; control.acquire ; motor.access ; dom:6159
HW.teach.html	teach	GoButtonOutX3120	TSpeedButton	Go	TabSheet12>tsXPitch120	69	OK-cmd				JSON/js/teach-access.js:2					uteach.dfm:2563	GoButton140Click	uteach.cpp:3401-3472	40	MOT[].Gali_MotMove MOT[].MotorMove					clicked ; control.takeover ; motor.access(MInArmX) ; dom:6115
HW.teach.html	teach	SetButtonOutX3120	TSpeedButton	120mm	TabSheet12>tsXPitch120	69	OK-cmd				JSON/js/teach-access.js:2					uteach.dfm:2571	SetButton140Click	uteach.cpp:3360-3399	23	MOT[].ServoOnOff					clicked ; control.takeover ; motor.access(MInArmX) ; dom:49
HW.teach.html	teach	SetButtonOutX4120	TSpeedButton	120mm	TabSheet12>tsXPitch120	69	OK-cmd				JSON/js/teach-access.js:2					uteach.dfm:2593	SetButton140Click	uteach.cpp:3360-3399	23	MOT[].ServoOnOff					clicked ; control.takeover ; motor.access(MInArmX) ; dom:49
HW.teach.html	teach	GoButtonOutX4120	TSpeedButton	Go	TabSheet12>tsXPitch120	69	OK-cmd				JSON/js/teach-access.js:2					uteach.dfm:2607	GoButton140Click	uteach.cpp:3401-3472	40	MOT[].Gali_MotMove MOT[].MotorMove					clicked ; control.takeover ; motor.access(MInArmX) ; control.acquire ; motor.access ; dom:6133
HW.teach.html	teach	SetButtonInY15	TSpeedButton	15mm	TabSheet12>tsYPitch15	69	OK-cmd				JSON/js/teach-access.js:2 JSON/js/teach-access.js:2					uteach.dfm:2634	SetButton140Click	uteach.cpp:3360-3399	23	MOT[].ServoOnOff					clicked ; control.takeover ; motor.access(MInArmX) ; dom:53
HW.teach.html	teach	GoButtonInY15	TSpeedButton	Go	TabSheet12>tsYPitch15	69	OK-cmd				JSON/js/teach-access.js:2 JSON/js/teach-access.js:2					uteach.dfm:2648	GoButton140Click	uteach.cpp:3401-3472	40	MOT[].Gali_MotMove MOT[].MotorMove					clicked ; control.takeover ; motor.access(MInArmX) ; dom:6117
HW.teach.html	teach	SetButtonOutY15	TSpeedButton	15mm	TabSheet12>tsYPitch15	69	OK-cmd				JSON/js/teach-access.js:2 JSON/js/teach-access.js:2					uteach.dfm:2664	SetButton140Click	uteach.cpp:3360-3399	23	MOT[].ServoOnOff					clicked ; control.takeover ; motor.access(MInArmX) ; dom:28
HW.teach.html	teach	GoButtonOutY15	TSpeedButton	Go	TabSheet12>tsYPitch15	69	OK-cmd				JSON/js/teach-access.js:2 JSON/js/teach-access.js:2					uteach.dfm:2678	GoButton140Click	uteach.cpp:3401-3472	40	MOT[].Gali_MotMove MOT[].MotorMove					clicked ; control.takeover ; motor.access(MInArmX) ; dom:6133
HW.teach.html	teach	GoButtonOutY60	TSpeedButton	Go	TabSheet12>tsYPitch60	69	OK-cmd				JSON/js/teach-access.js:2 JSON/js/teach-access.js:2					uteach.dfm:2705	GoButton140Click	uteach.cpp:3401-3472	40	MOT[].Gali_MotMove MOT[].MotorMove					clicked ; control.takeover ; motor.access(MInArmX) ; control.acquire ; motor.access(MInArmX) ; dom:6137
HW.teach.html	teach	SetButtonOutY60	TSpeedButton	60mm	TabSheet12>tsYPitch60	69	OK-cmd				JSON/js/teach-access.js:2 JSON/js/teach-access.js:2					uteach.dfm:2713	SetButton140Click	uteach.cpp:3360-3399	23	MOT[].ServoOnOff					clicked ; control.takeover ; motor.access(MInArmX) ; control.acquire ; motor.access ; dom:49
HW.teach.html	teach	SetButtonInY60	TSpeedButton	60mm	TabSheet12>tsYPitch60	69	OK-cmd				JSON/js/teach-access.js:2 JSON/js/teach-access.js:2					uteach.dfm:2735	SetButton140Click	uteach.cpp:3360-3399	23	MOT[].ServoOnOff					clicked ; control.takeover ; motor.access(MInArmX) ; dom:32
HW.teach.html	teach	GoButtonInY60	TSpeedButton	Go	TabSheet12>tsYPitch60	69	OK-cmd				JSON/js/teach-access.js:2 JSON/js/teach-access.js:2					uteach.dfm:2749	GoButton140Click	uteach.cpp:3401-3472	40	MOT[].Gali_MotMove MOT[].MotorMove					clicked ; control.acquire ; motor.access(MInArmX) ; control.takeover ; motor.access(MInArmX) ; dom:6138
HW.teach.html	teach	btn_InPitchX_13	TButton	1 3 Go	TabSheet12>TabSheet6	69	hidden(static)	1								uteach.dfm:2813	btn_InPitchX_13Click	uteach.cpp:5558-5603	31						UNVERIFIED
HW.teach.html	teach	btn_InPitchX_24	TButton	2 4 Go	TabSheet12>TabSheet6	69	hidden(static)	1								uteach.dfm:2822	btn_InPitchX_13Click	uteach.cpp:5558-5603	31						UNVERIFIED
HW.teach.html	teach	btn_InPX_13Home	TButton	1 3 Home	TabSheet12>TabSheet6	69	hidden(static)	1								uteach.dfm:2864	btn_InPX_13HomeClick	uteach.cpp:5605-5649	32						UNVERIFIED
HW.teach.html	teach	btn_InPX_24Home	TButton	2 4 Home	TabSheet12>TabSheet6	69	hidden(static)	1								uteach.dfm:2889	btn_InPX_13HomeClick	uteach.cpp:5605-5649	32						UNVERIFIED
HW.teach.html	teach	btn_OutPitch_13	TButton	1 3 Go	TabSheet12>TabSheet8	69	hidden(static)	1								uteach.dfm:2953	btn_OutPitch_13Click	uteach.cpp:5651-5696	31						UNVERIFIED
HW.teach.html	teach	btn_OutPitch_24	TButton	2 4 Go	TabSheet12>TabSheet8	69	hidden(static)	1								uteach.dfm:2970	btn_OutPitch_13Click	uteach.cpp:5651-5696	31						UNVERIFIED
HW.teach.html	teach	btn_OutPX_13Home	TButton	1 3 Home	TabSheet12>TabSheet8	69	hidden(static)	1								uteach.dfm:2996	btn_InPX_13HomeClick	uteach.cpp:5605-5649	32						UNVERIFIED
HW.teach.html	teach	btn_OutPX_24Home	TButton	2 4 Home	TabSheet12>TabSheet8	69	hidden(static)	1								uteach.dfm:3022	btn_InPX_13HomeClick	uteach.cpp:5605-5649	32						UNVERIFIED
HW.teach.html	teach	btn_PitchX1_3_Loop	TButton	Loop	TabSheet12>TabSheet9	69	hidden(static)	1								uteach.dfm:3126	btn_PitchX1_3_LoopClick	uteach.cpp:5817-5832	9						UNVERIFIED
HW.teach.html	teach	btnSetAllInArmZ	TButton	Set InArm Z	TabSheet12>tsInArmZ	69	OK-cmd			HW.teach.html:208	page/ht9045_teach_zdown_c.js:30 page/ht9045_teach_zdown_c.js:34 JSON/js/motor-access.js:2					uteach.dfm:3291	btnSetAllInArmZClick	uteach.cpp:4300-4365	42						clicked ; control.takeover ; motor.access(MInArmX) ; dom:28
HW.teach.html	teach	btnSetAllInArmZ_Move	TButton	Move	TabSheet12>tsInArmZ	69	OK-cmd			HW.teach.html:209	page/ht9045_teach_st02.js:47					uteach.dfm:3428	btnSetAllInArmZ_MoveClick	uteach.cpp:5948-5971	14	MOT[].MotorMove					clicked ; control.takeover ; motor.access(MInArmX) ; control.acquire ; motor.access ; control.acquire ; motor.access(MInArmX) ; dom:6132
HW.teach.html	teach	btnSetAllOutArmZ	TButton	Set OutArm Z	TabSheet12>tsOutArmZ	69	OK-cmd			HW.teach.html:210	page/ht9045_teach_zdown_c.js:30 page/ht9045_teach_zdown_c.js:35 JSON/js/motor-access.js:2					uteach.dfm:3570	btnSetAllOutArmZClick	uteach.cpp:4367-4435	42						clicked ; control.takeover ; motor.access(MInArmX) ; dom:48
HW.teach.html	teach	btnSetAllOutArmZ_Move	TButton	Move	TabSheet12>tsOutArmZ	69	OK-cmd			HW.teach.html:211	page/ht9045_teach_st02.js:47					uteach.dfm:3707	btnSetAllOutArmZ_MoveClick	uteach.cpp:5973-5996	14	MOT[].MotorMove					clicked ; control.takeover ; motor.access(MInArmX) ; dom:6111
HW.teach.html	teach	btnInXPitch2	TSpeedButton	In X Pitch 2	TabSheet12	69	OK-cmd				HW.teach.html:442 HW.teach.html:636 JSON/js/teach-access.js:2					uteach.dfm:3745	MotorTrayXClick	uteach.cpp:3630-3648	10						clicked ; control.acquire ; motor.access(MInArmX) ; dom:29
HW.teach.html	teach	btnOutXPitch2	TSpeedButton	Out X Pitch 2	TabSheet12	69	OK-cmd				HW.teach.html:442 HW.teach.html:636 JSON/js/teach-access.js:2					uteach.dfm:3760	MotorTrayXClick	uteach.cpp:3630-3648	10				uteach.cpp:1727 Visible=bUse		clicked ; control.acquire ; motor.access ; dom:69
HW.teach.html	teach	btnInXPitch3	TSpeedButton	In X Pitch 3	TabSheet12	69	OK-cmd				HW.teach.html:442 HW.teach.html:636 JSON/js/teach-access.js:2					uteach.dfm:3816	MotorTrayXClick	uteach.cpp:3630-3648	10						clicked ; control.acquire ; motor.access(MInArmPitchX3) ; dom:27
HW.teach.html	teach	btnOutXPitch3	TSpeedButton	Out X Pitch 3	TabSheet12	69	OK-ui				HW.teach.html:442 HW.teach.html:637 JSON/js/teach-access.js:2					uteach.dfm:3831	MotorTrayXClick	uteach.cpp:3630-3648	10						clicked ; dom:27
HW.teach.html	teach	btnInXPitch4	TSpeedButton	In X Pitch 4	TabSheet12	69	OK-ui				HW.teach.html:442 HW.teach.html:636 JSON/js/teach-access.js:2					uteach.dfm:3846	MotorTrayXClick	uteach.cpp:3630-3648	10						clicked ; dom:48
HW.teach.html	teach	btnOutXPitch4	TSpeedButton	Out X Pitch 4	TabSheet12	69	OK-ui				HW.teach.html:442 HW.teach.html:637 JSON/js/teach-access.js:2					uteach.dfm:3861	MotorTrayXClick	uteach.cpp:3630-3648	10						clicked ; dom:48
HW.teach.html	teach	btnPitchTest	TButton	Pitch Test	TabSheet12	69	greyed(probe)			HW.teach.html:212						uteach.dfm:3940	btnPitchTestClick	uteach.cpp:5550-5556	2						greyed
HW.teach.html	teach	btnInYPitch	TSpeedButton	In Y Pitch	TabSheet12	69	OK-cmd				HW.teach.html:442 HW.teach.html:635 JSON/js/teach-access.js:2					uteach.dfm:3974	MotorTrayXClick	uteach.cpp:3630-3648	10						clicked ; control.acquire ; motor.access ; dom:27
HW.teach.html	teach	btnOutYPitch	TSpeedButton	Out Y Pitch	TabSheet12	69	OK-ui				HW.teach.html:442 HW.teach.html:636 JSON/js/teach-access.js:2					uteach.dfm:3989	MotorTrayXClick	uteach.cpp:3630-3648	10				uteach.cpp:1730 Visible=bUse		clicked ; dom:48
HW.teach.html	teach	btnInOpenPitch	TButton	In Open Pitch	TabSheet12	69	greyed(probe)			HW.teach.html:213						uteach.dfm:4037	btnInOpenPitchClick	uteach.cpp:5518-5548	19						greyed
HW.teach.html	teach	btnInClosePitch	TButton	In Close Pitch	TabSheet12	69	greyed(probe)			HW.teach.html:214						uteach.dfm:4046	btnInClosePitchClick	uteach.cpp:5486-5516	19						greyed
HW.teach.html	teach	SetButton061	TSpeedButton	Shuttle1 R	TabSheet13>tsShuttlePos	69	OK-cmd				JSON/js/teach-access.js:2					uteach.dfm:4086	SetButton064Click	uteach.cpp:3650-3695	29	MOT[].ServoOnOff					clicked ; control.takeover ; motor.access(MOutArmPitchY) ; dom:29
HW.teach.html	teach	SetButton060	TSpeedButton	Shuttle1 L	TabSheet13>tsShuttlePos	69	OK-cmd				JSON/js/teach-access.js:2					uteach.dfm:4100	SetButton064Click	uteach.cpp:3650-3695	29	MOT[].ServoOnOff					clicked ; control.takeover ; motor.access(MOutArmPitchY) ; dom:32
HW.teach.html	teach	SetButton062	TSpeedButton	Shuttle2 L	TabSheet13>tsShuttlePos	69	OK-cmd				JSON/js/teach-access.js:2					uteach.dfm:4114	SetButton064Click	uteach.cpp:3650-3695	29	MOT[].ServoOnOff					clicked ; control.takeover ; motor.access(MOutArmPitchY) ; control.acquire ; motor.access ; dom:74
HW.teach.html	teach	SetButton063	TSpeedButton	Shuttle2 R	TabSheet13>tsShuttlePos	69	OK-cmd				JSON/js/teach-access.js:2					uteach.dfm:4128	SetButton064Click	uteach.cpp:3650-3695	29	MOT[].ServoOnOff					clicked ; control.takeover ; motor.access(MOutArmPitchY) ; dom:28
HW.teach.html	teach	GoButton060	TSpeedButton	GO	TabSheet13>tsShuttlePos	69	OK-cmd				JSON/js/teach-access.js:2					uteach.dfm:4142	GoButton140Click	uteach.cpp:3401-3472	40	MOT[].Gali_MotMove MOT[].MotorMove					clicked ; control.takeover ; motor.access(MOutArmPitchY) ; dom:6116
HW.teach.html	teach	GoButton061	TSpeedButton	GO	TabSheet13>tsShuttlePos	69	OK-cmd				JSON/js/teach-access.js:2					uteach.dfm:4156	GoButton140Click	uteach.cpp:3401-3472	40	MOT[].Gali_MotMove MOT[].MotorMove					clicked ; control.takeover ; motor.access(MOutArmPitchY) ; dom:6137
HW.teach.html	teach	GoButton062	TSpeedButton	GO	TabSheet13>tsShuttlePos	69	OK-cmd				JSON/js/teach-access.js:2					uteach.dfm:4170	GoButton140Click	uteach.cpp:3401-3472	40	MOT[].Gali_MotMove MOT[].MotorMove					clicked ; control.takeover ; motor.access(MOutArmPitchY) ; control.acquire ; motor.access ; dom:6158
HW.teach.html	teach	GoButton063	TSpeedButton	GO	TabSheet13>tsShuttlePos	69	OK-cmd				JSON/js/teach-access.js:2					uteach.dfm:4184	GoButton140Click	uteach.cpp:3401-3472	40	MOT[].Gali_MotMove MOT[].MotorMove					clicked ; control.takeover ; motor.access(MOutArmPitchY) ; dom:6112
HW.teach.html	teach	btnSetOutSht1Left	TSpeedButton	OutShuttle1 L	TabSheet13>tsShuttlePos	69	hidden(static)	1			page/ht9045_teach_3axes_c.js:34 JSON/js/teach-access.js:2														UNVERIFIED
HW.teach.html	teach	btnGoOutSht1Left	TSpeedButton	GO	TabSheet13>tsShuttlePos	69	hidden(static)	1			page/ht9045_teach_3axes_c.js:34 JSON/js/teach-access.js:2														UNVERIFIED
HW.teach.html	teach	btnSetOutSht1Right	TSpeedButton	OutShuttle1 R	TabSheet13>tsShuttlePos	69	hidden(static)	1			page/ht9045_teach_3axes_c.js:34 JSON/js/teach-access.js:2														UNVERIFIED
HW.teach.html	teach	btnGoOutSht1Right	TSpeedButton	GO	TabSheet13>tsShuttlePos	69	hidden(static)	1			page/ht9045_teach_3axes_c.js:34 JSON/js/teach-access.js:2														UNVERIFIED
HW.teach.html	teach	btnSetOutSht2Left	TSpeedButton	OutShuttle2 L	TabSheet13>tsShuttlePos	69	hidden(static)	1			page/ht9045_teach_3axes_c.js:36 JSON/js/teach-access.js:2														UNVERIFIED
HW.teach.html	teach	btnGoOutSht2Left	TSpeedButton	GO	TabSheet13>tsShuttlePos	69	hidden(static)	1			page/ht9045_teach_3axes_c.js:36 JSON/js/teach-access.js:2														UNVERIFIED
HW.teach.html	teach	btnSetOutSht2Right	TSpeedButton	OutShuttle2 R	TabSheet13>tsShuttlePos	69	hidden(static)	1			page/ht9045_teach_3axes_c.js:36 JSON/js/teach-access.js:2														UNVERIFIED
HW.teach.html	teach	btnGoOutSht2Right	TSpeedButton	GO	TabSheet13>tsShuttlePos	69	hidden(static)	1			page/ht9045_teach_3axes_c.js:36 JSON/js/teach-access.js:2														UNVERIFIED
HW.teach.html	teach	SetButton203	TSpeedButton	Shuttle2	TabSheet13>tsShuttlePos	69	hidden(static)	1			JSON/js/teach-access.js:2					uteach.dfm:4281	SetButton140Click	uteach.cpp:3360-3399	23	MOT[].ServoOnOff	False				UNVERIFIED
HW.teach.html	teach	GoButton203	TSpeedButton	GO	TabSheet13>tsShuttlePos	69	hidden(static)	1			JSON/js/teach-access.js:2					uteach.dfm:4296	GoButton140Click	uteach.cpp:3401-3472	40	MOT[].Gali_MotMove MOT[].MotorMove	False				UNVERIFIED
HW.teach.html	teach	GoButton202	TSpeedButton	GO	TabSheet13>tsShuttlePos	69	hidden(static)	1			JSON/js/teach-access.js:2					uteach.dfm:4311	GoButton140Click	uteach.cpp:3401-3472	40	MOT[].Gali_MotMove MOT[].MotorMove	False				UNVERIFIED
HW.teach.html	teach	SetButton202	TSpeedButton	Shuttle1	TabSheet13>tsShuttlePos	69	hidden(static)	1			JSON/js/teach-access.js:2					uteach.dfm:4326	SetButton140Click	uteach.cpp:3360-3399	23	MOT[].ServoOnOff	False				UNVERIFIED
HW.teach.html	teach	GoButton153	TSpeedButton	Go	TabSheet13>tsShuttleSensor	69	OK-cmd				JSON/js/teach-access.js:2					uteach.dfm:4451	GoButton140Click	uteach.cpp:3401-3472	40	MOT[].Gali_MotMove MOT[].MotorMove					clicked ; control.takeover ; motor.access(MOutArmPitchY) ; dom:6137
HW.teach.html	teach	SetButton153	TSpeedButton	120mm	TabSheet13>tsShuttleSensor	69	OK-cmd				JSON/js/teach-access.js:2					uteach.dfm:4460	SetButton140Click	uteach.cpp:3360-3399	23	MOT[].ServoOnOff					clicked ; control.takeover ; motor.access(MOutArmPitchY) ; dom:33
HW.teach.html	teach	GoButton154	TSpeedButton	Go	TabSheet13>tsShuttleSensor	69	OK-cmd				JSON/js/teach-access.js:2					uteach.dfm:4491	GoButton140Click	uteach.cpp:3401-3472	40	MOT[].Gali_MotMove MOT[].MotorMove					clicked ; control.takeover ; motor.access(MOutArmPitchY) ; dom:6117
HW.teach.html	teach	SetButton154	TSpeedButton	180mm	TabSheet13>tsShuttleSensor	69	OK-cmd				JSON/js/teach-access.js:2					uteach.dfm:4500	SetButton140Click	uteach.cpp:3360-3399	23	MOT[].ServoOnOff					clicked ; control.acquire ; motor.access ; control.takeover ; motor.access(MOutArmPitchY) ; dom:54
HW.teach.html	teach	GoButton155	TSpeedButton	Go	TabSheet13>tsShuttleSensor	69	OK-cmd				JSON/js/teach-access.js:2					uteach.dfm:4531	GoButton140Click	uteach.cpp:3401-3472	40	MOT[].Gali_MotMove MOT[].MotorMove					clicked ; control.takeover ; motor.access(MOutArmPitchY) ; dom:6116
HW.teach.html	teach	SetButton155	TSpeedButton	120mm	TabSheet13>tsShuttleSensor	69	OK-cmd				JSON/js/teach-access.js:2					uteach.dfm:4540	SetButton140Click	uteach.cpp:3360-3399	23	MOT[].ServoOnOff					clicked ; control.takeover ; motor.access(MOutArmPitchY) ; dom:28
HW.teach.html	teach	GoButton156	TSpeedButton	Go	TabSheet13>tsShuttleSensor	69	OK-cmd				JSON/js/teach-access.js:2					uteach.dfm:4571	GoButton140Click	uteach.cpp:3401-3472	40	MOT[].Gali_MotMove MOT[].MotorMove					clicked ; control.takeover ; motor.access(MOutArmPitchY) ; dom:6136
HW.teach.html	teach	SetButton156	TSpeedButton	180mm	TabSheet13>tsShuttleSensor	69	OK-cmd				JSON/js/teach-access.js:2					uteach.dfm:4580	SetButton140Click	uteach.cpp:3360-3399	23	MOT[].ServoOnOff					clicked ; control.takeover ; motor.access(MOutArmPitchY) ; control.acquire ; motor.access ; dom:49
HW.teach.html	teach	btnGoSht1XGabage	TSpeedButton	Go	TabSheet13>tsShuttleGarbage	69	OK-cmd				JSON/js/teach-access.js:2					uteach.dfm:4615	GoButton140Click	uteach.cpp:3401-3472	40	MOT[].Gali_MotMove MOT[].MotorMove					clicked ; control.takeover ; motor.access(MOutArmPitchY) ; dom:6135
HW.teach.html	teach	btnSetSht1XGabage	TSpeedButton	In Arm X	TabSheet13>tsShuttleGarbage	69	OK-cmd				JSON/js/teach-access.js:2					uteach.dfm:4624	SetButton140Click	uteach.cpp:3360-3399	23	MOT[].ServoOnOff					clicked ; control.takeover ; motor.access(MOutArmPitchY) ; dom:54
HW.teach.html	teach	btnSetSht1YGabage	TSpeedButton	In Arm Y	TabSheet13>tsShuttleGarbage	69	OK-cmd				JSON/js/teach-access.js:2					uteach.dfm:4639	SetButton140Click	uteach.cpp:3360-3399	23	MOT[].ServoOnOff					clicked ; control.takeover ; motor.access(MOutArmPitchY) ; dom:31
HW.teach.html	teach	btnGoSht1YGabage	TSpeedButton	Go	TabSheet13>tsShuttleGarbage	69	OK-cmd				JSON/js/teach-access.js:2					uteach.dfm:4654	GoButton140Click	uteach.cpp:3401-3472	40	MOT[].Gali_MotMove MOT[].MotorMove					clicked ; control.takeover ; motor.access(MOutArmPitchY) ; control.acquire ; motor.access ; dom:6133
HW.teach.html	teach	btnGoSht2XGabage	TSpeedButton	Go	TabSheet13>tsShuttleGarbage	69	OK-cmd				JSON/js/teach-access.js:2					uteach.dfm:4703	GoButton140Click	uteach.cpp:3401-3472	40	MOT[].Gali_MotMove MOT[].MotorMove					clicked ; control.takeover ; motor.access(MOutArmPitchY) ; dom:6137
HW.teach.html	teach	btnSetSht2XGabage	TSpeedButton	In Arm X	TabSheet13>tsShuttleGarbage	69	OK-cmd				JSON/js/teach-access.js:2					uteach.dfm:4712	SetButton140Click	uteach.cpp:3360-3399	23	MOT[].ServoOnOff					clicked ; control.takeover ; motor.access(MInArmX) ; control.acquire ; motor.access(MInArmX) ; dom:32
HW.teach.html	teach	btnSetSht2YGabage	TSpeedButton	In Arm Y	TabSheet13>tsShuttleGarbage	69	OK-cmd				JSON/js/teach-access.js:2					uteach.dfm:4727	SetButton140Click	uteach.cpp:3360-3399	23	MOT[].ServoOnOff					clicked ; control.takeover ; motor.access(MInArmX) ; control.acquire ; motor.access ; dom:73
HW.teach.html	teach	btnGoSht2YGabage	TSpeedButton	Go	TabSheet13>tsShuttleGarbage	69	OK-cmd				JSON/js/teach-access.js:2					uteach.dfm:4742	GoButton140Click	uteach.cpp:3401-3472	40	MOT[].Gali_MotMove MOT[].MotorMove					clicked ; control.takeover ; motor.access(MInArmX) ; dom:6112
HW.teach.html	teach	btnGoLoadXGabage	TSpeedButton	Go	TabSheet13>tsShuttleGarbage	69	OK-cmd				JSON/js/teach-access.js:2					uteach.dfm:4791	GoButton140Click	uteach.cpp:3401-3472	40	MOT[].Gali_MotMove MOT[].MotorMove					clicked ; control.acquire ; motor.access(MInArmX) ; control.takeover ; motor.access(MInArmX) ; dom:6116
HW.teach.html	teach	btnSetLoadXGabage	TSpeedButton	In Arm X	TabSheet13>tsShuttleGarbage	69	OK-cmd				JSON/js/teach-access.js:2					uteach.dfm:4800	SetButton140Click	uteach.cpp:3360-3399	23	MOT[].ServoOnOff					clicked ; control.takeover ; motor.access(MInArmX) ; dom:54
HW.teach.html	teach	btnSetLoadYGabage	TSpeedButton	In Arm Y	TabSheet13>tsShuttleGarbage	69	OK-cmd				JSON/js/teach-access.js:2					uteach.dfm:4815	SetButton140Click	uteach.cpp:3360-3399	23	MOT[].ServoOnOff					clicked ; control.takeover ; motor.access(MInArmX) ; control.acquire ; motor.access(MInArmX) ; control.acquire ; motor.access ; dom:52
HW.teach.html	teach	btnGoLoadYGabage	TSpeedButton	Go	TabSheet13>tsShuttleGarbage	69	OK-cmd				JSON/js/teach-access.js:2					uteach.dfm:4830	GoButton140Click	uteach.cpp:3401-3472	40	MOT[].Gali_MotMove MOT[].MotorMove					clicked ; control.takeover ; motor.access(MInArmX) ; dom:6112
HW.teach.html	teach	btnGoXGabage	TSpeedButton	Go	TabSheet13>tsShuttleGarbage	69	OK-cmd				JSON/js/teach-access.js:2					uteach.dfm:4879	GoButton140Click	uteach.cpp:3401-3472	40	MOT[].Gali_MotMove MOT[].MotorMove					clicked ; control.takeover ; motor.access(MInArmX) ; dom:6137
HW.teach.html	teach	btnSetXGabage	TSpeedButton	In Arm X	TabSheet13>tsShuttleGarbage	69	OK-cmd				JSON/js/teach-access.js:2					uteach.dfm:4888	SetButton140Click	uteach.cpp:3360-3399	23	MOT[].ServoOnOff					clicked ; control.takeover ; motor.access(MInArmX) ; control.acquire ; motor.access(MInArmX) ; dom:54
HW.teach.html	teach	btnSetYGabage	TSpeedButton	In Arm Y	TabSheet13>tsShuttleGarbage	69	OK-cmd				JSON/js/teach-access.js:2					uteach.dfm:4903	SetButton140Click	uteach.cpp:3360-3399	23	MOT[].ServoOnOff					clicked ; control.takeover ; motor.access(MInArmX) ; dom:31
HW.teach.html	teach	btnGoYGabage	TSpeedButton	Go	TabSheet13>tsShuttleGarbage	69	OK-cmd				JSON/js/teach-access.js:2					uteach.dfm:4918	GoButton140Click	uteach.cpp:3401-3472	40	MOT[].Gali_MotMove MOT[].MotorMove					clicked ; control.acquire ; motor.access ; control.takeover ; motor.access(MInArmX) ; dom:6112
HW.teach.html	teach	SetButton200	TSpeedButton	OutShuttle1 8 site kit pos1	tsKit	69	OK-cmd				JSON/js/teach-access.js:2					uteach.dfm:4973	SetButton140Click	uteach.cpp:3360-3399	23	MOT[].ServoOnOff					clicked ; control.takeover ; motor.access(MInArmX) ; dom:31
HW.teach.html	teach	SetButton201	TSpeedButton	OutShuttle2 8 site kit pos1	tsKit	69	OK-cmd				JSON/js/teach-access.js:2					uteach.dfm:4989	SetButton140Click	uteach.cpp:3360-3399	23	MOT[].ServoOnOff					clicked ; control.takeover ; motor.access(MInArmX) ; dom:28
HW.teach.html	teach	GoButton200	TSpeedButton	Go	tsKit	69	OK-cmd				JSON/js/teach-access.js:2					uteach.dfm:5005	GoButton140Click	uteach.cpp:3401-3472	40	MOT[].Gali_MotMove MOT[].MotorMove					clicked ; control.takeover ; motor.access(MInArmX) ; dom:6136
HW.teach.html	teach	GoButton201	TSpeedButton	Go	tsKit	69	OK-cmd				JSON/js/teach-access.js:2					uteach.dfm:5013	GoButton140Click	uteach.cpp:3401-3472	40	MOT[].Gali_MotMove MOT[].MotorMove					clicked ; control.takeover ; motor.access(MInArmX) ; control.acquire ; motor.access ; dom:6133
HW.teach.html	teach	btnSetButton204	TSpeedButton	In Shuttle1 8 site kit pos1	tsKit	69	OK-cmd				JSON/js/teach-access.js:2					uteach.dfm:5034	SetButton140Click	uteach.cpp:3360-3399	23	MOT[].ServoOnOff					clicked ; control.takeover ; motor.access(MInArmX) ; dom:31
HW.teach.html	teach	btnSetButton205	TSpeedButton	In Shuttle2 8 site kit pos1	tsKit	69	OK-cmd				JSON/js/teach-access.js:2					uteach.dfm:5050	SetButton140Click	uteach.cpp:3360-3399	23	MOT[].ServoOnOff					clicked ; control.takeover ; motor.access(MInArmX) ; dom:49
HW.teach.html	teach	btnGoButton204	TSpeedButton	Go	tsKit	69	OK-cmd				JSON/js/teach-access.js:2					uteach.dfm:5066	GoButton140Click	uteach.cpp:3401-3472	40	MOT[].Gali_MotMove MOT[].MotorMove					clicked ; control.takeover ; motor.access(MInArmX) ; dom:6136
HW.teach.html	teach	btnGoButton205	TSpeedButton	Go	tsKit	69	OK-cmd				JSON/js/teach-access.js:2					uteach.dfm:5074	GoButton140Click	uteach.cpp:3401-3472	40	MOT[].Gali_MotMove MOT[].MotorMove					clicked ; control.takeover ; motor.access(MInArmX) ; control.acquire ; motor.access ; dom:6133
HW.teach.html	teach	SetButton206	TSpeedButton	OutShuttle1 One Row kit pos1	tsKit	69	OK-cmd				JSON/js/teach-access.js:2					uteach.dfm:5082	SetButton140Click	uteach.cpp:3360-3399	23	MOT[].ServoOnOff					clicked ; control.takeover ; motor.access(MInArmX) ; dom:52
HW.teach.html	teach	SetButton207	TSpeedButton	OutShuttle2 One Row kit pos1	tsKit	69	OK-cmd				JSON/js/teach-access.js:2					uteach.dfm:5098	SetButton140Click	uteach.cpp:3360-3399	23	MOT[].ServoOnOff					clicked ; control.takeover ; motor.access(MInArmX) ; dom:49
HW.teach.html	teach	GoButton206	TSpeedButton	Go	tsKit	69	OK-cmd				JSON/js/teach-access.js:2					uteach.dfm:5114	GoButton140Click	uteach.cpp:3401-3472	40	MOT[].Gali_MotMove MOT[].MotorMove					clicked ; control.takeover ; motor.access(MInArmX) ; dom:6115
HW.teach.html	teach	GoButton207	TSpeedButton	Go	tsKit	69	OK-cmd				JSON/js/teach-access.js:2					uteach.dfm:5122	GoButton140Click	uteach.cpp:3401-3472	40	MOT[].Gali_MotMove MOT[].MotorMove					clicked ; control.takeover ; motor.access(MInArmX) ; dom:6112
HW.teach.html	teach	sbBarCode	TSpeedButton	Bar Code	tsKit	69	greyed(probe)			HW.teach.html:215						uteach.dfm:5130	sbBarCodeClick	uteach.cpp:4599-4603	2						greyed
HW.teach.html	teach	btnSetOutSht1BarCode	TSpeedButton	Out Shuttle 1 Bar Code Pos	tsKit	69	OK-cmd				JSON/js/teach-access.js:2					uteach.dfm:5348	SetButton140Click	uteach.cpp:3360-3399	23	MOT[].ServoOnOff					clicked ; control.acquire ; motor.access ; control.takeover ; motor.access(MInArmX) ; dom:52
HW.teach.html	teach	btnSetOutSht2BarCode	TSpeedButton	Out Shuttle 2 Bar Code Pos	tsKit	69	OK-cmd				JSON/js/teach-access.js:2					uteach.dfm:5364	SetButton140Click	uteach.cpp:3360-3399	23	MOT[].ServoOnOff					clicked ; control.takeover ; motor.access(MInArmX) ; dom:28
HW.teach.html	teach	btnGoOutSht1BarCode	TSpeedButton	Go	tsKit	69	OK-cmd				JSON/js/teach-access.js:2					uteach.dfm:5380	GoButton140Click	uteach.cpp:3401-3472	40	MOT[].Gali_MotMove MOT[].MotorMove					clicked ; control.takeover ; motor.access(MInArmX) ; dom:6115
HW.teach.html	teach	btnGoOutSht2BarCode	TSpeedButton	Go	tsKit	69	OK-cmd				JSON/js/teach-access.js:2					uteach.dfm:5388	GoButton140Click	uteach.cpp:3401-3472	40	MOT[].Gali_MotMove MOT[].MotorMove					clicked ; control.takeover ; motor.access(MInArmX) ; dom:6133
HW.teach.html	teach	btnSetInSht1BarCode	TSpeedButton	In Shuttle 1 Bar Code Pos	tsKit	69	OK-cmd				JSON/js/teach-access.js:2					uteach.dfm:5433	SetButton140Click	uteach.cpp:3360-3399	23	MOT[].ServoOnOff					clicked ; control.takeover ; motor.access(MInArmX) ; control.acquire ; motor.access ; dom:52
HW.teach.html	teach	btnSetInSht2BarCode	TSpeedButton	In Shuttle 2 Bar Code Pos	tsKit	69	OK-cmd				JSON/js/teach-access.js:2					uteach.dfm:5449	SetButton140Click	uteach.cpp:3360-3399	23	MOT[].ServoOnOff					clicked ; control.takeover ; motor.access(MInArmX) ; dom:28
HW.teach.html	teach	btnGoInSht1BarCode	TSpeedButton	Go	tsKit	69	OK-cmd				JSON/js/teach-access.js:2					uteach.dfm:5465	GoButton140Click	uteach.cpp:3401-3472	40	MOT[].Gali_MotMove MOT[].MotorMove					clicked ; control.takeover ; motor.access(MInArmX) ; dom:6136
HW.teach.html	teach	btnGoInSht2BarCode	TSpeedButton	Go	tsKit	69	OK-cmd				JSON/js/teach-access.js:2					uteach.dfm:5473	GoButton140Click	uteach.cpp:3401-3472	40	MOT[].Gali_MotMove MOT[].MotorMove					clicked ; control.takeover ; motor.access(MInArmX) ; dom:6133
HW.teach.html	teach	GoButtonRotateA	TSpeedButton	Go	tsKit	69	OK-cmd				JSON/js/teach-access.js:2					uteach.dfm:5551	GoButton140Click	uteach.cpp:3401-3472	40	MOT[].Gali_MotMove MOT[].MotorMove					clicked ; control.takeover ; motor.access(MInArmX) ; control.acquire ; motor.access ; dom:6133
HW.teach.html	teach	SetButtonRotateA	TSpeedButton	In Rotate	tsKit	69	OK-cmd				JSON/js/teach-access.js:2					uteach.dfm:5559	SetButton140Click	uteach.cpp:3360-3399	23	MOT[].ServoOnOff					clicked ; control.takeover ; motor.access(MInArmX) ; dom:49
HW.teach.html	teach	SpeedButtonInRotatePos90	TSpeedButton	+90	tsKit	69	OK-cmd			HW.teach.html:233	page/ht9045_teach_st02.js:45					uteach.dfm:5575	SpeedButtonInRotatePos90Click	uteach.cpp:4605-4655	23	MOT[].MotorMove					clicked ; control.takeover ; motor.access(MInArmX) ; dom:6133
HW.teach.html	teach	SpeedButtonInRotateNeg90	TSpeedButton	-90	tsKit	69	OK-cmd			HW.teach.html:233	page/ht9045_teach_st02.js:45					uteach.dfm:5583	SpeedButtonInRotateNeg90Click	uteach.cpp:4657-4707	23	MOT[].MotorMove					clicked ; control.takeover ; motor.access(MInArmX) ; dom:6111
HW.teach.html	teach	GoButtonRotateOutA	TSpeedButton	Go	tsKit	69	OK-cmd				JSON/js/teach-access.js:2					uteach.dfm:5647	GoButton140Click	uteach.cpp:3401-3472	40	MOT[].Gali_MotMove MOT[].MotorMove					clicked ; control.takeover ; motor.access(MInArmX) ; dom:6111
HW.teach.html	teach	SetButtonRotateOutA	TSpeedButton	Out Rotate	tsKit	69	OK-cmd				JSON/js/teach-access.js:2					uteach.dfm:5655	SetButton140Click	uteach.cpp:3360-3399	23	MOT[].ServoOnOff					clicked ; control.acquire ; motor.access ; control.takeover ; motor.access(MInArmX) ; dom:49
HW.teach.html	teach	SpeedButtonOutRotatepPos90	TSpeedButton	+90	tsKit	69	OK-cmd			HW.teach.html:233	page/ht9045_teach_st02.js:45					uteach.dfm:5671	SpeedButtonInRotatePos90Click	uteach.cpp:4605-4655	23	MOT[].MotorMove					clicked ; control.takeover ; motor.access(MInArmX) ; dom:6112
HW.teach.html	teach	SpeedButtonOutRotatepNeg90	TSpeedButton	-90	tsKit	69	OK-cmd			HW.teach.html:233	page/ht9045_teach_st02.js:45					uteach.dfm:5679	SpeedButtonInRotateNeg90Click	uteach.cpp:4657-4707	23	MOT[].MotorMove					clicked ; control.takeover ; motor.access(MInArmX) ; dom:6111
HW.teach.html	teach	btnSetSht1Laser	TSpeedButton	In Shuttle 1 Laser Pos	tsKit	69	OK-cmd				JSON/js/teach-access.js:2					uteach.dfm:5738	SetButton140Click	uteach.cpp:3360-3399	23	MOT[].ServoOnOff					clicked ; control.takeover ; motor.access(MInArmX) ; control.acquire ; motor.access(MInArmX) ; dom:53
HW.teach.html	teach	btnSetSht2Laser	TSpeedButton	In Shuttle 2 Laser Pos	tsKit	69	OK-cmd				JSON/js/teach-access.js:2					uteach.dfm:5754	SetButton140Click	uteach.cpp:3360-3399	23	MOT[].ServoOnOff					clicked ; control.takeover ; motor.access(MInArmX) ; control.acquire ; motor.access ; dom:70
HW.teach.html	teach	btnGoSht1Laser	TSpeedButton	Go	tsKit	69	OK-cmd				JSON/js/teach-access.js:2					uteach.dfm:5770	GoButton140Click	uteach.cpp:3401-3472	40	MOT[].Gali_MotMove MOT[].MotorMove					clicked ; control.takeover ; motor.access(MInArmX) ; dom:6115
HW.teach.html	teach	btnGoSht2Laser	TSpeedButton	Go	tsKit	69	OK-cmd				JSON/js/teach-access.js:2					uteach.dfm:5778	GoButton140Click	uteach.cpp:3401-3472	40	MOT[].Gali_MotMove MOT[].MotorMove					clicked ; control.acquire ; motor.access(MInArmX) ; control.takeover ; motor.access(MInArmX) ; dom:6133
HW.teach.html	teach	btClearMemo	TSpeedButton	Clear Meno	tsKit	69	hidden(static)	1		HW.teach.html:242					forms/fTeach.cpp forms/fTeach.h	uteach.dfm:5851	btClearMemoClick	uteach.cpp:4710-4714	2						UNVERIFIED
HW.teach.html	teach	btnGetLatch	TSpeedButton	Get	tsKit	69	hidden(static)	1		HW.teach.html:240					forms/fTeach.cpp forms/fTeach.h	uteach.dfm:5865	btnGetLatchClick	uteach.cpp:4753-4777	18						UNVERIFIED
HW.teach.html	teach	btnSht2GoLatch	TSpeedButton	Go	tsKit	69	hidden(static)	1			page/ht9045_teach_st02.js:47 page/ht9045_teach_st02.js:89					uteach.dfm:5922	btnSht2GoLatchClick	uteach.cpp:4737-4751	8	MOT[].MotorMove					UNVERIFIED
HW.teach.html	teach	btnSht1GoLatch	TSpeedButton	Go	tsKit	69	hidden(static)	1			page/ht9045_teach_st02.js:47 page/ht9045_teach_st02.js:88					uteach.dfm:5978	btnSht1GoLatchClick	uteach.cpp:4721-4735	8	MOT[].MotorMove					UNVERIFIED
HW.teach.html	teach	GoBtnPreciserOpen	TSpeedButton	Go	tsKit	69	OK-cmd				JSON/js/teach-access.js:2					uteach.dfm:6031	GoButton140Click	uteach.cpp:3401-3472	40	MOT[].Gali_MotMove MOT[].MotorMove					clicked ; control.takeover ; motor.access(MInArmX) ; dom:6133
HW.teach.html	teach	GoBtnPreciserClose	TSpeedButton	Go	tsKit	69	OK-cmd				JSON/js/teach-access.js:2					uteach.dfm:6039	GoButton140Click	uteach.cpp:3401-3472	40	MOT[].Gali_MotMove MOT[].MotorMove					clicked ; control.takeover ; motor.access(MInArmX) ; control.acquire ; motor.access ; control.acquire ; motor.access(MInArmX) ; dom:6133
HW.teach.html	teach	SetBtnPreciserOpen	TSpeedButton	Preciser	tsKit	69	OK-cmd				JSON/js/teach-access.js:2					uteach.dfm:6061	GoButton140Click	uteach.cpp:3401-3472	40	MOT[].Gali_MotMove MOT[].MotorMove					clicked ; control.takeover ; motor.access(MInArmX) ; dom:28
HW.teach.html	teach	SetBtnPreciserClose	TSpeedButton	Preciser	tsKit	69	OK-cmd				JSON/js/teach-access.js:2					uteach.dfm:6069	GoButton140Click	uteach.cpp:3401-3472	40	MOT[].Gali_MotMove MOT[].MotorMove					clicked ; control.takeover ; motor.access(MInArmX) ; dom:49
HW.teach.html	teach	GoButtonInSh1LtcSenZ1	TSpeedButton	Go	tsKit	69	hidden(static)	1			JSON/js/teach-access.js:2					uteach.dfm:6109	GoButton140Click	uteach.cpp:3401-3472	40	MOT[].Gali_MotMove MOT[].MotorMove					UNVERIFIED
HW.teach.html	teach	GoButtonInSh2LtcSenZ1	TSpeedButton	Go	tsKit	69	hidden(static)	1			JSON/js/teach-access.js:2					uteach.dfm:6117	GoButton140Click	uteach.cpp:3401-3472	40	MOT[].Gali_MotMove MOT[].MotorMove					UNVERIFIED
HW.teach.html	teach	GoButtonInSh1LtcSenZ2	TSpeedButton	Go	tsKit	69	hidden(static)	1			JSON/js/teach-access.js:2					uteach.dfm:6125	GoButton140Click	uteach.cpp:3401-3472	40	MOT[].Gali_MotMove MOT[].MotorMove					UNVERIFIED
HW.teach.html	teach	GoButtonInSh2LtcSenZ2	TSpeedButton	Go	tsKit	69	hidden(static)	1			JSON/js/teach-access.js:2					uteach.dfm:6133	GoButton140Click	uteach.cpp:3401-3472	40	MOT[].Gali_MotMove MOT[].MotorMove					UNVERIFIED
HW.teach.html	teach	SetButtonInSh1LtcSenZ1	TSpeedButton	Z1	tsKit	69	hidden(static)	1			JSON/js/teach-access.js:2					uteach.dfm:6167	MotorTrayXClick	uteach.cpp:3630-3648	10						UNVERIFIED
HW.teach.html	teach	SetButtonInSh1LtcSenZ2	TSpeedButton	Z2	tsKit	69	hidden(static)	1			JSON/js/teach-access.js:2					uteach.dfm:6175	MotorTrayXClick	uteach.cpp:3630-3648	10						UNVERIFIED
HW.teach.html	teach	SetButtonInSh2LtcSenZ1	TSpeedButton	Z1	tsKit	69	hidden(static)	1			JSON/js/teach-access.js:2					uteach.dfm:6183	MotorTrayXClick	uteach.cpp:3630-3648	10						UNVERIFIED
HW.teach.html	teach	SetButtonInSh2LtcSenZ2	TSpeedButton	Z2	tsKit	69	hidden(static)	1			JSON/js/teach-access.js:2					uteach.dfm:6191	MotorTrayXClick	uteach.cpp:3630-3648	10						UNVERIFIED
HW.teach.html	teach	sbShuttleSensor	TSpeedButton	Sensor Adj.	tsKit	69	hidden(static)	1		HW.teach.html:240						uteach.dfm:6199	sbShuttleSensorClick	uteach.cpp:6016-6029	6						UNVERIFIED
HW.teach.html	teach	btnSetSH1_16SiteKit	TSpeedButton	In Shuttle 1 16 site kit pos	tsKit	69	hidden(static)	1			JSON/js/teach-access.js:2					uteach.dfm:6420	SetButton140Click	uteach.cpp:3360-3399	23	MOT[].ServoOnOff					UNVERIFIED
HW.teach.html	teach	btnSetSH2_16SiteKit	TSpeedButton	In Shuttle 2 16 site kit pos	tsKit	69	hidden(static)	1			JSON/js/teach-access.js:2					uteach.dfm:6436	SetButton140Click	uteach.cpp:3360-3399	23	MOT[].ServoOnOff					UNVERIFIED
HW.teach.html	teach	btnGoSH1_16SiteKit	TSpeedButton	Go	tsKit	69	hidden(static)	1			JSON/js/teach-access.js:2					uteach.dfm:6452	GoButton140Click	uteach.cpp:3401-3472	40	MOT[].Gali_MotMove MOT[].MotorMove					UNVERIFIED
HW.teach.html	teach	btnGoSH2_16SiteKit	TSpeedButton	Go	tsKit	69	hidden(static)	1			JSON/js/teach-access.js:2					uteach.dfm:6460	GoButton140Click	uteach.cpp:3401-3472	40	MOT[].Gali_MotMove MOT[].MotorMove					UNVERIFIED
HW.teach.html	teach	SetButton020	TSpeedButton	Loader	tsInArm	69	OK-cmd				JSON/js/teach-access.js:2					uteach.dfm:6517	SetButton020Click	uteach.cpp:3517-3557	28	MOT[].ServoOnOff					clicked ; control.takeover ; motor.access(MInArmX) ; control.acquire ; motor.access(MInArmX) ; dom:29
HW.teach.html	teach	SetButton024	TSpeedButton	Hot Plate 1	tsInArm	69	OK-cmd				JSON/js/teach-access.js:2					uteach.dfm:6525	SetButton020Click	uteach.cpp:3517-3557	28	MOT[].ServoOnOff					clicked ; control.takeover ; motor.access(MInArmX) ; dom:56
HW.teach.html	teach	SetButton026	TSpeedButton	Hot Plate 2	tsInArm	69	OK-cmd				JSON/js/teach-access.js:2					uteach.dfm:6533	SetButton020Click	uteach.cpp:3517-3557	28	MOT[].ServoOnOff					clicked ; control.takeover ; motor.access(MInArmX) ; dom:35
HW.teach.html	teach	SetButton042	TSpeedButton	Shuttle 2	tsInArm	69	OK-cmd				JSON/js/teach-access.js:2					uteach.dfm:6541	SetButton020Click	uteach.cpp:3517-3557	28	MOT[].ServoOnOff					clicked ; control.takeover ; motor.access(MInArmX) ; dom:37
HW.teach.html	teach	SetButton040	TSpeedButton	Shuttle 1	tsInArm	69	OK-cmd				JSON/js/teach-access.js:2					uteach.dfm:6549	SetButton020Click	uteach.cpp:3517-3557	28	MOT[].ServoOnOff					clicked ; control.takeover ; motor.access(MInArmX) ; dom:56
HW.teach.html	teach	GoButton026	TSpeedButton	Go	tsInArm	69	OK-cmd				JSON/js/teach-access.js:2					uteach.dfm:6557	GoButton020Click	uteach.cpp:3559-3623	37	MOT[].Gali_MotMove MOT[].MotorMove					clicked ; control.takeover ; motor.access(MInArmX) ; dom:6140
HW.teach.html	teach	GoButton024	TSpeedButton	Go	tsInArm	69	OK-cmd				JSON/js/teach-access.js:2					uteach.dfm:6565	GoButton020Click	uteach.cpp:3559-3623	37	MOT[].Gali_MotMove MOT[].MotorMove					clicked ; control.acquire ; motor.access ; control.takeover ; motor.access(MInArmX) ; dom:6119
HW.teach.html	teach	GoButton020	TSpeedButton	Go	tsInArm	69	OK-cmd				JSON/js/teach-access.js:2					uteach.dfm:6573	GoButton020Click	uteach.cpp:3559-3623	37	MOT[].Gali_MotMove MOT[].MotorMove					clicked ; control.takeover ; motor.access(MInArmX) ; dom:6140
HW.teach.html	teach	GoButton040	TSpeedButton	Go	tsInArm	69	OK-cmd				JSON/js/teach-access.js:2					uteach.dfm:6581	GoButton020Click	uteach.cpp:3559-3623	37	MOT[].Gali_MotMove MOT[].MotorMove					clicked ; control.takeover ; motor.access(MInArmX) ; dom:6135
HW.teach.html	teach	GoButton042	TSpeedButton	Go	tsInArm	69	OK-cmd				JSON/js/teach-access.js:2					uteach.dfm:6589	GoButton020Click	uteach.cpp:3559-3623	37	MOT[].Gali_MotMove MOT[].MotorMove					clicked ; control.takeover ; motor.access(MInArmX) ; dom:6119
HW.teach.html	teach	SetButtonOCR	TSpeedButton	OCR	tsInArm	69	hidden(static)	1								uteach.dfm:6605	SetButton020Click	uteach.cpp:3517-3557	28	MOT[].ServoOnOff	False				UNVERIFIED
HW.teach.html	teach	GoButtonOCR	TSpeedButton	Go	tsInArm	69	hidden(static)	1								uteach.dfm:6614	GoButton020Click	uteach.cpp:3559-3623	37	MOT[].Gali_MotMove MOT[].MotorMove	False				UNVERIFIED
HW.teach.html	teach	SetButtonPreciser	TSpeedButton	Preciser	tsInArm	69	OK-cmd				JSON/js/teach-access.js:2					uteach.dfm:6632	SetButton020Click	uteach.cpp:3517-3557	28	MOT[].ServoOnOff					clicked ; control.takeover ; motor.access(MInArmX) ; control.acquire ; motor.access ; dom:56
HW.teach.html	teach	GoButtonPreciser	TSpeedButton	Go	tsInArm	69	OK-cmd				JSON/js/teach-access.js:2					uteach.dfm:6640	GoButton020Click	uteach.cpp:3559-3623	37	MOT[].Gali_MotMove MOT[].MotorMove					clicked ; control.takeover ; motor.access(MInArmX) ; dom:6135
HW.teach.html	teach	GoButton014	TSpeedButton	Go	tsInArm	69	OK-cmd				JSON/js/teach-access.js:2					uteach.dfm:6657	GoButton020Click	uteach.cpp:3559-3623	37	MOT[].Gali_MotMove MOT[].MotorMove					clicked ; control.takeover ; motor.access(MInArmX) ; dom:6121
HW.teach.html	teach	SetButton014	TSpeedButton	Auto Clean	tsInArm	69	OK-cmd				JSON/js/teach-access.js:2					uteach.dfm:6665	SetButton020Click	uteach.cpp:3517-3557	28	MOT[].ServoOnOff					clicked ; control.takeover ; motor.access(MInArmX) ; dom:30
HW.teach.html	teach	SetButtonRotate	TSpeedButton	Rotate Kit	tsInArm	69	OK-cmd				JSON/js/teach-access.js:2					uteach.dfm:6682	SetButton020Click	uteach.cpp:3517-3557	28	MOT[].ServoOnOff					clicked ; control.takeover ; motor.access(MInArmX) ; dom:56
HW.teach.html	teach	GoButtonRotate	TSpeedButton	Go	tsInArm	69	OK-cmd				JSON/js/teach-access.js:2					uteach.dfm:6690	GoButton020Click	uteach.cpp:3559-3623	37	MOT[].Gali_MotMove MOT[].MotorMove					clicked ; control.takeover ; motor.access(MInArmX) ; dom:6121
HW.teach.html	teach	btnBottom2DSet	TSpeedButton	Bottom 2DID	tsInArm	69	OK-cmd				JSON/js/teach-access.js:2					uteach.dfm:6707	SetButton020Click	uteach.cpp:3517-3557	28	MOT[].ServoOnOff					clicked ; control.takeover ; motor.access(MInArmX) ; dom:35
HW.teach.html	teach	btnBottom2DGo	TSpeedButton	Go	tsInArm	69	OK-cmd				JSON/js/teach-access.js:2					uteach.dfm:6715	GoButton020Click	uteach.cpp:3559-3623	37	MOT[].Gali_MotMove MOT[].MotorMove					clicked ; control.takeover ; motor.access(MInArmX) ; dom:6142
HW.teach.html	teach	SetDecayInButton	TSpeedButton	Decay	tsInArm	69	OK-cmd				JSON/js/teach-access.js:2					uteach.dfm:6732	SetButton020Click	uteach.cpp:3517-3557	28	MOT[].ServoOnOff					clicked ; control.takeover ; motor.access(MInArmX) ; dom:35
HW.teach.html	teach	GoDecayInButton	TSpeedButton	Go	tsInArm	69	OK-cmd				JSON/js/teach-access.js:2					uteach.dfm:6740	GoButton020Click	uteach.cpp:3559-3623	37	MOT[].Gali_MotMove MOT[].MotorMove					clicked ; control.acquire ; motor.access ; control.takeover ; motor.access(MInArmX) ; dom:6121
HW.teach.html	teach	SetBtnInPick	TSpeedButton	Picker Teach	tsInArm	69	hidden(static)	1			JSON/js/teach-access.js:2					uteach.dfm:6758	SetButton020Click	uteach.cpp:3517-3557	28	MOT[].ServoOnOff	False				UNVERIFIED
HW.teach.html	teach	GoBtnInPick	TSpeedButton	Go	tsInArm	69	hidden(static)	1			JSON/js/teach-access.js:2					uteach.dfm:6767	GoButton020Click	uteach.cpp:3559-3623	37	MOT[].Gali_MotMove MOT[].MotorMove	False				UNVERIFIED
HW.teach.html	teach	SetButtonNGBinBox	TSpeedButton	NG Bin Box	tsInArm	69	OK-cmd				JSON/js/teach-access.js:2					uteach.dfm:6785	SetButton020Click	uteach.cpp:3517-3557	28	MOT[].ServoOnOff					clicked ; control.takeover ; motor.access(MInArmX) ; dom:51
HW.teach.html	teach	GoButtonNGBinBox	TSpeedButton	Go	tsInArm	69	OK-cmd				JSON/js/teach-access.js:2					uteach.dfm:6793	GoButton020Click	uteach.cpp:3559-3623	37	MOT[].Gali_MotMove MOT[].MotorMove					clicked ; control.takeover ; motor.access(MInArmX) ; dom:6135
HW.teach.html	teach	SetBtnHP2Laser	TSpeedButton	HP 2 Laser	tsInArm	69	OK-cmd				JSON/js/teach-access.js:2					uteach.dfm:6810	SetButton020Click	uteach.cpp:3517-3557	28	MOT[].ServoOnOff					clicked ; control.takeover ; motor.access(MInArmX) ; dom:35
HW.teach.html	teach	GoBtnHP2Laser	TSpeedButton	Go	tsInArm	69	OK-cmd				JSON/js/teach-access.js:2					uteach.dfm:6818	GoButton020Click	uteach.cpp:3559-3623	37	MOT[].Gali_MotMove MOT[].MotorMove					clicked ; control.takeover ; motor.access(MInArmX) ; control.acquire ; motor.access ; dom:6163
HW.teach.html	teach	SetBtnHP1Laser	TSpeedButton	HP 1 Laser	tsInArm	69	OK-cmd				JSON/js/teach-access.js:2					uteach.dfm:6835	SetButton020Click	uteach.cpp:3517-3557	28	MOT[].ServoOnOff					clicked ; control.takeover ; motor.access(MInArmX) ; dom:51
HW.teach.html	teach	GoBtnHP1Laser	TSpeedButton	Go	tsInArm	69	OK-cmd				JSON/js/teach-access.js:2					uteach.dfm:6843	GoButton020Click	uteach.cpp:3559-3623	37	MOT[].Gali_MotMove MOT[].MotorMove					clicked ; control.takeover ; motor.access(MInArmX) ; dom:6114
HW.teach.html	teach	SetButtonPick1	TSpeedButton	Loader	tsInArm	77	OK-cmd				JSON/js/teach-access.js:2					uteach.dfm:7429	SetButton140Click	uteach.cpp:3360-3399	23	MOT[].ServoOnOff					clicked ; control.takeover ; motor.access(MInArmX) ; dom:33
HW.teach.html	teach	GoButtonPick1	TSpeedButton	Go	tsInArm	77	OK-cmd				JSON/js/teach-access.js:2					uteach.dfm:7437	GoButton140Click	uteach.cpp:3401-3472	40	MOT[].Gali_MotMove MOT[].MotorMove					clicked ; control.takeover ; motor.access(MInArmX) ; control.acquire ; motor.access ; dom:6159
HW.teach.html	teach	SetButtonPick2	TSpeedButton	Hot Plate	tsInArm	77	OK-cmd				JSON/js/teach-access.js:2					uteach.dfm:7463	SetButton140Click	uteach.cpp:3360-3399	23	MOT[].ServoOnOff					clicked ; control.takeover ; motor.access(MInArmX) ; dom:31
HW.teach.html	teach	GoButtonPick2	TSpeedButton	Go	tsInArm	77	OK-cmd				JSON/js/teach-access.js:2					uteach.dfm:7471	GoButton140Click	uteach.cpp:3401-3472	40	MOT[].Gali_MotMove MOT[].MotorMove					clicked ; control.takeover ; motor.access(MInArmX) ; dom:6117
HW.teach.html	teach	SetBtnAutoCleanPick2	TSpeedButton	AutoClean	tsInArm	77	OK-cmd				JSON/js/teach-access.js:2					uteach.dfm:7497	SetButton140Click	uteach.cpp:3360-3399	23	MOT[].ServoOnOff					clicked ; control.takeover ; motor.access(MInArmX) ; dom:52
HW.teach.html	teach	GoBtnAutoCleanPick2	TSpeedButton	Go	tsInArm	77	OK-cmd				JSON/js/teach-access.js:2					uteach.dfm:7505	GoButton140Click	uteach.cpp:3401-3472	40	MOT[].Gali_MotMove MOT[].MotorMove					clicked ; control.takeover ; motor.access(MInArmX) ; dom:6117
HW.teach.html	teach	SetButtonPick3	TSpeedButton	Rotate	tsInArm	77	OK-cmd				JSON/js/teach-access.js:2					uteach.dfm:7533	SetButton140Click	uteach.cpp:3360-3399	23	MOT[].ServoOnOff					clicked ; control.takeover ; motor.access(MInArmX) ; control.acquire ; motor.access(MInArmX) ; dom:53
HW.teach.html	teach	GoButtonPick3	TSpeedButton	Go	tsInArm	77	OK-cmd				JSON/js/teach-access.js:2					uteach.dfm:7541	GoButton140Click	uteach.cpp:3401-3472	40	MOT[].Gali_MotMove MOT[].MotorMove					clicked ; control.acquire ; motor.access ; control.takeover ; motor.access(MInArmX) ; dom:6136
HW.teach.html	teach	SetBtnPlacePreciser	TSpeedButton	Preciser	tsInArm	77	OK-cmd				JSON/js/teach-access.js:2					uteach.dfm:7575	SetButton140Click	uteach.cpp:3360-3399	23	MOT[].ServoOnOff					clicked ; control.takeover ; motor.access(MInArmX) ; dom:33
HW.teach.html	teach	GoBtnPlacePreciser	TSpeedButton	Go	tsInArm	77	OK-cmd				JSON/js/teach-access.js:2					uteach.dfm:7583	GoButton140Click	uteach.cpp:3401-3472	40	MOT[].Gali_MotMove MOT[].MotorMove					clicked ; control.acquire ; motor.access(MInArmX) ; control.takeover ; motor.access(MInArmX) ; dom:6133
HW.teach.html	teach	SetButtonPlaceNGBinBox	TSpeedButton	NG Bin Box	tsInArm	77	OK-cmd				JSON/js/teach-access.js:2					uteach.dfm:7609	SetButton140Click	uteach.cpp:3360-3399	23	MOT[].ServoOnOff					clicked ; control.takeover ; motor.access(MInArmX) ; dom:31
HW.teach.html	teach	GoButtonPlaceNGBinBox	TSpeedButton	Go	tsInArm	77	OK-cmd				JSON/js/teach-access.js:2					uteach.dfm:7617	GoButton140Click	uteach.cpp:3401-3472	40	MOT[].Gali_MotMove MOT[].MotorMove					clicked ; control.takeover ; motor.access(MInArmX) ; control.acquire ; motor.access ; control.acquire ; motor.access(MInArmX) ; dom:6133
HW.teach.html	teach	SetButtonPlace4	TSpeedButton	Rotate	tsInArm	77	OK-cmd				JSON/js/teach-access.js:2					uteach.dfm:7642	SetButton140Click	uteach.cpp:3360-3399	23	MOT[].ServoOnOff					clicked ; control.takeover ; motor.access(MInArmX) ; dom:49
HW.teach.html	teach	GoButtonPlace4	TSpeedButton	Go	tsInArm	77	OK-cmd				JSON/js/teach-access.js:2					uteach.dfm:7650	GoButton140Click	uteach.cpp:3401-3472	40	MOT[].Gali_MotMove MOT[].MotorMove					clicked ; control.takeover ; motor.access(MInArmX) ; dom:6112
HW.teach.html	teach	SetButtonPlace3	TSpeedButton	Shuttle	tsInArm	77	OK-cmd				JSON/js/teach-access.js:2					uteach.dfm:7676	SetButton140Click	uteach.cpp:3360-3399	23	MOT[].ServoOnOff					clicked ; control.takeover ; motor.access(MInArmX) ; control.acquire ; motor.access(MInArmX) ; dom:28
HW.teach.html	teach	GoButtonPlace3	TSpeedButton	Go	tsInArm	77	OK-cmd				JSON/js/teach-access.js:2					uteach.dfm:7684	GoButton140Click	uteach.cpp:3401-3472	40	MOT[].Gali_MotMove MOT[].MotorMove					clicked ; control.takeover ; motor.access(MInArmX) ; dom:6133
HW.teach.html	teach	GoButton030	TSpeedButton	Go	tsInArm	77	OK-cmd				JSON/js/teach-access.js:2					uteach.dfm:7710	GoButton140Click	uteach.cpp:3401-3472	40	MOT[].Gali_MotMove MOT[].MotorMove					clicked ; control.takeover ; motor.access(MInArmX) ; dom:6136
HW.teach.html	teach	SetButton030	TSpeedButton	Z Safe Height	tsInArm	77	hidden(static)	1			JSON/js/teach-access.js:2					uteach.dfm:7718	SetButton140Click	uteach.cpp:3360-3399	23	MOT[].ServoOnOff	False				UNVERIFIED
HW.teach.html	teach	SetInSmartSetupButton	TSpeedButton	In Arm	tsInArm	77	hidden(static)	1								uteach.dfm:7751	SetButton020Click	uteach.cpp:3517-3557	28	MOT[].ServoOnOff					UNVERIFIED
HW.teach.html	teach	GoInSmartSetupButton	TSpeedButton	Go	tsInArm	77	hidden(static)	1								uteach.dfm:7759	GoButton020Click	uteach.cpp:3559-3623	37	MOT[].Gali_MotMove MOT[].MotorMove					UNVERIFIED
HW.teach.html	teach	SetInSmartSetup_ZButton	TSpeedButton	Z	tsInArm	77	hidden(static)	1								uteach.dfm:7788	SetButton140Click	uteach.cpp:3360-3399	23	MOT[].ServoOnOff					UNVERIFIED
HW.teach.html	teach	GoInSmartSetup_ZButton	TSpeedButton	Go	tsInArm	77	hidden(static)	1								uteach.dfm:7796	GoButton140Click	uteach.cpp:3401-3472	40	MOT[].Gali_MotMove MOT[].MotorMove					UNVERIFIED
HW.teach.html	teach	SetLoaderCassetteZStart	TSpeedButton	Cassette Z Start	tsInArm	77	OK-cmd				JSON/js/teach-access.js:2					uteach.dfm:7845	SetButton140Click	uteach.cpp:3360-3399	23	MOT[].ServoOnOff					clicked ; control.acquire ; motor.access(MInArmX) ; control.takeover ; motor.access(MInArmX) ; dom:32
HW.teach.html	teach	GoLoaderCassetteZStart	TSpeedButton	Go	tsInArm	77	OK-cmd				JSON/js/teach-access.js:2					uteach.dfm:7853	GoButton140Click	uteach.cpp:3401-3472	40	MOT[].Gali_MotMove MOT[].MotorMove					clicked ; control.takeover ; motor.access(MInArmX) ; dom:6133
HW.teach.html	teach	SetLoaderCassetteRear	TSpeedButton	LD Rear	tsInArm	77	OK-cmd				JSON/js/teach-access.js:2					uteach.dfm:7879	SetButton140Click	uteach.cpp:3360-3399	23	MOT[].ServoOnOff					clicked ; control.takeover ; motor.access(MInArmX) ; dom:52
HW.teach.html	teach	GoLoaderCassetteRear	TSpeedButton	Go	tsInArm	77	OK-cmd				JSON/js/teach-access.js:2					uteach.dfm:7887	GoButton140Click	uteach.cpp:3401-3472	40	MOT[].Gali_MotMove MOT[].MotorMove					clicked ; control.acquire ; motor.access ; control.takeover ; motor.access(MInArmX) ; dom:6112
HW.teach.html	teach	SetLoaderCassetteFrontBack	TSpeedButton	LD Front Back	tsInArm	77	OK-cmd				JSON/js/teach-access.js:2					uteach.dfm:7912	SetButton140Click	uteach.cpp:3360-3399	23	MOT[].ServoOnOff					clicked ; control.takeover ; motor.access(MInArmX) ; dom:49
HW.teach.html	teach	GoLoaderCassetteFrontBack	TSpeedButton	Go	tsInArm	77	OK-cmd				JSON/js/teach-access.js:2					uteach.dfm:7920	GoButton140Click	uteach.cpp:3401-3472	40	MOT[].Gali_MotMove MOT[].MotorMove					clicked ; control.takeover ; motor.access(MInArmX) ; dom:6133
HW.teach.html	teach	SetLoaderCassetteFront	TSpeedButton	LD Front	tsInArm	77	OK-cmd				JSON/js/teach-access.js:2					uteach.dfm:7946	SetButton140Click	uteach.cpp:3360-3399	23	MOT[].ServoOnOff					clicked ; control.takeover ; motor.access(MInArmX) ; dom:28
HW.teach.html	teach	GoLoaderCassetteFront	TSpeedButton	Go	tsInArm	77	OK-cmd				JSON/js/teach-access.js:2					uteach.dfm:7954	GoButton140Click	uteach.cpp:3401-3472	40	MOT[].Gali_MotMove MOT[].MotorMove					clicked ; control.takeover ; motor.access(MInArmX) ; control.acquire ; motor.access ; dom:6133
HW.teach.html	teach	SetLoaderCassetteRearBack	TSpeedButton	LD Rear Back	tsInArm	77	OK-cmd				JSON/js/teach-access.js:2					uteach.dfm:7980	SetButton140Click	uteach.cpp:3360-3399	23	MOT[].ServoOnOff					clicked ; control.takeover ; motor.access(MInArmX) ; dom:52
HW.teach.html	teach	GoLoaderCassetteRearBack	TSpeedButton	Go	tsInArm	77	OK-cmd				JSON/js/teach-access.js:2					uteach.dfm:7988	GoButton140Click	uteach.cpp:3401-3472	40	MOT[].Gali_MotMove MOT[].MotorMove					clicked ; control.takeover ; motor.access(MInArmX) ; dom:6112
HW.teach.html	teach	SetButton120	TSpeedButton	Fix 1	tsOutArm	77	OK-cmd				JSON/js/teach-access.js:2					uteach.dfm:8026	SetButton020Click	uteach.cpp:3517-3557	28	MOT[].ServoOnOff					clicked ; control.takeover ; motor.access(MInArmX) ; dom:53
HW.teach.html	teach	SetButton122	TSpeedButton	Fix 2	tsOutArm	77	OK-cmd				JSON/js/teach-access.js:2					uteach.dfm:8034	SetButton020Click	uteach.cpp:3517-3557	28	MOT[].ServoOnOff					clicked ; control.takeover ; motor.access(MInArmX) ; control.acquire ; motor.access ; dom:58
HW.teach.html	teach	SetButton124	TSpeedButton	Fix 3	tsOutArm	77	OK-cmd				JSON/js/teach-access.js:2					uteach.dfm:8042	SetButton020Click	uteach.cpp:3517-3557	28	MOT[].ServoOnOff					clicked ; control.takeover ; motor.access(MInArmX) ; dom:35
HW.teach.html	teach	SetButton082	TSpeedButton	Shuttle 2	tsOutArm	77	OK-cmd				JSON/js/teach-access.js:2					uteach.dfm:8050	SetButton020Click	uteach.cpp:3517-3557	28	MOT[].ServoOnOff					clicked ; control.takeover ; motor.access(MInArmX) ; dom:56
HW.teach.html	teach	SetButton080	TSpeedButton	Shuttle 1	tsOutArm	77	OK-cmd				JSON/js/teach-access.js:2					uteach.dfm:8058	SetButton020Click	uteach.cpp:3517-3557	28	MOT[].ServoOnOff					clicked ; control.takeover ; motor.access(MInArmX) ; dom:58
HW.teach.html	teach	SetButton100	TSpeedButton	Auto 1	tsOutArm	77	OK-cmd				JSON/js/teach-access.js:2					uteach.dfm:8066	SetButton020Click	uteach.cpp:3517-3557	28	MOT[].ServoOnOff					clicked ; control.takeover ; motor.access(MInArmX) ; dom:35
HW.teach.html	teach	SetButton102	TSpeedButton	Auto 2	tsOutArm	77	OK-cmd				JSON/js/teach-access.js:2					uteach.dfm:8074	SetButton020Click	uteach.cpp:3517-3557	28	MOT[].ServoOnOff					clicked ; control.acquire ; motor.access ; control.takeover ; motor.access(MInArmX) ; dom:37
HW.teach.html	teach	SetButton104	TSpeedButton	Auto 3	tsOutArm	77	OK-cmd				JSON/js/teach-access.js:2					uteach.dfm:8082	SetButton020Click	uteach.cpp:3517-3557	28	MOT[].ServoOnOff					clicked ; control.takeover ; motor.access(MInArmX) ; dom:56
HW.teach.html	teach	GoButton080	TSpeedButton	Go	tsOutArm	77	OK-cmd				JSON/js/teach-access.js:2					uteach.dfm:8090	GoButton020Click	uteach.cpp:3559-3623	37	MOT[].Gali_MotMove MOT[].MotorMove					clicked ; control.takeover ; motor.access(MInArmX) ; dom:6119
HW.teach.html	teach	GoButton082	TSpeedButton	Go	tsOutArm	77	OK-cmd				JSON/js/teach-access.js:2					uteach.dfm:8098	GoButton020Click	uteach.cpp:3559-3623	37	MOT[].Gali_MotMove MOT[].MotorMove					clicked ; control.takeover ; motor.access(MInArmX) ; dom:6119
HW.teach.html	teach	GoButton120	TSpeedButton	Go	tsOutArm	77	OK-cmd				JSON/js/teach-access.js:2					uteach.dfm:8106	GoButton020Click	uteach.cpp:3559-3623	37	MOT[].Gali_MotMove MOT[].MotorMove					clicked ; control.takeover ; motor.access(MInArmX) ; control.acquire ; motor.access ; dom:6163
HW.teach.html	teach	GoButton122	TSpeedButton	Go	tsOutArm	77	OK-cmd				JSON/js/teach-access.js:2					uteach.dfm:8114	GoButton020Click	uteach.cpp:3559-3623	37	MOT[].Gali_MotMove MOT[].MotorMove					clicked ; control.takeover ; motor.access(MInArmX) ; dom:6121
HW.teach.html	teach	GoButton124	TSpeedButton	Go	tsOutArm	77	OK-cmd				JSON/js/teach-access.js:2					uteach.dfm:8122	GoButton020Click	uteach.cpp:3559-3623	37	MOT[].Gali_MotMove MOT[].MotorMove					clicked ; control.takeover ; motor.access(MInArmX) ; dom:6119
HW.teach.html	teach	GoButton104	TSpeedButton	Go	tsOutArm	77	OK-cmd				JSON/js/teach-access.js:2					uteach.dfm:8130	GoButton020Click	uteach.cpp:3559-3623	37	MOT[].Gali_MotMove MOT[].MotorMove					clicked ; control.takeover ; motor.access(MInArmX) ; dom:6140
HW.teach.html	teach	GoButton102	TSpeedButton	Go	tsOutArm	77	OK-cmd				JSON/js/teach-access.js:2					uteach.dfm:8138	GoButton020Click	uteach.cpp:3559-3623	37	MOT[].Gali_MotMove MOT[].MotorMove					clicked ; control.takeover ; motor.access(MInArmX) ; control.acquire ; motor.access ; dom:6140
HW.teach.html	teach	GoButton100	TSpeedButton	Go	tsOutArm	77	OK-cmd				JSON/js/teach-access.js:2					uteach.dfm:8146	GoButton020Click	uteach.cpp:3559-3623	37	MOT[].Gali_MotMove MOT[].MotorMove					clicked ; control.takeover ; motor.access(MInArmX) ; dom:6121
HW.teach.html	teach	btnSetBtnFix4	TSpeedButton	Fix 4	tsOutArm	77	OK-cmd				JSON/js/teach-access.js:2					uteach.dfm:8162	SetButton020Click	uteach.cpp:3517-3557	28	MOT[].ServoOnOff					clicked ; control.takeover ; motor.access(MInArmX) ; dom:56
HW.teach.html	teach	btnSetBtnFix5	TSpeedButton	Fix 5	tsOutArm	77	OK-cmd				JSON/js/teach-access.js:2					uteach.dfm:8170	SetButton020Click	uteach.cpp:3517-3557	28	MOT[].ServoOnOff					clicked ; control.takeover ; motor.access(MInArmX) ; dom:30
HW.teach.html	teach	btnSetBtnFix6	TSpeedButton	Fix 6	tsOutArm	77	OK-cmd				JSON/js/teach-access.js:2					uteach.dfm:8178	SetButton020Click	uteach.cpp:3517-3557	28	MOT[].ServoOnOff					clicked ; control.takeover ; motor.access(MInArmX) ; dom:30
HW.teach.html	teach	btnSetBtnAuto4	TSpeedButton	Auto 4	tsOutArm	77	OK-cmd				JSON/js/teach-access.js:2					uteach.dfm:8186	SetButton020Click	uteach.cpp:3517-3557	28	MOT[].ServoOnOff					clicked ; control.takeover ; motor.access(MInArmX) ; control.acquire ; motor.access ; control.acquire ; motor.access(MInArmX) ; dom:55
HW.teach.html	teach	btnSetBtnAuto5	TSpeedButton	Auto 5	tsOutArm	77	OK-cmd				JSON/js/teach-access.js:2					uteach.dfm:8194	SetButton020Click	uteach.cpp:3517-3557	28	MOT[].ServoOnOff					clicked ; control.takeover ; motor.access(MInArmX) ; dom:51
HW.teach.html	teach	btnGoBtnFix4	TSpeedButton	Go	tsOutArm	77	OK-cmd				JSON/js/teach-access.js:2					uteach.dfm:8202	GoButton020Click	uteach.cpp:3559-3623	37	MOT[].Gali_MotMove MOT[].MotorMove					clicked ; control.takeover ; motor.access(MInArmX) ; dom:6119
HW.teach.html	teach	btnGoBtnFix5	TSpeedButton	Go	tsOutArm	77	OK-cmd				JSON/js/teach-access.js:2					uteach.dfm:8210	GoButton020Click	uteach.cpp:3559-3623	37	MOT[].Gali_MotMove MOT[].MotorMove					clicked ; control.acquire ; motor.access(MInArmX) ; control.takeover ; motor.access(MInArmX) ; dom:6135
HW.teach.html	teach	btnGoBtnFix6	TSpeedButton	Go	tsOutArm	77	OK-cmd				JSON/js/teach-access.js:2					uteach.dfm:8218	GoButton020Click	uteach.cpp:3559-3623	37	MOT[].Gali_MotMove MOT[].MotorMove					clicked ; control.takeover ; motor.access(MInArmX) ; control.acquire ; motor.access ; dom:6135
HW.teach.html	teach	btnGoBtnAuto5	TSpeedButton	Go	tsOutArm	77	OK-cmd				JSON/js/teach-access.js:2					uteach.dfm:8226	GoButton020Click	uteach.cpp:3559-3623	37	MOT[].Gali_MotMove MOT[].MotorMove					clicked ; control.takeover ; motor.access(MInArmX) ; control.acquire ; motor.access(MInArmX) ; dom:6140
HW.teach.html	teach	btnGoBtnAuto4	TSpeedButton	Go	tsOutArm	77	OK-cmd				JSON/js/teach-access.js:2					uteach.dfm:8234	GoButton020Click	uteach.cpp:3559-3623	37	MOT[].Gali_MotMove MOT[].MotorMove					clicked ; control.takeover ; motor.access(MInArmX) ; dom:6114
HW.teach.html	teach	btnSetBtnAuto6	TSpeedButton	Auto 6	tsOutArm	77	OK-cmd				JSON/js/teach-access.js:2					uteach.dfm:8250	SetButton020Click	uteach.cpp:3517-3557	28	MOT[].ServoOnOff					clicked ; control.takeover ; motor.access(MInArmX) ; dom:51
HW.teach.html	teach	btnGoBtnAuto6	TSpeedButton	Go	tsOutArm	77	OK-cmd				JSON/js/teach-access.js:2					uteach.dfm:8258	GoButton020Click	uteach.cpp:3559-3623	37	MOT[].Gali_MotMove MOT[].MotorMove					clicked ; control.takeover ; motor.access(MInArmX) ; control.acquire ; motor.access ; dom:6135
HW.teach.html	teach	SetDecayOutButton	TSpeedButton	Decay	tsOutArm	77	OK-cmd				JSON/js/teach-access.js:2					uteach.dfm:8276	SetButton020Click	uteach.cpp:3517-3557	28	MOT[].ServoOnOff					clicked ; control.takeover ; motor.access(MInArmX) ; dom:56
HW.teach.html	teach	GoDecayOutButton	TSpeedButton	Go	tsOutArm	77	OK-cmd				JSON/js/teach-access.js:2					uteach.dfm:8284	GoButton020Click	uteach.cpp:3559-3623	37	MOT[].Gali_MotMove MOT[].MotorMove					clicked ; control.takeover ; motor.access(MInArmX) ; control.acquire ; motor.access(MInArmX) ; dom:6135
HW.teach.html	teach	SetButtonRotateOut	TSpeedButton	Rotate Kit	tsOutArm	77	OK-cmd				JSON/js/teach-access.js:2					uteach.dfm:8301	SetButton020Click	uteach.cpp:3517-3557	28	MOT[].ServoOnOff					clicked ; control.takeover ; motor.access(MInArmX) ; dom:35
HW.teach.html	teach	GoButtonRotateOut	TSpeedButton	Go	tsOutArm	77	OK-cmd				JSON/js/teach-access.js:2					uteach.dfm:8309	GoButton020Click	uteach.cpp:3559-3623	37	MOT[].Gali_MotMove MOT[].MotorMove					clicked ; control.takeover ; motor.access(MInArmX) ; control.acquire ; motor.access ; dom:6163
HW.teach.html	teach	SetBtnOutPick	TSpeedButton	Picker Teach	tsOutArm	77	hidden(static)	1			JSON/js/teach-access.js:2					uteach.dfm:8327	SetButton020Click	uteach.cpp:3517-3557	28	MOT[].ServoOnOff	False				UNVERIFIED
HW.teach.html	teach	GoBtnOutPick	TSpeedButton	Go	tsOutArm	77	hidden(static)	1			JSON/js/teach-access.js:2					uteach.dfm:8336	GoButton020Click	uteach.cpp:3559-3623	37	MOT[].Gali_MotMove MOT[].MotorMove	False				UNVERIFIED
HW.teach.html	teach	btnSetBtnBinBox	TSpeedButton	Bin Box	tsOutArm	77	OK-cmd				JSON/js/teach-access.js:2					uteach.dfm:8354	SetButton020Click	uteach.cpp:3517-3557	28	MOT[].ServoOnOff					clicked ; control.takeover ; motor.access(MInArmX) ; dom:35
HW.teach.html	teach	btnGoBtnBinBox	TSpeedButton	Go	tsOutArm	77	OK-cmd				JSON/js/teach-access.js:2					uteach.dfm:8362	GoButton020Click	uteach.cpp:3559-3623	37	MOT[].Gali_MotMove MOT[].MotorMove					clicked ; control.takeover ; motor.access(MInArmX) ; dom:6142
HW.teach.html	teach	SetButtonPlace1	TSpeedButton	Fix	tsOutArm	77	OK-cmd				JSON/js/teach-access.js:2					uteach.dfm:9053	SetButton140Click	uteach.cpp:3360-3399	23	MOT[].ServoOnOff					clicked ; control.takeover ; motor.access(MInArmX) ; dom:33
HW.teach.html	teach	GoButtonPlace1	TSpeedButton	Go	tsOutArm	77	OK-cmd				JSON/js/teach-access.js:2					uteach.dfm:9061	GoButton140Click	uteach.cpp:3401-3472	40	MOT[].Gali_MotMove MOT[].MotorMove					clicked ; control.takeover ; motor.access(MInArmX) ; dom:6138
HW.teach.html	teach	SetButtonPlace2	TSpeedButton	Auto	tsOutArm	77	OK-cmd				JSON/js/teach-access.js:2					uteach.dfm:9087	SetButton140Click	uteach.cpp:3360-3399	23	MOT[].ServoOnOff					clicked ; control.takeover ; motor.access(MInArmX) ; dom:31
HW.teach.html	teach	GoButtonPlace2	TSpeedButton	Go	tsOutArm	77	OK-cmd				JSON/js/teach-access.js:2					uteach.dfm:9095	GoButton140Click	uteach.cpp:3401-3472	40	MOT[].Gali_MotMove MOT[].MotorMove					clicked ; control.takeover ; motor.access(MInArmX) ; dom:6138
HW.teach.html	teach	SetButtonPlace5	TSpeedButton	Rotate	tsOutArm	77	OK-cmd				JSON/js/teach-access.js:2					uteach.dfm:9121	SetButton140Click	uteach.cpp:3360-3399	23	MOT[].ServoOnOff					clicked ; control.takeover ; motor.access(MInArmX) ; dom:52
HW.teach.html	teach	GoButtonPlace5	TSpeedButton	Go	tsOutArm	77	OK-cmd				JSON/js/teach-access.js:2					uteach.dfm:9129	GoButton140Click	uteach.cpp:3401-3472	40	MOT[].Gali_MotMove MOT[].MotorMove					clicked ; control.takeover ; motor.access(MInArmX) ; dom:6117
HW.teach.html	teach	SetButtonPlace6	TSpeedButton	Fix2	tsOutArm	77	OK-cmd				JSON/js/teach-access.js:2					uteach.dfm:9155	SetButton140Click	uteach.cpp:3360-3399	23	MOT[].ServoOnOff					clicked ; control.acquire ; motor.access ; control.takeover ; motor.access(MInArmX) ; dom:52
HW.teach.html	teach	GoButtonPlace6	TSpeedButton	Go	tsOutArm	77	OK-cmd				JSON/js/teach-access.js:2					uteach.dfm:9163	GoButton140Click	uteach.cpp:3401-3472	40	MOT[].Gali_MotMove MOT[].MotorMove					clicked ; control.takeover ; motor.access(MInArmX) ; dom:6117
HW.teach.html	teach	btnSetBinBoxZ	TSpeedButton	Bin Box	tsOutArm	77	OK-cmd				JSON/js/teach-access.js:2					uteach.dfm:9189	SetButton140Click	uteach.cpp:3360-3399	23	MOT[].ServoOnOff					clicked ; control.takeover ; motor.access(MInArmX) ; dom:52
HW.teach.html	teach	btnGoBinBoxZ	TSpeedButton	Go	tsOutArm	77	OK-cmd				JSON/js/teach-access.js:2					uteach.dfm:9197	GoButton140Click	uteach.cpp:3401-3472	40	MOT[].Gali_MotMove MOT[].MotorMove					clicked ; control.takeover ; motor.access(MInArmX) ; dom:6138
HW.teach.html	teach	setBtnFix3L	TSpeedButton	Left	tsOutArm	77	OK-cmd				JSON/js/teach-access.js:2					uteach.dfm:9235	SetButton140Click	uteach.cpp:3360-3399	23	MOT[].ServoOnOff					clicked ; control.acquire ; motor.access ; control.takeover ; motor.access(MInArmX) ; dom:54
HW.teach.html	teach	GoBtnFix3L	TSpeedButton	GO	tsOutArm	77	OK-cmd				JSON/js/teach-access.js:2					uteach.dfm:9249	GoButton140Click	uteach.cpp:3401-3472	40	MOT[].Gali_MotMove MOT[].MotorMove					clicked ; control.takeover ; motor.access(MInArmX) ; dom:6133
HW.teach.html	teach	setBtnFix3R	TSpeedButton	Right	tsOutArm	77	OK-cmd				JSON/js/teach-access.js:2					uteach.dfm:9263	SetButton140Click	uteach.cpp:3360-3399	23	MOT[].ServoOnOff					clicked ; control.takeover ; motor.access(MInArmX) ; dom:28
HW.teach.html	teach	GoBtnFix3R	TSpeedButton	GO	tsOutArm	77	OK-cmd				JSON/js/teach-access.js:2					uteach.dfm:9277	GoButton140Click	uteach.cpp:3401-3472	40	MOT[].Gali_MotMove MOT[].MotorMove					clicked ; control.takeover ; motor.access(MInArmX) ; dom:6112
HW.teach.html	teach	SetButtonPick4	TSpeedButton	Shuttle	tsOutArm	77	OK-cmd				JSON/js/teach-access.js:2					uteach.dfm:9337	SetButton140Click	uteach.cpp:3360-3399	23	MOT[].ServoOnOff					clicked ; control.takeover ; motor.access(MInArmX) ; control.acquire ; motor.access ; dom:70
HW.teach.html	teach	GoButtonPick4	TSpeedButton	Go	tsOutArm	77	OK-cmd				JSON/js/teach-access.js:2					uteach.dfm:9345	GoButton140Click	uteach.cpp:3401-3472	40	MOT[].Gali_MotMove MOT[].MotorMove					clicked ; control.takeover ; motor.access(MInArmX) ; dom:6112
HW.teach.html	teach	SetButtonPick5	TSpeedButton	Rotate	tsOutArm	77	OK-cmd				JSON/js/teach-access.js:2					uteach.dfm:9371	SetButton140Click	uteach.cpp:3360-3399	23	MOT[].ServoOnOff					clicked ; control.takeover ; motor.access(MInArmX) ; dom:49
HW.teach.html	teach	GoButtonPick5	TSpeedButton	Go	tsOutArm	77	OK-cmd				JSON/js/teach-access.js:2					uteach.dfm:9379	GoButton140Click	uteach.cpp:3401-3472	40	MOT[].Gali_MotMove MOT[].MotorMove					clicked ; control.takeover ; motor.access(MInArmX) ; dom:6112
HW.teach.html	teach	btnOutZAllDown	TButton	All Down	tsOutArm	77	OK-cmd			HW.teach.html:216	page/ht9045_teach_zdown_c.js:30 page/ht9045_teach_zdown_c.js:36 JSON/js/motor-access.js:2					uteach.dfm:9405	btnOutZAllDownClick	uteach.cpp:4542-4562	16						clicked ; control.takeover ; motor.access(MInArmX) ; control.acquire ; motor.access ; dom:6154
HW.teach.html	teach	SetButton106	TSpeedButton	Z Safe Height	tsOutArm	77	hidden(static)	1			JSON/js/teach-access.js:2					uteach.dfm:9425	SetButton140Click	uteach.cpp:3360-3399	23	MOT[].ServoOnOff	False				UNVERIFIED
HW.teach.html	teach	GoButton106	TSpeedButton	Go	tsOutArm	77	hidden(static)	1			JSON/js/teach-access.js:2					uteach.dfm:9442	GoButton140Click	uteach.cpp:3401-3472	40	MOT[].Gali_MotMove MOT[].MotorMove	False				UNVERIFIED
HW.teach.html	teach	SetSpeedButtonWaitX	TSpeedButton	X	tsOutArm	77	hidden(static)	1								uteach.dfm:9491	SetButton140Click	uteach.cpp:3360-3399	23	MOT[].ServoOnOff	False				UNVERIFIED
HW.teach.html	teach	GoButtonX	TSpeedButton	Go	tsOutArm	77	hidden(static)	1								uteach.dfm:9501	GoButton140Click	uteach.cpp:3401-3472	40	MOT[].Gali_MotMove MOT[].MotorMove					UNVERIFIED
HW.teach.html	teach	SetSpeedButtonWaitY	TSpeedButton	Y	tsOutArm	77	hidden(static)	1								uteach.dfm:9509	SetButton140Click	uteach.cpp:3360-3399	23	MOT[].ServoOnOff					UNVERIFIED
HW.teach.html	teach	GoButtonY	TSpeedButton	Go	tsOutArm	77	hidden(static)	1								uteach.dfm:9517	GoButton140Click	uteach.cpp:3401-3472	40	MOT[].Gali_MotMove MOT[].MotorMove					UNVERIFIED
HW.teach.html	teach	SetOutSmartSetupButton	TSpeedButton	Out Atm	tsOutArm	77	greyed(probe)			HW.teach.html:217						uteach.dfm:9549	SetButton020Click	uteach.cpp:3517-3557	28	MOT[].ServoOnOff					greyed
HW.teach.html	teach	GoOutSmartSetupButton	TSpeedButton	Go	tsOutArm	77	greyed(probe)			HW.teach.html:218						uteach.dfm:9557	GoButton020Click	uteach.cpp:3559-3623	37	MOT[].Gali_MotMove MOT[].MotorMove					greyed
HW.teach.html	teach	SetOutSmartSetup_ZButton	TSpeedButton	Z	tsOutArm	77	greyed(probe)			HW.teach.html:219						uteach.dfm:9586	SetButton140Click	uteach.cpp:3360-3399	23	MOT[].ServoOnOff					greyed
HW.teach.html	teach	GoOutSmartSetup_ZButton	TSpeedButton	Go	tsOutArm	77	greyed(probe)			HW.teach.html:220						uteach.dfm:9594	GoButton140Click	uteach.cpp:3401-3472	40	MOT[].Gali_MotMove MOT[].MotorMove					greyed
HW.teach.html	teach	SetAuto1CassetteFront	TSpeedButton	Auto1 Front	tsOutArm>TabSheet11	77	OK-cmd				JSON/js/teach-access.js:2					uteach.dfm:9637	SetButton140Click	uteach.cpp:3360-3399	23	MOT[].ServoOnOff					clicked ; control.takeover ; motor.access(MInArmX) ; dom:27
HW.teach.html	teach	GoAuto1CassetteFront	TSpeedButton	Go	tsOutArm>TabSheet11	77	OK-cmd				JSON/js/teach-access.js:2					uteach.dfm:9645	GoButton140Click	uteach.cpp:3401-3472	40	MOT[].Gali_MotMove MOT[].MotorMove					clicked ; control.takeover ; motor.access(MInArmX) ; dom:6133
HW.teach.html	teach	SetAuto1CassetteFrontBack	TSpeedButton	Auto1 Front Back	tsOutArm>TabSheet11	77	OK-cmd				JSON/js/teach-access.js:2					uteach.dfm:9653	SetButton140Click	uteach.cpp:3360-3399	23	MOT[].ServoOnOff					clicked ; control.takeover ; motor.access(MInArmX) ; control.acquire ; motor.access(MInArmX) ; dom:53
HW.teach.html	teach	GoAuto1CassetteFrontBack	TSpeedButton	Go	tsOutArm>TabSheet11	77	OK-cmd				JSON/js/teach-access.js:2					uteach.dfm:9661	GoButton140Click	uteach.cpp:3401-3472	40	MOT[].Gali_MotMove MOT[].MotorMove					clicked ; control.takeover ; motor.access(MInArmX) ; dom:6112
HW.teach.html	teach	SetAuto1CassetteRear	TSpeedButton	Auto1 Rear	tsOutArm>TabSheet11	77	OK-cmd				JSON/js/teach-access.js:2					uteach.dfm:9669	SetButton140Click	uteach.cpp:3360-3399	23	MOT[].ServoOnOff					clicked ; control.takeover ; motor.access(MInArmX) ; dom:52
HW.teach.html	teach	GoAuto1CassetteRear	TSpeedButton	Go	tsOutArm>TabSheet11	77	OK-cmd				JSON/js/teach-access.js:2					uteach.dfm:9677	GoButton140Click	uteach.cpp:3401-3472	40	MOT[].Gali_MotMove MOT[].MotorMove					clicked ; control.acquire ; motor.access(MInArmX) ; control.takeover ; motor.access(MInArmX) ; control.acquire ; motor.access ; dom:6154
HW.teach.html	teach	SetAuto1CassetteRearBack	TSpeedButton	Auto1 Rear Back	tsOutArm>TabSheet11	77	OK-cmd				JSON/js/teach-access.js:2					uteach.dfm:9685	SetButton140Click	uteach.cpp:3360-3399	23	MOT[].ServoOnOff					clicked ; control.takeover ; motor.access(MInArmX) ; dom:52
HW.teach.html	teach	GoAuto1CassetteRearBack	TSpeedButton	Go	tsOutArm>TabSheet11	77	OK-cmd				JSON/js/teach-access.js:2					uteach.dfm:9693	GoButton140Click	uteach.cpp:3401-3472	40	MOT[].Gali_MotMove MOT[].MotorMove					clicked ; control.takeover ; motor.access(MInArmX) ; control.acquire ; motor.access(MInArmX) ; dom:6112
HW.teach.html	teach	SetAuto1CassetteZStart	TSpeedButton	Auto1 Cass Z Start	tsOutArm>TabSheet11	77	OK-cmd				JSON/js/teach-access.js:2					uteach.dfm:9701	SetButton140Click	uteach.cpp:3360-3399	23	MOT[].ServoOnOff					clicked ; control.takeover ; motor.access(MInArmX) ; dom:31
HW.teach.html	teach	GoAuto1CassetteZStart	TSpeedButton	Go	tsOutArm>TabSheet11	77	OK-cmd				JSON/js/teach-access.js:2					uteach.dfm:9709	GoButton140Click	uteach.cpp:3401-3472	40	MOT[].Gali_MotMove MOT[].MotorMove					clicked ; control.takeover ; motor.access(MInArmX) ; dom:6133
HW.teach.html	teach	GoAuto2CassetteFront	TSpeedButton	Go	tsOutArm>TabSheet17	77	OK-cmd				JSON/js/teach-access.js:2					uteach.dfm:9761	GoButton140Click	uteach.cpp:3401-3472	40	MOT[].Gali_MotMove MOT[].MotorMove					clicked ; control.takeover ; motor.access(MInArmX) ; dom:6137
HW.teach.html	teach	GoAuto2CassetteFrontBack	TSpeedButton	Go	tsOutArm>TabSheet17	77	OK-cmd				JSON/js/teach-access.js:2					uteach.dfm:9769	GoButton140Click	uteach.cpp:3401-3472	40	MOT[].Gali_MotMove MOT[].MotorMove					clicked ; control.takeover ; motor.access(MInArmX) ; dom:6116
HW.teach.html	teach	GoAuto2CassetteRear	TSpeedButton	Go	tsOutArm>TabSheet17	77	OK-cmd				JSON/js/teach-access.js:2					uteach.dfm:9777	GoButton140Click	uteach.cpp:3401-3472	40	MOT[].Gali_MotMove MOT[].MotorMove					clicked ; control.acquire ; motor.access(MInArmX) ; control.takeover ; motor.access(MInArmX) ; dom:6138
HW.teach.html	teach	GoAuto2CassetteRearBack	TSpeedButton	Go	tsOutArm>TabSheet17	77	OK-cmd				JSON/js/teach-access.js:2					uteach.dfm:9785	GoButton140Click	uteach.cpp:3401-3472	40	MOT[].Gali_MotMove MOT[].MotorMove					clicked ; control.takeover ; motor.access(MInArmX) ; control.acquire ; motor.access ; dom:6138
HW.teach.html	teach	GoAuto2CassetteZStart	TSpeedButton	Go	tsOutArm>TabSheet17	77	OK-cmd				JSON/js/teach-access.js:2					uteach.dfm:9793	GoButton140Click	uteach.cpp:3401-3472	40	MOT[].Gali_MotMove MOT[].MotorMove					clicked ; control.takeover ; motor.access(MInArmX) ; dom:6138
HW.teach.html	teach	SetAuto2CassetteFront	TSpeedButton	Auto2 Front	tsOutArm>TabSheet17	77	OK-cmd				JSON/js/teach-access.js:2					uteach.dfm:9801	SetButton140Click	uteach.cpp:3360-3399	23	MOT[].ServoOnOff					clicked ; control.takeover ; motor.access(MInArmX) ; dom:53
HW.teach.html	teach	SetAuto2CassetteFrontBack	TSpeedButton	Auto2 Front Back	tsOutArm>TabSheet17	77	OK-cmd				JSON/js/teach-access.js:2					uteach.dfm:9809	SetButton140Click	uteach.cpp:3360-3399	23	MOT[].ServoOnOff					clicked ; control.takeover ; motor.access(MInArmX) ; dom:32
HW.teach.html	teach	SetAuto2CassetteRear	TSpeedButton	Auto2 Rear	tsOutArm>TabSheet17	77	OK-cmd				JSON/js/teach-access.js:2					uteach.dfm:9817	SetButton140Click	uteach.cpp:3360-3399	23	MOT[].ServoOnOff					clicked ; control.takeover ; motor.access(MInArmX) ; dom:54
HW.teach.html	teach	SetAuto2CassetteRearBack	TSpeedButton	Auto2 Rear Back	tsOutArm>TabSheet17	77	OK-cmd				JSON/js/teach-access.js:2					uteach.dfm:9825	SetButton140Click	uteach.cpp:3360-3399	23	MOT[].ServoOnOff					clicked ; control.takeover ; motor.access(MInArmX) ; dom:33
HW.teach.html	teach	SetAuto2CassetteZStart	TSpeedButton	Auto2 Cass Z Start	tsOutArm>TabSheet17	77	OK-cmd				JSON/js/teach-access.js:2					uteach.dfm:9833	SetButton140Click	uteach.cpp:3360-3399	23	MOT[].ServoOnOff					clicked ; control.takeover ; motor.access(MInArmX) ; dom:54
HW.teach.html	teach	btnSetSortArmToSHT	TSpeedButton	Sort SHT	tsOutSort	77	OK-cmd				JSON/js/teach-access.js:2					uteach.dfm:9939	SetButton020Click	uteach.cpp:3517-3557	28	MOT[].ServoOnOff					clicked ; control.takeover ; motor.access(MInArmX) ; dom:34
HW.teach.html	teach	btnGoSortArmToSHT	TSpeedButton	Go	tsOutSort	77	OK-cmd				JSON/js/teach-access.js:2					uteach.dfm:9947	GoButton020Click	uteach.cpp:3559-3623	37	MOT[].Gali_MotMove MOT[].MotorMove					clicked ; control.takeover ; motor.access(MInArmX) ; dom:6135
HW.teach.html	teach	btnSetSortArmToAuto4	TSpeedButton	Auto 4	tsOutSort	77	OK-cmd				JSON/js/teach-access.js:2					uteach.dfm:9955	SetButton020Click	uteach.cpp:3517-3557	28	MOT[].ServoOnOff					clicked ; control.takeover ; motor.access(MInArmX) ; dom:35
HW.teach.html	teach	btnGoSortArmToAuto4	TSpeedButton	Go	tsOutSort	77	OK-cmd				JSON/js/teach-access.js:2					uteach.dfm:9963	GoButton020Click	uteach.cpp:3559-3623	37	MOT[].Gali_MotMove MOT[].MotorMove					clicked ; control.takeover ; motor.access(MInArmX) ; dom:6135
HW.teach.html	teach	btnSetSortArmToAuto5	TSpeedButton	Auto 5	tsOutSort	77	OK-cmd				JSON/js/teach-access.js:2					uteach.dfm:9971	SetButton020Click	uteach.cpp:3517-3557	28	MOT[].ServoOnOff					clicked ; control.takeover ; motor.access(MInArmX) ; dom:35
HW.teach.html	teach	btnGoSortArmToAuto5	TSpeedButton	Go	tsOutSort	77	OK-cmd				JSON/js/teach-access.js:2					uteach.dfm:9979	GoButton020Click	uteach.cpp:3559-3623	37	MOT[].Gali_MotMove MOT[].MotorMove					clicked ; control.takeover ; motor.access(MInArmX) ; dom:6135
HW.teach.html	teach	btnSetSortArmToAuto6	TSpeedButton	Auto 6	tsOutSort	77	OK-cmd				JSON/js/teach-access.js:2					uteach.dfm:9987	SetButton020Click	uteach.cpp:3517-3557	28	MOT[].ServoOnOff					clicked ; control.takeover ; motor.access(MInArmX) ; dom:35
HW.teach.html	teach	btnGoSortArmToAuto6	TSpeedButton	Go	tsOutSort	77	OK-cmd				JSON/js/teach-access.js:2					uteach.dfm:9995	GoButton020Click	uteach.cpp:3559-3623	37	MOT[].Gali_MotMove MOT[].MotorMove					clicked ; control.takeover ; motor.access(MInArmX) ; dom:6135
HW.teach.html	teach	btnSortXPitch	TSpeedButton	Sort X Pitch	tsOutSort	77	greyed(probe)				HW.teach.html:442 HW.teach.html:635 JSON/js/teach-access.js:2					uteach.dfm:10003	MotorTrayXClick	uteach.cpp:3630-3648	10						greyed
HW.teach.html	teach	btnGoSortArmXMin	TSpeedButton	Go	tsOutSort	77	OK-cmd				JSON/js/teach-access.js:2					uteach.dfm:10111	GoButton140Click	uteach.cpp:3401-3472	40	MOT[].Gali_MotMove MOT[].MotorMove					clicked ; control.takeover ; motor.access(MInArmX) ; dom:6137
HW.teach.html	teach	btnSetSortArmXMin	TSpeedButton	13.33mm	tsOutSort	77	OK-cmd				JSON/js/teach-access.js:2					uteach.dfm:10120	SetButton140Click	uteach.cpp:3360-3399	23	MOT[].ServoOnOff					clicked ; control.takeover ; motor.access(MInArmX) ; dom:49
HW.teach.html	teach	btnSetSortShtPick	TSpeedButton	Sort Shuttle	tsOutSort	77	OK-cmd				JSON/js/teach-access.js:2					uteach.dfm:10152	SetButton140Click	uteach.cpp:3360-3399	23	MOT[].ServoOnOff					clicked ; control.acquire ; motor.access ; control.takeover ; motor.access(MInArmX) ; dom:49
HW.teach.html	teach	btnGoSortShtPick	TSpeedButton	Go	tsOutSort	77	OK-cmd				JSON/js/teach-access.js:2					uteach.dfm:10160	GoButton140Click	uteach.cpp:3401-3472	40	MOT[].Gali_MotMove MOT[].MotorMove					clicked ; control.takeover ; motor.access(MInArmX) ; dom:6112
HW.teach.html	teach	btnSetAutoPlace	TSpeedButton	Auto	tsOutSort	77	OK-cmd				JSON/js/teach-access.js:2					uteach.dfm:10194	SetButton140Click	uteach.cpp:3360-3399	23	MOT[].ServoOnOff					clicked ; control.takeover ; motor.access(MInArmX) ; dom:49
HW.teach.html	teach	btnGoAutoPlace	TSpeedButton	Go	tsOutSort	77	OK-cmd				JSON/js/teach-access.js:2					uteach.dfm:10202	GoButton140Click	uteach.cpp:3401-3472	40	MOT[].Gali_MotMove MOT[].MotorMove					clicked ; control.takeover ; motor.access(MInArmX) ; dom:6112
HW.teach.html	teach	btnSetAllSortArmZ	TButton	Set Sort Arm Z	tsOutSort	77	greyed(probe)			HW.teach.html:221						uteach.dfm:10273	btnSetAllSortArmZClick	uteach.cpp:4437-4464	18						greyed
HW.teach.html	teach	btnGoSortZSafeHeight	TSpeedButton	Go	tsOutSort	77	OK-cmd				JSON/js/teach-access.js:2					uteach.dfm:10291	GoButton140Click	uteach.cpp:3401-3472	40	MOT[].Gali_MotMove MOT[].MotorMove					clicked ; control.acquire ; motor.access ; control.takeover ; motor.access(MInArmX) ; dom:6133
HW.teach.html	teach	btnSetSortZSafeHeight	TSpeedButton	Z Safe Height	tsOutSort	77	hidden(static)	1			JSON/js/teach-access.js:2					uteach.dfm:10299	SetButton140Click	uteach.cpp:3360-3399	23	MOT[].ServoOnOff	False				UNVERIFIED
HW.teach.html	teach	btnGoSortArmXMax	TSpeedButton	Go	tsOutSort	77	OK-cmd				JSON/js/teach-access.js:2					uteach.dfm:10348	GoButton140Click	uteach.cpp:3401-3472	40	MOT[].Gali_MotMove MOT[].MotorMove					clicked ; control.takeover ; motor.access(MInArmX) ; dom:6112
HW.teach.html	teach	btnSetSortArmXMax	TSpeedButton	40mm	tsOutSort	77	OK-cmd				JSON/js/teach-access.js:2					uteach.dfm:10357	SetButton140Click	uteach.cpp:3360-3399	23	MOT[].ServoOnOff					clicked ; control.takeover ; motor.access(MInArmX) ; dom:49
HW.teach.html	teach	btnSetSortArmZ	TSpeedButton	A-B Height	tsOutSort	77	greyed(probe)			HW.teach.html:222						uteach.dfm:10380									greyed
HW.teach.html	teach	btnGoSortArmZ	TSpeedButton	Go	tsOutSort	77	greyed(probe)			HW.teach.html:223						uteach.dfm:10387									greyed
HW.teach.html	teach	btnSetSortShtL	TSpeedButton	Sort Shuttle L	tsOutSort	77	OK-cmd				JSON/js/teach-access.js:2					uteach.dfm:10417	SetButton140Click	uteach.cpp:3360-3399	23	MOT[].ServoOnOff					clicked ; control.takeover ; motor.access(MInArmX) ; dom:32
HW.teach.html	teach	btnGoSortShtL	TSpeedButton	GO	tsOutSort	77	OK-cmd				JSON/js/teach-access.js:2					uteach.dfm:10431	GoButton140Click	uteach.cpp:3401-3472	40	MOT[].Gali_MotMove MOT[].MotorMove					clicked ; control.takeover ; motor.access(MInArmX) ; control.acquire ; motor.access(MInArmX) ; dom:6116
HW.teach.html	teach	btnSetSortShtR	TSpeedButton	Sort Shuttle R	tsOutSort	77	OK-cmd				JSON/js/teach-access.js:2					uteach.dfm:10445	SetButton140Click	uteach.cpp:3360-3399	23	MOT[].ServoOnOff					clicked ; control.takeover ; motor.access(MInArmX) ; dom:52
HW.teach.html	teach	btnGoSortShtR	TSpeedButton	GO	tsOutSort	77	OK-cmd				JSON/js/teach-access.js:2					uteach.dfm:10459	GoButton140Click	uteach.cpp:3401-3472	40	MOT[].Gali_MotMove MOT[].MotorMove					clicked ; control.takeover ; motor.access(MInArmX) ; dom:6117
HW.teach.html	teach	btnSetOutArmToSHT	TSpeedButton	Sort SHT	tsOutSort	77	OK-cmd				JSON/js/teach-access.js:2					uteach.dfm:10499	SetButton020Click	uteach.cpp:3517-3557	28	MOT[].ServoOnOff					clicked ; control.acquire ; motor.access(MInArmX) ; control.takeover ; motor.access(MInArmX) ; dom:55
HW.teach.html	teach	btnGoOutArmToSHT	TSpeedButton	Go	tsOutSort	77	OK-cmd				JSON/js/teach-access.js:2					uteach.dfm:10507	GoButton020Click	uteach.cpp:3559-3623	37	MOT[].Gali_MotMove MOT[].MotorMove					clicked ; control.takeover ; motor.access(MInArmX) ; dom:6121
HW.teach.html	teach	btnSetOutArmToSortShtPlace	TSpeedButton	Auto	tsOutSort	77	OK-cmd				JSON/js/teach-access.js:2					uteach.dfm:10570	SetButton140Click	uteach.cpp:3360-3399	23	MOT[].ServoOnOff					clicked ; control.takeover ; motor.access(MInArmX) ; control.acquire ; motor.access(MInArmX) ; dom:56
HW.teach.html	teach	btnGoOutArmToSortShtPlace	TSpeedButton	Go	tsOutSort	77	OK-cmd				JSON/js/teach-access.js:2					uteach.dfm:10578	GoButton140Click	uteach.cpp:3401-3472	40	MOT[].Gali_MotMove MOT[].MotorMove					clicked ; control.takeover ; motor.access(MInArmX) ; dom:6133
HW.teach.html	teach	setBtnLoaderZ	TSpeedButton	Loader	tsTrayArm	77	hidden(static)	1			JSON/js/teach-access.js:2					uteach.dfm:10694	SetButton140Click	uteach.cpp:3360-3399	23	MOT[].ServoOnOff					UNVERIFIED
HW.teach.html	teach	GoBtnLoaderZ	TSpeedButton	GO	tsTrayArm	77	hidden(static)	1			JSON/js/teach-access.js:2					uteach.dfm:10708	GoButton140Click	uteach.cpp:3401-3472	40	MOT[].Gali_MotMove MOT[].MotorMove					UNVERIFIED
HW.teach.html	teach	setBtnEmptyZ	TSpeedButton	Empty	tsTrayArm	77	hidden(static)	1			JSON/js/teach-access.js:2					uteach.dfm:10745	SetButton140Click	uteach.cpp:3360-3399	23	MOT[].ServoOnOff					UNVERIFIED
HW.teach.html	teach	GoBtnEmptyZ	TSpeedButton	GO	tsTrayArm	77	hidden(static)	1			JSON/js/teach-access.js:2					uteach.dfm:10759	GoButton140Click	uteach.cpp:3401-3472	40	MOT[].Gali_MotMove MOT[].MotorMove					UNVERIFIED
HW.teach.html	teach	setBtnColorZ	TSpeedButton	Color	tsTrayArm	77	hidden(static)	1			JSON/js/teach-access.js:2					uteach.dfm:10796	SetButton140Click	uteach.cpp:3360-3399	23	MOT[].ServoOnOff					UNVERIFIED
HW.teach.html	teach	GoBtnColorZ	TSpeedButton	GO	tsTrayArm	77	hidden(static)	1			JSON/js/teach-access.js:2					uteach.dfm:10810	GoButton140Click	uteach.cpp:3401-3472	40	MOT[].Gali_MotMove MOT[].MotorMove					UNVERIFIED
HW.teach.html	teach	GoBtnAuto1Z	TSpeedButton	GO	tsTrayArm	77	hidden(static)	1			JSON/js/teach-access.js:2					uteach.dfm:10847	GoButton140Click	uteach.cpp:3401-3472	40	MOT[].Gali_MotMove MOT[].MotorMove					UNVERIFIED
HW.teach.html	teach	setBtnAuto1Z	TSpeedButton	Auto 1	tsTrayArm	77	hidden(static)	1			JSON/js/teach-access.js:2					uteach.dfm:10861	SetButton140Click	uteach.cpp:3360-3399	23	MOT[].ServoOnOff					UNVERIFIED
HW.teach.html	teach	setBtnAuto2Z	TSpeedButton	Auto 2	tsTrayArm	77	hidden(static)	1			JSON/js/teach-access.js:2					uteach.dfm:10898	SetButton140Click	uteach.cpp:3360-3399	23	MOT[].ServoOnOff					UNVERIFIED
HW.teach.html	teach	GoBtnAuto2Z	TSpeedButton	GO	tsTrayArm	77	hidden(static)	1			JSON/js/teach-access.js:2					uteach.dfm:10912	GoButton140Click	uteach.cpp:3401-3472	40	MOT[].Gali_MotMove MOT[].MotorMove					UNVERIFIED
HW.teach.html	teach	setBtnAuto3Z	TSpeedButton	Auto 3	tsTrayArm	77	hidden(static)	1			JSON/js/teach-access.js:2					uteach.dfm:10949	SetButton140Click	uteach.cpp:3360-3399	23	MOT[].ServoOnOff					UNVERIFIED
HW.teach.html	teach	GoBtnAuto3Z	TSpeedButton	GO	tsTrayArm	77	hidden(static)	1			JSON/js/teach-access.js:2					uteach.dfm:10963	GoButton140Click	uteach.cpp:3401-3472	40	MOT[].Gali_MotMove MOT[].MotorMove					UNVERIFIED
HW.teach.html	teach	setBtnAuto4Z	TSpeedButton	Auto 4	tsTrayArm	77	hidden(static)	1			JSON/js/teach-access.js:2					uteach.dfm:11000	SetButton140Click	uteach.cpp:3360-3399	23	MOT[].ServoOnOff					UNVERIFIED
HW.teach.html	teach	GoBtnAuto4Z	TSpeedButton	GO	tsTrayArm	77	hidden(static)	1			JSON/js/teach-access.js:2					uteach.dfm:11014	GoButton140Click	uteach.cpp:3401-3472	40	MOT[].Gali_MotMove MOT[].MotorMove					UNVERIFIED
HW.teach.html	teach	setBtnAuto5Z	TSpeedButton	Auto 5	tsTrayArm	77	hidden(static)	1			JSON/js/teach-access.js:2					uteach.dfm:11051	SetButton140Click	uteach.cpp:3360-3399	23	MOT[].ServoOnOff					UNVERIFIED
HW.teach.html	teach	GoBtnAuto5Z	TSpeedButton	GO	tsTrayArm	77	hidden(static)	1			JSON/js/teach-access.js:2					uteach.dfm:11065	GoButton140Click	uteach.cpp:3401-3472	40	MOT[].Gali_MotMove MOT[].MotorMove					UNVERIFIED
HW.teach.html	teach	setBtnAuto6Z	TSpeedButton	Auto 6	tsTrayArm	77	hidden(static)	1			JSON/js/teach-access.js:2					uteach.dfm:11102	SetButton140Click	uteach.cpp:3360-3399	23	MOT[].ServoOnOff					UNVERIFIED
HW.teach.html	teach	GoBtnAuto6Z	TSpeedButton	GO	tsTrayArm	77	hidden(static)	1			JSON/js/teach-access.js:2					uteach.dfm:11116	GoButton140Click	uteach.cpp:3401-3472	40	MOT[].Gali_MotMove MOT[].MotorMove					UNVERIFIED
HW.teach.html	teach	SetButton140	TSpeedButton	Loader	tsTrayArm	77	OK-cmd				JSON/js/teach-access.js:2					uteach.dfm:11162	SetButton140Click	uteach.cpp:3360-3399	23	MOT[].ServoOnOff					clicked ; control.takeover ; motor.access(MInArmX) ; dom:52
HW.teach.html	teach	SetButton141	TSpeedButton	Empty	tsTrayArm	77	OK-cmd				JSON/js/teach-access.js:2					uteach.dfm:11170	SetButton140Click	uteach.cpp:3360-3399	23	MOT[].ServoOnOff					clicked ; control.takeover ; motor.access(MInArmX) ; dom:33
HW.teach.html	teach	SetButton142	TSpeedButton	Color	tsTrayArm	77	OK-cmd				page/ht9045_teach_3axes_c.js:174 JSON/js/teach-access.js:2					uteach.dfm:11178	SetButton140Click	uteach.cpp:3360-3399	23	MOT[].ServoOnOff					clicked ; control.takeover ; motor.access(MInArmX) ; dom:54
HW.teach.html	teach	SetButton143	TSpeedButton	Auto 1	tsTrayArm	77	OK-cmd				JSON/js/teach-access.js:2					uteach.dfm:11186	SetButton140Click	uteach.cpp:3360-3399	23	MOT[].ServoOnOff					clicked ; control.takeover ; motor.access(MInArmX) ; control.acquire ; motor.access(MInArmX) ; dom:54
HW.teach.html	teach	SetButton144	TSpeedButton	Auto 2	tsTrayArm	77	OK-cmd				JSON/js/teach-access.js:2					uteach.dfm:11194	SetButton140Click	uteach.cpp:3360-3399	23	MOT[].ServoOnOff					clicked ; control.takeover ; motor.access(MInArmX) ; dom:28
HW.teach.html	teach	SetButton145	TSpeedButton	Auto 3	tsTrayArm	77	OK-cmd				JSON/js/teach-access.js:2					uteach.dfm:11202	SetButton140Click	uteach.cpp:3360-3399	23	MOT[].ServoOnOff					clicked ; control.acquire ; motor.access ; control.takeover ; motor.access(MInArmX) ; dom:49
HW.teach.html	teach	GoButton140	TSpeedButton	GO	tsTrayArm	77	OK-cmd				JSON/js/teach-access.js:2					uteach.dfm:11210	GoButton140Click	uteach.cpp:3401-3472	40	MOT[].Gali_MotMove MOT[].MotorMove					clicked ; control.takeover ; motor.access(MInArmX) ; dom:6115
HW.teach.html	teach	GoButton141	TSpeedButton	GO	tsTrayArm	77	OK-cmd				JSON/js/teach-access.js:2					uteach.dfm:11218	GoButton140Click	uteach.cpp:3401-3472	40	MOT[].Gali_MotMove MOT[].MotorMove					clicked ; control.takeover ; motor.access(MInArmX) ; dom:6138
HW.teach.html	teach	GoButton142	TSpeedButton	GO	tsTrayArm	77	OK-cmd				page/ht9045_teach_3axes_c.js:174 JSON/js/teach-access.js:2					uteach.dfm:11226	GoButton140Click	uteach.cpp:3401-3472	40	MOT[].Gali_MotMove MOT[].MotorMove					clicked ; control.takeover ; motor.access(MInArmX) ; dom:6117
HW.teach.html	teach	GoButton143	TSpeedButton	GO	tsTrayArm	77	OK-cmd				JSON/js/teach-access.js:2					uteach.dfm:11234	GoButton140Click	uteach.cpp:3401-3472	40	MOT[].Gali_MotMove MOT[].MotorMove					clicked ; control.acquire ; motor.access ; control.takeover ; motor.access(MInArmX) ; dom:6138
HW.teach.html	teach	GoButton144	TSpeedButton	GO	tsTrayArm	77	OK-cmd				JSON/js/teach-access.js:2					uteach.dfm:11242	GoButton140Click	uteach.cpp:3401-3472	40	MOT[].Gali_MotMove MOT[].MotorMove					clicked ; control.takeover ; motor.access(MInArmX) ; dom:6112
HW.teach.html	teach	GoButton145	TSpeedButton	GO	tsTrayArm	77	OK-cmd				JSON/js/teach-access.js:2					uteach.dfm:11250	GoButton140Click	uteach.cpp:3401-3472	40	MOT[].Gali_MotMove MOT[].MotorMove					clicked ; control.takeover ; motor.access(MInArmX) ; dom:6133
HW.teach.html	teach	SetButton146	TSpeedButton	Clean	tsTrayArm	77	OK-cmd				page/ht9045_teach_3axes_c.js:173 JSON/js/teach-access.js:2					uteach.dfm:11273	SetButton140Click	uteach.cpp:3360-3399	23	MOT[].ServoOnOff					clicked ; control.takeover ; motor.access(MInArmX) ; dom:31
HW.teach.html	teach	GoButton146	TSpeedButton	GO	tsTrayArm	77	OK-cmd				page/ht9045_teach_3axes_c.js:173 JSON/js/teach-access.js:2					uteach.dfm:11281	GoButton140Click	uteach.cpp:3401-3472	40	MOT[].Gali_MotMove MOT[].MotorMove					clicked ; control.acquire ; motor.access ; control.takeover ; motor.access(MInArmX) ; dom:6133
HW.teach.html	teach	SetButton147	TSpeedButton	OCR	tsTrayArm	77	OK-cmd				page/ht9045_teach_3axes_c.js:173 JSON/js/teach-access.js:2					uteach.dfm:11289	SetButton140Click	uteach.cpp:3360-3399	23	MOT[].ServoOnOff					clicked ; control.takeover ; motor.access(MInArmX) ; dom:31
HW.teach.html	teach	GoButton147	TSpeedButton	GO	tsTrayArm	77	OK-cmd				page/ht9045_teach_3axes_c.js:173 JSON/js/teach-access.js:2					uteach.dfm:11297	GoButton140Click	uteach.cpp:3401-3472	40	MOT[].Gali_MotMove MOT[].MotorMove					clicked ; control.takeover ; motor.access(MInArmX) ; dom:6112
HW.teach.html	teach	btnAuto5	TSpeedButton	Auto 5	tsTrayArm	77	OK-cmd				JSON/js/teach-access.js:2					uteach.dfm:11305	SetButton140Click	uteach.cpp:3360-3399	23	MOT[].ServoOnOff			uteach.cpp:1859 Visible=(AUTO_EMPTY_COLOR>=3)		clicked ; control.takeover ; motor.access(MInArmX) ; dom:52
HW.teach.html	teach	GoBtnAuto5	TSpeedButton	GO	tsTrayArm	77	OK-cmd				JSON/js/teach-access.js:2					uteach.dfm:11313	GoButton140Click	uteach.cpp:3401-3472	40	MOT[].Gali_MotMove MOT[].MotorMove			uteach.cpp:1860 Visible=(AUTO_EMPTY_COLOR>=3)		clicked ; control.acquire ; motor.access ; control.takeover ; motor.access(MInArmX) ; dom:6133
HW.teach.html	teach	btnAuto6	TSpeedButton	Auto 6	tsTrayArm	77	OK-cmd				JSON/js/teach-access.js:2					uteach.dfm:11321	SetButton140Click	uteach.cpp:3360-3399	23	MOT[].ServoOnOff			uteach.cpp:1862 Visible=(AUTO_EMPTY_COLOR>=4)		clicked ; control.takeover ; motor.access(MInArmX) ; dom:49
HW.teach.html	teach	GoBtnAuto6	TSpeedButton	GO	tsTrayArm	77	OK-cmd				JSON/js/teach-access.js:2					uteach.dfm:11329	GoButton140Click	uteach.cpp:3401-3472	40	MOT[].Gali_MotMove MOT[].MotorMove			uteach.cpp:1863 Visible=(AUTO_EMPTY_COLOR>=4)		clicked ; control.takeover ; motor.access(MInArmX) ; dom:6112
HW.teach.html	teach	btnAuto4	TSpeedButton	Auto 4	tsTrayArm	77	OK-cmd				JSON/js/teach-access.js:2					uteach.dfm:11337	SetButton140Click	uteach.cpp:3360-3399	23	MOT[].ServoOnOff			uteach.cpp:1856 Visible=(AUTO_EMPTY_COLOR>=3)		clicked ; control.takeover ; motor.access(MInArmX) ; dom:49
HW.teach.html	teach	GoBtnAuto4	TSpeedButton	GO	tsTrayArm	77	OK-cmd				JSON/js/teach-access.js:2					uteach.dfm:11345	GoButton140Click	uteach.cpp:3401-3472	40	MOT[].Gali_MotMove MOT[].MotorMove			uteach.cpp:1857 Visible=(AUTO_EMPTY_COLOR>=3)		clicked ; control.takeover ; motor.access(MInArmX) ; control.acquire ; motor.access ; dom:6133
HW.teach.html	teach	SetButton160	TSpeedButton	Mapping	tsTrayArm	77	OK-cmd				JSON/js/teach-access.js:2					uteach.dfm:11449	SetButton140Click	uteach.cpp:3360-3399	23	MOT[].ServoOnOff					clicked ; control.takeover ; motor.access(MInArmX) ; dom:32
HW.teach.html	teach	GoButton160	TSpeedButton	GO	tsTrayArm	77	OK-cmd				JSON/js/teach-access.js:2					uteach.dfm:11457	GoButton140Click	uteach.cpp:3401-3472	40	MOT[].Gali_MotMove MOT[].MotorMove					clicked ; control.takeover ; motor.access(MInArmX) ; dom:6138
HW.teach.html	teach	SetButton161	TSpeedButton	ID	tsTrayArm	77	OK-cmd				JSON/js/teach-access.js:2					uteach.dfm:11486	SetButton140Click	uteach.cpp:3360-3399	23	MOT[].ServoOnOff					clicked ; control.takeover ; motor.access(MInArmX) ; dom:33
HW.teach.html	teach	GoButton161	TSpeedButton	GO	tsTrayArm	77	OK-cmd				JSON/js/teach-access.js:2					uteach.dfm:11494	GoButton140Click	uteach.cpp:3401-3472	40	MOT[].Gali_MotMove MOT[].MotorMove					clicked ; control.takeover ; motor.access(MInArmX) ; control.acquire ; motor.access ; dom:6159
HW.teach.html	teach	btnSetTZ9050LoaderUp	TSpeedButton	Set	tsTrayArm	77	hidden(static)	1			JSON/js/teach-access.js:2														UNVERIFIED
HW.teach.html	teach	btnGoTZ9050LoaderUp	TSpeedButton	GO	tsTrayArm	77	hidden(static)	1			JSON/js/teach-access.js:2														UNVERIFIED
HW.teach.html	teach	btnSetTZ9050LoaderDown	TSpeedButton	Set	tsTrayArm	77	hidden(static)	1			JSON/js/teach-access.js:2														UNVERIFIED
HW.teach.html	teach	btnGoTZ9050LoaderDown	TSpeedButton	GO	tsTrayArm	77	hidden(static)	1			JSON/js/teach-access.js:2														UNVERIFIED
HW.teach.html	teach	btnSetTZ9050LoaderHome	TSpeedButton	Set	tsTrayArm	77	hidden(static)	1			JSON/js/teach-access.js:2														UNVERIFIED
HW.teach.html	teach	btnGoTZ9050LoaderHome	TSpeedButton	GO	tsTrayArm	77	hidden(static)	1			JSON/js/teach-access.js:2														UNVERIFIED
HW.teach.html	teach	btnSetTZ9050EmptyUp	TSpeedButton	Set	tsTrayArm	77	hidden(static)	1			JSON/js/teach-access.js:2														UNVERIFIED
HW.teach.html	teach	btnGoTZ9050EmptyUp	TSpeedButton	GO	tsTrayArm	77	hidden(static)	1			JSON/js/teach-access.js:2														UNVERIFIED
HW.teach.html	teach	btnSetTZ9050EmptyDown	TSpeedButton	Set	tsTrayArm	77	hidden(static)	1			JSON/js/teach-access.js:2														UNVERIFIED
HW.teach.html	teach	btnGoTZ9050EmptyDown	TSpeedButton	GO	tsTrayArm	77	hidden(static)	1			JSON/js/teach-access.js:2														UNVERIFIED
HW.teach.html	teach	btnSetTZ9050EmptyHome	TSpeedButton	Set	tsTrayArm	77	hidden(static)	1			JSON/js/teach-access.js:2														UNVERIFIED
HW.teach.html	teach	btnGoTZ9050EmptyHome	TSpeedButton	GO	tsTrayArm	77	hidden(static)	1			JSON/js/teach-access.js:2														UNVERIFIED
HW.teach.html	teach	btnSetTZ9050Auto1Up	TSpeedButton	Set	tsTrayArm	77	hidden(static)	1			JSON/js/teach-access.js:2														UNVERIFIED
HW.teach.html	teach	btnGoTZ9050Auto1Up	TSpeedButton	GO	tsTrayArm	77	hidden(static)	1			JSON/js/teach-access.js:2														UNVERIFIED
HW.teach.html	teach	btnSetTZ9050Auto1Down	TSpeedButton	Set	tsTrayArm	77	hidden(static)	1			JSON/js/teach-access.js:2														UNVERIFIED
HW.teach.html	teach	btnGoTZ9050Auto1Down	TSpeedButton	GO	tsTrayArm	77	hidden(static)	1			JSON/js/teach-access.js:2														UNVERIFIED
HW.teach.html	teach	btnSetTZ9050Auto1Home	TSpeedButton	Set	tsTrayArm	77	hidden(static)	1			JSON/js/teach-access.js:2														UNVERIFIED
HW.teach.html	teach	btnGoTZ9050Auto1Home	TSpeedButton	GO	tsTrayArm	77	hidden(static)	1			JSON/js/teach-access.js:2														UNVERIFIED
HW.teach.html	teach	btnSetTZ9050Auto2Up	TSpeedButton	Set	tsTrayArm	77	hidden(static)	1			JSON/js/teach-access.js:2														UNVERIFIED
HW.teach.html	teach	btnGoTZ9050Auto2Up	TSpeedButton	GO	tsTrayArm	77	hidden(static)	1			JSON/js/teach-access.js:2														UNVERIFIED
HW.teach.html	teach	btnSetTZ9050Auto2Down	TSpeedButton	Set	tsTrayArm	77	hidden(static)	1			JSON/js/teach-access.js:2														UNVERIFIED
HW.teach.html	teach	btnGoTZ9050Auto2Down	TSpeedButton	GO	tsTrayArm	77	hidden(static)	1			JSON/js/teach-access.js:2														UNVERIFIED
HW.teach.html	teach	btnSetTZ9050Auto2Home	TSpeedButton	Set	tsTrayArm	77	hidden(static)	1			JSON/js/teach-access.js:2														UNVERIFIED
HW.teach.html	teach	btnGoTZ9050Auto2Home	TSpeedButton	GO	tsTrayArm	77	hidden(static)	1			JSON/js/teach-access.js:2														UNVERIFIED
HW.teach.html	teach	btnSetTZ9050Auto3Up	TSpeedButton	Set	tsTrayArm	77	hidden(static)	1			JSON/js/teach-access.js:2														UNVERIFIED
HW.teach.html	teach	btnGoTZ9050Auto3Up	TSpeedButton	GO	tsTrayArm	77	hidden(static)	1			JSON/js/teach-access.js:2														UNVERIFIED
HW.teach.html	teach	btnSetTZ9050Auto3Down	TSpeedButton	Set	tsTrayArm	77	hidden(static)	1			JSON/js/teach-access.js:2														UNVERIFIED
HW.teach.html	teach	btnGoTZ9050Auto3Down	TSpeedButton	GO	tsTrayArm	77	hidden(static)	1			JSON/js/teach-access.js:2														UNVERIFIED
HW.teach.html	teach	btnSetTZ9050Auto3Home	TSpeedButton	Set	tsTrayArm	77	hidden(static)	1			JSON/js/teach-access.js:2														UNVERIFIED
HW.teach.html	teach	btnGoTZ9050Auto3Home	TSpeedButton	GO	tsTrayArm	77	hidden(static)	1			JSON/js/teach-access.js:2														UNVERIFIED
HW.teach.html	teach	SetBtnLoaderZUp	TSpeedButton	Loader	tsTrayArm	77	hidden(static)	1			JSON/js/teach-access.js:2					uteach.dfm:11542	SetButton140Click	uteach.cpp:3360-3399	23	MOT[].ServoOnOff					UNVERIFIED
HW.teach.html	teach	GoBtnLoaderZUp	TSpeedButton	GO	tsTrayArm	77	hidden(static)	1			JSON/js/teach-access.js:2					uteach.dfm:11556	GoButton140Click	uteach.cpp:3401-3472	40	MOT[].Gali_MotMove MOT[].MotorMove					UNVERIFIED
HW.teach.html	teach	SetBtnEmptyZUp	TSpeedButton	Empty	tsTrayArm	77	hidden(static)	1			JSON/js/teach-access.js:2					uteach.dfm:11593	SetButton140Click	uteach.cpp:3360-3399	23	MOT[].ServoOnOff					UNVERIFIED
HW.teach.html	teach	GoBtnEmptyZUp	TSpeedButton	GO	tsTrayArm	77	hidden(static)	1			JSON/js/teach-access.js:2					uteach.dfm:11607	GoButton140Click	uteach.cpp:3401-3472	40	MOT[].Gali_MotMove MOT[].MotorMove					UNVERIFIED
HW.teach.html	teach	SetBtnColorZUp	TSpeedButton	Color	tsTrayArm	77	hidden(static)	1			JSON/js/teach-access.js:2					uteach.dfm:11644	SetButton140Click	uteach.cpp:3360-3399	23	MOT[].ServoOnOff					UNVERIFIED
HW.teach.html	teach	GoBtnColorZUp	TSpeedButton	GO	tsTrayArm	77	hidden(static)	1			JSON/js/teach-access.js:2					uteach.dfm:11658	GoButton140Click	uteach.cpp:3401-3472	40	MOT[].Gali_MotMove MOT[].MotorMove					UNVERIFIED
HW.teach.html	teach	GoBtnAuto1ZUp	TSpeedButton	GO	tsTrayArm	77	hidden(static)	1			JSON/js/teach-access.js:2					uteach.dfm:11695	GoButton140Click	uteach.cpp:3401-3472	40	MOT[].Gali_MotMove MOT[].MotorMove					UNVERIFIED
HW.teach.html	teach	SetBtnAuto1ZUp	TSpeedButton	Auto 1	tsTrayArm	77	hidden(static)	1			JSON/js/teach-access.js:2					uteach.dfm:11709	SetButton140Click	uteach.cpp:3360-3399	23	MOT[].ServoOnOff					UNVERIFIED
HW.teach.html	teach	SetBtnAuto2ZUp	TSpeedButton	Auto 2	tsTrayArm	77	hidden(static)	1			JSON/js/teach-access.js:2					uteach.dfm:11746	SetButton140Click	uteach.cpp:3360-3399	23	MOT[].ServoOnOff					UNVERIFIED
HW.teach.html	teach	GoBtnAuto2ZUp	TSpeedButton	GO	tsTrayArm	77	hidden(static)	1			JSON/js/teach-access.js:2					uteach.dfm:11760	GoButton140Click	uteach.cpp:3401-3472	40	MOT[].Gali_MotMove MOT[].MotorMove					UNVERIFIED
HW.teach.html	teach	SetBtnAuto3ZUp	TSpeedButton	Auto 3	tsTrayArm	77	hidden(static)	1			JSON/js/teach-access.js:2					uteach.dfm:11797	SetButton140Click	uteach.cpp:3360-3399	23	MOT[].ServoOnOff					UNVERIFIED
HW.teach.html	teach	GoBtnAuto3ZUp	TSpeedButton	GO	tsTrayArm	77	hidden(static)	1			JSON/js/teach-access.js:2					uteach.dfm:11811	GoButton140Click	uteach.cpp:3401-3472	40	MOT[].Gali_MotMove MOT[].MotorMove					UNVERIFIED
HW.teach.html	teach	GoBtnAuto4ZUp	TSpeedButton	GO	tsTrayArm	77	hidden(static)	1			JSON/js/teach-access.js:2					uteach.dfm:11848	GoButton140Click	uteach.cpp:3401-3472	40	MOT[].Gali_MotMove MOT[].MotorMove					UNVERIFIED
HW.teach.html	teach	SetBtnAuto4ZUp	TSpeedButton	Auto 4	tsTrayArm	77	hidden(static)	1			JSON/js/teach-access.js:2					uteach.dfm:11862	SetButton140Click	uteach.cpp:3360-3399	23	MOT[].ServoOnOff					UNVERIFIED
HW.teach.html	teach	SetBtnAuto5ZUp	TSpeedButton	Auto 5	tsTrayArm	77	hidden(static)	1			JSON/js/teach-access.js:2					uteach.dfm:11899	SetButton140Click	uteach.cpp:3360-3399	23	MOT[].ServoOnOff					UNVERIFIED
HW.teach.html	teach	GoBtnAuto5ZUp	TSpeedButton	GO	tsTrayArm	77	hidden(static)	1			JSON/js/teach-access.js:2					uteach.dfm:11913	GoButton140Click	uteach.cpp:3401-3472	40	MOT[].Gali_MotMove MOT[].MotorMove					UNVERIFIED
HW.teach.html	teach	SetBtnAuto6ZUp	TSpeedButton	Auto 6	tsTrayArm	77	hidden(static)	1			JSON/js/teach-access.js:2					uteach.dfm:11950	SetButton140Click	uteach.cpp:3360-3399	23	MOT[].ServoOnOff					UNVERIFIED
HW.teach.html	teach	GoBtnAuto6ZUp	TSpeedButton	GO	tsTrayArm	77	hidden(static)	1			JSON/js/teach-access.js:2					uteach.dfm:11964	GoButton140Click	uteach.cpp:3401-3472	40	MOT[].Gali_MotMove MOT[].MotorMove					UNVERIFIED
HW.teach.html	teach	sbLoaderYCarPos	TSpeedButton	Car	tsTrayArm	77	OK-cmd				JSON/js/teach-access.js:2					uteach.dfm:12001	SetButton140Click	uteach.cpp:3360-3399	23	MOT[].ServoOnOff					clicked ; control.takeover ; motor.access(MInArmX) ; dom:33
HW.teach.html	teach	GoBtnYCarPos	TSpeedButton	GO	tsTrayArm	77	OK-cmd				JSON/js/teach-access.js:2					uteach.dfm:12009	GoButton140Click	uteach.cpp:3401-3472	40	MOT[].Gali_MotMove MOT[].MotorMove					clicked ; control.takeover ; motor.access(MInArmX) ; dom:6117
HW.teach.html	teach	sbLoaderYOCRPos	TSpeedButton	OCR	tsTrayArm	77	OK-cmd				JSON/js/teach-access.js:2					uteach.dfm:12024	SetButton140Click	uteach.cpp:3360-3399	23	MOT[].ServoOnOff					clicked ; control.takeover ; motor.access(MInArmX) ; dom:54
HW.teach.html	teach	GoBtnYOCRPos	TSpeedButton	GO	tsTrayArm	77	OK-cmd				JSON/js/teach-access.js:2					uteach.dfm:12032	GoButton140Click	uteach.cpp:3401-3472	40	MOT[].Gali_MotMove MOT[].MotorMove					clicked ; control.takeover ; motor.access(MInArmX) ; control.acquire ; motor.access ; dom:6138
HW.teach.html	teach	sbLoaderYSurePos	TSpeedButton	Sure	tsTrayArm	77	OK-cmd				JSON/js/teach-access.js:2					uteach.dfm:12040	SetButton140Click	uteach.cpp:3360-3399	23	MOT[].ServoOnOff					clicked ; control.takeover ; motor.access(MInArmX) ; dom:52
HW.teach.html	teach	GoBtnYSurePos	TSpeedButton	GO	tsTrayArm	77	OK-cmd				JSON/js/teach-access.js:2					uteach.dfm:12048	GoButton140Click	uteach.cpp:3401-3472	40	MOT[].Gali_MotMove MOT[].MotorMove					clicked ; control.takeover ; motor.access(MInArmX) ; dom:6138
HW.teach.html	teach	btnAutoTeachZ	TSpeedButton	Auto Teach Z	tsAxleCtrl	77	greyed(probe)			HW.teach.html:190						uteach.dfm:12131	btnAutoTeachZClick	uteach.cpp:4593-4597	2						greyed
HW.teach.html	teach	MotorTrayX	TSpeedButton	X	tsAxleCtrl	77	OK-cmd				JSON/js/teach-access.js:2					uteach.dfm:12160	MotorTrayXClick	uteach.cpp:3630-3648	10						clicked ; control.acquire ; motor.access(MTrayX) ; dom:48
HW.teach.html	teach	MotorTrayZ	TSpeedButton	Z	tsAxleCtrl	77	hidden(static)	1			JSON/js/teach-access.js:2					uteach.dfm:12174	MotorTrayXClick	uteach.cpp:3630-3648	10		False		uteach.cpp:1828 Enabled=(TRAY_ARM_MODE==eUnderCoveyor) | uteach.cpp:1829 Visible=(TRAY_ARM_MODE==eUnderCoveyor)		UNVERIFIED
HW.teach.html	teach	MotorLoaderZ	TSpeedButton	Loader	tsAxleCtrl	77	hidden(static)	1			page/ht9045_teach_trayz_c.js:46 JSON/js/teach-access.js:2					uteach.dfm:12206	MotorTrayXClick	uteach.cpp:3630-3648	10						UNVERIFIED
HW.teach.html	teach	MotorEmptyZ	TSpeedButton	Empty	tsAxleCtrl	77	hidden(static)	1			page/ht9045_teach_trayz_c.js:46 JSON/js/teach-access.js:2					uteach.dfm:12220	MotorTrayXClick	uteach.cpp:3630-3648	10						UNVERIFIED
HW.teach.html	teach	MotorColorZ	TSpeedButton	Color	tsAxleCtrl	77	hidden(static)	1			page/ht9045_teach_trayz_c.js:46 JSON/js/teach-access.js:2					uteach.dfm:12234	MotorTrayXClick	uteach.cpp:3630-3648	10						UNVERIFIED
HW.teach.html	teach	MotorAuto1Z	TSpeedButton	Auto 1	tsAxleCtrl	77	hidden(static)	1			page/ht9045_teach_trayz_c.js:46 JSON/js/teach-access.js:2					uteach.dfm:12248	MotorTrayXClick	uteach.cpp:3630-3648	10						UNVERIFIED
HW.teach.html	teach	MotorAuto2Z	TSpeedButton	Auto 2	tsAxleCtrl	77	hidden(static)	1			page/ht9045_teach_trayz_c.js:46 JSON/js/teach-access.js:2					uteach.dfm:12262	MotorTrayXClick	uteach.cpp:3630-3648	10						UNVERIFIED
HW.teach.html	teach	MotorAuto3Z	TSpeedButton	Auto 3	tsAxleCtrl	77	hidden(static)	1			page/ht9045_teach_trayz_c.js:46 JSON/js/teach-access.js:2					uteach.dfm:12276	MotorTrayXClick	uteach.cpp:3630-3648	10						UNVERIFIED
HW.teach.html	teach	MotorAuto4Z	TSpeedButton	Auto 4	tsAxleCtrl	77	hidden(static)	1			page/ht9045_teach_trayz_c.js:47 JSON/js/teach-access.js:2					uteach.dfm:12307	MotorTrayXClick	uteach.cpp:3630-3648	10						UNVERIFIED
HW.teach.html	teach	MotorAuto5Z	TSpeedButton	Auto 5	tsAxleCtrl	77	hidden(static)	1			page/ht9045_teach_trayz_c.js:47 JSON/js/teach-access.js:2					uteach.dfm:12321	MotorTrayXClick	uteach.cpp:3630-3648	10						UNVERIFIED
HW.teach.html	teach	MotorAuto6Z	TSpeedButton	Auto 6	tsAxleCtrl	77	hidden(static)	1			page/ht9045_teach_trayz_c.js:47 JSON/js/teach-access.js:2					uteach.dfm:12335	MotorTrayXClick	uteach.cpp:3630-3648	10						UNVERIFIED
HW.teach.html	teach	btnLoaderY	TSpeedButton	Loader Y	tsAxleCtrl	77	OK-ui				HW.teach.html:442 HW.teach.html:637 JSON/js/teach-access.js:2					uteach.dfm:12363	MotorTrayXClick	uteach.cpp:3630-3648	10						clicked ; dom:26
HW.teach.html	teach	MotorLoaderYCCW	TSpeedButton	Loader CCW	tsAxleCtrl	77	greyed(probe)				HW.teach.html:456 JSON/js/teach-access.js:2					uteach.dfm:12377	MotorTrayXClick	uteach.cpp:3630-3648	10				uteach.cpp:1967 Visible=false | uteach.cpp:1977 Visible=false		greyed
HW.teach.html	teach	MotorAuto1YCCW	TSpeedButton	Auto 1 CCW	tsAxleCtrl	77	greyed(probe)				HW.teach.html:457 JSON/js/teach-access.js:2					uteach.dfm:12391	MotorTrayXClick	uteach.cpp:3630-3648	10				uteach.cpp:1969 Visible=false | uteach.cpp:1979 Visible=false		greyed
HW.teach.html	teach	MotorAuto2YCCW	TSpeedButton	Auto 2 CCW	tsAxleCtrl	77	greyed(probe)				HW.teach.html:457 JSON/js/teach-access.js:2					uteach.dfm:12405	MotorTrayXClick	uteach.cpp:3630-3648	10				uteach.cpp:1971 Visible=false | uteach.cpp:1981 Visible=false		greyed
HW.teach.html	teach	MotorAuto1YCW	TSpeedButton	Auto 1 CW	tsAxleCtrl	77	OK-ui				HW.teach.html:456 JSON/js/teach-access.js:2					uteach.dfm:12419	MotorTrayXClick	uteach.cpp:3630-3648	10				uteach.cpp:1968 Visible=false | uteach.cpp:1978 Visible=false		clicked ; dom:27
HW.teach.html	teach	MotorAuto2YCW	TSpeedButton	Auto 2 CW	tsAxleCtrl	77	OK-cmd				HW.teach.html:456 JSON/js/teach-access.js:2					uteach.dfm:12433	MotorTrayXClick	uteach.cpp:3630-3648	10				uteach.cpp:1970 Visible=false | uteach.cpp:1980 Visible=false		clicked ; control.acquire ; motor.access(MAuto1Y) ; dom:48
HW.teach.html	teach	btnLoaderRotZ	TSpeedButton	Loader Rot Z	tsAxleCtrl	77	greyed(probe)				HW.teach.html:442 HW.teach.html:637 JSON/js/teach-access.js:2					uteach.dfm:12447	MotorTrayXClick	uteach.cpp:3630-3648	10				uteach.cpp:1982 Visible=false | uteach.cpp:1989 Visible=false		greyed
HW.teach.html	teach	MotorCassLDZ	TSpeedButton	Loader	tsAxleCtrl	77	hidden(static)	1			HW.teach.html:458 JSON/js/teach-access.js:2					uteach.dfm:12478	MotorTrayXClick	uteach.cpp:3630-3648	10						UNVERIFIED
HW.teach.html	teach	MotorCassAuto1Z	TSpeedButton	Auto 1	tsAxleCtrl	77	hidden(static)	1			HW.teach.html:458 JSON/js/teach-access.js:2					uteach.dfm:12492	MotorTrayXClick	uteach.cpp:3630-3648	10						UNVERIFIED
HW.teach.html	teach	MotorCassAuto2Z	TSpeedButton	Auto 2	tsAxleCtrl	77	hidden(static)	1			HW.teach.html:458 JSON/js/teach-access.js:2					uteach.dfm:12506	MotorTrayXClick	uteach.cpp:3630-3648	10						UNVERIFIED
HW.teach.html	teach	MotorInSh2	TSpeedButton	X	tsAxleCtrl	77	OK-ui				HW.teach.html:445 JSON/js/teach-access.js:2					uteach.dfm:12545	MotorTrayXClick	uteach.cpp:3630-3648	10						clicked ; dom:26
HW.teach.html	teach	MotorInSh1	TSpeedButton	X	tsAxleCtrl	77	OK-cmd				HW.teach.html:445 JSON/js/teach-access.js:2					uteach.dfm:12573	MotorTrayXClick	uteach.cpp:3630-3648	10						clicked ; control.acquire ; motor.access(MInShuttle1) ; dom:47
HW.teach.html	teach	MotorOutSh2	TSpeedButton	X	tsAxleCtrl	77	OK-ui				HW.teach.html:446 JSON/js/teach-access.js:2 JSON/js/teach-access.js:2					uteach.dfm:12601	MotorTrayXClick	uteach.cpp:3630-3648	10						clicked ; dom:48
HW.teach.html	teach	MotorOutSh1	TSpeedButton	X	tsAxleCtrl	77	OK-ui				HW.teach.html:446 JSON/js/teach-access.js:2 JSON/js/teach-access.js:2					uteach.dfm:12629	MotorTrayXClick	uteach.cpp:3630-3648	10						clicked ; dom:27
HW.teach.html	teach	MotorIndexArm1Y	TSpeedButton	Y	tsAxleCtrl	77	OK-cmd				HW.teach.html:447 JSON/js/teach-access.js:2					uteach.dfm:12657	MotorTrayXClick	uteach.cpp:3630-3648	10						clicked ; control.acquire ; motor.access ; control.acquire ; motor.access(MTestY1) ; dom:47
HW.teach.html	teach	MotorIndexArm1Z	TSpeedButton	Z	tsAxleCtrl	77	OK-ui				HW.teach.html:447 JSON/js/teach-access.js:2					uteach.dfm:12671	MotorTrayXClick	uteach.cpp:3630-3648	10						clicked ; dom:26
HW.teach.html	teach	MotorIndexArm2Y	TSpeedButton	Y	tsAxleCtrl	77	OK-cmd				HW.teach.html:448 JSON/js/teach-access.js:2					uteach.dfm:12699	MotorTrayXClick	uteach.cpp:3630-3648	10						clicked ; control.acquire ; motor.access(MTestY2) ; dom:26
HW.teach.html	teach	MotorIndexArm2Z	TSpeedButton	Z	tsAxleCtrl	77	OK-ui				HW.teach.html:448 JSON/js/teach-access.js:2					uteach.dfm:12713	MotorTrayXClick	uteach.cpp:3630-3648	10						clicked ; dom:47
HW.teach.html	teach	MotorInRotateKit	TSpeedButton	In X	tsAxleCtrl	77	hidden(static)	1			JSON/js/teach-access.js:2					uteach.dfm:12742	MotorTrayXClick	uteach.cpp:3630-3648	10						UNVERIFIED
HW.teach.html	teach	MotorOutRotateKit	TSpeedButton	Out X	tsAxleCtrl	77	hidden(static)	1			JSON/js/teach-access.js:2					uteach.dfm:12757	MotorTrayXClick	uteach.cpp:3630-3648	10						UNVERIFIED
HW.teach.html	teach	MotorFix3	TSpeedButton	Fix3	tsAxleCtrl	77	greyed(probe)				HW.teach.html:453 JSON/js/teach-access.js:2					uteach.dfm:12786	MotorTrayXClick	uteach.cpp:3630-3648	10						greyed
HW.teach.html	teach	MotorSortSHT	TSpeedButton	X	tsAxleCtrl	77	hidden(static)	1			HW.teach.html:453 JSON/js/teach-access.js:2					uteach.dfm:12815	MotorTrayXClick	uteach.cpp:3630-3648	10						UNVERIFIED
HW.teach.html	teach	MotorInRA	TSpeedButton	In Rot A	tsAxleCtrl	77	hidden(static)	1			HW.teach.html:449 JSON/js/teach-access.js:2					uteach.dfm:12871	MotorTrayXClick	uteach.cpp:3630-3648	10						UNVERIFIED
HW.teach.html	teach	MotorInRC	TSpeedButton	In Rot C	tsAxleCtrl	77	hidden(static)	1			HW.teach.html:449 JSON/js/teach-access.js:2					uteach.dfm:12886	MotorTrayXClick	uteach.cpp:3630-3648	10				uteach.cpp:1669 Visible=((USE_ROTATE_KIT==1)&&(iRotate		UNVERIFIED
HW.teach.html	teach	MotorInRG	TSpeedButton	In Rot G	tsAxleCtrl	77	hidden(static)	1			HW.teach.html:450 JSON/js/teach-access.js:2					uteach.dfm:12901	MotorTrayXClick	uteach.cpp:3630-3648	10				uteach.cpp:1671 Visible=((USE_ROTATE_KIT==1)&&(iRotate		UNVERIFIED
HW.teach.html	teach	MotorInRB	TSpeedButton	In Rot B	tsAxleCtrl	77	hidden(static)	1			HW.teach.html:449 JSON/js/teach-access.js:2					uteach.dfm:12916	MotorTrayXClick	uteach.cpp:3630-3648	10						UNVERIFIED
HW.teach.html	teach	MotorInRF	TSpeedButton	In Rot F	tsAxleCtrl	77	hidden(static)	1			HW.teach.html:450 JSON/js/teach-access.js:2					uteach.dfm:12931	MotorTrayXClick	uteach.cpp:3630-3648	10						UNVERIFIED
HW.teach.html	teach	MotorInRH	TSpeedButton	In Rot H	tsAxleCtrl	77	hidden(static)	1			HW.teach.html:450 JSON/js/teach-access.js:2					uteach.dfm:12946	MotorTrayXClick	uteach.cpp:3630-3648	10				uteach.cpp:1672 Visible=((USE_ROTATE_KIT==1)&&(iRotate		UNVERIFIED
HW.teach.html	teach	MotorInRD	TSpeedButton	In Rot D	tsAxleCtrl	77	hidden(static)	1			HW.teach.html:449 JSON/js/teach-access.js:2					uteach.dfm:12961	MotorTrayXClick	uteach.cpp:3630-3648	10				uteach.cpp:1670 Visible=((USE_ROTATE_KIT==1)&&(iRotate		UNVERIFIED
HW.teach.html	teach	MotorInRE	TSpeedButton	In Rot E	tsAxleCtrl	77	hidden(static)	1			HW.teach.html:450 JSON/js/teach-access.js:2					uteach.dfm:12976	MotorTrayXClick	uteach.cpp:3630-3648	10						UNVERIFIED
HW.teach.html	teach	MotorOutRA	TSpeedButton	Out Rot A	tsAxleCtrl	77	hidden(static)	1			HW.teach.html:451 JSON/js/teach-access.js:2					uteach.dfm:13008	MotorTrayXClick	uteach.cpp:3630-3648	10				uteach.cpp:1673 Visible=((USE_ROTATE_KIT==1)&&(iRotate		UNVERIFIED
HW.teach.html	teach	MotorOutRC	TSpeedButton	Out Rot C	tsAxleCtrl	77	hidden(static)	1			HW.teach.html:451 JSON/js/teach-access.js:2					uteach.dfm:13023	MotorTrayXClick	uteach.cpp:3630-3648	10						UNVERIFIED
HW.teach.html	teach	MotorOutRB	TSpeedButton	Out Rot B	tsAxleCtrl	77	hidden(static)	1			HW.teach.html:451 JSON/js/teach-access.js:2					uteach.dfm:13038	MotorTrayXClick	uteach.cpp:3630-3648	10				uteach.cpp:1674 Visible=((USE_ROTATE_KIT==1)&&(iRotate		UNVERIFIED
HW.teach.html	teach	MotorOutRH	TSpeedButton	Out Rot H	tsAxleCtrl	77	hidden(static)	1			HW.teach.html:452 JSON/js/teach-access.js:2					uteach.dfm:13053	MotorTrayXClick	uteach.cpp:3630-3648	10						UNVERIFIED
HW.teach.html	teach	MotorOutRD	TSpeedButton	Out Rot D	tsAxleCtrl	77	hidden(static)	1			HW.teach.html:451 JSON/js/teach-access.js:2					uteach.dfm:13068	MotorTrayXClick	uteach.cpp:3630-3648	10						UNVERIFIED
HW.teach.html	teach	MotorOutRF	TSpeedButton	Out Rot F	tsAxleCtrl	77	hidden(static)	1			HW.teach.html:452 JSON/js/teach-access.js:2					uteach.dfm:13098	MotorTrayXClick	uteach.cpp:3630-3648	10				uteach.cpp:1676 Visible=((USE_ROTATE_KIT==1)&&(iRotate		UNVERIFIED
HW.teach.html	teach	MotorOutRE	TSpeedButton	Out Rot E	tsAxleCtrl	77	hidden(static)	1			HW.teach.html:452 JSON/js/teach-access.js:2					uteach.dfm:13113	MotorTrayXClick	uteach.cpp:3630-3648	10				uteach.cpp:1675 Visible=((USE_ROTATE_KIT==1)&&(iRotate		UNVERIFIED
HW.teach.html	teach	MotorOutRG	TSpeedButton	Out Rot G	tsAxleCtrl	77	hidden(static)	1			HW.teach.html:452 JSON/js/teach-access.js:2					uteach.dfm:13144	MotorTrayXClick	uteach.cpp:3630-3648	10						UNVERIFIED
HW.teach.html	teach	MotorOutArmX	TSpeedButton	X	tsAxleCtrl	77	OK-cmd				JSON/js/teach-access.js:2					uteach.dfm:13191	MotorTrayXClick	uteach.cpp:3630-3648	10						clicked ; control.acquire ; motor.access ; dom:47
HW.teach.html	teach	MotorOutArmY	TSpeedButton	Y	tsAxleCtrl	77	OK-ui				JSON/js/teach-access.js:2					uteach.dfm:13205	MotorTrayXClick	uteach.cpp:3630-3648	10						clicked ; dom:26
HW.teach.html	teach	MotorOutArmPitchX	TSpeedButton	X Pitch	tsAxleCtrl	77	OK-ui				HW.teach.html:442 HW.teach.html:444 JSON/js/teach-access.js:2					uteach.dfm:13219	MotorTrayXClick	uteach.cpp:3630-3648	10						clicked ; dom:47
HW.teach.html	teach	MotorOutArmZE	TSpeedButton	ZE	tsAxleCtrl	77	OK-ui				JSON/js/teach-access.js:2					uteach.dfm:13248	MotorTrayXClick	uteach.cpp:3630-3648	10						clicked ; dom:27
HW.teach.html	teach	MotorOutArmZA	TSpeedButton	ZA	tsAxleCtrl	77	OK-cmd				JSON/js/teach-access.js:2					uteach.dfm:13263	MotorTrayXClick	uteach.cpp:3630-3648	10						clicked ; control.acquire ; motor.access ; dom:47
HW.teach.html	teach	MotorOutArmZB	TSpeedButton	ZB	tsAxleCtrl	77	OK-ui				JSON/js/teach-access.js:2					uteach.dfm:13277	MotorTrayXClick	uteach.cpp:3630-3648	10						clicked ; dom:48
HW.teach.html	teach	MotorOutArmZC	TSpeedButton	ZC	tsAxleCtrl	77	OK-ui				JSON/js/teach-access.js:2					uteach.dfm:13291	MotorTrayXClick	uteach.cpp:3630-3648	10						clicked ; dom:27
HW.teach.html	teach	MotorOutArmZD	TSpeedButton	ZD	tsAxleCtrl	77	OK-ui				JSON/js/teach-access.js:2					uteach.dfm:13305	MotorTrayXClick	uteach.cpp:3630-3648	10						clicked ; dom:48
HW.teach.html	teach	MotorOutArmZF	TSpeedButton	ZF	tsAxleCtrl	77	OK-cmd				JSON/js/teach-access.js:2					uteach.dfm:13319	MotorTrayXClick	uteach.cpp:3630-3648	10						clicked ; control.acquire ; motor.access ; dom:69
HW.teach.html	teach	MotorOutArmZG	TSpeedButton	ZG	tsAxleCtrl	77	OK-ui				JSON/js/teach-access.js:2					uteach.dfm:13333	MotorTrayXClick	uteach.cpp:3630-3648	10						clicked ; dom:27
HW.teach.html	teach	MotorOutArmZH	TSpeedButton	ZH	tsAxleCtrl	77	OK-ui				JSON/js/teach-access.js:2					uteach.dfm:13347	MotorTrayXClick	uteach.cpp:3630-3648	10						clicked ; dom:48
HW.teach.html	teach	MotorOutArmPitchY	TSpeedButton	Y Pitch	tsAxleCtrl	77	hidden(static)	1			HW.teach.html:442 JSON/js/teach-access.js:2					uteach.dfm:13361	MotorTrayXClick	uteach.cpp:3630-3648	10		False		uteach.cpp:1743 Visible=(USE_OUT_Y_IS_AUTO_PITCH==iXYP		UNVERIFIED
HW.teach.html	teach	MotorOutArmPitchX2	TSpeedButton	X Pitch 2	tsAxleCtrl	77	OK-ui				HW.teach.html:442 JSON/js/teach-access.js:2					uteach.dfm:13376	MotorTrayXClick	uteach.cpp:3630-3648	10				uteach.cpp:1744 Visible=(USE_OUT_Y_IS_AUTO_PITCH==iXYP		clicked ; dom:27
HW.teach.html	teach	MotorOutArmPitchX3	TSpeedButton	X Pitch 3	tsAxleCtrl	77	OK-ui				HW.teach.html:442 JSON/js/teach-access.js:2					uteach.dfm:13390	MotorTrayXClick	uteach.cpp:3630-3648	10				uteach.cpp:1750 Visible=(USE_PICKER_COUNT==ep16Picker)		clicked ; dom:27
HW.teach.html	teach	MotorOutArmPitchX4	TSpeedButton	X Pitch 4	tsAxleCtrl	77	OK-cmd				HW.teach.html:442 JSON/js/teach-access.js:2					uteach.dfm:13404	MotorTrayXClick	uteach.cpp:3630-3648	10				uteach.cpp:1751 Visible=(USE_PICKER_COUNT==ep16Picker)		clicked ; control.acquire ; motor.access ; dom:48
HW.teach.html	teach	btnOutZAllUp	TButton	Out Z All Up	tsAxleCtrl	77	OK-cmd				page/ht9045_teach_armcell.js:306 page/ht9045_teach_zallup_c.js:39 page/ht9045_teach_zallup_c.js:48 JSON/js/motor-access.js:2					uteach.dfm:13418	btnOutZAllUpClick	uteach.cpp:4480-4492	8						clicked ; control.takeover ; motor.access(MOutArmPitchX4) ; dom:6111
HW.teach.html	teach	MotorOutArmZAe	TSpeedButton	Z Ae	tsAxleCtrl	77	greyed(probe)				JSON/js/teach-access.js:2					uteach.dfm:13441	MotorTrayXClick	uteach.cpp:3630-3648	10						greyed
HW.teach.html	teach	MotorOutArmZBe	TSpeedButton	Z Be	tsAxleCtrl	77	greyed(probe)				JSON/js/teach-access.js:2					uteach.dfm:13455	MotorTrayXClick	uteach.cpp:3630-3648	10						greyed
HW.teach.html	teach	MotorOutArmZAf	TSpeedButton	Z Af	tsAxleCtrl	77	greyed(probe)				JSON/js/teach-access.js:2					uteach.dfm:13469	MotorTrayXClick	uteach.cpp:3630-3648	10						greyed
HW.teach.html	teach	MotorOutArmZBf	TSpeedButton	Z Bf	tsAxleCtrl	77	greyed(probe)				JSON/js/teach-access.js:2					uteach.dfm:13483	MotorTrayXClick	uteach.cpp:3630-3648	10						greyed
HW.teach.html	teach	MotorOutArmZBg	TSpeedButton	Z Bg	tsAxleCtrl	77	greyed(probe)				JSON/js/teach-access.js:2					uteach.dfm:13497	MotorTrayXClick	uteach.cpp:3630-3648	10						greyed
HW.teach.html	teach	MotorOutArmZAh	TSpeedButton	Z Ah	tsAxleCtrl	77	greyed(probe)				JSON/js/teach-access.js:2					uteach.dfm:13511	MotorTrayXClick	uteach.cpp:3630-3648	10						greyed
HW.teach.html	teach	MotorOutArmZBh	TSpeedButton	Z Bh	tsAxleCtrl	77	greyed(probe)				JSON/js/teach-access.js:2					uteach.dfm:13525	MotorTrayXClick	uteach.cpp:3630-3648	10						greyed
HW.teach.html	teach	MotorOutArmZAg	TSpeedButton	Z Ag	tsAxleCtrl	77	greyed(probe)				JSON/js/teach-access.js:2					uteach.dfm:13539	MotorTrayXClick	uteach.cpp:3630-3648	10						greyed
HW.teach.html	teach	MotorInArmX	TSpeedButton	X	tsAxleCtrl	77	OK-cmd				JSON/js/teach-access.js:2					uteach.dfm:13584	MotorTrayXClick	uteach.cpp:3630-3648	10						clicked ; control.acquire ; motor.access(MInArmX) ; dom:27
HW.teach.html	teach	MotorInArmY	TSpeedButton	Y	tsAxleCtrl	77	OK-ui				JSON/js/teach-access.js:2					uteach.dfm:13599	MotorTrayXClick	uteach.cpp:3630-3648	10						clicked ; dom:26
HW.teach.html	teach	MotorInArmPitchX	TSpeedButton	X Pitch	tsAxleCtrl	77	OK-ui				HW.teach.html:442 HW.teach.html:444 JSON/js/teach-access.js:2					uteach.dfm:13614	MotorTrayXClick	uteach.cpp:3630-3648	10						clicked ; dom:47
HW.teach.html	teach	MotorInArmZA	TSpeedButton	ZA	tsAxleCtrl	77	OK-cmd				JSON/js/teach-access.js:2					uteach.dfm:13629	MotorTrayXClick	uteach.cpp:3630-3648	10						clicked ; control.acquire ; motor.access(MInArmPitch) ; dom:26
HW.teach.html	teach	MotorInArmZC	TSpeedButton	ZC	tsAxleCtrl	77	OK-cmd				JSON/js/teach-access.js:2					uteach.dfm:13644	MotorTrayXClick	uteach.cpp:3630-3648	10						clicked ; control.acquire ; motor.access ; dom:48
HW.teach.html	teach	MotorInArmZE	TSpeedButton	ZE	tsAxleCtrl	77	OK-cmd				JSON/js/teach-access.js:2					uteach.dfm:13674	MotorTrayXClick	uteach.cpp:3630-3648	10						clicked ; control.acquire ; motor.access(MInArmZE) ; dom:27
HW.teach.html	teach	MotorInArmZB	TSpeedButton	ZB	tsAxleCtrl	77	OK-ui				JSON/js/teach-access.js:2					uteach.dfm:13690	MotorTrayXClick	uteach.cpp:3630-3648	10						clicked ; dom:27
HW.teach.html	teach	MotorInArmZF	TSpeedButton	ZF	tsAxleCtrl	77	OK-ui				JSON/js/teach-access.js:2					uteach.dfm:13705	MotorTrayXClick	uteach.cpp:3630-3648	10						clicked ; dom:48
HW.teach.html	teach	MotorInArmPitchY	TSpeedButton	Y Pitch	tsAxleCtrl	77	hidden(static)	1			HW.teach.html:442 JSON/js/teach-access.js:2					uteach.dfm:13720	MotorTrayXClick	uteach.cpp:3630-3648	10		False		uteach.cpp:1741 Visible=(USE_IN_OUT_ARM_Y_PITCH==iXYPi		UNVERIFIED
HW.teach.html	teach	MotorInArmPitchX2	TSpeedButton	X Pitch 2	tsAxleCtrl	77	OK-cmd				HW.teach.html:442 JSON/js/teach-access.js:2					uteach.dfm:13736	MotorTrayXClick	uteach.cpp:3630-3648	10				uteach.cpp:1742 Visible=(USE_IN_OUT_ARM_Y_PITCH==iXYPi		clicked ; control.acquire ; motor.access(MInArmPitchX2) ; control.acquire ; motor.access ; dom:48
HW.teach.html	teach	MotorInArmZD	TSpeedButton	ZD	tsAxleCtrl	77	OK-ui				JSON/js/teach-access.js:2					uteach.dfm:13751	MotorTrayXClick	uteach.cpp:3630-3648	10						clicked ; dom:27
HW.teach.html	teach	MotorInArmPitchX3	TSpeedButton	X Pitch 3	tsAxleCtrl	77	OK-cmd				HW.teach.html:442 JSON/js/teach-access.js:2					uteach.dfm:13766	MotorTrayXClick	uteach.cpp:3630-3648	10				uteach.cpp:1748 Visible=(USE_PICKER_COUNT==ep16Picker)		clicked ; control.acquire ; motor.access(MInArmPitchX3) ; dom:48
HW.teach.html	teach	MotorInArmPitchX4	TSpeedButton	X Pitch 4	tsAxleCtrl	77	OK-ui				HW.teach.html:442 JSON/js/teach-access.js:2					uteach.dfm:13781	MotorTrayXClick	uteach.cpp:3630-3648	10				uteach.cpp:1749 Visible=(USE_PICKER_COUNT==ep16Picker)		clicked ; dom:27
HW.teach.html	teach	MotorInArmZG	TSpeedButton	ZG	tsAxleCtrl	77	OK-cmd				JSON/js/teach-access.js:2					uteach.dfm:13796	MotorTrayXClick	uteach.cpp:3630-3648	10						clicked ; control.acquire ; motor.access ; dom:69
HW.teach.html	teach	MotorInArmZH	TSpeedButton	ZH	tsAxleCtrl	77	OK-ui				JSON/js/teach-access.js:2					uteach.dfm:13811	MotorTrayXClick	uteach.cpp:3630-3648	10						clicked ; dom:48
HW.teach.html	teach	btnInZAllUp	TButton	In Z All Up	tsAxleCtrl	77	OK-cmd				page/ht9045_teach_armcell.js:306 page/ht9045_teach_zallup_c.js:38 page/ht9045_teach_zallup_c.js:48 JSON/js/motor-access.js:2					uteach.dfm:13826	btnInZAllUpClick	uteach.cpp:4466-4478	8						clicked ; control.takeover ; motor.access(MInArmZH) ; dom:6112
HW.teach.html	teach	MotorInArmZAe	TSpeedButton	Z Ae	tsAxleCtrl	77	OK-ui				JSON/js/teach-access.js:2					uteach.dfm:13849	MotorTrayXClick	uteach.cpp:3630-3648	10						clicked ; dom:50
HW.teach.html	teach	MotorInArmZAf	TSpeedButton	Z Af	tsAxleCtrl	77	OK-cmd				JSON/js/teach-access.js:2					uteach.dfm:13864	MotorTrayXClick	uteach.cpp:3630-3648	10						clicked ; control.acquire ; motor.access ; dom:48
HW.teach.html	teach	MotorInArmZAh	TSpeedButton	Z Ah	tsAxleCtrl	77	OK-ui				JSON/js/teach-access.js:2					uteach.dfm:13879	MotorTrayXClick	uteach.cpp:3630-3648	10						clicked ; dom:27
HW.teach.html	teach	MotorInArmZBe	TSpeedButton	Z Be	tsAxleCtrl	77	greyed(probe)				JSON/js/teach-access.js:2					uteach.dfm:13894	MotorTrayXClick	uteach.cpp:3630-3648	10						greyed
HW.teach.html	teach	MotorInArmZBg	TSpeedButton	Z Bg	tsAxleCtrl	77	greyed(probe)				JSON/js/teach-access.js:2					uteach.dfm:13909	MotorTrayXClick	uteach.cpp:3630-3648	10						greyed
HW.teach.html	teach	MotorInArmZBh	TSpeedButton	Z Bh	tsAxleCtrl	77	greyed(probe)				JSON/js/teach-access.js:2					uteach.dfm:13924	MotorTrayXClick	uteach.cpp:3630-3648	10						greyed
HW.teach.html	teach	MotorInArmZBf	TSpeedButton	Z Bf	tsAxleCtrl	77	greyed(probe)				JSON/js/teach-access.js:2					uteach.dfm:13939	MotorTrayXClick	uteach.cpp:3630-3648	10						greyed
HW.teach.html	teach	MotorInArmZAg	TSpeedButton	Z Ag	tsAxleCtrl	77	OK-ui				JSON/js/teach-access.js:2					uteach.dfm:13954	MotorTrayXClick	uteach.cpp:3630-3648	10						clicked ; dom:48
HW.teach.html	teach	MotorTopAOIArmX	TSpeedButton	Seat X	tsAxleCtrl	77	greyed(probe)				JSON/js/teach-access.js:2					uteach.dfm:13978	MotorTrayXClick	uteach.cpp:3630-3648	10						greyed
HW.teach.html	teach	MotorTopAOIArmY	TSpeedButton	Seat Y	tsAxleCtrl	77	greyed(probe)				JSON/js/teach-access.js:2					uteach.dfm:13992	MotorTrayXClick	uteach.cpp:3630-3648	10						greyed
HW.teach.html	teach	MotorTopAOIArmR	TSpeedButton	Seat R	tsAxleCtrl	77	greyed(probe)				JSON/js/teach-access.js:2					uteach.dfm:14006	MotorTrayXClick	uteach.cpp:3630-3648	10						greyed
HW.teach.html	teach	MotorTopAOICCDZ	TSpeedButton	Seat Z	tsAxleCtrl	77	greyed(probe)				JSON/js/teach-access.js:2					uteach.dfm:14020	MotorTrayXClick	uteach.cpp:3630-3648	10						greyed
HW.teach.html	teach	MotorInSh1LtcZ1	TSpeedButton	In Sh1 Z1	tsAxleCtrl	77	hidden(static)	1			HW.teach.html:459 JSON/js/teach-access.js:2					uteach.dfm:14049	MotorTrayXClick	uteach.cpp:3630-3648	10						UNVERIFIED
HW.teach.html	teach	MotorInSh1LtcZ2	TSpeedButton	In Sh1 Z2	tsAxleCtrl	77	hidden(static)	1			HW.teach.html:459 JSON/js/teach-access.js:2					uteach.dfm:14064	MotorTrayXClick	uteach.cpp:3630-3648	10						UNVERIFIED
HW.teach.html	teach	MotorInSh2LtcZ1	TSpeedButton	In Sh2 Z1	tsAxleCtrl	77	hidden(static)	1			HW.teach.html:460 JSON/js/teach-access.js:2					uteach.dfm:14079	MotorTrayXClick	uteach.cpp:3630-3648	10						UNVERIFIED
HW.teach.html	teach	MotorInSh2LtcZ2	TSpeedButton	In Sh2 Z2	tsAxleCtrl	77	hidden(static)	1			HW.teach.html:460 JSON/js/teach-access.js:2					uteach.dfm:14094	MotorTrayXClick	uteach.cpp:3630-3648	10						UNVERIFIED
HW.teach.html	teach	MotorSortArmX	TSpeedButton	X	tsAxleCtrl	77	hidden(static)	1			HW.teach.html:454 JSON/js/teach-access.js:2					uteach.dfm:14124	MotorTrayXClick	uteach.cpp:3630-3648	10						UNVERIFIED
HW.teach.html	teach	MotorSortArmY	TSpeedButton	Y	tsAxleCtrl	77	hidden(static)	1			HW.teach.html:454 JSON/js/teach-access.js:2					uteach.dfm:14138	MotorTrayXClick	uteach.cpp:3630-3648	10						UNVERIFIED
HW.teach.html	teach	MotorSortArmZA	TSpeedButton	ZA	tsAxleCtrl	77	hidden(static)	1			HW.teach.html:455 JSON/js/teach-access.js:2					uteach.dfm:14152	MotorTrayXClick	uteach.cpp:3630-3648	10						UNVERIFIED
HW.teach.html	teach	MotorSortArmPitchX	TSpeedButton	X Pitch	tsAxleCtrl	77	hidden(static)	1			HW.teach.html:442 HW.teach.html:454 JSON/js/teach-access.js:2					uteach.dfm:14166	MotorTrayXClick	uteach.cpp:3630-3648	10						UNVERIFIED
HW.teach.html	teach	MotorSortArmZB	TSpeedButton	ZB	tsAxleCtrl	77	hidden(static)	1			HW.teach.html:455 JSON/js/teach-access.js:2					uteach.dfm:14195	MotorTrayXClick	uteach.cpp:3630-3648	10						UNVERIFIED
HW.teach.html	teach	btnSortZAllUp	TButton	Sort Z All Up	tsAxleCtrl	77	hidden(static)	1								uteach.dfm:14210	btnSortZAllUpClick	uteach.cpp:4494-4503	6						UNVERIFIED
HW.teach.html	teach	SetBtnScannerAOI	TSpeedButton	Scanner AOI	tsAOI	77	OK-cmd				JSON/js/teach-access.js:2					uteach.dfm:14254	SetButton020Click	uteach.cpp:3517-3557	28	MOT[].ServoOnOff			uteach.cpp:1806 Visible=true		clicked ; control.takeover ; motor.access(MInArmZAg) ; dom:52
HW.teach.html	teach	GoBtnScannerAOI	TSpeedButton	Go	tsAOI	77	OK-cmd				JSON/js/teach-access.js:2					uteach.dfm:14268	GoButton020Click	uteach.cpp:3559-3623	37	MOT[].Gali_MotMove MOT[].MotorMove			uteach.cpp:1807 Visible=true		clicked ; control.takeover ; motor.access(MInArmZAg) ; control.acquire ; motor.access ; dom:6142
HW.teach.html	teach	SetBtnTopView	TSpeedButton	Top View	tsAOI	77	OK-cmd				JSON/js/teach-access.js:2					uteach.dfm:14304	SetButton020Click	uteach.cpp:3517-3557	28	MOT[].ServoOnOff					clicked ; control.takeover ; motor.access(MInArmZAg) ; dom:56
HW.teach.html	teach	GoBtnTopView	TSpeedButton	Go	tsAOI	77	OK-cmd				JSON/js/teach-access.js:2					uteach.dfm:14312	GoButton020Click	uteach.cpp:3559-3623	37	MOT[].Gali_MotMove MOT[].MotorMove					clicked ; control.takeover ; motor.access(MInArmZAg) ; dom:6142
HW.teach.html	teach	SetBtnPADView	TSpeedButton	Pad View	tsAOI	77	OK-cmd				JSON/js/teach-access.js:2					uteach.dfm:14348	SetButton020Click	uteach.cpp:3517-3557	28	MOT[].ServoOnOff					clicked ; control.takeover ; motor.access(MInArmZAg) ; dom:37
HW.teach.html	teach	GoBtnPADView	TSpeedButton	Go	tsAOI	77	OK-cmd				JSON/js/teach-access.js:2					uteach.dfm:14356	GoButton020Click	uteach.cpp:3559-3623	37	MOT[].Gali_MotMove MOT[].MotorMove					clicked ; control.takeover ; motor.access(MInArmZAg) ; dom:6142
HW.teach.html	teach	SetBtnBGAView	TSpeedButton	BGA View	tsAOI	77	OK-cmd				JSON/js/teach-access.js:2					uteach.dfm:14392	SetButton020Click	uteach.cpp:3517-3557	28	MOT[].ServoOnOff					clicked ; control.takeover ; motor.access(MInArmZAg) ; dom:37
HW.teach.html	teach	GoBtnBGAView	TSpeedButton	Go	tsAOI	77	OK-cmd				JSON/js/teach-access.js:2					uteach.dfm:14400	GoButton020Click	uteach.cpp:3559-3623	37	MOT[].Gali_MotMove MOT[].MotorMove					clicked ; control.takeover ; motor.access(MInArmZAg) ; dom:6142
HW.teach.html	teach	SetBtnSafePos	TSpeedButton	Safe Pos	tsAOI	77	OK-cmd				JSON/js/teach-access.js:2					uteach.dfm:14436	SetButton020Click	uteach.cpp:3517-3557	28	MOT[].ServoOnOff					clicked ; control.takeover ; motor.access(MInArmZAg) ; dom:35
HW.teach.html	teach	GoBtnSafePos	TSpeedButton	Go	tsAOI	77	OK-cmd				JSON/js/teach-access.js:2					uteach.dfm:14444	GoButton020Click	uteach.cpp:3559-3623	37	MOT[].Gali_MotMove MOT[].MotorMove					clicked ; control.takeover ; motor.access(MInArmZAg) ; dom:6142
HW.teach.html	teach	SetBtnTopView_Pick	TSpeedButton	Top View Pick	tsAOI	77	hidden(static)	1			JSON/js/teach-access.js:2					uteach.dfm:14520	SetButton140Click	uteach.cpp:3360-3399	23	MOT[].ServoOnOff					UNVERIFIED
HW.teach.html	teach	GoBtnTopView_Pick	TSpeedButton	Go	tsAOI	77	hidden(static)	1			JSON/js/teach-access.js:2					uteach.dfm:14534	GoButton140Click	uteach.cpp:3401-3472	40	MOT[].Gali_MotMove MOT[].MotorMove					UNVERIFIED
HW.teach.html	teach	SetBtnTopViewKit_Zup	TSpeedButton	Kit UP	tsAOI	77	hidden(static)	1			JSON/js/teach-access.js:2					uteach.dfm:14572	SetButton020Click	uteach.cpp:3517-3557	28	MOT[].ServoOnOff					UNVERIFIED
HW.teach.html	teach	GoBtnTopViewKit_Zup	TSpeedButton	Go	tsAOI	77	hidden(static)	1			JSON/js/teach-access.js:2					uteach.dfm:14586	GoButton140Click	uteach.cpp:3401-3472	40	MOT[].Gali_MotMove MOT[].MotorMove					UNVERIFIED
HW.teach.html	teach	SetBtnTopViewKit_Z	TSpeedButton	AOI WD (kit Down)	tsAOI	77	OK-cmd				JSON/js/teach-access.js:2					uteach.dfm:14662	SetButton020Click	uteach.cpp:3517-3557	28	MOT[].ServoOnOff					clicked ; control.acquire ; motor.access ; control.takeover ; motor.access(MInArmZAg) ; dom:50
HW.teach.html	teach	GoBtnTopViewKit_Z	TSpeedButton	Go	tsAOI	77	OK-cmd				JSON/js/teach-access.js:2					uteach.dfm:14676	GoButton140Click	uteach.cpp:3401-3472	40	MOT[].Gali_MotMove MOT[].MotorMove					clicked ; control.takeover ; motor.access(MInArmZAg) ; dom:6112
HW.teach.html	teach	SetBtnTopView_Place	TSpeedButton	Top View Place	tsAOI	77	OK-cmd				JSON/js/teach-access.js:2					uteach.dfm:14702	SetButton140Click	uteach.cpp:3360-3399	23	MOT[].ServoOnOff					clicked ; control.takeover ; motor.access(MInArmZAg) ; dom:52
HW.teach.html	teach	GoBtnTopView_Place	TSpeedButton	Go	tsAOI	77	OK-cmd				JSON/js/teach-access.js:2					uteach.dfm:14716	GoButton140Click	uteach.cpp:3401-3472	40	MOT[].Gali_MotMove MOT[].MotorMove					clicked ; control.takeover ; motor.access(MInArmX) ; dom:6134
HW.teach.html	teach	SetBtnPADView_Z	TSpeedButton	Pad View Z	tsAOI	77	OK-cmd				JSON/js/teach-access.js:2					uteach.dfm:14742	SetButton020Click	uteach.cpp:3517-3557	28	MOT[].ServoOnOff					clicked ; control.takeover ; motor.access(MInArmX) ; dom:31
HW.teach.html	teach	GoBtnPADView_Z	TSpeedButton	Go	tsAOI	77	OK-cmd				JSON/js/teach-access.js:2					uteach.dfm:14750	GoButton020Click	uteach.cpp:3559-3623	37	MOT[].Gali_MotMove MOT[].MotorMove					clicked ; control.takeover ; motor.access(MInArmX) ; control.acquire ; motor.access(MInArmX) ; dom:6134
HW.teach.html	teach	SetBtnBGAView_Z	TSpeedButton	BGA View Z	tsAOI	77	OK-cmd				JSON/js/teach-access.js:2					uteach.dfm:14776	SetButton020Click	uteach.cpp:3517-3557	28	MOT[].ServoOnOff					clicked ; control.takeover ; motor.access(MInArmX) ; dom:31
HW.teach.html	teach	GoBtnBGAView_Z	TSpeedButton	Go	tsAOI	77	OK-cmd				JSON/js/teach-access.js:2					uteach.dfm:14784	GoButton020Click	uteach.cpp:3559-3623	37	MOT[].Gali_MotMove MOT[].MotorMove					clicked ; control.takeover ; motor.access(MInArmX) ; control.acquire ; motor.access(MInArmX) ; dom:6112
HW.teach.html	teach	SetBtnScannerAOI_Z	TSpeedButton	Scanner AOI Z	tsAOI	77	hidden(static)	1			JSON/js/teach-access.js:2					uteach.dfm:14810	SetButton020Click	uteach.cpp:3517-3557	28	MOT[].ServoOnOff	False		uteach.cpp:1813 Visible=true		UNVERIFIED
HW.teach.html	teach	GoBtnScannerAOI_Z	TSpeedButton	Go	tsAOI	77	hidden(static)	1			JSON/js/teach-access.js:2					uteach.dfm:14825	GoButton020Click	uteach.cpp:3559-3623	37	MOT[].Gali_MotMove MOT[].MotorMove	False		uteach.cpp:1814 Visible=true		UNVERIFIED
HW.teach.html	teach	sbLeftTopRecs65	TSpeedButton	Left Top	tsAOI	77	hidden(static)	1								uteach.dfm:14878	SetButton140Click	uteach.cpp:3360-3399	23	MOT[].ServoOnOff					UNVERIFIED
HW.teach.html	teach	GosbLeftTopRecs65	TSpeedButton	Go	tsAOI	77	hidden(static)	1								uteach.dfm:14886	GoButton020Click	uteach.cpp:3559-3623	37	MOT[].Gali_MotMove MOT[].MotorMove					UNVERIFIED
HW.teach.html	teach	sbRightBottoms65	TSpeedButton	Right Bottom	tsAOI	77	hidden(static)	1								uteach.dfm:14908	SetButton140Click	uteach.cpp:3360-3399	23	MOT[].ServoOnOff					UNVERIFIED
HW.teach.html	teach	GosbRightBottoms65	TSpeedButton	Go	tsAOI	77	hidden(static)	1								uteach.dfm:14916	GoButton020Click	uteach.cpp:3559-3623	37	MOT[].Gali_MotMove MOT[].MotorMove					UNVERIFIED
HW.teach.html	teach	sbLeftTopRecl65	TSpeedButton	Left Top	tsAOI	77	hidden(static)	1								uteach.dfm:14961	SetButton140Click	uteach.cpp:3360-3399	23	MOT[].ServoOnOff					UNVERIFIED
HW.teach.html	teach	GosbLeftTopRecl65	TSpeedButton	Go	tsAOI	77	hidden(static)	1								uteach.dfm:14969	GoButton020Click	uteach.cpp:3559-3623	37	MOT[].Gali_MotMove MOT[].MotorMove					UNVERIFIED
HW.teach.html	teach	sbRightTopRecl65	TSpeedButton	Right Top	tsAOI	77	hidden(static)	1								uteach.dfm:14991	SetButton140Click	uteach.cpp:3360-3399	23	MOT[].ServoOnOff					UNVERIFIED
HW.teach.html	teach	GosbRightTopRecl65	TSpeedButton	Go	tsAOI	77	hidden(static)	1								uteach.dfm:14999	GoButton020Click	uteach.cpp:3559-3623	37	MOT[].Gali_MotMove MOT[].MotorMove					UNVERIFIED
HW.teach.html	teach	sbLeftBottomRecl65	TSpeedButton	Left Bottom	tsAOI	77	hidden(static)	1								uteach.dfm:15007	SetButton140Click	uteach.cpp:3360-3399	23	MOT[].ServoOnOff					UNVERIFIED
HW.teach.html	teach	sbRightBottoml65	TSpeedButton	Right Bottom	tsAOI	77	hidden(static)	1								uteach.dfm:15015	SetButton140Click	uteach.cpp:3360-3399	23	MOT[].ServoOnOff					UNVERIFIED
HW.teach.html	teach	GosbLeftBottomRecl65	TSpeedButton	Go	tsAOI	77	hidden(static)	1								uteach.dfm:15023	GoButton020Click	uteach.cpp:3559-3623	37	MOT[].Gali_MotMove MOT[].MotorMove					UNVERIFIED
HW.teach.html	teach	GosbRightBottomRecl65	TSpeedButton	Go	tsAOI	77	hidden(static)	1								uteach.dfm:15031	GoButton020Click	uteach.cpp:3559-3623	37	MOT[].Gali_MotMove MOT[].MotorMove					UNVERIFIED
HW.teach.html	teach	sbSetTopBtnCenter	TSpeedButton	Set	tsAOI	77	hidden(static)	1								uteach.dfm:15126	SetButton140Click	uteach.cpp:3360-3399	23	MOT[].ServoOnOff					UNVERIFIED
HW.teach.html	teach	GosbSetTopBtnCenter	TSpeedButton	Go	tsAOI	77	hidden(static)	1								uteach.dfm:15134	GoButton020Click	uteach.cpp:3559-3623	37	MOT[].Gali_MotMove MOT[].MotorMove					UNVERIFIED
HW.teach.html	teach	sbSetedTopBtnRotate0	TSpeedButton	Set	tsAOI	77	hidden(static)	1								uteach.dfm:15179	SetButton140Click	uteach.cpp:3360-3399	23	MOT[].ServoOnOff					UNVERIFIED
HW.teach.html	teach	GosbSetedTopBtnRotate0	TSpeedButton	Go	tsAOI	77	hidden(static)	1								uteach.dfm:15187	GoButton140Click	uteach.cpp:3401-3472	40	MOT[].Gali_MotMove MOT[].MotorMove					UNVERIFIED
HW.teach.html	teach	GosbSetTopBtnRotate180	TSpeedButton	Go	tsAOI	77	hidden(static)	1								uteach.dfm:15195	GoButton140Click	uteach.cpp:3401-3472	40	MOT[].Gali_MotMove MOT[].MotorMove					UNVERIFIED
HW.teach.html	teach	sbSetTopBtnRotate180	TSpeedButton	Set	tsAOI	77	hidden(static)	1								uteach.dfm:15203	SetButton140Click	uteach.cpp:3360-3399	23	MOT[].ServoOnOff					UNVERIFIED
HW.teach.html	teach	GoButtonInRA	TSpeedButton	Go	tsRotate	77	OK-cmd				JSON/js/teach-access.js:2					uteach.dfm:15287	GoButton140Click	uteach.cpp:3401-3472	40	MOT[].Gali_MotMove MOT[].MotorMove					clicked ; control.takeover ; motor.access(MInArmX) ; dom:6115
HW.teach.html	teach	SetButtonInRA	TSpeedButton	RA	tsRotate	77	OK-cmd				JSON/js/teach-access.js:2					uteach.dfm:15295	SetButton140Click	uteach.cpp:3360-3399	23	MOT[].ServoOnOff					clicked ; control.takeover ; motor.access(MInArmX) ; dom:54
HW.teach.html	teach	btnPos90InRA	TSpeedButton	+90	tsRotate	77	OK-cmd									uteach.dfm:15310	SpeedButtonInRotatePos90Click	uteach.cpp:4605-4655	23	MOT[].MotorMove					clicked ; control.acquire ; motor.access(MInArmX) ; control.takeover ; motor.access(MInArmX) ; dom:6133
HW.teach.html	teach	btnNeg90InRA	TSpeedButton	-90	tsRotate	77	OK-cmd									uteach.dfm:15318	SpeedButtonInRotateNeg90Click	uteach.cpp:4657-4707	23	MOT[].MotorMove					clicked ; control.takeover ; motor.access(MInArmX) ; dom:6132
HW.teach.html	teach	GoButtonInRC	TSpeedButton	Go	tsRotate	77	OK-cmd				JSON/js/teach-access.js:2					uteach.dfm:15353	GoButton140Click	uteach.cpp:3401-3472	40	MOT[].Gali_MotMove MOT[].MotorMove					clicked ; control.takeover ; motor.access(MInArmX) ; control.acquire ; motor.access(MInArmX) ; dom:6114
HW.teach.html	teach	SetButtonInRC	TSpeedButton	RC	tsRotate	77	OK-cmd				JSON/js/teach-access.js:2					uteach.dfm:15361	SetButton140Click	uteach.cpp:3360-3399	23	MOT[].ServoOnOff					clicked ; control.takeover ; motor.access(MInArmX) ; dom:54
HW.teach.html	teach	btnPos90InRC	TSpeedButton	+90	tsRotate	77	OK-cmd									uteach.dfm:15376	SpeedButtonInRotatePos90Click	uteach.cpp:4605-4655	23	MOT[].MotorMove					clicked ; control.takeover ; motor.access(MInArmX) ; dom:6112
HW.teach.html	teach	btnNeg90InRC	TSpeedButton	-90	tsRotate	77	OK-cmd									uteach.dfm:15384	SpeedButtonInRotateNeg90Click	uteach.cpp:4657-4707	23	MOT[].MotorMove					clicked ; control.takeover ; motor.access(MInArmX) ; dom:6111
HW.teach.html	teach	GoButtonInRE	TSpeedButton	Go	tsRotate	77	OK-cmd				JSON/js/teach-access.js:2					uteach.dfm:15419	GoButton140Click	uteach.cpp:3401-3472	40	MOT[].Gali_MotMove MOT[].MotorMove					clicked ; control.takeover ; motor.access(MInArmX) ; dom:6136
HW.teach.html	teach	SetButtonInRE	TSpeedButton	RE	tsRotate	77	OK-cmd				JSON/js/teach-access.js:2					uteach.dfm:15427	SetButton140Click	uteach.cpp:3360-3399	23	MOT[].ServoOnOff					clicked ; control.takeover ; motor.access(MInArmX) ; dom:32
HW.teach.html	teach	btnPos90InRE	TSpeedButton	+90	tsRotate	77	OK-cmd									uteach.dfm:15442	SpeedButtonInRotatePos90Click	uteach.cpp:4605-4655	23	MOT[].MotorMove					clicked ; control.takeover ; motor.access(MInArmX) ; dom:6133
HW.teach.html	teach	btnNeg90InRE	TSpeedButton	-90	tsRotate	77	OK-cmd									uteach.dfm:15450	SpeedButtonInRotateNeg90Click	uteach.cpp:4657-4707	23	MOT[].MotorMove					clicked ; control.acquire ; motor.access ; control.takeover ; motor.access(MInArmX) ; dom:6111
HW.teach.html	teach	GoButtonInRG	TSpeedButton	Go	tsRotate	77	OK-cmd				JSON/js/teach-access.js:2					uteach.dfm:15485	GoButton140Click	uteach.cpp:3401-3472	40	MOT[].Gali_MotMove MOT[].MotorMove					clicked ; control.takeover ; motor.access(MInArmX) ; dom:6132
HW.teach.html	teach	SetButtonInRG	TSpeedButton	RG	tsRotate	77	OK-cmd				JSON/js/teach-access.js:2					uteach.dfm:15493	SetButton140Click	uteach.cpp:3360-3399	23	MOT[].ServoOnOff					clicked ; control.takeover ; motor.access(MInArmX) ; dom:53
HW.teach.html	teach	btnPos90InRG	TSpeedButton	+90	tsRotate	77	OK-cmd									uteach.dfm:15508	SpeedButtonInRotatePos90Click	uteach.cpp:4605-4655	23	MOT[].MotorMove					clicked ; control.takeover ; motor.access(MInArmX) ; dom:6112
HW.teach.html	teach	btnNeg90InRG	TSpeedButton	-90	tsRotate	77	OK-cmd									uteach.dfm:15516	SpeedButtonInRotateNeg90Click	uteach.cpp:4657-4707	23	MOT[].MotorMove					clicked ; control.takeover ; motor.access(MInArmX) ; control.acquire ; motor.access ; dom:6153
HW.teach.html	teach	GoButtonInRB	TSpeedButton	Go	tsRotate	77	OK-cmd				JSON/js/teach-access.js:2					uteach.dfm:15551	GoButton140Click	uteach.cpp:3401-3472	40	MOT[].Gali_MotMove MOT[].MotorMove					clicked ; control.takeover ; motor.access(MInArmX) ; dom:6115
HW.teach.html	teach	SetButtonInRB	TSpeedButton	RB	tsRotate	77	OK-cmd				JSON/js/teach-access.js:2					uteach.dfm:15559	SetButton140Click	uteach.cpp:3360-3399	23	MOT[].ServoOnOff					clicked ; control.takeover ; motor.access(MInArmX) ; dom:28
HW.teach.html	teach	btnPos90InRB	TSpeedButton	+90	tsRotate	77	OK-cmd									uteach.dfm:15574	SpeedButtonInRotatePos90Click	uteach.cpp:4605-4655	23	MOT[].MotorMove					clicked ; control.takeover ; motor.access(MInArmX) ; dom:6133
HW.teach.html	teach	btnNeg90InRB	TSpeedButton	-90	tsRotate	77	OK-cmd									uteach.dfm:15582	SpeedButtonInRotateNeg90Click	uteach.cpp:4657-4707	23	MOT[].MotorMove					clicked ; control.takeover ; motor.access(MInArmX) ; control.acquire ; motor.access ; dom:6132
HW.teach.html	teach	GoButtonInRD	TSpeedButton	Go	tsRotate	77	OK-cmd				JSON/js/teach-access.js:2					uteach.dfm:15617	GoButton140Click	uteach.cpp:3401-3472	40	MOT[].Gali_MotMove MOT[].MotorMove					clicked ; control.takeover ; motor.access(MInArmX) ; dom:6135
HW.teach.html	teach	SetButtonInRD	TSpeedButton	RD	tsRotate	77	OK-cmd				JSON/js/teach-access.js:2					uteach.dfm:15625	SetButton140Click	uteach.cpp:3360-3399	23	MOT[].ServoOnOff					clicked ; control.takeover ; motor.access(MInArmX) ; dom:28
HW.teach.html	teach	btnPos90InRD	TSpeedButton	+90	tsRotate	77	OK-cmd									uteach.dfm:15640	SpeedButtonInRotatePos90Click	uteach.cpp:4605-4655	23	MOT[].MotorMove					clicked ; control.takeover ; motor.access(MInArmX) ; dom:6133
HW.teach.html	teach	btnNeg90InRD	TSpeedButton	-90	tsRotate	77	OK-cmd									uteach.dfm:15648	SpeedButtonInRotateNeg90Click	uteach.cpp:4657-4707	23	MOT[].MotorMove					clicked ; control.takeover ; motor.access(MInArmX) ; control.acquire ; motor.access ; dom:6153
HW.teach.html	teach	GoButtonInRF	TSpeedButton	Go	tsRotate	77	OK-cmd				JSON/js/teach-access.js:2					uteach.dfm:15683	GoButton140Click	uteach.cpp:3401-3472	40	MOT[].Gali_MotMove MOT[].MotorMove					clicked ; control.takeover ; motor.access(MInArmX) ; dom:6115
HW.teach.html	teach	SetButtonInRF	TSpeedButton	RF	tsRotate	77	OK-cmd				JSON/js/teach-access.js:2					uteach.dfm:15691	SetButton140Click	uteach.cpp:3360-3399	23	MOT[].ServoOnOff					clicked ; control.takeover ; motor.access(MInArmX) ; dom:49
HW.teach.html	teach	btnPos90InRF	TSpeedButton	+90	tsRotate	77	OK-cmd									uteach.dfm:15706	SpeedButtonInRotatePos90Click	uteach.cpp:4605-4655	23	MOT[].MotorMove					clicked ; control.takeover ; motor.access(MInArmX) ; dom:6112
HW.teach.html	teach	btnNeg90InRF	TSpeedButton	-90	tsRotate	77	OK-cmd									uteach.dfm:15714	SpeedButtonInRotateNeg90Click	uteach.cpp:4657-4707	23	MOT[].MotorMove					clicked ; control.takeover ; motor.access(MInArmX) ; control.acquire ; motor.access ; dom:6153
HW.teach.html	teach	GoButtonInRH	TSpeedButton	Go	tsRotate	77	OK-cmd				JSON/js/teach-access.js:2					uteach.dfm:15749	GoButton140Click	uteach.cpp:3401-3472	40	MOT[].Gali_MotMove MOT[].MotorMove					clicked ; control.takeover ; motor.access(MInArmX) ; dom:6111
HW.teach.html	teach	SetButtonInRH	TSpeedButton	RH	tsRotate	77	OK-cmd				JSON/js/teach-access.js:2					uteach.dfm:15757	SetButton140Click	uteach.cpp:3360-3399	23	MOT[].ServoOnOff					clicked ; control.takeover ; motor.access(MInArmX) ; dom:28
HW.teach.html	teach	btnPos90InRH	TSpeedButton	+90	tsRotate	77	OK-cmd									uteach.dfm:15772	SpeedButtonInRotatePos90Click	uteach.cpp:4605-4655	23	MOT[].MotorMove					clicked ; control.takeover ; motor.access(MInArmX) ; dom:6133
HW.teach.html	teach	btnNeg90InRH	TSpeedButton	-90	tsRotate	77	OK-cmd									uteach.dfm:15780	SpeedButtonInRotateNeg90Click	uteach.cpp:4657-4707	23	MOT[].MotorMove					clicked ; control.takeover ; motor.access(MInArmX) ; control.acquire ; motor.access ; dom:6132
HW.teach.html	teach	GoButtonOutRA	TSpeedButton	Go	tsRotate	77	OK-cmd				JSON/js/teach-access.js:2					uteach.dfm:15830	GoButton140Click	uteach.cpp:3401-3472	40	MOT[].Gali_MotMove MOT[].MotorMove					clicked ; control.takeover ; motor.access(MInArmX) ; dom:6136
HW.teach.html	teach	SetButtonOutRA	TSpeedButton	RA	tsRotate	77	OK-cmd				JSON/js/teach-access.js:2					uteach.dfm:15838	SetButton140Click	uteach.cpp:3360-3399	23	MOT[].ServoOnOff					clicked ; control.takeover ; motor.access(MInArmX) ; dom:28
HW.teach.html	teach	btnPos90OutRA	TSpeedButton	+90	tsRotate	77	OK-cmd									uteach.dfm:15853	SpeedButtonInRotatePos90Click	uteach.cpp:4605-4655	23	MOT[].MotorMove					clicked ; control.takeover ; motor.access(MInArmX) ; dom:6133
HW.teach.html	teach	btnNeg90OutRA	TSpeedButton	-90	tsRotate	77	OK-cmd									uteach.dfm:15861	SpeedButtonInRotateNeg90Click	uteach.cpp:4657-4707	23	MOT[].MotorMove					clicked ; control.takeover ; motor.access(MInArmX) ; dom:6109
HW.teach.html	teach	GoButtonOutRC	TSpeedButton	Go	tsRotate	77	OK-cmd				JSON/js/teach-access.js:2					uteach.dfm:15896	GoButton140Click	uteach.cpp:3401-3472	40	MOT[].Gali_MotMove MOT[].MotorMove					clicked ; control.takeover ; motor.access(MInArmX) ; dom:6135
HW.teach.html	teach	SetButtonOutRC	TSpeedButton	RC	tsRotate	77	OK-cmd				JSON/js/teach-access.js:2					uteach.dfm:15904	SetButton140Click	uteach.cpp:3360-3399	23	MOT[].ServoOnOff					clicked ; control.takeover ; motor.access(MInArmX) ; control.acquire ; motor.access(MInArmX) ; dom:29
HW.teach.html	teach	btnPos90OutRC	TSpeedButton	+90	tsRotate	77	OK-cmd									uteach.dfm:15919	SpeedButtonInRotatePos90Click	uteach.cpp:4605-4655	23	MOT[].MotorMove					clicked ; control.takeover ; motor.access(MInArmX) ; dom:6112
HW.teach.html	teach	btnNeg90OutRC	TSpeedButton	-90	tsRotate	77	OK-cmd									uteach.dfm:15927	SpeedButtonInRotateNeg90Click	uteach.cpp:4657-4707	23	MOT[].MotorMove					clicked ; control.takeover ; motor.access(MInArmX) ; control.acquire ; motor.access(MInArmX) ; dom:6132
HW.teach.html	teach	GoButtonOutRE	TSpeedButton	Go	tsRotate	77	OK-cmd				JSON/js/teach-access.js:2					uteach.dfm:15962	GoButton140Click	uteach.cpp:3401-3472	40	MOT[].Gali_MotMove MOT[].MotorMove					clicked ; control.takeover ; motor.access(MInArmX) ; dom:6115
HW.teach.html	teach	SetButtonOutRE	TSpeedButton	RE	tsRotate	77	OK-cmd				JSON/js/teach-access.js:2					uteach.dfm:15970	SetButton140Click	uteach.cpp:3360-3399	23	MOT[].ServoOnOff					clicked ; control.takeover ; motor.access(MInArmX) ; dom:49
HW.teach.html	teach	btnPos90OutRE	TSpeedButton	+90	tsRotate	77	OK-cmd									uteach.dfm:15985	SpeedButtonInRotatePos90Click	uteach.cpp:4605-4655	23	MOT[].MotorMove					clicked ; control.takeover ; motor.access(MInArmX) ; control.acquire ; motor.access(MInArmX) ; dom:6112
HW.teach.html	teach	btnNeg90OutRE	TSpeedButton	-90	tsRotate	77	OK-cmd									uteach.dfm:15993	SpeedButtonInRotateNeg90Click	uteach.cpp:4657-4707	23	MOT[].MotorMove					clicked ; control.acquire ; motor.access ; control.takeover ; motor.access(MInArmX) ; dom:6132
HW.teach.html	teach	GoButtonOutRG	TSpeedButton	Go	tsRotate	77	OK-cmd				JSON/js/teach-access.js:2					uteach.dfm:16028	GoButton140Click	uteach.cpp:3401-3472	40	MOT[].Gali_MotMove MOT[].MotorMove					clicked ; control.takeover ; motor.access(MInArmX) ; control.acquire ; motor.access(MInArmX) ; dom:6132
HW.teach.html	teach	SetButtonOutRG	TSpeedButton	RG	tsRotate	77	OK-cmd				JSON/js/teach-access.js:2					uteach.dfm:16036	SetButton140Click	uteach.cpp:3360-3399	23	MOT[].ServoOnOff					clicked ; control.takeover ; motor.access(MInArmX) ; dom:28
HW.teach.html	teach	btnPos90OutRG	TSpeedButton	+90	tsRotate	77	OK-cmd									uteach.dfm:16051	SpeedButtonInRotatePos90Click	uteach.cpp:4605-4655	23	MOT[].MotorMove					clicked ; control.takeover ; motor.access(MInArmX) ; dom:6133
HW.teach.html	teach	btnNeg90OutRG	TSpeedButton	-90	tsRotate	77	OK-cmd									uteach.dfm:16059	SpeedButtonInRotateNeg90Click	uteach.cpp:4657-4707	23	MOT[].MotorMove					clicked ; control.acquire ; motor.access ; control.acquire ; motor.access(MInArmX) ; control.takeover ; motor.access(MInArmX) ; dom:6132
HW.teach.html	teach	GoButtonOutRB	TSpeedButton	Go	tsRotate	77	OK-cmd				JSON/js/teach-access.js:2					uteach.dfm:16094	GoButton140Click	uteach.cpp:3401-3472	40	MOT[].Gali_MotMove MOT[].MotorMove					clicked ; control.takeover ; motor.access(MInArmX) ; dom:6136
HW.teach.html	teach	SetButtonOutRB	TSpeedButton	RB	tsRotate	77	OK-cmd				JSON/js/teach-access.js:2					uteach.dfm:16102	SetButton140Click	uteach.cpp:3360-3399	23	MOT[].ServoOnOff					clicked ; control.takeover ; motor.access(MInArmX) ; dom:33
HW.teach.html	teach	btnPos90OutRB	TSpeedButton	+90	tsRotate	77	OK-cmd									uteach.dfm:16117	SpeedButtonInRotatePos90Click	uteach.cpp:4605-4655	23	MOT[].MotorMove					clicked ; control.takeover ; motor.access(MInArmX) ; dom:6134
HW.teach.html	teach	btnNeg90OutRB	TSpeedButton	-90	tsRotate	77	OK-cmd									uteach.dfm:16125	SpeedButtonInRotateNeg90Click	uteach.cpp:4657-4707	23	MOT[].MotorMove					clicked ; control.takeover ; motor.access(MInArmX) ; control.acquire ; motor.access ; dom:6153
HW.teach.html	teach	GoButtonOutRD	TSpeedButton	Go	tsRotate	77	OK-cmd				JSON/js/teach-access.js:2					uteach.dfm:16160	GoButton140Click	uteach.cpp:3401-3472	40	MOT[].Gali_MotMove MOT[].MotorMove					clicked ; control.takeover ; motor.access(MInArmX) ; dom:6115
HW.teach.html	teach	SetButtonOutRD	TSpeedButton	RD	tsRotate	77	OK-cmd				JSON/js/teach-access.js:2					uteach.dfm:16168	SetButton140Click	uteach.cpp:3360-3399	23	MOT[].ServoOnOff					clicked ; control.takeover ; motor.access(MInArmX) ; dom:54
HW.teach.html	teach	btnPos90OutRD	TSpeedButton	+90	tsRotate	77	OK-cmd									uteach.dfm:16183	SpeedButtonInRotatePos90Click	uteach.cpp:4605-4655	23	MOT[].MotorMove					clicked ; control.takeover ; motor.access(MInArmX) ; dom:6113
HW.teach.html	teach	btnNeg90OutRD	TSpeedButton	-90	tsRotate	77	OK-cmd									uteach.dfm:16191	SpeedButtonInRotateNeg90Click	uteach.cpp:4657-4707	23	MOT[].MotorMove					clicked ; control.takeover ; motor.access(MInArmX) ; control.acquire ; motor.access ; dom:6153
HW.teach.html	teach	GoButtonOutRF	TSpeedButton	Go	tsRotate	77	OK-cmd				JSON/js/teach-access.js:2					uteach.dfm:16226	GoButton140Click	uteach.cpp:3401-3472	40	MOT[].Gali_MotMove MOT[].MotorMove					clicked ; control.takeover ; motor.access(MInArmX) ; dom:6115
HW.teach.html	teach	SetButtonOutRF	TSpeedButton	RF	tsRotate	77	OK-cmd				JSON/js/teach-access.js:2					uteach.dfm:16234	SetButton140Click	uteach.cpp:3360-3399	23	MOT[].ServoOnOff					clicked ; control.takeover ; motor.access(MInArmX) ; dom:53
HW.teach.html	teach	btnPos90OutRF	TSpeedButton	+90	tsRotate	77	OK-cmd									uteach.dfm:16249	SpeedButtonInRotatePos90Click	uteach.cpp:4605-4655	23	MOT[].MotorMove					clicked ; control.takeover ; motor.access(MInArmX) ; dom:6113
HW.teach.html	teach	btnNeg90OutRF	TSpeedButton	-90	tsRotate	77	OK-cmd									uteach.dfm:16257	SpeedButtonInRotateNeg90Click	uteach.cpp:4657-4707	23	MOT[].MotorMove					clicked ; control.takeover ; motor.access(MInArmX) ; control.acquire ; motor.access ; dom:6153
HW.teach.html	teach	GoButtonOutRH	TSpeedButton	Go	tsRotate	77	OK-cmd				JSON/js/teach-access.js:2					uteach.dfm:16292	GoButton140Click	uteach.cpp:3401-3472	40	MOT[].Gali_MotMove MOT[].MotorMove					clicked ; control.takeover ; motor.access(MInArmX) ; dom:6136
HW.teach.html	teach	SetButtonOutRH	TSpeedButton	RH	tsRotate	77	OK-cmd				JSON/js/teach-access.js:2					uteach.dfm:16300	SetButton140Click	uteach.cpp:3360-3399	23	MOT[].ServoOnOff					clicked ; control.takeover ; motor.access(MInArmX) ; dom:32
HW.teach.html	teach	btnPos90OutRH	TSpeedButton	+90	tsRotate	77	OK-cmd									uteach.dfm:16315	SpeedButtonInRotatePos90Click	uteach.cpp:4605-4655	23	MOT[].MotorMove					clicked ; control.takeover ; motor.access(MInArmX) ; dom:6134
HW.teach.html	teach	btnNeg90OutRH	TSpeedButton	-90	tsRotate	77	OK-cmd									uteach.dfm:16323	SpeedButtonInRotateNeg90Click	uteach.cpp:4657-4707	23	MOT[].MotorMove					clicked ; control.takeover ; motor.access(MInArmX) ; control.acquire ; motor.access ; dom:6132
HW.teach.html	teach	SetButton163	TSpeedButton	Rotate	tsHinge	77	OK-cmd				JSON/js/teach-access.js:2					uteach.dfm:19684	SetButton140Click	uteach.cpp:3360-3399	23	MOT[].ServoOnOff					clicked ; control.takeover ; motor.access(MInArmX) ; dom:52
HW.teach.html	teach	GoButton163	TSpeedButton	GO	tsHinge	77	OK-cmd				JSON/js/teach-access.js:2					uteach.dfm:19692	GoButton140Click	uteach.cpp:3401-3472	40	MOT[].Gali_MotMove MOT[].MotorMove					clicked ; control.takeover ; motor.access(MInArmX) ; dom:6112
HW.teach.html	teach	SetButton162	TSpeedButton	Rotate	tsHinge	77	OK-cmd				JSON/js/teach-access.js:2					uteach.dfm:19716	SetButton140Click	uteach.cpp:3360-3399	23	MOT[].ServoOnOff					clicked ; control.takeover ; motor.access(MInArmX) ; dom:53
HW.teach.html	teach	GoButton162	TSpeedButton	GO	tsHinge	77	OK-cmd				JSON/js/teach-access.js:2					uteach.dfm:19724	GoButton140Click	uteach.cpp:3401-3472	40	MOT[].Gali_MotMove MOT[].MotorMove					clicked ; control.takeover ; motor.access(MInArmX) ; control.acquire ; motor.access ; dom:6154
HW.teach.html	teach	SetBtnBuffer1X	TSpeedButton	Buffer1 X	tsMR	77	OK-cmd				JSON/js/teach-access.js:2					uteach.dfm:19823	SetButton140Click	uteach.cpp:3360-3399	23	MOT[].ServoOnOff					clicked ; control.takeover ; motor.access(MInArmX) ; dom:53
HW.teach.html	teach	GoBtnBuffer1X	TSpeedButton	GO	tsMR	77	OK-cmd				JSON/js/teach-access.js:2					uteach.dfm:19831	GoButton140Click	uteach.cpp:3401-3472	40	MOT[].Gali_MotMove MOT[].MotorMove					clicked ; control.takeover ; motor.access(MInArmX) ; dom:6117
HW.teach.html	teach	SetBtnBuffer2X	TSpeedButton	Buffer2 X	tsMR	77	OK-cmd				JSON/js/teach-access.js:2					uteach.dfm:19839	SetButton140Click	uteach.cpp:3360-3399	23	MOT[].ServoOnOff					clicked ; control.takeover ; motor.access(MInArmX) ; dom:33
HW.teach.html	teach	GoBtnBuffer2X	TSpeedButton	GO	tsMR	77	OK-cmd				JSON/js/teach-access.js:2					uteach.dfm:19847	GoButton140Click	uteach.cpp:3401-3472	40	MOT[].Gali_MotMove MOT[].MotorMove					clicked ; control.takeover ; motor.access(MInArmX) ; control.acquire ; motor.access ; dom:6159
HW.teach.html	teach	SetBtnBuffer3X	TSpeedButton	Buffer3 X	tsMR	77	OK-cmd				JSON/js/teach-access.js:2					uteach.dfm:19855	SetButton140Click	uteach.cpp:3360-3399	23	MOT[].ServoOnOff					clicked ; control.takeover ; motor.access(MInArmX) ; dom:33
HW.teach.html	teach	GoBtnBuffer3X	TSpeedButton	GO	tsMR	77	OK-cmd				JSON/js/teach-access.js:2					uteach.dfm:19863	GoButton140Click	uteach.cpp:3401-3472	40	MOT[].Gali_MotMove MOT[].MotorMove					clicked ; control.takeover ; motor.access(MInArmX) ; dom:6138
HW.teach.html	teach	SetBtnBuffer4X	TSpeedButton	Buffer4 X	tsMR	77	OK-cmd				JSON/js/teach-access.js:2					uteach.dfm:19871	SetButton140Click	uteach.cpp:3360-3399	23	MOT[].ServoOnOff					clicked ; control.takeover ; motor.access(MInArmX) ; dom:33
HW.teach.html	teach	GoBtnBuffer4X	TSpeedButton	GO	tsMR	77	OK-cmd				JSON/js/teach-access.js:2					uteach.dfm:19879	GoButton140Click	uteach.cpp:3401-3472	40	MOT[].Gali_MotMove MOT[].MotorMove					clicked ; control.takeover ; motor.access(MInArmX) ; control.acquire ; motor.access(MInArmX) ; dom:6116
HW.teach.html	teach	SetBtnBuffer5X	TSpeedButton	Buffer5 X	tsMR	77	OK-cmd				JSON/js/teach-access.js:2					uteach.dfm:19887	SetButton140Click	uteach.cpp:3360-3399	23	MOT[].ServoOnOff					clicked ; control.takeover ; motor.access(MInArmX) ; dom:52
HW.teach.html	teach	GoBtnBuffer5X	TSpeedButton	GO	tsMR	77	OK-cmd				JSON/js/teach-access.js:2					uteach.dfm:19895	GoButton140Click	uteach.cpp:3401-3472	40	MOT[].Gali_MotMove MOT[].MotorMove					clicked ; control.takeover ; motor.access(MInArmX) ; dom:6117
HW.teach.html	teach	SetBtnBuffer6X	TSpeedButton	Buffer6 X	tsMR	77	OK-cmd				JSON/js/teach-access.js:2					uteach.dfm:19903	SetButton140Click	uteach.cpp:3360-3399	23	MOT[].ServoOnOff					clicked ; control.acquire ; motor.access(MInArmX) ; control.takeover ; motor.access(MInArmX) ; dom:54
HW.teach.html	teach	GoBtnBuffer6X	TSpeedButton	GO	tsMR	77	OK-cmd				JSON/js/teach-access.js:2					uteach.dfm:19911	GoButton140Click	uteach.cpp:3401-3472	40	MOT[].Gali_MotMove MOT[].MotorMove					clicked ; control.takeover ; motor.access(MInArmX) ; dom:6117
HW.teach.html	teach	SetBtnBuffer7X	TSpeedButton	Buffer7 X	tsMR	77	OK-cmd				JSON/js/teach-access.js:2					uteach.dfm:19919	SetButton140Click	uteach.cpp:3360-3399	23	MOT[].ServoOnOff					clicked ; control.takeover ; motor.access(MInArmX) ; control.acquire ; motor.access(MInArmX) ; dom:31
HW.teach.html	teach	GoBtnBuffer7X	TSpeedButton	GO	tsMR	77	OK-cmd				JSON/js/teach-access.js:2					uteach.dfm:19927	GoButton140Click	uteach.cpp:3401-3472	40	MOT[].Gali_MotMove MOT[].MotorMove					clicked ; control.takeover ; motor.access(MInArmX) ; dom:6138
HW.teach.html	teach	SetBtnBuffer8X	TSpeedButton	Buffer8 X	tsMR	77	OK-cmd				JSON/js/teach-access.js:2					uteach.dfm:19935	SetButton140Click	uteach.cpp:3360-3399	23	MOT[].ServoOnOff					clicked ; control.takeover ; motor.access(MInArmX) ; dom:31
HW.teach.html	teach	GoBtnBuffer8X	TSpeedButton	GO	tsMR	77	OK-cmd				JSON/js/teach-access.js:2					uteach.dfm:19943	GoButton140Click	uteach.cpp:3401-3472	40	MOT[].Gali_MotMove MOT[].MotorMove					clicked ; control.acquire ; motor.access(MInArmX) ; control.acquire ; motor.access ; control.takeover ; motor.access(MInArmX) ; dom:6138
HW.teach.html	teach	SetBtnBuffer1Z	TSpeedButton	Buffer1 Z	tsMR	77	OK-cmd				JSON/js/teach-access.js:2					uteach.dfm:19951	SetButton140Click	uteach.cpp:3360-3399	23	MOT[].ServoOnOff					clicked ; control.takeover ; motor.access(MInArmX) ; dom:53
HW.teach.html	teach	GoBtnBuffer1Z	TSpeedButton	GO	tsMR	77	OK-cmd				JSON/js/teach-access.js:2					uteach.dfm:19959	GoButton140Click	uteach.cpp:3401-3472	40	MOT[].Gali_MotMove MOT[].MotorMove					clicked ; control.takeover ; motor.access(MInArmX) ; control.acquire ; motor.access(MInArmX) ; dom:6112
HW.teach.html	teach	SetBtnBuffer2Z	TSpeedButton	Buffer2 Z	tsMR	77	OK-cmd				JSON/js/teach-access.js:2					uteach.dfm:19967	SetButton140Click	uteach.cpp:3360-3399	23	MOT[].ServoOnOff					clicked ; control.takeover ; motor.access(MInArmX) ; dom:52
HW.teach.html	teach	GoBtnBuffer2Z	TSpeedButton	GO	tsMR	77	OK-cmd				JSON/js/teach-access.js:2					uteach.dfm:19975	GoButton140Click	uteach.cpp:3401-3472	40	MOT[].Gali_MotMove MOT[].MotorMove					clicked ; control.takeover ; motor.access(MInArmX) ; control.acquire ; motor.access ; dom:6133
HW.teach.html	teach	SetBtnBuffer3Z	TSpeedButton	Buffer3 Z	tsMR	77	OK-cmd				JSON/js/teach-access.js:2					uteach.dfm:19983	SetButton140Click	uteach.cpp:3360-3399	23	MOT[].ServoOnOff					clicked ; control.takeover ; motor.access(MInArmX) ; dom:52
HW.teach.html	teach	GoBtnBuffer3Z	TSpeedButton	GO	tsMR	77	OK-cmd				JSON/js/teach-access.js:2					uteach.dfm:19991	GoButton140Click	uteach.cpp:3401-3472	40	MOT[].Gali_MotMove MOT[].MotorMove					clicked ; control.takeover ; motor.access(MInArmX) ; dom:6133
HW.teach.html	teach	SetBtnBuffer4Z	TSpeedButton	Buffer4 Z	tsMR	77	OK-cmd				JSON/js/teach-access.js:2					uteach.dfm:19999	SetButton140Click	uteach.cpp:3360-3399	23	MOT[].ServoOnOff					clicked ; control.takeover ; motor.access(MInArmX) ; dom:31
HW.teach.html	teach	GoBtnBuffer4Z	TSpeedButton	GO	tsMR	77	OK-cmd				JSON/js/teach-access.js:2					uteach.dfm:20007	GoButton140Click	uteach.cpp:3401-3472	40	MOT[].Gali_MotMove MOT[].MotorMove					clicked ; control.takeover ; motor.access(MInArmX) ; control.acquire ; motor.access ; dom:6154
HW.teach.html	teach	SetBtnBuffer5Z	TSpeedButton	Buffer5 Z	tsMR	77	OK-cmd				JSON/js/teach-access.js:2					uteach.dfm:20015	SetButton140Click	uteach.cpp:3360-3399	23	MOT[].ServoOnOff					clicked ; control.takeover ; motor.access(MInArmX) ; dom:31
HW.teach.html	teach	GoBtnBuffer5Z	TSpeedButton	GO	tsMR	77	OK-cmd				JSON/js/teach-access.js:2					uteach.dfm:20023	GoButton140Click	uteach.cpp:3401-3472	40	MOT[].Gali_MotMove MOT[].MotorMove					clicked ; control.takeover ; motor.access(MInArmX) ; dom:6112
HW.teach.html	teach	SetBtnBuffer6Z	TSpeedButton	Buffer6 Z	tsMR	77	OK-cmd				JSON/js/teach-access.js:2					uteach.dfm:20031	SetButton140Click	uteach.cpp:3360-3399	23	MOT[].ServoOnOff					clicked ; control.takeover ; motor.access(MInArmX) ; dom:52
HW.teach.html	teach	GoBtnBuffer6Z	TSpeedButton	GO	tsMR	77	OK-cmd				JSON/js/teach-access.js:2					uteach.dfm:20039	GoButton140Click	uteach.cpp:3401-3472	40	MOT[].Gali_MotMove MOT[].MotorMove					clicked ; control.takeover ; motor.access(MInArmX) ; control.acquire ; motor.access ; dom:6133
HW.teach.html	teach	SetBtnBuffer7Z	TSpeedButton	Buffer7 Z	tsMR	77	OK-cmd				JSON/js/teach-access.js:2					uteach.dfm:20047	SetButton140Click	uteach.cpp:3360-3399	23	MOT[].ServoOnOff					clicked ; control.takeover ; motor.access(MInArmX) ; dom:28
HW.teach.html	teach	GoBtnBuffer7Z	TSpeedButton	GO	tsMR	77	OK-cmd				JSON/js/teach-access.js:2					uteach.dfm:20055	GoButton140Click	uteach.cpp:3401-3472	40	MOT[].Gali_MotMove MOT[].MotorMove					clicked ; control.takeover ; motor.access(MInArmX) ; dom:6133
HW.teach.html	teach	SetBtnBuffer8Z	TSpeedButton	Buffer8 Z	tsMR	77	OK-cmd				JSON/js/teach-access.js:2					uteach.dfm:20063	SetButton140Click	uteach.cpp:3360-3399	23	MOT[].ServoOnOff					clicked ; control.takeover ; motor.access(MInArmX) ; dom:28
HW.teach.html	teach	GoBtnBuffer8Z	TSpeedButton	GO	tsMR	77	OK-cmd				JSON/js/teach-access.js:2					uteach.dfm:20071	GoButton140Click	uteach.cpp:3401-3472	40	MOT[].Gali_MotMove MOT[].MotorMove					clicked ; control.takeover ; motor.access(MInArmX) ; dom:6133
HW.teach.html	teach	SetBtnBuffer9X	TSpeedButton	Buffer9 X	tsMR	77	OK-cmd				JSON/js/teach-access.js:2					uteach.dfm:20086	SetButton140Click	uteach.cpp:3360-3399	23	MOT[].ServoOnOff					clicked ; control.acquire ; motor.access ; control.takeover ; motor.access(MInArmX) ; dom:53
HW.teach.html	teach	GoBtnBuffer9X	TSpeedButton	GO	tsMR	77	OK-cmd				JSON/js/teach-access.js:2					uteach.dfm:20094	GoButton140Click	uteach.cpp:3401-3472	40	MOT[].Gali_MotMove MOT[].MotorMove					clicked ; control.takeover ; motor.access(MInArmX) ; dom:6117
HW.teach.html	teach	SetBtnBuffer9Z	TSpeedButton	Buffer9 Z	tsMR	77	OK-cmd				JSON/js/teach-access.js:2					uteach.dfm:20102	SetButton140Click	uteach.cpp:3360-3399	23	MOT[].ServoOnOff					clicked ; control.takeover ; motor.access(MInArmX) ; dom:53
HW.teach.html	teach	GoBtnBuffer9Z	TSpeedButton	GO	tsMR	77	OK-cmd				JSON/js/teach-access.js:2					uteach.dfm:20110	GoButton140Click	uteach.cpp:3401-3472	40	MOT[].Gali_MotMove MOT[].MotorMove					clicked ; control.takeover ; motor.access(MInArmX) ; dom:6112
HW.teach.html	teach	SetBtnBuffer10X	TSpeedButton	Buffer10 X	tsMR	77	OK-cmd				JSON/js/teach-access.js:2					uteach.dfm:20125	SetButton140Click	uteach.cpp:3360-3399	23	MOT[].ServoOnOff					clicked ; control.acquire ; motor.access ; control.takeover ; motor.access(MInArmX) ; dom:32
HW.teach.html	teach	GoBtnBuffer10X	TSpeedButton	GO	tsMR	77	OK-cmd				JSON/js/teach-access.js:2					uteach.dfm:20133	GoButton140Click	uteach.cpp:3401-3472	40	MOT[].Gali_MotMove MOT[].MotorMove					clicked ; control.takeover ; motor.access(MInArmX) ; dom:6138
HW.teach.html	teach	SetBtnBuffer10Z	TSpeedButton	Buffer10 Z	tsMR	77	OK-cmd				JSON/js/teach-access.js:2					uteach.dfm:20141	SetButton140Click	uteach.cpp:3360-3399	23	MOT[].ServoOnOff					clicked ; control.takeover ; motor.access(MInArmX) ; dom:32
HW.teach.html	teach	GoBtnBuffer10Z	TSpeedButton	GO	tsMR	77	OK-cmd				JSON/js/teach-access.js:2					uteach.dfm:20149	GoButton140Click	uteach.cpp:3401-3472	40	MOT[].Gali_MotMove MOT[].MotorMove					clicked ; control.takeover ; motor.access(MInArmX) ; dom:6112
HW.teach.html	teach	SetBtnLoadPortZ	TSpeedButton	Load Port	tsMR	77	OK-cmd				JSON/js/teach-access.js:2					uteach.dfm:20374	SetButton140Click	uteach.cpp:3360-3399	23	MOT[].ServoOnOff					clicked ; control.takeover ; motor.access(MInArmX) ; control.acquire ; motor.access ; dom:73
HW.teach.html	teach	GoBtnLoadPortZ	TSpeedButton	GO	tsMR	77	OK-cmd				JSON/js/teach-access.js:2					uteach.dfm:20382	GoButton140Click	uteach.cpp:3401-3472	40	MOT[].Gali_MotMove MOT[].MotorMove					clicked ; control.takeover ; motor.access(MInArmX) ; dom:6112
HW.teach.html	teach	SetBtnLoadSafeZ	TSpeedButton	Safe	tsMR	77	OK-cmd				JSON/js/teach-access.js:2					uteach.dfm:20390	SetButton140Click	uteach.cpp:3360-3399	23	MOT[].ServoOnOff					clicked ; control.takeover ; motor.access(MInArmX) ; dom:52
HW.teach.html	teach	GoBtnLoadSafeZ	TSpeedButton	GO	tsMR	77	OK-cmd				JSON/js/teach-access.js:2					uteach.dfm:20398	GoButton140Click	uteach.cpp:3401-3472	40	MOT[].Gali_MotMove MOT[].MotorMove					clicked ; control.takeover ; motor.access(MInArmX) ; dom:6133
HW.teach.html	teach	SetBtnLoadTemporaryZ	TSpeedButton	Temporary	tsMR	77	OK-cmd				JSON/js/teach-access.js:2					uteach.dfm:20406	SetButton140Click	uteach.cpp:3360-3399	23	MOT[].ServoOnOff					clicked ; control.takeover ; motor.access(MInArmX) ; control.acquire ; motor.access ; dom:52
HW.teach.html	teach	GoBtnLoadTemporaryZ	TSpeedButton	GO	tsMR	77	OK-cmd				JSON/js/teach-access.js:2					uteach.dfm:20414	GoButton140Click	uteach.cpp:3401-3472	40	MOT[].Gali_MotMove MOT[].MotorMove					clicked ; control.takeover ; motor.access(MInArmX) ; dom:6133
HW.teach.html	teach	SetBtnStackedLoaderX	TSpeedButton	Loader X	tsMR	77	OK-cmd				JSON/js/teach-access.js:2					uteach.dfm:20506	SetButton140Click	uteach.cpp:3360-3399	23	MOT[].ServoOnOff					clicked ; control.takeover ; motor.access(MInArmX) ; dom:53
HW.teach.html	teach	GoBtnStackedLoaderX	TSpeedButton	GO	tsMR	77	OK-cmd				JSON/js/teach-access.js:2					uteach.dfm:20514	GoButton140Click	uteach.cpp:3401-3472	40	MOT[].Gali_MotMove MOT[].MotorMove					clicked ; control.takeover ; motor.access(MInArmX) ; control.acquire ; motor.access(MInArmX) ; dom:6137
HW.teach.html	teach	SetBtnStackedEmptyX	TSpeedButton	Empty X	tsMR	77	OK-cmd				JSON/js/teach-access.js:2					uteach.dfm:20522	SetButton140Click	uteach.cpp:3360-3399	23	MOT[].ServoOnOff					clicked ; control.acquire ; motor.access ; control.takeover ; motor.access(MInArmX) ; dom:52
HW.teach.html	teach	GoBtnStackedEmptyX	TSpeedButton	GO	tsMR	77	OK-cmd				JSON/js/teach-access.js:2					uteach.dfm:20530	GoButton140Click	uteach.cpp:3401-3472	40	MOT[].Gali_MotMove MOT[].MotorMove					clicked ; control.takeover ; motor.access(MInArmX) ; dom:6112
HW.teach.html	teach	SetBtnStackedConversionX	TSpeedButton	Conversion X	tsMR	77	OK-cmd				JSON/js/teach-access.js:2					uteach.dfm:20538	SetButton140Click	uteach.cpp:3360-3399	23	MOT[].ServoOnOff					clicked ; control.acquire ; motor.access(MInArmX) ; control.takeover ; motor.access(MInArmX) ; dom:49
HW.teach.html	teach	GoBtnStackedConversionX	TSpeedButton	GO	tsMR	77	OK-cmd				JSON/js/teach-access.js:2					uteach.dfm:20546	GoButton140Click	uteach.cpp:3401-3472	40	MOT[].Gali_MotMove MOT[].MotorMove					clicked ; control.takeover ; motor.access(MInArmX) ; dom:6112
HW.teach.html	teach	SetBtnStackedAuto1X	TSpeedButton	Auto1 X	tsMR	77	OK-cmd				JSON/js/teach-access.js:2					uteach.dfm:20554	SetButton140Click	uteach.cpp:3360-3399	23	MOT[].ServoOnOff					clicked ; control.takeover ; motor.access(MInArmX) ; control.acquire ; motor.access ; control.acquire ; motor.access(MInArmX) ; dom:49
HW.teach.html	teach	GoBtnStackedAuto1X	TSpeedButton	GO	tsMR	77	OK-cmd				JSON/js/teach-access.js:2					uteach.dfm:20562	GoButton140Click	uteach.cpp:3401-3472	40	MOT[].Gali_MotMove MOT[].MotorMove					clicked ; control.takeover ; motor.access(MInArmX) ; dom:6133
HW.teach.html	teach	SetBtnStackedAuto2X	TSpeedButton	Auto2 X	tsMR	77	OK-cmd				JSON/js/teach-access.js:2					uteach.dfm:20570	SetButton140Click	uteach.cpp:3360-3399	23	MOT[].ServoOnOff					clicked ; control.takeover ; motor.access(MInArmX) ; dom:28
HW.teach.html	teach	GoBtnStackedAuto2X	TSpeedButton	GO	tsMR	77	OK-cmd				JSON/js/teach-access.js:2					uteach.dfm:20578	GoButton140Click	uteach.cpp:3401-3472	40	MOT[].Gali_MotMove MOT[].MotorMove					clicked ; control.takeover ; motor.access(MInArmX) ; control.acquire ; motor.access(MInArmX) ; dom:6112
HW.teach.html	teach	SetBtnStackedAuto3X	TSpeedButton	Auto3 X	tsMR	77	OK-cmd				JSON/js/teach-access.js:2					uteach.dfm:20586	SetButton140Click	uteach.cpp:3360-3399	23	MOT[].ServoOnOff					clicked ; control.takeover ; motor.access(MInArmX) ; dom:49
HW.teach.html	teach	GoBtnStackedAuto3X	TSpeedButton	GO	tsMR	77	OK-cmd				JSON/js/teach-access.js:2					uteach.dfm:20594	GoButton140Click	uteach.cpp:3401-3472	40	MOT[].Gali_MotMove MOT[].MotorMove					clicked ; control.takeover ; motor.access(MInArmX) ; dom:6133
HW.teach.html	teach	SetBtnStackedLoaderZ	TSpeedButton	Loader Z	tsMR	77	OK-cmd				JSON/js/teach-access.js:2					uteach.dfm:20609	SetButton140Click	uteach.cpp:3360-3399	23	MOT[].ServoOnOff					clicked ; control.takeover ; motor.access(MInArmX) ; dom:31
HW.teach.html	teach	GoBtnStackedLoaderZ	TSpeedButton	GO	tsMR	77	OK-cmd				JSON/js/teach-access.js:2					uteach.dfm:20617	GoButton140Click	uteach.cpp:3401-3472	40	MOT[].Gali_MotMove MOT[].MotorMove					clicked ; control.takeover ; motor.access(MInArmX) ; dom:6138
HW.teach.html	teach	SetBtnStackedEmptyZ	TSpeedButton	Empty Z	tsMR	77	OK-cmd				JSON/js/teach-access.js:2					uteach.dfm:20625	SetButton140Click	uteach.cpp:3360-3399	23	MOT[].ServoOnOff					clicked ; control.takeover ; motor.access(MInArmX) ; dom:54
HW.teach.html	teach	GoBtnStackedEmptyZ	TSpeedButton	GO	tsMR	77	OK-cmd				JSON/js/teach-access.js:2					uteach.dfm:20633	GoButton140Click	uteach.cpp:3401-3472	40	MOT[].Gali_MotMove MOT[].MotorMove					clicked ; control.acquire ; motor.access ; control.takeover ; motor.access(MInArmX) ; dom:6117
HW.teach.html	teach	SetBtnStackedConversionZ	TSpeedButton	Conversion Z	tsMR	77	OK-cmd				JSON/js/teach-access.js:2					uteach.dfm:20641	SetButton140Click	uteach.cpp:3360-3399	23	MOT[].ServoOnOff					clicked ; control.takeover ; motor.access(MInArmX) ; dom:31
HW.teach.html	teach	GoBtnStackedConversionZ	TSpeedButton	GO	tsMR	77	OK-cmd				JSON/js/teach-access.js:2					uteach.dfm:20649	GoButton140Click	uteach.cpp:3401-3472	40	MOT[].Gali_MotMove MOT[].MotorMove					clicked ; control.takeover ; motor.access(MInArmX) ; dom:6138
HW.teach.html	teach	SetBtnStackedAuto1Z	TSpeedButton	Auto1 Z	tsMR	77	OK-cmd				JSON/js/teach-access.js:2					uteach.dfm:20657	SetButton140Click	uteach.cpp:3360-3399	23	MOT[].ServoOnOff					clicked ; control.takeover ; motor.access(MInArmX) ; dom:31
HW.teach.html	teach	GoBtnStackedAuto1Z	TSpeedButton	GO	tsMR	77	OK-cmd				JSON/js/teach-access.js:2					uteach.dfm:20665	GoButton140Click	uteach.cpp:3401-3472	40	MOT[].Gali_MotMove MOT[].MotorMove					clicked ; control.takeover ; motor.access(MInArmX) ; control.acquire ; motor.access ; dom:6138
HW.teach.html	teach	SetBtnStackedAuto2Z	TSpeedButton	Auto2 Z	tsMR	77	OK-cmd				JSON/js/teach-access.js:2					uteach.dfm:20673	SetButton140Click	uteach.cpp:3360-3399	23	MOT[].ServoOnOff					clicked ; control.takeover ; motor.access(MInArmX) ; dom:52
HW.teach.html	teach	GoBtnStackedAuto2Z	TSpeedButton	GO	tsMR	77	OK-cmd				JSON/js/teach-access.js:2					uteach.dfm:20681	GoButton140Click	uteach.cpp:3401-3472	40	MOT[].Gali_MotMove MOT[].MotorMove					clicked ; control.takeover ; motor.access(MInArmX) ; dom:6117
HW.teach.html	teach	SetBtnStackedAuto3Z	TSpeedButton	Auto3 Z	tsMR	77	OK-cmd				JSON/js/teach-access.js:2					uteach.dfm:20689	SetButton140Click	uteach.cpp:3360-3399	23	MOT[].ServoOnOff					clicked ; control.takeover ; motor.access(MInArmX) ; dom:31
HW.teach.html	teach	GoBtnStackedAuto3Z	TSpeedButton	GO	tsMR	77	OK-cmd				JSON/js/teach-access.js:2					uteach.dfm:20697	GoButton140Click	uteach.cpp:3401-3472	40	MOT[].Gali_MotMove MOT[].MotorMove					clicked ; control.takeover ; motor.access(MInArmX) ; dom:6138
HW.teach.html	teach	SetBtnTrayBracketSaftZ	TSpeedButton	Saft	tsMR	77	OK-cmd				JSON/js/teach-access.js:2					uteach.dfm:20842	SetButton140Click	uteach.cpp:3360-3399	23	MOT[].ServoOnOff					clicked ; control.takeover ; motor.access(MInArmX) ; dom:52
HW.teach.html	teach	GoBtnTrayBracketSaftZ	TSpeedButton	GO	tsMR	77	OK-cmd				JSON/js/teach-access.js:2					uteach.dfm:20850	GoButton140Click	uteach.cpp:3401-3472	40	MOT[].Gali_MotMove MOT[].MotorMove					clicked ; control.takeover ; motor.access(MInArmX) ; dom:6112
HW.teach.html	teach	SetBtnTrayBracketConversionZ	TSpeedButton	Conversion	tsMR	77	OK-cmd				JSON/js/teach-access.js:2					uteach.dfm:20858	SetButton140Click	uteach.cpp:3360-3399	23	MOT[].ServoOnOff					clicked ; control.takeover ; motor.access(MInArmX) ; dom:49
HW.teach.html	teach	GoBtnTrayBracketConversionZ	TSpeedButton	GO	tsMR	77	OK-cmd				JSON/js/teach-access.js:2					uteach.dfm:20866	GoButton140Click	uteach.cpp:3401-3472	40	MOT[].Gali_MotMove MOT[].MotorMove					clicked ; control.takeover ; motor.access(MInArmX) ; dom:6133
HW.teach.html	teach	SetBtnLoadPortBufferZ	TSpeedButton	Buffer1 Z	tsMR	77	OK-cmd				JSON/js/teach-access.js:2					uteach.dfm:20900	SetButton140Click	uteach.cpp:3360-3399	23	MOT[].ServoOnOff					clicked ; control.takeover ; motor.access(MInArmX) ; control.acquire ; motor.access ; dom:53
HW.teach.html	teach	SetBtnLoadPort1Z	TSpeedButton	Port1 Z	tsMR	77	OK-cmd				JSON/js/teach-access.js:2					uteach.dfm:20916	SetButton140Click	uteach.cpp:3360-3399	23	MOT[].ServoOnOff					clicked ; control.takeover ; motor.access(MInArmX) ; dom:28
HW.teach.html	teach	SetBtnLoadPort2Z	TSpeedButton	Port2 Z	tsMR	77	OK-cmd				JSON/js/teach-access.js:2					uteach.dfm:20932	SetButton140Click	uteach.cpp:3360-3399	23	MOT[].ServoOnOff					clicked ; control.takeover ; motor.access(MInArmX) ; dom:49
HW.teach.html	teach	SetBtnLoadPort3Z	TSpeedButton	Port3 Z	tsMR	77	OK-cmd				JSON/js/teach-access.js:2					uteach.dfm:20948	SetButton140Click	uteach.cpp:3360-3399	23	MOT[].ServoOnOff					clicked ; control.takeover ; motor.access(MInArmX) ; dom:28
HW.teach.html	teach	SetBtnLoadPort4Z	TSpeedButton	Port4 Z	tsMR	77	OK-cmd				JSON/js/teach-access.js:2					uteach.dfm:20964	SetButton140Click	uteach.cpp:3360-3399	23	MOT[].ServoOnOff					clicked ; control.takeover ; motor.access(MInArmX) ; control.acquire ; motor.access ; dom:49
HW.teach.html	teach	GoBtnLoadPortBufferZ	TSpeedButton	Go	tsMR	77	OK-cmd				JSON/js/teach-access.js:2					uteach.dfm:20980	GoButton140Click	uteach.cpp:3401-3472	40	MOT[].Gali_MotMove MOT[].MotorMove					clicked ; control.takeover ; motor.access(MInArmX) ; dom:6136
HW.teach.html	teach	GoBtnLoadPort4Z	TSpeedButton	Go	tsMR	77	OK-cmd				JSON/js/teach-access.js:2					uteach.dfm:20988	GoButton140Click	uteach.cpp:3401-3472	40	MOT[].Gali_MotMove MOT[].MotorMove					clicked ; control.takeover ; motor.access(MInArmX) ; dom:6112
HW.teach.html	teach	GoBtnLoadPort3Z	TSpeedButton	Go	tsMR	77	OK-cmd				JSON/js/teach-access.js:2					uteach.dfm:20996	GoButton140Click	uteach.cpp:3401-3472	40	MOT[].Gali_MotMove MOT[].MotorMove					clicked ; control.takeover ; motor.access(MInArmX) ; dom:6112
HW.teach.html	teach	GoBtnLoadPort2Z	TSpeedButton	Go	tsMR	77	OK-cmd				JSON/js/teach-access.js:2					uteach.dfm:21004	GoButton140Click	uteach.cpp:3401-3472	40	MOT[].Gali_MotMove MOT[].MotorMove					clicked ; control.takeover ; motor.access(MInArmX) ; control.acquire ; motor.access ; dom:6154
HW.teach.html	teach	GoBtnLoadPort1Z	TSpeedButton	Go	tsMR	77	OK-cmd				JSON/js/teach-access.js:2					uteach.dfm:21012	GoButton140Click	uteach.cpp:3401-3472	40	MOT[].Gali_MotMove MOT[].MotorMove					clicked ; control.takeover ; motor.access(MInArmX) ; dom:6112
HW.teach.html	teach	SetBtnUnloadPortBufferZ	TSpeedButton	Buffer10 Z	tsMR	77	OK-cmd				JSON/js/teach-access.js:2					uteach.dfm:21093	SetButton140Click	uteach.cpp:3360-3399	23	MOT[].ServoOnOff					clicked ; control.takeover ; motor.access(MInArmX) ; dom:53
HW.teach.html	teach	SetBtnUnloadPort1Z	TSpeedButton	Port1 Z	tsMR	77	OK-cmd				JSON/js/teach-access.js:2					uteach.dfm:21109	SetButton140Click	uteach.cpp:3360-3399	23	MOT[].ServoOnOff					clicked ; control.takeover ; motor.access(MInArmX) ; dom:28
HW.teach.html	teach	SetBtnUnloadPort2Z	TSpeedButton	Port2 Z	tsMR	77	OK-cmd				JSON/js/teach-access.js:2					uteach.dfm:21125	SetButton140Click	uteach.cpp:3360-3399	23	MOT[].ServoOnOff					clicked ; control.takeover ; motor.access(MInArmX) ; dom:28
HW.teach.html	teach	SetBtnUnloadPort3Z	TSpeedButton	Port3 Z	tsMR	77	OK-cmd				JSON/js/teach-access.js:2					uteach.dfm:21141	SetButton140Click	uteach.cpp:3360-3399	23	MOT[].ServoOnOff					clicked ; control.takeover ; motor.access(MInArmX) ; dom:50
HW.teach.html	teach	SetBtnUnloadPort4Z	TSpeedButton	Port4 Z	tsMR	77	OK-cmd				JSON/js/teach-access.js:2					uteach.dfm:21157	SetButton140Click	uteach.cpp:3360-3399	23	MOT[].ServoOnOff					clicked ; control.takeover ; motor.access(MInArmX) ; control.acquire ; motor.access ; dom:49
HW.teach.html	teach	GoBtnUnloadPortBufferZ	TSpeedButton	Go	tsMR	77	OK-cmd				JSON/js/teach-access.js:2					uteach.dfm:21173	GoButton140Click	uteach.cpp:3401-3472	40	MOT[].Gali_MotMove MOT[].MotorMove					clicked ; control.acquire ; motor.access(MInArmX) ; control.takeover ; motor.access(MInArmX) ; dom:6134
HW.teach.html	teach	GoBtnUnloadPort4Z	TSpeedButton	Go	tsMR	77	OK-cmd				JSON/js/teach-access.js:2					uteach.dfm:21181	GoButton140Click	uteach.cpp:3401-3472	40	MOT[].Gali_MotMove MOT[].MotorMove					clicked ; control.takeover ; motor.access(MInArmX) ; dom:6112
HW.teach.html	teach	GoBtnUnloadPort3Z	TSpeedButton	Go	tsMR	77	OK-cmd				JSON/js/teach-access.js:2					uteach.dfm:21189	GoButton140Click	uteach.cpp:3401-3472	40	MOT[].Gali_MotMove MOT[].MotorMove					clicked ; control.takeover ; motor.access(MInArmX) ; control.acquire ; motor.access(MInArmX) ; dom:6133
HW.teach.html	teach	GoBtnUnloadPort2Z	TSpeedButton	Go	tsMR	77	OK-cmd				JSON/js/teach-access.js:2					uteach.dfm:21197	GoButton140Click	uteach.cpp:3401-3472	40	MOT[].Gali_MotMove MOT[].MotorMove					clicked ; control.takeover ; motor.access(MInArmX) ; control.acquire ; motor.access ; dom:6133
HW.teach.html	teach	GoBtnUnloadPort1Z	TSpeedButton	Go	tsMR	77	OK-cmd				JSON/js/teach-access.js:2					uteach.dfm:21205	GoButton140Click	uteach.cpp:3401-3472	40	MOT[].Gali_MotMove MOT[].MotorMove					clicked ; control.takeover ; motor.access(MInArmX) ; dom:6112
HW.teach.html	teach	spTTLReset	TSpeedButton	Reset	tsTTLTest	77	greyed(probe)			HW.teach.html:224						uteach.dfm:21288	spTTLResetClick	uteach.cpp:4951-4954	1						greyed
HW.teach.html	teach	sbGoAlignInZAa	TSpeedButton	Go	TabSheet2>tsInArmAoa	77	OK-cmd				JSON/js/teach-access.js:2					uteach.dfm:21350	GoButton140Click	uteach.cpp:3401-3472	40	MOT[].Gali_MotMove MOT[].MotorMove					clicked ; control.takeover ; motor.access(MInArmX) ; dom:6136
HW.teach.html	teach	sbAlignInZAa	TSpeedButton	Aa	TabSheet2>tsInArmAoa	77	OK-cmd				JSON/js/teach-access.js:2					uteach.dfm:21358	SetButton140Click	uteach.cpp:3360-3399	23	MOT[].ServoOnOff					clicked ; control.takeover ; motor.access(MInArmX) ; dom:49
HW.teach.html	teach	sbAlignInZAb	TSpeedButton	Ab	TabSheet2>tsInArmAoa	77	OK-cmd				JSON/js/teach-access.js:2					uteach.dfm:21366	SetButton140Click	uteach.cpp:3360-3399	23	MOT[].ServoOnOff					clicked ; control.takeover ; motor.access(MInArmX) ; control.acquire ; motor.access(MInArmX) ; control.acquire ; motor.access ; dom:54
HW.teach.html	teach	sbGoAlignInZAb	TSpeedButton	Go	TabSheet2>tsInArmAoa	77	OK-cmd				JSON/js/teach-access.js:2					uteach.dfm:21374	GoButton140Click	uteach.cpp:3401-3472	40	MOT[].Gali_MotMove MOT[].MotorMove					clicked ; control.takeover ; motor.access(MInArmX) ; dom:6133
HW.teach.html	teach	sbAlignInZAc	TSpeedButton	Ac	TabSheet2>tsInArmAoa	77	OK-cmd				JSON/js/teach-access.js:2					uteach.dfm:21382	SetButton140Click	uteach.cpp:3360-3399	23	MOT[].ServoOnOff					clicked ; control.takeover ; motor.access(MInArmX) ; dom:31
HW.teach.html	teach	sbGoAlignInZAc	TSpeedButton	Go	TabSheet2>tsInArmAoa	77	OK-cmd				JSON/js/teach-access.js:2					uteach.dfm:21390	GoButton140Click	uteach.cpp:3401-3472	40	MOT[].Gali_MotMove MOT[].MotorMove					clicked ; control.takeover ; motor.access(MInArmX) ; dom:6133
HW.teach.html	teach	sbAlignInZAd	TSpeedButton	Ad	TabSheet2>tsInArmAoa	77	OK-cmd				JSON/js/teach-access.js:2					uteach.dfm:21398	SetButton140Click	uteach.cpp:3360-3399	23	MOT[].ServoOnOff					clicked ; control.takeover ; motor.access(MInArmX) ; control.acquire ; motor.access ; dom:73
HW.teach.html	teach	sbGoAlignInZAd	TSpeedButton	Go	TabSheet2>tsInArmAoa	77	OK-cmd				JSON/js/teach-access.js:2					uteach.dfm:21406	GoButton140Click	uteach.cpp:3401-3472	40	MOT[].Gali_MotMove MOT[].MotorMove					clicked ; control.takeover ; motor.access(MInArmX) ; dom:6112
HW.teach.html	teach	sbGoAlignInZBa	TSpeedButton	Go	TabSheet2>tsInArmAoa	77	OK-cmd				JSON/js/teach-access.js:2					uteach.dfm:21414	GoButton140Click	uteach.cpp:3401-3472	40	MOT[].Gali_MotMove MOT[].MotorMove					clicked ; control.takeover ; motor.access(MInArmX) ; dom:6136
HW.teach.html	teach	sbAlignInZBa	TSpeedButton	Ba	TabSheet2>tsInArmAoa	77	OK-cmd				JSON/js/teach-access.js:2					uteach.dfm:21422	SetButton140Click	uteach.cpp:3360-3399	23	MOT[].ServoOnOff					clicked ; control.takeover ; motor.access(MInArmX) ; dom:28
HW.teach.html	teach	sbAlignInZBb	TSpeedButton	Bb	TabSheet2>tsInArmAoa	77	OK-cmd				JSON/js/teach-access.js:2					uteach.dfm:21430	SetButton140Click	uteach.cpp:3360-3399	23	MOT[].ServoOnOff					clicked ; control.takeover ; motor.access(MInArmX) ; dom:54
HW.teach.html	teach	sbGoAlignInZBb	TSpeedButton	Go	TabSheet2>tsInArmAoa	77	OK-cmd				JSON/js/teach-access.js:2					uteach.dfm:21438	GoButton140Click	uteach.cpp:3401-3472	40	MOT[].Gali_MotMove MOT[].MotorMove					clicked ; control.acquire ; motor.access ; control.takeover ; motor.access(MInArmX) ; dom:6133
HW.teach.html	teach	sbAlignInZBc	TSpeedButton	Bc	TabSheet2>tsInArmAoa	77	OK-cmd				JSON/js/teach-access.js:2					uteach.dfm:21446	SetButton140Click	uteach.cpp:3360-3399	23	MOT[].ServoOnOff					clicked ; control.takeover ; motor.access(MInArmX) ; dom:31
HW.teach.html	teach	sbGoAlignInZBc	TSpeedButton	Go	TabSheet2>tsInArmAoa	77	OK-cmd				JSON/js/teach-access.js:2					uteach.dfm:21454	GoButton140Click	uteach.cpp:3401-3472	40	MOT[].Gali_MotMove MOT[].MotorMove					clicked ; control.takeover ; motor.access(MInArmX) ; dom:6133
HW.teach.html	teach	sbAlignInZBd	TSpeedButton	Bd	TabSheet2>tsInArmAoa	77	OK-cmd				JSON/js/teach-access.js:2					uteach.dfm:21462	SetButton140Click	uteach.cpp:3360-3399	23	MOT[].ServoOnOff					clicked ; control.takeover ; motor.access(MInArmX) ; dom:31
HW.teach.html	teach	sbGoAlignInZBd	TSpeedButton	Go	TabSheet2>tsInArmAoa	77	OK-cmd				JSON/js/teach-access.js:2					uteach.dfm:21470	GoButton140Click	uteach.cpp:3401-3472	40	MOT[].Gali_MotMove MOT[].MotorMove					clicked ; control.acquire ; motor.access ; control.takeover ; motor.access(MInArmX) ; dom:6133
HW.teach.html	teach	sbAutoCalibrationInArmCCDPickerDis	TButton	Teach In Arm Picker	TabSheet2>tsInArmAoa	77	greyed(probe)			HW.teach.html:228						uteach.dfm:21542	sbAutoCalibrationInArmCCDPickerDisClick	uteach.cpp:5104-5122	14						greyed
HW.teach.html	teach	sbGoAlignInZAe	TSpeedButton	Go	TabSheet2>tsInArmAoa	77	OK-cmd				JSON/js/teach-access.js:2					uteach.dfm:21559	GoButton140Click	uteach.cpp:3401-3472	40	MOT[].Gali_MotMove MOT[].MotorMove					clicked ; control.takeover ; motor.access(MInArmX) ; dom:6136
HW.teach.html	teach	sbAlignInZAe	TSpeedButton	Ae	TabSheet2>tsInArmAoa	77	OK-cmd				JSON/js/teach-access.js:2					uteach.dfm:21567	SetButton140Click	uteach.cpp:3360-3399	23	MOT[].ServoOnOff					clicked ; control.takeover ; motor.access(MInArmX) ; dom:28
HW.teach.html	teach	sbAlignInZAf	TSpeedButton	Af	TabSheet2>tsInArmAoa	77	OK-cmd				JSON/js/teach-access.js:2					uteach.dfm:21575	SetButton140Click	uteach.cpp:3360-3399	23	MOT[].ServoOnOff					clicked ; control.takeover ; motor.access(MInArmX) ; dom:53
HW.teach.html	teach	sbGoAlignInZAf	TSpeedButton	Go	TabSheet2>tsInArmAoa	77	OK-cmd				JSON/js/teach-access.js:2					uteach.dfm:21583	GoButton140Click	uteach.cpp:3401-3472	40	MOT[].Gali_MotMove MOT[].MotorMove					clicked ; control.takeover ; motor.access(MInArmX) ; control.acquire ; motor.access ; dom:6133
HW.teach.html	teach	sbAlignInZAg	TSpeedButton	Ag	TabSheet2>tsInArmAoa	77	OK-cmd				JSON/js/teach-access.js:2					uteach.dfm:21591	SetButton140Click	uteach.cpp:3360-3399	23	MOT[].ServoOnOff					clicked ; control.takeover ; motor.access(MInArmX) ; dom:49
HW.teach.html	teach	sbGoAlignInZAg	TSpeedButton	Go	TabSheet2>tsInArmAoa	77	OK-cmd				JSON/js/teach-access.js:2					uteach.dfm:21599	GoButton140Click	uteach.cpp:3401-3472	40	MOT[].Gali_MotMove MOT[].MotorMove					clicked ; control.takeover ; motor.access(MInArmX) ; dom:6112
HW.teach.html	teach	sbAlignInZAh	TSpeedButton	Ah	TabSheet2>tsInArmAoa	77	OK-cmd				JSON/js/teach-access.js:2					uteach.dfm:21607	SetButton140Click	uteach.cpp:3360-3399	23	MOT[].ServoOnOff					clicked ; control.takeover ; motor.access(MInArmX) ; dom:28
HW.teach.html	teach	sbGoAlignInZAh	TSpeedButton	Go	TabSheet2>tsInArmAoa	77	OK-cmd				JSON/js/teach-access.js:2					uteach.dfm:21615	GoButton140Click	uteach.cpp:3401-3472	40	MOT[].Gali_MotMove MOT[].MotorMove					clicked ; control.takeover ; motor.access(MInArmX) ; control.acquire ; motor.access ; dom:6154
HW.teach.html	teach	sbGoAlignInZBe	TSpeedButton	Go	TabSheet2>tsInArmAoa	77	OK-cmd				JSON/js/teach-access.js:2					uteach.dfm:21623	GoButton140Click	uteach.cpp:3401-3472	40	MOT[].Gali_MotMove MOT[].MotorMove					clicked ; control.takeover ; motor.access(MInArmX) ; dom:6116
HW.teach.html	teach	sbAlignInZBe	TSpeedButton	Be	TabSheet2>tsInArmAoa	77	OK-cmd				JSON/js/teach-access.js:2					uteach.dfm:21631	SetButton140Click	uteach.cpp:3360-3399	23	MOT[].ServoOnOff					clicked ; control.takeover ; motor.access(MInArmX) ; dom:49
HW.teach.html	teach	sbAlignInZBf	TSpeedButton	Bf	TabSheet2>tsInArmAoa	77	OK-cmd				JSON/js/teach-access.js:2					uteach.dfm:21639	SetButton140Click	uteach.cpp:3360-3399	23	MOT[].ServoOnOff					clicked ; control.takeover ; motor.access(MInArmX) ; dom:32
HW.teach.html	teach	sbGoAlignInZBf	TSpeedButton	Go	TabSheet2>tsInArmAoa	77	OK-cmd				JSON/js/teach-access.js:2					uteach.dfm:21647	GoButton140Click	uteach.cpp:3401-3472	40	MOT[].Gali_MotMove MOT[].MotorMove					clicked ; control.takeover ; motor.access(MInArmX) ; control.acquire ; motor.access ; dom:6133
HW.teach.html	teach	sbAlignInZBg	TSpeedButton	Bg	TabSheet2>tsInArmAoa	77	OK-cmd				JSON/js/teach-access.js:2					uteach.dfm:21655	SetButton140Click	uteach.cpp:3360-3399	23	MOT[].ServoOnOff					clicked ; control.takeover ; motor.access(MInArmX) ; dom:49
HW.teach.html	teach	sbGoAlignInZBg	TSpeedButton	Go	TabSheet2>tsInArmAoa	77	OK-cmd				JSON/js/teach-access.js:2					uteach.dfm:21663	GoButton140Click	uteach.cpp:3401-3472	40	MOT[].Gali_MotMove MOT[].MotorMove					clicked ; control.takeover ; motor.access(MInArmX) ; dom:6112
HW.teach.html	teach	sbAlignInZBh	TSpeedButton	Bh	TabSheet2>tsInArmAoa	77	OK-cmd				JSON/js/teach-access.js:2					uteach.dfm:21671	SetButton140Click	uteach.cpp:3360-3399	23	MOT[].ServoOnOff					clicked ; control.takeover ; motor.access(MInArmX) ; dom:49
HW.teach.html	teach	sbGoAlignInZBh	TSpeedButton	Go	TabSheet2>tsInArmAoa	77	OK-cmd				JSON/js/teach-access.js:2					uteach.dfm:21679	GoButton140Click	uteach.cpp:3401-3472	40	MOT[].Gali_MotMove MOT[].MotorMove					clicked ; control.takeover ; motor.access(MInArmX) ; control.acquire ; motor.access(MInArmX) ; dom:6116
HW.teach.html	teach	sbInArmCCDPos	TSpeedButton	CCD	TabSheet2>tsInArmAoa	77	OK-cmd				JSON/js/teach-access.js:2					uteach.dfm:22606	SetButton020Click	uteach.cpp:3517-3557	28	MOT[].ServoOnOff					clicked ; control.takeover ; motor.access(MInArmX) ; dom:32
HW.teach.html	teach	sbGoInArmCCDPos	TSpeedButton	Go	TabSheet2>tsInArmAoa	77	OK-cmd				JSON/js/teach-access.js:2					uteach.dfm:22614	GoButton020Click	uteach.cpp:3559-3623	37	MOT[].Gali_MotMove MOT[].MotorMove					clicked ; control.takeover ; motor.access(MInArmX) ; dom:6135
HW.teach.html	teach	sbInArmBasePickerPos	TSpeedButton	Base Pick	TabSheet2>tsInArmAoa	77	OK-cmd				JSON/js/teach-access.js:2					uteach.dfm:22629	SetButton020Click	uteach.cpp:3517-3557	28	MOT[].ServoOnOff					clicked ; control.acquire ; motor.access(MInArmX) ; control.takeover ; motor.access(MInArmX) ; dom:35
HW.teach.html	teach	sbGoInArmBasePickerPos	TSpeedButton	Go	TabSheet2>tsInArmAoa	77	OK-cmd				JSON/js/teach-access.js:2					uteach.dfm:22637	GoButton020Click	uteach.cpp:3559-3623	37	MOT[].Gali_MotMove MOT[].MotorMove					clicked ; control.acquire ; motor.access ; control.takeover ; motor.access(MInArmX) ; dom:6135
HW.teach.html	teach	sbAutoCalibrationInArmCCDResolution	TButton	Teach In Arm to CCD	TabSheet2>tsInArmAoa	77	greyed(probe)			HW.teach.html:229						uteach.dfm:22681	sbAutoCalibrationInArmCCDResolutionClick	uteach.cpp:5054-5077	15						greyed
HW.teach.html	teach	sbGoAlignOutZAa	TSpeedButton	Go	TabSheet2>tsOutArmAoa	77	OK-cmd				JSON/js/teach-access.js:2					uteach.dfm:22704	GoButton140Click	uteach.cpp:3401-3472	40	MOT[].Gali_MotMove MOT[].MotorMove					clicked ; control.takeover ; motor.access(MInArmX) ; control.acquire ; motor.access(MInArmX) ; dom:6116
HW.teach.html	teach	sbAlignOutZAa	TSpeedButton	A	TabSheet2>tsOutArmAoa	77	OK-cmd				JSON/js/teach-access.js:2					uteach.dfm:22712	SetButton140Click	uteach.cpp:3360-3399	23	MOT[].ServoOnOff					clicked ; control.takeover ; motor.access(MInArmX) ; dom:49
HW.teach.html	teach	sbAlignOutZAb	TSpeedButton	C	TabSheet2>tsOutArmAoa	77	OK-cmd				JSON/js/teach-access.js:2					uteach.dfm:22720	SetButton140Click	uteach.cpp:3360-3399	23	MOT[].ServoOnOff					clicked ; control.takeover ; motor.access(MInArmX) ; dom:54
HW.teach.html	teach	sbGoAlignOutZAb	TSpeedButton	Go	TabSheet2>tsOutArmAoa	77	OK-cmd				JSON/js/teach-access.js:2					uteach.dfm:22728	GoButton140Click	uteach.cpp:3401-3472	40	MOT[].Gali_MotMove MOT[].MotorMove					clicked ; control.acquire ; motor.access(MInArmX) ; control.acquire ; motor.access ; control.takeover ; motor.access(MInArmX) ; dom:6133
HW.teach.html	teach	sbAlignOutZAc	TSpeedButton	E	TabSheet2>tsOutArmAoa	77	OK-cmd				JSON/js/teach-access.js:2					uteach.dfm:22736	SetButton140Click	uteach.cpp:3360-3399	23	MOT[].ServoOnOff					clicked ; control.takeover ; motor.access(MInArmX) ; dom:52
HW.teach.html	teach	sbGoAlignOutZAc	TSpeedButton	Go	TabSheet2>tsOutArmAoa	77	OK-cmd				JSON/js/teach-access.js:2					uteach.dfm:22744	GoButton140Click	uteach.cpp:3401-3472	40	MOT[].Gali_MotMove MOT[].MotorMove					clicked ; control.takeover ; motor.access(MInArmX) ; control.acquire ; motor.access(MInArmX) ; dom:6112
HW.teach.html	teach	sbAlignOutZAd	TSpeedButton	G	TabSheet2>tsOutArmAoa	77	OK-cmd				JSON/js/teach-access.js:2					uteach.dfm:22752	SetButton140Click	uteach.cpp:3360-3399	23	MOT[].ServoOnOff					clicked ; control.takeover ; motor.access(MInArmX) ; dom:31
HW.teach.html	teach	sbGoAlignOutZAd	TSpeedButton	Go	TabSheet2>tsOutArmAoa	77	OK-cmd				JSON/js/teach-access.js:2					uteach.dfm:22760	GoButton140Click	uteach.cpp:3401-3472	40	MOT[].Gali_MotMove MOT[].MotorMove					clicked ; control.takeover ; motor.access(MInArmX) ; control.acquire ; motor.access ; dom:6154
HW.teach.html	teach	sbAlignOutZBd	TSpeedButton	H	TabSheet2>tsOutArmAoa	77	OK-cmd				JSON/js/teach-access.js:2					uteach.dfm:22768	SetButton140Click	uteach.cpp:3360-3399	23	MOT[].ServoOnOff					clicked ; control.takeover ; motor.access(MInArmX) ; dom:28
HW.teach.html	teach	sbGoAlignOutZBd	TSpeedButton	Go	TabSheet2>tsOutArmAoa	77	OK-cmd				JSON/js/teach-access.js:2					uteach.dfm:22776	GoButton140Click	uteach.cpp:3401-3472	40	MOT[].Gali_MotMove MOT[].MotorMove					clicked ; control.takeover ; motor.access(MInArmX) ; dom:6112
HW.teach.html	teach	sbAlignOutZBc	TSpeedButton	F	TabSheet2>tsOutArmAoa	77	OK-cmd				JSON/js/teach-access.js:2					uteach.dfm:22784	SetButton140Click	uteach.cpp:3360-3399	23	MOT[].ServoOnOff					clicked ; control.takeover ; motor.access(MInArmX) ; dom:52
HW.teach.html	teach	sbGoAlignOutZBc	TSpeedButton	Go	TabSheet2>tsOutArmAoa	77	OK-cmd				JSON/js/teach-access.js:2					uteach.dfm:22792	GoButton140Click	uteach.cpp:3401-3472	40	MOT[].Gali_MotMove MOT[].MotorMove					clicked ; control.takeover ; motor.access(MInArmX) ; dom:6133
HW.teach.html	teach	sbAlignOutZBb	TSpeedButton	D	TabSheet2>tsOutArmAoa	77	OK-cmd				JSON/js/teach-access.js:2					uteach.dfm:22800	SetButton140Click	uteach.cpp:3360-3399	23	MOT[].ServoOnOff					clicked ; control.takeover ; motor.access(MInArmX) ; dom:31
HW.teach.html	teach	sbGoAlignOutZBb	TSpeedButton	Go	TabSheet2>tsOutArmAoa	77	OK-cmd				JSON/js/teach-access.js:2					uteach.dfm:22808	GoButton140Click	uteach.cpp:3401-3472	40	MOT[].Gali_MotMove MOT[].MotorMove					clicked ; control.takeover ; motor.access(MInArmX) ; dom:6133
HW.teach.html	teach	sbAlignOutZBa	TSpeedButton	B	TabSheet2>tsOutArmAoa	77	OK-cmd				JSON/js/teach-access.js:2					uteach.dfm:22816	SetButton140Click	uteach.cpp:3360-3399	23	MOT[].ServoOnOff					clicked ; control.takeover ; motor.access(MInArmX) ; dom:52
HW.teach.html	teach	sbGoAlignOutZBa	TSpeedButton	Go	TabSheet2>tsOutArmAoa	77	OK-cmd				JSON/js/teach-access.js:2					uteach.dfm:22824	GoButton140Click	uteach.cpp:3401-3472	40	MOT[].Gali_MotMove MOT[].MotorMove					clicked ; control.takeover ; motor.access(MInArmX) ; dom:6112
HW.teach.html	teach	sbAutoCalibrationOutArmCCDPickerDis	TButton	Teach Out Arm Picker	TabSheet2>tsOutArmAoa	77	greyed(probe)			HW.teach.html:230						uteach.dfm:22911	sbAutoCalibrationOutArmCCDPickerDisClick	uteach.cpp:5124-5142	14						greyed
HW.teach.html	teach	sbGoAlignOutZAe	TSpeedButton	Go	TabSheet2>tsOutArmAoa	77	OK-cmd				JSON/js/teach-access.js:2					uteach.dfm:22928	GoButton140Click	uteach.cpp:3401-3472	40	MOT[].Gali_MotMove MOT[].MotorMove					clicked ; control.acquire ; motor.access ; control.takeover ; motor.access(MInArmX) ; dom:6115
HW.teach.html	teach	sbAlignOutZAe	TSpeedButton	Ae	TabSheet2>tsOutArmAoa	77	OK-cmd				JSON/js/teach-access.js:2					uteach.dfm:22936	SetButton140Click	uteach.cpp:3360-3399	23	MOT[].ServoOnOff					clicked ; control.takeover ; motor.access(MInArmX) ; dom:49
HW.teach.html	teach	sbAlignOutZAf	TSpeedButton	Af	TabSheet2>tsOutArmAoa	77	OK-cmd				JSON/js/teach-access.js:2					uteach.dfm:22944	SetButton140Click	uteach.cpp:3360-3399	23	MOT[].ServoOnOff					clicked ; control.takeover ; motor.access(MInArmX) ; dom:32
HW.teach.html	teach	sbGoAlignOutZAf	TSpeedButton	Go	TabSheet2>tsOutArmAoa	77	OK-cmd				JSON/js/teach-access.js:2					uteach.dfm:22952	GoButton140Click	uteach.cpp:3401-3472	40	MOT[].Gali_MotMove MOT[].MotorMove					clicked ; control.takeover ; motor.access(MInArmX) ; dom:6112
HW.teach.html	teach	sbAlignOutZAg	TSpeedButton	Ag	TabSheet2>tsOutArmAoa	77	OK-cmd				JSON/js/teach-access.js:2					uteach.dfm:22960	SetButton140Click	uteach.cpp:3360-3399	23	MOT[].ServoOnOff					clicked ; control.takeover ; motor.access(MInArmX) ; control.acquire ; motor.access ; dom:70
HW.teach.html	teach	sbGoAlignOutZAg	TSpeedButton	Go	TabSheet2>tsOutArmAoa	77	OK-cmd				JSON/js/teach-access.js:2					uteach.dfm:22968	GoButton140Click	uteach.cpp:3401-3472	40	MOT[].Gali_MotMove MOT[].MotorMove					clicked ; control.takeover ; motor.access(MInArmX) ; dom:6112
HW.teach.html	teach	sbAlignOutZAh	TSpeedButton	Ah	TabSheet2>tsOutArmAoa	77	OK-cmd				JSON/js/teach-access.js:2					uteach.dfm:22976	SetButton140Click	uteach.cpp:3360-3399	23	MOT[].ServoOnOff					clicked ; control.takeover ; motor.access(MInArmX) ; dom:28
HW.teach.html	teach	sbGoAlignOutZAh	TSpeedButton	Go	TabSheet2>tsOutArmAoa	77	OK-cmd				JSON/js/teach-access.js:2					uteach.dfm:22984	GoButton140Click	uteach.cpp:3401-3472	40	MOT[].Gali_MotMove MOT[].MotorMove					clicked ; control.takeover ; motor.access(MInArmX) ; dom:6133
HW.teach.html	teach	sbGoAlignOutZBe	TSpeedButton	Go	TabSheet2>tsOutArmAoa	77	OK-cmd				JSON/js/teach-access.js:2					uteach.dfm:22992	GoButton140Click	uteach.cpp:3401-3472	40	MOT[].Gali_MotMove MOT[].MotorMove					clicked ; control.takeover ; motor.access(MInArmX) ; dom:6137
HW.teach.html	teach	sbAlignOutZBe	TSpeedButton	Be	TabSheet2>tsOutArmAoa	77	OK-cmd				JSON/js/teach-access.js:2					uteach.dfm:23000	SetButton140Click	uteach.cpp:3360-3399	23	MOT[].ServoOnOff					clicked ; control.takeover ; motor.access(MInArmX) ; dom:28
HW.teach.html	teach	sbAlignOutZBf	TSpeedButton	Bf	TabSheet2>tsOutArmAoa	77	OK-cmd				JSON/js/teach-access.js:2					uteach.dfm:23008	SetButton140Click	uteach.cpp:3360-3399	23	MOT[].ServoOnOff					clicked ; control.takeover ; motor.access(MInArmX) ; dom:53
HW.teach.html	teach	sbGoAlignOutZBf	TSpeedButton	Go	TabSheet2>tsOutArmAoa	77	OK-cmd				JSON/js/teach-access.js:2					uteach.dfm:23016	GoButton140Click	uteach.cpp:3401-3472	40	MOT[].Gali_MotMove MOT[].MotorMove					clicked ; control.takeover ; motor.access(MInArmX) ; dom:6133
HW.teach.html	teach	sbAlignOutZBg	TSpeedButton	Bg	TabSheet2>tsOutArmAoa	77	OK-cmd				JSON/js/teach-access.js:2					uteach.dfm:23024	SetButton140Click	uteach.cpp:3360-3399	23	MOT[].ServoOnOff					clicked ; control.takeover ; motor.access(MInArmX) ; dom:28
HW.teach.html	teach	sbGoAlignOutZBg	TSpeedButton	Go	TabSheet2>tsOutArmAoa	77	OK-cmd				JSON/js/teach-access.js:2					uteach.dfm:23032	GoButton140Click	uteach.cpp:3401-3472	40	MOT[].Gali_MotMove MOT[].MotorMove					clicked ; control.takeover ; motor.access(MInArmX) ; control.acquire ; motor.access ; dom:6133
HW.teach.html	teach	sbAlignOutZBh	TSpeedButton	Bh	TabSheet2>tsOutArmAoa	77	OK-cmd				JSON/js/teach-access.js:2					uteach.dfm:23040	SetButton140Click	uteach.cpp:3360-3399	23	MOT[].ServoOnOff					clicked ; control.takeover ; motor.access(MInArmX) ; dom:49
HW.teach.html	teach	sbGoAlignOutZBh	TSpeedButton	Go	TabSheet2>tsOutArmAoa	77	OK-cmd				JSON/js/teach-access.js:2					uteach.dfm:23048	GoButton140Click	uteach.cpp:3401-3472	40	MOT[].Gali_MotMove MOT[].MotorMove					clicked ; control.takeover ; motor.access(MInArmX) ; dom:6112
HW.teach.html	teach	sbOutArmCCDPos	TSpeedButton	CCD	TabSheet2>tsOutArmAoa	77	OK-cmd				JSON/js/teach-access.js:2					uteach.dfm:23983	SetButton020Click	uteach.cpp:3517-3557	28	MOT[].ServoOnOff					clicked ; control.takeover ; motor.access(MInArmX) ; dom:34
HW.teach.html	teach	sbGoOutArmCCDPos	TSpeedButton	Go	TabSheet2>tsOutArmAoa	77	OK-cmd				JSON/js/teach-access.js:2					uteach.dfm:23991	GoButton020Click	uteach.cpp:3559-3623	37	MOT[].Gali_MotMove MOT[].MotorMove					clicked ; control.takeover ; motor.access(MInArmX) ; control.acquire ; motor.access(MInArmX) ; dom:6139
HW.teach.html	teach	sbOutArmBasePickerPos	TSpeedButton	Base Pick	TabSheet2>tsOutArmAoa	77	OK-cmd				JSON/js/teach-access.js:2					uteach.dfm:24006	SetButton020Click	uteach.cpp:3517-3557	28	MOT[].ServoOnOff					clicked ; control.takeover ; motor.access(MInArmX) ; dom:35
HW.teach.html	teach	sbGoOutArmBasePickerPos	TSpeedButton	Go	TabSheet2>tsOutArmAoa	77	OK-cmd				JSON/js/teach-access.js:2					uteach.dfm:24014	GoButton020Click	uteach.cpp:3559-3623	37	MOT[].Gali_MotMove MOT[].MotorMove					clicked ; control.takeover ; motor.access(MInArmX) ; dom:6135
HW.teach.html	teach	sbAutoCalibrationOutArmCCDResolution	TButton	Teach Out Arm to CCD	TabSheet2>tsOutArmAoa	77	greyed(probe)			HW.teach.html:231						uteach.dfm:24058	sbAutoCalibrationOutArmCCDResolutionClick	uteach.cpp:5079-5102	15						greyed
HW.teach.html	teach	SetComputeInSh2	TSpeedButton	ComputeInSh2	tsPickUpErrorPlacement	77	OK-cmd				HW.teach.html:825 JSON/js/teach-access.js:2				forms/fTeach.cpp forms/fTeach.h	uteach.dfm:24096	SetComputeInSh2Click	uteach.cpp:5147-5157	8						clicked ; control.acquire ; motor.access ; dom:71
HW.teach.html	teach	SetInarmPlacementXY	TSpeedButton	Placement	tsPickUpErrorPlacement	77	OK-cmd				JSON/js/teach-access.js:2					uteach.dfm:24141	SetButton020Click	uteach.cpp:3517-3557	28	MOT[].ServoOnOff					clicked ; control.takeover ; motor.access(MInArmX) ; dom:58
HW.teach.html	teach	GoInarmPlacementXY	TSpeedButton	Go	tsPickUpErrorPlacement	77	OK-cmd				JSON/js/teach-access.js:2					uteach.dfm:24149	GoButton020Click	uteach.cpp:3559-3623	37	MOT[].Gali_MotMove MOT[].MotorMove					clicked ; control.takeover ; motor.access(MInArmX) ; control.acquire ; motor.access(MInArmX) ; dom:6121
HW.teach.html	teach	setBtnMagZTray1	TSpeedButton	Magazine 1	tsMagazine	77	OK-cmd				JSON/js/teach-access.js:2					uteach.dfm:24241	SetButton140Click	uteach.cpp:3360-3399	23	MOT[].ServoOnOff					clicked ; control.takeover ; motor.access(MInArmX) ; dom:54
HW.teach.html	teach	GoBtnMagZTray1	TSpeedButton	GO	tsMagazine	77	OK-cmd				JSON/js/teach-access.js:2					uteach.dfm:24255	GoButton140Click	uteach.cpp:3401-3472	40	MOT[].Gali_MotMove MOT[].MotorMove					clicked ; control.takeover ; motor.access(MInArmX) ; control.acquire ; motor.access ; control.acquire ; motor.access(MInArmX) ; dom:6138
HW.teach.html	teach	setBtnMagZTrayStandby	TSpeedButton	Standby Pos	tsMagazine	77	OK-cmd				JSON/js/teach-access.js:2					uteach.dfm:24291	SetButton140Click	uteach.cpp:3360-3399	23	MOT[].ServoOnOff					clicked ; control.takeover ; motor.access(MInArmX) ; dom:54
HW.teach.html	teach	GoBtnMagZTrayStandby	TSpeedButton	GO	tsMagazine	77	OK-cmd				JSON/js/teach-access.js:2					uteach.dfm:24305	GoButton140Click	uteach.cpp:3401-3472	40	MOT[].Gali_MotMove MOT[].MotorMove					clicked ; control.takeover ; motor.access(MInArmX) ; dom:6117
HW.teach.html	teach	sbCatchMagFront	TSpeedButton	Catch Mag Front	tsMagazine	77	OK-cmd				JSON/js/teach-access.js:2					uteach.dfm:24348	SetButton140Click	uteach.cpp:3360-3399	23	MOT[].ServoOnOff					clicked ; control.acquire ; motor.access(MInArmX) ; control.takeover ; motor.access(MInArmX) ; dom:32
HW.teach.html	teach	sbGoCatchMagFront	TSpeedButton	GO	tsMagazine	77	OK-cmd				JSON/js/teach-access.js:2					uteach.dfm:24362	GoButton140Click	uteach.cpp:3401-3472	40	MOT[].Gali_MotMove MOT[].MotorMove					clicked ; control.takeover ; motor.access(MInArmX) ; control.acquire ; motor.access ; dom:6154
HW.teach.html	teach	sbCatchMagRear	TSpeedButton	Catch Mag Rear	tsMagazine	77	OK-cmd				JSON/js/teach-access.js:2					uteach.dfm:24384	SetButton140Click	uteach.cpp:3360-3399	23	MOT[].ServoOnOff					clicked ; control.takeover ; motor.access(MInArmX) ; dom:28
HW.teach.html	teach	sbGoCatchMagRear	TSpeedButton	GO	tsMagazine	77	OK-cmd				JSON/js/teach-access.js:2					uteach.dfm:24398	GoButton140Click	uteach.cpp:3401-3472	40	MOT[].Gali_MotMove MOT[].MotorMove					clicked ; control.takeover ; motor.access(MInArmX) ; dom:6133
HW.teach.html	teach	btnSave	TSpeedButton	SAVE		77	OK-ui				page/ht9045_wire_engine.js:2155				FileRW/Teach.cpp Interface/TesterTCP.cpp Interface/TesterTCP.h WebLotInfo.cpp	uteach.dfm:24451	btnSaveClick	uteach.cpp:2261-2389	67						clicked ; dom:44
HW.teach.html	teach	pnlExit	TSpeedButton	EXIT		77	OK-ui				cls.exitbtn@HW.teach.html:110	ui:postMessage ui:toggle				uteach.dfm:24565	pnlExitClick	uteach.cpp:5026-5032	3						clicked ; dom:21
HW.MotorTest.html	motortest	btnHighSpeed	TSpeedButton	Jog High	TabSheet6	70	OK-ui				HW.MotorTest.html:1839 HW.MotorTest.html:1839 JSON/js/motor-access.js:2				forms/fMotorTest.h	uMotorTest.dfm:90	btnHighSpeedClick	uMotorTest.cpp:1403-1409	3						clicked ; dom:114
HW.MotorTest.html	motortest	btnHomeHigh	TSpeedButton	Home High	TabSheet6	70	OK-ui				HW.MotorTest.html:1841 HW.MotorTest.html:1841 JSON/js/motor-access.js:2				forms/fMotorTest.h	uMotorTest.dfm:144	btnHomeHighClick	uMotorTest.cpp:1419-1425	3						clicked ; http:GET ../JSON/offline/Motor-runtime.offline.json ; http:GET ../JSON/offline/Motor-runtime.offline.json ; dom:79
HW.MotorTest.html	motortest	btnHomeLow	TSpeedButton	Home Low	TabSheet6	70	OK-cmd				HW.MotorTest.html:1842 HW.MotorTest.html:1842 JSON/js/motor-access.js:2				forms/fMotorTest.h	uMotorTest.dfm:198	btnHomeLowClick	uMotorTest.cpp:1427-1433	3						clicked ; control.acquire ; motor.access ; dom:112
HW.MotorTest.html	motortest	btnLowSpeed	TSpeedButton	Jog Low	TabSheet6	70	OK-ui				HW.MotorTest.html:1840 HW.MotorTest.html:1840 JSON/js/motor-access.js:2				forms/fMotorTest.h	uMotorTest.dfm:252	btnLowSpeedClick	uMotorTest.cpp:1411-1417	3						clicked ; dom:112
HW.MotorTest.html	motortest	btnSoftPPos	TSpeedButton	Soft Pos	TabSheet6	70	OK-ui				HW.MotorTest.html:1843 HW.MotorTest.html:1843 JSON/js/motor-access.js:2				forms/fMotorTest.h	uMotorTest.dfm:306	btnSoftPPosClick	uMotorTest.cpp:1435-1441	3						clicked ; http:GET ../JSON/offline/Motor-runtime.offline.json ; http:GET ../JSON/offline/Motor-runtime.offline.json ; dom:115
HW.MotorTest.html	motortest	btnSoftNPos	TSpeedButton	Soft Neg	TabSheet6	70	OK-ui				HW.MotorTest.html:1844 HW.MotorTest.html:1844 JSON/js/motor-access.js:2				forms/fMotorTest.h	uMotorTest.dfm:360	btnSoftNPosClick	uMotorTest.cpp:1443-1449	3						clicked ; dom:115
HW.MotorTest.html	motortest	btnRange	TSpeedButton	Range	TabSheet6	70	OK-ui				HW.MotorTest.html:1918 HW.MotorTest.html:1918 JSON/js/motor-access.js:2				forms/fMotorTest.cpp forms/fMotorTest.h	uMotorTest.dfm:414	btnRangeClick	uMotorTest.cpp:1451-1456	2						clicked ; dom:75
HW.MotorTest.html	motortest	btnRate	TSpeedButton	Rate	TabSheet6	70	hidden(static)	1			HW.MotorTest.html:1919 HW.MotorTest.html:1919 JSON/js/motor-access.js:2				forms/fMotorTest.cpp forms/fMotorTest.h	uMotorTest.dfm:468	btnRateClick	uMotorTest.cpp:1458-1463	2		False				UNVERIFIED
HW.MotorTest.html	motortest	btnReloadMotorData	TSpeedButton	Reload Motor Data	TabSheet6	70	OK-cmd				HW.MotorTest.html:1610 HW.MotorTest.html:1941 HW.MotorTest.html:1941 JSON/js/motor-access.js:2				forms/fMotorTest.h	uMotorTest.dfm:523	btnReloadMotorDataClick	uMotorTest.cpp:1695-1711	8						clicked ; control.takeover ; motor.access ; control.acquire ; motor.access ; http:GET /api/struct/motor/config ; http:GET /api/struct/motor/runtime ; http:GET /api/struct/motor/config ; http:GET /api/struct/motor/runtime ; http:GET ../JSON/Motor-config.json ; http:GET ../JSON/Motor-runtime.json ; http:GET ../JSON/Motor-runtime.json ; http:GET ../JSON/Motor-runtime.json ; http:GET ../JSON/offline/Motor-config.offline.json ; dom:168
HW.MotorTest.html	motortest	btnSetRate	TSpeedButton	Test Rate	TabSheet6	70	hidden(static)	1			HW.MotorTest.html:1935 HW.MotorTest.html:1935 JSON/js/motor-access.js:2				forms/fMotorTest.h	uMotorTest.dfm:577	btnSetRateClick	uMotorTest.cpp:1364-1372	5		False				UNVERIFIED
HW.MotorTest.html	motortest	btnSetRange	TSpeedButton	Test Range	TabSheet6	70	OK-ui				HW.MotorTest.html:1934 HW.MotorTest.html:1934 JSON/js/motor-access.js:2				forms/fMotorTest.h	uMotorTest.dfm:623	btnSetRangeClick	uMotorTest.cpp:1374-1382	5						clicked ; dom:112
HW.MotorTest.html	motortest	btResetMNet	TButton	Reset MNet	TabSheet6	70	OK-cmd				HW.MotorTest.html:1943 HW.MotorTest.html:1947 JSON/js/motor-access.js:2	ui:HT_WIN			forms/fMotorTest.h	uMotorTest.dfm:697	btResetMNetClick	uMotorTest.cpp:1718-1725	3						clicked ; control.takeover ; motor.access ; http:GET ../JSON/offline/Motor-runtime.offline.json ; http:GET ../JSON/offline/Motor-runtime.offline.json ; dlg:confirm Do you want to Reset MNet? 你確定要重置 MNet? ; dom:157
HW.MotorTest.html	motortest	btnAlarmReset	(web-only)	Alarm Reset	TabSheet6	70	OK-ui				HW.MotorTest.html:1951 HW.MotorTest.html:1954 JSON/js/motor-access.js:2 JSON/js/motor-access.js:2	ui:HT_WIN													clicked ; dom:114
HW.MotorTest.html	motortest	sbMotorTest_JogN	TSpeedButton	-	TabSheet6	70	OK-cmd				HW.MotorTest.html:1736 JSON/js/motor-access.js:2					uMotorTest.dfm:735									clicked ; control.takeover ; motor.access ; motor.stop ; dom:927
HW.MotorTest.html	motortest	sbMotorTest_JogP	TSpeedButton	+	TabSheet6	70	OK-cmd				HW.MotorTest.html:1735 JSON/js/motor-access.js:2					uMotorTest.dfm:744									clicked ; control.takeover ; motor.access ; motor.stop ; http:GET ../JSON/offline/Motor-runtime.offline.json ; http:GET ../JSON/offline/Motor-runtime.offline.json ; dom:968
HW.MotorTest.html	motortest	sbMotorTest_MoveN	TSpeedButton	-	TabSheet6	70	OK-cmd				HW.MotorTest.html:920 HW.MotorTest.html:1743 HW.MotorTest.html:1745 JSON/js/motor-access.js:2				forms/fMotorTest.h	uMotorTest.dfm:767	sbMotorTest_MoveNClick	uMotorTest.cpp:1224-1250	13	MOT[].Gali_MotMove MOT[].MotorMove			uMotorTest.cpp:2360 Enabled=!bLock		clicked ; control.takeover ; motor.access ; dom:968
HW.MotorTest.html	motortest	sbMotorTest_MoveP	TSpeedButton	+	TabSheet6	70	OK-cmd				HW.MotorTest.html:920 HW.MotorTest.html:1739 HW.MotorTest.html:1741 JSON/js/motor-access.js:2				forms/fMotorTest.h	uMotorTest.dfm:775	sbMotorTest_MovePClick	uMotorTest.cpp:1252-1278	13	MOT[].Gali_MotMove MOT[].MotorMove			uMotorTest.cpp:2361 Enabled=!bLock		clicked ; control.takeover ; motor.access ; dom:932
HW.MotorTest.html	motortest	btnLoopMove	TSpeedButton	Loop Move	TabSheet6	70	OK-ui				HW.MotorTest.html:394 HW.MotorTest.html:463 HW.MotorTest.html:489 HW.MotorTest.html:497 HW.MotorTest.html:498 HW.MotorTest.html:920 +10				forms/fMotorTest.h	uMotorTest.dfm:783	btnLoopMoveClick	uMotorTest.cpp:1300-1345	26	MOT[].PCIL132_StopMotor			uMotorTest.cpp:2362 Enabled=!bLock		clicked ; http:GET ../JSON/offline/Motor-runtime.offline.json ; http:GET ../JSON/offline/Motor-runtime.offline.json ; dom:114
HW.MotorTest.html	motortest	btnSetPosP	TSpeedButton	Set Position 1	TabSheet6	70	OK-cmd				HW.MotorTest.html:1820 HW.MotorTest.html:1820 JSON/js/motor-access.js:2				forms/fMotorTest.cpp forms/fMotorTest.h	uMotorTest.dfm:832	btnSetPosPClick	uMotorTest.cpp:1079-1086	2						clicked ; control.acquire ; motor.access ; http:GET ../JSON/offline/Motor-runtime.offline.json ; http:GET ../JSON/offline/Motor-runtime.offline.json ; dom:114
HW.MotorTest.html	motortest	btnSetPosN	TSpeedButton	Set Position 2	TabSheet6	70	OK-ui				HW.MotorTest.html:1821 HW.MotorTest.html:1821 JSON/js/motor-access.js:2				forms/fMotorTest.cpp forms/fMotorTest.h	uMotorTest.dfm:885	btnSetPosNClick	uMotorTest.cpp:1088-1095	2						clicked ; dom:111
HW.MotorTest.html	motortest	btnHome	TSpeedButton	Home Reset	TabSheet6	70	OK-cmd				HW.MotorTest.html:392 HW.MotorTest.html:393 HW.MotorTest.html:463 HW.MotorTest.html:489 HW.MotorTest.html:497 HW.MotorTest.html:1125 +9				forms/fMotorTest.h	uMotorTest.dfm:945	btnHomeClick	uMotorTest.cpp:1113-1174	37	MOT[].PCIL132_StopMotor					clicked ; control.takeover ; motor.access ; dom:969
HW.MotorTest.html	motortest	btnGoSoftP	TSpeedButton	Go Soft P Pos	TabSheet6	70	OK-cmd				HW.MotorTest.html:1754 HW.MotorTest.html:1754 JSON/js/motor-access.js:2				forms/fMotorTest.h	uMotorTest.dfm:1000	btnGoSoftPClick	uMotorTest.cpp:1097-1103	2	MOT[].MotorMove					clicked ; control.takeover ; motor.access ; http:GET ../JSON/offline/Motor-runtime.offline.json ; http:GET ../JSON/offline/Motor-runtime.offline.json ; dom:971
HW.MotorTest.html	motortest	btnGoSoftN	TSpeedButton	Go Soft N Pos	TabSheet6	70	OK-cmd				HW.MotorTest.html:1755 HW.MotorTest.html:1755 JSON/js/motor-access.js:2				forms/fMotorTest.h	uMotorTest.dfm:1053	btnGoSoftNClick	uMotorTest.cpp:1105-1111	2	MOT[].MotorMove					clicked ; control.takeover ; motor.access ; dom:968
HW.MotorTest.html	motortest	btnGo	TSpeedButton	Go	TabSheet6	70	OK-cmd				HW.MotorTest.html:1748 HW.MotorTest.html:1748 JSON/js/motor-access.js:2				forms/fMotorTest.h	uMotorTest.dfm:1341	btnGoClick	uMotorTest.cpp:1605-1619	6	MOT[].MotorMove					clicked ; control.takeover ; motor.access ; dom:968
HW.MotorTest.html	motortest	btnServoOff	TSpeedButton	Servo Off	TabSheet6	70	OK-cmd				HW.MotorTest.html:1800 HW.MotorTest.html:1803 page/ht9045_mt_gearratio.js:475 JSON/js/motor-access.js:2				forms/fMotorTest.h	uMotorTest.dfm:1392	btnServoOffClick	uMotorTest.cpp:1661-1671	6	MOT[].ServoOnOff					clicked ; control.takeover ; motor.access ; http:GET ../JSON/offline/Motor-runtime.offline.json ; http:GET ../JSON/offline/Motor-runtime.offline.json ; dom:161
HW.MotorTest.html	motortest	btnMotorPower	TSpeedButton	Motor Power	TabSheet6	70	OK-cmd				HW.MotorTest.html:960 HW.MotorTest.html:967 HW.MotorTest.html:988 HW.MotorTest.html:989 HW.MotorTest.html:1005 HW.MotorTest.html:1806 +1	ui:toggle			forms/fMotorTest.h	uMotorTest.dfm:1441	btnMotorPowerClick	uMotorTest.cpp:1621-1645	14	SW[].On					clicked ; control.takeover ; motor.access ; dom:160
HW.MotorTest.html	motortest	btnStop	TSpeedButton	Stop	TabSheet6	70	OK-cmd				HW.MotorTest.html:1799 HW.MotorTest.html:1799 page/ht9045_mt_gearratio.js:515 JSON/js/motor-access.js:2 JSON/js/motor-access.js:2	ui:HT_WIN			forms/fMotorTest.h	uMotorTest.dfm:1695	btnStopClick	uMotorTest.cpp:1647-1659	6	MOT[].PCIL132_StopMotor StopAllMotor					clicked ; motor.stop ; control.acquire ; motor.access ; dom:114
HW.MotorTest.html	motortest	BitBtn1	TBitBtn	Copy From	TabSheet6	70	OK-ui				HW.MotorTest.html:1850 HW.MotorTest.html:1857 JSON/js/motor-access.js:2				ATC/ATCInterface.cpp ATC/ATCInterface.h forms/fMotorTest.h	uMotorTest.dfm:1766	BitBtn1Click	uMotorTest.cpp:1384-1401	14						clicked ; http:GET ../JSON/offline/Motor-runtime.offline.json ; http:GET ../JSON/offline/Motor-runtime.offline.json ; dom:114
HW.MotorTest.html	motortest	btnSaveMotTable	(web-only)	回寫 Mot_Table	TabSheet6	70	greyed(probe)		1		HW.MotorTest.html:947 HW.MotorTest.html:950 HW.MotorTest.html:950 HW.MotorTest.html:1863 HW.MotorTest.html:1868 JSON/js/motor-access.js:2	ui:toggle													greyed
HW.MotorTest.html	motortest	SpeedButton44	TSpeedButton	-	TabSheet7	70	hidden(tab)								forms/fMotorTest.h	uMotorTest.dfm:1954	SpeedButton44Click	uMotorTest.cpp:1515-1519	2	MOT[].MotorMove					tab-hidden
HW.MotorTest.html	motortest	SpeedButton45	TSpeedButton	+	TabSheet7	70	hidden(tab)								forms/fMotorTest.h	uMotorTest.dfm:1962	SpeedButton45Click	uMotorTest.cpp:1521-1525	2	MOT[].MotorMove					tab-hidden
HW.MotorTest.html	motortest	SpeedButton46	TSpeedButton	-	TabSheet7	70	hidden(tab)									uMotorTest.dfm:1970									tab-hidden
HW.MotorTest.html	motortest	SpeedButton47	TSpeedButton	+	TabSheet7	70	hidden(tab)									uMotorTest.dfm:1979									tab-hidden
HW.MotorTest.html	motortest	SpeedButton4	TSpeedButton	Set Ref 1	TabSheet7	70	hidden(tab)								forms/fATCHandlerSide.h forms/fMotorTest.cpp forms/fMotorTest.h	uMotorTest.dfm:2060	SpeedButton4Click	uMotorTest.cpp:1465-1469	2						tab-hidden
HW.MotorTest.html	motortest	SpeedButton5	TSpeedButton	Set Ref 2	TabSheet7	70	hidden(tab)								forms/fMotorTest.cpp forms/fMotorTest.h	uMotorTest.dfm:2107	SpeedButton5Click	uMotorTest.cpp:1471-1475	2						tab-hidden
HW.MotorTest.html	motortest	SpeedButton8	TSpeedButton	Set To Max	TabSheet7	70	hidden(tab)								forms/fMotorTest.cpp forms/fMotorTest.h	uMotorTest.dfm:2161	SpeedButton8Click	uMotorTest.cpp:1477-1481	2						tab-hidden
HW.MotorTest.html	motortest	SpeedButton50	TSpeedButton	-	TabSheet7	70	hidden(tab)								forms/fMotorTest.h	uMotorTest.dfm:2371	SpeedButton50Click	uMotorTest.cpp:1527-1531	2	MOT[].MotorMove					tab-hidden
HW.MotorTest.html	motortest	SpeedButton51	TSpeedButton	+	TabSheet7	70	hidden(tab)								forms/fMotorTest.h	uMotorTest.dfm:2379	SpeedButton51Click	uMotorTest.cpp:1533-1537	2	MOT[].MotorMove					tab-hidden
HW.MotorTest.html	motortest	SpeedButton52	TSpeedButton	-	TabSheet7	70	hidden(tab)									uMotorTest.dfm:2387									tab-hidden
HW.MotorTest.html	motortest	SpeedButton53	TSpeedButton	+	TabSheet7	70	hidden(tab)									uMotorTest.dfm:2396									tab-hidden
HW.MotorTest.html	motortest	SpeedButton6	TSpeedButton	Set Ref 1	TabSheet7	70	hidden(tab)								forms/fMotorTest.cpp forms/fMotorTest.h	uMotorTest.dfm:2477	SpeedButton6Click	uMotorTest.cpp:1483-1487	2						tab-hidden
HW.MotorTest.html	motortest	SpeedButton7	TSpeedButton	Set Ref 2	TabSheet7	70	hidden(tab)								forms/fMotorTest.cpp forms/fMotorTest.h	uMotorTest.dfm:2524	SpeedButton7Click	uMotorTest.cpp:1489-1493	2						tab-hidden
HW.MotorTest.html	motortest	SpeedButton9	TSpeedButton	Set To Max	TabSheet7	70	hidden(tab)								forms/fMotorTest.cpp forms/fMotorTest.h	uMotorTest.dfm:2578	SpeedButton9Click	uMotorTest.cpp:1495-1499	2						tab-hidden
HW.MotorTest.html	motortest	BitBtn2	TBitBtn	開始	TabSheet1	70	OK-cmd				HW.MotorTest.html:1961 HW.MotorTest.html:1961 JSON/js/motor-access.js:2	ui:HT_WIN			ATC/ATCInterface.cpp ATC/ATCInterface.h forms/fMotorTest.h	uMotorTest.dfm:2806	BitBtn2Click	uMotorTest.cpp:2096-2100	2						clicked ; control.takeover ; motor.access ; http:GET ../JSON/offline/Motor-runtime.offline.json ; http:GET ../JSON/offline/Motor-runtime.offline.json ; http:GET ../JSON/offline/Motor-runtime.offline.json ; dom:978
HW.MotorTest.html	motortest	BitBtn3	TBitBtn	存檔	TabSheet1	70	OK-cmd				HW.MotorTest.html:1963 HW.MotorTest.html:1963 JSON/js/motor-access.js:2	ui:HT_WIN			ATC/ATCInterface.cpp ATC/ATCInterface.h forms/fMotorTest.h	uMotorTest.dfm:2824	BitBtn3Click	uMotorTest.cpp:2102-2119	10						clicked ; control.takeover ; motor.access ; dlg:alert c12 probe stub ; dom:157
HW.MotorTest.html	motortest	btnSaveLogLightScaleData	TSpeedButton	Save	ts1	70	OK-cmd				HW.MotorTest.html:1174 HW.MotorTest.html:1965 HW.MotorTest.html:1965 JSON/js/motor-access.js:2	ui:HT_WIN			forms/fMotorTest.h	uMotorTest.dfm:2852	btnSaveLogLightScaleDataClick	uMotorTest.cpp:2051-2094	27						clicked ; control.takeover ; motor.access ; http:GET ../JSON/offline/Motor-runtime.offline.json ; http:GET ../JSON/offline/Motor-runtime.offline.json ; dlg:alert c12 probe stub ; dom:124
HW.MotorTest.html	motortest	sbtReload	TSpeedButton	Load Data	tsMotorDatabase	70	OK-ui				HW.MotorTest.html:1605 page/ht9045_wire_hwmotortest.js:51				forms/fMotorTest.cpp forms/fMotorTest.h	uMotorTest.dfm:3047	sbtReloadClick	uMotorTest.cpp:2135-2179	31						clicked ; http:GET /api/system/motTable ; dom:112 ; err:rejection GET /api/system/motTable -> HTTP 404
HW.MotorTest.html	motortest	sbUpdate	TSpeedButton	Save	tsMotorDatabase	70	OK-ui				HW.MotorTest.html:1606 page/ht9045_wire_hwmotortest.js:51				Command.cpp FileRW/ShuttleMove.cpp FileRW/ShuttleMove.gen.inc FileRW/TestIF_File_SetUp.cpp	uMotorTest.dfm:3163	sbUpdateClick	uMotorTest.cpp:2240-2268	20						clicked ; http:GET ../JSON/offline/Motor-runtime.offline.json ; http:GET ../JSON/offline/Motor-runtime.offline.json ; dom:118
HW.MotorTest.html	motortest	btnAddMotor	TSpeedButton	Add Motor	tsMotorDatabase	70	OK-ui				HW.MotorTest.html:1607 page/ht9045_wire_hwmotortest.js:52				forms/fMotorTest.cpp forms/fMotorTest.h	uMotorTest.dfm:3303	btnAddMotorClick	uMotorTest.cpp:2188-2197	7						clicked ; http:GET ../JSON/offline/Motor-runtime.offline.json ; http:GET ../JSON/offline/Motor-runtime.offline.json ; dom:114
HW.MotorTest.html	motortest	btnDeleteMotor	TSpeedButton	Delete Motor	tsMotorDatabase	70	OK-ui				HW.MotorTest.html:1608 page/ht9045_wire_hwmotortest.js:52				forms/fMotorTest.cpp forms/fMotorTest.h	uMotorTest.dfm:3419	btnDeleteMotorClick	uMotorTest.cpp:2199-2212	10						clicked ; dom:111
HW.MotorTest.html	motortest	btnModify	TSpeedButton	Modify Data	tsMotorDatabase	70	OK-cmd				HW.MotorTest.html:1609 page/ht9045_wire_hwmotortest.js:40				forms/fIoSetView.h forms/fMotorTest.cpp forms/fMotorTest.h	uMotorTest.dfm:3533	btnModifyClick	uMotorTest.cpp:2214-2238	10						clicked ; control.acquire ; motor.access ; dom:111
HW.MotorTest.html	motortest	palExit	TSpeedButton	Exit		70	OK-cmd				cls.exitbtn@HW.MotorTest.html:101 HW.MotorTest.html:1998 HW.MotorTest.html:1998	ui:postMessage ui:toggle			forms/fMotorTest.cpp forms/fMotorTest.h	uMotorTest.dfm:3675	palExitClick	uMotorTest.cpp:1727-1730	1						clicked ; control.acquire ; motor.access ; dom:76
HW.home.html	home	SpeedButton1	TSpeedButton	Exit		56	hidden(static)	1			cls.exitbtn@HW.home.html:86	ui:postMessage ui:toggle			cObserver.cpp forms/fATCHandlerSide.h forms/fObserver.h forms/fPassword.cpp	uhome.dfm:58	SpeedButton1Click	uhome.cpp:4863-4866	1						UNVERIFIED
HW.home.html	home	sbAbortHome	TSpeedButton	Abort Home		56	OK-cmd				page/ht9045_home_c.js:40 page/ht9045_home_c.js:180	act.home.abort	act.home.abort=yes		JsonBridge/ChanHome.cpp WebMainScanKey.cpp csystem.cpp forms/fHome.h	uhome.dfm:326	sbAbortHomeClick	uhome.cpp:4980-4986	4						clicked ; act.home.abort ; dom:6
HW.ShuttleMove.html	shuttlemove	sbShuttleSensor	TSpeedButton	Sensor Adj.		56	greyed(probe)				page/ht9045_shuttlemove_c.js:45					ShuttleMove.dfm:38	sbShuttleSensorClick	ShuttleMove.cpp:1769-1782	6		False		ShuttleMove.cpp:89 Visible=(SHUTTLE_SENSOR_TYPE==eSensorC		greyed
HW.ShuttleMove.html	shuttlemove	sbSensorLatch	TSpeedButton	Sen. Latch		56	greyed(probe)				page/ht9045_shuttlemove_c.js:46					ShuttleMove.dfm:158	sbSensorLatchClick	ShuttleMove.cpp:2144-2148	2		False		ShuttleMove.cpp:140 Visible=ENABLE_OUT_SHUTTLEY_LATCH		greyed
HW.ShuttleMove.html	shuttlemove	sbBarCode	TSpeedButton	Bar Code		56	greyed(probe)				page/ht9045_shuttlemove_c.js:46					ShuttleMove.dfm:278									greyed
HW.ShuttleMove.html	shuttlemove	btShu2Right	TButton	Shuttle2 Right		56	greyed(probe)				page/ht9045_shuttlemove_c.js:35					ShuttleMove.dfm:417	ShuttleMoveClick	ShuttleMove.cpp:1410-1482	46	fMain->Start			ShuttleMove.cpp:75 Enabled=true | ShuttleMove.cpp:80 Enabled=false		greyed
HW.ShuttleMove.html	shuttlemove	btShu1Right	TButton	Shuttle1 Right		56	greyed(probe)				page/ht9045_shuttlemove_c.js:34					ShuttleMove.dfm:427	ShuttleMoveClick	ShuttleMove.cpp:1410-1482	46	fMain->Start			ShuttleMove.cpp:73 Enabled=true | ShuttleMove.cpp:85 Enabled=false		greyed
HW.ShuttleMove.html	shuttlemove	btShu2Left	TButton	Shuttle2 Left		56	greyed(probe)				page/ht9045_shuttlemove_c.js:35					ShuttleMove.dfm:437	ShuttleMoveClick	ShuttleMove.cpp:1410-1482	46	fMain->Start			ShuttleMove.cpp:74 Enabled=true | ShuttleMove.cpp:79 Enabled=false		greyed
HW.ShuttleMove.html	shuttlemove	btShu1Left	TButton	Shuttle1 Left		56	greyed(probe)				page/ht9045_shuttlemove_c.js:34					ShuttleMove.dfm:447	ShuttleMoveClick	ShuttleMove.cpp:1410-1482	46	fMain->Start			ShuttleMove.cpp:72 Enabled=true | ShuttleMove.cpp:84 Enabled=false		greyed
HW.ShuttleMove.html	shuttlemove	btScanOutShu2	TButton	Out Shuttle 2		56	greyed(probe)				page/ht9045_shuttlemove_c.js:36					ShuttleMove.dfm:504	ShuttleMoveClick	ShuttleMove.cpp:1410-1482	46	fMain->Start					greyed
HW.ShuttleMove.html	shuttlemove	btScanOutShu1	TButton	Out Shuttle 1		56	greyed(probe)				page/ht9045_shuttlemove_c.js:36					ShuttleMove.dfm:514	ShuttleMoveClick	ShuttleMove.cpp:1410-1482	46	fMain->Start					greyed
HW.ShuttleMove.html	shuttlemove	btnInSH1Sen7DetectPos	TSpeedButton	In Shuttle1 8 site kit pos1		56	greyed(probe)				page/ht9045_shuttlemove_c.js:37					ShuttleMove.dfm:549	ShuttleMoveClick	ShuttleMove.cpp:1410-1482	46	fMain->Start					greyed
HW.ShuttleMove.html	shuttlemove	btnInSH2Sen7DetectPos	TSpeedButton	In Shuttle2 8 site kit pos1		56	greyed(probe)				page/ht9045_shuttlemove_c.js:37					ShuttleMove.dfm:565	ShuttleMoveClick	ShuttleMove.cpp:1410-1482	46	fMain->Start					greyed
HW.ShuttleMove.html	shuttlemove	btInSH1BarCodePos	TSpeedButton	In Shuttle 1 Bar Code Pos		56	greyed(probe)				page/ht9045_shuttlemove_c.js:38					ShuttleMove.dfm:631	ShuttleMoveClick	ShuttleMove.cpp:1410-1482	46	fMain->Start					greyed
HW.ShuttleMove.html	shuttlemove	btInSH2BarCodePos	TSpeedButton	In Shuttle 2 Bar Code Pos		56	greyed(probe)				page/ht9045_shuttlemove_c.js:38					ShuttleMove.dfm:647	ShuttleMoveClick	ShuttleMove.cpp:1410-1482	46	fMain->Start					greyed
HW.ShuttleMove.html	shuttlemove	btnTStep	TButton	T.Step		56	hidden(static)	1			page/ht9045_shuttlemove_c.js:44				FileRW/DeviceForm_File.gen.inc forms/fContact.cpp forms/fContact.h	ShuttleMove.dfm:698	btnTStepClick	ShuttleMove.cpp:2172-2176	2	fMain->Start	False		ShuttleMove.cpp:2075 Visible=true | ShuttleMove.cpp:2077 Visible=false | ShuttleMove.cpp:2090 Visible=false		UNVERIFIED
HW.ShuttleMove.html	shuttlemove	btOutSH1ZDetectPos	TSpeedButton	OutShuttle1 8 site kit pos1		56	greyed(probe)				page/ht9045_shuttlemove_c.js:39					ShuttleMove.dfm:723	ShuttleMoveClick	ShuttleMove.cpp:1410-1482	46	fMain->Start					greyed
HW.ShuttleMove.html	shuttlemove	btOutSH2ZDetectPos	TSpeedButton	OutShuttle2 8 site kit pos1		56	greyed(probe)				page/ht9045_shuttlemove_c.js:39					ShuttleMove.dfm:739	ShuttleMoveClick	ShuttleMove.cpp:1410-1482	46	fMain->Start					greyed
HW.ShuttleMove.html	shuttlemove	btOutSH1OneRowDetectPos	TSpeedButton	OutShuttle1 One Row kit pos1		56	greyed(probe)				page/ht9045_shuttlemove_c.js:40					ShuttleMove.dfm:755	ShuttleMoveClick	ShuttleMove.cpp:1410-1482	46	fMain->Start					greyed
HW.ShuttleMove.html	shuttlemove	btOutSH2OneRowDetectPos	TSpeedButton	OutShuttle2 One Row kit pos1		56	greyed(probe)				page/ht9045_shuttlemove_c.js:40					ShuttleMove.dfm:771	ShuttleMoveClick	ShuttleMove.cpp:1410-1482	46	fMain->Start					greyed
HW.ShuttleMove.html	shuttlemove	btRetry	TButton	Retry		56	hidden(static)	1			page/ht9045_shuttlemove_c.js:45					ShuttleMove.dfm:787	btRetryClick	ShuttleMove.cpp:1405-1408	1		False		ShuttleMove.cpp:95 Visible=true | ShuttleMove.cpp:97 Visible=false		UNVERIFIED
HW.ShuttleMove.html	shuttlemove	btnInSH1SenICDetectPos	TSpeedButton	In Shuttle 1 16 site kit pos		56	hidden(static)	1			page/ht9045_shuttlemove_c.js:41					ShuttleMove.dfm:877	ShuttleMoveClick	ShuttleMove.cpp:1410-1482	46	fMain->Start					UNVERIFIED
HW.ShuttleMove.html	shuttlemove	btnInSH2SenICDetectPos	TSpeedButton	In Shuttle 2 16 site kit pos		56	hidden(static)	1			page/ht9045_shuttlemove_c.js:41					ShuttleMove.dfm:893	ShuttleMoveClick	ShuttleMove.cpp:1410-1482	46	fMain->Start					UNVERIFIED
HW.ShuttleMove.html	shuttlemove	btnInSH1SenICDetectAction	TSpeedButton	In Shuttle 1 16 site kit Action		56	hidden(static)	1			page/ht9045_shuttlemove_c.js:42					ShuttleMove.dfm:909	ShuttleMoveClick	ShuttleMove.cpp:1410-1482	46	fMain->Start					UNVERIFIED
HW.ShuttleMove.html	shuttlemove	btnInSH2SenICDetectAction	TSpeedButton	In Shuttle 2 16 site kit Action		56	hidden(static)	1			page/ht9045_shuttlemove_c.js:43					ShuttleMove.dfm:925	ShuttleMoveClick	ShuttleMove.cpp:1410-1482	46	fMain->Start					UNVERIFIED
HW.ShuttleMove.html	shuttlemove	btStart	TButton	Start		56	hidden(static)	1			page/ht9045_shuttlemove_c.js:44					ShuttleMove.dfm:1004	btStartClick	ShuttleMove.cpp:2247-2250	1	fMain->BtnStartClick	False				UNVERIFIED
HW.ShuttleMove.html	shuttlemove	sbUpdate	TSpeedButton	Save		56	dead/A				page/ht9045_shuttlemove_c.js:118 page/ht9045_shuttlemove_c.js:121				Command.cpp FileRW/ShuttleMove.cpp FileRW/ShuttleMove.gen.inc FileRW/TestIF_File_SetUp.cpp	ShuttleMove.dfm:1035	sbUpdateClick	ShuttleMove.cpp:1965-1994	20						clicked ; dom:1
HW.ShuttleMove.html	shuttlemove	sbtExit	TSpeedButton	Exit		56	dead/A				cls.exitbtn@HW.ShuttleMove.html:86	ui:postMessage ui:toggle			FileRW/Temperature.gen.inc FileRW/TestIF_File_BarCode.gen.inc FileRW/TestIF_File_SetUp.gen.inc OmronLaser/LaserSensor.cpp	ShuttleMove.dfm:1174	sbtExitClick	ShuttleMove.cpp:1956-1961	3						clicked
Setup.TrayAssignment.html	trayassign	sbtExit	TSpeedButton	Exit		60	dead/A				cls.exitbtn@Setup.TrayAssignment.html:90	ui:postMessage ui:toggle			FileRW/Temperature.gen.inc FileRW/TestIF_File_BarCode.gen.inc FileRW/TestIF_File_SetUp.gen.inc OmronLaser/LaserSensor.cpp	cTrayAssignment.dfm:1497	sbtExitClick	cTrayAssignment.cpp:1544-1548	2						clicked
Setup.TrayAssignment.html	trayassign	spbSave	TSpeedButton	Save		60	dead/A				page/ht9045_wire_engine.js:2155				Automation/auto9045.cpp Command.cpp FileRW/AOISetup.cpp FileRW/AOISetup.gen.inc	cTrayAssignment.dfm:1563	spbSaveClick	cTrayAssignment.cpp:1254-1316	30						clicked ; dom:1
Setup.ContactForce.html	contactforce	Button1	TButton	Convert	tsEPCalibration	56	dead/A				page/ht9045_contactforce_c.js:143				ATC/ATCInterface.cpp ATC/ATCInterface.h DynamicTemp.cpp forms/fDynamicTemp.h	ContactForce.dfm:1087	Button1Click	ContactForce.cpp:1588-1599	5						clicked ; dom:1
Setup.ContactForce.html	contactforce	btSave	TSpeedButton	Save		56	dead/D				page/ht9045_wire_engine.js:2155 page/ht9045_contactforce_c.js:153 page/ht9045_contactforce_c.js:156				ATC/ATCInterface.cpp ATC/ATCInterface.h FileRW/ContactForce.cpp FileRW/ContactForce.gen.inc	ContactForce.dfm:1970	btSaveClick	ContactForce.cpp:935-961	19	ADAM_WriteVoltage					clicked ; dom:1
Setup.ContactForce.html	contactforce	btExit	TSpeedButton	Exit		56	dead/D				cls.exitbtn@Setup.ContactForce.html:86	ui:postMessage ui:toggle			DynamicTemp.cpp forms/fDynamicTemp.h	ContactForce.dfm:1985	btExitClick	ContactForce.cpp:929-933	2	ADAM_WriteVoltage					clicked
HW.VacuumUnit.html	vacuumunit	btnSV	TSpeedButton	Set	tsManual	56	hidden(static)	1			page/hwidgets.js:566					VacuumUnit/VacuumUnit.dfm:48									UNVERIFIED
HW.VacuumUnit.html	vacuumunit	btnSetInArm	TButton	Set	tsManual	56	greyed(probe)				page/ht9045_vacuumunit_c.js:99 page/ht9045_vacuumunit_c.js:300 page/ht9045_vacuumunit_c.js:467 page/ht9045_vacuumunit_c.js:484				VacuumUnit/VacuumUnit.cpp VacuumUnit/VacuumUnit.h VacuumUnit/VacuumUnitLive.inc	VacuumUnit/VacuumUnit.dfm:223	btnSetInArmClick	VacuumUnit/VacuumUnit.cpp:550-595	35						greyed
HW.VacuumUnit.html	vacuumunit	btnSetIndexArm	TButton	Set	tsManual	56	greyed(probe)				page/ht9045_vacuumunit_c.js:99 page/ht9045_vacuumunit_c.js:301 page/ht9045_vacuumunit_c.js:467 page/ht9045_vacuumunit_c.js:485				VacuumUnit/VacuumUnit.cpp VacuumUnit/VacuumUnit.h VacuumUnit/VacuumUnitLive.inc	VacuumUnit/VacuumUnit.dfm:250	btnSetInArmClick	VacuumUnit/VacuumUnit.cpp:550-595	35						greyed
HW.VacuumUnit.html	vacuumunit	btnSetOutArm	TButton	Set	tsManual	56	greyed(probe)				page/ht9045_vacuumunit_c.js:99 page/ht9045_vacuumunit_c.js:302 page/ht9045_vacuumunit_c.js:467 page/ht9045_vacuumunit_c.js:486				VacuumUnit/VacuumUnit.cpp VacuumUnit/VacuumUnit.h VacuumUnit/VacuumUnitLive.inc	VacuumUnit/VacuumUnit.dfm:260	btnSetInArmClick	VacuumUnit/VacuumUnit.cpp:550-595	35						greyed
HW.VacuumUnit.html	vacuumunit	spbSave	TSpeedButton	Save		56	dead/A				page/ht9045_wire_engine.js:2155 page/ht9045_vacuumunit_c.js:187 page/ht9045_vacuumunit_c.js:190				Automation/auto9045.cpp Command.cpp FileRW/AOISetup.cpp FileRW/AOISetup.gen.inc	VacuumUnit/VacuumUnit.dfm:386	spbSaveClick	VacuumUnit/VacuumUnit.cpp:378-400	12						clicked ; dom:1
HW.VacuumUnit.html	vacuumunit	sbtExit	TSpeedButton	Exit		56	dead/A				cls.exitbtn@HW.VacuumUnit.html:86	ui:postMessage ui:toggle			FileRW/Temperature.gen.inc FileRW/TestIF_File_BarCode.gen.inc FileRW/TestIF_File_SetUp.gen.inc OmronLaser/LaserSensor.cpp	VacuumUnit/VacuumUnit.dfm:525	sbtExitClick	VacuumUnit/VacuumUnit.cpp:402-406	2						clicked
HW.VacuumUnit.html	vacuumunit	sbReset	TSpeedButton	Reset		56	greyed(probe)				page/ht9045_vacuumunit_c.js:99 page/ht9045_vacuumunit_c.js:304 page/ht9045_vacuumunit_c.js:467 page/ht9045_vacuumunit_c.js:487				VacuumUnit/VacuumUnit.cpp VacuumUnit/VacuumUnit.h VacuumUnit/VacuumUnitLive.inc	VacuumUnit/VacuumUnit.dfm:591	sbResetClick	VacuumUnit/VacuumUnit.cpp:408-429	16						greyed
HW.PadInterface.html	padinterface	sb_PadInterface_Exit	TSpeedButton	Exit		56	OK-cmd				cls.exitbtn@HW.PadInterface.html:86 page/ht9045_padinterface_c.js:209	ui:postMessage ui:toggle ui:HT_WIN ui:closeWin ui:openWin				uPadInterface.dfm:40	sb_PadInterface_ExitClick	uPadInterface.cpp:946-953	6						clicked ; pad.get
HW.PadInterface.html	padinterface	sb_PadInterface_ManualSend	TButton	Send		56	OK-cmd				page/ht9045_padinterface_c.js:93 page/ht9045_padinterface_c.js:200	ui:HT_WIN ui:closeWin ui:openWin				uPadInterface.dfm:1225	sb_PadInterface_ManualSendClick	uPadInterface.cpp:385-389	1						clicked ; pad.get ; dom:1
HW.PadInterface.html	padinterface	btnResetCom	TButton	Reset Com		56	OK-cmd				page/ht9045_padinterface_c.js:94 page/ht9045_padinterface_c.js:208	ui:HT_WIN ui:closeWin ui:openWin				uPadInterface.dfm:1253									clicked ; pad.get ; dom:2
Setup.AGV.html	agv	spbSave	TSpeedButton	Save	tsAGV_Setting	56	dead/A				page/ht9045_wire_engine.js:2155 page/ht9045_agv_c.js:41 page/ht9045_agv_c.js:44				Automation/auto9045.cpp Command.cpp FileRW/AOISetup.cpp FileRW/AOISetup.gen.inc	Automation/AGV.dfm:45	spbSaveClick	Automation/AGV.cpp:928-969	30						clicked ; dom:1
Setup.AGV.html	agv	sbtExit	TSpeedButton	Exit	tsAGV_Setting	56	dead/A				cls.exitbtn@Setup.AGV.html:86	ui:postMessage ui:toggle			FileRW/Temperature.gen.inc FileRW/TestIF_File_BarCode.gen.inc FileRW/TestIF_File_SetUp.gen.inc OmronLaser/LaserSensor.cpp	Automation/AGV.dfm:184	sbtExitClick	Automation/AGV.cpp:1036-1041	3						clicked
Setup.AGV.html	agv	btInitalLoad	TButton	Inital Load	tsAGV_Setting	56	dead/A				page/ht9045_agv_c.js:94 page/ht9045_agv_c.js:165	form.event	form.event=yes	1	FileRW/TestIF_File_AGV.gen.inc	Automation/AGV.dfm:642	btInitalLoadClick	Automation/AGV.cpp:1055-1059	2						clicked ; dom:1
Setup.AGV.html	agv	btInitalUnLoad	TButton	Inital Unload	tsAGV_Setting	56	dead/A				page/ht9045_agv_c.js:95	form.event	form.event=yes	1	FileRW/TestIF_File_AGV.gen.inc	Automation/AGV.dfm:651	btInitalUnLoadClick	Automation/AGV.cpp:1061-1065	2						clicked ; dom:1
HW.HandlerSys.html	handlersys	BtnEnableAll	TButton	Disable All	TabSheet1	73	hidden(static)	1			page/ht9045_hsys_events_c.js:132					HandlerSys.dfm:191	BtnEnableAllClick	HandlerSys.cpp:1045-1052	5						UNVERIFIED
HW.HandlerSys.html	handlersys	btnSetATCCom	TButton	Set Default	TabSheet5	73	hidden(probe)				page/ht9045_hsys_events_c.js:126 page/ht9045_hsys_table_c.js:848					HandlerSys.dfm:5252	btnSetATCComClick	HandlerSys.cpp:1081-1098	15						not-visible
HW.HandlerSys.html	handlersys	SaveBtn	TSpeedButton	Save		73	dead/A				page/ht9045_wire_hwhandlersys.js:256				FileRW/HSys.cpp FileRW/HSys.gen.inc	HandlerSys.dfm:6622	SaveBtnClick	HandlerSys.cpp:979-983	2						clicked ; dom:1
HW.HandlerSys.html	handlersys	ExitBtn	TSpeedButton	Close		73	dead/A				cls.exitbtn@HW.HandlerSys.html:103 page/ht9045_hsys_events_c.js:87	ui:postMessage ui:toggle ui:selectTab			FileRW/HSys.cpp FileRW/HSys.gen.inc	HandlerSys.dfm:6670	ExitBtnClick	HandlerSys.cpp:1037-1043	4						clicked
HW.HandlerSys.html	handlersys	LoadBtn	TBitBtn	Load		73	OK-cmd				page/ht9045_wire_hwhandlersys.js:257					HandlerSys.dfm:6698	LoadBtnClick	HandlerSys.cpp:985-988	1						clicked ; control.acquire ; dom:4
Main.gbControlBtn.html	ctrlbtn	sbStateRecord	TSpeedButton	State Record		56	OK-cmd				Main.gbControlBtn.html:117 Main.gbControlBtn.html:128 cls.navBtn@Main.gbControlBtn.html:103 page/state-record.js:155	control.takeover act.main.stateRecord ui:postMessage ui:download	control.takeover=yes act.main.stateRecord=yes		JsonBridge/actions/MainStateRecord.cpp ainarm_SearchPlacePlate.cpp atester_FinePitch.cpp forms/fMain.cpp	main.dfm:11006	sbStateRecordClick	main.cpp:26209-26212	1					page	clicked ; control.takeover ; act.main.stateRecord ; dom:6
Main.MotionView.html	motionview	axisToggle	(web-only)	顯示未啟用軸		307	OK-ui				Main.MotionView.html:2294 Main.MotionView.html:2989 cls.axis-toggle@Main.MotionView.html:2297	ui:toggle												page	clicked ; dom:7
Main.CommView.html	commview	btnReadZ1	(web-only)	Read Z1		79	OK-cmd			page/ht9045_main_st01_ev.js:481						main.dfm:15202	btnReadZ1Click	main.cpp:21945-21948	1					page	clicked ; control.acquire ; act.main.indexTorque ; dom:4
Main.CommView.html	commview	btnSetZ1	(web-only)	Set Z1		81	OK-cmd			page/ht9045_main_st01_ev.js:481	page/ht9045_main_st01_ev.js:628					main.dfm:15266	btnSetZ1Click	main.cpp:21927-21934	3					page	clicked ; control.acquire ; act.main.indexTorque ; dom:1
Main.CommView.html	commview	btnReadZ2	(web-only)	Read Z2		85	OK-cmd			page/ht9045_main_st01_ev.js:481						main.dfm:15217	btnReadZ2Click	main.cpp:21950-21953	1					page	clicked ; control.acquire ; act.main.indexTorque ; dom:1
Main.CommView.html	commview	btnSetZ2	(web-only)	Set Z2		87	OK-cmd			page/ht9045_main_st01_ev.js:481						main.dfm:15281	btnSetZ2Click	main.cpp:21936-21943	3					page	clicked ; control.acquire ; act.main.indexTorque ; dom:1
Main.CommView.html	commview	btnRecordSHT	(web-only)	RecordSHT		135	hidden(probe)									main.dfm:15669	btnRecordSHTClick	main.cpp:33598-33602	0					page	not-visible
Main.CommView.html	commview	btnRecordSocket	(web-only)	RecordSocket		136	hidden(probe)									main.dfm:15678	btnRecordSocketClick	main.cpp:33604-33608	0					page	not-visible
Main.CommView.html	commview	btnSaveIndexPosLog	(web-only)	Save		137	hidden(probe)									main.dfm:15687	btnSaveIndexPosLogClick	main.cpp:33582-33596	6					page	not-visible
Main.CommView.html	commview	btnClearIndexPosLog	(web-only)	Clear		138	hidden(probe)									main.dfm:15696	btnClearIndexPosLogClick	main.cpp:33610-33613	1					page	not-visible
Main.CommView.html	commview	btnSaveMaxMin	(web-only)	Save Max/Min		139	hidden(probe)									main.dfm:15705	btnSaveMaxMinClick	main.cpp:33615-33632	10					page	not-visible
Main.Record.html	record	spbClearRecord	TSpeedButton	CLEAR		37	OK-cmd				page/ht9045_mainrecord_wire.js:82	act.main.clearRecord act.main.meShuttle2Dbl	act.main.clearRecord=yes act.main.meShuttle2Dbl=yes			main.dfm:16108	spbClearRecordClick	main.cpp:30062-30091	7					page	clicked ; control.acquire ; act.main.clearRecord ; dom:3
Main.Record.html	record	btSavelog	TButton	Save Log		44	hidden(static)	1								main.dfm:16210	btSavelogClick	main.cpp:30263-30270	5				main.cpp:10708 Visible=true | main.cpp:10711 Visible=false	page	UNVERIFIED
Main.AOAInfo.html	aoainfo	OffsetSave	TSpeedButton	Save		89	dead/A+E?				page/ht9045_aoaoffset_c.js:43 page/ht9045_aoaoffset_c.js:70 page/ht9045_aoaoffset_c.js:105				FileRW/AOAOffset.cpp FileRW/AOAOffset.gen.inc	main.dfm:16714	OffsetSaveClick	main.cpp:33822-33915	78					page	clicked ; dom:1
eventlog.html	eventlog	q	(web-only)	Query		74	OK-http				eventlog.html:230 eventlog.html:463														clicked ; http:POST /api/ela/query ; http:GET /api/ela ; dom:4
eventlog.html	eventlog	saveSum	(web-only)	Save Summary		75	OK-http				eventlog.html:316														clicked ; http:POST /api/ela/summary ; http:GET /api/ela ; dom:4
eventlog.html	eventlog	jamSetting	(web-only)	Jam Code Setting		77	OK-ui				eventlog.html:525	ui:postMessage													clicked ; http:GET /api/ela ; frame:open Status.Security.html ; dom:4
eventlog.html	eventlog	oeeMonth	(web-only)	本月		98	hidden(probe)				eventlog.html:459														not-visible
eventlog.html	eventlog	(no id)	(web-only)	Save		104	s:unbound/?																		UNVERIFIED
eventlog.html	eventlog	(no id)	(web-only)	Save		105	s:unbound/?																		UNVERIFIED
eventlog.html	eventlog	(no id)	(web-only)	Save		106	s:unbound/?																		UNVERIFIED
eventlog.html	eventlog	(no id)	(web-only)	Save		108	s:unbound/?																		UNVERIFIED
testercomm.html	testercomm	(no id)	(web-only)	Send to Handler		114	s:unbound/?+E?																	page	UNVERIFIED
testercomm.html	testercomm	(no id)	(web-only)	Manual Start		115	s:unbound/?+E?																	page	UNVERIFIED
testercomm.html	testercomm	g-spbAutoRetest	(web-only)	Dummy ART		116	hidden(probe)				testercomm.html:465 testercomm.html:465													page	not-visible
testercomm.html	testercomm	(no id)	(web-only)	Save Log		117	s:unbound/?+E?																	page	UNVERIFIED
testercomm.html	testercomm	(no id)	(web-only)	Diag Zip		118	s:unbound/?+E?																	page	UNVERIFIED
testercomm.html	testercomm	(no id)	(web-only)	Send Temp		123	s:unbound/?+E?																	page	UNVERIFIED
testercomm.html	testercomm	(no id)	(web-only)	Send		126	s:unbound/?+E?																	page	UNVERIFIED
testercomm.html	testercomm	(no id)	(web-only)	Send Text		127	s:unbound/?+E?																	page	UNVERIFIED
testercomm.html	testercomm	(no id)	(web-only)	Send		128	s:unbound/?+E?																	page	UNVERIFIED
testercomm.html	testercomm	(no id)	(web-only)	Send Text		129	s:unbound/?+E?																	page	UNVERIFIED
testercomm.html	testercomm	g-btnUpdate	(web-only)	Update		143	hidden(static)	1			testercomm.html:422													page	UNVERIFIED
testercomm.html	testercomm	(no id)	(web-only)	Update		169	s:unbound/?+E?																	page	UNVERIFIED
testercomm.html	testercomm	(no id)	(web-only)	Clear		172	s:unbound/?+E?																	page	UNVERIFIED
testercomm.html	testercomm	(no id)	(web-only)	Manual Test		173	s:unbound/?+E?																	page	UNVERIFIED
testercomm.html	testercomm	(no id)	(web-only)	All Use		174	s:unbound/?+E?																	page	UNVERIFIED
testercomm.html	testercomm	(no id)	(web-only)	All No Use		175	s:unbound/?+E?																	page	UNVERIFIED
testercomm.html	testercomm	(no id)	(web-only)	Update		182	s:unbound/?+E?																	page	UNVERIFIED
testercomm.html	testercomm	(no id)	(web-only)	Clear		185	s:unbound/?+E?																	page	UNVERIFIED
testercomm.html	testercomm	(no id)	(web-only)	TTL Manual（WSOTS）		186	s:unbound/?+E?																	page	UNVERIFIED
testercomm.html	testercomm	(no id)	(web-only)	Clear SOT（WCSOT）		187	s:unbound/?+E?																	page	UNVERIFIED
testercomm.html	testercomm	(no id)	(web-only)	Close TTL		188	s:unbound/?+E?																	page	UNVERIFIED
testercomm.html	testercomm	(no id)	(web-only)	Open TTL		189	s:unbound/?+E?																	page	UNVERIFIED
testercomm.html	testercomm	(no id)	(web-only)	Enable SOT/CSOT		190	s:unbound/?+E?																	page	UNVERIFIED
IDE.StyleGuide.html	styleguide	btnApply	(web-only)	套用		51	dev-page																		UNVERIFIED
IDE.StyleGuide.html	styleguide	btnReset	(web-only)	恢復預設		52	dev-page																		UNVERIFIED
IDE.I18nEditor.html	i18neditor	btnAdd	(web-only)	＋ 新增詞條		43	dev-page																		UNVERIFIED
IDE.I18nEditor.html	i18neditor	btnApply	(web-only)	套用預覽（本次瀏覽有效）		44	dev-page																		UNVERIFIED
IDE.I18nEditor.html	i18neditor	btnExport	(web-only)	產生 i18n.js		45	dev-page																		UNVERIFIED
IDE.I18nEditor.html	i18neditor	btnDownload	(web-only)	下載 i18n.js		46	dev-page																		UNVERIFIED
IDE.WidgetTemplates.html	widgets	(no id)	(web-only)	數字（整數 5~10000）		205	dev-page																		UNVERIFIED
IDE.WidgetTemplates.html	widgets	(no id)	(web-only)	數字（浮點 dp2）		206	dev-page																		UNVERIFIED
IDE.WidgetTemplates.html	widgets	(no id)	(web-only)	全鍵盤		207	dev-page																		UNVERIFIED
IDE.WidgetTemplates.html	widgets	(no id)	(web-only)	全鍵盤（無符號/無空白）		208	dev-page																		UNVERIFIED
IDE.WidgetTemplates.html	widgets	(no id)	(web-only)	全鍵盤（無數字鍵盤）		209	dev-page																		UNVERIFIED
IDE.WidgetTemplates.html	widgets	(no id)	(web-only)	密碼		210	dev-page																		UNVERIFIED
HW.TrayEdit.html	trayedit	Button2	(web-only)	Button2		60	hidden(static)	1		page/ht9045_trayedit.js:275	page/ht9045_trayedit.js:276 page/ht9045_trayedit.js:312 page/ht9045_trayedit.js:324 page/ht9045_trayedit.js:543	ui:HT_WIN			ATC/ATCInterface.cpp ATC/ATCInterface.h forms/fATCHandlerSide.cpp forms/fATCHandlerSide.h	uTrayEditForm.dfm:107	Button2Click	uTrayEditForm.cpp:677-680	1		False				UNVERIFIED
HW.TrayEdit.html	trayedit	spbUpdate	(web-only)	Update		63	greyed(probe)			page/ht9045_trayedit.js:275	page/ht9045_trayedit.js:276 page/ht9045_trayedit.js:310 page/ht9045_trayedit.js:324 page/ht9045_trayedit.js:541	ui:HT_WIN				uTrayEditForm.dfm:18	spbUpdateClick	uTrayEditForm.cpp:522-612	38				uTrayEditForm.cpp:230 Visible=!(iEditMotorIndex==MMPlate1||i		greyed
HW.TrayEdit.html	trayedit	SpeedButton2	(web-only)	Abort		64	greyed(probe)			page/ht9045_trayedit.js:275	page/ht9045_trayedit.js:276 page/ht9045_trayedit.js:324 page/ht9045_trayedit.js:542	ui:HT_WIN			forms/fATCHandlerSide.h	uTrayEditForm.dfm:26	SpeedButton2Click	uTrayEditForm.cpp:614-617	1						greyed
HW.TrayEdit.html	trayedit	Button1	(web-only)	Manual Input		75	greyed(probe)			page/ht9045_trayedit.js:275	page/ht9045_trayedit.js:276 page/ht9045_trayedit.js:324 page/ht9045_trayedit.js:544	ui:HT_WIN			ATC/ATCInterface.cpp ATC/ATCInterface.h DynamicTemp.cpp forms/fDynamicTemp.h	uTrayEditForm.dfm:88	Button1Click	uTrayEditForm.cpp:619-662	25						greyed
Data.FTPClient.html	ftpclient	plSLoad	(web-only)	Download to Handler		71	hidden(probe)		1							KYECFTP/FTPClient.dfm:532	plSLoadClick	KYECFTP/FTPClient.cpp:847-1102	142				KYECFTP/FTPClient.cpp:1517 Enabled=true		not-visible
Data.FTPClient.html	ftpclient	Panel15	(web-only)	Copy File Name		74	hidden(probe)		1							KYECFTP/FTPClient.dfm:564	Panel15Click	KYECFTP/FTPClient.cpp:2266-2269	1				KYECFTP/FTPClient.cpp:1265 Visible=!bSigurdDownload_Recipe | KYECFTP/FTPClient.cpp:1762 Visible=false		not-visible
Data.FTPClient.html	ftpclient	Panel16	(web-only)	Clean File Name		75	hidden(static)	1	1							KYECFTP/FTPClient.dfm:580	Panel16Click	KYECFTP/FTPClient.cpp:2272-2275	1				KYECFTP/FTPClient.cpp:1758 Visible=(CUSTOMER_CODE==CC_TSMC_TAINAN		UNVERIFIED
Data.FTPClient.html	ftpclient	plLoad	(web-only)	Load from HD		88	hidden(probe)				page/ht9045_ftpclient.js:185 page/ht9045_ftpclient.js:273				KYECFTP/FTPClientForm_St02.cpp KYECFTP/FTPClientForm_St02.h WebLotInfoFtp_St02.cpp	KYECFTP/FTPClient.dfm:684	plLoadClick	KYECFTP/FTPClient.cpp:1575-1653	40				KYECFTP/FTPClient.cpp:1448 Visible=!bSigurdUpload_Recipe | KYECFTP/FTPClient.cpp:1750 Visible=false | KYECFTP/FTPClient.cpp:1755 Visible=false		not-visible
Data.FTPClient.html	ftpclient	plUnload	(web-only)	Upload to Server		89	hidden(probe)		1		page/ht9045_ftpclient.js:186					KYECFTP/FTPClient.dfm:700	plUnloadClick	KYECFTP/FTPClient.cpp:1111-1212	55				uLotInfo.cpp:16608 Enabled=true | KYECFTP/FTPClient.cpp:1154 Enabled=false | KYECFTP/FTPClient.cpp:1210 Enabled=true | KYECFTP/FTPClient.cpp:1327 Enabled=true +5		not-visible
Data.FTPClient.html	ftpclient	plUnloadALL	(web-only)	Upload All to Server		90	hidden(static)	1	1		page/ht9045_ftpclient.js:187					KYECFTP/FTPClient.dfm:742	plUnloadALLClick	KYECFTP/FTPClient.cpp:4623-4658	21		False		KYECFTP/FTPClient.cpp:1771 Visible=true | KYECFTP/FTPClient.cpp:4635 Enabled=false | KYECFTP/FTPClient.cpp:4655 Enabled=true		UNVERIFIED
Data.FTPClient.html	ftpclient	btSafeTasterName	(web-only)	Save		129	hidden(probe)				page/ht9045_ftpclient.js:210 page/ht9045_ftpclient.js:274				KYECFTP/FTPClientForm_St02.cpp KYECFTP/FTPClientForm_St02.h WebLotInfoFtp_St02.cpp	KYECFTP/FTPClient.dfm:943	btSafeTasterNameClick	KYECFTP/FTPClient.cpp:1868-1952	48						not-visible
Data.FTPClient.html	ftpclient	Button3	(web-only)	Exit		130	hidden(probe)				page/ht9045_ftpclient.js:211 page/ht9045_ftpclient.js:278				KYECFTP/FTPClientForm_St02.cpp KYECFTP/FTPClientForm_St02.h WebLotInfoFtp_St02.cpp	KYECFTP/FTPClient.dfm:958	Button3Click	KYECFTP/FTPClient.cpp:1703-1706	1						not-visible
Alert.MotionView.html	(overlay)	axisToggle	(web-only)	顯示未啟用軸		307	hidden(probe)				Alert.MotionView.html:2363 Alert.MotionView.html:3058 cls.axis-toggle@Alert.MotionView.html:2366	ui:toggle													not-visible
Alert.MotionView9050.html	(overlay)	btnPlay	(web-only)	▶ 播放		220	hidden(probe)				Alert.MotionView9050.html:1279 Alert.MotionView9050.html:1285 Alert.MotionView9050.html:1356 page/ht9045_mv9050_mechanics.js:153														not-visible
Alert.MotionView9050.html	(overlay)	btnStep	(web-only)	⏭ 下一步		221	hidden(probe)				Alert.MotionView9050.html:1283 page/ht9045_mv9050_mechanics.js:153														not-visible
Alert.MotionView9050.html	(overlay)	btnReset	(web-only)	⟲ 重置		222	hidden(probe)				Alert.MotionView9050.html:1293 page/ht9045_mv9050_mechanics.js:153														not-visible
Alert.MotionView9050.html	(overlay)	(no id)	(web-only)	P1		269	s:unbound/?																		UNVERIFIED
Alert.MotionView9050.html	(overlay)	(no id)	(web-only)	P2		269	s:unbound/?																		UNVERIFIED
Alert.MyMessageBox.NonStop.html	(overlay)	nsOk	(web-only)	確認 OK		63	dead/?				page/ht9045_nonstop_page.js:117														clicked
Alert.Note.NonStop.html	(overlay)	nsOk	(web-only)	確認 OK		71	dead/?				page/ht9045_nonstop_page.js:117														clicked
Alert.Note.html	(overlay)	btPrintSummary	TButton	Print out summary		56	hidden(static)	1							forms/fNote.h	note.dfm:69	btPrintSummaryClick	note.cpp:5634-5659	15		False		note.cpp:223 Visible=false | note.cpp:1622 Visible=true | note.cpp:1635 Visible=true | note.cpp:2510 Visible=false	page	UNVERIFIED
Alert.Note.html	(overlay)	btnMoveToFront	TButton	FRONT	tsHandler	56	hidden(static)	1							forms/fNote.h	note.dfm:1404	btnMoveToFrontClick	note.cpp:5555-5559	2				note.cpp:2138 Visible=true | note.cpp:2143 Visible=false	page	UNVERIFIED
Alert.Note.html	(overlay)	btnMoveToRear	TButton	REAR	tsHandler	56	hidden(static)	1							forms/fNote.h	note.dfm:1413	btnMoveToRearClick	note.cpp:5561-5565	2				note.cpp:2139 Visible=true | note.cpp:2144 Visible=false	page	UNVERIFIED
Alert.Note.html	(overlay)	btCloseMDBQuery	TButton	Close DB Query	tsMDBQuery	74	hidden(static)	1							forms/fNote.cpp forms/fNote.h	note.dfm:3521	btCloseMDBQueryClick	note.cpp:5864-5869	3		False		note.cpp:5809 Visible=true | note.cpp:5861 Visible=false | note.cpp:5868 Visible=false	page	UNVERIFIED
Alert.Note.html	(overlay)	btContinuousTest	TButton	Continue test untest IC	tsCorrectionCount	74	hidden(static)	1								note.dfm:3590	btContinuousTestClick	note.cpp:6055-6064	3		False		note.cpp:1652 Visible=false | note.cpp:1673 Visible=true	page	UNVERIFIED
Alert.Note.html	(overlay)	btCorrectCounting	TButton	Correct Count	tsCorrectionCount	74	hidden(static)	1								note.dfm:3638	btCorrectCountingClick	note.cpp:5661-5667	4				note.cpp:1666 Visible=false | note.cpp:1669 Visible=false | note.cpp:1683 Visible=true	page	UNVERIFIED
Alert.Note.html	(overlay)	btCorrectCounting_Auto	TButton	Auto Correct Count	tsCorrectionCount	74	hidden(static)	1								note.dfm:3653	btCorrectCounting_AutoClick	note.cpp:5669-5749	41					page	UNVERIFIED
Alert.Note.html	(overlay)	btCorrectCounting_StopART	TButton	Auto Corr Count+Stop ART	tsCorrectionCount	74	hidden(static)	1								note.dfm:3684	btCorrectCounting_StopARTClick	note.cpp:5972-6053	42		False		note.cpp:1651 Visible=false | note.cpp:1671 Visible=true | note.cpp:1678 Visible=false | note.cpp:1684 Visible=false	page	UNVERIFIED
Alert.Password.html	(overlay)	btnOK	TSpeedButton	OK	tsPassword	56	dead/A				page/login-page.js:52 page/login-page.js:52				forms/fPassword.cpp forms/fPassword.h	Password.dfm:86	btnOKClick	Password.cpp:385-388	1						clicked
Alert.Password.html	(overlay)	spbCancel	TSpeedButton	Cancel	tsPassword	56	dead/A				page/login-page.js:53 page/login-page.js:53				forms/fPassword.cpp forms/fPassword.h forms/fQwertyKey.cpp forms/fQwertyKey.h	Password.dfm:320	spbCancelClick	Password.cpp:123-128	3						clicked
Alert.Password.html	(overlay)	btnDownload	TSpeedButton	Download	tsPassword	56	hidden(static)	1							forms/fPassword.cpp forms/fPassword.h	Password.dfm:467	btnDownloadClick	Password.cpp:390-397	3				Password.cpp:85 Visible=IniConfig.bFtpPasswordDownload		UNVERIFIED
Alert.Password.html	(overlay)	sbPasswordModify	TSpeedButton	Modify	tsEventlogLogin	56	dead/A								forms/fPassword.cpp forms/fPassword.h	Password.dfm:681	sbPasswordModifyClick	Password.cpp:299-312	7						clicked
Alert.Password.html	(overlay)	sbPasswordCancel	TSpeedButton	Cancel	tsEventlogLogin	56	dead/A								forms/fPassword.cpp forms/fPassword.h	Password.dfm:797	sbPasswordCancelClick	Password.cpp:273-276	1						clicked
Alert.Password.html	(overlay)	sbPasswordOK	TSpeedButton	OK	tsEventlogLogin	56	dead/A								forms/fPassword.cpp forms/fPassword.h	Password.dfm:912	sbPasswordOKClick	Password.cpp:278-282	2						clicked
Alert.Password.html	(overlay)	sbPasswordModifyOK	TSpeedButton	Save	tsEventLogLoginModify	56	dead/A								Password.cpp forms/fPassword.h	Password.dfm:1237	sbPasswordModifyOKClick	Password.cpp:284-297	6						clicked
Alert.Password.html	(overlay)	sbPasswordModifyCancel	TSpeedButton	Cancel	tsEventLogLoginModify	56	dead/A								forms/fPassword.cpp forms/fPassword.h	Password.dfm:1377	sbPasswordCancelClick	Password.cpp:273-276	1						clicked
