page	id	state	sent	http	frame	dlg	dom	err	why	inp	val
Alert.MotionView.html	axisToggle	not-visible									
Alert.MotionView9050.html	btnPlay	not-visible									
Alert.MotionView9050.html	btnStep	not-visible									
Alert.MotionView9050.html	btnReset	not-visible									
Alert.MyMessageBox.NonStop.html	nsOk	clicked					0			0	0
Alert.Note.NonStop.html	nsOk	clicked					0			0	0
Alert.Password.html	btnOK	clicked					0			0	0
Alert.Password.html	spbCancel	clicked					0			0	0
Alert.Password.html	sbPasswordModify	clicked					0			0	0
Alert.Password.html	sbPasswordCancel	clicked					0			0	0
Alert.Password.html	sbPasswordOK	clicked					0			0	0
Alert.Password.html	sbPasswordModifyOK	clicked					0			0	0
Alert.Password.html	sbPasswordModifyCancel	clicked					0			0	0
Config.Configuration.html	btnAdd1000	clicked					0			0	0
Config.Configuration.html	btnDec1000	clicked					0			0	0
Config.Configuration.html	btnSetTo1000	clicked					0			0	0
Config.Configuration.html	btnAdd10000	clicked					0			0	0
Config.Configuration.html	btnSetToTech	clicked					0			0	0
Config.Configuration.html	sbSendTemp	clicked					0			0	0
Config.Configuration.html	btHeaterClearSelect	clicked					0			0	0
Config.Configuration.html	btHeaterSelectAll	clicked					0			0	0
Config.Configuration.html	sbReadTemp	clicked					0			0	0
Config.Configuration.html	BitBtn1	not-visible									
Config.Configuration.html	spbA27	clicked					0			0	0
Config.Configuration.html	spbA25_RunExecutFilePathChoice	clicked					0			0	0
Config.Configuration.html	spbA28_2	clicked					0			0	0
Config.Configuration.html	btnA71Manually	greyed							[A71] Manually（golden btnA71ManuallyClick cConfiguration.cpp:7771 → fMain->RunBa		
Config.Configuration.html	btnOpenEP	clicked					0			0	0
Config.Configuration.html	btD47	clicked					0			0	0
Config.Configuration.html	btnSave	clicked					1			0	0
Config.Configuration.html	btnAutoSaveSetAll	clicked					0			0	0
Config.Configuration.html	btnRecordJamRateByTimeClear	clicked					0			0	0
Config.Configuration.html	btnMesSystem	clicked					0			0	0
Config.Configuration.html	btnUploadAll	greyed							[N05] Upload All（golden btnUploadAllClick :7757 → 每個配方 fLotInfo->DoUpload，uLotIn		
Config.Configuration.html	btN06_TesterList	clicked					0			0	0
Config.Configuration.html	btN06_UpdateTesterList	clicked					0			0	0
Config.Configuration.html	btN06_TesterMap	clicked					0			0	0
Config.Configuration.html	btnSetIPSCCleaarQty	clicked					0			0	0
Config.Configuration.html	btnSetIPSCQty	clicked					0			0	0
Config.Configuration.html	btnN14_22Import	clicked					0			0	0
Config.Configuration.html	btnN14_22Export	clicked					0			0	0
Config.Configuration.html	btnAutoCalSuckZ	clicked					0			0	0
Config.Configuration.html	sbN15UserLevelByTxtReadFilePath	clicked					0			0	0
Config.Configuration.html	btnN15ESDForm	clicked					0			0	0
Config.Configuration.html	btnN25_3_Manual	clicked					0			0	0
Config.Configuration.html	btnN25_5_Manual	clicked					0			0	0
Config.Configuration.html	btnN25_4_Manual	clicked					0			0	0
Config.Configuration.html	btnN31_Manual	clicked					0			0	0
Config.Configuration.html	btnN32	clicked					0			0	0
Config.Configuration.html	btnN35_Test	greyed							[N35] Test（golden btnN35_TestClick :7752 → fLotInfo->SaveGroundESDData_Upolad，FT		
Config.Configuration.html	btResume	clicked					0			0	0
Config.Configuration.html	btnAddTray	clicked					0			0	0
Config.Configuration.html	btnDeleteTray	clicked					0			0	0
Config.Configuration.html	btnModifyTray	clicked					0			0	0
Config.Configuration.html	sbUpdateTray	clicked					0			0	0
Config.Configuration.html	sbtReloadTray	clicked					0			0	0
Config.Configuration.html	btnAddHP	clicked					0			0	0
Config.Configuration.html	btnDeleteHP	clicked					0			0	0
Config.Configuration.html	btnModifyHP	clicked					0			0	0
Config.Configuration.html	sbUpdateHP	clicked					0			0	0
Config.Configuration.html	sbtReloadHP	clicked					0			0	0
Config.Configuration.html	sbExit	clicked					0			0	0
Config.DIOInterFaceCFG.html	spbSave	clicked					1			0	0
Config.DIOInterFaceCFG.html	spbLoad	greyed							Load（golden spbLoadClick DIOInterFaceCFG.cpp:237：開檔對話框選另一個 DIO 檔載入）：C++ 只會載入本配方目		
Config.DIOInterFaceCFG.html	spbDelete	clicked	control.acquire ; ttlcfg.op				1			0	0
Config.DIOInterFaceCFG.html	spbExit	clicked					0			0	0
Data.Builder.html	btCreateSetupFile	greyed									
Data.Builder.html	btDeleteSetupFile	greyed									
Data.Builder.html	spbImport	greyed									
Data.Builder.html	spbExport	greyed									
Data.Builder.html	spbExit	clicked	control.acquire ; builder.op				0			0	0
Data.ContactCT.html	btClearCount	clicked	control.acquire ; act.contactCT.clearCount ; contactct.get				8			0	0
Data.ContactCT.html	btYieldChart	clicked	control.acquire ; act.contactCT.yieldChart ; contactct.get				8			0	0
Data.CounterClear.html	spbExit	clicked					0			0	0
Data.CounterClear.html	spbExe	clicked	counterclear.exe				6			0	0
Data.FTPClient.html	plSLoad	not-visible									
Data.FTPClient.html	Panel15	not-visible									
Data.FTPClient.html	plLoad	not-visible									
Data.FTPClient.html	plUnload	not-visible									
Data.FTPClient.html	btSafeTasterName	not-visible									
Data.FTPClient.html	Button3	not-visible									
Data.LotInfo.html	sbSECSLotEnd	not-visible									
Data.LotInfo.html	btnFtpServer	not-visible									
Data.LotInfo.html	btnFtpHD	not-visible									
Data.LotInfo.html	btnFtpTester	not-visible									
Data.LotInfo.html	btStartCount	greyed									
Data.LotInfo.html	btnSave	not-visible									
Data.LotInfo.html	btClearBarcodeCount	not-visible									
Data.LotInfo.html	btClearBarcodeList	not-visible									
Data.LotInfo.html	btChangeFile	not-visible									
Data.LotInfo.html	btTesterTCPShow	not-visible									
Data.LotInfo.html	btTesterLogAll	not-visible									
Data.Observer.html	btnClearTime	clicked	control.acquire ; act.observer.clearTime ; observer.get				7			0	0
Data.Observer.html	btnQueryEventLogTxt	clicked	observer.get ; observer.get				4			0	0
Data.Observer.html	btnBackupLogYear	clicked	observer.get ; control.acquire ; act.observer.backupLogYear				5			0	0
Data.Observer.html	btnTimeData	clicked	observer.get				1			0	0
Data.Observer.html	btnSG_QueryNow	clicked	control.acquire ; act.observerSG.state ; control.acquire ; act.observerSG.queryNow ; observer.get				7			0	0
Data.Observer.html	btnSG_QueryYesterday	clicked	control.acquire ; act.observerSG.queryYesterday ; observer.get				7			0	0
Data.Observer.html	SpeedButton1	clicked	observer.get				0			0	0
Data.Observer.html	btOpenLoadLog	clicked	observer.get				1			0	0
Data.Observer.html	sbHandlerPrecautionRecordSet	clicked	control.acquire ; act.observer.prRecordSet ; observer.get				7			0	0
Data.Observer.html	sbHandlerPrecautionRecordClear	clicked	observer.get ; control.acquire ; act.observer.prRecordClear				5			0	0
Data.Observer.html	sbHandlerPrecautionFormShow	clicked	observer.get ; control.acquire ; act.observer.prFormShow				5			0	0
Data.Observer.html	sbPRFinishDate	clicked	control.acquire ; act.observer.prFinishDate ; observer.get				7			0	0
Data.Observer.html	sbPRStartDate	clicked	control.acquire ; act.observer.prStartDate ; observer.get				7			0	0
Data.Observer.html	sbPrecautionSave	clicked	control.acquire ; act.observer.prSave ; observer.get				7			0	0
Data.Observer.html	cobNoteContentsSet	clicked	control.acquire ; act.observer.prNoteSet ; observer.get				7			0	0
Data.Observer.html	sbScreenkeyboard	clicked	observer.get				1			0	0
Data.Observer.html	sbMajorMaintenanceDate	clicked	observer.get ; control.acquire ; act.observer.mmDate				5			0	0
Data.Observer.html	sbMajorMaintenanceStartTime	clicked	control.acquire ; act.observer.mmStart ; observer.get				7			0	0
Data.Observer.html	sbMajorMaintenanceEndTime	clicked	control.acquire ; act.observer.mmEnd ; observer.get				7			0	0
Data.Observer.html	sbUndesirablePhenomenonClear	clicked	control.acquire ; act.observer.mmPhenClear ; observer.get				7			0	0
Data.Observer.html	sbCountermeasureClear	clicked	control.acquire ; act.observer.mmCmClear ; observer.get				7			0	0
Data.Observer.html	sbMajorMaintenanceSave	clicked	control.acquire ; act.observer.mmSave ; observer.get				7			0	0
Data.Observer.html	sbUndesirablePhenomenon	clicked	observer.get ; control.acquire ; act.observer.mmPhenAdd				5			0	0
Data.Observer.html	sbCountermeasure	clicked	observer.get ; control.acquire ; act.observer.mmCmAdd				5			0	0
Data.Observer.html	sbMajorMaintenanceSearch	clicked	control.acquire ; act.observer.mmSearch ; observer.get				7			0	0
Data.Observer.html	sbScreenkeyboard2	clicked	observer.get				1			0	0
Data.Observer.html	sbSearchPrecautionLog	clicked	control.acquire ; act.observer.prLogSearch ; observer.get				7			0	0
Data.Observer.html	btnLot2	clicked	observer.get				0			0	0
Data.Observer.html	btnLot3	clicked	observer.get				0			0	0
Data.Observer.html	btnLot4	clicked	observer.get				1			0	0
Data.Observer.html	btnLot5	clicked	observer.get				1			0	0
Data.Observer.html	btnLot1	clicked	observer.get				1			0	0
Data.Observer.html	btExit	clicked	control.acquire ; act.observer.exit ; observer.get				7			0	0
Data.Observer.html	txtUp	clicked	observer.get				3			0	0
Data.Observer.html	txtReload	clicked	observer.get				1			0	0
Data.SmartDiagnostic.html	sb_SmarDiagnostic_CreateCyliderName	greyed									
Data.SmartDiagnostic.html	sb_SmartDiagnostic_ResetRecordCount	greyed									
Data.SmartDiagnostic.html	sb_SmartDiagnostic_Setup	clicked					3			0	0
Data.SmartDiagnostic.html	sb_SmartDiagnostic_Summary	clicked					5			0	0
Data.SmartDiagnostic.html	sb_SmartDiagnostic_Exit	clicked					0			0	0
Data.SmartDiagnostic.html	sb_SmartDiagnostic_Save	greyed									
Data.SortCT.html	btnClearCount	clicked	control.acquire ; act.sortCT.clearCount				3			0	0
Data.StartCondition.html	spbExit	clicked					0			0	0
Data.StartCondition.html	sbSameAsHead1	clicked					0			0	0
Data.StartCondition.html	sbClearCount	clicked					0			0	0
Data.StartCondition.html	sbSave	clicked					0			0	0
Data.StartCondition.html	btnClearAa	clicked					0			0	0
Data.StartCondition.html	btnClearAb	clicked					0			0	0
Data.StartCondition.html	btnClearAc	clicked					0			0	0
Data.StartCondition.html	btnClearAd	clicked					0			0	0
Data.StartCondition.html	btnClearAe	clicked					0			0	0
Data.StartCondition.html	btnClearAf	clicked					0			0	0
Data.StartCondition.html	btnClearAg	clicked					0			0	0
Data.StartCondition.html	btnClearAh	clicked					0			0	0
Data.StartCondition.html	btnClearBh	clicked					0			0	0
Data.StartCondition.html	btnClearBg	clicked					0			0	0
Data.StartCondition.html	btnClearBf	clicked					0			0	0
Data.StartCondition.html	btnClearBe	clicked					0			0	0
Data.StartCondition.html	btnClearBd	clicked					0			0	0
Data.StartCondition.html	btnClearBc	clicked					0			0	0
Data.StartCondition.html	btnClearBb	clicked					0			0	0
Data.StartCondition.html	btnClearBa	clicked					0			0	0
Data.StartCondition.html	btnClearCa	clicked					0			0	0
Data.StartCondition.html	btnClearCb	clicked					0			0	0
Data.StartCondition.html	btnClearCc	clicked					0			0	0
Data.StartCondition.html	btnClearCd	clicked					0			0	0
Data.StartCondition.html	btnClearCe	clicked					0			0	0
Data.StartCondition.html	btnClearCf	clicked					0			0	0
Data.StartCondition.html	btnClearCg	clicked					0			0	0
Data.StartCondition.html	btnClearCh	clicked					0			0	0
Data.StartCondition.html	btnClearDh	clicked					0			0	0
Data.StartCondition.html	btnClearDg	clicked					0			0	0
Data.StartCondition.html	btnClearDf	clicked					0			0	0
Data.StartCondition.html	btnClearDe	clicked					0			0	0
Data.StartCondition.html	btnClearDd	clicked					0			0	0
Data.StartCondition.html	btnClearDc	clicked					0			0	0
Data.StartCondition.html	btnClearDb	clicked					0			0	0
Data.StartCondition.html	btnClearDa	clicked					0			0	0
Data.StartCondition.html	sb_Maintenance_SmartDiagnosticFunction	clicked					0			0	0
Data.StartCondition.html	btnOutArmE	clicked					0			0	0
Data.StartCondition.html	btnOutArmA	clicked					0			0	0
Data.StartCondition.html	btnOutArmC	clicked					0			0	0
Data.StartCondition.html	btnOutArmG	clicked					0			0	0
Data.StartCondition.html	btnOutArmH	clicked					0			0	0
Data.StartCondition.html	btnOutArmF	clicked					0			0	0
Data.StartCondition.html	btnOutArmD	clicked					0			0	0
Data.StartCondition.html	btnOutArmB	clicked					0			0	0
Data.StartCondition.html	btnInArmA	clicked					0			0	0
Data.StartCondition.html	btnInArmC	clicked					0			0	0
Data.StartCondition.html	btnInArmE	clicked					0			0	0
Data.StartCondition.html	btnInArmG	clicked					0			0	0
Data.StartCondition.html	btnInArmB	clicked					0			0	0
Data.StartCondition.html	btnInArmD	clicked					0			0	0
Data.StartCondition.html	btnInArmF	clicked					0			0	0
Data.StartCondition.html	btnInArmH	clicked					0			0	0
Data.StartCondition.html	btnArm2Aa	clicked					0			0	0
Data.StartCondition.html	btnArm2Ab	clicked					0			0	0
Data.StartCondition.html	btnArm2Ac	clicked					0			0	0
Data.StartCondition.html	btnArm2Ad	clicked					0			0	0
Data.StartCondition.html	btnArm2Ba	clicked					0			0	0
Data.StartCondition.html	btnArm2Bb	clicked					0			0	0
Data.StartCondition.html	btnArm2Bc	clicked					0			0	0
Data.StartCondition.html	btnArm2Bd	clicked					0			0	0
Data.StartCondition.html	btnArm2Ae	clicked					0			0	0
Data.StartCondition.html	btnArm2Af	clicked					0			0	0
Data.StartCondition.html	btnArm2Ag	clicked					0			0	0
Data.StartCondition.html	btnArm2Ah	clicked					0			0	0
Data.StartCondition.html	btnArm2Be	clicked					0			0	0
Data.StartCondition.html	btnArm2Bf	clicked					0			0	0
Data.StartCondition.html	btnArm2Bg	clicked					0			0	0
Data.StartCondition.html	btnArm2Bh	clicked					0			0	0
Data.StartCondition.html	btnArm1Aa	clicked					0			0	0
Data.StartCondition.html	btnArm1Ab	clicked					0			0	0
Data.StartCondition.html	btnArm1Ac	clicked					0			0	0
Data.StartCondition.html	btnArm1Ad	clicked					0			0	0
Data.StartCondition.html	btnArm1Ba	clicked					0			0	0
Data.StartCondition.html	btnArm1Bb	clicked					0			0	0
Data.StartCondition.html	btnArm1Bc	clicked					0			0	0
Data.StartCondition.html	btnArm1Bd	clicked					0			0	0
Data.StartCondition.html	btnArm1Ae	clicked					0			0	0
Data.StartCondition.html	btnArm1Af	clicked					0			0	0
Data.StartCondition.html	btnArm1Ag	clicked					0			0	0
Data.StartCondition.html	btnArm1Ah	clicked					0			0	0
Data.StartCondition.html	btnArm1Be	clicked					0			0	0
Data.StartCondition.html	btnArm1Bf	clicked					0			0	0
Data.StartCondition.html	btnArm1Bg	clicked					0			0	0
Data.StartCondition.html	btnArm1Bh	clicked					0			0	0
Data.StartCondition.html	sbHeadCondition1Clear	clicked					0			0	0
Data.StartCondition.html	sbHeadCondition1Save	clicked					0			0	0
Data.StartCondition.html	btnSetOffsetLimit	clicked					0			0	0
HW.HandlerSys.html	btnSetATCCom	not-visible									
HW.HandlerSys.html	SaveBtn	clicked					1			0	0
HW.HandlerSys.html	ExitBtn	clicked					0			0	0
HW.HandlerSys.html	LoadBtn	clicked	control.acquire				4			0	0
HW.IoSetView.html	btnLatchCheck	clicked					0			0	0
HW.IoSetView.html	sb_IO_CommunicationPad	clicked					0			0	0
HW.IoSetView.html	btn500KPA	greyed							golden btn500KPAClick（iosetview.cpp:4045）：ADAM_DirectWriteData(EP_MAXKPA<=500?40		
HW.IoSetView.html	btnAllLock	greyed							golden btnAllLockClick（iosetview.cpp:4050）：8 個 SwFixedSeat* 開關跟目標不同的就按一下（BtnPane		
HW.IoSetView.html	btnAllUnLock	greyed							golden btnAllUnLockClick（iosetview.cpp:4072）：同上，往 Unlock 方向。這台 8 個 SwFixedSeat* 		
HW.IoSetView.html	btIPSetting	clicked					0			0	0
HW.IoSetView.html	btComPoet	clicked					0			0	0
HW.IoSetView.html	btKVM	clicked					0			0	0
HW.IoSetView.html	btnTool	greyed							golden btnToolClick（iosetview.cpp:1025）：FTool->ShowModal()（tools.cpp：逐點選 Lane／IP		
HW.IoSetView.html	btnReload	greyed							golden btnReloadClick（iosetview.cpp:1252）：HSys.LoadIoData＋LoadIoTable＋InitialSwi		
HW.IoSetView.html	sbtReload	clicked		GET /api/system/ioTable			1	rejection GET /api/system/ioTable -> HTTP 404		0	0
HW.IoSetView.html	btnAddIO	clicked					0			0	0
HW.IoSetView.html	btnDeleteIO	clicked					0			0	0
HW.IoSetView.html	btnModify	clicked					2			0	0
HW.IoSetView.html	sbUpdate	clicked					4			0	0
HW.MotorTest.html	btnHighSpeed	clicked					114			0	0
HW.MotorTest.html	btnHomeHigh	clicked		GET ../JSON/offline/Motor-runtime.offline.json ; GET ../JSON/offline/Motor-runtime.offline.json			79			0	0
HW.MotorTest.html	btnHomeLow	clicked	control.acquire ; motor.access				112			0	0
HW.MotorTest.html	btnLowSpeed	clicked					112			0	0
HW.MotorTest.html	btnSoftPPos	clicked		GET ../JSON/offline/Motor-runtime.offline.json ; GET ../JSON/offline/Motor-runtime.offline.json			115			0	0
HW.MotorTest.html	btnSoftNPos	clicked					115			0	0
HW.MotorTest.html	btnRange	clicked					75			0	0
HW.MotorTest.html	btnReloadMotorData	clicked	control.takeover ; motor.access ; control.acquire ; motor.access	GET /api/struct/motor/config ; GET /api/struct/motor/runtime ; GET /api/struct/motor/config ; GET /api/struct/motor/runtime ; GET ../JSON/Motor-config.json ; GET ../JSON/Motor-runtime.json ; GET ../JSON/Motor-runtime.json ; GET ../JSON/Motor-runtime.json ; GET ../JSON/offline/Motor-config.offline.json			168			0	0
HW.MotorTest.html	btnSetRange	clicked					112			0	0
HW.MotorTest.html	btResetMNet	clicked	control.takeover ; motor.access	GET ../JSON/offline/Motor-runtime.offline.json ; GET ../JSON/offline/Motor-runtime.offline.json		confirm Do you want to Reset MNet? 你確定要重置 MNet?	157			0	0
HW.MotorTest.html	btnAlarmReset	clicked					114			0	0
HW.MotorTest.html	sbMotorTest_JogN	clicked	control.takeover ; motor.access ; motor.stop				927			0	0
HW.MotorTest.html	sbMotorTest_JogP	clicked	control.takeover ; motor.access ; motor.stop	GET ../JSON/offline/Motor-runtime.offline.json ; GET ../JSON/offline/Motor-runtime.offline.json			968			0	0
HW.MotorTest.html	sbMotorTest_MoveN	clicked	control.takeover ; motor.access				968			0	0
HW.MotorTest.html	sbMotorTest_MoveP	clicked	control.takeover ; motor.access				932			0	0
HW.MotorTest.html	btnLoopMove	clicked		GET ../JSON/offline/Motor-runtime.offline.json ; GET ../JSON/offline/Motor-runtime.offline.json			114			0	0
HW.MotorTest.html	btnSetPosP	clicked	control.acquire ; motor.access	GET ../JSON/offline/Motor-runtime.offline.json ; GET ../JSON/offline/Motor-runtime.offline.json			114			0	0
HW.MotorTest.html	btnSetPosN	clicked					111			0	0
HW.MotorTest.html	btnHome	clicked	control.takeover ; motor.access				969			0	0
HW.MotorTest.html	btnGoSoftP	clicked	control.takeover ; motor.access	GET ../JSON/offline/Motor-runtime.offline.json ; GET ../JSON/offline/Motor-runtime.offline.json			971			0	0
HW.MotorTest.html	btnGoSoftN	clicked	control.takeover ; motor.access				968			0	0
HW.MotorTest.html	btnGo	clicked	control.takeover ; motor.access				968			0	0
HW.MotorTest.html	btnServoOff	clicked	control.takeover ; motor.access	GET ../JSON/offline/Motor-runtime.offline.json ; GET ../JSON/offline/Motor-runtime.offline.json			161			0	0
HW.MotorTest.html	btnMotorPower	clicked	control.takeover ; motor.access				160			0	0
HW.MotorTest.html	btnStop	clicked	motor.stop ; control.acquire ; motor.access				114			0	0
HW.MotorTest.html	BitBtn1	clicked		GET ../JSON/offline/Motor-runtime.offline.json ; GET ../JSON/offline/Motor-runtime.offline.json			114			0	0
HW.MotorTest.html	btnSaveMotTable	greyed									
HW.MotorTest.html	SpeedButton44	tab-hidden							p1		
HW.MotorTest.html	SpeedButton45	tab-hidden							p1		
HW.MotorTest.html	SpeedButton46	tab-hidden							p1		
HW.MotorTest.html	SpeedButton47	tab-hidden							p1		
HW.MotorTest.html	SpeedButton4	tab-hidden							p1		
HW.MotorTest.html	SpeedButton5	tab-hidden							p1		
HW.MotorTest.html	SpeedButton8	tab-hidden							p1		
HW.MotorTest.html	SpeedButton50	tab-hidden							p1		
HW.MotorTest.html	SpeedButton51	tab-hidden							p1		
HW.MotorTest.html	SpeedButton52	tab-hidden							p1		
HW.MotorTest.html	SpeedButton53	tab-hidden							p1		
HW.MotorTest.html	SpeedButton6	tab-hidden							p1		
HW.MotorTest.html	SpeedButton7	tab-hidden							p1		
HW.MotorTest.html	SpeedButton9	tab-hidden							p1		
HW.MotorTest.html	BitBtn2	clicked	control.takeover ; motor.access	GET ../JSON/offline/Motor-runtime.offline.json ; GET ../JSON/offline/Motor-runtime.offline.json ; GET ../JSON/offline/Motor-runtime.offline.json			978			0	0
HW.MotorTest.html	BitBtn3	clicked	control.takeover ; motor.access			alert c12 probe stub	157			0	0
HW.MotorTest.html	btnSaveLogLightScaleData	clicked	control.takeover ; motor.access	GET ../JSON/offline/Motor-runtime.offline.json ; GET ../JSON/offline/Motor-runtime.offline.json		alert c12 probe stub	124			0	0
HW.MotorTest.html	sbtReload	clicked		GET /api/system/motTable			112	rejection GET /api/system/motTable -> HTTP 404		0	0
HW.MotorTest.html	sbUpdate	clicked		GET ../JSON/offline/Motor-runtime.offline.json ; GET ../JSON/offline/Motor-runtime.offline.json			118			0	0
HW.MotorTest.html	btnAddMotor	clicked		GET ../JSON/offline/Motor-runtime.offline.json ; GET ../JSON/offline/Motor-runtime.offline.json			114			0	0
HW.MotorTest.html	btnDeleteMotor	clicked					111			0	0
HW.MotorTest.html	btnModify	clicked	control.acquire ; motor.access				111			0	0
HW.MotorTest.html	palExit	clicked	control.acquire ; motor.access				76			0	0
HW.MyCCLinkSensor.html	btIn1_9	greyed							golden OnMouseDown=btIn2_8MouseDown（CCLink/MyCCLinkSensor.cpp:1465）：golden TfCCL		
HW.MyCCLinkSensor.html	btIn1_1	greyed							golden OnMouseDown=btIn2_8MouseDown（CCLink/MyCCLinkSensor.cpp:1465）：golden TfCCL		
HW.MyCCLinkSensor.html	btIn1_2	greyed							golden OnMouseDown=btIn2_8MouseDown（CCLink/MyCCLinkSensor.cpp:1465）：golden TfCCL		
HW.MyCCLinkSensor.html	btIn1_3	greyed							golden OnMouseDown=btIn2_8MouseDown（CCLink/MyCCLinkSensor.cpp:1465）：golden TfCCL		
HW.MyCCLinkSensor.html	btIn1_4	greyed							golden OnMouseDown=btIn2_8MouseDown（CCLink/MyCCLinkSensor.cpp:1465）：golden TfCCL		
HW.MyCCLinkSensor.html	btIn1_5	greyed							golden OnMouseDown=btIn2_8MouseDown（CCLink/MyCCLinkSensor.cpp:1465）：golden TfCCL		
HW.MyCCLinkSensor.html	btIn1_8	greyed							golden OnMouseDown=btIn2_8MouseDown（CCLink/MyCCLinkSensor.cpp:1465）：golden TfCCL		
HW.MyCCLinkSensor.html	btIn1_7	greyed							golden OnMouseDown=btIn2_8MouseDown（CCLink/MyCCLinkSensor.cpp:1465）：golden TfCCL		
HW.MyCCLinkSensor.html	btIn1_6	greyed							golden OnMouseDown=btIn2_8MouseDown（CCLink/MyCCLinkSensor.cpp:1465）：golden TfCCL		
HW.MyCCLinkSensor.html	btSetIn1	greyed							golden OnClick=btSetIn1Click（CCLink/MyCCLinkSensor.cpp:1770）：golden TfCCLink（CCL		
HW.MyCCLinkSensor.html	btSave	greyed							golden OnClick=btSaveClick（CCLink/MyCCLinkSensor.cpp:2305）：golden TfCCLink（CCLin		
HW.MyCCLinkSensor.html	btRead	greyed							golden OnClick=btReadClick（CCLink/MyCCLinkSensor.cpp:2311）：golden TfCCLink（CCLin		
HW.MyCCLinkSensor.html	btIn2_9	greyed							golden OnMouseDown=btIn2_8MouseDown（CCLink/MyCCLinkSensor.cpp:1465）：golden TfCCL		
HW.MyCCLinkSensor.html	btIn2_1	greyed							golden OnMouseDown=btIn2_8MouseDown（CCLink/MyCCLinkSensor.cpp:1465）：golden TfCCL		
HW.MyCCLinkSensor.html	btIn2_2	greyed							golden OnMouseDown=btIn2_8MouseDown（CCLink/MyCCLinkSensor.cpp:1465）：golden TfCCL		
HW.MyCCLinkSensor.html	btIn2_3	greyed							golden OnMouseDown=btIn2_8MouseDown（CCLink/MyCCLinkSensor.cpp:1465）：golden TfCCL		
HW.MyCCLinkSensor.html	btIn2_4	greyed							golden OnMouseDown=btIn2_8MouseDown（CCLink/MyCCLinkSensor.cpp:1465）：golden TfCCL		
HW.MyCCLinkSensor.html	btIn2_5	greyed							golden OnMouseDown=btIn2_8MouseDown（CCLink/MyCCLinkSensor.cpp:1465）：golden TfCCL		
HW.MyCCLinkSensor.html	btIn2_8	greyed							golden OnMouseDown=btIn2_8MouseDown（CCLink/MyCCLinkSensor.cpp:1465）：golden TfCCL		
HW.MyCCLinkSensor.html	btIn2_7	greyed							golden OnMouseDown=btIn2_8MouseDown（CCLink/MyCCLinkSensor.cpp:1465）：golden TfCCL		
HW.MyCCLinkSensor.html	btIn2_6	greyed							golden OnMouseDown=btIn2_8MouseDown（CCLink/MyCCLinkSensor.cpp:1465）：golden TfCCL		
HW.MyCCLinkSensor.html	btSetIn2	greyed							golden OnClick=btSetIn2Click（CCLink/MyCCLinkSensor.cpp:1707）：golden TfCCLink（CCL		
HW.MyCCLinkSensor.html	btShuttlePositionMove	greyed							golden OnClick=btShuttlePositionMoveClick（CCLink/MyCCLinkSensor.cpp:2168）：golden		
HW.MyCCLinkSensor.html	btOut2	greyed							golden OnMouseDown=btIn2_8MouseDown（CCLink/MyCCLinkSensor.cpp:1465）：golden TfCCL		
HW.MyCCLinkSensor.html	btOut1	greyed							golden OnMouseDown=btIn2_8MouseDown（CCLink/MyCCLinkSensor.cpp:1465）：golden TfCCL		
HW.MyCCLinkSensor.html	btIn3_1	greyed							golden OnMouseDown=btIn3_1MouseDown（CCLink/MyCCLinkSensor.cpp:2082）：golden TfCCL		
HW.MyCCLinkSensor.html	btIn3_2	greyed							golden OnMouseDown=btIn3_1MouseDown（CCLink/MyCCLinkSensor.cpp:2082）：golden TfCCL		
HW.MyCCLinkSensor.html	btIn3_3	greyed							golden OnMouseDown=btIn3_1MouseDown（CCLink/MyCCLinkSensor.cpp:2082）：golden TfCCL		
HW.MyCCLinkSensor.html	btIn3_4	greyed							golden OnMouseDown=btIn3_1MouseDown（CCLink/MyCCLinkSensor.cpp:2082）：golden TfCCL		
HW.MyCCLinkSensor.html	btIn3_5	greyed							golden OnMouseDown=btIn3_1MouseDown（CCLink/MyCCLinkSensor.cpp:2082）：golden TfCCL		
HW.MyCCLinkSensor.html	btIn3_8	greyed							golden OnMouseDown=btIn3_1MouseDown（CCLink/MyCCLinkSensor.cpp:2082）：golden TfCCL		
HW.MyCCLinkSensor.html	btIn3_7	greyed							golden OnMouseDown=btIn3_1MouseDown（CCLink/MyCCLinkSensor.cpp:2082）：golden TfCCL		
HW.MyCCLinkSensor.html	btIn3_6	greyed							golden OnMouseDown=btIn3_1MouseDown（CCLink/MyCCLinkSensor.cpp:2082）：golden TfCCL		
HW.MyCCLinkSensor.html	SetSocket	greyed							golden OnClick=SetSocketClick（CCLink/MyCCLinkSensor.cpp:1940）：golden TfCCLink（CC		
HW.MyCCLinkSensor.html	btIn3_13	greyed							golden OnMouseDown=btIn3_13MouseDown（CCLink/MyCCLinkSensor.cpp:2187）：golden TfCC		
HW.MyCCLinkSensor.html	btIn3_14	greyed							golden OnMouseDown=btIn3_13MouseDown（CCLink/MyCCLinkSensor.cpp:2187）：golden TfCC		
HW.MyCCLinkSensor.html	btIn3_15	greyed							golden OnMouseDown=btIn3_13MouseDown（CCLink/MyCCLinkSensor.cpp:2187）：golden TfCC		
HW.MyCCLinkSensor.html	btIn3_16	greyed							golden OnMouseDown=btIn3_13MouseDown（CCLink/MyCCLinkSensor.cpp:2187）：golden TfCC		
HW.MyCCLinkSensor.html	btIn3_17	greyed							golden OnMouseDown=btIn3_13MouseDown（CCLink/MyCCLinkSensor.cpp:2187）：golden TfCC		
HW.MyCCLinkSensor.html	btIn3_18	greyed							golden OnMouseDown=btIn3_13MouseDown（CCLink/MyCCLinkSensor.cpp:2187）：golden TfCC		
HW.MyCCLinkSensor.html	btIn3_20	greyed							golden OnMouseDown=btIn3_13MouseDown（CCLink/MyCCLinkSensor.cpp:2187）：golden TfCC		
HW.MyCCLinkSensor.html	btIn3_19	greyed							golden OnMouseDown=btIn3_13MouseDown（CCLink/MyCCLinkSensor.cpp:2187）：golden TfCC		
HW.MyCCLinkSensor.html	SetColor	greyed							golden OnClick=SetColorClick（CCLink/MyCCLinkSensor.cpp:2230）：golden TfCCLink（CCL		
HW.MyCCLinkSensor.html	btIn4_1	greyed							golden OnMouseDown=btIn4_1MouseDown（CCLink/MyCCLinkSensor.cpp:2792）：golden TfCCL		
HW.MyCCLinkSensor.html	btIn4_2	greyed							golden OnMouseDown=btIn4_1MouseDown（CCLink/MyCCLinkSensor.cpp:2792）：golden TfCCL		
HW.MyCCLinkSensor.html	btIn4_3	greyed							golden OnMouseDown=btIn4_1MouseDown（CCLink/MyCCLinkSensor.cpp:2792）：golden TfCCL		
HW.MyCCLinkSensor.html	btIn4_4	greyed							golden OnMouseDown=btIn4_1MouseDown（CCLink/MyCCLinkSensor.cpp:2792）：golden TfCCL		
HW.MyCCLinkSensor.html	btIn4_5	greyed							golden OnMouseDown=btIn4_1MouseDown（CCLink/MyCCLinkSensor.cpp:2792）：golden TfCCL		
HW.MyCCLinkSensor.html	btIn4_8	greyed							golden OnMouseDown=btIn4_1MouseDown（CCLink/MyCCLinkSensor.cpp:2792）：golden TfCCL		
HW.MyCCLinkSensor.html	btIn4_7	greyed							golden OnMouseDown=btIn4_1MouseDown（CCLink/MyCCLinkSensor.cpp:2792）：golden TfCCL		
HW.MyCCLinkSensor.html	btIn4_6	greyed							golden OnMouseDown=btIn4_1MouseDown（CCLink/MyCCLinkSensor.cpp:2792）：golden TfCCL		
HW.MyCCLinkSensor.html	setSocket9_24	greyed							golden TfCCLink（CCLink/MyCCLinkSensor.cpp）表單沒有移植到 C++（只有判斷式 CCLink/MyCCLinkSenso		
HW.MyCCLinkSensor.html	btIn4_9	greyed							golden OnMouseDown=btIn4_1MouseDown（CCLink/MyCCLinkSensor.cpp:2792）：golden TfCCL		
HW.MyCCLinkSensor.html	btIn4_10	greyed							golden OnMouseDown=btIn4_1MouseDown（CCLink/MyCCLinkSensor.cpp:2792）：golden TfCCL		
HW.MyCCLinkSensor.html	btIn4_11	greyed							golden OnMouseDown=btIn4_1MouseDown（CCLink/MyCCLinkSensor.cpp:2792）：golden TfCCL		
HW.MyCCLinkSensor.html	btIn4_12	greyed							golden OnMouseDown=btIn4_1MouseDown（CCLink/MyCCLinkSensor.cpp:2792）：golden TfCCL		
HW.MyCCLinkSensor.html	btIn4_13	greyed							golden OnMouseDown=btIn4_1MouseDown（CCLink/MyCCLinkSensor.cpp:2792）：golden TfCCL		
HW.MyCCLinkSensor.html	btIn4_14	greyed							golden OnMouseDown=btIn4_1MouseDown（CCLink/MyCCLinkSensor.cpp:2792）：golden TfCCL		
HW.MyCCLinkSensor.html	btIn4_16	greyed							golden OnMouseDown=btIn4_1MouseDown（CCLink/MyCCLinkSensor.cpp:2792）：golden TfCCL		
HW.MyCCLinkSensor.html	btIn4_15	greyed							golden OnMouseDown=btIn4_1MouseDown（CCLink/MyCCLinkSensor.cpp:2792）：golden TfCCL		
HW.MyCCLinkSensor.html	Button1	greyed							golden TfCCLink（CCLink/MyCCLinkSensor.cpp）表單沒有移植到 C++（只有判斷式 CCLink/MyCCLinkSenso		
HW.MyCCLinkSensor.html	btIn5_1	greyed							golden OnMouseDown=btIn5_1MouseDown（CCLink/MyCCLinkSensor.cpp:2907）：golden TfCCL		
HW.MyCCLinkSensor.html	btIn5_2	greyed							golden OnMouseDown=btIn4_1MouseDown（CCLink/MyCCLinkSensor.cpp:2792）：golden TfCCL		
HW.MyCCLinkSensor.html	btIn5_3	greyed							golden OnMouseDown=btIn4_1MouseDown（CCLink/MyCCLinkSensor.cpp:2792）：golden TfCCL		
HW.MyCCLinkSensor.html	btIn5_4	greyed							golden OnMouseDown=btIn4_1MouseDown（CCLink/MyCCLinkSensor.cpp:2792）：golden TfCCL		
HW.MyCCLinkSensor.html	btIn5_5	greyed							golden OnMouseDown=btIn4_1MouseDown（CCLink/MyCCLinkSensor.cpp:2792）：golden TfCCL		
HW.MyCCLinkSensor.html	btIn5_8	greyed							golden OnMouseDown=btIn4_1MouseDown（CCLink/MyCCLinkSensor.cpp:2792）：golden TfCCL		
HW.MyCCLinkSensor.html	btIn5_7	greyed							golden OnMouseDown=btIn4_1MouseDown（CCLink/MyCCLinkSensor.cpp:2792）：golden TfCCL		
HW.MyCCLinkSensor.html	btIn5_6	greyed							golden OnMouseDown=btIn4_1MouseDown（CCLink/MyCCLinkSensor.cpp:2792）：golden TfCCL		
HW.MyCCLinkSensor.html	Button10	greyed							golden TfCCLink（CCLink/MyCCLinkSensor.cpp）表單沒有移植到 C++（只有判斷式 CCLink/MyCCLinkSenso		
HW.MyCCLinkSensor.html	spbSave	greyed							golden OnClick=spbSaveClick（CCLink/MyCCLinkSensor.cpp:1689）：golden TfCCLink（CCLi		
HW.MyCCLinkSensor.html	btnCanBusSeach	greyed							golden OnClick=btnCanBusSeachClick（CCLink/MyCCLinkSensor.cpp:2337）：golden TfCCLi		
HW.MyCCLinkSensor.html	btnReadCanBusSetting	greyed							golden OnClick=btnReadCanBusSettingClick（CCLink/MyCCLinkSensor.cpp:2457）：golden 		
HW.MyCCLinkSensor.html	sbExit	clicked					0			0	0
HW.OmronEJ1N.html	btGetModuler	greyed							golden OnClick=btGetModulerClick（EJ1N/OmronEJ1N.cpp:946）：golden TfOmron（EJ1N/Omr		
HW.OmronEJ1N.html	btRunStop	greyed							golden OnClick=btRunStopClick（EJ1N/OmronEJ1N.cpp:1604）：golden TfOmron（EJ1N/Omron		
HW.OmronEJ1N.html	btSetThermoType	greyed							golden OnClick=btSetThermoTypeClick（EJ1N/OmronEJ1N.cpp:1249）：golden TfOmron（EJ1N		
HW.OmronEJ1N.html	Button1	greyed							golden OnClick=Button1Click（EJ1N/OmronEJ1N.cpp:1913）：golden TfOmron（EJ1N/OmronEJ		
HW.OmronEJ1N.html	btSend	greyed							golden OnClick=btSendClick（EJ1N/OmronEJ1N.cpp:844）：golden TfOmron（EJ1N/OmronEJ1N		
HW.OmronEJ1N.html	btSetSV	greyed							golden OnClick=btSetSVClick（EJ1N/OmronEJ1N.cpp:1326）：golden TfOmron（EJ1N/OmronEJ		
HW.OmronEJ1N.html	btResetCOM	greyed							golden OnClick=btResetCOMClick（EJ1N/OmronEJ1N.cpp:1855）：golden TfOmron（EJ1N/Omro		
HW.OmronEJ1N.html	Button3	greyed							golden OnClick=Button1Click（EJ1N/OmronEJ1N.cpp:1913）：golden TfOmron（EJ1N/OmronEJ		
HW.OmronEJ1N.html	btAT	greyed							golden OnClick=btATClick（EJ1N/OmronEJ1N.cpp:1417）：golden TfOmron（EJ1N/OmronEJ1N.		
HW.OmronEJ1N.html	btATOff	greyed							golden OnClick=btATOffClick（EJ1N/OmronEJ1N.cpp:1983）：golden TfOmron（EJ1N/OmronEJ		
HW.OmronEJ1N.html	btAT1by1	greyed							golden OnClick=btAT1by1Click（EJ1N/OmronEJ1N.cpp:1990）：golden TfOmron（EJ1N/OmronE		
HW.OmronEJ1N.html	btRT	greyed							golden OnClick=btRTClick（EJ1N/OmronEJ1N.cpp:1997）：golden TfOmron（EJ1N/OmronEJ1N.		
HW.OmronEJ1N.html	btRT1by1	greyed							golden OnClick=btRT1by1Click（EJ1N/OmronEJ1N.cpp:2004）：golden TfOmron（EJ1N/OmronE		
HW.OmronEJ1N.html	btRTOff	greyed							golden OnClick=btRTOffClick（EJ1N/OmronEJ1N.cpp:2011）：golden TfOmron（EJ1N/OmronEJ		
HW.OmronEJ1N.html	btSaveData	greyed							golden OnClick=btSaveDataClick（EJ1N/OmronEJ1N.cpp:2028）：golden TfOmron（EJ1N/Omro		
HW.PadInterface.html	sb_PadInterface_Exit	clicked	pad.get				0			0	0
HW.PadInterface.html	sb_PadInterface_ManualSend	clicked	pad.get				1			0	0
HW.PadInterface.html	btnResetCom	clicked	pad.get				2			0	0
HW.ShuttleMove.html	sbShuttleSensor	greyed									
HW.ShuttleMove.html	sbSensorLatch	greyed									
HW.ShuttleMove.html	sbBarCode	greyed									
HW.ShuttleMove.html	btShu2Right	greyed									
HW.ShuttleMove.html	btShu1Right	greyed									
HW.ShuttleMove.html	btShu2Left	greyed									
HW.ShuttleMove.html	btShu1Left	greyed									
HW.ShuttleMove.html	btScanOutShu2	greyed									
HW.ShuttleMove.html	btScanOutShu1	greyed									
HW.ShuttleMove.html	btnInSH1Sen7DetectPos	greyed									
HW.ShuttleMove.html	btnInSH2Sen7DetectPos	greyed									
HW.ShuttleMove.html	btInSH1BarCodePos	greyed									
HW.ShuttleMove.html	btInSH2BarCodePos	greyed									
HW.ShuttleMove.html	btOutSH1ZDetectPos	greyed									
HW.ShuttleMove.html	btOutSH2ZDetectPos	greyed									
HW.ShuttleMove.html	btOutSH1OneRowDetectPos	greyed									
HW.ShuttleMove.html	btOutSH2OneRowDetectPos	greyed									
HW.ShuttleMove.html	sbUpdate	clicked					1			0	0
HW.ShuttleMove.html	sbtExit	clicked					0			0	0
HW.TrayEdit.html	spbUpdate	greyed									
HW.TrayEdit.html	SpeedButton2	greyed									
HW.TrayEdit.html	Button1	greyed									
HW.VacuumUnit.html	btnSetInArm	greyed									
HW.VacuumUnit.html	btnSetIndexArm	greyed									
HW.VacuumUnit.html	btnSetOutArm	greyed									
HW.VacuumUnit.html	spbSave	clicked					1			0	0
HW.VacuumUnit.html	sbtExit	clicked					0			0	0
HW.VacuumUnit.html	sbReset	greyed									
HW.home.html	sbAbortHome	clicked	act.home.abort				6			0	0
HW.teach.html	btnMoveP	clicked	control.takeover ; motor.access(MInArmX) ; control.acquire ; motor.access(MInArmX)				6112			0	0
HW.teach.html	btnMoveN	clicked	control.takeover ; motor.access(MInArmX) ; control.acquire ; motor.access				6151			0	0
HW.teach.html	btnHome	clicked	control.takeover ; motor.access(MInArmX)				6112			0	0
HW.teach.html	btnSetTo	clicked	control.acquire ; motor.access(MInArmX)				24			0	0
HW.teach.html	btnSetToOffset	clicked					43			0	0
HW.teach.html	btnMoveTo	clicked	control.takeover ; motor.access(MInArmX) ; control.acquire ; motor.access				6130			0	0
HW.teach.html	btnMotorTest	clicked					21			0	0
HW.teach.html	btnIO	greyed							IO Check：還沒接（golden 會開 IO 視窗）。請從主選單開 IO 頁		
HW.teach.html	btnServo	clicked	control.takeover ; motor.access(MInArmX)				48			0	0
HW.teach.html	btnAlarmReset	clicked	control.takeover ; motor.access(MInArmX) ; control.acquire ; motor.access(MInArmX)				48			0	0
HW.teach.html	btnHomeAll	clicked	control.takeover ; motor.access(MInArmX)				6111			0	0
HW.teach.html	btnJogN	clicked	control.acquire ; motor.access ; control.takeover ; motor.access(MInArmX) ; motor.stop(MInArmX)				6108			0	0
HW.teach.html	btnJogP	clicked	control.acquire ; motor.access(MInArmX) ; control.takeover ; motor.access(MInArmX) ; motor.stop(MInArmX)				6129			0	0
HW.teach.html	btnStop	clicked	motor.stop(MInArmX)				27			0	0
HW.teach.html	SetButton064	clicked	control.takeover ; motor.access(MInArmX)				56			0	0
HW.teach.html	SetButton065	clicked	control.takeover ; motor.access(MInArmX) ; control.acquire ; motor.access				56			0	0
HW.teach.html	SetButton066	clicked	control.takeover ; motor.access(MInArmX)				33			0	0
HW.teach.html	SetButton067	clicked	control.takeover ; motor.access(MInArmX)				53			0	0
HW.teach.html	SetButton068	clicked	control.takeover ; motor.access(MInArmX)				60			0	0
HW.teach.html	SetButton069	clicked	control.takeover ; motor.access(MInArmX) ; control.acquire ; motor.access				62			0	0
HW.teach.html	GoButton064	clicked	control.takeover ; motor.access(MInArmX)				6118			0	0
HW.teach.html	GoButton065	clicked	control.takeover ; motor.access(MInArmX)				6140			0	0
HW.teach.html	GoButton066	clicked	control.takeover ; motor.access(MInArmX)				6117			0	0
HW.teach.html	GoButton067	clicked	control.takeover ; motor.access(MInArmX)				6116			0	0
HW.teach.html	GoButton068	clicked	control.acquire ; motor.access ; control.takeover ; motor.access(MInArmX)				6144			0	0
HW.teach.html	GoButton069	clicked	control.takeover ; motor.access(MInArmX)				6146			0	0
HW.teach.html	SetButton070	not-visible									
HW.teach.html	GoButton070	not-visible									
HW.teach.html	SetButton071	not-visible									
HW.teach.html	GoButton071	not-visible									
HW.teach.html	btnArm1YServo	clicked	control.takeover ; motor.access(MInArmX)				28			0	0
HW.teach.html	btnZ1Servo	clicked	control.takeover ; motor.access(MInArmX)				48			0	0
HW.teach.html	btnArm2YServo	clicked	control.takeover ; motor.access(MInArmX) ; control.acquire ; motor.access				69			0	0
HW.teach.html	btnZ2Servo	clicked	control.takeover ; motor.access(MInArmX)				27			0	0
HW.teach.html	SetButton078	clicked	control.takeover ; motor.access(MInArmX)				31			0	0
HW.teach.html	SetButton077	clicked	control.takeover ; motor.access(MInArmX)				54			0	0
HW.teach.html	GoButton077	clicked	control.takeover ; motor.access(MInArmX) ; control.acquire ; motor.access				6133			0	0
HW.teach.html	GoButton078	clicked	control.takeover ; motor.access(MInArmX)				6117			0	0
HW.teach.html	btnInXPitch1	clicked					27			0	0
HW.teach.html	btnOutXPitch1	clicked					26			0	0
HW.teach.html	GoButton003	clicked	control.takeover ; motor.access(MInArmX) ; control.acquire ; motor.access(MInArmX)				6116			0	0
HW.teach.html	SetButtonInX140	clicked	control.takeover ; motor.access(MInArmX) ; control.acquire ; motor.access				73			0	0
HW.teach.html	GoButtonInX240	clicked	control.takeover ; motor.access(MInArmX)				6136			0	0
HW.teach.html	SetButtonInX240	clicked	control.acquire ; motor.access(MInArmX) ; control.takeover ; motor.access(MInArmX)				33			0	0
HW.teach.html	SetButtonOutX140	clicked	control.takeover ; motor.access(MInArmX)				53			0	0
HW.teach.html	GoButton004	clicked	control.takeover ; motor.access(MInArmX) ; control.acquire ; motor.access ; control.acquire ; motor.access(MInArmX)				6154			0	0
HW.teach.html	SetButtonOutX240	clicked	control.takeover ; motor.access(MInArmX)				28			0	0
HW.teach.html	GoButtonOutX240	clicked	control.takeover ; motor.access(MInArmX)				6112			0	0
HW.teach.html	btnGoInArmZ	greyed							golden 這顆沒有 OnClick（uteach.dfm）—— 原版按了也不會動		
HW.teach.html	btnSetInArmZ	greyed							golden 這顆沒有 OnClick（uteach.dfm）—— 原版按了也不會動		
HW.teach.html	btnSetOutArmZ	greyed							golden 這顆沒有 OnClick（uteach.dfm）—— 原版按了也不會動		
HW.teach.html	btnGoOutArmZ	greyed							golden 這顆沒有 OnClick（uteach.dfm）—— 原版按了也不會動		
HW.teach.html	GoButtonInX340	clicked	control.takeover ; motor.access(MInArmX) ; control.acquire ; motor.access(MInArmX)				6137			0	0
HW.teach.html	SetButtonInX340	clicked	control.takeover ; motor.access(MInArmX)				33			0	0
HW.teach.html	GoButtonInX440	clicked	control.acquire ; motor.access ; control.takeover ; motor.access(MInArmX)				6115			0	0
HW.teach.html	SetButtonInX440	clicked	control.acquire ; motor.access(MInArmX) ; control.takeover ; motor.access(MInArmX)				54			0	0
HW.teach.html	SetButtonOutX340	clicked	control.takeover ; motor.access(MInArmX)				31			0	0
HW.teach.html	GoButtonOutX340	clicked	control.takeover ; motor.access(MInArmX)				6112			0	0
HW.teach.html	SetButtonOutX440	clicked	control.takeover ; motor.access(MInArmX) ; control.acquire ; motor.access				70			0	0
HW.teach.html	GoButtonOutX440	clicked	control.takeover ; motor.access(MInArmX)				6133			0	0
HW.teach.html	SetButtonInX1120	clicked	control.takeover ; motor.access(MInArmX)				53			0	0
HW.teach.html	GoButton005	clicked	control.takeover ; motor.access(MInArmX)				6138			0	0
HW.teach.html	SetButtonInX2120	clicked	control.takeover ; motor.access(MInArmX) ; control.acquire ; motor.access				52			0	0
HW.teach.html	GoButtonInX2120	clicked	control.takeover ; motor.access(MInArmX)				6117			0	0
HW.teach.html	GoButton006	clicked	control.takeover ; motor.access(MInArmX)				6137			0	0
HW.teach.html	SetButtonOutX1120	clicked	control.takeover ; motor.access(MInArmX)				28			0	0
HW.teach.html	SetButtonOutX2120	clicked	control.takeover ; motor.access(MInArmX)				28			0	0
HW.teach.html	GoButtonOutX2120	clicked	control.acquire ; motor.access ; control.takeover ; motor.access(MInArmX)				6133			0	0
HW.teach.html	SetButtonInX3120	clicked	control.takeover ; motor.access(MInArmX)				32			0	0
HW.teach.html	GoButtonInX3120	clicked	control.takeover ; motor.access(MInArmX)				6117			0	0
HW.teach.html	SetButtonInX4120	clicked	control.takeover ; motor.access(MInArmX)				52			0	0
HW.teach.html	GoButtonInX4120	clicked	control.takeover ; motor.access(MInArmX) ; control.acquire ; motor.access				6159			0	0
HW.teach.html	GoButtonOutX3120	clicked	control.takeover ; motor.access(MInArmX)				6115			0	0
HW.teach.html	SetButtonOutX3120	clicked	control.takeover ; motor.access(MInArmX)				49			0	0
HW.teach.html	SetButtonOutX4120	clicked	control.takeover ; motor.access(MInArmX)				49			0	0
HW.teach.html	GoButtonOutX4120	clicked	control.takeover ; motor.access(MInArmX) ; control.acquire ; motor.access				6133			0	0
HW.teach.html	SetButtonInY15	clicked	control.takeover ; motor.access(MInArmX)				53			0	0
HW.teach.html	GoButtonInY15	clicked	control.takeover ; motor.access(MInArmX)				6117			0	0
HW.teach.html	SetButtonOutY15	clicked	control.takeover ; motor.access(MInArmX)				28			0	0
HW.teach.html	GoButtonOutY15	clicked	control.takeover ; motor.access(MInArmX)				6133			0	0
HW.teach.html	GoButtonOutY60	clicked	control.takeover ; motor.access(MInArmX) ; control.acquire ; motor.access(MInArmX)				6137			0	0
HW.teach.html	SetButtonOutY60	clicked	control.takeover ; motor.access(MInArmX) ; control.acquire ; motor.access				49			0	0
HW.teach.html	SetButtonInY60	clicked	control.takeover ; motor.access(MInArmX)				32			0	0
HW.teach.html	GoButtonInY60	clicked	control.acquire ; motor.access(MInArmX) ; control.takeover ; motor.access(MInArmX)				6138			0	0
HW.teach.html	btnSetAllInArmZ	clicked	control.takeover ; motor.access(MInArmX)				28			0	0
HW.teach.html	btnSetAllInArmZ_Move	clicked	control.takeover ; motor.access(MInArmX) ; control.acquire ; motor.access ; control.acquire ; motor.access(MInArmX)				6132			0	0
HW.teach.html	btnSetAllOutArmZ	clicked	control.takeover ; motor.access(MInArmX)				48			0	0
HW.teach.html	btnSetAllOutArmZ_Move	clicked	control.takeover ; motor.access(MInArmX)				6111			0	0
HW.teach.html	btnInXPitch2	clicked	control.acquire ; motor.access(MInArmX)				29			0	0
HW.teach.html	btnOutXPitch2	clicked	control.acquire ; motor.access				69			0	0
HW.teach.html	btnInXPitch3	clicked	control.acquire ; motor.access(MInArmPitchX3)				27			0	0
HW.teach.html	btnOutXPitch3	clicked					27			0	0
HW.teach.html	btnInXPitch4	clicked					48			0	0
HW.teach.html	btnOutXPitch4	clicked					48			0	0
HW.teach.html	btnPitchTest	greyed							還沒接（golden btnPitchTestClick）—— 按了不會動		
HW.teach.html	btnInYPitch	clicked	control.acquire ; motor.access				27			0	0
HW.teach.html	btnOutYPitch	clicked					48			0	0
HW.teach.html	btnInOpenPitch	greyed							還沒接（golden btnInOpenPitchClick）—— 按了不會動		
HW.teach.html	btnInClosePitch	greyed							還沒接（golden btnInClosePitchClick）—— 按了不會動		
HW.teach.html	SetButton061	clicked	control.takeover ; motor.access(MOutArmPitchY)				29			0	0
HW.teach.html	SetButton060	clicked	control.takeover ; motor.access(MOutArmPitchY)				32			0	0
HW.teach.html	SetButton062	clicked	control.takeover ; motor.access(MOutArmPitchY) ; control.acquire ; motor.access				74			0	0
HW.teach.html	SetButton063	clicked	control.takeover ; motor.access(MOutArmPitchY)				28			0	0
HW.teach.html	GoButton060	clicked	control.takeover ; motor.access(MOutArmPitchY)				6116			0	0
HW.teach.html	GoButton061	clicked	control.takeover ; motor.access(MOutArmPitchY)				6137			0	0
HW.teach.html	GoButton062	clicked	control.takeover ; motor.access(MOutArmPitchY) ; control.acquire ; motor.access				6158			0	0
HW.teach.html	GoButton063	clicked	control.takeover ; motor.access(MOutArmPitchY)				6112			0	0
HW.teach.html	GoButton153	clicked	control.takeover ; motor.access(MOutArmPitchY)				6137			0	0
HW.teach.html	SetButton153	clicked	control.takeover ; motor.access(MOutArmPitchY)				33			0	0
HW.teach.html	GoButton154	clicked	control.takeover ; motor.access(MOutArmPitchY)				6117			0	0
HW.teach.html	SetButton154	clicked	control.acquire ; motor.access ; control.takeover ; motor.access(MOutArmPitchY)				54			0	0
HW.teach.html	GoButton155	clicked	control.takeover ; motor.access(MOutArmPitchY)				6116			0	0
HW.teach.html	SetButton155	clicked	control.takeover ; motor.access(MOutArmPitchY)				28			0	0
HW.teach.html	GoButton156	clicked	control.takeover ; motor.access(MOutArmPitchY)				6136			0	0
HW.teach.html	SetButton156	clicked	control.takeover ; motor.access(MOutArmPitchY) ; control.acquire ; motor.access				49			0	0
HW.teach.html	btnGoSht1XGabage	clicked	control.takeover ; motor.access(MOutArmPitchY)				6135			0	0
HW.teach.html	btnSetSht1XGabage	clicked	control.takeover ; motor.access(MOutArmPitchY)				54			0	0
HW.teach.html	btnSetSht1YGabage	clicked	control.takeover ; motor.access(MOutArmPitchY)				31			0	0
HW.teach.html	btnGoSht1YGabage	clicked	control.takeover ; motor.access(MOutArmPitchY) ; control.acquire ; motor.access				6133			0	0
HW.teach.html	btnGoSht2XGabage	clicked	control.takeover ; motor.access(MOutArmPitchY)				6137			0	0
HW.teach.html	btnSetSht2XGabage	clicked	control.takeover ; motor.access(MInArmX) ; control.acquire ; motor.access(MInArmX)				32			0	0
HW.teach.html	btnSetSht2YGabage	clicked	control.takeover ; motor.access(MInArmX) ; control.acquire ; motor.access				73			0	0
HW.teach.html	btnGoSht2YGabage	clicked	control.takeover ; motor.access(MInArmX)				6112			0	0
HW.teach.html	btnGoLoadXGabage	clicked	control.acquire ; motor.access(MInArmX) ; control.takeover ; motor.access(MInArmX)				6116			0	0
HW.teach.html	btnSetLoadXGabage	clicked	control.takeover ; motor.access(MInArmX)				54			0	0
HW.teach.html	btnSetLoadYGabage	clicked	control.takeover ; motor.access(MInArmX) ; control.acquire ; motor.access(MInArmX) ; control.acquire ; motor.access				52			0	0
HW.teach.html	btnGoLoadYGabage	clicked	control.takeover ; motor.access(MInArmX)				6112			0	0
HW.teach.html	btnGoXGabage	clicked	control.takeover ; motor.access(MInArmX)				6137			0	0
HW.teach.html	btnSetXGabage	clicked	control.takeover ; motor.access(MInArmX) ; control.acquire ; motor.access(MInArmX)				54			0	0
HW.teach.html	btnSetYGabage	clicked	control.takeover ; motor.access(MInArmX)				31			0	0
HW.teach.html	btnGoYGabage	clicked	control.acquire ; motor.access ; control.takeover ; motor.access(MInArmX)				6112			0	0
HW.teach.html	SetButton200	clicked	control.takeover ; motor.access(MInArmX)				31			0	0
HW.teach.html	SetButton201	clicked	control.takeover ; motor.access(MInArmX)				28			0	0
HW.teach.html	GoButton200	clicked	control.takeover ; motor.access(MInArmX)				6136			0	0
HW.teach.html	GoButton201	clicked	control.takeover ; motor.access(MInArmX) ; control.acquire ; motor.access				6133			0	0
HW.teach.html	btnSetButton204	clicked	control.takeover ; motor.access(MInArmX)				31			0	0
HW.teach.html	btnSetButton205	clicked	control.takeover ; motor.access(MInArmX)				49			0	0
HW.teach.html	btnGoButton204	clicked	control.takeover ; motor.access(MInArmX)				6136			0	0
HW.teach.html	btnGoButton205	clicked	control.takeover ; motor.access(MInArmX) ; control.acquire ; motor.access				6133			0	0
HW.teach.html	SetButton206	clicked	control.takeover ; motor.access(MInArmX)				52			0	0
HW.teach.html	SetButton207	clicked	control.takeover ; motor.access(MInArmX)				49			0	0
HW.teach.html	GoButton206	clicked	control.takeover ; motor.access(MInArmX)				6115			0	0
HW.teach.html	GoButton207	clicked	control.takeover ; motor.access(MInArmX)				6112			0	0
HW.teach.html	sbBarCode	greyed							還沒接（golden sbBarCodeClick）—— 按了不會動		
HW.teach.html	btnSetOutSht1BarCode	clicked	control.acquire ; motor.access ; control.takeover ; motor.access(MInArmX)				52			0	0
HW.teach.html	btnSetOutSht2BarCode	clicked	control.takeover ; motor.access(MInArmX)				28			0	0
HW.teach.html	btnGoOutSht1BarCode	clicked	control.takeover ; motor.access(MInArmX)				6115			0	0
HW.teach.html	btnGoOutSht2BarCode	clicked	control.takeover ; motor.access(MInArmX)				6133			0	0
HW.teach.html	btnSetInSht1BarCode	clicked	control.takeover ; motor.access(MInArmX) ; control.acquire ; motor.access				52			0	0
HW.teach.html	btnSetInSht2BarCode	clicked	control.takeover ; motor.access(MInArmX)				28			0	0
HW.teach.html	btnGoInSht1BarCode	clicked	control.takeover ; motor.access(MInArmX)				6136			0	0
HW.teach.html	btnGoInSht2BarCode	clicked	control.takeover ; motor.access(MInArmX)				6133			0	0
HW.teach.html	GoButtonRotateA	clicked	control.takeover ; motor.access(MInArmX) ; control.acquire ; motor.access				6133			0	0
HW.teach.html	SetButtonRotateA	clicked	control.takeover ; motor.access(MInArmX)				49			0	0
HW.teach.html	SpeedButtonInRotatePos90	clicked	control.takeover ; motor.access(MInArmX)				6133			0	0
HW.teach.html	SpeedButtonInRotateNeg90	clicked	control.takeover ; motor.access(MInArmX)				6111			0	0
HW.teach.html	GoButtonRotateOutA	clicked	control.takeover ; motor.access(MInArmX)				6111			0	0
HW.teach.html	SetButtonRotateOutA	clicked	control.acquire ; motor.access ; control.takeover ; motor.access(MInArmX)				49			0	0
HW.teach.html	SpeedButtonOutRotatepPos90	clicked	control.takeover ; motor.access(MInArmX)				6112			0	0
HW.teach.html	SpeedButtonOutRotatepNeg90	clicked	control.takeover ; motor.access(MInArmX)				6111			0	0
HW.teach.html	btnSetSht1Laser	clicked	control.takeover ; motor.access(MInArmX) ; control.acquire ; motor.access(MInArmX)				53			0	0
HW.teach.html	btnSetSht2Laser	clicked	control.takeover ; motor.access(MInArmX) ; control.acquire ; motor.access				70			0	0
HW.teach.html	btnGoSht1Laser	clicked	control.takeover ; motor.access(MInArmX)				6115			0	0
HW.teach.html	btnGoSht2Laser	clicked	control.acquire ; motor.access(MInArmX) ; control.takeover ; motor.access(MInArmX)				6133			0	0
HW.teach.html	GoBtnPreciserOpen	clicked	control.takeover ; motor.access(MInArmX)				6133			0	0
HW.teach.html	GoBtnPreciserClose	clicked	control.takeover ; motor.access(MInArmX) ; control.acquire ; motor.access ; control.acquire ; motor.access(MInArmX)				6133			0	0
HW.teach.html	SetBtnPreciserOpen	clicked	control.takeover ; motor.access(MInArmX)				28			0	0
HW.teach.html	SetBtnPreciserClose	clicked	control.takeover ; motor.access(MInArmX)				49			0	0
HW.teach.html	SetButton020	clicked	control.takeover ; motor.access(MInArmX) ; control.acquire ; motor.access(MInArmX)				29			0	0
HW.teach.html	SetButton024	clicked	control.takeover ; motor.access(MInArmX)				56			0	0
HW.teach.html	SetButton026	clicked	control.takeover ; motor.access(MInArmX)				35			0	0
HW.teach.html	SetButton042	clicked	control.takeover ; motor.access(MInArmX)				37			0	0
HW.teach.html	SetButton040	clicked	control.takeover ; motor.access(MInArmX)				56			0	0
HW.teach.html	GoButton026	clicked	control.takeover ; motor.access(MInArmX)				6140			0	0
HW.teach.html	GoButton024	clicked	control.acquire ; motor.access ; control.takeover ; motor.access(MInArmX)				6119			0	0
HW.teach.html	GoButton020	clicked	control.takeover ; motor.access(MInArmX)				6140			0	0
HW.teach.html	GoButton040	clicked	control.takeover ; motor.access(MInArmX)				6135			0	0
HW.teach.html	GoButton042	clicked	control.takeover ; motor.access(MInArmX)				6119			0	0
HW.teach.html	SetButtonPreciser	clicked	control.takeover ; motor.access(MInArmX) ; control.acquire ; motor.access				56			0	0
HW.teach.html	GoButtonPreciser	clicked	control.takeover ; motor.access(MInArmX)				6135			0	0
HW.teach.html	GoButton014	clicked	control.takeover ; motor.access(MInArmX)				6121			0	0
HW.teach.html	SetButton014	clicked	control.takeover ; motor.access(MInArmX)				30			0	0
HW.teach.html	SetButtonRotate	clicked	control.takeover ; motor.access(MInArmX)				56			0	0
HW.teach.html	GoButtonRotate	clicked	control.takeover ; motor.access(MInArmX)				6121			0	0
HW.teach.html	btnBottom2DSet	clicked	control.takeover ; motor.access(MInArmX)				35			0	0
HW.teach.html	btnBottom2DGo	clicked	control.takeover ; motor.access(MInArmX)				6142			0	0
HW.teach.html	SetDecayInButton	clicked	control.takeover ; motor.access(MInArmX)				35			0	0
HW.teach.html	GoDecayInButton	clicked	control.acquire ; motor.access ; control.takeover ; motor.access(MInArmX)				6121			0	0
HW.teach.html	SetButtonNGBinBox	clicked	control.takeover ; motor.access(MInArmX)				51			0	0
HW.teach.html	GoButtonNGBinBox	clicked	control.takeover ; motor.access(MInArmX)				6135			0	0
HW.teach.html	SetBtnHP2Laser	clicked	control.takeover ; motor.access(MInArmX)				35			0	0
HW.teach.html	GoBtnHP2Laser	clicked	control.takeover ; motor.access(MInArmX) ; control.acquire ; motor.access				6163			0	0
HW.teach.html	SetBtnHP1Laser	clicked	control.takeover ; motor.access(MInArmX)				51			0	0
HW.teach.html	GoBtnHP1Laser	clicked	control.takeover ; motor.access(MInArmX)				6114			0	0
HW.teach.html	SetButtonPick1	clicked	control.takeover ; motor.access(MInArmX)				33			0	0
HW.teach.html	GoButtonPick1	clicked	control.takeover ; motor.access(MInArmX) ; control.acquire ; motor.access				6159			0	0
HW.teach.html	SetButtonPick2	clicked	control.takeover ; motor.access(MInArmX)				31			0	0
HW.teach.html	GoButtonPick2	clicked	control.takeover ; motor.access(MInArmX)				6117			0	0
HW.teach.html	SetBtnAutoCleanPick2	clicked	control.takeover ; motor.access(MInArmX)				52			0	0
HW.teach.html	GoBtnAutoCleanPick2	clicked	control.takeover ; motor.access(MInArmX)				6117			0	0
HW.teach.html	SetButtonPick3	clicked	control.takeover ; motor.access(MInArmX) ; control.acquire ; motor.access(MInArmX)				53			0	0
HW.teach.html	GoButtonPick3	clicked	control.acquire ; motor.access ; control.takeover ; motor.access(MInArmX)				6136			0	0
HW.teach.html	SetBtnPlacePreciser	clicked	control.takeover ; motor.access(MInArmX)				33			0	0
HW.teach.html	GoBtnPlacePreciser	clicked	control.acquire ; motor.access(MInArmX) ; control.takeover ; motor.access(MInArmX)				6133			0	0
HW.teach.html	SetButtonPlaceNGBinBox	clicked	control.takeover ; motor.access(MInArmX)				31			0	0
HW.teach.html	GoButtonPlaceNGBinBox	clicked	control.takeover ; motor.access(MInArmX) ; control.acquire ; motor.access ; control.acquire ; motor.access(MInArmX)				6133			0	0
HW.teach.html	SetButtonPlace4	clicked	control.takeover ; motor.access(MInArmX)				49			0	0
HW.teach.html	GoButtonPlace4	clicked	control.takeover ; motor.access(MInArmX)				6112			0	0
HW.teach.html	SetButtonPlace3	clicked	control.takeover ; motor.access(MInArmX) ; control.acquire ; motor.access(MInArmX)				28			0	0
HW.teach.html	GoButtonPlace3	clicked	control.takeover ; motor.access(MInArmX)				6133			0	0
HW.teach.html	GoButton030	clicked	control.takeover ; motor.access(MInArmX)				6136			0	0
HW.teach.html	SetLoaderCassetteZStart	clicked	control.acquire ; motor.access(MInArmX) ; control.takeover ; motor.access(MInArmX)				32			0	0
HW.teach.html	GoLoaderCassetteZStart	clicked	control.takeover ; motor.access(MInArmX)				6133			0	0
HW.teach.html	SetLoaderCassetteRear	clicked	control.takeover ; motor.access(MInArmX)				52			0	0
HW.teach.html	GoLoaderCassetteRear	clicked	control.acquire ; motor.access ; control.takeover ; motor.access(MInArmX)				6112			0	0
HW.teach.html	SetLoaderCassetteFrontBack	clicked	control.takeover ; motor.access(MInArmX)				49			0	0
HW.teach.html	GoLoaderCassetteFrontBack	clicked	control.takeover ; motor.access(MInArmX)				6133			0	0
HW.teach.html	SetLoaderCassetteFront	clicked	control.takeover ; motor.access(MInArmX)				28			0	0
HW.teach.html	GoLoaderCassetteFront	clicked	control.takeover ; motor.access(MInArmX) ; control.acquire ; motor.access				6133			0	0
HW.teach.html	SetLoaderCassetteRearBack	clicked	control.takeover ; motor.access(MInArmX)				52			0	0
HW.teach.html	GoLoaderCassetteRearBack	clicked	control.takeover ; motor.access(MInArmX)				6112			0	0
HW.teach.html	SetButton120	clicked	control.takeover ; motor.access(MInArmX)				53			0	0
HW.teach.html	SetButton122	clicked	control.takeover ; motor.access(MInArmX) ; control.acquire ; motor.access				58			0	0
HW.teach.html	SetButton124	clicked	control.takeover ; motor.access(MInArmX)				35			0	0
HW.teach.html	SetButton082	clicked	control.takeover ; motor.access(MInArmX)				56			0	0
HW.teach.html	SetButton080	clicked	control.takeover ; motor.access(MInArmX)				58			0	0
HW.teach.html	SetButton100	clicked	control.takeover ; motor.access(MInArmX)				35			0	0
HW.teach.html	SetButton102	clicked	control.acquire ; motor.access ; control.takeover ; motor.access(MInArmX)				37			0	0
HW.teach.html	SetButton104	clicked	control.takeover ; motor.access(MInArmX)				56			0	0
HW.teach.html	GoButton080	clicked	control.takeover ; motor.access(MInArmX)				6119			0	0
HW.teach.html	GoButton082	clicked	control.takeover ; motor.access(MInArmX)				6119			0	0
HW.teach.html	GoButton120	clicked	control.takeover ; motor.access(MInArmX) ; control.acquire ; motor.access				6163			0	0
HW.teach.html	GoButton122	clicked	control.takeover ; motor.access(MInArmX)				6121			0	0
HW.teach.html	GoButton124	clicked	control.takeover ; motor.access(MInArmX)				6119			0	0
HW.teach.html	GoButton104	clicked	control.takeover ; motor.access(MInArmX)				6140			0	0
HW.teach.html	GoButton102	clicked	control.takeover ; motor.access(MInArmX) ; control.acquire ; motor.access				6140			0	0
HW.teach.html	GoButton100	clicked	control.takeover ; motor.access(MInArmX)				6121			0	0
HW.teach.html	btnSetBtnFix4	clicked	control.takeover ; motor.access(MInArmX)				56			0	0
HW.teach.html	btnSetBtnFix5	clicked	control.takeover ; motor.access(MInArmX)				30			0	0
HW.teach.html	btnSetBtnFix6	clicked	control.takeover ; motor.access(MInArmX)				30			0	0
HW.teach.html	btnSetBtnAuto4	clicked	control.takeover ; motor.access(MInArmX) ; control.acquire ; motor.access ; control.acquire ; motor.access(MInArmX)				55			0	0
HW.teach.html	btnSetBtnAuto5	clicked	control.takeover ; motor.access(MInArmX)				51			0	0
HW.teach.html	btnGoBtnFix4	clicked	control.takeover ; motor.access(MInArmX)				6119			0	0
HW.teach.html	btnGoBtnFix5	clicked	control.acquire ; motor.access(MInArmX) ; control.takeover ; motor.access(MInArmX)				6135			0	0
HW.teach.html	btnGoBtnFix6	clicked	control.takeover ; motor.access(MInArmX) ; control.acquire ; motor.access				6135			0	0
HW.teach.html	btnGoBtnAuto5	clicked	control.takeover ; motor.access(MInArmX) ; control.acquire ; motor.access(MInArmX)				6140			0	0
HW.teach.html	btnGoBtnAuto4	clicked	control.takeover ; motor.access(MInArmX)				6114			0	0
HW.teach.html	btnSetBtnAuto6	clicked	control.takeover ; motor.access(MInArmX)				51			0	0
HW.teach.html	btnGoBtnAuto6	clicked	control.takeover ; motor.access(MInArmX) ; control.acquire ; motor.access				6135			0	0
HW.teach.html	SetDecayOutButton	clicked	control.takeover ; motor.access(MInArmX)				56			0	0
HW.teach.html	GoDecayOutButton	clicked	control.takeover ; motor.access(MInArmX) ; control.acquire ; motor.access(MInArmX)				6135			0	0
HW.teach.html	SetButtonRotateOut	clicked	control.takeover ; motor.access(MInArmX)				35			0	0
HW.teach.html	GoButtonRotateOut	clicked	control.takeover ; motor.access(MInArmX) ; control.acquire ; motor.access				6163			0	0
HW.teach.html	btnSetBtnBinBox	clicked	control.takeover ; motor.access(MInArmX)				35			0	0
HW.teach.html	btnGoBtnBinBox	clicked	control.takeover ; motor.access(MInArmX)				6142			0	0
HW.teach.html	SetButtonPlace1	clicked	control.takeover ; motor.access(MInArmX)				33			0	0
HW.teach.html	GoButtonPlace1	clicked	control.takeover ; motor.access(MInArmX)				6138			0	0
HW.teach.html	SetButtonPlace2	clicked	control.takeover ; motor.access(MInArmX)				31			0	0
HW.teach.html	GoButtonPlace2	clicked	control.takeover ; motor.access(MInArmX)				6138			0	0
HW.teach.html	SetButtonPlace5	clicked	control.takeover ; motor.access(MInArmX)				52			0	0
HW.teach.html	GoButtonPlace5	clicked	control.takeover ; motor.access(MInArmX)				6117			0	0
HW.teach.html	SetButtonPlace6	clicked	control.acquire ; motor.access ; control.takeover ; motor.access(MInArmX)				52			0	0
HW.teach.html	GoButtonPlace6	clicked	control.takeover ; motor.access(MInArmX)				6117			0	0
HW.teach.html	btnSetBinBoxZ	clicked	control.takeover ; motor.access(MInArmX)				52			0	0
HW.teach.html	btnGoBinBoxZ	clicked	control.takeover ; motor.access(MInArmX)				6138			0	0
HW.teach.html	setBtnFix3L	clicked	control.acquire ; motor.access ; control.takeover ; motor.access(MInArmX)				54			0	0
HW.teach.html	GoBtnFix3L	clicked	control.takeover ; motor.access(MInArmX)				6133			0	0
HW.teach.html	setBtnFix3R	clicked	control.takeover ; motor.access(MInArmX)				28			0	0
HW.teach.html	GoBtnFix3R	clicked	control.takeover ; motor.access(MInArmX)				6112			0	0
HW.teach.html	SetButtonPick4	clicked	control.takeover ; motor.access(MInArmX) ; control.acquire ; motor.access				70			0	0
HW.teach.html	GoButtonPick4	clicked	control.takeover ; motor.access(MInArmX)				6112			0	0
HW.teach.html	SetButtonPick5	clicked	control.takeover ; motor.access(MInArmX)				49			0	0
HW.teach.html	GoButtonPick5	clicked	control.takeover ; motor.access(MInArmX)				6112			0	0
HW.teach.html	btnOutZAllDown	clicked	control.takeover ; motor.access(MInArmX) ; control.acquire ; motor.access				6154			0	0
HW.teach.html	SetOutSmartSetupButton	greyed							Output Arm Smart Setup：這顆沒有登錄教導點（teach-access.json），還沒接		
HW.teach.html	GoOutSmartSetupButton	greyed							Output Arm Smart Setup：這顆沒有登錄教導點（teach-access.json），還沒接		
HW.teach.html	SetOutSmartSetup_ZButton	greyed							Output Arm Smart Setup：這顆沒有登錄教導點（teach-access.json），還沒接		
HW.teach.html	GoOutSmartSetup_ZButton	greyed							Output Arm Smart Setup：這顆沒有登錄教導點（teach-access.json），還沒接		
HW.teach.html	SetAuto1CassetteFront	clicked	control.takeover ; motor.access(MInArmX)				27			0	0
HW.teach.html	GoAuto1CassetteFront	clicked	control.takeover ; motor.access(MInArmX)				6133			0	0
HW.teach.html	SetAuto1CassetteFrontBack	clicked	control.takeover ; motor.access(MInArmX) ; control.acquire ; motor.access(MInArmX)				53			0	0
HW.teach.html	GoAuto1CassetteFrontBack	clicked	control.takeover ; motor.access(MInArmX)				6112			0	0
HW.teach.html	SetAuto1CassetteRear	clicked	control.takeover ; motor.access(MInArmX)				52			0	0
HW.teach.html	GoAuto1CassetteRear	clicked	control.acquire ; motor.access(MInArmX) ; control.takeover ; motor.access(MInArmX) ; control.acquire ; motor.access				6154			0	0
HW.teach.html	SetAuto1CassetteRearBack	clicked	control.takeover ; motor.access(MInArmX)				52			0	0
HW.teach.html	GoAuto1CassetteRearBack	clicked	control.takeover ; motor.access(MInArmX) ; control.acquire ; motor.access(MInArmX)				6112			0	0
HW.teach.html	SetAuto1CassetteZStart	clicked	control.takeover ; motor.access(MInArmX)				31			0	0
HW.teach.html	GoAuto1CassetteZStart	clicked	control.takeover ; motor.access(MInArmX)				6133			0	0
HW.teach.html	GoAuto2CassetteFront	clicked	control.takeover ; motor.access(MInArmX)				6137			0	0
HW.teach.html	GoAuto2CassetteFrontBack	clicked	control.takeover ; motor.access(MInArmX)				6116			0	0
HW.teach.html	GoAuto2CassetteRear	clicked	control.acquire ; motor.access(MInArmX) ; control.takeover ; motor.access(MInArmX)				6138			0	0
HW.teach.html	GoAuto2CassetteRearBack	clicked	control.takeover ; motor.access(MInArmX) ; control.acquire ; motor.access				6138			0	0
HW.teach.html	GoAuto2CassetteZStart	clicked	control.takeover ; motor.access(MInArmX)				6138			0	0
HW.teach.html	SetAuto2CassetteFront	clicked	control.takeover ; motor.access(MInArmX)				53			0	0
HW.teach.html	SetAuto2CassetteFrontBack	clicked	control.takeover ; motor.access(MInArmX)				32			0	0
HW.teach.html	SetAuto2CassetteRear	clicked	control.takeover ; motor.access(MInArmX)				54			0	0
HW.teach.html	SetAuto2CassetteRearBack	clicked	control.takeover ; motor.access(MInArmX)				33			0	0
HW.teach.html	SetAuto2CassetteZStart	clicked	control.takeover ; motor.access(MInArmX)				54			0	0
HW.teach.html	btnSetSortArmToSHT	clicked	control.takeover ; motor.access(MInArmX)				34			0	0
HW.teach.html	btnGoSortArmToSHT	clicked	control.takeover ; motor.access(MInArmX)				6135			0	0
HW.teach.html	btnSetSortArmToAuto4	clicked	control.takeover ; motor.access(MInArmX)				35			0	0
HW.teach.html	btnGoSortArmToAuto4	clicked	control.takeover ; motor.access(MInArmX)				6135			0	0
HW.teach.html	btnSetSortArmToAuto5	clicked	control.takeover ; motor.access(MInArmX)				35			0	0
HW.teach.html	btnGoSortArmToAuto5	clicked	control.takeover ; motor.access(MInArmX)				6135			0	0
HW.teach.html	btnSetSortArmToAuto6	clicked	control.takeover ; motor.access(MInArmX)				35			0	0
HW.teach.html	btnGoSortArmToAuto6	clicked	control.takeover ; motor.access(MInArmX)				6135			0	0
HW.teach.html	btnSortXPitch	greyed							MotorSortArmPitchX：這台的馬達表（Mot_Table）沒有 MOutSortPitchX 這一軸，無法選取		
HW.teach.html	btnGoSortArmXMin	clicked	control.takeover ; motor.access(MInArmX)				6137			0	0
HW.teach.html	btnSetSortArmXMin	clicked	control.takeover ; motor.access(MInArmX)				49			0	0
HW.teach.html	btnSetSortShtPick	clicked	control.acquire ; motor.access ; control.takeover ; motor.access(MInArmX)				49			0	0
HW.teach.html	btnGoSortShtPick	clicked	control.takeover ; motor.access(MInArmX)				6112			0	0
HW.teach.html	btnSetAutoPlace	clicked	control.takeover ; motor.access(MInArmX)				49			0	0
HW.teach.html	btnGoAutoPlace	clicked	control.takeover ; motor.access(MInArmX)				6112			0	0
HW.teach.html	btnSetAllSortArmZ	greyed							這台沒有 Out Sort Arm（Gerneral.ini [OutSortArm] USE_OUT_SORT_ARM=0）；golden btnSetAll		
HW.teach.html	btnGoSortZSafeHeight	clicked	control.acquire ; motor.access ; control.takeover ; motor.access(MInArmX)				6133			0	0
HW.teach.html	btnGoSortArmXMax	clicked	control.takeover ; motor.access(MInArmX)				6112			0	0
HW.teach.html	btnSetSortArmXMax	clicked	control.takeover ; motor.access(MInArmX)				49			0	0
HW.teach.html	btnSetSortArmZ	greyed							這台沒有 Out Sort Arm（USE_OUT_SORT_ARM=0）；golden 這顆沒有 OnClick		
HW.teach.html	btnGoSortArmZ	greyed							這台沒有 Out Sort Arm（USE_OUT_SORT_ARM=0）；golden 這顆沒有 OnClick		
HW.teach.html	btnSetSortShtL	clicked	control.takeover ; motor.access(MInArmX)				32			0	0
HW.teach.html	btnGoSortShtL	clicked	control.takeover ; motor.access(MInArmX) ; control.acquire ; motor.access(MInArmX)				6116			0	0
HW.teach.html	btnSetSortShtR	clicked	control.takeover ; motor.access(MInArmX)				52			0	0
HW.teach.html	btnGoSortShtR	clicked	control.takeover ; motor.access(MInArmX)				6117			0	0
HW.teach.html	btnSetOutArmToSHT	clicked	control.acquire ; motor.access(MInArmX) ; control.takeover ; motor.access(MInArmX)				55			0	0
HW.teach.html	btnGoOutArmToSHT	clicked	control.takeover ; motor.access(MInArmX)				6121			0	0
HW.teach.html	btnSetOutArmToSortShtPlace	clicked	control.takeover ; motor.access(MInArmX) ; control.acquire ; motor.access(MInArmX)				56			0	0
HW.teach.html	btnGoOutArmToSortShtPlace	clicked	control.takeover ; motor.access(MInArmX)				6133			0	0
HW.teach.html	SetButton140	clicked	control.takeover ; motor.access(MInArmX)				52			0	0
HW.teach.html	SetButton141	clicked	control.takeover ; motor.access(MInArmX)				33			0	0
HW.teach.html	SetButton142	clicked	control.takeover ; motor.access(MInArmX)				54			0	0
HW.teach.html	SetButton143	clicked	control.takeover ; motor.access(MInArmX) ; control.acquire ; motor.access(MInArmX)				54			0	0
HW.teach.html	SetButton144	clicked	control.takeover ; motor.access(MInArmX)				28			0	0
HW.teach.html	SetButton145	clicked	control.acquire ; motor.access ; control.takeover ; motor.access(MInArmX)				49			0	0
HW.teach.html	GoButton140	clicked	control.takeover ; motor.access(MInArmX)				6115			0	0
HW.teach.html	GoButton141	clicked	control.takeover ; motor.access(MInArmX)				6138			0	0
HW.teach.html	GoButton142	clicked	control.takeover ; motor.access(MInArmX)				6117			0	0
HW.teach.html	GoButton143	clicked	control.acquire ; motor.access ; control.takeover ; motor.access(MInArmX)				6138			0	0
HW.teach.html	GoButton144	clicked	control.takeover ; motor.access(MInArmX)				6112			0	0
HW.teach.html	GoButton145	clicked	control.takeover ; motor.access(MInArmX)				6133			0	0
HW.teach.html	SetButton146	clicked	control.takeover ; motor.access(MInArmX)				31			0	0
HW.teach.html	GoButton146	clicked	control.acquire ; motor.access ; control.takeover ; motor.access(MInArmX)				6133			0	0
HW.teach.html	SetButton147	clicked	control.takeover ; motor.access(MInArmX)				31			0	0
HW.teach.html	GoButton147	clicked	control.takeover ; motor.access(MInArmX)				6112			0	0
HW.teach.html	btnAuto5	clicked	control.takeover ; motor.access(MInArmX)				52			0	0
HW.teach.html	GoBtnAuto5	clicked	control.acquire ; motor.access ; control.takeover ; motor.access(MInArmX)				6133			0	0
HW.teach.html	btnAuto6	clicked	control.takeover ; motor.access(MInArmX)				49			0	0
HW.teach.html	GoBtnAuto6	clicked	control.takeover ; motor.access(MInArmX)				6112			0	0
HW.teach.html	btnAuto4	clicked	control.takeover ; motor.access(MInArmX)				49			0	0
HW.teach.html	GoBtnAuto4	clicked	control.takeover ; motor.access(MInArmX) ; control.acquire ; motor.access				6133			0	0
HW.teach.html	SetButton160	clicked	control.takeover ; motor.access(MInArmX)				32			0	0
HW.teach.html	GoButton160	clicked	control.takeover ; motor.access(MInArmX)				6138			0	0
HW.teach.html	SetButton161	clicked	control.takeover ; motor.access(MInArmX)				33			0	0
HW.teach.html	GoButton161	clicked	control.takeover ; motor.access(MInArmX) ; control.acquire ; motor.access				6159			0	0
HW.teach.html	sbLoaderYCarPos	clicked	control.takeover ; motor.access(MInArmX)				33			0	0
HW.teach.html	GoBtnYCarPos	clicked	control.takeover ; motor.access(MInArmX)				6117			0	0
HW.teach.html	sbLoaderYOCRPos	clicked	control.takeover ; motor.access(MInArmX)				54			0	0
HW.teach.html	GoBtnYOCRPos	clicked	control.takeover ; motor.access(MInArmX) ; control.acquire ; motor.access				6138			0	0
HW.teach.html	sbLoaderYSurePos	clicked	control.takeover ; motor.access(MInArmX)				52			0	0
HW.teach.html	GoBtnYSurePos	clicked	control.takeover ; motor.access(MInArmX)				6138			0	0
HW.teach.html	btnAutoTeachZ	greyed							Auto Teach Z：自動教導 Z 會讓機台自己動，依裁決這版不接（FileRW/Zteach.cpp:19-20）		
HW.teach.html	MotorTrayX	clicked	control.acquire ; motor.access(MTrayX)				48			0	0
HW.teach.html	btnLoaderY	clicked					26			0	0
HW.teach.html	MotorLoaderYCCW	greyed							MotorLoaderYCCW：這台的馬達表（Mot_Table）沒有 MLoaderY_CCW 這一軸，無法選取		
HW.teach.html	MotorAuto1YCCW	greyed							MotorAuto1YCCW：這台的馬達表（Mot_Table）沒有 MAuto1Y_CCW 這一軸，無法選取		
HW.teach.html	MotorAuto2YCCW	greyed							MotorAuto2YCCW：這台的馬達表（Mot_Table）沒有 MAuto2Y_CCW 這一軸，無法選取		
HW.teach.html	MotorAuto1YCW	clicked					27			0	0
HW.teach.html	MotorAuto2YCW	clicked	control.acquire ; motor.access(MAuto1Y)				48			0	0
HW.teach.html	btnLoaderRotZ	greyed							MotorLdCarRotArm：這台的馬達表（Mot_Table）沒有 MLdCarRotArm 這一軸，無法選取		
HW.teach.html	MotorInSh2	clicked					26			0	0
HW.teach.html	MotorInSh1	clicked	control.acquire ; motor.access(MInShuttle1)				47			0	0
HW.teach.html	MotorOutSh2	clicked					48			0	0
HW.teach.html	MotorOutSh1	clicked					27			0	0
HW.teach.html	MotorIndexArm1Y	clicked	control.acquire ; motor.access ; control.acquire ; motor.access(MTestY1)				47			0	0
HW.teach.html	MotorIndexArm1Z	clicked					26			0	0
HW.teach.html	MotorIndexArm2Y	clicked	control.acquire ; motor.access(MTestY2)				26			0	0
HW.teach.html	MotorIndexArm2Z	clicked					47			0	0
HW.teach.html	MotorFix3	greyed							MotorFix3：這台的馬達表（Mot_Table）沒有 MFix3Full 這一軸，無法選取		
HW.teach.html	MotorOutArmX	clicked	control.acquire ; motor.access				47			0	0
HW.teach.html	MotorOutArmY	clicked					26			0	0
HW.teach.html	MotorOutArmPitchX	clicked					47			0	0
HW.teach.html	MotorOutArmZE	clicked					27			0	0
HW.teach.html	MotorOutArmZA	clicked	control.acquire ; motor.access				47			0	0
HW.teach.html	MotorOutArmZB	clicked					48			0	0
HW.teach.html	MotorOutArmZC	clicked					27			0	0
HW.teach.html	MotorOutArmZD	clicked					48			0	0
HW.teach.html	MotorOutArmZF	clicked	control.acquire ; motor.access				69			0	0
HW.teach.html	MotorOutArmZG	clicked					27			0	0
HW.teach.html	MotorOutArmZH	clicked					48			0	0
HW.teach.html	MotorOutArmPitchX2	clicked					27			0	0
HW.teach.html	MotorOutArmPitchX3	clicked					27			0	0
HW.teach.html	MotorOutArmPitchX4	clicked	control.acquire ; motor.access				48			0	0
HW.teach.html	btnOutZAllUp	clicked	control.takeover ; motor.access(MOutArmPitchX4)				6111			0	0
HW.teach.html	MotorOutArmZAe	greyed							MotorOutArmZAe：這台的馬達表（Mot_Table）沒有 MOutArmZAe 這一軸，無法選取		
HW.teach.html	MotorOutArmZBe	greyed							MotorOutArmZBe：這台的馬達表（Mot_Table）沒有 MOutArmZBe 這一軸，無法選取		
HW.teach.html	MotorOutArmZAf	greyed							MotorOutArmZAf：這台的馬達表（Mot_Table）沒有 MOutArmZAf 這一軸，無法選取		
HW.teach.html	MotorOutArmZBf	greyed							MotorOutArmZBf：這台的馬達表（Mot_Table）沒有 MOutArmZBf 這一軸，無法選取		
HW.teach.html	MotorOutArmZBg	greyed							MotorOutArmZBg：這台的馬達表（Mot_Table）沒有 MOutArmZBg 這一軸，無法選取		
HW.teach.html	MotorOutArmZAh	greyed							MotorOutArmZAh：這台的馬達表（Mot_Table）沒有 MOutArmZAh 這一軸，無法選取		
HW.teach.html	MotorOutArmZBh	greyed							MotorOutArmZBh：這台的馬達表（Mot_Table）沒有 MOutArmZBh 這一軸，無法選取		
HW.teach.html	MotorOutArmZAg	greyed							MotorOutArmZAg：這台的馬達表（Mot_Table）沒有 MOutArmZAg 這一軸，無法選取		
HW.teach.html	MotorInArmX	clicked	control.acquire ; motor.access(MInArmX)				27			0	0
HW.teach.html	MotorInArmY	clicked					26			0	0
HW.teach.html	MotorInArmPitchX	clicked					47			0	0
HW.teach.html	MotorInArmZA	clicked	control.acquire ; motor.access(MInArmPitch)				26			0	0
HW.teach.html	MotorInArmZC	clicked	control.acquire ; motor.access				48			0	0
HW.teach.html	MotorInArmZE	clicked	control.acquire ; motor.access(MInArmZE)				27			0	0
HW.teach.html	MotorInArmZB	clicked					27			0	0
HW.teach.html	MotorInArmZF	clicked					48			0	0
HW.teach.html	MotorInArmPitchX2	clicked	control.acquire ; motor.access(MInArmPitchX2) ; control.acquire ; motor.access				48			0	0
HW.teach.html	MotorInArmZD	clicked					27			0	0
HW.teach.html	MotorInArmPitchX3	clicked	control.acquire ; motor.access(MInArmPitchX3)				48			0	0
HW.teach.html	MotorInArmPitchX4	clicked					27			0	0
HW.teach.html	MotorInArmZG	clicked	control.acquire ; motor.access				69			0	0
HW.teach.html	MotorInArmZH	clicked					48			0	0
HW.teach.html	btnInZAllUp	clicked	control.takeover ; motor.access(MInArmZH)				6112			0	0
HW.teach.html	MotorInArmZAe	clicked					50			0	0
HW.teach.html	MotorInArmZAf	clicked	control.acquire ; motor.access				48			0	0
HW.teach.html	MotorInArmZAh	clicked					27			0	0
HW.teach.html	MotorInArmZBe	greyed							MotorInArmZBe：這台的馬達表（Mot_Table）沒有 MInArmZBe 這一軸，無法選取		
HW.teach.html	MotorInArmZBg	greyed							MotorInArmZBg：這台的馬達表（Mot_Table）沒有 MInArmZBg 這一軸，無法選取		
HW.teach.html	MotorInArmZBh	greyed							MotorInArmZBh：這台的馬達表（Mot_Table）沒有 MInArmZBh 這一軸，無法選取		
HW.teach.html	MotorInArmZBf	greyed							MotorInArmZBf：這台的馬達表（Mot_Table）沒有 MInArmZBf 這一軸，無法選取		
HW.teach.html	MotorInArmZAg	clicked					48			0	0
HW.teach.html	MotorTopAOIArmX	greyed							MotorTopAOIArmX：這台的馬達表（Mot_Table）沒有 MTopAOIArmX 這一軸，無法選取		
HW.teach.html	MotorTopAOIArmY	greyed							MotorTopAOIArmY：這台的馬達表（Mot_Table）沒有 MTopAOIArmY 這一軸，無法選取		
HW.teach.html	MotorTopAOIArmR	greyed							MotorTopAOIArmR：這台的馬達表（Mot_Table）沒有 MTopAOIArmR 這一軸，無法選取		
HW.teach.html	MotorTopAOICCDZ	greyed							MotorTopAOICCDZ：這台的馬達表（Mot_Table）沒有 MTopAOICCDZ 這一軸，無法選取		
HW.teach.html	SetBtnScannerAOI	clicked	control.takeover ; motor.access(MInArmZAg)				52			0	0
HW.teach.html	GoBtnScannerAOI	clicked	control.takeover ; motor.access(MInArmZAg) ; control.acquire ; motor.access				6142			0	0
HW.teach.html	SetBtnTopView	clicked	control.takeover ; motor.access(MInArmZAg)				56			0	0
HW.teach.html	GoBtnTopView	clicked	control.takeover ; motor.access(MInArmZAg)				6142			0	0
HW.teach.html	SetBtnPADView	clicked	control.takeover ; motor.access(MInArmZAg)				37			0	0
HW.teach.html	GoBtnPADView	clicked	control.takeover ; motor.access(MInArmZAg)				6142			0	0
HW.teach.html	SetBtnBGAView	clicked	control.takeover ; motor.access(MInArmZAg)				37			0	0
HW.teach.html	GoBtnBGAView	clicked	control.takeover ; motor.access(MInArmZAg)				6142			0	0
HW.teach.html	SetBtnSafePos	clicked	control.takeover ; motor.access(MInArmZAg)				35			0	0
HW.teach.html	GoBtnSafePos	clicked	control.takeover ; motor.access(MInArmZAg)				6142			0	0
HW.teach.html	SetBtnTopViewKit_Z	clicked	control.acquire ; motor.access ; control.takeover ; motor.access(MInArmZAg)				50			0	0
HW.teach.html	GoBtnTopViewKit_Z	clicked	control.takeover ; motor.access(MInArmZAg)				6112			0	0
HW.teach.html	SetBtnTopView_Place	clicked	control.takeover ; motor.access(MInArmZAg)				52			0	0
HW.teach.html	GoBtnTopView_Place	clicked	control.takeover ; motor.access(MInArmX)				6134			0	0
HW.teach.html	SetBtnPADView_Z	clicked	control.takeover ; motor.access(MInArmX)				31			0	0
HW.teach.html	GoBtnPADView_Z	clicked	control.takeover ; motor.access(MInArmX) ; control.acquire ; motor.access(MInArmX)				6134			0	0
HW.teach.html	SetBtnBGAView_Z	clicked	control.takeover ; motor.access(MInArmX)				31			0	0
HW.teach.html	GoBtnBGAView_Z	clicked	control.takeover ; motor.access(MInArmX) ; control.acquire ; motor.access(MInArmX)				6112			0	0
HW.teach.html	GoButtonInRA	clicked	control.takeover ; motor.access(MInArmX)				6115			0	0
HW.teach.html	SetButtonInRA	clicked	control.takeover ; motor.access(MInArmX)				54			0	0
HW.teach.html	btnPos90InRA	clicked	control.acquire ; motor.access(MInArmX) ; control.takeover ; motor.access(MInArmX)				6133			0	0
HW.teach.html	btnNeg90InRA	clicked	control.takeover ; motor.access(MInArmX)				6132			0	0
HW.teach.html	GoButtonInRC	clicked	control.takeover ; motor.access(MInArmX) ; control.acquire ; motor.access(MInArmX)				6114			0	0
HW.teach.html	SetButtonInRC	clicked	control.takeover ; motor.access(MInArmX)				54			0	0
HW.teach.html	btnPos90InRC	clicked	control.takeover ; motor.access(MInArmX)				6112			0	0
HW.teach.html	btnNeg90InRC	clicked	control.takeover ; motor.access(MInArmX)				6111			0	0
HW.teach.html	GoButtonInRE	clicked	control.takeover ; motor.access(MInArmX)				6136			0	0
HW.teach.html	SetButtonInRE	clicked	control.takeover ; motor.access(MInArmX)				32			0	0
HW.teach.html	btnPos90InRE	clicked	control.takeover ; motor.access(MInArmX)				6133			0	0
HW.teach.html	btnNeg90InRE	clicked	control.acquire ; motor.access ; control.takeover ; motor.access(MInArmX)				6111			0	0
HW.teach.html	GoButtonInRG	clicked	control.takeover ; motor.access(MInArmX)				6132			0	0
HW.teach.html	SetButtonInRG	clicked	control.takeover ; motor.access(MInArmX)				53			0	0
HW.teach.html	btnPos90InRG	clicked	control.takeover ; motor.access(MInArmX)				6112			0	0
HW.teach.html	btnNeg90InRG	clicked	control.takeover ; motor.access(MInArmX) ; control.acquire ; motor.access				6153			0	0
HW.teach.html	GoButtonInRB	clicked	control.takeover ; motor.access(MInArmX)				6115			0	0
HW.teach.html	SetButtonInRB	clicked	control.takeover ; motor.access(MInArmX)				28			0	0
HW.teach.html	btnPos90InRB	clicked	control.takeover ; motor.access(MInArmX)				6133			0	0
HW.teach.html	btnNeg90InRB	clicked	control.takeover ; motor.access(MInArmX) ; control.acquire ; motor.access				6132			0	0
HW.teach.html	GoButtonInRD	clicked	control.takeover ; motor.access(MInArmX)				6135			0	0
HW.teach.html	SetButtonInRD	clicked	control.takeover ; motor.access(MInArmX)				28			0	0
HW.teach.html	btnPos90InRD	clicked	control.takeover ; motor.access(MInArmX)				6133			0	0
HW.teach.html	btnNeg90InRD	clicked	control.takeover ; motor.access(MInArmX) ; control.acquire ; motor.access				6153			0	0
HW.teach.html	GoButtonInRF	clicked	control.takeover ; motor.access(MInArmX)				6115			0	0
HW.teach.html	SetButtonInRF	clicked	control.takeover ; motor.access(MInArmX)				49			0	0
HW.teach.html	btnPos90InRF	clicked	control.takeover ; motor.access(MInArmX)				6112			0	0
HW.teach.html	btnNeg90InRF	clicked	control.takeover ; motor.access(MInArmX) ; control.acquire ; motor.access				6153			0	0
HW.teach.html	GoButtonInRH	clicked	control.takeover ; motor.access(MInArmX)				6111			0	0
HW.teach.html	SetButtonInRH	clicked	control.takeover ; motor.access(MInArmX)				28			0	0
HW.teach.html	btnPos90InRH	clicked	control.takeover ; motor.access(MInArmX)				6133			0	0
HW.teach.html	btnNeg90InRH	clicked	control.takeover ; motor.access(MInArmX) ; control.acquire ; motor.access				6132			0	0
HW.teach.html	GoButtonOutRA	clicked	control.takeover ; motor.access(MInArmX)				6136			0	0
HW.teach.html	SetButtonOutRA	clicked	control.takeover ; motor.access(MInArmX)				28			0	0
HW.teach.html	btnPos90OutRA	clicked	control.takeover ; motor.access(MInArmX)				6133			0	0
HW.teach.html	btnNeg90OutRA	clicked	control.takeover ; motor.access(MInArmX)				6109			0	0
HW.teach.html	GoButtonOutRC	clicked	control.takeover ; motor.access(MInArmX)				6135			0	0
HW.teach.html	SetButtonOutRC	clicked	control.takeover ; motor.access(MInArmX) ; control.acquire ; motor.access(MInArmX)				29			0	0
HW.teach.html	btnPos90OutRC	clicked	control.takeover ; motor.access(MInArmX)				6112			0	0
HW.teach.html	btnNeg90OutRC	clicked	control.takeover ; motor.access(MInArmX) ; control.acquire ; motor.access(MInArmX)				6132			0	0
HW.teach.html	GoButtonOutRE	clicked	control.takeover ; motor.access(MInArmX)				6115			0	0
HW.teach.html	SetButtonOutRE	clicked	control.takeover ; motor.access(MInArmX)				49			0	0
HW.teach.html	btnPos90OutRE	clicked	control.takeover ; motor.access(MInArmX) ; control.acquire ; motor.access(MInArmX)				6112			0	0
HW.teach.html	btnNeg90OutRE	clicked	control.acquire ; motor.access ; control.takeover ; motor.access(MInArmX)				6132			0	0
HW.teach.html	GoButtonOutRG	clicked	control.takeover ; motor.access(MInArmX) ; control.acquire ; motor.access(MInArmX)				6132			0	0
HW.teach.html	SetButtonOutRG	clicked	control.takeover ; motor.access(MInArmX)				28			0	0
HW.teach.html	btnPos90OutRG	clicked	control.takeover ; motor.access(MInArmX)				6133			0	0
HW.teach.html	btnNeg90OutRG	clicked	control.acquire ; motor.access ; control.acquire ; motor.access(MInArmX) ; control.takeover ; motor.access(MInArmX)				6132			0	0
HW.teach.html	GoButtonOutRB	clicked	control.takeover ; motor.access(MInArmX)				6136			0	0
HW.teach.html	SetButtonOutRB	clicked	control.takeover ; motor.access(MInArmX)				33			0	0
HW.teach.html	btnPos90OutRB	clicked	control.takeover ; motor.access(MInArmX)				6134			0	0
HW.teach.html	btnNeg90OutRB	clicked	control.takeover ; motor.access(MInArmX) ; control.acquire ; motor.access				6153			0	0
HW.teach.html	GoButtonOutRD	clicked	control.takeover ; motor.access(MInArmX)				6115			0	0
HW.teach.html	SetButtonOutRD	clicked	control.takeover ; motor.access(MInArmX)				54			0	0
HW.teach.html	btnPos90OutRD	clicked	control.takeover ; motor.access(MInArmX)				6113			0	0
HW.teach.html	btnNeg90OutRD	clicked	control.takeover ; motor.access(MInArmX) ; control.acquire ; motor.access				6153			0	0
HW.teach.html	GoButtonOutRF	clicked	control.takeover ; motor.access(MInArmX)				6115			0	0
HW.teach.html	SetButtonOutRF	clicked	control.takeover ; motor.access(MInArmX)				53			0	0
HW.teach.html	btnPos90OutRF	clicked	control.takeover ; motor.access(MInArmX)				6113			0	0
HW.teach.html	btnNeg90OutRF	clicked	control.takeover ; motor.access(MInArmX) ; control.acquire ; motor.access				6153			0	0
HW.teach.html	GoButtonOutRH	clicked	control.takeover ; motor.access(MInArmX)				6136			0	0
HW.teach.html	SetButtonOutRH	clicked	control.takeover ; motor.access(MInArmX)				32			0	0
HW.teach.html	btnPos90OutRH	clicked	control.takeover ; motor.access(MInArmX)				6134			0	0
HW.teach.html	btnNeg90OutRH	clicked	control.takeover ; motor.access(MInArmX) ; control.acquire ; motor.access				6132			0	0
HW.teach.html	SetButton163	clicked	control.takeover ; motor.access(MInArmX)				52			0	0
HW.teach.html	GoButton163	clicked	control.takeover ; motor.access(MInArmX)				6112			0	0
HW.teach.html	SetButton162	clicked	control.takeover ; motor.access(MInArmX)				53			0	0
HW.teach.html	GoButton162	clicked	control.takeover ; motor.access(MInArmX) ; control.acquire ; motor.access				6154			0	0
HW.teach.html	SetBtnBuffer1X	clicked	control.takeover ; motor.access(MInArmX)				53			0	0
HW.teach.html	GoBtnBuffer1X	clicked	control.takeover ; motor.access(MInArmX)				6117			0	0
HW.teach.html	SetBtnBuffer2X	clicked	control.takeover ; motor.access(MInArmX)				33			0	0
HW.teach.html	GoBtnBuffer2X	clicked	control.takeover ; motor.access(MInArmX) ; control.acquire ; motor.access				6159			0	0
HW.teach.html	SetBtnBuffer3X	clicked	control.takeover ; motor.access(MInArmX)				33			0	0
HW.teach.html	GoBtnBuffer3X	clicked	control.takeover ; motor.access(MInArmX)				6138			0	0
HW.teach.html	SetBtnBuffer4X	clicked	control.takeover ; motor.access(MInArmX)				33			0	0
HW.teach.html	GoBtnBuffer4X	clicked	control.takeover ; motor.access(MInArmX) ; control.acquire ; motor.access(MInArmX)				6116			0	0
HW.teach.html	SetBtnBuffer5X	clicked	control.takeover ; motor.access(MInArmX)				52			0	0
HW.teach.html	GoBtnBuffer5X	clicked	control.takeover ; motor.access(MInArmX)				6117			0	0
HW.teach.html	SetBtnBuffer6X	clicked	control.acquire ; motor.access(MInArmX) ; control.takeover ; motor.access(MInArmX)				54			0	0
HW.teach.html	GoBtnBuffer6X	clicked	control.takeover ; motor.access(MInArmX)				6117			0	0
HW.teach.html	SetBtnBuffer7X	clicked	control.takeover ; motor.access(MInArmX) ; control.acquire ; motor.access(MInArmX)				31			0	0
HW.teach.html	GoBtnBuffer7X	clicked	control.takeover ; motor.access(MInArmX)				6138			0	0
HW.teach.html	SetBtnBuffer8X	clicked	control.takeover ; motor.access(MInArmX)				31			0	0
HW.teach.html	GoBtnBuffer8X	clicked	control.acquire ; motor.access(MInArmX) ; control.acquire ; motor.access ; control.takeover ; motor.access(MInArmX)				6138			0	0
HW.teach.html	SetBtnBuffer1Z	clicked	control.takeover ; motor.access(MInArmX)				53			0	0
HW.teach.html	GoBtnBuffer1Z	clicked	control.takeover ; motor.access(MInArmX) ; control.acquire ; motor.access(MInArmX)				6112			0	0
HW.teach.html	SetBtnBuffer2Z	clicked	control.takeover ; motor.access(MInArmX)				52			0	0
HW.teach.html	GoBtnBuffer2Z	clicked	control.takeover ; motor.access(MInArmX) ; control.acquire ; motor.access				6133			0	0
HW.teach.html	SetBtnBuffer3Z	clicked	control.takeover ; motor.access(MInArmX)				52			0	0
HW.teach.html	GoBtnBuffer3Z	clicked	control.takeover ; motor.access(MInArmX)				6133			0	0
HW.teach.html	SetBtnBuffer4Z	clicked	control.takeover ; motor.access(MInArmX)				31			0	0
HW.teach.html	GoBtnBuffer4Z	clicked	control.takeover ; motor.access(MInArmX) ; control.acquire ; motor.access				6154			0	0
HW.teach.html	SetBtnBuffer5Z	clicked	control.takeover ; motor.access(MInArmX)				31			0	0
HW.teach.html	GoBtnBuffer5Z	clicked	control.takeover ; motor.access(MInArmX)				6112			0	0
HW.teach.html	SetBtnBuffer6Z	clicked	control.takeover ; motor.access(MInArmX)				52			0	0
HW.teach.html	GoBtnBuffer6Z	clicked	control.takeover ; motor.access(MInArmX) ; control.acquire ; motor.access				6133			0	0
HW.teach.html	SetBtnBuffer7Z	clicked	control.takeover ; motor.access(MInArmX)				28			0	0
HW.teach.html	GoBtnBuffer7Z	clicked	control.takeover ; motor.access(MInArmX)				6133			0	0
HW.teach.html	SetBtnBuffer8Z	clicked	control.takeover ; motor.access(MInArmX)				28			0	0
HW.teach.html	GoBtnBuffer8Z	clicked	control.takeover ; motor.access(MInArmX)				6133			0	0
HW.teach.html	SetBtnBuffer9X	clicked	control.acquire ; motor.access ; control.takeover ; motor.access(MInArmX)				53			0	0
HW.teach.html	GoBtnBuffer9X	clicked	control.takeover ; motor.access(MInArmX)				6117			0	0
HW.teach.html	SetBtnBuffer9Z	clicked	control.takeover ; motor.access(MInArmX)				53			0	0
HW.teach.html	GoBtnBuffer9Z	clicked	control.takeover ; motor.access(MInArmX)				6112			0	0
HW.teach.html	SetBtnBuffer10X	clicked	control.acquire ; motor.access ; control.takeover ; motor.access(MInArmX)				32			0	0
HW.teach.html	GoBtnBuffer10X	clicked	control.takeover ; motor.access(MInArmX)				6138			0	0
HW.teach.html	SetBtnBuffer10Z	clicked	control.takeover ; motor.access(MInArmX)				32			0	0
HW.teach.html	GoBtnBuffer10Z	clicked	control.takeover ; motor.access(MInArmX)				6112			0	0
HW.teach.html	SetBtnLoadPortZ	clicked	control.takeover ; motor.access(MInArmX) ; control.acquire ; motor.access				73			0	0
HW.teach.html	GoBtnLoadPortZ	clicked	control.takeover ; motor.access(MInArmX)				6112			0	0
HW.teach.html	SetBtnLoadSafeZ	clicked	control.takeover ; motor.access(MInArmX)				52			0	0
HW.teach.html	GoBtnLoadSafeZ	clicked	control.takeover ; motor.access(MInArmX)				6133			0	0
HW.teach.html	SetBtnLoadTemporaryZ	clicked	control.takeover ; motor.access(MInArmX) ; control.acquire ; motor.access				52			0	0
HW.teach.html	GoBtnLoadTemporaryZ	clicked	control.takeover ; motor.access(MInArmX)				6133			0	0
HW.teach.html	SetBtnStackedLoaderX	clicked	control.takeover ; motor.access(MInArmX)				53			0	0
HW.teach.html	GoBtnStackedLoaderX	clicked	control.takeover ; motor.access(MInArmX) ; control.acquire ; motor.access(MInArmX)				6137			0	0
HW.teach.html	SetBtnStackedEmptyX	clicked	control.acquire ; motor.access ; control.takeover ; motor.access(MInArmX)				52			0	0
HW.teach.html	GoBtnStackedEmptyX	clicked	control.takeover ; motor.access(MInArmX)				6112			0	0
HW.teach.html	SetBtnStackedConversionX	clicked	control.acquire ; motor.access(MInArmX) ; control.takeover ; motor.access(MInArmX)				49			0	0
HW.teach.html	GoBtnStackedConversionX	clicked	control.takeover ; motor.access(MInArmX)				6112			0	0
HW.teach.html	SetBtnStackedAuto1X	clicked	control.takeover ; motor.access(MInArmX) ; control.acquire ; motor.access ; control.acquire ; motor.access(MInArmX)				49			0	0
HW.teach.html	GoBtnStackedAuto1X	clicked	control.takeover ; motor.access(MInArmX)				6133			0	0
HW.teach.html	SetBtnStackedAuto2X	clicked	control.takeover ; motor.access(MInArmX)				28			0	0
HW.teach.html	GoBtnStackedAuto2X	clicked	control.takeover ; motor.access(MInArmX) ; control.acquire ; motor.access(MInArmX)				6112			0	0
HW.teach.html	SetBtnStackedAuto3X	clicked	control.takeover ; motor.access(MInArmX)				49			0	0
HW.teach.html	GoBtnStackedAuto3X	clicked	control.takeover ; motor.access(MInArmX)				6133			0	0
HW.teach.html	SetBtnStackedLoaderZ	clicked	control.takeover ; motor.access(MInArmX)				31			0	0
HW.teach.html	GoBtnStackedLoaderZ	clicked	control.takeover ; motor.access(MInArmX)				6138			0	0
HW.teach.html	SetBtnStackedEmptyZ	clicked	control.takeover ; motor.access(MInArmX)				54			0	0
HW.teach.html	GoBtnStackedEmptyZ	clicked	control.acquire ; motor.access ; control.takeover ; motor.access(MInArmX)				6117			0	0
HW.teach.html	SetBtnStackedConversionZ	clicked	control.takeover ; motor.access(MInArmX)				31			0	0
HW.teach.html	GoBtnStackedConversionZ	clicked	control.takeover ; motor.access(MInArmX)				6138			0	0
HW.teach.html	SetBtnStackedAuto1Z	clicked	control.takeover ; motor.access(MInArmX)				31			0	0
HW.teach.html	GoBtnStackedAuto1Z	clicked	control.takeover ; motor.access(MInArmX) ; control.acquire ; motor.access				6138			0	0
HW.teach.html	SetBtnStackedAuto2Z	clicked	control.takeover ; motor.access(MInArmX)				52			0	0
HW.teach.html	GoBtnStackedAuto2Z	clicked	control.takeover ; motor.access(MInArmX)				6117			0	0
HW.teach.html	SetBtnStackedAuto3Z	clicked	control.takeover ; motor.access(MInArmX)				31			0	0
HW.teach.html	GoBtnStackedAuto3Z	clicked	control.takeover ; motor.access(MInArmX)				6138			0	0
HW.teach.html	SetBtnTrayBracketSaftZ	clicked	control.takeover ; motor.access(MInArmX)				52			0	0
HW.teach.html	GoBtnTrayBracketSaftZ	clicked	control.takeover ; motor.access(MInArmX)				6112			0	0
HW.teach.html	SetBtnTrayBracketConversionZ	clicked	control.takeover ; motor.access(MInArmX)				49			0	0
HW.teach.html	GoBtnTrayBracketConversionZ	clicked	control.takeover ; motor.access(MInArmX)				6133			0	0
HW.teach.html	SetBtnLoadPortBufferZ	clicked	control.takeover ; motor.access(MInArmX) ; control.acquire ; motor.access				53			0	0
HW.teach.html	SetBtnLoadPort1Z	clicked	control.takeover ; motor.access(MInArmX)				28			0	0
HW.teach.html	SetBtnLoadPort2Z	clicked	control.takeover ; motor.access(MInArmX)				49			0	0
HW.teach.html	SetBtnLoadPort3Z	clicked	control.takeover ; motor.access(MInArmX)				28			0	0
HW.teach.html	SetBtnLoadPort4Z	clicked	control.takeover ; motor.access(MInArmX) ; control.acquire ; motor.access				49			0	0
HW.teach.html	GoBtnLoadPortBufferZ	clicked	control.takeover ; motor.access(MInArmX)				6136			0	0
HW.teach.html	GoBtnLoadPort4Z	clicked	control.takeover ; motor.access(MInArmX)				6112			0	0
HW.teach.html	GoBtnLoadPort3Z	clicked	control.takeover ; motor.access(MInArmX)				6112			0	0
HW.teach.html	GoBtnLoadPort2Z	clicked	control.takeover ; motor.access(MInArmX) ; control.acquire ; motor.access				6154			0	0
HW.teach.html	GoBtnLoadPort1Z	clicked	control.takeover ; motor.access(MInArmX)				6112			0	0
HW.teach.html	SetBtnUnloadPortBufferZ	clicked	control.takeover ; motor.access(MInArmX)				53			0	0
HW.teach.html	SetBtnUnloadPort1Z	clicked	control.takeover ; motor.access(MInArmX)				28			0	0
HW.teach.html	SetBtnUnloadPort2Z	clicked	control.takeover ; motor.access(MInArmX)				28			0	0
HW.teach.html	SetBtnUnloadPort3Z	clicked	control.takeover ; motor.access(MInArmX)				50			0	0
HW.teach.html	SetBtnUnloadPort4Z	clicked	control.takeover ; motor.access(MInArmX) ; control.acquire ; motor.access				49			0	0
HW.teach.html	GoBtnUnloadPortBufferZ	clicked	control.acquire ; motor.access(MInArmX) ; control.takeover ; motor.access(MInArmX)				6134			0	0
HW.teach.html	GoBtnUnloadPort4Z	clicked	control.takeover ; motor.access(MInArmX)				6112			0	0
HW.teach.html	GoBtnUnloadPort3Z	clicked	control.takeover ; motor.access(MInArmX) ; control.acquire ; motor.access(MInArmX)				6133			0	0
HW.teach.html	GoBtnUnloadPort2Z	clicked	control.takeover ; motor.access(MInArmX) ; control.acquire ; motor.access				6133			0	0
HW.teach.html	GoBtnUnloadPort1Z	clicked	control.takeover ; motor.access(MInArmX)				6112			0	0
HW.teach.html	spTTLReset	greyed							還沒接（golden spTTLResetClick）—— 按了不會動		
HW.teach.html	sbGoAlignInZAa	clicked	control.takeover ; motor.access(MInArmX)				6136			0	0
HW.teach.html	sbAlignInZAa	clicked	control.takeover ; motor.access(MInArmX)				49			0	0
HW.teach.html	sbAlignInZAb	clicked	control.takeover ; motor.access(MInArmX) ; control.acquire ; motor.access(MInArmX) ; control.acquire ; motor.access				54			0	0
HW.teach.html	sbGoAlignInZAb	clicked	control.takeover ; motor.access(MInArmX)				6133			0	0
HW.teach.html	sbAlignInZAc	clicked	control.takeover ; motor.access(MInArmX)				31			0	0
HW.teach.html	sbGoAlignInZAc	clicked	control.takeover ; motor.access(MInArmX)				6133			0	0
HW.teach.html	sbAlignInZAd	clicked	control.takeover ; motor.access(MInArmX) ; control.acquire ; motor.access				73			0	0
HW.teach.html	sbGoAlignInZAd	clicked	control.takeover ; motor.access(MInArmX)				6112			0	0
HW.teach.html	sbGoAlignInZBa	clicked	control.takeover ; motor.access(MInArmX)				6136			0	0
HW.teach.html	sbAlignInZBa	clicked	control.takeover ; motor.access(MInArmX)				28			0	0
HW.teach.html	sbAlignInZBb	clicked	control.takeover ; motor.access(MInArmX)				54			0	0
HW.teach.html	sbGoAlignInZBb	clicked	control.acquire ; motor.access ; control.takeover ; motor.access(MInArmX)				6133			0	0
HW.teach.html	sbAlignInZBc	clicked	control.takeover ; motor.access(MInArmX)				31			0	0
HW.teach.html	sbGoAlignInZBc	clicked	control.takeover ; motor.access(MInArmX)				6133			0	0
HW.teach.html	sbAlignInZBd	clicked	control.takeover ; motor.access(MInArmX)				31			0	0
HW.teach.html	sbGoAlignInZBd	clicked	control.acquire ; motor.access ; control.takeover ; motor.access(MInArmX)				6133			0	0
HW.teach.html	sbAutoCalibrationInArmCCDPickerDis	greyed							AOA 自動校正會讓機台自己動，這版不接（golden sbAutoCalibrationInArmCCDPickerDisClick）		
HW.teach.html	sbGoAlignInZAe	clicked	control.takeover ; motor.access(MInArmX)				6136			0	0
HW.teach.html	sbAlignInZAe	clicked	control.takeover ; motor.access(MInArmX)				28			0	0
HW.teach.html	sbAlignInZAf	clicked	control.takeover ; motor.access(MInArmX)				53			0	0
HW.teach.html	sbGoAlignInZAf	clicked	control.takeover ; motor.access(MInArmX) ; control.acquire ; motor.access				6133			0	0
HW.teach.html	sbAlignInZAg	clicked	control.takeover ; motor.access(MInArmX)				49			0	0
HW.teach.html	sbGoAlignInZAg	clicked	control.takeover ; motor.access(MInArmX)				6112			0	0
HW.teach.html	sbAlignInZAh	clicked	control.takeover ; motor.access(MInArmX)				28			0	0
HW.teach.html	sbGoAlignInZAh	clicked	control.takeover ; motor.access(MInArmX) ; control.acquire ; motor.access				6154			0	0
HW.teach.html	sbGoAlignInZBe	clicked	control.takeover ; motor.access(MInArmX)				6116			0	0
HW.teach.html	sbAlignInZBe	clicked	control.takeover ; motor.access(MInArmX)				49			0	0
HW.teach.html	sbAlignInZBf	clicked	control.takeover ; motor.access(MInArmX)				32			0	0
HW.teach.html	sbGoAlignInZBf	clicked	control.takeover ; motor.access(MInArmX) ; control.acquire ; motor.access				6133			0	0
HW.teach.html	sbAlignInZBg	clicked	control.takeover ; motor.access(MInArmX)				49			0	0
HW.teach.html	sbGoAlignInZBg	clicked	control.takeover ; motor.access(MInArmX)				6112			0	0
HW.teach.html	sbAlignInZBh	clicked	control.takeover ; motor.access(MInArmX)				49			0	0
HW.teach.html	sbGoAlignInZBh	clicked	control.takeover ; motor.access(MInArmX) ; control.acquire ; motor.access(MInArmX)				6116			0	0
HW.teach.html	sbInArmCCDPos	clicked	control.takeover ; motor.access(MInArmX)				32			0	0
HW.teach.html	sbGoInArmCCDPos	clicked	control.takeover ; motor.access(MInArmX)				6135			0	0
HW.teach.html	sbInArmBasePickerPos	clicked	control.acquire ; motor.access(MInArmX) ; control.takeover ; motor.access(MInArmX)				35			0	0
HW.teach.html	sbGoInArmBasePickerPos	clicked	control.acquire ; motor.access ; control.takeover ; motor.access(MInArmX)				6135			0	0
HW.teach.html	sbAutoCalibrationInArmCCDResolution	greyed							AOA 自動校正會讓機台自己動，這版不接（golden sbAutoCalibrationInArmCCDResolutionClick）		
HW.teach.html	sbGoAlignOutZAa	clicked	control.takeover ; motor.access(MInArmX) ; control.acquire ; motor.access(MInArmX)				6116			0	0
HW.teach.html	sbAlignOutZAa	clicked	control.takeover ; motor.access(MInArmX)				49			0	0
HW.teach.html	sbAlignOutZAb	clicked	control.takeover ; motor.access(MInArmX)				54			0	0
HW.teach.html	sbGoAlignOutZAb	clicked	control.acquire ; motor.access(MInArmX) ; control.acquire ; motor.access ; control.takeover ; motor.access(MInArmX)				6133			0	0
HW.teach.html	sbAlignOutZAc	clicked	control.takeover ; motor.access(MInArmX)				52			0	0
HW.teach.html	sbGoAlignOutZAc	clicked	control.takeover ; motor.access(MInArmX) ; control.acquire ; motor.access(MInArmX)				6112			0	0
HW.teach.html	sbAlignOutZAd	clicked	control.takeover ; motor.access(MInArmX)				31			0	0
HW.teach.html	sbGoAlignOutZAd	clicked	control.takeover ; motor.access(MInArmX) ; control.acquire ; motor.access				6154			0	0
HW.teach.html	sbAlignOutZBd	clicked	control.takeover ; motor.access(MInArmX)				28			0	0
HW.teach.html	sbGoAlignOutZBd	clicked	control.takeover ; motor.access(MInArmX)				6112			0	0
HW.teach.html	sbAlignOutZBc	clicked	control.takeover ; motor.access(MInArmX)				52			0	0
HW.teach.html	sbGoAlignOutZBc	clicked	control.takeover ; motor.access(MInArmX)				6133			0	0
HW.teach.html	sbAlignOutZBb	clicked	control.takeover ; motor.access(MInArmX)				31			0	0
HW.teach.html	sbGoAlignOutZBb	clicked	control.takeover ; motor.access(MInArmX)				6133			0	0
HW.teach.html	sbAlignOutZBa	clicked	control.takeover ; motor.access(MInArmX)				52			0	0
HW.teach.html	sbGoAlignOutZBa	clicked	control.takeover ; motor.access(MInArmX)				6112			0	0
HW.teach.html	sbAutoCalibrationOutArmCCDPickerDis	greyed							AOA 自動校正會讓機台自己動，這版不接（golden sbAutoCalibrationOutArmCCDPickerDisClick）		
HW.teach.html	sbGoAlignOutZAe	clicked	control.acquire ; motor.access ; control.takeover ; motor.access(MInArmX)				6115			0	0
HW.teach.html	sbAlignOutZAe	clicked	control.takeover ; motor.access(MInArmX)				49			0	0
HW.teach.html	sbAlignOutZAf	clicked	control.takeover ; motor.access(MInArmX)				32			0	0
HW.teach.html	sbGoAlignOutZAf	clicked	control.takeover ; motor.access(MInArmX)				6112			0	0
HW.teach.html	sbAlignOutZAg	clicked	control.takeover ; motor.access(MInArmX) ; control.acquire ; motor.access				70			0	0
HW.teach.html	sbGoAlignOutZAg	clicked	control.takeover ; motor.access(MInArmX)				6112			0	0
HW.teach.html	sbAlignOutZAh	clicked	control.takeover ; motor.access(MInArmX)				28			0	0
HW.teach.html	sbGoAlignOutZAh	clicked	control.takeover ; motor.access(MInArmX)				6133			0	0
HW.teach.html	sbGoAlignOutZBe	clicked	control.takeover ; motor.access(MInArmX)				6137			0	0
HW.teach.html	sbAlignOutZBe	clicked	control.takeover ; motor.access(MInArmX)				28			0	0
HW.teach.html	sbAlignOutZBf	clicked	control.takeover ; motor.access(MInArmX)				53			0	0
HW.teach.html	sbGoAlignOutZBf	clicked	control.takeover ; motor.access(MInArmX)				6133			0	0
HW.teach.html	sbAlignOutZBg	clicked	control.takeover ; motor.access(MInArmX)				28			0	0
HW.teach.html	sbGoAlignOutZBg	clicked	control.takeover ; motor.access(MInArmX) ; control.acquire ; motor.access				6133			0	0
HW.teach.html	sbAlignOutZBh	clicked	control.takeover ; motor.access(MInArmX)				49			0	0
HW.teach.html	sbGoAlignOutZBh	clicked	control.takeover ; motor.access(MInArmX)				6112			0	0
HW.teach.html	sbOutArmCCDPos	clicked	control.takeover ; motor.access(MInArmX)				34			0	0
HW.teach.html	sbGoOutArmCCDPos	clicked	control.takeover ; motor.access(MInArmX) ; control.acquire ; motor.access(MInArmX)				6139			0	0
HW.teach.html	sbOutArmBasePickerPos	clicked	control.takeover ; motor.access(MInArmX)				35			0	0
HW.teach.html	sbGoOutArmBasePickerPos	clicked	control.takeover ; motor.access(MInArmX)				6135			0	0
HW.teach.html	sbAutoCalibrationOutArmCCDResolution	greyed							AOA 自動校正會讓機台自己動，這版不接（golden sbAutoCalibrationOutArmCCDResolutionClick）		
HW.teach.html	SetComputeInSh2	clicked	control.acquire ; motor.access				71			0	0
HW.teach.html	SetInarmPlacementXY	clicked	control.takeover ; motor.access(MInArmX)				58			0	0
HW.teach.html	GoInarmPlacementXY	clicked	control.takeover ; motor.access(MInArmX) ; control.acquire ; motor.access(MInArmX)				6121			0	0
HW.teach.html	setBtnMagZTray1	clicked	control.takeover ; motor.access(MInArmX)				54			0	0
HW.teach.html	GoBtnMagZTray1	clicked	control.takeover ; motor.access(MInArmX) ; control.acquire ; motor.access ; control.acquire ; motor.access(MInArmX)				6138			0	0
HW.teach.html	setBtnMagZTrayStandby	clicked	control.takeover ; motor.access(MInArmX)				54			0	0
HW.teach.html	GoBtnMagZTrayStandby	clicked	control.takeover ; motor.access(MInArmX)				6117			0	0
HW.teach.html	sbCatchMagFront	clicked	control.acquire ; motor.access(MInArmX) ; control.takeover ; motor.access(MInArmX)				32			0	0
HW.teach.html	sbGoCatchMagFront	clicked	control.takeover ; motor.access(MInArmX) ; control.acquire ; motor.access				6154			0	0
HW.teach.html	sbCatchMagRear	clicked	control.takeover ; motor.access(MInArmX)				28			0	0
HW.teach.html	sbGoCatchMagRear	clicked	control.takeover ; motor.access(MInArmX)				6133			0	0
HW.teach.html	btnSave	clicked					44			0	0
HW.teach.html	pnlExit	clicked					21			0	0
Main.AOAInfo.html	OffsetSave	clicked					1			0	0
Main.CommView.html	btnReadZ1	clicked	control.acquire ; act.main.indexTorque				4			0	0
Main.CommView.html	btnSetZ1	clicked	control.acquire ; act.main.indexTorque				1			0	0
Main.CommView.html	btnReadZ2	clicked	control.acquire ; act.main.indexTorque				1			0	0
Main.CommView.html	btnSetZ2	clicked	control.acquire ; act.main.indexTorque				1			0	0
Main.CommView.html	btnRecordSHT	not-visible									
Main.CommView.html	btnRecordSocket	not-visible									
Main.CommView.html	btnSaveIndexPosLog	not-visible									
Main.CommView.html	btnClearIndexPosLog	not-visible									
Main.CommView.html	btnSaveMaxMin	not-visible									
Main.MotionView.html	axisToggle	clicked					7			0	0
Main.Record.html	spbClearRecord	clicked	control.acquire ; act.main.clearRecord				3			0	0
Main.gbControlBtn.html	sbStateRecord	clicked	control.takeover ; act.main.stateRecord				6			0	0
Setup.AGV.html	spbSave	clicked					1			0	0
Setup.AGV.html	sbtExit	clicked					0			0	0
Setup.AGV.html	btInitalLoad	clicked					1			0	0
Setup.AGV.html	btInitalUnLoad	clicked					1			0	0
Setup.BarCode.html	btStart2DIDCheckSh1	clicked					0			0	0
Setup.BarCode.html	bt2DIDOffset	clicked					0			0	0
Setup.BarCode.html	btStart2DIDCheckSh2	clicked					0			0	0
Setup.BarCode.html	btnGetLotID	clicked					0			0	0
Setup.BarCode.html	btnTestLotID	clicked					0			4	2
Setup.BarCode.html	BtShuttle_1A_Connect	clicked					0			0	0
Setup.BarCode.html	BtShuttle_1A_Disconnect	clicked					0			0	0
Setup.BarCode.html	btShuttle_1A_Trigger	clicked					0			0	0
Setup.BarCode.html	BtShuttle_1B_Connect	clicked					0			0	0
Setup.BarCode.html	BtShuttle_1B_Disconnect	clicked					0			0	0
Setup.BarCode.html	btShuttle_1B_Trigger	clicked					0			0	0
Setup.BarCode.html	BtShuttle_2A_Connect	clicked					0			0	0
Setup.BarCode.html	BtShuttle_2A_Disconnect	clicked					0			0	0
Setup.BarCode.html	btShuttle_2A_Trigger	clicked					0			0	0
Setup.BarCode.html	BtShuttle_2B_Connect	clicked					0			0	0
Setup.BarCode.html	BtShuttle_2B_Disconnect	clicked					0			0	0
Setup.BarCode.html	btShuttle_2B_Trigger	clicked					0			0	0
Setup.BarCode.html	BtBottom_8_Connect	clicked					0			0	0
Setup.BarCode.html	BtBottom_8_Disconnect	clicked					0			0	0
Setup.BarCode.html	btBottom8_Trigger	clicked					0			0	0
Setup.BarCode.html	BtBottom_7_Connect	clicked					0			0	0
Setup.BarCode.html	BtBottom_7_Disconnect	clicked					0			0	0
Setup.BarCode.html	btBottom7_Trigger	clicked					0			0	0
Setup.BarCode.html	BtBottom_6_Connect	clicked					0			0	0
Setup.BarCode.html	BtBottom_6_Disconnect	clicked					0			0	0
Setup.BarCode.html	btBottom6_Trigger	clicked					0			0	0
Setup.BarCode.html	BtBottom_5_Connect	clicked					0			0	0
Setup.BarCode.html	BtBottom_5_Disconnect	clicked					0			0	0
Setup.BarCode.html	btBottom5_Trigger	clicked					0			0	0
Setup.BarCode.html	BtBottom_4_Connect	clicked					0			0	0
Setup.BarCode.html	BtBottom_4_Disconnect	clicked					0			0	0
Setup.BarCode.html	btBottom4_Trigger	clicked					0			0	0
Setup.BarCode.html	BtBottom_3_Connect	clicked					0			0	0
Setup.BarCode.html	BtBottom_3_Disconnect	clicked					0			0	0
Setup.BarCode.html	btBottom3_Trigger	clicked					0			0	0
Setup.BarCode.html	BtBottom_2_Connect	clicked					0			0	0
Setup.BarCode.html	BtBottom_2_Disconnect	clicked					0			0	0
Setup.BarCode.html	btBottom2_Trigger	clicked					0			0	0
Setup.BarCode.html	BtBottom_1_Connect	clicked					0			0	0
Setup.BarCode.html	BtBottom_1_Disconnect	clicked					0			0	0
Setup.BarCode.html	btBottom1_Trigger	clicked					0			0	0
Setup.BarCode.html	btnClip_Connect_Fix3	clicked					0			0	0
Setup.BarCode.html	btnClip_Disconnect_Fix3	clicked					0			0	0
Setup.BarCode.html	btnClip_SendCmd_Fix3	clicked					0			0	0
Setup.BarCode.html	Button9	clicked					0			0	0
Setup.BarCode.html	Button10	clicked					0			0	0
Setup.BarCode.html	btnClip_Connect_Fix2	clicked					0			0	0
Setup.BarCode.html	btnClip_Disconnect_Fix2	clicked					0			0	0
Setup.BarCode.html	btnClip_SendCmd_Fix2	clicked					0			0	0
Setup.BarCode.html	Button7	clicked					0			0	0
Setup.BarCode.html	Button8	clicked					0			0	0
Setup.BarCode.html	btnClip_Connect_Fix1	clicked					0			0	0
Setup.BarCode.html	btnClip_Disconnect_Fix1	clicked					0			0	0
Setup.BarCode.html	btnClip_SendCmd_Fix1	clicked					0			0	0
Setup.BarCode.html	Button5	clicked					0			0	0
Setup.BarCode.html	Button6	clicked					0			0	0
Setup.BarCode.html	btnClip_Connect_Auto3	clicked					0			0	0
Setup.BarCode.html	btnClip_Disconnect_Auto3	clicked					0			0	0
Setup.BarCode.html	btnClip_SendCmd_Auto3	clicked					0			0	0
Setup.BarCode.html	Button3	clicked					0			0	0
Setup.BarCode.html	Button4	clicked					0			0	0
Setup.BarCode.html	btnClip_Connect_Auto2	clicked					0			0	0
Setup.BarCode.html	btnClip_Disconnect_Auto2	clicked					0			0	0
Setup.BarCode.html	btnClip_SendCmd_Auto2	clicked					0			0	0
Setup.BarCode.html	Button1	clicked					0			0	0
Setup.BarCode.html	Button2	clicked					0			0	0
Setup.BarCode.html	btnClip_Connect_Auto1	clicked					0			0	0
Setup.BarCode.html	btnClip_Disconnect_Auto1	clicked					0			0	0
Setup.BarCode.html	btnClip_SendCmd_Auto1	clicked					0			0	0
Setup.BarCode.html	btnInitialGetBarcode	clicked					0			0	0
Setup.BarCode.html	btnGetBarcode	clicked					0			0	0
Setup.BarCode.html	spbResetCom	clicked					0			0	0
Setup.BarCode.html	spbStartCom	clicked					0			0	0
Setup.BarCode.html	btReader2On	clicked					0			0	0
Setup.BarCode.html	btReader1On	clicked					0			0	0
Setup.BarCode.html	btReader3On	clicked					0			0	0
Setup.BarCode.html	btReader4On	clicked					0			0	0
Setup.BarCode.html	btnGPIBReader4	clicked					0			0	0
Setup.BarCode.html	btBarcodeChangeFileDisConnect	clicked					0			0	0
Setup.BarCode.html	btBarcodeChangeFileSend	clicked					0			0	0
Setup.BarCode.html	btBarcodeChangeFileConnect	clicked					0			0	0
Setup.BarCode.html	spbSave	clicked					1			0	0
Setup.BarCode.html	sbtExit	clicked					0			0	0
Setup.BinSel.html	btnAutoHide	clicked					1			0	0
Setup.BinSel.html	spbSave	clicked					1			0	0
Setup.BinSel.html	btnSetAll2NotUse	clicked					2			0	0
Setup.BinSel.html	btnSettingSpecificBin	clicked					1			0	0
Setup.BinSel.html	spbAOIBin	clicked					1			0	0
Setup.BinSel.html	spbNormal	clicked					1			0	0
Setup.BinSel.html	spbPrime	clicked					1			0	0
Setup.BinSel.html	sbtExit	clicked					0			0	0
Setup.Cleaning.html	btnResetInterval	clicked					0			0	0
Setup.Cleaning.html	btInclude	clicked					0			0	0
Setup.Cleaning.html	btFocusOnly	clicked					0			0	0
Setup.Cleaning.html	btnStartAutoClean	clicked					0			0	0
Setup.Cleaning.html	sbTrayAssign	clicked					0			0	0
Setup.Cleaning.html	btnResetCleanCount	clicked					0			0	0
Setup.Cleaning.html	sbCleanSave	clicked					0			0	0
Setup.Cleaning.html	sbCleanExit	clicked					0			0	0
Setup.Contact.html	sbtExit	clicked					0			0	0
Setup.Contact.html	spbSave	clicked					1			0	0
Setup.Contact.html	spbOneCycle	greyed							One Cycle（golden spbOneCycleClick :16861 OneCycleProcess）：還沒移植（forms/fContact.cp		
Setup.Contact.html	btnTempSet	clicked					0			0	0
Setup.Contact.html	AutoZTeachButton	greyed							Auto Z Teach（golden AutoZTeachButtonClick :18430）：自動教導 Z 會讓機台自己動，這一版不接		
Setup.ContactForce.html	Button1	clicked					1			0	0
Setup.ContactForce.html	btSave	clicked					1			0	0
Setup.ContactForce.html	btExit	clicked					0			0	0
Setup.HotPlate.html	spbSave	clicked	control.acquire				4	rejection c12 probe stub		0	0
Setup.HotPlate.html	sbtExit	clicked					0			0	0
Setup.Ld_ULd.html	spbSave	clicked					1			0	0
Setup.Ld_ULd.html	sbtExit	clicked					0			0	0
Setup.Ld_ULd.html	btnDefaultValue	clicked					0			16	8
Setup.OffSet.html	btnToIndexOffset	clicked					10			0	0
Setup.OffSet.html	sbLoader	clicked					0			0	0
Setup.OffSet.html	sbAuto1	clicked					0			0	0
Setup.OffSet.html	sbAuto2	clicked					0			0	0
Setup.OffSet.html	sbAuto3	clicked					0			0	0
Setup.OffSet.html	sbFix1	clicked					0			0	0
Setup.OffSet.html	sbFix2	clicked					0			0	0
Setup.OffSet.html	sbFix3	clicked					0			0	0
Setup.OffSet.html	sbHp1	clicked					0			0	0
Setup.OffSet.html	sbHp2	clicked					0			0	0
Setup.OffSet.html	sbInSh1	clicked					0			0	0
Setup.OffSet.html	sbInSh2	clicked					0			0	0
Setup.OffSet.html	sbOutSh2	clicked					0			0	0
Setup.OffSet.html	sbOutSh1	clicked					0			0	0
Setup.OffSet.html	sbAutoClean	clicked					0			0	0
Setup.OffSet.html	sbOCR	clicked					0			0	0
Setup.OffSet.html	sbInRotate	clicked					0			0	0
Setup.OffSet.html	sbOutRotate	clicked					0			0	0
Setup.OffSet.html	sbLoaderB	clicked					0			0	0
Setup.OffSet.html	sbInSh1LB	clicked					0			0	0
Setup.OffSet.html	sbInSh1RA	clicked					0			0	0
Setup.OffSet.html	sbInSh1RB	clicked					0			0	0
Setup.OffSet.html	sbInSh2RA	clicked					0			0	0
Setup.OffSet.html	sbInSh2RB	clicked					0			0	0
Setup.OffSet.html	sbInSh2LB	clicked					0			0	0
Setup.OffSet.html	sbAutoSh2	clicked					0			0	0
Setup.OffSet.html	sbAutoSh1	clicked					0			0	0
Setup.OffSet.html	sbPreciser	clicked					0			0	0
Setup.OffSet.html	sbOutSh2RA	clicked					0			0	0
Setup.OffSet.html	sbOutSh2RB	clicked					0			0	0
Setup.OffSet.html	sbOutSh2LB	clicked					0			0	0
Setup.OffSet.html	sbOutSh1RA	clicked					0			0	0
Setup.OffSet.html	sbOutSh1RB	clicked					0			0	0
Setup.OffSet.html	sbOutSh1LB	clicked					0			0	0
Setup.OffSet.html	sbInPlacement	clicked					0			0	0
Setup.OffSet.html	btnBottom2D	clicked					0			0	0
Setup.OffSet.html	sbAuto4	clicked					0			0	0
Setup.OffSet.html	sbAuto5	clicked					0			0	0
Setup.OffSet.html	sbAuto6	clicked					0			0	0
Setup.OffSet.html	sbFix4	clicked					0			0	0
Setup.OffSet.html	sbFix5	clicked					0			0	0
Setup.OffSet.html	sbFix6	clicked					0			0	0
Setup.OffSet.html	btnOffsetList	clicked					2			0	0
Setup.OffSet.html	sbZcalibration	clicked					0			0	0
Setup.OffSet.html	sbInSh1RA_AutoClean	clicked					0			0	0
Setup.OffSet.html	sbInSh1RB_AutoClean	clicked					0			0	0
Setup.OffSet.html	sbInSh1LB_AutoClean	clicked					0			0	0
Setup.OffSet.html	sbInSh1_AutoClean	clicked					0			0	0
Setup.OffSet.html	sbInSh2_AutoClean	clicked					0			0	0
Setup.OffSet.html	sbInSh2RA_AutoClean	clicked					0			0	0
Setup.OffSet.html	sbInSh2RB_AutoClean	clicked					0			0	0
Setup.OffSet.html	sbInSh2LB_AutoClean	clicked					0			0	0
Setup.OffSet.html	sbScanAOI	clicked					0			0	0
Setup.OffSet.html	btnTrayOfsLoader	clicked					0			0	0
Setup.OffSet.html	btnTrayOfsEmpty	clicked					0			0	0
Setup.OffSet.html	btnTrayOfsColor	clicked					0			0	0
Setup.OffSet.html	btnTrayOfsAuto1	clicked					0			0	0
Setup.OffSet.html	btnTrayOfsAuto2	clicked					0			0	0
Setup.OffSet.html	btnTrayOfsAuto3	clicked					0			0	0
Setup.OffSet.html	IndexOffSetBT1	clicked					0			0	0
Setup.OffSet.html	IndexOffSetBT2	clicked					0			0	0
Setup.OffSet.html	btnToArmOffset	clicked					10			0	0
Setup.OffSet.html	btnTrayOfsAuto4	clicked					0			0	0
Setup.OffSet.html	btnTrayOfsAuto5	clicked					0			0	0
Setup.OffSet.html	btnTrayOfsAuto6	clicked					0			0	0
Setup.OffSet.html	btnBack	clicked					10			0	0
Setup.OffSet.html	spbSave	clicked					2			0	0
Setup.OffSet.html	sbtExit	clicked					0			0	0
Setup.QAMode.html	btnApply	clicked					1			0	0
Setup.QAMode.html	btnOk	clicked					0			0	0
Setup.SCK_ART.html	btnApplyQty	clicked					0			0	0
Setup.SCK_ART.html	btnApplyLotInfo	clicked					0			0	0
Setup.SCK_ART.html	btnApplyCount	clicked					0			0	0
Setup.SCK_ART.html	btnExit1	clicked					0			0	0
Setup.SCK_ART.html	btnApplySetting	clicked					0			0	0
Setup.SCK_ART.html	btnExit	clicked					0			0	0
Setup.SetUp.html	btAutoShuttlePitch	clicked					0			0	0
Setup.SetUp.html	sbUpdate	clicked					1			0	0
Setup.SetUp.html	sbtExit	clicked					0			0	0
Setup.SetUp.html	btnLUpToRDownN	clicked					0			0	32
Setup.SetUp.html	btnLUpToRDownZ	clicked					0			0	4
Setup.SetUp.html	btnLDownToRUpZ	clicked					0			0	4
Setup.SetUp.html	btnRUpToLDownZ	clicked					0			0	4
Setup.SetUp.html	btnRDownToLUpZ	clicked					0			0	4
Setup.SetUp.html	btnRUpToLDownN	clicked					0			0	0
Setup.Speed.html	spbSpeedAdd	clicked					0			9	2
Setup.Speed.html	spbSpeedDec	clicked					0			3	2
Setup.Speed.html	spbSelectAll	clicked					1			9	9
Setup.Speed.html	spbSetToDef	clicked					0			165	61
Setup.Speed.html	spbSave	clicked					1			0	0
Setup.Speed.html	sbtExit	clicked					0			0	0
Setup.Temp_Set.html	spbSave	clicked					1			0	0
Setup.Temp_Set.html	sbtExit	clicked					0			0	0
Setup.Temp_Set.html	btnDefrostStart	clicked					0			0	0
Setup.Temp_Set.html	btnDefrostEnd	clicked					0			0	0
Setup.Temp_Set.html	btn_DefrostAllUseStart	clicked					0			0	0
Setup.Temp_Set.html	btn_DefrostAllUseEnd	clicked					0			0	0
Setup.Temp_Set.html	btnSameAsArm1	clicked					0			0	0
Setup.Temp_Set.html	btClearAll	clicked					0			0	0
Setup.TesterIF.html	btTesterTCPShow	clicked					0			0	0
Setup.TesterIF.html	spbSave	clicked					1			0	0
Setup.TesterIF.html	sbtExit	clicked					0			0	0
Setup.TrayAssignment.html	sbtExit	clicked					0			0	0
Setup.TrayAssignment.html	spbSave	clicked					1			0	0
Setup.TrayForm.html	spbSave	clicked					1			0	0
Setup.TrayForm.html	sbtExit	clicked					0			0	0
Setup.TrayForm.html	btnBinBoxReset	clicked					0			0	0
Setup.TrayForm.html	spbCopy	clicked					0			0	0
Setup.YieldMonitoring.html	btnApply	clicked					1			0	0
Setup.YieldMonitoring.html	btnOk	clicked					0			0	0
Status.CounterSel.html	spbExit	clicked					0			0	0
Status.GroundMan.html	spbStartCom	greyed									
Status.GroundMan.html	spbStopCom	greyed									
Status.GroundMan.html	spbSave	clicked					1			0	0
Status.GroundMan.html	sbtExit	clicked					0			0	0
Status.GroundMan.html	btnMaintenanceMode	greyed									
Status.LtcSensor.html	btnClose	clicked					72			0	0
Status.LtcSensor.html	btSetLtc	greyed									
Status.LtcSensor.html	btSh1Servo	greyed									
Status.LtcSensor.html	btSh2Servo	greyed									
Status.LtcSensor.html	btSh3Servo	greyed									
Status.LtcSensor.html	btGetSh1Ltc	greyed									
Status.LtcSensor.html	btGetSh2Ltc	greyed									
Status.LtcSensor.html	btGetSh1YLtc	greyed									
Status.LtcSensor.html	btGetSh2YLtc	greyed									
Status.LtcSensor.html	btGetInSh1YLtc	greyed									
Status.LtcSensor.html	btGetInSh2YLtc	greyed									
Status.LtcSensor.html	btGetSh3Ltc	greyed									
Status.LtcSensor.html	btGetSh3YLtc	greyed									
Status.LtcSensor.html	Button5	greyed									
Status.LtcSensor.html	Button6	greyed									
Status.Security.html	sbSupervisor	not-visible									
Status.Security.html	sbEngineer	not-visible									
Status.Security.html	btnHonPrec	not-visible									
Status.Security.html	btnOperator	not-visible									
Status.Security.html	SecurityExit	clicked	control.acquire				4			0	0
Status.Security.html	spbExport	clicked	control.acquire ; security.jam				4			0	0
Status.Security.html	spbImport	clicked	control.acquire ; security.jam				4			0	0
Status.ShowBinSelect.html	btReturn	clicked					0			0	0
Status.ShowBinSelect.html	btnClearCount	not-visible									
Status.ShowBinSelect.html	btnAutoClean	not-visible									
Status.ShowBinSelect.html	sbCopyRecipe	not-visible									
Status.ShowMessage.html	btnBackToMain	not-visible									
Status.TemperFrom.html	tzExpand	clicked					2			0	0
Status.TowerLight.html	spbExit	clicked					0			0	0
eventlog.html	q	clicked		POST /api/ela/query ; GET /api/ela			4			0	0
eventlog.html	saveSum	clicked		POST /api/ela/summary ; GET /api/ela			4			0	0
eventlog.html	jamSetting	clicked		GET /api/ela	open Status.Security.html		4			0	0
eventlog.html	oeeMonth	not-visible									
testercomm.html	g-spbAutoRetest	not-visible									
