id	file	if0_line	endif_line	function	nearest_case_heuristic	runtime_conditions	outer_preprocessor	outer_literal_zero	exact_zero_expression	historical_candidate	historical_line	tier	historical_reason_still_true	historical_probe	historical_link_check	risk_flags	original_reason	identity_match	historical_location_quality	alternative	body_sha256	alternative_sha256	customers	models	action_calls	write_calls	calls	parse_has_error	review_status	current_compile_link	hardware_verification	alternative_match	review_no	priority	disposition	family	flow_owner	behavior_delta	dependency	acceptance	ht9050_reachability	reviewed_scope	reviewed_function	golden_code_evidence	golden_token_matches	golden_files_checked
NBG-14ea0ce0ed45	Adam6024Comm_St02.cpp	903	912	TfAdam6024::ClientSocket1Error				False	True	True	903	LOW	likely-no	PASS	LINK-OK		golden :2070-2077, dead after Abort() in golden too	BODY_EXACT	EXACT_LINE	NO_ELSE	ce8ab3ce6001f63ac8f32ea526777bd3d8ab1528209f19a4db5522c46460faec	e3b0c44298fc1c149afbf4c8996fb92427ae41e4649b934ca495991b7852b855					ClientSocket1->Close, LogClientSocketExceptionError	True	STATIC_BODY_REVIEWED_RUNTIME_PENDING	NOT_RUN	NOT_RUN	SAME	1	P1	REVIEW_EXISTING_DEPENDENCY	ADAM transport	ST01 + St02 (implementation)	ADAM socket 錯誤時未呼叫 Close，可能沿用故障連線。	ClientSocket1 的真傳輸、Close 與物件生命周期。	斷線、重連與例外路徑；確認底層是否已有等效關閉。	CONDITIONAL_UNVERIFIED: static predicates recorded; actual configuration/call schedule not executed	PARSER_FUNCTION_CONTEXT	TfAdam6024::ClientSocket1Error	TOKEN_SPAN_MATCH	906:adam6024.cpp(1 spans) | 912:adam6024.cpp(1 spans) | FRANK910:adam6024.cpp(1 spans)	906:adam6024.cpp | 906:Automation/automation.cpp | 912:adam6024.cpp | 912:Automation/automation.cpp | FRANK910:adam6024.cpp | FRANK910:Automation/automation.cpp
NBG-b4503298af2d	Adam6024Integrate_St02.cpp	244	263	W906_AdamTimer2Tick		"NOT (W906_FormShowing(""fContact"", fContact->fShow) || W906_FormShowing(""fiosetview"", fiosetview->fShow) || //set EP force : start // golden :21677 fContact->fShow || fiosetview->fShow ([W906] D1) (IniConfig.bIndexEveryTimeCheckEP==true && IniConfig.bD24EnableEPCheckFuntion==true && bIndexEveryTimeCheckEPing==true)) && (fAirForce!=DeviceForm.fAireForce || ct>=10 || bOpenChambo)"		False	True	True	244	LOW	likely-no	PASS	LINK-OK		[W906] D5 S25 (RULINGS_20260925 S25): SPIL-only CKD FCM flow, golden 912 main.cpp:21781-21798 (906 :21162-21179) VERBATIM; golden has no else arm	BODY_EXACT	EXACT_LINE	NO_ELSE	75435933740beb2d3b1d653c3c5368e1a1b047be2034138a0bc90f0438408f66	e3b0c44298fc1c149afbf4c8996fb92427ae41e4649b934ca495991b7852b855					ADAM_DirectWriteData	False	STATIC_BODY_REVIEWED_RUNTIME_PENDING	NOT_RUN	NOT_RUN	SAME	2	P1	IMPLEMENT_DEPENDENCY	customer EP output	Frank + ST01	SPIL FCM 清潔氣壓不隨啟停或百分比更新。	bSPILFunction、USE_CKD_FCM_CleanAir 與 ADAM 真輸出通道。	適用旗標開啟時驗 0、100、中間值及停機歸零；no-op 成功不是輸出證據。	CONDITIONAL_UNVERIFIED: static predicates recorded; actual configuration/call schedule not executed	PARSER_FUNCTION_CONTEXT	W906_AdamTimer2Tick	NO_EXACT_TOKEN_SPAN_IN_CHECKED_FILES	NONE	906:adam6024.cpp | 906:Automation/automation.cpp | 912:adam6024.cpp | 912:Automation/automation.cpp | FRANK910:adam6024.cpp | FRANK910:Automation/automation.cpp
NBG-e57878b28264	Adam6024Pressure_St02.cpp	230	237	KpaTransferKG		(CosFunction.bEPUseNSSLK==true)		False	True	True	230	LOW	likely-no	PASS	LINK-OK		GATE (S25) AI(W906-ST02-ADAM) 20261002 (St02-E helper H2): CC_ASE_KaohSiung only (D1) -- golden :731-736 VERBATIM, golden's else below stays live	BODY_EXACT	EXACT_LINE	NO_ELSE	98d279008705f186644c383acf32052bade4d8820f519d10f85931c4bcb5b077	e3b0c44298fc1c149afbf4c8996fb92427ae41e4649b934ca495991b7852b855	CC_ASE_KaohSiung					True	STATIC_BODY_REVIEWED_RUNTIME_PENDING	NOT_RUN	NOT_RUN	SAME	3	P1	REVIEW_EXISTING_DEPENDENCY	customer pressure policy	Frank + ST01	ASE/KYEC/JCET/GIGAS 的 NSKit、缸徑或壓力容許差規則被省略。	每列客戶、Kit、EP、TestIF 條件与 ADAM 告警實際本體。	客戶是否適用須查證；壓力公式正負邊界、Kit 與缸徑不同組合。	CONDITIONAL_UNVERIFIED: static predicates recorded; actual configuration/call schedule not executed	PARSER_FUNCTION_CONTEXT	KpaTransferKG	TOKEN_SPAN_MATCH	906:adam6024.cpp(2 spans) | 912:adam6024.cpp(2 spans) | FRANK910:adam6024.cpp(2 spans)	906:adam6024.cpp | 906:Automation/automation.cpp | 912:adam6024.cpp | 912:Automation/automation.cpp | FRANK910:adam6024.cpp | FRANK910:Automation/automation.cpp
NBG-2f0f9584b238	Adam6024Pressure_St02.cpp	345	357	KpaTransferKG		NOT (bDualForce==true && INSTALL_DOUBLE_EP==DOUBLE_EP_INDIVIAL) && NOT (CosFunction.bUseDynamicKitDiameter==false) && NOT (bDualForce==true)		False	True	True	345	LOW	likely-no	PASS	LINK-OK		GATE (S25) AI(W906-ST02-ADAM) 20261002 (St02-E helper H2): CC_KYEC_LEE only (D1) -- golden :844-854 VERBATIM (if lifted, A3 like adam6024.cpp:504/:508)	BODY_EXACT	EXACT_LINE	NO_ELSE	8f7a6692341e8d4c125755392c0f9db002ede1bce47d533eb1b68db9e5fca0a0	e3b0c44298fc1c149afbf4c8996fb92427ae41e4649b934ca495991b7852b855	CC_KYEC_LEE					True	STATIC_BODY_REVIEWED_RUNTIME_PENDING	NOT_RUN	NOT_RUN	SAME	4	P1	REVIEW_EXISTING_DEPENDENCY	customer pressure policy	Frank + ST01	ASE/KYEC/JCET/GIGAS 的 NSKit、缸徑或壓力容許差規則被省略。	每列客戶、Kit、EP、TestIF 條件与 ADAM 告警實際本體。	客戶是否適用須查證；壓力公式正負邊界、Kit 與缸徑不同組合。	CONDITIONAL_UNVERIFIED: static predicates recorded; actual configuration/call schedule not executed	PARSER_FUNCTION_CONTEXT	KpaTransferKG	TOKEN_SPAN_MATCH	906:adam6024.cpp(3 spans) | 912:adam6024.cpp(3 spans) | FRANK910:adam6024.cpp(3 spans)	906:adam6024.cpp | 906:Automation/automation.cpp | 912:adam6024.cpp | 912:Automation/automation.cpp | FRANK910:adam6024.cpp | FRANK910:Automation/automation.cpp
NBG-51533f27fc99	Adam6024Pressure_St02.cpp	369	443	KpaTransferKG		NOT (bDualForce==true && INSTALL_DOUBLE_EP==DOUBLE_EP_INDIVIAL) && NOT (CosFunction.bUseDynamicKitDiameter==false) && NOT (bDualForce==true)		False	True	True	369	LOW	likely-no	PASS	LINK-OK		GATE (S25) AI(W906-ST02-ADAM) 20261002 (St02-E helper H2): CC_KYEC_LEE only (D1) -- golden :866-938 VERBATIM, golden's else below stays live	BODY_EXACT	EXACT_LINE	NO_ELSE	820ae7b4f169d24611e5a35157498db5904fd6b016d549ee163f3c5a1e55c900	e3b0c44298fc1c149afbf4c8996fb92427ae41e4649b934ca495991b7852b855	CC_KYEC_LEE					True	STATIC_BODY_REVIEWED_RUNTIME_PENDING	NOT_RUN	NOT_RUN	SAME	5	P1	REVIEW_EXISTING_DEPENDENCY	customer pressure policy	Frank + ST01	ASE/KYEC/JCET/GIGAS 的 NSKit、缸徑或壓力容許差規則被省略。	每列客戶、Kit、EP、TestIF 條件与 ADAM 告警實際本體。	客戶是否適用須查證；壓力公式正負邊界、Kit 與缸徑不同組合。	CONDITIONAL_UNVERIFIED: static predicates recorded; actual configuration/call schedule not executed	PARSER_FUNCTION_CONTEXT	KpaTransferKG	TOKEN_SPAN_MATCH	906:adam6024.cpp(2 spans) | 912:adam6024.cpp(2 spans) | FRANK910:adam6024.cpp(2 spans)	906:adam6024.cpp | 906:Automation/automation.cpp | 912:adam6024.cpp | 912:Automation/automation.cpp | FRANK910:adam6024.cpp | FRANK910:Automation/automation.cpp
NBG-8199856573c1	Adam6024Pressure_St02.cpp	518	530	MultiTransferKG		NOT (bDualForce==true)		False	True	True	518	LOW	likely-no	PASS	LINK-OK		GATE (S25) AI(W906-ST02-ADAM) 20261002 (St02-E helper H2): CC_KYEC_LEE only (D1) -- golden :1011-1021 VERBATIM (if lifted, A3 like adam6024.cpp:504/:508)	BODY_EXACT	EXACT_LINE	NO_ELSE	09c4dddd2b6d91a842932aa39c3002cff0dcc0f6fbb42bb876c30a97a270a58e	e3b0c44298fc1c149afbf4c8996fb92427ae41e4649b934ca495991b7852b855	CC_KYEC_LEE					True	STATIC_BODY_REVIEWED_RUNTIME_PENDING	NOT_RUN	NOT_RUN	SAME	6	P1	REVIEW_EXISTING_DEPENDENCY	customer pressure policy	Frank + ST01	ASE/KYEC/JCET/GIGAS 的 NSKit、缸徑或壓力容許差規則被省略。	每列客戶、Kit、EP、TestIF 條件与 ADAM 告警實際本體。	客戶是否適用須查證；壓力公式正負邊界、Kit 與缸徑不同組合。	CONDITIONAL_UNVERIFIED: static predicates recorded; actual configuration/call schedule not executed	PARSER_FUNCTION_CONTEXT	MultiTransferKG	TOKEN_SPAN_MATCH	906:adam6024.cpp(3 spans) | 912:adam6024.cpp(3 spans) | FRANK910:adam6024.cpp(3 spans)	906:adam6024.cpp | 906:Automation/automation.cpp | 912:adam6024.cpp | 912:Automation/automation.cpp | FRANK910:adam6024.cpp | FRANK910:Automation/automation.cpp
NBG-cd109995af59	Adam6024Pressure_St02.cpp	618	644	ADAM_Alarm			#ifdef SOFT_SIMULTE	False	True	True	618	LOW	likely-no	PASS	LINK-OK		GATE (S25) AI(W906-ST02-ADAM) 20261002 (St02-E helper H2): CC_JCET / CC_KYEC_LEE only (D1) -- golden :568-592 VERBATIM, golden's else below stays live (a JCET / KYEC machine uses the fixed +-iADAMRange)	BODY_EXACT	EXACT_LINE	NO_ELSE	a248aeb9697e4f96a066d3053e36bb68b12e3cc8d790a07d44e0b9a991a317aa	e3b0c44298fc1c149afbf4c8996fb92427ae41e4649b934ca495991b7852b855	CC_JCET, CC_KYEC_LEE				AlarmMsg.sprintf, MNetLog	True	STATIC_BODY_REVIEWED_RUNTIME_PENDING	NOT_RUN	NOT_RUN	SAME	7	P1	REVIEW_EXISTING_DEPENDENCY	customer pressure policy	Frank + ST01	ASE/KYEC/JCET/GIGAS 的 NSKit、缸徑或壓力容許差規則被省略。	每列客戶、Kit、EP、TestIF 條件与 ADAM 告警實際本體。	客戶是否適用須查證；壓力公式正負邊界、Kit 與缸徑不同組合。	CONDITIONAL_UNVERIFIED: static predicates recorded; actual configuration/call schedule not executed	PARSER_FUNCTION_CONTEXT	ADAM_Alarm	TOKEN_SPAN_MATCH	906:adam6024.cpp(1 spans) | 912:adam6024.cpp(1 spans) | FRANK910:adam6024.cpp(1 spans)	906:adam6024.cpp | 906:Automation/automation.cpp | 912:adam6024.cpp | 912:Automation/automation.cpp | FRANK910:adam6024.cpp | FRANK910:Automation/automation.cpp
NBG-13333556798b	Adam6024Pressure_St02.cpp	823	825	ADAM_ReturnValueCheck		"(EP_Install==3 || EP_Install==5) && (IniConfig.bD26EnableEncodeShow || IniConfig.bD24EnableEPCheckFuntion || IniConfig.bD26EnableEPEncoderRange || W906_FormShowing(""fContact"", fContactForm->fShow) || // [W906] D3 golden fContact->fShow bHome)"	#ifndef SOFT_SIMULTE	False	True	True	823	LOW	likely-no	PASS	LINK-OK		GATE (S25) AI(W906-ST02-ADAM) 20261002 (St02-E helper H2): CC_GIGAS only (D1) -- golden :2729 VERBATIM; without it a GIGAS machine gets the generic check	BODY_EXACT	EXACT_LINE	NO_ELSE	e4c41a8ce403b049ef82610d6e74ddc1d744a39af419618f4779917bfb070204	e3b0c44298fc1c149afbf4c8996fb92427ae41e4649b934ca495991b7852b855	CC_GIGAS					True	STATIC_BODY_REVIEWED_RUNTIME_PENDING	NOT_RUN	NOT_RUN	SAME	8	P1	REVIEW_EXISTING_DEPENDENCY	customer pressure policy	Frank + ST01	ASE/KYEC/JCET/GIGAS 的 NSKit、缸徑或壓力容許差規則被省略。	每列客戶、Kit、EP、TestIF 條件与 ADAM 告警實際本體。	客戶是否適用須查證；壓力公式正負邊界、Kit 與缸徑不同組合。	CONDITIONAL_UNVERIFIED: static predicates recorded; actual configuration/call schedule not executed	PARSER_FUNCTION_CONTEXT	ADAM_ReturnValueCheck	TOKEN_SPAN_MATCH	906:adam6024.cpp(1 spans) | 912:adam6024.cpp(1 spans) | FRANK910:adam6024.cpp(1 spans)	906:adam6024.cpp | 906:Automation/automation.cpp | 912:adam6024.cpp | 912:Automation/automation.cpp | FRANK910:adam6024.cpp | FRANK910:Automation/automation.cpp
NBG-46cb78595b3c	Automation/AGV_E84.cpp	564	568	DoE84Loader	2000			False	True	True	564	MEDIUM	likely-no	PASS	LINK-OK	HAS-#else	TODO(W7-UI): golden AGV.cpp:565 -- ShowMyMessageBox_YES_NO real modal dialog	BODY_CONTEXT_POSITION_EXACT	EXACT_LINE	HAS_ELSE	9d9e4a191c1ab151e3fa486e86950be33400692f369cb143c6a239c4afe0ca76	9b5393badc3e82095a3b1f9857a1c6ea19b0b1eac3ae5e6485040ae3cca1b656					ShowMyMessageBox_YES_NO	False	STATIC_BODY_REVIEWED_RUNTIME_PENDING	NOT_RUN	NOT_RUN	SAME	9	P1	IMPLEMENT_DEPENDENCY	AGV confirmation	ST01	ret=2 固定拒絕，解除後將改成操作員選擇。	Web 非同步 Yes/No 回覆、E84 task 暫停及續跑。	Yes、No、關窗、逾時；engine 不等待同步 modal。	CONDITIONAL_UNVERIFIED: static predicates recorded; actual configuration/call schedule not executed	PARSER_FUNCTION_CONTEXT	DoE84Loader	NO_EXACT_TOKEN_SPAN_IN_CHECKED_FILES	NONE	NONE
NBG-7fc2722170dc	Automation/AGV_E84.cpp	931	935	DoE84Unloader	2000			False	True	True	931	MEDIUM	likely-no	PASS	LINK-OK	HAS-#else	TODO(W7-UI): golden AGV.cpp:910 -- ShowMyMessageBox_YES_NO real modal dialog	BODY_CONTEXT_POSITION_EXACT	EXACT_LINE	HAS_ELSE	9d9e4a191c1ab151e3fa486e86950be33400692f369cb143c6a239c4afe0ca76	9b5393badc3e82095a3b1f9857a1c6ea19b0b1eac3ae5e6485040ae3cca1b656					ShowMyMessageBox_YES_NO	False	STATIC_BODY_REVIEWED_RUNTIME_PENDING	NOT_RUN	NOT_RUN	SAME	10	P1	IMPLEMENT_DEPENDENCY	AGV confirmation	ST01	ret=2 固定拒絕，解除後將改成操作員選擇。	Web 非同步 Yes/No 回覆、E84 task 暫停及續跑。	Yes、No、關窗、逾時；engine 不等待同步 modal。	CONDITIONAL_UNVERIFIED: static predicates recorded; actual configuration/call schedule not executed	PARSER_FUNCTION_CONTEXT	DoE84Unloader	NO_EXACT_TOKEN_SPAN_IN_CHECKED_FILES	NONE	NONE
NBG-e2fedf5db3ae	Automation/HanaRmsMembers_St02.cpp	43	45	THanaRmsMembers::THanaRmsMembers				False	True	True	43	MEDIUM	likely-no	PASS	LINK-OK		GATE(W906-ST02-C10) [W906] 2: fAutomation is made during static initialisation (atester_shims.cpp:370); an ini read here is the BA-SIOF1 hazard (Automation/automation.h:354-361).  PrepareHANARMSConnect loads it before use (golden :3057) -- golden 912 automation.cpp:149	BODY_EXACT	EXACT_LINE	NO_ELSE	dec1acc1806ab8f30d698d3333dc92847e2a4ee52a9bed86a9b56905e82fb71c	e3b0c44298fc1c149afbf4c8996fb92427ae41e4649b934ca495991b7852b855					LoadHANARMSSetting	False	STATIC_BODY_REVIEWED_RUNTIME_PENDING	NOT_RUN	NOT_RUN	SAME	11	P2	KEEP_STATIC_INIT	HANA constructor	ST01	在全域物件建構時讀設定會重開靜態初始化順序問題；已有延後 Prepare 載入。	PrepareHANARMSConnect 與建構順序。	保持延後載入，證明準備使用前已讀入；不重开 ctor IO。	CONDITIONAL_UNVERIFIED: static predicates recorded; actual configuration/call schedule not executed	PARSER_FUNCTION_CONTEXT	THanaRmsMembers::THanaRmsMembers	TOKEN_SPAN_MATCH	912:Automation/automation.cpp(2 spans)	906:adam6024.cpp | 906:Automation/automation.cpp | 912:adam6024.cpp | 912:Automation/automation.cpp | FRANK910:adam6024.cpp | FRANK910:Automation/automation.cpp
NBG-178cb800dd21	BarCode/BarCode_Bottom2DID.cpp	197	200	SendCCDCommand				False	True	True	197	MEDIUM	likely-no	PASS	LINK-OK		TODO(W5-BarCode-socket) golden BarCode.cpp:5305 -- needs vclcompat	BODY_EXACT	EXACT_LINE	NO_ELSE	d16345e9c466ab825c7e875613851d7fc8ceb86e30985547221595818aecbb94	e3b0c44298fc1c149afbf4c8996fb92427ae41e4649b934ca495991b7852b855						True	STATIC_BODY_REVIEWED_RUNTIME_PENDING	NOT_RUN	NOT_RUN	SAME	12	P1	RESTORE_MISSING_BODY	barcode send	ST01	gate 只有描述註解，解除完全不會恢復 SendCCDCommand。	golden BarCode SendCCDCommand 完整本體、真 socket 與 log sink。	補齊 TCP 發送、回覆、錯誤與逾時後再驗讀碼。	CONDITIONAL_UNVERIFIED: static predicates recorded; actual configuration/call schedule not executed	PARSER_FUNCTION_CONTEXT	SendCCDCommand	COMMENT_ONLY	NONE	906:BarCode/BarCode.cpp | 912:BarCode/BarCode.cpp | FRANK910:BarCode/BarCode.cpp
NBG-e2e1f15e7354	BarCode/BarCode_Bottom2DID.cpp	373	380	DoBarcodeCount				False	True	True	373	MEDIUM	likely-no	PASS	LINK-OK		TODO(W7) golden BarCode.cpp:5854-5859 -- fLotInfo->sgBarcode (VCL	BODY_EXACT	EXACT_LINE	NO_ELSE	b9fdda0362cbaab0d5d28945f3037334bc291ca98fd6218a0115a8b6149a43d8	e3b0c44298fc1c149afbf4c8996fb92427ae41e4649b934ca495991b7852b855						True	STATIC_BODY_REVIEWED_RUNTIME_PENDING	NOT_RUN	NOT_RUN	SAME	13	P2	IMPLEMENT_DEPENDENCY	barcode counters	ST01	barcode grid 的五種計數不刷新。	sgBarcode 或真 JSON view model。	顯示值與 C++ 五種計數一致，沒有 UI 也不影響讀碼 task。	CONDITIONAL_UNVERIFIED: static predicates recorded; actual configuration/call schedule not executed	PARSER_FUNCTION_CONTEXT	DoBarcodeCount	TOKEN_SPAN_MATCH	906:BarCode/BarCode.cpp(1 spans) | 912:BarCode/BarCode.cpp(1 spans) | FRANK910:BarCode/BarCode.cpp(1 spans)	906:BarCode/BarCode.cpp | 912:BarCode/BarCode.cpp | FRANK910:BarCode/BarCode.cpp
NBG-675b299b6974	BarCode/BarCode_Helpers.cpp	81	84	uCCDUnloaderClip::~uCCDUnloaderClip				False	True	True	81	MEDIUM	likely-no	PASS	LINK-OK		TODO(W5-BarCode-Helpers-socket) golden BarCode.cpp:11600 -- delete the	BODY_EXACT	EXACT_LINE	NO_ELSE	de29ac134f6e7f51c7786a1b1f263f265267c4e4a181f432d9be29276c0c16eb	e3b0c44298fc1c149afbf4c8996fb92427ae41e4649b934ca495991b7852b855						False	STATIC_BODY_REVIEWED_RUNTIME_PENDING	NOT_RUN	NOT_RUN	SAME	14	P1	IMPLEMENT_DEPENDENCY	barcode ownership	ST01	析構不刪 socketClient；直接加入 delete 仍可能型態不完整或不是 owner。	完整型態、建構配對及唯一 owner。	關閉、重開、析構；一次釋放，无 leak/double-free。	CONDITIONAL_UNVERIFIED: static predicates recorded; actual configuration/call schedule not executed	PARSER_FUNCTION_CONTEXT	uCCDUnloaderClip::~uCCDUnloaderClip	TOKEN_SPAN_MATCH	906:BarCode/BarCode.cpp(1 spans) | 912:BarCode/BarCode.cpp(1 spans) | FRANK910:BarCode/BarCode.cpp(1 spans)	906:BarCode/BarCode.cpp | 912:BarCode/BarCode.cpp | FRANK910:BarCode/BarCode.cpp
NBG-d157b004895e	BarCode_Bottom2DID8CCD.cpp	156	171	Bottom2DID8CCD_SendCCDCommand				False	True	True	156	LOW	likely-no（缺 include）	PASS-WITH-INCLUDE	LINK-OK		TODO(W5-BarCode-socket) golden BarCode.cpp:5305-5526 -- ClientSocket_Bottom_1..8	BODY_EXACT	EXACT_LINE	NO_ELSE	2be3466dd4bfff8d55ae5c38a6cebc665ed061bbacce256701c631e7bd164958	e3b0c44298fc1c149afbf4c8996fb92427ae41e4649b934ca495991b7852b855					ClientSocket_Bottom_1->Socket->SendText, ClientSocket_Bottom_2->Socket->SendText, ClientSocket_Bottom_3->Socket->SendText, ClientSocket_Bottom_4->Socket->SendText, ClientSocket_Bottom_5->Socket->SendText, ClientSocket_Bottom_6->Socket->SendText, ClientSocket_Bottom_7->Socket->SendText, ClientSocket_Bottom_8->Socket->SendText	False	STATIC_BODY_REVIEWED_RUNTIME_PENDING	NOT_RUN	NOT_RUN	SAME	15	P1	IMPLEMENT_DEPENDENCY	8CCD send	ST01	八路 CCD 送命令被省略；離線回成功不表示設備收到。	各 socket Active/Connected、真傳輸與回覆。	各 index 的 CRLF 命令，斷線拒絕、重試及逾時。	CONDITIONAL_UNVERIFIED: static predicates recorded; actual configuration/call schedule not executed	PARSER_FUNCTION_CONTEXT	Bottom2DID8CCD_SendCCDCommand	NO_EXACT_TOKEN_SPAN_IN_CHECKED_FILES	NONE	906:BarCode/BarCode.cpp | 912:BarCode/BarCode.cpp | FRANK910:BarCode/BarCode.cpp
NBG-82fd1eee845c	BarcodeReader.cpp	104	110	TFormBarcodeReader::FormShow		NOT (CUSTOMER_CODE==CC_PTI) && (CosFunction.bFTPUseBarcodeReader==true)	#ifdef SOFT_SIMULTE	False	True	True	104	LOW	likely-no	PASS	LINK-OK		GATE (B-F1) -- fFTPClient (TfFTPClient) has no port anywhere in this tree; see header	BODY_EXACT	EXACT_LINE	NO_ELSE	befbafae1cb9417fbb99b0dba6107135376c81a92504a22d7d884e983b6d2405	e3b0c44298fc1c149afbf4c8996fb92427ae41e4649b934ca495991b7852b855	CC_CYUEAN					True	STATIC_BODY_REVIEWED_RUNTIME_PENDING	NOT_RUN	NOT_RUN	SAME	16	P1	IMPLEMENT_DEPENDENCY	FTP barcode input	ST01	FTP barcode reader 自動輸入或 CYUEAN 長度校驗沒有執行。	fFTPClient 真頁面狀態、bFTPUseBarcodeReader 及計時器。	有/無 FTP、長度上下界、輸入重試与计時來源。	CONDITIONAL_UNVERIFIED: static predicates recorded; actual configuration/call schedule not executed	PARSER_FUNCTION_CONTEXT	TFormBarcodeReader::FormShow	TOKEN_SPAN_MATCH	906:BarcodeReader.cpp(1 spans) | 912:BarcodeReader.cpp(1 spans) | FRANK910:BarcodeReader.cpp(1 spans)	906:BarcodeReader.cpp | 912:BarcodeReader.cpp | FRANK910:BarcodeReader.cpp
NBG-7f8838e7fae2	BarcodeReader.cpp	116	118	TFormBarcodeReader::FormShow			#ifdef SOFT_SIMULTE	False	True	True	116	LOW	likely-no	PASS	LINK-OK		GATE (B-W1) -- RegisterHotKey needs a real HWND (golden Handle); none exists headless	BODY_EXACT	EXACT_LINE	NO_ELSE	6629b6413d16fb41d55a1ae9463dd5e4d15363b8c28373fb8efc33f9560a0cd1	e3b0c44298fc1c149afbf4c8996fb92427ae41e4649b934ca495991b7852b855					RegisterHotKey	True	STATIC_BODY_REVIEWED_RUNTIME_PENDING	NOT_RUN	NOT_RUN	SAME	17	P2	KEEP_NO_RUNTIME	Windows hotkey	ST01	HWND RegisterHotKey 屬桌面 UI，headless 不可直接使用。	Web 快捷鍵、焦點與生命周期。	頁面 Ctrl+V、焦點及登入權限。	CONDITIONAL_UNVERIFIED: static predicates recorded; actual configuration/call schedule not executed	PARSER_FUNCTION_CONTEXT	TFormBarcodeReader::FormShow	TOKEN_SPAN_MATCH	906:BarcodeReader.cpp(1 spans) | 912:BarcodeReader.cpp(1 spans) | FRANK910:BarcodeReader.cpp(1 spans)	906:BarcodeReader.cpp | 912:BarcodeReader.cpp | FRANK910:BarcodeReader.cpp
NBG-e86a1f51d7ee	BarcodeReader.cpp	373	382	TFormBarcodeReader::TimerKeyInTimer				False	True	True	373	LOW	likely-no（缺 include）	PASS-WITH-INCLUDE	LINK-OK		GATE (B-F1) -- fFTPClient has no port; see header	BODY_EXACT	EXACT_LINE	NO_ELSE	fc6c769e471e624b32708adf5b1a075a0eb7f4b7c2bf655f0fbbf54d55bf4876	e3b0c44298fc1c149afbf4c8996fb92427ae41e4649b934ca495991b7852b855	CC_CYUEAN				edtBarcodeNumber->Text.Length	True	STATIC_BODY_REVIEWED_RUNTIME_PENDING	NOT_RUN	NOT_RUN	SAME	18	P1	IMPLEMENT_DEPENDENCY	FTP barcode input	ST01	FTP barcode reader 自動輸入或 CYUEAN 長度校驗沒有執行。	fFTPClient 真頁面狀態、bFTPUseBarcodeReader 及計時器。	有/無 FTP、長度上下界、輸入重試与计時來源。	CONDITIONAL_UNVERIFIED: static predicates recorded; actual configuration/call schedule not executed	PARSER_FUNCTION_CONTEXT	TFormBarcodeReader::TimerKeyInTimer	TOKEN_SPAN_MATCH	906:BarcodeReader.cpp(1 spans) | 912:BarcodeReader.cpp(1 spans) | FRANK910:BarcodeReader.cpp(1 spans)	906:BarcodeReader.cpp | 912:BarcodeReader.cpp | FRANK910:BarcodeReader.cpp
NBG-2f542c1c350c	Command.cpp	1931	1934	TfMain::WriteSetTempStatus		(IniConfig.iI38SETTEMPRespondSetTemp==1)		False	True	True	1931	MEDIUM	likely-no	PASS	LINK-OK		Faithful offline default: ret stays whatever SetTemp() returned (0 on the offline-success path), which already drives the SETTINGOK/SETTINGNG reply below exactly as if ChangeTempMode had itself succeeded.	BODY_EXACT	EXACT_LINE	NO_ELSE	1250476a7c7027da73ea3478b0023d3bc9ff9852ad7fccf5f85c7d212ed119e5	e3b0c44298fc1c149afbf4c8996fb92427ae41e4649b934ca495991b7852b855					ChangeTempMode	True	STATIC_BODY_REVIEWED_RUNTIME_PENDING	NOT_RUN	NOT_RUN	SAME	19	P1	REVIEW_EXISTING_DEPENDENCY	temperature mode	Frank + ST01	SetTemp 後略過 ChangeTempMode，回傳 0 不證明模式已切換。	MainTempMode.cpp 已有真方法；仍需查 caller type、include、target 與模式流程。	SETTEMP、DLL、PAT 的模式、輸出与回應一致；溫控依當期 V912 裁決。	CONDITIONAL_UNVERIFIED: static predicates recorded; actual configuration/call schedule not executed	PARSER_FUNCTION_CONTEXT	TfMain::WriteSetTempStatus	TOKEN_SPAN_MATCH	906:Command.cpp(2 spans) | 912:Command.cpp(2 spans) | FRANK910:Command.cpp(2 spans)	906:Command.cpp | 912:Command.cpp | FRANK910:Command.cpp
NBG-a6a09e8ed5a3	Command.cpp	1952	1955	TfMain::WriteSetTempStatus				False	True	True	1952	MEDIUM	likely-no	PASS	LINK-OK		GATE(FW3-WA) golden :1607 -- same ChangeTempMode absence as above (see that GATE's full citation); ret is left as SetTemp()'s own return value.	BODY_EXACT	EXACT_LINE	NO_ELSE	54b82882f5d6ae8a301c3ca861554d3fcfe52790c2b04ddb3894f248afca556c	e3b0c44298fc1c149afbf4c8996fb92427ae41e4649b934ca495991b7852b855					ChangeTempMode	True	STATIC_BODY_REVIEWED_RUNTIME_PENDING	NOT_RUN	NOT_RUN	SAME	20	P1	REVIEW_EXISTING_DEPENDENCY	temperature mode	Frank + ST01	SetTemp 後略過 ChangeTempMode，回傳 0 不證明模式已切換。	MainTempMode.cpp 已有真方法；仍需查 caller type、include、target 與模式流程。	SETTEMP、DLL、PAT 的模式、輸出与回應一致；溫控依當期 V912 裁決。	CONDITIONAL_UNVERIFIED: static predicates recorded; actual configuration/call schedule not executed	PARSER_FUNCTION_CONTEXT	TfMain::WriteSetTempStatus	TOKEN_SPAN_MATCH	906:Command.cpp(2 spans) | 912:Command.cpp(2 spans) | FRANK910:Command.cpp(2 spans)	906:Command.cpp | 912:Command.cpp | FRANK910:Command.cpp
NBG-4c240308e514	Command.cpp	3454	3466	TfMain::UPHStrings				False	True	True	3454	MEDIUM	likely-no	PASS	LINK-OK	HAS-#else	"grid cell, so it is faithfully in the SAME state golden's own empty-cell arm already handles: `Cells[3][1]==""""` -> return ""0"". Whole body collapses to that arm rather than gating a single unreachable branch."	BODY_EXACT	EXACT_LINE	HAS_ELSE	ad4354f822aee33198d3d1ee7e4bffea92433f60c33ecd2b1934791c1a186ad8	ee868c58b2bb8df5ac4eb66d3881d5a3ea49e913cb717bc90551cba99f8daf9a					asRet.sprintf	True	STATIC_BODY_REVIEWED_RUNTIME_PENDING	NOT_RUN	NOT_RUN	SAME	21	P2	IMPLEMENT_DEPENDENCY	UPH reply	ST01	UPHStrings 固定回 0，而非實際產能值。	UPH 真資料欄位，不能以空 facade 表格充當有效資料。	空、非空與合法數值的協定回應。	CONDITIONAL_UNVERIFIED: static predicates recorded; actual configuration/call schedule not executed	PARSER_FUNCTION_CONTEXT	TfMain::UPHStrings	TOKEN_SPAN_MATCH	906:Command.cpp(1 spans) | 912:Command.cpp(1 spans) | FRANK910:Command.cpp(1 spans)	906:Command.cpp | 912:Command.cpp | FRANK910:Command.cpp
NBG-e4185e5618f4	Command.cpp	8664	8666	TfMain::SetTrayBinByDLL				False	True	True	8664	MEDIUM	likely-no	PASS	LINK-OK		"explicitly forms/fShowBinSelect.h's own documented ""WAVE B QUEUE"" item (golden span :388-757, ~250-widget ctor-population surface; see that header's line 62) -- not yet translated, no stand-in."	BODY_EXACT	EXACT_LINE	NO_ELSE	8b4fe51d0f5a1c6dc3bc3187ee231220c13722de237eb5b8714bd1ca9a67d4ca	e3b0c44298fc1c149afbf4c8996fb92427ae41e4649b934ca495991b7852b855					fShowBinSelect->ShowBinSel	True	STATIC_BODY_REVIEWED_RUNTIME_PENDING	NOT_RUN	NOT_RUN	SAME	22	P1	REVIEW_EXISTING_DEPENDENCY	bin selection	ST01	SetTrayBinByDLL 不呼叫 ShowBinSel，可能未重算或刷新 bin。	真 fShowBinSelect 及既有 Web 共用方法。	bin 寫入、重新計算与目前 tray 使用同一規則。	CONDITIONAL_UNVERIFIED: static predicates recorded; actual configuration/call schedule not executed	PARSER_FUNCTION_CONTEXT	TfMain::SetTrayBinByDLL	TOKEN_SPAN_MATCH	906:Command.cpp(4 spans) | 912:Command.cpp(4 spans) | FRANK910:Command.cpp(4 spans)	906:Command.cpp | 912:Command.cpp | FRANK910:Command.cpp
NBG-cb3e1f654141	Command.cpp	9630	9632	TfMain::SetTempByDLL		(ret==0)		False	True	True	9630	MEDIUM	likely-no	PASS	LINK-OK		"Faithful offline default: `ret` stays whatever SetTemp() returned above (0 on the offline-success path), driving the same ""0 -> return 0"" path below exactly as if ChangeTempMode had itself succeeded."	BODY_EXACT	EXACT_LINE	NO_ELSE	d5d5663e4c4fa8c4f7a4cb9ace2cefc1aaac1689abc85fcd4004112c8f33f79b	e3b0c44298fc1c149afbf4c8996fb92427ae41e4649b934ca495991b7852b855					ChangeTempMode	True	STATIC_BODY_REVIEWED_RUNTIME_PENDING	NOT_RUN	NOT_RUN	SAME	23	P1	REVIEW_EXISTING_DEPENDENCY	temperature mode	Frank + ST01	SetTemp 後略過 ChangeTempMode，回傳 0 不證明模式已切換。	MainTempMode.cpp 已有真方法；仍需查 caller type、include、target 與模式流程。	SETTEMP、DLL、PAT 的模式、輸出与回應一致；溫控依當期 V912 裁決。	CONDITIONAL_UNVERIFIED: static predicates recorded; actual configuration/call schedule not executed	PARSER_FUNCTION_CONTEXT	TfMain::SetTempByDLL	TOKEN_SPAN_MATCH	906:Command.cpp(1 spans) | 912:Command.cpp(1 spans) | FRANK910:Command.cpp(1 spans)	906:Command.cpp | 912:Command.cpp | FRANK910:Command.cpp
NBG-58b9bc8bb95f	Command.cpp	9839	9841	TfMain::ClearSortCountByDLL				False	True	True	9839	MEDIUM	likely-no（缺 include）	PASS-WITH-INCLUDE	LINK-OK		it here. ACTIVE DEFAULT: return 0 unconditionally, exactly as golden's own body does immediately after the (gated) clear call -- there is no separate success/failure branch to preserve.	BODY_EXACT	EXACT_LINE	NO_ELSE	8263e17e2395d64f35442af6c1a4f78c820eab777724fad8cddbddbaaa545e5a	e3b0c44298fc1c149afbf4c8996fb92427ae41e4649b934ca495991b7852b855					fCounterClear->ClearCount	True	STATIC_BODY_REVIEWED_RUNTIME_PENDING	NOT_RUN	NOT_RUN	SAME	24	P1	REVIEW_EXISTING_DEPENDENCY	clear sort count	ST01	ClearSortCountByDLL 可以回成功但沒清指定計數。	forms/fCounterClear.h 已有真型態、cCounterClear.cpp:119 有 ClearCount；核對 caller 可見性及 target。	種非零 count 再清 ctTraySortCount；只清指定族，回應与結果一致。	CONDITIONAL_UNVERIFIED: static predicates recorded; actual configuration/call schedule not executed	PARSER_FUNCTION_CONTEXT	TfMain::ClearSortCountByDLL	TOKEN_SPAN_MATCH	906:Command.cpp(1 spans) | 912:Command.cpp(1 spans) | FRANK910:Command.cpp(1 spans)	906:Command.cpp | 912:Command.cpp | FRANK910:Command.cpp
NBG-6711f76a9540	Command.cpp	11963	11982	TfMain::ChangeSetupFileName				False	True	True	11963	MEDIUM	likely-no（缺 include）	PASS-WITH-INCLUDE	LINK-OK	HAS-#else	GATE(FW3-WD) golden :11120-11127 -- see GATE REGISTER item 10 above. Faithful default: no download channel exists offline, so the recipe change cannot have succeeded.	BODY_EXACT	EXACT_LINE	HAS_ELSE	1344f7e5224b022346684b77a5e06b7f07ae9017270e418b27a68337ea4a1094	2401c2837f432fc51314a87026280fef8ffd5755e9792284ec73dd059890ca08					fFTPClient->ShowFTPModal	True	STATIC_BODY_REVIEWED_RUNTIME_PENDING	NOT_RUN	NOT_RUN	SAME	25	P1	IMPLEMENT_DEPENDENCY	FTP recipe download	ST01	recipe 下載流程不被呼叫；ChangeSetupFileName 的 else 明確回 false。	真 FTP 引擎、非同步狀態、Setup 載入与權限。	成功、失敗、斷線、有 IC 拒絕換檔；不把 facade 成功當套檔完成。	CONDITIONAL_UNVERIFIED: static predicates recorded; actual configuration/call schedule not executed	PARSER_FUNCTION_CONTEXT	TfMain::ChangeSetupFileName	TOKEN_SPAN_MATCH	906:Command.cpp(1 spans) | 912:Command.cpp(1 spans) | FRANK910:Command.cpp(1 spans)	906:Command.cpp | 912:Command.cpp | FRANK910:Command.cpp
NBG-9986a1a03dd8	Command.cpp	14479	14484	TfMain::WriteFTPDownSetupFile		"NOT (IniConfig.bEnableFTP==false || bMachineHasIC==true) && NOT (asChangeSetupFileName == """")"		False	True	True	14479	MEDIUM	likely-no（缺 include）	PASS-WITH-INCLUDE	LINK-OK		GATE(FW3-WE) golden :15071-15074 -- see GATE REGISTER item 16 above.	BODY_EXACT	EXACT_LINE	NO_ELSE	0b5cb891784d97374085bce0f824a03110779be264a8d5fbd400f27e0d3eab82	e3b0c44298fc1c149afbf4c8996fb92427ae41e4649b934ca495991b7852b855					fFTPClient->ShowFTPModal	True	STATIC_BODY_REVIEWED_RUNTIME_PENDING	NOT_RUN	NOT_RUN	SAME	26	P1	IMPLEMENT_DEPENDENCY	FTP recipe download	ST01	recipe 下載流程不被呼叫；ChangeSetupFileName 的 else 明確回 false。	真 FTP 引擎、非同步狀態、Setup 載入与權限。	成功、失敗、斷線、有 IC 拒絕換檔；不把 facade 成功當套檔完成。	CONDITIONAL_UNVERIFIED: static predicates recorded; actual configuration/call schedule not executed	PARSER_FUNCTION_CONTEXT	TfMain::WriteFTPDownSetupFile	TOKEN_SPAN_MATCH	906:Command.cpp(1 spans) | 912:Command.cpp(1 spans) | FRANK910:Command.cpp(1 spans)	906:Command.cpp | 912:Command.cpp | FRANK910:Command.cpp
NBG-58f35700d682	Command.cpp	14892	14894	TfMain::SetSiteMapData		(ret==false)		False	True	True	14892	MEDIUM	likely-no	PASS	LINK-OK		keeps the value `HasICUnderMachine()` already gave it above (`false` -- this branch only runs when that is true) instead of being reassigned by the never-wave ChangeToSiteMap.	BODY_EXACT	EXACT_LINE	NO_ELSE	eea53addd88188416a0fcb3883d500685446a77a39d25f6f55c446c4f5db144a	e3b0c44298fc1c149afbf4c8996fb92427ae41e4649b934ca495991b7852b855					ChangeToSiteMap	True	STATIC_BODY_REVIEWED_RUNTIME_PENDING	NOT_RUN	NOT_RUN	SAME	27	P1	IMPLEMENT_DEPENDENCY	site mapping	Frank + ST01	SetSiteMapData 略過 ChangeToSiteMap，ret 維持先前結果。	site map 字串規格、轉換與機種對應。	合法、錯誤長度、重複與關站 map。	CONDITIONAL_UNVERIFIED: static predicates recorded; actual configuration/call schedule not executed	PARSER_FUNCTION_CONTEXT	TfMain::SetSiteMapData	TOKEN_SPAN_MATCH	906:Command.cpp(2 spans) | 912:Command.cpp(2 spans) | FRANK910:Command.cpp(2 spans)	906:Command.cpp | 912:Command.cpp | FRANK910:Command.cpp
NBG-40deb7aa8459	Command.cpp	16792	16796	TfMain::TCPCommandServerClientRead		"NOT (sData[0]==""HTGR"" && sData[1]==""101"") && NOT (sData[0]==""HTGR"" && sData[1]==""102"") && NOT (sData[0]==""HTGR"" && sData[1]==""103"") && NOT (sData[0]==""HTGR"" && sData[1]==""104"" ) && NOT (sData[0]==""HTGR"" && sData[1]==""105"" ) && NOT (sData[0]==""HTGR"" && sData[1]==""106"") && NOT (sData[0]==""HTGR"" && sData[1]==""107"") && NOT (sData[0]==""HTGR"" && sData[1]==""108"") && NOT (sData[0]==""HTGR"" && sData[1]==""109"") && NOT (sData[0]==""HTGR"" && sData[1]==""201"") && NOT (sData[0]==""HTGR"" && sData[1]==""202"") && NOT (sData[0]==""HTGR"" && sData[1]==""203"") && NOT (sData[0]==""HTGR"" && sData[1]==""204"") && NOT (sData[0]==""HTSET"" && sData[1]==""205"" ) && NOT (sData[0]==""HTGR"" && sData[1]==""206"") && NOT (sData[0]==""HTGR"" && sData[1]==""207"") && NOT (sData[0]==""HTGR"" && sData[1]==""208"") && NOT (sData[0]==""HTGR"" && sData[1]==""209"") && NOT (sData[0]==""HTGR"" && sData[1]==""210"") && NOT (sData[0]==""HTGR"" && sData[1]==""211"") && NOT (sData[0]==""HTGR"" && sData[1]==""212"") && NOT (sData[0]==""HTGR"" && sData[1]==""213"") && NOT (sData[0]==""HTGR"" && sData[1]==""215"") && NOT (sData[0]==""HTGR"" && sData[1]==""250"") && NOT (sData[0]==""HTGR"" && sData[1]==""251"") && NOT (sData[0]==""HTGR"" && sData[1]==""252"") && NOT (sData[0]==""HTGR"" && sData[1]==""253"") && NOT (sData[0]==""HTGR"" && sData[1]==""254"") && NOT (sData[0]==""HTGR"" && sData[1]==""255"") && NOT (sData[0]==""HTGR"" && sData[1]==""256"") && (sData[0]==""HTSET"" && sData[1]==""301"") && (SystemStart==false)"		False	True	True	16792	MEDIUM	likely-no（缺 include）	PASS-WITH-INCLUDE	LINK-OK		GATE(W906-FW-CMD-C) golden :13151-13153 -- see ABSENCE GATE REGISTER item A5.	BODY_EXACT	EXACT_LINE	NO_ELSE	71f465c018a3f9e1af5292a3f1bd7f1744befbb2ebd00f3f36c0b3c04370990a	e3b0c44298fc1c149afbf4c8996fb92427ae41e4649b934ca495991b7852b855					fFTPClient->ShowFTPModal	True	STATIC_BODY_REVIEWED_RUNTIME_PENDING	NOT_RUN	NOT_RUN	SAME	28	P1	IMPLEMENT_DEPENDENCY	FTP recipe download	ST01	recipe 下載流程不被呼叫；ChangeSetupFileName 的 else 明確回 false。	真 FTP 引擎、非同步狀態、Setup 載入与權限。	成功、失敗、斷線、有 IC 拒絕換檔；不把 facade 成功當套檔完成。	CONDITIONAL_UNVERIFIED: static predicates recorded; actual configuration/call schedule not executed	PARSER_FUNCTION_CONTEXT	TfMain::TCPCommandServerClientRead	TOKEN_SPAN_MATCH	906:Command.cpp(1 spans) | 912:Command.cpp(1 spans) | FRANK910:Command.cpp(1 spans)	906:Command.cpp | 912:Command.cpp | FRANK910:Command.cpp
NBG-aaa3e8954981	Command.cpp	17461	17463	TfMain::TCPCommandServerClientRead		"NOT (sData[0]==""HTGR"" && sData[1]==""101"") && NOT (sData[0]==""HTGR"" && sData[1]==""102"") && NOT (sData[0]==""HTGR"" && sData[1]==""103"") && NOT (sData[0]==""HTGR"" && sData[1]==""104"" ) && NOT (sData[0]==""HTGR"" && sData[1]==""105"" ) && NOT (sData[0]==""HTGR"" && sData[1]==""106"") && NOT (sData[0]==""HTGR"" && sData[1]==""107"") && NOT (sData[0]==""HTGR"" && sData[1]==""108"") && NOT (sData[0]==""HTGR"" && sData[1]==""109"") && NOT (sData[0]==""HTGR"" && sData[1]==""201"") && NOT (sData[0]==""HTGR"" && sData[1]==""202"") && NOT (sData[0]==""HTGR"" && sData[1]==""203"") && NOT (sData[0]==""HTGR"" && sData[1]==""204"") && NOT (sData[0]==""HTSET"" && sData[1]==""205"" ) && NOT (sData[0]==""HTGR"" && sData[1]==""206"") && NOT (sData[0]==""HTGR"" && sData[1]==""207"") && NOT (sData[0]==""HTGR"" && sData[1]==""208"") && NOT (sData[0]==""HTGR"" && sData[1]==""209"") && NOT (sData[0]==""HTGR"" && sData[1]==""210"") && NOT (sData[0]==""HTGR"" && sData[1]==""211"") && NOT (sData[0]==""HTGR"" && sData[1]==""212"") && NOT (sData[0]==""HTGR"" && sData[1]==""213"") && NOT (sData[0]==""HTGR"" && sData[1]==""215"") && NOT (sData[0]==""HTGR"" && sData[1]==""250"") && NOT (sData[0]==""HTGR"" && sData[1]==""251"") && NOT (sData[0]==""HTGR"" && sData[1]==""252"") && NOT (sData[0]==""HTGR"" && sData[1]==""253"") && NOT (sData[0]==""HTGR"" && sData[1]==""254"") && NOT (sData[0]==""HTGR"" && sData[1]==""255"") && NOT (sData[0]==""HTGR"" && sData[1]==""256"") && NOT (sData[0]==""HTSET"" && sData[1]==""301"") && NOT (sData[0]==""HTSET"" && sData[1]==""302"") && NOT (sData[0]==""HTSET"" && sData[1]==""303"") && NOT (sData[0]==""HTSET"" && sData[1]==""306"") && NOT (sData[0]==""HTSET"" && sData[1]==""307"") && NOT (sData[0]==""HTSET"" && sData[1]==""308"") && NOT (sData[0]==""HTSET"" && sData[1]==""309"") && NOT (sData[0]==""HTSET"" && sData[1]==""310"") && NOT (sData[0]==""HTSET"" && sData[1]==""311"") && NOT (sData[0]==""HTSET"" && sData[1]==""312"") && NOT (sData[0]==""HTSET"" && sData[1]==""313"") && NOT (sData[0]==""HTSET"" && sData[1]==""314"") && NOT (sData[0]==""HTSET"" && sData[1]==""315"") && NOT (sData[0]==""HTSET"" && sData[1]==""316"") && NOT (sData[0]==""HTSET"" && sData[1]==""317"") && NOT (sData[0]==""HTSET"" && sData[1]==""318"") && NOT (sData[0]==""HTSET"" && sData[1]==""322"") && NOT (sData[0]==""HTSET"" && sData[1]==""323"") && NOT (sData[0]==""HTSET"" && sData[1]==""331"") && NOT (sData[0]==""HTSET"" && sData[1]==""332"") && NOT (sData[0]==""HTSET"" && sData[1]==""333"") && NOT (sData[0]==""HTSET"" && sData[1]==""334"") && NOT (sData[0]==""HTSET"" && sData[1]==""350"") && NOT (sData[0]==""HTSET"" && sData[1]==""354"") && NOT (sData[0]==""HTGR"" && sData[1]==""401"") && NOT (sData[0]==""HTSET"" && sData[1]==""403"") && NOT (sData[0]==""HTSET"" && sData[1]==""404"") && NOT (sData[0]==""HTGR"" && sData[1]==""411"") && NOT (sData[0]==""HTGR"" && sData[1]==""413"") && NOT (sData[0]==""HTGR"" && sData[1]==""415"") && NOT (sData[0]==""HTSET"" && sData[1]==""461"") && NOT (sData[0]==""HTSET"" && sData[1]==""463"") && NOT (sData[0]==""HTSET"" && sData[1]==""464"") && NOT (sData[0]==""HTSET"" && sData[1]==""466"") && NOT (sData[0]==""HTSET"" && sData[1]==""468"") && (sData[0]==""HTSET"" && sData[1]==""469"") && NOT (bRunAutoClean)"		False	True	True	17461	MEDIUM	likely-no	PASS	LINK-OK		"GATE(W906-FW-CMD-C) golden :13661 -- see ABSENCE GATE REGISTER item A10. See this wave's RISK NOTE: sData1 still reports ""OK"" even though the reset click did not fire."	BODY_EXACT	EXACT_LINE	NO_ELSE	27a8da16bc1b9596d787e255d13e24562ff02ff1fa7a3100799bd79e7cd71609	e3b0c44298fc1c149afbf4c8996fb92427ae41e4649b934ca495991b7852b855					fCleaning->btnResetCleanCountClick	True	STATIC_BODY_REVIEWED_RUNTIME_PENDING	NOT_RUN	NOT_RUN	SAME	29	P1	REVIEW_EXISTING_DEPENDENCY	auto clean count	ST01	遠端 cleaning 清計數事件未執行。	fCleaning 真型態、btnResetCleanCountClick 及共用 counter 模型。	重用既有事件，閒置時清正確計數，AutoClean 中不能誤觸。	CONDITIONAL_UNVERIFIED: static predicates recorded; actual configuration/call schedule not executed	PARSER_FUNCTION_CONTEXT	TfMain::TCPCommandServerClientRead	TOKEN_SPAN_MATCH	906:Command.cpp(1 spans) | 912:Command.cpp(1 spans) | FRANK910:Command.cpp(1 spans)	906:Command.cpp | 912:Command.cpp | FRANK910:Command.cpp
NBG-d58b951d2f8f	Command.cpp	17888	17890	TfMain::TCPCommandServerClientRead		"NOT (sData[0]==""HTGR"" && sData[1]==""101"") && NOT (sData[0]==""HTGR"" && sData[1]==""102"") && NOT (sData[0]==""HTGR"" && sData[1]==""103"") && NOT (sData[0]==""HTGR"" && sData[1]==""104"" ) && NOT (sData[0]==""HTGR"" && sData[1]==""105"" ) && NOT (sData[0]==""HTGR"" && sData[1]==""106"") && NOT (sData[0]==""HTGR"" && sData[1]==""107"") && NOT (sData[0]==""HTGR"" && sData[1]==""108"") && NOT (sData[0]==""HTGR"" && sData[1]==""109"") && NOT (sData[0]==""HTGR"" && sData[1]==""201"") && NOT (sData[0]==""HTGR"" && sData[1]==""202"") && NOT (sData[0]==""HTGR"" && sData[1]==""203"") && NOT (sData[0]==""HTGR"" && sData[1]==""204"") && NOT (sData[0]==""HTSET"" && sData[1]==""205"" ) && NOT (sData[0]==""HTGR"" && sData[1]==""206"") && NOT (sData[0]==""HTGR"" && sData[1]==""207"") && NOT (sData[0]==""HTGR"" && sData[1]==""208"") && NOT (sData[0]==""HTGR"" && sData[1]==""209"") && NOT (sData[0]==""HTGR"" && sData[1]==""210"") && NOT (sData[0]==""HTGR"" && sData[1]==""211"") && NOT (sData[0]==""HTGR"" && sData[1]==""212"") && NOT (sData[0]==""HTGR"" && sData[1]==""213"") && NOT (sData[0]==""HTGR"" && sData[1]==""215"") && NOT (sData[0]==""HTGR"" && sData[1]==""250"") && NOT (sData[0]==""HTGR"" && sData[1]==""251"") && NOT (sData[0]==""HTGR"" && sData[1]==""252"") && NOT (sData[0]==""HTGR"" && sData[1]==""253"") && NOT (sData[0]==""HTGR"" && sData[1]==""254"") && NOT (sData[0]==""HTGR"" && sData[1]==""255"") && NOT (sData[0]==""HTGR"" && sData[1]==""256"") && NOT (sData[0]==""HTSET"" && sData[1]==""301"") && NOT (sData[0]==""HTSET"" && sData[1]==""302"") && NOT (sData[0]==""HTSET"" && sData[1]==""303"") && NOT (sData[0]==""HTSET"" && sData[1]==""306"") && NOT (sData[0]==""HTSET"" && sData[1]==""307"") && NOT (sData[0]==""HTSET"" && sData[1]==""308"") && NOT (sData[0]==""HTSET"" && sData[1]==""309"") && NOT (sData[0]==""HTSET"" && sData[1]==""310"") && NOT (sData[0]==""HTSET"" && sData[1]==""311"") && NOT (sData[0]==""HTSET"" && sData[1]==""312"") && NOT (sData[0]==""HTSET"" && sData[1]==""313"") && NOT (sData[0]==""HTSET"" && sData[1]==""314"") && NOT (sData[0]==""HTSET"" && sData[1]==""315"") && NOT (sData[0]==""HTSET"" && sData[1]==""316"") && NOT (sData[0]==""HTSET"" && sData[1]==""317"") && NOT (sData[0]==""HTSET"" && sData[1]==""318"") && NOT (sData[0]==""HTSET"" && sData[1]==""322"") && NOT (sData[0]==""HTSET"" && sData[1]==""323"") && NOT (sData[0]==""HTSET"" && sData[1]==""331"") && NOT (sData[0]==""HTSET"" && sData[1]==""332"") && NOT (sData[0]==""HTSET"" && sData[1]==""333"") && NOT (sData[0]==""HTSET"" && sData[1]==""334"") && NOT (sData[0]==""HTSET"" && sData[1]==""350"") && NOT (sData[0]==""HTSET"" && sData[1]==""354"") && NOT (sData[0]==""HTGR"" && sData[1]==""401"") && NOT (sData[0]==""HTSET"" && sData[1]==""403"") && NOT (sData[0]==""HTSET"" && sData[1]==""404"") && NOT (sData[0]==""HTGR"" && sData[1]==""411"") && NOT (sData[0]==""HTGR"" && sData[1]==""413"") && NOT (sData[0]==""HTGR"" && sData[1]==""415"") && NOT (sData[0]==""HTSET"" && sData[1]==""461"") && NOT (sData[0]==""HTSET"" && sData[1]==""463"") && NOT (sData[0]==""HTSET"" && sData[1]==""464"") && NOT (sData[0]==""HTSET"" && sData[1]==""466"") && NOT (sData[0]==""HTSET"" && sData[1]==""468"") && NOT (sData[0]==""HTSET"" && sData[1]==""469"") && NOT (sData[0]==""HTSET"" && sData[1]==""470"") && NOT (sData[0]==""HTSET"" && sData[1]==""519"") && NOT (sData[0]==""HTSET"" && sData[1]==""520"") && NOT (sData[0]==""HTSET"" && sData[1]==""700"") && NOT (sData[0]==""HTSET"" && sData[1]==""701"") && NOT (sData[0]==""HTSET"" && sData[1]==""702"") && NOT (sData[0]==""HTSET"" && sData[1]==""703"") && NOT (sData[0]==""HTSET"" && sData[1]==""704"") && NOT (sData[0]==""HTSET"" && sData[1]==""706"") && NOT (sData[0]==""HTSET"" && sData[1]==""709"") && NOT (sData[0]==""HTSET"" && sData[1]==""710"") && NOT (sData[0]==""HTSET"" && sData[1]==""711"") && NOT (sData[0]==""HTSET"" && sData[1]==""712"") && NOT (sData[0]==""HTSET"" && sData[1]==""713"") && NOT (sData[0]==""HTSET"" && sData[1]==""720"") && (sData[0]==""HTSET"" && sData[1]==""721"")"		False	True	True	17888	MEDIUM	likely-no	PASS	LINK-OK		"GATE(W906-FW-CMD-C) golden :14021 -- see ABSENCE GATE REGISTER item A13. See this wave's RISK NOTE: the reply below still reports ""OK"" even though SetLotEnd did not fire."	BODY_EXACT	EXACT_LINE	NO_ELSE	818ba2a6e5bf4b01eab2f42838da6a5a746cdc425d9980d228a15f28aff38687	e3b0c44298fc1c149afbf4c8996fb92427ae41e4649b934ca495991b7852b855					fLotInfo->SetLotEnd	True	STATIC_BODY_REVIEWED_RUNTIME_PENDING	NOT_RUN	NOT_RUN	SAME	30	P1	REVIEW_EXISTING_DEPENDENCY	remote lot end	ST01	遠端 LOT END 未呼叫 SetLotEnd。	forms/fLotInfo.cpp 已有方法；全域物件、型態及條件仍須核對。	一次結批、檔案與 SECS 同步，失敗不得回成功。	CONDITIONAL_UNVERIFIED: static predicates recorded; actual configuration/call schedule not executed	PARSER_FUNCTION_CONTEXT	TfMain::TCPCommandServerClientRead	TOKEN_SPAN_MATCH	906:Command.cpp(2 spans) | 912:Command.cpp(2 spans) | FRANK910:Command.cpp(2 spans)	906:Command.cpp | 912:Command.cpp | FRANK910:Command.cpp
NBG-5b0cd754609c	DynamicTemp.cpp	156	159	TfDynamicTemp::btTempICLoadClick		(OpenDialog2->Execute())		False	True	True	156	LOW	likely-no	PASS	LINK-OK		GATE (D1) -- golden :73, real disk read of an arbitrary	BODY_EXACT	EXACT_LINE	NO_ELSE	1543d88585b7bf8aa963a3604015a9ea59f4531d96acd06d6b1e9394ac1e7b5c	e3b0c44298fc1c149afbf4c8996fb92427ae41e4649b934ca495991b7852b855					ListBox1->Items->LoadFromFile	False	STATIC_BODY_REVIEWED_RUNTIME_PENDING	NOT_RUN	NOT_RUN	SAME	31	P2	IMPLEMENT_DEPENDENCY	temperature file picker	ST01	對話框所選溫度清單不載入。	安全讀檔/上傳 API 取代 OpenDialog。	允許路徑、不存在与格式錯誤、套用前檢查。	CONDITIONAL_UNVERIFIED: static predicates recorded; actual configuration/call schedule not executed	PARSER_FUNCTION_CONTEXT	TfDynamicTemp::btTempICLoadClick	TOKEN_SPAN_MATCH	906:DynamicTemp.cpp(1 spans) | 912:DynamicTemp.cpp(1 spans) | FRANK910:DynamicTemp.cpp(1 spans)	906:DynamicTemp.cpp | 912:DynamicTemp.cpp | FRANK910:DynamicTemp.cpp
NBG-fbf6bd97c078	FileRW/HSys.cpp	128	137	HeaterInsOpt_Read				False	True	True	128	LOW	likely-no	PASS	LINK-OK		golden V912 HandlerSys.cpp:50-60 原文（缺鍵時 CheckAndReadIniDataGeneral 補寫 -9999；Q15 改掉）	BODY_EXACT	EXACT_LINE	NO_ELSE	eccea6372b2a30578c63e8b848ad76708de9e03a861d2fe3959454d0e0cc123c	e3b0c44298fc1c149afbf4c8996fb92427ae41e4649b934ca495991b7852b855					CheckAndReadIniDataGeneral, GetHeaterInsOpt	False	STATIC_BODY_REVIEWED_RUNTIME_PENDING	NOT_RUN	NOT_RUN	SAME	32	P1	REVIEW_EXISTING_DEPENDENCY	heater type config	ST01	歷史 HEATER_CTRL_TYPE 回退載入略過，這列不是純 UI。	新 HeaterInsOpt 載入流程与舊品牌回退是否等效。	缺新 key、保留舊 key、各品牌並用，不重複覆蓋設定。	CONDITIONAL_UNVERIFIED: static predicates recorded; actual configuration/call schedule not executed	PARSER_FUNCTION_CONTEXT	HeaterInsOpt_Read	NO_EXACT_TOKEN_SPAN_IN_CHECKED_FILES	NONE	NONE
NBG-8625a8791fef	FileRW/Temperature.cpp	103	107	MainTempOffsetTail		(LastSet.iTemperature==Tempture_Hot || //jou 2011-12-27 如果溫度值改變時,重新設定溫度 // golden main.cpp:28376 LastSet.iTemperature==Tempture_AmbientHot)		False	True	True	103	LOW	likely-no（缺 include）	PASS-WITH-INCLUDE	LINK-OK		GATE(W906-FRW-S88-THERMO) golden main.cpp:28379-28381 -- 重新啟動溫控任務（bthermo.cpp iThermoTask，把新設定值送到加熱器）＝機台溫控流程，不在 St01 讀寫檔範圍 → Jimmy。VERBATIM	BODY_EXACT	EXACT_LINE	NO_ELSE	325b548e8aff79574a1c31d370be5ad597f61041b5ae6680ba809720ac99d479	e3b0c44298fc1c149afbf4c8996fb92427ae41e4649b934ca495991b7852b855						False	STATIC_BODY_REVIEWED_RUNTIME_PENDING	NOT_RUN	NOT_RUN	SAME	33	P1	REVIEW_EXISTING_DEPENDENCY	temperature state reset	ST01	溫度 offset tail 不重置 heater OK、錯誤或 task。	真溫控旗標与 MainTempOffsetTail 呼叫時序。	讀 offset 後重新等待實際溫度，不沿用上一批 ready。	CONDITIONAL_UNVERIFIED: static predicates recorded; actual configuration/call schedule not executed	PARSER_FUNCTION_CONTEXT	MainTempOffsetTail	NO_EXACT_TOKEN_SPAN_IN_CHECKED_FILES	NONE	NONE
NBG-48eefcc1c638	MainTempMode.cpp	246	248	TfMain::ChangeTempMode	_16Site4X4	(AccessLevel>=LevelSet.AccessLevel[7] || bRefresh || //kevin 20110401 bGPIB)		False	True	True	246	LOW	likely-no（缺 include）	PASS-WITH-INCLUDE	LINK-OK		GATE(dep-fOffSet-ReadFile): golden :21904	BODY_EXACT	EXACT_LINE	NO_ELSE	98fb7cb3843101eea36a6e2215d44129a736b116affe551d2b7579bf713cabb3	e3b0c44298fc1c149afbf4c8996fb92427ae41e4649b934ca495991b7852b855					fOffSet->ReadFile	False	STATIC_BODY_REVIEWED_RUNTIME_PENDING	NOT_RUN	NOT_RUN	SAME	34	P1	REVIEW_EXISTING_DEPENDENCY	offset load order	ST01	ChangeTempMode 不呼叫 fOffSet ReadFile；新 FileRW 可能已代替。	LASTSET→OFFSET 順序、真物件与路徑。	切模式後資料同源，重複載入不得覆蓋已套工作檔。	CONDITIONAL_UNVERIFIED: static predicates recorded; actual configuration/call schedule not executed	PARSER_FUNCTION_CONTEXT	TfMain::ChangeTempMode	TOKEN_SPAN_MATCH	906:main.cpp(2 spans) | 912:main.cpp(2 spans) | FRANK910:main.cpp(2 spans)	906:main.cpp | 912:main.cpp | FRANK910:main.cpp
NBG-827156c669f7	MainTimer3.cpp	484	510	W906_Timer3Timer				False	True	True	484	LOW	likely-no	PASS	LINK-OK		GATE G14 (AI(W906-S14) 20261001): S25 (CC_KYEC_LEE / CC_KYEC_XILINX, [A11]) -- the customer branch is gated, golden's	BODY_EXACT	EXACT_LINE	NO_ELSE	7d877dabe9e4f55cfccd94d48ef307d7b0e1a009a1cc6c1b22a80dd907656485	e3b0c44298fc1c149afbf4c8996fb92427ae41e4649b934ca495991b7852b855	CC_KYEC_LEE, CC_KYEC_XILINX					True	STATIC_BODY_REVIEWED_RUNTIME_PENDING	NOT_RUN	NOT_RUN	SAME	35	P1	IMPLEMENT_DEPENDENCY	operator barcode expiry	ST01	KYEC operator barcode 的 A11 保存時間略過。	Operator ID 真欄位、每秒 tick 與 A11 配置。	未到、到時、offset index12；確定頻率一次/秒。	CONDITIONAL_UNVERIFIED: static predicates recorded; actual configuration/call schedule not executed	PARSER_FUNCTION_CONTEXT	W906_Timer3Timer	TOKEN_SPAN_MATCH	906:main.cpp(1 spans) | 912:main.cpp(1 spans) | FRANK910:main.cpp(1 spans)	906:main.cpp | 912:main.cpp | FRANK910:main.cpp
NBG-5619f998e699	MainTimer8.cpp	122	135	W906_Timer8Timer				False	True	True	122	LOW	likely-no	PASS	LINK-OK	HAS-#else	GATE T8-2 (AI(W906-S15) 20261001): S25 -- IniConfig.bVTESTFunction is VTEST-only (CosFunction.cpp:2476),	BODY_EXACT	EXACT_LINE	HAS_ELSE	53de4c9cc2e8057f0988b5a6f0f881ae7f2683c58b1b270068480261eebf3342	b112c7834979f80c46c82bf4d7f727072c294a0d484dad393e5d100f1a41f5dd					IsOn, ShowErrorMessage	False	STATIC_BODY_REVIEWED_RUNTIME_PENDING	NOT_RUN	NOT_RUN	SAME	36	P1	IMPLEMENT_DEPENDENCY	VTEST tester alarm	Frank + ST01	VTEST TesterAlarm 的十拍告警沒執行。	bVTESTFunction、SnTesterAlarm、真 tick 与告警 sink。	訊號、計數與清零；先確認客戶/功能適用。	CONDITIONAL_UNVERIFIED: static predicates recorded; actual configuration/call schedule not executed	PARSER_FUNCTION_CONTEXT	W906_Timer8Timer	TOKEN_SPAN_MATCH	906:main.cpp(1 spans) | 912:main.cpp(1 spans) | FRANK910:main.cpp(1 spans)	906:main.cpp | 912:main.cpp | FRANK910:main.cpp
NBG-9e976defc9e8	MainTimerESD.cpp	217	241	W906_TimerESDTimer			#ifndef SOFT_SIMULTE	False	True	True	217	LOW	likely-no	PASS	LINK-OK	HAS-#else	GATE E6 (AI(W906-S13) 20261001): S25 -- IniConfig.bSPILFunction is set for the SPIL customer codes only	BODY_EXACT	EXACT_LINE	HAS_ELSE	9a95ba39d3d35dd77d2572e67fd3065be927f60a7a004ccb8b262219bb7e59ca	ec78ebe249bfde77f12ce6380928b79da00a4c2f1d878dead5c1c7a5a29502e9					AnsiString, CheckAndReadIniData, DirectoryExists, ShowMyMessage, str1.sprintf, str2.sprintf	False	STATIC_BODY_REVIEWED_RUNTIME_PENDING	NOT_RUN	NOT_RUN	SAME	37	P1	IMPLEMENT_DEPENDENCY	SPIL event log path	ST01	SPIL 每 600 拍檢查 event log 路徑的告警沒執行。	實際 path、周期，CheckAndReadIniData 可能寫 default。	有效/無效網路路徑与周期，隔離配置寫入。	CONDITIONAL_UNVERIFIED: static predicates recorded; actual configuration/call schedule not executed	PARSER_FUNCTION_CONTEXT	W906_TimerESDTimer	TOKEN_SPAN_MATCH	906:main.cpp(1 spans) | 912:main.cpp(1 spans) | FRANK910:main.cpp(1 spans)	906:main.cpp | 912:main.cpp | FRANK910:main.cpp
NBG-26e00d7006d3	Motor/myMN200motor.cpp	1255	1266	OpenPCI132Card		(IO_CARD_TYPE==MotionnetIO_MN200 || IO_CARD_TYPE==NewIO_MN200) && ((nErrCode=mn_open_all(&NumLine))==SUCCESS) && (iScanedModuleNum<iTotalModuleNum)	#ifdef SOFT_SIMULTE	False	True	True	1255	HIGH	likely-no	PASS	LINK-OK	HAS-#else	TfNote (forms/fNote.h) has no tvMNet member and this tree has no TTreeView port anywhere.  See file banner GATE (a).  The real customer-visible alarm below is NOT gated -- it fires exactly as golden.	BODY_EXACT	EXACT_LINE	HAS_ELSE	42e5195e28e03becf8610cb445af76083dde433498f5b80dcafe36e4f657dbb6	6ed0dbd3d7b30a9ee15d097263a237fe77ffbae9114e0d2b009c04a7d0839648					ShowErrorMessage, ShowMNetTree, fNote->tvMNet->BringToFront	True	STATIC_BODY_REVIEWED_RUNTIME_PENDING	NOT_RUN	NOT_RUN	SAME	38	P2	KEEP_NO_RUNTIME	MN200 diagnostics	ST01	MN200 MNet 診斷樹缺失，WAR1696 在現行 else 仍會報。	MN200/PCI132 專屬診斷頁；不能當 PCI1203 必需功能。	保留相同告警，需要該硬體時才接診斷樹。	CONDITIONAL_UNVERIFIED: static predicates recorded; actual configuration/call schedule not executed	PARSER_FUNCTION_CONTEXT	OpenPCI132Card	TOKEN_SPAN_MATCH	906:Motor/myMN200motor.cpp(1 spans) | 912:Motor/myMN200motor.cpp(1 spans) | FRANK910:Motor/myMN200motor.cpp(1 spans)	906:Motor/myMN200motor.cpp | 912:Motor/myMN200motor.cpp | FRANK910:Motor/myMN200motor.cpp
NBG-8dd5f0b81b67	Motor/myMN200motor.cpp	1273	1275	OpenPCI132Card		(IO_CARD_TYPE==MotionnetIO_MN200 || IO_CARD_TYPE==NewIO_MN200) && ((nErrCode=mn_open_all(&NumLine))==SUCCESS)	#ifdef SOFT_SIMULTE	False	True	True	1273	HIGH	likely-no	PASS	LINK-OK		TfiosetviewShim (atester_shims.h) has no tvMNet member either.  See file banner GATE (b).  No-op: the arrays this would have displayed (myLine[], MyLaneIO.iUseMNetIP[][]) are already written above regardless of this call.	BODY_EXACT	EXACT_LINE	NO_ELSE	3b21efd59187fe8a328cdca81d38cd929e51ef1d2d744665964483b91b040c6b	e3b0c44298fc1c149afbf4c8996fb92427ae41e4649b934ca495991b7852b855					ShowMNetTree	True	STATIC_BODY_REVIEWED_RUNTIME_PENDING	NOT_RUN	NOT_RUN	SAME	39	P2	KEEP_NO_RUNTIME	MN200 diagnostics	ST01	MN200 MNet 診斷樹缺失，WAR1696 在現行 else 仍會報。	MN200/PCI132 專屬診斷頁；不能當 PCI1203 必需功能。	保留相同告警，需要該硬體時才接診斷樹。	CONDITIONAL_UNVERIFIED: static predicates recorded; actual configuration/call schedule not executed	PARSER_FUNCTION_CONTEXT	OpenPCI132Card	TOKEN_SPAN_MATCH	906:Motor/myMN200motor.cpp(1 spans) | 912:Motor/myMN200motor.cpp(1 spans) | FRANK910:Motor/myMN200motor.cpp(1 spans)	906:Motor/myMN200motor.cpp | 912:Motor/myMN200motor.cpp | FRANK910:Motor/myMN200motor.cpp
NBG-4e375340226c	ProductionInfo/uPAT_Function.cpp	1839	1851	PAT_Function::GetJobTemperatureToSetting				False	True	True	1839	LOW	likely-no	PASS	LINK-OK	HAS-#else	---- golden text VERBATIM (golden :1166-1173) ----	BODY_EXACT	EXACT_LINE	HAS_ELSE	d95648db996c098e09c4ffeb86131b483fa6c0bad5cc57d67c9bbed4cb87416b	09f65e024d5312c493dfa958f4802a15a699ec766d791967cbd49388af7b9326					atof, fMain->ChangeTempMode, fMain->edWorkTemperBase->Text.c_str	False	STATIC_BODY_REVIEWED_RUNTIME_PENDING	NOT_RUN	NOT_RUN	SAME	40	P1	REVIEW_EXISTING_DEPENDENCY	temperature mode	Frank + ST01	SetTemp 後略過 ChangeTempMode，回傳 0 不證明模式已切換。	MainTempMode.cpp 已有真方法；仍需查 caller type、include、target 與模式流程。	SETTEMP、DLL、PAT 的模式、輸出与回應一致；溫控依當期 V912 裁決。	CONDITIONAL_UNVERIFIED: static predicates recorded; actual configuration/call schedule not executed	PARSER_FUNCTION_CONTEXT	PAT_Function::GetJobTemperatureToSetting	TOKEN_SPAN_MATCH	906:ProductionInfo/uPAT_Function.cpp(1 spans) | 912:ProductionInfo/uPAT_Function.cpp(1 spans) | FRANK910:ProductionInfo/uPAT_Function.cpp(1 spans)	906:ProductionInfo/uPAT_Function.cpp | 912:ProductionInfo/uPAT_Function.cpp | FRANK910:ProductionInfo/uPAT_Function.cpp
NBG-3f41ffda94f0	ProductionInfo/uPAT_Function.cpp	2051	2057	PAT_Function::SetJobTesterToSetting				False	True	True	2051	LOW	likely-no（缺 include）	PASS-WITH-INCLUDE	LINK-OK	HAS-#else	---- golden text VERBATIM (golden :1350-1352) ----	BODY_EXACT	EXACT_LINE	HAS_ELSE	32ece6a2ea655b4daf27255f7c8b51c793c19c961b0c5d52b7233e3e6bc27d86	969d3d68a7252acc377cfc1408275dfee806cf474d24b22dc75c4a4cc59d4fba					StrToIntDef	False	STATIC_BODY_REVIEWED_RUNTIME_PENDING	NOT_RUN	NOT_RUN	SAME	41	P1	IMPLEMENT_DEPENDENCY	PAT tester settings	ST01	PAT tester 模式、interface、address 沒從設定複製。	真 FTestIF 與 TestIF_File 同源，不能讀空 facade。	套 job 後核對通道/地址/模式，拒絕不相容組合。	CONDITIONAL_UNVERIFIED: static predicates recorded; actual configuration/call schedule not executed	PARSER_FUNCTION_CONTEXT	PAT_Function::SetJobTesterToSetting	TOKEN_SPAN_MATCH	906:ProductionInfo/uPAT_Function.cpp(1 spans) | 912:ProductionInfo/uPAT_Function.cpp(1 spans) | FRANK910:ProductionInfo/uPAT_Function.cpp(1 spans)	906:ProductionInfo/uPAT_Function.cpp | 912:ProductionInfo/uPAT_Function.cpp | FRANK910:ProductionInfo/uPAT_Function.cpp
NBG-baf10d8b0192	RotateKit/aRotateKIT.cpp	241	245	UNKNOWN				False	True	True	241	LOW	likely-no	PASS	LINK-OK	HAS-#else	TODO(W7): golden csystem.cpp:723 ArmCanSuck4IC -- declared csystem.h:162, no compiled body in this tree	BODY_EXACT	EXACT_LINE	HAS_ELSE	85ff9cbea785159af0d190735b5c2be8ce7f9ac7da26680def43924eaf75364f	c792de790c26f8dbdf180f1c2749e4319a1e513c7be239687aa179ae6e20a51d					ArmCanSuck4IC, W906RK_ARMCANSUCK4IC	False	STATIC_BODY_REVIEWED_RUNTIME_PENDING	NOT_RUN	NOT_RUN	SAME	42	P1	IMPLEMENT_DEPENDENCY	rotation policy macros	Frank + ST01	旋轉 macro 改用固定 DUT4、0 pitch/count/offset、false 顯示或 true 可吸；解除會改幾何/放行。	真 tRotate recipe、FrmRotate、ArmCanSuck4IC；四嘴一 IC 不等於四 IC。	Frank/ST01 先確認適用旋轉站；同族與 151..154 一起驗角度、group、站點、禁止與互鎖。	CONDITIONAL_UNVERIFIED: static predicates recorded; actual configuration/call schedule not executed	MACRO_OR_GLOBAL_DECLARATION	FILE_SCOPE	NO_EXACT_TOKEN_SPAN_IN_CHECKED_FILES	NONE	906:RotateKit/aRotateKIT.cpp | 912:RotateKit/aRotateKIT.cpp | FRANK910:RotateKit/aRotateKIT.cpp
NBG-3e93858b1e11	RotateKit/aRotateKIT_In.cpp	339	343	UNKNOWN				False	True	True	339	LOW	likely-no	PASS	LINK-OK	HAS-#else	TODO(W7): golden RotateKit/fRotate.h:32 TRotate::DutNum -- absent from this tree's tRotateShim (aHotPlateSubstrate.h:824-832)	BODY_EXACT	EXACT_LINE	HAS_ELSE	ff23d6e7bb7723a8de6bf68c4ec0db6b21cdb9e85a361765b6e5f1d8bf1f263a	5c8115f24502979890b6fd2cd862eabfb4a426670f2051da5ed62d97b1252b49					W906RKIN_DUTNUM	False	STATIC_BODY_REVIEWED_RUNTIME_PENDING	NOT_RUN	NOT_RUN	SAME	43	P1	IMPLEMENT_DEPENDENCY	rotation policy macros	Frank + ST01	旋轉 macro 改用固定 DUT4、0 pitch/count/offset、false 顯示或 true 可吸；解除會改幾何/放行。	真 tRotate recipe、FrmRotate、ArmCanSuck4IC；四嘴一 IC 不等於四 IC。	Frank/ST01 先確認適用旋轉站；同族與 151..154 一起驗角度、group、站點、禁止與互鎖。	CONDITIONAL_UNVERIFIED: static predicates recorded; actual configuration/call schedule not executed	MACRO_OR_GLOBAL_DECLARATION	FILE_SCOPE	NO_EXACT_TOKEN_SPAN_IN_CHECKED_FILES	NONE	906:RotateKit/aRotateKIT_In.cpp | 912:RotateKit/aRotateKIT_In.cpp | FRANK910:RotateKit/aRotateKIT_In.cpp
NBG-4f07ea02d585	RotateKit/aRotateKIT_In.cpp	346	352	UNKNOWN				False	True	True	346	LOW	likely-no	PASS	LINK-OK	HAS-#else	TODO(W7): golden RotateKit/fRotate.h:45-46 TRotate::RotateKit_PitchX/_PitchY -- absent from tRotateShim	BODY_EXACT	EXACT_LINE	HAS_ELSE	bc184569a597c3bed8b696ed510cf34b3d338dd2d79df751216d135e0b828f75	453b4abf5f0a9155c23a78e759d9fb9e2890220daec89a5d39c6f69e13bc622e					W906RKIN_ROTKIT_PITCHX, W906RKIN_ROTKIT_PITCHY	False	STATIC_BODY_REVIEWED_RUNTIME_PENDING	NOT_RUN	NOT_RUN	SAME	44	P1	IMPLEMENT_DEPENDENCY	rotation policy macros	Frank + ST01	旋轉 macro 改用固定 DUT4、0 pitch/count/offset、false 顯示或 true 可吸；解除會改幾何/放行。	真 tRotate recipe、FrmRotate、ArmCanSuck4IC；四嘴一 IC 不等於四 IC。	Frank/ST01 先確認適用旋轉站；同族與 151..154 一起驗角度、group、站點、禁止與互鎖。	CONDITIONAL_UNVERIFIED: static predicates recorded; actual configuration/call schedule not executed	MACRO_OR_GLOBAL_DECLARATION	FILE_SCOPE	NO_EXACT_TOKEN_SPAN_IN_CHECKED_FILES	NONE	906:RotateKit/aRotateKIT_In.cpp | 912:RotateKit/aRotateKIT_In.cpp | FRANK910:RotateKit/aRotateKIT_In.cpp
NBG-88eb86f31573	RotateKit/aRotateKIT_In.cpp	355	359	UNKNOWN				False	True	True	355	LOW	likely-no	PASS	LINK-OK	HAS-#else	TODO(W7): golden RotateKit/fRotate.h:39 TRotate::RotationCount[8] -- absent from tRotateShim	BODY_EXACT	EXACT_LINE	HAS_ELSE	446e9d2c918494969815210aaaf87a1a83cefc169d5d91f46a89eb55ee777d42	890ec9bcb7166f52ddb99b6def3ac919263b13eb4e448c2f6d8e7ce9f1512c92					W906RKIN_TROT_ROTATIONCOUNT	False	STATIC_BODY_REVIEWED_RUNTIME_PENDING	NOT_RUN	NOT_RUN	SAME	45	P1	IMPLEMENT_DEPENDENCY	rotation policy macros	Frank + ST01	旋轉 macro 改用固定 DUT4、0 pitch/count/offset、false 顯示或 true 可吸；解除會改幾何/放行。	真 tRotate recipe、FrmRotate、ArmCanSuck4IC；四嘴一 IC 不等於四 IC。	Frank/ST01 先確認適用旋轉站；同族與 151..154 一起驗角度、group、站點、禁止與互鎖。	CONDITIONAL_UNVERIFIED: static predicates recorded; actual configuration/call schedule not executed	MACRO_OR_GLOBAL_DECLARATION	FILE_SCOPE	NO_EXACT_TOKEN_SPAN_IN_CHECKED_FILES	NONE	906:RotateKit/aRotateKIT_In.cpp | 912:RotateKit/aRotateKIT_In.cpp | FRANK910:RotateKit/aRotateKIT_In.cpp
NBG-9dd37b19e7eb	RotateKit/aRotateKIT_In.cpp	362	366	UNKNOWN				False	True	True	362	LOW	likely-no	PASS	LINK-OK	HAS-#else	TODO(W7): golden RotateKit/fRotate.h:57 TRotate::iRotateOffset[2] -- absent from tRotateShim	BODY_EXACT	EXACT_LINE	HAS_ELSE	05872e6c111f5086358a1b47f41b53f54efdb9af234928e3ae914ee17927cd88	25317dbd767e67f777ca6f23350c0b7b1d3c1e4dc84a3a5ecc270c7b14414689					W906RKIN_TROT_IROTATEOFFSET	False	STATIC_BODY_REVIEWED_RUNTIME_PENDING	NOT_RUN	NOT_RUN	SAME	46	P1	IMPLEMENT_DEPENDENCY	rotation policy macros	Frank + ST01	旋轉 macro 改用固定 DUT4、0 pitch/count/offset、false 顯示或 true 可吸；解除會改幾何/放行。	真 tRotate recipe、FrmRotate、ArmCanSuck4IC；四嘴一 IC 不等於四 IC。	Frank/ST01 先確認適用旋轉站；同族與 151..154 一起驗角度、group、站點、禁止與互鎖。	CONDITIONAL_UNVERIFIED: static predicates recorded; actual configuration/call schedule not executed	MACRO_OR_GLOBAL_DECLARATION	FILE_SCOPE	NO_EXACT_TOKEN_SPAN_IN_CHECKED_FILES	NONE	906:RotateKit/aRotateKIT_In.cpp | 912:RotateKit/aRotateKIT_In.cpp | FRANK910:RotateKit/aRotateKIT_In.cpp
NBG-f8ad7db8185c	RotateKit/aRotateKIT_In.cpp	369	373	UNKNOWN				False	True	True	369	LOW	likely-no	PASS	LINK-OK	HAS-#else	TODO(W7): golden RotateKit/fRotate.h:135 TFrmRotate::bShowRotateBySite -- absent from forms/fRotate.h's stand-in	BODY_EXACT	EXACT_LINE	HAS_ELSE	e03ee21fbce15ada2ec20e7047e352d1e9785126e669215222be9942f2b46230	d4c4be8e48060392a6d8b63955ee1833fe6cf8478bcf596e54c3892836f87afa					W906RKIN_SHOWROTATEBYSITE	False	STATIC_BODY_REVIEWED_RUNTIME_PENDING	NOT_RUN	NOT_RUN	SAME	47	P1	IMPLEMENT_DEPENDENCY	rotation policy macros	Frank + ST01	旋轉 macro 改用固定 DUT4、0 pitch/count/offset、false 顯示或 true 可吸；解除會改幾何/放行。	真 tRotate recipe、FrmRotate、ArmCanSuck4IC；四嘴一 IC 不等於四 IC。	Frank/ST01 先確認適用旋轉站；同族與 151..154 一起驗角度、group、站點、禁止與互鎖。	CONDITIONAL_UNVERIFIED: static predicates recorded; actual configuration/call schedule not executed	MACRO_OR_GLOBAL_DECLARATION	FILE_SCOPE	NO_EXACT_TOKEN_SPAN_IN_CHECKED_FILES	NONE	906:RotateKit/aRotateKIT_In.cpp | 912:RotateKit/aRotateKIT_In.cpp | FRANK910:RotateKit/aRotateKIT_In.cpp
NBG-af230b2c87d6	RotateKit/aRotateKIT_In.cpp	383	387	UNKNOWN				False	True	True	383	LOW	likely-no	PASS	LINK-OK	HAS-#else	TODO(W7): golden csystem.cpp:723 ArmCanSuck4IC -- declared csystem.h:162, NO compiled body in this tree (same gate as RotateKit/aRotateKIT.cpp:238-242)	BODY_EXACT	EXACT_LINE	HAS_ELSE	7abcdb4b468c118a78dbdf6098053b8ffd76dd288e28271f4d34737974d989ff	9b02cc0a48d4c01446603a6c60814145e52e0d2e3b6bdc3bc7a9566d68d60c3e					ArmCanSuck4IC, W906RKIN_ARMCANSUCK4IC	False	STATIC_BODY_REVIEWED_RUNTIME_PENDING	NOT_RUN	NOT_RUN	SAME	48	P1	IMPLEMENT_DEPENDENCY	rotation policy macros	Frank + ST01	旋轉 macro 改用固定 DUT4、0 pitch/count/offset、false 顯示或 true 可吸；解除會改幾何/放行。	真 tRotate recipe、FrmRotate、ArmCanSuck4IC；四嘴一 IC 不等於四 IC。	Frank/ST01 先確認適用旋轉站；同族與 151..154 一起驗角度、group、站點、禁止與互鎖。	CONDITIONAL_UNVERIFIED: static predicates recorded; actual configuration/call schedule not executed	MACRO_OR_GLOBAL_DECLARATION	FILE_SCOPE	NO_EXACT_TOKEN_SPAN_IN_CHECKED_FILES	NONE	906:RotateKit/aRotateKIT_In.cpp | 912:RotateKit/aRotateKIT_In.cpp | FRANK910:RotateKit/aRotateKIT_In.cpp
NBG-e4994d836210	RotateKit/aRotateKIT_Out.cpp	333	337	UNKNOWN				False	True	True	333	LOW	likely-no	PASS	LINK-OK	HAS-#else	TODO(W7): golden RotateKit/fRotate.h:32 TRotate::DutNum -- absent from this tree's tRotateShim (aHotPlateSubstrate.h:824-832)	BODY_EXACT	EXACT_LINE	HAS_ELSE	3dc0d1adbddb6141ba9c06d1874a994458f58f387adb907c6f944d5ca23a9287	59b65cc7bb04f701d4dfd759605afa06ec3933550cb1cbdb28741802390b2d73					W906RKO_DUTNUM	False	STATIC_BODY_REVIEWED_RUNTIME_PENDING	NOT_RUN	NOT_RUN	SAME	49	P1	IMPLEMENT_DEPENDENCY	rotation policy macros	Frank + ST01	旋轉 macro 改用固定 DUT4、0 pitch/count/offset、false 顯示或 true 可吸；解除會改幾何/放行。	真 tRotate recipe、FrmRotate、ArmCanSuck4IC；四嘴一 IC 不等於四 IC。	Frank/ST01 先確認適用旋轉站；同族與 151..154 一起驗角度、group、站點、禁止與互鎖。	CONDITIONAL_UNVERIFIED: static predicates recorded; actual configuration/call schedule not executed	MACRO_OR_GLOBAL_DECLARATION	FILE_SCOPE	NO_EXACT_TOKEN_SPAN_IN_CHECKED_FILES	NONE	906:RotateKit/aRotateKIT_Out.cpp | 912:RotateKit/aRotateKIT_Out.cpp | FRANK910:RotateKit/aRotateKIT_Out.cpp
NBG-42f29b52c382	RotateKit/aRotateKIT_Out.cpp	340	344	UNKNOWN				False	True	True	340	LOW	likely-no	PASS	LINK-OK	HAS-#else	TODO(W7): golden RotateKit/fRotate.h TRotate::bPassBinNoRotate (jou 20231020) -- absent from tRotateShim	BODY_EXACT	EXACT_LINE	HAS_ELSE	e3e2448e12659730306f43e5dfce7ff6f499bf55c66dd42929bd8a86d740280a	8220a90216a547cbfc2c220d2c336538772e8183ce4a837c9c7e3ec09f8b2154					W906RKO_TROT_PASSBINNOROTATE	False	STATIC_BODY_REVIEWED_RUNTIME_PENDING	NOT_RUN	NOT_RUN	SAME	50	P1	IMPLEMENT_DEPENDENCY	rotation policy macros	Frank + ST01	旋轉 macro 改用固定 DUT4、0 pitch/count/offset、false 顯示或 true 可吸；解除會改幾何/放行。	真 tRotate recipe、FrmRotate、ArmCanSuck4IC；四嘴一 IC 不等於四 IC。	Frank/ST01 先確認適用旋轉站；同族與 151..154 一起驗角度、group、站點、禁止與互鎖。	CONDITIONAL_UNVERIFIED: static predicates recorded; actual configuration/call schedule not executed	MACRO_OR_GLOBAL_DECLARATION	FILE_SCOPE	NO_EXACT_TOKEN_SPAN_IN_CHECKED_FILES	NONE	906:RotateKit/aRotateKIT_Out.cpp | 912:RotateKit/aRotateKIT_Out.cpp | FRANK910:RotateKit/aRotateKIT_Out.cpp
NBG-de7a0ebd830c	RotateKit/aRotateKIT_Out.cpp	347	351	UNKNOWN				False	True	True	347	LOW	likely-no	PASS	LINK-OK	HAS-#else	TODO(W7): golden RotateKit/fRotate.h TRotate::RotateKit_PitchX -- absent from tRotateShim	BODY_EXACT	EXACT_LINE	HAS_ELSE	eb6ccf29e096530965e6ff191c205ab6a0f5b9a4fc4dfc2feb72f3b70330e411	578659318755e9e99cfc5e9fc1b9bde26308f1f5376ea54821a5c0dbcad45b46					W906RKO_ROTKIT_PITCHX	False	STATIC_BODY_REVIEWED_RUNTIME_PENDING	NOT_RUN	NOT_RUN	SAME	51	P1	IMPLEMENT_DEPENDENCY	rotation policy macros	Frank + ST01	旋轉 macro 改用固定 DUT4、0 pitch/count/offset、false 顯示或 true 可吸；解除會改幾何/放行。	真 tRotate recipe、FrmRotate、ArmCanSuck4IC；四嘴一 IC 不等於四 IC。	Frank/ST01 先確認適用旋轉站；同族與 151..154 一起驗角度、group、站點、禁止與互鎖。	CONDITIONAL_UNVERIFIED: static predicates recorded; actual configuration/call schedule not executed	MACRO_OR_GLOBAL_DECLARATION	FILE_SCOPE	NO_EXACT_TOKEN_SPAN_IN_CHECKED_FILES	NONE	906:RotateKit/aRotateKIT_Out.cpp | 912:RotateKit/aRotateKIT_Out.cpp | FRANK910:RotateKit/aRotateKIT_Out.cpp
NBG-1f28c7d91978	RotateKit/aRotateKIT_Out.cpp	354	358	UNKNOWN				False	True	True	354	LOW	likely-no	PASS	LINK-OK	HAS-#else	TODO(W7): golden RotateKit/fRotate.h TRotate::bUseDifferentAngle -- absent from tRotateShim	BODY_EXACT	EXACT_LINE	HAS_ELSE	d865154482ba4225b7ab6622c5d71ef936187b45fa394f7d472fab4e544cea15	207d546214090e447f8b6058d737093c5135ede044ebfe465145f5f597162518					W906RKO_TROT_USEDIFFERENTANGLE	False	STATIC_BODY_REVIEWED_RUNTIME_PENDING	NOT_RUN	NOT_RUN	SAME	52	P1	IMPLEMENT_DEPENDENCY	rotation policy macros	Frank + ST01	旋轉 macro 改用固定 DUT4、0 pitch/count/offset、false 顯示或 true 可吸；解除會改幾何/放行。	真 tRotate recipe、FrmRotate、ArmCanSuck4IC；四嘴一 IC 不等於四 IC。	Frank/ST01 先確認適用旋轉站；同族與 151..154 一起驗角度、group、站點、禁止與互鎖。	CONDITIONAL_UNVERIFIED: static predicates recorded; actual configuration/call schedule not executed	MACRO_OR_GLOBAL_DECLARATION	FILE_SCOPE	NO_EXACT_TOKEN_SPAN_IN_CHECKED_FILES	NONE	906:RotateKit/aRotateKIT_Out.cpp | 912:RotateKit/aRotateKIT_Out.cpp | FRANK910:RotateKit/aRotateKIT_Out.cpp
NBG-323a94da2739	RotateKit/aRotateKIT_Out.cpp	361	365	UNKNOWN				False	True	True	361	LOW	likely-no	PASS	LINK-OK	HAS-#else	TODO(W7): golden RotateKit/fRotate.h:57 TRotate::iRotateOffset[2] -- absent from tRotateShim	BODY_EXACT	EXACT_LINE	HAS_ELSE	8394eea3812597b7aa3c25c0988f3f6c420184c3deb90226172b16fe814f3504	c775915696c0cf77589dfab501e596a04b8094d39c60db21053aabb6234451b7					W906RKO_TROT_IROTATEOFFSET	False	STATIC_BODY_REVIEWED_RUNTIME_PENDING	NOT_RUN	NOT_RUN	SAME	53	P1	IMPLEMENT_DEPENDENCY	rotation policy macros	Frank + ST01	旋轉 macro 改用固定 DUT4、0 pitch/count/offset、false 顯示或 true 可吸；解除會改幾何/放行。	真 tRotate recipe、FrmRotate、ArmCanSuck4IC；四嘴一 IC 不等於四 IC。	Frank/ST01 先確認適用旋轉站；同族與 151..154 一起驗角度、group、站點、禁止與互鎖。	CONDITIONAL_UNVERIFIED: static predicates recorded; actual configuration/call schedule not executed	MACRO_OR_GLOBAL_DECLARATION	FILE_SCOPE	NO_EXACT_TOKEN_SPAN_IN_CHECKED_FILES	NONE	906:RotateKit/aRotateKIT_Out.cpp | 912:RotateKit/aRotateKIT_Out.cpp | FRANK910:RotateKit/aRotateKIT_Out.cpp
NBG-81522fb89fbb	RotateKit/aRotateKIT_Out.cpp	368	372	UNKNOWN				False	True	True	368	LOW	likely-no	PASS	LINK-OK	HAS-#else	TODO(W7): golden RotateKit/fRotate.h:133 TFrmRotate::bShowRotateBySite -- absent from forms/fRotate.h's stand-in	BODY_EXACT	EXACT_LINE	HAS_ELSE	88622a46c97040104b56f26ffd43ee4e4292af60f61ed4ffc40042cec963ae91	28ecd619d381ad853dd0264cf06f89fac0b4dd9131fbfae9272cdd48c7f56f54					W906RKO_SHOWROTATEBYSITE	False	STATIC_BODY_REVIEWED_RUNTIME_PENDING	NOT_RUN	NOT_RUN	SAME	54	P1	IMPLEMENT_DEPENDENCY	rotation policy macros	Frank + ST01	旋轉 macro 改用固定 DUT4、0 pitch/count/offset、false 顯示或 true 可吸；解除會改幾何/放行。	真 tRotate recipe、FrmRotate、ArmCanSuck4IC；四嘴一 IC 不等於四 IC。	Frank/ST01 先確認適用旋轉站；同族與 151..154 一起驗角度、group、站點、禁止與互鎖。	CONDITIONAL_UNVERIFIED: static predicates recorded; actual configuration/call schedule not executed	MACRO_OR_GLOBAL_DECLARATION	FILE_SCOPE	NO_EXACT_TOKEN_SPAN_IN_CHECKED_FILES	NONE	906:RotateKit/aRotateKIT_Out.cpp | 912:RotateKit/aRotateKIT_Out.cpp | FRANK910:RotateKit/aRotateKIT_Out.cpp
NBG-ceb22d7cc4e5	RotateKit/aRotateKIT_Out.cpp	375	379	UNKNOWN				False	True	True	375	LOW	likely-no	PASS	LINK-OK	HAS-#else	TODO(W7): golden csystem.cpp:723 ArmCanSuck4IC -- declared csystem.h:162, NO compiled body in this tree (same gate as RotateKit/aRotateKIT.cpp:238-242 and aRotateKIT_In.cpp:382-387)	BODY_EXACT	EXACT_LINE	HAS_ELSE	bc01382347c71a7bcdeef3c8d06ce4e44edcd271538673e26bfa7ac1c811062b	70be7301281662247763046f3501fae21a69c7f9b8f446d1320886b77541d358					ArmCanSuck4IC, W906RKO_ARMCANSUCK4IC	False	STATIC_BODY_REVIEWED_RUNTIME_PENDING	NOT_RUN	NOT_RUN	SAME	55	P1	IMPLEMENT_DEPENDENCY	rotation policy macros	Frank + ST01	旋轉 macro 改用固定 DUT4、0 pitch/count/offset、false 顯示或 true 可吸；解除會改幾何/放行。	真 tRotate recipe、FrmRotate、ArmCanSuck4IC；四嘴一 IC 不等於四 IC。	Frank/ST01 先確認適用旋轉站；同族與 151..154 一起驗角度、group、站點、禁止與互鎖。	CONDITIONAL_UNVERIFIED: static predicates recorded; actual configuration/call schedule not executed	MACRO_OR_GLOBAL_DECLARATION	FILE_SCOPE	NO_EXACT_TOKEN_SPAN_IN_CHECKED_FILES	NONE	906:RotateKit/aRotateKIT_Out.cpp | 912:RotateKit/aRotateKIT_Out.cpp | FRANK910:RotateKit/aRotateKIT_Out.cpp
NBG-0ec0df925937	RunStartMode.cpp	1189	1207	W906_CbRunStartModeChange				False	True	True	1189	LOW	likely-no（缺 include）	PASS-WITH-INCLUDE	LINK-OK		GATE(W906-RSMODE) golden :23731-23747 —— AMKOR China／QUALCOMM 切 RT 要輸密碼：fPassword 在移植樹從來沒建（forms/fPassword.cpp:29，NULL），fQwertyKey->ShowQwertyKey 是會卡住等輸入的畫面鍵盤；客戶專屬、排最後（這兩家以外的機台不走這段）	BODY_EXACT	EXACT_LINE	NO_ELSE	e6592324257f418321722cc83ecf57610e759ce023bd42fb7748fadcdf20d162	e3b0c44298fc1c149afbf4c8996fb92427ae41e4649b934ca495991b7852b855	CC_AMKOR_China, CC_QUALCOMM				ShowMyMessage, W906_RsmComboSyncText, fQwertyKey->ShowQwertyKey	False	STATIC_BODY_REVIEWED_RUNTIME_PENDING	NOT_RUN	NOT_RUN	SAME	56	P1	IMPLEMENT_DEPENDENCY	FT RT password	ST01	AMKOR/QUALCOMM FT→RT 密碼檢查略過。	Web 身分/權限與非同步確認取代 fQwertyKey/fPassword。	錯、對、取消；取消或錯誤保持原模式，依原需求還原。	CONDITIONAL_UNVERIFIED: static predicates recorded; actual configuration/call schedule not executed	PARSER_FUNCTION_CONTEXT	W906_CbRunStartModeChange	NO_EXACT_TOKEN_SPAN_IN_CHECKED_FILES	NONE	906:main.cpp | 912:main.cpp | FRANK910:main.cpp
NBG-10aacaf6b772	SECSGEM/uHGemHT9045.cpp	3236	3245	HT9045Gem::S2F15_CheckNewEquipmentConstant				False	True	True	3236	MEDIUM	likely-no	PASS	LINK-OK	HAS-#else	and DEFINED NOWHERE in this tree; the call is a link error -fsyntax-only cannot see.  Golden text kept verbatim below.  Retirement: flip the arms once ReadESDDataFile has a body in a CMakeLists-registered .cpp this archive links.	BODY_EXACT	EXACT_LINE	HAS_ELSE	3711183af8dd6c3457ec50345431e710243c59c7266308ddf9768fd06cb89b99	1329e4bc530fc5252acb2f357aef204bee788c53b420503cd656a9ebc9097938					ReadESDDataFile	True	STATIC_BODY_REVIEWED_RUNTIME_PENDING	NOT_RUN	NOT_RUN	SAME	57	P1	IMPLEMENT_DEPENDENCY	SECS ESD refresh	ST01	EC37800..37887 修改後沒重讀 ESD 檔。	ReadESDDataFile 真路徑與時序。	區間內/外 EC、SV 與硬體資料一致。	CONDITIONAL_UNVERIFIED: static predicates recorded; actual configuration/call schedule not executed	PARSER_FUNCTION_CONTEXT	HT9045Gem::S2F15_CheckNewEquipmentConstant	TOKEN_SPAN_MATCH	906:SECSGEM/uHGemHT9045.cpp(1 spans) | 912:SECSGEM/uHGemHT9045.cpp(1 spans) | FRANK910:SECSGEM/uHGemHT9045.cpp(1 spans)	906:SECSGEM/uHGemHT9045.cpp | 912:SECSGEM/uHGemHT9045.cpp | FRANK910:SECSGEM/uHGemHT9045.cpp
NBG-e06165af6dae	SECSGEM/uHGemHT9045.cpp	3597	3617	HT9045Gem::S2F15_UpdateNewEquipmentConstant	2622	(ActiveWire->GetDataItemLenAndTypeAndDelete(EClen, Type)==1) && (Type==HType.LIST_TYPE) && (ActiveWire->GetDataItemLenAndTypeAndDelete(len, Type)==1)		False	True	True	3597	MEDIUM	likely-no（缺 include）	PASS-WITH-INCLUDE	LINK-OK	HAS-#else	GATE [E5] -- golden :1013-1021.  `fBinSel` (golden cBinSel.h) has NO ported class or object anywhere in this tree.  The #else arm KEEPS all three case labels so the ECIDs stay visibly recognised-but-inert instead of silently leaving the switch.	BODY_EXACT	EXACT_LINE	HAS_ELSE	012fcbf512e2facf8f1150e5e0c4b9c1aba0b7dd6463e7190bb527bd1810078b	d376fbfe84a46cee5278a66862b2781a7d3df543d6100a2efd667c5e84aeffef				Save(	fBinSel->Save	True	STATIC_BODY_REVIEWED_RUNTIME_PENDING	NOT_RUN	NOT_RUN	SAME	58	P1	IMPLEMENT_DEPENDENCY	SECS bin persistence	ST01	EC3616/3617/3677 更新後不寫 FT bin 檔。	fBinSel Save 的真資料及持久化。	每種 EC 修改、存、重載及失敗回應。	CONDITIONAL_UNVERIFIED: static predicates recorded; actual configuration/call schedule not executed	PARSER_FUNCTION_CONTEXT	HT9045Gem::S2F15_UpdateNewEquipmentConstant	TOKEN_SPAN_MATCH	906:SECSGEM/uHGemHT9045.cpp(1 spans) | 912:SECSGEM/uHGemHT9045.cpp(1 spans) | FRANK910:SECSGEM/uHGemHT9045.cpp(1 spans)	906:SECSGEM/uHGemHT9045.cpp | 912:SECSGEM/uHGemHT9045.cpp | FRANK910:SECSGEM/uHGemHT9045.cpp
NBG-13ef9349e91e	SECSGEM/uHGemHT9045.cpp	4183	4193	HT9045Gem::S125F4_LevelSettingChangeAcknowledge				False	True	True	4183	MEDIUM	likely-no（缺 include）	PASS-WITH-INCLUDE	LINK-OK	HAS-#else	GATE [L1] -- golden :6210-6213.  `fSecurity` (golden cSecurity.h) has NO ported class or object, and `SetLevelSet` has zero hits of any kind in this tree.  The S9F7_IllegalData arm is a real inherited virtual (uHGemClass.h:290) and stays ACTIVE.	BODY_EXACT	EXACT_LINE	HAS_ELSE	d94d5e359395c3b20c767c145a2b566e3d360420d0ec84155a300ff913f41dd1	60757c0f09e369e3d9e5bcb38d987dbdcccb7ed6cbf38a84a57cc1e0892c59ff					S9F7_IllegalData, fSecurity->SetLevelSet	True	STATIC_BODY_REVIEWED_RUNTIME_PENDING	NOT_RUN	NOT_RUN	SAME	59	P1	IMPLEMENT_DEPENDENCY	SECS security levels	ST01	合法 LevelSet 可 ACK 但 Security 不重新套權限。	SetLevelSet 与 Web/server 同一權限模型。	當下生效、非法資料仍 S9F7、越權拒絕。	CONDITIONAL_UNVERIFIED: static predicates recorded; actual configuration/call schedule not executed	PARSER_FUNCTION_CONTEXT	HT9045Gem::S125F4_LevelSettingChangeAcknowledge	TOKEN_SPAN_MATCH	906:SECSGEM/uHGemHT9045.cpp(1 spans) | 912:SECSGEM/uHGemHT9045.cpp(1 spans) | FRANK910:SECSGEM/uHGemHT9045.cpp(1 spans)	906:SECSGEM/uHGemHT9045.cpp | 912:SECSGEM/uHGemHT9045.cpp | FRANK910:SECSGEM/uHGemHT9045.cpp
NBG-785a22ffa522	SECSGEM/uHGemHT9045.cpp	5289	5337	HT9045Gem::S2F42_Host_Command_Acknowledge		(ActiveWire->DataItemIn(2, HType.LIST_TYPE, NULL)==1) && NOT (CUSTOMER_CODE==CC_ASE_CL) && NOT (InArmSuck.HasIC() || OutArmSuck.HasIC() || ShuttleHasIC() || IndexHasIC() || MOT[MInRotateKit].HasIC() || MOT[MOutRotateKit].HasIC() ) && NOT (CUSTOMER_CODE==CC_ASE_KaohSiung)		False	True	True	5289	MEDIUM	likely-no（缺 include）	PASS-WITH-INCLUDE	LINK-OK	HAS-#else	===== GATE G06 -- golden SECSGEM/uHGemHT9045.cpp:1900-1932 =====	BODY_EXACT	EXACT_LINE	HAS_ELSE	e29e6113e26632ac3fbbd9f1091c1b3c15ecbe346e94ece45bb116ef188ebb0a	06c937f5b62ddb2907c94da75d0e37f03484f89219de36340cd3e7b7692d6890	CC_JCET				ClearALLCT, fContactCT->sgYield->Refresh, fMain->Clarn_Data, fProductionInfo->CalculateNowArmSiteBinQty, fProductionInfo->UpdateControlBinCount, fYieldMonitoring->ClearAutoSiteOffStatus, fYieldMonitoring->ClearYieldCount	True	STATIC_BODY_REVIEWED_RUNTIME_PENDING	NOT_RUN	NOT_RUN	SAME	60	P1	IMPLEMENT_DEPENDENCY	SECS yield clear	ST01	JCET 可 HCACK=0 但 yield、CT、AutoClean 關站等計數沒有清除。	ContactCT、ProductionInfo、YieldMonitoring 真資料与方法。	各計數先種非零；完整清除才可 ACK 成功。	CONDITIONAL_UNVERIFIED: static predicates recorded; actual configuration/call schedule not executed	PARSER_FUNCTION_CONTEXT	HT9045Gem::S2F42_Host_Command_Acknowledge	TOKEN_SPAN_MATCH	906:SECSGEM/uHGemHT9045.cpp(1 spans) | 912:SECSGEM/uHGemHT9045.cpp(1 spans) | FRANK910:SECSGEM/uHGemHT9045.cpp(1 spans)	906:SECSGEM/uHGemHT9045.cpp | 912:SECSGEM/uHGemHT9045.cpp | FRANK910:SECSGEM/uHGemHT9045.cpp
NBG-b3aebab6fb3b	SECSGEM/uHGemHT9045.cpp	7128	7131	HT9045Gem::S2F42_Host_Command_Acknowledge		"(ActiveWire->DataItemIn(2, HType.LIST_TYPE, NULL)==1) && (ActiveWire->GetDataItemLenAndTypeAndDelete(SVlen, HType.LIST_TYPE)==1) && NOT (SVlen==0) && (SVlen==3) && (ActiveWire->DataItemIn(2, HType.LIST_TYPE,NULL)==1) && (Type==HType.ASCII_TYPE) && NOT (i==0) && NOT (i==1) && (i==2) && (S1==""TEMP_OFFSET"") && (Type==HType.ASCII_TYPE)"		False	True	True	7128	MEDIUM	likely-no	PASS	LINK-OK		former GATE G34 default (golden failure arm :3429-3430), kept for the record   //AI(W906-W9)	BODY_EXACT	EXACT_LINE	NO_ELSE	3755e349abf77df1cf2668584b25054159c20e280d63ce34cb9556fcd2c4b994	e3b0c44298fc1c149afbf4c8996fb92427ae41e4649b934ca495991b7852b855						True	STATIC_BODY_REVIEWED_RUNTIME_PENDING	NOT_RUN	NOT_RUN	SAME	61	P2	KEEP_REPLACEMENT	remote offset reject	ST01	這段是 HCACK=1/break 的拒絕替代，並非 remote offset 完整本體。	完整外層 G34 与現行 else，避免重複 reject。	保留拒絕；要支援必須另補完整 remote offset 路徑。	CONDITIONAL_UNVERIFIED: static predicates recorded; actual configuration/call schedule not executed	PARSER_FUNCTION_CONTEXT	HT9045Gem::S2F42_Host_Command_Acknowledge	TOKEN_SPAN_MATCH	906:SECSGEM/uHGemHT9045.cpp(6 spans) | 912:SECSGEM/uHGemHT9045.cpp(6 spans) | FRANK910:SECSGEM/uHGemHT9045.cpp(6 spans)	906:SECSGEM/uHGemHT9045.cpp | 912:SECSGEM/uHGemHT9045.cpp | FRANK910:SECSGEM/uHGemHT9045.cpp
NBG-c1b30d6992ea	SECSGEM/uHGemHT9045.cpp	7385	7409	HT9045Gem::S2F42_Host_Command_Acknowledge		(ActiveWire->DataItemIn(2, HType.LIST_TYPE, NULL)==1) && (ActiveWire->GetDataItemLenAndTypeAndDelete(SVlen, HType.LIST_TYPE)==1) && NOT (SVlen==0) && (ActiveWire->DataItemIn(2, HType.LIST_TYPE,NULL)==1) && (Type==HType.ASCII_TYPE)		False	True	True	7385	MEDIUM	likely-no	PASS	LINK-OK	HAS-#else	===== GATE G37 -- golden SECSGEM/uHGemHT9045.cpp:3657-3671 =====	BODY_EXACT	EXACT_LINE	HAS_ELSE	d38b69002aee770afbc057fd4907e5cc5a36cb06f313c30f7d4d116275172d44	06c937f5b62ddb2907c94da75d0e37f03484f89219de36340cd3e7b7692d6890					HGemPtr->StringOut, fLotInfo->cbTestTimes->Items->IndexOf, sLog.sprintf	True	STATIC_BODY_REVIEWED_RUNTIME_PENDING	NOT_RUN	NOT_RUN	SAME	62	P1	IMPLEMENT_DEPENDENCY	SECS TEST_TIMES	ST01	START_LOT TEST_TIMES 被略過，落入拒絕。	cbTestTimes 與真 FT/RT 合法清單。	合法套用、未知值 HCACK=3，其他欄位不能被部分錯誤吞掉。	CONDITIONAL_UNVERIFIED: static predicates recorded; actual configuration/call schedule not executed	PARSER_FUNCTION_CONTEXT	HT9045Gem::S2F42_Host_Command_Acknowledge	TOKEN_SPAN_MATCH	906:SECSGEM/uHGemHT9045.cpp(1 spans) | 912:SECSGEM/uHGemHT9045.cpp(1 spans) | FRANK910:SECSGEM/uHGemHT9045.cpp(1 spans)	906:SECSGEM/uHGemHT9045.cpp | 912:SECSGEM/uHGemHT9045.cpp | FRANK910:SECSGEM/uHGemHT9045.cpp
NBG-294e68f79efc	SECSGEM/uHGemHT9045.cpp	7543	7553	UNKNOWN				False	True	True	7543	MEDIUM	likely-no	PASS	LINK-OK	HAS-#else	===== GATE G41 -- golden SECSGEM/uHGemHT9045.cpp:3778 =====	BODY_EXACT	EXACT_LINE	HAS_ELSE	4b70e55ca9dcb59fdcf37b790b2d3fae54657271089a34f70b022f60e3b3e241	06c937f5b62ddb2907c94da75d0e37f03484f89219de36340cd3e7b7692d6890					fLotInfo->InitialLoaderTask	True	STATIC_BODY_REVIEWED_RUNTIME_PENDING	NOT_RUN	NOT_RUN	SAME	63	P1	IMPLEMENT_DEPENDENCY	SECS loader tasks	Frank + ST01	host action flag 已設，但 Loader/Empty/Color task 未初始化，可能 ACK 後無動作。	InitialLoaderTask 真本體、三區安全初態与旗標生命周期。	flag→task→完成→清 flag；沒能排 task 不回成功。	CONDITIONAL_UNVERIFIED: static predicates recorded; actual configuration/call schedule not executed	FUNCTION_MANUALLY_LOCATED	HT9045Gem::S2F42_Host_Command_Acknowledge	TOKEN_SPAN_MATCH	906:SECSGEM/uHGemHT9045.cpp(1 spans) | 912:SECSGEM/uHGemHT9045.cpp(1 spans) | FRANK910:SECSGEM/uHGemHT9045.cpp(1 spans)	906:SECSGEM/uHGemHT9045.cpp | 912:SECSGEM/uHGemHT9045.cpp | FRANK910:SECSGEM/uHGemHT9045.cpp
NBG-2fbe7adf96df	SECSGEM/uHGemHT9045.cpp	7562	7568	UNKNOWN				False	True	True	7562	MEDIUM	likely-no	PASS	LINK-OK	HAS-#else	===== GATE G42 -- golden SECSGEM/uHGemHT9045.cpp:3787 =====	BODY_EXACT	EXACT_LINE	HAS_ELSE	bb88b36f94e56536c29c731e9378a857ac561cc17cee20631e3916f656a440af	06c937f5b62ddb2907c94da75d0e37f03484f89219de36340cd3e7b7692d6890					fLotInfo->InitialLoaderTask	True	STATIC_BODY_REVIEWED_RUNTIME_PENDING	NOT_RUN	NOT_RUN	SAME	64	P1	IMPLEMENT_DEPENDENCY	SECS loader tasks	Frank + ST01	host action flag 已設，但 Loader/Empty/Color task 未初始化，可能 ACK 後無動作。	InitialLoaderTask 真本體、三區安全初態与旗標生命周期。	flag→task→完成→清 flag；沒能排 task 不回成功。	CONDITIONAL_UNVERIFIED: static predicates recorded; actual configuration/call schedule not executed	FUNCTION_MANUALLY_LOCATED	HT9045Gem::S2F42_Host_Command_Acknowledge	TOKEN_SPAN_MATCH	906:SECSGEM/uHGemHT9045.cpp(1 spans) | 912:SECSGEM/uHGemHT9045.cpp(1 spans) | FRANK910:SECSGEM/uHGemHT9045.cpp(1 spans)	906:SECSGEM/uHGemHT9045.cpp | 912:SECSGEM/uHGemHT9045.cpp | FRANK910:SECSGEM/uHGemHT9045.cpp
NBG-11b5534079b7	SECSGEM/uHGemHT9045.cpp	7573	7579	UNKNOWN				False	True	True	7573	MEDIUM	likely-no	PASS	LINK-OK	HAS-#else	===== GATE G43 -- golden SECSGEM/uHGemHT9045.cpp:3792 =====	BODY_EXACT	EXACT_LINE	HAS_ELSE	6f851b21ae44091ea278c3523e5e3e994e025cc223379349f807483ae13f4e8e	06c937f5b62ddb2907c94da75d0e37f03484f89219de36340cd3e7b7692d6890					fLotInfo->InitialLoaderTask	True	STATIC_BODY_REVIEWED_RUNTIME_PENDING	NOT_RUN	NOT_RUN	SAME	65	P1	IMPLEMENT_DEPENDENCY	SECS loader tasks	Frank + ST01	host action flag 已設，但 Loader/Empty/Color task 未初始化，可能 ACK 後無動作。	InitialLoaderTask 真本體、三區安全初態与旗標生命周期。	flag→task→完成→清 flag；沒能排 task 不回成功。	CONDITIONAL_UNVERIFIED: static predicates recorded; actual configuration/call schedule not executed	FUNCTION_MANUALLY_LOCATED	HT9045Gem::S2F42_Host_Command_Acknowledge	TOKEN_SPAN_MATCH	906:SECSGEM/uHGemHT9045.cpp(1 spans) | 912:SECSGEM/uHGemHT9045.cpp(1 spans) | FRANK910:SECSGEM/uHGemHT9045.cpp(1 spans)	906:SECSGEM/uHGemHT9045.cpp | 912:SECSGEM/uHGemHT9045.cpp | FRANK910:SECSGEM/uHGemHT9045.cpp
NBG-89314940f68e	SECSGEM/uHGemHT9045.cpp	7867	7877	UNKNOWN				False	True	True	7867	MEDIUM	likely-no	PASS	LINK-OK	HAS-#else	===== GATE G47 -- golden SECSGEM/uHGemHT9045.cpp:4049 =====	BODY_EXACT	EXACT_LINE	HAS_ELSE	c22c2901d8be729cfd3d1023dbb5b4834f80e57831fed327a2bc21b292963baf	06c937f5b62ddb2907c94da75d0e37f03484f89219de36340cd3e7b7692d6890					fLotInfo->CheckActionFlag	True	STATIC_BODY_REVIEWED_RUNTIME_PENDING	NOT_RUN	NOT_RUN	SAME	66	P1	IMPLEMENT_DEPENDENCY	SECS AMR start	Frank + ST01	KYEC AMR START 收到後 CheckActionFlag 不跑，可能停在 received 卻 ACK 成功。	CheckActionFlag、AMR receive 与實際 START dispatch。	排隊、前置檢查、啟動/拒絕与 ACK 一致。	CONDITIONAL_UNVERIFIED: static predicates recorded; actual configuration/call schedule not executed	FUNCTION_MANUALLY_LOCATED	HT9045Gem::S2F42_Host_Command_Acknowledge	TOKEN_SPAN_MATCH	906:SECSGEM/uHGemHT9045.cpp(1 spans) | 912:SECSGEM/uHGemHT9045.cpp(1 spans) | FRANK910:SECSGEM/uHGemHT9045.cpp(1 spans)	906:SECSGEM/uHGemHT9045.cpp | 912:SECSGEM/uHGemHT9045.cpp | FRANK910:SECSGEM/uHGemHT9045.cpp
NBG-19b74ce5055e	SECSGEM/uHGemHT9045_EC.cpp	764	766	HT9045Gem_AddEC		(CosFunction.bEnable_SECS_GEM==true || //Ifor 20220719 add 有SECS GEM 功能即載入資料避免後續開啟造成異常 CosFunction.bGPIBUseSECSGENData)		False	True	True	764	MEDIUM	likely-no（缺 include）	PASS-WITH-INCLUDE	LINK-OK		GATE g6 -- golden :347-347 (M:tSiteMap); see GATE REGISTER above	BODY_EXACT	EXACT_LINE	NO_ELSE	1564868506482132557d7d8a0e8d120e511c25a9135169ae3067baf230d6d016	e3b0c44298fc1c149afbf4c8996fb92427ae41e4649b934ca495991b7852b855					HGemPtr->SetECDataPointer	False	STATIC_BODY_REVIEWED_RUNTIME_PENDING	NOT_RUN	NOT_RUN	SAME	67	P1	IMPLEMENT_DEPENDENCY	SECS EC3540	ST01	Site mapping EC3540 沒註冊資料 pointer。	真 tSiteMap 資料地址/生命周期、HGem 字串 ABI。	換 recipe 地址仍有效，CSV 關站與 EC 存取一致。	CONDITIONAL_UNVERIFIED: static predicates recorded; actual configuration/call schedule not executed	PARSER_FUNCTION_CONTEXT	HT9045Gem_AddEC	TOKEN_SPAN_MATCH	906:SECSGEM/uHGemHT9045_EC.cpp(1 spans) | 912:SECSGEM/uHGemHT9045_EC.cpp(1 spans) | FRANK910:SECSGEM/uHGemHT9045_EC.cpp(1 spans)	906:SECSGEM/uHGemHT9045_EC.cpp | 912:SECSGEM/uHGemHT9045_EC.cpp | FRANK910:SECSGEM/uHGemHT9045_EC.cpp
NBG-3daa6db0f781	SECSGEM/uHGemHT9045_SV.cpp	848	856	HT9045Gem_AddSV		(CosFunction.bEnable_SECS_GEM==true)		False	True	True	848	MEDIUM	likely-no（缺 include）	PASS-WITH-INCLUDE	LINK-OK		GATE [G13] -- golden :439-445.  SVID 2665-2667 + 2754-2756 -- fTrayAssignment->edAuto1Type..edAuto6Type: the fTrayAssignment global/form does not exist in the port at all.	BODY_EXACT	EXACT_LINE	NO_ELSE	9ed2ee7206c16f14bb2360103f459bfdf970823af7206c1f4029f75541b2600f	e3b0c44298fc1c149afbf4c8996fb92427ae41e4649b934ca495991b7852b855					HGemPtr->SetSVDataPointer	True	STATIC_BODY_REVIEWED_RUNTIME_PENDING	NOT_RUN	NOT_RUN	SAME	68	P2	IMPLEMENT_DEPENDENCY	SECS SV sources	ST01	Tray alias、GroundMan 或 SmartDiagnostic 的 SV 未註冊。	真資料型態、地址生命周期與生產來源；不是只找同名變數。	各 SV 型態、值与時效，無硬體狀態不能假裝有效。	CONDITIONAL_UNVERIFIED: static predicates recorded; actual configuration/call schedule not executed	PARSER_FUNCTION_CONTEXT	HT9045Gem_AddSV	TOKEN_SPAN_MATCH	906:SECSGEM/uHGemHT9045_SV.cpp(1 spans) | 912:SECSGEM/uHGemHT9045_SV.cpp(1 spans) | FRANK910:SECSGEM/uHGemHT9045_SV.cpp(1 spans)	906:SECSGEM/uHGemHT9045_SV.cpp | 912:SECSGEM/uHGemHT9045_SV.cpp | FRANK910:SECSGEM/uHGemHT9045_SV.cpp
NBG-5c9c477771a3	SECSGEM/uHGemHT9045_SV.cpp	1270	1299	HT9045Gem_AddSV		(CosFunction.bEnable_SECS_GEM==true)		False	True	True	1270	MEDIUM	likely-no（缺 include）	PASS-WITH-INCLUDE	LINK-OK		GATE [G17] -- golden :853-880.  SVID 43300-43327 -- fGroundMan->labValue_0_2..labValue_3_5: the fGroundMan global/form does not exist in the port at all.	BODY_EXACT	EXACT_LINE	NO_ELSE	203b161fc3d665bd3f2510de654533ac9737d3b07e156c9fa444e5cd219913a6	e3b0c44298fc1c149afbf4c8996fb92427ae41e4649b934ca495991b7852b855					HGemPtr->SetSVDataPointer	True	STATIC_BODY_REVIEWED_RUNTIME_PENDING	NOT_RUN	NOT_RUN	SAME	69	P2	IMPLEMENT_DEPENDENCY	SECS SV sources	ST01	Tray alias、GroundMan 或 SmartDiagnostic 的 SV 未註冊。	真資料型態、地址生命周期與生產來源；不是只找同名變數。	各 SV 型態、值与時效，無硬體狀態不能假裝有效。	CONDITIONAL_UNVERIFIED: static predicates recorded; actual configuration/call schedule not executed	PARSER_FUNCTION_CONTEXT	HT9045Gem_AddSV	TOKEN_SPAN_MATCH	906:SECSGEM/uHGemHT9045_SV.cpp(1 spans) | 912:SECSGEM/uHGemHT9045_SV.cpp(1 spans) | FRANK910:SECSGEM/uHGemHT9045_SV.cpp(1 spans)	906:SECSGEM/uHGemHT9045_SV.cpp | 912:SECSGEM/uHGemHT9045_SV.cpp | FRANK910:SECSGEM/uHGemHT9045_SV.cpp
NBG-6dc6a06dfcc7	SECSGEM/uHGemHT9045_SV.cpp	1301	1322	HT9045Gem_AddSV		(CosFunction.bEnable_SECS_GEM==true)		False	True	True	1301	MEDIUM	likely-no（缺 include）	PASS-WITH-INCLUDE	LINK-OK		GATE [G18] -- golden :882-901.  SVID 43350-43369 -- fSmartDiagnostic->iPushAvgTime[0..9] / iPopAvgTime[0..9]: the fSmartDiagnostic global/form does not exist in the port at all.	BODY_EXACT	EXACT_LINE	NO_ELSE	200516423cc670dd174ad930fa6556264dab0ac9d6a5e52d9a9fd6ec41bf23b6	e3b0c44298fc1c149afbf4c8996fb92427ae41e4649b934ca495991b7852b855					HGemPtr->SetSVDataPointer	True	STATIC_BODY_REVIEWED_RUNTIME_PENDING	NOT_RUN	NOT_RUN	SAME	70	P2	IMPLEMENT_DEPENDENCY	SECS SV sources	ST01	Tray alias、GroundMan 或 SmartDiagnostic 的 SV 未註冊。	真資料型態、地址生命周期與生產來源；不是只找同名變數。	各 SV 型態、值与時效，無硬體狀態不能假裝有效。	CONDITIONAL_UNVERIFIED: static predicates recorded; actual configuration/call schedule not executed	PARSER_FUNCTION_CONTEXT	HT9045Gem_AddSV	TOKEN_SPAN_MATCH	906:SECSGEM/uHGemHT9045_SV.cpp(1 spans) | 912:SECSGEM/uHGemHT9045_SV.cpp(1 spans) | FRANK910:SECSGEM/uHGemHT9045_SV.cpp(1 spans)	906:SECSGEM/uHGemHT9045_SV.cpp | 912:SECSGEM/uHGemHT9045_SV.cpp | FRANK910:SECSGEM/uHGemHT9045_SV.cpp
NBG-1b3debc80ea9	TempCtrl/TriTemp.cpp	586	588	DoTriTempState		"NOT (DewPoint_Hardware_Install==0) && (W906_FormShowing(""fTeach"", W7TT_FTeach->fShow)==false && iWorkTemp<25)"		False	True	True	586	MEDIUM	likely-no	PASS	LINK-OK		TODO(W7-csystem): golden TempCtrl/TriTemp.cpp:77 -- no translated home	BODY_EXACT	EXACT_LINE	NO_ELSE	3950c76c3a06fb893fa19d50933d578ee30abadf5c4206a838373b631d00c224	e3b0c44298fc1c149afbf4c8996fb92427ae41e4649b934ca495991b7852b855					LowTempIdleCheckSafeDoor	False	STATIC_BODY_REVIEWED_RUNTIME_PENDING	NOT_RUN	NOT_RUN	SAME	71	P0	REVIEW_EXISTING_DEPENDENCY	cold idle door checks	Frank + ST01	TriTemp 冷溫 idle 或露點兩個 caller 未執行；丟棄 return 仍會少告警副作用。	csystem.cpp:15959 已有 LowTempIdleCheckSafeDoor；真 sensor、SIM/SHIP 與排程。	先確認配置可達；SHIP door-off 告警、防抖，SIM 不操作硬體，接回共用路徑。	CONDITIONAL_UNVERIFIED: static predicates recorded; actual configuration/call schedule not executed	PARSER_FUNCTION_CONTEXT	DoTriTempState	TOKEN_SPAN_MATCH	906:TempCtrl/TriTemp.cpp(2 spans) | 912:TempCtrl/TriTemp.cpp(2 spans) | FRANK910:TempCtrl/TriTemp.cpp(2 spans)	906:TempCtrl/TriTemp.cpp | 912:TempCtrl/TriTemp.cpp | FRANK910:TempCtrl/TriTemp.cpp
NBG-df56ccc23ffe	TempCtrl/TriTemp.cpp	799	801	fCheckDewPointStatus		"(TimerCheckInterval.Off()) && (DewPoint_Hardware_Install==1 || DewPoint_Hardware_Install==2) && (Temperature.bATCActiveCooling==true && W7TT_ATC_InterfaceForm->IsConnect()==true) && (bStartCheck==true) && (W906_FormShowing(""fTeach"", W7TT_FTeach->fShow)==false)"		False	True	True	799	MEDIUM	likely-no	PASS	LINK-OK		TODO(W7-csystem): golden TempCtrl/TriTemp.cpp:281 -- no translated home	BODY_EXACT	EXACT_LINE	NO_ELSE	0c92cefc9b8996465f559a76c2a6f1881b9d6b57d723d457062365ee1bd00aca	e3b0c44298fc1c149afbf4c8996fb92427ae41e4649b934ca495991b7852b855					LowTempIdleCheckSafeDoor	False	STATIC_BODY_REVIEWED_RUNTIME_PENDING	NOT_RUN	NOT_RUN	SAME	72	P0	REVIEW_EXISTING_DEPENDENCY	cold idle door checks	Frank + ST01	TriTemp 冷溫 idle 或露點兩個 caller 未執行；丟棄 return 仍會少告警副作用。	csystem.cpp:15959 已有 LowTempIdleCheckSafeDoor；真 sensor、SIM/SHIP 與排程。	先確認配置可達；SHIP door-off 告警、防抖，SIM 不操作硬體，接回共用路徑。	CONDITIONAL_UNVERIFIED: static predicates recorded; actual configuration/call schedule not executed	PARSER_FUNCTION_CONTEXT	fCheckDewPointStatus	TOKEN_SPAN_MATCH	906:TempCtrl/TriTemp.cpp(2 spans) | 912:TempCtrl/TriTemp.cpp(2 spans) | FRANK910:TempCtrl/TriTemp.cpp(2 spans)	906:TempCtrl/TriTemp.cpp | 912:TempCtrl/TriTemp.cpp | FRANK910:TempCtrl/TriTemp.cpp
NBG-2cc8f7f37e53	TesterComm/Handler/HandlerBridgeCtl.cpp	116	120	THandlerTesterSide::ProcessHVisionConnect				False	True	True	116	MEDIUM	likely-no	PASS	LINK-OK		TODO(W906-GB-P2a): G2 -- Interface.exe is not the tester bridge (plan: SPEA); these three windows only feed the SPEA WM_CLOSE posts (G6/G7) -- golden main.cpp:18326-18328	BODY_EXACT	EXACT_LINE	NO_ELSE	f306f61066dbcbf94fcada2081de284c31de95123a08094c387d88569a5d1279	e3b0c44298fc1c149afbf4c8996fb92427ae41e4649b934ca495991b7852b855					FindWindow	True	STATIC_BODY_REVIEWED_RUNTIME_PENDING	NOT_RUN	NOT_RUN	SAME	73	P1	REVIEW_EXISTING_DEPENDENCY	tester bridge window	ST01 + St02 (implementation)	Windows bridge 查詢省略，可能已有新外層通路代替。	真 bridge 發現、IPC 与物件綁定。	真 tester/缺橋接拒絕；32/64 process IPC 結構大小另驗。	CONDITIONAL_UNVERIFIED: static predicates recorded; actual configuration/call schedule not executed	PARSER_FUNCTION_CONTEXT	THandlerTesterSide::ProcessHVisionConnect	NO_EXACT_TOKEN_SPAN_IN_CHECKED_FILES	NONE	906:atester.cpp | 912:atester.cpp | FRANK910:atester.cpp
NBG-188d7d090690	TesterComm/Handler/HandlerBridgeCtl.cpp	1083	1108	THandlerTesterSide::SyncBridgeSettings		(TestIF_File.iGpibMode==InterfaceType_SPEA_Type)		False	True	True	1083	MEDIUM	likely-no	PASS	LINK-OK	HAS-#else	TODO(W906-GB-P2f): F1 SPEA Interface.exe is not the tester bridge (plan: SPEA, same as G2/G6/G7/G10) -- golden main.cpp:22091-22111	BODY_EXACT	EXACT_LINE	HAS_ELSE	ed6795b355cdd63ab3951b7244e88df82ad9737fa2204fb564cc7749d0426da4	10f78ecbba0d42545079a394e211ddf9ace2c56a996386a2188bb5ac5317fe84					TestSocket.UseSiteHasIC, _SendADDRToInterfaceProgram, _SendInformationToInterfaceProgram	True	STATIC_BODY_REVIEWED_RUNTIME_PENDING	NOT_RUN	NOT_RUN	SAME	74	P1	REVIEW_EXISTING_DEPENDENCY	SPEA bridge sync	ST01 + St02 (implementation)	SPEA 地址、mode、pass bin 變更不傳橋接。	SendADDR/SendInformation 真通道与適用 SPEA branch。	無 IC 換地址、各值改一次才發，相同值不重發。	CONDITIONAL_UNVERIFIED: static predicates recorded; actual configuration/call schedule not executed	PARSER_FUNCTION_CONTEXT	THandlerTesterSide::SyncBridgeSettings	NO_EXACT_TOKEN_SPAN_IN_CHECKED_FILES	NONE	906:atester.cpp | 912:atester.cpp | FRANK910:atester.cpp
NBG-cc8c49b3ba69	TesterComm/Handler/HandlerGpibMsg.cpp	434	440	THandlerTesterSide::ProcessARTMessage		NOT (HGpib2Handler->iCommand==MSG_CMD_SCKART_LOTCLEAR) && (HGpib2Handler->iCommand==MSG_CMD_SCKART_LOTRTCLEAR)		False	True	True	434	MEDIUM	likely-no	PASS	LINK-OK		TODO(W906-GB-P2a): G6 else arm of G2: reached only when iCurrentStatus==iLOTSTATUS_A (not TfSCKART members) -- golden main.cpp:16086-16090	BODY_EXACT	EXACT_LINE	NO_ELSE	aa1ee4ab838b03ee003ed970e687575f6831af58412700a705208f8f73a18bb6	e3b0c44298fc1c149afbf4c8996fb92427ae41e4649b934ca495991b7852b855					fSCKART->SetLotStatus	True	STATIC_BODY_REVIEWED_RUNTIME_PENDING	NOT_RUN	NOT_RUN	SAME	75	P1	REVIEW_EXISTING_DEPENDENCY	ART lot state	Frank + ST01	ART LOTRTCLEAR 的 else 不設 lot status 与 step10。	fSCKART 真型態、ART 任務前置。	FT/RT清除、所在狀態與重送不重啟。	CONDITIONAL_UNVERIFIED: static predicates recorded; actual configuration/call schedule not executed	PARSER_FUNCTION_CONTEXT	THandlerTesterSide::ProcessARTMessage	NO_EXACT_TOKEN_SPAN_IN_CHECKED_FILES	NONE	906:atester.cpp | 912:atester.cpp | FRANK910:atester.cpp
NBG-f924c31eb226	TfAOILaserScan.cpp	1166	1168	TfTrayMapFromLoader::~TfTrayMapFromLoader				False	True	True	1166	LOW	likely-no	PASS	LINK-OK		AI(W906-PT-W3) 20260807 GATE (1a): golden `delete trayMapIC;` (golden :950) -- see file banner GATE (1). trayMapIC is externally owned (see banner); faithful default is to attempt nothing.	BODY_EXACT	EXACT_LINE	NO_ELSE	98e7b5a66ab79f5b1cc9824bfcddeb703b5bdeb7b010e5ebcc9849d4f4d49aea	e3b0c44298fc1c149afbf4c8996fb92427ae41e4649b934ca495991b7852b855						False	STATIC_BODY_REVIEWED_RUNTIME_PENDING	NOT_RUN	NOT_RUN	SAME	76	P1	IMPLEMENT_DEPENDENCY	AOI map ownership	ST01	析構不刪 trayMapIC，但可能是共享資料而非 owner。	完整型態、new 配對与唯一 owner。	重開/關閉不 leak、不 double-free，不 delete 共享靜態資料。	CONDITIONAL_UNVERIFIED: static predicates recorded; actual configuration/call schedule not executed	PARSER_FUNCTION_CONTEXT	TfTrayMapFromLoader::~TfTrayMapFromLoader	TOKEN_SPAN_MATCH	906:TfAOILaserScan.cpp(1 spans) | 912:TfAOILaserScan.cpp(1 spans) | FRANK910:TfAOILaserScan.cpp(1 spans)	906:TfAOILaserScan.cpp | 912:TfAOILaserScan.cpp | FRANK910:TfAOILaserScan.cpp
NBG-0e4201cf1681	ainarm2.cpp	4673	4677	MoveInArmZToPlateSafe		(MOT[iMot].MotorMove(Prod.ZInArmSafe[i][j])==false) && (bHomeFlag) && (iZPos<-200)	#ifndef SOFT_SIMULTE	False	True	True	4673	MEDIUM	likely-no	PASS	LINK-OK	HAS-#else	GATE W7E-1 -- golden ainarm2.cpp:1057 (3-arg MyDBIProcess; see banner)	BODY_EXACT	EXACT_LINE	HAS_ELSE	4d178c6a2840537b82f1a634433876e0829a36d69fb44673cf987674d983601b	0fe0d2eb3bf778c235f94d7879b0679fcd90d73022df56250e6c2b842e3e543b					MyDBIProcess	True	STATIC_BODY_REVIEWED_RUNTIME_PENDING	NOT_RUN	NOT_RUN	SAME	77	P2	KEEP_REPLACEMENT	DB log overload	ST01	現行兩參數 log 已把 function 名併入 message；不是整條診斷消失。	真三參數 MyDBIProcess overload 与 DB schema。	欄位与 message 核對，不丟原告警上下文。	CONDITIONAL_UNVERIFIED: static predicates recorded; actual configuration/call schedule not executed	PARSER_FUNCTION_CONTEXT	MoveInArmZToPlateSafe	TOKEN_SPAN_MATCH	906:ainarm2.cpp(1 spans) | 912:ainarm2.cpp(1 spans) | FRANK910:ainarm2.cpp(1 spans)	906:ainarm2.cpp | 912:ainarm2.cpp | FRANK910:ainarm2.cpp
NBG-a0b9adb47e41	ainarm9045.cpp	733	739	InspectInArmPosition				False	True	True	733	MEDIUM	likely-no	PASS	LINK-OK	HAS-#else	TODO(W7) -- golden :8597-8697 encoder compare + ShowErrorMessage alarm sink	BODY_EXACT	EXACT_LINE	HAS_ELSE	7ce0d6345dfb55694e76aef101feb2fc24aed2fb5c6db9c3940c5bb8f782b5fd	dd6bfe3fc7399194d565b5fa2959b9b2481b2c8405c6124148e4d0cd92cba181						True	STATIC_BODY_REVIEWED_RUNTIME_PENDING	NOT_RUN	NOT_RUN	SAME	78	P0	RESTORE_MISSING_BODY	in-arm encoder check	Frank + ST01	bE74 開啟仍無座標比較，body 純註解，解除沒有功能。	golden InspectInArmPosition 完整本體、真讀位、alarm 与四嘴一 IC 座標基準。	flag off/on、正常、X/Y偏差；確認真 encoder route。	CONDITIONAL_UNVERIFIED: static predicates recorded; actual configuration/call schedule not executed	PARSER_FUNCTION_CONTEXT	InspectInArmPosition	COMMENT_ONLY	NONE	906:ainarm9045.cpp | 912:ainarm9045.cpp | FRANK910:ainarm9045.cpp
NBG-c1ea02289441	ainarm9045.cpp	1150	1152	DoInArm_9045_SuckerMap				False	True	True	1150	MEDIUM	likely-no	PASS	LINK-OK		TODO(W6.2b variants) -- golden :4704-4830 (remaining per-layout *_SuckerMap arms; un-gate as each variant lands)	BODY_EXACT	EXACT_LINE	NO_ELSE	1b8d2290ff1a448efe445a2ee53e49643ed70c4ecbddc7496576869362f2c098	e3b0c44298fc1c149afbf4c8996fb92427ae41e4649b934ca495991b7852b855						True	STATIC_BODY_REVIEWED_RUNTIME_PENDING	NOT_RUN	NOT_RUN	SAME	79	P1	RESTORE_MISSING_BODY	in-arm sucker dispatch	Frank + ST01	只留 dispatch placeholder，沒有 SuckerMap 分支可恢复。	各 iInArmType 真方法及 HT9050 目前選用型態。	列出支援型態，未支援明確拒絕，不 fallback 固定通過。	CONDITIONAL_UNVERIFIED: static predicates recorded; actual configuration/call schedule not executed	PARSER_FUNCTION_CONTEXT	DoInArm_9045_SuckerMap	COMMENT_ONLY	NONE	906:ainarm9045.cpp | 912:ainarm9045.cpp | FRANK910:ainarm9045.cpp
NBG-cefa4da7504a	ainarm9045.cpp	1469	1472	ProcessSCKARTLoadingCount	200			False	True	True	1469	MEDIUM	likely-no	PASS	LINK-OK		"TODO(W7) -- golden :7332 ShowErrorMessage(""WAR0120"") alarm sink"	BODY_EXACT	EXACT_LINE	NO_ELSE	0d0ea2a1bb5d4311db713c3e159d5faf23f62198ffa8f24637a6d5810f010407	e3b0c44298fc1c149afbf4c8996fb92427ae41e4649b934ca495991b7852b855					ShowErrorMessage	True	STATIC_BODY_REVIEWED_RUNTIME_PENDING	NOT_RUN	NOT_RUN	SAME	80	P1	REVIEW_EXISTING_DEPENDENCY	ART retry alarm	Frank + ST01	ART 取料失敗的 WAR0120 重試告警及 sucker 名稱略過。	真告警 sink 与 Suck 索引。	失敗有告警、retry/skip明確，含四嘴 group。	CONDITIONAL_UNVERIFIED: static predicates recorded; actual configuration/call schedule not executed	PARSER_FUNCTION_CONTEXT	ProcessSCKARTLoadingCount	TOKEN_SPAN_MATCH	906:ainarm9045.cpp(1 spans) | 912:ainarm9045.cpp(1 spans) | FRANK910:ainarm9045.cpp(1 spans)	906:ainarm9045.cpp | 912:ainarm9045.cpp | FRANK910:ainarm9045.cpp
NBG-6c7a73651e1e	ainarm9045.cpp	6473	6479	AddLoadingCount				False	True	True	6473	MEDIUM	likely-no	PASS	LINK-OK		GATE W7D-K2-G08 -- golden :2724-2728 fLotInfo->tsLotID (golden uLotInfo.h:302 TTabSheet) -- absent on the port fLotInfo.  Gating the whole else-if hands the final else (:2729) the live arm, which is exactly what golden does offline because TabVisible is false	BODY_EXACT	EXACT_LINE	NO_ELSE	4fefab836e6ab298b2f625d4ee25c6b8e92889002ca8625b4d416ce33394cff1	e3b0c44298fc1c149afbf4c8996fb92427ae41e4649b934ca495991b7852b855					AddLoadRecord	True	STATIC_BODY_REVIEWED_RUNTIME_PENDING	NOT_RUN	NOT_RUN	SAME	81	P2	IMPLEMENT_DEPENDENCY	loading lot tag	ST01	備援 tab LotID 的 loading record 不寫。	真 LotInfo tab/lotid 狀態。	不同 LotID 入口均寫同一 trace key。	CONDITIONAL_UNVERIFIED: static predicates recorded; actual configuration/call schedule not executed	PARSER_FUNCTION_CONTEXT	AddLoadingCount	TOKEN_SPAN_MATCH	906:ainarm9045.cpp(1 spans) | 912:ainarm9045.cpp(1 spans) | FRANK910:ainarm9045.cpp(1 spans)	906:ainarm9045.cpp | 912:ainarm9045.cpp | FRANK910:ainarm9045.cpp
NBG-7909d703384c	ainarm9045.cpp	6496	6516	UNKNOWN				False	True	True	6496	MEDIUM	likely-no（缺 include）	PASS-WITH-INCLUDE	LINK-OK		GATE W7D-K2-G11 -- golden :2741-2759 fMesSystem (golden Mes/fVATMesFileSys.h TfMesSystem) -- the whole Mes/ subsystem is absent.  The inner #ifdef SOFT_SIMULTE / #else pair is transcribed VERBATIM inside this gate (SOFT_SIMULTE undefined -> the #else ON_LINE arm is the one that would be live)	BODY_EXACT	EXACT_LINE	NO_ELSE	d1232794a4b1f77af3abdd76bb37f9d6a246f8e1dc92c45188a032b085385f53	e3b0c44298fc1c149afbf4c8996fb92427ae41e4649b934ca495991b7852b855					fMesSystem->DoInitailRecordReportByTime	True	STATIC_BODY_REVIEWED_RUNTIME_PENDING	NOT_RUN	NOT_RUN	SAME	82	P1	IMPLEMENT_DEPENDENCY	customer loading reports	ST01	VTEST 初始報表、SIGURD loading 統計或 PTI tool refresh 略過。	MesSystem、Observer、LotInfo 真方法、客戶/ON_LINE 條件。	第一顆/後續 IC、各客戶旗標、輸出与統計。	CONDITIONAL_UNVERIFIED: static predicates recorded; actual configuration/call schedule not executed	FUNCTION_MANUALLY_LOCATED	AddLoadingCount	TOKEN_SPAN_MATCH	906:ainarm9045.cpp(1 spans) | 912:ainarm9045.cpp(1 spans) | FRANK910:ainarm9045.cpp(1 spans)	906:ainarm9045.cpp | 912:ainarm9045.cpp | FRANK910:ainarm9045.cpp
NBG-3b1392e1531d	ainarm9045.cpp	6526	6529	UNKNOWN				False	True	True	6526	MEDIUM	likely-no	PASS	LINK-OK		GATE W7D-K2-G12 -- golden :2769-2770 fObserver->StatisticalLoaderCount() -- fObserver is real (atester_shims.h) but has no such method; display only, every underlying counter stays ACTIVE	BODY_EXACT	EXACT_LINE	NO_ELSE	5d4dd8b550feac38a1c9fe5faea6069385bceaed51685b025e92abebd1d0dadf	e3b0c44298fc1c149afbf4c8996fb92427ae41e4649b934ca495991b7852b855					fObserver->StatisticalLoaderCount	True	STATIC_BODY_REVIEWED_RUNTIME_PENDING	NOT_RUN	NOT_RUN	SAME	83	P1	IMPLEMENT_DEPENDENCY	customer loading reports	ST01	VTEST 初始報表、SIGURD loading 統計或 PTI tool refresh 略過。	MesSystem、Observer、LotInfo 真方法、客戶/ON_LINE 條件。	第一顆/後續 IC、各客戶旗標、輸出与統計。	CONDITIONAL_UNVERIFIED: static predicates recorded; actual configuration/call schedule not executed	FUNCTION_MANUALLY_LOCATED	AddLoadingCount	TOKEN_SPAN_MATCH	906:ainarm9045.cpp(1 spans) | 912:ainarm9045.cpp(1 spans) | FRANK910:ainarm9045.cpp(1 spans)	906:ainarm9045.cpp | 912:ainarm9045.cpp | FRANK910:ainarm9045.cpp
NBG-e38b39c845f5	ainarm9045.cpp	6555	6560	UNKNOWN				False	True	True	6555	MEDIUM	likely-no	PASS	LINK-OK		GATE W7D-K2-G13 -- golden :2796-2799 fLotInfo->RefreshOtherTool() -- fLotInfo is real, method is not.  Enclosing if(TestIF.bContinuousLoader) and its counter bumps stay ACTIVE	BODY_EXACT	EXACT_LINE	NO_ELSE	dc10130e23b2626723057b62b5d4e834f84a60c236a7163dc35aa7f13c00aea7	e3b0c44298fc1c149afbf4c8996fb92427ae41e4649b934ca495991b7852b855	CC_PTI				fLotInfo->RefreshOtherTool	True	STATIC_BODY_REVIEWED_RUNTIME_PENDING	NOT_RUN	NOT_RUN	SAME	84	P1	IMPLEMENT_DEPENDENCY	customer loading reports	ST01	VTEST 初始報表、SIGURD loading 統計或 PTI tool refresh 略過。	MesSystem、Observer、LotInfo 真方法、客戶/ON_LINE 條件。	第一顆/後續 IC、各客戶旗標、輸出与統計。	CONDITIONAL_UNVERIFIED: static predicates recorded; actual configuration/call schedule not executed	FUNCTION_MANUALLY_LOCATED	AddLoadingCount	TOKEN_SPAN_MATCH	906:ainarm9045.cpp(1 spans) | 912:ainarm9045.cpp(1 spans) | FRANK910:ainarm9045.cpp(1 spans)	906:ainarm9045.cpp | 912:ainarm9045.cpp | FRANK910:ainarm9045.cpp
NBG-270ff4ec6d61	ainarm9045.cpp	6816	6818	DoTraySkipProcess_9045				False	True	True	6816	MEDIUM	likely-no	PASS	LINK-OK		GATE W7D-G01 -- golden :2900 EnableTraymapCheckFunction(int) (golden home ainarm2.h:216, body ainarm2.cpp:3585): NO port body and NO port declaration; the same premise is already gated at aTester_Rear.cpp:9793 (G18) and aTester_Front.cpp:9863 (W7F3-G03). Offline reads false -> golden's else arm (the	BODY_EXACT	EXACT_LINE	NO_ELSE	2cbd932a081df5456fa168302c7c3dcab7be83f292cdba510b10273238b4b3e2	e3b0c44298fc1c149afbf4c8996fb92427ae41e4649b934ca495991b7852b855					EnableTraymapCheckFunction	True	STATIC_BODY_REVIEWED_RUNTIME_PENDING	NOT_RUN	NOT_RUN	SAME	85	P1	REVIEW_EXISTING_DEPENDENCY	tray-map skip	Frank + ST01	bTraymapCheck 不經 EnableTraymapCheckFunction 更新。	真 traymap 檔、對位与 skip 決策。	pass/fail/缺 map、skip 後 IC位置与資料一致。	CONDITIONAL_UNVERIFIED: static predicates recorded; actual configuration/call schedule not executed	PARSER_FUNCTION_CONTEXT	DoTraySkipProcess_9045	NO_EXACT_TOKEN_SPAN_IN_CHECKED_FILES	NONE	906:ainarm9045.cpp | 912:ainarm9045.cpp | FRANK910:ainarm9045.cpp
NBG-78411bb7a83e	ainarm9045.cpp	13467	13479	CheekNeedToDoInArmAdditionalFunction				False	True	True	13467	MEDIUM	likely-no	PASS	LINK-OK		GATE(W906-INADD) golden :3192-3202 —— tRotate.bART_RT_NoRotate（ART 重測不旋轉）是 golden TRotate 表單載入時從 ini 讀的（RotateKit/fRotate.cpp:288-289）；移植樹 TRotate 沒翻，替身 tRotateShim（aHotPlateSubstrate.h:859）沒有這個欄位。補一個沒人讀 ini 的欄位等於永遠 false 的假值（陷阱 #6），所以閘住；只影響 CosFunction.bART_RT_NoRotate＆bCanRunSCKART 的 ART 機台	BODY_EXACT	EXACT_LINE	NO_ELSE	20770d042dbbd3a0e52d5a6ea75d00d5bdde852bc44c4204d51cd14d2e43a2c9	e3b0c44298fc1c149afbf4c8996fb92427ae41e4649b934ca495991b7852b855						True	STATIC_BODY_REVIEWED_RUNTIME_PENDING	NOT_RUN	NOT_RUN	SAME	86	P1	IMPLEMENT_DEPENDENCY	ART no rotation	Frank + ST01	ART RT_NoRotate 不關 In/Out rotation flag。	tRotate、SCKART FT/RT count 与模式。	FT/RT及条件false，實際方向和取放資料一致。	CONDITIONAL_UNVERIFIED: static predicates recorded; actual configuration/call schedule not executed	PARSER_FUNCTION_CONTEXT	CheekNeedToDoInArmAdditionalFunction	TOKEN_SPAN_MATCH	906:ainarm9045.cpp(1 spans) | 912:ainarm9045.cpp(1 spans) | FRANK910:ainarm9045.cpp(1 spans)	906:ainarm9045.cpp | 912:ainarm9045.cpp | FRANK910:ainarm9045.cpp
NBG-19c96971a0ae	aoutarm.cpp	2955	2959	AdjustOutArmClosePitchCondition		(ArmSpeed[OutArm].bVariModeFIX==false && !bUseOnebyOne) && NOT (iResult==-1) && (CUSTOMER_CODE==CC_JSCC_OS)		False	True	True	2955	MEDIUM	likely-no（缺 include）	PASS-WITH-INCLUDE	LINK-OK	HAS-#else	GATE G11 -- golden `fTesterTCP->bOutArmVariAuto_OS[]` (Interface/TesterTCP.h:261, a TfTesterTCP form member; this port has no TfTesterTCP class and no fTesterTCP global).	BODY_EXACT	EXACT_LINE	HAS_ELSE	3771c13561f741ee686008385e139cf5c2b79d86729e61405602e41a30027786	21c15d65ca4ac85d5c4b88ab4a13158adcf15771b11977db30305e72d85eaf26						True	STATIC_BODY_REVIEWED_RUNTIME_PENDING	NOT_RUN	NOT_RUN	SAME	87	P1	IMPLEMENT_DEPENDENCY	JSCC dual pick	Frank + ST01	現行固定不可雙顆取放；解除會改 JSCC per-Auto OS 行為。	fTesterTCP 真旗標与幾何；HT9050四嘴group不等於雙 IC。	Frank 先確認適用客戶、單/雙 IC、干涉与節拍。	CONDITIONAL_UNVERIFIED: static predicates recorded; actual configuration/call schedule not executed	PARSER_FUNCTION_CONTEXT	AdjustOutArmClosePitchCondition	TOKEN_SPAN_MATCH	906:aoutarm.cpp(1 spans) | 912:aoutarm.cpp(1 spans) | FRANK910:aoutarm.cpp(1 spans)	906:aoutarm.cpp | 912:aoutarm.cpp | FRANK910:aoutarm.cpp
NBG-70c7647eea78	aoutarm.h	62	68	UNKNOWN			#ifndef aoutarmH	False	True	True	62	MEDIUM	likely-no	PASS	LINK-OK	HAS-#else	--------------------------------------------------------------------------- AI(W906-PT-W4-aoutarm) 20260808: GATE (H1) -- see GATE REGISTER above.	BODY_EXACT	EXACT_LINE	HAS_ELSE	ba19d636b2b4006de5d8f2407d0e08137ebda213755b9b8c537b2bd9145b8452	2ee92192de326d58abdcc686f34cd39f5c5daf9eaa54d9e8d68681ccbf6b3f7e						False	STATIC_BODY_REVIEWED_RUNTIME_PENDING	NOT_RUN	NOT_RUN	SAME	88	P2	KEEP_REPLACEMENT	header dependency	ST01	現行 forward declaration 已足供 pointer；完整 include 不恢復動作。	循環 include、型態可見性與 ODR。	只有需要完整型態的 caller 才加入精準 include。	CONDITIONAL_UNVERIFIED: static predicates recorded; actual configuration/call schedule not executed	MACRO_OR_GLOBAL_DECLARATION	FILE_SCOPE	TOKEN_SPAN_MATCH	906:aoutarm.h(1 spans) | 912:aoutarm.h(1 spans) | FRANK910:aoutarm.h(1 spans)	906:aoutarm.h | 912:aoutarm.h | FRANK910:aoutarm.h
NBG-285ff8055296	aoutarm9045.cpp	325	330	GetOutArmCellPos				False	True	True	325	MEDIUM	likely-no	PASS	LINK-OK		TODO(W7) -- golden :3836-3845 MOT[MOutArmPitch/PitchY/X/Y].ReadPos() encoders	BODY_CONTEXT_POSITION_EXACT	EXACT_LINE	NO_ELSE	d8c6f98679fa6171c749d3a40fa248709a210c2170314d73c825d7d1b5788cb0	e3b0c44298fc1c149afbf4c8996fb92427ae41e4649b934ca495991b7852b855					ReadPos	True	STATIC_BODY_REVIEWED_RUNTIME_PENDING	NOT_RUN	NOT_RUN	SAME	89	P0	REVIEW_EXISTING_DEPENDENCY	out-arm position reads	Frank + ST01	OutArm 座標/到位/ESD安全位置使用0代替encoder，結果不是真實位置。	MOT ReadPos 真 PCI1203 route、pitch軸配置与容許差。	非0位置、目標0、正負方向與容許差；第三級綁定後驗取放順序。	CONDITIONAL_UNVERIFIED: static predicates recorded; actual configuration/call schedule not executed	PARSER_FUNCTION_CONTEXT	GetOutArmCellPos	NO_EXACT_TOKEN_SPAN_IN_CHECKED_FILES	NONE	906:aoutarm9045.cpp | 912:aoutarm9045.cpp | FRANK910:aoutarm9045.cpp
NBG-cea860d559ec	aoutarm9045.cpp	346	351	GetOutArmToShtCellPos				False	True	True	346	MEDIUM	likely-no	PASS	LINK-OK		TODO(W7) -- golden :3850-3859 MOT[MOutArmPitch/PitchY/X/Y].ReadPos() encoders	BODY_CONTEXT_POSITION_EXACT	EXACT_LINE	NO_ELSE	d8c6f98679fa6171c749d3a40fa248709a210c2170314d73c825d7d1b5788cb0	e3b0c44298fc1c149afbf4c8996fb92427ae41e4649b934ca495991b7852b855					ReadPos	True	STATIC_BODY_REVIEWED_RUNTIME_PENDING	NOT_RUN	NOT_RUN	SAME	90	P0	REVIEW_EXISTING_DEPENDENCY	out-arm position reads	Frank + ST01	OutArm 座標/到位/ESD安全位置使用0代替encoder，結果不是真實位置。	MOT ReadPos 真 PCI1203 route、pitch軸配置与容許差。	非0位置、目標0、正負方向與容許差；第三級綁定後驗取放順序。	CONDITIONAL_UNVERIFIED: static predicates recorded; actual configuration/call schedule not executed	PARSER_FUNCTION_CONTEXT	GetOutArmToShtCellPos	NO_EXACT_TOKEN_SPAN_IN_CHECKED_FILES	NONE	906:aoutarm9045.cpp | 912:aoutarm9045.cpp | FRANK910:aoutarm9045.cpp
NBG-37075c3b0c4d	aoutarm9045.cpp	815	819	DoOutArm_9045		(MACHINE_HAS_AUTO_ALIGNMENT_CCD && TestIF.bEnableAutoAlignment==true && (LastSet.iRealDummy==HAS_TRAY || LastSet.iRealDummy==REALLY))		False	True	True	815	MEDIUM	likely-no	PASS	LINK-OK		TODO(W7) -- golden aoutarm9045.cpp:460-526 (MOT[MManualTray*]/AOA tray-mode block)	BODY_EXACT	EXACT_LINE	NO_ELSE	4e48545048ef7cb865fbd2616834c81974383aa9d19b5bcdd5f1c1579e40ef88	e3b0c44298fc1c149afbf4c8996fb92427ae41e4649b934ca495991b7852b855						True	STATIC_BODY_REVIEWED_RUNTIME_PENDING	NOT_RUN	NOT_RUN	SAME	91	P1	RESTORE_MISSING_BODY	out-arm alignment	Frank + ST01	auto alignment 留空的 golden span placeholder，解除不能恢復完整流程。	golden :462..522 本體、tray finish 与 alignment 復歸。	needTray、alignment各組態，完整 task/干涉轉移。	CONDITIONAL_UNVERIFIED: static predicates recorded; actual configuration/call schedule not executed	PARSER_FUNCTION_CONTEXT	DoOutArm_9045	NO_EXACT_TOKEN_SPAN_IN_CHECKED_FILES	NONE	906:aoutarm9045.cpp | 912:aoutarm9045.cpp | FRANK910:aoutarm9045.cpp
NBG-09f0bd2dec9f	aoutarm9045.cpp	2024	2027	DoOutArmIonFanGiveWay	5	(IniConfig.bA15_1ESDGiveWayFunction==true) && NOT ((FRCarryKit.HasIC() && OutSHT1InRT()) || (BRCarryKit.HasIC() && OutSHT2InRT())) && NOT (WhichAutoNeedTray()!=0) && (InArmSuck.HasIC()==false && OutArmSuck.HasIC()==false && ShuttleHasIC()==false && IndexHasIC()==false ) && NOT (bOutArmIonFanGiveWay==false)		False	True	True	2024	MEDIUM	likely-no	PASS	LINK-OK		TODO(W7) -- golden aoutarm9045.cpp:4692-4693 MOT[MMPlate1/2].HasIC() (HP-occupancy encoder read)	BODY_EXACT	EXACT_LINE	NO_ELSE	a5ebdea7aaf5dd393117455b271d63c1c6ebbaeec080b5312635b3c898d9ad46	e3b0c44298fc1c149afbf4c8996fb92427ae41e4649b934ca495991b7852b855					HasIC	True	STATIC_BODY_REVIEWED_RUNTIME_PENDING	NOT_RUN	NOT_RUN	SAME	92	P1	REVIEW_EXISTING_DEPENDENCY	hotplate presence	Frank + ST01	Plate1/2 HasIC 不讀取，ion fan 讓位條件可能沿用預設。	真 Hotplate IC presence/map。	兩盤有/無料組合，fan/arm 讓位与互鎖。	CONDITIONAL_UNVERIFIED: static predicates recorded; actual configuration/call schedule not executed	PARSER_FUNCTION_CONTEXT	DoOutArmIonFanGiveWay	NO_EXACT_TOKEN_SPAN_IN_CHECKED_FILES	NONE	906:aoutarm9045.cpp | 912:aoutarm9045.cpp | FRANK910:aoutarm9045.cpp
NBG-048b19ac35c2	aoutarm9045.cpp	2217	2219	IsMotorArrival				False	True	True	2217	MEDIUM	likely-no	PASS	LINK-OK		TODO(W7) -- golden aoutarm9045.cpp:3804 MOT[iMot].ReadPos() encoder read	BODY_EXACT	EXACT_LINE	NO_ELSE	8097563fc6f21b238df3d606e02b52afcf5f2ae7fe9394b634e2208ee1d69d40	e3b0c44298fc1c149afbf4c8996fb92427ae41e4649b934ca495991b7852b855					ReadPos	True	STATIC_BODY_REVIEWED_RUNTIME_PENDING	NOT_RUN	NOT_RUN	SAME	93	P0	REVIEW_EXISTING_DEPENDENCY	out-arm position reads	Frank + ST01	OutArm 座標/到位/ESD安全位置使用0代替encoder，結果不是真實位置。	MOT ReadPos 真 PCI1203 route、pitch軸配置与容許差。	非0位置、目標0、正負方向與容許差；第三級綁定後驗取放順序。	CONDITIONAL_UNVERIFIED: static predicates recorded; actual configuration/call schedule not executed	PARSER_FUNCTION_CONTEXT	IsMotorArrival	NO_EXACT_TOKEN_SPAN_IN_CHECKED_FILES	NONE	906:aoutarm9045.cpp | 912:aoutarm9045.cpp | FRANK910:aoutarm9045.cpp
NBG-6e8c3c5b1bf1	aoutarm9045.cpp	2255	2271	MoveOutArmXY_To_ESDSafePos				False	True	True	2255	MEDIUM	likely-no	PASS	LINK-OK		TODO(W7) -- golden aoutarm9045.cpp:4733-4747 MOT[MOutArmPitch/X2/X3/X4/Y].ReadPos() encoder reads	BODY_EXACT	EXACT_LINE	NO_ELSE	ea6cad0d85953769016fd1dae050b8899fa0ee2820580b02b8c2ba40f6f9ff86	e3b0c44298fc1c149afbf4c8996fb92427ae41e4649b934ca495991b7852b855					ReadPos	True	STATIC_BODY_REVIEWED_RUNTIME_PENDING	NOT_RUN	NOT_RUN	SAME	94	P0	REVIEW_EXISTING_DEPENDENCY	out-arm position reads	Frank + ST01	OutArm 座標/到位/ESD安全位置使用0代替encoder，結果不是真實位置。	MOT ReadPos 真 PCI1203 route、pitch軸配置与容許差。	非0位置、目標0、正負方向與容許差；第三級綁定後驗取放順序。	CONDITIONAL_UNVERIFIED: static predicates recorded; actual configuration/call schedule not executed	PARSER_FUNCTION_CONTEXT	MoveOutArmXY_To_ESDSafePos	TOKEN_SPAN_MATCH	906:aoutarm9045.cpp(1 spans) | 912:aoutarm9045.cpp(1 spans) | FRANK910:aoutarm9045.cpp(1 spans)	906:aoutarm9045.cpp | 912:aoutarm9045.cpp | FRANK910:aoutarm9045.cpp
NBG-bc480ef1a540	aoutarm9045.cpp	5772	5775	CheekNeedToDoOutArmAdditionalFunction				False	True	True	5772	MEDIUM	likely-no	PASS	LINK-OK		GATE(W906-OUTADD) golden :2164-2165 —— tRotate.bART_RT_NoRotate（ART 重測不旋轉）由 golden TRotate 表單載入時讀 ini（RotateKit/fRotate.cpp:288-289），移植樹沒翻、替身 tRotateShim 沒有這個欄位 —— 同 AI(W906-INADD) 的閘	BODY_EXACT	EXACT_LINE	NO_ELSE	cc46392963fb789bddadbfd46b455794cc049573df40b6f63019aba2700ec717	e3b0c44298fc1c149afbf4c8996fb92427ae41e4649b934ca495991b7852b855						True	STATIC_BODY_REVIEWED_RUNTIME_PENDING	NOT_RUN	NOT_RUN	SAME	95	P1	IMPLEMENT_DEPENDENCY	ART no rotation	Frank + ST01	ART RT_NoRotate 不關 In/Out rotation flag。	tRotate、SCKART FT/RT count 与模式。	FT/RT及条件false，實際方向和取放資料一致。	CONDITIONAL_UNVERIFIED: static predicates recorded; actual configuration/call schedule not executed	PARSER_FUNCTION_CONTEXT	CheekNeedToDoOutArmAdditionalFunction	TOKEN_SPAN_MATCH	906:aoutarm9045.cpp(1 spans) | 912:aoutarm9045.cpp(1 spans) | FRANK910:aoutarm9045.cpp(1 spans)	906:aoutarm9045.cpp | 912:aoutarm9045.cpp | FRANK910:aoutarm9045.cpp
NBG-67316cd85661	aoutarm9045_1x1_1.cpp	577	579	DoPickFromShuttle_9045_1x1_1	iOUTARM_SUCK	(USE_Fix_AI_CCD==true && TestIF_File.bEnableFix2BGAAICCD==true)		False	True	True	577	MEDIUM	likely-no	PASS	LINK-OK		TODO(W7): fFixAICCD form (golden FixAICCD.h TfFixAICCD) -- no FormsFacade stand-in; guard + flow kept live, form call gated (no-op offline)	BODY_CONTEXT_POSITION_EXACT	EXACT_LINE	NO_ELSE	96b098bcfae64ea67a41548bfdd954efd53138cdc1c7af0e42ba66170c4bbd7e	e3b0c44298fc1c149afbf4c8996fb92427ae41e4649b934ca495991b7852b855					fFixAICCD->OutArmCycleCounterUpdate	False	STATIC_BODY_REVIEWED_RUNTIME_PENDING	NOT_RUN	NOT_RUN	SAME	96	P1	IMPLEMENT_DEPENDENCY	CCD cycle counters	ST01	取料成功/重試不更新 OutArmCycleCounter，這25列不是25種新動作。	真 fFixAICCD counter 方法、相應 picker variant；HT9050優先 All_1Picker 119/120。	成功/重試計數正確且只計一次，先確認實際使用變體。	CONDITIONAL_UNVERIFIED: static predicates recorded; actual configuration/call schedule not executed	PARSER_FUNCTION_CONTEXT	DoPickFromShuttle_9045_1x1_1	TOKEN_SPAN_MATCH	906:aoutarm9045_1x1_1.cpp(2 spans) | 912:aoutarm9045_1x1_1.cpp(2 spans) | FRANK910:aoutarm9045_1x1_1.cpp(2 spans)	906:aoutarm9045_1x1_1.cpp | 912:aoutarm9045_1x1_1.cpp | FRANK910:aoutarm9045_1x1_1.cpp
NBG-cefef55f917b	aoutarm9045_1x1_1.cpp	634	636	DoPickFromShuttle_9045_1x1_1	2000	(MoveOutArmToAutoSafe()) && (bHasErr) && (ret==K_SKIP) && (USE_Fix_AI_CCD==true && TestIF_File.bEnableFix2BGAAICCD==true)		False	True	True	634	MEDIUM	likely-no	PASS	LINK-OK		TODO(W7): fFixAICCD form (golden FixAICCD.h TfFixAICCD) -- no FormsFacade stand-in; guard + flow kept live, form call gated (no-op offline)	BODY_CONTEXT_POSITION_EXACT	EXACT_LINE	NO_ELSE	96b098bcfae64ea67a41548bfdd954efd53138cdc1c7af0e42ba66170c4bbd7e	e3b0c44298fc1c149afbf4c8996fb92427ae41e4649b934ca495991b7852b855					fFixAICCD->OutArmCycleCounterUpdate	False	STATIC_BODY_REVIEWED_RUNTIME_PENDING	NOT_RUN	NOT_RUN	SAME	97	P1	IMPLEMENT_DEPENDENCY	CCD cycle counters	ST01	取料成功/重試不更新 OutArmCycleCounter，這25列不是25種新動作。	真 fFixAICCD counter 方法、相應 picker variant；HT9050優先 All_1Picker 119/120。	成功/重試計數正確且只計一次，先確認實際使用變體。	CONDITIONAL_UNVERIFIED: static predicates recorded; actual configuration/call schedule not executed	PARSER_FUNCTION_CONTEXT	DoPickFromShuttle_9045_1x1_1	TOKEN_SPAN_MATCH	906:aoutarm9045_1x1_1.cpp(2 spans) | 912:aoutarm9045_1x1_1.cpp(2 spans) | FRANK910:aoutarm9045_1x1_1.cpp(2 spans)	906:aoutarm9045_1x1_1.cpp | 912:aoutarm9045_1x1_1.cpp | FRANK910:aoutarm9045_1x1_1.cpp
NBG-a99a0f552556	aoutarm9045_1x4_4.cpp	767	769	DoPickFromShuttle_9045_1x4_4	iOUTARM_SUCK	(USE_Fix_AI_CCD==true && TestIF_File.bEnableFix2BGAAICCD==true)		False	True	True	767	MEDIUM	likely-no	PASS	LINK-OK		TODO(W7): fFixAICCD UI form (TfFixAICCD) not provided by FormsFacade offline	BODY_CONTEXT_POSITION_EXACT	EXACT_LINE	NO_ELSE	96b098bcfae64ea67a41548bfdd954efd53138cdc1c7af0e42ba66170c4bbd7e	e3b0c44298fc1c149afbf4c8996fb92427ae41e4649b934ca495991b7852b855					fFixAICCD->OutArmCycleCounterUpdate	False	STATIC_BODY_REVIEWED_RUNTIME_PENDING	NOT_RUN	NOT_RUN	SAME	98	P1	IMPLEMENT_DEPENDENCY	CCD cycle counters	ST01	取料成功/重試不更新 OutArmCycleCounter，這25列不是25種新動作。	真 fFixAICCD counter 方法、相應 picker variant；HT9050優先 All_1Picker 119/120。	成功/重試計數正確且只計一次，先確認實際使用變體。	CONDITIONAL_UNVERIFIED: static predicates recorded; actual configuration/call schedule not executed	PARSER_FUNCTION_CONTEXT	DoPickFromShuttle_9045_1x4_4	TOKEN_SPAN_MATCH	906:aoutarm9045_1x4_4.cpp(2 spans) | 912:aoutarm9045_1x4_4.cpp(2 spans) | FRANK910:aoutarm9045_1x4_4.cpp(2 spans)	906:aoutarm9045_1x4_4.cpp | 912:aoutarm9045_1x4_4.cpp | FRANK910:aoutarm9045_1x4_4.cpp
NBG-b6b6c2ea88ec	aoutarm9045_1x4_4.cpp	846	848	DoPickFromShuttle_9045_1x4_4	2000	(MoveOutArmToAutoSafe()) && (bHasErr) && (ret==K_SKIP) && (USE_Fix_AI_CCD==true && //KaiChen 20190124 ：矽格湖口 AI CCD Function TestIF_File.bEnableFix2BGAAICCD==true)		False	True	True	846	MEDIUM	likely-no	PASS	LINK-OK		TODO(W7): fFixAICCD UI form (TfFixAICCD) not provided by FormsFacade offline	BODY_CONTEXT_POSITION_EXACT	EXACT_LINE	NO_ELSE	96b098bcfae64ea67a41548bfdd954efd53138cdc1c7af0e42ba66170c4bbd7e	e3b0c44298fc1c149afbf4c8996fb92427ae41e4649b934ca495991b7852b855					fFixAICCD->OutArmCycleCounterUpdate	False	STATIC_BODY_REVIEWED_RUNTIME_PENDING	NOT_RUN	NOT_RUN	SAME	99	P1	IMPLEMENT_DEPENDENCY	CCD cycle counters	ST01	取料成功/重試不更新 OutArmCycleCounter，這25列不是25種新動作。	真 fFixAICCD counter 方法、相應 picker variant；HT9050優先 All_1Picker 119/120。	成功/重試計數正確且只計一次，先確認實際使用變體。	CONDITIONAL_UNVERIFIED: static predicates recorded; actual configuration/call schedule not executed	PARSER_FUNCTION_CONTEXT	DoPickFromShuttle_9045_1x4_4	TOKEN_SPAN_MATCH	906:aoutarm9045_1x4_4.cpp(2 spans) | 912:aoutarm9045_1x4_4.cpp(2 spans) | FRANK910:aoutarm9045_1x4_4.cpp(2 spans)	906:aoutarm9045_1x4_4.cpp | 912:aoutarm9045_1x4_4.cpp | FRANK910:aoutarm9045_1x4_4.cpp
NBG-561a96cf6ff5	aoutarm9045_1x4_8.cpp	737	739	DoPickFromShuttle_9045_1x4_8	iOUTARM_SUCK	(USE_Fix_AI_CCD==true && TestIF_File.bEnableFix2BGAAICCD==true)		False	True	True	737	MEDIUM	likely-no	PASS	LINK-OK		TODO(W7): Fix-AI-CCD form fFixAICCD->OutArmCycleCounterUpdate() (no FormsFacade TfFixAICCD offline) -- same gating as 1x1_1 exemplar	BODY_CONTEXT_POSITION_EXACT	EXACT_LINE	NO_ELSE	96b098bcfae64ea67a41548bfdd954efd53138cdc1c7af0e42ba66170c4bbd7e	e3b0c44298fc1c149afbf4c8996fb92427ae41e4649b934ca495991b7852b855					fFixAICCD->OutArmCycleCounterUpdate	False	STATIC_BODY_REVIEWED_RUNTIME_PENDING	NOT_RUN	NOT_RUN	SAME	100	P1	IMPLEMENT_DEPENDENCY	CCD cycle counters	ST01	取料成功/重試不更新 OutArmCycleCounter，這25列不是25種新動作。	真 fFixAICCD counter 方法、相應 picker variant；HT9050優先 All_1Picker 119/120。	成功/重試計數正確且只計一次，先確認實際使用變體。	CONDITIONAL_UNVERIFIED: static predicates recorded; actual configuration/call schedule not executed	PARSER_FUNCTION_CONTEXT	DoPickFromShuttle_9045_1x4_8	TOKEN_SPAN_MATCH	906:aoutarm9045_1x4_8.cpp(2 spans) | 912:aoutarm9045_1x4_8.cpp(2 spans) | FRANK910:aoutarm9045_1x4_8.cpp(2 spans)	906:aoutarm9045_1x4_8.cpp | 912:aoutarm9045_1x4_8.cpp | FRANK910:aoutarm9045_1x4_8.cpp
NBG-8ae8eb3557c0	aoutarm9045_1x4_8.cpp	815	817	DoPickFromShuttle_9045_1x4_8	2000	(MoveOutArmToAutoSafe()) && (bHasErr) && (ret==K_SKIP) && (USE_Fix_AI_CCD==true && TestIF_File.bEnableFix2BGAAICCD==true)		False	True	True	815	MEDIUM	likely-no	PASS	LINK-OK		TODO(W7): Fix-AI-CCD form fFixAICCD->OutArmCycleCounterUpdate() (no FormsFacade TfFixAICCD offline)	BODY_CONTEXT_POSITION_EXACT	EXACT_LINE	NO_ELSE	96b098bcfae64ea67a41548bfdd954efd53138cdc1c7af0e42ba66170c4bbd7e	e3b0c44298fc1c149afbf4c8996fb92427ae41e4649b934ca495991b7852b855					fFixAICCD->OutArmCycleCounterUpdate	False	STATIC_BODY_REVIEWED_RUNTIME_PENDING	NOT_RUN	NOT_RUN	SAME	101	P1	IMPLEMENT_DEPENDENCY	CCD cycle counters	ST01	取料成功/重試不更新 OutArmCycleCounter，這25列不是25種新動作。	真 fFixAICCD counter 方法、相應 picker variant；HT9050優先 All_1Picker 119/120。	成功/重試計數正確且只計一次，先確認實際使用變體。	CONDITIONAL_UNVERIFIED: static predicates recorded; actual configuration/call schedule not executed	PARSER_FUNCTION_CONTEXT	DoPickFromShuttle_9045_1x4_8	TOKEN_SPAN_MATCH	906:aoutarm9045_1x4_8.cpp(2 spans) | 912:aoutarm9045_1x4_8.cpp(2 spans) | FRANK910:aoutarm9045_1x4_8.cpp(2 spans)	906:aoutarm9045_1x4_8.cpp | 912:aoutarm9045_1x4_8.cpp | FRANK910:aoutarm9045_1x4_8.cpp
NBG-334a3bcb3509	aoutarm9045_2x1_2.cpp	650	652	DoPickFromShuttle_9045_2x1_2	iOUTARM_SUCK	(USE_Fix_AI_CCD==true && TestIF_File.bEnableFix2BGAAICCD==true)		False	True	True	650	MEDIUM	likely-no	PASS	LINK-OK		TODO(W7): fFixAICCD form (golden FixAICCD.h TfFixAICCD) -- no FormsFacade stand-in; guard + flow kept live, form call gated (no-op offline)	BODY_EXACT	EXACT_LINE	NO_ELSE	96b098bcfae64ea67a41548bfdd954efd53138cdc1c7af0e42ba66170c4bbd7e	e3b0c44298fc1c149afbf4c8996fb92427ae41e4649b934ca495991b7852b855					fFixAICCD->OutArmCycleCounterUpdate	False	STATIC_BODY_REVIEWED_RUNTIME_PENDING	NOT_RUN	NOT_RUN	SAME	102	P1	IMPLEMENT_DEPENDENCY	CCD cycle counters	ST01	取料成功/重試不更新 OutArmCycleCounter，這25列不是25種新動作。	真 fFixAICCD counter 方法、相應 picker variant；HT9050優先 All_1Picker 119/120。	成功/重試計數正確且只計一次，先確認實際使用變體。	CONDITIONAL_UNVERIFIED: static predicates recorded; actual configuration/call schedule not executed	PARSER_FUNCTION_CONTEXT	DoPickFromShuttle_9045_2x1_2	TOKEN_SPAN_MATCH	906:aoutarm9045_2x1_2.cpp(1 spans) | 912:aoutarm9045_2x1_2.cpp(1 spans) | FRANK910:aoutarm9045_2x1_2.cpp(1 spans)	906:aoutarm9045_2x1_2.cpp | 912:aoutarm9045_2x1_2.cpp | FRANK910:aoutarm9045_2x1_2.cpp
NBG-80a831c5b403	aoutarm9045_2x2_4.cpp	665	667	DoPickFromShuttle_9045_2x2_4	iOUTARM_SUCK	(USE_Fix_AI_CCD==true && TestIF_File.bEnableFix2BGAAICCD==true)		False	True	True	665	MEDIUM	likely-no	PASS	LINK-OK		TODO(W7): FixAICCD form (fFixAICCD->OutArmCycleCounterUpdate) -- no FormsFacade TfFixAICCD offline; guard kept live, golden aoutarm9045_2x2_4.cpp:536	BODY_CONTEXT_POSITION_EXACT	EXACT_LINE	NO_ELSE	96b098bcfae64ea67a41548bfdd954efd53138cdc1c7af0e42ba66170c4bbd7e	e3b0c44298fc1c149afbf4c8996fb92427ae41e4649b934ca495991b7852b855					fFixAICCD->OutArmCycleCounterUpdate	False	STATIC_BODY_REVIEWED_RUNTIME_PENDING	NOT_RUN	NOT_RUN	SAME	103	P1	IMPLEMENT_DEPENDENCY	CCD cycle counters	ST01	取料成功/重試不更新 OutArmCycleCounter，這25列不是25種新動作。	真 fFixAICCD counter 方法、相應 picker variant；HT9050優先 All_1Picker 119/120。	成功/重試計數正確且只計一次，先確認實際使用變體。	CONDITIONAL_UNVERIFIED: static predicates recorded; actual configuration/call schedule not executed	PARSER_FUNCTION_CONTEXT	DoPickFromShuttle_9045_2x2_4	TOKEN_SPAN_MATCH	906:aoutarm9045_2x2_4.cpp(2 spans) | 912:aoutarm9045_2x2_4.cpp(2 spans) | FRANK910:aoutarm9045_2x2_4.cpp(2 spans)	906:aoutarm9045_2x2_4.cpp | 912:aoutarm9045_2x2_4.cpp | FRANK910:aoutarm9045_2x2_4.cpp
NBG-8cd9c3e7de16	aoutarm9045_2x2_4.cpp	743	745	DoPickFromShuttle_9045_2x2_4	2000	(MoveOutArmToAutoSafe()) && (bHasErr) && (ret==K_SKIP) && (USE_Fix_AI_CCD==true && TestIF_File.bEnableFix2BGAAICCD==true)		False	True	True	743	MEDIUM	likely-no	PASS	LINK-OK		TODO(W7): FixAICCD form (fFixAICCD->OutArmCycleCounterUpdate) -- no FormsFacade TfFixAICCD offline; guard kept live, golden aoutarm9045_2x2_4.cpp:612	BODY_CONTEXT_POSITION_EXACT	EXACT_LINE	NO_ELSE	96b098bcfae64ea67a41548bfdd954efd53138cdc1c7af0e42ba66170c4bbd7e	e3b0c44298fc1c149afbf4c8996fb92427ae41e4649b934ca495991b7852b855					fFixAICCD->OutArmCycleCounterUpdate	False	STATIC_BODY_REVIEWED_RUNTIME_PENDING	NOT_RUN	NOT_RUN	SAME	104	P1	IMPLEMENT_DEPENDENCY	CCD cycle counters	ST01	取料成功/重試不更新 OutArmCycleCounter，這25列不是25種新動作。	真 fFixAICCD counter 方法、相應 picker variant；HT9050優先 All_1Picker 119/120。	成功/重試計數正確且只計一次，先確認實際使用變體。	CONDITIONAL_UNVERIFIED: static predicates recorded; actual configuration/call schedule not executed	PARSER_FUNCTION_CONTEXT	DoPickFromShuttle_9045_2x2_4	TOKEN_SPAN_MATCH	906:aoutarm9045_2x2_4.cpp(2 spans) | 912:aoutarm9045_2x2_4.cpp(2 spans) | FRANK910:aoutarm9045_2x2_4.cpp(2 spans)	906:aoutarm9045_2x2_4.cpp | 912:aoutarm9045_2x2_4.cpp | FRANK910:aoutarm9045_2x2_4.cpp
NBG-9708e28c6115	aoutarm9045_2x2_8.cpp	623	625	DoPickFromShuttle_9045_2x2_8	iOUTARM_SUCK	(USE_Fix_AI_CCD==true && TestIF_File.bEnableFix2BGAAICCD==true)		False	True	True	623	MEDIUM	likely-no	PASS	LINK-OK		TODO(W7): fFixAICCD form UI not available offline (no FormsFacade TfFixAICCD)	BODY_CONTEXT_POSITION_EXACT	EXACT_LINE	NO_ELSE	96b098bcfae64ea67a41548bfdd954efd53138cdc1c7af0e42ba66170c4bbd7e	e3b0c44298fc1c149afbf4c8996fb92427ae41e4649b934ca495991b7852b855					fFixAICCD->OutArmCycleCounterUpdate	False	STATIC_BODY_REVIEWED_RUNTIME_PENDING	NOT_RUN	NOT_RUN	SAME	105	P1	IMPLEMENT_DEPENDENCY	CCD cycle counters	ST01	取料成功/重試不更新 OutArmCycleCounter，這25列不是25種新動作。	真 fFixAICCD counter 方法、相應 picker variant；HT9050優先 All_1Picker 119/120。	成功/重試計數正確且只計一次，先確認實際使用變體。	CONDITIONAL_UNVERIFIED: static predicates recorded; actual configuration/call schedule not executed	PARSER_FUNCTION_CONTEXT	DoPickFromShuttle_9045_2x2_8	TOKEN_SPAN_MATCH	906:aoutarm9045_2x2_8.cpp(2 spans) | 912:aoutarm9045_2x2_8.cpp(2 spans) | FRANK910:aoutarm9045_2x2_8.cpp(2 spans)	906:aoutarm9045_2x2_8.cpp | 912:aoutarm9045_2x2_8.cpp | FRANK910:aoutarm9045_2x2_8.cpp
NBG-a30d91f91d2f	aoutarm9045_2x2_8.cpp	705	707	DoPickFromShuttle_9045_2x2_8	2000	(MoveOutArmToAutoSafe()) && (bHasErr) && (ret==K_SKIP) && (USE_Fix_AI_CCD==true && TestIF_File.bEnableFix2BGAAICCD==true)		False	True	True	705	MEDIUM	likely-no	PASS	LINK-OK		TODO(W7): fFixAICCD form UI not available offline (no FormsFacade TfFixAICCD)	BODY_CONTEXT_POSITION_EXACT	EXACT_LINE	NO_ELSE	96b098bcfae64ea67a41548bfdd954efd53138cdc1c7af0e42ba66170c4bbd7e	e3b0c44298fc1c149afbf4c8996fb92427ae41e4649b934ca495991b7852b855					fFixAICCD->OutArmCycleCounterUpdate	False	STATIC_BODY_REVIEWED_RUNTIME_PENDING	NOT_RUN	NOT_RUN	SAME	106	P1	IMPLEMENT_DEPENDENCY	CCD cycle counters	ST01	取料成功/重試不更新 OutArmCycleCounter，這25列不是25種新動作。	真 fFixAICCD counter 方法、相應 picker variant；HT9050優先 All_1Picker 119/120。	成功/重試計數正確且只計一次，先確認實際使用變體。	CONDITIONAL_UNVERIFIED: static predicates recorded; actual configuration/call schedule not executed	PARSER_FUNCTION_CONTEXT	DoPickFromShuttle_9045_2x2_8	TOKEN_SPAN_MATCH	906:aoutarm9045_2x2_8.cpp(2 spans) | 912:aoutarm9045_2x2_8.cpp(2 spans) | FRANK910:aoutarm9045_2x2_8.cpp(2 spans)	906:aoutarm9045_2x2_8.cpp | 912:aoutarm9045_2x2_8.cpp | FRANK910:aoutarm9045_2x2_8.cpp
NBG-43b9142165ed	aoutarm9045_2x3_6.cpp	638	640	DoPickFromShuttle_9045_2x3_6	iOUTARM_SUCK	(USE_Fix_AI_CCD==true && TestIF_File.bEnableFix2BGAAICCD==true)		False	True	True	638	MEDIUM	likely-no	PASS	LINK-OK		TODO(W7): fFixAICCD form (golden FixAICCD.h TfFixAICCD) -- no FormsFacade stand-in; guard + flow kept live, form call gated (no-op offline)	BODY_CONTEXT_POSITION_EXACT	EXACT_LINE	NO_ELSE	96b098bcfae64ea67a41548bfdd954efd53138cdc1c7af0e42ba66170c4bbd7e	e3b0c44298fc1c149afbf4c8996fb92427ae41e4649b934ca495991b7852b855					fFixAICCD->OutArmCycleCounterUpdate	False	STATIC_BODY_REVIEWED_RUNTIME_PENDING	NOT_RUN	NOT_RUN	SAME	107	P1	IMPLEMENT_DEPENDENCY	CCD cycle counters	ST01	取料成功/重試不更新 OutArmCycleCounter，這25列不是25種新動作。	真 fFixAICCD counter 方法、相應 picker variant；HT9050優先 All_1Picker 119/120。	成功/重試計數正確且只計一次，先確認實際使用變體。	CONDITIONAL_UNVERIFIED: static predicates recorded; actual configuration/call schedule not executed	PARSER_FUNCTION_CONTEXT	DoPickFromShuttle_9045_2x3_6	TOKEN_SPAN_MATCH	906:aoutarm9045_2x3_6.cpp(2 spans) | 912:aoutarm9045_2x3_6.cpp(2 spans) | FRANK910:aoutarm9045_2x3_6.cpp(2 spans)	906:aoutarm9045_2x3_6.cpp | 912:aoutarm9045_2x3_6.cpp | FRANK910:aoutarm9045_2x3_6.cpp
NBG-8d9b9c8da6ea	aoutarm9045_2x3_6.cpp	717	719	DoPickFromShuttle_9045_2x3_6	2000	(MoveOutArmToAutoSafe()) && (bHasErr) && (ret==K_SKIP) && (USE_Fix_AI_CCD==true && //KaiChen 20190124 ：矽格湖口 AI CCD Function TestIF_File.bEnableFix2BGAAICCD==true)		False	True	True	717	MEDIUM	likely-no	PASS	LINK-OK		TODO(W7): fFixAICCD form (golden FixAICCD.h TfFixAICCD) -- no FormsFacade stand-in; guard + flow kept live, form call gated (no-op offline)	BODY_CONTEXT_POSITION_EXACT	EXACT_LINE	NO_ELSE	96b098bcfae64ea67a41548bfdd954efd53138cdc1c7af0e42ba66170c4bbd7e	e3b0c44298fc1c149afbf4c8996fb92427ae41e4649b934ca495991b7852b855					fFixAICCD->OutArmCycleCounterUpdate	False	STATIC_BODY_REVIEWED_RUNTIME_PENDING	NOT_RUN	NOT_RUN	SAME	108	P1	IMPLEMENT_DEPENDENCY	CCD cycle counters	ST01	取料成功/重試不更新 OutArmCycleCounter，這25列不是25種新動作。	真 fFixAICCD counter 方法、相應 picker variant；HT9050優先 All_1Picker 119/120。	成功/重試計數正確且只計一次，先確認實際使用變體。	CONDITIONAL_UNVERIFIED: static predicates recorded; actual configuration/call schedule not executed	PARSER_FUNCTION_CONTEXT	DoPickFromShuttle_9045_2x3_6	TOKEN_SPAN_MATCH	906:aoutarm9045_2x3_6.cpp(2 spans) | 912:aoutarm9045_2x3_6.cpp(2 spans) | FRANK910:aoutarm9045_2x3_6.cpp(2 spans)	906:aoutarm9045_2x3_6.cpp | 912:aoutarm9045_2x3_6.cpp | FRANK910:aoutarm9045_2x3_6.cpp
NBG-003e188355d0	aoutarm9045_2x4_16.cpp	944	946	DoPickFromShuttle_9045_2x4_16	iOUTARM_SUCK	(USE_Fix_AI_CCD==true && TestIF_File.bEnableFix2BGAAICCD==true)		False	True	True	944	MEDIUM	likely-no	PASS	LINK-OK		TODO(W7): fFixAICCD form (golden FixAICCD.h TfFixAICCD) -- no FormsFacade stand-in; guard kept live, form call gated (no-op offline)	BODY_CONTEXT_POSITION_EXACT	EXACT_LINE	NO_ELSE	96b098bcfae64ea67a41548bfdd954efd53138cdc1c7af0e42ba66170c4bbd7e	e3b0c44298fc1c149afbf4c8996fb92427ae41e4649b934ca495991b7852b855					fFixAICCD->OutArmCycleCounterUpdate	False	STATIC_BODY_REVIEWED_RUNTIME_PENDING	NOT_RUN	NOT_RUN	SAME	109	P1	IMPLEMENT_DEPENDENCY	CCD cycle counters	ST01	取料成功/重試不更新 OutArmCycleCounter，這25列不是25種新動作。	真 fFixAICCD counter 方法、相應 picker variant；HT9050優先 All_1Picker 119/120。	成功/重試計數正確且只計一次，先確認實際使用變體。	CONDITIONAL_UNVERIFIED: static predicates recorded; actual configuration/call schedule not executed	PARSER_FUNCTION_CONTEXT	DoPickFromShuttle_9045_2x4_16	TOKEN_SPAN_MATCH	906:aoutarm9045_2x4_16.cpp(2 spans) | 912:aoutarm9045_2x4_16.cpp(2 spans) | FRANK910:aoutarm9045_2x4_16.cpp(2 spans)	906:aoutarm9045_2x4_16.cpp | 912:aoutarm9045_2x4_16.cpp | FRANK910:aoutarm9045_2x4_16.cpp
NBG-5adec42b0606	aoutarm9045_2x4_16.cpp	1022	1024	DoPickFromShuttle_9045_2x4_16	2000	(MoveOutArmToAutoSafe()) && (bHasErr) && (ret==K_SKIP) && (USE_Fix_AI_CCD==true && TestIF_File.bEnableFix2BGAAICCD==true)		False	True	True	1022	MEDIUM	likely-no	PASS	LINK-OK		TODO(W7): fFixAICCD form (golden FixAICCD.h TfFixAICCD) -- no FormsFacade stand-in; guard kept live, form call gated (no-op offline)	BODY_CONTEXT_POSITION_EXACT	EXACT_LINE	NO_ELSE	96b098bcfae64ea67a41548bfdd954efd53138cdc1c7af0e42ba66170c4bbd7e	e3b0c44298fc1c149afbf4c8996fb92427ae41e4649b934ca495991b7852b855					fFixAICCD->OutArmCycleCounterUpdate	False	STATIC_BODY_REVIEWED_RUNTIME_PENDING	NOT_RUN	NOT_RUN	SAME	110	P1	IMPLEMENT_DEPENDENCY	CCD cycle counters	ST01	取料成功/重試不更新 OutArmCycleCounter，這25列不是25種新動作。	真 fFixAICCD counter 方法、相應 picker variant；HT9050優先 All_1Picker 119/120。	成功/重試計數正確且只計一次，先確認實際使用變體。	CONDITIONAL_UNVERIFIED: static predicates recorded; actual configuration/call schedule not executed	PARSER_FUNCTION_CONTEXT	DoPickFromShuttle_9045_2x4_16	TOKEN_SPAN_MATCH	906:aoutarm9045_2x4_16.cpp(2 spans) | 912:aoutarm9045_2x4_16.cpp(2 spans) | FRANK910:aoutarm9045_2x4_16.cpp(2 spans)	906:aoutarm9045_2x4_16.cpp | 912:aoutarm9045_2x4_16.cpp | FRANK910:aoutarm9045_2x4_16.cpp
NBG-11b64ccef916	aoutarm9045_2x4_4.cpp	838	840	DoPickFromShuttle_9045_2x4_4	iOUTARM_SUCK	(USE_Fix_AI_CCD==true && TestIF_File.bEnableFix2BGAAICCD==true)		False	True	True	838	MEDIUM	likely-no	PASS	LINK-OK		TODO(W7): fFixAICCD form (golden FixAICCD.h TfFixAICCD) -- no FormsFacade stand-in; guard + flow kept live, form call gated (no-op offline)	BODY_EXACT	EXACT_LINE	NO_ELSE	96b098bcfae64ea67a41548bfdd954efd53138cdc1c7af0e42ba66170c4bbd7e	e3b0c44298fc1c149afbf4c8996fb92427ae41e4649b934ca495991b7852b855					fFixAICCD->OutArmCycleCounterUpdate	False	STATIC_BODY_REVIEWED_RUNTIME_PENDING	NOT_RUN	NOT_RUN	SAME	111	P1	IMPLEMENT_DEPENDENCY	CCD cycle counters	ST01	取料成功/重試不更新 OutArmCycleCounter，這25列不是25種新動作。	真 fFixAICCD counter 方法、相應 picker variant；HT9050優先 All_1Picker 119/120。	成功/重試計數正確且只計一次，先確認實際使用變體。	CONDITIONAL_UNVERIFIED: static predicates recorded; actual configuration/call schedule not executed	PARSER_FUNCTION_CONTEXT	DoPickFromShuttle_9045_2x4_4	TOKEN_SPAN_MATCH	906:aoutarm9045_2x4_4.cpp(1 spans) | 912:aoutarm9045_2x4_4.cpp(1 spans) | FRANK910:aoutarm9045_2x4_4.cpp(1 spans)	906:aoutarm9045_2x4_4.cpp | 912:aoutarm9045_2x4_4.cpp | FRANK910:aoutarm9045_2x4_4.cpp
NBG-1a3ddb14f97a	aoutarm9045_2x4_8.cpp	1071	1073	DoPickFromShuttle_9045_2x4_8	iOUTARM_SUCK	(USE_Fix_AI_CCD==true && TestIF_File.bEnableFix2BGAAICCD==true)		False	True	True	1071	MEDIUM	likely-no	PASS	LINK-OK		TODO(W7): fFixAICCD form (golden FixAICCD.h TfFixAICCD) -- no FormsFacade stand-in; guard + flow kept live, form call gated (no-op offline)	BODY_CONTEXT_POSITION_EXACT	EXACT_LINE	NO_ELSE	96b098bcfae64ea67a41548bfdd954efd53138cdc1c7af0e42ba66170c4bbd7e	e3b0c44298fc1c149afbf4c8996fb92427ae41e4649b934ca495991b7852b855					fFixAICCD->OutArmCycleCounterUpdate	False	STATIC_BODY_REVIEWED_RUNTIME_PENDING	NOT_RUN	NOT_RUN	SAME	112	P1	IMPLEMENT_DEPENDENCY	CCD cycle counters	ST01	取料成功/重試不更新 OutArmCycleCounter，這25列不是25種新動作。	真 fFixAICCD counter 方法、相應 picker variant；HT9050優先 All_1Picker 119/120。	成功/重試計數正確且只計一次，先確認實際使用變體。	CONDITIONAL_UNVERIFIED: static predicates recorded; actual configuration/call schedule not executed	PARSER_FUNCTION_CONTEXT	DoPickFromShuttle_9045_2x4_8	TOKEN_SPAN_MATCH	906:aoutarm9045_2x4_8.cpp(2 spans) | 912:aoutarm9045_2x4_8.cpp(2 spans) | FRANK910:aoutarm9045_2x4_8.cpp(2 spans)	906:aoutarm9045_2x4_8.cpp | 912:aoutarm9045_2x4_8.cpp | FRANK910:aoutarm9045_2x4_8.cpp
NBG-760d4c9ad74b	aoutarm9045_2x4_8.cpp	1150	1152	DoPickFromShuttle_9045_2x4_8	2000	(MoveOutArmToAutoSafe()) && (bHasErr) && (ret==K_SKIP) && (USE_Fix_AI_CCD==true && //KaiChen 20190124 ：矽格湖口 AI CCD Function TestIF_File.bEnableFix2BGAAICCD==true)		False	True	True	1150	MEDIUM	likely-no	PASS	LINK-OK		TODO(W7): fFixAICCD form (golden FixAICCD.h TfFixAICCD) -- no FormsFacade stand-in; guard + flow kept live, form call gated (no-op offline)	BODY_CONTEXT_POSITION_EXACT	EXACT_LINE	NO_ELSE	96b098bcfae64ea67a41548bfdd954efd53138cdc1c7af0e42ba66170c4bbd7e	e3b0c44298fc1c149afbf4c8996fb92427ae41e4649b934ca495991b7852b855					fFixAICCD->OutArmCycleCounterUpdate	False	STATIC_BODY_REVIEWED_RUNTIME_PENDING	NOT_RUN	NOT_RUN	SAME	113	P1	IMPLEMENT_DEPENDENCY	CCD cycle counters	ST01	取料成功/重試不更新 OutArmCycleCounter，這25列不是25種新動作。	真 fFixAICCD counter 方法、相應 picker variant；HT9050優先 All_1Picker 119/120。	成功/重試計數正確且只計一次，先確認實際使用變體。	CONDITIONAL_UNVERIFIED: static predicates recorded; actual configuration/call schedule not executed	PARSER_FUNCTION_CONTEXT	DoPickFromShuttle_9045_2x4_8	TOKEN_SPAN_MATCH	906:aoutarm9045_2x4_8.cpp(2 spans) | 912:aoutarm9045_2x4_8.cpp(2 spans) | FRANK910:aoutarm9045_2x4_8.cpp(2 spans)	906:aoutarm9045_2x4_8.cpp | 912:aoutarm9045_2x4_8.cpp | FRANK910:aoutarm9045_2x4_8.cpp
NBG-30bbe2af4cd7	aoutarm9045_2x5_8.cpp	806	808	DoPickFromShuttle_9045_2x5_8	iOUTARM_SUCK	(USE_Fix_AI_CCD==true && TestIF_File.bEnableFix2BGAAICCD==true)		False	True	True	806	MEDIUM	likely-no	PASS	LINK-OK		TODO(W7): fFixAICCD form UI not available offline (no FormsFacade TfFixAICCD)	BODY_EXACT	EXACT_LINE	NO_ELSE	96b098bcfae64ea67a41548bfdd954efd53138cdc1c7af0e42ba66170c4bbd7e	e3b0c44298fc1c149afbf4c8996fb92427ae41e4649b934ca495991b7852b855					fFixAICCD->OutArmCycleCounterUpdate	False	STATIC_BODY_REVIEWED_RUNTIME_PENDING	NOT_RUN	NOT_RUN	SAME	114	P1	IMPLEMENT_DEPENDENCY	CCD cycle counters	ST01	取料成功/重試不更新 OutArmCycleCounter，這25列不是25種新動作。	真 fFixAICCD counter 方法、相應 picker variant；HT9050優先 All_1Picker 119/120。	成功/重試計數正確且只計一次，先確認實際使用變體。	CONDITIONAL_UNVERIFIED: static predicates recorded; actual configuration/call schedule not executed	PARSER_FUNCTION_CONTEXT	DoPickFromShuttle_9045_2x5_8	TOKEN_SPAN_MATCH	906:aoutarm9045_2x5_8.cpp(1 spans) | 912:aoutarm9045_2x5_8.cpp(1 spans) | FRANK910:aoutarm9045_2x5_8.cpp(1 spans)	906:aoutarm9045_2x5_8.cpp | 912:aoutarm9045_2x5_8.cpp | FRANK910:aoutarm9045_2x5_8.cpp
NBG-daf7f2a0a64b	aoutarm9045_2x8_16.cpp	1116	1118	DoPickFromShuttle_9045_2x8_16	iOUTARM_SUCK	(USE_Fix_AI_CCD==true && TestIF_File.bEnableFix2BGAAICCD==true)		False	True	True	1116	MEDIUM	likely-no	PASS	LINK-OK		TODO(W7): fFixAICCD form (golden FixAICCD.h TfFixAICCD) -- no FormsFacade stand-in; guard kept live, form call gated (no-op offline)	BODY_CONTEXT_POSITION_EXACT	EXACT_LINE	NO_ELSE	96b098bcfae64ea67a41548bfdd954efd53138cdc1c7af0e42ba66170c4bbd7e	e3b0c44298fc1c149afbf4c8996fb92427ae41e4649b934ca495991b7852b855					fFixAICCD->OutArmCycleCounterUpdate	False	STATIC_BODY_REVIEWED_RUNTIME_PENDING	NOT_RUN	NOT_RUN	SAME	115	P1	IMPLEMENT_DEPENDENCY	CCD cycle counters	ST01	取料成功/重試不更新 OutArmCycleCounter，這25列不是25種新動作。	真 fFixAICCD counter 方法、相應 picker variant；HT9050優先 All_1Picker 119/120。	成功/重試計數正確且只計一次，先確認實際使用變體。	CONDITIONAL_UNVERIFIED: static predicates recorded; actual configuration/call schedule not executed	PARSER_FUNCTION_CONTEXT	DoPickFromShuttle_9045_2x8_16	TOKEN_SPAN_MATCH	906:aoutarm9045_2x8_16.cpp(2 spans) | 912:aoutarm9045_2x8_16.cpp(2 spans) | FRANK910:aoutarm9045_2x8_16.cpp(2 spans)	906:aoutarm9045_2x8_16.cpp | 912:aoutarm9045_2x8_16.cpp | FRANK910:aoutarm9045_2x8_16.cpp
NBG-79afe2202187	aoutarm9045_2x8_16.cpp	1194	1196	DoPickFromShuttle_9045_2x8_16	2000	(MoveOutArmToAutoSafe()) && (bHasErr) && (ret==K_SKIP) && (USE_Fix_AI_CCD==true && TestIF_File.bEnableFix2BGAAICCD==true)		False	True	True	1194	MEDIUM	likely-no	PASS	LINK-OK		TODO(W7): fFixAICCD form (golden FixAICCD.h TfFixAICCD) -- no FormsFacade stand-in; guard kept live, form call gated (no-op offline)	BODY_CONTEXT_POSITION_EXACT	EXACT_LINE	NO_ELSE	96b098bcfae64ea67a41548bfdd954efd53138cdc1c7af0e42ba66170c4bbd7e	e3b0c44298fc1c149afbf4c8996fb92427ae41e4649b934ca495991b7852b855					fFixAICCD->OutArmCycleCounterUpdate	False	STATIC_BODY_REVIEWED_RUNTIME_PENDING	NOT_RUN	NOT_RUN	SAME	116	P1	IMPLEMENT_DEPENDENCY	CCD cycle counters	ST01	取料成功/重試不更新 OutArmCycleCounter，這25列不是25種新動作。	真 fFixAICCD counter 方法、相應 picker variant；HT9050優先 All_1Picker 119/120。	成功/重試計數正確且只計一次，先確認實際使用變體。	CONDITIONAL_UNVERIFIED: static predicates recorded; actual configuration/call schedule not executed	PARSER_FUNCTION_CONTEXT	DoPickFromShuttle_9045_2x8_16	TOKEN_SPAN_MATCH	906:aoutarm9045_2x8_16.cpp(2 spans) | 912:aoutarm9045_2x8_16.cpp(2 spans) | FRANK910:aoutarm9045_2x8_16.cpp(2 spans)	906:aoutarm9045_2x8_16.cpp | 912:aoutarm9045_2x8_16.cpp | FRANK910:aoutarm9045_2x8_16.cpp
NBG-4bdde2ef7aff	aoutarm9045_2x8_8.cpp	1902	1904	DoPickFromShuttle_9045_2x8_8	iOUTARM_SUCK	(USE_Fix_AI_CCD==true && TestIF_File.bEnableFix2BGAAICCD==true)		False	True	True	1902	MEDIUM	likely-no	PASS	LINK-OK		TODO(W7): fFixAICCD form (golden FixAICCD.h TfFixAICCD) -- no FormsFacade stand-in; guard kept live, form call gated (no-op offline)	BODY_CONTEXT_POSITION_EXACT	EXACT_LINE	NO_ELSE	96b098bcfae64ea67a41548bfdd954efd53138cdc1c7af0e42ba66170c4bbd7e	e3b0c44298fc1c149afbf4c8996fb92427ae41e4649b934ca495991b7852b855					fFixAICCD->OutArmCycleCounterUpdate	True	STATIC_BODY_REVIEWED_RUNTIME_PENDING	NOT_RUN	NOT_RUN	SAME	117	P1	IMPLEMENT_DEPENDENCY	CCD cycle counters	ST01	取料成功/重試不更新 OutArmCycleCounter，這25列不是25種新動作。	真 fFixAICCD counter 方法、相應 picker variant；HT9050優先 All_1Picker 119/120。	成功/重試計數正確且只計一次，先確認實際使用變體。	CONDITIONAL_UNVERIFIED: static predicates recorded; actual configuration/call schedule not executed	PARSER_FUNCTION_CONTEXT	DoPickFromShuttle_9045_2x8_8	TOKEN_SPAN_MATCH	906:aoutarm9045_2x8_8.cpp(2 spans) | 912:aoutarm9045_2x8_8.cpp(2 spans) | FRANK910:aoutarm9045_2x8_8.cpp(2 spans)	906:aoutarm9045_2x8_8.cpp | 912:aoutarm9045_2x8_8.cpp | FRANK910:aoutarm9045_2x8_8.cpp
NBG-604d289e9cd7	aoutarm9045_2x8_8.cpp	1985	1987	DoPickFromShuttle_9045_2x8_8	2000	(MoveOutArmToAutoSafe()) && (bHasErr) && (ret==K_SKIP) && ((bDoLeftShuttle==true && ptrOutSHT->LeftSideNoIC(OutArmSuck.iShtKitStep)) || (bDoLeftShuttle==false && ptrOutSHT->RightSideNoIC(OutArmSuck.iShtKitStep))) && (USE_Fix_AI_CCD==true && TestIF_File.bEnableFix2BGAAICCD==true)		False	True	True	1985	MEDIUM	likely-no	PASS	LINK-OK		TODO(W7): fFixAICCD form (golden FixAICCD.h TfFixAICCD) -- no FormsFacade stand-in; guard kept live, form call gated (no-op offline)	BODY_CONTEXT_POSITION_EXACT	EXACT_LINE	NO_ELSE	96b098bcfae64ea67a41548bfdd954efd53138cdc1c7af0e42ba66170c4bbd7e	e3b0c44298fc1c149afbf4c8996fb92427ae41e4649b934ca495991b7852b855					fFixAICCD->OutArmCycleCounterUpdate	True	STATIC_BODY_REVIEWED_RUNTIME_PENDING	NOT_RUN	NOT_RUN	SAME	118	P1	IMPLEMENT_DEPENDENCY	CCD cycle counters	ST01	取料成功/重試不更新 OutArmCycleCounter，這25列不是25種新動作。	真 fFixAICCD counter 方法、相應 picker variant；HT9050優先 All_1Picker 119/120。	成功/重試計數正確且只計一次，先確認實際使用變體。	CONDITIONAL_UNVERIFIED: static predicates recorded; actual configuration/call schedule not executed	PARSER_FUNCTION_CONTEXT	DoPickFromShuttle_9045_2x8_8	TOKEN_SPAN_MATCH	906:aoutarm9045_2x8_8.cpp(2 spans) | 912:aoutarm9045_2x8_8.cpp(2 spans) | FRANK910:aoutarm9045_2x8_8.cpp(2 spans)	906:aoutarm9045_2x8_8.cpp | 912:aoutarm9045_2x8_8.cpp | FRANK910:aoutarm9045_2x8_8.cpp
NBG-ea7cca62b9e2	aoutarm9045_All_1Picker.cpp	625	627	DoPickFromShuttle_9045_All_1Pick	iOUTARM_SUCK	(USE_Fix_AI_CCD==true && TestIF_File.bEnableFix2BGAAICCD==true)		False	True	True	618	MEDIUM	likely-no	PASS	LINK-OK		TODO(W7): fFixAICCD form (golden FixAICCD.h TfFixAICCD) -- no FormsFacade stand-in; guard + flow kept live, form call gated (no-op offline)	BODY_CONTEXT_EXACT	EXACT_LINE	NO_ELSE	96b098bcfae64ea67a41548bfdd954efd53138cdc1c7af0e42ba66170c4bbd7e	e3b0c44298fc1c149afbf4c8996fb92427ae41e4649b934ca495991b7852b855					fFixAICCD->OutArmCycleCounterUpdate	False	STATIC_BODY_REVIEWED_RUNTIME_PENDING	NOT_RUN	NOT_RUN	SAME	119	P1	IMPLEMENT_DEPENDENCY	CCD cycle counters	ST01	取料成功/重試不更新 OutArmCycleCounter，這25列不是25種新動作。	真 fFixAICCD counter 方法、相應 picker variant；HT9050優先 All_1Picker 119/120。	成功/重試計數正確且只計一次，先確認實際使用變體。	CONDITIONAL_UNVERIFIED: static predicates recorded; actual configuration/call schedule not executed	PARSER_FUNCTION_CONTEXT	DoPickFromShuttle_9045_All_1Pick	TOKEN_SPAN_MATCH	906:aoutarm9045_All_1Picker.cpp(2 spans) | 912:aoutarm9045_All_1Picker.cpp(2 spans) | FRANK910:aoutarm9045_All_1Picker.cpp(2 spans)	906:aoutarm9045_All_1Picker.cpp | 912:aoutarm9045_All_1Picker.cpp | FRANK910:aoutarm9045_All_1Picker.cpp
NBG-3f21011a58ab	aoutarm9045_All_1Picker.cpp	709	711	DoPickFromShuttle_9045_All_1Pick	2000	(MoveOutArmToAutoSafe()) && (bHasErr) && (ret==K_SKIP) && (USE_Fix_AI_CCD==true && TestIF_File.bEnableFix2BGAAICCD==true)		False	True	True	702	MEDIUM	likely-no	PASS	LINK-OK		TODO(W7): fFixAICCD form (golden FixAICCD.h TfFixAICCD) -- no FormsFacade stand-in; guard + flow kept live, form call gated (no-op offline)	BODY_CONTEXT_EXACT	EXACT_LINE	NO_ELSE	96b098bcfae64ea67a41548bfdd954efd53138cdc1c7af0e42ba66170c4bbd7e	e3b0c44298fc1c149afbf4c8996fb92427ae41e4649b934ca495991b7852b855					fFixAICCD->OutArmCycleCounterUpdate	False	STATIC_BODY_REVIEWED_RUNTIME_PENDING	NOT_RUN	NOT_RUN	SAME	120	P1	IMPLEMENT_DEPENDENCY	CCD cycle counters	ST01	取料成功/重試不更新 OutArmCycleCounter，這25列不是25種新動作。	真 fFixAICCD counter 方法、相應 picker variant；HT9050優先 All_1Picker 119/120。	成功/重試計數正確且只計一次，先確認實際使用變體。	CONDITIONAL_UNVERIFIED: static predicates recorded; actual configuration/call schedule not executed	PARSER_FUNCTION_CONTEXT	DoPickFromShuttle_9045_All_1Pick	TOKEN_SPAN_MATCH	906:aoutarm9045_All_1Picker.cpp(2 spans) | 912:aoutarm9045_All_1Picker.cpp(2 spans) | FRANK910:aoutarm9045_All_1Picker.cpp(2 spans)	906:aoutarm9045_All_1Picker.cpp | 912:aoutarm9045_All_1Picker.cpp | FRANK910:aoutarm9045_All_1Picker.cpp
NBG-1e68f31c3154	asortarm.cpp	775	779	CheckSortArmInitState				False	True	True	775	LOW	likely-no	PASS	LINK-OK	HAS-#else	GATE(1) -- golden asortarm.cpp:243 (CheckSuckInitialStatus has no compiled body anywhere in this tree)	BODY_EXACT	EXACT_LINE	HAS_ELSE	e38fab3e30daa1dc4cfdd97108c223d71e94ecd883e7e13fb994b3f56c160d90	83dfdeeb2685f77da1dd4d06398828cb3ab1a90ff878189f7e84da6b487bec05					CheckSuckInitialStatus	True	STATIC_BODY_REVIEWED_RUNTIME_PENDING	NOT_RUN	NOT_RUN	SAME	121	P0	IMPLEMENT_DEPENDENCY	sort-arm initial vacuum	Frank + ST01	SortArm 初始真空 flag 固定0即OK，未查殘料。	CheckSuckInitialStatus、真 OutArm2Suck，HT9050有無SortArm須查證。	有料、無料、部分漏氣，未安裝不能當已完成安全驗證。	CONDITIONAL_UNVERIFIED: static predicates recorded; actual configuration/call schedule not executed	PARSER_FUNCTION_CONTEXT	CheckSortArmInitState	TOKEN_SPAN_MATCH	906:asortarm.cpp(1 spans) | 912:asortarm.cpp(1 spans) | FRANK910:asortarm.cpp(1 spans)	906:asortarm.cpp | 912:asortarm.cpp | FRANK910:asortarm.cpp
NBG-11f6368280df	asortarm.cpp	2476	2480	MoveOutArmZToPlateSafe		(MOT[iMot].MotorMove(Prod.ZOutArmSafe[i][j])==false) && (bHomeFlag) && (iZPos<-200)	#ifndef SOFT_SIMULTE	False	True	True	2476	LOW	likely-no	PASS	LINK-OK	HAS-#else	GATE(13) -- golden asortarm.cpp:1936 (golden's MyDBIProcess is 3-arg (golden cMyDB.h:20); this tree's is 2-arg (aHotPlateSubstrate.h:924))	BODY_EXACT	EXACT_LINE	HAS_ELSE	95f9985473f8e342bcd0d4d125f10c81256e7a94eb3de8c20bd599c9a367ad4c	fe9b8724bbdfdf50fc66db28f207c37e2f8e6e2feb313537b293693010edd4aa					MyDBIProcess	True	STATIC_BODY_REVIEWED_RUNTIME_PENDING	NOT_RUN	NOT_RUN	SAME	122	P2	KEEP_REPLACEMENT	DB log overload	ST01	現行兩參數 log 已把 function 名併入 message；不是整條診斷消失。	真三參數 MyDBIProcess overload 与 DB schema。	欄位与 message 核對，不丟原告警上下文。	CONDITIONAL_UNVERIFIED: static predicates recorded; actual configuration/call schedule not executed	PARSER_FUNCTION_CONTEXT	MoveOutArmZToPlateSafe	TOKEN_SPAN_MATCH	906:asortarm.cpp(1 spans) | 912:asortarm.cpp(1 spans) | FRANK910:asortarm.cpp(1 spans)	906:asortarm.cpp | 912:asortarm.cpp | FRANK910:asortarm.cpp
NBG-d4ac79a30cc6	cConfiguration.cpp	1764	1766	TfConfiguration::InitConfigEdtList_ItemD		NOT (CUSTOMER_CODE==CC_ASE_KaohSiung)		False	True	True	1764	LOW	likely-no（缺 include）	PASS-WITH-INCLUDE	LINK-OK		GATE (CFG2-COM2) -- COM2->bCCDDummyRum has no port (grep + date above)	BODY_EXACT	EXACT_LINE	NO_ELSE	d4e6574c07f5616d7fa6b302f400c53502c9d1caccfbcfcd20b76c5a6884861b	e3b0c44298fc1c149afbf4c8996fb92427ae41e4649b934ca495991b7852b855						True	STATIC_BODY_REVIEWED_RUNTIME_PENDING	NOT_RUN	NOT_RUN	SAME	123	P1	REVIEW_EXISTING_DEPENDENCY	RTC safety config	Frank + ST01	RTC dummy/run 或 D53/D55 限制略過，含 IndexCheck 禁止切換規則。	真 COM2 狀態、REAL_TIME_CCD 与 FileRW Setup 事件。	RTC、有IC、IndexCheck 組合，存頁不得蓋回 handler 拒絕值。	CONDITIONAL_UNVERIFIED: static predicates recorded; actual configuration/call schedule not executed	PARSER_FUNCTION_CONTEXT	TfConfiguration::InitConfigEdtList_ItemD	TOKEN_SPAN_MATCH	906:cConfiguration.cpp(1 spans) | 912:cConfiguration.cpp(1 spans) | FRANK910:cConfiguration.cpp(1 spans)	906:cConfiguration.cpp | 912:cConfiguration.cpp | FRANK910:cConfiguration.cpp
NBG-a4d12a639f66	cConfiguration.cpp	5192	5200	TfConfiguration::FormShow				False	True	True	5192	LOW	likely-no（缺 include）	PASS-WITH-INCLUDE	LINK-OK		GATE (W5-COM2)	BODY_EXACT	EXACT_LINE	NO_ELSE	5e8049b10ea5969488f800149968dac85f39b2f048d821f3af845add3c6ac10b	e3b0c44298fc1c149afbf4c8996fb92427ae41e4649b934ca495991b7852b855						True	STATIC_BODY_REVIEWED_RUNTIME_PENDING	NOT_RUN	NOT_RUN	SAME	124	P1	REVIEW_EXISTING_DEPENDENCY	RTC safety config	Frank + ST01	RTC dummy/run 或 D53/D55 限制略過，含 IndexCheck 禁止切換規則。	真 COM2 狀態、REAL_TIME_CCD 与 FileRW Setup 事件。	RTC、有IC、IndexCheck 組合，存頁不得蓋回 handler 拒絕值。	CONDITIONAL_UNVERIFIED: static predicates recorded; actual configuration/call schedule not executed	PARSER_FUNCTION_CONTEXT	TfConfiguration::FormShow	TOKEN_SPAN_MATCH	906:cConfiguration.cpp(1 spans) | 912:cConfiguration.cpp(1 spans) | FRANK910:cConfiguration.cpp(1 spans)	906:cConfiguration.cpp | 912:cConfiguration.cpp | FRANK910:cConfiguration.cpp
NBG-c12987100033	cConfiguration.cpp	6338	6344	TfConfiguration::cbD55Click		(cbD55->Checked)		False	True	True	6338	LOW	likely-no（缺 include）	PASS-WITH-INCLUDE	LINK-OK		GATE (W6-COM2)	BODY_EXACT	EXACT_LINE	NO_ELSE	af442eeba03c172f8bdc6063e7504eb4adee48fb3c79cee3b714f5d505b888de	e3b0c44298fc1c149afbf4c8996fb92427ae41e4649b934ca495991b7852b855					ShowMyMessage	True	STATIC_BODY_REVIEWED_RUNTIME_PENDING	NOT_RUN	NOT_RUN	SAME	125	P1	REVIEW_EXISTING_DEPENDENCY	RTC safety config	Frank + ST01	RTC dummy/run 或 D53/D55 限制略過，含 IndexCheck 禁止切換規則。	真 COM2 狀態、REAL_TIME_CCD 与 FileRW Setup 事件。	RTC、有IC、IndexCheck 組合，存頁不得蓋回 handler 拒絕值。	CONDITIONAL_UNVERIFIED: static predicates recorded; actual configuration/call schedule not executed	PARSER_FUNCTION_CONTEXT	TfConfiguration::cbD55Click	TOKEN_SPAN_MATCH	906:cConfiguration.cpp(1 spans) | 912:cConfiguration.cpp(1 spans) | FRANK910:cConfiguration.cpp(1 spans)	906:cConfiguration.cpp | 912:cConfiguration.cpp | FRANK910:cConfiguration.cpp
NBG-98f9d7467218	cDIOStatus.cpp	71	73	TfMain::InitDIOStstus			#ifndef SOFT_SIMULTE	False	True	True	71	LOW	likely-no	PASS	LINK-OK		AI(W906-DIO) 20260925: GATE（相依不存在）—— golden :24373。TTLLog 本體在 cpublic.cpp:667-694 的 #if 0 (TODO(GA1-B3)) 裡（要 fMain->slTTLLog，TfMain 門面沒有），cpublic.h:42 只有宣告，呼叫會連結失敗	BODY_EXACT	EXACT_LINE	NO_ELSE	7e8f6e43e4c9054efa04e3ab5b7da9937f97806508f31ee666a49507748b0325	e3b0c44298fc1c149afbf4c8996fb92427ae41e4649b934ca495991b7852b855					TTLLog	False	STATIC_BODY_REVIEWED_RUNTIME_PENDING	NOT_RUN	NOT_RUN	SAME	126	P2	IMPLEMENT_DEPENDENCY	TTL trace	ST01 + St02 (implementation)	DIO 初始化不記 TTLLog，不表示 TTL IO 未初始化。	真 log sink、路徑与 target。	恢復診斷，不改 TTL 資料/輸出。	CONDITIONAL_UNVERIFIED: static predicates recorded; actual configuration/call schedule not executed	PARSER_FUNCTION_CONTEXT	TfMain::InitDIOStstus	NO_EXACT_TOKEN_SPAN_IN_CHECKED_FILES	NONE	NONE
NBG-8bb441c3cdf4	cMainStatus.cpp	71	78	TfMain::ShowNowStatus		"(Capstr==""Running"")"		False	True	True	71	LOW	likely-no	PASS	LINK-OK		"Index Check，設空字串則永遠不會顯示 Index Check —— 兩者都是靜默的分支選擇（pt-wave-loop 陷阱 #6）。 閘住的後果：扭力量測期間（與開機後第一次量測前）golden 顯示 ""Index Check""，這裡顯示 ""Running""。 要解這道閘，先把那幾份 stand-in 收斂成 TfMain 上的單一成員（atester 的行為會跟著變，另案）。"	BODY_EXACT	EXACT_LINE	NO_ELSE	9c4b895c1f88da7e61f2da0d85575ae5806fd6f341c69592437c6e226bc10fe4	e3b0c44298fc1c149afbf4c8996fb92427ae41e4649b934ca495991b7852b855						True	STATIC_BODY_REVIEWED_RUNTIME_PENDING	NOT_RUN	NOT_RUN	SAME	127	P2	IMPLEMENT_DEPENDENCY	Index status labels	ST01	torque Writing/Reading/--- 未顯示 Index Check。	真 torque state→主畫面 tag，不能以Caption為權威。	各階段顯示与主流程一致。	CONDITIONAL_UNVERIFIED: static predicates recorded; actual configuration/call schedule not executed	PARSER_FUNCTION_CONTEXT	TfMain::ShowNowStatus	NO_EXACT_TOKEN_SPAN_IN_CHECKED_FILES	NONE	NONE
NBG-3b68aeeefcc0	cMyDB.cpp	803	835	MyDBIEvent		(CosFunction.bUseMDB) && NOT (rows==1)	#if W906_CMYDB_SQLITE  //AI(W906-CSVONLY) 20260926: golden :614 DB lookup+INSERT; unreachable with bUseMDB==false, kept verbatim	False	True	True	803	LOW	likely-no	PASS	LINK-OK	HAS-#else	TODO(GA1-B4): fMain->AlarmCodeMap not yet ported (forms/fMain.h facade	BODY_EXACT	EXACT_LINE	HAS_ELSE	175905fac84dcd790d9c954080fdb73bbed9a516d4294f1dddccdf66087860e5	5dcd4948b40750b63ddf6f3a7dc114aefa87fb86034bad92361cab6e55a655fc					AlarmCode.AnsiPos, AlarmCode.Length, AlarmCode.SubString, atoi, c_str	True	STATIC_BODY_REVIEWED_RUNTIME_PENDING	NOT_RUN	NOT_RUN	SAME	128	P1	IMPLEMENT_DEPENDENCY	alarm metadata	ST01	告警 fallback、unit name 或 AlarmCodeList 鏡像缺失，不等於所有告警不報。	真 alarm map、unit map、list 与 DB fallback。	已知/未知 code、unit正負界、清單与顯示。	CONDITIONAL_UNVERIFIED: static predicates recorded; actual configuration/call schedule not executed	PARSER_FUNCTION_CONTEXT	MyDBIEvent	TOKEN_SPAN_MATCH	906:cMyDB.cpp(1 spans) | 912:cMyDB.cpp(1 spans) | FRANK910:cMyDB.cpp(1 spans)	906:cMyDB.cpp | 912:cMyDB.cpp | FRANK910:cMyDB.cpp
NBG-2d2a0b4bb9f7	cMyDB.cpp	850	855	MyDBIEvent		(CosFunction.bUseMDB) && NOT (rows==1)	#if W906_CMYDB_SQLITE  //AI(W906-CSVONLY) 20260926: golden :614 DB lookup+INSERT; unreachable with bUseMDB==false, kept verbatim	False	True	True	850	LOW	likely-no	PASS	LINK-OK		TODO(GA1-B4): fMain->UnitNameMap not yet ported (forms/fMain.h facade	BODY_EXACT	EXACT_LINE	NO_ELSE	2396b5e605ad0a864ea0b1ecf8cd151ad0b727cd8f2192cccd8901086ad4445d	e3b0c44298fc1c149afbf4c8996fb92427ae41e4649b934ca495991b7852b855						True	STATIC_BODY_REVIEWED_RUNTIME_PENDING	NOT_RUN	NOT_RUN	SAME	129	P1	IMPLEMENT_DEPENDENCY	alarm metadata	ST01	告警 fallback、unit name 或 AlarmCodeList 鏡像缺失，不等於所有告警不報。	真 alarm map、unit map、list 与 DB fallback。	已知/未知 code、unit正負界、清單与顯示。	CONDITIONAL_UNVERIFIED: static predicates recorded; actual configuration/call schedule not executed	PARSER_FUNCTION_CONTEXT	MyDBIEvent	TOKEN_SPAN_MATCH	906:cMyDB.cpp(2 spans) | 912:cMyDB.cpp(2 spans) | FRANK910:cMyDB.cpp(2 spans)	906:cMyDB.cpp | 912:cMyDB.cpp | FRANK910:cMyDB.cpp
NBG-817bbb9042b4	cMyDB.cpp	1290	1293	MyDBQAlarmCodeList		NOT (rows==0 && cols==0)	#if W906_CMYDB_SQLITE  //AI(W906-CSVONLY) 20260926: sqlite3 retired; golden body kept, compiled only in the sqlite oracle test	False	True	True	1290	LOW	likely-no	PASS	LINK-OK		TODO(GA1-B4): fMain->AlarmCodeList not yet ported (forms/fMain.h	BODY_EXACT	EXACT_LINE	NO_ELSE	4e1ca153ede6cd14764ad1cfe001572a0064dab26ad6a43b3b17d1dafe14574b	e3b0c44298fc1c149afbf4c8996fb92427ae41e4649b934ca495991b7852b855					fMain->AlarmCodeList->Add	True	STATIC_BODY_REVIEWED_RUNTIME_PENDING	NOT_RUN	NOT_RUN	SAME	130	P1	IMPLEMENT_DEPENDENCY	alarm metadata	ST01	告警 fallback、unit name 或 AlarmCodeList 鏡像缺失，不等於所有告警不報。	真 alarm map、unit map、list 与 DB fallback。	已知/未知 code、unit正負界、清單与顯示。	CONDITIONAL_UNVERIFIED: static predicates recorded; actual configuration/call schedule not executed	PARSER_FUNCTION_CONTEXT	MyDBQAlarmCodeList	TOKEN_SPAN_MATCH	906:cMyDB.cpp(1 spans) | 912:cMyDB.cpp(1 spans) | FRANK910:cMyDB.cpp(1 spans)	906:cMyDB.cpp | 912:cMyDB.cpp | FRANK910:cMyDB.cpp
NBG-8c89b3eb9c68	cMyDB.cpp	1389	1392	MyDBQTimeData		(time>=0) && (i==5)	#if W906_CMYDB_SQLITE  //AI(W906-CSVONLY) 20260926: sqlite3 retired; golden body kept, compiled only in the sqlite oracle test	False	True	True	1389	LOW	likely-no	PASS	LINK-OK		TODO(GA1-B4): fObserver->iPauseTime not yet ported (atester_shims.h's	BODY_EXACT	EXACT_LINE	NO_ELSE	6b32e0053c9f69c491e9c2865679b0e5d4ec492815bb06cfd9aed3608932f841	e3b0c44298fc1c149afbf4c8996fb92427ae41e4649b934ca495991b7852b855						True	STATIC_BODY_REVIEWED_RUNTIME_PENDING	NOT_RUN	NOT_RUN	SAME	131	P1	IMPLEMENT_DEPENDENCY	MTBF bookkeeping	ST01	pause/product/jam 時間不更新 Observer 對應欄位。	真 Observer 計算核心及兩類資料來源。	已知三段時間驗 MTBF/MTBA，兩來源分支一致。	CONDITIONAL_UNVERIFIED: static predicates recorded; actual configuration/call schedule not executed	PARSER_FUNCTION_CONTEXT	MyDBQTimeData	TOKEN_SPAN_MATCH	906:cMyDB.cpp(1 spans) | 912:cMyDB.cpp(1 spans) | FRANK910:cMyDB.cpp(1 spans)	906:cMyDB.cpp | 912:cMyDB.cpp | FRANK910:cMyDB.cpp
NBG-8d968dcc6ea8	cMyDB.cpp	1396	1398	MyDBQTimeData		(time>=0) && NOT (i==5) && (i==6)	#if W906_CMYDB_SQLITE  //AI(W906-CSVONLY) 20260926: sqlite3 retired; golden body kept, compiled only in the sqlite oracle test	False	True	True	1396	LOW	likely-no	PASS	LINK-OK		TODO(GA1-B4): fObserver->iProductTime not yet ported -- golden :1140 MTBF bookkeeping.	BODY_EXACT	EXACT_LINE	NO_ELSE	cdc41f07aee8643ed84a6f38061b3d494f45ccb8c51c6c0d937a25b93d66cbc4	e3b0c44298fc1c149afbf4c8996fb92427ae41e4649b934ca495991b7852b855						True	STATIC_BODY_REVIEWED_RUNTIME_PENDING	NOT_RUN	NOT_RUN	SAME	132	P1	IMPLEMENT_DEPENDENCY	MTBF bookkeeping	ST01	pause/product/jam 時間不更新 Observer 對應欄位。	真 Observer 計算核心及兩類資料來源。	已知三段時間驗 MTBF/MTBA，兩來源分支一致。	CONDITIONAL_UNVERIFIED: static predicates recorded; actual configuration/call schedule not executed	PARSER_FUNCTION_CONTEXT	MyDBQTimeData	TOKEN_SPAN_MATCH	906:cMyDB.cpp(1 spans) | 912:cMyDB.cpp(1 spans) | FRANK910:cMyDB.cpp(1 spans)	906:cMyDB.cpp | 912:cMyDB.cpp | FRANK910:cMyDB.cpp
NBG-97f8164c5d5d	cMyDB.cpp	1402	1404	MyDBQTimeData		(time>=0) && NOT (i==5) && NOT (i==6) && (i==7)	#if W906_CMYDB_SQLITE  //AI(W906-CSVONLY) 20260926: sqlite3 retired; golden body kept, compiled only in the sqlite oracle test	False	True	True	1402	LOW	likely-no	PASS	LINK-OK		TODO(GA1-B4): fObserver->iJamTime not yet ported -- golden :1144 MTBF bookkeeping.	BODY_EXACT	EXACT_LINE	NO_ELSE	0abc5796ad32bc819227f1c8ca8bc6f4ff86910ca55585d3628b3bf7dd9ce4bb	e3b0c44298fc1c149afbf4c8996fb92427ae41e4649b934ca495991b7852b855						True	STATIC_BODY_REVIEWED_RUNTIME_PENDING	NOT_RUN	NOT_RUN	SAME	133	P1	IMPLEMENT_DEPENDENCY	MTBF bookkeeping	ST01	pause/product/jam 時間不更新 Observer 對應欄位。	真 Observer 計算核心及兩類資料來源。	已知三段時間驗 MTBF/MTBA，兩來源分支一致。	CONDITIONAL_UNVERIFIED: static predicates recorded; actual configuration/call schedule not executed	PARSER_FUNCTION_CONTEXT	MyDBQTimeData	TOKEN_SPAN_MATCH	906:cMyDB.cpp(1 spans) | 912:cMyDB.cpp(1 spans) | FRANK910:cMyDB.cpp(1 spans)	906:cMyDB.cpp | 912:cMyDB.cpp | FRANK910:cMyDB.cpp
NBG-a402d22b2997	cMyDB.cpp	1412	1414	MyDBQTimeData		NOT (time>=0) && (i==5)	#if W906_CMYDB_SQLITE  //AI(W906-CSVONLY) 20260926: sqlite3 retired; golden body kept, compiled only in the sqlite oracle test	False	True	True	1412	LOW	likely-no	PASS	LINK-OK		TODO(GA1-B4): fObserver->iPauseTime not yet ported -- see above.	BODY_EXACT	EXACT_LINE	NO_ELSE	eac616bf9574379f0e5742233e9c284e1318da05b050b1e4d2bc02989ff1fa77	e3b0c44298fc1c149afbf4c8996fb92427ae41e4649b934ca495991b7852b855					atoi, c_str	True	STATIC_BODY_REVIEWED_RUNTIME_PENDING	NOT_RUN	NOT_RUN	SAME	134	P1	IMPLEMENT_DEPENDENCY	MTBF bookkeeping	ST01	pause/product/jam 時間不更新 Observer 對應欄位。	真 Observer 計算核心及兩類資料來源。	已知三段時間驗 MTBF/MTBA，兩來源分支一致。	CONDITIONAL_UNVERIFIED: static predicates recorded; actual configuration/call schedule not executed	PARSER_FUNCTION_CONTEXT	MyDBQTimeData	TOKEN_SPAN_MATCH	906:cMyDB.cpp(1 spans) | 912:cMyDB.cpp(1 spans) | FRANK910:cMyDB.cpp(1 spans)	906:cMyDB.cpp | 912:cMyDB.cpp | FRANK910:cMyDB.cpp
NBG-c49469f44284	cMyDB.cpp	1418	1420	MyDBQTimeData		NOT (time>=0) && NOT (i==5) && (i==6)	#if W906_CMYDB_SQLITE  //AI(W906-CSVONLY) 20260926: sqlite3 retired; golden body kept, compiled only in the sqlite oracle test	False	True	True	1418	LOW	likely-no	PASS	LINK-OK		TODO(GA1-B4): fObserver->iProductTime not yet ported -- see above.	BODY_EXACT	EXACT_LINE	NO_ELSE	1798d1b99e90944ab679730d932af95dc35a3a1f19813802a36eeddbb9a3f070	e3b0c44298fc1c149afbf4c8996fb92427ae41e4649b934ca495991b7852b855					atoi, c_str	True	STATIC_BODY_REVIEWED_RUNTIME_PENDING	NOT_RUN	NOT_RUN	SAME	135	P1	IMPLEMENT_DEPENDENCY	MTBF bookkeeping	ST01	pause/product/jam 時間不更新 Observer 對應欄位。	真 Observer 計算核心及兩類資料來源。	已知三段時間驗 MTBF/MTBA，兩來源分支一致。	CONDITIONAL_UNVERIFIED: static predicates recorded; actual configuration/call schedule not executed	PARSER_FUNCTION_CONTEXT	MyDBQTimeData	TOKEN_SPAN_MATCH	906:cMyDB.cpp(1 spans) | 912:cMyDB.cpp(1 spans) | FRANK910:cMyDB.cpp(1 spans)	906:cMyDB.cpp | 912:cMyDB.cpp | FRANK910:cMyDB.cpp
NBG-be953619d576	cMyDB.cpp	1424	1426	MyDBQTimeData		NOT (time>=0) && NOT (i==5) && NOT (i==6) && (i==7)	#if W906_CMYDB_SQLITE  //AI(W906-CSVONLY) 20260926: sqlite3 retired; golden body kept, compiled only in the sqlite oracle test	False	True	True	1424	LOW	likely-no	PASS	LINK-OK		TODO(GA1-B4): fObserver->iJamTime not yet ported -- see above.	BODY_EXACT	EXACT_LINE	NO_ELSE	251338a7325032b956f0ea06536f8edb8f4290c073a87b0f8dfb115c9938ff9f	e3b0c44298fc1c149afbf4c8996fb92427ae41e4649b934ca495991b7852b855					atoi, c_str	True	STATIC_BODY_REVIEWED_RUNTIME_PENDING	NOT_RUN	NOT_RUN	SAME	136	P1	IMPLEMENT_DEPENDENCY	MTBF bookkeeping	ST01	pause/product/jam 時間不更新 Observer 對應欄位。	真 Observer 計算核心及兩類資料來源。	已知三段時間驗 MTBF/MTBA，兩來源分支一致。	CONDITIONAL_UNVERIFIED: static predicates recorded; actual configuration/call schedule not executed	PARSER_FUNCTION_CONTEXT	MyDBQTimeData	TOKEN_SPAN_MATCH	906:cMyDB.cpp(1 spans) | 912:cMyDB.cpp(1 spans) | FRANK910:cMyDB.cpp(1 spans)	906:cMyDB.cpp | 912:cMyDB.cpp | FRANK910:cMyDB.cpp
NBG-bdeb8247cd4b	cMyDB.cpp	1667	1678	MyDBVProcess		(rows>=1) && (j==5) && NOT (strGrid->Cells[j+1][i]=='1') && NOT (strGrid->Cells[j+1][i]=='2') && NOT (strGrid->Cells[j+1][i]=='3')	#if W906_CMYDB_SQLITE  //AI(W906-CSVONLY) 20260926: sqlite3 retired; golden body kept, compiled only in the sqlite oracle test	False	True	True	1667	LOW	likely-no	PASS	LINK-OK		TODO(GA1-B4): fSecurity not yet ported (no declaration anywhere in	BODY_EXACT	EXACT_LINE	NO_ELSE	7bb454104d0baff817506bcf74ee6561e49e3a8f09725cda60ec6c7f30023f21	e3b0c44298fc1c149afbf4c8996fb92427ae41e4649b934ca495991b7852b855					fSecurity->GetJamArea, fSecurity->GetJemIncludeMTBA	True	STATIC_BODY_REVIEWED_RUNTIME_PENDING	NOT_RUN	NOT_RUN	SAME	137	P1	IMPLEMENT_DEPENDENCY	MTBA filter	ST01	自訂 IncludeMTBA Jam 篩選略過，統計基礎不同。	真 Security jam 規則，与211同一模型。	含/不含/首列，計算值正确。	CONDITIONAL_UNVERIFIED: static predicates recorded; actual configuration/call schedule not executed	PARSER_FUNCTION_CONTEXT	MyDBVProcess	NO_EXACT_TOKEN_SPAN_IN_CHECKED_FILES	NONE	906:cMyDB.cpp | 912:cMyDB.cpp | FRANK910:cMyDB.cpp
NBG-f136ea0daeda	cObserver.cpp	3192	3194	RecordEndTestTime		(IniConfig.bN28_SCK_OEE)		False	True	True	3192	LOW	likely-no	PASS	LINK-OK		GATE REGISTER W2-5: fMain->slTestLog is not a forms/fMain.h facade member (same pre-existing gap already documented at cprod.cpp: 2936-2939, NOT a new one this wave introduces).	BODY_EXACT	EXACT_LINE	NO_ELSE	c71ca75762c490bbfb5947582de5d234c3bf2d3f4db91d4da97133e5b2eeede3	e3b0c44298fc1c149afbf4c8996fb92427ae41e4649b934ca495991b7852b855					fMain->slTestLog->AddText	True	STATIC_BODY_REVIEWED_RUNTIME_PENDING	NOT_RUN	NOT_RUN	SAME	138	P2	IMPLEMENT_DEPENDENCY	tester time log	ST01	end test log 不加 slTestLog 鏡像，不代表 DB 沒記時間。	真 log sink 与同一test事件。	內容、時間與行數，不與既有檔案重複。	CONDITIONAL_UNVERIFIED: static predicates recorded; actual configuration/call schedule not executed	PARSER_FUNCTION_CONTEXT	RecordEndTestTime	TOKEN_SPAN_MATCH	906:cObserver.cpp(1 spans) | 912:cObserver.cpp(1 spans) | FRANK910:cObserver.cpp(1 spans)	906:cObserver.cpp | 912:cObserver.cpp | FRANK910:cObserver.cpp
NBG-df63384df5ff	cObserver.cpp	5632	5652	TfObserver::sbScreenkeyboardClick		(hKeyboard!=NULL)		False	True	True	5632	LOW	likely-no	PASS	LINK-OK		GATE (B-OSK-2) -- AI(W906-FW3-Observer-W2) 20260825, added at merge.	BODY_EXACT	EXACT_LINE	NO_ELSE	585f9edc12c9666f51fbcc49818a45b8320da7e77c40232fae2989c287c6fa9f	e3b0c44298fc1c149afbf4c8996fb92427ae41e4649b934ca495991b7852b855					PostMessage	True	STATIC_BODY_REVIEWED_RUNTIME_PENDING	NOT_RUN	NOT_RUN	SAME	139	P2	KEEP_NO_RUNTIME	OS keyboard	ST01	關外部鍵盤視窗或啟動 osk 是 OS 副作用，不是必需 Handler 流程。	Web keypad 生命周期及 Windows caption 編碼。	以頁面鍵盤處理；如需 OS 鍵盤，另依實際需求安排。	CONDITIONAL_UNVERIFIED: static predicates recorded; actual configuration/call schedule not executed	PARSER_FUNCTION_CONTEXT	TfObserver::sbScreenkeyboardClick	TOKEN_SPAN_MATCH	906:cObserver.cpp(1 spans) | 912:cObserver.cpp(1 spans) | FRANK910:cObserver.cpp(1 spans)	906:cObserver.cpp | 912:cObserver.cpp | FRANK910:cObserver.cpp
NBG-946efab18338	cObserver.cpp	5656	5684	TfObserver::sbScreenkeyboardClick				False	True	True	5656	LOW	likely-no	PASS	LINK-OK		GATE (B-OSK-1) -- ShellExecuteEx spawns C:\Windows\system32\osk.exe.	BODY_EXACT	EXACT_LINE	NO_ELSE	3fdae0d5d52c30b1441a157de8e40e89389f9914c2c07ca5c74869596a80068f	e3b0c44298fc1c149afbf4c8996fb92427ae41e4649b934ca495991b7852b855					FileExists, ShellExecuteEx, memset	True	STATIC_BODY_REVIEWED_RUNTIME_PENDING	NOT_RUN	NOT_RUN	SAME	140	P2	KEEP_NO_RUNTIME	OS keyboard	ST01	關外部鍵盤視窗或啟動 osk 是 OS 副作用，不是必需 Handler 流程。	Web keypad 生命周期及 Windows caption 編碼。	以頁面鍵盤處理；如需 OS 鍵盤，另依實際需求安排。	CONDITIONAL_UNVERIFIED: static predicates recorded; actual configuration/call schedule not executed	PARSER_FUNCTION_CONTEXT	TfObserver::sbScreenkeyboardClick	TOKEN_SPAN_MATCH	906:cObserver.cpp(1 spans) | 912:cObserver.cpp(1 spans) | FRANK910:cObserver.cpp(1 spans)	906:cObserver.cpp | 912:cObserver.cpp | FRANK910:cObserver.cpp
NBG-6bc01d44b89e	cSecurity.cpp	1037	1043	TMySecurity::SetPosition				False	True	True	1037	LOW	likely-no	PASS	LINK-OK	HAS-#else	GATE (SEC10): entire body -- see forms/fSecurity.h banner.	BODY_EXACT	EXACT_LINE	HAS_ELSE	f2969f8c6daa94b93bab0bd58d8802c4b957e7a0abe4a65e9769ffe027369641	35a9d62833ce86efe2b633bf6b5f02d4c6570a08414ac1a304381d2323cc0ec0						True	STATIC_BODY_REVIEWED_RUNTIME_PENDING	NOT_RUN	NOT_RUN	SAME	141	P2	KEEP_NO_RUNTIME	panel position	ST01	只改headless Panel座標，不恢復控制功能。	Web排版与生命周期。	頁面位置、資料及權限。	CONDITIONAL_UNVERIFIED: static predicates recorded; actual configuration/call schedule not executed	PARSER_FUNCTION_CONTEXT	TMySecurity::SetPosition	TOKEN_SPAN_MATCH	906:cSecurity.cpp(1 spans) | 912:cSecurity.cpp(1 spans) | FRANK910:cSecurity.cpp(1 spans)	906:cSecurity.cpp | 912:cSecurity.cpp | FRANK910:cSecurity.cpp
NBG-4c6faf468f49	cSpeed.cpp	290	294	TfSpeed::FormShow				False	True	True	290	LOW	likely-no	PASS	LINK-OK			BODY_EXACT	EXACT_LINE	NO_ELSE	aebad15d8502d8dae077de2ea4900b216a76a838f4c39c7b054f5aea200175c6	e3b0c44298fc1c149afbf4c8996fb92427ae41e4649b934ca495991b7852b855					rbTemp->SetFocus	False	STATIC_BODY_REVIEWED_RUNTIME_PENDING	NOT_RUN	NOT_RUN	SAME	142	P2	KEEP_NO_RUNTIME	UI focus	ST01	SetFocus 是視窗焦點，並非溫控模式。	Web 焦點行為。	頁面載入與鍵盤操作。	CONDITIONAL_UNVERIFIED: static predicates recorded; actual configuration/call schedule not executed	PARSER_FUNCTION_CONTEXT	TfSpeed::FormShow	TOKEN_SPAN_MATCH	906:cSpeed.cpp(1 spans) | 912:cSpeed.cpp(1 spans) | FRANK910:cSpeed.cpp(1 spans)	906:cSpeed.cpp | 912:cSpeed.cpp | FRANK910:cSpeed.cpp
NBG-6bcfefae9e9a	cStartCondition.cpp	220	222	TfStartCondition::FormShow		(IniConfig.bShowFTandRTButtonCanClick==true && //Steven 20131224 : FT & RT Buttion 可以按 CUSTOMER_CODE!=CC_SCC)		False	True	True	220	LOW	likely-no	PASS	LINK-OK		"GATE (SC1): golden :145 `LastSet.iStartMode=2;` -- hidden write inside a function named ""Show"". See fStartCondition.h banner."	BODY_EXACT	EXACT_LINE	NO_ELSE	f2e093e853e25a73635ab1da458f17c9c3cba3e8abdc76e8d627823d72a508d5	e3b0c44298fc1c149afbf4c8996fb92427ae41e4649b934ca495991b7852b855						False	STATIC_BODY_REVIEWED_RUNTIME_PENDING	NOT_RUN	NOT_RUN	SAME	143	P1	REVIEW_EXISTING_DEPENDENCY	start mode choice	Frank + ST01	FormShow 略過 iStartMode=1/2；開畫面會影響下次啟動。	真 StartCondition mode/LastSet 同源。	開頁後mode、取消、START，不只看UI正常。	CONDITIONAL_UNVERIFIED: static predicates recorded; actual configuration/call schedule not executed	PARSER_FUNCTION_CONTEXT	TfStartCondition::FormShow	TOKEN_SPAN_MATCH	906:cStartCondition.cpp(3 spans) | 912:cStartCondition.cpp(3 spans) | FRANK910:cStartCondition.cpp(3 spans)	906:cStartCondition.cpp | 912:cStartCondition.cpp | FRANK910:cStartCondition.cpp
NBG-04a80e48ac01	cStartCondition.cpp	257	259	TfStartCondition::FormShow		(cbStartModeOnlyFT->Checked==true)		False	True	True	257	LOW	likely-no	PASS	LINK-OK		GATE (SC2): golden :171 `LastSet.iStartMode=1;` -- hidden write.	BODY_EXACT	EXACT_LINE	NO_ELSE	342544fcd3cfbc806dbd33612f17038c23e4aaf0f20b05dda668510c638d0fe6	e3b0c44298fc1c149afbf4c8996fb92427ae41e4649b934ca495991b7852b855						False	STATIC_BODY_REVIEWED_RUNTIME_PENDING	NOT_RUN	NOT_RUN	SAME	144	P1	REVIEW_EXISTING_DEPENDENCY	start mode choice	Frank + ST01	FormShow 略過 iStartMode=1/2；開畫面會影響下次啟動。	真 StartCondition mode/LastSet 同源。	開頁後mode、取消、START，不只看UI正常。	CONDITIONAL_UNVERIFIED: static predicates recorded; actual configuration/call schedule not executed	PARSER_FUNCTION_CONTEXT	TfStartCondition::FormShow	TOKEN_SPAN_MATCH	906:cStartCondition.cpp(3 spans) | 912:cStartCondition.cpp(3 spans) | FRANK910:cStartCondition.cpp(3 spans)	906:cStartCondition.cpp | 912:cStartCondition.cpp | FRANK910:cStartCondition.cpp
NBG-af499dfb1125	cStateRecord.cpp	758	763	TfMain::StateRecordImage				False	True	True	758	LOW	likely-no	PASS	LINK-OK		GATE(W906-STATEREC-G2) 螢幕解析度只給下面的抓圖用；抓圖本身缺 VCL 視窗（見函式頭）	BODY_EXACT	EXACT_LINE	NO_ELSE	9ef242e5bba9d6718f8e26cf743e75c4d4949275f1a0685b3fa9d835c640579b	e3b0c44298fc1c149afbf4c8996fb92427ae41e4649b934ca495991b7852b855						True	STATIC_BODY_REVIEWED_RUNTIME_PENDING	NOT_RUN	NOT_RUN	SAME	145	P2	KEEP_REPLACEMENT	state image resolution	ST01	解析度區域變數被省略，可能已有新image fallback取代。	真 X/YResolution 与圖像來源。	1280、1920、無display、輸出大小；不為減gate加未用變數。	CONDITIONAL_UNVERIFIED: static predicates recorded; actual configuration/call schedule not executed	PARSER_FUNCTION_CONTEXT	TfMain::StateRecordImage	NO_EXACT_TOKEN_SPAN_IN_CHECKED_FILES	NONE	NONE
NBG-4b4385bf35cd	cStateRecord.cpp	853	865	TfMain::StateRecordImage	6			False	True	True	853	LOW	likely-no	PASS	LINK-OK		MOVED-BG(W906-STATEREC) 使用者 20260924 裁決：7z／Del_Tree／開資料夾交給背景執行緒，見本檔 RunStateRecordJob（不是缺相依的閘）	BODY_EXACT	EXACT_LINE	NO_ELSE	2ea507f582d78953afe1b3ce17c6c2bf47ace238e9def5aecb067ce132780be1	e3b0c44298fc1c149afbf4c8996fb92427ae41e4649b934ca495991b7852b855					Del_Tree, FileExists, MySleep, SDataPath.c_str, ShellExecute, str1.c_str, str1.sprintf, system	True	STATIC_BODY_REVIEWED_RUNTIME_PENDING	NOT_RUN	NOT_RUN	SAME	146	P2	KEEP_NO_RUNTIME	state archive OS IO	ST01	外部7z壓縮、刪目錄與開窗未執行。	新 archive API、成功定義与路徑owner。	確認壓縮完整才刪，失敗或超出路徑保留資料。	CONDITIONAL_UNVERIFIED: static predicates recorded; actual configuration/call schedule not executed	PARSER_FUNCTION_CONTEXT	TfMain::StateRecordImage	NO_EXACT_TOKEN_SPAN_IN_CHECKED_FILES	NONE	NONE
NBG-083f25fccd8e	cTemperFrom.cpp	977	1006	TfTemperFrom::ShowThermo		NOT (Tri_Temp_Machine==1) && (bUT150Install[Addr] && bGetHeaterUsed(Addr)) && (LastSet.iTemperature==Tempture_Ambient && Temperature.bAmbientGuardbandCheck && IniConfig.bL20AbientGuardBand)	#ifndef SOFT_SIMULTE	False	True	True	977	LOW	likely-no	PASS	LINK-OK		GATE (T1)	BODY_EXACT	EXACT_LINE	NO_ELSE	a968666f463bde34391c0a895cf2d3fa6ade54c22f19eac99bf04f8c40555ee9	e3b0c44298fc1c149afbf4c8996fb92427ae41e4649b934ca495991b7852b855					S1.sprintf, ShowErrorMessage	False	STATIC_BODY_REVIEWED_RUNTIME_PENDING	NOT_RUN	NOT_RUN	SAME	147	P0	IMPLEMENT_DEPENDENCY	temperature alarm	Frank + ST01	高/低溫三秒告警沒執行，不能標純 UI。	真溫度讀值、告警旗標、每秒tick与sink。	閾值、持續三秒、回復与過溫處置依原規格。	CONDITIONAL_UNVERIFIED: static predicates recorded; actual configuration/call schedule not executed	PARSER_FUNCTION_CONTEXT	TfTemperFrom::ShowThermo	TOKEN_SPAN_MATCH	906:cTemperFrom.cpp(1 spans) | 912:cTemperFrom.cpp(1 spans) | FRANK910:cTemperFrom.cpp(1 spans)	906:cTemperFrom.cpp | 912:cTemperFrom.cpp | FRANK910:cTemperFrom.cpp
NBG-38db82f70e7e	cTrayForm.cpp	116	118	TfTrayForm::Init		(IniConfig.bUseTrayBlockMode)		False	True	True	116	LOW	likely-no	PASS	LINK-OK		閘掉後它是 0，golden 下游的有效值也是 0（上面 denormal 那句），所以下游值與 golden 相同。 只在 IniConfig.bUseTrayBlockMode（CosFunction.cpp:467 某些客戶設定會開）時才會走到。 這是 golden 自身的缺陷，V912 很可能相同 —— 已記進晨報，要不要修由使用者決定。	BODY_EXACT	EXACT_LINE	NO_ELSE	f006f8cc37af25bc2e5032a92c1331e08aa63e06f574a49b3c29c9761553fa28	e3b0c44298fc1c149afbf4c8996fb92427ae41e4649b934ca495991b7852b855					elTrayForm->Add	False	STATIC_BODY_REVIEWED_RUNTIME_PENDING	NOT_RUN	NOT_RUN	SAME	148	P1	REVIEW_EXISTING_DEPENDENCY	tray form config	ST01	BlockTraySize Type0 editlist 欄位未載/存。	新 FileRW TrayForm、UserDefForm 欄位來源。	讀改存重載与1x1/1x2/2x2物理尺寸。	CONDITIONAL_UNVERIFIED: static predicates recorded; actual configuration/call schedule not executed	PARSER_FUNCTION_CONTEXT	TfTrayForm::Init	TOKEN_SPAN_MATCH	906:cTrayForm.cpp(1 spans) | 912:cTrayForm.cpp(1 spans) | FRANK910:cTrayForm.cpp(1 spans)	906:cTrayForm.cpp | 912:cTrayForm.cpp | FRANK910:cTrayForm.cpp
NBG-9fecd5a79732	cUnitConvert.cpp	372	374	DoTestIFConvert				False	True	True	372	LOW	likely-no	PASS	LINK-OK		GOLDEN VERBATIM -- golden cUnitConvert.cpp:29.  GATE PTW8-UC-1 (memcpy over 29 AnsiString members); the line below is the value-identical, memory-safe form.	BODY_EXACT	EXACT_LINE	NO_ELSE	2cea6534f87dfdd916d87d8cbcd7b747d1194cb04921187062a9b13a6327ed5a	e3b0c44298fc1c149afbf4c8996fb92427ae41e4649b934ca495991b7852b855					memcpy	False	STATIC_BODY_REVIEWED_RUNTIME_PENDING	NOT_RUN	NOT_RUN	SAME	149	P0	KEEP_REPLACEMENT	non-POD copy	ST01	memcpy 會覆寫含 AnsiString 物件；現行 value assignment 已完成複製。	cUnitConvert.cpp:375/418 賦值替代；歷史compile/link成功不表示memory安全。	保持替代，驗字串獨立/釋放與數值縮放；不得重新解除原memcpy。	CONDITIONAL_UNVERIFIED: static predicates recorded; actual configuration/call schedule not executed	PARSER_FUNCTION_CONTEXT	DoTestIFConvert	TOKEN_SPAN_MATCH	906:cUnitConvert.cpp(1 spans) | 912:cUnitConvert.cpp(1 spans) | FRANK910:cUnitConvert.cpp(1 spans)	906:cUnitConvert.cpp | 912:cUnitConvert.cpp | FRANK910:cUnitConvert.cpp
NBG-addfc987638a	cUnitConvert.cpp	415	417	DoDeviceConvert				False	True	True	415	LOW	likely-no	PASS	LINK-OK		GOLDEN VERBATIM -- golden cUnitConvert.cpp:60.  GATE PTW8-UC-2 (memcpy over an AnsiString member).	BODY_EXACT	EXACT_LINE	NO_ELSE	b531217f4587ad7ee9ebe121544e12a3a2ecd0e9a75b8ebdc80faf1ec85fd541	e3b0c44298fc1c149afbf4c8996fb92427ae41e4649b934ca495991b7852b855					memcpy	False	STATIC_BODY_REVIEWED_RUNTIME_PENDING	NOT_RUN	NOT_RUN	SAME	150	P0	KEEP_REPLACEMENT	non-POD copy	ST01	memcpy 會覆寫含 AnsiString 物件；現行 value assignment 已完成複製。	cUnitConvert.cpp:375/418 賦值替代；歷史compile/link成功不表示memory安全。	保持替代，驗字串獨立/釋放與數值縮放；不得重新解除原memcpy。	CONDITIONAL_UNVERIFIED: static predicates recorded; actual configuration/call schedule not executed	PARSER_FUNCTION_CONTEXT	DoDeviceConvert	TOKEN_SPAN_MATCH	906:cUnitConvert.cpp(1 spans) | 912:cUnitConvert.cpp(1 spans) | FRANK910:cUnitConvert.cpp(1 spans)	906:cUnitConvert.cpp | 912:cUnitConvert.cpp | FRANK910:cUnitConvert.cpp
NBG-8efc8581ac82	cinitial.cpp	9289	9292	DoSetupSystemToProd		(CosFunction.bRotateUseRTmode==true && tRotate.bRotateUseRTmode==true && bRunRT==true)		False	True	True	9289	MEDIUM	likely-no	PASS	LINK-OK		GATE n2-6: blocked by tRotateShim (aHotPlateSubstrate.h:824) -- no RotationTimeInRT/RotationTimeOutRT	BODY_EXACT	EXACT_LINE	NO_ELSE	4cc224f3ed3d052cfe981635106bb8ef140262c4abb4f467e6ca987e375857a1	e3b0c44298fc1c149afbf4c8996fb92427ae41e4649b934ca495991b7852b855						True	STATIC_BODY_REVIEWED_RUNTIME_PENDING	NOT_RUN	NOT_RUN	SAME	151	P1	IMPLEMENT_DEPENDENCY	rotation recipe	Frank + ST01	FT/RT RotationTime/Count 不抄到 Prod，macro 解開仍可能缺真recipe。	真 tRotate与DoSetupSystemToProd、42..55同族。	FT/RT角度、次數、offset及group同步，不沿用旧recipe。	CONDITIONAL_UNVERIFIED: static predicates recorded; actual configuration/call schedule not executed	PARSER_FUNCTION_CONTEXT	DoSetupSystemToProd	TOKEN_SPAN_MATCH	906:cinitial.cpp(1 spans) | 912:cinitial.cpp(1 spans) | FRANK910:cinitial.cpp(1 spans)	906:cinitial.cpp | 912:cinitial.cpp | FRANK910:cinitial.cpp
NBG-54c655341472	cinitial.cpp	9297	9303	DoSetupSystemToProd		(CosFunction.bRotateUseRTmode==true && tRotate.bRotateUseRTmode==true && bRunRT==true)		False	True	True	9297	MEDIUM	likely-no	PASS	LINK-OK		GATE n2-7: blocked by tRotateShim (aHotPlateSubstrate.h:824) -- no RotationCountRT/OutRotationCountRT	BODY_EXACT	EXACT_LINE	NO_ELSE	dc9dfdb020ee8d9506d2f9a4529379e135984ab5e0276d8f008ddc21826f389d	e3b0c44298fc1c149afbf4c8996fb92427ae41e4649b934ca495991b7852b855						True	STATIC_BODY_REVIEWED_RUNTIME_PENDING	NOT_RUN	NOT_RUN	SAME	152	P1	IMPLEMENT_DEPENDENCY	rotation recipe	Frank + ST01	FT/RT RotationTime/Count 不抄到 Prod，macro 解開仍可能缺真recipe。	真 tRotate与DoSetupSystemToProd、42..55同族。	FT/RT角度、次數、offset及group同步，不沿用旧recipe。	CONDITIONAL_UNVERIFIED: static predicates recorded; actual configuration/call schedule not executed	PARSER_FUNCTION_CONTEXT	DoSetupSystemToProd	TOKEN_SPAN_MATCH	906:cinitial.cpp(1 spans) | 912:cinitial.cpp(1 spans) | FRANK910:cinitial.cpp(1 spans)	906:cinitial.cpp | 912:cinitial.cpp | FRANK910:cinitial.cpp
NBG-0fbcd4f8bf24	cinitial.cpp	9335	9338	DoSetupSystemToProd		NOT (CosFunction.bRotateUseRTmode==true && tRotate.bRotateUseRTmode==true && bRunRT==true)		False	True	True	9335	MEDIUM	likely-no	PASS	LINK-OK		GATE n2-8: blocked by tRotateShim (aHotPlateSubstrate.h:824) -- no RotationTimeIn/RotationTimeOut	BODY_EXACT	EXACT_LINE	NO_ELSE	b40e55672ffb54c56b6379048656b141f81b96706b431bad4dfd4205a54d539b	e3b0c44298fc1c149afbf4c8996fb92427ae41e4649b934ca495991b7852b855						True	STATIC_BODY_REVIEWED_RUNTIME_PENDING	NOT_RUN	NOT_RUN	SAME	153	P1	IMPLEMENT_DEPENDENCY	rotation recipe	Frank + ST01	FT/RT RotationTime/Count 不抄到 Prod，macro 解開仍可能缺真recipe。	真 tRotate与DoSetupSystemToProd、42..55同族。	FT/RT角度、次數、offset及group同步，不沿用旧recipe。	CONDITIONAL_UNVERIFIED: static predicates recorded; actual configuration/call schedule not executed	PARSER_FUNCTION_CONTEXT	DoSetupSystemToProd	TOKEN_SPAN_MATCH	906:cinitial.cpp(1 spans) | 912:cinitial.cpp(1 spans) | FRANK910:cinitial.cpp(1 spans)	906:cinitial.cpp | 912:cinitial.cpp | FRANK910:cinitial.cpp
NBG-a670e006d97b	cinitial.cpp	9343	9349	DoSetupSystemToProd		NOT (CosFunction.bRotateUseRTmode==true && tRotate.bRotateUseRTmode==true && bRunRT==true)		False	True	True	9343	MEDIUM	likely-no	PASS	LINK-OK		GATE n2-9: blocked by tRotateShim (aHotPlateSubstrate.h:824) -- no RotationCount/OutRotationCount	BODY_EXACT	EXACT_LINE	NO_ELSE	b8074c40f7ae26b1f72c681aa780a954a9af2f5aff8e3700a35135b5910a9652	e3b0c44298fc1c149afbf4c8996fb92427ae41e4649b934ca495991b7852b855						True	STATIC_BODY_REVIEWED_RUNTIME_PENDING	NOT_RUN	NOT_RUN	SAME	154	P1	IMPLEMENT_DEPENDENCY	rotation recipe	Frank + ST01	FT/RT RotationTime/Count 不抄到 Prod，macro 解開仍可能缺真recipe。	真 tRotate与DoSetupSystemToProd、42..55同族。	FT/RT角度、次數、offset及group同步，不沿用旧recipe。	CONDITIONAL_UNVERIFIED: static predicates recorded; actual configuration/call schedule not executed	PARSER_FUNCTION_CONTEXT	DoSetupSystemToProd	TOKEN_SPAN_MATCH	906:cinitial.cpp(1 spans) | 912:cinitial.cpp(1 spans) | FRANK910:cinitial.cpp(1 spans)	906:cinitial.cpp | 912:cinitial.cpp | FRANK910:cinitial.cpp
NBG-f06f311c81e5	cinitial.cpp	9943	9946	LoadMachineRecord		(bSpare==false) && (iState==0)	#ifndef SOFT_SIMULTE	False	True	True	9943	MEDIUM	likely-no	PASS	LINK-OK		GATE n2-17: blocked by uPlateInfo::ResetFile + sCleanPlaceRec (two-headers-one-class; see gate doc)	BODY_EXACT	EXACT_LINE	NO_ELSE	4709ecaa81952464bc23b0d1b4912a6640cf8bb422798cc247fab3a3f31de469	e3b0c44298fc1c149afbf4c8996fb92427ae41e4649b934ca495991b7852b855					PickFromHPList->ResetFile, PlaceToCleanList->ResetFile	True	STATIC_BODY_REVIEWED_RUNTIME_PENDING	NOT_RUN	NOT_RUN	SAME	155	P1	REVIEW_EXISTING_DEPENDENCY	restart retained lists	Frank + ST01	重啟時 Hotplate pick/Clean place list 不resetfile，可能殘留上一輪。	真 persistence、LoadMachineRecord 与已有 TaskList。	有/無殘留、有IC重啟及清機規格，不能重寫一套。	CONDITIONAL_UNVERIFIED: static predicates recorded; actual configuration/call schedule not executed	PARSER_FUNCTION_CONTEXT	LoadMachineRecord	TOKEN_SPAN_MATCH	906:cinitial.cpp(2 spans) | 912:cinitial.cpp(2 spans) | FRANK910:cinitial.cpp(2 spans)	906:cinitial.cpp | 912:cinitial.cpp | FRANK910:cinitial.cpp
NBG-466adf5e271f	cinitial.cpp	16574	16579	GetInArmSuckBaseHeight				False	True	True	16574	MEDIUM	likely-no（缺 include）	PASS-WITH-INCLUDE	LINK-OK		GATE n5-G17: blocked by TfProductionInfo::EnableInArmAutoCalSuckZ (golden ProductionInfo/ProductionInfo.cpp:5907; 0 hits tree-wide)	BODY_EXACT	EXACT_LINE	NO_ELSE	ac5732e3786f785a102bc45a6357c95441a172a33017a3029d164ed2260ee8da	e3b0c44298fc1c149afbf4c8996fb92427ae41e4649b934ca495991b7852b855					fProductionInfo->EnableInArmAutoCalSuckZ	True	STATIC_BODY_REVIEWED_RUNTIME_PENDING	NOT_RUN	NOT_RUN	SAME	156	P1	IMPLEMENT_DEPENDENCY	arm auto Z offset	Frank + ST01	In/Out AutoCal Z差未加入基準高度。	EnableAutoCalSuckZ、真高度差与四嘴group定義。	開關、有效/無效高度、group共用或逐嘴差值。	CONDITIONAL_UNVERIFIED: static predicates recorded; actual configuration/call schedule not executed	PARSER_FUNCTION_CONTEXT	GetInArmSuckBaseHeight	TOKEN_SPAN_MATCH	906:cinitial.cpp(1 spans) | 912:cinitial.cpp(1 spans) | FRANK910:cinitial.cpp(1 spans)	906:cinitial.cpp | 912:cinitial.cpp | FRANK910:cinitial.cpp
NBG-cc7580f78aca	cinitial.cpp	16600	16605	GetOutArmSuckBaseHeight				False	True	True	16600	MEDIUM	likely-no（缺 include）	PASS-WITH-INCLUDE	LINK-OK		GATE n5-G18: blocked by TfProductionInfo::EnableOutArmAutoCalSuckZ (golden ProductionInfo/ProductionInfo.cpp:5912; 0 hits tree-wide)	BODY_EXACT	EXACT_LINE	NO_ELSE	80a8ad1b46c56aa63da37924d0acb37876b7405d28367bc5cf52979834c35949	e3b0c44298fc1c149afbf4c8996fb92427ae41e4649b934ca495991b7852b855					fProductionInfo->EnableOutArmAutoCalSuckZ	True	STATIC_BODY_REVIEWED_RUNTIME_PENDING	NOT_RUN	NOT_RUN	SAME	157	P1	IMPLEMENT_DEPENDENCY	arm auto Z offset	Frank + ST01	In/Out AutoCal Z差未加入基準高度。	EnableAutoCalSuckZ、真高度差与四嘴group定義。	開關、有效/無效高度、group共用或逐嘴差值。	CONDITIONAL_UNVERIFIED: static predicates recorded; actual configuration/call schedule not executed	PARSER_FUNCTION_CONTEXT	GetOutArmSuckBaseHeight	TOKEN_SPAN_MATCH	906:cinitial.cpp(1 spans) | 912:cinitial.cpp(1 spans) | FRANK910:cinitial.cpp(1 spans)	906:cinitial.cpp | 912:cinitial.cpp | FRANK910:cinitial.cpp
NBG-63b64b0bc8b3	cinitial.cpp	17681	17683	ChangeSite				False	True	True	17681	MEDIUM	likely-no（缺 include）	PASS-WITH-INCLUDE	LINK-OK		N1-G5: TfTemp_Set::InitialAddrToATC now EXISTS (uTemp_Set.cpp:6721) -- what still blocks is ORDER: wb_serve news fTemp_Set at tools/wb_serve.cpp:3244, AFTER InitialHandler (:3084) -> SetWorkParameter -> ChangeSite runs, so this would deref NULL at boot; golden creates its forms first. Boot-order ite	BODY_EXACT	EXACT_LINE	NO_ELSE	204a22e83d6fe84c9623cb8bfe5ee11fa3fbb1193f5537288a353dbfb68430f3	e3b0c44298fc1c149afbf4c8996fb92427ae41e4649b934ca495991b7852b855					fTemp_Set->InitialAddrToATC	True	STATIC_BODY_REVIEWED_RUNTIME_PENDING	NOT_RUN	NOT_RUN	SAME	158	P1	REVIEW_EXISTING_DEPENDENCY	ATC site mapping	ST01	ChangeSite 不更新 Addr→ATC 矩陣。	InitialAddrToATC 真本體、site/config 來源。	換站後通道對應，未連線不假設成功。	CONDITIONAL_UNVERIFIED: static predicates recorded; actual configuration/call schedule not executed	PARSER_FUNCTION_CONTEXT	ChangeSite	TOKEN_SPAN_MATCH	906:cinitial.cpp(1 spans) | 912:cinitial.cpp(1 spans) | FRANK910:cinitial.cpp(1 spans)	906:cinitial.cpp | 912:cinitial.cpp | FRANK910:cinitial.cpp
NBG-c46f3852fb26	cmydef.cpp	6267	6269	UNKNOWN				False	True	True	6267	LOW	likely-no	PASS	LINK-OK		...resume the TODO(W6) gate	BODY_EXACT	EXACT_LINE	NO_ELSE	5213ba0e1205c40d7ca2746c5bf35ca1450b8dd45552c1dd5a78764c09a5b35e	e3b0c44298fc1c149afbf4c8996fb92427ae41e4649b934ca495991b7852b855						False	STATIC_BODY_REVIEWED_RUNTIME_PENDING	NOT_RUN	NOT_RUN	SAME	159	P2	KEEP_REPLACEMENT	global duplicates	ST01	只是全域變數定義，解除可能重複定義或仍無使用者。	唯一live owner、extern、ABI與caller。	查唯一定義与全部讀寫，無使用者保持退出。	CONDITIONAL_UNVERIFIED: static predicates recorded; actual configuration/call schedule not executed	MACRO_OR_GLOBAL_DECLARATION	FILE_SCOPE	TOKEN_SPAN_MATCH	906:cmydef.cpp(1 spans) | 912:cmydef.cpp(1 spans) | FRANK910:cmydef.cpp(1 spans)	906:cmydef.cpp | 912:cmydef.cpp | FRANK910:cmydef.cpp
NBG-eefe6a4a194a	cmydef.cpp	6306	6308	UNKNOWN				False	True	True	6306	LOW	likely-no	PASS	LINK-OK		...resume the TODO(W6) gate	BODY_EXACT	EXACT_LINE	NO_ELSE	444e56051b9e78f07dd07d8d07d805298ff322e6b4b041af0973625e53e38501	e3b0c44298fc1c149afbf4c8996fb92427ae41e4649b934ca495991b7852b855						False	STATIC_BODY_REVIEWED_RUNTIME_PENDING	NOT_RUN	NOT_RUN	SAME	160	P2	KEEP_REPLACEMENT	global duplicates	ST01	只是全域變數定義，解除可能重複定義或仍無使用者。	唯一live owner、extern、ABI與caller。	查唯一定義与全部讀寫，無使用者保持退出。	CONDITIONAL_UNVERIFIED: static predicates recorded; actual configuration/call schedule not executed	MACRO_OR_GLOBAL_DECLARATION	FILE_SCOPE	TOKEN_SPAN_MATCH	906:cmydef.cpp(1 spans) | 912:cmydef.cpp(1 spans) | FRANK910:cmydef.cpp(1 spans)	906:cmydef.cpp | 912:cmydef.cpp | FRANK910:cmydef.cpp
NBG-1f7002d36094	cmydef.cpp	6318	6329	UNKNOWN				False	True	True	6318	LOW	likely-no	PASS	LINK-OK		...resume the TODO(W6) gate	BODY_EXACT	EXACT_LINE	NO_ELSE	63c5469809001dbfd86208639e85523bf226a65c3d26c61464433365586565f0	e3b0c44298fc1c149afbf4c8996fb92427ae41e4649b934ca495991b7852b855						False	STATIC_BODY_REVIEWED_RUNTIME_PENDING	NOT_RUN	NOT_RUN	SAME	161	P2	KEEP_REPLACEMENT	global duplicates	ST01	只是全域變數定義，解除可能重複定義或仍無使用者。	唯一live owner、extern、ABI與caller。	查唯一定義与全部讀寫，無使用者保持退出。	CONDITIONAL_UNVERIFIED: static predicates recorded; actual configuration/call schedule not executed	MACRO_OR_GLOBAL_DECLARATION	FILE_SCOPE	TOKEN_SPAN_MATCH	906:cmydef.cpp(1 spans) | 912:cmydef.cpp(1 spans) | FRANK910:cmydef.cpp(1 spans)	906:cmydef.cpp | 912:cmydef.cpp | FRANK910:cmydef.cpp
NBG-03e0b01010a7	cmydef.cpp	6336	6338	UNKNOWN				False	True	True	6336	LOW	likely-no	PASS	LINK-OK		...resume the TODO(W6) gate	BODY_EXACT	EXACT_LINE	NO_ELSE	162f738693b780834265439f6d2e15f56564197072a6f99620027ab452d35ad2	e3b0c44298fc1c149afbf4c8996fb92427ae41e4649b934ca495991b7852b855						False	STATIC_BODY_REVIEWED_RUNTIME_PENDING	NOT_RUN	NOT_RUN	SAME	162	P2	KEEP_REPLACEMENT	global duplicates	ST01	只是全域變數定義，解除可能重複定義或仍無使用者。	唯一live owner、extern、ABI與caller。	查唯一定義与全部讀寫，無使用者保持退出。	CONDITIONAL_UNVERIFIED: static predicates recorded; actual configuration/call schedule not executed	MACRO_OR_GLOBAL_DECLARATION	FILE_SCOPE	TOKEN_SPAN_MATCH	906:cmydef.cpp(1 spans) | 912:cmydef.cpp(1 spans) | FRANK910:cmydef.cpp(1 spans)	906:cmydef.cpp | 912:cmydef.cpp | FRANK910:cmydef.cpp
NBG-c421dcac7bac	cmydef.cpp	6385	6387	UNKNOWN				False	True	True	6385	LOW	likely-no	PASS	LINK-OK		...resume the TODO(W6) gate	BODY_EXACT	EXACT_LINE	NO_ELSE	a8c62d19463532e59f9ce9153f964343485c80cdc9d2291205ba7f779469c628	e3b0c44298fc1c149afbf4c8996fb92427ae41e4649b934ca495991b7852b855						False	STATIC_BODY_REVIEWED_RUNTIME_PENDING	NOT_RUN	NOT_RUN	SAME	163	P2	KEEP_REPLACEMENT	global duplicates	ST01	只是全域變數定義，解除可能重複定義或仍無使用者。	唯一live owner、extern、ABI與caller。	查唯一定義与全部讀寫，無使用者保持退出。	CONDITIONAL_UNVERIFIED: static predicates recorded; actual configuration/call schedule not executed	MACRO_OR_GLOBAL_DECLARATION	FILE_SCOPE	TOKEN_SPAN_MATCH	906:cmydef.cpp(1 spans) | 912:cmydef.cpp(1 spans) | FRANK910:cmydef.cpp(1 spans)	906:cmydef.cpp | 912:cmydef.cpp | FRANK910:cmydef.cpp
NBG-c7ee24a1e3b8	common.cpp	1219	1223	WriteIniData				False	True	True	1219	LOW	likely-no	PASS	LINK-OK		TODO(wave-logging/UI): change-log variables (common.cpp:1025-1029)	BODY_EXACT	EXACT_LINE	NO_ELSE	75da5386c41b05579b73250c1fd48f2633c3540e69af09b0c936235f9391e15c	e3b0c44298fc1c149afbf4c8996fb92427ae41e4649b934ca495991b7852b855						False	STATIC_BODY_REVIEWED_RUNTIME_PENDING	NOT_RUN	NOT_RUN	SAME	164	P2	KEEP_REPLACEMENT	unused locals	ST01	三個未用區域變數，沒有功能可恢復。	有無任何 live 使用。	保留退出，不能算新功能。	CONDITIONAL_UNVERIFIED: static predicates recorded; actual configuration/call schedule not executed	PARSER_FUNCTION_CONTEXT	WriteIniData	TOKEN_SPAN_MATCH	906:common.cpp(2 spans) | 912:common.cpp(2 spans) | FRANK910:common.cpp(2 spans)	906:common.cpp | 912:common.cpp | FRANK910:common.cpp
NBG-ddf07c1c94f6	common.h	377	379	UNKNOWN			#ifndef COMMON_H	False	True	True	377	LOW	likely-no	PASS	LINK-OK		TODO(wave-logging): TempChangeLog	BODY_EXACT	EXACT_LINE	NO_ELSE	266a340376b57a7c8bee29ed744e32e05080e37ccea7e26ce2c045a17d954ae8	e3b0c44298fc1c149afbf4c8996fb92427ae41e4649b934ca495991b7852b855					TempChangeLog	True	STATIC_BODY_REVIEWED_RUNTIME_PENDING	NOT_RUN	NOT_RUN	SAME	165	P2	KEEP_REPLACEMENT	duplicate declaration	ST01	重複 TempChangeLog prototype，功能不由宣告提供。	唯一有效宣告與真本體。	維持一份正確宣告。	CONDITIONAL_UNVERIFIED: static predicates recorded; actual configuration/call schedule not executed	MACRO_OR_GLOBAL_DECLARATION	FILE_SCOPE	TOKEN_SPAN_MATCH	906:common.h(1 spans) | 912:common.h(1 spans) | FRANK910:common.h(1 spans)	906:common.h | 912:common.h | FRANK910:common.h
NBG-30deca8eab6e	cprod.cpp	1271	1284	RUN_INFO::SaveJamRateByLot		(IniConfig.bVTESTFunction==true)		False	True	True	1271	MEDIUM	likely-no（缺 include）	PASS-WITH-INCLUDE	LINK-OK		TODO(GA1-B2): blocked by fMesSystem@not declared anywhere in ported tree (golden	BODY_EXACT	EXACT_LINE	NO_ELSE	7fbda4e22eff9d180eedc65971da3fc0be4deffba9397985067a0305f9009a25	e3b0c44298fc1c149afbf4c8996fb92427ae41e4649b934ca495991b7852b855					sFileName.sprintf	False	STATIC_BODY_REVIEWED_RUNTIME_PENDING	NOT_RUN	NOT_RUN	SAME	166	P1	IMPLEMENT_DEPENDENCY	customer recipe/reporting	ST01	各列VTEST檔名、FTP、Murata欄位、HANA等待資料或RMS level path略過。	每列客戶旗標与 Mes/FTP/LotInfo/HanaART/LevelMode 真物件。	命中客戶才核對檔名/path/下載与trace，不固定成功。	CONDITIONAL_UNVERIFIED: static predicates recorded; actual configuration/call schedule not executed	PARSER_FUNCTION_CONTEXT	RUN_INFO::SaveJamRateByLot	TOKEN_SPAN_MATCH	906:cprod.cpp(1 spans) | 912:cprod.cpp(1 spans) | FRANK910:cprod.cpp(1 spans)	906:cprod.cpp | 912:cprod.cpp | FRANK910:cprod.cpp
NBG-cc2dd44373ca	cprod.cpp	1371	1374	RUN_INFO::SaveJamRateByLot		(bUpload==true && IniConfig.bN10_UploadSummaryToFTP==true) && (FileExists(JamRateFileName)==true) && (IniConfig.iN10UploadMethod==0)		False	True	True	1371	MEDIUM	likely-no	PASS	LINK-OK		TODO(GA1-B2): blocked by FormHS@HS_Function.h (golden TFormHS form, not ported	BODY_EXACT	EXACT_LINE	NO_ELSE	43d2a842937186bd778e967dca9d5b89067139dab16c4ca8355669ab71adf4de	e3b0c44298fc1c149afbf4c8996fb92427ae41e4649b934ca495991b7852b855					FormHS->UpDataToServerByFTP, IncludeTrailingPathDelimiter	False	STATIC_BODY_REVIEWED_RUNTIME_PENDING	NOT_RUN	NOT_RUN	SAME	167	P1	IMPLEMENT_DEPENDENCY	customer recipe/reporting	ST01	各列VTEST檔名、FTP、Murata欄位、HANA等待資料或RMS level path略過。	每列客戶旗標与 Mes/FTP/LotInfo/HanaART/LevelMode 真物件。	命中客戶才核對檔名/path/下載与trace，不固定成功。	CONDITIONAL_UNVERIFIED: static predicates recorded; actual configuration/call schedule not executed	PARSER_FUNCTION_CONTEXT	RUN_INFO::SaveJamRateByLot	TOKEN_SPAN_MATCH	906:cprod.cpp(1 spans) | 912:cprod.cpp(1 spans) | FRANK910:cprod.cpp(1 spans)	906:cprod.cpp | 912:cprod.cpp | FRANK910:cprod.cpp
NBG-acba0470ee7a	cprod.cpp	2438	2450	ProcessLastSetIni_FTP				False	True	True	2438	MEDIUM	likely-no	PASS	LINK-OK		TODO(GA1-B2): blocked by TfLotInfo@forms/fLotInfo.h missing members edtLine/	BODY_EXACT	EXACT_LINE	NO_ELSE	b4669f365ad86fabb99fe55e46771c8cc59878011ad661370801b0b59377f5d6	e3b0c44298fc1c149afbf4c8996fb92427ae41e4649b934ca495991b7852b855	CC_Murata					False	STATIC_BODY_REVIEWED_RUNTIME_PENDING	NOT_RUN	NOT_RUN	SAME	168	P1	IMPLEMENT_DEPENDENCY	customer recipe/reporting	ST01	各列VTEST檔名、FTP、Murata欄位、HANA等待資料或RMS level path略過。	每列客戶旗標与 Mes/FTP/LotInfo/HanaART/LevelMode 真物件。	命中客戶才核對檔名/path/下載与trace，不固定成功。	CONDITIONAL_UNVERIFIED: static predicates recorded; actual configuration/call schedule not executed	PARSER_FUNCTION_CONTEXT	ProcessLastSetIni_FTP	TOKEN_SPAN_MATCH	906:cprod.cpp(1 spans) | 912:cprod.cpp(1 spans) | FRANK910:cprod.cpp(1 spans)	906:cprod.cpp | 912:cprod.cpp | FRANK910:cprod.cpp
NBG-44e4ea4a470f	cprod.cpp	3247	3258	ReadLastSetIni				False	True	True	3247	MEDIUM	likely-no	PASS	LINK-OK		TODO(GA1-B2): blocked by TfMainHanaART@forms/fMain.h missing method	BODY_EXACT	EXACT_LINE	NO_ELSE	55435ad3af7d1e6464e67eb97340e91bfdf0e644f04524fc8f0c23e42dc25f51	e3b0c44298fc1c149afbf4c8996fb92427ae41e4649b934ca495991b7852b855					fMain->hanaART->SetHandlerWaitingData	False	STATIC_BODY_REVIEWED_RUNTIME_PENDING	NOT_RUN	NOT_RUN	SAME	169	P1	IMPLEMENT_DEPENDENCY	customer recipe/reporting	ST01	各列VTEST檔名、FTP、Murata欄位、HANA等待資料或RMS level path略過。	每列客戶旗標与 Mes/FTP/LotInfo/HanaART/LevelMode 真物件。	命中客戶才核對檔名/path/下載与trace，不固定成功。	CONDITIONAL_UNVERIFIED: static predicates recorded; actual configuration/call schedule not executed	PARSER_FUNCTION_CONTEXT	ReadLastSetIni	TOKEN_SPAN_MATCH	906:cprod.cpp(1 spans) | 912:cprod.cpp(1 spans) | FRANK910:cprod.cpp(1 spans)	906:cprod.cpp | 912:cprod.cpp | FRANK910:cprod.cpp
NBG-be834e648e06	cprod.cpp	3466	3475	ReadRmsPath		(IniConfig.bShowLotInfo) && (CosFunction.bDownloadRecipeLevelMode)		False	True	True	3466	MEDIUM	likely-no	PASS	LINK-OK		TODO(GA1-B2): blocked by TfLotInfo@forms/fLotInfo.h missing member coLevelMode	BODY_EXACT	EXACT_LINE	NO_ELSE	acd077969e8157f6338591e4fdc1381ee879c1784d19d87976cca7629546de79	e3b0c44298fc1c149afbf4c8996fb92427ae41e4649b934ca495991b7852b855					AnsiString, CheckAndReadIniData	False	STATIC_BODY_REVIEWED_RUNTIME_PENDING	NOT_RUN	NOT_RUN	SAME	170	P1	IMPLEMENT_DEPENDENCY	customer recipe/reporting	ST01	各列VTEST檔名、FTP、Murata欄位、HANA等待資料或RMS level path略過。	每列客戶旗標与 Mes/FTP/LotInfo/HanaART/LevelMode 真物件。	命中客戶才核對檔名/path/下載与trace，不固定成功。	CONDITIONAL_UNVERIFIED: static predicates recorded; actual configuration/call schedule not executed	PARSER_FUNCTION_CONTEXT	ReadRmsPath	TOKEN_SPAN_MATCH	906:cprod.cpp(1 spans) | 912:cprod.cpp(1 spans) | FRANK910:cprod.cpp(1 spans)	906:cprod.cpp | 912:cprod.cpp | FRANK910:cprod.cpp
NBG-d3b79696c362	csystem.cpp	10634	10645	DoInitialStart	1	(CosFunction.bUseSCKART)		False	True	True	10634	MEDIUM	likely-no	PASS	LINK-OK	HAS-#else	GATE(g3-G07)  golden csystem.cpp:6282  --  LotSummary.ClearAllData() (SCKART branch).	BODY_CONTEXT_POSITION_EXACT	EXACT_LINE	HAS_ELSE	9b474ad0f93a36e3406afa2c91fc92f2f086962448b04870c31ab5a9c006b621	3bb4dec1df799f44b73a72aee094885fa37d82ec961469012279c47c1956b3b6					LotSummary.ClearAllData	True	STATIC_BODY_REVIEWED_RUNTIME_PENDING	NOT_RUN	NOT_RUN	SAME	171	P1	REVIEW_EXISTING_DEPENDENCY	per-lot summary reset	ST01	新LOT可能延用舊LotSummary；當時多代理不能改include的理由已失效。	cSocket.h:266 extern、cSocket.cpp:964 ClearAllData；caller可見性与target仍須驗。	種舊count、新批清0，未命中路徑保持；檔案處理另核對。	CONDITIONAL_UNVERIFIED: static predicates recorded; actual configuration/call schedule not executed	PARSER_FUNCTION_CONTEXT	DoInitialStart	TOKEN_SPAN_MATCH	906:csystem.cpp(2 spans) | 912:csystem.cpp(2 spans) | FRANK910:csystem.cpp(2 spans)	906:csystem.cpp | 912:csystem.cpp | FRANK910:csystem.cpp
NBG-5611e1c61319	csystem.cpp	10664	10670	DoInitialStart	1	(IniConfig.bSPILFunction==true || CUSTOMER_CODE==CC_ASE_CL)		False	True	True	10664	MEDIUM	likely-no	PASS	LINK-OK	HAS-#else	GATE(g3-G08)  golden csystem.cpp:6301  --  LotSummary.ClearAllData() (SPIL / ASE-CL branch).	BODY_CONTEXT_POSITION_EXACT	EXACT_LINE	HAS_ELSE	9b474ad0f93a36e3406afa2c91fc92f2f086962448b04870c31ab5a9c006b621	a8384edf1d342e7500c053e3bf27315d848d70534f4c031d7ae1c6026a490f0a					LotSummary.ClearAllData	True	STATIC_BODY_REVIEWED_RUNTIME_PENDING	NOT_RUN	NOT_RUN	SAME	172	P1	REVIEW_EXISTING_DEPENDENCY	per-lot summary reset	ST01	新LOT可能延用舊LotSummary；當時多代理不能改include的理由已失效。	cSocket.h:266 extern、cSocket.cpp:964 ClearAllData；caller可見性与target仍須驗。	種舊count、新批清0，未命中路徑保持；檔案處理另核對。	CONDITIONAL_UNVERIFIED: static predicates recorded; actual configuration/call schedule not executed	PARSER_FUNCTION_CONTEXT	DoInitialStart	TOKEN_SPAN_MATCH	906:csystem.cpp(2 spans) | 912:csystem.cpp(2 spans) | FRANK910:csystem.cpp(2 spans)	906:csystem.cpp | 912:csystem.cpp | FRANK910:csystem.cpp
NBG-a35093392504	csystem.cpp	13964	13971	ScanTrayStatus		(bCleanTray==true)		False	True	True	13961	MEDIUM	likely-no	PASS	LINK-OK	HAS-#else	GATE G11 -- golden :16087-16089.  bNeedReportBundleID IS present at cmydef.cpp:5981 but sits INSIDE a `#if 0 // ...resume the TODO(W6) gate` block (cmydef.cpp:5979), so it is NOT defined -- established by nm, not grep.  cmydef.cpp is outside this agent's two-file boundary, so the gate cannot be lift	BODY_EXACT	EXACT_LINE	HAS_ELSE	15cbe5856a8df31230fe3f7eda11cf7d3bab55039d13784b5102fc0ee387e2ed	efca032a5304b8c724d9072ef096cd76212b194e9f4f4f0b73cfffbe31c0539b					Tray.HasRealIC, fAGV->Use_AMR	True	STATIC_BODY_REVIEWED_RUNTIME_PENDING	NOT_RUN	NOT_RUN	SAME	173	P1	IMPLEMENT_DEPENDENCY	AMR bundle report	Frank + ST01	只看HasRealIC；空盤且需要報BundleID時不觸發。	真 bNeedReportBundleID、AMR task與旗標owner。	有/無IC×需/不需報四組，完成清flag。	CONDITIONAL_UNVERIFIED: static predicates recorded; actual configuration/call schedule not executed	PARSER_FUNCTION_CONTEXT	ScanTrayStatus	TOKEN_SPAN_MATCH	906:csystem.cpp(1 spans) | 912:csystem.cpp(1 spans) | FRANK910:csystem.cpp(1 spans)	906:csystem.cpp | 912:csystem.cpp | FRANK910:csystem.cpp
NBG-48f0899fab45	csystem.cpp	14440	14462	HeaterDoorIsOpen			#ifdef SOFT_SIMULTE	False	True	True	14437	MEDIUM	likely-no	PASS	LINK-OK		"GATE G6 -- golden :16538 + :16585-16604.  BEHAVIOUR-NEUTRAL BY INSPECTION: the ONLY payload inside this 5-second throttle + Tri_Temp_Machine guard is golden's OWN commented-out `// ShowMyMessage(""Need Close Heater Door"");` (golden :16603), so neither the delay nor its early `return` guards anything "	BODY_EXACT	EXACT_LINE	NO_ELSE	13759847a8072eea94bd3c926a2e9527fa4415a9710e66c602741b72c0269323	e3b0c44298fc1c149afbf4c8996fb92427ae41e4649b934ca495991b7852b855					DoorDelay.Off, DoorDelay.SetSecAndOn	True	STATIC_BODY_REVIEWED_RUNTIME_PENDING	NOT_RUN	NOT_RUN	SAME	174	P2	KEEP_REPLACEMENT	heater door delay	ST01	只留下防抖與空message註解，解除不恢復實際door告警。	完整HeaterDoorIsOpen外層与其他告警。	審完整door流程，勿只解除空片段。	CONDITIONAL_UNVERIFIED: static predicates recorded; actual configuration/call schedule not executed	PARSER_FUNCTION_CONTEXT	HeaterDoorIsOpen	NO_EXACT_TOKEN_SPAN_IN_CHECKED_FILES	NONE	906:csystem.cpp | 912:csystem.cpp | FRANK910:csystem.cpp
NBG-5fdfec8fffad	csystem.cpp	15600	15602	CheckSafeDoorForICFallDown		(bChangeCleanPad) && (TestIF_File.iAutoClean_Tray==eCKPos_Fix3) && (Sen[SnSafeDoor6].Enable==true && Sen[SnSafeDoor6].IsOff()==true)	#ifdef SOFT_SIMULTE	False	True	True	15597	MEDIUM	likely-no	PASS	LINK-OK		GATE G01a -- golden csystem.cpp:3577 VERBATIM below; see note above	BODY_CONTEXT_EXACT	EXACT_LINE	NO_ELSE	27a8da16bc1b9596d787e255d13e24562ff02ff1fa7a3100799bd79e7cd71609	e3b0c44298fc1c149afbf4c8996fb92427ae41e4649b934ca495991b7852b855					fCleaning->btnResetCleanCountClick	True	STATIC_BODY_REVIEWED_RUNTIME_PENDING	NOT_RUN	NOT_RUN	SAME	175	P1	REVIEW_EXISTING_DEPENDENCY	door auto clean reset	Frank + ST01	安全門開、IC掉落處理未執行清clean計數事件。	真 fCleaning event 与場景。	掉料、清機与AutoClean case，計數及恢復依golden。	CONDITIONAL_UNVERIFIED: static predicates recorded; actual configuration/call schedule not executed	PARSER_FUNCTION_CONTEXT	CheckSafeDoorForICFallDown	TOKEN_SPAN_MATCH	906:csystem.cpp(3 spans) | 912:csystem.cpp(3 spans) | FRANK910:csystem.cpp(3 spans)	906:csystem.cpp | 912:csystem.cpp | FRANK910:csystem.cpp
NBG-326103b14693	csystem.cpp	15615	15617	CheckSafeDoorForICFallDown		(bChangeCleanPad) && NOT (TestIF_File.iAutoClean_Tray==eCKPos_Fix3) && (Sen[SnSafeDoor3].Enable==true && Sen[SnSafeDoor3].IsOff()==true)	#ifdef SOFT_SIMULTE	False	True	True	15612	MEDIUM	likely-no	PASS	LINK-OK		GATE G01b -- golden csystem.cpp:3586 VERBATIM below; see note above	BODY_CONTEXT_EXACT	EXACT_LINE	NO_ELSE	27a8da16bc1b9596d787e255d13e24562ff02ff1fa7a3100799bd79e7cd71609	e3b0c44298fc1c149afbf4c8996fb92427ae41e4649b934ca495991b7852b855					fCleaning->btnResetCleanCountClick	True	STATIC_BODY_REVIEWED_RUNTIME_PENDING	NOT_RUN	NOT_RUN	SAME	176	P1	REVIEW_EXISTING_DEPENDENCY	door auto clean reset	Frank + ST01	安全門開、IC掉落處理未執行清clean計數事件。	真 fCleaning event 与場景。	掉料、清機与AutoClean case，計數及恢復依golden。	CONDITIONAL_UNVERIFIED: static predicates recorded; actual configuration/call schedule not executed	PARSER_FUNCTION_CONTEXT	CheckSafeDoorForICFallDown	TOKEN_SPAN_MATCH	906:csystem.cpp(3 spans) | 912:csystem.cpp(3 spans) | FRANK910:csystem.cpp(3 spans)	906:csystem.cpp | 912:csystem.cpp | FRANK910:csystem.cpp
NBG-22b574adb4e0	csystem.cpp	16045	16048	AutoCoolChambo		(LastSet.iTemperature==Tempture_Ambient || LastSet.iTemperature==Tempture_AmbientHot)		False	True	True	16042	MEDIUM	likely-no（缺 include）	PASS-WITH-INCLUDE	LINK-OK		GATE G02 -- golden csystem.cpp:3969-3970 VERBATIM below; see note above	BODY_EXACT	EXACT_LINE	NO_ELSE	cc0814fb3775e893070a23613805c9f6a28676d682e1d7d9574b53da57ce7131	e3b0c44298fc1c149afbf4c8996fb92427ae41e4649b934ca495991b7852b855					fTemperFrom->TempRunShowAlarmHigh	True	STATIC_BODY_REVIEWED_RUNTIME_PENDING	NOT_RUN	NOT_RUN	SAME	177	P0	REVIEW_EXISTING_DEPENDENCY	overtemp blower	Frank + ST01	TempRunShowAlarmHigh 不能設bBlower，少一條過溫降溫條件。	真過溫判定、blower IO与新版溫控路徑。	閾值上下、失效讀值、blower狀態，不與另一路互相取消。	CONDITIONAL_UNVERIFIED: static predicates recorded; actual configuration/call schedule not executed	PARSER_FUNCTION_CONTEXT	AutoCoolChambo	TOKEN_SPAN_MATCH	906:csystem.cpp(1 spans) | 912:csystem.cpp(1 spans) | FRANK910:csystem.cpp(1 spans)	906:csystem.cpp | 912:csystem.cpp | FRANK910:csystem.cpp
NBG-ff2e30e4df7f	csystem.cpp	16287	16290	CheckMotorPowerShutDown		(flag && (DelayMotNo>=100 || (::GetTickCount()-W906_G31aFirstMs)>=1000u))	#ifdef SOFT_SIMULTE	False	True	True	16284	MEDIUM	likely-no	PASS	LINK-OK		GATE G30 -- golden csystem.cpp:4127-4128 VERBATIM below; see note above	BODY_EXACT	EXACT_LINE	NO_ELSE	de0dc96a8b97f08b21ab75c18530d0700f4a2d248b2485df8cfcd9a4acd92504	e3b0c44298fc1c149afbf4c8996fb92427ae41e4649b934ca495991b7852b855						True	STATIC_BODY_REVIEWED_RUNTIME_PENDING	NOT_RUN	NOT_RUN	SAME	178	P2	KEEP_NO_RUNTIME	panel redraw	ST01	只有Panel redraw省略，不是servo供電控制被省略。	Web 真供電狀態 tag。	狀態与真電源一致，無需搬VCL redraw。	CONDITIONAL_UNVERIFIED: static predicates recorded; actual configuration/call schedule not executed	PARSER_FUNCTION_CONTEXT	CheckMotorPowerShutDown	TOKEN_SPAN_MATCH	906:csystem.cpp(1 spans) | 912:csystem.cpp(1 spans) | FRANK910:csystem.cpp(1 spans)	906:csystem.cpp | 912:csystem.cpp | FRANK910:csystem.cpp
NBG-d3a3ec3c7056	csystem.cpp	16882	16892	DoSystem		(SystemStart) && (INDEX_SUCKER_TYPE==1 && LastSet.iRealDummy!=DUMMY)		False	True	True	16879	MEDIUM	likely-no	PASS	LINK-OK		GATE G17 -- golden csystem.cpp:4536-4544 VERBATIM below; see note above	BODY_EXACT	EXACT_LINE	NO_ELSE	80c99dc68b60371cbf2ad927abb2667005d71a7f5fc7b5873109376463fc5c74	e3b0c44298fc1c149afbf4c8996fb92427ae41e4649b934ca495991b7852b855					fiosetview->ProcessIndexSuckDestroy1, fiosetview->ProcessIndexSuckDestroy2	True	STATIC_BODY_REVIEWED_RUNTIME_PENDING	NOT_RUN	NOT_RUN	SAME	179	P0	REVIEW_EXISTING_DEPENDENCY	Index vacuum release	Frank + ST01	DoSystem 這個caller仍關閉，但 ProcessIndexSuckDestroy1/2 真方法已存在，舊理由過期。	atester_shims.cpp:423/464 的方法、真bIndexCheck、sucker型態与排程。	重用同一真空狀態機，不另建一套；殘料/無料/timeout、HT9050group。	CONDITIONAL_UNVERIFIED: static predicates recorded; actual configuration/call schedule not executed	PARSER_FUNCTION_CONTEXT	DoSystem	TOKEN_SPAN_MATCH	906:csystem.cpp(1 spans) | 912:csystem.cpp(1 spans) | FRANK910:csystem.cpp(1 spans)	906:csystem.cpp | 912:csystem.cpp | FRANK910:csystem.cpp
NBG-0823821935fb	csystem.cpp	17386	17388	DoArmZHome	1			False	True	True	17383	MEDIUM	likely-no	PASS	LINK-OK		GATE G35 -- golden csystem.cpp:4931 VERBATIM below; see note above	BODY_EXACT	EXACT_LINE	NO_ELSE	a646fbd46f5a81ff4fa25a19e1bb1b87bd65c35242eb04aa7d65c7c0f7cf1cbc	e3b0c44298fc1c149afbf4c8996fb92427ae41e4649b934ca495991b7852b855						True	STATIC_BODY_REVIEWED_RUNTIME_PENDING	NOT_RUN	NOT_RUN	SAME	180	P1	REVIEW_EXISTING_DEPENDENCY	Arm Z home flag	Frank + ST01	DoArmZHome case1 不設bBackArmZHomeFlag，可能已有狀態替代。	全部旗標讀寫owner與復歸流程。	正常、失敗、取消，最後旗標与下一tick。	CONDITIONAL_UNVERIFIED: static predicates recorded; actual configuration/call schedule not executed	PARSER_FUNCTION_CONTEXT	DoArmZHome	TOKEN_SPAN_MATCH	906:csystem.cpp(1 spans) | 912:csystem.cpp(1 spans) | FRANK910:csystem.cpp(1 spans)	906:csystem.cpp | 912:csystem.cpp | FRANK910:csystem.cpp
NBG-55b64c7e5aec	csystem.cpp	19046	19051	HasAreaOverAmbientTemp		(iIndex==0)	#ifndef SOFT_SIMULTE	False	True	True	19043	MEDIUM	likely-no	PASS	LINK-OK	HAS-#else	GATE G02 -- golden csystem.cpp:808-809 (text below is golden VERBATIM)	BODY_EXACT	EXACT_LINE	HAS_ELSE	8c4bcf8aa59c67560f472e358621065ebc7acb4aaa3e878ce83e6093faf24bbc	4ec29ca5a377f8653136741bdfa316d3d65dc98388450706b6452caff8367ce4					HasAreaOverAmbientTemp_DUT	True	STATIC_BODY_REVIEWED_RUNTIME_PENDING	NOT_RUN	NOT_RUN	SAME	181	P0	IMPLEMENT_DEPENDENCY	DUT thermal check	Frank + ST01	HasAreaOverAmbientTemp 少DUT判定，降溫/風扇條件可能不同。	真DUT測值來源与失效規則。	僅DUT過溫時仍檢出，失效不當正常。	CONDITIONAL_UNVERIFIED: static predicates recorded; actual configuration/call schedule not executed	PARSER_FUNCTION_CONTEXT	HasAreaOverAmbientTemp	TOKEN_SPAN_MATCH	906:csystem.cpp(1 spans) | 912:csystem.cpp(1 spans) | FRANK910:csystem.cpp(1 spans)	906:csystem.cpp | 912:csystem.cpp | FRANK910:csystem.cpp
NBG-12ed863a5a19	csystem.cpp	21055	21061	CheckTestSuckICOn		"(Ptr.Suck[iR][iC].Enable && Ptr.Suck[iR][iC].SenUsing!="""" && (Ptr.Item[iR][iC]==NULL_IC || Ptr.Item[iR][iC]==HAS_NULL_IC)) && (Ptr.Suck[iR][iC].GetStatus()==true)"		False	True	True	21052	MEDIUM	likely-no	PASS	LINK-OK	HAS-#else	GATE G21 -- golden csystem.cpp:2481-2482 (text below is golden VERBATIM)	BODY_EXACT	EXACT_LINE	HAS_ELSE	e17bf4ca2977cf008f72d6d711e1d6d7b3e99616911417517b60ac33b5d5361b	678dbdbbcd128be6061f3ec40206e8fc211da6c2a75a514aa70b2126ac5aca2d					RecordProcess, str1.sprintf	True	STATIC_BODY_REVIEWED_RUNTIME_PENDING	NOT_RUN	NOT_RUN	SAME	182	P2	KEEP_REPLACEMENT	vacuum log details	ST01	現行仍記事件，只少nozzle name與座標。	完整SuckerName型態与group表示。	有/無名称仍記log，一顆IC/四嘴含义清楚。	CONDITIONAL_UNVERIFIED: static predicates recorded; actual configuration/call schedule not executed	PARSER_FUNCTION_CONTEXT	CheckTestSuckICOn	TOKEN_SPAN_MATCH	906:csystem.cpp(1 spans) | 912:csystem.cpp(1 spans) | FRANK910:csystem.cpp(1 spans)	906:csystem.cpp | 912:csystem.cpp | FRANK910:csystem.cpp
NBG-47a808284bf0	csystem.cpp	21406	21414	CheckSafeDoorIsClosed		(Sen[SnLoadLightGat].Enable==true && Sen[SnLoadLightGat].IsOff()==true)	#ifndef SOFT_SIMULTE	False	True	True	21403	MEDIUM	likely-no	PASS	LINK-OK	HAS-#else	GATE G-ATK -- golden csystem.cpp:2721-2725 (text below is golden VERBATIM)	BODY_EXACT	EXACT_LINE	HAS_ELSE	b49b85bc28654445eba7f4670c6b2d77c82266e3c28d42b115916e57bbcc7955	4ec29ca5a377f8653136741bdfa316d3d65dc98388450706b6452caff8367ce4	CC_AMKOR_Korea					True	STATIC_BODY_REVIEWED_RUNTIME_PENDING	NOT_RUN	NOT_RUN	SAME	183	P0	IMPLEMENT_DEPENDENCY	light curtain bypass policy	Frank + ST01	移除AMKOR_Korea fan Down免檢分支會切換安全政策，不是純編譯修正。	客戶、真fan狀態、完整CheckSafeDoorIsClosed。	先核對原規格与適用性，跨客戶/風扇不降低既有保護。	CONDITIONAL_UNVERIFIED: static predicates recorded; actual configuration/call schedule not executed	PARSER_FUNCTION_CONTEXT	CheckSafeDoorIsClosed	TOKEN_SPAN_MATCH	906:csystem.cpp(1 spans) | FRANK910:csystem.cpp(1 spans)	906:csystem.cpp | 912:csystem.cpp | FRANK910:csystem.cpp
NBG-ac287b87f134	csystem.cpp	27019	27021	DoBoostFunctionStepCooling		(iTriggerBoostFuncBack==Temperature.eBLBB) && (BoostCoolStepTimer.Off())		False	True	True	27016	MEDIUM	likely-no（缺 include）	PASS-WITH-INCLUDE	LINK-OK		GATE H3-2 -- golden csystem.cpp:22280 VERBATIM below; see note above	BODY_CONTEXT_EXACT	EXACT_LINE	NO_ELSE	b2e4f56276c8b7bb5e4da6927da1bdbb20e3209e20d1074b625af9e3e79edb7e	e3b0c44298fc1c149afbf4c8996fb92427ae41e4649b934ca495991b7852b855					FormatFloat	True	STATIC_BODY_REVIEWED_RUNTIME_PENDING	NOT_RUN	NOT_RUN	SAME	184	P2	IMPLEMENT_DEPENDENCY	boost temperature display	ST01	StepCooling少溫度顯示文字，實際boost設定須看旁邊livecode。	真dBoostOffset tag与setpoint。	顯示与實際值一致，無UI不改变輸出。	CONDITIONAL_UNVERIFIED: static predicates recorded; actual configuration/call schedule not executed	PARSER_FUNCTION_CONTEXT	DoBoostFunctionStepCooling	TOKEN_SPAN_MATCH	906:csystem.cpp(2 spans) | 912:csystem.cpp(2 spans) | FRANK910:csystem.cpp(2 spans)	906:csystem.cpp | 912:csystem.cpp | FRANK910:csystem.cpp
NBG-66b87cfd97e0	csystem.cpp	27066	27068	DoBoostFunctionStepCooling		NOT (iTriggerBoostFuncBack==Temperature.eBLBB) && NOT (BoostCoolTime.Off()) && (BoostCoolStepTimer.Off())		False	True	True	27063	MEDIUM	likely-no（缺 include）	PASS-WITH-INCLUDE	LINK-OK		GATE H3-4 -- golden csystem.cpp:22310 VERBATIM below; see note above	BODY_CONTEXT_EXACT	EXACT_LINE	NO_ELSE	b2e4f56276c8b7bb5e4da6927da1bdbb20e3209e20d1074b625af9e3e79edb7e	e3b0c44298fc1c149afbf4c8996fb92427ae41e4649b934ca495991b7852b855					FormatFloat	True	STATIC_BODY_REVIEWED_RUNTIME_PENDING	NOT_RUN	NOT_RUN	SAME	185	P2	IMPLEMENT_DEPENDENCY	boost temperature display	ST01	StepCooling少溫度顯示文字，實際boost設定須看旁邊livecode。	真dBoostOffset tag与setpoint。	顯示与實際值一致，無UI不改变輸出。	CONDITIONAL_UNVERIFIED: static predicates recorded; actual configuration/call schedule not executed	PARSER_FUNCTION_CONTEXT	DoBoostFunctionStepCooling	TOKEN_SPAN_MATCH	906:csystem.cpp(2 spans) | 912:csystem.cpp(2 spans) | FRANK910:csystem.cpp(2 spans)	906:csystem.cpp | 912:csystem.cpp | FRANK910:csystem.cpp
NBG-b4c63d550831	csystem.cpp	33498	33504	W906_DoAllProcessLadder				False	True	True	33495	MEDIUM	likely-no	PASS	LINK-OK		GATE(W906-FLOW-1): golden :9530-9534 -- the port DoTestHeadMotorLoadCell is an EMPTY stub (atester.cpp:11317-11321, `#if 0 // TODO(W7)`; the golden text sits inert at atester.cpp:11014-11315).  Whole arm, not just the call: the golden body's case 411 is the only writer of bLoadCellTest=false, so cal	BODY_EXACT	EXACT_LINE	NO_ELSE	e7f49fdf33f26e6fd1c56db6770101b90da4b2a35fa85c8141149074fa4f7c38	e3b0c44298fc1c149afbf4c8996fb92427ae41e4649b934ca495991b7852b855					DoTestHeadMotorLoadCell	True	STATIC_BODY_REVIEWED_RUNTIME_PENDING	NOT_RUN	NOT_RUN	SAME	186	P1	IMPLEMENT_DEPENDENCY	loadcell ladder slot	Frank + ST01	bLoadCellTest specialized ladder 不跑，單開call不是完整功能。	完整loadcell方法、flag与Index互鎖、HT9050支援範圍。	未支援拒絕；支援時不與正式Index同拍衝突。	CONDITIONAL_UNVERIFIED: static predicates recorded; actual configuration/call schedule not executed	PARSER_FUNCTION_CONTEXT	W906_DoAllProcessLadder	NO_EXACT_TOKEN_SPAN_IN_CHECKED_FILES	NONE	906:csystem.cpp | 912:csystem.cpp | FRANK910:csystem.cpp
NBG-e0c275316a49	forms/fGroundMan.cpp	126	139	TfGroundMan::Init				False	True	True	126	LOW	likely-no	PASS	LINK-OK		wave either adds an ht9045_forms->ht9045_db edge or mirrors iGroundManScanPoint into something ht9045_forms can reach. See header GATE REGISTER (GM-0).	BODY_EXACT	EXACT_LINE	NO_ELSE	809b0943048b16f38187dd0753f85c8c07a8714eee09b7ee349df2a84a33a0a7	e3b0c44298fc1c149afbf4c8996fb92427ae41e4649b934ca495991b7852b855						False	STATIC_BODY_REVIEWED_RUNTIME_PENDING	NOT_RUN	NOT_RUN	SAME	187	P1	IMPLEMENT_DEPENDENCY	GroundMan board count	ST01	GroundMan scanpoint→1/3/4板數不套用。	HSys配置、串口解碼与scanport數。	0/1/other與channel數，不猜無硬體。	CONDITIONAL_UNVERIFIED: static predicates recorded; actual configuration/call schedule not executed	PARSER_FUNCTION_CONTEXT	TfGroundMan::Init	NO_EXACT_TOKEN_SPAN_IN_CHECKED_FILES	NONE	NONE
NBG-1578bbb1dec0	forms/fGroundMan.cpp	366	373	TfGroundMan::ReStart			#ifdef SOFT_SIMULTE	False	True	True	366	LOW	likely-no	PASS	LINK-OK		gated in place -- ReStart() is a no-op while this gate is closed (matches golden's own SOFT_SIMULTE branch shape above). See header GATE REGISTER (GM-3).	BODY_EXACT	EXACT_LINE	NO_ELSE	5ea800cf3a09364aa599a0ac0c51bb62c2572581b019c48dc3a9c4f1e038f027	e3b0c44298fc1c149afbf4c8996fb92427ae41e4649b934ca495991b7852b855					Init_GM_RS232, comGM->StopComm	False	STATIC_BODY_REVIEWED_RUNTIME_PENDING	NOT_RUN	NOT_RUN	SAME	188	P1	IMPLEMENT_DEPENDENCY	GroundMan restart	ST01	GroundMan ReStart 不重新開真comm。	StopComm/Init_GM_RS232 生命周期。	重開後不沿用舊值，失敗可診斷。	CONDITIONAL_UNVERIFIED: static predicates recorded; actual configuration/call schedule not executed	PARSER_FUNCTION_CONTEXT	TfGroundMan::ReStart	NO_EXACT_TOKEN_SPAN_IN_CHECKED_FILES	NONE	NONE
NBG-cc95495413d9	forms/fLd_ULd.cpp	280	292	definitions: TfLd_ULd::DoIniDataToForm				False	True	True	280	LOW	likely-no（缺 include）	PASS-WITH-INCLUDE	LINK-OK		GATE (L-6) DoIniDataToForm -- golden :156-162.  LINK BOUNDARY, same	BODY_EXACT	EXACT_LINE	NO_ELSE	05047b93d52c085d3553e489fb16d6d060eb35cf4511bdfbf6302d91c95b27b2	e3b0c44298fc1c149afbf4c8996fb92427ae41e4649b934ca495991b7852b855					TfLd_ULd::DoIniDataToForm, elUdUld->InitialDataToEdit	False	STATIC_BODY_REVIEWED_RUNTIME_PENDING	NOT_RUN	NOT_RUN	SAME	189	P2	REVIEW_EXISTING_DEPENDENCY	Loader editlist init	ST01	整支DoIniDataToForm仍關閉，NULL guard不證明link完成。	HTEditList InitialDataToEdit各target、真editlist生命周期。	NULL安全、資料同源、不新增同名雙實作。	CONDITIONAL_UNVERIFIED: static predicates recorded; actual configuration/call schedule not executed	PARSER_FUNCTION_CONTEXT	definitions: TfLd_ULd::DoIniDataToForm	NO_EXACT_TOKEN_SPAN_IN_CHECKED_FILES	NONE	906:cLd_ULd.cpp | 912:cLd_ULd.cpp | FRANK910:cLd_ULd.cpp
NBG-eb407e789e55	forms/fLotInfo.cpp	1446	1448	TfLotInfo::InitialRefrigerantSystem				False	True	True	1446	LOW	likely-no	PASS	LINK-OK		AI(W906-FW3-LotInfo-WA) 20260819: GATE WA-5 -- ATC_OFFLINE_FormComInit() is RECON Tier 2 (unverified), not one of this wave's 39 Tier-1 methods. See forms/fLotInfo.h GATE REGISTER WA-5.	BODY_EXACT	EXACT_LINE	NO_ELSE	565e6d26bd79cfb825cc19a725c52a0196031e2b99e7d9ec70f38042ee03a3b6	e3b0c44298fc1c149afbf4c8996fb92427ae41e4649b934ca495991b7852b855					ATC_OFFLINE_FormComInit	True	STATIC_BODY_REVIEWED_RUNTIME_PENDING	NOT_RUN	NOT_RUN	SAME	190	P1	IMPLEMENT_DEPENDENCY	refrigerant comm init	Frank + ST01	冷媒ATC_OFFLINE_FormComInit不執行。	真冷媒控制通道、配置与有/無ATC。	初始化錯誤/成功/再次進頁，不控制不支援設備。	CONDITIONAL_UNVERIFIED: static predicates recorded; actual configuration/call schedule not executed	PARSER_FUNCTION_CONTEXT	TfLotInfo::InitialRefrigerantSystem	TOKEN_SPAN_MATCH	906:uLotInfo.cpp(2 spans) | 912:uLotInfo.cpp(2 spans) | FRANK910:uLotInfo.cpp(2 spans)	906:uLotInfo.cpp | 912:uLotInfo.cpp | FRANK910:uLotInfo.cpp
NBG-ff8a6666d15c	forms/fLotInfo.cpp	2010	2012	TfLotInfo::btTesterTCPShowClick				False	True	True	2010	LOW	likely-no（缺 include）	PASS-WITH-INCLUDE	LINK-OK		"GATE REGISTER WA-9 (fTesterTCP has no port anywhere in this tree -- Interface/TesterTCP.h's own banner: ""NOT a TfTesterTCP class or facade at all, only free functions"")."	BODY_EXACT	EXACT_LINE	NO_ELSE	9c0728dca6df34b95abb6f805620349ea56bc4a818b8995db46519f55a6377f1	e3b0c44298fc1c149afbf4c8996fb92427ae41e4649b934ca495991b7852b855					fTesterTCP->Show	True	STATIC_BODY_REVIEWED_RUNTIME_PENDING	NOT_RUN	NOT_RUN	SAME	191	P2	KEEP_NO_RUNTIME	Tester TCP show	ST01	Show只開VCL表單，不能當連線引擎。	Web Tester TCP入口与真server資料。	頁面讀真資料，通訊引擎另驗。	CONDITIONAL_UNVERIFIED: static predicates recorded; actual configuration/call schedule not executed	PARSER_FUNCTION_CONTEXT	TfLotInfo::btTesterTCPShowClick	TOKEN_SPAN_MATCH	906:uLotInfo.cpp(1 spans) | 912:uLotInfo.cpp(1 spans) | FRANK910:uLotInfo.cpp(1 spans)	906:uLotInfo.cpp | 912:uLotInfo.cpp | FRANK910:uLotInfo.cpp
NBG-e45f9471f876	forms/fLotInfo.cpp	2207	2209	TfLotInfo::edDeviceNameMouseDown		(CUSTOMER_CODE==CC_AMKOR_China || //jou 2013-01-04 防止OP使用複製貼上的方式讀取工作檔 CUSTOMER_CODE==CC_QUALCOMM) && (Button==mbRight || Button==mbLeft)	#ifndef SOFT_SIMULTE	False	True	True	2207	LOW	likely-no	PASS	LINK-OK		GATE (CLIP) -- VCL Clipboard() 在本樹零 port（與下方 SCC 分支同一個 gate）	BODY_CONTEXT_POSITION_EXACT	EXACT_LINE	NO_ELSE	fd3a8fa75c8cd6cacc59a13ad2f49055f8dec462a298eb54786aa677df852d8f	e3b0c44298fc1c149afbf4c8996fb92427ae41e4649b934ca495991b7852b855					Clear, Clipboard	True	STATIC_BODY_REVIEWED_RUNTIME_PENDING	NOT_RUN	NOT_RUN	SAME	192	P2	KEEP_NO_RUNTIME	clipboard	ST01	清OS Clipboard未執行，Web輸入具有不同生命周期。	browser clipboard、焦點、敏感欄位處理。	輸入与鍵盤行为，勿讓測試清全系統剪貼簿。	CONDITIONAL_UNVERIFIED: static predicates recorded; actual configuration/call schedule not executed	PARSER_FUNCTION_CONTEXT	TfLotInfo::edDeviceNameMouseDown	TOKEN_SPAN_MATCH	906:uLotInfo.cpp(3 spans) | 912:uLotInfo.cpp(3 spans) | FRANK910:uLotInfo.cpp(3 spans)	906:uLotInfo.cpp | 912:uLotInfo.cpp | FRANK910:uLotInfo.cpp
NBG-b0697fa95884	forms/fLotInfo.cpp	4046	4048	TfLotInfo::FormShow				False	True	True	4046	LOW	likely-no	PASS	LINK-OK			BODY_EXACT	EXACT_LINE	NO_ELSE	8e3d5b1f678b83c73a8dd3816c576fcbb8e79bf19bd49b67cfe4cc01cb1d9d3a	e3b0c44298fc1c149afbf4c8996fb92427ae41e4649b934ca495991b7852b855					SetLotStart	True	STATIC_BODY_REVIEWED_RUNTIME_PENDING	NOT_RUN	NOT_RUN	SAME	193	P1	REVIEW_EXISTING_DEPENDENCY	LotInfo form opens lot	Frank + ST01	FormShow不SetLotStart；解除會讓開頁觸發批次副作用。	真LOT START入口、開頁用途與一次性護欄。	開頁/開批分開核對，多頁或重整不重開lot。	CONDITIONAL_UNVERIFIED: static predicates recorded; actual configuration/call schedule not executed	PARSER_FUNCTION_CONTEXT	TfLotInfo::FormShow	TOKEN_SPAN_MATCH	906:uLotInfo.cpp(1 spans) | 912:uLotInfo.cpp(1 spans) | FRANK910:uLotInfo.cpp(1 spans)	906:uLotInfo.cpp | 912:uLotInfo.cpp | FRANK910:uLotInfo.cpp
NBG-cd49772f50dd	forms/fLotInfo.cpp	4637	4692	TfLotInfo::LotKeyInTimeTimer		(CUSTOMER_CODE==CC_KYEC_LEE)		False	True	True	4637	LOW	likely-no	PASS	LINK-OK		(golden could clear it for out-of-range KYEC/KLT head numbers).  A narrowing, not a divergence.  Note golden's own first arm body is a round trip through a local, i.e. already a no-op on the widget.	BODY_EXACT	EXACT_LINE	NO_ELSE	157afa5ec91b0dcbef984f2f534f2a32dc75c22168a011f52d97124136c34e32	e3b0c44298fc1c149afbf4c8996fb92427ae41e4649b934ca495991b7852b855					atoi, edtSysOperatorID->Text.Length, sHeadNum.c_str, sLastKeyin.Length, sLastKeyin.SubString	True	STATIC_BODY_REVIEWED_RUNTIME_PENDING	NOT_RUN	NOT_RUN	SAME	194	P1	IMPLEMENT_DEPENDENCY	operator ID validation	ST01	KYEC6/7碼与AMR AGV operator ID特例不驗。	真operator資料、LotKeyInTime tick。	合法前綴、邊界、非法、AGV特例，取消不留舊ID。	CONDITIONAL_UNVERIFIED: static predicates recorded; actual configuration/call schedule not executed	PARSER_FUNCTION_CONTEXT	TfLotInfo::LotKeyInTimeTimer	TOKEN_SPAN_MATCH	906:uLotInfo.cpp(1 spans) | 912:uLotInfo.cpp(1 spans) | FRANK910:uLotInfo.cpp(1 spans)	906:uLotInfo.cpp | 912:uLotInfo.cpp | FRANK910:uLotInfo.cpp
NBG-ab43767b13be	forms/fLotInfo.cpp	5795	5801	TfLotInfo::SetLotStart		(CUSTOMER_CODE==CC_SCC || //Steven 20200306 : SCC要求按下Lot End的時候, 資料要清空 CUSTOMER_CODE==CC_Murata || CUSTOMER_CODE==CC_SJ_Semiconductor || CUSTOMER_CODE==CC_CYUEAN)		False	True	True	5795	LOW	likely-no	PASS	LINK-OK		GATE (W906-LOT-W1-MAINPANELS): 缺相依 TfMain::cbRunStartMode/palFT/palRT/palOffLine/palEQC	BODY_EXACT	EXACT_LINE	NO_ELSE	3c15a1f7d9ed6daeee1e3aad27fbd37bca43a1db831b3c9438a4703147a6ef98	e3b0c44298fc1c149afbf4c8996fb92427ae41e4649b934ca495991b7852b855						True	STATIC_BODY_REVIEWED_RUNTIME_PENDING	NOT_RUN	NOT_RUN	SAME	195	P1	IMPLEMENT_DEPENDENCY	lot mode locking	ST01	開批不disable/結批不enable模式；Web需要server側禁止運轉中切換。	同一state与權限，不能以UI可按為權威。	開批/運轉/暫停/結批命令一致拒絕，不只灰按鈕。	CONDITIONAL_UNVERIFIED: static predicates recorded; actual configuration/call schedule not executed	PARSER_FUNCTION_CONTEXT	TfLotInfo::SetLotStart	TOKEN_SPAN_MATCH	906:uLotInfo.cpp(1 spans) | 912:uLotInfo.cpp(1 spans) | FRANK910:uLotInfo.cpp(1 spans)	906:uLotInfo.cpp | 912:uLotInfo.cpp | FRANK910:uLotInfo.cpp
NBG-dfe1d0eb5c56	forms/fLotInfo.cpp	6715	6717	TfLotInfo::SetLotEnd		(IniConfig.bEnable_SECS_GEM==true && RunInfo.bLotStart==true) && (fAGV->bATK_AMR_DoLotEndSent==false)		False	True	True	6715	LOW	likely-no	PASS	LINK-OK		GATE (W906-PROD-S117-ATKAMR)	BODY_EXACT	EXACT_LINE	NO_ELSE	0a0ac70234f62434ed45fcea5ab622a9b1c61cf6166b45fff556d5655501ef06	e3b0c44298fc1c149afbf4c8996fb92427ae41e4649b934ca495991b7852b855						True	STATIC_BODY_REVIEWED_RUNTIME_PENDING	NOT_RUN	NOT_RUN	SAME	196	P1	IMPLEMENT_DEPENDENCY	ATK AMR duplicate lot end	ST01	ATK AMR提前LOTEND旗標不查，可能重複送。	真bATK_AMR_DoLotEndSent与lot生命周期。	已送/未送/新批清flag、一次傳送。	CONDITIONAL_UNVERIFIED: static predicates recorded; actual configuration/call schedule not executed	PARSER_FUNCTION_CONTEXT	TfLotInfo::SetLotEnd	TOKEN_SPAN_MATCH	906:uLotInfo.cpp(1 spans) | 912:uLotInfo.cpp(1 spans) | FRANK910:uLotInfo.cpp(1 spans)	906:uLotInfo.cpp | 912:uLotInfo.cpp | FRANK910:uLotInfo.cpp
NBG-d2184d270351	forms/fLotInfo.cpp	6892	6895	TfLotInfo::SetLotEnd				False	True	True	6892	LOW	likely-no	PASS	LINK-OK		GATE (W906-PROD-S117-S25-TSMC)	BODY_EXACT	EXACT_LINE	NO_ELSE	d982d470faf4c2352a387d7f5efecbeceb5f5be4958da4f4fca1d130f2f8b13e	e3b0c44298fc1c149afbf4c8996fb92427ae41e4649b934ca495991b7852b855	CC_TSMC_TAINAN					True	STATIC_BODY_REVIEWED_RUNTIME_PENDING	NOT_RUN	NOT_RUN	SAME	197	P2	IMPLEMENT_DEPENDENCY	TSMC SECS button state	ST01	TSMC SECS按鈕Down不更新，是否影響下一步仍須追讀者。	按鈕與server真lotstate。	結批後state與下次START資格。	CONDITIONAL_UNVERIFIED: static predicates recorded; actual configuration/call schedule not executed	PARSER_FUNCTION_CONTEXT	TfLotInfo::SetLotEnd	TOKEN_SPAN_MATCH	906:uLotInfo.cpp(1 spans) | 912:uLotInfo.cpp(1 spans) | FRANK910:uLotInfo.cpp(1 spans)	906:uLotInfo.cpp | 912:uLotInfo.cpp | FRANK910:uLotInfo.cpp
NBG-acc82c7e77e2	forms/fLotInfo.cpp	7057	7069	TfLotInfo::SetLotEnd				False	True	True	7057	LOW	likely-no	PASS	LINK-OK		GATE (W906-PROD-S117-S25-UTAC)	BODY_EXACT	EXACT_LINE	NO_ELSE	63d63b600a0c549aa9d27987908e728f92a48a58464222f4959bab6c3ee0e586	e3b0c44298fc1c149afbf4c8996fb92427ae41e4649b934ca495991b7852b855	CC_UTAC				fMain->SetLotState	True	STATIC_BODY_REVIEWED_RUNTIME_PENDING	NOT_RUN	NOT_RUN	SAME	198	P1	REVIEW_EXISTING_DEPENDENCY	UTAC ART lot signal	Frank + ST01	UTAC mode8/10不SetLotState，ART FT/finalRT對外通知缺。	真protocol與UTACmode。	兩mode包內容/順序，其他客戶不變。	CONDITIONAL_UNVERIFIED: static predicates recorded; actual configuration/call schedule not executed	PARSER_FUNCTION_CONTEXT	TfLotInfo::SetLotEnd	TOKEN_SPAN_MATCH	906:uLotInfo.cpp(1 spans) | 912:uLotInfo.cpp(1 spans) | FRANK910:uLotInfo.cpp(1 spans)	906:uLotInfo.cpp | 912:uLotInfo.cpp | FRANK910:uLotInfo.cpp
NBG-34beff424aef	forms/fLotInfo.cpp	7183	7185	TfLotInfo::sbSECSLotEndClick		(CosFunction.bAutoCleanShuttleDisable==false) && (fMain->CheckCanChangeRealDummy()==false)		False	True	True	7183	LOW	likely-no	PASS	LINK-OK		GATE (W906-PROD-S117-RSM)	BODY_CONTEXT_POSITION_EXACT	EXACT_LINE	NO_ELSE	390538a43554a1b3e27731d016a976f52e3cd3a646fe0305709fc4392123f416	e3b0c44298fc1c149afbf4c8996fb92427ae41e4649b934ca495991b7852b855					SetRunStartMode	True	STATIC_BODY_REVIEWED_RUNTIME_PENDING	NOT_RUN	NOT_RUN	SAME	199	P1	REVIEW_EXISTING_DEPENDENCY	lot end run mode	ST01	SECS結批分支不SetRunStartMode，可能沿用舊mode。	真mode方法、Text/ItemIndex同源。	兩分支与後續START一致，編過不等於wire。	CONDITIONAL_UNVERIFIED: static predicates recorded; actual configuration/call schedule not executed	PARSER_FUNCTION_CONTEXT	TfLotInfo::sbSECSLotEndClick	TOKEN_SPAN_MATCH	906:uLotInfo.cpp(3 spans) | 912:uLotInfo.cpp(3 spans) | FRANK910:uLotInfo.cpp(3 spans)	906:uLotInfo.cpp | 912:uLotInfo.cpp | FRANK910:uLotInfo.cpp
NBG-8dc7f07bf91b	forms/fLotInfo.cpp	7195	7197	TfLotInfo::sbSECSLotEndClick		(CosFunction.bAutoCleanShuttleDisable==false) && (iTestHeadMotorTask!=1 && fAllMotorHome==true)		False	True	True	7195	LOW	likely-no	PASS	LINK-OK		GATE (W906-PROD-S117-RSM): golden :1412，同上	BODY_CONTEXT_POSITION_EXACT	EXACT_LINE	NO_ELSE	390538a43554a1b3e27731d016a976f52e3cd3a646fe0305709fc4392123f416	e3b0c44298fc1c149afbf4c8996fb92427ae41e4649b934ca495991b7852b855					SetRunStartMode	True	STATIC_BODY_REVIEWED_RUNTIME_PENDING	NOT_RUN	NOT_RUN	SAME	200	P1	REVIEW_EXISTING_DEPENDENCY	lot end run mode	ST01	SECS結批分支不SetRunStartMode，可能沿用舊mode。	真mode方法、Text/ItemIndex同源。	兩分支与後續START一致，編過不等於wire。	CONDITIONAL_UNVERIFIED: static predicates recorded; actual configuration/call schedule not executed	PARSER_FUNCTION_CONTEXT	TfLotInfo::sbSECSLotEndClick	TOKEN_SPAN_MATCH	906:uLotInfo.cpp(3 spans) | 912:uLotInfo.cpp(3 spans) | FRANK910:uLotInfo.cpp(3 spans)	906:uLotInfo.cpp | 912:uLotInfo.cpp | FRANK910:uLotInfo.cpp
NBG-705ff86e619d	forms/fLotInfo.cpp	7233	7239	TfLotInfo::sbSECSLotEndClick				False	True	True	7233	LOW	likely-no	PASS	LINK-OK		GATE (W906-PROD-S117-MAINPANELS)	BODY_EXACT	EXACT_LINE	NO_ELSE	bcf5616a58d17f2375fc8ecbada9ecaeb29b325b911473a36345f819130d1c41	e3b0c44298fc1c149afbf4c8996fb92427ae41e4649b934ca495991b7852b855						True	STATIC_BODY_REVIEWED_RUNTIME_PENDING	NOT_RUN	NOT_RUN	SAME	201	P1	IMPLEMENT_DEPENDENCY	lot mode locking	ST01	開批不disable/結批不enable模式；Web需要server側禁止運轉中切換。	同一state与權限，不能以UI可按為權威。	開批/運轉/暫停/結批命令一致拒絕，不只灰按鈕。	CONDITIONAL_UNVERIFIED: static predicates recorded; actual configuration/call schedule not executed	PARSER_FUNCTION_CONTEXT	TfLotInfo::sbSECSLotEndClick	TOKEN_SPAN_MATCH	906:uLotInfo.cpp(1 spans) | 912:uLotInfo.cpp(1 spans) | FRANK910:uLotInfo.cpp(1 spans)	906:uLotInfo.cpp | 912:uLotInfo.cpp | FRANK910:uLotInfo.cpp
NBG-609f255dfbdf	forms/fMain.cpp	1107	1114	TfMain::ChangeTesterConnect				False	True	True	1107	LOW	likely-no	PASS	LINK-OK	HAS-#else	AI(W906-D1) 20260928 (St02-E): golden 原文留著對照（:1113 經 W906_CtcD1AccessHook 判斷） -- golden 912 main.cpp:12589-12592（906_0625_Steven :12072-12074）	BODY_EXACT	EXACT_LINE	HAS_ELSE	f4632115ace4a60045b901bc9ca2983ed9e63118583fe7855ee99298e2382c24	68b58908d5279b511faf28963761d60f57c699659c8f275bc65743c69023dd8d						True	STATIC_BODY_REVIEWED_RUNTIME_PENDING	NOT_RUN	NOT_RUN	SAME	202	P0	KEEP_REPLACEMENT	tester access hook	ST01	原權限式已由W906_CtcD1AccessHook取代，解除可能繞過新hook。	真hook安裝與權限模型；未安裝預設放行另審。	拒絕/放行/bRemote/operator連線模式，不能覆蓋新D1。	CONDITIONAL_UNVERIFIED: static predicates recorded; actual configuration/call schedule not executed	PARSER_FUNCTION_CONTEXT	TfMain::ChangeTesterConnect	TOKEN_SPAN_MATCH	906:main.cpp(1 spans) | 912:main.cpp(1 spans) | FRANK910:main.cpp(1 spans)	906:main.cpp | 912:main.cpp | FRANK910:main.cpp
NBG-ce906f0cad8b	forms/fMain.cpp	1116	1129	TfMain::ChangeTesterConnect		(W906_CtcD1AccessHook == 0 || W906_CtcD1AccessHook(bRemote))		False	True	True	1116	LOW	likely-no	PASS	LINK-OK		AI(W906-D2) 20260928 (St02-E): golden 原文留著對照（:1115 經 W906_CtcD2IcRefuseHook） -- golden 912 main.cpp:12593-12604（906_0625_Steven :12076-12087）	BODY_EXACT	EXACT_LINE	NO_ELSE	da45d2fb11ebdbb9319b99ebaf65e8b02e119fad71f9728f2ee2d8ad924bad78	e3b0c44298fc1c149afbf4c8996fb92427ae41e4649b934ca495991b7852b855					AnsiString, HasAnyICInMachine, HasICUnderMachine, ShowErrorMessage, sHasAnyICInMachine, sHasICUnderMachine	True	STATIC_BODY_REVIEWED_RUNTIME_PENDING	NOT_RUN	NOT_RUN	SAME	203	P0	REVIEW_EXISTING_DEPENDENCY	tester switch with IC	Frank + ST01	原SHIP有IC不能換連線的guard仍關閉，須查D2 hook是否等效。	真IC判定、一循環例外与現行D2檢查。	有IC/無IC/例外/Mode10Msg，拒絕且模式不變。	CONDITIONAL_UNVERIFIED: static predicates recorded; actual configuration/call schedule not executed	PARSER_FUNCTION_CONTEXT	TfMain::ChangeTesterConnect	TOKEN_SPAN_MATCH	906:main.cpp(1 spans) | 912:main.cpp(1 spans) | FRANK910:main.cpp(1 spans)	906:main.cpp | 912:main.cpp | FRANK910:main.cpp
NBG-14dae47b527e	forms/fMain.cpp	1135	1142	TfMain::ChangeTesterConnect		(W906_CtcD1AccessHook == 0 || W906_CtcD1AccessHook(bRemote)) && (Mode==10 && Msg==true) && (LastSet.iTester==OFF_LINE)		False	True	True	1135	LOW	likely-no	PASS	LINK-OK		AI(W906-D3) 20260928 (St02-E): golden 原文留著對照（:1134 經 W906_CtcD3ManualSortHook） -- golden 912 main.cpp:12610-12615（906_0625_Steven :12093-12098）	BODY_EXACT	EXACT_LINE	NO_ELSE	c5789293895552117bb4f491e71c9af4cea760f44d8cedf0a1ab3a477f8ec110	e3b0c44298fc1c149afbf4c8996fb92427ae41e4649b934ca495991b7852b855					NewRecordProcess	True	STATIC_BODY_REVIEWED_RUNTIME_PENDING	NOT_RUN	NOT_RUN	SAME	204	P1	REVIEW_EXISTING_DEPENDENCY	tester mode switch state	Frank + ST01	ManualSort/AutoSiteMap的mode、state、log或bin重讀略過。	現行TesterConnect hooks、fMain真型態，避免重複狀態變更。	2D_SORT、ManualSort、SingleSite、多站、FT/RT一致。	CONDITIONAL_UNVERIFIED: static predicates recorded; actual configuration/call schedule not executed	PARSER_FUNCTION_CONTEXT	TfMain::ChangeTesterConnect	TOKEN_SPAN_MATCH	906:main.cpp(1 spans) | 912:main.cpp(1 spans) | FRANK910:main.cpp(1 spans)	906:main.cpp | 912:main.cpp | FRANK910:main.cpp
NBG-41bfe2e0e4a1	forms/fMain.cpp	1192	1202	TfMain::ChangeTesterConnect		(W906_CtcD1AccessHook == 0 || W906_CtcD1AccessHook(bRemote)) && (Mode==10 && Msg==true) && NOT (LastSet.iTester==OFF_LINE) && (LastSet.iTester==ON_LINE && TestIF_File.bSortingBy2DIDList==true)		False	True	True	1192	LOW	likely-no	PASS	LINK-OK		AI(W906-D6) 20260928 (St02-E): golden 原文留著對照（:1191 經 W906_CtcD6To2DSortHook） -- golden 912 main.cpp:12661-12669（906_0625_Steven :12144-12152）	BODY_EXACT	EXACT_LINE	NO_ELSE	c346e509847e6fdf4bd7f7128bfe3e71ef6e57191cd8bc9189a59d8c5d4eef06	e3b0c44298fc1c149afbf4c8996fb92427ae41e4649b934ca495991b7852b855					NewRecordProcess, fBinSel->ReadFile, fBinSel->ReadParam, fMain->ModifyTester	True	STATIC_BODY_REVIEWED_RUNTIME_PENDING	NOT_RUN	NOT_RUN	SAME	205	P1	REVIEW_EXISTING_DEPENDENCY	tester mode switch state	Frank + ST01	ManualSort/AutoSiteMap的mode、state、log或bin重讀略過。	現行TesterConnect hooks、fMain真型態，避免重複狀態變更。	2D_SORT、ManualSort、SingleSite、多站、FT/RT一致。	CONDITIONAL_UNVERIFIED: static predicates recorded; actual configuration/call schedule not executed	PARSER_FUNCTION_CONTEXT	TfMain::ChangeTesterConnect	TOKEN_SPAN_MATCH	906:main.cpp(1 spans) | 912:main.cpp(1 spans) | FRANK910:main.cpp(1 spans)	906:main.cpp | 912:main.cpp | FRANK910:main.cpp
NBG-a7810912b52e	forms/fMain.cpp	1262	1291	TfMain::ChangeTesterConnect		(W906_CtcD1AccessHook == 0 || W906_CtcD1AccessHook(bRemote)) && (oldMode!=LastSet.iTester) && (IniConfig.bUseAutoSiteMapping && IniConfig.bDutOnOffNeedASM) && (IniConfig.bI21EnableASM && LastSet.iTester==ON_LINE)		False	True	True	1262	LOW	likely-no	PASS	LINK-OK		AI(W906-D7) 20260928 (St02-E): golden 原文留著對照（:1261 經 W906_CtcD7AsmOnLineHook） -- golden 912 main.cpp:12729-12756（906_0625_Steven :12212-12237）	BODY_EXACT	EXACT_LINE	NO_ELSE	55729a84413212da10d7ff61f1788549cadcd73bfe3785306dd506a31e686dfe	e3b0c44298fc1c149afbf4c8996fb92427ae41e4649b934ca495991b7852b855					RecordProcess, fMain->SetMainRunStartMode	True	STATIC_BODY_REVIEWED_RUNTIME_PENDING	NOT_RUN	NOT_RUN	SAME	206	P1	REVIEW_EXISTING_DEPENDENCY	tester mode switch state	Frank + ST01	ManualSort/AutoSiteMap的mode、state、log或bin重讀略過。	現行TesterConnect hooks、fMain真型態，避免重複狀態變更。	2D_SORT、ManualSort、SingleSite、多站、FT/RT一致。	CONDITIONAL_UNVERIFIED: static predicates recorded; actual configuration/call schedule not executed	PARSER_FUNCTION_CONTEXT	TfMain::ChangeTesterConnect	TOKEN_SPAN_MATCH	912:main.cpp(1 spans)	906:main.cpp | 912:main.cpp | FRANK910:main.cpp
NBG-d432cc6c654f	forms/fMain_ATCSiteUse.cpp	471	475	TfMain::ChangeATCSiteUse	DualSite	NOT (ATC_SYSTEM==eATC60 || ATC_SYSTEM==eATC30) && (ATC_SYSTEM==eNewATCSystem)	#ifndef DEBUG_ATC	False	True	True	471	LOW	likely-no	PASS	LINK-OK	HAS-#else	TODO(W906-OPMODE): ATC_InterfaceForm->IsConnect() missing -- global is TATC_InterfaceFormShim* (acarry_shims.h:115, only iATC_MODE_TYPE); IsConnect exists only on forms/fATCHandlerSide.h:783 TATC_InterfaceForm, which has no global instance (Grep *.{h,cpp}) -- golden main.cpp:13508	BODY_EXACT	EXACT_LINE	HAS_ELSE	b35b87acee001d66622a52f0a0badd1951a0f942235111bba00c1e10c8fbaa61	0cbc754b4106b070d75e9b8424bdf9614f313cf42271e274f89c2ea59a8db03a					ATC_InterfaceForm->IsConnect	True	STATIC_BODY_REVIEWED_RUNTIME_PENDING	NOT_RUN	NOT_RUN	SAME	207	P1	IMPLEMENT_DEPENDENCY	ATC channel interlock	Frank + ST01	現行if(false)禁止ATC site use，EnablesChannel也關閉，單解一處不完整。	全域shim与真ATC物件、連線与矩陣綁定。	連線才送、沒連線不送，不能換成always-true。	CONDITIONAL_UNVERIFIED: static predicates recorded; actual configuration/call schedule not executed	PARSER_FUNCTION_CONTEXT	TfMain::ChangeATCSiteUse	NO_EXACT_TOKEN_SPAN_IN_CHECKED_FILES	NONE	NONE
NBG-268209175984	forms/fMain_ATCSiteUse.cpp	907	909	TfMain::ChangeATCSiteUse	DualSite	NOT (ATC_SYSTEM==eATC60 || ATC_SYSTEM==eATC30) && (ATC_SYSTEM==eNewATCSystem)	#ifndef DEBUG_ATC	False	True	True	907	LOW	likely-no	PASS	LINK-OK		TODO(W906-OPMODE): ATC_InterfaceForm->EnablesChannel() missing -- global is TATC_InterfaceFormShim* (acarry_shims.h:115, only iATC_MODE_TYPE); EnablesChannel exists only on forms/fATCHandlerSide.h:843 TATC_InterfaceForm (no global instance, body GATE NET/WIDGET) -- golden main.cpp:13932	BODY_CONTEXT_POSITION_EXACT	EXACT_LINE	NO_ELSE	939650481c8bb57b1698e1a72094b376ad476a6babb04a1915fc0c73dffc3dfc	e3b0c44298fc1c149afbf4c8996fb92427ae41e4649b934ca495991b7852b855					ATC_InterfaceForm->EnablesChannel	True	STATIC_BODY_REVIEWED_RUNTIME_PENDING	NOT_RUN	NOT_RUN	SAME	208	P1	IMPLEMENT_DEPENDENCY	ATC channel interlock	Frank + ST01	現行if(false)禁止ATC site use，EnablesChannel也關閉，單解一處不完整。	全域shim与真ATC物件、連線与矩陣綁定。	連線才送、沒連線不送，不能換成always-true。	CONDITIONAL_UNVERIFIED: static predicates recorded; actual configuration/call schedule not executed	PARSER_FUNCTION_CONTEXT	TfMain::ChangeATCSiteUse	NO_EXACT_TOKEN_SPAN_IN_CHECKED_FILES	NONE	NONE
NBG-fc797f59870e	forms/fMonitor.cpp	95	100	TfMonitor::FormDestroy				False	True	True	95	LOW	likely-no	PASS	LINK-OK			BODY_EXACT	EXACT_LINE	NO_ELSE	a3492c96afa14599c5933b7421c3cc7aac5ce61b873b64a822aada863783e6d7	e3b0c44298fc1c149afbf4c8996fb92427ae41e4649b934ca495991b7852b855						False	STATIC_BODY_REVIEWED_RUNTIME_PENDING	NOT_RUN	NOT_RUN	SAME	209	P1	IMPLEMENT_DEPENDENCY	monitor ownership	ST01	析構不delete MVCtrl，incomplete-type編過不證明解構/owner正確。	完整MonitorTCPIP型態、owner与IPC。	關頁、重開、退出無leak/double-free。	CONDITIONAL_UNVERIFIED: static predicates recorded; actual configuration/call schedule not executed	PARSER_FUNCTION_CONTEXT	TfMonitor::FormDestroy	NO_EXACT_TOKEN_SPAN_IN_CHECKED_FILES	NONE	NONE
NBG-01b23985f30c	forms/fMonitor.cpp	111	116	TfMonitor::FormDestroy				False	True	True	111	LOW	likely-no	PASS	LINK-OK			BODY_EXACT	EXACT_LINE	NO_ELSE	580905b37094a66ac6e3fe53e93bdb3ddb6f01276925db2254c1a2a1c2bf02b2	e3b0c44298fc1c149afbf4c8996fb92427ae41e4649b934ca495991b7852b855					LogSoftwareOffTime	False	STATIC_BODY_REVIEWED_RUNTIME_PENDING	NOT_RUN	NOT_RUN	SAME	210	P2	REVIEW_EXISTING_DEPENDENCY	shutdown log	ST01	FormDestroy沒記SoftwareOffTime，但其他退出路徑可能已記。	真LogSoftwareOffTime与mainclose。	正常退出與關頁區別，一次記錄。	CONDITIONAL_UNVERIFIED: static predicates recorded; actual configuration/call schedule not executed	PARSER_FUNCTION_CONTEXT	TfMonitor::FormDestroy	NO_EXACT_TOKEN_SPAN_IN_CHECKED_FILES	NONE	NONE
NBG-924030fe6b61	forms/fNote_JamCount.cpp	59	62	W906_CheckRecordJamType		(CosFunction.bIncludeMTBA)		False	True	True	59	LOW	likely-no（缺 include）	PASS-WITH-INCLUDE	LINK-OK		GATE(W906-J2) G1: fNote has no sJamArea / sJamCode (golden :872-877 builds them from MyDBIEvent's UnitNo + JamArea[]; the port's MyDBIEvent segment is still #if 0, cMyDB.cpp:878) -- MTBA customers keep today's behaviour (no count) -- golden note.cpp:357-358   [AI(W906-JAM-STOP) 20260930: partly stal	BODY_EXACT	EXACT_LINE	NO_ELSE	4c3378ad41aca3767cb7335ae263f1bd05c116a25c98a542dcb7dccc4c3ebc03	e3b0c44298fc1c149afbf4c8996fb92427ae41e4649b934ca495991b7852b855					fSecurity->GetJemIncludeMTBA	False	STATIC_BODY_REVIEWED_RUNTIME_PENDING	NOT_RUN	NOT_RUN	SAME	211	P1	IMPLEMENT_DEPENDENCY	jam MTBA policy	ST01	真料時不讀Security的IncludeMTBA規則。	真jam表，与137同一模型。	真/假料、含/不含jam、clear後統計。	CONDITIONAL_UNVERIFIED: static predicates recorded; actual configuration/call schedule not executed	PARSER_FUNCTION_CONTEXT	W906_CheckRecordJamType	NO_EXACT_TOKEN_SPAN_IN_CHECKED_FILES	NONE	NONE
NBG-63ddc0545f8b	forms/fPassword.cpp	163	165	TfPassword::edUserNameKeyDown		(IniConfig.bVTESTFunction==true)	#ifndef SOFT_SIMULTE	False	True	True	163	LOW	likely-no	PASS	LINK-OK		GATE (CLIP) -- VCL Clipboard() has no port anywhere in this tree (grep 20260825)	BODY_CONTEXT_POSITION_EXACT	EXACT_LINE	NO_ELSE	fd3a8fa75c8cd6cacc59a13ad2f49055f8dec462a298eb54786aa677df852d8f	e3b0c44298fc1c149afbf4c8996fb92427ae41e4649b934ca495991b7852b855					Clear, Clipboard	True	STATIC_BODY_REVIEWED_RUNTIME_PENDING	NOT_RUN	NOT_RUN	SAME	212	P2	KEEP_NO_RUNTIME	clipboard	ST01	清OS Clipboard未執行，Web輸入具有不同生命周期。	browser clipboard、焦點、敏感欄位處理。	輸入与鍵盤行为，勿讓測試清全系統剪貼簿。	CONDITIONAL_UNVERIFIED: static predicates recorded; actual configuration/call schedule not executed	PARSER_FUNCTION_CONTEXT	TfPassword::edUserNameKeyDown	NO_EXACT_TOKEN_SPAN_IN_CHECKED_FILES	NONE	NONE
NBG-578923f31ca5	forms/fPassword.cpp	169	171	TfPassword::edUserNameKeyDown		(IniConfig.bVTESTFunction==true)	#ifndef SOFT_SIMULTE	False	True	True	169	LOW	likely-no	PASS	LINK-OK		GATE (CLIP) -- VCL Clipboard() has no port anywhere in this tree (grep 20260825)	BODY_CONTEXT_POSITION_EXACT	EXACT_LINE	NO_ELSE	fd3a8fa75c8cd6cacc59a13ad2f49055f8dec462a298eb54786aa677df852d8f	e3b0c44298fc1c149afbf4c8996fb92427ae41e4649b934ca495991b7852b855					Clear, Clipboard	True	STATIC_BODY_REVIEWED_RUNTIME_PENDING	NOT_RUN	NOT_RUN	SAME	213	P2	KEEP_NO_RUNTIME	clipboard	ST01	清OS Clipboard未執行，Web輸入具有不同生命周期。	browser clipboard、焦點、敏感欄位處理。	輸入与鍵盤行为，勿讓測試清全系統剪貼簿。	CONDITIONAL_UNVERIFIED: static predicates recorded; actual configuration/call schedule not executed	PARSER_FUNCTION_CONTEXT	TfPassword::edUserNameKeyDown	NO_EXACT_TOKEN_SPAN_IN_CHECKED_FILES	NONE	NONE
NBG-dbf7b746de13	forms/fPassword.cpp	180	182	TfPassword::edUserNameKeyDown		NOT (IniConfig.bVTESTFunction==true) && (CUSTOMER_CODE==CC_SCC || //Steven 20200302 : SCC楊恩民說只能用Barcode輸入 CosFunction.bUseBarCoderAutoLogin)	#ifndef SOFT_SIMULTE	False	True	True	180	LOW	likely-no	PASS	LINK-OK		GATE (CLIP) -- VCL Clipboard() has no port anywhere in this tree (grep 20260825)	BODY_CONTEXT_POSITION_EXACT	EXACT_LINE	NO_ELSE	fd3a8fa75c8cd6cacc59a13ad2f49055f8dec462a298eb54786aa677df852d8f	e3b0c44298fc1c149afbf4c8996fb92427ae41e4649b934ca495991b7852b855					Clear, Clipboard	True	STATIC_BODY_REVIEWED_RUNTIME_PENDING	NOT_RUN	NOT_RUN	SAME	214	P2	KEEP_NO_RUNTIME	clipboard	ST01	清OS Clipboard未執行，Web輸入具有不同生命周期。	browser clipboard、焦點、敏感欄位處理。	輸入与鍵盤行为，勿讓測試清全系統剪貼簿。	CONDITIONAL_UNVERIFIED: static predicates recorded; actual configuration/call schedule not executed	PARSER_FUNCTION_CONTEXT	TfPassword::edUserNameKeyDown	NO_EXACT_TOKEN_SPAN_IN_CHECKED_FILES	NONE	NONE
NBG-1b0753dba89f	forms/fPassword.cpp	204	206	TfPassword::edPasswordKeyDown		(CUSTOMER_CODE==CC_SCC || IniConfig.bVTESTFunction==true)	#ifndef SOFT_SIMULTE	False	True	True	204	LOW	likely-no	PASS	LINK-OK		GATE (CLIP) -- VCL Clipboard() has no port anywhere in this tree (grep 20260825)	BODY_CONTEXT_POSITION_EXACT	EXACT_LINE	NO_ELSE	fd3a8fa75c8cd6cacc59a13ad2f49055f8dec462a298eb54786aa677df852d8f	e3b0c44298fc1c149afbf4c8996fb92427ae41e4649b934ca495991b7852b855					Clear, Clipboard	True	STATIC_BODY_REVIEWED_RUNTIME_PENDING	NOT_RUN	NOT_RUN	SAME	215	P2	KEEP_NO_RUNTIME	clipboard	ST01	清OS Clipboard未執行，Web輸入具有不同生命周期。	browser clipboard、焦點、敏感欄位處理。	輸入与鍵盤行为，勿讓測試清全系統剪貼簿。	CONDITIONAL_UNVERIFIED: static predicates recorded; actual configuration/call schedule not executed	PARSER_FUNCTION_CONTEXT	TfPassword::edPasswordKeyDown	NO_EXACT_TOKEN_SPAN_IN_CHECKED_FILES	NONE	NONE
NBG-39de81ee2fb4	forms/fPassword.cpp	254	256	TfPassword::edPasswordMouseDown		NOT (CUSTOMER_CODE==CC_KYEC_LEE) && (CUSTOMER_CODE==CC_SCC || //Steven 20200302 : SCC楊恩民說只能用Barcode輸入 USE_BARCODE_AS_KEYBOARD!=0 || IniConfig.bVTESTFunction==true)	#ifndef SOFT_SIMULTE	False	True	True	254	LOW	likely-no	PASS	LINK-OK		GATE (CLIP) -- VCL Clipboard() has no port anywhere in this tree (grep 20260825)	BODY_CONTEXT_POSITION_EXACT	EXACT_LINE	NO_ELSE	fd3a8fa75c8cd6cacc59a13ad2f49055f8dec462a298eb54786aa677df852d8f	e3b0c44298fc1c149afbf4c8996fb92427ae41e4649b934ca495991b7852b855					Clear, Clipboard	True	STATIC_BODY_REVIEWED_RUNTIME_PENDING	NOT_RUN	NOT_RUN	SAME	216	P2	KEEP_NO_RUNTIME	clipboard	ST01	清OS Clipboard未執行，Web輸入具有不同生命周期。	browser clipboard、焦點、敏感欄位處理。	輸入与鍵盤行为，勿讓測試清全系統剪貼簿。	CONDITIONAL_UNVERIFIED: static predicates recorded; actual configuration/call schedule not executed	PARSER_FUNCTION_CONTEXT	TfPassword::edPasswordMouseDown	NO_EXACT_TOKEN_SPAN_IN_CHECKED_FILES	NONE	NONE
NBG-6e4bd585388e	forms/fPassword.cpp	276	278	TfPassword::edUserNameMouseDown		(IniConfig.bVTESTFunction==true)	#ifndef SOFT_SIMULTE	False	True	True	276	LOW	likely-no	PASS	LINK-OK		GATE (CLIP) -- VCL Clipboard() has no port anywhere in this tree (grep 20260825)	BODY_CONTEXT_POSITION_EXACT	EXACT_LINE	NO_ELSE	fd3a8fa75c8cd6cacc59a13ad2f49055f8dec462a298eb54786aa677df852d8f	e3b0c44298fc1c149afbf4c8996fb92427ae41e4649b934ca495991b7852b855					Clear, Clipboard	True	STATIC_BODY_REVIEWED_RUNTIME_PENDING	NOT_RUN	NOT_RUN	SAME	217	P2	KEEP_NO_RUNTIME	clipboard	ST01	清OS Clipboard未執行，Web輸入具有不同生命周期。	browser clipboard、焦點、敏感欄位處理。	輸入与鍵盤行为，勿讓測試清全系統剪貼簿。	CONDITIONAL_UNVERIFIED: static predicates recorded; actual configuration/call schedule not executed	PARSER_FUNCTION_CONTEXT	TfPassword::edUserNameMouseDown	NO_EXACT_TOKEN_SPAN_IN_CHECKED_FILES	NONE	NONE
NBG-4b2b9e6241bf	forms/fPassword.cpp	282	284	TfPassword::edUserNameMouseDown		(IniConfig.bVTESTFunction==true)	#ifndef SOFT_SIMULTE	False	True	True	282	LOW	likely-no	PASS	LINK-OK		GATE (CLIP) -- VCL Clipboard() has no port anywhere in this tree (grep 20260825)	BODY_CONTEXT_POSITION_EXACT	EXACT_LINE	NO_ELSE	fd3a8fa75c8cd6cacc59a13ad2f49055f8dec462a298eb54786aa677df852d8f	e3b0c44298fc1c149afbf4c8996fb92427ae41e4649b934ca495991b7852b855					Clear, Clipboard	True	STATIC_BODY_REVIEWED_RUNTIME_PENDING	NOT_RUN	NOT_RUN	SAME	218	P2	KEEP_NO_RUNTIME	clipboard	ST01	清OS Clipboard未執行，Web輸入具有不同生命周期。	browser clipboard、焦點、敏感欄位處理。	輸入与鍵盤行为，勿讓測試清全系統剪貼簿。	CONDITIONAL_UNVERIFIED: static predicates recorded; actual configuration/call schedule not executed	PARSER_FUNCTION_CONTEXT	TfPassword::edUserNameMouseDown	NO_EXACT_TOKEN_SPAN_IN_CHECKED_FILES	NONE	NONE
NBG-aa76bf7befd8	forms/fPassword.cpp	293	295	TfPassword::edUserNameMouseDown		NOT (IniConfig.bVTESTFunction==true) && (CUSTOMER_CODE==CC_SCC || //Steven 20200302 : SCC楊恩民說只能用Barcode輸入 CosFunction.bUseBarCoderAutoLogin)	#ifndef SOFT_SIMULTE	False	True	True	293	LOW	likely-no	PASS	LINK-OK		GATE (CLIP) -- VCL Clipboard() has no port anywhere in this tree (grep 20260825)	BODY_CONTEXT_POSITION_EXACT	EXACT_LINE	NO_ELSE	fd3a8fa75c8cd6cacc59a13ad2f49055f8dec462a298eb54786aa677df852d8f	e3b0c44298fc1c149afbf4c8996fb92427ae41e4649b934ca495991b7852b855					Clear, Clipboard	True	STATIC_BODY_REVIEWED_RUNTIME_PENDING	NOT_RUN	NOT_RUN	SAME	219	P2	KEEP_NO_RUNTIME	clipboard	ST01	清OS Clipboard未執行，Web輸入具有不同生命周期。	browser clipboard、焦點、敏感欄位處理。	輸入与鍵盤行为，勿讓測試清全系統剪貼簿。	CONDITIONAL_UNVERIFIED: static predicates recorded; actual configuration/call schedule not executed	PARSER_FUNCTION_CONTEXT	TfPassword::edUserNameMouseDown	NO_EXACT_TOKEN_SPAN_IN_CHECKED_FILES	NONE	NONE
NBG-00579f7f927a	forms/fTesterIF.cpp	239	245	UNKNOWN				False	True	True	239	LOW	likely-no	PASS	LINK-OK		GATE (F-D7) golden cTesterIF.cpp:37 -- the file-scope `static bool	BODY_EXACT	EXACT_LINE	NO_ELSE	8649b4d0d0bf264e723638008413572b8846968d8eaefcdf95252e46d0e17cee	e3b0c44298fc1c149afbf4c8996fb92427ae41e4649b934ca495991b7852b855						False	STATIC_BODY_REVIEWED_RUNTIME_PENDING	NOT_RUN	NOT_RUN	SAME	220	P2	KEEP_REPLACEMENT	unused tester static	ST01	bflag使用者還在gate，重開unused static不恢復TesterIF功能。	完整rgInterfaceTypeClick/FormClose事件。	接完整事件再審此狀態，保持退出。	CONDITIONAL_UNVERIFIED: static predicates recorded; actual configuration/call schedule not executed	MACRO_OR_GLOBAL_DECLARATION	FILE_SCOPE	TOKEN_SPAN_MATCH	906:cTesterIF.cpp(1 spans) | 912:cTesterIF.cpp(1 spans) | FRANK910:cTesterIF.cpp(1 spans)	906:cTesterIF.cpp | 912:cTesterIF.cpp | FRANK910:cTesterIF.cpp
NBG-157f8a62f69d	uHeaterThread.cpp	383	385	THeaterThread::HeaterThreadProcess		(InitialOK)		False	True	True	383	LOW	likely-no	PASS	LINK-OK		TODO(W7-csystem) GATE 1: golden :60 CheckATC6System() -- declared csystem.h:126, DEFINED ONLY in golden csystem.cpp:1109; this symbol has NO body in the port (port csystem.cpp EXISTS -- 4,849 lines, wave W6.6 -- but is a partial translation that does not carry it; grepped every .cpp in the port tree	BODY_EXACT	EXACT_LINE	NO_ELSE	54d97db289a4ed7d37877020b5514d800b9c5dbc087841f909513d70e88f5612	e3b0c44298fc1c149afbf4c8996fb92427ae41e4649b934ca495991b7852b855					CheckATC6System	False	STATIC_BODY_REVIEWED_RUNTIME_PENDING	NOT_RUN	NOT_RUN	SAME	221	P2	KEEP_REPLACEMENT	heater tick callsites	Frank + ST01	舊thread caller關閉，但SHIP FastClockJobs:66/68/70与SIM HeaterSimTick:48/50/52已接，不能稱缺加熱/門/風扇檢查。	W906_FASTCLK_HEATER、clock ownership與20ms排程，舊thread退出。	維持單一owner；每周期合適次數，不再啟重複控制thread，更新過期理由。	CONDITIONAL_UNVERIFIED: static predicates recorded; actual configuration/call schedule not executed	PARSER_FUNCTION_CONTEXT	THeaterThread::HeaterThreadProcess	TOKEN_SPAN_MATCH	906:uHeaterThread.cpp(1 spans) | 912:uHeaterThread.cpp(1 spans) | FRANK910:uHeaterThread.cpp(1 spans)	906:uHeaterThread.cpp | 912:uHeaterThread.cpp | FRANK910:uHeaterThread.cpp
NBG-d8ed882dbdc7	uHeaterThread.cpp	393	395	THeaterThread::HeaterThreadProcess		(InitialOK)		False	True	True	393	LOW	likely-no	PASS	LINK-OK		TODO(W7-csystem) GATE 3: golden :62 HeaterDoorIsOpen() -- declared csystem.h:198, DEFINED ONLY in golden csystem.cpp:16530 (no body in the port: csystem.cpp is only partially translated and does not carry it -- re-verified AI(W906-PT-W1-integrate) 20260807).  No ACTIVE default: void sensor poll.	BODY_EXACT	EXACT_LINE	NO_ELSE	90a1b6ddca4f18c001a5dbbaadccb914851fce39a3a47aa58472e0a4dd23bb1d	e3b0c44298fc1c149afbf4c8996fb92427ae41e4649b934ca495991b7852b855					HeaterDoorIsOpen	False	STATIC_BODY_REVIEWED_RUNTIME_PENDING	NOT_RUN	NOT_RUN	SAME	222	P2	KEEP_REPLACEMENT	heater tick callsites	Frank + ST01	舊thread caller關閉，但SHIP FastClockJobs:66/68/70与SIM HeaterSimTick:48/50/52已接，不能稱缺加熱/門/風扇檢查。	W906_FASTCLK_HEATER、clock ownership與20ms排程，舊thread退出。	維持單一owner；每周期合適次數，不再啟重複控制thread，更新過期理由。	CONDITIONAL_UNVERIFIED: static predicates recorded; actual configuration/call schedule not executed	PARSER_FUNCTION_CONTEXT	THeaterThread::HeaterThreadProcess	TOKEN_SPAN_MATCH	906:uHeaterThread.cpp(1 spans) | 912:uHeaterThread.cpp(1 spans) | FRANK910:uHeaterThread.cpp(1 spans)	906:uHeaterThread.cpp | 912:uHeaterThread.cpp | FRANK910:uHeaterThread.cpp
NBG-860f020ce6e3	uHeaterThread.cpp	397	399	THeaterThread::HeaterThreadProcess		(InitialOK)		False	True	True	397	LOW	likely-no	PASS	LINK-OK		TODO(W7-csystem) GATE 4: golden :64 DoHeaterOn() -- declared csystem.h:123, DEFINED ONLY in golden csystem.cpp:1134 (no body in the port: csystem.cpp is only partially translated and does not carry it -- re-verified AI(W906-PT-W1-integrate) 20260807).  No ACTIVE default: void output poll.	BODY_EXACT	EXACT_LINE	NO_ELSE	a89c5bd53a0deabb739957fead2bd8d38554bf52ceca4de803f216e71890ee1f	e3b0c44298fc1c149afbf4c8996fb92427ae41e4649b934ca495991b7852b855					DoHeaterOn	False	STATIC_BODY_REVIEWED_RUNTIME_PENDING	NOT_RUN	NOT_RUN	SAME	223	P2	KEEP_REPLACEMENT	heater tick callsites	Frank + ST01	舊thread caller關閉，但SHIP FastClockJobs:66/68/70与SIM HeaterSimTick:48/50/52已接，不能稱缺加熱/門/風扇檢查。	W906_FASTCLK_HEATER、clock ownership與20ms排程，舊thread退出。	維持單一owner；每周期合適次數，不再啟重複控制thread，更新過期理由。	CONDITIONAL_UNVERIFIED: static predicates recorded; actual configuration/call schedule not executed	PARSER_FUNCTION_CONTEXT	THeaterThread::HeaterThreadProcess	TOKEN_SPAN_MATCH	906:uHeaterThread.cpp(1 spans) | 912:uHeaterThread.cpp(1 spans) | FRANK910:uHeaterThread.cpp(1 spans)	906:uHeaterThread.cpp | 912:uHeaterThread.cpp | FRANK910:uHeaterThread.cpp
NBG-ea54bcda5304	uTemp_Set.cpp	846	848	TfTemp_Set::FormShow	QualSite2X2			False	True	True	846	LOW	likely-no	PASS	LINK-OK		GATE(dep-SetFocus)	BODY_EXACT	EXACT_LINE	NO_ELSE	c9b74afc5be026070c3674e4a2001ea6ce06b1f4956bd58b6e0d085d7300f971	e3b0c44298fc1c149afbf4c8996fb92427ae41e4649b934ca495991b7852b855					rbTemp->SetFocus	True	STATIC_BODY_REVIEWED_RUNTIME_PENDING	NOT_RUN	NOT_RUN	SAME	224	P2	KEEP_NO_RUNTIME	UI focus	ST01	SetFocus 是視窗焦點，並非溫控模式。	Web 焦點行為。	頁面載入與鍵盤操作。	CONDITIONAL_UNVERIFIED: static predicates recorded; actual configuration/call schedule not executed	PARSER_FUNCTION_CONTEXT	TfTemp_Set::FormShow	TOKEN_SPAN_MATCH	906:uTemp_Set.cpp(1 spans) | 912:uTemp_Set.cpp(1 spans) | FRANK910:uTemp_Set.cpp(1 spans)	906:uTemp_Set.cpp | 912:uTemp_Set.cpp | FRANK910:uTemp_Set.cpp
NBG-d1b873dc0512	uTemp_Set.cpp	6229	6259	TfTemp_Set::ShowLineOnTop				False	True	True	6229	LOW	likely-no	PASS	LINK-OK		GATE(G-Align)	BODY_EXACT	EXACT_LINE	NO_ELSE	9b304fc1839a0cacd8aec62186eab5c3ba2311bedd206a5f0ea03b8b8d2d4077	e3b0c44298fc1c149afbf4c8996fb92427ae41e4649b934ca495991b7852b855					Panel10->BringToFront, Panel11->BringToFront, Panel12->BringToFront, Panel13->BringToFront, Panel15->BringToFront, Panel16->BringToFront, Panel2->BringToFront, Panel21->BringToFront, Panel23->BringToFront, Panel25->BringToFront, Panel27->BringToFront, Panel28->BringToFront, Panel29->BringToFront, Panel3->BringToFront, Panel31->BringToFront, Panel32->BringToFront, Panel34->BringToFront, Panel36->BringToFront, Panel37->BringToFront, Panel4->BringToFront, Panel41->BringToFront, Panel42->BringToFront, Panel5->BringToFront, Panel6->BringToFront, Panel9->BringToFront	True	STATIC_BODY_REVIEWED_RUNTIME_PENDING	NOT_RUN	NOT_RUN	SAME	225	P2	KEEP_NO_RUNTIME	VCL z-order	ST01	BringToFront只改VCL z-order，不恢復機台控制。	Web layout。	同一內容可見即可。	CONDITIONAL_UNVERIFIED: static predicates recorded; actual configuration/call schedule not executed	PARSER_FUNCTION_CONTEXT	TfTemp_Set::ShowLineOnTop	TOKEN_SPAN_MATCH	906:uTemp_Set.cpp(1 spans) | 912:uTemp_Set.cpp(1 spans) | FRANK910:uTemp_Set.cpp(1 spans)	906:uTemp_Set.cpp | 912:uTemp_Set.cpp | FRANK910:uTemp_Set.cpp
NBG-e944ace4d90c	uYieldMonitoring.cpp	3130	3136	UNKNOWN				False	True	True	3130	LOW	likely-no（缺 include）	PASS-WITH-INCLUDE	LINK-OK		GATE(G-YM-TemperFT) -- fTemperFrom has no `extern TfTemperFrom *fTemperFrom` in this tree -- forms/fTemperFrom.h:46 states outright that this wave does not declare it. golden :1343-1347.  FT branch of the show-yield panel refresh.	BODY_EXACT	EXACT_LINE	NO_ELSE	60802ede17b2d8bf4aae36f1b1c1c3cc9f2b4a2ad2c846827c3727fe54db95d2	e3b0c44298fc1c149afbf4c8996fb92427ae41e4649b934ca495991b7852b855					fTemperFrom->SetShowYield	True	STATIC_BODY_REVIEWED_RUNTIME_PENDING	NOT_RUN	NOT_RUN	SAME	226	P2	IMPLEMENT_DEPENDENCY	yield display state	ST01	FT/RT/continue test的yield顯示旗標没更新。	SetShowYield与新yield tag同源；人工定位ReadFile。	各旗標頁面顯示，獨立核對良率停止限制仍有作用。	CONDITIONAL_UNVERIFIED: static predicates recorded; actual configuration/call schedule not executed	FUNCTION_MANUALLY_LOCATED	TfYieldMonitoring::ReadFile	TOKEN_SPAN_MATCH	906:uYieldMonitoring.cpp(1 spans) | 912:uYieldMonitoring.cpp(1 spans) | FRANK910:uYieldMonitoring.cpp(1 spans)	906:uYieldMonitoring.cpp | 912:uYieldMonitoring.cpp | FRANK910:uYieldMonitoring.cpp
NBG-8142ac8d8650	uYieldMonitoring.cpp	3141	3147	UNKNOWN				False	True	True	3141	LOW	likely-no（缺 include）	PASS-WITH-INCLUDE	LINK-OK		GATE(G-YM-TemperRT) -- same missing extern as G-YM-TemperFT.  golden :1352-1356.  RT branch.	BODY_EXACT	EXACT_LINE	NO_ELSE	1a1e9a9365cc1d38d7213fc303262bb700959a8c8314c3b849ea8b1e5c9c4971	e3b0c44298fc1c149afbf4c8996fb92427ae41e4649b934ca495991b7852b855					fTemperFrom->SetShowYield	True	STATIC_BODY_REVIEWED_RUNTIME_PENDING	NOT_RUN	NOT_RUN	SAME	227	P2	IMPLEMENT_DEPENDENCY	yield display state	ST01	FT/RT/continue test的yield顯示旗標没更新。	SetShowYield与新yield tag同源；人工定位ReadFile。	各旗標頁面顯示，獨立核對良率停止限制仍有作用。	CONDITIONAL_UNVERIFIED: static predicates recorded; actual configuration/call schedule not executed	FUNCTION_MANUALLY_LOCATED	TfYieldMonitoring::ReadFile	TOKEN_SPAN_MATCH	906:uYieldMonitoring.cpp(1 spans) | 912:uYieldMonitoring.cpp(1 spans) | FRANK910:uYieldMonitoring.cpp(1 spans)	906:uYieldMonitoring.cpp | 912:uYieldMonitoring.cpp | FRANK910:uYieldMonitoring.cpp
NBG-c33bb6380bbb	uYieldMonitoring.cpp	3149	3153	UNKNOWN				False	True	True	3149	LOW	likely-no（缺 include）	PASS-WITH-INCLUDE	LINK-OK		GATE(G-YM-TemperTail) -- same missing extern.  golden :1358-1360.  esytTest2 + ShowYieldFuntion() tail.	BODY_EXACT	EXACT_LINE	NO_ELSE	1c56be6f9116fddcd39c3aa7a30da75f30b9fd3fcd031c562029d8f00366e9bf	e3b0c44298fc1c149afbf4c8996fb92427ae41e4649b934ca495991b7852b855					fTemperFrom->SetShowYield, fTemperFrom->ShowYieldFuntion	True	STATIC_BODY_REVIEWED_RUNTIME_PENDING	NOT_RUN	NOT_RUN	SAME	228	P2	IMPLEMENT_DEPENDENCY	yield display state	ST01	FT/RT/continue test的yield顯示旗標没更新。	SetShowYield与新yield tag同源；人工定位ReadFile。	各旗標頁面顯示，獨立核對良率停止限制仍有作用。	CONDITIONAL_UNVERIFIED: static predicates recorded; actual configuration/call schedule not executed	FUNCTION_MANUALLY_LOCATED	TfYieldMonitoring::ReadFile	TOKEN_SPAN_MATCH	906:uYieldMonitoring.cpp(1 spans) | 912:uYieldMonitoring.cpp(1 spans) | FRANK910:uYieldMonitoring.cpp(1 spans)	906:uYieldMonitoring.cpp | 912:uYieldMonitoring.cpp | FRANK910:uYieldMonitoring.cpp
