id	category	port_file_line	symbol	golden_file_line	golden_behavior_one_line	port_behavior	called_from_live_code	golden_text_elsewhere_in_port	action_class	deps_status	confidence	notes
B-001	b_gate_expired	ainarm9045.cpp:1387-1391	DoInArmIonFanGiveWay	ainarm9045.cpp:9205	golden ainarm9045.cpp:9205 `if(MoveInArm2XYToDecayTeach())` (in-arm goes to the ion-fan Decay teach point before the ESD give-way SM continues, case 3); the port `#else` sets `bDecayReached=true;` = FAKES the move as reached	gated by IF0; #else arm: OTHER (1 stmts) bDecayReached=true;	yes (50 callers of enclosing DoInArmIonFanGiveWay)	no (0/1 statements found live elsewhere)	MOTION	callees 1/1 ok(def 1, macro 0, sys/undeclared 0); objects 0/0 present	90	[review=manual] ST02 row 1488 [MEDIUM]: KEEP: still missing MoveInArm2XYToDecayTeach (flip-compile, main 8e5a1b1b + gw) [RESCAN 0930]; DECL-ONLY: every name ST02 calls missing has a live definition (declonly_scan); verdict=CONFIRMED-OPTION || premise 'no translated home' is stale: body live at ainarm2.cpp:925 (golden ainarm2.cpp:1482-1535, declared golden ainarm2.h:145); ST02 row 1488 KEEP 'still missing' = missing declaration only; the in-place note says 'motion/safety, not lifted overnight'; option IniConfig.bA15_1ESDGiveWayFunction || gate_id=h4-G2
B-002	b_gate_expired	ainarm9045.cpp:9222-9224	MoveInArmXYToLoader_9045	ainarm2.cpp:2112	golden :5720 TransferLoaderRatio(&iXPos,&iYPos) (Loader software gear ratio: re-scales the in-arm Loader pick XY about the teach base cell) is skipped before DoInArmSuckPreOn / InArmContinuousMove_9045	gated by IF0; nothing replaces it (the statements simply do not happen)	yes (5 callers of enclosing MoveInArmXYToLoader_9045)	no (0/1 statements found live elsewhere)	MOTION	callees 1/1 ok(def 1, macro 0, sys/undeclared 0); objects 0/0 present	90	[review=manual] ST02 row 1546 [MEDIUM]: KEEP: still missing TransferLoaderRatio (flip-compile, main 8e5a1b1b + gw) [RESCAN 0930]; DECL-ONLY: every name ST02 calls missing has a live definition (declonly_scan); verdict=CONFIRMED-NEEDS-DECISION || gate reason 'absent' is stale: body is live at ainarm2.cpp:1068 (no header declares it); ainarm9045.cpp:14126 already says 'reported, not touched'; must be lifted in lockstep with cInArmPlacement.cpp:724; changes Loader XY only when a loader tray scale != 1 is configured || gate_id=k4-G4
B-003	b_gate_expired	csystem.cpp:18272-18277	DoIonFanAutoClean	csystem.cpp:210-211	golden csystem.cpp:210-211 case 200 of DoIonFanAutoClean arms bflag2 with MoveInArm2XYToDecayTeach(); gated => bflag2 stays false, case 200 never reaches 300, WAR2026 re-fires every 30 s and the ESD ion-fan clean never completes	gated by IF0; #else arm: EMPTY (0 stmts)	yes (1 callers of enclosing DoIonFanAutoClean)	no (0/1 statements found live elsewhere)	MOTION	callees 1/1 ok(def 1, macro 0, sys/undeclared 0); objects 0/0 present	90	[review=manual] ST02 row 1835 [MEDIUM]: KEEP: still missing MoveInArm2XYToDecayTeach (flip-compile, main 8e5a1b1b + gw) [RESCAN 0930]; DECL-ONLY: every name ST02 calls missing has a live definition (declonly_scan); verdict=CONFIRMED-OPTION || same stale premise as ainarm9045.cpp:1387 (body live at ainarm2.cpp:925); the gate's DELTA text chose fail-loud on purpose because it believed no body existed; ST02 row 1835 KEEP 'still missing' || gate_id=G01
B-004	b_gate_expired	csystem.cpp:29237-29246	DoAutoDecayCheck	csystem.cpp:23879-23883	golden csystem.cpp:23879-23883 DoAutoDecayCheck case 40 `if(MoveInArm2XYToDecayTeach()){RecordProcess(...);Task=41;}`; gated => the ESD Auto Decay check stalls at Task 40 forever	gated by IF0; #else arm: EMPTY (0 stmts)	yes (1 callers of enclosing DoAutoDecayCheck)	no (0/2 statements found live elsewhere)	MOTION	callees 2/2 ok(def 2, macro 0, sys/undeclared 0); objects 0/0 present	90	[review=manual] ST02 row 1888 [MEDIUM]: KEEP: still missing MoveInArm2XYToDecayTeach (flip-compile, main 8e5a1b1b + gw) [RESCAN 0930]; DECL-ONLY: every name ST02 calls missing has a live definition (declonly_scan); verdict=CONFIRMED-OPTION || same stale premise (body live at ainarm2.cpp:925); only reached with CosFunction.bESDAutoDecayTeachFunction; csystem.cpp:28281 already says the body has landed but the gate text was not updated; ST02 row 1888 || gate_id=h4-G2
A1-001	a1_stub_body	Motor/mymotor.cpp:2556	CatchMgzTrayMove	Motor/mymotor.cpp:4547-4607	golden CatchMgzTrayMove(FinalPos) checks Sen[SnMagazineTrackSelectDetect] / C_Auto3EdgePush then two-stage MOT[MCatchMgzTray].MotorMove(FinalPos); port returns false so every Magazine tray-arm move never completes	constant: return false;	yes (1 certain, 0 possible) e.g. uhome.cpp:4152 in ProcessMotorHome	YES live 1/4, e.g. cinitial.cpp:13745 in SetMotorSpeed	MOTION	callees 7/7 ok(def 7, macro 0, sys/undeclared 0); objects 4/4 present	88	[review=manual] verdict=CONFIRMED-OPTION; docs:GL_S0_STUB_LEDGER(Aug26) || callers: uhome.cpp:4152 ProcessMotorHome (+golden Magazine.cpp x8); Magazine option only -- MCatchMgzTray is Enable=0 in machines/HT9050/Mot_Table.csv || match=L1-samefile flip=same in_cmake=True || port comment calls it a stub/offline
B-005	b_gate_expired	ainarm2.cpp:3034-3038	DoInDieClean	ainarm2.cpp:3813	golden ainarm2.cpp:3813 `if(MoveInArm2XYToClean())` (Die-Clean XY move) in DoInDieClean case 100 is replaced by `if(false)`: the Die-Clean sequence never advances and DoInDieClean never returns true	gated by IF0; #else arm: OTHER (0 stmts) if(false)	yes (1 callers of enclosing DoInDieClean)	no (0/1 statements found live elsewhere)	MOTION	callees 1/1 ok(def 1, macro 0, sys/undeclared 0); objects 0/0 present	88	[review=manual] ST02 row 1469 [MEDIUM]: KEEP (motor): MoveInArm2XYToClean [S09_FREED_STATUS 0930]; verdict=CONFIRMED-OPTION || gate W7E-K8-C premise ('not landed', 2026-08-11) is stale: MoveInArm2XYToClean body is live at ainarm2.cpp:2861; the fail-loud default was chosen only because no body existed; option USE_DIE_CLEAN / bDieClean; ST02 row 1469 KEEP '(motor)'; same shape as the Decay-teach gates || gate_id=W7E-K8-C
B-006	b_gate_expired	cInArmPlacement.cpp:724-729	cInArmPlacement::GetLoaderPos	ainarm2.cpp:2112	golden ainarm2.cpp:2112 TransferLoaderRatio(&iPosX,&iPosY) in GetLoaderPos is gated	gated by IF0; #else arm: EMPTY (0 stmts)	yes (1 callers of enclosing cInArmPlacement::GetLoaderPos)	no (0/1 statements found live elsewhere)	MOTION	callees 1/1 ok(def 1, macro 0, sys/undeclared 0); objects 0/0 present	88	[review=manual] ST02 row 436 [LOW]: KEEP: 問（Q-RATIO，像 HIGH） -- 理由不在了：TransferLoaderRatio 本體在 ainarm2.cpp:1068（ht9045_sm）。但全樹沒有標頭宣告它，要跟 ainarm9045.cpp 的 k4-G4（MEDIUM）一起解；解開會改 Loader 取料 XY [S09_B...; verdict=CONFIRMED-NEEDS-DECISION || St02 Q-RATIO: 'reason gone; unlocking changes Loader pick XY' -> asked the laptop || gate_id=1
A1-002	a1_stub_body	Motor/mymotor.cpp:2579	TrayArmContinuousMoveForOCR	Motor/mymotor.cpp:4857-4885	golden TrayArmContinuousMoveForOCR(X,Y): TrayArmMotorMove(X,false) then MOT[MLoaderY].MotorMove(Y) -> true; port returns false	constant: return false;	yes (1 certain, 0 possible) e.g. OCRInsp.cpp:509 in MoveTrayArmOCRCCDToLoaderStage	no (0/3 checked)	MOTION	callees 2/2 ok(def 2, macro 0, sys/undeclared 0); objects 0/0 present	85	[review=manual] verdict=CONFIRMED-OPTION; docs:GL_S0_STUB_LEDGER(Aug26) || caller OCRInsp.cpp:509 MoveTrayArmOCRCCDToLoaderStage; OCR option only || scope: feature:OCR camera || match=L1-samefile flip=same in_cmake=True || port comment calls it a stub/offline
A1-003	a1_stub_body	Motor/mymotor.cpp:2580	TrayMoveHome	Motor/mymotor.cpp:4887-4918	golden TrayMoveHome() (OCR): MOT[MLoaderY] to -99999 until Sen[SnOCRPosition] goes off, back off 3000, return true; port returns false forever	constant: return false;	yes (1 certain, 0 possible) e.g. OCRInsp.cpp:1733 in DoOCRFlow1	YES live 2/4, e.g. OCRInsp.cpp:1258 in DoOCRFlow1	MOTION	callees 4/4 ok(def 4, macro 0, sys/undeclared 0); objects 2/2 present	85	[review=manual] verdict=CONFIRMED-OPTION; docs:GL_S0_STUB_LEDGER(Aug26) || caller OCRInsp.cpp:1733 DoOCRFlow1; golden returns true under SOFT_SIMULTE, port returns false in SIM too; OCR option only || match=L1-samefile flip=same in_cmake=True || port comment calls it a stub/offline
A1-004	a1_stub_body	Motor/mymotor.cpp:2581	ShuttleSensorContinuousMove	Motor/mymotor.cpp:4920-4974	golden ShuttleSensorContinuousMove(SH1,SH2,Result): both shuttle pitch axes InitProcessSingleMotorTask + ProcessSingleMotorHome state machine; port returns false	constant: return false;	yes (1 certain, 0 possible) e.g. acarry.cpp:7679 in DoMoveShuttleSensor	no (0/4 checked)	MOTION	callees 3/3 ok(def 3, macro 0, sys/undeclared 0); objects 0/0 present	85	[review=manual] verdict=CONFIRMED-OPTION; docs:GL_S0_STUB_LEDGER(Aug26),handoff,B8_RISK || caller acarry.cpp:7679 DoMoveShuttleSensor (auto shuttle sensor option) || match=L1-samefile flip=same in_cmake=True || port comment calls it a stub/offline
A1-005	a1_stub_body	Motor/mymotor.cpp:2548	SortArmContinuousMove	Motor/mymotor.cpp:6070-6334	golden SortArmContinuousMove (265 lines) + SortArmPitchMove / PCIL112_SortArmXYMove / SortArmZMoveDown/Up / InitPCIL112_SortArmXYMoveTask (9046AU sort arm) are constant stubs	constant: return false;	yes (5 certain, 0 possible) e.g. aoutarm9045_2x4_8.cpp:2301 in MoveSortArmToShuttleIncludeZ_AU_2x4_8	YES live 1/4, e.g. Motor/mymotor.cpp:4061 in OutArmContinuousMove_9045	MOTION	callees 16/16 ok(def 16, macro 0, sys/undeclared 0); objects 3/3 present	80	[review=manual] verdict=CONFIRMED-OPTION; docs:GL_S0_STUB_LEDGER(Aug26) || 5 live callers (aoutarm9045_2x4_8.cpp:2301 MoveSortArmToShuttleIncludeZ_AU_2x4_8 ...); 9046AU sort-arm machines only || scope: feature:sort arm || match=L1-samefile flip=same in_cmake=True || port comment calls it a stub/offline
B-007	b_gate_expired	SortingBinTray/SortingBinTray.cpp:484-486	SortingBinTray_ToTrayPickIC	SortingBinTray.cpp:268	golden SortingBinTray.cpp:268 TransferAutoRatio(iTray,&iXPos,&iYPos) (Auto software gear ratio, golden body aoutarm.cpp:2712-2756) re-scales the sorting-bin-tray Out-Arm XY target in SortingBinTray_ToTrayPickIC; skipped at this site	gated by IF0; nothing replaces it (the statements simply do not happen)	yes (2 callers of enclosing SortingBinTray_ToTrayPickIC)	no (0/1 statements found live elsewhere)	MOTION	callees 1/1 ok(def 1, macro 0, sys/undeclared 0); objects 0/0 present	80	[review=manual] ST02 row 161 [LOW]: KEEP: 問（Q-RATIO，像 HIGH） -- 理由不在了：TransferAutoRatio 本體在 aoutarm.cpp:3328（同在 ht9045_sm）。但這支檔沒 include aoutarm.h，要多一行；而且解開會改 Out-Arm XY 目標座標 [S09_BATCH2 0929]; verdict=CONFIRMED-NEEDS-DECISION || body live at aoutarm.cpp:3328; needs #include aoutarm.h; ST02 Q-RATIO (changes Out-Arm XY targets); sorting-bin-tray feature only (options P27 / E55) || gate_id=TODO(W7)
B-008	b_gate_expired	SortingBinTray/SortingBinTray.cpp:669-671	SortingBinTray_ToTrayPlaceIC	SortingBinTray.cpp:449	golden SortingBinTray.cpp:449 TransferAutoRatio(iTray,&iXPos,&iYPos) (Auto software gear ratio, golden body aoutarm.cpp:2712-2756) re-scales the sorting-bin-tray Out-Arm XY target in SortingBinTray_ToTrayPlaceIC; skipped at this site	gated by IF0; nothing replaces it (the statements simply do not happen)	yes (2 callers of enclosing SortingBinTray_ToTrayPlaceIC)	no (0/1 statements found live elsewhere)	MOTION	callees 1/1 ok(def 1, macro 0, sys/undeclared 0); objects 0/0 present	80	[review=manual] ST02 row 162 [LOW]: KEEP: 問（Q-RATIO） -- 理由不在了：TransferAutoRatio 本體在 aoutarm.cpp:3328（同在 ht9045_sm）。但這支檔沒 include aoutarm.h，要多一行；而且解開會改 Out-Arm XY 目標座標 [S09_BATCH2 0929]; verdict=CONFIRMED-NEEDS-DECISION || body live at aoutarm.cpp:3328; needs #include aoutarm.h; ST02 Q-RATIO (changes Out-Arm XY targets); sorting-bin-tray feature only (options P27 / E55) || gate_id=TODO(W7)
B-009	b_gate_expired	SortingBinTray/SortingBinTray.cpp:2685-2687	SortingBinTray_MoveToPickPlace	SortingBinTray.cpp:2414	golden SortingBinTray.cpp:2414 TransferAutoRatio(iTray,&iXPos,&iYPos) (Auto software gear ratio, golden body aoutarm.cpp:2712-2756) re-scales the sorting-bin-tray Out-Arm XY target in SortingBinTray_MoveToPickPlace; skipped at this site	gated by IF0; nothing replaces it (the statements simply do not happen)	yes (4 callers of enclosing SortingBinTray_MoveToPickPlace)	no (0/1 statements found live elsewhere)	MOTION	callees 1/1 ok(def 1, macro 0, sys/undeclared 0); objects 0/0 present	80	[review=manual] ST02 row 163 [LOW]: KEEP: 問（Q-RATIO） -- 理由不在了：TransferAutoRatio 本體在 aoutarm.cpp:3328（同在 ht9045_sm）。但這支檔沒 include aoutarm.h，要多一行；而且解開會改 Out-Arm XY 目標座標 [S09_BATCH2 0929]; verdict=CONFIRMED-NEEDS-DECISION || body live at aoutarm.cpp:3328; needs #include aoutarm.h; ST02 Q-RATIO (changes Out-Arm XY targets); sorting-bin-tray feature only (options P27 / E55) || gate_id=TODO(W7)
A4-001	a4_standin_family	Motor/mymotor.cpp:1925-2581	Motor/mymotor.cpp trailing constant-stub block (:2548-2581) + Y1/Y2 checks (:1925-1933)	(see members)	SortArm* (9046AU sort arm), CatchMgzTrayMove (Magazine), TrayMoveHome / TrayArmContinuousMoveForOCR (OCR), ShuttleSensorContinuousMove, ServoOnAllMOT (no caller), SaveLog (no caller), RecordIndexPositionError, Check_Y1/Y2_* (Index arm) are constant stubs while golden runs 20-265 line motion/IO state machines; each is option-limited (feature modules not translated)	25 a1 stubs + 5 a2 abbreviated + 0 seams + 2 gates in these files; 13 with live callers; 7 held	13 member stubs have live callers	n/a (family row)	MOTION	see member rows	60	[review=manual] verdict=CONFIRMED-OPTION || golden Motor/mymotor.cpp:4547 CatchMgzTrayMove, :4609 ServoOnAllMOT, :4848 RecordIndexPositionError, :5585-6554 Y checks, :6018-6334 SortArm*
A3-001	a3_macro_seam	csystem.cpp:4188	AutoTrayCylinderFree -> W7C2_AutoTrayCylinderFree	csystem.cpp:12705-12717 (6 stmts)	golden AutoTrayCylinderFree() (csystem.cpp:12705-12717) turns Off Cylinder[C_TrayY_Fixer], C_LoaderEdgePush, C_LoaderUpPress and, for every Auto tray, C_AutoSide_Fixer / C_AutoEdgePush / C_AutoUpPress at one-cycle finish; the call at csystem.cpp:5253 (DoOneCycleFinishCheck, K_RETRY branch) runs the empty stub W7C2_AutoTrayCylinderFree because the #undef is only at :23532	EMPTY stub (0 stmts); #define AutoTrayCylinderFree W7C2_AutoTrayCylinderFree	yes (1 call sites between #define and #undef read the stub) e.g. csystem.cpp:5253 in DoOneCycleFinishCheck	yes: real body csystem.cpp:23587(6 stmts) (already live; the seam hides it from the call sites above)	IO_OUT	real body exists: yes	88	[review=manual] seam id=- src=same-file/own scan undef=23532; verdict=CONFIRMED-OPTION || real body csystem.cpp:23587 is live and identical (NB2 measured 0 diff); call is under `if(IniConfig.bEnableUnloadTrayFree)` (ASE_KH option, csystem.cpp:5252); effect: the rail clamp / tray press cylinders stay pushed after a one-cycle so the operator pulls a clamped tray; NB2 seam list 20260925 verdict 'remove, but with a person at the machine' || DOUBLE-APPLY HAZARD: do not copy golden text into the stub; retire the #define/stub so callers reach the real body
B-010	b_gate_expired	csystem.cpp:18898-18903	HasAreaOverAmbientTemp	csystem.cpp:808-809	golden csystem.cpp:808-809 `if(HasAreaOverAmbientTemp_DUT(dTemp)) return true;` = the DUT / Socket-Base half of the 'still above ambient' test; without it HasAreaOverAmbientTemp() reports cool while the DUT heaters are hot, and the 0930-lifted uHeaterThread.cpp:1514/1651 write SW[SwDutHeaterCoolFan] from that truncated predicate	gated by IF0; #else arm: EMPTY (0 stmts)	yes (2 callers of enclosing HasAreaOverAmbientTemp)	no (0/1 statements found live elsewhere)	IO_OUT	callees 1/1 ok(def 1, macro 0, sys/undeclared 0); objects 0/0 present	88	[review=manual] ST02 row 1836 [MEDIUM]: KEEP (motor / IO): laptop [S09_FREED_STATUS 0930]; verdict=CONFIRMED-NEEDS-DECISION || premise 'no definition anywhere' (2026-08-09) is stale: HasAreaOverAmbientTemp_DUT is defined at csystem.cpp:22454 and declared csystem.h:233; ship build only (#ifndef SOFT_SIMULTE at :18848); ST02 row 1836 KEEP '(motor / IO): laptop'; tests/test_i115b_lifted.cpp covers head channels only || gate_id=G02
A3-002	a3_macro_seam	csystem.cpp:9879	PrePushLoaderCylinder -> W7G3_PrePushLoaderCylinder	uhome.cpp:967-999 (8 stmts)	golden PrePushLoaderCylinder(bReset) taps the Loader lifter cylinders twice before the first pick (only when IniConfig.bP05_LoaderCylinderPreOn); csystem.cpp:10165/11004/11017 call the stub W7G3_PrePushLoaderCylinder which returns true at once	RETLIT stub (1 stmts); #define PrePushLoaderCylinder W7G3_PrePushLoaderCylinder	yes (3 call sites between #define and #undef read the stub) e.g. csystem.cpp:10165 in DoReTesetStart	yes: real body uhome.cpp:388(8 stmts) (already live; the seam hides it from the call sites above)	IO_OUT	real body exists: yes	85	[review=manual] seam id=A-SEAM-17 src=both undef=None; verdict=CONFIRMED-OPTION || the stub comment's premise ('uhome.cpp is not in the ported tree') expired: real body is live at uhome.cpp:388 (8 stmts); effect only with option P05 || DOUBLE-APPLY HAZARD: do not copy golden text into the stub; retire the #define/stub so callers reach the real body
B-011	b_gate_expired	csystem.cpp:19308-19312	DoHeaterOn	csystem.cpp:1158	golden csystem.cpp:1158 DoSwCoolingFan(HasAreaOverAmbientTemp()) on the heater-fan-stuck branch (WAR1637) is skipped: SW[SwCoolingFan_Blower] / Cylinder[C_CoolingValve] are not driven there (the alarm itself still fires)	gated by IF0; #else arm: EMPTY (0 stmts)	no callers found for enclosing DoHeaterOn	no (0/1 statements found live elsewhere)	IO_OUT	callees 2/2 ok(def 2, macro 0, sys/undeclared 0); objects 0/0 present	85	[review=manual] ST02 row 1838 [MEDIUM]: KEEP (motor / IO): laptop [S09_FREED_STATUS 0930]; verdict=CONFIRMED-NEEDS-DECISION || G04: premise 'DoSwCoolingFan has no compiled body' is stale -- defined csystem.cpp:24787 (declared csystem.h:224) but it has ZERO live callers: all 7 call sites (csystem.cpp:19309/19432/19466/19644/19648/19662 + uHeaterThread.cpp:541 GATE 5) sit in #if 0 (measured 20261001 00:27 with git grep for DoSwCoolingFan call syntax, tests and docs excluded); ST02 KEEP '(motor / IO): laptop'; IO_OUT (vortex cooling valve / blower) || gate_id=G04
B-012	b_gate_expired	csystem.cpp:19431-19435	DoHeaterOn	csystem.cpp:1217	golden csystem.cpp:1217 DoSwCoolingFan(HasAreaOverAmbientTemp()) on the bEMG branch tail is skipped: SW[SwCoolingFan_Blower] / Cylinder[C_CoolingValve] are not driven there (the alarm itself still fires)	gated by IF0; #else arm: EMPTY (0 stmts)	no callers found for enclosing DoHeaterOn	no (0/1 statements found live elsewhere)	IO_OUT	callees 2/2 ok(def 2, macro 0, sys/undeclared 0); objects 0/0 present	85	[review=manual] ST02 row 1841 [MEDIUM]: KEEP (motor / IO): laptop [S09_FREED_STATUS 0930]; verdict=CONFIRMED-NEEDS-DECISION || G07: premise 'DoSwCoolingFan has no compiled body' is stale -- defined csystem.cpp:24787 (declared csystem.h:224) but it has ZERO live callers: all 7 call sites (csystem.cpp:19309/19432/19466/19644/19648/19662 + uHeaterThread.cpp:541 GATE 5) sit in #if 0 (measured 20261001 00:27 with git grep for DoSwCoolingFan call syntax, tests and docs excluded); ST02 KEEP '(motor / IO): laptop'; IO_OUT (vortex cooling valve / blower) || gate_id=G07
B-013	b_gate_expired	csystem.cpp:19465-19469	DoHeaterOn	csystem.cpp:1241	golden csystem.cpp:1241 DoSwCoolingFan(HasAreaOverAmbientTemp()) on the heater-door-open branch is skipped: SW[SwCoolingFan_Blower] / Cylinder[C_CoolingValve] are not driven there (the alarm itself still fires)	gated by IF0; #else arm: EMPTY (0 stmts)	no callers found for enclosing DoHeaterOn	no (0/1 statements found live elsewhere)	IO_OUT	callees 2/2 ok(def 2, macro 0, sys/undeclared 0); objects 0/0 present	85	[review=manual] ST02 row 1842 [MEDIUM]: KEEP (motor / IO): laptop [S09_FREED_STATUS 0930]; verdict=CONFIRMED-NEEDS-DECISION || G08: premise 'DoSwCoolingFan has no compiled body' is stale -- defined csystem.cpp:24787 (declared csystem.h:224) but it has ZERO live callers: all 7 call sites (csystem.cpp:19309/19432/19466/19644/19648/19662 + uHeaterThread.cpp:541 GATE 5) sit in #if 0 (measured 20261001 00:27 with git grep for DoSwCoolingFan call syntax, tests and docs excluded); ST02 KEEP '(motor / IO): laptop'; IO_OUT (vortex cooling valve / blower) || gate_id=G08
B-014	b_gate_expired	csystem.cpp:19661-19665	DoHeaterOn	csystem.cpp:1337	golden csystem.cpp:1337 DoSwCoolingFan(HasAreaOverAmbientTemp()) on the temperature ladder is skipped: SW[SwCoolingFan_Blower] / Cylinder[C_CoolingValve] are not driven there (the alarm itself still fires)	gated by IF0; #else arm: EMPTY (0 stmts)	no callers found for enclosing DoHeaterOn	no (0/1 statements found live elsewhere)	IO_OUT	callees 2/2 ok(def 2, macro 0, sys/undeclared 0); objects 0/0 present	85	[review=manual] ST02 row 1847 [MEDIUM]: KEEP (motor / IO): laptop [S09_FREED_STATUS 0930]; verdict=CONFIRMED-NEEDS-DECISION || G12b: premise 'DoSwCoolingFan has no compiled body' is stale -- defined csystem.cpp:24787 (declared csystem.h:224) but it has ZERO live callers: all 7 call sites (csystem.cpp:19309/19432/19466/19644/19648/19662 + uHeaterThread.cpp:541 GATE 5) sit in #if 0 (measured 20261001 00:27 with git grep for DoSwCoolingFan call syntax, tests and docs excluded); ST02 KEEP '(motor / IO): laptop'; IO_OUT (vortex cooling valve / blower) || gate_id=G12b
B-015	b_gate_expired	uHeaterThread.cpp:540-542	CheckHeater	uHeaterThread.cpp:173	golden uHeaterThread.cpp:173 DoSwCoolingFan(false) at the top of CheckHeater (chamber cooling fan / valve forced off each pass) is skipped; DoSwCoolingFan is now defined (csystem.cpp:24787) but no live code calls it	gated by IF0; nothing replaces it (the statements simply do not happen)	yes (1 callers of enclosing CheckHeater)	no (0/1 statements found live elsewhere)	IO_OUT	callees 1/1 ok(def 1, macro 0, sys/undeclared 0); objects 0/0 present	82	[review=manual] ST02 row 991 [LOW]: KEEP: compiles, reviewed by hand in the 0930 stale scan (design decision / heater, temperature, vacuum or Rotate file) [STALE_SCAN 0930]; verdict=CONFIRMED-NEEDS-DECISION || GATE 5 premise 'no body in the port' stale (same as the csystem.cpp G04/G07/G08/G12b sites); ST02 row 991 KEEP 'design decision / heater' (STALE_SCAN 0930) || gate_id=5
A3-003	a3_macro_seam	aoutarm.cpp:575	ClearFixTray -> PTW4_ClearFixTray	csystem.cpp:15853-15913 (25 stmts)	golden ClearFixTray(i,Str,3) (csystem.cpp:15853-15913; action 3 = MOT[iMMAuto[i]].SetNullIcToHasIc()) marks a full / half-full Fix tray so the out arm moves on; `#define ClearFixTray PTW4_ClearFixTray` makes the 3 call sites in SetFixTrayFullIC (aoutarm.cpp:1424/1429/1436) run an empty static stub	EMPTY stub (0 stmts); #define ClearFixTray PTW4_ClearFixTray	yes (3 call sites between #define and #undef read the stub) e.g. aoutarm.cpp:1424 in SetFixTrayFullIC	yes: real body csystem.cpp:13570(23 stmts) (already live; the seam hides it from the call sites above)	STATE	real body exists: yes	93	[review=manual] seam id=A-SEAM-14 src=both undef=None; verdict=CONFIRMED || real body csystem.cpp:13570 is live; the stub's own comment says 'full Fix tray never retired: DO NOT SHIP'; reachable when TrayForm.iFixTrayMode!=0 (Fix-tray mode) via aoutarm9045.cpp:4215; recorded since GL_S0b_SHADOW_AUDIT.md:668 / DEVLOG.md:5620 (20260810), still open || DOUBLE-APPLY HAZARD: do not copy golden text into the stub; retire the #define/stub so callers reach the real body
A1-006	a1_stub_body	ainarm9045.cpp:776-784	SetShuttleToHasNullIC_9045	ainarm9045.cpp:343-383	golden :343-383 marks every NULL_IC cell of the closed shuttle's FLCarryKit/BLCarryKit (or the half selected by iKit) as HAS_NULL_IC; the port body is (void)iSht;(void)iKit; with the golden text replaced by an empty '#if 0 TODO(W7)' whose comment claims 'offline no-op'	EMPTY body{} (only (void)x)	yes (26 certain, 0 possible) e.g. ainarm9045.cpp:3864 in SetClosedShtKitToHasNullIC_9045	no (0/3 checked)	STATE	callees 1/1 ok(def 1, macro 0, sys/undeclared 0); objects 3/3 present	92	[review=manual] verdict=CONFIRMED || 26 live call sites: SetClosedShtKitToHasNullIC_9045 (ainarm9045.cpp:3864-3917, real body) and ainarm9045_1x1_1.cpp:1000/1004/1330/1334, ainarm9045_1x2_4_Hot.cpp:1376/1380; deps FLCarryKit/BLCarryKit.Item/SetItemData present; St02 KEEP 'placeholder gate' (RESCAN 0930) || in-function gates: 778-783 TODO(W7) [KEEP: placeholder gate -- the #if 0 holds only a comment; golden ai...] || match=L1-samefile flip=same in_cmake=True || port comment calls it a stub/offline
B-016	b_gate_placeholder	ainarm9045.cpp:778-783	SetShuttleToHasNullIC_9045	ainarm9045.cpp:345-384 (file assumed = port file)	placeholder '#if 0' holding only a comment for golden :345-384 (see A1 SetShuttleToHasNullIC_9045)	gated by IF0; #else arm: EMPTY_VC (2 stmts) (void)iSht; (void)iKit;	yes (26 callers of enclosing SetShuttleToHasNullIC_9045)	no (0/0 statements found live elsewhere)	STATE	callees 0/0 ok(def 0, macro 0, sys/undeclared 0); objects 0/0 present	92	[review=manual] ST02 row 1484 [MEDIUM]: KEEP: placeholder gate -- the #if 0 holds only a comment; golden ainarm9045.cpp:345-384 (FLCarryKit / BLCarryKit HAS_NULL_IC marks) is not translated yet [RE...; verdict=CONFIRMED || gate_id=TODO(W7)
A1-007	a1_stub_body	Automation/auto9045.cpp:378	W5FA_TfCounterClearExt::ClearCount	cCounterClear.cpp:116-392	host 'clear counters' (DoClearReportRequest, auto9045.cpp:1783-1805) calls the no-op stand-in W5FA_FCounterClear.ClearCount; golden fCounterClear->ClearCount(type) is 97 statements and now exists for real (cCounterClear.cpp:119, global cCounterClear.cpp:26)	EMPTY body{}	possible (64, obj not resolvable) e.g. Automation/auto9045.cpp:1788 in DoClearReportRequest [obj=W5FA_FCounterClear]	YES live 4/4, e.g. cCounterClear.cpp:316 in TfCounterClear::ClearCount [same-name family]	STATE	callees 11/11 ok(def 11, macro 0, sys/undeclared 0); objects 10/10 present	88	[review=manual] verdict=CONFIRMED || same family as the other W5FA_ stand-ins; 6 call sites auto9045.cpp:1788-1805; INBOX 125 did not include this one || match=L5-standin-class flip=same in_cmake=True || port comment calls it a stub/offline || same-name real def elsewhere: cCounterClear.cpp:119
A2-001	a2_abbreviated_body	Automation/auto9045.cpp:2028-2049	GetSortingCount	Automation/auto9045.cpp:1638-1659	statement-for-statement copy of golden except that every read goes through a TU-local zero/blank stand-in (W5FA_FObserver / W5FA_LS_BinCT): the OLP report answers OK with zeros/blanks -- coverage 0.10-0.25 is the stand-in prefix, not missing lines	ABBREVIATED body (22 of 22 lines): 1/10 (10%) of golden's distinct statements exist live anywhere in the port; 0% only under #if 0/alt arm; 10% in this function	yes (1 certain, 0 possible) e.g. Automation/automation.cpp:2457 in TfAutomation::SendReportRequest	no (0/4 checked)	STATE	callees 0/0 ok(def 0, macro 0, sys/undeclared 0); objects 2/2 present	85	[review=manual] verdict=CONFIRMED || see the three A3 rows for the stand-ins || scope: feature:sort arm || match=L1-samefile flip=same in_cmake=True
B-017	b_gate_expired	ainarm9045.cpp:6336-6338	AddLoadingCount	ainarm9045.cpp:2630	golden ainarm9045.cpp:2630 RestoreLoadeIC(iTrayRow) after AutoSkipHasIClog re-marks the Loader's last row HAS_IC so it is picked once more; the call is gated as 'no port body and no declaration'	gated by IF0; nothing replaces it (the statements simply do not happen)	yes (2 callers of enclosing AddLoadingCount)	no (0/1 statements found live elsewhere)	STATE	callees 1/1 ok(def 1, macro 0, sys/undeclared 0); objects 0/0 present	80	[review=manual] ST02 row 1528 [MEDIUM]: KEEP: still missing RestoreLoadeIC (flip-compile, main 8e5a1b1b + gw) [RESCAN 0930]; DECL-ONLY: every name ST02 calls missing has a live definition (declonly_scan); verdict=CONFIRMED-OPTION || body IS live at ainarm2.cpp:2689 (golden ainarm2.cpp:3660-3725); no header declares it, so ST02 row 1528 flip-compile says 'still missing' -- the gap is one extern line; the body only acts when IniConfig.bE62TryPickLastRow (ainarm2.cpp:2691) || gate_id=W7D-K2-G04
A3-004	a3_macro_seam	csystem.cpp:4163	DoAutoRetest -> W7C2_DoAutoRetest	AutoRetest.cpp:50-399 (124 stmts)	golden DoAutoRetest(true) kicks the SCK auto-retest sequence in DoART_AfterCleanOut; csystem.cpp:6075/6121/6138/6147 call the empty stub W7C2_DoAutoRetest (#undef at :6261)	EMPTY stub (0 stmts); #define DoAutoRetest W7C2_DoAutoRetest	yes (4 call sites between #define and #undef read the stub) e.g. csystem.cpp:6075 in DoART_AfterCleanOut	yes: real body AutoRetest.cpp:365(124 stmts) (already live; the seam hides it from the call sites above)	STATE	real body exists: yes	80	[review=manual] seam id=A-SEAM-12 src=both undef=6261; verdict=CONFIRMED-OPTION || real body AutoRetest.cpp:365 (124 stmts) is live; only for ART lots (LastSet.iRunStartMode ART) || DOUBLE-APPLY HAZARD: do not copy golden text into the stub; retire the #define/stub so callers reach the real body
A3-005	a3_macro_seam	Automation/auto9045.cpp:144	ChangeSite -> W5FA_ChangeSite	cinitial.cpp:12074-13491 (806 stmts)	golden ChangeSite() (806 stmts: re-derives every per-site structure after the site map changes) is an empty TU stub at the Automation SetMapping command (auto9045.cpp:889)	EMPTY stub (0 stmts); #define ChangeSite W5FA_ChangeSite	yes (1 call sites between #define and #undef read the stub) e.g. Automation/auto9045.cpp:889 in SetMapping	yes: real body cinitial.cpp:17547(805 stmts) (already live; the seam hides it from the call sites above)	STATE	real body exists: yes	75	[review=manual] seam id=A-SEAM-34 src=both undef=None; verdict=CONFIRMED-OPTION || real body cinitial.cpp:17547 live; host SetMapping command only; INBOX 125 retired 7 of 11 W5FA_ stand-ins, these are among the rest || DOUBLE-APPLY HAZARD: do not copy golden text into the stub; retire the #define/stub so callers reach the real body
B-018	b_gate_expired	csystem.cpp:519-525	IsSafeLockCheck	csystem.cpp:16502-16506	golden csystem.cpp:16502-16506 `if(Tri_Temp_Machine==1){ if(IsTriSafeDoor6LockCheck()) return true; }` inside IsSafeLockCheck(): on HT-1032 TriTemp machines the SafeDoor-6 lock test is part of the safe-lock decision; `#if 0` drops it	gated by IF0; nothing replaces it (the statements simply do not happen)	yes (7 callers of enclosing IsSafeLockCheck)	yes: 2/2 statements already live elsewhere, e.g. FileRW/IniConfig.gen.inc:4749	STATE	callees 1/1 ok(def 1, macro 0, sys/undeclared 0); objects 0/0 present	75	[review=manual] ST02 row 1766 [MEDIUM]: KEEP: still missing IsTriSafeDoor6LockCheck (flip-compile, main 8e5a1b1b + gw) [RESCAN 0930]; DECL-ONLY: every name ST02 calls missing has a live definition (declonly_scan); verdict=CONFIRMED-OPTION || two stale claims: (1) 'no TempCtrl directory / symbol does not exist' -- TempCtrl/TriTemp.cpp:989 defines it, declared TempCtrl/TriTemp.h:72, csystem.cpp:28483 forward-declares it and csystem.cpp:29498 already calls it; (2) the in-place comment csystem.cpp:464-476 says Tri_Temp_Machine is 'never assigned' but database.cpp:1639 assigns it from Gerneral.ini [System] Tri_Temp_Machine (measured 20261001 00:26: git grep -n -E 'Tri_Temp_Machine *(=[^=])'), so the gate is NOT behaviour-neutral on a TriTemp machine; ST02 row 1766 KEEP 'still missing' = declaration only (forward decl sits 28483, below the use at 522) || gate_id=TODO(W7-TriTemp)
A3-006	a3_macro_seam	csystem.cpp:4190	EmptySocketCheckModeBeUse -> W7C2_EmptySocketCheckModeBeUse	csystem.cpp:23313-23325 (3 stmts)	golden EmptySocketCheckModeBeUse() = (LastSet.iTester!=0 && IniConfig.bI41EnableEmptySocketCheck && !bDoEmptySocketCheck && !bDoEmptySocketOneCycle); the stub returns false so DoOneCycleFinishCheck:5335 never starts the RFMD empty-socket check	RETLIT stub (1 stmts); #define EmptySocketCheckModeBeUse W7C2_EmptySocketCheckModeBeUse	yes (1 call sites between #define and #undef read the stub) e.g. csystem.cpp:5335 in DoOneCycleFinishCheck	yes: real body csystem.cpp:28561(3 stmts) (already live; the seam hides it from the call sites above)	STATE	real body exists: yes	75	[review=manual] seam id=- src=same-file/own scan undef=28465; verdict=CONFIRMED-OPTION || real body csystem.cpp:28561 (3 stmts) after #undef at :28465; only with option I41 || DOUBLE-APPLY HAZARD: do not copy golden text into the stub; retire the #define/stub so callers reach the real body
A3-007	a3_macro_seam	Automation/auto9045.cpp:153	DoStructUnitConvert -> W5FA_DoStructUnitConvert	cUnitConvert.cpp:243-260 (7 stmts)	golden DoStructUnitConvert() (6 *Convert calls) is an empty TU stub at the Automation SetMapping command (auto9045.cpp:891)	EMPTY stub (0 stmts); #define DoStructUnitConvert W5FA_DoStructUnitConvert	yes (1 call sites between #define and #undef read the stub) e.g. Automation/auto9045.cpp:891 in SetMapping	yes: real body cUnitConvert.cpp:675(7 stmts) (already live; the seam hides it from the call sites above)	STATE	real body exists: yes	70	[review=manual] seam id=A-SEAM-35 src=both undef=None; verdict=CONFIRMED-OPTION || real body cUnitConvert.cpp:675 live || DOUBLE-APPLY HAZARD: do not copy golden text into the stub; retire the #define/stub so callers reach the real body
A3-008	a3_macro_seam	csystem.cpp:2535	VerifyNeedDoAlignment -> W7C1_VerifyNeedDoAlignment	AutoAlignment/AutoAlignment.cpp:8962-8995 (13 stmts)	golden VerifyNeedDoAlignment(Tray,Kit,bSet) decides In/Out-arm CCD auto-alignment before start / after one-cycle / after HOME; 4 live call sites (csystem.cpp:3806/5436/7395/9580) run an empty stub	EMPTY stub (0 stmts); #define VerifyNeedDoAlignment W7C1_VerifyNeedDoAlignment	yes (4 call sites between #define and #undef read the stub) e.g. csystem.cpp:3806 in DoCleanOutFinishCheck	no real body found	STATE	real body exists: no	70	[review=manual] seam id=- src=same-file/own scan undef=None; verdict=CONFIRMED-OPTION || NO real body anywhere in the port (AutoAlignment module untranslated: golden AutoAlignment/AutoAlignment.cpp:8962, 13 stmts); comment at csystem.cpp:2531 already calls the stub 'an unlabelled gate'; only with MACHINE_HAS_AUTO_ALIGNMENT_CCD && TestIF.bEnableAutoAlignment || DOUBLE-APPLY HAZARD: do not copy golden text into the stub; retire the #define/stub so callers reach the real body
A4-002	a4_standin_family	forms/fMain.cpp:237-553	forms/fMain.cpp TfMain shells (15 stubs, 13 with live callers)	(see members)	SetLotState (COMM to tester), ReStartAutoSiteMapping, CleanYieldCount, JSCC_ResetForShuttleLoseIC, ResetRecordforPiggyBack, LightOn, ShowTestHeadComp, Reset, Start (deliberately {} : StartFromWeb is the wired path), ChangeLevelAttr, LoadTestModePicture, MainFormChange ... are empty bodies while golden main.cpp has 10-1875 statements; SetLotState is the only one on the tester path with no owner in INBOX 77/89	15 a1 stubs + 6 a2 abbreviated + 0 seams + 0 gates in these files; 19 with live callers; 2 held	19 member stubs have live callers	n/a (family row)	STATE	see member rows	70	[review=manual] verdict=CONFIRMED || INBOX_QUEUE 69/77/89; RULINGS_20260930 #5 keeps RESET unwired
A3-009	a3_macro_seam	aoutarm.cpp:577	CheckMagazineBufferNeedClear -> PTW4_CheckMagazineBufferNeedClear	csystem.cpp:24055-24081 (7 stmts)	golden CheckMagazineBufferNeedClear() (clean-out: flags Fix/Magazine trays that still hold data) is an empty static stub at the 2 CheckOutArmCleanOut call sites (aoutarm.cpp:804/820)	EMPTY stub (0 stmts); #define CheckMagazineBufferNeedClear PTW4_CheckMagazineBufferNeedClear	yes (2 call sites between #define and #undef read the stub) e.g. aoutarm.cpp:804 in CheckOutArmCleanOut	yes: real body csystem.cpp:29418(7 stmts) (already live; the seam hides it from the call sites above)	STATE	real body exists: yes	65	[review=manual] seam id=A-SEAM-18 src=both undef=None; verdict=CONFIRMED-OPTION || real body csystem.cpp:29418 live; Magazine option only || DOUBLE-APPLY HAZARD: do not copy golden text into the stub; retire the #define/stub so callers reach the real body
A3-010	a3_macro_seam	aoutarm.cpp:579	CheckPickerLifeNeedOneCycle -> PTW4_CheckPickerLifeNeedOneCycle	csystem.cpp:12774-12808 (12 stmts)	golden CheckPickerLifeNeedOneCycle() (SCC picker-life alarm -> bNeedOneCycleByPickerLifeAlm) is an empty static stub at aoutarm.cpp:4110	EMPTY stub (0 stmts); #define CheckPickerLifeNeedOneCycle PTW4_CheckPickerLifeNeedOneCycle	yes (1 call sites between #define and #undef read the stub) e.g. aoutarm.cpp:4110 in SwapShuttleDataToOutArm	yes: real body csystem.cpp:13516(12 stmts) (already live; the seam hides it from the call sites above)	STATE	real body exists: yes	65	[review=manual] seam id=A-SEAM-24 src=both undef=None; verdict=CONFIRMED-OPTION || real body csystem.cpp:13516 live; only with CosFunction.bPickerLifeAlmNeedOneCycle && IniConfig.bO20InOutArmPickerLifeTimeCount || DOUBLE-APPLY HAZARD: do not copy golden text into the stub; retire the #define/stub so callers reach the real body
A3-011	a3_macro_seam	asendic_Auto.cpp:402	GetBundleInfo -> W7L1A_GetBundleInfo	cpublic.cpp:2016-2180 (56 stmts)	golden GetBundleInfo(iAuto) builds the KYEC cover-tray bundle JSON (cJSON, 56 stmts); the TU stub returns "" at asendic_Auto.cpp:2111/2153/2194	RETLIT stub (1 stmts); #define GetBundleInfo W7L1A_GetBundleInfo	yes (3 call sites between #define and #undef read the stub) e.g. asendic_Auto.cpp:2111 in DoAutoReceiveBinTray	yes: real body cpublic.cpp:2340 (already live; the seam hides it from the call sites above)	STATE	real body exists: yes	60	[review=manual] seam id=A-SEAM-15 src=both undef=None; verdict=CONFIRMED-OPTION || NO real body in the port (cpublic.cpp:2328 body is itself gated GA1-B3); KYEC customer only || DOUBLE-APPLY HAZARD: do not copy golden text into the stub; retire the #define/stub so callers reach the real body
A1-008	a1_stub_body	forms/fMain.cpp:444	TfMain::CleanYieldCount	main.cpp:30329-30357	golden CleanYieldCount() clears the continuous-PASS / contact-over counters when CosFunction.bPiggyBackShowMainForm; port body {}	EMPTY body{}	yes (1 certain, 0 possible) e.g. csystem.cpp:5185 in DoOneCycleFinishCheck	YES live 3/4, e.g. WebBridgeTags.cpp:3473 in W906_CounterRefreshTick	STATE	callees 0/0 ok(def 0, macro 0, sys/undeclared 0); objects 3/3 present	60	[review=manual] verdict=CONFIRMED-OPTION || callers csystem.cpp:5185 DoOneCycleFinishCheck; INBOX_QUEUE 77 (customer option) || match=L2-anyfile flip=same in_cmake=True || port comment calls it a stub/offline
A3-012	a3_macro_seam	AutoRetest.cpp:300	W906ART_FMAIN_CHANGETEMPMODE -> W906ART_ChangeTempMode	no same-name golden function found by index	golden fMain->ChangeTempMode(iMode,bManual,bRefresh) returns 0 in the GPIB_SetData ART path (AutoRetest.cpp:1966)	RETLIT stub (1 stmts); #define W906ART_FMAIN_CHANGETEMPMODE W906ART_ChangeTempMode	yes (1 call sites between #define and #undef read the stub) e.g. AutoRetest.cpp:1966 in GPIB_SetData	no real body found	STATE	real body exists: no	55	[review=manual] seam id=- src=same-file/own scan undef=None; verdict=CONFIRMED-OPTION || TfMain::ChangeTempMode has a body now (Command.cpp callers parked for the laptop) || DOUBLE-APPLY HAZARD: do not copy golden text into the stub; retire the #define/stub so callers reach the real body
A3-013	a3_macro_seam	asendic_Auto.cpp:396	EditTray -> W7L1A_EditTray	uTrayEditForm.cpp:33-59 (8 stmts)	golden EditTray(MotorIndexIndex,iHasMap) opens the tray editor; empty TU stub at asendic_Auto.cpp:2833 (CheckHasErrorBinOnTray)	EMPTY stub (0 stmts); #define EditTray W7L1A_EditTray	yes (1 call sites between #define and #undef read the stub) e.g. asendic_Auto.cpp:2833 in CheckHasErrorBinOnTray	yes: real body TrayEditForm.cpp:535(10 stmts) (already live; the seam hides it from the call sites above)	STATE	real body exists: yes	55	[review=manual] seam id=A-SEAM-25 src=both undef=None; verdict=CONFIRMED-OPTION || real body TrayEditForm.cpp:535 live (S-10, St02) || DOUBLE-APPLY HAZARD: do not copy golden text into the stub; retire the #define/stub so callers reach the real body
A3-014	a3_macro_seam	csystem.cpp:4165	MySleep -> W7C2_MySleep	common.cpp:1793-1796 (1 stmts)	golden MySleep(100) (::Sleep) inside DoART_AfterCleanOut runs the empty stub W7C2_MySleep (3 sites, csystem.cpp:6092/6111/6164)	EMPTY stub (0 stmts); #define MySleep W7C2_MySleep	yes (3 call sites between #define and #undef read the stub) e.g. csystem.cpp:6092 in DoART_AfterCleanOut	yes: real body TesterComm/Rs232/Rs232Globals.cpp:856(1 stmts), common.cpp:2201(1 stmts) (already live; the seam hides it from the call sites above)	STATE	real body exists: yes	55	[review=manual] seam id=A-SEAM-10 src=both undef=26489; verdict=CONFIRMED-OPTION || timing only; ART path only || DOUBLE-APPLY HAZARD: do not copy golden text into the stub; retire the #define/stub so callers reach the real body
A1-009	a1_stub_body	forms/fMain.cpp:407	TfMain::JSCC_ResetForShuttleLoseIC	main.cpp:32719-32823	golden JSCC_ResetForShuttleLoseIC() turns shuttle/arm/socket ICs whose vacuum was lost into error bins (customer JSCC); port {}	EMPTY body{}	yes (2 certain, 0 possible) e.g. acarry.cpp:2793 in ShowOutputShuttleICStatus_M204	no (0/4 checked)	STATE	callees 3/3 ok(def 3, macro 0, sys/undeclared 0); objects 6/6 present	55	[review=manual] verdict=CONFIRMED-OPTION; docs:GL_S0_STUB_LEDGER(Aug26) || callers acarry.cpp:2728/2793; customer code; INBOX_QUEUE 77 || match=L2-anyfile flip=same in_cmake=True || port comment calls it a stub/offline
A1-010	a1_stub_body	forms/fMain.cpp:408	TfMain::ResetRecordforPiggyBack	main.cpp:7708-7804	golden ResetRecordforPiggyBack() turns Kit ICs into error bin after a conditional error (piggy-back option); port {}	EMPTY body{}	yes (7 certain, 0 possible) e.g. aTester_Front.cpp:2100 in DoFrontTestSuckIC	YES live 2/4, e.g. Automation/auto9045.cpp:2908 in GetTestResult_ASE_KR	STATE	callees 5/5 ok(def 5, macro 0, sys/undeclared 0); objects 8/8 present	55	[review=manual] verdict=CONFIRMED-OPTION; docs:GL_S0_STUB_LEDGER(Aug26) || 7 live callers; INBOX_QUEUE 77 || match=L2-anyfile flip=same in_cmake=True || port comment calls it a stub/offline
A3-015	a3_macro_seam	asendic_Loader.cpp:309	EditTray -> W7L1L_EditTray	uTrayEditForm.cpp:33-59 (8 stmts)	golden EditTray: empty TU stub at asendic_Loader.cpp:1514	EMPTY stub (0 stmts); #define EditTray W7L1L_EditTray	yes (1 call sites between #define and #undef read the stub) e.g. asendic_Loader.cpp:1514 in DoSupplyNewICTray	yes: real body TrayEditForm.cpp:535(10 stmts) (already live; the seam hides it from the call sites above)	STATE	real body exists: yes	50	[review=manual] seam id=A-SEAM-27 src=both undef=None; verdict=CONFIRMED-OPTION || real body TrayEditForm.cpp:535 || DOUBLE-APPLY HAZARD: do not copy golden text into the stub; retire the #define/stub so callers reach the real body
A4-003	a4_standin_family	Automation/auto9045.cpp:171-172	Automation W5FA_LS_BinCT / W5FA_LS_iJamCount (TU-local zero arrays)	Automation/auto9045.cpp:1204-1214 (GetJamCount), :1638-1659 (GetSortingCount)	OLP report 0004 (GetSortingCount, per-tray IC counts) and JAM_COUNT_INQUIRE (GetJamCount) read `static W5FA_LS_BinCT[4][256]={{0}}` / `W5FA_LS_iJamCount[3]={0,0,0}` that nothing writes; the real LastSet.BinCT (LastSet.h:179) and LastSet.iJamCount (LastSet.h:255) exist, so the host is told 0 for every bin/jam count. Gate #5 premise (auto9045.cpp:166-170) 'not yet on the minimal LAST_GENERAL_SET shim' is stale	2 TU-local static arrays (never written) feeding GetSortingCount (9 values) and GetJamCount	4 member stubs have live callers	n/a (family row)	COMM	see member rows	88	[review=manual] verdict=CONFIRMED || readers auto9045.cpp:1598/1602/2030-2046/3419; callers automation.cpp:1416/2457; golden auto9045.cpp:1638 GetSortingCount, LastSet.h:106/182
A4-004	a4_standin_family	Automation/auto9045.cpp:255-267	Automation W5FA_FObserver (TU-local observer labels + Memo1 line)	Automation/auto9045.cpp:1184-1187 (GetSoftwareVersion), :1616-1636 (GetProductivity)	OLP report 0002 (GetProductivity: MUBF/MTBF, and for MTI/PTI model/power-on/running/product time/loading count) and VERSION_INQUIRE (GetSoftwareVersion) read a TU-local W5FA_TfObserverExt whose label captions and Memo1 line are never updated; the real fObserver (cObserver.cpp:3289 `new TfObserver()`, forms/fObserver.h:767-772/844/861/1196) has the same members and ProcessRunInfo writes labMUBA/labMTBA (cObserver.cpp:2395/2421), labModel (cObserver.cpp:3810)	TU-local W5FA_FObserver with 7 blank TPanel captions + Memo1Lines; the real facade is live and maintained	4 member stubs have live callers	n/a (family row)	COMM	see member rows	88	[review=manual] verdict=CONFIRMED || readers auto9045.cpp:1576/2010-2022/2235; callers automation.cpp:1387/2447; golden auto9045.cpp:1616 GetProductivity
A4-005	a4_standin_family	Automation/auto9045.cpp:155-164	Automation W5FA_ArmData_* (per-site counters return 0)	Automation/auto9045.cpp:1661-1715 (GetSocketCount), :1717-1773 (GetHeadCount)	OLP reports 0004/0005/0006 (GetSocketCount / GetHeadCount: per-site Total, SelBinCT per bin, IFError, PassCT) read four `return 0;` stand-ins; ArmData[k]->ArmSKET[i][j]->Get*() is fully translated (cSocket.h:99/158, cSocket.cpp:357/410 - 63 of 63 golden functions) and already used by Command.cpp:16696 and FileRW/MainRecord.cpp:293. Gate #4 premise 'TArm/TMySocket not translated at all' (auto9045.cpp:155-160) is stale	4 constant-0 stand-in functions	4 member stubs have live callers	n/a (family row)	COMM	see member rows	88	[review=manual] verdict=CONFIRMED || 16+ read sites auto9045.cpp:2059-2150; callers automation.cpp:2461 (GetSocketCount) and GetHeadCount dispatch
B-019	b_gate_expired	csystem.cpp:16550-16552	DoSystem	csystem.cpp:4394	golden csystem.cpp:4394 DoSystem calls RecordSafeDoorStates() every tick (golden body csystem.cpp:2833-3042, 58 stmts): while the machine is NOT started it emits 'Safe Door n is Opened/Closed' DB messages and the SECS safe/heater/chamber/hatchway door events, sets bIsOpenDoorNeedSetErrBin (option A36, Microchip) and tracks the door flags; the port never calls it	gated by IF0; nothing replaces it (the statements simply do not happen)	yes (1 callers of enclosing DoSystem)	no (0/1 statements found live elsewhere)	COMM	callees 1/1 ok(def 1, macro 0, sys/undeclared 0); objects 0/0 present	85	[review=manual] ST02 row 1821 [MEDIUM]: KEEP (IO / safety door): RecordSafeDoorStates [S09_FREED_STATUS 0930]; verdict=CONFIRMED || gate G11 premise 'declared but defined nowhere' is stale: the body is live at csystem.cpp:21388 (declared csystem.h); its own sub-gates G25/G26/G27/G28 (Gerneral.ini timestamp writes = write-policy, EmptySocketCheck/ResetForESC, Monitor video) stay separate; ST02 row 1821 KEEP '(IO / safety door)'; runs only while SystemStart is false (csystem.cpp:21404), so event reporting + flags, not an interlock || gate_id=G11
A1-011	a1_stub_body	forms/fMain.cpp:553	TfMain::SetLotState	main.cpp:15160-15407	golden SetLotState(iState): TCP_IP_MODE -> LOTNUMBER,<lot>,FT/RT / LOTEND / LOTSTART / GETOSSETUP to the tester (fTesterTCP->SendTCPIPCommand); GPIB_MODE -> ART step bookkeeping + lot-status message to the GPIB program; HANA ART iState==8 also WriteLastDataFile(false); port body is {}	EMPTY body{}	yes (10 certain, 0 possible) e.g. Automation/uRENESAS_Server.cpp:924 in TRENESAS_Server::DoProcess	YES live 1/4, e.g. Command.cpp:17642 in TfMain::TCPCommandServerClientRead	COMM	callees 18/19 ok(def 17, macro 0, sys/undeclared 1); DECL-ONLY(no body) [SendTCPIPCommand]; objects 22/22 present	85	[review=manual] verdict=CONFIRMED || 10 live callers (csystem.cpp:7961/7972/7996 'TSMC GPIB Lot End', Command.cpp:17675/17738, uRENESAS_Server.cpp:924, AutoRetest ...); dependency exists under another name: golden fTesterTCP->SendTCPIPCommand = TesterTCPSocket_SendTCPIPCommand (Interface/TesterTCP_Socket.cpp:331, golden TesterTCP.cpp:241-274); KNOWN: listed as an empty shell in docs/D005_TFMAIN_TESTMODE_WRITERS_20260927.md:62 and INBOX_QUEUE 77, and planned as GPIB 'P2 handler wiring' (docs/GPIB_20260926_INTEGRATION_PROPOSAL.md:238) -- no owner or date found; the tester never gets LOTSTART/LOTEND from the handler side || match=L2-anyfile flip=same in_cmake=True || port comment calls it a stub/offline
B-020	b_gate_expired	csystem.cpp:19860-19865	IsEMGPressed	csystem.cpp:1442-1443	golden :1442-1443 ATCInterfaceForm->SendCommToATC7(ATC_EMG_DOWN,"","") on the handler-EMG path is skipped -> the ATC keeps heating/cooling through an EMG	gated by IF0; #else arm: EMPTY (0 stmts)	yes (6 callers of enclosing IsEMGPressed)	no (0/1 statements found live elsewhere)	COMM	callees 1/1 ok(def 1, macro 0, sys/undeclared 0); objects 1/1 present	80	[review=manual] ST02 row 1849 [MEDIUM]: KEEP (HIGH / motor / IO): laptop [S09_FREED_STATUS 0930]; verdict=CONFIRMED-NEEDS-DECISION || header-visibility gate only (clWhite collision when including ATC/ATCInterface.h); SendCommToATC7 and ATC_EMG_DOWN are real; St02 KEEP '(HIGH / motor / IO): laptop'; G-ATC-C (EMG_UP, :19908) is the twin || gate_id=G-ATC-B
A3-016	a3_macro_seam	csystem.cpp:4186	ReadWriteBinCountMode -> W7C2_ReadWriteBinCountMode	csystem.cpp:23641-23767 (42 stmts)	golden ReadWriteBinCountMode(false) writes D:\HT9045\system\BinCount.txt (Bin1/Bin2.. counts) after one-cycle finish and tray feed; csystem.cpp:5176/5233/8167 call the empty stub because #undef is only at :28466	EMPTY stub (0 stmts); #define ReadWriteBinCountMode W7C2_ReadWriteBinCountMode	yes (3 call sites between #define and #undef read the stub) e.g. csystem.cpp:5176 in DoOneCycleFinishCheck	yes: real body csystem.cpp:28971(42 stmts) (already live; the seam hides it from the call sites above)	FILE_WRITE	real body exists: yes	88	[review=manual] seam id=A-SEAM-13 src=both undef=28466; verdict=CONFIRMED || real body csystem.cpp:28971 (42 stmts) is live after the #undef; boot read / close write exist in FileRW/MainBoot.cpp:81 and MainClose.cpp:128, so only the mid-run persistence is lost || DOUBLE-APPLY HAZARD: do not copy golden text into the stub; retire the #define/stub so callers reach the real body
A3-017	a3_macro_seam	Automation/auto9045.cpp:127	MyForceDirectories -> W5FA_MyForceDirectories	common.cpp:1667-1721 (17 stmts)	TU-local MyForceDirectories keeps 4 of golden's 17 stmts (no trailing-backslash / file-component detection added 20260505, no error record)	OTHER stub (4 stmts); #define MyForceDirectories W5FA_MyForceDirectories	yes (5 call sites between #define and #undef read the stub) e.g. Automation/auto9045.cpp:877 in SetMapping	yes: real body EventLogAnalysis/ElaFileUtil.cpp:168(11 stmts), TesterComm/Rs232/Rs232Globals.cpp:861(8 stmts) (already live; the seam hides it from the call sites above)	FILE_WRITE	real body exists: yes	35	[review=manual] seam id=A-SEAM-11 src=both undef=None; verdict=CONFIRMED-OPTION || directory creation only; 5 call sites || DOUBLE-APPLY HAZARD: do not copy golden text into the stub; retire the #define/stub so callers reach the real body
A3-018	a3_macro_seam	Automation/automation.cpp:113	MyForceDirectories -> W906Auto_MyForceDirectories	common.cpp:1667-1721 (17 stmts)	same abbreviated TU-local MyForceDirectories (2 sites)	OTHER stub (4 stmts); #define MyForceDirectories W906Auto_MyForceDirectories	yes (2 call sites between #define and #undef read the stub) e.g. Automation/automation.cpp:998 in TfAutomation::SaveRecord	yes: real body EventLogAnalysis/ElaFileUtil.cpp:168(11 stmts), TesterComm/Rs232/Rs232Globals.cpp:861(8 stmts) (already live; the seam hides it from the call sites above)	FILE_WRITE	real body exists: yes	30	[review=manual] seam id=A-SEAM-22 src=both undef=None; verdict=CONFIRMED-OPTION || DOUBLE-APPLY HAZARD: do not copy golden text into the stub; retire the #define/stub so callers reach the real body
A2-002	a2_abbreviated_body	Automation/auto9045.cpp:2006-2026	GetProductivity	Automation/auto9045.cpp:1616-1636	statement-for-statement copy of golden except that every read goes through a TU-local zero/blank stand-in (W5FA_FObserver / W5FA_LS_BinCT): the OLP report answers OK with zeros/blanks -- coverage 0.10-0.25 is the stand-in prefix, not missing lines	ABBREVIATED body (21 of 21 lines): 3/12 (25%) of golden's distinct statements exist live anywhere in the port; 0% only under #if 0/alt arm; 25% in this function	yes (1 certain, 0 possible) e.g. Automation/automation.cpp:2447 in TfAutomation::SendReportRequest	YES live 1/4, e.g. Automation/auto9045.cpp:1595 in GetJamCount	DISPLAY	callees 0/0 ok(def 0, macro 0, sys/undeclared 0); objects 1/1 present	85	[review=manual] verdict=CONFIRMED || see the three A3 rows for the stand-ins || match=L1-samefile flip=same in_cmake=True
A2-003	a2_abbreviated_body	uhome.cpp:425-616	DoTopBtmHome	uhome.cpp:1004-1173	64 stmts/170 lines; calls: DoLockRotate, On, GetRotateIs0, ShowMyMessage, ProcessSingleMotorHome, ShowLed ...	ABBREVIATED body (192 of 170 lines): 7/45 (16%) of golden's distinct statements exist live anywhere in the port; 84% only under #if 0/alt arm; 9% in this function	yes (2 certain, 0 possible) e.g. uhome.cpp:2246 in ProcessMotorHome	gated-only 4/4, e.g. uhome.cpp:170 (alt-arm)	MOTION	callees 8/12 ok(def 8, macro 0, sys/undeclared 0); ABSENT [DoLockRotate, GetRotateIs0, DoMoveFixedSeatXY2RotatePos, DoRotate]; objects 6/6 present	72	[review=auto] || in-function gates: 454-613 W906-HOME-C2-TOPBTMAOI [NOT REVIEWED: HELD (laptop EP / HOME)] || match=L1-samefile flip=same in_cmake=True
A2-004	a2_abbreviated_body	BarCode/BarCode_Shuttle1_Scan.cpp:277-281	ShowMyMessageBox_YES_SKIP	mymessbox.cpp:1286-1349	36 stmts/64 lines; calls: Close, StopAllMotor, FTCTManStartUnlock, ShowModal, MyDBIProcess	ABBREVIATED body (5 of 64 lines): 6/39 (15%) of golden's distinct statements exist live anywhere in the port; 8% only under #if 0/alt arm; 0% in this function	yes (2 certain, 0 possible) e.g. BarCode/BarCode_Shuttle1_Scan.cpp:792 in DoBarcodeTriggerInShuttle_1	no (0/4 checked)	MOTION	callees 5/5 ok(def 5, macro 0, sys/undeclared 0); objects 3/3 present	70	[review=auto] || match=L2-anyfile flip=same in_cmake=True || port comment calls it a stub/offline
A2-005	a2_abbreviated_body	EtherCAT/MyEtherCAT.cpp:620-695	OpenEtherCatMastCard	EtherCAT/MyEtherCAT.cpp:421-488	28 stmts/68 lines; calls: Acm_DevClose, Acm_GetAvailableDevs, IntToHex, Acm_DevOpen, Acm_DevReOpen, MySleep ...	ABBREVIATED body (76 of 68 lines): 6/28 (21%) of golden's distinct statements exist live anywhere in the port; 79% only under #if 0/alt arm; 14% in this function	yes (2 certain, 0 possible) e.g. EtherCAT/MyEtherCAT.cpp:267 in TMyEtherCAT::tmrReadInputDataTimer	gated-only 3/4, e.g. EtherCAT/MyEtherCAT.cpp:151 (alt-arm)	MOTION	callees 7/9 ok(def 4, macro 0, sys/undeclared 3); ABSENT [Acm_DevReOpen, Acm_DevEnableEvent]; objects 0/0 present	69	[review=auto] docs:other-docs || scope: feature:MN200/EtherCAT card || match=L1-samefile flip=same in_cmake=True
A2-006	a2_abbreviated_body	canary_support.cpp:208-221	ShowMyMessageBox_YES_NO	mymessbox.cpp:1009-1069	32 stmts/61 lines; calls: Close, StopAllMotor, FTCTManStartUnlock, ShowModal, MyDBIProcess	ABBREVIATED body (14 of 61 lines): 7/35 (20%) of golden's distinct statements exist live anywhere in the port; 6% only under #if 0/alt arm; 0% in this function	yes (19 certain, 0 possible) e.g. FileRW/MainClick.cpp:1247 in W906_Main_TempModeOp	no (0/4 checked)	MOTION	callees 5/5 ok(def 5, macro 0, sys/undeclared 0); objects 3/3 present	68	[review=auto] docs:RULINGS || match=L2-anyfile flip=same in_cmake=True || port comment calls it a stub/offline
A1-012	a1_stub_body	aoutarm9045_2x8_32.cpp:2083-2168	DoPlaceToAutoForAutoTeachOffset_9045_2x8_32	aoutarm9045_2x8_32.cpp:1690-1766	40 stmts/77 lines; calls: IsRun, GetState, MoveOutArmToAutoSafe, DoMoveOutArmXYToPlaceForAutoTeachOffset_9045_2x8_32, Pause, DoNext	constant: return 1;	yes (1 certain, 0 possible) e.g. aoutarm9045_2x8_32.cpp:3178 in DoOutArm_9045_2x8_32	gated-only 4/4, e.g. aoutarm9045_2x8_32.cpp:88 (alt-arm)	MOTION	callees 3/6 ok(def 3, macro 0, sys/undeclared 0); ABSENT [IsRun, GetState, DoNext]; objects 1/2 present; OBJ-ABSENT [fAutoTeach]	63	[review=auto] || in-function gates: 2090-2167 TODO(W7) [KEEP: still missing fAutoTeach (flip-compile, main 8e5a1b1b + gw) [...] || match=L1-samefile flip=same in_cmake=True || port comment calls it a stub/offline
A1-013	a1_stub_body	aoutarm9045_2x8_8.cpp:2216-2302	DoPlaceToAutoForAutoTeachOffset_9045_2x8_8	aoutarm9045_2x8_8.cpp:1907-1983	40 stmts/77 lines; calls: IsRun, GetState, MoveOutArmToAutoSafe, DoMoveOutArmXYToPlaceForAutoTeachOffset_9045_2x8_8, Pause, DoNext	constant: return 1;	yes (1 certain, 0 possible) e.g. aoutarm9045_2x8_8.cpp:3208 in DoOutArm_9045_2x8_8	gated-only 4/4, e.g. aoutarm9045_2x8_32.cpp:88 (alt-arm)	MOTION	callees 3/6 ok(def 3, macro 0, sys/undeclared 0); ABSENT [IsRun, GetState, DoNext]; objects 1/2 present; OBJ-ABSENT [fAutoTeach]	63	[review=auto] || in-function gates: 2226-2301 TODO(W7) [KEEP: still missing fAutoTeach (flip-compile, main 8e5a1b1b + gw) [...] || match=L1-samefile flip=same in_cmake=True || port comment calls it a stub/offline
A1-014	a1_stub_body	aoutarm_shims.cpp:105	DoPickFromMagazineBuffer	Magazine.cpp:1086-1421	106 stmts/336 lines; calls: IfUseOnebyOne, InitialFix3CanFullTask, SearchTrayToPick_Buffer, IsATK_AMR, FullIC, CheckUseFixBinBoxFunction ...	constant: return true;	yes (27 certain, 0 possible) e.g. aoutarm9045S_1x4_4.cpp:2474 in DoOutArm_9045S_1x4_4	YES live 1/4, e.g. aoutarm9045.cpp:4215 in VerifyFixTrayLink	MOTION	callees 21/27 ok(def 21, macro 0, sys/undeclared 0); ABSENT [SetOutArm_9045_Pick_Buffer, AddLoadingCount_Buffer, CheckBuffIsSameBin, ArmFinish_Pick_Buffer, OutArmFinish_2x3_6, DoBufferTraySkipProcess_9045]; objects 11/11 present	60	[review=auto] || scope: feature:magazine/AMR || match=L2-anyfile flip=same in_cmake=True || port comment calls it a stub/offline
A1-015	a1_stub_body	acatchtray_shims.cpp:76	TfTrayMapping::DoLaserScanFromLoader	cTrayMapping.cpp:4972-5296	113 stmts/325 lines; calls: GetAOI, RestoreLoaderYSpeedRaw, Off, WriteLaserScanFlowLog, DumpLaserScanState, CloseAllSocket ...	constant: return false;	yes (2 certain, 0 possible) e.g. acatchtray.cpp:6585 in DoCatchTray	YES live 1/4, e.g. OCRInsp.cpp:490 in MoveTrayArmOCRCCDToLoaderStage	MOTION	callees 22/26 ok(def 22, macro 0, sys/undeclared 0); DECL-ONLY(no body) [WriteLaserScanFlowLog, CloseAllSocket, ReleaseLoaderBreak, RecordErrorMsgLaser]; objects 3/6 present; OBJ-ABSENT [lbTaskLDC, iAutoHomeTimeout, cbAutoLearning]	58	[review=auto] docs:GL_S0_STUB_LEDGER(Aug26) || scope: feature:CCD/tray-map || match=L2-anyfile flip=same in_cmake=True
A1-016	a1_stub_body	BarCode/BarCode_Shuttle1_CCDScan.cpp:293-300	CCD1_ShowMyMessageBox_YES_SKIP	mymessbox.cpp:1286-1349	36 stmts/64 lines; calls: Close, StopAllMotor, FTCTManStartUnlock, ShowModal, MyDBIProcess	constant: return 0;	yes (1 same-file call sites; file-local static, other TUs bind to the real function) e.g. BarCode/BarCode_Shuttle1_CCDScan.cpp:2286 in BarCode_DoBarcodeCCDInShuttle_1	no (0/4 checked)	MOTION	callees 5/5 ok(def 5, macro 0, sys/undeclared 0); objects 3/3 present	57	[review=auto] || scope: feature:CCD/tray-map || match=L3-arity-mismatch flip=same in_cmake=True || port comment calls it a stub/offline
A1-017	a1_stub_body	BarCode/BarCode_Shuttle2_CCDScan.cpp:205-208	Gated_ShowMyMessageBox_YES_SKIP	mymessbox.cpp:1286-1349	36 stmts/64 lines; calls: Close, StopAllMotor, FTCTManStartUnlock, ShowModal, MyDBIProcess	constant: return 0;	yes (3 certain, 0 possible) e.g. BarCode/BarCode_Shuttle2_CCDScan.cpp:2582 in BarCode_DoBarcodeCCDInShuttle_2	no (0/4 checked)	MOTION	callees 5/5 ok(def 5, macro 0, sys/undeclared 0); objects 3/3 present	57	[review=auto] || scope: feature:CCD/tray-map || match=L3-arity-mismatch flip=same in_cmake=True || port comment calls it a stub/offline
A1-018	a1_stub_body	BarCode/BarCode_Shuttle2_Scan.cpp:124-127	Gated_ShowMyMessageBox_YES_SKIP	mymessbox.cpp:1286-1349	36 stmts/64 lines; calls: Close, StopAllMotor, FTCTManStartUnlock, ShowModal, MyDBIProcess	constant: return 0;	yes (3 certain, 0 possible) e.g. BarCode/BarCode_Shuttle2_CCDScan.cpp:2582 in BarCode_DoBarcodeCCDInShuttle_2	no (0/4 checked)	MOTION	callees 5/5 ok(def 5, macro 0, sys/undeclared 0); objects 3/3 present	57	[review=auto] || match=L3-arity-mismatch flip=same in_cmake=True || port comment calls it a stub/offline
A1-019	a1_stub_body	BarCode/BarCode_Shuttle2_ScanRemainder1.cpp:144-147	Gated_ShowMyMessageBox_YES_SKIP	mymessbox.cpp:1286-1349	36 stmts/64 lines; calls: Close, StopAllMotor, FTCTManStartUnlock, ShowModal, MyDBIProcess	constant: return 0;	yes (3 certain, 0 possible) e.g. BarCode/BarCode_Shuttle2_CCDScan.cpp:2582 in BarCode_DoBarcodeCCDInShuttle_2	no (0/4 checked)	MOTION	callees 5/5 ok(def 5, macro 0, sys/undeclared 0); objects 3/3 present	57	[review=auto] || match=L3-arity-mismatch flip=same in_cmake=True || port comment calls it a stub/offline
A2-007	a2_abbreviated_body	canary_support.cpp:157-178	ShowMyMessage	mymessbox.cpp:761-864	39 stmts/104 lines; calls: MyDBIProcess, Close, StopAllMotor, Clear, Add, ReadEncoderPos ...	ABBREVIATED body (22 of 104 lines): 20/46 (44%) of golden's distinct statements exist live anywhere in the port; 0% only under #if 0/alt arm; 0% in this function	yes (1118 certain, 0 possible) e.g. ATC/ATCInterface.cpp:2113 in TATCInterfaceForm::ATC7_ServerSocketClientRead	YES live 1/4, e.g. tools/wb_serve.cpp:7999 in W906_MbServoOffInArmLikeGolden	MOTION	callees 11/11 ok(def 11, macro 0, sys/undeclared 0); objects 9/9 present	57	[review=auto] docs:NB2-seam-list(0925),INBOX_QUEUE || match=L2-anyfile flip=same in_cmake=True
A1-020	a1_stub_body	csystem.cpp:9910	W7G3_DoMagazineTrayFeed	Magazine.cpp:3159-3291	45 stmts/133 lines; calls: IsOff, ShowErrorMessage, ClearTray, Off, InitialCatchTrayChangeTray, IsOn ...	constant: return false;	yes (1 certain, 0 possible) e.g. csystem.cpp:12353 in DoTrayFeed [via #define DoMagazineTrayFeed]	no (0/4 checked)	MOTION	callees 13/18 ok(def 13, macro 0, sys/undeclared 0); ABSENT [DoCatchTrayChangeTray, InitialMagazineUpDown, DoMagazineUpDown, InitialDoMagazineScanHasTray, DoMagazineScanHasTray]; objects 4/5 present; OBJ-ABSENT [htMagazineTrayFeed]	56	[review=auto] docs:other-docs || scope: feature:magazine/AMR || match=L2-anyfile flip=same in_cmake=True || port comment calls it a stub/offline
A2-008	a2_abbreviated_body	canary_support.cpp:92-112	ShowErrorMessage	note.cpp:532-1048	148 stmts/517 lines; calls: MyDBIProcess, ShowATCSelfTestSatus, ShowATCAlarmPosition, BtnOneCycleClick, StopAllMotor, CheckRecordJamDrivingRecord ...	ABBREVIATED body (21 of 517 lines): 60/205 (29%) of golden's distinct statements exist live anywhere in the port; 3% only under #if 0/alt arm; 0% in this function	yes (1289 certain, 0 possible) e.g. AutoClean/AutoClean.cpp:1547 in CheckInSuckICFallDown	YES live 1/4, e.g. AutoClean/AutoClean.cpp:339 in SetTechDataToProd_AutoClean	MOTION	callees 22/33 ok(def 22, macro 0, sys/undeclared 0); DECL-ONLY(no body) [ShowATCSelfTestSatus, RecordLog_HS, AlarmLogXmlToFTP]; ABSENT [ShowErrorUnit, ShowErrSite, bCheckContAlarmNotUpload, SaveJamCodeFile, DoCheckTemperatureDuringIndexTesting, RecordControlBinCount, EachCycleSecondDo_SaveAndUpdateOEEFiles, SaveErrE...	55	[review=auto] docs:NB2-seam-list(0925),INBOX_QUEUE,handoff || match=L2-anyfile flip=same in_cmake=True
A2-009	a2_abbreviated_body	Motor/myEthercatmotor.cpp:1670-1771	TMyEtherCatMotor::EtherCatMotHome	Motor/myEthercatmotor.cpp:1289-1378	40 stmts/90 lines; calls: MotionDone, DecStop, InitMotor, SetHomeSpeed, Acm_SetProperty, SetSoftLimit ...	ABBREVIATED body (102 of 90 lines): 19/33 (58%) of golden's distinct statements exist live anywhere in the port; 42% only under #if 0/alt arm; 48% in this function	yes (1 certain, 0 possible) e.g. Motor/myEthercatmotor.cpp:1667 in TMyEtherCatMotor::HomeObject	gated-only 4/4, e.g. Motor/myEthercatmotor.cpp:637 (alt-arm)	MOTION	callees 14/17 ok(def 14, macro 0, sys/undeclared 0); ABSENT [Acm_SetProperty, Acm_AxMoveHome, Acm_AxGetState]; objects 1/1 present	53	[review=auto] || scope: feature:MN200/EtherCAT card || match=L1-samefile flip=same in_cmake=True
A1-021	a1_stub_body	acatchtray_shims.cpp:85	TfTrayMapping::DoTrayMapCCD	cTrayMapping.cpp:2389-2786	168 stmts/398 lines; calls: AddCCDTrayCommunicationLog, SendCCDTrayCommand, SetMSAndOn, Off, ShowTrayFunErrMsg, IsMoveInArm2XYToWait ...	constant: return false;	yes (3 certain, 0 possible) e.g. AutoRetest.cpp:623 in DoAutoRetest	no (0/4 checked)	MOTION	callees 10/15 ok(def 10, macro 0, sys/undeclared 0); DECL-ONLY(no body) [AddCCDTrayCommunicationLog, SendCCDTrayCommand, ShowTrayFunErrMsg, CCDTrayMap_Decoding, iComparUnloadIC]; objects 8/12 present; OBJ-ABSENT [TMAStartDelay, labTrayMapStatus, TMAExposureDelay, TMAResultDelay]	53	[review=auto] docs:GL_S0_STUB_LEDGER(Aug26) || scope: feature:CCD/tray-map || match=L2-anyfile flip=same in_cmake=True
A1-022	a1_stub_body	acatchtray_shims.cpp:84	TfTrayMapping::DoTrayIDCCD	cTrayMapping.cpp:1997-2375	180 stmts/379 lines; calls: AddCCDTrayCommunicationLog, SendCCDTrayCommand, SetMSAndOn, Off, ShowErrorMessage, IsMoveInArm2XYToWait ...	constant: return false;	yes (1 certain, 0 possible) e.g. acatchtray.cpp:7916 in DoCatchTray	no (0/4 checked)	MOTION	callees 13/21 ok(def 13, macro 0, sys/undeclared 0); DECL-ONLY(no body) [AddCCDTrayCommunicationLog, SendCCDTrayCommand, WriteTrayMapLog, SearchTrayMapFile, CCDTrayID_Decoding, AutoConnectNetwork, DoReadTrayData]; ABSENT [ShowMyInputTrayID]; objects 9/15 present; OBJ-ABSENT [TMAStartDelay, labTrayIDStatus, TMAExposu...	51	[review=auto] docs:GL_S0_STUB_LEDGER(Aug26),INBOX_QUEUE,AUDIT || scope: feature:CCD/tray-map || match=L2-anyfile flip=same in_cmake=True
A3-019	a3_macro_seam	csystem.cpp:9911	DoMagazineTrayFeed -> W7G3_DoMagazineTrayFeed	Magazine.cpp:3159-3291 (45 stmts)	golden DoMagazineTrayFeed has 45 statements	RETLIT stub (1 stmts); #define DoMagazineTrayFeed W7G3_DoMagazineTrayFeed	yes (1 call sites between #define and #undef read the stub) e.g. csystem.cpp:12353 in DoTrayFeed	no real body found	MOTION	real body exists: no	30	[review=auto] seam id=- src=same-file/own scan undef=None || DOUBLE-APPLY HAZARD: do not copy golden text into the stub; retire the #define/stub so callers reach the real body
B-021	b_gate_expired	Public/MyProductionRecord.cpp:552-559	TMyProductionRecord::AddInArmLoaderPickRecord	MyKitSuck.h:108	golden text as gated: AnsiString s=""; s.sprintf("%2.1f", InArmSuck.Suck[iSuckRow][iSuckCol].GetIOValue()); if(s=="999.9") asBuffer->Strings[eLoaderPickVacuum]="NA"; else asBuffer->Strings[...	gated by IF0; nothing replaces it (the statements simply do not happen)	yes (1 callers of enclosing TMyProductionRecord::AddInArmLoaderPickRecord)	yes: 1/4 statements already live elsewhere, e.g. Command.cpp:13416	IO_OUT	callees 1/1 ok(def 1, macro 0, sys/undeclared 0); objects 2/2 present	80	[review=auto] ST02 row 147 [LOW]: KEEP: compiles, but hardware (motor / IO) [RESCAN 0930] || gate_id=TODO(W-VacuumUnit)
B-022	b_gate_expired	Public/MyProductionRecord.cpp:567-574	TMyProductionRecord::AddOutArmShuttlePickRecord	MyKitSuck.h:108	golden text as gated: AnsiString s=""; s.sprintf("%2.1f", OutArmSuck.Suck[iSuckRow][iSuckCol].GetIOValue()); if(s=="999.9") asBuffer->Strings[eOSHTPickVacuum]="NA"; else asBuffer->Strings[e...	gated by IF0; nothing replaces it (the statements simply do not happen)	yes (1 callers of enclosing TMyProductionRecord::AddOutArmShuttlePickRecord)	yes: 1/4 statements already live elsewhere, e.g. Command.cpp:13416	IO_OUT	callees 1/1 ok(def 1, macro 0, sys/undeclared 0); objects 2/2 present	80	[review=auto] ST02 row 148 [LOW]: KEEP: compiles, but hardware (motor / IO) [RESCAN 0930] || gate_id=TODO(W-VacuumUnit)
B-023	b_gate_expired	Public/MyProductionRecord.cpp:608-615	TMyProductionRecord::AddInArmHotplatePickRecord	MyKitSuck.h:108	golden text VERBATIM in the gate: AnsiString s=""; s.sprintf("%2.1f", OutArmSuck.Suck[iSuckRow][iSuckCol].GetIOValue()); if(s=="999.9") asBuffer->Strings[eHPPickVacuum]="NA"; else asBuffer->Strings[eHP...	gated by IF0; nothing replaces it (the statements simply do not happen)	yes (4 callers of enclosing TMyProductionRecord::AddInArmHotplatePickRecord)	yes: 1/4 statements already live elsewhere, e.g. Command.cpp:13416	IO_OUT	callees 1/1 ok(def 1, macro 0, sys/undeclared 0); objects 2/2 present	80	[review=auto] ST02 row 149 [LOW]: KEEP: compiles, but hardware (motor / IO) [RESCAN 0930] || gate_id=TODO(W-VacuumUnit)
A2-010	a2_abbreviated_body	bthermo.cpp:3848-4354	DoSetSVOfOmronEJ1N	bthermo.cpp:3323-3784	205 stmts/462 lines; calls: GetFactSetTemp, Off, Status, CheckTempOffset, SetSecAndOn, HeaterSVLog ...	ABBREVIATED body (507 of 462 lines): 23/178 (13%) of golden's distinct statements exist live anywhere in the port; 86% only under #if 0/alt arm; 10% in this function	yes (1 certain, 0 possible) e.g. bthermo.cpp:1306 in DoThermo	YES live 2/4, e.g. bthermo.cpp:567 in ConvertGetTempOffset	IO_OUT	callees 8/9 ok(def 8, macro 0, sys/undeclared 0); DECL-ONLY(no body) [HeaterSVLog]; objects 10/11 present; OBJ-ABSENT [fOmron]	79	[review=auto] || in-function gates: 3919-3924 W7-UI [KEEP: still missing fOmron (flip-compile, main 8e5a1b1b + gw) [RESC...] | 3940-3956 W7 [KEEP: still missing FormHS (flip-compile, main 8e5a1b1b + gw) [RESC...] | 3972-4353 TODO(W7-UI G26b) [KEEP: still missing fOmron, IsNNMode (flip-compile, main 8e5a1b1b +...] || match=L1-samefile flip=same in_cmake=True || port comment calls it a stub/offline
B-024	b_gate_expired	csystem.cpp:25428-25490	H5-G3	csystem.cpp:24733-24793	golden text VERBATIM in the gate: void bScanFixPortState_Analog(int iPos) { int x, y; int iCountFix[3]={0, 0, 0}; int iFixTrayDetect[3]={SnFixedTray1Detect, SnFixedTray2Detect, SnFixedTray3Detect}; int...	gated by IF0; nothing replaces it (the statements simply do not happen)	no callers found for enclosing (file scope)	yes: 16/33 statements already live elsewhere, e.g. Automation/AGV_PortScan.cpp:653	IO_OUT	callees 5/5 ok(def 5, macro 0, sys/undeclared 0); objects 2/2 present	78	[review=auto] ST02 row 1876 [MEDIUM]: KEEP (S25 customer code in the block) [S09_FREED_STATUS 0930] || gate_id=H5-G3
A2-011	a2_abbreviated_body	bthermo.cpp:3688-3845	DoATC60Temperature	bthermo.cpp:3183-3320	52 stmts/138 lines; calls: GetFactSetTemp, Off, Status, SetTargetTemperature, SetTargetOffsetTemperature, SetATCRun ...	ABBREVIATED body (158 of 138 lines): 18/50 (36%) of golden's distinct statements exist live anywhere in the port; 62% only under #if 0/alt arm; 32% in this function	yes (1 certain, 0 possible) e.g. bthermo.cpp:1291 in DoThermo	YES live 1/4, e.g. bthermo.cpp:567 in ConvertGetTempOffset	IO_OUT	callees 10/10 ok(def 10, macro 0, sys/undeclared 0); objects 6/6 present	72	[review=auto] || in-function gates: 3766-3844 W7-UI [KEEP: still missing ATCInterfaceForm (flip-compile, main 8e5a1b1b +...] || match=L1-samefile flip=same in_cmake=True || port comment calls it a stub/offline
A2-012	a2_abbreviated_body	Motor/myEthercatmotor.cpp:404-649	TMyEtherCatMotor::InitMotor	Motor/myEthercatmotor.cpp:166-396	84 stmts/231 lines; calls: Open_Axis, IsOff, ShowMyMessage, Acm_AxResetError, IntToHex, ShowErrorMessage ...	ABBREVIATED body (246 of 231 lines): 13/62 (21%) of golden's distinct statements exist live anywhere in the port; 79% only under #if 0/alt arm; 19% in this function	yes (1 certain, 4 possible) e.g. Motor/myEthercatmotor.cpp:1763 in TMyEtherCatMotor::EtherCatMotHome	gated-only 3/4, e.g. Motor/myEthercatmotor.cpp:109 (alt-arm)	IO_OUT	callees 9/13 ok(def 9, macro 0, sys/undeclared 0); ABSENT [Acm_AxResetError, Acm_AxGetState, Acm_SetU32Property, Acm_SetF64Property]; objects 1/1 present	66	[review=auto] docs:other-docs || scope: feature:MN200/EtherCAT card || match=L1-samefile flip=same in_cmake=True || port comment calls it a stub/offline
A1-023	a1_stub_body	csystem_shims.cpp:147	DoAuto3Magazine	Magazine.cpp:1436-1978	176 stmts/543 lines; calls: IsOff, ShowErrorMessage, ClearTray, Off, ShowMyMessage, InitialCatchTrayChangeTray ...	EMPTY body{}	yes (1 certain, 0 possible) e.g. csystem.cpp:1957 in DoAllProcess	YES live 1/4, e.g. acatchtray.cpp:779 in WhichAutoNeedTray	IO_OUT	callees 20/24 ok(def 20, macro 0, sys/undeclared 0); ABSENT [InitialMagazineUpDown, DoCatchTrayGetNewTray, DoCatchTrayChangeTray, DoMagazineUpDown]; objects 8/9 present; OBJ-ABSENT [htMagGetNewTray]	60	[review=auto] docs:RULINGS || scope: feature:magazine/AMR || match=L2-anyfile flip=same in_cmake=True || port comment calls it a stub/offline
A2-013	a2_abbreviated_body	Automation/AGV_PortScan.cpp:655-691	bScanFixPortState_Analog	csystem.cpp:24733-24793	23 stmts/61 lines; calls: IsOff, IsOn, EventReport, bScanLoadPortState_Analog, bScanUnLoadPortState_Analog, bScanFixPortState_Analog	ABBREVIATED body (37 of 61 lines): 15/32 (47%) of golden's distinct statements exist live anywhere in the port; 53% only under #if 0/alt arm; 12% in this function	yes (3 certain, 0 possible) e.g. Automation/AGV_PortScan.cpp:341 in ScanLoadPort	YES live 2/4, e.g. Automation/AGV_PortScan.cpp:329 in ScanLoadPort	IO_OUT	callees 6/6 ok(def 6, macro 0, sys/undeclared 0); objects 2/2 present	55	[review=auto] || match=L2-anyfile flip=same in_cmake=True
A1-024	a1_stub_body	acatchtray_shims.cpp:82	TfTrayMapping::DoTrayIDKeyence2	cTrayMapping.cpp:4469-4582	56 stmts/114 lines; calls: AddKeyenceCommunicationLog, TrayArmMotorMove, SendKeyenceCommand, SetMSAndOn, Off, rand ...	constant: return false;	yes (4 certain, 0 possible) e.g. acatchtray.cpp:3815 in CatchNewTrayFromBuffer	no (0/4 checked)	IO_OUT	callees 5/7 ok(def 4, macro 0, sys/undeclared 1); DECL-ONLY(no body) [AddKeyenceCommunicationLog, SendKeyenceCommand]; objects 7/10 present; OBJ-ABSENT [TMAResultDelay, tCMDDelay, labTrayIDStatus]	55	[review=auto] docs:GL_S0_STUB_LEDGER(Aug26) || scope: feature:CCD/tray-map || match=L2-anyfile flip=same in_cmake=True
B-025	b_gate_expired	myswitch.cpp:33-41	TODO(W6)	n/a (gate does not cite a golden line)	golden text as gated: static void IOBitOn (int , int ) {} static void IOBitOff (int , int ) {} static bool IOOutBitStatus(int , int ) { return false; }	gated by IF0; #else arm: OTHER (3 stmts) extern void IOBitOn (int port, int bit); extern void IOBitOf	no callers found for enclosing (file scope)	yes: 1/4 statements already live elsewhere, e.g. ATC/ATCSystem.cpp:398	IO_OUT	callees 0/0 ok(def 0, macro 0, sys/undeclared 0); objects 0/0 present	55	[review=auto] ST02 row 2027 [HIGH]: NOT REVIEWED: HIGH tier (the laptop's); INBOX115=C-R(reference/retired) || gate_id=TODO(W6)
A1-025	a1_stub_body	acatchtray_shims.cpp:81	TfTrayMapping::DoTrayIDKeyence	cTrayMapping.cpp:4377-4466	43 stmts/90 lines; calls: AddKeyenceCommunicationLog, SendKeyenceCommand, SetMSAndOn, Off, ShowErrorMessage	constant: return false;	yes (1 certain, 0 possible) e.g. acatchtray.cpp:7932 in DoCatchTray	no (0/4 checked)	IO_OUT	callees 3/5 ok(def 3, macro 0, sys/undeclared 0); DECL-ONLY(no body) [AddKeyenceCommunicationLog, SendKeyenceCommand]; objects 3/5 present; OBJ-ABSENT [TMAResultDelay, labTrayIDStatus]	51	[review=auto] docs:GL_S0_STUB_LEDGER(Aug26) || scope: feature:CCD/tray-map || match=L2-anyfile flip=same in_cmake=True
A1-026	a1_stub_body	csystem.cpp:4187	W7C2_AutoTrayCylinderFree	csystem.cpp:12705-12717	6 stmts/13 lines; calls: Off	EMPTY body{}	yes (1 certain, 0 possible) e.g. csystem.cpp:5253 in DoOneCycleFinishCheck [via #define AutoTrayCylinderFree]	YES live 4/4, e.g. csystem.cpp:10241 in CheckAutoHasTray	IO_OUT	callees 1/1 ok(def 1, macro 0, sys/undeclared 0); objects 1/1 present	51	[review=auto] docs:other-docs || match=L1-samefile flip=absentB in_cmake=True || port comment calls it a stub/offline || same-name real def elsewhere: csystem.cpp:23587
B-026	b_gate_expired	cpublic.cpp:667-694	TODO(GA1-B3)	cpublic.cpp:534-558	golden text as gated: void TTLLog(AnsiString Message) { AnsiString Str; if(TestIF.iTestType==TTL_MODE || Message=="Close") { Str.sprintf("%s, ", Message); Str+=(SW[SwClear0].Status())?"1, "...	gated by IF0; nothing replaces it (the statements simply do not happen)	no callers found for enclosing (file scope)	yes: 2/17 statements already live elsewhere, e.g. cpublic.h:41	IO_OUT	callees 2/2 ok(def 2, macro 0, sys/undeclared 0); objects 3/3 present | link-boundary only: Status, AddTextWithDateTime	47	[review=auto] ST02 row 1982 [HIGH]: NOT REVIEWED: HIGH tier (the laptop's); INBOX115=C(reason still holds) || gate_id=TODO(GA1-B3)
A1-027	a1_stub_body	Automation/HANA_ART.cpp:1021-1091	uHANA_ART::SendTrayMapToFTP	Automation/HANA_ART.cpp:856-913	24 stmts/58 lines; calls: Connect, CheckLocalFilePath, MNetLog, ChangeDirectories, FileInfo, PathCombin ...	constant: return 0;	yes (2 certain, 0 possible) e.g. Automation/HANA_ART.cpp:828 in uHANA_ART::EndPrimeTest	gated-only 4/4, e.g. Automation/HANA_ART.cpp:47 (alt-arm)	STATE	callees 8/8 ok(def 8, macro 0, sys/undeclared 0); objects 5/5 present	85	[review=auto] || in-function gates: 1032-1090 D [KEEP: still missing HS_ERR_NoError, TfFTP, fFTP, NMOS_AUTO, MNetLog...] || scope: customer/feature-specific || match=L1-samefile flip=same in_cmake=True || port comment calls it a stub/offline
A1-028	a1_stub_body	Motor/mymotor.cpp:2794	InitialMaxMinValue	Motor/mymotor.cpp:5501-5516	17 stmts/16 lines; calls: GetTimeInfo, AddIndexPosLog, AddTextWithDateTime	EMPTY body{}	yes (1 certain, 0 possible) e.g. csystem.cpp:7481 in DoHomeProcess	no (0/4 checked)	STATE	callees 3/3 ok(def 3, macro 0, sys/undeclared 0); objects 1/1 present	85	[review=auto] docs:GL_S0_STUB_LEDGER(Aug26) || match=L1-samefile flip=same in_cmake=True
A1-029	a1_stub_body	ainarm_SearchPlacePlate.cpp:5005-5008	DoPlaceToHotPlate_9045	ainarm_SearchPlacePlate.cpp:4839-4948	29 stmts/110 lines; calls: DoPlaceToHotPlate_9045_1x1_1, DoPlaceToHotPlate_9045_1x2_2, DoPlaceToHotPlate_9045_1x2_2_14, DoPlaceToHotPlate_9045_1x2_4_Hot, DoPlaceToHotPlate_9045_1x3_2_14, DoPlaceToHotPlate_9045_1x3_4 ...	constant: return false;	yes (24 certain, 0 possible) e.g. ainarm9045S_1x4_4.cpp:2249 in DoInArm_9045S_1x4_4	YES live 1/4, e.g. ainarm9045.cpp:14081 in W906_GetShuttleColLadder	STATE	callees 25/25 ok(def 25, macro 0, sys/undeclared 0); objects 0/0 present	85	[review=auto] docs:INBOX_QUEUE,handoff || scope: feature:hot plate || match=L1-samefile flip=same in_cmake=True || port comment calls it a stub/offline
A1-030	a1_stub_body	cObserver.cpp:3085-3089	RecordMonitoringIndexCycleTime_New	cObserver.cpp:1777-1834	18 stmts/58 lines; calls: ShowErrorMessage	EMPTY body{}	yes (1 same-file call sites; file-local static, other TUs bind to the real function) e.g. cObserver.cpp:3137 in RecordEndTestTime	no (0/4 checked)	STATE	callees 1/1 ok(def 1, macro 0, sys/undeclared 0); objects 2/2 present	85	[review=auto] docs:NB2-seam-list(0925) || match=L1-samefile flip=same in_cmake=True || port comment calls it a stub/offline
A1-031	a1_stub_body	cObserver.cpp:4453-4512	TfObserver::DrawCenterLine	cObserver.cpp:1021-1076	31 stmts/56 lines; calls: MoveTo, LineTo	EMPTY body{} (only (void)x)	yes (3 certain, 0 possible) e.g. cObserver.cpp:4384 in TfObserver::StringGrid2DrawCell	YES live 1/4, e.g. FileRW/TestIF_File_SetUp.gen.inc:1758 in SU_ScrollBar1Change	STATE	callees 2/2 ok(def 1, macro 0, sys/undeclared 1); objects 1/1 present	85	[review=auto] || in-function gates: 4455-4511 FW3A-10 [KEEP: still missing pCanvas (flip-compile, main 8e5a1b1b + gw) [RES...] || match=L1-samefile flip=same in_cmake=True || port comment calls it a stub/offline
A2-014	a2_abbreviated_body	EtherCAT/MyNUEC1.cpp:440-560	TMyNUEC1::WriteSettingValue	EtherCAT/MyNUEC1.cpp:267-376	40 stmts/110 lines; calls: Acm_DevWriteSDOData, Acm_DevReadSDOData	ABBREVIATED body (121 of 110 lines): 6/31 (19%) of golden's distinct statements exist live anywhere in the port; 81% only under #if 0/alt arm; 16% in this function	yes (1 certain, 1 possible) e.g. EtherCAT/MyNUEC1.cpp:420 in TMyNUEC1::WriteSettingValue	gated-only 4/4, e.g. EtherCAT/MyNUEC1.cpp:130 (alt-arm)	STATE	callees 2/2 ok(def 0, macro 0, sys/undeclared 2); objects 0/0 present	81	[review=auto] || scope: feature:MN200/EtherCAT card || match=L1-samefile flip=same in_cmake=True
A1-032	a1_stub_body	aHotPlateSubstrate.cpp:1080-1081	TInLaserCheck::TInLaserCheck	OmronLaser/LaserSensorInArm.h:15-20	3 stmts/6 lines; calls:	EMPTY body{}	yes (1 certain, 0 possible) e.g. OmronLaser/LaserSensorInArm.h:37 in TInLaserCheck::TInLaserCheck	n/a (no distinctive golden statement)	STATE	callees 0/0 ok(def 0, macro 0, sys/undeclared 0); objects 0/0 present	81	[review=auto] || scope: feature:hot plate || match=L2-anyfile flip=same in_cmake=True || port comment calls it a stub/offline || same-name real def elsewhere: OmronLaser/LaserSensorInArm.h:37
B-027	b_gate_expired	BarcodeReader.cpp:116-118	TFormBarcodeReader::FormShow	n/a (gate does not cite a golden line)	golden text as gated: RegisterHotKey(Handle, 2, MOD_CONTROL, 'V');	gated by IF0; nothing replaces it (the statements simply do not happen)	yes (16 callers of enclosing TFormBarcodeReader::FormShow)	no (0/1 statements found live elsewhere)	STATE	callees 1/1 ok(def 0, macro 0, sys/undeclared 1); objects 0/0 present	80	[review=auto] ST02 row 9 [LOW]: KEEP: compiles, reviewed by hand in the 0930 stale scan (design decision / heater, temperature, vacuum or Rotate file) [STALE_SCAN 0930] || gate_id=B-W1
B-028	b_gate_expired	FileRW/HSys.cpp:114-123	HeaterInsOpt_Read	HSys.cpp:50-60 (file assumed = port file)	golden text VERBATIM in the gate: int iHeaterInsOpt_Old = CheckAndReadIniDataGeneral("TempCtrl","HEATER_CTRL_TYPE",KT4H); for(int iTypeIdx=0; iTypeIdx<eHeaterType_Count; ++iTypeIdx) { g_tHeaterInsInfo[...	gated by IF0; nothing replaces it (the statements simply do not happen)	yes (1 callers of enclosing HeaterInsOpt_Read)	no (0/4 statements found live elsewhere)	STATE	callees 2/2 ok(def 2, macro 0, sys/undeclared 0); objects 1/1 present	80	[review=auto] ST02 row 38 [LOW]: KEEP: 保留：Q15 裁決改寫，#if 0 是 golden 參考原文 [S09_ST01_BATCH1 0929]
B-029	b_gate_expired	MainTempMode.cpp:246-248	TfMain::ChangeTempMode	MainTempMode.cpp:21904 (file assumed = port file)	golden text as gated: fOffSet->ReadFile();	gated by IF0; nothing replaces it (the statements simply do not happen)	yes (5 callers of enclosing TfMain::ChangeTempMode)	yes: 1/1 statements already live elsewhere, e.g. tools/wb_serve.cpp:2998	STATE	callees 1/1 ok(def 1, macro 0, sys/undeclared 0); objects 1/1 present	80	[review=auto] ST02 row 53 [LOW]: KEEP: 問（像 HIGH） -- fOffSet->ReadFile 已經有了（cOffSet.cpp:367），但它會重讀手臂 offset／教點（馬達位置資料），也會寫檔（STD_*.Data、recipe ini）；ARM_OFFSET 陣列要先配好 → 問筆電 [S09_BATCH1 0929] || gate_id=dep-fOffSet-ReadFile
B-030	b_gate_expired	MyTempPanel.cpp:1050-1072	TMyTempPanel::edIndiviMouseDown	n/a (gate does not cite a golden line)	golden text VERBATIM in the gate: dTempMax=fTemp_Set->MaxTempSetting(); dTempMin=fTemp_Set->MinTempSetting(); if(Tri_Temp_Machine==1) { if(Buffer->Tag>=tcDUT1 && Buffer->Tag<=tcDUT4) { fQwertyKey->Show...	gated by IF0; nothing replaces it (the statements simply do not happen)	no callers found for enclosing TMyTempPanel::edIndiviMouseDown	yes: 4/9 statements already live elsewhere, e.g. Command.cpp:11308	STATE	callees 3/3 ok(def 3, macro 0, sys/undeclared 0); objects 3/3 present	80	[review=auto] ST02 row 120 [LOW]: KEEP: 問（行為） -- MaxTempSetting 和 fQwertyKey 已經有了，但 Tag 是關鍵：:1086 的 W19 註記說 Tag 的來源和編號系統不對，會用錯限值；而且解開會寫全域的 dTempMax／dTempMin [S09_BATCH1 0929] || gate_id=S
B-031	b_gate_expired	RotateKit/aRotateKIT_In.cpp:413-415	1	aRotateKIT_In.cpp:30 (file assumed = port file)	golden text as gated: int iInRotateFinish =0;	gated by IF0; nothing replaces it (the statements simply do not happen)	no callers found for enclosing (file scope)	yes: 1/1 statements already live elsewhere, e.g. acatchtray.cpp:138	STATE	callees 0/0 ok(def 0, macro 0, sys/undeclared 0); objects 0/0 present	80	[review=auto] ST02 row 1217 [MEDIUM]: KEEP: reason still holds -- iInRotateFinish is defined at acatchtray.cpp:139; lifting golden's own definition here = multiple definition at link (the syntax ... || gate_id=1
B-032	b_gate_expired	TempCtrl/TriTemp.cpp:586-588	DoTriTempState	TriTemp.cpp:77	golden text as gated: LowTempIdleCheckSafeDoor();	gated by IF0; nothing replaces it (the statements simply do not happen)	yes (1 callers of enclosing DoTriTempState)	no (0/1 statements found live elsewhere)	STATE	callees 1/1 ok(def 1, macro 0, sys/undeclared 0); objects 0/0 present	80	[review=auto] ST02 row 1328 [MEDIUM]: KEEP: compiles, reviewed by hand in the 0930 stale scan (design decision / heater, temperature, vacuum or Rotate file) [STALE_SCAN 0930] || gate_id=1
B-033	b_gate_expired	TempCtrl/TriTemp.cpp:799-801	fCheckDewPointStatus	TriTemp.cpp:281	golden text as gated: LowTempIdleCheckSafeDoor();	gated by IF0; nothing replaces it (the statements simply do not happen)	yes (1 callers of enclosing fCheckDewPointStatus)	no (0/1 statements found live elsewhere)	STATE	callees 1/1 ok(def 1, macro 0, sys/undeclared 0); objects 0/0 present	80	[review=auto] ST02 row 1329 [MEDIUM]: KEEP: compiles, reviewed by hand in the 0930 stale scan (design decision / heater, temperature, vacuum or Rotate file) [STALE_SCAN 0930] || gate_id=1
B-034	b_gate_expired	VacuumUnit/VacuumUnit.cpp:859-903	TfVacuumUnit::btnSetInArmClick	VacuumUnit.cpp:223 (file assumed = port file)	golden text as gated: TButton *Ptr; double dValue=0.0; Ptr=(TButton *)Sender; if(Ptr->Tag==0) { dValue=atof(edSetInArm->Text.c_str()); for(int iRow=0; iRow<2; iRow++) { for(int iCol=0; iCol...	gated by IF0; nothing replaces it (the statements simply do not happen)	no callers found for enclosing TfVacuumUnit::btnSetInArmClick	yes: 8/20 statements already live elsewhere, e.g. FileRW/Offset_File.gen.inc:3034	STATE	callees 1/1 ok(def 1, macro 0, sys/undeclared 0); objects 5/5 present	80	[review=auto] ST02 row 203 [LOW]: KEEP: compiles, but kept by a ruling written on the gate [RESCAN 0930]
B-035	b_gate_expired	WebLotInfo.cpp:237-241	ClearBarcodeListBody	WebLotInfo.cpp:10191 (file assumed = port file)	golden text as gated: fBarCode->SendCCDCommand(fBarCode->iBarCode1_1, "2DID by lot list");	gated by IF0; nothing replaces it (the statements simply do not happen)	no callers found for enclosing ClearBarcodeListBody	no (0/1 statements found live elsewhere)	STATE	callees 1/1 ok(def 1, macro 0, sys/undeclared 0); objects 1/1 present	80	[review=auto] ST02 row 204 [LOW]: KEEP: Steven 指示閘住、列給 Jimmy（CCD log 那一行要不要） [S09_ST01_BATCH2 0929]
B-036	b_gate_expired	aoutarm9045.cpp:325-330	GetOutArmCellPos	aoutarm9045.cpp:3836-3845 (file assumed = port file)	golden text as gated: iPitchPulse =MOT[MOutArmPitch ].ReadPos(); iPitchPulseY=MOT[MOutArmPitchY].ReadPos(); iBaseX =MOT[MOutArmX].ReadPos(); iBaseY =MOT[MOutArmY].ReadPos();	gated by IF0; nothing replaces it (the statements simply do not happen)	no callers found for enclosing GetOutArmCellPos	no (0/4 statements found live elsewhere)	STATE	callees 1/1 ok(def 1, macro 0, sys/undeclared 0); objects 1/1 present	80	[review=auto] ST02 row 1585 [MEDIUM]: KEEP (motor / IO / heater words in the block): laptop [S09_FREED_STATUS 0930] || gate_id=TODO(W7)
B-037	b_gate_expired	aoutarm9045.cpp:346-351	GetOutArmToShtCellPos	aoutarm9045.cpp:3850-3859 (file assumed = port file)	golden text as gated: iPitchPulse =MOT[MOutArmPitch ].ReadPos(); iPitchPulseY=MOT[MOutArmPitchY].ReadPos(); iBaseX =MOT[MOutArmX].ReadPos(); iBaseY =MOT[MOutArmY].ReadPos();	gated by IF0; nothing replaces it (the statements simply do not happen)	no callers found for enclosing GetOutArmToShtCellPos	no (0/4 statements found live elsewhere)	STATE	callees 1/1 ok(def 1, macro 0, sys/undeclared 0); objects 1/1 present	80	[review=auto] ST02 row 1586 [MEDIUM]: KEEP (motor / IO / heater words in the block): laptop [S09_FREED_STATUS 0930] || gate_id=TODO(W7)
B-038	b_gate_expired	aoutarm9045.cpp:815-819	DoOutArm_9045	aoutarm9045.cpp:460-526	golden text as gated: bool bDoOutArmAutoAlignment=false; if(bAutoNeedTrayMustFinish) { } else if(bRunOutArmAutoAlignment) { return; }	gated by IF0; nothing replaces it (the statements simply do not happen)	yes (1 callers of enclosing DoOutArm_9045)	yes: 1/3 statements already live elsewhere, e.g. csystem.cpp:2054	STATE	callees 0/0 ok(def 0, macro 0, sys/undeclared 0); objects 0/0 present	80	[review=auto] ST02 row 1587 [MEDIUM]: KEEP (motor / IO): laptop [S09_FREED_STATUS 0930] || gate_id=TODO(W7)
B-039	b_gate_expired	aoutarm9045.cpp:2024-2027	DoOutArmIonFanGiveWay	aoutarm9045.cpp:4692-4693	golden text as gated: bPlate1HasIC=MOT[MMPlate1].HasIC(); bPlate2HasIC=MOT[MMPlate2].HasIC();	gated by IF0; nothing replaces it (the statements simply do not happen)	yes (1 callers of enclosing DoOutArmIonFanGiveWay)	no (0/2 statements found live elsewhere)	STATE	callees 1/1 ok(def 1, macro 0, sys/undeclared 0); objects 1/1 present	80	[review=auto] ST02 row 1594 [MEDIUM]: KEEP (motor / IO / heater words in the block): laptop [S09_FREED_STATUS 0930] || gate_id=TODO(W7)
B-040	b_gate_expired	aoutarm9045.cpp:2217-2219	IsMotorArrival	aoutarm9045.cpp:3804	golden text as gated: iReadPos=MOT[iMot].ReadPos();	gated by IF0; nothing replaces it (the statements simply do not happen)	no callers found for enclosing IsMotorArrival	no (0/1 statements found live elsewhere)	STATE	callees 1/1 ok(def 1, macro 0, sys/undeclared 0); objects 1/1 present	80	[review=auto] ST02 row 1597 [MEDIUM]: KEEP (motor / IO / heater words in the block): laptop [S09_FREED_STATUS 0930] || gate_id=TODO(W7)
B-041	b_gate_expired	asortarm.cpp:775-779	CheckSortArmInitState	asortarm.cpp:243	golden text as gated: flag[i][j]=CheckSuckInitialStatus(OutArm2Suck, i, j);	gated by IF0; #else arm: OTHER (1 stmts) flag[i][j]=0;	yes (1 callers of enclosing CheckSortArmInitState)	no (0/1 statements found live elsewhere)	STATE	callees 1/1 ok(def 1, macro 0, sys/undeclared 0); objects 0/0 present	80	[review=auto] ST02 row 1681 [MEDIUM]: KEEP: compiles, but hardware (motor / IO) [RESCAN 0930] || gate_id=1
B-042	b_gate_expired	cConfiguration.cpp:1764-1766	TfConfiguration::InitConfigEdtList_ItemD	n/a (gate does not cite a golden line)	golden text as gated: || (COM2!=NULL && COM2->bCCDDummyRum)	gated by IF0; nothing replaces it (the statements simply do not happen)	yes (1 callers of enclosing TfConfiguration::InitConfigEdtList_ItemD)	no (0/1 statements found live elsewhere)	STATE	callees 0/0 ok(def 0, macro 0, sys/undeclared 0); objects 1/1 present	80	[review=auto] ST02 row 347 [LOW]: KEEP: 問（Q-INC） -- 理由不在了：TCOM2Shim 已經有 bCCDDummyRum（atester_shims.h:376；rs232.cpp:162 建構子設 true；COM2 是 atester_shims.cpp:412 的靜態 new，不會是 NULL），閘上「3 hits, all ... || gate_id=CFG2-COM2
B-043	b_gate_expired	cMainStatus.cpp:53-55	TfMain::ShowNowStatus	cMainStatus.cpp:22192 (file assumed = port file)	golden text as gated: AnsiString static sData="";	gated by IF0; nothing replaces it (the statements simply do not happen)	yes (87 callers of enclosing TfMain::ShowNowStatus)	no (0/1 statements found live elsewhere)	STATE	callees 0/0 ok(def 0, macro 0, sys/undeclared 0); objects 0/0 present	80	[review=auto] ST02 row 437 [LOW]: KEEP: 閘住 -- static sData 只給 :187 那個 ASE 閘用，跟它一起閘 [S09_BATCH2 0929] || gate_id=W906-MSTATE-ASE
B-044	b_gate_expired	cObserver.cpp:3192-3194	RecordEndTestTime	n/a (gate does not cite a golden line)	golden text as gated: fMain->slTestLog->AddText(str);	gated by IF0; nothing replaces it (the statements simply do not happen)	yes (4 callers of enclosing RecordEndTestTime)	no (0/1 statements found live elsewhere)	STATE	callees 1/1 ok(def 1, macro 0, sys/undeclared 0); objects 1/1 present	80	[review=auto] ST02 row 465 [LOW]: KEEP: slTestLog 已經有了（fMain.h:1292，在 LogObjects.cpp:241 建）。但 golden 的 Path／FileName=N28 那段在 cprod.cpp:3066 GATE(S12-C1)（MEDIUM）還閘著，現在解開檔名會錯 → 要跟那段一起解 [S09_BAT... || gate_id=REGISTER
B-045	b_gate_expired	cSetUp.cpp:1471-1473	TfSetup::Init	cSetUp.cpp:214 (file assumed = port file)	golden text as gated: MyTempRGBox[i]->OnClick=rgSensor1Click;	gated by IF0; nothing replaces it (the statements simply do not happen)	yes (12 callers of enclosing TfSetup::Init)	no (0/1 statements found live elsewhere)	STATE	callees 0/0 ok(def 0, macro 0, sys/undeclared 0); objects 1/1 present	80	[review=auto] ST02 row 547 [LOW]: KEEP: 閘住 -- vclcompat 控制項仍沒有 OnClick 槽（TfSetupSensorRadioGroup : vclcompat::TRadioGroup，forms/fSetup.h:389） [S09_BATCH2 0929] || gate_id=G-Delegate
B-046	b_gate_expired	cStateRecord.cpp:1699-1701	W906_BootRegisterTaskList	cStateRecord.cpp:84 (file assumed = port file)	golden text as gated: QueueTaskList[35].SetAliasAndTask("Bottom2DIDTask", &fBarCode->iBottom2DIDTask);	gated by IF0; nothing replaces it (the statements simply do not happen)	yes (1 callers of enclosing W906_BootRegisterTaskList)	no (0/1 statements found live elsewhere)	STATE	callees 1/1 ok(def 1, macro 0, sys/undeclared 0); objects 2/2 present	80	[review=auto] ST02 row 572 [LOW]: KEEP: 維持 -- iBottom2DIDTask 還是 BarCode_Bottom2DID.cpp:84 匿名 namespace 裡的 TU 內變數，別的檔取不到位址 [S09_BATCH5 0929] || gate_id=W906-TASKLIST
B-047	b_gate_expired	cStateRecord.cpp:1793-1795	W906_BootRegisterTaskList	cStateRecord.cpp:8867 (file assumed = port file)	golden text VERBATIM in the gate: QueueTaskList[116].SetAliasAndTask("AllPassVerifyTask", &iDoAllPassVerifyTask);	gated by IF0; nothing replaces it (the statements simply do not happen)	yes (1 callers of enclosing W906_BootRegisterTaskList)	no (0/1 statements found live elsewhere)	STATE	callees 1/1 ok(def 1, macro 0, sys/undeclared 0); objects 1/1 present	80	[review=auto] ST02 row 574 [LOW]: KEEP: 維持 -- iDoAllPassVerifyTask 只在 atester.cpp:9148 起的 #if 0 裡（:9154／:9158） [S09_BATCH5 0929] || gate_id=W906-TASKLIST
B-048	b_gate_expired	cStateRecord.cpp:1920-1922	W906_BootRegisterTaskList	n/a (gate does not cite a golden line)	golden text as gated: QueueTaskList[224].SetAliasAndTask("AOITask", &iAOITask);	gated by IF0; nothing replaces it (the statements simply do not happen)	yes (1 callers of enclosing W906_BootRegisterTaskList)	no (0/1 statements found live elsewhere)	STATE	callees 1/1 ok(def 1, macro 0, sys/undeclared 0); objects 1/1 present	80	[review=auto] ST02 row 577 [LOW]: KEEP: 維持 -- iAOITask 在 main 全樹 0 個宣告 [S09_BATCH5 0929] || gate_id=W906-TASKLIST
B-049	b_gate_expired	cStateRecord.cpp:1935-1937	W906_BootRegisterTaskList	n/a (gate does not cite a golden line)	golden text as gated: QueueTaskList[234].SetAliasAndTask("ConntectionOkTask", &iConntectionOkTask);	gated by IF0; nothing replaces it (the statements simply do not happen)	yes (1 callers of enclosing W906_BootRegisterTaskList)	no (0/1 statements found live elsewhere)	STATE	callees 1/1 ok(def 1, macro 0, sys/undeclared 0); objects 1/1 present	80	[review=auto] ST02 row 579 [LOW]: KEEP: 維持 -- iConntectionOkTask 在 main 全樹 0 個宣告 [S09_BATCH5 0929] || gate_id=W906-TASKLIST
B-050	b_gate_expired	cStateRecord.cpp:1941-1943	W906_BootRegisterTaskList	cStateRecord.cpp:1531 (file assumed = port file)	golden text as gated: QueueTaskList[236].SetAliasAndTask("2DIDCheckTask", &fBarCode->i2DIDCheckTask);	gated by IF0; nothing replaces it (the statements simply do not happen)	yes (1 callers of enclosing W906_BootRegisterTaskList)	no (0/1 statements found live elsewhere)	STATE	callees 1/1 ok(def 1, macro 0, sys/undeclared 0); objects 2/2 present	80	[review=auto] ST02 row 581 [LOW]: KEEP: 維持 -- TfBarCode 沒有 i2DIDCheckTask；fContact.h:1531 那個同名成員是 TfContact 的另一個變數 [S09_BATCH5 0929] || gate_id=W906-TASKLIST
B-051	b_gate_expired	cStateRecord.cpp:1944-1946	W906_BootRegisterTaskList	n/a (gate does not cite a golden line)	golden text as gated: QueueTaskList[237].SetAliasAndTask("2DIDCheckSH1Task", &i2DIDCheckSH1Task);	gated by IF0; nothing replaces it (the statements simply do not happen)	yes (1 callers of enclosing W906_BootRegisterTaskList)	no (0/1 statements found live elsewhere)	STATE	callees 1/1 ok(def 1, macro 0, sys/undeclared 0); objects 1/1 present	80	[review=auto] ST02 row 582 [LOW]: KEEP: 維持 -- i2DIDCheckSH1Task 在 main 全樹 0 個宣告 [S09_BATCH5 0929] || gate_id=W906-TASKLIST
B-052	b_gate_expired	cStateRecord.cpp:1947-1949	W906_BootRegisterTaskList	n/a (gate does not cite a golden line)	golden text as gated: QueueTaskList[238].SetAliasAndTask("2DIDCheckSH2Task", &i2DIDCheckSH2Task);	gated by IF0; nothing replaces it (the statements simply do not happen)	yes (1 callers of enclosing W906_BootRegisterTaskList)	no (0/1 statements found live elsewhere)	STATE	callees 1/1 ok(def 1, macro 0, sys/undeclared 0); objects 1/1 present	80	[review=auto] ST02 row 583 [LOW]: KEEP: 維持 -- i2DIDCheckSH2Task 在 main 全樹 0 個宣告 [S09_BATCH5 0929] || gate_id=W906-TASKLIST
B-053	b_gate_expired	cTemperFrom.cpp:977-1006	TfTemperFrom::ShowThermo	cTemperFrom.cpp:1294-1321 (file assumed = port file)	golden text as gated: if(iTempOverShowAlarmT[Addr]==2) { if(SystemSec!=iSec) { iSec=SystemSec; iBelowAlmSec[Addr]++; if(iBelowAlmSec[Addr]>=3) { S1.sprintf("WAR15%02d", Addr); ShowErrorMess...	gated by IF0; nothing replaces it (the statements simply do not happen)	no callers found for enclosing TfTemperFrom::ShowThermo	yes: 4/13 statements already live elsewhere, e.g. uHeaterThread.cpp:1224	STATE	callees 1/1 ok(def 1, macro 0, sys/undeclared 0); objects 1/1 present	80	[review=auto] ST02 row 587 [LOW]: KEEP: compiles, reviewed by hand in the 0930 stale scan (design decision / heater, temperature, vacuum or Rotate file) [STALE_SCAN 0930] || gate_id=T1
B-054	b_gate_expired	cTrayForm.cpp:116-118	TfTrayForm::Init	cTrayForm.cpp:467 (file assumed = port file)	golden text as gated: elTrayForm->Add(YBTypeSize1,&UserDefForm_File[0].BlockTraySize, ECText, "Type0", "Block Tray Type Size", bShow, bEnable, bReadFromFile, 0.1, true, 0.001, 1000.00);	gated by IF0; nothing replaces it (the statements simply do not happen)	yes (12 callers of enclosing TfTrayForm::Init)	no (0/1 statements found live elsewhere)	STATE	callees 1/1 ok(def 1, macro 0, sys/undeclared 0); objects 2/2 present	80	[review=auto] ST02 row 588 [LOW]: KEEP: compiles, but kept by a ruling written on the gate [RESCAN 0930]
B-055	b_gate_expired	csystem.cpp:13816-13823	ScanTrayStatus	csystem.cpp:16087-16089 (file assumed = port file)	golden text as gated: if(fAGV->Use_AMR() && (MOT[iMMAuto[i]].Tray.HasRealIC() || bNeedReportBundleID[i]==true))	gated by IF0; #else arm: OTHER (0 stmts) if(fAGV->Use_AMR() && (MOT[iMMAuto[i]].Tray.HasRealIC()))	yes (2 callers of enclosing ScanTrayStatus)	no (0/1 statements found live elsewhere)	STATE	callees 2/2 ok(def 2, macro 0, sys/undeclared 0); objects 1/1 present	80	[review=auto] ST02 row 1803 [MEDIUM]: KEEP (motor / IO / heater words in the block): laptop [S09_FREED_STATUS 0930] || gate_id=G11
B-056	b_gate_expired	csystem.cpp:14292-14314	HeaterDoorIsOpen	csystem.cpp:2598	golden text as gated: static bool bDoorDelay = false; if(bDoorDelay==false) { bDoorDelay=true; DoorDelay.SetSecAndOn(5.0); } if(DoorDelay.Off()==true) { bDoorDelay=false; } else { return; }...	gated by IF0; nothing replaces it (the statements simply do not happen)	no callers found for enclosing HeaterDoorIsOpen	yes: 1/7 statements already live elsewhere, e.g. csystem.cpp:21054	STATE	callees 2/2 ok(def 2, macro 0, sys/undeclared 0); objects 1/1 present	80	[review=auto] ST02 row 1812 [MEDIUM]: KEEP (heater / temperature / ATC) [S09_FREED_STATUS 0930] || gate_id=G6
B-057	b_gate_expired	csystem.cpp:14468-14476	ProcessCCDLight	csystem.cpp:19130-19133 (file assumed = port file)	golden text as gated: if(fiosetview->fShow) { return; } else if(REAL_TIME_CCD==true && COM2->bCCDDummyRum==false)	gated by IF0; #else arm: OTHER (0 stmts) if(REAL_TIME_CCD==true && COM2->bCCDDummyRum==false)	no callers found for enclosing ProcessCCDLight	yes: 1/2 statements already live elsewhere, e.g. FileRW/MainClick.cpp:1325	STATE	callees 0/0 ok(def 0, macro 0, sys/undeclared 0); objects 2/2 present	80	[review=auto] ST02 row 1814 [MEDIUM]: KEEP (motor / IO): laptop [S09_FREED_STATUS 0930] || gate_id=G8
B-058	b_gate_expired	csystem.cpp:16734-16744	DoSystem	csystem.cpp:4536-4544	golden text VERBATIM in the gate: if(bIndexCheck1 && fiosetview->ProcessIndexSuckDestroy1()) { bIndexCheck1=false; } if(bIndexCheck2 && fiosetview->ProcessIndexSuckDestroy2()) { bIndexCheck2=false; }	gated by IF0; nothing replaces it (the statements simply do not happen)	yes (1 callers of enclosing DoSystem)	yes: 2/4 statements already live elsewhere, e.g. atester.cpp:6208	STATE	callees 2/2 ok(def 2, macro 0, sys/undeclared 0); objects 1/1 present	80	[review=auto] ST02 row 1822 [MEDIUM]: KEEP (motor / IO): laptop [S09_FREED_STATUS 0930] || gate_id=G17
B-059	b_gate_expired	csystem.cpp:16974-16976	DoSystem	csystem.cpp:4706	golden text VERBATIM in the gate: }	gated by IF0; nothing replaces it (the statements simply do not happen)	yes (1 callers of enclosing DoSystem)	no (0/0 statements found live elsewhere)	STATE	callees 0/0 ok(def 0, macro 0, sys/undeclared 0); objects 0/0 present	80	[review=auto] ST02 row 1825 [MEDIUM]: KEEP: closing brace paired with GATE G24a (StopAllMotor) [S09_FREED_STATUS 0930] || gate_id=G24b
B-060	b_gate_expired	csystem.cpp:19509-19514	DoHeaterOn	csystem.cpp:1246-1247	golden text VERBATIM in the gate: if(IniConfig.bIOFormCanControlHeaterFan && fiosetview->fShow==true) return;	gated by IF0; #else arm: EMPTY (0 stmts)	no callers found for enclosing DoHeaterOn	no (0/1 statements found live elsewhere)	STATE	callees 0/0 ok(def 0, macro 0, sys/undeclared 0); objects 2/2 present	80	[review=auto] ST02 row 1844 [MEDIUM]: KEEP (heater fan / IO view fShow) [S09_FREED_STATUS 0930] || gate_id=G09
B-061	b_gate_expired	csystem.cpp:19527-19531	DoHeaterOn	csystem.cpp:1251-1251	golden text VERBATIM in the gate: if(fiosetview->fShow==false)	gated by IF0; #else arm: EMPTY (0 stmts)	no callers found for enclosing DoHeaterOn	no (0/1 statements found live elsewhere)	STATE	callees 0/0 ok(def 0, macro 0, sys/undeclared 0); objects 1/1 present	80	[review=auto] ST02 row 1845 [MEDIUM]: KEEP (motor / IO): laptop [S09_FREED_STATUS 0930] || gate_id=G10
B-062	b_gate_expired	csystem.cpp:21597-21644	RecordSafeDoorStates	csystem.cpp:2973-3016	golden text VERBATIM in the gate: if(IniConfig.bC11UseMonitorView) { if(fMain->CheckCanChangeRealDummy()) { if(fMonitor->iStatus[1]==1) fMonitor->StopMonitorVedio(1); if(fMonitor->iStatus[2]==1) fMonit...	gated by IF0; #else arm: EMPTY (0 stmts)	no callers found for enclosing RecordSafeDoorStates	yes: 1/8 statements already live elsewhere, e.g. Automation/auto9045.cpp:1411	STATE	callees 4/4 ok(def 4, macro 0, sys/undeclared 0); objects 4/4 present	80	[review=auto] ST02 row 1859 [MEDIUM]: KEEP (IO): MVCtrl is NULL (fMonitor GATE M-1) and the block reads the safety-door sensors; recording only [S09_FREED_STATUS 0930] || gate_id=G27
B-063	b_gate_expired	csystem.cpp:24806-24813	DoSwCoolingFan	csystem.cpp:20437-20440	golden text VERBATIM in the gate: if(fiosetview->fShow==true) { return false; }	gated by IF0; #else arm: EMPTY (0 stmts)	no callers found for enclosing DoSwCoolingFan	yes: 1/2 statements already live elsewhere, e.g. ATC/ATCSystem.cpp:398	STATE	callees 0/0 ok(def 0, macro 0, sys/undeclared 0); objects 1/1 present	80	[review=auto] ST02 row 1866 [MEDIUM]: KEEP (safety: IO view fShow refusal) [S09_FREED_STATUS 0930] || gate_id=H1-07
B-064	b_gate_expired	csystem.cpp:29659-29784	GetInArm2DIDMapping	csystem.cpp:24271-24390	golden text VERBATIM in the gate: if(i2DMAPCHKSTEP<fContact->eCOMPLETE) { bool bMatch=false; if(BOTTOM_2DID && TestIF_File.bEnableBottom2D) { if(i2DMAPCHKSTEP==fContact->eBottomBarCode1_1) { iRow=0; } ...	gated by IF0; #else arm: EMPTY_VC (3 stmts) (void)iRow; (void)iCol; (void)Str;	no callers found for enclosing GetInArm2DIDMapping	yes: 8/24 statements already live elsewhere, e.g. csystem.cpp:24356	STATE	callees 0/0 ok(def 0, macro 0, sys/undeclared 0); objects 4/4 present	80	[review=auto] ST02 row 1889 [MEDIUM]: KEEP (heater / temperature / ATC) [S09_FREED_STATUS 0930] || gate_id=h4-G3
B-065	b_gate_expired	csystem.cpp:30435-30438	MainProc	csystem.cpp:16887 (file assumed = port file)	golden text as gated: if(fiosetview->fShow) return;	gated by IF0; nothing replaces it (the statements simply do not happen)	yes (2 callers of enclosing MainProc)	no (0/1 statements found live elsewhere)	STATE	callees 0/0 ok(def 0, macro 0, sys/undeclared 0); objects 1/1 present	80	[review=auto] ST02 row 1893 [MEDIUM]: KEEP (safety: IO view) [S09_FREED_STATUS 0930] || gate_id=W906-T6-IOVIEW
B-066	b_gate_expired	forms/fLotInfo.cpp:7183-7185	TfLotInfo::sbSECSLotEndClick	fLotInfo.cpp:1404 (file assumed = port file)	golden text as gated: SetRunStartMode((eRunStartMode)LastSet.iRunStartMode);	gated by IF0; nothing replaces it (the statements simply do not happen)	yes (7 callers of enclosing TfLotInfo::sbSECSLotEndClick)	no (0/1 statements found live elsewhere)	STATE	callees 1/1 ok(def 1, macro 0, sys/undeclared 0); objects 1/1 present	80	[review=auto] ST02 row 839 [LOW]: KEEP: 屬 Jimmy／筆電的模式切換，不自行解 [S09_ST01_BATCH2 0929] || gate_id=W906-PROD-S117-RSM
B-067	b_gate_expired	forms/fLotInfo.cpp:7195-7197	TfLotInfo::sbSECSLotEndClick	fLotInfo.cpp:1412 (file assumed = port file)	golden text as gated: SetRunStartMode((eRunStartMode)LastSet.iRunStartMode);	gated by IF0; nothing replaces it (the statements simply do not happen)	yes (7 callers of enclosing TfLotInfo::sbSECSLotEndClick)	no (0/1 statements found live elsewhere)	STATE	callees 1/1 ok(def 1, macro 0, sys/undeclared 0); objects 1/1 present	80	[review=auto] ST02 row 840 [LOW]: KEEP: 屬 Jimmy／筆電的模式切換，不自行解 (same as tsv 839) [S09_ST01_BATCH2 0929] || gate_id=W906-PROD-S117-RSM
B-068	b_gate_expired	forms/fMain_OperateMode.cpp:146-149	TfMain::W906_UpdateMainOperateModeBody	main.h:1188-1189	golden text as gated: TemperatureBackup =Temperature.fWorkTemperBase; TemperatureSoakTimeBackup =Temperature.fSoakTime;	gated by IF0; nothing replaces it (the statements simply do not happen)	yes (1 callers of enclosing TfMain::W906_UpdateMainOperateModeBody)	no (0/2 statements found live elsewhere)	STATE	callees 0/0 ok(def 0, macro 0, sys/undeclared 0); objects 1/1 present	80	[review=auto] ST02 row 861 [LOW]: KEEP: 維持 -- TemperatureBackup／TemperatureSoakTimeBackup 在 main 全樹 0 個宣告；要加 TfMain 成員（fMain.h，筆電） [S09_BATCH5 0929] || gate_id=TODO(W906-OPMODE)
B-069	b_gate_expired	forms/fPassword.cpp:399-401	TfPassword::ReadPasswordFile	n/a (gate does not cite a golden line)	golden text as gated: EvenLogUSER.PassWord[ENG_MI] =CheckAndReadIniData(sFileName, "LEVEL", EvenLogUSER.ID[ENG_MI] , AnsiString("1"));	gated by IF0; nothing replaces it (the statements simply do not happen)	yes (1 callers of enclosing TfPassword::ReadPasswordFile)	no (0/1 statements found live elsewhere)	STATE	callees 1/1 ok(def 1, macro 0, sys/undeclared 0); objects 1/1 present	80	[review=auto] ST02 row 920 [LOW]: KEEP: compiles, reviewed by hand in the 0930 stale scan (design decision / heater, temperature, vacuum or Rotate file) [STALE_SCAN 0930] || gate_id=P-R1
B-070	b_gate_expired	forms/fPassword.cpp:404-406	TfPassword::ReadPasswordFile	n/a (gate does not cite a golden line)	golden text as gated: EvenLogUSER.PassWord[PM] =CheckAndReadIniData(sFileName, "LEVEL", EvenLogUSER.ID[PM], AnsiString("1"));	gated by IF0; nothing replaces it (the statements simply do not happen)	yes (1 callers of enclosing TfPassword::ReadPasswordFile)	no (0/1 statements found live elsewhere)	STATE	callees 1/1 ok(def 1, macro 0, sys/undeclared 0); objects 1/1 present	80	[review=auto] ST02 row 921 [LOW]: KEEP: compiles, reviewed by hand in the 0930 stale scan (design decision / heater, temperature, vacuum or Rotate file) [STALE_SCAN 0930] || gate_id=P-R1
B-071	b_gate_expired	forms/fPassword.cpp:409-411	TfPassword::ReadPasswordFile	n/a (gate does not cite a golden line)	golden text as gated: EvenLogUSER.PassWord[AUDIT] =CheckAndReadIniData(sFileName, "LEVEL", EvenLogUSER.ID[AUDIT], AnsiString("1"));	gated by IF0; nothing replaces it (the statements simply do not happen)	yes (1 callers of enclosing TfPassword::ReadPasswordFile)	no (0/1 statements found live elsewhere)	STATE	callees 1/1 ok(def 1, macro 0, sys/undeclared 0); objects 1/1 present	80	[review=auto] ST02 row 922 [LOW]: KEEP: compiles, reviewed by hand in the 0930 stale scan (design decision / heater, temperature, vacuum or Rotate file) [STALE_SCAN 0930] || gate_id=P-R1
B-072	b_gate_expired	forms/fPassword.cpp:414-416	TfPassword::ReadPasswordFile	n/a (gate does not cite a golden line)	golden text as gated: EvenLogUSER.PassWord[ADMIN] =CheckAndReadIniData(sFileName, "LEVEL", EvenLogUSER.ID[ADMIN], AnsiString("1"));	gated by IF0; nothing replaces it (the statements simply do not happen)	yes (1 callers of enclosing TfPassword::ReadPasswordFile)	no (0/1 statements found live elsewhere)	STATE	callees 1/1 ok(def 1, macro 0, sys/undeclared 0); objects 1/1 present	80	[review=auto] ST02 row 923 [LOW]: KEEP: compiles, reviewed by hand in the 0930 stale scan (design decision / heater, temperature, vacuum or Rotate file) [STALE_SCAN 0930] || gate_id=P-R1
B-073	b_gate_expired	uHeaterThread.cpp:383-385	THeaterThread::HeaterThreadProcess	csystem.cpp:1109	golden text as gated: CheckATC6System();	gated by IF0; nothing replaces it (the statements simply do not happen)	yes (1 callers of enclosing THeaterThread::HeaterThreadProcess)	no (0/1 statements found live elsewhere)	STATE	callees 1/1 ok(def 1, macro 0, sys/undeclared 0); objects 0/0 present	80	[review=auto] ST02 row 988 [LOW]: KEEP: compiles, but hardware (motor / IO) [RESCAN 0930] || gate_id=1
B-074	b_gate_expired	uHeaterThread.cpp:393-395	THeaterThread::HeaterThreadProcess	csystem.cpp:16530	golden text as gated: HeaterDoorIsOpen();	gated by IF0; nothing replaces it (the statements simply do not happen)	yes (1 callers of enclosing THeaterThread::HeaterThreadProcess)	no (0/1 statements found live elsewhere)	STATE	callees 1/1 ok(def 1, macro 0, sys/undeclared 0); objects 0/0 present	80	[review=auto] ST02 row 989 [LOW]: KEEP: compiles, but hardware (motor / IO) [RESCAN 0930] || gate_id=3
B-075	b_gate_expired	uHeaterThread.cpp:397-399	THeaterThread::HeaterThreadProcess	csystem.cpp:1134	golden text as gated: DoHeaterOn();	gated by IF0; nothing replaces it (the statements simply do not happen)	yes (1 callers of enclosing THeaterThread::HeaterThreadProcess)	no (0/1 statements found live elsewhere)	STATE	callees 1/1 ok(def 1, macro 0, sys/undeclared 0); objects 0/0 present	80	[review=auto] ST02 row 990 [LOW]: KEEP: compiles, but hardware (motor / IO) [RESCAN 0930] || gate_id=4
B-076	b_gate_expired	uTemp_Set.cpp:639-642	TfTemp_Set::rb1PointClick	n/a (gate does not cite a golden line)	golden text as gated: TRadioGroup *Ptr=(TRadioGroup*) Sender; SetBasePointIMG(Ptr->Tag);	gated by IF0; nothing replaces it (the statements simply do not happen)	no callers found for enclosing TfTemp_Set::rb1PointClick	no (0/2 statements found live elsewhere)	STATE	callees 1/1 ok(def 1, macro 0, sys/undeclared 0); objects 1/1 present	80	[review=auto] ST02 row 994 [LOW]: KEEP: compiles, reviewed by hand in the 0930 stale scan (design decision / heater, temperature, vacuum or Rotate file) [STALE_SCAN 0930] || gate_id=dep-Tag
B-077	b_gate_expired	uTemp_Set.cpp:4362-4370	TfTemp_Set::edSoakTimeClick	uTemp_Set.cpp:439 (file assumed = port file)	golden text as gated: if(Buffer->Tag==1) { if(Barcode_Reader(bcTemperature)==0) { return; } }	gated by IF0; nothing replaces it (the statements simply do not happen)	no callers found for enclosing TfTemp_Set::edSoakTimeClick	yes: 2/2 statements already live elsewhere, e.g. forms/fContact.cpp:1223	STATE	callees 1/1 ok(def 1, macro 0, sys/undeclared 0); objects 1/1 present	80	[review=auto] ST02 row 1006 [LOW]: KEEP: compiles, but kept by a ruling written on the gate [RESCAN 0930] || gate_id=G-Barcode
B-078	b_gate_expired	uTemp_Set.cpp:4387-4395	TfTemp_Set::edJamSoakTimeClick	uTemp_Set.cpp:1286 (file assumed = port file)	golden text as gated: if(Buffer->Tag==1) { if(Barcode_Reader(bcTemperature)==0) { return; } }	gated by IF0; nothing replaces it (the statements simply do not happen)	no callers found for enclosing TfTemp_Set::edJamSoakTimeClick	yes: 2/2 statements already live elsewhere, e.g. forms/fContact.cpp:1223	STATE	callees 1/1 ok(def 1, macro 0, sys/undeclared 0); objects 1/1 present	80	[review=auto] ST02 row 1007 [LOW]: KEEP: compiles, but kept by a ruling written on the gate [RESCAN 0930] || gate_id=G-Barcode
B-079	b_gate_expired	uTemp_Set.cpp:4464-4472	TfTemp_Set::edLowBaseMouseDown	uTemp_Set.cpp:13 (file assumed = port file)	golden text as gated: if(Buffer->Tag==1) { if(Barcode_Reader(bcTemperature)==0) { return; } }	gated by IF0; nothing replaces it (the statements simply do not happen)	no callers found for enclosing TfTemp_Set::edLowBaseMouseDown	yes: 2/2 statements already live elsewhere, e.g. forms/fContact.cpp:1223	STATE	callees 1/1 ok(def 1, macro 0, sys/undeclared 0); objects 1/1 present	80	[review=auto] ST02 row 1008 [LOW]: KEEP: compiles, but kept by a ruling written on the gate [RESCAN 0930] || gate_id=G-Barcode
B-080	b_gate_expired	uTemp_Set.cpp:5665-5673	TfTemp_Set::edAmbHotGuartbentClick	uTemp_Set.cpp:7275 (file assumed = port file)	golden text as gated: if(Buffer->Tag==1) { if(Barcode_Reader(bcTemperature)==0) { return; } }	gated by IF0; nothing replaces it (the statements simply do not happen)	no callers found for enclosing TfTemp_Set::edAmbHotGuartbentClick	yes: 2/2 statements already live elsewhere, e.g. forms/fContact.cpp:1223	STATE	callees 1/1 ok(def 1, macro 0, sys/undeclared 0); objects 1/1 present	80	[review=auto] ST02 row 1016 [LOW]: KEEP: compiles, but kept by a ruling written on the gate [RESCAN 0930] || gate_id=G-Barcode
B-081	b_gate_expired	uTemp_Set.cpp:5772-5780	TfTemp_Set::edATCAmbTempMouseDown	uTemp_Set.cpp:5426 (file assumed = port file)	golden text as gated: if(Buffer->Tag==1) { if(Barcode_Reader(bcTemperature)==0) { return; } }	gated by IF0; nothing replaces it (the statements simply do not happen)	no callers found for enclosing TfTemp_Set::edATCAmbTempMouseDown	yes: 2/2 statements already live elsewhere, e.g. forms/fContact.cpp:1223	STATE	callees 1/1 ok(def 1, macro 0, sys/undeclared 0); objects 1/1 present	80	[review=auto] ST02 row 1017 [LOW]: KEEP: compiles, but kept by a ruling written on the gate [RESCAN 0930] || gate_id=G-Barcode
B-082	b_gate_expired	uTemp_Set.cpp:6594-6602	TfTemp_Set::edtHeatGunTempATCMouseDown	uTemp_Set.cpp:5640 (file assumed = port file)	golden text as gated: if(Buffer->Tag==1) { if(Barcode_Reader(bcTemperature)==0) { return; } }	gated by IF0; nothing replaces it (the statements simply do not happen)	no callers found for enclosing TfTemp_Set::edtHeatGunTempATCMouseDown	yes: 2/2 statements already live elsewhere, e.g. forms/fContact.cpp:1223	STATE	callees 1/1 ok(def 1, macro 0, sys/undeclared 0); objects 1/1 present	80	[review=auto] ST02 row 1026 [LOW]: KEEP: compiles, but kept by a ruling written on the gate [RESCAN 0930] || gate_id=G-Barcode
B-083	b_gate_expired	uTemp_Set.cpp:7279-7281	TfTemp_Set::ATC_Online_Or_offline	n/a (gate does not cite a golden line)	golden text as gated: fLotInfo->pl_ATC_Online->OnClick(fLotInfo);	gated by IF0; nothing replaces it (the statements simply do not happen)	yes (5 callers of enclosing TfTemp_Set::ATC_Online_Or_offline)	no (0/1 statements found live elsewhere)	STATE	callees 1/1 ok(def 0, macro 0, sys/undeclared 1); objects 1/1 present	80	[review=auto] ST02 row 1034 [LOW]: KEEP: vclcompat 還是沒有能呼叫的 OnClick 槽（pl_ATC_Online 是 TPanel） [S09_BATCH1 0929] || gate_id=G-Delegate
B-084	b_gate_expired	uYieldMonitoring.cpp:3176-3178	TfYieldMonitoring::ReadFile	n/a (gate does not cite a golden line)	golden text as gated: MyYieldPanel[0]->bEnablePassYieldART =	gated by IF0; nothing replaces it (the statements simply do not happen)	yes (107 callers of enclosing TfYieldMonitoring::ReadFile)	no (0/1 statements found live elsewhere)	STATE	callees 0/0 ok(def 0, macro 0, sys/undeclared 0); objects 1/1 present	80	[review=auto] ST02 row 1043 [LOW]: KEEP: 閘住 -- TfYieldMonitoring 仍沒有 MyYieldPanel[]（forms/fYieldMonitoring.h 0 命中）。St01 的 C 路 FileRW/TestIF_File_YieldMonitoring.gen.inc:29／:51 有資料半邊 YM_TMyYiel... || gate_id=G-YM-Panel
B-085	b_gate_expired	uYieldMonitoring.cpp:3181-3183	TfYieldMonitoring::ReadFile	n/a (gate does not cite a golden line)	golden text as gated: MyYieldPanel[0]->fPassYieldART =	gated by IF0; nothing replaces it (the statements simply do not happen)	yes (107 callers of enclosing TfYieldMonitoring::ReadFile)	no (0/1 statements found live elsewhere)	STATE	callees 0/0 ok(def 0, macro 0, sys/undeclared 0); objects 1/1 present	80	[review=auto] ST02 row 1044 [LOW]: KEEP: 閘住 -- TfYieldMonitoring 仍沒有 MyYieldPanel[]（forms/fYieldMonitoring.h 0 命中）。St01 的 C 路 FileRW/TestIF_File_YieldMonitoring.gen.inc:29／:51 有資料半邊 YM_TMyYiel... || gate_id=G-YM-Panel
B-086	b_gate_expired	uYieldMonitoring.cpp:3187-3189	TfYieldMonitoring::ReadFile	n/a (gate does not cite a golden line)	golden text as gated: MyYieldPanel[0]->bEnableOpenShortART =	gated by IF0; nothing replaces it (the statements simply do not happen)	yes (107 callers of enclosing TfYieldMonitoring::ReadFile)	no (0/1 statements found live elsewhere)	STATE	callees 0/0 ok(def 0, macro 0, sys/undeclared 0); objects 1/1 present	80	[review=auto] ST02 row 1045 [LOW]: KEEP: 閘住 -- TfYieldMonitoring 仍沒有 MyYieldPanel[]（forms/fYieldMonitoring.h 0 命中）。St01 的 C 路 FileRW/TestIF_File_YieldMonitoring.gen.inc:29／:51 有資料半邊 YM_TMyYiel... || gate_id=G-YM-Panel
B-087	b_gate_expired	uYieldMonitoring.cpp:3192-3194	TfYieldMonitoring::ReadFile	n/a (gate does not cite a golden line)	golden text as gated: MyYieldPanel[0]->fOpenShortYieldART =	gated by IF0; nothing replaces it (the statements simply do not happen)	yes (107 callers of enclosing TfYieldMonitoring::ReadFile)	no (0/1 statements found live elsewhere)	STATE	callees 0/0 ok(def 0, macro 0, sys/undeclared 0); objects 1/1 present	80	[review=auto] ST02 row 1046 [LOW]: KEEP: 閘住 -- TfYieldMonitoring 仍沒有 MyYieldPanel[]（forms/fYieldMonitoring.h 0 命中）。St01 的 C 路 FileRW/TestIF_File_YieldMonitoring.gen.inc:29／:51 有資料半邊 YM_TMyYiel... || gate_id=G-YM-Panel
B-088	b_gate_expired	uYieldMonitoring.cpp:3198-3200	TfYieldMonitoring::ReadFile	n/a (gate does not cite a golden line)	golden text as gated: MyYieldPanel[0]->bEnableRecoverART =	gated by IF0; nothing replaces it (the statements simply do not happen)	yes (107 callers of enclosing TfYieldMonitoring::ReadFile)	no (0/1 statements found live elsewhere)	STATE	callees 0/0 ok(def 0, macro 0, sys/undeclared 0); objects 1/1 present	80	[review=auto] ST02 row 1047 [LOW]: KEEP: 閘住 -- TfYieldMonitoring 仍沒有 MyYieldPanel[]（forms/fYieldMonitoring.h 0 命中）。St01 的 C 路 FileRW/TestIF_File_YieldMonitoring.gen.inc:29／:51 有資料半邊 YM_TMyYiel... || gate_id=G-YM-Panel
B-089	b_gate_expired	uYieldMonitoring.cpp:3203-3205	TfYieldMonitoring::ReadFile	n/a (gate does not cite a golden line)	golden text as gated: MyYieldPanel[0]->fRecoverYieldART =	gated by IF0; nothing replaces it (the statements simply do not happen)	yes (107 callers of enclosing TfYieldMonitoring::ReadFile)	no (0/1 statements found live elsewhere)	STATE	callees 0/0 ok(def 0, macro 0, sys/undeclared 0); objects 1/1 present	80	[review=auto] ST02 row 1048 [LOW]: KEEP: 閘住 -- TfYieldMonitoring 仍沒有 MyYieldPanel[]（forms/fYieldMonitoring.h 0 命中）。St01 的 C 路 FileRW/TestIF_File_YieldMonitoring.gen.inc:29／:51 有資料半邊 YM_TMyYiel... || gate_id=G-YM-Panel
B-090	b_gate_expired	uYieldMonitoring.cpp:3211-3213	TfYieldMonitoring::ReadFile	n/a (gate does not cite a golden line)	golden text as gated: MyYieldPanel[0]->ReTestLimit->ItemIndex =iAutoRetestLimit-1;	gated by IF0; nothing replaces it (the statements simply do not happen)	yes (107 callers of enclosing TfYieldMonitoring::ReadFile)	yes: 1/1 statements already live elsewhere, e.g. FileRW/TestIF_File_YieldMonitoring.gen.inc:2321	STATE	callees 0/0 ok(def 0, macro 0, sys/undeclared 0); objects 1/1 present	80	[review=auto] ST02 row 1049 [LOW]: KEEP: 閘住 -- TfYieldMonitoring 仍沒有 MyYieldPanel[]（forms/fYieldMonitoring.h 0 命中）。St01 的 C 路 FileRW/TestIF_File_YieldMonitoring.gen.inc:29／:51 有資料半邊 YM_TMyYiel... || gate_id=G-YM-Panel
B-091	b_gate_expired	uYieldMonitoring.cpp:3239-3241	TfYieldMonitoring::ReadFile	n/a (gate does not cite a golden line)	golden text as gated: MyYieldPanel[0]->bPass[i] =TestIF_File.bPass[i];	gated by IF0; nothing replaces it (the statements simply do not happen)	yes (107 callers of enclosing TfYieldMonitoring::ReadFile)	yes: 1/1 statements already live elsewhere, e.g. FileRW/TestIF_File_YieldMonitoring.gen.inc:2347	STATE	callees 0/0 ok(def 0, macro 0, sys/undeclared 0); objects 2/2 present	80	[review=auto] ST02 row 1050 [LOW]: KEEP: 閘住 -- TfYieldMonitoring 仍沒有 MyYieldPanel[]（forms/fYieldMonitoring.h 0 命中）。St01 的 C 路 FileRW/TestIF_File_YieldMonitoring.gen.inc:29／:51 有資料半邊 YM_TMyYiel... || gate_id=G-YM-Panel
B-092	b_gate_expired	uYieldMonitoring.cpp:3244-3246	TfYieldMonitoring::ReadFile	n/a (gate does not cite a golden line)	golden text as gated: MyYieldPanel[0]->bOpenShort[i] =TestIF_File.bOpenShort[i];	gated by IF0; nothing replaces it (the statements simply do not happen)	yes (107 callers of enclosing TfYieldMonitoring::ReadFile)	yes: 1/1 statements already live elsewhere, e.g. FileRW/TestIF_File_YieldMonitoring.gen.inc:2350	STATE	callees 0/0 ok(def 0, macro 0, sys/undeclared 0); objects 2/2 present	80	[review=auto] ST02 row 1051 [LOW]: KEEP: 閘住 -- TfYieldMonitoring 仍沒有 MyYieldPanel[]（forms/fYieldMonitoring.h 0 命中）。St01 的 C 路 FileRW/TestIF_File_YieldMonitoring.gen.inc:29／:51 有資料半邊 YM_TMyYiel... || gate_id=G-YM-Panel
B-093	b_gate_expired	Automation/AGV_E84.cpp:931-935	DoE84Unloader	AGV.cpp:910	golden text as gated: ret=ShowMyMessageBox_YES_NO(asStr, "是否要修改Port狀態?");	gated by IF0; #else arm: OTHER (1 stmts) ret=2;	yes (1 callers of enclosing DoE84Unloader)	no (0/1 statements found live elsewhere)	STATE	callees 1/1 ok(def 1, macro 0, sys/undeclared 0); objects 0/0 present	78	[review=auto] ST02 row 1061 [MEDIUM]: KEEP (dependency exists, but heater / motor / IO / customer -- stopped for the laptop): ShowMyMessageBox_YES_NO 已經是真的網頁對話框（RULINGS_20260925 第 10 條 3A：照 golde... || gate_id=D
B-094	b_gate_expired	Command.cpp:1931-1934	TfMain::WriteSetTempStatus	main.h:1323	golden text as gated: if(ret==0) ret=ChangeTempMode(TempMode, false, bRefreshFunction, true);	gated by IF0; nothing replaces it (the statements simply do not happen)	yes (1 callers of enclosing TfMain::WriteSetTempStatus)	no (0/1 statements found live elsewhere)	STATE	callees 1/1 ok(def 1, macro 0, sys/undeclared 0); objects 0/0 present	78	[review=auto] ST02 row 1110 [MEDIUM]: KEEP (dependency exists, but heater / motor / IO / customer -- stopped for the laptop): TfMain::ChangeTempMode 有本體了；同一支檔的 GATE 6（:11459、:11471）筆電 0821 已經解開 -... || gate_id=D
B-095	b_gate_expired	Command.cpp:1952-1955	TfMain::WriteSetTempStatus	Command.cpp:1607 (file assumed = port file)	golden text as gated: if(ret==0) ret=ChangeTempMode(TempMode, false, bRefreshFunction, true);	gated by IF0; nothing replaces it (the statements simply do not happen)	yes (1 callers of enclosing TfMain::WriteSetTempStatus)	no (0/1 statements found live elsewhere)	STATE	callees 1/1 ok(def 1, macro 0, sys/undeclared 0); objects 0/0 present	78	[review=auto] ST02 row 1111 [MEDIUM]: KEEP (dependency exists, but heater / motor / IO / customer -- stopped for the laptop): TfMain::ChangeTempMode 有本體了；同一支檔的 GATE 6（:11459、:11471）筆電 0821 已經解開 -... || gate_id=FW3-WA
B-096	b_gate_expired	Command.cpp:9630-9632	TfMain::SetTempByDLL	main.h:1323	golden text as gated: ret=ChangeTempMode(iTempMode, false, bRefreshFunction, true, true);	gated by IF0; nothing replaces it (the statements simply do not happen)	no callers found for enclosing TfMain::SetTempByDLL	no (0/1 statements found live elsewhere)	STATE	callees 1/1 ok(def 1, macro 0, sys/undeclared 0); objects 0/0 present	78	[review=auto] ST02 row 1126 [MEDIUM]: KEEP (dependency exists, but heater / motor / IO / customer -- stopped for the laptop): TfMain::ChangeTempMode 有本體了；同一支檔的 GATE 6（:11459、:11471）筆電 0821 已經解開 -... || gate_id=FW3-WC
B-097	b_gate_expired	ProductionInfo/uPAT_Function.cpp:1855-1860	PAT_Function::GetJobTemperatureToSetting	uPAT_Function.cpp:1175-1175 (file assumed = port file)	golden text VERBATIM in the gate: fTemp_Set->spbSave->Click();	gated by IF0; #else arm: EMPTY (0 stmts)	yes (1 callers of enclosing PAT_Function::GetJobTemperatureToSetting)	no (0/1 statements found live elsewhere)	STATE	callees 1/1 ok(def 1, macro 0, sys/undeclared 0); objects 1/1 present	78	[review=auto] ST02 row 131 [LOW]: KEEP (dependency exists, but heater / motor / IO / customer -- stopped for the laptop): fTemp_Set -- fTemp_Set->spbSave->Click() 是加熱器設定存檔（golden :1175）。而且 Cl... || gate_id=REGISTER.
B-098	b_gate_expired	SECSGEM/uHGemHT9045.cpp:3687-3697	HT9045Gem::S2F15_UpdateNewEquipmentConstant	uHGemHT9045.cpp:1080-1084 (file assumed = port file)	golden text as gated: if(bspeed) { fSpeed->DoIniDataToForm(); }	gated by IF0; #else arm: EMPTY_VC (1 stmts) (void)bspeed;	yes (1 callers of enclosing HT9045Gem::S2F15_UpdateNewEquipmentConstant)	no (0/2 statements found live elsewhere)	STATE	callees 1/1 ok(def 1, macro 0, sys/undeclared 0); objects 1/1 present	78	[review=auto] ST02 row 1248 [MEDIUM]: KEEP (dependency exists, but heater / motor / IO / customer -- stopped for the laptop): fSpeed -- 實測連結失敗：uHGem（ht9045_secsgem）一引用 fSpeed，就會把 cSpeed.cpp.obj（h...
B-099	b_gate_expired	SECSGEM/uHGemHT9045.cpp:7543-7553	HT9045Gem::S2F42_Host_Command_Acknowledge	uHGemHT9045.cpp:3778	golden text as gated: fLotInfo->InitialLoaderTask(0);	gated by IF0; #else arm: EMPTY (0 stmts)	no callers found for enclosing HT9045Gem::S2F42_Host_Command_Acknowledge	no (0/1 statements found live elsewhere)	STATE	callees 1/1 ok(def 1, macro 0, sys/undeclared 0); objects 1/1 present	78	[review=auto] ST02 row 1286 [MEDIUM]: KEEP (dependency exists, but heater / motor / IO / customer -- stopped for the laptop): TfLotInfo::InitialLoaderTask 有本體了（golden uLotInfo.cpp:16259-16262） --... || gate_id=G41
B-100	b_gate_expired	SECSGEM/uHGemHT9045.cpp:7562-7568	HT9045Gem::S2F42_Host_Command_Acknowledge	uHGemHT9045.cpp:3787	golden text as gated: fLotInfo->InitialLoaderTask(1);	gated by IF0; #else arm: EMPTY (0 stmts)	no callers found for enclosing HT9045Gem::S2F42_Host_Command_Acknowledge	no (0/1 statements found live elsewhere)	STATE	callees 1/1 ok(def 1, macro 0, sys/undeclared 0); objects 1/1 present	78	[review=auto] ST02 row 1287 [MEDIUM]: KEEP (dependency exists, but heater / motor / IO / customer -- stopped for the laptop): TfLotInfo::InitialLoaderTask 有本體了（golden uLotInfo.cpp:16259-16262） --... || gate_id=G42
B-101	b_gate_expired	ainarm2.cpp:4666-4670	MoveInArmZToPlateSafe	ainarm2.cpp:1057	golden text as gated: MyDBIProcess("Motion", sData, "MoveInArmZToPlateSafe");	gated by IF0; #else arm: OTHER (1 stmts) MyDBIProcess(" ", sData+AnsiString(" "));	yes (443 callers of enclosing MoveInArmZToPlateSafe)	no (0/1 statements found live elsewhere)	STATE	callees 1/1 ok(def 1, macro 0, sys/undeclared 0); objects 0/0 present	78	[review=auto] ST02 row 1472 [MEDIUM]: KEEP (S25 customer code) [S09_FREED_STATUS 0930] || gate_id=W7E-1
B-102	b_gate_expired	ainarm9045.cpp:6520-6525	AddLoadingCount	ainarm9045.cpp:2796-2799 (file assumed = port file)	golden text as gated: if(CUSTOMER_CODE==CC_PTI) { fLotInfo->RefreshOtherTool(); }	gated by IF0; nothing replaces it (the statements simply do not happen)	yes (2 callers of enclosing AddLoadingCount)	yes: 2/2 statements already live elsewhere, e.g. Automation/automation.cpp:461	STATE	callees 1/1 ok(def 1, macro 0, sys/undeclared 0); objects 1/1 present	78	[review=auto] ST02 row 1537 [MEDIUM]: KEEP (S25 customer code in the block) [S09_FREED_STATUS 0930] || gate_id=W7D-K2-G13
B-103	b_gate_expired	aoutarm.cpp:2955-2959	AdjustOutArmClosePitchCondition	aoutarm.cpp:261 (file assumed = port file)	golden text as gated: bCanPick2ICAtOnceTime=fTesterTCP->bOutArmVariAuto_OS[iAuto];	gated by IF0; #else arm: OTHER (1 stmts) bCanPick2ICAtOnceTime=false;	yes (12 callers of enclosing AdjustOutArmClosePitchCondition)	no (0/1 statements found live elsewhere)	STATE	callees 0/0 ok(def 0, macro 0, sys/undeclared 0); objects 1/1 present	78	[review=auto] ST02 row 1577 [MEDIUM]: KEEP (S25 customer code) [S09_FREED_STATUS 0930] || gate_id=G11
B-104	b_gate_expired	aoutarm9045.cpp:4768-4772	DoOutArmPlaceToAuto	aoutarm9045.cpp:2604-2604 (file assumed = port file)	golden text as gated: sl2DMappingLog->MyInsert2DMappingToFile(OutArmSuck.cDeviceInf[i][j], OutArmSuck.PordRec[i][j].asBuffer->Strings[eTestCate].ToIntDef(-1));	gated by IF0; #else arm: OTHER (1 stmts) sl2DMappingLog->MyInsert2DMappingToFile(OutArmSuck.cDeviceIn	yes (6 callers of enclosing DoOutArmPlaceToAuto)	no (0/1 statements found live elsewhere)	STATE	callees 2/2 ok(def 2, macro 0, sys/undeclared 0); objects 2/2 present	78	[review=auto] ST02 row 1603 [MEDIUM]: KEEP (S25 customer code) [S09_FREED_STATUS 0930] || gate_id=W906-ARM3
B-105	b_gate_expired	cprod.cpp:3066-3075	SetCustomerLimitationForConfig	n/a (gate does not cite a golden line)	golden text as gated: if(fMain!=NULL) { if(CUSTOMER_CODE==CC_SCK) { fMain->slTestLog->Path=IniConfig.sN28_Path; fMain->slTestLog->FileName=IniConfig.sN28_IP; } }	gated by IF0; nothing replaces it (the statements simply do not happen)	yes (1 callers of enclosing SetCustomerLimitationForConfig)	yes: 2/4 statements already live elsewhere, e.g. cMyDB.cpp:646	STATE	callees 0/0 ok(def 0, macro 0, sys/undeclared 0); objects 2/2 present	78	[review=auto] ST02 row 1758 [MEDIUM]: KEEP: S25＋V906 建立順序（slTestLog 讀完設定後才建）；照抄會 NULL [S09_ST01_BATCH2 0929] || gate_id=S12-C1
B-106	b_gate_expired	csystem.cpp:9085-9088	CheckContinusStartIsReady	csystem.cpp:11827-11828 (file assumed = port file)	golden text as gated: if(IniConfig.bC13NeedToRestartGroundWhenInitialStart) fGroundMan->ReStart();	gated by IF0; nothing replaces it (the statements simply do not happen)	yes (1 callers of enclosing CheckContinusStartIsReady)	no (0/1 statements found live elsewhere)	STATE	callees 1/1 ok(def 1, macro 0, sys/undeclared 0); objects 2/2 present	78	[review=auto] ST02 row 1770 [MEDIUM]: KEEP: TfGroundMan::ReStart is a no-op in the port (GATE GM-3) + C13 Sigurd Beixing customer flag [S09_FREED_STATUS 0930] || gate_id=W906-T6-GROUNDMAN
B-107	b_gate_expired	csystem.cpp:9528-9557	CheckContinusStartIsReady	main.cpp:16319-16321	golden text as gated: if(CUSTOMER_CODE==CC_UTAC) { if(LastSet.iTester==ON_LINE) { if(fMain->iFileOkPPSELECT==2) { ShowErrorMessage("WAR16326", K_RETRY, MMSystem); if(LastSet.iRunStartMode==...	gated by IF0; nothing replaces it (the statements simply do not happen)	yes (1 callers of enclosing CheckContinusStartIsReady)	yes: 6/11 statements already live elsewhere, e.g. TesterComm/Handler/HandlerGpibMsg.cpp:551	STATE	callees 2/2 ok(def 2, macro 0, sys/undeclared 0); objects 2/2 present	78	[review=auto] ST02 row 1778 [MEDIUM]: KEEP (S25 customer code) [S09_FREED_STATUS 0930] || gate_id=W906-T6-UTACPPSEL
B-108	b_gate_expired	csystem.cpp:11496-11506	DoReceiveAutoTray	csystem.cpp:7108	golden text as gated: fBarCode->Write_Device_Info_By_Tray(Pos, LastSet.iDevice_Info_By_Tray[Pos]);	gated by IF0; #else arm: EMPTY (0 stmts)	yes (4 callers of enclosing DoReceiveAutoTray)	yes: 1/1 statements already live elsewhere, e.g. asendic_Auto.cpp:1443	STATE	callees 1/1 ok(def 1, macro 0, sys/undeclared 0); objects 2/2 present	78	[review=auto] ST02 row 1790 [MEDIUM]: KEEP (S25 customer code) [S09_FREED_STATUS 0930] || gate_id=g3-G15
B-109	b_gate_expired	csystem.cpp:16754-16761	DoSystem	csystem.cpp:4547-4552	golden text VERBATIM in the gate: if(IniConfig.bC11UseMonitorView) { fMonitor->OpenMonitorVedio(0); if(CUSTOMER_CODE==CC_Greatek) fMonitor->OpenMonitorVedio(3); }	gated by IF0; nothing replaces it (the statements simply do not happen)	yes (1 callers of enclosing DoSystem)	no (0/3 statements found live elsewhere)	STATE	callees 1/1 ok(def 1, macro 0, sys/undeclared 0); objects 2/2 present	78	[review=auto] ST02 row 1823 [MEDIUM]: KEEP (S25 customer code) [S09_FREED_STATUS 0930] || gate_id=G18
B-110	b_gate_expired	forms/fLotInfo.cpp:6892-6895	TfLotInfo::SetLotEnd	fLotInfo.cpp:2210-2211 (file assumed = port file)	golden text as gated: if(CUSTOMER_CODE==CC_TSMC_TAINAN) sbSECSLotStart->Down=true;	gated by IF0; nothing replaces it (the statements simply do not happen)	yes (2 callers of enclosing TfLotInfo::SetLotEnd)	no (0/1 statements found live elsewhere)	STATE	callees 0/0 ok(def 0, macro 0, sys/undeclared 0); objects 1/1 present	78	[review=auto] ST02 row 829 [LOW]: KEEP: S25（客戶專屬先跳過）；相依都在，要破例的話草稿已備 [S09_ST01_BATCH2 0929] || gate_id=W906-PROD-S117-S25-TSMC
B-111	b_gate_expired	forms/fLotInfo.cpp:7247-7249	TfLotInfo::sbSECSLotEndClick	uLotInfo.h:1441	golden text as gated: bVTESTKitCheckPending=false;	gated by IF0; nothing replaces it (the statements simply do not happen)	yes (7 callers of enclosing TfLotInfo::sbSECSLotEndClick)	no (0/1 statements found live elsewhere)	STATE	callees 0/0 ok(def 0, macro 0, sys/undeclared 0); objects 0/0 present	78	[review=auto] ST02 row 843 [LOW]: KEEP: 仍缺 bVTESTKitCheckPending；906 沒有；S25 [S09_ST01_BATCH2 0929] || gate_id=W906-PROD-S117-S25-VTEST
B-112	b_gate_expired	forms/fMonitor.cpp:87-91	TfMonitor::FormDestroy	fMonitor.cpp:62 (file assumed = port file)	golden text VERBATIM in the gate: MVCtrl->Disconnect();	gated by IF0; nothing replaces it (the statements simply do not happen)	yes (2 callers of enclosing TfMonitor::FormDestroy)	no (0/1 statements found live elsewhere)	STATE	callees 1/1 ok(def 1, macro 0, sys/undeclared 0); objects 1/1 present	78	[review=auto] ST02 row 897 [LOW]: KEEP (dependency exists, but heater / motor / IO / customer -- stopped for the laptop): MonitorTCPIP（不完整型別） -- MVCtrl->Disconnect()：MVCtrl 永遠是 NULL，因為建構那段在 f... || gate_id=M-2.
B-113	b_gate_expired	csystem.cpp:21564-21573	RecordSafeDoorStates	csystem.cpp:2966-2971	golden text VERBATIM in the gate: if(EmptySocketCheckModeBeUse() && IniConfig.bI41_2_OpenChamberDoor && bHeaterDoorOpen) { fMain->ResetForESC("Start Empty Socket OneCycle by open heater door"); }	gated by IF0; #else arm: EMPTY (0 stmts)	no callers found for enclosing RecordSafeDoorStates	no (0/2 statements found live elsewhere)	STATE	callees 2/2 ok(def 2, macro 0, sys/undeclared 0); objects 2/2 present | link-boundary only: ResetForESC	75	[review=auto] ST02 row 1858 [MEDIUM]: KEEP (heater / temperature / ATC) [S09_FREED_STATUS 0930] || gate_id=G26
A2-015	a2_abbreviated_body	Command.cpp:9199-9412	TfMain::GetSiteMappingByDLL	Command.cpp:9000-9213	144 stmts/214 lines; calls:	ABBREVIATED body (214 of 214 lines): 28/86 (33%) of golden's distinct statements exist live anywhere in the port; 0% only under #if 0/alt arm; 33% in this function	yes (1 certain, 0 possible) e.g. Command.cpp:10286 in TfMain::WriteSiteOnOff	no (0/4 checked)	STATE	callees 0/0 ok(def 0, macro 0, sys/undeclared 0); objects 2/2 present	74	[review=auto] || match=L1-samefile flip=same in_cmake=True
A2-016	a2_abbreviated_body	cObserver.cpp:2684-2963	TfObserver::WriteCategoryData	cObserver.cpp:3274-3547	84 stmts/274 lines; calls: UpdataCount, SetCellNumber, IsNNMode, ChangeToPercentage	ABBREVIATED body (280 of 274 lines): 23/69 (33%) of golden's distinct statements exist live anywhere in the port; 0% only under #if 0/alt arm; 33% in this function	yes (2 certain, 0 possible) e.g. cObserver.cpp:4811 in TfObserver::rgRowNoClick	no (0/4 checked)	STATE	callees 4/4 ok(def 4, macro 0, sys/undeclared 0); objects 17/17 present	74	[review=auto] || match=L1-samefile flip=same in_cmake=True
B-114	b_gate_expired	Command.cpp:16357-16359	TfMain::RemoteControl	Command.cpp:9700 (file assumed = port file)	golden text as gated: fMain->Start("RemoteControl Start");	gated by IF0; nothing replaces it (the statements simply do not happen)	no callers found for enclosing TfMain::RemoteControl	no (0/1 statements found live elsewhere)	STATE	callees 1/1 ok(def 1, macro 0, sys/undeclared 0); objects 1/1 present	72	[review=auto] ST02 row 1169 [MEDIUM]: KEEP: compiles, but write-policy / safety gate (shared config or security file write) [RESCAN 0930] || gate_id=W906-FW-CMD-C
B-115	b_gate_expired	Command.cpp:16367-16369	TfMain::RemoteControl	Command.cpp:9706 (file assumed = port file)	golden text as gated: fMain->Pause("RemoteControl Reset");	gated by IF0; nothing replaces it (the statements simply do not happen)	no callers found for enclosing TfMain::RemoteControl	no (0/1 statements found live elsewhere)	STATE	callees 1/1 ok(def 1, macro 0, sys/undeclared 0); objects 1/1 present	72	[review=auto] ST02 row 1170 [MEDIUM]: KEEP: compiles, but write-policy / safety gate (shared config or security file write) [RESCAN 0930] || gate_id=W906-FW-CMD-C
B-116	b_gate_expired	Command.cpp:16377-16379	TfMain::RemoteControl	Command.cpp:9712 (file assumed = port file)	golden text as gated: fMain->Pause("RemoteControl Pause");	gated by IF0; nothing replaces it (the statements simply do not happen)	no callers found for enclosing TfMain::RemoteControl	no (0/1 statements found live elsewhere)	STATE	callees 1/1 ok(def 1, macro 0, sys/undeclared 0); objects 1/1 present	72	[review=auto] ST02 row 1171 [MEDIUM]: KEEP: compiles, but write-policy / safety gate (shared config or security file write) [RESCAN 0930] || gate_id=W906-FW-CMD-C
A1-033	a1_stub_body	TfAOILaserScan.cpp:1487-1521	TfTrayMapFromLoader::AnalysisTrayData	TfAOILaserScan.cpp:1256-1281	12 stmts/26 lines; calls: StrToIntDef, SetCellColorIndex	EMPTY body{} (only (void)x)	yes (1 certain, 0 possible) e.g. TfAOILaserScan.cpp:1337 in TfTrayMapFromLoader::DoGetValue	gated-only 4/4, e.g. TfAOILaserScan.cpp:36 (alt-arm)	STATE	callees 2/2 ok(def 2, macro 0, sys/undeclared 0); objects 0/0 present	72	[review=auto] || in-function gates: 1493-1520 1d [KEEP: still missing incomplete:TTMyTray (flip-compile, main 8e5a1b1...] || match=L1-samefile flip=same in_cmake=True || port comment calls it a stub/offline
B-117	b_gate_expired	cTrayForm.cpp:139-141	TfTrayForm::Init	cTrayForm.cpp:102 (file assumed = port file)	golden text as gated: elTrayForm->Add(YBTypeSize2,&UserDefForm_File[1].BlockTraySize, ECText, "Type1", "Block Tray Type Size", bShow, bEnable, bReadFromFile, 0.1, true, 0.001, 1000.00);	gated by IF0; nothing replaces it (the statements simply do not happen)	yes (12 callers of enclosing TfTrayForm::Init)	no (0/1 statements found live elsewhere)	STATE	callees 1/1 ok(def 1, macro 0, sys/undeclared 0); objects 2/2 present	72	[review=auto] ST02 row 589 [LOW]: KEEP: compiles, but write-policy / safety gate (shared config or security file write) [RESCAN 0930] || gate_id=W906-TRAY-READ-BTS
B-118	b_gate_expired	cTrayForm.cpp:162-164	TfTrayForm::Init	cTrayForm.cpp:123 (file assumed = port file)	golden text as gated: elTrayForm->Add(YBTypeSize3,&UserDefForm_File[2].BlockTraySize, ECText, "Type2", "Block Tray Type Size", bShow, bEnable, bReadFromFile, 0.1, true, 0.001, 1000.00);	gated by IF0; nothing replaces it (the statements simply do not happen)	yes (12 callers of enclosing TfTrayForm::Init)	no (0/1 statements found live elsewhere)	STATE	callees 1/1 ok(def 1, macro 0, sys/undeclared 0); objects 2/2 present	72	[review=auto] ST02 row 590 [LOW]: KEEP: compiles, but write-policy / safety gate (shared config or security file write) [RESCAN 0930] || gate_id=W906-TRAY-READ-BTS
B-119	b_gate_expired	uTemp_Set.cpp:7163-7166	TfTemp_Set::btnDefrostStartClick	n/a (gate does not cite a golden line)	golden text as gated: fTriMachineSelectDeviceDefrost_Start(iIndex); bManualDefrost_Start=true;	gated by IF0; nothing replaces it (the statements simply do not happen)	no callers found for enclosing TfTemp_Set::btnDefrostStartClick	no (0/2 statements found live elsewhere)	STATE	callees 1/1 ok(def 1, macro 0, sys/undeclared 0); objects 0/0 present	72	[review=auto] ST02 row 1030 [LOW]: KEEP: compiles, but write-policy / safety gate (shared config or security file write) [RESCAN 0930] || gate_id=S11
B-120	b_gate_expired	uTemp_Set.cpp:7178-7180	TfTemp_Set::btnDefrostEndClick	n/a (gate does not cite a golden line)	golden text as gated: fTriMachineSelectDeviceDefrost_End(iIndex);	gated by IF0; nothing replaces it (the statements simply do not happen)	no callers found for enclosing TfTemp_Set::btnDefrostEndClick	no (0/1 statements found live elsewhere)	STATE	callees 1/1 ok(def 1, macro 0, sys/undeclared 0); objects 0/0 present	72	[review=auto] ST02 row 1031 [LOW]: KEEP: compiles, but write-policy / safety gate (shared config or security file write) [RESCAN 0930] || gate_id=S12
B-121	b_gate_expired	uTemp_Set.cpp:7387-7392	TfTemp_Set::btn_DefrostAllUseStartClick	n/a (gate does not cite a golden line)	golden text as gated: fTriMachineSelectDeviceDefrost_Start(0); fTriMachineSelectDeviceDefrost_Start(1); fTriMachineSelectDeviceDefrost_Start(2); bManualDefrost_Start=true;	gated by IF0; nothing replaces it (the statements simply do not happen)	no callers found for enclosing TfTemp_Set::btn_DefrostAllUseStartClick	no (0/4 statements found live elsewhere)	STATE	callees 1/1 ok(def 1, macro 0, sys/undeclared 0); objects 0/0 present	72	[review=auto] ST02 row 1036 [LOW]: KEEP: compiles, but write-policy / safety gate (shared config or security file write) [RESCAN 0930] || gate_id=S15
B-122	b_gate_expired	uTemp_Set.cpp:7404-7408	TfTemp_Set::btn_DefrostAllUseEndClick	n/a (gate does not cite a golden line)	golden text as gated: fTriMachineSelectDeviceDefrost_End(0); fTriMachineSelectDeviceDefrost_End(1); fTriMachineSelectDeviceDefrost_End(2);	gated by IF0; nothing replaces it (the statements simply do not happen)	no callers found for enclosing TfTemp_Set::btn_DefrostAllUseEndClick	no (0/3 statements found live elsewhere)	STATE	callees 1/1 ok(def 1, macro 0, sys/undeclared 0); objects 0/0 present	72	[review=auto] ST02 row 1037 [LOW]: KEEP: compiles, but write-policy / safety gate (shared config or security file write) [RESCAN 0930] || gate_id=S16
A2-017	a2_abbreviated_body	MyLaneIo.cpp:734-766	TLaneIO::CheckPortRangeErr	MyLaneIo.cpp:574-617	8 stmts/44 lines; calls:	ABBREVIATED body (33 of 44 lines): 3/8 (38%) of golden's distinct statements exist live anywhere in the port; 0% only under #if 0/alt arm; 38% in this function	yes (6 certain, 0 possible) e.g. MyLaneIo.cpp:270 in TLaneIO::IOBitOn	no (0/4 checked)	STATE	callees 0/0 ok(def 0, macro 0, sys/undeclared 0); objects 0/0 present	71	[review=auto] || match=L1-samefile flip=same in_cmake=True
A2-018	a2_abbreviated_body	Automation/uRENESAS_Server.cpp:2037-2060	TRENESAS_Server::GetProductInfoMessge	Automation/uRENESAS_Server.cpp:1903-1926	10 stmts/24 lines; calls: GetErrCode, cat_printf	ABBREVIATED body (24 of 24 lines): 4/10 (40%) of golden's distinct statements exist live anywhere in the port; 0% only under #if 0/alt arm; 40% in this function	yes (1 certain, 0 possible) e.g. Automation/uRENESAS_Server.cpp:2203 in TRENESAS_Server::SendProductInfo	no (0/4 checked)	STATE	callees 2/2 ok(def 2, macro 0, sys/undeclared 0); objects 3/3 present	70	[review=auto] || scope: customer/feature-specific || match=L1-samefile flip=same in_cmake=True
A1-034	a1_stub_body	BinDisplay/MyBinDisp.cpp:332-334	TMyBinDispCtrl::Timer1Timer	BinDisplay/MyBinDisp.cpp:284-604	131 stmts/321 lines; calls: IsAnyFlashing, GetCOMPortStatus, StartComm, AddTextWithDateTime, MyDBIProcess, ShowMyMessage ...	EMPTY body{}	yes (1 certain, 3 possible) e.g. BinDisplay/MyBinDisp.cpp:214 in TMyBinDispCtrl::TMyBinDispCtrl	YES live 1/4, e.g. ATC/ATCInterface.cpp:1869 in TATCInterfaceForm::TimerChillerStopTimer	STATE	callees 13/13 ok(def 13, macro 0, sys/undeclared 0); objects 6/7 present; OBJ-ABSENT [DataModule3]	70	[review=auto] || match=L1-samefile flip=same in_cmake=True || port comment calls it a stub/offline
A3-020	a3_macro_seam	atester.cpp:5894	EncoderTeachingMaxMinCount -> W7T1_EncoderTeachingMaxMinCount	Motor/mymotor.cpp:5426-5499 (18 stmts)	golden EncoderTeachingMaxMinCount has 18 statements	EMPTY stub (0 stmts); #define EncoderTeachingMaxMinCount W7T1_EncoderTeachingMaxMinCount	yes (1 call sites between #define and #undef read the stub) e.g. atester.cpp:8556 in DoTestHeadMotor	yes: real body Motor/mymotor.cpp:2793(0 stmts) (already live; the seam hides it from the call sites above)	STATE	real body exists: yes	70	[review=auto] seam id=A-SEAM-29 src=both undef=None || DOUBLE-APPLY HAZARD: do not copy golden text into the stub; retire the #define/stub so callers reach the real body
A3-021	a3_macro_seam	atester_32Site.cpp:395	SetHangupMaxTime -> W5_32S_SetHangupMaxTime	cinitial.cpp:7557-7576 (5 stmts)	golden SetHangupMaxTime has 5 statements	EMPTY stub (0 stmts); #define SetHangupMaxTime W5_32S_SetHangupMaxTime	yes (2 call sites between #define and #undef read the stub) e.g. atester_32Site.cpp:3113 in DoTestSuckTestIC_TwoArm32Site	yes: real body aTester_Front.cpp:3078, cinitial.cpp:11325 (already live; the seam hides it from the call sites above)	STATE	real body exists: yes	70	[review=auto] seam id=A-SEAM-19 src=macro_seam_scan undef=None || DOUBLE-APPLY HAZARD: do not copy golden text into the stub; retire the #define/stub so callers reach the real body
A3-022	a3_macro_seam	atester_32Site.cpp:413	EncoderTeachingMaxMinCount -> W5_32S_EncoderTeachingMaxMinCount	Motor/mymotor.cpp:5426-5499 (18 stmts)	golden EncoderTeachingMaxMinCount has 18 statements	EMPTY stub (0 stmts); #define EncoderTeachingMaxMinCount W5_32S_EncoderTeachingMaxMinCount	yes (2 call sites between #define and #undef read the stub) e.g. atester_32Site.cpp:1482 in DoTestY_TwoArm32Site	yes: real body Motor/mymotor.cpp:2717, Motor/mymotor.cpp:2793 (already live; the seam hides it from the call sites above)	STATE	real body exists: yes	70	[review=auto] seam id=A-SEAM-21 src=macro_seam_scan undef=None || DOUBLE-APPLY HAZARD: do not copy golden text into the stub; retire the #define/stub so callers reach the real body
A2-019	a2_abbreviated_body	EtherCAT/MyNUEC1.cpp:159-216	TMyNUEC1::ReadCurrentValue	EtherCAT/MyNUEC1.cpp:82-126	21 stmts/45 lines; calls: Acm_DaqDiGetByteEx, IntToHex, HexStrToInt, Acm_DevReadSDOData	ABBREVIATED body (58 of 45 lines): 4/22 (18%) of golden's distinct statements exist live anywhere in the port; 82% only under #if 0/alt arm; 18% in this function	yes (1 certain, 1 possible) e.g. EtherCAT/MyNUEC1.cpp:149 in TMyNUEC1::ReadCurrentValue	gated-only 4/4, e.g. EtherCAT/MyNUEC1.cpp:58 (alt-arm)	STATE	callees 3/4 ok(def 2, macro 0, sys/undeclared 1); ABSENT [Acm_DaqDiGetByteEx]; objects 0/0 present	69	[review=auto] || scope: feature:MN200/EtherCAT card || match=L1-samefile flip=same in_cmake=True || port comment calls it a stub/offline
A2-020	a2_abbreviated_body	Motor/mymotor.cpp:2326-2349	TTrayMotor::InitNewTray	Motor/mymotor.cpp:1192-1439	77 stmts/248 lines; calls: ClearData, SetData, MNetLog, GetSiteCount, SetCellColorIndex, SetCellNumber	ABBREVIATED body (24 of 248 lines): 17/41 (42%) of golden's distinct statements exist live anywhere in the port; 58% only under #if 0/alt arm; 17% in this function	yes (1 certain, 60 possible) e.g. Motor/mymotor.cpp:2395 in TTrayMotor::SetTray	YES live 1/4, e.g. Command.cpp:380 in TfMain::RefreshTempData	STATE	callees 6/6 ok(def 6, macro 0, sys/undeclared 0); objects 5/5 present	69	[review=auto] docs:other-docs || match=L1-samefile flip=same in_cmake=True || port comment calls it a stub/offline
B-123	b_gate_expired	forms/fDTME08.cpp:702-710	E-22	fDTME08.cpp:336-339 (file assumed = port file)	golden text as gated: void TfrmDTME08::SetSP(int iCh,double SV,AnsiString Event) { GetPalGroup(iCh)->SetSV(SV); }	gated by IF0; nothing replaces it (the statements simply do not happen)	no callers found for enclosing (file scope)	no (0/2 statements found live elsewhere)	STATE	callees 3/3 ok(def 3, macro 0, sys/undeclared 0); objects 0/0 present | link-boundary only: SetSP, SetSV	68	[review=auto] ST02 row 732 [LOW]: KEEP: compiles, reviewed by hand in the 0930 stale scan (design decision / heater, temperature, vacuum or Rotate file) [STALE_SCAN 0930] || gate_id=E-22
B-124	b_gate_expired	forms/fTesterIF.cpp:1614-1628	F-14	fTesterIF.cpp:1358-1366 (file assumed = port file)	golden text as gated: void TFTestIF::sbtExitClick(TObject *Sender) { if(rgInterfaceType->ItemIndex==0) { CheckTTLBoardBitMode(); } sbtExit->Down=false; Close(); }	gated by IF0; nothing replaces it (the statements simply do not happen)	no callers found for enclosing (file scope)	yes: 2/4 statements already live elsewhere, e.g. FileRW/TestIF_File_TesterIF.cpp:556	STATE	callees 3/3 ok(def 3, macro 0, sys/undeclared 0); objects 2/2 present | link-boundary only: CheckTTLBoardBitMode	68	[review=auto] ST02 row 961 [LOW]: KEEP: compiles, reviewed by hand in the 0930 stale scan (design decision / heater, temperature, vacuum or Rotate file) [STALE_SCAN 0930] || gate_id=F-14
A1-035	a1_stub_body	AutoClean/AutoClean.cpp:254	CheckInArmAutoAlignmentCKModeBeUse	AutoAlignment/AutoAlignment.cpp:8791-8846	18 stmts/56 lines; calls:	constant: return false;	yes (1 same-file call sites; file-local static, other TUs bind to the real function) e.g. AutoClean/AutoClean.cpp:8283 in DoAutoCleanKit	no (0/4 checked)	STATE	callees 0/0 ok(def 0, macro 0, sys/undeclared 0); objects 4/4 present	66	[review=auto] docs:GL_S0_STUB_LEDGER(Aug26) || match=L2-anyfile flip=same in_cmake=True || port comment calls it a stub/offline
A1-036	a1_stub_body	acatchtray_shims.cpp:136	SearchNeedAMRUnloadCount	Magazine.cpp:4257-4299	9 stmts/43 lines; calls: FullIC	constant: return 0;	yes (4 certain, 0 possible) e.g. acatchtray.cpp:6958 in DoCatchTray	no (0/4 checked)	STATE	callees 1/1 ok(def 1, macro 0, sys/undeclared 0); objects 3/3 present	66	[review=auto] docs:GL_S0_STUB_LEDGER(Aug26) || scope: feature:magazine/AMR || match=L2-anyfile flip=same in_cmake=True || port comment calls it a stub/offline
A1-037	a1_stub_body	acatchtray_shims.cpp:137	AMRUnloadBin	Magazine.cpp:3721-3744	6 stmts/24 lines; calls:	constant: return "";	yes (7 certain, 0 possible) e.g. acatchtray.cpp:6964 in DoCatchTray	YES live 1/4, e.g. Automation/AMR.cpp:278 in TTeraPowerAMR::GetTrackBinData	STATE	callees 0/0 ok(def 0, macro 0, sys/undeclared 0); objects 1/1 present	66	[review=auto] || scope: feature:magazine/AMR || match=L2-anyfile flip=same in_cmake=True || port comment calls it a stub/offline
A1-038	a1_stub_body	acatchtray_shims.cpp:151	InitDoOutArmTeachAlignmentProcessTask	AutoAlignment/AutoAlignment.cpp:8619-8625	4 stmts/7 lines; calls: CheckAndReadIniDataGeneral	EMPTY body{}	yes (1 certain, 0 possible) e.g. acatchtray.cpp:5008 in DoPlaceTrayToAuto	no (0/4 checked)	STATE	callees 1/1 ok(def 1, macro 0, sys/undeclared 0); objects 0/0 present	66	[review=auto] docs:GL_S0_STUB_LEDGER(Aug26),INBOX_QUEUE,AUDIT || match=L2-anyfile flip=same in_cmake=True || port comment calls it a stub/offline
A1-039	a1_stub_body	aoutarm.cpp:544	InitAOIFunction	fAOI.cpp:2739-2751	3 stmts/13 lines; calls:	EMPTY body{}	yes (1 same-file call sites; file-local static, other TUs bind to the real function) e.g. aoutarm.cpp:1396 in InitOutArmTask	YES live 2/4, e.g. AutoClean/AutoClean.cpp:1894 in CheckInArmSuckFromCleanKitICFallDown	STATE	callees 0/0 ok(def 0, macro 0, sys/undeclared 0); objects 1/1 present	66	[review=auto] docs:INBOX_QUEUE || match=L2-anyfile flip=same in_cmake=True || port comment calls it a stub/offline
A1-040	a1_stub_body	aoutarm9045.cpp:2543	CheckPlaceToBufferTray	Magazine.cpp:376-413	7 stmts/38 lines; calls:	constant: return false;	yes (1 same-file call sites; file-local static, other TUs bind to the real function) e.g. aoutarm9045.cpp:2868 in SearchTrayToPlace_Magazine	YES live 1/4, e.g. AutoClean/AutoClean.cpp:1894 in CheckInArmSuckFromCleanKitICFallDown	STATE	callees 0/0 ok(def 0, macro 0, sys/undeclared 0); objects 1/1 present	66	[review=auto] || scope: feature:magazine/AMR || match=L2-anyfile flip=same in_cmake=True || port comment calls it a stub/offline
A1-041	a1_stub_body	aoutarm_shims.cpp:104	CheckPlaceToMagazineTray	Magazine.cpp:361-374	4 stmts/14 lines; calls: FullIC	constant: return true;	yes (27 certain, 0 possible) e.g. aoutarm9045S_1x4_4.cpp:2468 in DoOutArm_9045S_1x4_4	no (0/3 checked)	STATE	callees 1/1 ok(def 1, macro 0, sys/undeclared 0); objects 0/0 present	66	[review=auto] || scope: feature:magazine/AMR || match=L2-anyfile flip=same in_cmake=True || port comment calls it a stub/offline
A1-042	a1_stub_body	asendic_Auto.cpp:352	W7L1A_GetBundleInfo	cpublic.cpp:2016-2180	56 stmts/165 lines; calls: cJSON_CreateObject, cJSON_CreateArray, cJSON_AddItemToObject, cJSON_CreateString, cJSON_AddItemToArray, cJSON_Print	constant: return AnsiString("");	yes (3 certain, 0 possible) e.g. asendic_Auto.cpp:2111 in DoAutoReceiveBinTray [via #define GetBundleInfo]	gated-only 4/4, e.g. cpublic.cpp:1023 (alt-arm)	STATE	callees 6/6 ok(def 6, macro 0, sys/undeclared 0); objects 7/7 present	66	[review=auto] docs:handoff || match=L2-anyfile flip=same in_cmake=True || port comment calls it a stub/offline
A1-043	a1_stub_body	asendic_Loader.cpp:273	W7L1L_LogIndexMaxMinPos	cpublic.cpp:1582-1599	11 stmts/18 lines; calls: GetTimeInfo, AddTextWithDateTime, AddIndexPosLog, MySaveToFile, InitialMaxMinValue	EMPTY body{}	yes (1 certain, 0 possible) e.g. asendic_Loader.cpp:464 in DoSupplyNewICTray [via #define LogIndexMaxMinPos]	gated-only 4/4, e.g. cpublic.cpp:552 (alt-arm)	STATE	callees 5/5 ok(def 5, macro 0, sys/undeclared 0); objects 1/1 present	66	[review=auto] docs:NB2-seam-list(0925),handoff || match=L2-anyfile flip=same in_cmake=True || port comment calls it a stub/offline
A1-044	a1_stub_body	asendic_Loader.cpp:274-275	W7L1L_CheckInArmAutoAlignmentTrayModeBeUse	AutoAlignment/AutoAlignment.cpp:8769-8789	6 stmts/21 lines; calls:	constant: return false;	yes (1 certain, 0 possible) e.g. asendic_Loader.cpp:1429 in DoSupplyNewICTray [via #define CheckInArmAutoAlignmentTrayModeBeUse]	no (0/4 checked)	STATE	callees 0/0 ok(def 0, macro 0, sys/undeclared 0); objects 1/1 present	66	[review=auto] docs:NB2-seam-list(0925) || match=L2-anyfile flip=same in_cmake=True || port comment calls it a stub/offline
A1-045	a1_stub_body	asendic_Loader.cpp:276	W7L1L_InitDoInArmTeachAlignmentProcessTask	AutoAlignment/AutoAlignment.cpp:4465-4471	4 stmts/7 lines; calls: CheckAndReadIniDataGeneral	EMPTY body{}	yes (1 certain, 0 possible) e.g. asendic_Loader.cpp:1431 in DoSupplyNewICTray [via #define InitDoInArmTeachAlignmentProcessTask]	no (0/4 checked)	STATE	callees 1/1 ok(def 1, macro 0, sys/undeclared 0); objects 0/0 present	66	[review=auto] docs:NB2-seam-list(0925),AUDIT || match=L2-anyfile flip=same in_cmake=True || port comment calls it a stub/offline
B-125	b_gate_expired	cprod.cpp:2274-2279	ProcessLastSetIni_RMS	n/a (gate does not cite a golden line)	golden text as gated: if(HSys.MyGem!=NULL) HSys.MyGem->UpdateDataPath(DataPath);	gated by IF0; nothing replaces it (the statements simply do not happen)	yes (2 callers of enclosing ProcessLastSetIni_RMS)	no (0/1 statements found live elsewhere)	STATE	callees 1/1 ok(def 1, macro 0, sys/undeclared 0); objects 1/1 present | link-boundary only: UpdateDataPath	66	[review=auto] ST02 row 1750 [MEDIUM]: KEEP (dependency exists, but heater / motor / IO / customer -- stopped for the laptop): HTGem（不完整型別） -- HSys.MyGem->UpdateDataPath 的本體在 ht9045_secsgem。閘的註解寫的... || gate_id=TODO(GA1-B2)
B-126	b_gate_expired	cprod.cpp:2485-2490	ProcessLastSetIni_FTP	n/a (gate does not cite a golden line)	golden text as gated: if(HSys.MyGem!=NULL) HSys.MyGem->UpdateDataPath(DataPath);	gated by IF0; nothing replaces it (the statements simply do not happen)	yes (2 callers of enclosing ProcessLastSetIni_FTP)	no (0/1 statements found live elsewhere)	STATE	callees 1/1 ok(def 1, macro 0, sys/undeclared 0); objects 1/1 present | link-boundary only: UpdateDataPath	66	[review=auto] ST02 row 1753 [MEDIUM]: KEEP (dependency exists, but heater / motor / IO / customer -- stopped for the laptop): HTGem（不完整型別） -- HSys.MyGem->UpdateDataPath 的本體在 ht9045_secsgem。閘的註解寫的... || gate_id=TODO(GA1-B2)
B-127	b_gate_expired	cprod.cpp:3178-3183	ReadLastSetIni	n/a (gate does not cite a golden line)	golden text as gated: if(HSys.MyGem!=NULL) HSys.MyGem->UpdateDataPath("D:\\HT9045\\IniData\\Data\\");	gated by IF0; nothing replaces it (the statements simply do not happen)	yes (9 callers of enclosing ReadLastSetIni)	no (0/1 statements found live elsewhere)	STATE	callees 1/1 ok(def 1, macro 0, sys/undeclared 0); objects 1/1 present | link-boundary only: UpdateDataPath	66	[review=auto] ST02 row 1761 [MEDIUM]: KEEP (dependency exists, but heater / motor / IO / customer -- stopped for the laptop): HTGem（不完整型別） -- HSys.MyGem->UpdateDataPath 的本體在 ht9045_secsgem。閘的註解寫的... || gate_id=TODO(GA1-B2)
A1-046	a1_stub_body	forms/fFixAICCD.cpp:17	TfFixAICCD::bCheckUnloaderHasAiNG	FixAICCD.cpp:1336-1394	18 stmts/59 lines; calls: ShowMyMessage, EditTray, RefreshAiCnt	EMPTY body{}	yes (13 certain, 0 possible) e.g. asendic_Auto.cpp:515 in DoAutoReceiveBinTray	no (0/4 checked)	STATE	callees 3/3 ok(def 3, macro 0, sys/undeclared 0); objects 3/3 present	66	[review=auto] || scope: feature:CCD/tray-map || match=L2-anyfile flip=same in_cmake=True || port comment calls it a stub/offline
B-128	b_gate_expired	forms/fMonitor.cpp:150-153	TfMonitor::LoadTCPIPParament	fMonitor.cpp:94 (file assumed = port file)	golden text VERBATIM in the gate: MVCtrl->InitialSocket(sADDRESS, iPORT);	gated by IF0; nothing replaces it (the statements simply do not happen)	yes (1 callers of enclosing TfMonitor::LoadTCPIPParament)	no (0/1 statements found live elsewhere)	STATE	callees 1/1 ok(def 1, macro 0, sys/undeclared 0); objects 1/1 present | link-boundary only: InitialSocket	66	[review=auto] ST02 row 900 [LOW]: KEEP (dependency exists, but heater / motor / IO / customer -- stopped for the laptop): MonitorTCPIP（不完整型別） -- MVCtrl->InitialSocket：同上。LoadTCPIPParament 在 F... || gate_id=M-1.
A1-047	a1_stub_body	forms/fProductionInfo.cpp:72	TfProductionInfo::CalTrayICCount	ProductionInfo/ProductionInfo.cpp:3352-3378	5 stmts/27 lines; calls: FullIC, HowManyDevice	EMPTY body{}	yes (18 certain, 0 possible) e.g. aoutarm9045.cpp:3488 in VerifyTrayStatus	YES live 1/4, e.g. asortarm.cpp:3957 in DoSortArmPlaceToWitchAuto	STATE	callees 2/2 ok(def 2, macro 0, sys/undeclared 0); objects 3/3 present	66	[review=auto] docs:GL_S0_STUB_LEDGER(Aug26) || match=L2-anyfile flip=same in_cmake=True || port comment calls it a stub/offline
A1-048	a1_stub_body	forms/fSCKART.cpp:68	TfSCKART::DoARTLotStart	Automation/SCK_ART.cpp:4191-4255	30 stmts/65 lines; calls: HasICUnderMachine, ClearLotInfo, SetLotStatus, FormatString, SetLotID, SetLotStart ...	EMPTY body{}	yes (2 certain, 0 possible) e.g. Automation/HANA_ART.cpp:468 in uHANA_ART::DoCmdWhenHDStart	no (0/4 checked)	STATE	callees 11/11 ok(def 11, macro 0, sys/undeclared 0); objects 4/4 present	66	[review=auto] docs:GL_S0_STUB_LEDGER(Aug26) || scope: customer/feature-specific || match=L2-anyfile flip=same in_cmake=True || port comment calls it a stub/offline
A2-021	a2_abbreviated_body	Automation/uRENESAS_Server.cpp:2779-2813	TRENESAS_Server::SendReplyToFTCT	Automation/uRENESAS_Server.cpp:2652-2686	8 stmts/35 lines; calls: SendOnLine, SendProductInfo, SendStart, SendHandlerStart, SendEnd, SendLotEnd ...	ABBREVIATED body (35 of 35 lines): 8/16 (50%) of golden's distinct statements exist live anywhere in the port; 0% only under #if 0/alt arm; 50% in this function	yes (1 certain, 0 possible) e.g. Automation/uRENESAS_Server.cpp:2767 in TRENESAS_Server::bCanNotUse_Cmd_With_TestEnd	no (0/4 checked)	STATE	callees 8/8 ok(def 8, macro 0, sys/undeclared 0); objects 1/1 present	64	[review=auto] || scope: customer/feature-specific || match=L1-samefile flip=same in_cmake=True
A2-022	a2_abbreviated_body	Motor/myEthercatmotor.cpp:1336-1360	TMyEtherCatMotor::Busy	Motor/myEthercatmotor.cpp:1006-1023	8 stmts/18 lines; calls: Acm_AxGetState, IntToHex, ShowErrorMessage	ABBREVIATED body (25 of 18 lines): 2/8 (25%) of golden's distinct statements exist live anywhere in the port; 75% only under #if 0/alt arm; 0% in this function	yes (3 certain, 1 possible) e.g. Motor/myEthercatmotor.cpp:1248 in TMyEtherCatMotor::RealG00	gated-only 4/4, e.g. Motor/myEthercatmotor.cpp:404 (alt-arm)	STATE	callees 2/3 ok(def 2, macro 0, sys/undeclared 0); ABSENT [Acm_AxGetState]; objects 0/0 present	63	[review=auto] || scope: feature:MN200/EtherCAT card || match=L1-samefile flip=same in_cmake=True
A2-023	a2_abbreviated_body	Motor/myEthercatmotor.cpp:1396-1417	TMyEtherCatMotor::GetHomeIO	Motor/myEthercatmotor.cpp:1052-1067	8 stmts/16 lines; calls: Acm_AxGetMotionIO, IntToHex, ShowErrorMessage	ABBREVIATED body (22 of 16 lines): 2/8 (25%) of golden's distinct statements exist live anywhere in the port; 75% only under #if 0/alt arm; 0% in this function	yes (1 certain, 0 possible) e.g. Motor/myEthercatmotor.cpp:1232 in TMyEtherCatMotor::HomeFlag	gated-only 4/4, e.g. Motor/myEthercatmotor.cpp:288 (alt-arm)	STATE	callees 2/3 ok(def 2, macro 0, sys/undeclared 0); ABSENT [Acm_AxGetMotionIO]; objects 0/0 present	63	[review=auto] || scope: feature:MN200/EtherCAT card || match=L1-samefile flip=same in_cmake=True
A1-049	a1_stub_body	ProductionInfo/uPAT_Function.cpp:1710-1731	PAT_Function::GetJobTrayToSetting	ProductionInfo/uPAT_Function.cpp:1056-1072	14 stmts/17 lines; calls: Clear, SettingTrayFormFromServerOnlyOne	EMPTY body{} (only (void)x)	yes (1 certain, 0 possible) e.g. ProductionInfo/uPAT_Function.cpp:1640 in PAT_Function::LoadJobINI	gated-only 4/4, e.g. ProductionInfo/uPAT_Function.cpp:35 (alt-arm)	STATE	callees 1/2 ok(def 1, macro 0, sys/undeclared 0); ABSENT [SettingTrayFormFromServerOnlyOne]; objects 1/2 present; OBJ-ABSENT [stf]	63	[review=auto] || in-function gates: 1713-1730 REGISTER. [KEEP: still missing SetTrayForm_Greatek, stf, TfProductionInfo::suc...] || match=L1-samefile flip=same in_cmake=True
A2-024	a2_abbreviated_body	Motor/mymotor.cpp:2352-2372	TTrayMotor::ClearTray	Motor/mymotor.cpp:1441-1470	17 stmts/30 lines; calls: MNetLog, ClearData, SetCellColorIndex, SetCellNumber	ABBREVIATED body (21 of 30 lines): 10/19 (53%) of golden's distinct statements exist live anywhere in the port; 0% only under #if 0/alt arm; 53% in this function	yes (1 certain, 164 possible) e.g. Motor/mymotor.cpp:1945 in TTrayMotor::TTrayMotor	no (0/4 checked)	STATE	callees 4/4 ok(def 4, macro 0, sys/undeclared 0); objects 2/2 present	62	[review=auto] || match=L1-samefile flip=same in_cmake=True || port comment calls it a stub/offline
A1-050	a1_stub_body	aoutarm.cpp:560	CheckOutArmXYScaleByAutoTeach	AutoAlignment/AutoAlignment.cpp:4917-5392	327 stmts/476 lines; calls: ShowMyMessage, ChangeToFloatNonPcnt, atan, RotationCoordinates, Round	EMPTY body{}	yes (2 same-file call sites; file-local static, other TUs bind to the real function) e.g. aoutarm.cpp:3332 in TransferAutoRatio	no (0/4 checked)	STATE	callees 4/5 ok(def 4, macro 0, sys/undeclared 0); ABSENT [atan]; objects 4/4 present	62	[review=auto] || match=L2-anyfile flip=same in_cmake=True || port comment calls it a stub/offline
A2-025	a2_abbreviated_body	Motor/myEthercatmotor.cpp:372-402	TMyEtherCatMotor::Open_Axis	Motor/myEthercatmotor.cpp:143-164	9 stmts/22 lines; calls: Acm_AxOpenbyID, IntToHex, ShowErrorMessage	ABBREVIATED body (31 of 22 lines): 3/10 (30%) of golden's distinct statements exist live anywhere in the port; 70% only under #if 0/alt arm; 10% in this function	yes (4 certain, 0 possible) e.g. Motor/myEthercatmotor.cpp:411 in TMyEtherCatMotor::InitMotor	YES live 1/4, e.g. Motor/myEthercatmotor.cpp:2157 in TMyEtherCatMotor::Close_Card	STATE	callees 2/3 ok(def 2, macro 0, sys/undeclared 0); ABSENT [Acm_AxOpenbyID]; objects 0/0 present	61	[review=auto] docs:other-docs || scope: feature:MN200/EtherCAT card || match=L1-samefile flip=same in_cmake=True
A2-026	a2_abbreviated_body	Public/HTEditList.cpp:1773-1824	HTEditList::SetItemLimit	Public/HTEditList.cpp:1754-1805	17 stmts/52 lines; calls:	ABBREVIATED body (52 of 52 lines): 9/16 (56%) of golden's distinct statements exist live anywhere in the port; 0% only under #if 0/alt arm; 56% in this function	yes (1 certain, 0 possible) e.g. Public/HTEditList.cpp:591 in HTEditList::Add	YES live 3/4, e.g. Public/HTEdit.cpp:338 in THTEdit::EditClick	STATE	callees 0/0 ok(def 0, macro 0, sys/undeclared 0); objects 0/0 present	60	[review=auto] || match=L1-samefile flip=same in_cmake=True
A2-027	a2_abbreviated_body	SECSGEM/uHGemEquipment.cpp:3532-3563	THGem::GetTimeInfo	SECSGEM/uHGemEquipment.cpp:315-348	14 stmts/34 lines; calls: DecodeDate, DecodeTime, GetDiskFreeSpaceMB, GetGlobalMemoryStatusKB	ABBREVIATED body (32 of 34 lines): 9/16 (56%) of golden's distinct statements exist live anywhere in the port; 0% only under #if 0/alt arm; 56% in this function	yes (11 certain, 3 possible) e.g. SECSGEM/uHGemEquipment.cpp:3637 in THGem::clientGemDisconnect	no (0/4 checked)	STATE	callees 4/4 ok(def 4, macro 0, sys/undeclared 0); objects 2/2 present	60	[review=auto] || scope: feature:SECS/GEM || match=L1-samefile flip=same in_cmake=True || port comment calls it a stub/offline
B-129	b_gate_expired	csystem.cpp:7728-7730	DoTrayFeedProcess	n/a (gate does not cite a golden line)	golden text as gated: sProcessEndInfo=GetBundleInfo(-1);	gated by IF0; nothing replaces it (the statements simply do not happen)	yes (6 callers of enclosing DoTrayFeedProcess)	no (0/1 statements found live elsewhere)	STATE	callees 1/1 ok(def 0, macro 1, sys/undeclared 0); objects 0/0 present	60	[review=auto] ST02: no backlog row matched (no-row) || gate_id=G-W5cI-1
A2-028	a2_abbreviated_body	csystem.cpp:14185-14213	ReadFixTrayBackupData	csystem.cpp:16425-16447	13 stmts/23 lines; calls: SetXYItem, SetCellColorIndex	ABBREVIATED body (29 of 23 lines): 5/13 (38%) of golden's distinct statements exist live anywhere in the port; 62% only under #if 0/alt arm; 38% in this function	yes (1 certain, 0 possible) e.g. csystem.cpp:13663 in InitNewFixTray	gated-only 1/4, e.g. csystem.cpp:2734 (alt-arm)	STATE	callees 2/2 ok(def 2, macro 0, sys/undeclared 0); objects 1/2 present; OBJ-ABSENT [pFixTray]	60	[review=auto] || in-function gates: 14188-14200 G4 [KEEP: still missing TfMain::mtFix1, TfMain::mtFix2, TfMain::mtFix3,...] | 14208-14210 G4 [KEEP: still missing incomplete:TTMyTray (flip-compile, main 8e5a1b1...] || match=L1-samefile flip=same in_cmake=True
A1-051	a1_stub_body	database.cpp:108-113	LogSoftwareOnTime	database.cpp:2876-2898	11 stmts/23 lines; calls: LatchCycleTime, TMyStringList, AddTextWithDateTime, MySaveToFile	EMPTY body{}	yes (10 certain, 0 possible) e.g. WebStart.cpp:1149 in TfMainWeb::StartFromWeb	no (0/4 checked)	STATE	callees 4/4 ok(def 4, macro 0, sys/undeclared 0); objects 1/3 present; OBJ-ABSENT [SoftwareExeTimer, SoftwareExeTimerSum]	60	[review=auto] docs:other-docs || match=L1-samefile flip=same in_cmake=True || port comment calls it a stub/offline
B-130	b_gate_expired	forms/fNote_ShowError.cpp:739-745	ShowMotorErrorMessage	fNote_ShowError.cpp:1128-1132 (file assumed = port file)	golden text as gated: if(TestIF_File.bRENESAS_EnableFTCT==true) { bAutoRestartAfterFTCTAlarm=false; fMain->RENESAS_Server->FTCTManStartUnlock(); }	gated by IF0; nothing replaces it (the statements simply do not happen)	yes (32 callers of enclosing ShowMotorErrorMessage)	yes: 1/3 statements already live elsewhere, e.g. Automation/SCK_ART.cpp:297	STATE	callees 1/1 ok(def 1, macro 0, sys/undeclared 0); objects 2/2 present	60	[review=auto] ST02: no backlog row matched (no-row) || gate_id=W906-JAM-STOP
B-131	b_gate_expired	forms/fNote_ShowError.cpp:887-892	W906_NoteNoticeAckRefusal	fNote_ShowError.cpp:3828-3831 (file assumed = port file)	golden text as gated: if(CosFunction.bEnableHandlerResultServer && bNeedTCPAlarm) return; if(bErrPan_err==true && Pwd!="") return;	gated by IF0; nothing replaces it (the statements simply do not happen)	yes (1 callers of enclosing W906_NoteNoticeAckRefusal)	no (0/2 statements found live elsewhere)	STATE	callees 0/0 ok(def 0, macro 0, sys/undeclared 0); objects 1/1 present	60	[review=auto] ST02: no backlog row matched (no-row) || gate_id=W906-J5-ACK
B-132	b_gate_expired	forms/fNote_ShowError.cpp:1069-1074	W906_NoteNoticeAckLikeGolden	fNote_ShowError.cpp:2514-2517 (file assumed = port file)	golden text as gated: if(CosFunction.bOEEFunction) { fProductionInfo->bFTPError = false; }	gated by IF0; nothing replaces it (the statements simply do not happen)	yes (1 callers of enclosing W906_NoteNoticeAckLikeGolden)	yes: 1/2 statements already live elsewhere, e.g. FileRW/DeviceForm_File.gen.inc:1525	STATE	callees 0/0 ok(def 0, macro 0, sys/undeclared 0); objects 2/2 present	60	[review=auto] ST02: no backlog row matched (no-row) || gate_id=W906-J5-ACK
B-133	b_gate_expired	forms/fNote_ShowError.cpp:1076-1079	W906_NoteNoticeAckLikeGolden	fNote_ShowError.cpp:2520-2521 (file assumed = port file)	golden text as gated: bSendJamCodeToFTP=false; bNeedPassWord=false;	gated by IF0; nothing replaces it (the statements simply do not happen)	yes (1 callers of enclosing W906_NoteNoticeAckLikeGolden)	no (0/2 statements found live elsewhere)	STATE	callees 0/0 ok(def 0, macro 0, sys/undeclared 0); objects 0/0 present	60	[review=auto] ST02: no backlog row matched (no-row) || gate_id=W906-J5-ACK
B-134	b_gate_expired	forms/fNote_ShowError.cpp:1106-1108	W906_NoteNoticeAckLikeGolden	fNote_ShowError.cpp:2546 (file assumed = port file)	golden text as gated: bScanBinLabel=false;	gated by IF0; nothing replaces it (the statements simply do not happen)	yes (1 callers of enclosing W906_NoteNoticeAckLikeGolden)	no (0/1 statements found live elsewhere)	STATE	callees 0/0 ok(def 0, macro 0, sys/undeclared 0); objects 0/0 present	60	[review=auto] ST02: no backlog row matched (no-row) || gate_id=W906-J5-ACK
B-135	b_gate_expired	forms/fNote_ShowError.cpp:1240-1246	W906_NoteNoticeAckLikeGolden	fNote_ShowError.cpp:2675-2679 (file assumed = port file)	golden text as gated: if(bCloseShowMsg) { ShowMyMessage("!!!Please follow the SOP to deal with the found IC. and it is strictly forbiddento dispose of the found IC without permission!!!<Pri...	gated by IF0; nothing replaces it (the statements simply do not happen)	yes (1 callers of enclosing W906_NoteNoticeAckLikeGolden)	no (0/3 statements found live elsewhere)	STATE	callees 1/1 ok(def 1, macro 0, sys/undeclared 0); objects 0/0 present	60	[review=auto] ST02: no backlog row matched (no-row) || gate_id=W906-J5-ACK
B-136	b_gate_expired	forms/fNote_ShowError.cpp:1329-1331	W906_NoteNoticeAckLikeGolden	fNote_ShowError.cpp:2761 (file assumed = port file)	golden text as gated: bPLCFlag=false;	gated by IF0; nothing replaces it (the statements simply do not happen)	yes (1 callers of enclosing W906_NoteNoticeAckLikeGolden)	no (0/1 statements found live elsewhere)	STATE	callees 0/0 ok(def 0, macro 0, sys/undeclared 0); objects 0/0 present	60	[review=auto] ST02: no backlog row matched (no-row) || gate_id=W906-J5-ACK
A2-029	a2_abbreviated_body	Automation/uRENESAS_Server.cpp:295-433	TRENESAS_Server::DoProcRecvData	Automation/uRENESAS_Server.cpp:165-303	99 stmts/139 lines; calls: cat_printf, AppendToMemo, CloseContinueMessageForm, GetFieldData	ABBREVIATED body (139 of 139 lines): 45/78 (58%) of golden's distinct statements exist live anywhere in the port; 0% only under #if 0/alt arm; 58% in this function	yes (1 certain, 0 possible) e.g. Automation/uRENESAS_Server.cpp:224 in TRENESAS_Server::OnProcSocketRead	no (0/4 checked)	STATE	callees 4/4 ok(def 4, macro 0, sys/undeclared 0); objects 2/2 present	59	[review=auto] || scope: feature:OCR camera, customer/feature-specific || match=L1-samefile flip=same in_cmake=True
A2-030	a2_abbreviated_body	LogObjects.cpp:610-654	TfMesSystem::SetOEEState	Mes/fVATMesFileSys.cpp:3223-3260	17 stmts/38 lines; calls: WriteOEEState	ABBREVIATED body (45 of 38 lines): 1/14 (7%) of golden's distinct statements exist live anywhere in the port; 93% only under #if 0/alt arm; 7% in this function	yes (4 certain, 0 possible) e.g. FileRW/MainRecord.cpp:188 in W906_TfMain_UpdateRecordScreen	gated-only 4/4, e.g. LogObjects.cpp:128 (alt-arm)	STATE	callees 0/1 ok(def 0, macro 0, sys/undeclared 0); DECL-ONLY(no body) [WriteOEEState]; objects 2/2 present	59	[review=auto] docs:handoff || in-function gates: 615-653 S25-VTEST [] || match=L2-anyfile flip=same in_cmake=True
A2-031	a2_abbreviated_body	Motor/myEthercatmotor.cpp:1364-1392	TMyEtherCatMotor::Error	Motor/myEthercatmotor.cpp:1027-1048	8 stmts/22 lines; calls: Acm_AxGetState, IntToHex, ShowErrorMessage	ABBREVIATED body (29 of 22 lines): 3/9 (33%) of golden's distinct statements exist live anywhere in the port; 67% only under #if 0/alt arm; 0% in this function	yes (2 certain, 1 possible) e.g. Motor/myEthercatmotor.cpp:1246 in TMyEtherCatMotor::RealG00	gated-only 4/4, e.g. Motor/myEthercatmotor.cpp:404 (alt-arm)	STATE	callees 2/3 ok(def 2, macro 0, sys/undeclared 0); ABSENT [Acm_AxGetState]; objects 0/0 present	59	[review=auto] || scope: feature:MN200/EtherCAT card || match=L1-samefile flip=same in_cmake=True
A2-032	a2_abbreviated_body	Motor/myEthercatmotor.cpp:1573-1602	TMyEtherCatMotor::MotionDone	Motor/myEthercatmotor.cpp:1201-1223	9 stmts/23 lines; calls: Acm_AxGetState, IntToHex, ShowErrorMessage	ABBREVIATED body (30 of 23 lines): 3/9 (33%) of golden's distinct statements exist live anywhere in the port; 67% only under #if 0/alt arm; 0% in this function	yes (5 certain, 11 possible) e.g. Motor/myEthercatmotor.cpp:1609 in TMyEtherCatMotor::MoveTo	gated-only 3/3, e.g. Motor/myEthercatmotor.cpp:404 (alt-arm)	STATE	callees 2/3 ok(def 2, macro 0, sys/undeclared 0); ABSENT [Acm_AxGetState]; objects 0/0 present	59	[review=auto] || scope: feature:MN200/EtherCAT card || match=L1-samefile flip=same in_cmake=True
A1-052	a1_stub_body	forms/fMain.cpp:549	TfMain::MainFormChange	main.cpp:3883-4096	47 stmts/214 lines; calls: IsNNMode	EMPTY body{}	yes (1 certain, 0 possible) e.g. ckernel.cpp:818 in ScanSystemSensor	YES live 3/4, e.g. atester.cpp:267 in GetRowCol	STATE	callees 1/1 ok(def 1, macro 0, sys/undeclared 0); objects 3/4 present; OBJ-ABSENT [labFailAlarmCnt]	59	[review=auto] || match=L2-anyfile flip=same in_cmake=True || port comment calls it a stub/offline
A1-053	a1_stub_body	BarCode/BarCode_Bottom2DID.cpp:266-274	MoveInArmXY_ToBottom2DID	BarCode/BarCode.cpp:7006-7090	26 stmts/85 lines; calls: GetInArmPitchY_9045, GetInArmPitchX_9045, GetPlace, InArmContinuousMove_9045	constant: return true;	yes (2 certain, 0 possible) e.g. BarCode/BarCode_Bottom2DID.cpp:608 in BarCode_DoBottom2DIDScan	YES live 2/4, e.g. OCRInsp.cpp:463 in MoveOCRCCDToLoaderStage	STATE	callees 4/4 ok(def 4, macro 0, sys/undeclared 0); objects 7/7 present	57	[review=auto] || in-function gates: 268-272 TODO(W7) [KEEP: compiles, but display only (screen widget the web page replac...] || match=L6-unique-name flip=same in_cmake=True || port comment calls it a stub/offline
A2-033	a2_abbreviated_body	Motor/myEthercatmotor.cpp:1306-1329	TMyEtherCatMotor::ReadRealPos	Motor/myEthercatmotor.cpp:979-999	9 stmts/21 lines; calls: Acm_AxGetCmdPosition, IntToHex, ShowErrorMessage	ABBREVIATED body (24 of 21 lines): 3/8 (38%) of golden's distinct statements exist live anywhere in the port; 50% only under #if 0/alt arm; 25% in this function	yes (2 certain, 0 possible) e.g. Motor/myEthercatmotor.cpp:1112 in TMyEtherCatMotor::ReadPos	gated-only 3/4, e.g. Motor/myEthercatmotor.cpp:398 (alt-arm)	STATE	callees 2/3 ok(def 2, macro 0, sys/undeclared 0); ABSENT [Acm_AxGetCmdPosition]; objects 0/0 present	57	[review=auto] || scope: feature:MN200/EtherCAT card || match=L1-samefile flip=same in_cmake=True
A2-034	a2_abbreviated_body	Motor/myEthercatmotor.cpp:1785-1807	TMyEtherCatMotor::MotOutputOn	Motor/myEthercatmotor.cpp:1392-1412	8 stmts/21 lines; calls: Acm_AxResetError, MySleep, Acm_AxSetSvOn, IntToHex, ShowErrorMessage	ABBREVIATED body (23 of 21 lines): 3/10 (30%) of golden's distinct statements exist live anywhere in the port; 70% only under #if 0/alt arm; 0% in this function	yes (1 certain, 0 possible) e.g. Motor/myEthercatmotor.cpp:1831 in TMyEtherCatMotor::SetServoOn	gated-only 4/4, e.g. Motor/myEthercatmotor.cpp:834 (alt-arm)	STATE	callees 3/5 ok(def 3, macro 0, sys/undeclared 0); ABSENT [Acm_AxResetError, Acm_AxSetSvOn]; objects 0/0 present	57	[review=auto] || scope: feature:MN200/EtherCAT card || match=L1-samefile flip=same in_cmake=True
A1-054	a1_stub_body	acarry_shims.cpp:209	SendHTTPRequest	BarCode/BarcodeXML.cpp:386-397	3 stmts/12 lines; calls: SendHTTPRequest	constant: return 0;	yes (4 certain, 0 possible) e.g. BarCode/BarCode_Shuttle1_CCDScan.cpp:2226 in BarCode_DoBarcodeCCDInShuttle_1	no (0/3 checked)	STATE	callees 1/1 ok(def 1, macro 0, sys/undeclared 0); objects 2/3 present; OBJ-ABSENT [frmXml]	57	[review=auto] || match=L2-anyfile flip=same in_cmake=True || port comment calls it a stub/offline
A1-055	a1_stub_body	acatchtray_shims.cpp:132	CheckOutArmAutoAlignmentTrayModeBeUse	AutoAlignment/AutoAlignment.cpp:8848-8927	29 stmts/80 lines; calls:	constant: return false;	yes (1 certain, 0 possible) e.g. acatchtray.cpp:5006 in DoPlaceTrayToAuto	no (0/4 checked)	STATE	callees 0/0 ok(def 0, macro 0, sys/undeclared 0); objects 2/2 present	57	[review=auto] docs:GL_S0_STUB_LEDGER(Aug26) || match=L3-arity-mismatch flip=same in_cmake=True || port comment calls it a stub/offline
A1-056	a1_stub_body	acatchtray_shims.cpp:135	SearchNeedAMRUnload	Magazine.cpp:4146-4255	18 stmts/110 lines; calls: SearchAMRUnloadPos, FullIC	constant: return -1;	yes (4 certain, 0 possible) e.g. acatchtray.cpp:6922 in DoCatchTray	YES live 1/4, e.g. Automation/AMR.cpp:278 in TTeraPowerAMR::GetTrackBinData	STATE	callees 1/2 ok(def 1, macro 0, sys/undeclared 0); ABSENT [SearchAMRUnloadPos]; objects 2/2 present	57	[review=auto] docs:GL_S0_STUB_LEDGER(Aug26) || scope: feature:magazine/AMR || match=L2-anyfile flip=same in_cmake=True || port comment calls it a stub/offline
A2-035	a2_abbreviated_body	Motor/myEthercatmotor.cpp:670-701	TMyEtherCatMotor::DecStop	Motor/myEthercatmotor.cpp:415-439	11 stmts/25 lines; calls: Acm_AxStopDec, IntToHex, ShowErrorMessage, Acm_AxSetExtDrive	ABBREVIATED body (32 of 25 lines): 2/9 (22%) of golden's distinct statements exist live anywhere in the port; 67% only under #if 0/alt arm; 11% in this function	yes (2 certain, 1 possible) e.g. Motor/myEthercatmotor.cpp:1763 in TMyEtherCatMotor::EtherCatMotHome	gated-only 4/4, e.g. Motor/myEthercatmotor.cpp:160 (alt-arm)	STATE	callees 2/4 ok(def 2, macro 0, sys/undeclared 0); ABSENT [Acm_AxStopDec, Acm_AxSetExtDrive]; objects 0/0 present	56	[review=auto] || scope: feature:MN200/EtherCAT card || match=L1-samefile flip=same in_cmake=True
B-137	b_gate_expired	MyLaneIo.cpp:191-239	D	MyLaneIo.cpp:55-101 (file assumed = port file)	golden text VERBATIM in the gate: void TLaneIO::SetUseIP(int Ring, int IP, int iISABase, AnsiString Alias, bool bOutPut) { }	gated by IF0; nothing replaces it (the statements simply do not happen)	no callers found for enclosing (file scope)	no (0/1 statements found live elsewhere)	STATE	callees 1/1 ok(def 1, macro 0, sys/undeclared 0); objects 0/0 present	55	[review=auto] ST02 row 1949 [HIGH]: NOT REVIEWED: HIGH tier (the laptop's); INBOX115=C-R(reference/retired) || gate_id=D
B-138	b_gate_expired	aArmHeader.h:23-98	TODO(W6.x/W7)	n/a (gate does not cite a golden line)	golden text as gated: #include "LaserSensorInArm.h" #include "AutoClean.h" #include "InOutArmZteach.h" #include "ainarm_SearchPickPlate.h" #include "ainarm_SearchPlacePlate.h" #include "ain...	gated by IF0; nothing replaces it (the statements simply do not happen)	no callers found for enclosing (file scope)	no (0/1 statements found live elsewhere)	STATE	callees 0/0 ok(def 0, macro 0, sys/undeclared 0); objects 0/0 present	55	[review=auto] ST02 row 205 [LOW]: NOT REVIEWED: header, no own compile unit (rescan 0930) || gate_id=TODO(W6.x/W7)
B-139	b_gate_expired	ainarm_SearchPlacePlate.cpp:4865-5004	TODO(W7: per-site DoPlaceToHotPlate variants)	n/a (gate does not cite a golden line)	golden text as gated: extern bool DoPlaceToHotPlate_9045_1x1_1(); extern bool DoPlaceToHotPlate_9045_1x2_2(); extern bool DoPlaceToHotPlate_9045_1x2_2_14(); extern bool DoPlaceToHotPlate_90...	gated by IF0; nothing replaces it (the statements simply do not happen)	no callers found for enclosing (file scope)	yes: 29/78 statements already live elsewhere, e.g. ainarm_SearchPlacePlate.cpp:4863	STATE	callees 1/1 ok(def 1, macro 0, sys/undeclared 0); objects 0/0 present	55	[review=auto] ST02 row 1572 [MEDIUM]: NOT REVIEWED: TO_STEVEN §1 (laptop INBOX 128) || gate_id=TODO(W7: per-site DoPlaceToHotPlate variants)
A2-036	a2_abbreviated_body	cMyDB.cpp:482-659	RecordTimeData	cMyDB.cpp:339-498	74 stmts/160 lines; calls: ChangeToFloatNonPcnt, GetOnlyTimeInfoByString, FormatString, MyForceDirectories, ReadIniData, WriteIniData ...	ABBREVIATED body (178 of 160 lines): 46/77 (60%) of golden's distinct statements exist live anywhere in the port; 22% only under #if 0/alt arm; 60% in this function	yes (2 certain, 0 possible) e.g. TesterComm/Handler/TesterCommWiring.cpp:238 in W906_TimeDataHourTickAt	gated-only 1/4, e.g. cMyDB.cpp:82 (alt-arm)	STATE	callees 14/15 ok(def 14, macro 0, sys/undeclared 0); ABSENT [DayOfWeek]; objects 8/9 present; OBJ-ABSENT [asSaveFilePath]	55	[review=auto] docs:handoff || in-function gates: 578-633 TODO(W906-CMYDB-A4) [] || match=L1-samefile flip=same in_cmake=True || port comment calls it a stub/offline
B-140	b_gate_expired	common.h:387-394	TODO(wave-canvas)	n/a (gate does not cite a golden line)	golden text as gated: void __fastcall MyDrawText(TCanvas *pCanvas, TRect &Rect, char *str); void __fastcall MyDrawText(TCanvas *pCanvas, TRect &Rect, char *str, TColor BrushColor); void __f...	gated by IF0; nothing replaces it (the statements simply do not happen)	no callers found for enclosing (file scope)	no (0/6 statements found live elsewhere)	STATE	callees 0/0 ok(def 0, macro 0, sys/undeclared 0); objects 0/0 present	55	[review=auto] ST02 row 644 [LOW]: NOT REVIEWED: header, no own compile unit (rescan 0930) || gate_id=TODO(wave-canvas)
B-141	b_gate_expired	common.h:411-417	TODO(wave-ui)	n/a (gate does not cite a golden line)	golden text as gated: typedef struct { TSpeedButton *SButton; bool Visible; } SPEEDBUTTON_PTR;	gated by IF0; nothing replaces it (the statements simply do not happen)	no callers found for enclosing (file scope)	yes: 2/4 statements already live elsewhere, e.g. CCLink/MyCCLinkBoard.h:1	STATE	callees 0/0 ok(def 0, macro 0, sys/undeclared 0); objects 0/0 present	55	[review=auto] ST02 row 645 [LOW]: NOT REVIEWED: header, no own compile unit (rescan 0930) || gate_id=TODO(wave-ui)
B-142	b_gate_expired	csystem.cpp:30729-30737	MainProc	csystem.cpp:17138-17144 (file assumed = port file)	golden text as gated: if(CUSTOMER_CODE==CC_SCC && IniConfig.bN24_EnableRTM && FormHS->bHaltHandler==true) { SystemStart=false; return; }	gated by IF0; nothing replaces it (the statements simply do not happen)	yes (2 callers of enclosing MainProc)	yes: 1/2 statements already live elsewhere, e.g. FileRW/DeviceForm_File.gen.inc:4000	STATE	callees 0/0 ok(def 0, macro 0, sys/undeclared 0); objects 2/2 present	55	[review=auto] ST02 row 1995 [HIGH]: NOT REVIEWED: HIGH tier (the laptop's); INBOX115=C(reason still holds) || gate_id=W906-T6-SCCRTM
B-143	b_gate_expired	database.h:239-242	TODO(wave)	n/a (gate does not cite a golden line)	golden text as gated: _fastcall SYSTEM_MODULAR::SYSTEM_MODULAR(); _fastcall SYSTEM_MODULAR::~SYSTEM_MODULAR();	gated by IF0; nothing replaces it (the statements simply do not happen)	no callers found for enclosing (file scope)	no (0/2 statements found live elsewhere)	STATE	callees 1/1 ok(def 0, macro 0, sys/undeclared 1); objects 0/0 present	55	[review=auto] ST02 row 689 [LOW]: NOT REVIEWED: header, no own compile unit (rescan 0930) || gate_id=TODO(wave)
A2-037	a2_abbreviated_body	VacuumUnit/MyVacuumPanel.cpp:393-428	TMyVacuumPanel::ShowCurectVal	VacuumUnit/MyVacuumPanel.cpp:285-312	21 stmts/28 lines; calls: TextWidth, TextHeight, TextOutA	ABBREVIATED body (36 of 28 lines): 1/19 (5%) of golden's distinct statements exist live anywhere in the port; 95% only under #if 0/alt arm; 5% in this function	yes (2 certain, 0 possible) e.g. VacuumUnit/MyVacuumPanel.cpp:254 in TMyVacuumPanel::TMyVacuumPanel	gated-only 4/4, e.g. VacuumUnit/MyVacuumPanel.cpp:93 (alt-arm)	STATE	callees 0/3 ok(def 0, macro 0, sys/undeclared 0); ABSENT [TextWidth, TextHeight, TextOutA]; objects 2/3 present; OBJ-ABSENT [ImgVacuumPanel]	53	[review=auto] || in-function gates: 402-426 1 [KEEP: still missing ImgVacuumPanel, TPanel::Font, TPanel::Height, T...] || match=L1-samefile flip=same in_cmake=True
A2-038	a2_abbreviated_body	VacuumUnit/MyVacuumPanel.cpp:430-463	TMyVacuumPanel::ShowThreshold	VacuumUnit/MyVacuumPanel.cpp:314-342	21 stmts/29 lines; calls: TextWidth, TextHeight, TextOutA	ABBREVIATED body (34 of 29 lines): 1/19 (5%) of golden's distinct statements exist live anywhere in the port; 95% only under #if 0/alt arm; 5% in this function	yes (2 certain, 0 possible) e.g. VacuumUnit/MyVacuumPanel.cpp:255 in TMyVacuumPanel::TMyVacuumPanel	gated-only 4/4, e.g. VacuumUnit/MyVacuumPanel.cpp:144 (alt-arm)	STATE	callees 0/3 ok(def 0, macro 0, sys/undeclared 0); ABSENT [TextWidth, TextHeight, TextOutA]; objects 2/3 present; OBJ-ABSENT [ImgVacuumPanel]	53	[review=auto] || in-function gates: 437-461 1 [KEEP: still missing ImgVacuumPanel, TPanel::Font, TPanel::Height, T...] || match=L1-samefile flip=same in_cmake=True
A2-039	a2_abbreviated_body	VacuumUnit/MyVacuumPanel.cpp:465-497	TMyVacuumPanel::SetEvent	VacuumUnit/MyVacuumPanel.cpp:344-371	21 stmts/28 lines; calls: TextWidth, TextHeight, TextOutA	ABBREVIATED body (33 of 28 lines): 1/19 (5%) of golden's distinct statements exist live anywhere in the port; 95% only under #if 0/alt arm; 5% in this function	yes (4 certain, 0 possible) e.g. VacuumUnit/MyVacuumPanel.cpp:256 in TMyVacuumPanel::TMyVacuumPanel	gated-only 4/4, e.g. VacuumUnit/MyVacuumPanel.cpp:191 (alt-arm)	STATE	callees 0/3 ok(def 0, macro 0, sys/undeclared 0); ABSENT [TextWidth, TextHeight, TextOutA]; objects 2/3 present; OBJ-ABSENT [ImgVacuumPanel]	53	[review=auto] || in-function gates: 471-495 1 [KEEP: still missing ImgVacuumPanel, TPanel::Font, TPanel::Height, T...] || match=L1-samefile flip=same in_cmake=True
A1-057	a1_stub_body	acatchtray_shims.cpp:241	InitialTrayMapTask	cTrayMapping.cpp:2379-2387	3 stmts/9 lines; calls:	EMPTY body{}	yes (4 certain, 0 possible) e.g. AutoRetest.cpp:603 in DoAutoRetest	no (0/4 checked)	STATE	callees 0/0 ok(def 0, macro 0, sys/undeclared 0); objects 0/0 present	53	[review=auto] || scope: feature:CCD/tray-map || match=L2-anyfile flip=same in_cmake=True || port comment calls it a stub/offline
A1-058	a1_stub_body	forms/fShowMessage.cpp:10	TfShowMessage::ShowSpeed	uShowMessage.cpp:46-123	21 stmts/78 lines; calls: Repaint, ShowTrayDeviceDir	EMPTY body{}	yes (6 certain, 0 possible) e.g. AutoClean/AutoClean.cpp:989 in CleanSetSpeed	YES live 1/4, e.g. cinitial.cpp:5459 in SetSortArmSpeed	STATE	callees 1/2 ok(def 1, macro 0, sys/undeclared 0); ABSENT [ShowTrayDeviceDir]; objects 3/4 present; OBJ-ABSENT [sgdSpeedView]	53	[review=auto] docs:GL_S0_STUB_LEDGER(Aug26) || match=L2-anyfile flip=same in_cmake=True
A2-040	a2_abbreviated_body	Motor/myEthercatmotor.cpp:898-1014	TMyEtherCatMotor::SetSpeed	Motor/myEthercatmotor.cpp:618-731	42 stmts/114 lines; calls: Acm_SetF64Property, IntToHex, ShowErrorMessage, Acm_SetI32Property	ABBREVIATED body (117 of 114 lines): 10/32 (31%) of golden's distinct statements exist live anywhere in the port; 66% only under #if 0/alt arm; 28% in this function	yes (4 certain, 58 possible) e.g. Motor/myEthercatmotor.cpp:1436 in TMyEtherCatMotor::DoHome	gated-only 4/4, e.g. Motor/myEthercatmotor.cpp:220 (alt-arm)	STATE	callees 2/4 ok(def 2, macro 0, sys/undeclared 0); ABSENT [Acm_SetF64Property, Acm_SetI32Property]; objects 0/0 present	52	[review=auto] docs:other-docs || scope: feature:MN200/EtherCAT card || match=L1-samefile flip=same in_cmake=True
B-144	b_gate_expired	Motor/mymotor.cpp:6442-6446	PCIL112_OutArmXYMove	mymotor.cpp:4754 (file assumed = port file)	golden text as gated: MyDBIProcess("Motion", StrE, "");	gated by IF0; #else arm: OTHER (1 stmts) MyDBIProcess(" ", StrE);	yes (2 callers of enclosing PCIL112_OutArmXYMove)	no (0/1 statements found live elsewhere)	STATE	callees 1/1 ok(def 1, macro 0, sys/undeclared 0); objects 0/0 present | link-boundary only: MyDBIProcess	51	[review=auto] ST02: no backlog row matched (no-row) || gate_id=B1-1
A1-059	a1_stub_body	AutoClean/AutoClean.cpp:243	CheckInArmXYScaleByAutoTeach	AutoAlignment/AutoAlignment.cpp:4619-4911	176 stmts/293 lines; calls: ShowMyMessage, ChangeToFloatNonPcnt, atan, RotationCoordinates, Round	EMPTY body{}	yes (1 same-file call sites; file-local static, other TUs bind to the real function) e.g. AutoClean/AutoClean.cpp:2272 in MoveInArmXYPickCleanKit	no (0/4 checked)	STATE	callees 4/5 ok(def 4, macro 0, sys/undeclared 0); ABSENT [atan]; objects 4/4 present	50	[review=auto] docs:GL_S0_STUB_LEDGER(Aug26) || match=L2-anyfile flip=same in_cmake=True || port comment calls it a stub/offline
B-145	b_gate_expired	forms/fLotInfo.cpp:4332-4354	TfLotInfo::Timer2Timer	n/a (gate does not cite a golden line)	golden text VERBATIM in the gate: if(IniConfig.bEnableRms) { fLotInfo->Panel29->Caption="Server"; } if(RunInfo.bLotStart==true && SystemStart==true && iHome==0 && fNote->fShow==false && MyMessageBox->f...	gated by IF0; nothing replaces it (the statements simply do not happen)	no callers found for enclosing TfLotInfo::Timer2Timer	yes: 2/9 statements already live elsewhere, e.g. FileRW/Temperature.gen.inc:1763	STATE	callees 1/1 ok(def 1, macro 0, sys/undeclared 0); objects 6/6 present | link-boundary only: ShowErrorMessage	47	[review=auto] ST02 row 2011 [HIGH]: NOT REVIEWED: HIGH tier (the laptop's); INBOX115=C(reason still holds) || gate_id=WC-25
A3-023	a3_macro_seam	ProductionInfo/uPAT_Function.cpp:641	FileCreate -> W4PAT_FileCreate	no same-name golden function found by index	n/a	OTHER stub (1 stmts); #define FileCreate W4PAT_FileCreate	yes (1 call sites between #define and #undef read the stub) e.g. ProductionInfo/uPAT_Function.cpp:1589 in PAT_Function::SaveJobINI	no real body found	STATE	real body exists: no	30	[review=auto] seam id=- src=same-file/own scan undef=None || DOUBLE-APPLY HAZARD: do not copy golden text into the stub; retire the #define/stub so callers reach the real body
A3-024	a3_macro_seam	ProductionInfo/uPAT_Function.cpp:642	FileClose -> W4PAT_FileClose	no same-name golden function found by index	n/a	OTHER stub (1 stmts); #define FileClose W4PAT_FileClose	yes (1 call sites between #define and #undef read the stub) e.g. ProductionInfo/uPAT_Function.cpp:1592 in PAT_Function::SaveJobINI	no real body found	STATE	real body exists: no	30	[review=auto] seam id=- src=same-file/own scan undef=None || DOUBLE-APPLY HAZARD: do not copy golden text into the stub; retire the #define/stub so callers reach the real body
A3-025	a3_macro_seam	asendic_Loader.cpp:304	CheckInArmAutoAlignmentTrayModeBeUse -> W7L1L_CheckInArmAutoAlignmentTrayModeBeUse	AutoAlignment/AutoAlignment.cpp:8769-8789 (6 stmts)	golden CheckInArmAutoAlignmentTrayModeBeUse has 6 statements	RETLIT stub (1 stmts); #define CheckInArmAutoAlignmentTrayModeBeUse W7L1L_CheckInArmAutoAlignmentTrayModeBeUse	yes (1 call sites between #define and #undef read the stub) e.g. asendic_Loader.cpp:1429 in DoSupplyNewICTray	no real body found	STATE	real body exists: no	30	[review=auto] seam id=- src=same-file/own scan undef=None || DOUBLE-APPLY HAZARD: do not copy golden text into the stub; retire the #define/stub so callers reach the real body
A3-026	a3_macro_seam	asendic_Loader.cpp:305	InitDoInArmTeachAlignmentProcessTask -> W7L1L_InitDoInArmTeachAlignmentProcessTask	AutoAlignment/AutoAlignment.cpp:4465-4471 (4 stmts)	golden InitDoInArmTeachAlignmentProcessTask has 4 statements	EMPTY stub (0 stmts); #define InitDoInArmTeachAlignmentProcessTask W7L1L_InitDoInArmTeachAlignmentProcessTask	yes (1 call sites between #define and #undef read the stub) e.g. asendic_Loader.cpp:1431 in DoSupplyNewICTray	no real body found	STATE	real body exists: no	30	[review=auto] seam id=- src=same-file/own scan undef=None || DOUBLE-APPLY HAZARD: do not copy golden text into the stub; retire the #define/stub so callers reach the real body
A3-027	a3_macro_seam	asendic_Loader.cpp:310	ShowMessage -> W7L1L_ShowMessage	no same-name golden function found by index	n/a	EMPTY stub (0 stmts); #define ShowMessage W7L1L_ShowMessage	yes (1 call sites between #define and #undef read the stub) e.g. asendic_Loader.cpp:3578 in DoKnockBeforeRemainICCheck	no real body found	STATE	real body exists: no	30	[review=auto] seam id=- src=same-file/own scan undef=None || DOUBLE-APPLY HAZARD: do not copy golden text into the stub; retire the #define/stub so callers reach the real body
A1-060	a1_stub_body	ProductionInfo/uPAT_Function.cpp:1961-1990	PAT_Function::SetJobAutoCleanToSetting	ProductionInfo/uPAT_Function.cpp:1271-1295	22 stmts/25 lines; calls: StrToIntDef, StrToFloatDef	EMPTY body{} (only (void)x)	yes (1 certain, 0 possible) e.g. ProductionInfo/uPAT_Function.cpp:1604 in PAT_Function::SaveJobINI	gated-only 4/4, e.g. ProductionInfo/uPAT_Function.cpp:82 (alt-arm)	COMM	callees 2/2 ok(def 2, macro 0, sys/undeclared 0); objects 1/1 present	85	[review=auto] || in-function gates: 1964-1989 REGISTER. [KEEP: still missing TfCleaning::rgAutoCleanOnOff, TfCleaning::chkAu...] || match=L1-samefile flip=same in_cmake=True
A1-061	a1_stub_body	uTemp_Set.cpp:5883-5931	TfTemp_Set::SendATCSelfTest	uTemp_Set.cpp:5503-5548	17 stmts/46 lines; calls: SetATCSelfTest, SetATCManualSelfTest, IsConnect, SetRunSelfTest, SetManualSelfTest, Show ...	EMPTY body{} (only (void)x)	yes (3 certain, 0 possible) e.g. csystem.cpp:31725 in MainProc	gated-only 4/4, e.g. uTemp_Set.cpp:1199 (alt-arm)	COMM	callees 7/9 ok(def 7, macro 0, sys/undeclared 0); DECL-ONLY(no body) [SetRunSelfTest, SetManualSelfTest]; objects 3/3 present	81	[review=auto] || in-function gates: 5885-5929 S5 [KEEP: still missing TATC_InterfaceFormShim::IsConnect, TATC_Interfa...] || match=L1-samefile flip=same in_cmake=True
B-146	b_gate_expired	TesterComm/Handler/HandlerGpibMsg.cpp:1718-1720	THandlerTesterSide::OnGpibProgramMsg	main.cpp:17400	golden text as gated: asTJ+=ATC_InterfaceForm->dTJ[iMap]/10.0;	gated by IF0; nothing replaces it (the statements simply do not happen)	yes (1 callers of enclosing THandlerTesterSide::OnGpibProgramMsg)	no (0/1 statements found live elsewhere)	COMM	callees 0/0 ok(def 0, macro 0, sys/undeclared 0); objects 1/1 present	80	[review=auto] ST02 row 1378 [MEDIUM]: KEEP: ATC_InterfaceForm 仍是 shim（dTJ[] 只在真的類別裡，fATCHandlerSide.h:726） [S09_B3_STATUS 0929] || gate_id=TODO(W906-GB-P2a)
B-147	b_gate_expired	TesterComm/Handler/HandlerGpibMsg.cpp:1815-1817	THandlerTesterSide::OnGpibProgramMsg	main.cpp:17482	golden text as gated: asControlMode+=ATC_InterfaceForm->asControlMode[i];	gated by IF0; nothing replaces it (the statements simply do not happen)	yes (1 callers of enclosing THandlerTesterSide::OnGpibProgramMsg)	no (0/1 statements found live elsewhere)	COMM	callees 0/0 ok(def 0, macro 0, sys/undeclared 0); objects 1/1 present	80	[review=auto] ST02 row 1384 [MEDIUM]: KEEP: ATC_InterfaceForm 仍是 shim；asControlMode[] 全樹沒有 [S09_B3_STATUS 0929] || gate_id=TODO(W906-GB-P2a)
B-148	b_gate_expired	csystem.cpp:17042-17047	DoSystem	csystem.cpp:4753-4756	golden text VERBATIM in the gate: else { ATCInterfaceForm->bIsWaterLeakage=false; }	gated by IF0; nothing replaces it (the statements simply do not happen)	yes (1 callers of enclosing DoSystem)	no (0/1 statements found live elsewhere)	COMM	callees 0/0 ok(def 0, macro 0, sys/undeclared 0); objects 1/1 present	80	[review=auto] ST02 row 1827 [MEDIUM]: KEEP (ATC) [S09_FREED_STATUS 0930] || gate_id=G25b
B-149	b_gate_expired	csystem.cpp:19923-19927	IsEMGPressed	csystem.cpp:1470-1470	golden text VERBATIM in the gate: ATCInterfaceForm->SendCommToATC7(ATC_EMG_UP,"","");	gated by IF0; #else arm: EMPTY (0 stmts)	yes (6 callers of enclosing IsEMGPressed)	no (0/1 statements found live elsewhere)	COMM	callees 1/1 ok(def 1, macro 0, sys/undeclared 0); objects 1/1 present	80	[review=auto] ST02 row 1850 [MEDIUM]: KEEP (heater / temperature / ATC) [S09_FREED_STATUS 0930] || gate_id=G-ATC-C
B-150	b_gate_expired	forms/fMain_ATCSiteUse.cpp:471-475	TfMain::ChangeATCSiteUse	main.cpp:13508	golden text as gated: if(ATC_InterfaceForm->IsConnect()==true)	gated by IF0; #else arm: OTHER (0 stmts) if(false)	yes (8 callers of enclosing TfMain::ChangeATCSiteUse)	no (0/1 statements found live elsewhere)	COMM	callees 1/1 ok(def 1, macro 0, sys/undeclared 0); objects 1/1 present	80	[review=auto] ST02 row 857 [LOW]: KEEP: 閘住 -- 全域 ATC_InterfaceForm 仍是 TATC_InterfaceFormShim（acarry_shims.h:115，只有 iATC_MODE_TYPE）；#else 臂是 if(false) [S09_BATCH2 0929] || gate_id=TODO(W906-OPMODE)
B-151	b_gate_expired	uTemp_Set.cpp:5421-5423	TfTemp_Set::sbtExitClick	n/a (gate does not cite a golden line)	golden text as gated: ATCInterfaceForm->btOnLine->Click();	gated by IF0; nothing replaces it (the statements simply do not happen)	no callers found for enclosing TfTemp_Set::sbtExitClick	no (0/1 statements found live elsewhere)	COMM	callees 1/1 ok(def 1, macro 0, sys/undeclared 0); objects 1/1 present	80	[review=auto] ST02 row 1013 [LOW]: KEEP: compiles, reviewed by hand in the 0930 stale scan (design decision / heater, temperature, vacuum or Rotate file) [STALE_SCAN 0930] || gate_id=dep-ATC-btOnLine-Click
B-152	b_gate_expired	uTemp_Set.cpp:5432-5434	TfTemp_Set::sbtExitClick	n/a (gate does not cite a golden line)	golden text as gated: ATCInterfaceForm->btOffLine->Click();	gated by IF0; nothing replaces it (the statements simply do not happen)	no callers found for enclosing TfTemp_Set::sbtExitClick	no (0/1 statements found live elsewhere)	COMM	callees 1/1 ok(def 1, macro 0, sys/undeclared 0); objects 1/1 present	80	[review=auto] ST02 row 1014 [LOW]: KEEP: compiles, reviewed by hand in the 0930 stale scan (design decision / heater, temperature, vacuum or Rotate file) [STALE_SCAN 0930] || gate_id=dep-ATC-btOffLine-Click
B-153	b_gate_expired	SECSGEM/uHGemHT9045_SV.cpp:848-856	HT9045Gem_AddSV	uHGemHT9045_SV.cpp:439-445 (file assumed = port file)	golden text as gated: HGemPtr->SetSVDataPointer(2665 , HType.ASCII_TYPE, "Auto 4 Tray From Alias", "", fTrayAssignment->edAuto4Type, "Auto 4 Tray From Alias" ); HGemPtr->SetSVDataPointer(26...	gated by IF0; nothing replaces it (the statements simply do not happen)	yes (1 callers of enclosing HT9045Gem_AddSV)	no (0/6 statements found live elsewhere)	COMM	callees 1/1 ok(def 1, macro 0, sys/undeclared 0); objects 3/3 present	78	[review=auto] ST02 row 1322 [MEDIUM]: KEEP (dependency exists, but heater / motor / IO / customer -- stopped for the laptop): fTrayAssignment -- fTrayAssignment 是 0（fTrayAssignment.cpp:52），只有 wb_...
B-154	b_gate_expired	cprod.cpp:1271-1284	RUN_INFO::SaveJamRateByLot	n/a (gate does not cite a golden line)	golden text as gated: sJamRatePath="D:\\PnPh\\report\\LotAlarm"; sFileName.sprintf("%s-%s-%s-%s-%s-%s-%04d%02d%02d%02d%02d%02d.txt", IniConfig.SocketHandlerID, fMesSystem->lbledtCustLotNum-...	gated by IF0; nothing replaces it (the statements simply do not happen)	no callers found for enclosing RUN_INFO::SaveJamRateByLot	no (0/2 statements found live elsewhere)	COMM	callees 0/0 ok(def 0, macro 0, sys/undeclared 0); objects 4/4 present	78	[review=auto] ST02 row 1748 [MEDIUM]: KEEP (dependency exists, but heater / motor / IO / customer -- stopped for the laptop): fMesSystem -- 連結方向：cprod.cpp 在 ht9045_globals，只連 vclcompat（CMakeLists... || gate_id=TODO(GA1-B2)
B-155	b_gate_expired	forms/fLotInfo.cpp:1446-1448	TfLotInfo::InitialRefrigerantSystem	n/a (gate does not cite a golden line)	golden text as gated: ATC_OFFLINE_FormComInit();	gated by IF0; nothing replaces it (the statements simply do not happen)	yes (1 callers of enclosing TfLotInfo::InitialRefrigerantSystem)	no (0/1 statements found live elsewhere)	COMM	callees 1/1 ok(def 1, macro 0, sys/undeclared 0); objects 0/0 present	78	[review=auto] ST02 row 763 [LOW]: KEEP (dependency exists, but heater / motor / IO / customer -- stopped for the laptop): ATC_OFFLINE_FormComInit 編得過 -- ATC 溫控器的 COM 初始化 [S09_STALE_SCAN 0929] || gate_id=WA-5
B-156	b_gate_expired	TesterComm/Handler/HandlerGpibMsg.cpp:1767-1769	THandlerTesterSide::OnGpibProgramMsg	main.cpp:17441	golden text as gated: ATC_InterfaceForm->SetAllTemp(atof(asStr3.c_str()));	gated by IF0; nothing replaces it (the statements simply do not happen)	yes (1 callers of enclosing THandlerTesterSide::OnGpibProgramMsg)	no (0/1 statements found live elsewhere)	COMM	callees 1/1 ok(def 1, macro 0, sys/undeclared 0); objects 2/2 present | link-boundary only: SetAllTemp	75	[review=auto] ST02 row 1381 [MEDIUM]: KEEP: ATC_InterfaceForm 仍是 shim；SetAllTemp GATE (NET/WIDGET)（:835）；設溫度＝HIGH 類 [S09_B3_STATUS 0929] || gate_id=TODO(W906-GB-P2a)
B-157	b_gate_expired	csystem.cpp:19235-19257	CheckATC6System	csystem.cpp:1111-1129	golden text VERBATIM in the gate: AnsiString sMessage; if(ATC_SYSTEM==eATC60 || ATC_SYSTEM==eATC30) { if(SystemInitialOK==false) return; if(ATCInterfaceForm->ATC_60_SYS.GetErrorMessage(sMessage)) { Sho...	gated by IF0; #else arm: EMPTY (0 stmts)	no callers found for enclosing CheckATC6System	yes: 2/8 statements already live elsewhere, e.g. FileRW/Temperature.gen.inc:3817	COMM	callees 6/6 ok(def 6, macro 0, sys/undeclared 0); objects 1/1 present | link-boundary only: IsConnected, CloseSocket, OpenSocket	75	[review=auto] ST02 row 1837 [MEDIUM]: KEEP (ATC) [S09_FREED_STATUS 0930] || gate_id=G-ATC-A
A2-041	a2_abbreviated_body	SECSGEM/uHGemEquipment.cpp:5344-5589	THGem::ProcessReceiceData	SECSGEM/uHGemEquipment.cpp:8772-8989	82 stmts/218 lines; calls: StringOut, SelectRsp, DeselectRsp, LinktestRsp, S9F7_IllegalData, CheckSFCodeResponse ...	ABBREVIATED body (246 of 218 lines): 30/93 (32%) of golden's distinct statements exist live anywhere in the port; 0% only under #if 0/alt arm; 32% in this function	yes (1 certain, 0 possible) e.g. SECSGEM/uHGemEquipment.cpp:6089 in THGem::ProcessSocketReceiveData	no (0/4 checked)	COMM	callees 56/56 ok(def 55, macro 0, sys/undeclared 1); objects 5/5 present	74	[review=auto] || scope: feature:SECS/GEM || match=L1-samefile flip=same in_cmake=True || port comment calls it a stub/offline
A2-042	a2_abbreviated_body	canary_support.cpp:132-137	ShowUnloaderTrayMessage	mymessbox.cpp:911-936	10 stmts/26 lines; calls: MyDBIProcess, EventReport, Show	ABBREVIATED body (6 of 26 lines): 1/12 (8%) of golden's distinct statements exist live anywhere in the port; 0% only under #if 0/alt arm; 0% in this function	yes (20 certain, 0 possible) e.g. Motor/mymotor.cpp:4311 in OutArmContinuousMove_9045	no (0/4 checked)	COMM	callees 3/3 ok(def 3, macro 0, sys/undeclared 0); objects 3/3 present	73	[review=auto] docs:RULINGS || match=L2-anyfile flip=same in_cmake=True
A2-043	a2_abbreviated_body	bthermo.cpp:4532-4793	DOUN150ReadTemp	bthermo.cpp:3962-4192	44 stmts/231 lines; calls: IsConnect, GetATCSiteNowTemperature, GetATCSiteNowTemperature_Ref, GetPT	ABBREVIATED body (262 of 231 lines): 20/55 (36%) of golden's distinct statements exist live anywhere in the port; 58% only under #if 0/alt arm; 20% in this function	yes (3 certain, 0 possible) e.g. bthermo.cpp:1375 in DoThermoReal	gated-only 4/4, e.g. bthermo.cpp:548 (alt-arm)	COMM	callees 4/4 ok(def 4, macro 0, sys/undeclared 0); objects 5/5 present	72	[review=auto] || in-function gates: 4570-4671 W7-UI [KEEP: still missing ATC_InterfaceForm, ATCInterfaceForm, fWinway (f...] | 4680-4699 W7-UI [KEEP: still missing ATC_InterfaceForm (flip-compile, main 8e5a1b1b ...] | 4705-4789 W7-UI [KEEP: still missing ATC_InterfaceForm (flip-compile, main 8e5a1b1b ...] || match=L1-samefile flip=same in_cmake=True || port comment calls it a stub/offline
A1-062	a1_stub_body	cShowBinSelect.cpp:1144-1149	TfShowBinSelect::PageControl1Change	cShowBinSelect.cpp:1479-1632	49 stmts/154 lines; calls: SetAutoVisible	EMPTY body{}	yes (4 certain, 0 possible) e.g. TesterComm/Handler/HandlerBridgeCtl.cpp:1148 in THandlerTesterSide::SyncBridgeSettings	YES live 1/4, e.g. cShowBinSelect.cpp:1289 in TfShowBinSelect::ShowBinSel	COMM	callees 1/1 ok(def 1, macro 0, sys/undeclared 0); objects 14/22 present; OBJ-ABSENT [pnlShowBin, ScrollBox2, pnlShowBin_ARTFT, ScrollBox3, laArtRtAuto6, pnlShowBin_ARTRT, pnlFix123, pnlAuto123]	71	[review=auto] docs:handoff || match=L1-samefile flip=same in_cmake=True || port comment calls it a stub/offline
A3-028	a3_macro_seam	atester_32Site.cpp:396	RecordEndTestTime -> W5_32S_RecordEndTestTime	cObserver.cpp:2150-2235 (37 stmts)	golden RecordEndTestTime has 37 statements	OTHER stub (2 stmts); #define RecordEndTestTime W5_32S_RecordEndTestTime	yes (1 call sites between #define and #undef read the stub) e.g. atester_32Site.cpp:3228 in DoTestSuckTestIC_TwoArm32Site	yes: real body cObserver.cpp:3111 (already live; the seam hides it from the call sites above)	COMM	real body exists: yes	70	[review=auto] seam id=A-SEAM-31 src=macro_seam_scan undef=None || DOUBLE-APPLY HAZARD: do not copy golden text into the stub; retire the #define/stub so callers reach the real body
A2-044	a2_abbreviated_body	LogObjects.cpp:469-604	TfLotInfo::SaveASECLTestLogInfo	uLotInfo.cpp:10840-10967	72 stmts/128 lines; calls: WriteIniDataNoLog, ReadIniData, MyForceDirectories, fopen, fputs, UploadEventLogFile ...	ABBREVIATED body (136 of 128 lines): 15/71 (21%) of golden's distinct statements exist live anywhere in the port; 79% only under #if 0/alt arm; 1% in this function	yes (1 certain, 0 possible) e.g. FileRW/MainRecord.cpp:246 in W906_TfMain_UpdateRecordScreen	YES live 1/4, e.g. Automation/HANA_ART.cpp:684 in uHANA_ART::DoSetUpInfo	COMM	callees 11/11 ok(def 8, macro 0, sys/undeclared 3); objects 10/10 present	68	[review=auto] docs:handoff || in-function gates: 474-603 S25-ASECL [] || match=L2-anyfile flip=same in_cmake=True
B-158	b_gate_expired	forms/fAirCon.cpp:250-255	A-6	fAirCon.cpp:160-163 (file assumed = port file)	golden text as gated: void TfAirCon::GetStatus() { SendCommand(":OUTPut:STATe?"); }	gated by IF0; nothing replaces it (the statements simply do not happen)	no callers found for enclosing (file scope)	no (0/2 statements found live elsewhere)	COMM	callees 2/2 ok(def 2, macro 0, sys/undeclared 0); objects 0/0 present | link-boundary only: GetStatus, SendCommand	68	[review=auto] ST02 row 696 [LOW]: KEEP: compiles, reviewed by hand in the 0930 stale scan (design decision / heater, temperature, vacuum or Rotate file) [STALE_SCAN 0930] || gate_id=A-6
B-159	b_gate_expired	forms/fMonitor.cpp:177-190	TfMonitor::OpenMonitorVedio	fMonitor.cpp:352-362 (file assumed = port file)	golden text VERBATIM in the gate: AnsiString aSendData; if(iStatus[index]==1 || bCommandReady==false) return; if(sComData->Count==0) { aSendData.sprintf("SR0%d\r\n", index); MVCtrl->SendCommand(aSendDa...	gated by IF0; nothing replaces it (the statements simply do not happen)	no callers found for enclosing TfMonitor::OpenMonitorVedio	no (0/6 statements found live elsewhere)	COMM	callees 2/2 ok(def 2, macro 0, sys/undeclared 0); objects 2/2 present | link-boundary only: SendCommand	66	[review=auto] ST02 row 901 [LOW]: KEEP (dependency exists, but heater / motor / IO / customer -- stopped for the laptop): MonitorTCPIP（不完整型別） -- MVCtrl->SendCommand：同上（網路） [S09_NEARMISS_CLAIM... || gate_id=M-4.
B-160	b_gate_expired	forms/fMonitor.cpp:198-211	TfMonitor::StopMonitorVedio	fMonitor.cpp:367-377 (file assumed = port file)	golden text VERBATIM in the gate: AnsiString aSendData; if(iStatus[index]==0 || bCommandReady==false) return; if(sComData->Count==0) { aSendData.sprintf("SS0%d\r\n", index); MVCtrl->SendCommand(aSendDa...	gated by IF0; nothing replaces it (the statements simply do not happen)	no callers found for enclosing TfMonitor::StopMonitorVedio	no (0/6 statements found live elsewhere)	COMM	callees 2/2 ok(def 2, macro 0, sys/undeclared 0); objects 2/2 present | link-boundary only: SendCommand	66	[review=auto] ST02 row 902 [LOW]: KEEP (dependency exists, but heater / motor / IO / customer -- stopped for the laptop): MonitorTCPIP（不完整型別） -- MVCtrl->SendCommand：同上（網路） [S09_NEARMISS_CLAIM... || gate_id=M-4.
A1-063	a1_stub_body	ProductionInfo/uPAT_Function.cpp:1992-2023	PAT_Function::GetJobAutoCleanToSetting	ProductionInfo/uPAT_Function.cpp:1297-1323	23 stmts/27 lines; calls: SaveAutoCleanData	EMPTY body{} (only (void)x)	yes (1 certain, 0 possible) e.g. ProductionInfo/uPAT_Function.cpp:1644 in PAT_Function::LoadJobINI	gated-only 4/4, e.g. ProductionInfo/uPAT_Function.cpp:96 (alt-arm)	COMM	callees 0/1 ok(def 0, macro 0, sys/undeclared 0); ABSENT [SaveAutoCleanData]; objects 1/1 present	63	[review=auto] || in-function gates: 1995-2022 REGISTER. [KEEP: still missing TfCleaning::rgAutoCleanOnOff, TfCleaning::chkAu...] || match=L1-samefile flip=same in_cmake=True
A2-045	a2_abbreviated_body	cprod.cpp:2499-2585	ProcessLastSetIni_EventLog	cprod.cpp:2374-2453	27 stmts/80 lines; calls: ReadWriteIni, SummarizeJAMreportbymonth	ABBREVIATED body (87 of 80 lines): 17/33 (52%) of golden's distinct statements exist live anywhere in the port; 48% only under #if 0/alt arm; 46% in this function	yes (2 certain, 0 possible) e.g. cprod.cpp:3203 in ReadLastSetIni	gated-only 2/4, e.g. cprod.cpp:297 (alt-arm)	COMM	callees 2/2 ok(def 2, macro 0, sys/undeclared 0); objects 4/4 present	63	[review=auto] || in-function gates: 2522-2576 TODO(GA1-B2) [KEEP: still missing incomplete:TMyStringList, TByDay, TBy12Hour, TB...] || match=L1-samefile flip=same in_cmake=True || port comment calls it a stub/offline
A1-064	a1_stub_body	forms/fOCR.cpp:38	TfOCR::ChangeLightValue	OCR.cpp:2341-2364	18 stmts/24 lines; calls: StopComm, RS232Init, IntToHex, A_Create_LCR, T_HEX2ASCII_Mac, WriteCommData ...	EMPTY body{}	yes (23 certain, 0 possible) e.g. OCRInsp.cpp:355 in W906OCR_TfOCRSeam::ChangeLightValue	no (0/4 checked)	COMM	callees 7/7 ok(def 7, macro 0, sys/undeclared 0); objects 1/2 present; OBJ-ABSENT [CommOcr_Light]	62	[review=auto] docs:GL_S0_STUB_LEDGER(Aug26) || scope: feature:OCR camera || match=L2-anyfile flip=same in_cmake=True || port comment calls it a stub/offline
A2-046	a2_abbreviated_body	forms/fMain.cpp:511	TfMain::SetTemp	main.cpp:23890-23980	42 stmts/91 lines; calls: ShowMyMessageBox_YES_NO, NewRecordProcess, FormatFloat, EventReport, ReadTempFile, spbSaveClick ...	ABBREVIATED body (1 of 91 lines): 16/44 (36%) of golden's distinct statements exist live anywhere in the port; 2% only under #if 0/alt arm; 0% in this function	yes (12 certain, 0 possible) e.g. AutoRetest.cpp:1959 in GPIB_SetData	no (0/4 checked)	COMM	callees 8/8 ok(def 8, macro 0, sys/undeclared 0); objects 10/10 present	61	[review=auto] docs:handoff,B8_RISK || match=L2-anyfile flip=same in_cmake=True || port comment calls it a stub/offline
A2-047	a2_abbreviated_body	forms/fLotInfo.cpp:2762-2793	TfLotInfo::ScanRefrigerantSystem	uLotInfo.cpp:14941-14967	8 stmts/27 lines; calls: IsConnect, ATC_OFFLINE_FormComInit, RefreshRefrigerantAllStatus, Get_ATCRefrigeratorAllStatus	ABBREVIATED body (32 of 27 lines): 2/10 (20%) of golden's distinct statements exist live anywhere in the port; 80% only under #if 0/alt arm; 10% in this function	yes (1 certain, 0 possible) e.g. forms/fLotInfo.cpp:4431 in TfLotInfo::Timer2Timer	gated-only 4/4, e.g. forms/fLotInfo.cpp:310 (alt-arm)	COMM	callees 3/4 ok(def 3, macro 0, sys/undeclared 0); DECL-ONLY(no body) [Get_ATCRefrigeratorAllStatus]; objects 1/1 present	60	[review=auto] || in-function gates: 2770-2792 WB-16 [KEEP: still missing TATC_InterfaceFormShim::IsConnect, TATC_Interfa...] || match=L2-anyfile flip=same in_cmake=True
A2-048	a2_abbreviated_body	ATC/ATCInterface.cpp:332-358	TATCInterfaceForm::InitialATC	ATC/ATCInterface.cpp:57-84	21 stmts/28 lines; calls: Initial, push_back, TMyHonPrecATCPanel, HT_ATC, TCPClient, AddChannel ...	ABBREVIATED body (27 of 28 lines): 13/22 (59%) of golden's distinct statements exist live anywhere in the port; 0% only under #if 0/alt arm; 59% in this function	yes (2 certain, 0 possible) e.g. ATC/ATCInterface.cpp:233 in TATCInterfaceForm::TATCInterfaceForm	no (0/4 checked)	COMM	callees 7/7 ok(def 6, macro 0, sys/undeclared 1); objects 4/4 present	58	[review=auto] || match=L1-samefile flip=same in_cmake=True
A2-049	a2_abbreviated_body	SECSGEM/uHGemClass.cpp:4293-4422	HTGem::S2F15_UpdateNewEquipmentConstant	SECSGEM/uHGemClass.cpp:2884-3015	40 stmts/132 lines; calls: GetDataItemLenAndTypeAndDelete, GetDataItemLenAndType, DataItemIn, SetECValue, SendInvalidDataMessageToHost, ReloadParameter	ABBREVIATED body (130 of 132 lines): 30/50 (60%) of golden's distinct statements exist live anywhere in the port; 2% only under #if 0/alt arm; 60% in this function	yes (1 certain, 0 possible) e.g. SECSGEM/uHGemClass.cpp:1670 in HTGem::S2F16_NewEquipmentConstantSendAcknowledge	no (0/4 checked)	COMM	callees 6/6 ok(def 6, macro 0, sys/undeclared 0); objects 2/2 present	57	[review=auto] || scope: feature:SECS/GEM || match=L1-samefile flip=same in_cmake=True || port comment calls it a stub/offline
A1-065	a1_stub_body	cObserver.cpp:3108	W7Obs_SendTestResultToHttp	BarCode/BarcodeXML.cpp:399-410	3 stmts/12 lines; calls: SendTestResultToHttp	constant: return 1;	yes (1 certain, 0 possible) e.g. cObserver.cpp:3132 in RecordEndTestTime [via #define SendTestResultToHttp]	no (0/3 checked)	COMM	callees 1/1 ok(def 0, macro 1, sys/undeclared 0); objects 2/3 present; OBJ-ABSENT [frmXml]	57	[review=auto] docs:NB2-seam-list(0925) || match=L2-anyfile flip=same in_cmake=True || port comment calls it a stub/offline
A2-050	a2_abbreviated_body	cprod.cpp:2587-2657	ProcessLastSetIni_Count	cprod.cpp:2455-2518	32 stmts/64 lines; calls: ReadWriteIni, GetRecipeFileName	ABBREVIATED body (71 of 64 lines): 22/37 (60%) of golden's distinct statements exist live anywhere in the port; 0% only under #if 0/alt arm; 54% in this function	yes (2 certain, 0 possible) e.g. cprod.cpp:3204 in ReadLastSetIni	no (0/4 checked)	COMM	callees 2/2 ok(def 2, macro 0, sys/undeclared 0); objects 3/3 present	57	[review=auto] || match=L1-samefile flip=same in_cmake=True
A2-051	a2_abbreviated_body	Command.cpp:1966-2115	TfMain::WriteSetTestTempStatus	Command.cpp:1651-1764	50 stmts/114 lines; calls: SetSingleTemp, SetAllTemp, SetATCOffset, SendMSG_CMD	ABBREVIATED body (150 of 114 lines): 24/45 (53%) of golden's distinct statements exist live anywhere in the port; 47% only under #if 0/alt arm; 47% in this function	yes (1 certain, 0 possible) e.g. TesterComm/Handler/HandlerGpibMsg.cpp:1208 in THandlerTesterSide::OnGpibProgramMsg	gated-only 3/4, e.g. forms/fLotInfo.cpp:598 (alt-arm)	COMM	callees 2/4 ok(def 2, macro 0, sys/undeclared 0); DECL-ONLY(no body) [SetSingleTemp]; ABSENT [SetATCOffset]; objects 7/7 present	55	[review=auto] || in-function gates: 1991-2004 FW3-WA [KEEP: still missing fContact (flip-compile, main 8e5a1b1b + gw) [RE...] | 2037-2057 [KEEP: still missing TATC_InterfaceFormShim::SetSingleTemp (flip-com...] | 2062-2082 [KEEP: still missing TATC_InterfaceFormShim::SetSingleTemp (flip-com...] (+1) || match=L1-samefile flip=same in_cmake=True || port comment calls it a stub/offline
B-161	b_gate_expired	forms/fTesterTCP.cpp:167-182	T-2	fTesterTCP.cpp:111-123 (file assumed = port file)	golden text as gated: void TfTesterTCP::FormDestroy(TObject *Sender) { SocketTCPIPReceiveList->Clear(); delete SocketTCPIPReceiveList; SummaryHead->Clear(); delete SummaryHead; for(int iAut...	gated by IF0; nothing replaces it (the statements simply do not happen)	no callers found for enclosing (file scope)	yes: 3/8 statements already live elsewhere, e.g. Interface/TesterTCP_Socket.cpp:162	COMM	callees 2/2 ok(def 2, macro 0, sys/undeclared 0); objects 2/2 present	55	[review=auto] ST02 row 2016 [HIGH]: NOT REVIEWED: HIGH tier (the laptop's); INBOX115=C(reason still holds) || gate_id=T-2
A1-066	a1_stub_body	canary_support.cpp:243-253	RespondASECom	cpublic.cpp:584-592	3 stmts/9 lines; calls: SendToASEData	constant: return false;	yes (22 certain, 0 possible) e.g. aTester_Front.cpp:3517 in DoFTestSuckTestIC	YES live 1/2, e.g. BarCode/BarCode_Shuttle1_CCDScan.cpp:1208 in BarCode_DoBarcodeCCDInShuttle_1	COMM	callees 1/1 ok(def 1, macro 0, sys/undeclared 0); objects 1/1 present	53	[review=auto] docs:other-docs || in-function gates: 245-251 TODO(W6.x) [KEEP: still missing ASESendMessage, S1 (flip-compile, main 8e5a1b1b...] || match=L2-anyfile flip=same in_cmake=True || port comment calls it a stub/offline
B-162	b_gate_expired	LogObjects.cpp:474-603	TfLotInfo::SaveASECLTestLogInfo	uLotInfo.h:1323	golden text VERBATIM in the gate: AnsiString Target, S, Target1; FILE *Fp; AnsiString str, str1, str3; int iCT=0; AnsiString aTestCT="", aLotName, LotInName; AnsiString aTestDate, aTestTime, aRecipe, a...	gated by IF0; nothing replaces it (the statements simply do not happen)	yes (1 callers of enclosing TfLotInfo::SaveASECLTestLogInfo)	yes: 14/70 statements already live elsewhere, e.g. forms/fProductionInfo.cpp:1025	COMM	callees 11/11 ok(def 8, macro 0, sys/undeclared 3); objects 10/10 present | link-boundary only: WriteIniDataNoLog, ReadIniData, MyForceDirectories, UploadEventLogFile, UpdataCount	51	[review=auto] ST02: no backlog row matched (file-not-in-backlog) || gate_id=S25-ASECL
B-163	b_gate_expired	forms/fLotInfo.cpp:4272-4313	TfLotInfo::Timer2Timer	fLotInfo.cpp:6937 (file assumed = port file)	golden text VERBATIM in the gate: static int iTempSetTimer=0; if(ATC_SYSTEM==eWinWay && Temperature.bATCActiveCooling==true) { fWinway->OpenCommPort(); double dbGetAtcSetTemp=0.0; double dbSetATCTemp=0...	gated by IF0; nothing replaces it (the statements simply do not happen)	no callers found for enclosing TfLotInfo::Timer2Timer	yes: 8/23 statements already live elsewhere, e.g. bthermo.cpp:1284	COMM	callees 8/8 ok(def 8, macro 0, sys/undeclared 0); objects 5/5 present | link-boundary only: GetST, SetPT, GetPT_NoCommand	47	[review=auto] ST02 row 2010 [HIGH]: NOT REVIEWED: HIGH tier (the laptop's); INBOX115=C(reason still holds) || gate_id=WC-24
A3-029	a3_macro_seam	cObserver.cpp:3109	SendTestResultToHttp -> W7Obs_SendTestResultToHttp	BarCode/BarcodeXML.cpp:305-384 (23 stmts)	golden SendTestResultToHttp has 23 statements	RETLIT stub (1 stmts); #define SendTestResultToHttp W7Obs_SendTestResultToHttp	yes (1 call sites between #define and #undef read the stub) e.g. cObserver.cpp:3132 in RecordEndTestTime	no real body found	COMM	real body exists: no	30	[review=auto] seam id=- src=same-file/own scan undef=None || DOUBLE-APPLY HAZARD: do not copy golden text into the stub; retire the #define/stub so callers reach the real body
A1-067	a1_stub_body	ProductionInfo/uPAT_Function.cpp:2060-2077	PAT_Function::GetJobTesterToSetting	ProductionInfo/uPAT_Function.cpp:1355-1367	9 stmts/13 lines; calls: GetLastOpenFN, SaveSetupFile	EMPTY body{} (only (void)x)	yes (1 certain, 0 possible) e.g. ProductionInfo/uPAT_Function.cpp:1645 in PAT_Function::LoadJobINI	gated-only 4/4, e.g. ProductionInfo/uPAT_Function.cpp:122 (alt-arm)	FILE_WRITE	callees 2/2 ok(def 2, macro 0, sys/undeclared 0); objects 1/1 present	85	[review=auto] || in-function gates: 2063-2076 REGISTER. [KEEP: still missing FTestIF, GetLastOpenFN, DataPath (flip-compile,...] || match=L1-samefile flip=same in_cmake=True
A1-068	a1_stub_body	ainarm9045.cpp:3446	RecordLotUPH_For_FOREHOPE_NINGBO	ainarm9045.cpp:5390-5408	11 stmts/19 lines; calls: DecodeDate, FileInfo, EnsureDirectoriesExist, PathCombin, WriteDataToFile	EMPTY body{}	yes (1 certain, 0 possible) e.g. ainarm9045.cpp:8882 in CalculateUPH	no (0/4 checked)	FILE_WRITE	callees 5/5 ok(def 5, macro 0, sys/undeclared 0); objects 1/1 present	85	[review=auto] || scope: customer/feature-specific || match=L1-samefile flip=same in_cmake=True || port comment calls it a stub/offline
B-164	b_gate_expired	Command.cpp:11460-11462	TfMain::WriteSetSoakTimeStatus_SIGURD	n/a (gate does not cite a golden line)	golden text as gated: WriteIniData(szDir, "Mode", "Mode", 1);	gated by IF0; nothing replaces it (the statements simply do not happen)	yes (1 callers of enclosing TfMain::WriteSetSoakTimeStatus_SIGURD)	no (0/1 statements found live elsewhere)	FILE_WRITE	callees 1/1 ok(def 1, macro 0, sys/undeclared 0); objects 0/0 present	80	[review=auto] ST02 row 1131 [MEDIUM]: KEEP: compiles, but kept by a ruling written on the gate [RESCAN 0930]
B-165	b_gate_expired	Command.cpp:11472-11474	TfMain::WriteSetSoakTimeStatus_SIGURD	n/a (gate does not cite a golden line)	golden text as gated: WriteIniData(szDir, "Mode", "Mode", 0);	gated by IF0; nothing replaces it (the statements simply do not happen)	yes (1 callers of enclosing TfMain::WriteSetSoakTimeStatus_SIGURD)	no (0/1 statements found live elsewhere)	FILE_WRITE	callees 1/1 ok(def 1, macro 0, sys/undeclared 0); objects 0/0 present	80	[review=auto] ST02 row 1132 [MEDIUM]: KEEP: compiles, but kept by a ruling written on the gate [RESCAN 0930]
B-166	b_gate_expired	Command.cpp:12483-12485	TfMain::SetSGFTP	Command.cpp:16-17 (file assumed = port file)	golden text as gated: WriteIniData(sPath, "Function", "bA32EnableFTPAutomation", 0);	gated by IF0; nothing replaces it (the statements simply do not happen)	yes (1 callers of enclosing TfMain::SetSGFTP)	no (0/1 statements found live elsewhere)	FILE_WRITE	callees 1/1 ok(def 1, macro 0, sys/undeclared 0); objects 0/0 present	80	[review=auto] ST02 row 1140 [MEDIUM]: KEEP: compiles, but kept by a ruling written on the gate [RESCAN 0930] || gate_id=FW3-WD
B-167	b_gate_expired	Command.cpp:12707-12709	TfMain::SetBINCOUNT	n/a (gate does not cite a golden line)	golden text as gated: WriteIniData(sLastFilePath, "Site Yield Alarm", "Site Yield Compare Count",iCount);	gated by IF0; nothing replaces it (the statements simply do not happen)	yes (1 callers of enclosing TfMain::SetBINCOUNT)	no (0/1 statements found live elsewhere)	FILE_WRITE	callees 1/1 ok(def 1, macro 0, sys/undeclared 0); objects 0/0 present	80	[review=auto] ST02 row 1143 [MEDIUM]: KEEP: compiles, but kept by a ruling written on the gate [RESCAN 0930]
B-168	b_gate_expired	Command.cpp:12711-12713	TfMain::SetBINCOUNT	n/a (gate does not cite a golden line)	golden text as gated: WriteIniData(sLastFilePath, "Low Yield Alarm", "By Total Count",iCount);	gated by IF0; nothing replaces it (the statements simply do not happen)	yes (1 callers of enclosing TfMain::SetBINCOUNT)	no (0/1 statements found live elsewhere)	FILE_WRITE	callees 1/1 ok(def 1, macro 0, sys/undeclared 0); objects 0/0 present	80	[review=auto] ST02 row 1144 [MEDIUM]: KEEP: compiles, but kept by a ruling written on the gate [RESCAN 0930]
B-169	b_gate_expired	Command.cpp:12718-12720	TfMain::SetBINCOUNT	n/a (gate does not cite a golden line)	golden text as gated: WriteIniData(sLastFilePath, "Site Yield Alarm", "Site Yield Compare Count RT",iCount);	gated by IF0; nothing replaces it (the statements simply do not happen)	yes (1 callers of enclosing TfMain::SetBINCOUNT)	no (0/1 statements found live elsewhere)	FILE_WRITE	callees 1/1 ok(def 1, macro 0, sys/undeclared 0); objects 0/0 present	80	[review=auto] ST02 row 1145 [MEDIUM]: KEEP: compiles, but kept by a ruling written on the gate [RESCAN 0930]
B-170	b_gate_expired	Command.cpp:12722-12724	TfMain::SetBINCOUNT	n/a (gate does not cite a golden line)	golden text as gated: WriteIniData(sLastFilePath, "Low Yield Alarm", "By Total Count RT",iCount);	gated by IF0; nothing replaces it (the statements simply do not happen)	yes (1 callers of enclosing TfMain::SetBINCOUNT)	no (0/1 statements found live elsewhere)	FILE_WRITE	callees 1/1 ok(def 1, macro 0, sys/undeclared 0); objects 0/0 present	80	[review=auto] ST02 row 1146 [MEDIUM]: KEEP: compiles, but kept by a ruling written on the gate [RESCAN 0930]
B-171	b_gate_expired	cStateRecord.cpp:1382-1385	TfMain::W906_DoStateRecordBody	n/a (gate does not cite a golden line)	golden text as gated: LogIndexMaxMinPos("StateRecord");	gated by IF0; nothing replaces it (the statements simply do not happen)	yes (1 callers of enclosing TfMain::W906_DoStateRecordBody)	no (0/1 statements found live elsewhere)	FILE_WRITE	callees 1/1 ok(def 0, macro 1, sys/undeclared 0); objects 0/0 present	80	[review=auto] ST02 row 571 [LOW]: KEEP: 維持 -- LogIndexMaxMinPos 本體還在 cpublic.cpp:1816 的 #if 0（GA1-B3）：fMain->AddIndexPosLog 還是 0 個宣告。（另一半 slIndexYMaxMinShift 已經有了：fMain.h:1284） [S09_BATCH5 0929] || gate_id=W906-STATEREC-G9
B-172	b_gate_expired	csystem.cpp:21667-21672	RecordSafeDoorStates	csystem.cpp:3028-3029	golden text VERBATIM in the gate: sTime.sprintf("%04d-%02d-%02d-%02d", SystemYear, SystemMonth, SystemDate, SystemHour); WriteIniData(asGeneralPath, "TriTemp_SafeDoorHatchwayOpen", Sen[iSafeDoorHatchwa...	gated by IF0; #else arm: EMPTY (0 stmts)	no callers found for enclosing RecordSafeDoorStates	no (0/2 statements found live elsewhere)	FILE_WRITE	callees 1/1 ok(def 1, macro 0, sys/undeclared 0); objects 1/1 present	80	[review=auto] ST02 row 1860 [MEDIUM]: KEEP (heater / temperature / ATC) [S09_FREED_STATUS 0930] || gate_id=G28a
B-173	b_gate_expired	csystem.cpp:21686-21691	RecordSafeDoorStates	csystem.cpp:3036-3037	golden text VERBATIM in the gate: sTime.sprintf("%04d-%02d-%02d-%02d", SystemYear, SystemMonth, SystemDate, SystemHour); WriteIniData(asGeneralPath, "TriTemp_SafeDoorHatchwayClosed", Sen[iSafeDoorHatch...	gated by IF0; #else arm: EMPTY (0 stmts)	no callers found for enclosing RecordSafeDoorStates	no (0/2 statements found live elsewhere)	FILE_WRITE	callees 1/1 ok(def 1, macro 0, sys/undeclared 0); objects 1/1 present	80	[review=auto] ST02 row 1861 [MEDIUM]: KEEP (heater / temperature / ATC) [S09_FREED_STATUS 0930] || gate_id=G28b
B-174	b_gate_expired	csystem.cpp:27272-27302	SaveAllFile	csystem.cpp:22554-22582	golden text VERBATIM in the gate: fSetup->DoIniDataToForm(); fSetup->SaveSetupFile(szDir); fContact->DoIniDataToForm(); fContact->SaveSetupFile(szDir, SaveFileNm); fTemp_Set->DoIniDataToForm(true); fTe...	gated by IF0; nothing replaces it (the statements simply do not happen)	no callers found for enclosing SaveAllFile	yes: 2/23 statements already live elsewhere, e.g. tools/wb_serve.cpp:3462	FILE_WRITE	callees 3/3 ok(def 3, macro 0, sys/undeclared 0); objects 11/11 present	80	[review=auto] ST02 row 1882 [MEDIUM]: KEEP (heater / temperature / ATC) [S09_FREED_STATUS 0930] || gate_id=H3-6
A2-052	a2_abbreviated_body	cObserver.cpp:5222-5265	TfObserver::SavePrecautionParameter	cObserver.cpp:4154-4183	19 stmts/30 lines; calls: MyForceDirectories, TIniFile, WriteString, WriteInteger	ABBREVIATED body (44 of 30 lines): 6/20 (30%) of golden's distinct statements exist live anywhere in the port; 70% only under #if 0/alt arm; 25% in this function	yes (1 certain, 0 possible) e.g. cObserver.cpp:4251 in TfObserver::FormClose	gated-only 4/4, e.g. cObserver.cpp:380 (alt-arm)	FILE_WRITE	callees 4/4 ok(def 4, macro 0, sys/undeclared 0); objects 13/13 present	76	[review=auto] || in-function gates: 5225-5229 B-SAFETY-3a [KEEP: compiles, but write-policy / safety gate (shared config or se...] | 5237-5263 B-SAFETY-3b [KEEP: compiles, but write-policy / safety gate (shared config or se...] || match=L1-samefile flip=same in_cmake=True || port comment calls it a stub/offline
B-175	b_gate_expired	DynamicTemp.cpp:196-199	TfDynamicTemp::btTempICSaveClick	DynamicTemp.cpp:106 (file assumed = port file)	golden text as gated: ListBox1->Items->SaveToFile(SaveDialog1->FileName);	gated by IF0; nothing replaces it (the statements simply do not happen)	no callers found for enclosing TfDynamicTemp::btTempICSaveClick	no (0/1 statements found live elsewhere)	FILE_WRITE	callees 1/1 ok(def 1, macro 0, sys/undeclared 0); objects 2/2 present	72	[review=auto] ST02 row 15 [LOW]: KEEP: compiles, but write-policy / safety gate (shared config or security file write) [RESCAN 0930] || gate_id=D2
B-176	b_gate_expired	cConfiguration.cpp:4850-4853	TfConfiguration::ReadLockByFile	n/a (gate does not cite a golden line)	golden text as gated: if(!CheckKeyExist(sPath, "Specific", "I02_Enabled")) WriteIniData(sPath, "Specific", "I02_Enabled", IniConfig.bI02_Enable); if(!CheckKeyExist(sPath, "Specific", "A03_E...	gated by IF0; nothing replaces it (the statements simply do not happen)	yes (1 callers of enclosing TfConfiguration::ReadLockByFile)	yes: 2/2 statements already live elsewhere, e.g. FileRW/IniConfig.gen.inc:3270	FILE_WRITE	callees 2/2 ok(def 2, macro 0, sys/undeclared 0); objects 1/1 present	72	[review=auto] ST02 row 348 [LOW]: KEEP: compiles, but write-policy / safety gate (shared config or security file write) [RESCAN 0930] || gate_id=CFG4-seed
B-177	b_gate_expired	cObserver.cpp:5122-5127	TfObserver::SavePrecautionMemoInformation	n/a (gate does not cite a golden line)	golden text as gated: MyForceDirectories(aSavePath, "TfObserver::SavePrecautionMemoInformation_1");	gated by IF0; nothing replaces it (the statements simply do not happen)	yes (1 callers of enclosing TfObserver::SavePrecautionMemoInformation)	no (0/1 statements found live elsewhere)	FILE_WRITE	callees 1/1 ok(def 1, macro 0, sys/undeclared 0); objects 0/0 present	72	[review=auto] ST02 row 483 [LOW]: KEEP: compiles, but write-policy / safety gate (shared config or security file write) [RESCAN 0930] || gate_id=B-SAFETY-2a
B-178	b_gate_expired	cObserver.cpp:5155-5162	TfObserver::SavePrecautionMemoInformation	n/a (gate does not cite a golden line)	golden text as gated: memoPtr->SaveToFile(aFileName);	gated by IF0; nothing replaces it (the statements simply do not happen)	yes (1 callers of enclosing TfObserver::SavePrecautionMemoInformation)	no (0/1 statements found live elsewhere)	FILE_WRITE	callees 1/1 ok(def 1, macro 0, sys/undeclared 0); objects 1/1 present	72	[review=auto] ST02 row 484 [LOW]: KEEP: compiles, but write-policy / safety gate (shared config or security file write) [RESCAN 0930] || gate_id=B-SAFETY-2b
B-179	b_gate_expired	cObserver.cpp:5177-5185	TfObserver::SavePrecautionMemoInformation	n/a (gate does not cite a golden line)	golden text as gated: MyForceDirectories(sFilePath, "TfObserver::SavePrecautionMemoInformation_2");	gated by IF0; nothing replaces it (the statements simply do not happen)	yes (1 callers of enclosing TfObserver::SavePrecautionMemoInformation)	no (0/1 statements found live elsewhere)	FILE_WRITE	callees 1/1 ok(def 1, macro 0, sys/undeclared 0); objects 0/0 present	72	[review=auto] ST02 row 485 [LOW]: KEEP: compiles, but write-policy / safety gate (shared config or security file write) [RESCAN 0930] || gate_id=B-SAFETY-2c
B-180	b_gate_expired	cObserver.cpp:5192-5194	TfObserver::SavePrecautionMemoInformation	n/a (gate does not cite a golden line)	golden text as gated: memoPtr->SaveToFile(sFilePathName);	gated by IF0; nothing replaces it (the statements simply do not happen)	yes (1 callers of enclosing TfObserver::SavePrecautionMemoInformation)	no (0/1 statements found live elsewhere)	FILE_WRITE	callees 1/1 ok(def 1, macro 0, sys/undeclared 0); objects 1/1 present	72	[review=auto] ST02 row 486 [LOW]: KEEP: compiles, but write-policy / safety gate (shared config or security file write) [RESCAN 0930] || gate_id=B-SAFETY-2d
B-181	b_gate_expired	cObserver.cpp:5225-5229	TfObserver::SavePrecautionParameter	n/a (gate does not cite a golden line)	golden text as gated: MyForceDirectories(aSavePath, "TfObserver::SavePrecautionParameter");	gated by IF0; nothing replaces it (the statements simply do not happen)	yes (1 callers of enclosing TfObserver::SavePrecautionParameter)	no (0/1 statements found live elsewhere)	FILE_WRITE	callees 1/1 ok(def 1, macro 0, sys/undeclared 0); objects 0/0 present	72	[review=auto] ST02 row 487 [LOW]: KEEP: compiles, but write-policy / safety gate (shared config or security file write) [RESCAN 0930] || gate_id=B-SAFETY-3a
B-182	b_gate_expired	cObserver.cpp:5237-5263	TfObserver::SavePrecautionParameter	n/a (gate does not cite a golden line)	golden text as gated: INIFile->WriteString ("Precaution", "DOCUMENT NO." , edPrecautionRecordDocumentNo->Text); INIFile->WriteString ("Precaution", "Note Contents" , edNoteContents->Text); ...	gated by IF0; nothing replaces it (the statements simply do not happen)	yes (1 callers of enclosing TfObserver::SavePrecautionParameter)	yes: 1/14 statements already live elsewhere, e.g. cObserver.cpp:5317	FILE_WRITE	callees 2/2 ok(def 2, macro 0, sys/undeclared 0); objects 12/12 present	72	[review=auto] ST02 row 488 [LOW]: KEEP: compiles, but write-policy / safety gate (shared config or security file write) [RESCAN 0930] || gate_id=B-SAFETY-3b
B-183	b_gate_expired	cObserver.cpp:5483-5487	TfObserver::SaveMajorMaintenanceInformation	n/a (gate does not cite a golden line)	golden text as gated: MyForceDirectories(aSavePath, "TfObserver::SaveMajorMaintenanceInformation_1");	gated by IF0; nothing replaces it (the statements simply do not happen)	yes (1 callers of enclosing TfObserver::SaveMajorMaintenanceInformation)	no (0/1 statements found live elsewhere)	FILE_WRITE	callees 1/1 ok(def 1, macro 0, sys/undeclared 0); objects 0/0 present	72	[review=auto] ST02 row 489 [LOW]: KEEP: compiles, but write-policy / safety gate (shared config or security file write) [RESCAN 0930] || gate_id=B-SAFETY-5a
B-184	b_gate_expired	cObserver.cpp:5518-5523	TfObserver::SaveMajorMaintenanceInformation	n/a (gate does not cite a golden line)	golden text as gated: memoPtr->SaveToFile(aFileName);	gated by IF0; nothing replaces it (the statements simply do not happen)	yes (1 callers of enclosing TfObserver::SaveMajorMaintenanceInformation)	no (0/1 statements found live elsewhere)	FILE_WRITE	callees 1/1 ok(def 1, macro 0, sys/undeclared 0); objects 1/1 present	72	[review=auto] ST02 row 490 [LOW]: KEEP: compiles, but write-policy / safety gate (shared config or security file write) [RESCAN 0930] || gate_id=B-SAFETY-5b
B-185	b_gate_expired	cObserver.cpp:5538-5543	TfObserver::SaveMajorMaintenanceInformation	n/a (gate does not cite a golden line)	golden text as gated: MyForceDirectories(sFilePath, "TfObserver::SaveMajorMaintenanceInformation_2");	gated by IF0; nothing replaces it (the statements simply do not happen)	yes (1 callers of enclosing TfObserver::SaveMajorMaintenanceInformation)	no (0/1 statements found live elsewhere)	FILE_WRITE	callees 1/1 ok(def 1, macro 0, sys/undeclared 0); objects 0/0 present	72	[review=auto] ST02 row 491 [LOW]: KEEP: compiles, but write-policy / safety gate (shared config or security file write) [RESCAN 0930] || gate_id=B-SAFETY-5c
B-186	b_gate_expired	cObserver.cpp:5550-5552	TfObserver::SaveMajorMaintenanceInformation	n/a (gate does not cite a golden line)	golden text as gated: memoPtr->SaveToFile(sFilePathName);	gated by IF0; nothing replaces it (the statements simply do not happen)	yes (1 callers of enclosing TfObserver::SaveMajorMaintenanceInformation)	no (0/1 statements found live elsewhere)	FILE_WRITE	callees 1/1 ok(def 1, macro 0, sys/undeclared 0); objects 1/1 present	72	[review=auto] ST02 row 492 [LOW]: KEEP: compiles, but write-policy / safety gate (shared config or security file write) [RESCAN 0930] || gate_id=B-SAFETY-5d
B-187	b_gate_expired	cObserver.cpp:6567-6569	TfObserver::bAutoSaveEventLog	cObserver.cpp:3095 (file assumed = port file)	golden text as gated: SaveEventLogAutoSaveInfo();	gated by IF0; nothing replaces it (the statements simply do not happen)	no callers found for enclosing TfObserver::bAutoSaveEventLog	yes: 1/1 statements already live elsewhere, e.g. FileRW/IniConfig.gen.inc:7726	FILE_WRITE	callees 1/1 ok(def 1, macro 0, sys/undeclared 0); objects 0/0 present	72	[review=auto] ST02 row 504 [LOW]: KEEP: compiles, but write-policy / safety gate (shared config or security file write) [RESCAN 0930] || gate_id=C-log-5a
B-188	b_gate_expired	cObserver.cpp:6593-6595	TfObserver::bAutoSaveEventLog	cObserver.cpp:3118 (file assumed = port file)	golden text as gated: SaveEventLogAutoSaveInfo();	gated by IF0; nothing replaces it (the statements simply do not happen)	no callers found for enclosing TfObserver::bAutoSaveEventLog	yes: 1/1 statements already live elsewhere, e.g. FileRW/IniConfig.gen.inc:7726	FILE_WRITE	callees 1/1 ok(def 1, macro 0, sys/undeclared 0); objects 0/0 present	72	[review=auto] ST02 row 505 [LOW]: KEEP: compiles, but write-policy / safety gate (shared config or security file write) [RESCAN 0930] || gate_id=C-log-5b
B-189	b_gate_expired	cObserver.cpp:6619-6621	TfObserver::bAutoSaveEventLog	cObserver.cpp:3141 (file assumed = port file)	golden text as gated: SaveEventLogAutoSaveInfo();	gated by IF0; nothing replaces it (the statements simply do not happen)	no callers found for enclosing TfObserver::bAutoSaveEventLog	yes: 1/1 statements already live elsewhere, e.g. FileRW/IniConfig.gen.inc:7726	FILE_WRITE	callees 1/1 ok(def 1, macro 0, sys/undeclared 0); objects 0/0 present	72	[review=auto] ST02 row 506 [LOW]: KEEP: compiles, but write-policy / safety gate (shared config or security file write) [RESCAN 0930] || gate_id=C-log-5c
B-190	b_gate_expired	cObserver.cpp:6645-6647	TfObserver::bAutoSaveEventLog	cObserver.cpp:3164 (file assumed = port file)	golden text as gated: SaveEventLogAutoSaveInfo();	gated by IF0; nothing replaces it (the statements simply do not happen)	no callers found for enclosing TfObserver::bAutoSaveEventLog	yes: 1/1 statements already live elsewhere, e.g. FileRW/IniConfig.gen.inc:7726	FILE_WRITE	callees 1/1 ok(def 1, macro 0, sys/undeclared 0); objects 0/0 present	72	[review=auto] ST02 row 507 [LOW]: KEEP: compiles, but write-policy / safety gate (shared config or security file write) [RESCAN 0930] || gate_id=C-log-5d
B-191	b_gate_expired	cObserver.cpp:7172-7175	TfObserver::btnBackupLogYearClick	cObserver.cpp:5387-5388 (file assumed = port file)	golden text as gated: TestList->SaveToFile("D:\\HT9045\\system\\2.bat"); ExecZipCommand("D:\\HT9045\\system\\2.bat", " ");	gated by IF0; nothing replaces it (the statements simply do not happen)	no callers found for enclosing TfObserver::btnBackupLogYearClick	no (0/2 statements found live elsewhere)	FILE_WRITE	callees 2/2 ok(def 2, macro 0, sys/undeclared 0); objects 1/1 present	72	[review=auto] ST02 row 509 [LOW]: KEEP: compiles, but write-policy / safety gate (shared config or security file write) [RESCAN 0930] || gate_id=C-log-10
B-192	b_gate_expired	forms/fLotInfo.cpp:1010-1047	TfLotInfo::TransformTemperature_AirStream	n/a (gate does not cite a golden line)	golden text as gated: if(!tIni->ValueExists("Temp_Index", "-60~-51")) { tIni->WriteString("Temp_Index", "-60~-51", "-70"); tIni->WriteString("Temp_Index", "-50~-41", "-70"); tIni->WriteStri...	gated by IF0; nothing replaces it (the statements simply do not happen)	no callers found for enclosing TfLotInfo::TransformTemperature_AirStream	no (0/33 statements found live elsewhere)	FILE_WRITE	callees 2/2 ok(def 2, macro 0, sys/undeclared 0); objects 1/1 present	72	[review=auto] ST02 row 760 [LOW]: KEEP: compiles, but write-policy / safety gate (shared config or security file write) [RESCAN 0930] || gate_id=WA-2
B-193	b_gate_expired	forms/fTeachPara.cpp:567-573	TfTeach::ReadFile	n/a (gate does not cite a golden line)	golden text as gated: if(Teach.iAutoCleanPick==0) { Teach.iAutoCleanPick=Tech.iInArmPlatePickZ2; WriteIniData(szDir, "InArm", "AutoCleanPick", Tech.iInArmPlatePickZ2); }	gated by IF0; nothing replaces it (the statements simply do not happen)	yes (107 callers of enclosing TfTeach::ReadFile)	no (0/3 statements found live elsewhere)	FILE_WRITE	callees 1/1 ok(def 1, macro 0, sys/undeclared 0); objects 2/2 present	72	[review=auto] ST02 row 946 [LOW]: KEEP: compiles, but write-policy / safety gate (shared config or security file write) [RESCAN 0930] || gate_id=W906-TEACH-W1-AUTOCLEANPICK
A2-053	a2_abbreviated_body	Command.cpp:13877-13930	TfMain::SetAICCD	Command.cpp:14487-14532	30 stmts/46 lines; calls: TStringList, GetLastOpenFN, strncpy, StringReplace, TReplaceFlags, WriteIniData ...	ABBREVIATED body (54 of 46 lines): 12/31 (39%) of golden's distinct statements exist live anywhere in the port; 39% only under #if 0/alt arm; 39% in this function	yes (1 certain, 0 possible) e.g. TesterComm/Handler/HandlerGpibMsg.cpp:1511 in THandlerTesterSide::OnGpibProgramMsg	gated-only 3/4, e.g. Command.cpp:433 (alt-arm)	FILE_WRITE	callees 7/7 ok(def 6, macro 0, sys/undeclared 1); objects 5/5 present	71	[review=auto] || in-function gates: 13905-13912 FW3-WE [KEEP: still missing fFixAICCD (flip-compile, main 8e5a1b1b + gw) [R...] | 13916-13923 FW3-WE [KEEP: 安全閘: Command.cpp:13916（IniData 寫檔，同一個 GATE REGISTER「shared co...] || scope: feature:CCD/tray-map || match=L1-samefile flip=same in_cmake=True
A3-030	a3_macro_seam	asendic_Loader.cpp:303	LogIndexMaxMinPos -> W7L1L_LogIndexMaxMinPos	cpublic.cpp:1582-1599 (11 stmts)	golden LogIndexMaxMinPos has 11 statements	EMPTY stub (0 stmts); #define LogIndexMaxMinPos W7L1L_LogIndexMaxMinPos	yes (1 call sites between #define and #undef read the stub) e.g. asendic_Loader.cpp:464 in DoSupplyNewICTray	yes: real body cpublic.cpp:1818 (already live; the seam hides it from the call sites above)	FILE_WRITE	real body exists: yes	70	[review=auto] seam id=A-SEAM-26 src=both undef=None || DOUBLE-APPLY HAZARD: do not copy golden text into the stub; retire the #define/stub so callers reach the real body
A2-054	a2_abbreviated_body	forms/fMain.cpp:512	TfMain::ChangePassword	main.cpp:31772-31803	18 stmts/32 lines; calls: Clear, LoadFromFile, strncpy, SplitStrByDotSpaceOnly, Add, SaveToFile	ABBREVIATED body (1 of 32 lines): 3/17 (18%) of golden's distinct statements exist live anywhere in the port; 0% only under #if 0/alt arm; 0% in this function	yes (1 certain, 0 possible) e.g. SECSGEM/uHGemHT9045.cpp:6043 in HT9045Gem::S2F42_Host_Command_Acknowledge	no (0/4 checked)	FILE_WRITE	callees 6/6 ok(def 5, macro 0, sys/undeclared 1); objects 1/3 present; OBJ-ABSENT [PassList, asNewPassword]	60	[review=auto] docs:INBOX_QUEUE,handoff,AUDIT || match=L2-anyfile flip=same in_cmake=True || port comment calls it a stub/offline
A2-055	a2_abbreviated_body	cBinSel.cpp:886-947	TfBinSel::Save	cBinSel.cpp:6296-6361	24 stmts/66 lines; calls: GetLastOpenFN, ReadPrimeDara, GetRecipePath, OpenFormData, WriteIniData, ReadFile ...	ABBREVIATED body (62 of 66 lines): 15/25 (60%) of golden's distinct statements exist live anywhere in the port; 0% only under #if 0/alt arm; 36% in this function	yes (2 certain, 1 possible) e.g. Command.cpp:2769 in TfMain::WriteSetBinMap	no (0/4 checked)	FILE_WRITE	callees 8/8 ok(def 8, macro 0, sys/undeclared 0); objects 9/9 present	57	[review=auto] || match=L1-samefile flip=same in_cmake=True || port comment calls it a stub/offline
A1-069	a1_stub_body	OCRInsp.cpp:420	OCRSimLogWrite	OCR.cpp:448-458	5 stmts/11 lines; calls: FormatString, WriteDataToFile	EMPTY body{}	yes (26 certain, 0 possible) e.g. OCRInsp.cpp:514 in MoveTrayArmOCRCCDToLoaderStage	no (0/4 checked)	FILE_WRITE	callees 2/2 ok(def 2, macro 0, sys/undeclared 0); objects 0/1 present; OBJ-ABSENT [asTime]	53	[review=auto] || scope: feature:OCR camera || match=L2-anyfile flip=same in_cmake=True || port comment calls it a stub/offline
B-194	b_gate_expired	forms/fTestCategory.cpp:241-264	T-8	fTestCategory.cpp:533-546 (file assumed = port file)	golden text as gated: void TfTestCategory::FormDestroy(TObject *Sender) { try { for(int i=0; i<2; i++) ReleaseDC(0, PtrDC[i]); delete pCanvas; } catch(...) { MyDBIProcess("Exception", "TfTe...	gated by IF0; nothing replaces it (the statements simply do not happen)	no callers found for enclosing (file scope)	yes: 1/6 statements already live elsewhere, e.g. ATC/ATCInterface.cpp:1229	FILE_WRITE	callees 4/4 ok(def 3, macro 0, sys/undeclared 1); objects 0/0 present | link-boundary only: LogSoftwareOffTime	47	[review=auto] ST02 row 2014 [HIGH]: NOT REVIEWED: HIGH tier (the laptop's); INBOX115=C(reason still holds) || gate_id=T-8
B-195	b_gate_expired	FileRW/MainRecord.cpp:319-321	W906_TfMain_UpdateRunInfo	n/a (gate does not cite a golden line)	golden text as gated: RunInfo.SystemTime=StatusBar1->Panels->Items[6]->Text;	gated by IF0; nothing replaces it (the statements simply do not happen)	yes (1 callers of enclosing W906_TfMain_UpdateRunInfo)	no (0/1 statements found live elsewhere)	DISPLAY	callees 0/0 ok(def 0, macro 0, sys/undeclared 0); objects 2/2 present	80	[review=auto] ST02 row 44 [LOW]: KEEP: 保留：V906 沒有 StatusBar1，下一行照同格式組出同一個值 [S09_ST01_BATCH1 0929] || gate_id=W906-PROD-S113-G4
B-196	b_gate_expired	VacuumUnit/VacuumUnit.cpp:304-307	TfVacuumUnit::SetPanelPos	n/a (gate does not cite a golden line)	golden text as gated: myPalOutArm[iCol][iRow]->GroupBox->Left =VACUUM_UNIT_WIDTH*iCol; myPalOutArm[iCol][iRow]->GroupBox->Top =VACUUM_UNIT_HEIGHT*iRow;	gated by IF0; nothing replaces it (the statements simply do not happen)	yes (1 callers of enclosing TfVacuumUnit::SetPanelPos)	yes: 2/2 statements already live elsewhere, e.g. FileRW/TestIF_File_VacuumUnit.gen.inc:303	DISPLAY	callees 0/0 ok(def 0, macro 0, sys/undeclared 0); objects 0/0 present	80	[review=auto] ST02 row 196 [LOW]: KEEP: compiles, reviewed by hand in the 0930 stale scan (design decision / heater, temperature, vacuum or Rotate file) [STALE_SCAN 0930]
B-197	b_gate_expired	cConfiguration.cpp:5192-5200	TfConfiguration::FormShow	n/a (gate does not cite a golden line)	golden text as gated: if(REAL_TIME_CCD==true && !COM2->bCCDDummyRum) { labD53->Visible=false; edD53->Visible=false; edD53->Text=0; } else	gated by IF0; nothing replaces it (the statements simply do not happen)	yes (16 callers of enclosing TfConfiguration::FormShow)	yes: 1/4 statements already live elsewhere, e.g. FileRW/IniConfig.gen.inc:8549	DISPLAY	callees 0/0 ok(def 0, macro 0, sys/undeclared 0); objects 3/3 present	80	[review=auto] ST02 row 350 [LOW]: KEEP: 問（Q-INC） -- 理由不在了：TCOM2Shim 已經有 bCCDDummyRum（atester_shims.h:376；rs232.cpp:162 建構子設 true；COM2 是 atester_shims.cpp:412 的靜態 new，不會是 NULL），閘上「3 hits, all ... || gate_id=W5-COM2
B-198	b_gate_expired	cConfiguration.cpp:6338-6344	TfConfiguration::cbD55Click	n/a (gate does not cite a golden line)	golden text as gated: if(COM2->bCCDDummyRum || REAL_TIME_CCD==false) { ShowMyMessage("Must cancel \"Enable Real Time CCD\" first", ""); cbD55->Checked=false; }	gated by IF0; nothing replaces it (the statements simply do not happen)	no callers found for enclosing TfConfiguration::cbD55Click	no (0/3 statements found live elsewhere)	DISPLAY	callees 1/1 ok(def 1, macro 0, sys/undeclared 0); objects 2/2 present	80	[review=auto] ST02 row 419 [LOW]: KEEP: 問（Q-INC＋行為） -- 理由不在了：TCOM2Shim 已經有 bCCDDummyRum（atester_shims.h:376；rs232.cpp:162 建構子設 true；COM2 是 atester_shims.cpp:412 的靜態 new，不會是 NULL），閘上「3 hits, a... || gate_id=W6-COM2
B-199	b_gate_expired	cMainStatus.cpp:71-78	TfMain::ShowNowStatus	cMainStatus.cpp:22199-22204 (file assumed = port file)	golden text as gated: else if(lbArm1Torque->Caption=="2:Writing" || lbArm1Torque->Caption=="2:Reading" || lbArm0Torque->Caption=="1:Writing" || lbArm0Torque->Caption=="1:Reading" || lbArm0T...	gated by IF0; nothing replaces it (the statements simply do not happen)	yes (87 callers of enclosing TfMain::ShowNowStatus)	no (0/2 statements found live elsewhere)	DISPLAY	callees 0/0 ok(def 0, macro 0, sys/undeclared 0); objects 2/2 present	80	[review=auto] ST02 row 438 [LOW]: KEEP: 問（Q-TORQ） -- lbArm0Torque／lbArm1Torque 已經是 TfMain 成員（fMain.h:1266-1267，初值 "---"，W906-R28TORQ 0925）。開機寫者 cinitial.cpp:19098-19190 和 atester.cpp 的 W7T1 巨... || gate_id=W906-MSTATE-TORQUE
B-200	b_gate_expired	cStateRecord.cpp:697-701	TfMain::SaveDecisionVariables	n/a (gate does not cite a golden line)	golden text as gated: ShowMessage("SaveDecisionVariables Error!");	gated by IF0; #else arm: OTHER (1 stmts) RecordProcess(" ");	yes (2 callers of enclosing TfMain::SaveDecisionVariables)	no (0/1 statements found live elsewhere)	DISPLAY	callees 1/1 ok(def 0, macro 1, sys/undeclared 0); objects 0/0 present	80	[review=auto] ST02 row 560 [LOW]: KEEP: 維持 -- VCL ShowMessage（模態框）在 main 沒有任何標頭宣告（只有 asendic_Loader.cpp:310 的 TU 內巨集）；wb_serve 裡模態框也會卡住。#else 已經改記 RecordProcess [S09_BATCH5 0929] || gate_id=W906-STATEREC-G8
B-201	b_gate_expired	cStateRecord.cpp:729-731	TfMain::ProcessTimeUpdate	n/a (gate does not cite a golden line)	golden text as gated: StatusBar1->Panels->Items[6]->Text=sAlarmTime;	gated by IF0; nothing replaces it (the statements simply do not happen)	yes (2 callers of enclosing TfMain::ProcessTimeUpdate)	no (0/1 statements found live elsewhere)	DISPLAY	callees 0/0 ok(def 0, macro 0, sys/undeclared 0); objects 1/1 present	80	[review=auto] ST02 row 561 [LOW]: KEEP: 維持 -- StatusBar1 不是 TfMain 成員（fMain.h:1233-1234 註明它只餵抓圖／XLS，刻意不帶）；純顯示 [S09_BATCH5 0929] || gate_id=W906-STATEREC-G1
B-202	b_gate_expired	cprod.cpp:2438-2450	ProcessLastSetIni_FTP	n/a (gate does not cite a golden line)	golden text as gated: if(CUSTOMER_CODE==CC_Murata) { if(fLotInfo!=NULL) { fLotInfo->edtLine->Text=IniConfig.sN23_2_Line; fLotInfo->edtProcessName->Text=IniConfig.sN23_2_Process; fLotInfo->e...	gated by IF0; nothing replaces it (the statements simply do not happen)	yes (2 callers of enclosing ProcessLastSetIni_FTP)	yes: 2/5 statements already live elsewhere, e.g. FileRW/IniConfig.gen.inc:6682	DISPLAY	callees 0/0 ok(def 0, macro 0, sys/undeclared 0); objects 2/2 present	80	[review=auto] ST02 row 1752 [MEDIUM]: KEEP: compiles, reviewed by hand in the 0930 stale scan (design decision / heater, temperature, vacuum or Rotate file) [STALE_SCAN 0930] || gate_id=TODO(GA1-B2)
B-203	b_gate_expired	csystem.cpp:26831-26836	DoBoostFunctionStepCooling	csystem.cpp:22248-22251	golden text VERBATIM in the gate: if((Temperature.bBoostFuncttion || Temperature.bLBTempFunction) && bUnderTest==false) { fTemp_Set->lblCurr->Caption=FormatFloat("0.00", TestIntervalsBoostTime.LatchCyc...	gated by IF0; nothing replaces it (the statements simply do not happen)	yes (1 callers of enclosing DoBoostFunctionStepCooling)	no (0/2 statements found live elsewhere)	DISPLAY	callees 2/2 ok(def 2, macro 0, sys/undeclared 0); objects 3/3 present	80	[review=auto] ST02 row 1877 [MEDIUM]: KEEP (heater / temperature / ATC) [S09_FREED_STATUS 0930] || gate_id=H3-1
B-204	b_gate_expired	csystem.cpp:26871-26873	DoBoostFunctionStepCooling	csystem.cpp:22280	golden text VERBATIM in the gate: fTemp_Set->edtCurrTemp->Text=FormatFloat("0.00", dBoostOffset);	gated by IF0; nothing replaces it (the statements simply do not happen)	yes (1 callers of enclosing DoBoostFunctionStepCooling)	no (0/1 statements found live elsewhere)	DISPLAY	callees 1/1 ok(def 1, macro 0, sys/undeclared 0); objects 1/1 present	80	[review=auto] ST02 row 1878 [MEDIUM]: KEEP (heater: fTemp_Set) [S09_FREED_STATUS 0930] || gate_id=H3-2
B-205	b_gate_expired	csystem.cpp:26918-26920	DoBoostFunctionStepCooling	csystem.cpp:22310	golden text VERBATIM in the gate: fTemp_Set->edtCurrTemp->Text=FormatFloat("0.00", dBoostOffset);	gated by IF0; nothing replaces it (the statements simply do not happen)	yes (1 callers of enclosing DoBoostFunctionStepCooling)	no (0/1 statements found live elsewhere)	DISPLAY	callees 1/1 ok(def 1, macro 0, sys/undeclared 0); objects 1/1 present	80	[review=auto] ST02 row 1880 [MEDIUM]: KEEP (heater: fTemp_Set) [S09_FREED_STATUS 0930] || gate_id=H3-4
B-206	b_gate_expired	csystem.cpp:31773-31780	MainProc	csystem.cpp:18033-18038 (file assumed = port file)	golden text as gated: if(FrmRotate->bIsAngleZero && tRotate.ActiveRotate) { ShowMyMessage("Rotate zero angle", "偵測到旋轉0度"); return; }	gated by IF0; nothing replaces it (the statements simply do not happen)	yes (2 callers of enclosing MainProc)	no (0/2 statements found live elsewhere)	DISPLAY	callees 1/1 ok(def 1, macro 0, sys/undeclared 0); objects 2/2 present	80	[review=auto] ST02 row 1908 [MEDIUM]: KEEP (safety): laptop [S09_FREED_STATUS 0930] || gate_id=W906-T6-ROTZERO
B-207	b_gate_expired	forms/fLotInfo.cpp:5795-5801	TfLotInfo::SetLotStart	n/a (gate does not cite a golden line)	golden text as gated: fMain->cbRunStartMode->Enabled=false; fMain->palFT->Enabled=false; fMain->palRT->Enabled=false; fMain->palOffLine->Enabled=false; fMain->palEQC->Enabled=false;	gated by IF0; nothing replaces it (the statements simply do not happen)	yes (6 callers of enclosing TfLotInfo::SetLotStart)	yes: 1/5 statements already live elsewhere, e.g. RunStartMode.cpp:729	DISPLAY	callees 0/0 ok(def 0, macro 0, sys/undeclared 0); objects 1/1 present	80	[review=auto] ST02 row 820 [LOW]: KEEP: 問（行為） -- 五個 widget 已經有了（fMain.h:307-311）。這是開工後把 Run Mode 按鈕鎖住，要跟 :7233 解鎖那一半一起決定（Jimmy OPMODE；CYUEAN＝本機會受影響） [S09_BATCH1 0929] || gate_id=W906-LOT-W1-MAINPANELS
B-208	b_gate_expired	forms/fLotInfo.cpp:7233-7239	TfLotInfo::sbSECSLotEndClick	fLotInfo.cpp:1434-1438 (file assumed = port file)	golden text as gated: fMain->cbRunStartMode->Enabled=true; fMain->palFT->Enabled=true; fMain->palRT->Enabled=true; fMain->palOffLine->Enabled=true; fMain->palEQC->Enabled=true;	gated by IF0; nothing replaces it (the statements simply do not happen)	yes (7 callers of enclosing TfLotInfo::sbSECSLotEndClick)	yes: 1/5 statements already live elsewhere, e.g. FileRW/TestIF_File_SetUp.gen.inc:4035	DISPLAY	callees 0/0 ok(def 0, macro 0, sys/undeclared 0); objects 1/1 present	80	[review=auto] ST02 row 842 [LOW]: KEEP: 問（行為） -- 五個 widget 已經有了（fMain.h:307-311）。這是開工後把 Run Mode 按鈕鎖住，要跟 :7233 解鎖那一半一起決定（Jimmy OPMODE；CYUEAN＝本機會受影響） [S09_BATCH1 0929] || gate_id=W906-PROD-S117-MAINPANELS
B-209	b_gate_expired	forms/fMain_OperateMode.cpp:157-159	TfMain::W906_UpdateMainOperateModeBody	main.cpp:12818	golden text as gated: labAutomation->Font->Color=clBlue;	gated by IF0; nothing replaces it (the statements simply do not happen)	yes (1 callers of enclosing TfMain::W906_UpdateMainOperateModeBody)	no (0/1 statements found live elsewhere)	DISPLAY	callees 0/0 ok(def 0, macro 0, sys/undeclared 0); objects 1/1 present	80	[review=auto] ST02 row 862 [LOW]: KEEP: 維持 -- labAutomation 是成員（fMain.h:280），但它是 vclcompat::TPanel（FormWidgets.h:132），只有 Caption／Color，沒有 Font（vclcompat/Controls.h:297-303） [S09_BATCH5 0929] || gate_id=TODO(W906-OPMODE)
B-210	b_gate_expired	uTemp_Set.cpp:6207-6237	TfTemp_Set::ShowLineOnTop	n/a (gate does not cite a golden line)	golden text as gated: Panel13->BringToFront(); Panel2->BringToFront(); Panel21->BringToFront(); Panel4->BringToFront(); Panel36->BringToFront(); Panel12->BringToFront(); Panel3->BringToFron...	gated by IF0; nothing replaces it (the statements simply do not happen)	yes (1 callers of enclosing TfTemp_Set::ShowLineOnTop)	no (0/25 statements found live elsewhere)	DISPLAY	callees 1/1 ok(def 1, macro 0, sys/undeclared 0); objects 25/25 present	80	[review=auto] ST02 row 1019 [LOW]: KEEP: compiles, reviewed by hand in the 0930 stale scan (design decision / heater, temperature, vacuum or Rotate file) [STALE_SCAN 0930] || gate_id=G-Align
B-211	b_gate_expired	ProductionInfo/uPAT_Function.cpp:2051-2057	PAT_Function::SetJobTesterToSetting	uPAT_Function.cpp:1350-1352 (file assumed = port file)	golden text VERBATIM in the gate: tester.TestMode = FTestIF->rgInterfaceType->ItemIndex; tester.Gpib_Interface = FTestIF->cbGPIBType->ItemIndex; tester.GpibAddress = StrToIntDef(FTestIF->edGPIBAddress-...	gated by IF0; #else arm: EMPTY_VC (1 stmts) (void)tester;	yes (1 callers of enclosing PAT_Function::SetJobTesterToSetting)	no (0/3 statements found live elsewhere)	DISPLAY	callees 1/1 ok(def 1, macro 0, sys/undeclared 0); objects 2/2 present	78	[review=auto] ST02 row 135 [LOW]: KEEP (dependency exists, but heater / motor / IO / customer -- stopped for the laptop): FTestIF -- 第 2 版撤回（E2 M1）。SetJobTesterToSetting 讀 FTestIF->rgInterfac... || gate_id=REGISTER.
B-212	b_gate_expired	ProductionInfo/uPAT_Function.cpp:2172-2181	PAT_Function::SetJobSpeedToSetting	uPAT_Function.cpp:1451-1456 (file assumed = port file)	golden text VERBATIM in the gate: speed.InArm2Speed = StrToIntDef(fSpeed->edInXYSpd->Text, 0); speed.ShuttleSpeed = StrToIntDef(fSpeed->edSht1Spd->Text, 0); speed.IndexSpeed = StrToIntDef(fSpeed->edInd...	gated by IF0; #else arm: EMPTY_VC (1 stmts) (void)speed;	yes (1 callers of enclosing PAT_Function::SetJobSpeedToSetting)	no (0/6 statements found live elsewhere)	DISPLAY	callees 1/1 ok(def 1, macro 0, sys/undeclared 0); objects 2/2 present	78	[review=auto] ST02 row 139 [LOW]: KEEP (dependency exists, but heater / motor / IO / customer -- stopped for the laptop): fSpeed -- SetJobSpeedToSetting：同上，速度會全部寫 0 [S09_NEARMISS_CLAIMS 0930] || gate_id=REGISTER.
B-213	b_gate_expired	ProductionInfo/uPAT_Function.cpp:2187-2207	PAT_Function::GetJobSpeedToSetting	uPAT_Function.cpp:1461-1477 (file assumed = port file)	golden text VERBATIM in the gate: fSpeed->edInXYSpd->Text=IntToStr(speed.InArm2Speed); fSpeed->edInPitchSpd->Text=IntToStr(speed.InArm2Speed); fSpeed->edSht1Spd->Text=IntToStr(speed.ShuttleSpeed); fSpe...	gated by IF0; #else arm: EMPTY_VC (1 stmts) (void)speed;	yes (1 callers of enclosing PAT_Function::GetJobSpeedToSetting)	no (0/10 statements found live elsewhere)	DISPLAY	callees 1/1 ok(def 1, macro 0, sys/undeclared 0); objects 2/2 present	78	[review=auto] ST02 row 140 [LOW]: KEEP (dependency exists, but heater / motor / IO / customer -- stopped for the laptop): fSpeed -- GetJobSpeedToSetting：同上 [S09_NEARMISS_CLAIMS 0930] || gate_id=REGISTER.
B-214	b_gate_expired	cMyDB.cpp:1667-1678	MyDBVProcess	cMyDB.cpp:1373-1381 (file assumed = port file)	golden text as gated: if(CosFunction.bIncludeMTBA && i!=0) { AnsiString sJamArea=fSecurity->GetJamArea(strGrid->Cells[1][i]); AnsiString sJamCode=fSecurity->GetJamArea(strGrid->Cells[2][i])...	gated by IF0; nothing replaces it (the statements simply do not happen)	yes (2 callers of enclosing MyDBVProcess)	no (0/4 statements found live elsewhere)	DISPLAY	callees 2/2 ok(def 2, macro 0, sys/undeclared 0); objects 3/3 present | link-boundary only: GetJamArea, GetJemIncludeMTBA	75	[review=auto] ST02 row 454 [LOW]: KEEP: 在 SQLITE 分支裡。fSecurity 已經有了（fSecurity.h:609），但沒 include，不動 [S09_BATCH1 0929] || gate_id=TODO(GA1-B4)
B-215	b_gate_expired	forms/fLotInfo.cpp:2010-2012	TfLotInfo::btTesterTCPShowClick	n/a (gate does not cite a golden line)	golden text as gated: fTesterTCP->Show();	gated by IF0; nothing replaces it (the statements simply do not happen)	no callers found for enclosing TfLotInfo::btTesterTCPShowClick	yes: 1/1 statements already live elsewhere, e.g. forms/fTesterIF.cpp:183	DISPLAY	callees 1/1 ok(def 1, macro 0, sys/undeclared 0); objects 1/1 present | link-boundary only: Show	75	[review=auto] ST02 row 766 [LOW]: KEEP: 問（Q-INC） -- 理由不在了：fTesterTCP 有了（forms/fTesterTCP.h:408 extern，forms/fTesterTCP.cpp:49 靜態 new）；Show() 是 :377 的 port-only 空函式（D-2）；forms/fTesterIF.cpp:18... || gate_id=WA-9
B-216	b_gate_expired	DynamicTemp.cpp:156-159	TfDynamicTemp::btTempICLoadClick	DynamicTemp.cpp:73 (file assumed = port file)	golden text as gated: ListBox1->Items->LoadFromFile(OpenDialog2->FileName);	gated by IF0; nothing replaces it (the statements simply do not happen)	no callers found for enclosing TfDynamicTemp::btTempICLoadClick	no (0/1 statements found live elsewhere)	DISPLAY	callees 1/1 ok(def 1, macro 0, sys/undeclared 0); objects 2/2 present	72	[review=auto] ST02 row 14 [LOW]: KEEP: compiles, but write-policy / safety gate (shared config or security file write) [RESCAN 0930] || gate_id=D1
A3-031	a3_macro_seam	atester.cpp:5886	ShowMainScreenPresure -> W7T1_ShowMainScreenPresure	cinitial.cpp:13816-13923 (22 stmts)	golden ShowMainScreenPresure has 22 statements	no stub function found (alias/macro seam); #define ShowMainScreenPresure W7T1_ShowMainScreenPresure	yes (4 call sites between #define and #undef read the stub) e.g. atester.cpp:6927 in DoTestHeadMotor	yes: real body aTester_Front.cpp:3077, aTester_Rear.cpp:2963, cinitial.cpp:19075 (already live; the seam hides it from the call sites above)	DISPLAY	real body exists: yes	70	[review=auto] seam id=A-SEAM-03 src=macro_seam_scan undef=None || DOUBLE-APPLY HAZARD: do not copy golden text into the stub; retire the #define/stub so callers reach the real body
A3-032	a3_macro_seam	atester.cpp:5888	InitWriteAndCheckMotorTorqueTask -> W7T1_InitWriteAndCheckMotorTorqueTask	rs232.cpp:1838-1845 (5 stmts)	golden InitWriteAndCheckMotorTorqueTask has 5 statements	no stub function found (alias/macro seam); #define InitWriteAndCheckMotorTorqueTask W7T1_InitWriteAndCheckMotorTorqueTask	yes (6 call sites between #define and #undef read the stub) e.g. atester.cpp:6796 in DoTestHeadMotor	yes: real body rs232.cpp:927 (already live; the seam hides it from the call sites above)	DISPLAY	real body exists: yes	70	[review=auto] seam id=A-SEAM-09 src=macro_seam_scan undef=None || DOUBLE-APPLY HAZARD: do not copy golden text into the stub; retire the #define/stub so callers reach the real body
A3-033	a3_macro_seam	atester.cpp:5892	RecordIndexPosition -> W7T1_RecordIndexPosition	Motor/mymotor.cpp:5318-5424 (31 stmts)	golden RecordIndexPosition has 31 statements	EMPTY stub (0 stmts); #define RecordIndexPosition W7T1_RecordIndexPosition	yes (1 call sites between #define and #undef read the stub) e.g. atester.cpp:8555 in DoTestHeadMotor	yes: real body Motor/mymotor.cpp:2704(0 stmts) (already live; the seam hides it from the call sites above)	DISPLAY	real body exists: yes	70	[review=auto] seam id=A-SEAM-28 src=both undef=None || DOUBLE-APPLY HAZARD: do not copy golden text into the stub; retire the #define/stub so callers reach the real body
A3-034	a3_macro_seam	atester_32Site.cpp:411	ShowMainScreenPresure -> W5_32S_ShowMainScreenPresure	cinitial.cpp:13816-13923 (22 stmts)	golden ShowMainScreenPresure has 22 statements	EMPTY stub (0 stmts); #define ShowMainScreenPresure W5_32S_ShowMainScreenPresure	yes (3 call sites between #define and #undef read the stub) e.g. atester_32Site.cpp:1884 in DoTestY_TwoArm32Site	yes: real body atester.cpp:5890, aTester_Front.cpp:3077, aTester_Rear.cpp:2963 (already live; the seam hides it from the call sites above)	DISPLAY	real body exists: yes	70	[review=auto] seam id=A-SEAM-16 src=macro_seam_scan undef=None || DOUBLE-APPLY HAZARD: do not copy golden text into the stub; retire the #define/stub so callers reach the real body
A3-035	a3_macro_seam	atester_32Site.cpp:412	RecordIndexPosition -> W5_32S_RecordIndexPosition	Motor/mymotor.cpp:5318-5424 (31 stmts)	golden RecordIndexPosition has 31 statements	EMPTY stub (0 stmts); #define RecordIndexPosition W5_32S_RecordIndexPosition	yes (2 call sites between #define and #undef read the stub) e.g. atester_32Site.cpp:1481 in DoTestY_TwoArm32Site	yes: real body Motor/mymotor.cpp:2595, Motor/mymotor.cpp:2704 (already live; the seam hides it from the call sites above)	DISPLAY	real body exists: yes	70	[review=auto] seam id=A-SEAM-20 src=macro_seam_scan undef=None || DOUBLE-APPLY HAZARD: do not copy golden text into the stub; retire the #define/stub so callers reach the real body
B-217	b_gate_expired	cprod.cpp:3466-3475	ReadRmsPath	n/a (gate does not cite a golden line)	golden text as gated: if(fLotInfo->coLevelMode->Text!="Normal") IniConfig.sRmsPath=CheckAndReadIniData(sPath, str, str+" Download Path", AnsiString("D:\\RMS")); else IniConfig.sRmsPath=Chec...	gated by IF0; nothing replaces it (the statements simply do not happen)	no callers found for enclosing ReadRmsPath	yes: 1/2 statements already live elsewhere, e.g. cprod.cpp:2213	DISPLAY	callees 1/1 ok(def 1, macro 0, sys/undeclared 0); objects 2/2 present | link-boundary only: CheckAndReadIniData	66	[review=auto] ST02 row 1764 [MEDIUM]: KEEP: withdrawn from the stale-scan 39 (E2 review M4) -- the port's coLevelMode TComboBox has no golden DFM Text='Normal', so lifting takes the Engineer 'Dow... || gate_id=TODO(GA1-B2)
B-218	b_gate_expired	Motor/mymotor.cpp:1006-1017	TMyMotor::MotorMoveShuttleShake	n/a (gate does not cite a golden line)	golden text as gated: if(bUpDownMove) { if(abs(PWinCtrl->Top-ScreenPos)>2) PWinCtrl->Top=ScreenPos; } else { if(abs(PWinCtrl->Left-ScreenPos)>2) PWinCtrl->Left=ScreenPos; }	gated by IF0; nothing replaces it (the statements simply do not happen)	yes (2 callers of enclosing TMyMotor::MotorMoveShuttleShake)	no (0/3 statements found live elsewhere)	DISPLAY	callees 0/0 ok(def 0, macro 0, sys/undeclared 0); objects 1/1 present	60	[review=auto] ST02: no backlog row matched (no-row) || gate_id=C21-1
B-219	b_gate_expired	ainarm9045.cpp:14241-14245	SetAutoSkipCount	main.h:806	golden text as gated: if(fMain->labAutoSkip->Visible==false) fMain->labAutoSkip->Visible=true; fMain->labAutoSkip->Caption="Auto Skip : "+AnsiString(iAutoSkipCT);	gated by IF0; nothing replaces it (the statements simply do not happen)	yes (10 callers of enclosing SetAutoSkipCount)	no (0/2 statements found live elsewhere)	DISPLAY	callees 0/0 ok(def 0, macro 0, sys/undeclared 0); objects 1/1 present	60	[review=auto] ST02: no backlog row matched (no-row) || gate_id=AMB-L3-G1
B-220	b_gate_expired	ainarm9045.cpp:14249-14252	SetAutoSkipCount	n/a (gate does not cite a golden line)	golden text as gated: if(fMain->labAutoSkip->Visible==true) fMain->labAutoSkip->Visible=false;	gated by IF0; nothing replaces it (the statements simply do not happen)	yes (10 callers of enclosing SetAutoSkipCount)	no (0/1 statements found live elsewhere)	DISPLAY	callees 0/0 ok(def 0, macro 0, sys/undeclared 0); objects 1/1 present	60	[review=auto] ST02: no backlog row matched (no-row) || gate_id=AMB-L3-G1
B-221	b_gate_expired	forms/fNote_ShowError.cpp:1130-1147	W906_NoteNoticeAckLikeGolden	fNote_ShowError.cpp:2569-2584 (file assumed = port file)	golden text as gated: if(IniConfig.bA67TriggerOneCycleWhenAlarm) { if(fNote->ReturnCode==K_SKIP) { if(edErrorCode->Text=="JAM0126" || edErrorCode->Text=="JAM0203" || edErrorCode->Text=="MES...	gated by IF0; nothing replaces it (the statements simply do not happen)	yes (1 callers of enclosing W906_NoteNoticeAckLikeGolden)	yes: 1/4 statements already live elsewhere, e.g. AutoClean/AutoClean.cpp:832	DISPLAY	callees 1/1 ok(def 1, macro 0, sys/undeclared 0); objects 4/4 present	60	[review=auto] ST02: no backlog row matched (no-row)
B-222	b_gate_expired	forms/fSmartDiagnostic.cpp:604-606	TfSmartDiagnostic::FormShow	fSmartDiagnostic.cpp:290 (file assumed = port file)	golden text as gated: sgCylinder->Width=1300;	gated by IF0; nothing replaces it (the statements simply do not happen)	yes (16 callers of enclosing TfSmartDiagnostic::FormShow)	no (0/1 statements found live elsewhere)	DISPLAY	callees 0/0 ok(def 0, macro 0, sys/undeclared 0); objects 1/1 present	55	[review=auto] ST02 row 2013 [HIGH]: NOT REVIEWED: HIGH tier (the laptop's); INBOX115=C(reason still holds) || gate_id=SD-5
A1-070	a1_stub_body	Motor/mymotor.cpp:1930	TMyMotor::Check_Y1_TargetPosWillCrash	Motor/mymotor.cpp:6486-6499	5 stmts/14 lines; calls: NewRecordProcess	constant: return false;	no (0 live call sites found)	no (0/3 checked)	MOTION	callees 1/1 ok(def 1, macro 0, sys/undeclared 0); objects 2/2 present	85	[review=auto] docs:GL_S0_STUB_LEDGER(Aug26) || match=L1-samefile flip=same in_cmake=True
A1-071	a1_stub_body	Motor/mymotor.cpp:1931	TMyMotor::Check_Y2_TargetPosWillCrash	Motor/mymotor.cpp:6501-6514	5 stmts/14 lines; calls: NewRecordProcess	constant: return false;	no (0 live call sites found)	no (0/3 checked)	MOTION	callees 1/1 ok(def 1, macro 0, sys/undeclared 0); objects 2/2 present	85	[review=auto] docs:GL_S0_STUB_LEDGER(Aug26) || match=L1-samefile flip=same in_cmake=True
A1-072	a1_stub_body	Motor/mymotor.cpp:2549	SortArmPitchMove	Motor/mymotor.cpp:6018-6067	14 stmts/50 lines; calls: ReadPos, MotorMove	constant: return false;	no (0 live call sites found)	YES live 1/4, e.g. Automation/AGV_PortScan.cpp:709 in bScanLoadPortState_ATK	MOTION	callees 2/2 ok(def 2, macro 0, sys/undeclared 0); objects 1/1 present	85	[review=auto] docs:GL_S0_STUB_LEDGER(Aug26) || scope: feature:sort arm || match=L1-samefile flip=same in_cmake=True || port comment calls it a stub/offline
A1-073	a1_stub_body	Motor/mymotor.cpp:2551	PCIL112_SortArmXYMove	Motor/mymotor.cpp:5918-6016	28 stmts/99 lines; calls: CompareEncoderPos, SortArmZSafe, ShowMyMessage, MyDBIProcess, MotorMove	constant: return 0;	no (0 live call sites found)	YES live 1/4, e.g. Motor/mymotor.cpp:5437 in PCIL112_InArmXYMove	MOTION	callees 5/5 ok(def 5, macro 0, sys/undeclared 0); objects 2/2 present	85	[review=auto] docs:GL_S0_STUB_LEDGER(Aug26) || scope: feature:sort arm || match=L1-samefile flip=same in_cmake=True || port comment calls it a stub/offline
A1-074	a1_stub_body	Motor/mymotor.cpp:2553	SortArmZMoveDown	Motor/mymotor.cpp:6360-6404	12 stmts/45 lines; calls: On, MotorMove2SpeedForPicker	constant: return false;	no (0 live call sites found)	YES live 2/4, e.g. asortarm.cpp:3024 in GetSortArmZDownPos	MOTION	callees 2/2 ok(def 2, macro 0, sys/undeclared 0); objects 2/2 present	85	[review=auto] docs:GL_S0_STUB_LEDGER(Aug26) || scope: feature:sort arm || match=L1-samefile flip=same in_cmake=True || port comment calls it a stub/offline
A1-075	a1_stub_body	Motor/mymotor.cpp:2554	SortArmZMoveUp	Motor/mymotor.cpp:6406-6434	9 stmts/29 lines; calls: MotorMove2SpeedForPicker	constant: return false;	no (0 live call sites found)	YES live 1/4, e.g. Motor/mymotor.cpp:3269 in CheckSortArmZHomeSensor_2x8	MOTION	callees 1/1 ok(def 1, macro 0, sys/undeclared 0); objects 2/2 present	85	[review=auto] docs:GL_S0_STUB_LEDGER(Aug26) || scope: feature:sort arm || match=L1-samefile flip=same in_cmake=True || port comment calls it a stub/offline
A1-076	a1_stub_body	ainarm9045_2x8_32.cpp:76	DoPlaceToShuttle_9045_2x8_32	ainarm9045_2x8_32.cpp:4610-5547	320 stmts/938 lines; calls: CheckTaskChange, AutoSiteMappingCheckShuttle, SetItemData, HasRealIC, MoveInArmZToPlateSafe, SetAll ...	constant: return false;	no (0 live call sites found)	YES live 3/4, e.g. ainarm9045S_1x4_4.cpp:1301 in DoInArmPlaceToShuttle_9045_1x4_4_13	MOTION	callees 42/45 ok(def 42, macro 0, sys/undeclared 0); ABSENT [MoveInArm2XYToShuttle_9045_2x8_32, SetClosedShtKitToHasNullIC_2x8_8, SetShuttleToHasNullIC]; objects 14/14 present	85	[review=auto] || match=L1-samefile flip=same in_cmake=True
A1-077	a1_stub_body	ainarm9045_2x8_32.cpp:81	DoArmPickFromLoadStage_9045_2x8_32	ainarm9045_2x8_32.cpp:1394-1957	175 stmts/564 lines; calls: CheckTaskChange, AutoTeachLoadTrayZ, MoveInArmZToPlateSafe, bNeedOneCycle, LatchCycleTime, HasIC ...	constant: return false;	no (0 live call sites found)	YES live 4/4, e.g. ainarm9045.cpp:3017 in DoInArmPickFromLoadStage_9045	MOTION	callees 38/39 ok(def 38, macro 0, sys/undeclared 0); ABSENT [ArmFinish_2x8_32]; objects 15/15 present	85	[review=auto] || match=L1-samefile flip=same in_cmake=True
A1-078	a1_stub_body	ainarm9045_2x8_32.cpp:77	MoveInArmXYPickHotPlate_2x8_32	ainarm9045_2x8_32.cpp:1959-2143	64 stmts/185 lines; calls: GetVariableInHotPlateData_2x8_32, GetVariableYInHotPlateData, GetInArmPitch_9045, GetInArmPitch2_9045, GetInArmPitchY_9045, MoveInArmXYPickHotPlate_AutoSiteMap ...	constant: return false;	no (0 live call sites found)	YES live 1/4, e.g. ainarm9045_2x2_8_Hot.cpp:997 in MoveInArmXYToPlatePlace_9045_2x2_8_Hot	MOTION	callees 9/12 ok(def 9, macro 0, sys/undeclared 0); ABSENT [GetVariableInHotPlateData_2x8_32, MoveInArmXYPickHotPlate_AutoSiteMap, InArmContinuousMove]; objects 7/7 present	82	[review=auto] || scope: feature:hot plate || match=L1-samefile flip=same in_cmake=True
A4-006	a4_standin_family	aoutarm9045.cpp:230-233	SortingBinTray engine disconnected: 4 file-local static stubs in aoutarm9045.cpp:230-233 shadow the live engine	SortingBinTray/SortingBinTray.cpp:264,1186,1308	DoSortingBinTray(int) / DoSortingBinTray() / SortingBinTray_SetMotorPosData / SortingBinTray_SetTrayData are static no-ops ('nothing to sort', 'sort done' = true) while the real engine SortingBinTray/SortingBinTray.cpp (DoSortingBinTray :264, 62 stmts) is compiled into ht9045_sm; options P27 (bP27AutoSortingBinTrayByOutArmwhenCleanOut) and E55 (Fix3 full tray) therefore never sort (same-file callers aoutarm9045.cpp:1747/1748/1862); the in-place note AI(W906-PT-W1-integrate) 20260807 says retiring = delete the 4-5 lines AND ungate aArmHeader.h:23-98 `#include SortingBinTray.h`, which pulls the arm god-header: a 'W7 decision'. The TransferAutoRatio gates inside the engine are separate B rows	4 static stubs with same-file live callers	7 member stubs have live callers	n/a (family row)	MOTION	see member rows	55	[review=manual] verdict=UNDECIDED || documented decision (PT-W1-integrate 20260807); options P27 / E55 only
A4-007	a4_standin_family	AutoAlignment/AutoAlignment.cpp:1-95	AutoAlignment module: port 95 of golden 8,996 lines (ReadFile only)	AutoAlignment/AutoAlignment.cpp:1-8996	golden AutoAlignment.cpp (8,996 lines, TfAutoAlignment: CCD-driven XY/Z alignment of the in/out arm at tray/shuttle/hot-plate events) is represented by ReadFile alone (59 of 8,996 lines, AutoAlignment/AutoAlignment.cpp:26-95); every caller reaches a stub: W7C1_VerifyNeedDoAlignment (csystem.cpp:2530, golden :8962, 4 sites), CheckInArmXYScaleByAutoTeach (AutoClean.cpp:243, golden :4619, 176 stmts), CheckOutArmXYScaleByAutoTeach (aoutarm.cpp:560, golden :4917, 327 stmts), CheckInArmAutoAlignmentCKModeBeUse (AutoClean.cpp:254), CheckOutArmAutoAlignmentTrayModeBeUse (acatchtray_shims.cpp:132, golden :8848), Do{In,Out}ArmTeachAlignmentProcess (csystem_shims.cpp:165/166), InitDo{In,Out}ArmTeach...	10 stubs in 6 files, ~15 live call sites; module size check: git ls-files + wc -l (port 95, golden 8,996 lines)	0 member stubs have live callers	n/a (family row)	MOTION	see member rows	50	[review=manual] verdict=UNDECIDED || option MACHINE_HAS_AUTO_ALIGNMENT_CCD && TestIF_File.bEnableAutoAlignment: the settings are read but nothing acts on them; needs a new translation wave (not a fill-in); GL_S0_STUB_LEDGER lists the stubs
A1-079	a1_stub_body	acatchtray_shims.cpp:83	TfTrayMapping::DoTrayID2CCD	cTrayMapping.cpp:3458-3717	124 stmts/260 lines; calls: AddCCDTrayCommunicationLog, SendCCDTrayCommand, SetMSAndOn, Off, ShowErrorMessage, IsMoveInArm2XYToWait ...	constant: return false;	yes (1 certain, 0 possible) e.g. acatchtray.cpp:3828 in CatchNewTrayFromBuffer	no (0/4 checked)	MOTION	callees 8/14 ok(def 8, macro 0, sys/undeclared 0); DECL-ONLY(no body) [AddCCDTrayCommunicationLog, SendCCDTrayCommand, WriteTrayMapLog, SearchTrayMapFile, CCDTrayID_Decoding]; ABSENT [ShowMyInputTrayID]; objects 5/10 present; OBJ-ABSENT [TMAStartDelay, labTrayID2Status, TMAExposureDelay, sKeyinTrayID, TMAResultDelay]	48	[review=auto] docs:GL_S0_STUB_LEDGER(Aug26) || scope: feature:CCD/tray-map || match=L2-anyfile flip=same in_cmake=True
A4-008	a4_standin_family	acatchtray_shims.cpp:41-139	TfTrayMapping CCD / laser / Keyence tray-ID family + LoadCCD (partial module: forms/fTrayMapping.cpp 1,040 of golden cTrayMapping.cpp 7,267 lines)	cTrayMapping.cpp:1997-6319; LoadCCD/LoadCCDMap.cpp:208-253	TfTrayMapping::DoTrayIDCCD (golden cTrayMapping.cpp:1997, 180 stmts), DoTrayMapCCD (:2389, 168), DoTrayID2CCD (:3458, 124), DoLaserScanFromLoader (:4972, 113), DoTrayIDKeyence (:4377, 43) / DoTrayIDKeyence2 (:4469, 56), DoCoverTrayIDKeyence (:5836, 73), DoCoverTrayID (:5812), WritePickMapLog (:3243), AddYieldData (:6305) and TLoadCCD::LoadCCDData (LoadCCD/LoadCCDMap.cpp:208; no port file) answer false/true/0 to live callers in acatchtray.cpp DoCatchTray and asendic_*.cpp	20 stubs in acatchtray_shims.cpp, 18 with live callers (measured a1 rows)	18 member stubs have live callers	n/a (family row)	MOTION	see member rows	45	[review=auto] verdict=UNDECIDED || GL_S0_STUB_LEDGER lists most of them (Aug 26); options: CCD tray map, Keyence tray ID, cover-tray ID, laser scan; needs new translation waves
A4-009	a4_standin_family	ainarm9045_2x4_16_shims.cpp:84 (AutoTeachLoadTrayZ)	AutoTeach module: none of golden 2,904 lines	AutoTeach/AutoTeach.cpp:1-2904	golden AutoTeach/AutoTeach.cpp (2,904 lines; auto-teach of loader tray Z, suck Z, offsets) has no port file; AutoTeachLoadTrayZ is a shim (ainarm9045_2x4_16_shims.cpp:84, golden AutoTeach.cpp:2132, 155 stmts) with 32 by-name call sites (DoInArmPickFromLoadStage_9045 ainarm9045.cpp:2501 ...); DoInArmAutoCalSuckZ (ainarm9045.cpp:3125, golden :8843, 59 stmts) has no live caller (INBOX 89 item 5)	shim + 2 stubs; 32 by-name call sites for AutoTeachLoadTrayZ	3 member stubs have live callers	n/a (family row)	MOTION	see member rows	45	[review=manual] verdict=UNDECIDED || AutoTeach option only; needs a new translation wave
A1-080	a1_stub_body	ainarm9045_2x4_16_shims.cpp:84	AutoTeachLoadTrayZ	AutoTeach/AutoTeach.cpp:2132-2526	155 stmts/395 lines; calls: MoveInArmZToPlateSafe, MoveOutArmToAutoSafe, OpenSuckOn, Normal, bMoveInArmXYToTeach, SetSpeed ...	constant: return false;	yes (32 certain, 0 possible) e.g. ainarm9045.cpp:2501 in DoInArmPickFromLoadStage_9045	no (0/4 checked)	MOTION	callees 17/21 ok(def 17, macro 0, sys/undeclared 0); ABSENT [OpenSuckOn, CheckSuckOn, InOutArmZHome, DoZHome]; objects 10/10 present	39	[review=auto] docs:INBOX_QUEUE || match=L2-anyfile flip=absentB in_cmake=True || port comment calls it a stub/offline
A1-081	a1_stub_body	aoutarm9045.cpp:230	DoSortingBinTray	SortingBinTray/SortingBinTray.cpp:62-190	62 stmts/129 lines; calls: SortingBinTray_SetMotorPosData, SortingBinTray_SetTraySpecData, MoveOutArmToAutoSafe, MTrayXCanSafeMove, TrayArmMotorMove, HasIC ...	EMPTY body{}	yes (2 same-file call sites; file-local static, other TUs bind to the real function) e.g. aoutarm9045.cpp:1862 in DoOutArmAfterPlaceToAuto	YES live 4/4, e.g. SortingBinTray/SortingBinTray.cpp:332 in DoSortingBinTray [same-name family]	MOTION	callees 12/12 ok(def 12, macro 0, sys/undeclared 0); objects 4/4 present	20	[review=auto] docs:other-docs || scope: feature:sort arm || match=L2-anyfile flip=same in_cmake=True || port comment calls it a stub/offline || same-name real def elsewhere: SortingBinTray/SortingBinTray.cpp:264
A1-082	a1_stub_body	aoutarm9045.cpp:231	DoSortingBinTray	SortingBinTray/SortingBinTray.cpp:62-190	62 stmts/129 lines; calls: SortingBinTray_SetMotorPosData, SortingBinTray_SetTraySpecData, MoveOutArmToAutoSafe, MTrayXCanSafeMove, TrayArmMotorMove, HasIC ...	constant: return true;	yes (2 same-file call sites; file-local static, other TUs bind to the real function) e.g. aoutarm9045.cpp:1862 in DoOutArmAfterPlaceToAuto	YES live 4/4, e.g. SortingBinTray/SortingBinTray.cpp:332 in DoSortingBinTray [same-name family]	MOTION	callees 12/12 ok(def 12, macro 0, sys/undeclared 0); objects 4/4 present	17	[review=auto] docs:other-docs || scope: feature:sort arm || match=L3-arity-mismatch flip=same in_cmake=True || port comment calls it a stub/offline || same-name real def elsewhere: SortingBinTray/SortingBinTray.cpp:264
A1-083	a1_stub_body	csystem.cpp:4162	W7C2_DoAutoRetest	AutoRetest.cpp:50-399	124 stmts/350 lines; calls: SetMotorScaleSpeed, CompareCommandPos, MoveInArm2XYToWait, MoveOutArmXY_ToFix_Tray_Full, Off, EventReport ...	EMPTY body{}	yes (6 certain, 0 possible) e.g. csystem.cpp:6075 in DoART_AfterCleanOut [via #define DoAutoRetest]	YES live 3/4, e.g. AutoRetest.cpp:514 in DoAutoRetest [same-name family]	MOTION	callees 25/25 ok(def 25, macro 0, sys/undeclared 0); objects 16/16 present	10	[review=auto] docs:NB2-seam-list(0925) || match=L2-anyfile flip=absentB in_cmake=True || port comment calls it a stub/offline || same-name real def elsewhere: AutoRetest.cpp:365
A1-084	a1_stub_body	Motor/mymotor.cpp:1926	TMyMotor::Check_SHUTTLE_FLOODGATE_Staste	Motor/mymotor.cpp:5620-5651	7 stmts/32 lines; calls: OnSensor, OffSensor	constant: return false;	no (0 live call sites found)	YES live 1/4, e.g. AutoClean/AutoClean.cpp:3226 in CheckAutoCleanCloseSite	IO_OUT	callees 2/2 ok(def 2, macro 0, sys/undeclared 0); objects 0/0 present	85	[review=auto] docs:GL_S0_STUB_LEDGER(Aug26) || match=L1-samefile flip=same in_cmake=True
A2-056	a2_abbreviated_body	cShowBinSelect.cpp:2253-2402	TfShowBinSelect::ChangeBinDispStatus	cShowBinSelect.cpp:208-386	49 stmts/179 lines; calls: UnitHasInstall, GerErrNow, GetColorNow, GetBinNow, ProcessStopStart, ShowMyMessage ...	ABBREVIATED body (150 of 179 lines): 38/65 (58%) of golden's distinct statements exist live anywhere in the port; 0% only under #if 0/alt arm; 54% in this function	no (0 live call sites found)	no (0/4 checked)	IO_OUT	callees 10/10 ok(def 10, macro 0, sys/undeclared 0); objects 8/8 present	58	[review=auto] || match=L1-samefile flip=same in_cmake=True || port comment calls it a stub/offline
A2-057	a2_abbreviated_body	csystem.cpp:14466-14570	ProcessCCDLight	csystem.cpp:19128-19217	31 stmts/90 lines; calls: On, Off, Status	ABBREVIATED body (105 of 90 lines): 12/20 (60%) of golden's distinct statements exist live anywhere in the port; 5% only under #if 0/alt arm; 60% in this function	no (0 live call sites found)	YES live 1/4, e.g. FileRW/MainClick.cpp:1325 in W906_Main_spbLightClick	IO_OUT	callees 3/3 ok(def 3, macro 0, sys/undeclared 0); objects 7/7 present	57	[review=auto] docs:handoff || in-function gates: 14468-14476 G8 [KEEP (motor / IO): laptop [S09_FREED_STATUS 0930]] || scope: feature:CCD/tray-map || match=L1-samefile flip=same in_cmake=True || port comment calls it a stub/offline
A1-085	a1_stub_body	OCRInsp.cpp:348	W906OCR_TfOCRSeam::StartOCRCaptureTrigger	OCR.cpp:1662-1698	15 stmts/37 lines; calls: IsOCRCommandTrigger, Add, DoConnect, SendBuf, RecordProcess, On	constant: return true;	possible (2, obj not resolvable) e.g. OCRInsp.cpp:1363 in DoOCRFlow1 [obj=fOCR]	no (0/4 checked)	IO_OUT	callees 6/6 ok(def 6, macro 0, sys/undeclared 0); objects 2/3 present; OBJ-ABSENT [ClientSocket2]	53	[review=auto] || scope: feature:OCR camera || match=L5-standin-class flip=same in_cmake=True || port comment calls it a stub/offline
A1-086	a1_stub_body	acatchtray_shims.cpp:80	TfTrayMapping::DoCoverTrayIDKeyence	cTrayMapping.cpp:5836-6042	73 stmts/207 lines; calls: AddKeyenceCommunicationLog, SendKeyenceCommand, SetMSAndOn, rand, Off, AnsiPos ...	constant: return false;	yes (1 certain, 0 possible) e.g. acatchtray.cpp:8813 in CheckCoverTrayID	no (0/4 checked)	IO_OUT	callees 6/8 ok(def 5, macro 0, sys/undeclared 1); DECL-ONLY(no body) [AddKeyenceCommunicationLog, SendKeyenceCommand]; objects 9/13 present; OBJ-ABSENT [TMAResultDelay, tCMDDelay, asTempID, labTrayIDStatus]	47	[review=auto] docs:GL_S0_STUB_LEDGER(Aug26) || scope: feature:CCD/tray-map || match=L3-arity-mismatch flip=same in_cmake=True
A1-087	a1_stub_body	csystem.cpp:28575-28607	CheckTorqueDelay	csystem.cpp:23327-23359	8 stmts/33 lines; calls: Off	EMPTY body{}	no (0 live call sites found)	YES live 3/4, e.g. atester.cpp:963 in GetTesterResult	IO_OUT	callees 1/1 ok(def 1, macro 0, sys/undeclared 0); objects 2/2 present	46	[review=auto] docs:other-docs || match=L1-samefile flip=nontrivialB in_cmake=True
A1-088	a1_stub_body	acatchtray_shims.cpp:108	TLoadCCDShim::LoadCCDData	LoadCCD/LoadCCDMap.cpp:208-253	18 stmts/46 lines; calls: Open, SendData, SetSecAndOn, Off	constant: return 0;	yes (2 certain, 0 possible) e.g. acatchtray.cpp:6678 in DoCatchTray	no (0/4 checked)	IO_OUT	callees 4/4 ok(def 4, macro 0, sys/undeclared 0); objects 0/3 present; OBJ-ABSENT [ServerSocket1, CCDCommand, CCDDataDelay]	42	[review=auto] || scope: feature:CCD/tray-map || match=L5-standin-class flip=same in_cmake=True || port comment calls it a stub/offline
A1-089	a1_stub_body	ainarm9045_2x8_32.cpp:79	CleanPad_PlaceToShuttle_2x8_32	ainarm9045_2x8_32.cpp:7635-7701	13 stmts/67 lines; calls: GetNeedDestroyStatus, Destroy, MoveSuckDataDiff	constant: return false;	no (0 live call sites found)	YES live 1/4, e.g. AutoClean/AutoClean.cpp:3063 in CleanPad_PlaceToShuttle [same-name family]	IO_OUT	callees 3/3 ok(def 3, macro 0, sys/undeclared 0); objects 3/3 present	27	[review=auto] || match=L1-samefile flip=same in_cmake=True
A1-090	a1_stub_body	Automation/auto9045.cpp:143	W5FA_ChangeSite	cinitial.cpp:12074-13491	806 stmts/1418 lines; calls: DoInArm_9045_Type, InitialAddrToATC, CopyKitSuck, SetInOutArmParameter, CopySwitch, CopySensor ...	EMPTY body{}	yes (1 certain, 0 possible) e.g. Automation/auto9045.cpp:889 in SetMapping [via #define ChangeSite]	YES live 3/4, e.g. cinitial.cpp:17565 in ChangeSite [same-name family]	IO_OUT	callees 9/9 ok(def 9, macro 0, sys/undeclared 0); objects 11/11 present	20	[review=auto] docs:other-docs || match=L2-anyfile flip=same in_cmake=True || port comment calls it a stub/offline || same-name real def elsewhere: cinitial.cpp:17547
A1-091	a1_stub_body	asortarm.cpp:554	SetSortArmSpeed	cinitial.cpp:5425-5494	29 stmts/70 lines; calls: SetMotorAccelSpeed, SetMotorScaleSpeed, ShowSpeed	EMPTY body{}	yes (3 same-file call sites; file-local static, other TUs bind to the real function) e.g. asortarm.cpp:853 in SortArmAddSpeed	YES live 4/4, e.g. cinitial.cpp:5494 in SetSortArmSpeed [same-name family]	IO_OUT	callees 3/3 ok(def 3, macro 0, sys/undeclared 0); objects 6/6 present	20	[review=auto] docs:NB2-seam-list(0925),INBOX_QUEUE || scope: feature:sort arm || match=L2-anyfile flip=same in_cmake=True || port comment calls it a stub/offline || same-name real def elsewhere: cinitial.cpp:5456
A1-092	a1_stub_body	ckernel_shims.cpp:62	W7L2_ChangeSite	cinitial.cpp:12074-13491	806 stmts/1418 lines; calls: DoInArm_9045_Type, InitialAddrToATC, CopyKitSuck, SetInOutArmParameter, CopySwitch, CopySensor ...	EMPTY body{}	no (0 live call sites found)	YES live 3/4, e.g. cinitial.cpp:17565 in ChangeSite [same-name family]	IO_OUT	callees 9/9 ok(def 9, macro 0, sys/undeclared 0); objects 11/11 present	20	[review=auto] docs:other-docs || match=L2-anyfile flip=same in_cmake=True || port comment calls it a stub/offline || same-name real def elsewhere: cinitial.cpp:17547
A1-093	a1_stub_body	ainarm9045_2x4_16_shims.cpp:27	CheckLoaderHasTray	ainarm9045.cpp:7256-7299	16 stmts/44 lines; calls: IsOff, IsOn, OffSensor, ShowErrorMessage	constant: return 0;	yes (4 certain, 0 possible) e.g. ainarm9045.cpp:2562 in DoInArmPickFromLoadStage_9045	YES live 4/4, e.g. ainarm9045.cpp:11894 in CheckLoaderHasTray [same-name family]	IO_OUT	callees 4/4 ok(def 4, macro 0, sys/undeclared 0); objects 3/3 present	11	[review=auto] docs:GL_S0_STUB_LEDGER(Aug26) || match=L3-arity-mismatch flip=absentB in_cmake=True || port comment calls it a stub/offline || same-name real def elsewhere: ainarm9045.cpp:11864
A2-058	a2_abbreviated_body	Automation/auto9045.cpp:2832-2886	AmkorUDPGetTemp	Automation/auto9045.cpp:2429-2483	23 stmts/55 lines; calls:	ABBREVIATED body (55 of 55 lines): 2/23 (9%) of golden's distinct statements exist live anywhere in the port; 0% only under #if 0/alt arm; 9% in this function	no (0 live call sites found)	no (0/4 checked)	STATE	callees 0/0 ok(def 0, macro 0, sys/undeclared 0); objects 3/3 present	85	[review=auto] || scope: customer/feature-specific || match=L1-samefile flip=same in_cmake=True
A1-094	a1_stub_body	Motor/mymotor.cpp:1925	TMyMotor::CheckIndexYPos	Motor/mymotor.cpp:5585-5592	3 stmts/8 lines; calls: CheckPos	constant: return false;	no (0 live call sites found)	YES live 1/2, e.g. AutoClean/AutoClean.cpp:3226 in CheckAutoCleanCloseSite	STATE	callees 1/1 ok(def 1, macro 0, sys/undeclared 0); objects 0/0 present	85	[review=auto] docs:GL_S0_STUB_LEDGER(Aug26) || match=L1-samefile flip=same in_cmake=True
A2-059	a2_abbreviated_body	Motor/mymotor.cpp:2495-2498	TTrayMotor::MoveTrayData	Motor/mymotor.cpp:5599-5618	10 stmts/20 lines; calls: Refresh, ClearTray	ABBREVIATED body (4 of 20 lines): 0/11 (0%) of golden's distinct statements exist live anywhere in the port; 18% only under #if 0/alt arm; 0% in this function	no (0 live call sites found)	no (0/4 checked)	STATE	callees 2/2 ok(def 2, macro 0, sys/undeclared 0); objects 1/1 present	85	[review=auto] || match=L1-samefile flip=same in_cmake=True
A1-095	a1_stub_body	Motor/mymotor.cpp:2550	InitPCIL112_SortArmXYMoveTask	Motor/mymotor.cpp:5910-5916	4 stmts/7 lines; calls:	EMPTY body{}	no (0 live call sites found)	no (0/4 checked)	STATE	callees 0/0 ok(def 0, macro 0, sys/undeclared 0); objects 1/1 present	85	[review=auto] docs:GL_S0_STUB_LEDGER(Aug26) || scope: feature:sort arm || match=L1-samefile flip=same in_cmake=True
A1-096	a1_stub_body	Public/MyProductionRecord.cpp:1779-1892	TMyProductionRecord::Save2DIDForJCET	Public/MyProductionRecord.cpp:1151-1262	41 stmts/112 lines; calls: TStringList, Clear, Add, SaveToFile, FileInfo, EnsureDirectoriesExist ...	EMPTY body{}	no (0 live call sites found)	gated-only 3/4, e.g. Public/MyProductionRecord.cpp:86 (alt-arm)	STATE	callees 10/10 ok(def 8, macro 0, sys/undeclared 2); objects 4/4 present	85	[review=auto] || in-function gates: 1781-1891 G-4 [KEEP: still missing TfBarCode::iJCETWhitelistSN (flip-compile, main...] || scope: customer/feature-specific || match=L1-samefile flip=same in_cmake=True
A1-097	a1_stub_body	SECSGEM/uHGemEquipment.cpp:7353-7398	THGem::SetTerminalWindows	SECSGEM/uHGemEquipment.cpp:6040-6067	13 stmts/28 lines; calls:	EMPTY body{}	no (0 live call sites found)	YES live 1/4, e.g. SECSGEM/uHGemEquipment.cpp:4029 in THGem::srvGemClientConnect	STATE	callees 0/0 ok(def 0, macro 0, sys/undeclared 0); objects 0/0 present	85	[review=auto] || in-function gates: 7371-7397 W8-TermCast [KEEP: does not compile when opened: cannot convert 'vclcompat::TMem...] || scope: feature:SECS/GEM || match=L1-samefile flip=same in_cmake=True || port comment calls it a stub/offline
A1-098	a1_stub_body	SECSGEM/uHGemEquipment.cpp:7402-7447	THGem::SetTerminalWindows2	SECSGEM/uHGemEquipment.cpp:6069-6096	13 stmts/28 lines; calls:	EMPTY body{}	no (0 live call sites found)	gated-only 4/4, e.g. SECSGEM/uHGemEquipment.cpp:159 (alt-arm)	STATE	callees 0/0 ok(def 0, macro 0, sys/undeclared 0); objects 0/0 present	85	[review=auto] || in-function gates: 7420-7446 W8-TermCast [KEEP: does not compile when opened: cannot convert 'vclcompat::TMem...] || scope: feature:SECS/GEM || match=L1-samefile flip=same in_cmake=True || port comment calls it a stub/offline
A1-099	a1_stub_body	VacuumUnit/VacuumUnit.cpp:841-904	TfVacuumUnit::btnSetInArmClick	VacuumUnit/VacuumUnit.cpp:550-595	14 stmts/46 lines; calls: WriteVaccumThreshold	EMPTY body{} (only (void)x)	no (0 live call sites found)	YES live 1/4, e.g. VacuumUnit/VacuumUnit.cpp:660 in SetIOTableByECAT_VC8_Sucker	STATE	callees 1/1 ok(def 1, macro 0, sys/undeclared 0); objects 5/5 present	85	[review=auto] || in-function gates: 859-903 [KEEP: compiles, but kept by a ruling written on the gate [RESCAN 0930]] || match=L1-samefile flip=same in_cmake=True || port comment calls it a stub/offline
A1-100	a1_stub_body	ainarm2.cpp:1374-1411	bOffsetClean	ainarm2.cpp:2726-2758	13 stmts/33 lines; calls: GetOffsetPath, MyForceDirectories, WriteIniData	EMPTY body{}	no (0 live call sites found)	YES live 1/4, e.g. AutoClean/AutoClean.cpp:971 in CleanSetSpeed	STATE	callees 3/3 ok(def 3, macro 0, sys/undeclared 0); objects 3/3 present	85	[review=auto] docs:AUDIT || in-function gates: 1376-1410 k4e-G02 [KEEP: the gate itself says it must stay gated even after both symbo...] || match=L1-samefile flip=same in_cmake=True
A1-101	a1_stub_body	ainarm9045_2x8_32.cpp:72	DoInArm_9045_2x8_32_SuckerMap	ainarm9045_2x8_32.cpp:6595-6640	10 stmts/46 lines; calls: DoInArmAutoSiteMapping	EMPTY body{}	no (0 live call sites found)	YES live 2/4, e.g. ainarm9045_2x4_16.cpp:2999 in DoInArm_9045_2x4_16_SuckerMap	STATE	callees 1/1 ok(def 1, macro 0, sys/undeclared 0); objects 4/4 present	85	[review=auto] || match=L1-samefile flip=same in_cmake=True || port comment calls it a stub/offline
A1-102	a1_stub_body	ainarm9045_2x8_32.cpp:75	InArmSideAllClose_32	ainarm9045_2x8_32.cpp:33-49	4 stmts/17 lines; calls:	constant: return true;	no (0 live call sites found)	YES live 2/3, e.g. AutoClean/AutoClean.cpp:1894 in CheckInArmSuckFromCleanKitICFallDown	STATE	callees 0/0 ok(def 0, macro 0, sys/undeclared 0); objects 1/1 present	85	[review=auto] || match=L1-samefile flip=same in_cmake=True || port comment calls it a stub/offline
A1-103	a1_stub_body	ainarm9045_2x8_32.cpp:80	GetShuttleState_4x8_32	ainarm9045_2x8_32.cpp:7703-7739	10 stmts/37 lines; calls: ArmUpSideAllTypeIC, ArmDownSideAllTypeIC, RowHasDefineIC, ArmUpSideNoIC, ArmDownSideNoIC	constant: return 0;	no (0 live call sites found)	YES live 4/4, e.g. ainarm9045_2x8_8.cpp:4887 in GetShuttleState_2x8_8	STATE	callees 5/5 ok(def 5, macro 0, sys/undeclared 0); objects 2/2 present	85	[review=auto] || match=L1-samefile flip=same in_cmake=True
A1-104	a1_stub_body	mycylin.cpp:724-737	TMyCylinder::SetSimulateCompoment	mycylin.cpp:758-769	6 stmts/12 lines; calls: UpdateSimulateCompomentPosition	EMPTY body{}	no (0 live call sites found)	gated-only 4/4, e.g. mycylin.cpp:16 (alt-arm)	STATE	callees 1/1 ok(def 1, macro 0, sys/undeclared 0); objects 1/1 present	85	[review=auto] || in-function gates: 726-736 TODO(W7-UI) [NOT REVIEWED: HIGH tier (the laptop's)] || match=L1-samefile flip=same in_cmake=True || port comment calls it a stub/offline
A1-105	a1_stub_body	uTemp_Set.cpp:7385-7393	TfTemp_Set::btn_DefrostAllUseStartClick	uTemp_Set.cpp:6936-6943	4 stmts/8 lines; calls: fTriMachineSelectDeviceDefrost_Start	EMPTY body{}	no (0 live call sites found)	gated-only 4/4, e.g. uTemp_Set.cpp:1354 (alt-arm)	STATE	callees 1/1 ok(def 1, macro 0, sys/undeclared 0); objects 0/0 present	85	[review=auto] || in-function gates: 7387-7392 S15 [KEEP: compiles, but write-policy / safety gate (shared config or se...] || scope: feature:RTC vision || match=L1-samefile flip=same in_cmake=True
A1-106	a1_stub_body	uTemp_Set.cpp:7402-7409	TfTemp_Set::btn_DefrostAllUseEndClick	uTemp_Set.cpp:6951-6956	3 stmts/6 lines; calls: fTriMachineSelectDeviceDefrost_End	EMPTY body{}	no (0 live call sites found)	gated-only 3/3, e.g. uTemp_Set.cpp:1357 (alt-arm)	STATE	callees 1/1 ok(def 1, macro 0, sys/undeclared 0); objects 0/0 present	85	[review=auto] || in-function gates: 7404-7408 S16 [KEEP: compiles, but write-policy / safety gate (shared config or se...] || match=L1-samefile flip=same in_cmake=True
A2-060	a2_abbreviated_body	Motor/mymotor.cpp:2055-2061	TTrayMotor::Refresh	Motor/mymotor.cpp:1173-1190	8 stmts/18 lines; calls: SetCellColorIndex	ABBREVIATED body (7 of 18 lines): 1/8 (12%) of golden's distinct statements exist live anywhere in the port; 75% only under #if 0/alt arm; 12% in this function	possible (68, obj not resolvable) e.g. AutoClean/AutoClean.cpp:3797 in SetAutoCleanICCount [obj=]	gated-only 3/4, e.g. Motor/mymotor.cpp:951 (alt-arm)	STATE	callees 1/1 ok(def 1, macro 0, sys/undeclared 0); objects 2/2 present	84	[review=auto] || match=L1-samefile flip=same in_cmake=True || port comment calls it a stub/offline
A1-107	a1_stub_body	ainarm9045_2x8_32.cpp:73	InArmZNeedDown_2x8_32	ainarm9045_2x8_32.cpp:365-424	17 stmts/60 lines; calls: InitialInArmNeedSuck, GetNowSiteKitMode_2x8_32, LeftSideNoIC, SetInArmNeedDestory	EMPTY body{}	no (0 live call sites found)	YES live 2/4, e.g. ainarm9045_1x3_4.cpp:277 in InArmZNeedDown_1x3_4	STATE	callees 3/4 ok(def 3, macro 0, sys/undeclared 0); ABSENT [GetNowSiteKitMode_2x8_32]; objects 3/3 present	83	[review=auto] || match=L1-samefile flip=same in_cmake=True || port comment calls it a stub/offline
A2-061	a2_abbreviated_body	Automation/auto9045.cpp:2741-2830	AmkorUDPGetSite	Automation/auto9045.cpp:2338-2427	25 stmts/90 lines; calls:	ABBREVIATED body (90 of 90 lines): 4/21 (19%) of golden's distinct statements exist live anywhere in the port; 0% only under #if 0/alt arm; 19% in this function	no (0 live call sites found)	no (0/4 checked)	STATE	callees 0/0 ok(def 0, macro 0, sys/undeclared 0); objects 3/3 present	81	[review=auto] || scope: customer/feature-specific || match=L1-samefile flip=same in_cmake=True
A2-062	a2_abbreviated_body	MyLaneIo.cpp:843-867	TLaneIO::SetIOValueThread	MyLaneIo.cpp:683-703	10 stmts/21 lines; calls: KpaToVC8, Acm_DevWriteSDOData	ABBREVIATED body (25 of 21 lines): 2/10 (20%) of golden's distinct statements exist live anywhere in the port; 50% only under #if 0/alt arm; 20% in this function	possible (2, obj not resolvable) e.g. VacuumUnit/MyVacuumPanel.cpp:752 in TMyVacuumPanel::WriteVaccumThreshold [obj=MyLaneIO]	gated-only 3/4, e.g. MyLaneIo.cpp:74 (alt-arm)	STATE	callees 2/2 ok(def 1, macro 0, sys/undeclared 1); objects 0/0 present	81	[review=auto] || match=L1-samefile flip=same in_cmake=True
A2-063	a2_abbreviated_body	csystem.cpp:27229-27304	SaveAllFile	csystem.cpp:22548-22584	27 stmts/37 lines; calls: DoIniDataToForm, SaveSetupFile, SaveFile	ABBREVIATED body (76 of 37 lines): 5/26 (19%) of golden's distinct statements exist live anywhere in the port; 81% only under #if 0/alt arm; 12% in this function	no (0 live call sites found)	gated-only 4/4, e.g. csystem.cpp:3576 (alt-arm)	STATE	callees 3/3 ok(def 3, macro 0, sys/undeclared 0); objects 11/11 present	81	[review=auto] docs:handoff,AUDIT || in-function gates: 27272-27302 H3-6 [KEEP (heater / temperature / ATC) [S09_FREED_STATUS 0930]] || match=L1-samefile flip=same in_cmake=True || port comment calls it a stub/offline
A2-064	a2_abbreviated_body	MyTempPanel.cpp:884-1009	TMyTempPanel::edBaseMouseDown	MyTempPanel.cpp:417-526	24 stmts/110 lines; calls: MaxTempSetting, MinTempSetting, Barcode_Reader, ShowQwertyKey	ABBREVIATED body (126 of 110 lines): 8/32 (25%) of golden's distinct statements exist live anywhere in the port; 75% only under #if 0/alt arm; 6% in this function	no (0 live call sites found)	gated-only 4/4, e.g. MyTempPanel.cpp:620 (alt-arm)	STATE	callees 4/4 ok(def 4, macro 0, sys/undeclared 0); objects 6/6 present	78	[review=auto] docs:other-docs || in-function gates: 901-1008 S [KEEP: still missing fTemp_Set, Barcode_Reader (flip-compile, main 8...] || match=L1-samefile flip=same in_cmake=True || port comment calls it a stub/offline
A2-065	a2_abbreviated_body	Automation/auto9045.cpp:2649-2739	AmkorUDPGetSiteAndTemp	Automation/auto9045.cpp:2246-2336	50 stmts/91 lines; calls:	ABBREVIATED body (91 of 91 lines): 10/36 (28%) of golden's distinct statements exist live anywhere in the port; 0% only under #if 0/alt arm; 28% in this function	no (0 live call sites found)	YES live 1/4, e.g. Automation/auto9045.cpp:683 in SetDutOnOff	STATE	callees 0/0 ok(def 0, macro 0, sys/undeclared 0); objects 5/5 present	77	[review=auto] || scope: customer/feature-specific || match=L1-samefile flip=same in_cmake=True
A2-066	a2_abbreviated_body	Motor/mymotor.cpp:2375-2386	TTrayMotor::InitEmptyTray	Motor/mymotor.cpp:1472-1498	12 stmts/27 lines; calls: ClearData, MNetLog, SetCellColorIndex, SetCellNumber	ABBREVIATED body (12 of 27 lines): 4/15 (27%) of golden's distinct statements exist live anywhere in the port; 53% only under #if 0/alt arm; 27% in this function	possible (27, obj not resolvable) e.g. FileRW/MainClick.cpp:1084 in W906_Main_RunICModeChange [obj=]	gated-only 1/4, e.g. Motor/mymotor.cpp:946 (alt-arm)	STATE	callees 4/4 ok(def 4, macro 0, sys/undeclared 0); objects 2/2 present	77	[review=auto] || match=L1-samefile flip=same in_cmake=True || port comment calls it a stub/offline
A2-067	a2_abbreviated_body	MyLaneIo.cpp:811-841	TLaneIO::GetIOValueThread	MyLaneIo.cpp:659-681	12 stmts/23 lines; calls: Acm_DevReadSDOData, VC8ToKpa	ABBREVIATED body (31 of 23 lines): 3/11 (27%) of golden's distinct statements exist live anywhere in the port; 55% only under #if 0/alt arm; 27% in this function	possible (2, obj not resolvable) e.g. VacuumUnit/MyVacuumPanel.cpp:716 in TMyVacuumPanel::ReadVaccumThreshold [obj=MyLaneIO]	gated-only 4/4, e.g. MyLaneIo.cpp:68 (alt-arm)	STATE	callees 2/2 ok(def 1, macro 0, sys/undeclared 1); objects 0/0 present	77	[review=auto] || match=L1-samefile flip=same in_cmake=True
A2-068	a2_abbreviated_body	MyLaneIo.cpp:773-809	TLaneIO::GetIOValue	MyLaneIo.cpp:624-657	17 stmts/34 lines; calls: Acm_DaqDiGetByteEx, IntToHex, HexStrToInt, VC8ToKpa	ABBREVIATED body (37 of 34 lines): 4/17 (24%) of golden's distinct statements exist live anywhere in the port; 76% only under #if 0/alt arm; 24% in this function	possible (4, obj not resolvable) e.g. VacuumUnit/MyVacuumPanel.cpp:710 in TMyVacuumPanel::ReadVaccumCurrect [obj=MyLaneIO]	gated-only 4/4, e.g. MyLaneIo.cpp:57 (alt-arm)	STATE	callees 3/4 ok(def 3, macro 0, sys/undeclared 0); ABSENT [Acm_DaqDiGetByteEx]; objects 0/0 present	67	[review=auto] docs:other-docs || match=L1-samefile flip=same in_cmake=True
A2-069	a2_abbreviated_body	EtherCAT/MyNUEC1.cpp:234-283	TMyNUEC1::ReadCurrentIO	EtherCAT/MyNUEC1.cpp:136-177	19 stmts/42 lines; calls: Acm_DaqDiGetByteEx, Acm_DevReadSDOData	ABBREVIATED body (50 of 42 lines): 3/19 (16%) of golden's distinct statements exist live anywhere in the port; 84% only under #if 0/alt arm; 16% in this function	possible (1, obj not resolvable) e.g. EtherCAT/MyEtherCAT.cpp:311 in TMyEtherCAT::tmrReadInputDataTimer [obj=]	gated-only 4/4, e.g. EtherCAT/MyNUEC1.cpp:104 (alt-arm)	STATE	callees 1/2 ok(def 0, macro 0, sys/undeclared 1); ABSENT [Acm_DaqDiGetByteEx]; objects 1/1 present	66	[review=auto] || scope: feature:MN200/EtherCAT card || match=L1-samefile flip=same in_cmake=True
A2-070	a2_abbreviated_body	EtherCAT/MyEtherCAT.cpp:399-602	CheckPCI_EtherCatState	EtherCAT/MyEtherCAT.cpp:236-407	48 stmts/172 lines; calls: Acm_DevCheckEvent, Acm_GetU32Property, ShowErrorMessage, Acm_GetProperty, Acm_DevGetSlaveStates, CheckAmplifierExist ...	ABBREVIATED body (204 of 172 lines): 10/55 (18%) of golden's distinct statements exist live anywhere in the port; 80% only under #if 0/alt arm; 6% in this function	no (0 live call sites found)	YES live 1/4, e.g. FileRW/TestIF_File_VacuumUnit.gen.inc:164 in VU_Initial	STATE	callees 5/8 ok(def 4, macro 0, sys/undeclared 1); ABSENT [Acm_DevCheckEvent, Acm_GetProperty, Acm_DevGetSlaveStates]; objects 2/3 present; OBJ-ABSENT [fCCLink]	64	[review=auto] docs:other-docs || in-function gates: 430-437 REGISTER [NOT REVIEWED: HELD (laptop 1203 / INDEXZ)] | 521-552 REGISTER [NOT REVIEWED: HELD (laptop 1203 / INDEXZ)] || scope: feature:MN200/EtherCAT card || match=L1-samefile flip=same in_cmake=True || port comment calls it a stub/offline
A2-071	a2_abbreviated_body	ProductionInfo/TfFTP.cpp:182-222	TfFTP::TfFTP	ProductionInfo/TfFTP.cpp:13-48	25 stmts/36 lines; calls: TNMFTP	ABBREVIATED body (41 of 36 lines): 12/24 (50%) of golden's distinct statements exist live anywhere in the port; 0% only under #if 0/alt arm; 50% in this function	no (0 live call sites found)	no (0/4 checked)	STATE	callees 1/1 ok(def 1, macro 0, sys/undeclared 0); objects 1/1 present	64	[review=auto] || match=L1-samefile flip=same in_cmake=True || port comment calls it a stub/offline
A2-072	a2_abbreviated_body	Public/HTEdit.cpp:647-711	THTEdit::SetCustomLimitation	Public/HTEdit.cpp:516-578	18 stmts/63 lines; calls:	ABBREVIATED body (65 of 63 lines): 11/22 (50%) of golden's distinct statements exist live anywhere in the port; 0% only under #if 0/alt arm; 50% in this function	possible (1, obj not resolvable) e.g. Public/HTEditList.cpp:1669 in HTEditList::ReadCustomLimitationFromIni [obj=Temp]	YES live 2/4, e.g. Public/HTEdit.cpp:449 in THTEdit::SetCustomMax	STATE	callees 0/0 ok(def 0, macro 0, sys/undeclared 0); objects 0/0 present	64	[review=auto] || match=L1-samefile flip=same in_cmake=True
A2-073	a2_abbreviated_body	csystem.cpp:29619-29786	GetInArm2DIDMapping	csystem.cpp:24252-24392	36 stmts/141 lines; calls: IsRun2DCheck	ABBREVIATED body (168 of 141 lines): 16/32 (50%) of golden's distinct statements exist live anywhere in the port; 50% only under #if 0/alt arm; 25% in this function	no (0 live call sites found)	YES live 1/4, e.g. ainarm2.cpp:407 in DoInArm_SuckerMapForCloseArm	STATE	callees 1/1 ok(def 1, macro 0, sys/undeclared 0); objects 4/4 present	64	[review=auto] docs:INBOX_QUEUE || in-function gates: 29659-29784 h4-G3 [] || match=L1-samefile flip=same in_cmake=True || port comment calls it a stub/offline
A2-074	a2_abbreviated_body	database.cpp:1872-2038	TIODATA::TIODATA	database.cpp:1756-1903	57 stmts/148 lines; calls: TStringList, AnsiPos, HexStrToInt, size	ABBREVIATED body (167 of 148 lines): 25/50 (50%) of golden's distinct statements exist live anywhere in the port; 0% only under #if 0/alt arm; 50% in this function	no (0 live call sites found)	no (0/4 checked)	STATE	callees 4/4 ok(def 4, macro 0, sys/undeclared 0); objects 3/3 present	64	[review=auto] || match=L1-samefile flip=same in_cmake=True
A1-108	a1_stub_body	Automation/SCK_TUTS.cpp:118-149	GetSIP1Soap	Automation/SCK_TUTS.cpp:20-44	14 stmts/25 lines; calls: THTTPRIO, QueryInterface	constant: (void)useWSDL; (void)addr; return NULL;	no (0 live call sites found)	gated-only 4/4, e.g. Automation/SCK_TUTS.cpp:1 (alt-arm)	STATE	callees 1/2 ok(def 1, macro 0, sys/undeclared 0); ABSENT [THTTPRIO]; objects 0/0 present	63	[review=auto] || in-function gates: 122-148 whole-function [KEEP: still missing THTTPRIO, rio (flip-compile, main 8e5a1b1b + gw...] || scope: customer/feature-specific || match=L1-samefile flip=same in_cmake=True || port comment calls it a stub/offline
A2-075	a2_abbreviated_body	Public/HTEdit.cpp:514-574	THTEdit::SetDefaultLimitation	Public/HTEdit.cpp:383-443	20 stmts/61 lines; calls:	ABBREVIATED body (61 of 61 lines): 11/20 (55%) of golden's distinct statements exist live anywhere in the port; 0% only under #if 0/alt arm; 55% in this function	no (0 live call sites found)	YES live 2/4, e.g. Public/HTEdit.cpp:454 in THTEdit::SetCustomMax	STATE	callees 0/0 ok(def 0, macro 0, sys/undeclared 0); objects 0/0 present	61	[review=auto] || match=L1-samefile flip=same in_cmake=True
A2-076	a2_abbreviated_body	Motor/myEthercatmotor.cpp:1119-1144	TMyEtherCatMotor::GetAlarm	Motor/myEthercatmotor.cpp:821-839	9 stmts/19 lines; calls: Acm_AxGetMotionIO, IntToHex, ShowErrorMessage	ABBREVIATED body (26 of 19 lines): 3/9 (33%) of golden's distinct statements exist live anywhere in the port; 67% only under #if 0/alt arm; 0% in this function	possible (1, obj not resolvable) e.g. Motor/mymotor.cpp:1223 in TMyMotor::GetMotorAlarm [obj=Motor]	gated-only 4/4, e.g. Motor/myEthercatmotor.cpp:288 (alt-arm)	STATE	callees 2/3 ok(def 2, macro 0, sys/undeclared 0); ABSENT [Acm_AxGetMotionIO]; objects 0/0 present	59	[review=auto] || scope: feature:MN200/EtherCAT card || match=L1-samefile flip=same in_cmake=True
A2-077	a2_abbreviated_body	VacuumUnit/VacuumUnit.cpp:150-270	TfVacuumUnit::Initial	VacuumUnit/VacuumUnit.cpp:32-136	45 stmts/105 lines; calls: TMyVacuumPanel, Add	ABBREVIATED body (121 of 105 lines): 28/48 (58%) of golden's distinct statements exist live anywhere in the port; 42% only under #if 0/alt arm; 56% in this function	possible (9, obj not resolvable) e.g. ATC/ATCInterface.cpp:338 in TATCInterfaceForm::InitialATC [obj=ATC_SYS]	YES live 2/4, e.g. FileRW/TestIF_File_VacuumUnit.gen.inc:261 in VU_Initial [same-name family]	STATE	callees 2/2 ok(def 2, macro 0, sys/undeclared 0); objects 6/6 present	58	[review=auto] docs:other-docs || in-function gates: 173-184 [KEEP: still missing TGroupBox::Width, VACUUM_UNIT_WIDTH, TGroupBox:...] | 199-202 [KEEP: still missing TGroupBox::Parent, scrlbxIndexArm1, scrlbxIndex...] | 214-217 [KEEP: still missing TGroupBox::Parent, scrlbxIndexArm1, scrlbxIndex...] (+1) || match=L1-samefile flip=same in_cmake=True
A1-109	a1_stub_body	cMyDB.cpp:1492-1540	MyDBVAxleEventCount	cMyDB.cpp:1209-1252	16 stmts/44 lines; calls: Clear, sqlite3_get_table, sqlite3_free, AddY, sqlite3_free_table	constant: (void)min; (void)max; (void)StartTime; (void)EndTime; (void)	no (0 live call sites found)	gated-only 4/4, e.g. cMyDB.cpp:477 (alt-arm)	STATE	callees 2/5 ok(def 2, macro 0, sys/undeclared 0); ABSENT [sqlite3_get_table, sqlite3_free, sqlite3_free_table]; objects 0/0 present	58	[review=auto] || in-function gates: 1494-1539 TODO(GA1-B4) [KEEP: still missing incomplete:TChart, sqlite3_get_table, sqlite3_f...] || match=L1-samefile flip=same in_cmake=True || port comment calls it a stub/offline
A2-078	a2_abbreviated_body	Motor/myEthercatmotor.cpp:1967-1990	TMyEtherCatMotor::ReadEnCoderRealPos	Motor/myEthercatmotor.cpp:1568-1588	9 stmts/21 lines; calls: Acm_AxGetActualPosition, IntToHex, ShowErrorMessage	ABBREVIATED body (24 of 21 lines): 3/8 (38%) of golden's distinct statements exist live anywhere in the port; 50% only under #if 0/alt arm; 25% in this function	possible (1, obj not resolvable) e.g. Motor/mymotor.cpp:1299 in TMyMotor::PCIL132_ResetPos [obj=Motor]	YES live 1/4, e.g. Motor/myEthercatmotor.cpp:1308 in TMyEtherCatMotor::ReadRealPos	STATE	callees 2/3 ok(def 2, macro 0, sys/undeclared 0); ABSENT [Acm_AxGetActualPosition]; objects 0/0 present	57	[review=auto] || scope: feature:MN200/EtherCAT card || match=L1-samefile flip=same in_cmake=True
A2-079	a2_abbreviated_body	Motor/myEthercatmotor.cpp:1148-1211	TMyEtherCatMotor::ScanMotorStatus	Motor/myEthercatmotor.cpp:843-892	22 stmts/50 lines; calls: Acm_AxGetMotionIO, IntToHex, ShowErrorMessage, Acm_AxGetState	ABBREVIATED body (64 of 50 lines): 5/23 (22%) of golden's distinct statements exist live anywhere in the port; 78% only under #if 0/alt arm; 17% in this function	possible (101, obj not resolvable) e.g. AutoClean/AutoClean.cpp:4531 in DoPlaceToShuttle [obj=]	gated-only 4/4, e.g. Motor/myEthercatmotor.cpp:288 (alt-arm)	STATE	callees 2/4 ok(def 2, macro 0, sys/undeclared 0); ABSENT [Acm_AxGetMotionIO, Acm_AxGetState]; objects 0/0 present	56	[review=auto] || scope: feature:MN200/EtherCAT card || match=L1-samefile flip=same in_cmake=True
A2-080	a2_abbreviated_body	Public/HTEdit.cpp:298-365	THTEdit::EditClick	Public/HTEdit.cpp:193-242	14 stmts/50 lines; calls: Barcode_Reader, CreateForm, __classid, ShowQwertyKey, FOldOnClickEvent	ABBREVIATED body (68 of 50 lines): 7/19 (37%) of golden's distinct statements exist live anywhere in the port; 0% only under #if 0/alt arm; 37% in this function	no (0 live call sites found)	no (0/4 checked)	STATE	callees 4/5 ok(def 2, macro 0, sys/undeclared 2); ABSENT [CreateForm]; objects 1/3 present; OBJ-ABSENT [HTCustomMax, HTCustomMin]	55	[review=auto] || match=L1-samefile flip=same in_cmake=True
A1-110	a1_stub_body	ainarm9045_2x8_32.cpp:74	CheckXYPitch_2x8_32	ainarm9045_2x8_32.cpp:426-782	65 stmts/357 lines; calls: GetNowSiteKitMode_2x8_32, GetInArmToShuttleOffset_9045, GetInArmYToShuttleOffset_9045, GetInArmXToShuttleOffset_9045, TransferInShuttleRatio, InArmZNeedDown_9045	EMPTY body{}	no (0 live call sites found)	YES live 4/4, e.g. ainarm9045S_1x4_4.cpp:244 in CheckXYPitch_9045_1x4_4_13	STATE	callees 5/6 ok(def 5, macro 0, sys/undeclared 0); ABSENT [GetNowSiteKitMode_2x8_32]; objects 5/5 present	54	[review=auto] || match=L3-arity-mismatch flip=same in_cmake=True || port comment calls it a stub/offline
A2-081	a2_abbreviated_body	forms/fLotInfo.cpp:952-1071	TfLotInfo::TransformTemperature_AirStream	uLotInfo.cpp:15080-15193	67 stmts/114 lines; calls: TIniFile, ValueExists, WriteString, ReadString	ABBREVIATED body (120 of 114 lines): 34/67 (51%) of golden's distinct statements exist live anywhere in the port; 49% only under #if 0/alt arm; 51% in this function	no (0 live call sites found)	gated-only 2/4, e.g. forms/fLotInfo.cpp:107 (alt-arm)	STATE	callees 4/4 ok(def 4, macro 0, sys/undeclared 0); objects 2/2 present	53	[review=auto] || in-function gates: 1010-1047 WA-2 [KEEP: compiles, but write-policy / safety gate (shared config or se...] || match=L2-anyfile flip=same in_cmake=True
A2-082	a2_abbreviated_body	cObserver.cpp:5627-5685	TfObserver::sbScreenkeyboardClick	cObserver.cpp:4431-4450	11 stmts/20 lines; calls: FindWindow, PostMessage, ShellExecuteEx	ABBREVIATED body (59 of 20 lines): 1/12 (8%) of golden's distinct statements exist live anywhere in the port; 83% only under #if 0/alt arm; 8% in this function	no (0 live call sites found)	gated-only 3/4, e.g. cObserver.cpp:446 (alt-arm)	STATE	callees 1/3 ok(def 0, macro 0, sys/undeclared 1); ABSENT [PostMessage, ShellExecuteEx]; objects 0/0 present	52	[review=auto] || in-function gates: 5632-5652 B-OSK-2 [KEEP: 其他: cObserver.cpp:5632：關掉外部視窗； [STALE_SCAN 0930 §4]] | 5656-5684 B-OSK-1 [KEEP: compiles, but golden reference copy / retired duplicate (the ...] || match=L1-samefile flip=same in_cmake=True || port comment calls it a stub/offline
B-223	b_gate_expired	BarCode/BarCode.cpp:470-472	TfBarCode::ReadFile	n/a (gate does not cite a golden line)	golden text as gated: SetVisible();	gated by IF0; nothing replaces it (the statements simply do not happen)	yes (107 callers of enclosing TfBarCode::ReadFile)	no (0/1 statements found live elsewhere)	STATE	callees 1/1 ok(def 1, macro 0, sys/undeclared 0); objects 0/0 present	50	[review=auto] ST02 row 1084 [MEDIUM]: KEEP: still missing SetVisible (flip-compile, main 8e5a1b1b + gw) [RESCAN 0930]; DECL-ONLY: every name ST02 calls missing has a live definition (declonly_scan) || gate_id=G-BC-SETVISIBLE
A4-010	a4_standin_family	Magazine.cpp:1-81	Magazine/AMR module: port 81 of golden 4,466 lines (ReadFile only)	Magazine.cpp:1-4466	golden Magazine.cpp (4,466 lines: magazine tray feed, AMR unload search, buffer pick/place) is represented by TfMagazine::ReadFile alone; stubs answer constants to live callers: CheckPlaceToMagazineTray + DoPickFromMagazineBuffer (aoutarm_shims.cpp:104/105, golden :361/:1086, 27 live call sites each), SearchNeedAMRUnload / SearchNeedAMRUnloadCount / AMRUnloadBin / DoMagazineAMRTrayFeed (acatchtray_shims.cpp:135-138, golden :4146/:4257/:3721/:4375), DoMagazineTrayFeed (csystem.cpp:9911 seam, golden :3159), DoAuto3Magazine (csystem_shims.cpp:147, golden :1436, 176 stmts), CheckPlaceToBufferTray (aoutarm9045.cpp:2543), CatchMgzTrayMove (mymotor.cpp:2556)	10 stubs in 6 files; the stubs answer 'place OK / pick OK' (true) rather than refusing	0 member stubs have live callers	n/a (family row)	STATE	see member rows	50	[review=manual] verdict=UNDECIDED || Magazine/AMR option; machines/HT9050/Mot_Table.csv has MMagazine and MCatchMgzTray Enable=0, so no effect on the 9050 bench; new translation wave
B-224	b_gate_expired	OmronLaser/LaserSensorShuttle.cpp:975-990	MoveInArmXYToSHLaserPos	n/a (gate does not cite a golden line)	golden text as gated: GetShuttleSize(iShuttleXItem, iShuttleYItem, iShuttleXPitch, iShuttleYPitch);	gated by IF0; #else arm: OTHER (3 stmts) GetRowCol(iShuttleYItem, iShuttleXItem); iShuttleXPitch=(int	yes (1 callers of enclosing MoveInArmXYToSHLaserPos)	no (0/1 statements found live elsewhere)	STATE	callees 1/1 ok(def 1, macro 0, sys/undeclared 0); objects 0/0 present	50	[review=auto] ST02 row 122 [LOW]: KEEP: still missing GetShuttleSize (flip-compile, main 8e5a1b1b + gw) [RESCAN 0930]; DECL-ONLY: every name ST02 calls missing has a live definition (declonly_scan) || gate_id=2
B-225	b_gate_expired	OmronLaser/LaserSensorShuttle.cpp:1041-1049	MoveOutArmXYToSHLaserPos	n/a (gate does not cite a golden line)	golden text as gated: GetShuttleSize(iShuttleXItem, iShuttleYItem, iShuttleXPitch, iShuttleYPitch);	gated by IF0; #else arm: OTHER (3 stmts) GetRowCol(iShuttleYItem, iShuttleXItem); iShuttleXPitch=(int	yes (1 callers of enclosing MoveOutArmXYToSHLaserPos)	no (0/1 statements found live elsewhere)	STATE	callees 1/1 ok(def 1, macro 0, sys/undeclared 0); objects 0/0 present	50	[review=auto] ST02 row 123 [LOW]: KEEP: still missing GetShuttleSize (flip-compile, main 8e5a1b1b + gw) [RESCAN 0930]; DECL-ONLY: every name ST02 calls missing has a live definition (declonly_scan) || gate_id=2
B-226	b_gate_expired	Public/WinSocketErrorCode.cpp:443-447	LogClientSocketExceptionError	WinSocketErrorCode.cpp:326 (file assumed = port file)	golden text as gated: MyDBIProcess("Exception", Str);	gated by IF0; nothing replaces it (the statements simply do not happen)	no callers found for enclosing LogClientSocketExceptionError	yes: 1/1 statements already live elsewhere, e.g. KYECFTP/FTPClient_EventHandlers.cpp:180	STATE	callees 1/1 ok(def 1, macro 0, sys/undeclared 0); objects 0/0 present	50	[review=auto] ST02 row 155 [LOW]: KEEP: still missing MyDBIProcess (flip-compile, main 8e5a1b1b + gw) [RESCAN 0930]; DECL-ONLY: every name ST02 calls missing has a live definition (declonly_scan) || gate_id=G-PTk4
B-227	b_gate_expired	SECSGEM/uHGemEquipment.cpp:8665-8672	THGem::GemSBSetupClick	n/a (gate does not cite a golden line)	golden text VERBATIM in the gate: ShowModal();	gated by IF0; nothing replaces it (the statements simply do not happen)	no callers found for enclosing THGem::GemSBSetupClick	no (0/1 statements found live elsewhere)	STATE	callees 1/1 ok(def 1, macro 0, sys/undeclared 0); objects 0/0 present	50	[review=auto] ST02 row 1239 [MEDIUM]: KEEP: still missing ShowModal (flip-compile, main 8e5a1b1b + gw) [RESCAN 0930]; DECL-ONLY: every name ST02 calls missing has a live definition (declonly_scan) || gate_id=W12-Modal
B-228	b_gate_expired	VacuumUnit/VacuumUnit.cpp:566-568	TfVacuumUnit::spbSaveClick	VacuumUnit.cpp:384 (file assumed = port file)	golden text as gated: Close();	gated by IF0; nothing replaces it (the statements simply do not happen)	yes (11 callers of enclosing TfVacuumUnit::spbSaveClick)	no (0/0 statements found live elsewhere)	STATE	callees 1/1 ok(def 1, macro 0, sys/undeclared 0); objects 0/0 present	50	[review=auto] ST02 row 201 [LOW]: KEEP: still missing Close (flip-compile, main 8e5a1b1b + gw) [RESCAN 0930]; DECL-ONLY: every name ST02 calls missing has a live definition (declonly_scan)
B-229	b_gate_expired	VacuumUnit/VacuumUnit.cpp:592-594	TfVacuumUnit::sbtExitClick	VacuumUnit.cpp:405 (file assumed = port file)	golden text as gated: Close();	gated by IF0; nothing replaces it (the statements simply do not happen)	no callers found for enclosing TfVacuumUnit::sbtExitClick	no (0/0 statements found live elsewhere)	STATE	callees 1/1 ok(def 1, macro 0, sys/undeclared 0); objects 0/0 present	50	[review=auto] ST02 row 202 [LOW]: KEEP: still missing Close (flip-compile, main 8e5a1b1b + gw) [RESCAN 0930]; DECL-ONLY: every name ST02 calls missing has a live definition (declonly_scan) || gate_id=as
B-230	b_gate_expired	ainarm2.cpp:1073-1075	TransferLoaderRatio	ainarm2.cpp:2117	golden text as gated: CheckInArmXYScaleByAutoTeach(*iXPos, *iYPos, AOA_Loader);	gated by IF0; nothing replaces it (the statements simply do not happen)	no callers found for enclosing TransferLoaderRatio	no (0/1 statements found live elsewhere)	STATE	callees 1/1 ok(def 1, macro 0, sys/undeclared 0); objects 0/0 present	50	[review=auto] ST02 row 1467 [MEDIUM]: KEEP: still missing CheckInArmXYScaleByAutoTeach (flip-compile, main 8e5a1b1b + gw) [RESCAN 0930]; DECL-ONLY: every name ST02 calls missing has a live definition (declonly_scan) || gate_id=k2ai2-G2
B-231	b_gate_expired	ainarm2.cpp:5923-5928	TransferHotPlateRatio	ainarm2.cpp:1788-1791	golden text as gated: if(iPlate==0) CheckInArmXYScaleByAutoTeach(*iXPos, *iYPos, AOA_Plate2); else CheckInArmXYScaleByAutoTeach(*iXPos, *iYPos, AOA_Plate1);	gated by IF0; nothing replaces it (the statements simply do not happen)	yes (5 callers of enclosing TransferHotPlateRatio)	no (0/2 statements found live elsewhere)	STATE	callees 1/1 ok(def 1, macro 0, sys/undeclared 0); objects 0/0 present	50	[review=auto] ST02 row 1475 [MEDIUM]: KEEP: still missing CheckInArmXYScaleByAutoTeach (flip-compile, main 8e5a1b1b + gw) [RESCAN 0930]; DECL-ONLY: every name ST02 calls missing has a live definition (declonly_scan) || gate_id=k2ai2-G1
B-232	b_gate_expired	ainarm2.cpp:6182-6187	TransferInShuttleRatio	ainarm2.cpp:1976-1979 (file assumed = port file)	golden text as gated: if(iShuttle==0) CheckInArmXYScaleByAutoTeach(*iXPos, *iYPos, AOA_InSht1); else CheckInArmXYScaleByAutoTeach(*iXPos, *iYPos, AOA_InSht2);	gated by IF0; nothing replaces it (the statements simply do not happen)	yes (27 callers of enclosing TransferInShuttleRatio)	no (0/2 statements found live elsewhere)	STATE	callees 1/1 ok(def 1, macro 0, sys/undeclared 0); objects 0/0 present	50	[review=auto] ST02 row 1476 [MEDIUM]: KEEP: still missing CheckInArmXYScaleByAutoTeach (flip-compile, main 8e5a1b1b + gw) [RESCAN 0930]; DECL-ONLY: every name ST02 calls missing has a live definition (declonly_scan) || gate_id=W7e-G1
B-233	b_gate_expired	aoutarm9045.cpp:2069-2199	G-PTW6c-InspectOutArmPosition.	aoutarm9045.cpp:3865-3993	golden text VERBATIM in the gate: void InspectOutArmPosition(int iTarget, int iSuckRow, int iSuckCol, int iTargetRow, int iTargetCol, int iAction) { if(IniConfig.bE74_InspectArmPosition==false) return;...	gated by IF0; nothing replaces it (the statements simply do not happen)	no callers found for enclosing (file scope)	yes: 10/53 statements already live elsewhere, e.g. aoutarm9045.cpp:2046	STATE	callees 8/8 ok(def 8, macro 0, sys/undeclared 0); objects 9/9 present	50	[review=auto] ST02 row 1595 [MEDIUM]: KEEP: still missing GetOutOffsetFromWhichAuto, GetShtRowColStartPos (flip-compile, main 8e5a1b1b + gw) [RESCAN 0930]; DECL-ONLY: every name ST02 calls missing has a live definition (declonly_scan) || gate_id=G-PTW6c-InspectOutArmPosition.
A1-111	a1_stub_body	cMyDB.cpp:1468-1490	MyDBVUnitEventCount	cMyDB.cpp:1190-1207	9 stmts/18 lines; calls: sqlite3_get_table, AddY, sqlite3_free, sqlite3_free_table	constant: (void)asQuery; (void)Chart; return 0;	no (0 live call sites found)	gated-only 4/4, e.g. cMyDB.cpp:471 (alt-arm)	STATE	callees 1/4 ok(def 1, macro 0, sys/undeclared 0); ABSENT [sqlite3_get_table, sqlite3_free, sqlite3_free_table]; objects 0/0 present	50	[review=auto] || in-function gates: 1470-1489 TODO(GA1-B4) [KEEP: still missing sqlite3_get_table, incomplete:TChart, clBlue, s...] || match=L1-samefile flip=same in_cmake=True || port comment calls it a stub/offline
A1-112	a1_stub_body	forms/fLotInfo.cpp:2247-2275	TfLotInfo::btChangeFileClick	uLotInfo.cpp:10213-10237	8 stmts/25 lines; calls: Click, InitialBarcodeScanChangeFile	EMPTY body{}	no (0 live call sites found)	gated-only 4/4, e.g. forms/fLotInfo.cpp:256 (alt-arm)	STATE	callees 1/2 ok(def 1, macro 0, sys/undeclared 0); ABSENT [InitialBarcodeScanChangeFile]; objects 3/3 present	50	[review=auto] || in-function gates: 2251-2274 WB-3 [KEEP: still missing TfBarCode::btBarcodeChangeFileDisConnect, TfBar...] || match=L3-arity-mismatch flip=same in_cmake=True
B-234	b_gate_expired	forms/fPassword.cpp:389-391	TfPassword::ReadPasswordFile	n/a (gate does not cite a golden line)	golden text as gated: EvenLogUSER.PassWord[OPERATOR] =CheckAndReadIniData(sFileName, "LEVEL", EvenLogUSER.ID[OPERATOR], AnsiString("1"));	gated by IF0; nothing replaces it (the statements simply do not happen)	yes (1 callers of enclosing TfPassword::ReadPasswordFile)	no (0/1 statements found live elsewhere)	STATE	callees 1/1 ok(def 1, macro 0, sys/undeclared 0); objects 1/1 present	50	[review=auto] ST02 row 918 [LOW]: KEEP: still missing CheckAndReadIniData (flip-compile, main 8e5a1b1b + gw) [RESCAN 0930]; DECL-ONLY: every name ST02 calls missing has a live definition (declonly_scan) || gate_id=P-R1
A2-083	a2_abbreviated_body	cMyDB.cpp:777-919	MyDBIEvent	cMyDB.cpp:603-722	63 stmts/120 lines; calls: sqlite3_get_table, AnsiPos, sqlite3_free, sqlite3_free_table, sqlite3_exec, sqlite3_last_insert_rowid ...	ABBREVIATED body (143 of 120 lines): 21/42 (50%) of golden's distinct statements exist live anywhere in the port; 43% only under #if 0/alt arm; 50% in this function	yes (2 certain, 0 possible) e.g. forms/fNote_ShowError.cpp:385 in W906_ShowErrorMessageRecordLikeGolden	gated-only 3/4, e.g. cMyDB.cpp:109 (alt-arm)	STATE	callees 4/9 ok(def 4, macro 0, sys/undeclared 0); ABSENT [sqlite3_get_table, sqlite3_free, sqlite3_free_table, sqlite3_exec, sqlite3_last_insert_rowid]; objects 3/3 present	48	[review=auto] docs:INBOX_QUEUE,handoff || in-function gates: 803-835 TODO(GA1-B4) [] | 850-855 TODO(GA1-B4) [KEEP: compiles only vacuously -- the block sits inside a disabled e...] || match=L1-samefile flip=same in_cmake=True || port comment calls it a stub/offline
A1-113	a1_stub_body	forms/fLotInfo.cpp:2650-2678	TfLotInfo::cbRunModeDropDown	uLotInfo.cpp:15928-15951	8 stmts/24 lines; calls: JCETUseMakeWhite2DIDList, InputBarcodeNumber	EMPTY body{}	no (0 live call sites found)	YES live 1/4, e.g. forms/fLotInfo.cpp:1643 in TfLotInfo::JCETWhite2DIDShow	STATE	callees 1/2 ok(def 1, macro 0, sys/undeclared 0); ABSENT [JCETUseMakeWhite2DIDList]; objects 2/2 present	48	[review=auto] || in-function gates: 2655-2677 WB-13 [KEEP: still missing TfBarCode::JCETUseMakeWhite2DIDList (flip-compi...] || match=L3-arity-mismatch flip=same in_cmake=True
A1-114	a1_stub_body	OCRInsp.cpp:419	OCRSimLogClear	OCR.cpp:432-446	8 stmts/15 lines; calls: BuildOCRSimulationLogFileName, FormatString, WriteDataToFile	EMPTY body{}	no (0 live call sites found)	no (0/4 checked)	STATE	callees 2/3 ok(def 2, macro 0, sys/undeclared 0); ABSENT [BuildOCRSimulationLogFileName]; objects 0/1 present; OBJ-ABSENT [asTime]	47	[review=auto] || scope: feature:OCR camera || match=L2-anyfile flip=same in_cmake=True || port comment calls it a stub/offline
A1-115	a1_stub_body	acatchtray_shims.cpp:79	TfTrayMapping::DoCoverTrayID	cTrayMapping.cpp:5812-5834	7 stmts/23 lines; calls: DoCoverTrayIDKeyence, DoLoadCarRotArmReadRFID, DoCoverTrayID_NFC	constant: return false;	yes (7 certain, 0 possible) e.g. acatchtray.cpp:4498 in DoPlaceTrayToAuto	YES live 1/4, e.g. acatchtray.cpp:7893 in DoCatchTray	STATE	callees 2/3 ok(def 2, macro 0, sys/undeclared 0); ABSENT [DoCoverTrayID_NFC]; objects 0/1 present; OBJ-ABSENT [tmrNFC]	47	[review=auto] || scope: feature:CCD/tray-map || match=L2-anyfile flip=same in_cmake=True
A1-116	a1_stub_body	Motor/myEthercatmotor.cpp:1992-2098	TMyEtherCatMotor::SetEtherCatInType	Motor/myEthercatmotor.cpp:1590-1690	38 stmts/101 lines; calls: Acm_SetU32Property, IntToHex, ShowErrorMessage	EMPTY body{}	yes (1 certain, 0 possible) e.g. Motor/myEthercatmotor.cpp:642 in TMyEtherCatMotor::InitMotor	gated-only 4/4, e.g. Motor/myEthercatmotor.cpp:898 (alt-arm)	STATE	callees 2/3 ok(def 2, macro 0, sys/undeclared 0); ABSENT [Acm_SetU32Property]; objects 0/0 present	46	[review=auto] || scope: feature:MN200/EtherCAT card || match=L1-samefile flip=nontrivialB in_cmake=True
A1-117	a1_stub_body	Motor/myEthercatmotor.cpp:2113-2154	TMyEtherCatMotor::SetHomeSpeed	Motor/myEthercatmotor.cpp:1703-1742	17 stmts/40 lines; calls: Acm_SetF64Property, IntToHex, ShowErrorMessage	EMPTY body{}	no (0 live call sites found)	gated-only 4/4, e.g. Motor/myEthercatmotor.cpp:1142 (alt-arm)	STATE	callees 2/3 ok(def 2, macro 0, sys/undeclared 0); ABSENT [Acm_SetF64Property]; objects 0/0 present	46	[review=auto] docs:other-docs || scope: feature:MN200/EtherCAT card || match=L1-samefile flip=nontrivialB in_cmake=True
A1-118	a1_stub_body	asendic_Auto.cpp:333	W7L1A_TfBarCode_AutoShim::Write_Device_Info_By_Tray	BarCode/BarCode.cpp:8561-8634	25 stmts/74 lines; calls: CreateDir, cat_printf, Exception, fopen, fwrite, fclose ...	EMPTY body{}	possible (3, obj not resolvable) e.g. asendic_Auto.cpp:1444 in DoAutoReceiveBinTray [obj=fBarCode]	no (0/4 checked)	STATE	callees 7/10 ok(def 5, macro 0, sys/undeclared 2); DECL-ONLY(no body) [fwrite]; ABSENT [BarWriteTrayMap, WriteTrayInfo]; objects 2/3 present; OBJ-ABSENT [ShowBinMappingUnloadPtr]	46	[review=auto] docs:NB2-seam-list(0925) || match=L5-standin-class flip=same in_cmake=True || port comment calls it a stub/offline
A4-011	a4_standin_family	OCRInsp.cpp:400-402,...	OCRInsp.cpp W906OCR_* + OCR motion stubs	(see members)	10 stubs; OCR camera option; fOCR/fLotInfo/fSetup seams (OCRInsp.cpp:400-402) have 0 live sites; golden OCR flow calls TrayMoveHome/TrayArmContinuousMoveForOCR (mymotor.cpp stubs)	10 a1 stubs + 0 a2 abbreviated + 0 seams + 0 gates in these files; 1 with live callers; 0 held	1 member stubs have live callers	n/a (family row)	STATE	see member rows	45	[review=auto] verdict=UNDECIDED || OCR option only
A1-119	a1_stub_body	acatchtray_shims.cpp:138	DoMagazineAMRTrayFeed	Magazine.cpp:4375-4463	35 stmts/89 lines; calls: SearchAMRUnloadPos, DoPickFromAuto, InitialCatchTrayChangeTray, DoCatchTrayChangeTray, DoPlaceToAuto1, TrayArmMotorMove	constant: return true;	yes (2 certain, 0 possible) e.g. acatchtray.cpp:6991 in DoCatchTray	no (0/4 checked)	STATE	callees 2/6 ok(def 2, macro 0, sys/undeclared 0); ABSENT [SearchAMRUnloadPos, DoPickFromAuto, DoCatchTrayChangeTray, DoPlaceToAuto1]; objects 1/1 present	44	[review=auto] docs:GL_S0_STUB_LEDGER(Aug26) || scope: feature:magazine/AMR || match=L2-anyfile flip=same in_cmake=True || port comment calls it a stub/offline
B-235	b_gate_placeholder	aoutarm9045.cpp:2205-2206	InspectOutArmPosition	aoutarm9045.cpp:3870	golden text as gated:	gated by IF0; nothing replaces it (the statements simply do not happen)	yes (3 callers of enclosing InspectOutArmPosition)	no (0/0 statements found live elsewhere)	STATE	callees 0/0 ok(def 0, macro 0, sys/undeclared 0); objects 0/0 present	44	[review=auto] ST02 row 1598 [MEDIUM]: KEEP (motor / IO / heater words in the block): laptop [S09_FREED_STATUS 0930] || gate_id=TODO(W7)
A1-120	a1_stub_body	acarry_shims.cpp:255	LogSoftwareOffTime	database.cpp:2900-2917	9 stmts/18 lines; calls: AddTextWithDateTime, LatchCycleTime, MySaveToFile	EMPTY body{}	yes (17 certain, 0 possible) e.g. ATC/ATCInterface.cpp:1266 in TATCInterfaceForm::FormDestroy	no (0/4 checked)	STATE	callees 3/3 ok(def 3, macro 0, sys/undeclared 0); objects 1/3 present; OBJ-ABSENT [SoftwareExeTimer, SoftwareExeTimerSum]	43	[review=auto] docs:other-docs || match=L2-anyfile flip=same in_cmake=True || port comment calls it a stub/offline
A1-121	a1_stub_body	forms/fDTME08.cpp:63-71	TfrmDTME08::TfrmDTME08	EJ1N/fDTME08.cpp:16-28	5 stmts/13 lines; calls: NewuDTME08Control, Reload, InitialData, AddTempGUI, InitialComboList	EMPTY body{}	no (0 live call sites found)	YES live 1/3, e.g. bthermo.cpp:1307 in DoThermo	STATE	callees 3/5 ok(def 3, macro 0, sys/undeclared 0); DECL-ONLY(no body) [NewuDTME08Control, AddTempGUI]; objects 0/0 present	43	[review=auto] || match=L3-arity-mismatch flip=same in_cmake=True
A2-084	a2_abbreviated_body	CanBus/cMyDNM100UD.cpp:186-266	TMyDNM100UD_Card::Initail	CanBus/cMyDNM100UD.cpp:77-133	19 stmts/57 lines; calls: DNM100_ActiveBoard, DNM100_GetDLLVersion, DNM100_GetFirmwareVersion, DNM100_SetBaudRate, DNM100_CloseBoard, DNM100_GetBaudRate ...	ABBREVIATED body (81 of 57 lines): 7/18 (39%) of golden's distinct statements exist live anywhere in the port; 61% only under #if 0/alt arm; 28% in this function	yes (1 certain, 0 possible) e.g. CanBus/cMyDNM100UD.cpp:402 in TMyDNM100UD_Card::tmrReadInputDataTimer	gated-only 4/4, e.g. CanBus/cMyDNM100UD.cpp:8 (alt-arm)	STATE	callees 1/9 ok(def 1, macro 0, sys/undeclared 0); ABSENT [DNM100_ActiveBoard, DNM100_GetDLLVersion, DNM100_GetFirmwareVersion, DNM100_SetBaudRate, DNM100_CloseBoard, DNM100_GetBaudRate, DNM100_ClearAllConfig, DNM100_StartAllDevice]; objects 3/3 present	42	[review=auto] || match=L1-samefile flip=same in_cmake=True || port comment calls it a stub/offline
A2-085	a2_abbreviated_body	Public/HTEdit.cpp:128-168	THTEdit::~THTEdit	Public/HTEdit.cpp:20-58	11 stmts/39 lines; calls: MyDBIProcess	ABBREVIATED body (41 of 39 lines): 6/15 (40%) of golden's distinct statements exist live anywhere in the port; 60% only under #if 0/alt arm; 27% in this function	no (0 live call sites found)	gated-only 3/4, e.g. Public/HTEdit.cpp:4 (alt-arm)	STATE	callees 1/1 ok(def 1, macro 0, sys/undeclared 0); objects 0/2 present; OBJ-ABSENT [Ed, LEd]	42	[review=auto] || in-function gates: 135-159 1 [KEEP: still missing TEdit::OnClick, TLabeledEdit::OnClick, TEdit::O...] || match=L1-samefile flip=same in_cmake=True || port comment calls it a stub/offline
B-236	b_gate_expired	forms/fWinway.cpp:75-80	TfWinway::FormShow	fWinway.cpp:39 (file assumed = port file)	golden text VERBATIM in the gate: ShowCommData(iWinwayATCIndex);	gated by IF0; nothing replaces it (the statements simply do not happen)	yes (16 callers of enclosing TfWinway::FormShow)	no (0/1 statements found live elsewhere)	STATE	callees 1/1 ok(def 1, macro 0, sys/undeclared 0); objects 0/0 present | link-boundary only: ShowCommData	42	[review=auto] ST02 row 977 [LOW]: KEEP: still missing ShowCommData (flip-compile, main 8e5a1b1b + gw) [RESCAN 0930]; DECL-ONLY: every name ST02 calls missing has a live definition (declonly_scan) || gate_id=W-1.
B-237	b_gate_expired	forms/fWinway.cpp:91-94	TfWinway::cbbWinwayATCIndexChange	fWinway.cpp:153 (file assumed = port file)	golden text VERBATIM in the gate: ShowCommData(iWinwayATCIndex);	gated by IF0; nothing replaces it (the statements simply do not happen)	no callers found for enclosing TfWinway::cbbWinwayATCIndexChange	no (0/1 statements found live elsewhere)	STATE	callees 1/1 ok(def 1, macro 0, sys/undeclared 0); objects 0/0 present | link-boundary only: ShowCommData	42	[review=auto] ST02 row 978 [LOW]: KEEP: still missing ShowCommData (flip-compile, main 8e5a1b1b + gw) [RESCAN 0930]; DECL-ONLY: every name ST02 calls missing has a live definition (declonly_scan) || gate_id=W-1
B-238	b_gate_expired	Command.cpp:16990-16992	TfMain::TCPCommandServerClientRead	Command.cpp:13288 (file assumed = port file)	golden text as gated: fConfiguration->coD22->ItemIndex=atoi(sData[2].c_str())-2;	gated by IF0; nothing replaces it (the statements simply do not happen)	yes (2 callers of enclosing TfMain::TCPCommandServerClientRead)	no (0/1 statements found live elsewhere)	STATE	callees 0/0 ok(def 0, macro 0, sys/undeclared 0); objects 2/2 present	40	[review=auto] ST02 row 1190 [MEDIUM]: CLAIMED: Q3 = A, fConfiguration via the FileRW edit-list proxies; St02 local 4cdf1af3, waits for ST01-E R1 / R2 (Q3_FCONFIG_CLAIMS 0930) || gate_id=W906-FW-CMD-C
B-239	b_gate_expired	asortarm.cpp:892-894	DoSortArm	asortarm.cpp:356	golden text as gated: OutSht3Kit.SetHasNullIcToNullIc();	gated by IF0; nothing replaces it (the statements simply do not happen)	yes (2 callers of enclosing DoSortArm)	no (0/1 statements found live elsewhere)	STATE	callees 1/1 ok(def 1, macro 0, sys/undeclared 0); objects 1/1 present	40	[review=auto] ST02 row 1682 [MEDIUM]: CLAIMED (rescan 0930, the laptop's file): dependency now exists, single-row flip 0 errors in both configs, body = golden; St02 local 5d766431, two-config ful... || gate_id=3
A1-122	a1_stub_body	cMyDB.cpp:242-260	MyDBOpenDB	cMyDB.cpp:116-130	7 stmts/15 lines; calls: sqlite3_open_v2, sqlite3_exec	body is only "return;"	no (0 live call sites found)	gated-only 4/4, e.g. cMyDB.cpp:25 (alt-arm)	STATE	callees 0/2 ok(def 0, macro 0, sys/undeclared 0); ABSENT [sqlite3_open_v2, sqlite3_exec]; objects 2/2 present	40	[review=auto] || match=L1-samefile flip=nontrivialB in_cmake=True || port comment calls it a stub/offline
B-240	b_gate_expired	cObserver.cpp:6502-6505	TfObserver::bAutoSaveEventLog	cObserver.cpp:3035-3036 (file assumed = port file)	golden text as gated: if(fConfiguration->fShow) return;	gated by IF0; nothing replaces it (the statements simply do not happen)	no callers found for enclosing TfObserver::bAutoSaveEventLog	no (0/1 statements found live elsewhere)	STATE	callees 0/0 ok(def 0, macro 0, sys/undeclared 0); objects 1/1 present	40	[review=auto] ST02 row 503 [LOW]: CLAIMED: Q3 = A, fConfiguration via the FileRW edit-list proxies; St02 local 4cdf1af3, waits for ST01-E R1 / R2 (Q3_FCONFIG_CLAIMS 0930) || gate_id=C-log-4
B-241	b_gate_placeholder	common.cpp:1073-1076	WriteIniData	n/a (gate does not cite a golden line)	golden text as gated:	gated by IF0; nothing replaces it (the statements simply do not happen)	yes (2649 callers of enclosing WriteIniData)	no (0/0 statements found live elsewhere)	STATE	callees 0/0 ok(def 0, macro 0, sys/undeclared 0); objects 0/0 present	40	[review=auto] ST02 row 633 [LOW]: KEEP: compiles, reviewed by hand in the 0930 stale scan (design decision / heater, temperature, vacuum or Rotate file) [STALE_SCAN 0930] || gate_id=TODO(wave-logging/UI)
B-242	b_gate_placeholder	common.cpp:1117-1118	WriteIniData	n/a (gate does not cite a golden line)	golden text as gated:	gated by IF0; nothing replaces it (the statements simply do not happen)	yes (2649 callers of enclosing WriteIniData)	no (0/0 statements found live elsewhere)	STATE	callees 0/0 ok(def 0, macro 0, sys/undeclared 0); objects 0/0 present	40	[review=auto] ST02 row 634 [LOW]: KEEP: compiles, reviewed by hand in the 0930 stale scan (design decision / heater, temperature, vacuum or Rotate file) [STALE_SCAN 0930] || gate_id=TODO(wave-logging/UI)
B-243	b_gate_placeholder	common.cpp:1162-1163	WriteIniData	n/a (gate does not cite a golden line)	golden text as gated:	gated by IF0; nothing replaces it (the statements simply do not happen)	yes (2649 callers of enclosing WriteIniData)	no (0/0 statements found live elsewhere)	STATE	callees 0/0 ok(def 0, macro 0, sys/undeclared 0); objects 0/0 present	40	[review=auto] ST02 row 635 [LOW]: KEEP: compiles, reviewed by hand in the 0930 stale scan (design decision / heater, temperature, vacuum or Rotate file) [STALE_SCAN 0930] || gate_id=TODO(wave-logging/UI)
B-244	b_gate_placeholder	common.cpp:1199-1200	WriteIniData	n/a (gate does not cite a golden line)	golden text as gated:	gated by IF0; nothing replaces it (the statements simply do not happen)	yes (2649 callers of enclosing WriteIniData)	no (0/0 statements found live elsewhere)	STATE	callees 0/0 ok(def 0, macro 0, sys/undeclared 0); objects 0/0 present	40	[review=auto] ST02 row 636 [LOW]: KEEP: compiles, reviewed by hand in the 0930 stale scan (design decision / heater, temperature, vacuum or Rotate file) [STALE_SCAN 0930] || gate_id=TODO(wave-logging/UI)
B-245	b_gate_placeholder	common.cpp:1255-1256	WriteIniData	n/a (gate does not cite a golden line)	golden text as gated:	gated by IF0; nothing replaces it (the statements simply do not happen)	yes (2649 callers of enclosing WriteIniData)	no (0/0 statements found live elsewhere)	STATE	callees 0/0 ok(def 0, macro 0, sys/undeclared 0); objects 0/0 present	40	[review=auto] ST02 row 638 [LOW]: KEEP: compiles, reviewed by hand in the 0930 stale scan (design decision / heater, temperature, vacuum or Rotate file) [STALE_SCAN 0930] || gate_id=TODO(wave-logging/UI)
B-246	b_gate_placeholder	common.cpp:1387-1408	WriteIniData1	n/a (gate does not cite a golden line)	golden text as gated:	gated by IF0; nothing replaces it (the statements simply do not happen)	no callers found for enclosing WriteIniData1	no (0/0 statements found live elsewhere)	STATE	callees 0/0 ok(def 0, macro 0, sys/undeclared 0); objects 0/0 present	40	[review=auto] ST02 row 639 [LOW]: KEEP: compiles, reviewed by hand in the 0930 stale scan (design decision / heater, temperature, vacuum or Rotate file) [STALE_SCAN 0930] || gate_id=TODO(wave-logging/UI)
A1-123	a1_stub_body	forms/fGroundMan.cpp:355-375	TfGroundMan::ReStart	GroundMan/GroundMan.cpp:1635-1647	3 stmts/13 lines; calls: StopComm, Init_GM_RS232	EMPTY body{}	yes (1 certain, 4 possible) e.g. forms/fGroundMan.cpp:269 in TfGroundMan::FormClose	gated-only 2/2, e.g. forms/fGroundMan.cpp:49 (alt-arm)	STATE	callees 1/2 ok(def 1, macro 0, sys/undeclared 0); ABSENT [Init_GM_RS232]; objects 0/1 present; OBJ-ABSENT [comGM]	40	[review=auto] || in-function gates: 366-373 GM-3 [KEEP: compiles, reviewed by hand in the 0930 stale scan (design dec...] || match=L2-anyfile flip=same in_cmake=True || port comment calls it a stub/offline
A1-124	a1_stub_body	Automation/MesWebService.cpp:129-141	RegTypes	Automation/MesWebService.cpp:49-55	3 stmts/7 lines; calls: InvRegistry, RegisterInterface, __interfaceTypeinfo, RegisterDefaultSOAPAction, RegisterInvokeOptions	EMPTY body{}	no same-file call sites (file-local static: calls elsewhere bind to the real function; tree-wide by-name count was 0)	gated-only 3/3, e.g. Automation/MesWebService.cpp:17 (alt-arm)	STATE	callees 0/5 ok(def 0, macro 0, sys/undeclared 0); ABSENT [InvRegistry, RegisterInterface, __interfaceTypeinfo, RegisterDefaultSOAPAction, RegisterInvokeOptions]; objects 0/0 present	36	[review=auto] || in-function gates: 135-140 whole-function [KEEP: still missing InvRegistry, __interfaceTypeinfo, ioDocument (f...] || match=L1-samefile flip=same in_cmake=True || port comment calls it a stub/offline
A1-125	a1_stub_body	Automation/SCK_TUTS.cpp:155-167	RegTypes	Automation/SCK_TUTS.cpp:50-56	3 stmts/7 lines; calls: InvRegistry, RegisterInterface, __interfaceTypeinfo, RegisterDefaultSOAPAction, RegisterInvokeOptions	EMPTY body{}	no same-file call sites (file-local static: calls elsewhere bind to the real function; tree-wide by-name count was 0)	gated-only 3/3, e.g. Automation/SCK_TUTS.cpp:16 (alt-arm)	STATE	callees 0/5 ok(def 0, macro 0, sys/undeclared 0); ABSENT [InvRegistry, RegisterInterface, __interfaceTypeinfo, RegisterDefaultSOAPAction, RegisterInvokeOptions]; objects 0/0 present	36	[review=auto] || in-function gates: 161-166 whole-function [KEEP: still missing InvRegistry, __interfaceTypeinfo, ioDocument (f...] || scope: customer/feature-specific || match=L1-samefile flip=same in_cmake=True || port comment calls it a stub/offline
B-247	b_gate_comment	BarCode_Bottom2DID8CCD.h:206-208	(file scope)	BarCode.cpp:5841-5902	golden text as gated: { return BarCode_DoBottom2DID_8CCD_Scan(); }	gated by COMMENT; nothing replaces it (the statements simply do not happen)	no callers found for enclosing (file scope)	yes: 1/1 statements already live elsewhere, e.g. BarCode/BarCode.cpp:52	STATE	callees 1/1 ok(def 1, macro 0, sys/undeclared 0); objects 0/0 present	36	[review=auto] ST02: no backlog row matched (n/a) || COMMENT-type gate (golden lines left as comments; false-positive prone)
B-248	b_gate_comment	CanBus/cMyDNM100UD.cpp:241-243	TMyDNM100UD_Card::Initail	n/a (gate does not cite a golden line)	golden text as gated: for(i=0; i<iTotalDevices; i++) { if(NUDN1Item[i]!=NULL)	gated by COMMENT; nothing replaces it (the statements simply do not happen)	yes (2 callers of enclosing TMyDNM100UD_Card::Initail)	yes: 1/2 statements already live elsewhere, e.g. CanBus/cMyDNM100UD.cpp:151	STATE	callees 0/0 ok(def 0, macro 0, sys/undeclared 0); objects 0/0 present	36	[review=auto] ST02: no backlog row matched (n/a) || gate_id=1 || COMMENT-type gate (golden lines left as comments; false-positive prone)
A2-086	a2_abbreviated_body	Public/HTEdit.cpp:367-394	THTEdit::DisableEventOverlap	Public/HTEdit.cpp:244-266	8 stmts/23 lines; calls:	ABBREVIATED body (28 of 23 lines): 0/10 (0%) of golden's distinct statements exist live anywhere in the port; 100% only under #if 0/alt arm; 0% in this function	possible (1, obj not resolvable) e.g. Public/HTEditList.cpp:502 in HTEditList::Add [obj=Item]	gated-only 4/4, e.g. Public/HTEdit.cpp:57 (alt-arm)	STATE	callees 0/0 ok(def 0, macro 0, sys/undeclared 0); objects 0/2 present; OBJ-ABSENT [Ed, LEd]	36	[review=auto] || in-function gates: 369-393 [KEEP: still missing TEdit::OnClick, TEdit::OnKeyPress, TEdit::OnCha...] || match=L1-samefile flip=same in_cmake=True || port comment calls it a stub/offline
B-249	b_gate_comment	SECSGEM/SecsWireCodec.cpp:413-416	(file scope)	uHGemEquipment.cpp:392-396	golden text as gated: { WaitShowString->Add(S); LogDataString->Add(S); }	gated by COMMENT; nothing replaces it (the statements simply do not happen)	no callers found for enclosing (file scope)	yes: 2/2 statements already live elsewhere, e.g. SECSGEM/SecsWireCodec.cpp:419	STATE	callees 1/1 ok(def 1, macro 0, sys/undeclared 0); objects 2/2 present	36	[review=auto] ST02: no backlog row matched (n/a) || COMMENT-type gate (golden lines left as comments; false-positive prone)
B-250	b_gate_comment	SECSGEM/SecsWireCodec.cpp:702-704	(file scope)	uHGemEquipment.cpp:979-984	golden text as gated: Ptr=S.c_str(); DataItemOut(strlen(Ptr), Type, Ptr); }	gated by COMMENT; nothing replaces it (the statements simply do not happen)	no callers found for enclosing (file scope)	yes: 1/2 statements already live elsewhere, e.g. SECSGEM/SecsWireCodec.cpp:715	STATE	callees 1/1 ok(def 1, macro 0, sys/undeclared 0); objects 1/1 present	36	[review=auto] ST02: no backlog row matched (n/a) || COMMENT-type gate (golden lines left as comments; false-positive prone)
A1-126	a1_stub_body	SECSGEM/TasmInfo.cpp:51-54	GetManID	SECSGEM/TasmInfo.cpp:48-59	7 stmts/12 lines; calls: ExeCPUID	constant: return " ";	yes (1 certain, 0 possible) e.g. SECSGEM/uHGemEquipment.cpp:2226 in THGem::FormCreate	no (0/4 checked)	STATE	callees 0/1 ok(def 0, macro 0, sys/undeclared 0); ABSENT [ExeCPUID]; objects 0/0 present	36	[review=auto] || scope: feature:SECS/GEM || match=L1-samefile flip=same in_cmake=True || port comment calls it a stub/offline
A1-127	a1_stub_body	SECSGEM/TasmInfo.cpp:56-59	GetCPUType	SECSGEM/TasmInfo.cpp:61-78	9 stmts/18 lines; calls: ExeCPUID	constant: return "";	yes (1 certain, 0 possible) e.g. SECSGEM/uHGemEquipment.cpp:2228 in THGem::FormCreate	no (0/4 checked)	STATE	callees 0/1 ok(def 0, macro 0, sys/undeclared 0); ABSENT [ExeCPUID]; objects 0/0 present	36	[review=auto] || scope: feature:SECS/GEM || match=L1-samefile flip=same in_cmake=True || port comment calls it a stub/offline
B-251	b_gate_comment	VacuumUnit/VacuumUnit.cpp:689-691	1	n/a (gate does not cite a golden line)	golden text as gated: { if(VCCU_UNIT_TYPE==1) {	gated by COMMENT; nothing replaces it (the statements simply do not happen)	no callers found for enclosing (file scope)	yes: 1/1 statements already live elsewhere, e.g. VacuumUnit/VacuumUnit.cpp:634	STATE	callees 0/0 ok(def 0, macro 0, sys/undeclared 0); objects 0/0 present	36	[review=auto] ST02: no backlog row matched (n/a) || gate_id=1 || COMMENT-type gate (golden lines left as comments; false-positive prone)
B-252	b_gate_comment	ainarm9045_1x4_8_Hot.cpp:77-84	SetInOutArmParameter_1x4_8_Hot	ainarm9045_1x4_8_Hot.cpp:32	golden text as gated: CopyInitSuck(&InArmSuckBackup , &InArmSuck , 0, 0, 0, 0); CopyInitSuck(&InArmSuckBackup , &InArmSuck , 0, 2, 0, 1); CopyInitSuck(&InArmSuckBackup , &InArmSuck , 0, 4, ...	gated by COMMENT; nothing replaces it (the statements simply do not happen)	yes (1 callers of enclosing SetInOutArmParameter_1x4_8_Hot)	no (0/8 statements found live elsewhere)	STATE	callees 1/1 ok(def 1, macro 0, sys/undeclared 0); objects 0/0 present	36	[review=auto] ST02: no backlog row matched (n/a) || COMMENT-type gate (golden lines left as comments; false-positive prone)
A1-128	a1_stub_body	ainarm9045_2x8_32.cpp:78	MoveArmXYToLoaderStage_9045_2x8_32	ainarm9045_2x8_32.cpp:1381-1392	5 stmts/12 lines; calls: SearchLoadTrayUpDown_9045_2x8_32, DoMoveArmXYToLoaderStage_9045_2x8_32	constant: return false;	no (0 live call sites found)	gated-only 3/3, e.g. ainarm9045_2x8_32.cpp:7806 (alt-arm)	STATE	callees 0/2 ok(def 0, macro 0, sys/undeclared 0); ABSENT [SearchLoadTrayUpDown_9045_2x8_32, DoMoveArmXYToLoaderStage_9045_2x8_32]; objects 0/0 present	36	[review=auto] || match=L1-samefile flip=same in_cmake=True
B-253	b_gate_comment	aoutarm9045.cpp:4384-4386	SearchTrayToPlace_9045	aoutarm9045.cpp:1316-1418	golden text as gated: { iSuckY=2; }	gated by COMMENT; nothing replaces it (the statements simply do not happen)	yes (63 callers of enclosing SearchTrayToPlace_9045)	no (0/0 statements found live elsewhere)	STATE	callees 0/0 ok(def 0, macro 0, sys/undeclared 0); objects 0/0 present	36	[review=auto] ST02: no backlog row matched (n/a) || COMMENT-type gate (golden lines left as comments; false-positive prone)
B-254	b_gate_comment	aoutarm9045_All_1Picker.cpp:328-332	(file scope)	aoutarm9045_All_1Picker.cpp:220	golden text as gated: return 31301; } } } }	gated by COMMENT; nothing replaces it (the statements simply do not happen)	no callers found for enclosing (file scope)	yes: 1/1 statements already live elsewhere, e.g. aoutarm9045_2x8_16.cpp:486	STATE	callees 0/0 ok(def 0, macro 0, sys/undeclared 0); objects 0/0 present	36	[review=auto] ST02: no backlog row matched (n/a) || COMMENT-type gate (golden lines left as comments; false-positive prone)
B-255	b_gate_comment	asendic_Loader.cpp:290-292	(file scope)	n/a (gate does not cite a golden line)	golden text as gated: if(iInPut>=0 && iInPut<=31) return AnsiString(kCtrl[iInPut]); // golden :26-57 if(iInPut>=32 && iInPut<=126) return AnsiString((char)iInPut); // golden :60-154 if(iInP...	gated by COMMENT; nothing replaces it (the statements simply do not happen)	no callers found for enclosing (file scope)	no (0/4 statements found live elsewhere)	STATE	callees 0/0 ok(def 0, macro 0, sys/undeclared 0); objects 0/0 present	36	[review=auto] ST02: no backlog row matched (n/a) || COMMENT-type gate (golden lines left as comments; false-positive prone)
B-256	b_gate_comment	asortarm.cpp:2980-2986	8	n/a (gate does not cite a golden line)	golden text as gated: { iSortArmSpeed1--; if(iSortArmSpeed1>99) iSortArmSpeed1=99; if(iSortArmSpeed1<-99) iSortArmSpeed1=-99; }	gated by COMMENT; nothing replaces it (the statements simply do not happen)	no callers found for enclosing (file scope)	no (0/3 statements found live elsewhere)	STATE	callees 0/0 ok(def 0, macro 0, sys/undeclared 0); objects 0/0 present	36	[review=auto] ST02: no backlog row matched (n/a) || gate_id=8 || COMMENT-type gate (golden lines left as comments; false-positive prone)
A1-129	a1_stub_body	cMyDB.cpp:189-240	MyDBCloseDB	cMyDB.cpp:67-114	17 stmts/48 lines; calls: sqlite3_close, sqlite3_next_stmt, sqlite3_finalize, MNetLog	body is only "return;"	no (0 live call sites found)	gated-only 4/4, e.g. cMyDB.cpp:17 (alt-arm)	STATE	callees 1/4 ok(def 1, macro 0, sys/undeclared 0); ABSENT [sqlite3_close, sqlite3_next_stmt, sqlite3_finalize]; objects 1/1 present	36	[review=auto] docs:handoff || match=L1-samefile flip=nontrivialB in_cmake=True || port comment calls it a stub/offline
A1-130	a1_stub_body	cMyDB.cpp:1269-1302	MyDBQAlarmCodeList	cMyDB.cpp:1023-1049	13 stmts/27 lines; calls: sqlite3_get_table, Add, sqlite3_free, sqlite3_free_table	constant: return false;	yes (1 certain, 0 possible) e.g. cMyDB.cpp:2212 in MyDBUpdateDB	gated-only 4/4, e.g. cMyDB.cpp:110 (alt-arm)	STATE	callees 1/4 ok(def 1, macro 0, sys/undeclared 0); ABSENT [sqlite3_get_table, sqlite3_free, sqlite3_free_table]; objects 1/1 present	36	[review=auto] || in-function gates: 1290-1293 TODO(GA1-B4) [KEEP: compiles only vacuously -- the block sits inside a disabled e...] || match=L1-samefile flip=nontrivialB in_cmake=True || port comment calls it a stub/offline
B-257	b_gate_comment	csystem.cpp:7846-7848	DoTrayFeedProcess	n/a (gate does not cite a golden line)	golden text as gated: { fMain->SetLotState(11); //JCET通知測試機lot end }	gated by COMMENT; nothing replaces it (the statements simply do not happen)	yes (6 callers of enclosing DoTrayFeedProcess)	no (0/2 statements found live elsewhere)	STATE	callees 1/1 ok(def 1, macro 0, sys/undeclared 0); objects 1/1 present	36	[review=auto] ST02: no backlog row matched (n/a) || gate_id=L2-13 || COMMENT-type gate (golden lines left as comments; false-positive prone)
B-258	b_gate_comment	csystem.cpp:8029-8034	DoTrayFeedProcess	n/a (gate does not cite a golden line)	golden text as gated: { if(IniConfig.bA38_SLT_Summary && fSCKART->sLotID!="NA" && fSCKART->sLotID!="" && iUnloadCount>0) { if(FileExists(as2DWhiteListLog)) { strPath.sprintf("%s\\%s", IniCo...	gated by COMMENT; nothing replaces it (the statements simply do not happen)	yes (6 callers of enclosing DoTrayFeedProcess)	no (0/3 statements found live elsewhere)	STATE	callees 0/0 ok(def 0, macro 0, sys/undeclared 0); objects 3/3 present	36	[review=auto] ST02: no backlog row matched (n/a) || gate_id=L2-17 || COMMENT-type gate (golden lines left as comments; false-positive prone)
B-259	b_gate_comment	csystem.cpp:8252-8254	DoTrayFeedProcess	n/a (gate does not cite a golden line)	golden text as gated: { fMain->SetLotState(11); //JCET通知測試機lot end }	gated by COMMENT; nothing replaces it (the statements simply do not happen)	yes (6 callers of enclosing DoTrayFeedProcess)	no (0/2 statements found live elsewhere)	STATE	callees 1/1 ok(def 1, macro 0, sys/undeclared 0); objects 1/1 present	36	[review=auto] ST02: no backlog row matched (n/a) || gate_id=L2-23 || COMMENT-type gate (golden lines left as comments; false-positive prone)
B-260	b_gate_comment	csystem.cpp:8256-8258	DoTrayFeedProcess	n/a (gate does not cite a golden line)	golden text as gated: { fMain->SetLotState(12); //JCET通知測試機Final lot end }	gated by COMMENT; nothing replaces it (the statements simply do not happen)	yes (6 callers of enclosing DoTrayFeedProcess)	no (0/2 statements found live elsewhere)	STATE	callees 1/1 ok(def 1, macro 0, sys/undeclared 0); objects 1/1 present	36	[review=auto] ST02: no backlog row matched (n/a) || gate_id=L2-23 || COMMENT-type gate (golden lines left as comments; false-positive prone)
B-261	b_gate_comment	csystem.cpp:28927-28930	CheckNozzleEventFinish	n/a (gate does not cite a golden line)	golden text as gated: { bAction[3]=true; bFlag=false; }	gated by COMMENT; nothing replaces it (the statements simply do not happen)	yes (1 callers of enclosing CheckNozzleEventFinish)	yes: 2/2 statements already live elsewhere, e.g. csystem.cpp:28917	STATE	callees 0/0 ok(def 0, macro 0, sys/undeclared 0); objects 0/0 present	36	[review=auto] ST02: no backlog row matched (n/a) || COMMENT-type gate (golden lines left as comments; false-positive prone)
B-262	b_gate_comment	forms/fCleaning.cpp:194-196	TfCleaning::XCT1Change	n/a (gate does not cite a golden line)	golden text as gated: { iCount=3; }	gated by COMMENT; nothing replaces it (the statements simply do not happen)	no callers found for enclosing TfCleaning::XCT1Change	no (0/0 statements found live elsewhere)	STATE	callees 0/0 ok(def 0, macro 0, sys/undeclared 0); objects 0/0 present	36	[review=auto] ST02: no backlog row matched (n/a) || COMMENT-type gate (golden lines left as comments; false-positive prone)
B-263	b_gate_comment	forms/fCleaning.cpp:203-205	TfCleaning::XCT1Change	n/a (gate does not cite a golden line)	golden text as gated: { iCount=10; }	gated by COMMENT; nothing replaces it (the statements simply do not happen)	no callers found for enclosing TfCleaning::XCT1Change	no (0/0 statements found live elsewhere)	STATE	callees 0/0 ok(def 0, macro 0, sys/undeclared 0); objects 0/0 present	36	[review=auto] ST02: no backlog row matched (n/a) || COMMENT-type gate (golden lines left as comments; false-positive prone)
B-264	b_gate_comment	forms/fNote_ShowError.cpp:1320-1326	W906_NoteNoticeAckLikeGolden	n/a (gate does not cite a golden line)	golden text as gated: { if(iAStreamErrorCompressOnecycle==3) { iAStreamErrorCompressOnecycle=0; fMain->Start("bL46_AStreamErrorCompressOnecycle"); } }	gated by COMMENT; nothing replaces it (the statements simply do not happen)	yes (1 callers of enclosing W906_NoteNoticeAckLikeGolden)	no (0/3 statements found live elsewhere)	STATE	callees 1/1 ok(def 1, macro 0, sys/undeclared 0); objects 1/1 present	36	[review=auto] ST02: no backlog row matched (n/a) || gate_id=W906-J5-ACK || COMMENT-type gate (golden lines left as comments; false-positive prone)
B-265	b_gate_comment	forms/fOffSet.h:131-133	(file scope)	n/a (gate does not cite a golden line)	golden text as gated: Ptr=(TButton *)Sender; if(bA30SetupTeachFunction && iTester==OFF_LINE && bNeedSetupTeach) iSortUnloadT6=Ptr->Tag;	gated by COMMENT; nothing replaces it (the statements simply do not happen)	no callers found for enclosing (file scope)	yes: 1/2 statements already live elsewhere, e.g. FileRW/Offset_File.gen.inc:3036	STATE	callees 0/0 ok(def 0, macro 0, sys/undeclared 0); objects 1/1 present	36	[review=auto] ST02: no backlog row matched (n/a) || COMMENT-type gate (golden lines left as comments; false-positive prone)
B-266	b_gate_expired	Command.cpp:17008-17010	TfMain::TCPCommandServerClientRead	Command.cpp:13297 (file assumed = port file)	golden text as gated: fMain->DoFTRTClick(true, false);	gated by IF0; nothing replaces it (the statements simply do not happen)	yes (2 callers of enclosing TfMain::TCPCommandServerClientRead)	no (0/1 statements found live elsewhere)	STATE	callees 1/1 ok(def 1, macro 0, sys/undeclared 0); objects 1/1 present	35	[review=auto] ST02 row 1191 [MEDIUM]: BLOCKED: remote FT/RT switch -- can call St01 review6 W906_Main_DoFTRTClick once a9f41d24 is on main and St01 gives an ht9045_sm-reachable entry (FREED_SCAN ... || gate_id=W906-FW-CMD-C
B-267	b_gate_expired	Command.cpp:17016-17018	TfMain::TCPCommandServerClientRead	Command.cpp:13302 (file assumed = port file)	golden text as gated: fMain->DoFTRTClick(false, false);	gated by IF0; nothing replaces it (the statements simply do not happen)	yes (2 callers of enclosing TfMain::TCPCommandServerClientRead)	no (0/1 statements found live elsewhere)	STATE	callees 1/1 ok(def 1, macro 0, sys/undeclared 0); objects 1/1 present	35	[review=auto] ST02 row 1192 [MEDIUM]: BLOCKED: remote FT/RT switch -- can call St01 review6 W906_Main_DoFTRTClick once a9f41d24 is on main and St01 gives an ht9045_sm-reachable entry (FREED_SCAN ... || gate_id=W906-FW-CMD-C
A2-087	a2_abbreviated_body	Public/HTEdit.cpp:170-243	THTEdit::OnWriteEdit	Public/HTEdit.cpp:60-128	35 stmts/69 lines; calls:	ABBREVIATED body (74 of 69 lines): 2/28 (7%) of golden's distinct statements exist live anywhere in the port; 93% only under #if 0/alt arm; 4% in this function	possible (2, obj not resolvable) e.g. Public/HTEditList.cpp:399 in HTEditList::Add [obj=Item]	gated-only 4/4, e.g. Public/HTEdit.cpp:24 (alt-arm)	STATE	callees 0/0 ok(def 0, macro 0, sys/undeclared 0); objects 0/2 present; OBJ-ABSENT [Ed, LEd]	35	[review=auto] || in-function gates: 173-242 [KEEP: still missing TEdit::OnClick, TEdit::OnKeyPress, TEdit::OnCha...] || match=L1-samefile flip=same in_cmake=True || port comment calls it a stub/offline
A2-088	a2_abbreviated_body	VacuumUnit/MyVacuumPanel.cpp:631-674	TMyVacuumPanel::RefreshDOIO	VacuumUnit/MyVacuumPanel.cpp:467-493	10 stmts/27 lines; calls: Acm_DaqDoGetBitEx, ChangeBtnPanelLane	ABBREVIATED body (44 of 27 lines): 1/12 (8%) of golden's distinct statements exist live anywhere in the port; 33% only under #if 0/alt arm; 8% in this function	possible (4, obj not resolvable) e.g. VacuumUnit/VacuumUnit.cpp:401 in TfVacuumUnit::FormShow [obj=]	no (0/4 checked)	STATE	callees 0/2 ok(def 0, macro 0, sys/undeclared 0); ABSENT [Acm_DaqDoGetBitEx, ChangeBtnPanelLane]; objects 0/2 present; OBJ-ABSENT [bplOn, bplOff]	35	[review=auto] || in-function gates: 655-673 2 [KEEP: still missing bplOn, bplOff, ChangeBtnPanelLane (flip-compile...] || match=L1-samefile flip=same in_cmake=True
A1-131	a1_stub_body	csystem.cpp:2530	W7C1_VerifyNeedDoAlignment	AutoAlignment/AutoAlignment.cpp:8962-8995	13 stmts/34 lines; calls: CheckInArmAutoAlignmentTrayModeBeUse, CheckInArmAutoAlignmentCKModeBeUse, InitDoInArmTeachAlignmentProcessTask, CheckOutArmAutoAlignmentTrayModeBeUse, CheckOutArmAutoAlignmentCKModeBeUse, InitDoOutArmTeachAlignmentProcessTask	EMPTY body{}	yes (4 certain, 0 possible) e.g. csystem.cpp:3806 in DoCleanOutFinishCheck [via #define VerifyNeedDoAlignment]	YES live 1/4, e.g. AutoClean/AutoClean.cpp:8271 in DoAutoCleanKit	STATE	callees 5/6 ok(def 3, macro 2, sys/undeclared 0); ABSENT [CheckOutArmAutoAlignmentCKModeBeUse]; objects 3/3 present	34	[review=auto] docs:other-docs || match=L3-arity-mismatch flip=absentB in_cmake=True || port comment calls it a stub/offline
A1-132	a1_stub_body	csystem_shims.cpp:166	DoOutArmTeachAlignmentProcess	AutoAlignment/AutoAlignment.cpp:8627-8664	18 stmts/38 lines; calls: ResetMoveAutoAlignmentOutArmMoveSavePositionTask, InitialMoveAutoAlignmentOutArmMoveSavePositionTask, WhenMoveAlignmentOutArmMoveSavePosition, InitOutArmAlignment, DoOutArmTeachAlignment	constant: return true;	yes (1 certain, 0 possible) e.g. csystem.cpp:2058 in DoAllProcess	no (0/4 checked)	STATE	callees 0/5 ok(def 0, macro 0, sys/undeclared 0); ABSENT [ResetMoveAutoAlignmentOutArmMoveSavePositionTask, InitialMoveAutoAlignmentOutArmMoveSavePositionTask, WhenMoveAlignmentOutArmMoveSavePosition, InitOutArmAlignment, DoOutArmTeachAlignment]; objects 1/1 present	33	[review=auto] docs:RULINGS || match=L2-anyfile flip=same in_cmake=True || port comment calls it a stub/offline
A1-133	a1_stub_body	cMyDB.cpp:262-286	MyDBExecSQL	cMyDB.cpp:132-151	8 stmts/20 lines; calls: sqlite3_exec, sqlite3_free, sqlite3_last_insert_rowid	constant: (void)str; return 0;	yes (21 certain, 0 possible) e.g. cMyDB.cpp:327 in DoInsertAlarmCode	gated-only 4/4, e.g. cMyDB.cpp:39 (alt-arm)	STATE	callees 0/3 ok(def 0, macro 0, sys/undeclared 0); ABSENT [sqlite3_exec, sqlite3_free, sqlite3_last_insert_rowid]; objects 1/1 present	31	[review=auto] || match=L1-samefile flip=nontrivialB in_cmake=True || port comment calls it a stub/offline
A1-134	a1_stub_body	cMyDB.cpp:1131-1147	MyDBQLotData	cMyDB.cpp:908-919	7 stmts/12 lines; calls: sqlite3_get_table, Add, sqlite3_free, sqlite3_free_table	body is only "return;"	no (0 live call sites found)	gated-only 3/3, e.g. cMyDB.cpp:286 (alt-arm)	STATE	callees 1/4 ok(def 1, macro 0, sys/undeclared 0); ABSENT [sqlite3_get_table, sqlite3_free, sqlite3_free_table]; objects 0/0 present	31	[review=auto] || match=L1-samefile flip=nontrivialB in_cmake=True || port comment calls it a stub/offline
A1-135	a1_stub_body	forms/fNote.cpp:37-47	TfNote::TfNote	note.cpp:161-248	63 stmts/88 lines; calls: SetColorMap, TEdit	EMPTY body{}	no (0 live call sites found)	no (0/4 checked)	STATE	callees 2/2 ok(def 1, macro 0, sys/undeclared 1); objects 1/10 present; OBJ-ABSENT [palRedNotice, palWrongPW, TMyTray1, t2DCode, pnlCorrectionCount, btPrintSummary, pgcNote, myBinCodeEdit]	31	[review=auto] || match=L3-arity-mismatch flip=same in_cmake=True
A1-136	a1_stub_body	cMyDB.cpp:1077-1104	MyDBULotEndTime	cMyDB.cpp:859-881	13 stmts/23 lines; calls: sqlite3_get_table, sqlite3_free, sqlite3_exec, sqlite3_free_table	body is only "return;"	yes (4 certain, 0 possible) e.g. cMyDB.cpp:908 in MyDBIEvent	gated-only 4/4, e.g. cMyDB.cpp:264 (alt-arm)	STATE	callees 0/4 ok(def 0, macro 0, sys/undeclared 0); ABSENT [sqlite3_get_table, sqlite3_free, sqlite3_exec, sqlite3_free_table]; objects 1/1 present	30	[review=auto] || match=L1-samefile flip=nontrivialB in_cmake=True || port comment calls it a stub/offline
A2-089	a2_abbreviated_body	forms/fSCKART.cpp:75-79	TfSCKART::SetLotStatus	Automation/SCK_ART.cpp:639-667	15 stmts/29 lines; calls:	ABBREVIATED body (5 of 29 lines): 1/10 (10%) of golden's distinct statements exist live anywhere in the port; 0% only under #if 0/alt arm; 0% in this function	yes (7 certain, 4 possible) e.g. Command.cpp:17643 in TfMain::TCPCommandServerClientRead	no (0/4 checked)	STATE	callees 0/0 ok(def 0, macro 0, sys/undeclared 0); objects 0/1 present; OBJ-ABSENT [cbLotStatus]	29	[review=auto] || scope: customer/feature-specific || match=L2-anyfile flip=same in_cmake=True || port comment calls it a stub/offline
B-268	b_gate_placeholder	aoutarm.h:62-68	H1	n/a (gate does not cite a golden line)	golden text as gated: #include "mykitsuck.h"	gated by IF0; #else arm: OTHER (1 stmts) #include " " #include " " class TMyKitSuck;	no callers found for enclosing (file scope)	no (0/1 statements found live elsewhere)	STATE	callees 0/0 ok(def 0, macro 0, sys/undeclared 0); objects 0/0 present	28	[review=auto] ST02 row 1580 [MEDIUM]: NOT REVIEWED: header, no own compile unit (rescan 0930) || gate_id=H1
A1-137	a1_stub_body	acarry_shims.cpp:43	TfLtcSensor::SetLtcSensor	LtcSensor.cpp:247-260	3 stmts/14 lines; calls: SetLtcSensor_SMC, SetLtcSensor_SYNTEK	EMPTY body{}	yes (26 certain, 0 possible) e.g. AutoClean/AutoClean.cpp:9099 in DoAutoCleanKit	YES live 1/4, e.g. ATC/ATCInterface.cpp:1869 in TATCInterfaceForm::TimerChillerStopTimer	STATE	callees 0/2 ok(def 0, macro 0, sys/undeclared 0); ABSENT [SetLtcSensor_SMC, SetLtcSensor_SYNTEK]; objects 0/0 present	27	[review=auto] || match=L2-anyfile flip=same in_cmake=True || port comment calls it a stub/offline
A1-138	a1_stub_body	csystem_shims.cpp:165	DoInArmTeachAlignmentProcess	AutoAlignment/AutoAlignment.cpp:4473-4511	18 stmts/39 lines; calls: ResetMoveAutoAlignmentInArmMoveSavePositionTask, InitialMoveTrayArmInArmMoveSavePositionTask, WhenMoveAutoAlignmentInArmMoveSavePosition, InitInArmAlignment, DoInArmTeachAlignment	constant: return true;	yes (2 certain, 0 possible) e.g. csystem.cpp:2049 in DoAllProcess	no (0/4 checked)	STATE	callees 0/5 ok(def 0, macro 0, sys/undeclared 0); ABSENT [ResetMoveAutoAlignmentInArmMoveSavePositionTask, InitialMoveTrayArmInArmMoveSavePositionTask, WhenMoveAutoAlignmentInArmMoveSavePosition, InitInArmAlignment, DoInArmTeachAlignment]; objects 1/1 present	27	[review=auto] docs:RULINGS || match=L2-anyfile flip=same in_cmake=True || port comment calls it a stub/offline
A1-139	a1_stub_body	CanBus/cMyDNM100UD.cpp:652-696	TMyDNM100UD_Card::MyDNM100_SendExplicitMSG_W	CanBus/cMyDNM100UD.cpp:482-517	12 stmts/36 lines; calls: DNM100_SendExplicitMSG_W, MySleep, DNM100_IsExplicitMSGRespOK, DNM100_GetExplicitMSGRespValue	constant: (void)DesMACID; (void)ServiceID; (void)ClassID; (void)Instan	yes (3 certain, 0 possible) e.g. CanBus/cMyDNM100UD.cpp:735 in TMyDNM100UD_Card::iTestGetIO_Value	gated-only 3/3, e.g. CanBus/cMyDNM100UD.cpp:39 (alt-arm)	STATE	callees 1/4 ok(def 1, macro 0, sys/undeclared 0); ABSENT [DNM100_SendExplicitMSG_W, DNM100_IsExplicitMSGRespOK, DNM100_GetExplicitMSGRespValue]; objects 0/0 present	25	[review=auto] || match=L1-samefile flip=nontrivialB in_cmake=True
B-269	b_gate_placeholder	RotateKit/aRotateKIT_In.cpp:376-380	9	ainarm2.cpp:1188	golden text as gated: #define W906RKIN_CHECKINARMZ() (CheckInArmZ())	gated by IF0; #else arm: OTHER (0 stmts) #define W906RKIN_CHECKINARMZ() (false)	no callers found for enclosing (file scope)	no (0/1 statements found live elsewhere)	STATE	callees 1/1 ok(def 1, macro 0, sys/undeclared 0); objects 0/0 present	25	[review=auto] ST02 row 1215 [MEDIUM]: KEEP: still missing CheckInArmZ (flip-compile, main 8e5a1b1b + gw) [RESCAN 0930]; DECL-ONLY: every name ST02 calls missing has a live definition (declonly_scan) || gate_id=9
B-270	b_gate_macro	TesterComm/Gpib/GpibTestGpib.cpp:1314-1316	TSerialPoll::TestGPIB	n/a (gate does not cite a golden line)	golden text as gated: S="ECHO :"+S;	gated by MACRO; nothing replaces it (the statements simply do not happen)	yes (2 callers of enclosing TSerialPoll::TestGPIB)	yes: 1/1 statements already live elsewhere, e.g. TesterComm/Gpib/GpibTestGpib.cpp:1289	STATE	callees 0/0 ok(def 0, macro 0, sys/undeclared 0); objects 0/0 present	25	[review=manual] ST02: no backlog row matched (n/a); verdict=UNDECIDED || customer build switch (Kingmax): not checked whether the switch should be on for any customer || MACRO-type gate (macro=KINGMAX)
B-271	b_gate_macro	TesterComm/Gpib/GpibTestGpib.cpp:1324-1326	TSerialPoll::TestGPIB	n/a (gate does not cite a golden line)	golden text as gated: S="ECHO :"+S;	gated by MACRO; nothing replaces it (the statements simply do not happen)	yes (2 callers of enclosing TSerialPoll::TestGPIB)	yes: 1/1 statements already live elsewhere, e.g. TesterComm/Gpib/GpibTestGpib.cpp:1289	STATE	callees 0/0 ok(def 0, macro 0, sys/undeclared 0); objects 0/0 present	25	[review=manual] ST02: no backlog row matched (n/a); verdict=UNDECIDED || customer build switch (Kingmax): not checked whether the switch should be on for any customer || MACRO-type gate (macro=KINGMAX)
B-272	b_gate_macro	ainarm9045.cpp:1818-1820	DoInArmCheckShuttleFloating	n/a (gate does not cite a golden line)	golden text as gated: fMain->cInplace->DoSuckToRecycleFromShuttle(true,ErrorPickup);	gated by MACRO; nothing replaces it (the statements simply do not happen)	yes (52 callers of enclosing DoInArmCheckShuttleFloating)	no (0/1 statements found live elsewhere)	STATE	callees 1/1 ok(def 1, macro 0, sys/undeclared 0); objects 1/1 present	25	[review=manual] ST02: no backlog row matched (n/a); verdict=UNDECIDED || fMain->cInplace members declared pending; not checked against the current TfMain facade || MACRO-type gate (macro=W7A1_NO9_MEMBERS_PENDING)
B-273	b_gate_macro	ainarm9045.cpp:1826-1833	DoInArmCheckShuttleFloating	n/a (gate does not cite a golden line)	golden text as gated: if(fMain->cInplace->DoSuckToRecycleFromShuttle(false,ErrorPickup)) { fMain->cInplace->bRunNo9=false; bInSHLtcFin[iSht]=true; Task=9000; }	gated by MACRO; nothing replaces it (the statements simply do not happen)	yes (52 callers of enclosing DoInArmCheckShuttleFloating)	yes: 1/3 statements already live elsewhere, e.g. ainarm9045.cpp:1892	STATE	callees 1/1 ok(def 1, macro 0, sys/undeclared 0); objects 1/1 present	25	[review=manual] ST02: no backlog row matched (n/a); verdict=UNDECIDED || fMain->cInplace members declared pending; not checked against the current TfMain facade || MACRO-type gate (macro=W7A1_NO9_MEMBERS_PENDING)
B-274	b_gate_macro	ainarm9045.cpp:1838-1840	DoInArmCheckShuttleFloating	n/a (gate does not cite a golden line)	golden text as gated: fMain->cInplace->bRunNo9=false;	gated by MACRO; nothing replaces it (the statements simply do not happen)	yes (52 callers of enclosing DoInArmCheckShuttleFloating)	no (0/1 statements found live elsewhere)	STATE	callees 0/0 ok(def 0, macro 0, sys/undeclared 0); objects 1/1 present	25	[review=manual] ST02: no backlog row matched (n/a); verdict=UNDECIDED || fMain->cInplace members declared pending; not checked against the current TfMain facade || MACRO-type gate (macro=W7A1_NO9_MEMBERS_PENDING)
B-275	b_gate_false	aoutarm.cpp:4154-4158	SwapShuttleDataToOutArm	n/a (gate does not cite a golden line)	golden text as gated: { OutArmSuck.iWhichAuto[iSuckRow][iSuckCol]=eFix3; }	gated by FALSE; nothing replaces it (the statements simply do not happen)	yes (33 callers of enclosing SwapShuttleDataToOutArm)	yes: 1/1 statements already live elsewhere, e.g. aoutarm.cpp:4156	STATE	callees 0/0 ok(def 0, macro 0, sys/undeclared 0); objects 1/1 present	25	[review=manual] ST02: no backlog row matched (n/a); verdict=UNDECIDED || G13: branch depends on the auto-alignment teach routine = AutoAlignment module (95 of 8,996 lines translated)
A1-140	a1_stub_body	csystem.cpp:2494	W7C1_TAseSeam::SendToASEData	ASE_K Socket/aseTest.cpp:144-179	10 stmts/36 lines; calls: SendBuffer, UDPErrorLog	EMPTY body{}	possible (2, obj not resolvable) e.g. csystem.cpp:3506 in DoCleanOutFinishCheck [obj=ASESendMessage]	no (0/4 checked)	STATE	callees 2/2 ok(def 1, macro 0, sys/undeclared 1); objects 0/2 present; OBJ-ABSENT [NMUDP1, ASE_SetConnect]	25	[review=auto] || match=L6-unique-name flip=absentB in_cmake=True || port comment calls it a stub/offline
A1-141	a1_stub_body	Motor/myEthercatmotor.cpp:1509-1526	TMyEtherCatMotor::ethercat_set_output_bit	Motor/myEthercatmotor.cpp:1155-1166	5 stmts/12 lines; calls: Acm_DaqDoSetBit	constant: return -1;	no (0 live call sites found)	gated-only 3/3, e.g. Motor/myEthercatmotor.cpp:640 (alt-arm)	STATE	callees 0/1 ok(def 0, macro 0, sys/undeclared 0); ABSENT [Acm_DaqDoSetBit]; objects 0/0 present	23	[review=auto] || scope: feature:MN200/EtherCAT card || match=L1-samefile flip=nontrivialB in_cmake=True
A1-142	a1_stub_body	Motor/myEthercatmotor.cpp:1528-1543	TMyEtherCatMotor::ethercat_set_output_byte	Motor/myEthercatmotor.cpp:1168-1177	4 stmts/10 lines; calls: Acm_DaqDoSetByte	constant: return -1;	no (0 live call sites found)	gated-only 2/2, e.g. Motor/myEthercatmotor.cpp:642 (alt-arm)	STATE	callees 0/1 ok(def 0, macro 0, sys/undeclared 0); ABSENT [Acm_DaqDoSetByte]; objects 0/0 present	23	[review=auto] || scope: feature:MN200/EtherCAT card || match=L1-samefile flip=nontrivialB in_cmake=True
A1-143	a1_stub_body	Motor/myEthercatmotor.cpp:1545-1560	TMyEtherCatMotor::IOBitOff	Motor/myEthercatmotor.cpp:1179-1188	5 stmts/10 lines; calls: Acm_DaqDoSetBit	constant: return false;	possible (9, obj not resolvable) e.g. JsonBridge/IoBtnPanelClick.cpp:373 in Click_ [obj=MyLaneIO]	gated-only 3/3, e.g. Motor/myEthercatmotor.cpp:652 (alt-arm)	STATE	callees 0/1 ok(def 0, macro 0, sys/undeclared 0); ABSENT [Acm_DaqDoSetBit]; objects 0/0 present	23	[review=auto] || scope: feature:MN200/EtherCAT card || match=L1-samefile flip=nontrivialB in_cmake=True
A1-144	a1_stub_body	Motor/myEthercatmotor.cpp:2100-2111	EtherCatWriteAO	Motor/myEthercatmotor.cpp:1692-1701	3 stmts/10 lines; calls: Acm_DaqAoSetCurrDataEx	EMPTY body{}	no (0 live call sites found)	gated-only 2/2, e.g. Motor/myEthercatmotor.cpp:1116 (alt-arm)	STATE	callees 0/1 ok(def 0, macro 0, sys/undeclared 0); ABSENT [Acm_DaqAoSetCurrDataEx]; objects 0/0 present	23	[review=auto] || scope: feature:MN200/EtherCAT card || match=L1-samefile flip=nontrivialB in_cmake=True
A1-145	a1_stub_body	cMyDB.cpp:1149-1170	MyDBQMotMess	cMyDB.cpp:921-937	12 stmts/17 lines; calls: sqlite3_get_table, sqlite3_free, sqlite3_free_table	constant: (void)MotorID; return AnsiString("");	no (0 live call sites found)	gated-only 4/4, e.g. cMyDB.cpp:307 (alt-arm)	STATE	callees 0/3 ok(def 0, macro 0, sys/undeclared 0); ABSENT [sqlite3_get_table, sqlite3_free, sqlite3_free_table]; objects 0/0 present	23	[review=auto] || match=L1-samefile flip=nontrivialB in_cmake=True || port comment calls it a stub/offline
A1-146	a1_stub_body	cMyDB.cpp:1172-1197	GetMyDBIMessage	cMyDB.cpp:939-959	12 stmts/21 lines; calls: sqlite3_get_table, sqlite3_free, sqlite3_free_table	constant: (void)AlarmCode; return AnsiString("");	no (0 live call sites found)	gated-only 4/4, e.g. cMyDB.cpp:109 (alt-arm)	STATE	callees 0/3 ok(def 0, macro 0, sys/undeclared 0); ABSENT [sqlite3_get_table, sqlite3_free, sqlite3_free_table]; objects 0/0 present	23	[review=auto] || match=L1-samefile flip=nontrivialB in_cmake=True || port comment calls it a stub/offline
A1-147	a1_stub_body	cMyDB.cpp:1199-1219	MyDBQClearDT	cMyDB.cpp:961-977	11 stmts/17 lines; calls: sqlite3_get_table, sqlite3_free, sqlite3_free_table	constant: return AnsiString(" ");	yes (1 certain, 0 possible) e.g. cObserver.cpp:3816 in TfObserver::FormShow	gated-only 4/4, e.g. cMyDB.cpp:110 (alt-arm)	STATE	callees 0/3 ok(def 0, macro 0, sys/undeclared 0); ABSENT [sqlite3_get_table, sqlite3_free, sqlite3_free_table]; objects 0/0 present	23	[review=auto] || match=L1-samefile flip=nontrivialB in_cmake=True || port comment calls it a stub/offline
A1-148	a1_stub_body	cMyDB.cpp:1221-1267	MyDBQTotalLoader	cMyDB.cpp:979-1021	20 stmts/43 lines; calls: sqlite3_get_table, sqlite3_free, sqlite3_free_table	constant: (void)StartDateTime; (void)EndDateTime; return AnsiString(0)	yes (1 certain, 0 possible) e.g. cObserver.cpp:2011 in TfObserver::BtnQueryClick	gated-only 3/4, e.g. cMyDB.cpp:336 (alt-arm)	STATE	callees 0/3 ok(def 0, macro 0, sys/undeclared 0); ABSENT [sqlite3_get_table, sqlite3_free, sqlite3_free_table]; objects 0/0 present	23	[review=auto] || match=L1-samefile flip=nontrivialB in_cmake=True || port comment calls it a stub/offline
A1-149	a1_stub_body	forms/fHS.cpp:50-54	TFormHS::TFormHS	HS_Function.cpp:52-60	5 stmts/9 lines; calls:	EMPTY body{}	no (0 live call sites found)	no (0/3 checked)	STATE	callees 0/0 ok(def 0, macro 0, sys/undeclared 0); objects 0/2 present; OBJ-ABSENT [TimerAutoBackup, TimerRTMMsg]	23	[review=auto] || match=L3-arity-mismatch flip=same in_cmake=True || port comment calls it a stub/offline
A1-150	a1_stub_body	forms/fHome.cpp:21-26	TfHome::TfHome	uhome.cpp:106-113	4 stmts/8 lines; calls:	EMPTY body{}	no (0 live call sites found)	no (0/1 checked)	STATE	callees 0/0 ok(def 0, macro 0, sys/undeclared 0); objects 0/1 present; OBJ-ABSENT [ledHome]	23	[review=auto] || match=L3-arity-mismatch flip=same in_cmake=True
A1-151	a1_stub_body	BarCode/BarCode_Shuttle1_Scan.cpp:212	BarSh1_List2DByLot_Clear	Public/HTEditList.h:323-332	7 stmts/10 lines; calls: Clear	EMPTY body{}	yes (1 certain, 0 possible) e.g. BarCode/BarCode_Shuttle1_Scan.cpp:1731 in DoBarcodeScanInShuttle_1	YES live 2/2, e.g. Public/HTEditList.h:464 in Clear [same-name family]	STATE	callees 1/1 ok(def 1, macro 0, sys/undeclared 0); objects 2/2 present	20	[review=auto] || match=L2-anyfile flip=same in_cmake=True || port comment calls it a stub/offline || same-name real def elsewhere: Public/HTEditList.h:438, Public/HTEditList.h:462
A1-152	a1_stub_body	Command.cpp:13062-13068	FW3WE_LogClientSocketExceptionError	Public/WinSocketErrorCode.cpp:316-327	6 stmts/12 lines; calls: MyDBIProcess	EMPTY body{}	yes (1 same-file call sites; file-local static, other TUs bind to the real function) e.g. Command.cpp:13482 in TfMain::TeraTCPResultServerClientError	YES live 3/4, e.g. Public/WinSocketErrorCode.cpp:439 in LogClientSocketExceptionError [same-name family]	STATE	callees 1/1 ok(def 1, macro 0, sys/undeclared 0); objects 1/1 present	20	[review=auto] || match=L2-anyfile flip=same in_cmake=True || port comment calls it a stub/offline || same-name real def elsewhere: Public/WinSocketErrorCode.cpp:430
A1-153	a1_stub_body	EJ1N/uSocketServerClient.cpp:556-558	EJ1N_LogClientSocketExceptionError	Public/WinSocketErrorCode.cpp:316-327	6 stmts/12 lines; calls: MyDBIProcess	EMPTY body{}	yes (1 same-file call sites; file-local static, other TUs bind to the real function) e.g. EJ1N/uSocketServerClient.cpp:594 in uSocketClient::ClientSocketError	YES live 3/4, e.g. Public/WinSocketErrorCode.cpp:439 in LogClientSocketExceptionError [same-name family]	STATE	callees 1/1 ok(def 1, macro 0, sys/undeclared 0); objects 1/1 present	20	[review=auto] || match=L2-anyfile flip=same in_cmake=True || port comment calls it a stub/offline || same-name real def elsewhere: Public/WinSocketErrorCode.cpp:430
A1-154	a1_stub_body	Interface/TesterTCP_Socket.cpp:117-119	Gated_LogClientSocketExceptionError	Public/WinSocketErrorCode.cpp:316-327	6 stmts/12 lines; calls: MyDBIProcess	EMPTY body{}	yes (2 certain, 0 possible) e.g. Interface/TesterTCP_Socket.cpp:245 in TesterTCPSocket_OnError	YES live 3/4, e.g. Public/WinSocketErrorCode.cpp:439 in LogClientSocketExceptionError [same-name family]	STATE	callees 1/1 ok(def 1, macro 0, sys/undeclared 0); objects 1/1 present	20	[review=auto] || scope: feature:RTC vision || match=L2-anyfile flip=same in_cmake=True || same-name real def elsewhere: Public/WinSocketErrorCode.cpp:430
A1-155	a1_stub_body	acatchtray_shims.cpp:93	TfTrayMapping::DoTrayIDCheck	cTrayMapping.cpp:7241-7266	10 stmts/26 lines; calls: Clear, LoadFromFile, Sort, Find	constant: return true;	yes (2 certain, 0 possible) e.g. asendic_Color.cpp:863 in DoColorTrayToRear	YES live 4/4, e.g. forms/fTrayMapping.cpp:739 in TfTrayMappingForm::DoTrayIDCheck [same-name family]	STATE	callees 4/4 ok(def 4, macro 0, sys/undeclared 0); objects 2/2 present	20	[review=auto] || scope: feature:CCD/tray-map || match=L2-anyfile flip=same in_cmake=True || port comment calls it a stub/offline
A1-156	a1_stub_body	aoutarm9045.cpp:232	SortingBinTray_SetMotorPosData	SortingBinTray/SortingBinTray.cpp:950-985	12 stmts/36 lines; calls: GetPickUp	EMPTY body{}	yes (1 same-file call sites; file-local static, other TUs bind to the real function) e.g. aoutarm9045.cpp:1747 in DoOutArmAfterPlaceToAuto	YES live 4/4, e.g. SortingBinTray/SortingBinTray.cpp:1210 in SortingBinTray_SetMotorPosData [same-name family]	STATE	callees 1/1 ok(def 1, macro 0, sys/undeclared 0); objects 4/4 present	20	[review=auto] docs:other-docs || scope: feature:sort arm || match=L2-anyfile flip=same in_cmake=True || port comment calls it a stub/offline || same-name real def elsewhere: SortingBinTray/SortingBinTray.cpp:1186
A1-157	a1_stub_body	aoutarm9045.cpp:233	SortingBinTray_SetTrayData	SortingBinTray/SortingBinTray.cpp:1072-1102	9 stmts/31 lines; calls: SortingBinTray_FindICType	EMPTY body{}	yes (1 same-file call sites; file-local static, other TUs bind to the real function) e.g. aoutarm9045.cpp:1748 in DoOutArmAfterPlaceToAuto	YES live 4/4, e.g. SortingBinTray/SortingBinTray.cpp:1316 in SortingBinTray_SetTrayData [same-name family]	STATE	callees 1/1 ok(def 1, macro 0, sys/undeclared 0); objects 3/3 present	20	[review=auto] docs:other-docs || scope: feature:sort arm || match=L2-anyfile flip=same in_cmake=True || same-name real def elsewhere: SortingBinTray/SortingBinTray.cpp:1308
A1-158	a1_stub_body	asendic_Auto.cpp:328	W7L1A_EditTray	uTrayEditForm.cpp:33-59	8 stmts/27 lines; calls: NewRecordProcess, ShowModal	EMPTY body{}	yes (1 certain, 0 possible) e.g. asendic_Auto.cpp:2833 in CheckHasErrorBinOnTray [via #define EditTray]	YES live 1/4, e.g. TrayEditForm.cpp:543 in EditTray [same-name family]	STATE	callees 2/2 ok(def 2, macro 0, sys/undeclared 0); objects 1/1 present	20	[review=auto] docs:NB2-seam-list(0925),handoff,B8_RISK || match=L2-anyfile flip=same in_cmake=True || port comment calls it a stub/offline || same-name real def elsewhere: TrayEditForm.cpp:535
A1-159	a1_stub_body	asendic_Loader.cpp:279	W7L1L_EditTray	uTrayEditForm.cpp:33-59	8 stmts/27 lines; calls: NewRecordProcess, ShowModal	EMPTY body{}	yes (1 certain, 0 possible) e.g. asendic_Loader.cpp:1514 in DoSupplyNewICTray [via #define EditTray]	YES live 1/4, e.g. TrayEditForm.cpp:543 in EditTray [same-name family]	STATE	callees 2/2 ok(def 2, macro 0, sys/undeclared 0); objects 1/1 present	20	[review=auto] docs:NB2-seam-list(0925),handoff,B8_RISK || match=L2-anyfile flip=same in_cmake=True || port comment calls it a stub/offline || same-name real def elsewhere: TrayEditForm.cpp:535
A1-160	a1_stub_body	ckernel_shims.cpp:63	W7L2_ReadTechData	cinitial.cpp:13584-13613	13 stmts/30 lines; calls: ReadFile, CheckAndReadIniDataGeneral	constant: return true;	no (0 live call sites found)	YES live 4/4, e.g. cinitial.cpp:16137 in ReadTechData [same-name family]	STATE	callees 2/2 ok(def 2, macro 0, sys/undeclared 0); objects 3/3 present	20	[review=auto] docs:RULINGS,handoff || match=L2-anyfile flip=same in_cmake=True || port comment calls it a stub/offline || same-name real def elsewhere: cinitial.cpp:16079
A1-161	a1_stub_body	ckernel_shims.cpp:65	W7L2_SetTechDataToProd	cinitial.cpp:11636-12019	190 stmts/384 lines; calls: SetTechDataToProd_Tray, Refresh, SetTechDataToProd_TrayArm, SetTechDataToProd_Shuttle, SetTechDataToProd_InArm, SetTechDataToProd_Index ...	EMPTY body{}	no (0 live call sites found)	YES live 3/4, e.g. cinitial.cpp:15652 in SetTechDataToProd [same-name family]	STATE	callees 18/19 ok(def 18, macro 0, sys/undeclared 0); ABSENT [SetAOATrayTeachPoint]; objects 17/17 present	20	[review=auto] docs:INBOX_QUEUE || match=L2-anyfile flip=same in_cmake=True || port comment calls it a stub/offline || same-name real def elsewhere: cinitial.cpp:15470
B-276	b_gate_placeholder	cmydef.cpp:6153-6154	TODO(W6)	n/a (gate does not cite a golden line)	golden text as gated:	gated by IF0; nothing replaces it (the statements simply do not happen)	no callers found for enclosing (file scope)	no (0/0 statements found live elsewhere)	STATE	callees 0/0 ok(def 0, macro 0, sys/undeclared 0); objects 0/0 present	20	[review=auto] ST02 row 610 [LOW]: CLAIMED (rescan 0930, the laptop's file): dependency now exists, single-row flip 0 errors in both configs, body = golden; St02 local 5d766431, two-config ful... || gate_id=TODO(W6)
A1-162	a1_stub_body	csystem.cpp:9878	W7G3_PrePushLoaderCylinder	uhome.cpp:967-999	8 stmts/33 lines; calls: PrePushLifterCylinder	constant: return true;	yes (3 certain, 0 possible) e.g. csystem.cpp:10165 in DoReTesetStart [via #define PrePushLoaderCylinder]	YES live 4/4, e.g. uhome.cpp:400 in PrePushLoaderCylinder [same-name family]	STATE	callees 1/1 ok(def 1, macro 0, sys/undeclared 0); objects 1/1 present	20	[review=auto] docs:NB2-seam-list(0925) || match=L2-anyfile flip=same in_cmake=True || same-name real def elsewhere: uhome.cpp:388
A1-163	a1_stub_body	forms/fSCKART.cpp:65	TfSCKART::CheckLoadingCount	Automation/SCK_ART.cpp:930-993	14 stmts/64 lines; calls:	constant: return 0;	yes (13 certain, 0 possible) e.g. Automation/AMR.cpp:156 in TTeraPowerAMR::CheckLoaderCount	YES live 2/4, e.g. Automation/SCK_ART.cpp:267 in SckArt_CheckLoadingCount [same-name family]	STATE	callees 0/0 ok(def 0, macro 0, sys/undeclared 0); objects 5/5 present	20	[review=auto] || scope: customer/feature-specific || match=L2-anyfile flip=same in_cmake=True || port comment calls it a stub/offline
A1-164	a1_stub_body	forms/fSCKART.cpp:66	TfSCKART::AddOutputJamCnt	Automation/SCK_ART.cpp:1361-1389	5 stmts/29 lines; calls:	EMPTY body{}	yes (38 certain, 0 possible) e.g. RotateKit/aRotateKIT_Out.cpp:1079 in DoOutArmRotateKIT_Cylinder	YES live 4/4, e.g. Automation/SCK_ART_Remainder.cpp:887 in SckArtRem_AddOutputJamCnt [same-name family]	STATE	callees 0/0 ok(def 0, macro 0, sys/undeclared 0); objects 5/5 present	20	[review=auto] || scope: customer/feature-specific || match=L2-anyfile flip=same in_cmake=True || port comment calls it a stub/offline
A1-165	a1_stub_body	forms/fSCKART.cpp:135	TfSCKART::CheckNeedRT	Automation/SCK_ART.cpp:1072-1230	40 stmts/159 lines; calls: IsHanaArtAvailable, NeedToRT, AccessFile, ShowErrorMessage	EMPTY body{}	yes (2 certain, 6 possible) e.g. Automation/uRENESAS_Server.cpp:1034 in TRENESAS_Server::DoProcess	YES live 1/4, e.g. Automation/SCK_ART.cpp:473 in SckArt_CheckNeedRT [same-name family]	STATE	callees 4/4 ok(def 4, macro 0, sys/undeclared 0); objects 6/6 present	20	[review=auto] docs:GL_S0_STUB_LEDGER(Aug26) || scope: customer/feature-specific || match=L2-anyfile flip=same in_cmake=True || port comment calls it a stub/offline
A1-166	a1_stub_body	BarCode/BarCode_Shuttle1_Scan.cpp:199	BarSh1_WriteDataToFile	common.cpp:1607-1625	6 stmts/19 lines; calls: fopen, fputs, fclose	EMPTY body{}	yes (7 certain, 0 possible) e.g. BarCode/BarCode_Shuttle1_Scan.cpp:1512 in DoBarcodeScanInShuttle_1	YES live 4/4, e.g. common.cpp:1892 in WriteDataToFile [same-name family]	STATE	callees 3/3 ok(def 0, macro 0, sys/undeclared 3); objects 0/0 present	17	[review=auto] docs:RULINGS,handoff || match=L3-arity-mismatch flip=same in_cmake=True || port comment calls it a stub/offline || same-name real def elsewhere: EventLogAnalysis/ElaFileUtil.cpp:119, TesterComm/Rs232/Rs232Globals.cpp:949
A1-167	a1_stub_body	BarCode/BarCode_Shuttle2_CCDScan.cpp:173-175	Gated_WriteDataToFile	common.cpp:1607-1625	6 stmts/19 lines; calls: fopen, fputs, fclose	EMPTY body{}	yes (18 certain, 0 possible) e.g. BarCode/BarCode_Shuttle2_CCDScan.cpp:2248 in BarCode_DoBarcodeCCDInShuttle_2	YES live 4/4, e.g. common.cpp:1892 in WriteDataToFile [same-name family]	STATE	callees 3/3 ok(def 0, macro 0, sys/undeclared 3); objects 0/0 present	17	[review=auto] docs:RULINGS,handoff || scope: feature:CCD/tray-map || match=L3-arity-mismatch flip=same in_cmake=True || port comment calls it a stub/offline || same-name real def elsewhere: EventLogAnalysis/ElaFileUtil.cpp:119, TesterComm/Rs232/Rs232Globals.cpp:949
A1-168	a1_stub_body	BarCode/BarCode_Shuttle2_ScanRemainder1.cpp:130-132	Gated_WriteDataToFile	common.cpp:1607-1625	6 stmts/19 lines; calls: fopen, fputs, fclose	EMPTY body{}	yes (18 certain, 0 possible) e.g. BarCode/BarCode_Shuttle2_CCDScan.cpp:2248 in BarCode_DoBarcodeCCDInShuttle_2	YES live 4/4, e.g. common.cpp:1892 in WriteDataToFile [same-name family]	STATE	callees 3/3 ok(def 0, macro 0, sys/undeclared 3); objects 0/0 present	17	[review=auto] docs:RULINGS,handoff || match=L3-arity-mismatch flip=same in_cmake=True || port comment calls it a stub/offline || same-name real def elsewhere: EventLogAnalysis/ElaFileUtil.cpp:119, TesterComm/Rs232/Rs232Globals.cpp:949
A1-169	a1_stub_body	OCRInsp.cpp:344	W906OCR_TfOCRSeam::InitInsp	OCR.cpp:1063-1077	8 stmts/15 lines; calls:	EMPTY body{}	possible (1, obj not resolvable) e.g. OCRInsp.cpp:929 in DoOCRFlow [obj=fOCR]	YES live 4/4, e.g. forms/fOCR.cpp:72 in TfOCR::InitInsp [same-name family]	STATE	callees 0/0 ok(def 0, macro 0, sys/undeclared 0); objects 0/0 present	17	[review=auto] || scope: feature:OCR camera || match=L5-standin-class flip=same in_cmake=True || port comment calls it a stub/offline || same-name real def elsewhere: forms/fOCR.cpp:64
A1-170	a1_stub_body	OCRInsp.cpp:377	W906OCR_TfLotInfoSeam::bCheckOnlyOneFile	uLotInfo.cpp:14193-14213	13 stmts/21 lines; calls: TFileListBox, Refresh, Update	constant: return false;	possible (1, obj not resolvable) e.g. OCRInsp.cpp:1013 in CheckDataExistAndDuplicate [obj=fLotInfo]	YES live 2/4, e.g. forms/fLotInfo.cpp:1830 in TfLotInfo::bCheckOnlyOneFile [same-name family]	STATE	callees 3/3 ok(def 3, macro 0, sys/undeclared 0); objects 1/1 present	17	[review=auto] || scope: feature:OCR camera || match=L5-standin-class flip=same in_cmake=True || port comment calls it a stub/offline || same-name real def elsewhere: forms/fLotInfo.cpp:1817
A1-171	a1_stub_body	TempCtrl/TriTemp.cpp:330	W7TT_TMyStringList::AddTextWithDateTime	Public/MyStringList.cpp:162-180	8 stmts/19 lines; calls: GetTimeInfo, MySaveToFile, Clear, Add	EMPTY body{}	possible (60, obj not resolvable) e.g. BinDisplay/MyBinDisp.cpp:408 in TMyBinDispCtrl::CommBinReceiveData2 [obj=slBinDispLog]	YES live 3/3, e.g. Public/MyStringList.cpp:422 in TMyStringList::AddTextWithDateTime [same-name family]	STATE	callees 4/4 ok(def 4, macro 0, sys/undeclared 0); objects 2/2 present	17	[review=auto] || match=L5-standin-class flip=same in_cmake=True || port comment calls it a stub/offline || same-name real def elsewhere: Public/MyStringList.cpp:419
A1-172	a1_stub_body	TempCtrl/TriTemp.cpp:406	W7TT_TfTemp_Set::ATC_Online_Or_offline	uTemp_Set.cpp:6840-6848	3 stmts/9 lines; calls: OnClick	EMPTY body{}	possible (5, obj not resolvable) e.g. TempCtrl/TriTemp.cpp:2962 in CheckDoorOpenForTriTemp [obj=W7TT_FTemp_Set]	YES live 3/4, e.g. TempCtrl/TriTemp.cpp:3054 in DoTriTempState_AlwaysCheck [same-name family]	STATE	callees 1/1 ok(def 0, macro 0, sys/undeclared 1); objects 2/2 present	17	[review=auto] || match=L5-standin-class flip=same in_cmake=True || port comment calls it a stub/offline || same-name real def elsewhere: uTemp_Set.cpp:7272
A1-173	a1_stub_body	acatchtray_shims.cpp:194	ClearAutoChangingWarn	BinDisplay/MyBinDisp.cpp:3129-3149	8 stmts/21 lines; calls:	EMPTY body{}	no (0 live call sites found)	YES live 4/4, e.g. BinDisplay/MyBinDisp.cpp:521 in TMyBinDispCtrl::ProcessFlash [same-name family]	STATE	callees 0/0 ok(def 0, macro 0, sys/undeclared 0); objects 1/1 present	17	[review=auto] || match=L6-unique-name flip=same in_cmake=True || port comment calls it a stub/offline || same-name real def elsewhere: BinDisplay/MyBinDisp.cpp:546
A1-174	a1_stub_body	aoutarm.cpp:574	PTW4_ClearFixTray	csystem.cpp:15853-15913	25 stmts/61 lines; calls: CheckHasErrorBinOnTray, bCheckUnloaderHasAiNG, CalTrayICCount, HasRealIC, SaveProductionRecord, ClearData ...	EMPTY body{}	yes (3 certain, 0 possible) e.g. aoutarm.cpp:1424 in SetFixTrayFullIC [via #define ClearFixTray]	YES live 4/4, e.g. asendic_Auto.cpp:1455 in DoAutoReceiveBinTray [same-name family]	STATE	callees 10/10 ok(def 10, macro 0, sys/undeclared 0); objects 6/6 present	16	[review=auto] docs:other-docs || match=L2-anyfile flip=same in_cmake=True || port comment calls it a stub/offline || same-name real def elsewhere: csystem.cpp:13570
A1-175	a1_stub_body	aoutarm.cpp:576	PTW4_CheckMagazineBufferNeedClear	csystem.cpp:24055-24081	7 stmts/27 lines; calls: ChangeToFloatNonPcnt	EMPTY body{}	yes (2 certain, 0 possible) e.g. aoutarm.cpp:804 in CheckOutArmCleanOut [via #define CheckMagazineBufferNeedClear]	YES live 4/4, e.g. csystem.cpp:29351 in MagazineBufferIsEmpty [same-name family]	STATE	callees 1/1 ok(def 1, macro 0, sys/undeclared 0); objects 0/0 present	16	[review=auto] || scope: feature:magazine/AMR || match=L2-anyfile flip=same in_cmake=True || port comment calls it a stub/offline || same-name real def elsewhere: csystem.cpp:29418
A1-176	a1_stub_body	aoutarm.cpp:578	PTW4_CheckPickerLifeNeedOneCycle	csystem.cpp:12774-12808	12 stmts/35 lines; calls: MyDBIProcess, BtnOneCycleClick	EMPTY body{}	yes (1 certain, 0 possible) e.g. aoutarm.cpp:4110 in SwapShuttleDataToOutArm [via #define CheckPickerLifeNeedOneCycle]	YES live 4/4, e.g. csystem.cpp:13527 in CheckPickerLifeNeedOneCycle [same-name family]	STATE	callees 2/2 ok(def 2, macro 0, sys/undeclared 0); objects 4/4 present	16	[review=auto] || match=L2-anyfile flip=same in_cmake=True || port comment calls it a stub/offline || same-name real def elsewhere: csystem.cpp:13516
A1-177	a1_stub_body	csystem.cpp:4185	W7C2_ReadWriteBinCountMode	csystem.cpp:23641-23767	42 stmts/127 lines; calls: CheckAndReadIniData, WriteIniData, StrToIntDef, MyDBIProcess	EMPTY body{}	yes (3 certain, 0 possible) e.g. csystem.cpp:5176 in DoOneCycleFinishCheck [via #define ReadWriteBinCountMode]	YES live 4/4, e.g. csystem.cpp:29026 in ReadWriteBinCountMode [same-name family]	STATE	callees 4/4 ok(def 4, macro 0, sys/undeclared 0); objects 2/2 present	15	[review=auto] docs:INBOX_QUEUE || match=L1-samefile flip=absentB in_cmake=True || port comment calls it a stub/offline || same-name real def elsewhere: csystem.cpp:28971
A1-178	a1_stub_body	csystem.cpp:4189	W7C2_EmptySocketCheckModeBeUse	csystem.cpp:23313-23325	3 stmts/13 lines; calls:	constant: return false;	yes (1 certain, 0 possible) e.g. csystem.cpp:5335 in DoOneCycleFinishCheck [via #define EmptySocketCheckModeBeUse]	YES live 2/2, e.g. csystem.cpp:28563 in EmptySocketCheckModeBeUse [same-name family]	STATE	callees 0/0 ok(def 0, macro 0, sys/undeclared 0); objects 2/2 present	15	[review=auto] docs:other-docs || match=L1-samefile flip=absentB in_cmake=True || port comment calls it a stub/offline || same-name real def elsewhere: csystem.cpp:28561
A1-179	a1_stub_body	forms/fMain.cpp:48	TfMainRENESASServer::DoNeedSupplyOrNot	Automation/uRENESAS_Server.cpp:2858-2890	12 stmts/33 lines; calls: ShowLotEndMessage	constant: return false;	possible (2, obj not resolvable) e.g. asendic_Loader.cpp:2993 in DoLoad [obj=RENESAS_Server]	YES live 3/4, e.g. Automation/uRENESAS_Server.cpp:3000 in TRENESAS_Server::DoNeedSupplyOrNot [same-name family]	STATE	callees 0/1 ok(def 0, macro 0, sys/undeclared 0); ABSENT [ShowLotEndMessage]; objects 3/3 present	15	[review=auto] || scope: customer/feature-specific || match=L6-unique-name flip=same in_cmake=True || port comment calls it a stub/offline || same-name real def elsewhere: Automation/uRENESAS_Server.cpp:2985
A1-180	a1_stub_body	forms/fMain.h:322	TfMain::ChangeStateUploadServer	main.cpp:33936-33963	10 stmts/28 lines; calls: GetTimeInfo, MyForceDirectories, FormatString, GetSiteState, WriteIniData, UploadFileFTP	EMPTY body{}	yes (1 certain, 0 possible) e.g. RunStartMode.cpp:927 in SetRunStartMode	no (0/4 checked)	STATE	callees 5/6 ok(def 5, macro 0, sys/undeclared 0); ABSENT [UploadFileFTP]; objects 4/5 present; OBJ-ABSENT [fFTPClient]	15	[review=auto] docs:AUDIT || match=L2-anyfile flip=absentB in_cmake=False || port comment calls it a stub/offline
A1-181	a1_stub_body	forms/fTrayForm.cpp:11	TfTrayForm::TfTrayForm	cTrayForm.cpp:28-139	73 stmts/112 lines; calls: Add, SetBarcodeType, InitialColorSensorGUI, GetColorSensor, LoadColorSensorMapping	EMPTY body{}	no (0 live call sites found)	YES live 2/4, e.g. cTrayForm.cpp:151 in TfTrayForm::Init [same-name family]	STATE	callees 2/5 ok(def 2, macro 0, sys/undeclared 0); ABSENT [InitialColorSensorGUI, GetColorSensor, LoadColorSensorMapping]; objects 16/17 present; OBJ-ABSENT [tsColorSensor]	15	[review=auto] || match=L3-arity-mismatch flip=same in_cmake=True || port comment calls it a stub/offline
A1-182	a1_stub_body	Automation/auto9045.cpp:226	W5FA_TfMainExt::DoFTRTClick	main.cpp:34600-34622	8 stmts/23 lines; calls: FTClick, RecordProcess, RTClick	EMPTY body{}	possible (2, obj not resolvable) e.g. Automation/auto9045.cpp:1419 in SetLotInfo [obj=W5FA_FMain]	YES live 2/4, e.g. FileRW/MainClick.cpp:2512 in W906_Main_DoFTRTClick [same-name family]	STATE	callees 3/3 ok(def 3, macro 0, sys/undeclared 0); objects 0/0 present	14	[review=auto] || scope: feature:RTC vision || match=L5-standin-class flip=same in_cmake=True || port comment calls it a stub/offline
A1-183	a1_stub_body	BinDisplay/MyBinDisp.h:412	TMyBinDispOffline::InitialTask	BinDisplay/MyBinDisp.cpp:855-864	7 stmts/10 lines; calls:	EMPTY body{}	no (0 live call sites found)	YES live 4/4, e.g. BinDisplay/MyBinDisp.cpp:476 in TMyBinDispCtrl::WriteTargetBin	STATE	callees 0/0 ok(def 0, macro 0, sys/undeclared 0); objects 0/0 present	14	[review=auto] || match=L6-unique-name flip=absentB in_cmake=False || port comment calls it a stub/offline || same-name real def elsewhere: BinDisplay/MyBinDisp.cpp:932
A1-184	a1_stub_body	ainarm9045_2x4_16_shims.cpp:69	AddArmSiteRecord	Public/MyProductionRecord.cpp:311-317	4 stmts/7 lines; calls: GetDateInfoByString, GetOnlyTimeInfoByString	EMPTY body{}	yes (2 certain, 0 possible) e.g. ainarm9045_2x4_16.cpp:2511 in DoPlaceToShuttle_9045_2x4_16	YES live 4/4, e.g. Public/MyProductionRecord.cpp:357 in TMyProductionRecord::AddLoadRecord [same-name family]	STATE	callees 2/2 ok(def 2, macro 0, sys/undeclared 0); objects 1/1 present	11	[review=auto] || match=L6-unique-name flip=absentB in_cmake=True || port comment calls it a stub/offline || same-name real def elsewhere: Public/MyProductionRecord.cpp:403
A1-185	a1_stub_body	csystem.cpp:3972	W7C2_TfRenesasSeam::Check71CommandDuring50	Automation/uRENESAS_Server.cpp:3001-3053	17 stmts/53 lines; calls: MySleep, DoSendTestEnd, ShowContinueMessageByReply71, DoGet20or40After71	constant: return false;	possible (1, obj not resolvable) e.g. csystem.cpp:5662 in DoART_AfterCleanOut [obj=W7C2_RENESAS]	YES live 4/4, e.g. Automation/uRENESAS_Server.cpp:3144 in TRENESAS_Server::Check71CommandDuring50 [same-name family]	STATE	callees 4/4 ok(def 4, macro 0, sys/undeclared 0); objects 2/2 present	11	[review=auto] || scope: customer/feature-specific || match=L6-unique-name flip=absentB in_cmake=True || same-name real def elsewhere: Automation/uRENESAS_Server.cpp:3141
A1-186	a1_stub_body	OCRInsp.cpp:351	W906OCR_TfOCRSeam::CheckOCRWordType	OCR.cpp:2499-2526	6 stmts/28 lines; calls: isalpha, isdigit	constant: return true;	possible (1, obj not resolvable) e.g. OCRInsp.cpp:1518 in DoOCRFlow1 [obj=fOCR]	YES live 3/4, e.g. forms/fOCR.cpp:101 in TfOCR::CheckOCRWordType [same-name family]	STATE	callees 0/2 ok(def 0, macro 0, sys/undeclared 0); DECL-ONLY(no body) [isalpha, isdigit]; objects 1/1 present	10	[review=auto] || scope: feature:OCR camera || match=L5-standin-class flip=same in_cmake=True || port comment calls it a stub/offline || same-name real def elsewhere: forms/fOCR.cpp:87
A1-187	a1_stub_body	forms/fSCKART.h:86	TfSCKART::DoAutoSocketOff	Automation/SCK_ART.cpp:1232-1359	26 stmts/128 lines; calls: GetPCA, ShowErrorMessage, ShowTestHeadComp	EMPTY body{}	yes (2 certain, 2 possible) e.g. RunStartMode.cpp:839 in SetRunStartMode	YES live 3/4, e.g. uYieldMonitoring.cpp:2255 in TfYieldMonitoring::DoRTAutoSocketOff [same-name family]	STATE	callees 3/3 ok(def 3, macro 0, sys/undeclared 0); objects 6/6 present	5	[review=auto] || scope: customer/feature-specific || match=L2-anyfile flip=absentB in_cmake=False || port comment calls it a stub/offline
A1-188	a1_stub_body	forms/FormWidgets.h:223	TfMainSiteMapLog::AddTextWithDateTime	Public/MyStringList.cpp:162-180	8 stmts/19 lines; calls: GetTimeInfo, MySaveToFile, Clear, Add	EMPTY body{}	possible (60, obj not resolvable) e.g. BinDisplay/MyBinDisp.cpp:408 in TMyBinDispCtrl::CommBinReceiveData2 [obj=slBinDispLog]	YES live 3/3, e.g. Public/MyStringList.cpp:422 in TMyStringList::AddTextWithDateTime [same-name family]	STATE	callees 4/4 ok(def 4, macro 0, sys/undeclared 0); objects 2/2 present	4	[review=auto] || match=L6-unique-name flip=absentB in_cmake=False || port comment calls it a stub/offline || same-name real def elsewhere: Public/MyStringList.cpp:419
A1-189	a1_stub_body	forms/fMain.h:93-94	TfMainHanaART::SetHandlerWaitingData	Automation/HANA_ART.cpp:92-104	4 stmts/13 lines; calls:	EMPTY body{}	possible (1, obj not resolvable) e.g. RunStartMode.cpp:844 in SetRunStartMode [obj=hanaART]	YES live 4/4, e.g. Automation/HANA_ART.cpp:206 in uHANA_ART::SetHandlerWaitingData [same-name family]	STATE	callees 0/0 ok(def 0, macro 0, sys/undeclared 0); objects 1/1 present	4	[review=auto] || scope: customer/feature-specific || match=L6-unique-name flip=absentB in_cmake=False || port comment calls it a stub/offline || same-name real def elsewhere: Automation/HANA_ART.cpp:201
A1-190	a1_stub_body	SECSGEM/uHGemClass.cpp:3337-3341	HTGem::S7F20_CurrentEPPDData	SECSGEM/uHGemClass.cpp:2168-2189	11 stmts/22 lines; calls: InitLocalHead, DataItemOut, SendLocalData, SetReceipeDirectoryAndGlobalName	EMPTY body{}	possible (1, obj not resolvable) e.g. SECSGEM/uHGemEquipment.cpp:5507 in THGem::ProcessReceiceData [obj=MyGem]	YES live 1/4, e.g. SECSGEM/uHGemClass.cpp:3691 in HTGem::S101F2_CurrentEPPDData	COMM	callees 4/4 ok(def 4, macro 0, sys/undeclared 0); objects 2/2 present	85	[review=auto] || in-function gates: 3339-3340 [KEEP: compiles, but display only (screen widget the web page replac...] || scope: feature:SECS/GEM || match=L1-samefile flip=same in_cmake=True || port comment calls it a stub/offline
A2-090	a2_abbreviated_body	SECSGEM/uHGemClass.cpp:3655-3669	HTGem::S100F4_ReportAllAlarm	SECSGEM/uHGemClass.cpp:2437-2451	9 stmts/15 lines; calls: InitLocalHead, DataItemOut, SendLocalData	ABBREVIATED body (15 of 15 lines): 1/9 (11%) of golden's distinct statements exist live anywhere in the port; 11% only under #if 0/alt arm; 11% in this function	possible (1, obj not resolvable) e.g. SECSGEM/uHGemEquipment.cpp:5524 in THGem::ProcessReceiceData [obj=MyGem]	YES live 1/4, e.g. SECSGEM/uHGemClass.cpp:2986 in HTGem::S5F8_ListEnableAlarmAcknowledge	COMM	callees 3/3 ok(def 3, macro 0, sys/undeclared 0); objects 2/2 present	85	[review=auto] || scope: feature:SECS/GEM || match=L1-samefile flip=same in_cmake=True
A2-091	a2_abbreviated_body	SECSGEM/uHGemHT9045.cpp:356-372	HT9045Gem::HT9045Gem	SECSGEM/uHGemHT9045.cpp:66-369	291 stmts/304 lines; calls:	ABBREVIATED body (17 of 304 lines): 2/291 (1%) of golden's distinct statements exist live anywhere in the port; 99% only under #if 0/alt arm; 1% in this function	no (0 live call sites found)	gated-only 4/4, e.g. SECSGEM/uHGemHT9045.cpp:495 (alt-arm)	COMM	callees 0/0 ok(def 0, macro 0, sys/undeclared 0); objects 1/1 present	85	[review=auto] docs:other-docs || scope: feature:SECS/GEM || match=L1-samefile flip=same in_cmake=True
A1-191	a1_stub_body	csystem.cpp:19211-19258	CheckATC6System	csystem.cpp:1109-1130	5 stmts/22 lines; calls: GetErrorMessage, ShowMyMessage, IsConnected, IsConnecting, CloseSocket, OpenSocket	EMPTY body{}	no (0 live call sites found)	YES live 1/4, e.g. FileRW/Temperature.gen.inc:3817 in TS_ReadTempFile	COMM	callees 6/6 ok(def 6, macro 0, sys/undeclared 0); objects 1/1 present	85	[review=auto] docs:handoff || in-function gates: 19235-19257 G-ATC-A [KEEP (ATC) [S09_FREED_STATUS 0930]] || match=L1-samefile flip=same in_cmake=True || port comment calls it a stub/offline
A2-092	a2_abbreviated_body	uTemp_Set.cpp:7193-7232	TfTemp_Set::CheckVerSupportFunction	uTemp_Set.cpp:6778-6814	22 stmts/37 lines; calls:	ABBREVIATED body (40 of 37 lines): 2/23 (9%) of golden's distinct statements exist live anywhere in the port; 87% only under #if 0/alt arm; 4% in this function	no (0 live call sites found)	gated-only 4/4, e.g. uTemp_Set.cpp:1341 (alt-arm)	COMM	callees 0/0 ok(def 0, macro 0, sys/undeclared 0); objects 1/1 present	85	[review=auto] || in-function gates: 7198-7230 dep-ATC-asATC_SW_Ver [KEEP: still missing TATC_InterfaceFormShim::asATC_SW_Ver (flip-comp...] || match=L1-samefile flip=same in_cmake=True || port comment calls it a stub/offline
A2-093	a2_abbreviated_body	ATC/ATCInterface.cpp:1603-1719	TMyHonPrecATCPanel::TMyHonPrecATCPanel	ATC/ATCInterface.cpp:961-1274	289 stmts/314 lines; calls: TGroupBox, TEdit, TButton, TClientSocket, TMyLed, TLabel ...	ABBREVIATED body (117 of 314 lines): 54/289 (19%) of golden's distinct statements exist live anywhere in the port; 81% only under #if 0/alt arm; 19% in this function	no (0 live call sites found)	gated-only 4/4, e.g. ATC/ATCInterface.cpp:162 (alt-arm)	COMM	callees 10/10 ok(def 6, macro 0, sys/undeclared 4); objects 22/22 present	81	[review=auto] || match=L1-samefile flip=same in_cmake=True || port comment calls it a stub/offline
A2-094	a2_abbreviated_body	SECSGEM/uHGemEquipment.cpp:2220-2263	THGem::FormCreate	SECSGEM/uHGemEquipment.cpp:6165-6207	28 stmts/43 lines; calls: GetCPUFreq, GetManID, GetCPUType, SetSVDataPointer, SetECDataPointer	ABBREVIATED body (44 of 43 lines): 6/28 (21%) of golden's distinct statements exist live anywhere in the port; 0% only under #if 0/alt arm; 21% in this function	possible (2, obj not resolvable) e.g. TesterComm/Gpib/GpibEngine.cpp:154 in GpibEngine::Start [obj=SerialPoll]	no (0/4 checked)	COMM	callees 5/5 ok(def 5, macro 0, sys/undeclared 0); objects 1/1 present	80	[review=auto] || scope: feature:SECS/GEM || match=L1-samefile flip=same in_cmake=True
A2-095	a2_abbreviated_body	SECSGEM/uHGemHT9045.cpp:2246-2301	HT9045Gem::S7F6_ProcessProgramData	SECSGEM/uHGemHT9045.cpp:5326-5603	146 stmts/278 lines; calls: TStringList, Clear, GetDataItemLenAndType, DataItemIn, S9F7_IllegalData, StringOut ...	ABBREVIATED body (56 of 278 lines): 27/125 (22%) of golden's distinct statements exist live anywhere in the port; 78% only under #if 0/alt arm; 10% in this function	possible (1, obj not resolvable) e.g. SECSGEM/uHGemEquipment.cpp:5501 in THGem::ProcessReceiceData [obj=MyGem]	gated-only 4/4, e.g. SECSGEM/uHGemHT9045.cpp:3101 (alt-arm)	COMM	callees 26/26 ok(def 19, macro 0, sys/undeclared 7); objects 8/9 present; OBJ-ABSENT [TempString]	78	[review=auto] || scope: feature:SECS/GEM || match=L1-samefile flip=same in_cmake=True
A2-096	a2_abbreviated_body	SECSGEM/uHGemClass.cpp:3682-3703	HTGem::S101F2_CurrentEPPDData	SECSGEM/uHGemClass.cpp:2456-2477	12 stmts/22 lines; calls: InitLocalHead, DataItemOut, SendLocalData	ABBREVIATED body (22 of 22 lines): 3/10 (30%) of golden's distinct statements exist live anywhere in the port; 30% only under #if 0/alt arm; 30% in this function	possible (1, obj not resolvable) e.g. SECSGEM/uHGemEquipment.cpp:5526 in THGem::ProcessReceiceData [obj=MyGem]	gated-only 1/4, e.g. SECSGEM/uHGemHT9045.cpp:3187 (alt-arm)	COMM	callees 3/3 ok(def 3, macro 0, sys/undeclared 0); objects 2/2 present	76	[review=auto] || scope: feature:SECS/GEM || match=L1-samefile flip=same in_cmake=True
A2-097	a2_abbreviated_body	SECSGEM/uHGemClass.cpp:3721-3742	HTGem::S101F4_CurrentEPPDData	SECSGEM/uHGemClass.cpp:2482-2503	12 stmts/22 lines; calls: InitLocalHead, DataItemOut, SendLocalData	ABBREVIATED body (22 of 22 lines): 3/10 (30%) of golden's distinct statements exist live anywhere in the port; 30% only under #if 0/alt arm; 30% in this function	possible (1, obj not resolvable) e.g. SECSGEM/uHGemEquipment.cpp:5528 in THGem::ProcessReceiceData [obj=MyGem]	gated-only 1/4, e.g. SECSGEM/uHGemHT9045.cpp:3187 (alt-arm)	COMM	callees 3/3 ok(def 3, macro 0, sys/undeclared 0); objects 2/2 present	76	[review=auto] || scope: feature:SECS/GEM || match=L1-samefile flip=same in_cmake=True
A2-098	a2_abbreviated_body	SECSGEM/uHGemHT9045.cpp:1897-1956	HT9045Gem::S7F4_ProcessProgramAcknowledge	SECSGEM/uHGemHT9045.cpp:4478-5321	409 stmts/844 lines; calls: FileInfo, PathCombin, DataItemIn, GetDataItemLenAndType, RecordProcess, StringOut ...	ABBREVIATED body (60 of 844 lines): 99/346 (29%) of golden's distinct statements exist live anywhere in the port; 71% only under #if 0/alt arm; 3% in this function	possible (1, obj not resolvable) e.g. SECSGEM/uHGemEquipment.cpp:5499 in THGem::ProcessReceiceData [obj=MyGem]	YES live 1/4, e.g. Automation/auto9045.cpp:2428 in DoDLRequest	COMM	callees 31/33 ok(def 28, macro 0, sys/undeclared 3); DECL-ONLY(no body) [fwrite]; ABSENT [ClearAllSetupFile]; objects 19/24 present; OBJ-ABSENT [PPIDFolder, OrgFile, NewFile, TempPPBody, TempString3]	71	[review=auto] || scope: feature:SECS/GEM || match=L1-samefile flip=same in_cmake=True
A2-099	a2_abbreviated_body	forms/fLotInfo.cpp:2796-2885	TfLotInfo::RefreshRefrigerantAllStatus	uLotInfo.cpp:14994-15078	36 stmts/85 lines; calls:	ABBREVIATED body (90 of 85 lines): 5/40 (12%) of golden's distinct statements exist live anywhere in the port; 88% only under #if 0/alt arm; 2% in this function	no (0 live call sites found)	gated-only 4/4, e.g. forms/fLotInfo.cpp:339 (alt-arm)	COMM	callees 0/0 ok(def 0, macro 0, sys/undeclared 0); objects 12/12 present	71	[review=auto] || in-function gates: 2804-2884 WB-17 [KEEP: still missing TATC_InterfaceFormShim::bReadRefrigerantMode_Al...] || match=L2-anyfile flip=same in_cmake=True || port comment calls it a stub/offline
A2-100	a2_abbreviated_body	SECSGEM/uHGemClass.cpp:3049-3084	HTGem::S6F18_AnnotatedEventReportData	SECSGEM/uHGemClass.cpp:1962-1997	17 stmts/36 lines; calls: GetDataItemLenAndType, DataItemIn, CheckCEIDExist, InitLocalHead, DataItemOut, SendAnnotatedCeid ...	ABBREVIATED body (36 of 36 lines): 8/18 (44%) of golden's distinct statements exist live anywhere in the port; 11% only under #if 0/alt arm; 44% in this function	possible (1, obj not resolvable) e.g. SECSGEM/uHGemEquipment.cpp:5491 in THGem::ProcessReceiceData [obj=MyGem]	YES live 1/4, e.g. SECSGEM/uHGemClass.cpp:3016 in HTGem::S6F16_EventReportData	COMM	callees 8/8 ok(def 8, macro 0, sys/undeclared 0); objects 2/2 present	67	[review=auto] || scope: feature:SECS/GEM || match=L1-samefile flip=same in_cmake=True
A2-101	a2_abbreviated_body	SECSGEM/uHGemClass.cpp:1112-1166	HTGem::S1F12_StatusVariableNamelistReply	SECSGEM/uHGemClass.cpp:266-320	16 stmts/55 lines; calls: GetDataItemLenAndTypeAndDelete, InitLocalHead, DataItemOut, DataItemOutSVNameList, GetDataItemLenAndType, DataItemIn ...	ABBREVIATED body (55 of 55 lines): 8/17 (47%) of golden's distinct statements exist live anywhere in the port; 6% only under #if 0/alt arm; 47% in this function	possible (1, obj not resolvable) e.g. SECSGEM/uHGemEquipment.cpp:5455 in THGem::ProcessReceiceData [obj=MyGem]	no (0/4 checked)	COMM	callees 8/8 ok(def 8, macro 0, sys/undeclared 0); objects 2/2 present	66	[review=auto] || scope: feature:SECS/GEM || match=L1-samefile flip=same in_cmake=True
A2-102	a2_abbreviated_body	SECSGEM/uHGemClass.cpp:1980-2033	HTGem::S2F30_EquipmentConstantNamelistReply	SECSGEM/uHGemClass.cpp:1037-1090	16 stmts/54 lines; calls: GetDataItemLenAndTypeAndDelete, InitLocalHead, DataItemOut, DataItemOutECNameList, GetDataItemLenAndType, DataItemIn ...	ABBREVIATED body (54 of 54 lines): 8/17 (47%) of golden's distinct statements exist live anywhere in the port; 6% only under #if 0/alt arm; 47% in this function	possible (1, obj not resolvable) e.g. SECSGEM/uHGemEquipment.cpp:5471 in THGem::ProcessReceiceData [obj=MyGem]	no (0/4 checked)	COMM	callees 8/8 ok(def 8, macro 0, sys/undeclared 0); objects 2/2 present	66	[review=auto] || scope: feature:SECS/GEM || match=L1-samefile flip=same in_cmake=True
A2-103	a2_abbreviated_body	SECSGEM/uHGemClass.cpp:3005-3040	HTGem::S6F16_EventReportData	SECSGEM/uHGemClass.cpp:1925-1960	17 stmts/36 lines; calls: GetDataItemLenAndType, DataItemIn, CheckCEIDExist, InitLocalHead, DataItemOut, SendCeid ...	ABBREVIATED body (36 of 36 lines): 8/17 (47%) of golden's distinct statements exist live anywhere in the port; 12% only under #if 0/alt arm; 47% in this function	possible (1, obj not resolvable) e.g. SECSGEM/uHGemEquipment.cpp:5489 in THGem::ProcessReceiceData [obj=MyGem]	gated-only 1/4, e.g. SECSGEM/uHGemClass.cpp:36 (alt-arm)	COMM	callees 8/8 ok(def 8, macro 0, sys/undeclared 0); objects 2/2 present	66	[review=auto] || scope: feature:SECS/GEM || match=L1-samefile flip=same in_cmake=True
A2-104	a2_abbreviated_body	SECSGEM/uHGemClass.cpp:3992-4026	HTGem::S125F2_EnableDisableECDataAcknowledge	SECSGEM/uHGemClass.cpp:2643-2677	11 stmts/35 lines; calls: DataItemIn, GetDataItemLenAndTypeAndDelete, EnableDisableECDataAll, LocalAcknowledge, GetDataItemLenAndType, EnableDisableECData ...	ABBREVIATED body (35 of 35 lines): 7/15 (47%) of golden's distinct statements exist live anywhere in the port; 13% only under #if 0/alt arm; 47% in this function	possible (1, obj not resolvable) e.g. SECSGEM/uHGemEquipment.cpp:5552 in THGem::ProcessReceiceData [obj=MyGem]	no (0/4 checked)	COMM	callees 7/7 ok(def 7, macro 0, sys/undeclared 0); objects 3/3 present	66	[review=auto] || scope: feature:SECS/GEM || match=L1-samefile flip=same in_cmake=True
A2-105	a2_abbreviated_body	SECSGEM/uHGemClass.cpp:4996-5051	HTGem::S103F12_StatusVariableNamelistReply	SECSGEM/uHGemClass.cpp:3562-3625	16 stmts/64 lines; calls: GetDataItemLenAndTypeAndDelete, InitLocalHead, DataItemOut, DataItemOutSVNameListWithValue, GetDataItemLenAndType, DataItemIn ...	ABBREVIATED body (56 of 64 lines): 8/17 (47%) of golden's distinct statements exist live anywhere in the port; 6% only under #if 0/alt arm; 47% in this function	possible (1, obj not resolvable) e.g. SECSGEM/uHGemEquipment.cpp:5538 in THGem::ProcessReceiceData [obj=MyGem]	no (0/4 checked)	COMM	callees 8/8 ok(def 8, macro 0, sys/undeclared 0); objects 2/2 present	66	[review=auto] || scope: feature:SECS/GEM || match=L1-samefile flip=same in_cmake=True
A1-192	a1_stub_body	forms/fMonitor.cpp:175-192	TfMonitor::OpenMonitorVedio	Monitor/MonitorInterface.cpp:350-363	5 stmts/14 lines; calls: SendCommand, Add	EMPTY body{} (only (void)x)	no (0 live call sites found)	gated-only 3/3, e.g. forms/fMonitor.cpp:29 (alt-arm)	COMM	callees 2/2 ok(def 2, macro 0, sys/undeclared 0); objects 2/2 present	66	[review=auto] || in-function gates: 177-190 M-4. [KEEP (dependency exists, but heater / motor / IO / customer -- stop...] || match=L2-anyfile flip=same in_cmake=True
A1-193	a1_stub_body	forms/fMonitor.cpp:196-213	TfMonitor::StopMonitorVedio	Monitor/MonitorInterface.cpp:365-378	5 stmts/14 lines; calls: SendCommand, Add	EMPTY body{} (only (void)x)	no (0 live call sites found)	gated-only 3/3, e.g. forms/fMonitor.cpp:35 (alt-arm)	COMM	callees 2/2 ok(def 2, macro 0, sys/undeclared 0); objects 2/2 present	66	[review=auto] || in-function gates: 198-211 M-4. [KEEP (dependency exists, but heater / motor / IO / customer -- stop...] || match=L2-anyfile flip=same in_cmake=True
A2-106	a2_abbreviated_body	SECSGEM/uHGemClass.cpp:2218-2261	HTGem::S2F32_DateAndTimeAcknowledge	SECSGEM/uHGemClass.cpp:1095-1216	67 stmts/122 lines; calls: GetDataItemLenAndType, DataItemIn, IsCorrectDateFormat, settime, setdate, LocalAcknowledge	ABBREVIATED body (44 of 122 lines): 13/48 (27%) of golden's distinct statements exist live anywhere in the port; 73% only under #if 0/alt arm; 12% in this function	possible (1, obj not resolvable) e.g. SECSGEM/uHGemEquipment.cpp:5473 in THGem::ProcessReceiceData [obj=MyGem]	gated-only 4/4, e.g. SECSGEM/uHGemClass.cpp:97 (alt-arm)	COMM	callees 4/6 ok(def 4, macro 0, sys/undeclared 0); ABSENT [settime, setdate]; objects 2/2 present	65	[review=auto] docs:other-docs || scope: feature:SECS/GEM || match=L1-samefile flip=same in_cmake=True
A1-194	a1_stub_body	Automation/MesWebService.cpp:91-123	GetMesWebServiceSoap	Automation/MesWebService.cpp:18-43	16 stmts/26 lines; calls: THTTPRIO, QueryInterface	constant: (void)useWSDL; (void)addr; return NULL;	no (0 live call sites found)	gated-only 4/4, e.g. Automation/MesWebService.cpp:1 (alt-arm)	COMM	callees 1/2 ok(def 1, macro 0, sys/undeclared 0); ABSENT [THTTPRIO]; objects 0/0 present	63	[review=auto] || in-function gates: 95-122 whole-function [KEEP: still missing THTTPRIO, rio, soUTF8InHeader (flip-compile, ma...] || match=L1-samefile flip=same in_cmake=True || port comment calls it a stub/offline
A1-195	a1_stub_body	uTemp_Set.cpp:7073-7088	TfTemp_Set::SetSingleWorkTemperature	uTemp_Set.cpp:6690-6698	4 stmts/9 lines; calls: SetSingleTemp	EMPTY body{} (only (void)x)	possible (3, obj not resolvable) e.g. TempCtrl/TriTemp.cpp:1275 in fUseDeviceReHeat [obj=W7TT_FTemp_Set]	gated-only 1/3, e.g. uTemp_Set.cpp:1318 (alt-arm)	COMM	callees 0/1 ok(def 0, macro 0, sys/undeclared 0); DECL-ONLY(no body) [SetSingleTemp]; objects 1/1 present	63	[review=auto] || in-function gates: 7075-7086 S9 [KEEP: still missing TriTemp_Ch, TATC_InterfaceFormShim::SetSingleTe...] || match=L1-samefile flip=same in_cmake=True
A2-107	a2_abbreviated_body	SECSGEM/uHGemClass.cpp:2969-3000	HTGem::S5F8_ListEnableAlarmAcknowledge	SECSGEM/uHGemClass.cpp:1892-1923	16 stmts/32 lines; calls: GetDataItemLenAndType, S9F7_IllegalData, InitLocalHead, DataItemOut, SendLocalData	ABBREVIATED body (32 of 32 lines): 9/17 (53%) of golden's distinct statements exist live anywhere in the port; 6% only under #if 0/alt arm; 47% in this function	possible (1, obj not resolvable) e.g. SECSGEM/uHGemEquipment.cpp:5487 in THGem::ProcessReceiceData [obj=MyGem]	no (0/4 checked)	COMM	callees 5/5 ok(def 5, macro 0, sys/undeclared 0); objects 2/2 present	62	[review=auto] || scope: feature:SECS/GEM || match=L1-samefile flip=same in_cmake=True
A2-108	a2_abbreviated_body	SECSGEM/uHGemHT9045.cpp:4146-4194	HT9045Gem::S125F4_LevelSettingChangeAcknowledge	SECSGEM/uHGemHT9045.cpp:6176-6214	14 stmts/39 lines; calls: GetDataItemLenAndTypeAndDelete, DataItemIn, GetDataItemLenAndType, SetECValue, LocalAcknowledge, S9F7_IllegalData ...	ABBREVIATED body (49 of 39 lines): 8/15 (53%) of golden's distinct statements exist live anywhere in the port; 13% only under #if 0/alt arm; 47% in this function	possible (1, obj not resolvable) e.g. SECSGEM/uHGemEquipment.cpp:5555 in THGem::ProcessReceiceData [obj=MyGem]	gated-only 2/4, e.g. SECSGEM/uHGemHT9045.cpp:3424 (alt-arm)	COMM	callees 7/7 ok(def 7, macro 0, sys/undeclared 0); objects 4/4 present	62	[review=auto] || in-function gates: 4183-4193 [KEEP: still missing fSecurity (flip-compile, main 8e5a1b1b + gw) [R...] || scope: feature:SECS/GEM || match=L1-samefile flip=same in_cmake=True
A2-109	a2_abbreviated_body	SECSGEM/uHGemEquipment.cpp:1572-1608	THGem::DataItemOutSVNameList	SECSGEM/uHGemEquipment.cpp:2765-2801	19 stmts/37 lines; calls: IndexOf, DataItemOut, SendInvalidDataMessageToHost, Add	ABBREVIATED body (37 of 37 lines): 11/20 (55%) of golden's distinct statements exist live anywhere in the port; 0% only under #if 0/alt arm; 50% in this function	possible (2, obj not resolvable) e.g. SECSGEM/uHGemClass.cpp:1128 in HTGem::S1F12_StatusVariableNamelistReply [obj=HGemPtr]	no (0/4 checked)	COMM	callees 4/4 ok(def 4, macro 0, sys/undeclared 0); objects 5/5 present	61	[review=auto] || scope: feature:SECS/GEM || match=L1-samefile flip=same in_cmake=True
A2-110	a2_abbreviated_body	SECSGEM/uHGemHT9045.cpp:960-1042	HT9045Gem::S7F2_ProcessProgramLoadGrant	SECSGEM/uHGemHT9045.cpp:4397-4476	27 stmts/80 lines; calls: DataItemIn, GetDataItemLenAndType, GetDataItemLenAndTypeAndDelete, Exec, HasIC, UseSiteHasIC ...	ABBREVIATED body (83 of 80 lines): 15/28 (54%) of golden's distinct statements exist live anywhere in the port; 46% only under #if 0/alt arm; 29% in this function	possible (1, obj not resolvable) e.g. SECSGEM/uHGemEquipment.cpp:5497 in THGem::ProcessReceiceData [obj=MyGem]	YES live 2/4, e.g. atester_32Site.cpp:4936 in Do32SiteTestSuckIC	COMM	callees 10/10 ok(def 10, macro 0, sys/undeclared 0); objects 9/9 present	61	[review=auto] || scope: feature:SECS/GEM || match=L1-samefile flip=same in_cmake=True
A2-111	a2_abbreviated_body	SECSGEM/uHGemEquipment.cpp:1612-1649	THGem::DataItemOutSVNameListWithValue	SECSGEM/uHGemEquipment.cpp:2803-2840	20 stmts/38 lines; calls: IndexOf, DataItemOut, DataItemOutSV, SendInvalidDataMessageToHost, Add	ABBREVIATED body (38 of 38 lines): 12/21 (57%) of golden's distinct statements exist live anywhere in the port; 0% only under #if 0/alt arm; 52% in this function	possible (2, obj not resolvable) e.g. SECSGEM/uHGemClass.cpp:5013 in HTGem::S103F12_StatusVariableNamelistReply [obj=HGemPtr]	no (0/4 checked)	COMM	callees 5/5 ok(def 5, macro 0, sys/undeclared 0); objects 5/5 present	59	[review=auto] || scope: feature:SECS/GEM || match=L1-samefile flip=same in_cmake=True
A2-112	a2_abbreviated_body	SECSGEM/uHGemClass.cpp:2576-2627	HTGem::S2F42_Host_Command_Acknowledge	SECSGEM/uHGemClass.cpp:1523-1574	27 stmts/52 lines; calls: DataItemIn, GetDataItemLenAndType, InitLocalHead, DataItemOut, SendLocalData	ABBREVIATED body (52 of 52 lines): 12/20 (60%) of golden's distinct statements exist live anywhere in the port; 35% only under #if 0/alt arm; 60% in this function	no (0 live call sites found)	gated-only 4/4, e.g. SECSGEM/uHGemHT9045.cpp:3482 (alt-arm)	COMM	callees 5/5 ok(def 5, macro 0, sys/undeclared 0); objects 2/2 present	57	[review=auto] || scope: feature:SECS/GEM || match=L1-samefile flip=same in_cmake=True
A2-113	a2_abbreviated_body	SECSGEM/uHGemHT9045.cpp:3999-4122	HT9045Gem::S14F4_Get2DID_BinCode	SECSGEM/uHGemHT9045.cpp:6042-6152	37 stmts/111 lines; calls: HasICUnderMachine, DataItemIn, GetDataItemLenAndType, Process_2DID_BinCode, InitLocalHead, DataItemOut ...	ABBREVIATED body (124 of 111 lines): 16/28 (57%) of golden's distinct statements exist live anywhere in the port; 36% only under #if 0/alt arm; 57% in this function	possible (1, obj not resolvable) e.g. SECSGEM/uHGemEquipment.cpp:5522 in THGem::ProcessReceiceData [obj=MyGem]	gated-only 4/4, e.g. SECSGEM/uHGemHT9045.cpp:3482 (alt-arm)	COMM	callees 6/7 ok(def 6, macro 0, sys/undeclared 0); ABSENT [Process_2DID_BinCode]; objects 4/4 present	56	[review=auto] || in-function gates: 4074-4078 [KEEP: still missing Process_2DID_BinCode (flip-compile, main 8e5a1b...] || scope: feature:SECS/GEM || match=L1-samefile flip=same in_cmake=True || port comment calls it a stub/offline
A1-196	a1_stub_body	TempCtrl/TriTemp.cpp:503	W7TT_TATC_InterfaceForm::SendAirMachineStatus	ATC/ATC_Handler_Side.cpp:3296-3359	30 stmts/64 lines; calls: IsConnect, SendCommand	EMPTY body{}	possible (4, obj not resolvable) e.g. TempCtrl/TriTemp.cpp:1277 in fUseDeviceReHeat [obj=W7TT_ATC_InterfaceForm]	no (0/4 checked)	COMM	callees 2/2 ok(def 2, macro 0, sys/undeclared 0); objects 1/2 present; OBJ-ABSENT [Send_Rec_AirMachineStatus]	48	[review=auto] || match=L5-standin-class flip=same in_cmake=True || port comment calls it a stub/offline
A2-114	a2_abbreviated_body	forms/fLotInfo.cpp:6655-7156	TfLotInfo::SetLotEnd	uLotInfo.cpp:1972-2281	153 stmts/310 lines; calls: TStringList, Add, AddText, MySaveToFile, RecordProcess, GetDateInfoByString ...	ABBREVIATED body (502 of 310 lines): 89/174 (51%) of golden's distinct statements exist live anywhere in the port; 47% only under #if 0/alt arm; 35% in this function	yes (2 certain, 0 possible) e.g. Command.cpp:13707 in TfMain::SetProdModeByDll	YES live 1/4, e.g. AutoRetest.cpp:1770 in GPIB_RemoteCommand	COMM	callees 34/54 ok(def 33, macro 0, sys/undeclared 1); DECL-ONLY(no body) [RecordContact_SLTLog_HS, SendTCPIPCommand, RecordLog_HS, RunModeRW, VTestSummaryReport, ClearMesData]; ABSENT [UpdateLotInfoPAT, sbClearCountClick, UpSocketIdPoductDataToServerByFTP, ProductTesterReport, SaveInspReportEnd, DoIPSCProcess, Upload...	46	[review=auto] docs:handoff || in-function gates: 6689-6704 W906-PROD-S117-S25-KYEC-PANTHER [KEEP: 仍缺 FormHS／PAT／fStartCondition；S25 [S09_ST01_BATCH2 0929]] | 6715-6717 W906-PROD-S117-ATKAMR [KEEP: 仍缺 TfAGV ATK 旗標；S25 [S09_ST01_BATCH2 0929]] | 6719-6722 W906-PROD-S117-ATKAMR [KEEP: still missing sTrackOutType_ATK (flip-compile, main 8e5a1b1b ...] (+1) || match=L2-anyfile flip=same in_cmake=True || port comment calls it a stub/offline
A1-197	a1_stub_body	forms/fMain.cpp:457	TfMain::LoadTestModePicture	main.cpp:12259-12372	35 stmts/114 lines; calls: LoadFromFile	EMPTY body{}	yes (7 certain, 0 possible) e.g. FileRW/IniConfig.gen.inc:7978 in IC_CheckConfigurationBeforeSave	YES live 1/4, e.g. aTester_Front.cpp:3615 in DoFTestSuckTestIC	COMM	callees 1/1 ok(def 1, macro 0, sys/undeclared 0); objects 5/13 present; OBJ-ABSENT [Off_lineDisplay, labTesterMode, imgTester, cbSimuBinSite0, cbSimuBinSite1, cbSimuBinSite2, cbSimuBinSite3, palTesterMode]	44	[review=auto] || match=L2-anyfile flip=same in_cmake=True || port comment calls it a stub/offline
A2-115	a2_abbreviated_body	forms/fMain.cpp:483	TfMain::cbSetupFileNameChange	main.cpp:24643-24939	76 stmts/297 lines; calls: ChangeSetUpFile, SaveEditTextToFile, SendCommand_EventLog, SetMainRunStartMode, HasICUnderMachine, HasAnyICInMachine ...	ABBREVIATED body (1 of 297 lines): 63/107 (59%) of golden's distinct statements exist live anywhere in the port; 10% only under #if 0/alt arm; 0% in this function	yes (9 certain, 0 possible) e.g. Automation/uRENESAS_Server.cpp:636 in TRENESAS_Server::DoProcess	YES live 3/4, e.g. WebRecipeChange.cpp:582 in W906_RC_cbSetupFileNameChange [same-name family]	COMM	callees 24/32 ok(def 24, macro 0, sys/undeclared 0); DECL-ONLY(no body) [ShowMonitoredParameter, Do2DIDMapCheck]; ABSENT [AmkorSendMessage, Change2DSetupFile, InitialBarcodeScanChangeFile, RunICModeChange, StartAutoTeach, RunBatchCopyRecipe]; objects 27/28 present; OBJ-ABSENT [fAutoTeach]	44	[review=auto] || match=L2-anyfile flip=same in_cmake=True || port comment calls it a stub/offline
A1-198	a1_stub_body	AutoRetest.cpp:328	W906ART_TfFTPClientSeam::ShowFTPModal	KYECFTP/FTPClient.cpp:1215-1573	180 stmts/359 lines; calls: ShowMyMessage, TNMFTP, MyDBIProcess, Clear, Add, Connect ...	EMPTY body{}	possible (1, obj not resolvable) e.g. AutoRetest.cpp:1795 in GPIB_RemoteCommand [obj=W906ART_FTPCLIENT]	no (0/4 checked)	COMM	callees 16/20 ok(def 15, macro 0, sys/undeclared 1); ABSENT [GetTesterType, cbTesterTypeChange, cbTesterIDChange, plSLoadClick]; objects 14/30 present; OBJ-ABSENT [lstServerFile, memoFTP, plUnload, DirName, plLoad, lstHDFile, cbTesterType, rgInputMethod]	43	[review=auto] || scope: customer/feature-specific || match=L5-standin-class flip=same in_cmake=True || port comment calls it a stub/offline
A2-116	a2_abbreviated_body	forms/fLotInfo.cpp:1321-1395	TfLotInfo::CheckAirMachineStatus	uLotInfo.cpp:14805-14868	23 stmts/64 lines; calls: IsConnect, ShowMyMessage, ShowErrorMessage	ABBREVIATED body (75 of 64 lines): 3/30 (10%) of golden's distinct statements exist live anywhere in the port; 90% only under #if 0/alt arm; 3% in this function	no (0 live call sites found)	gated-only 4/4, e.g. forms/fLotInfo.cpp:155 (alt-arm)	COMM	callees 3/3 ok(def 3, macro 0, sys/undeclared 0); objects 3/17 present; OBJ-ABSENT [palAirMachineStatus, palAirMachineSetTemperature, palAirMachineAlarmStatus, palAirDefrostSec, pal_Air_Machine_Temp_Ch1, pal_Air_Machine_Temp_Ch2, pal_AirStream_AirVolume, palAirMachineStatus_Index]	42	[review=auto] || in-function gates: 1335-1394 WA-6 [KEEP: still missing palAirMachineStatus, TATC_InterfaceFormShim::Ai...] || match=L2-anyfile flip=same in_cmake=True || port comment calls it a stub/offline
A1-199	a1_stub_body	Automation/auto9045.cpp:224	W5FA_TfMainExt::ChangeSetUpFile	main.cpp:24941-25103	72 stmts/163 lines; calls: CheckCanChangeRealDummy, CheckSetupFileData, VerifyNeedDoAlignment, WriteLastDataFN, DoReadLastData, NewRecordProcess ...	EMPTY body{}	possible (1, obj not resolvable) e.g. Automation/auto9045.cpp:911 in SetSetUpFileName [obj=W5FA_FMain]	YES live 1/4, e.g. FileRW/BinSelect.cpp:892 in BinCloseTail	COMM	callees 28/34 ok(def 27, macro 1, sys/undeclared 0); DECL-ONLY(no body) [CheckSetupFileData, spbReplyRPDefaultClick]; ABSENT [ClearPickerCount, StartSetSpeed, DoAutoTeachStart, CopyRecipeToTester]; objects 21/24 present; OBJ-ABSENT [fStartCondition, dmTrayMotor, fAutoTeach]	41	[review=auto] docs:RULINGS || match=L5-standin-class flip=same in_cmake=True || port comment calls it a stub/offline
A4-012	a4_standin_family	Automation/auto9045.cpp:224-395	Automation W5FA_* other TU-local stand-ins (not re-checked)	n/a	W5FA_FContact (edAirForceN.. force inquiries: the global fContact is a TfContactShim atester_shims.cpp:323 while forms/fContact.h carries the real widgets = two-headers-one-class), W5FA_FBinSel / FShowBinSelect / FContactCT (UI refresh no-ops), W5FA_FMonitor.MVCtrl_IsConnect=false, W5FA_FProductionInfo.OEE_StartLot=false (fail closed), W5FA_FTrayAssignment, W5FA_FLotInfo, W5FA_FAutomation; the 3 kept TfMainExt members ChangeSetUpFile/ShowOLPState/DoFTRTClick (INBOX 125)	TU-local stand-ins	4 member stubs have live callers	n/a (family row)	COMM	see member rows	40	[review=auto] verdict=UNDECIDED || INBOX 125 (0930) retired 7 of the 11 W5FA_TfMainExt members
A4-013	a4_standin_family	SECSGEM/*.cpp	SECS/GEM stubs (uHGemClass.cpp / uHGemEquipment.cpp / uHGemHT9045*.cpp)	(see members)	several S1/S2/S6/S7/S100/S101 responders and AddEC/AddSV (golden 958-1860 lines) are 3-4 line bodies; SECS is owned by wb_serve (memory: SECS歸wb_serve) - check against the SECS census before acting	3 a1 stubs + 25 a2 abbreviated + 0 seams + 8 gates in these files; 4 with live callers; 0 held	4 member stubs have live callers	n/a (family row)	COMM	see member rows	40	[review=auto] verdict=UNDECIDED || SECS/GEM feature
A4-014	a4_standin_family	TempCtrl/TriTemp.cpp:328-505	TempCtrl/TriTemp.cpp W7TT_* stand-ins (TfTemp_Set / ATC_InterfaceForm / StringList)	(see members)	TriTemp (HT-1032) refrigerator/defrost/ATC commands go to TU-local no-op stand-ins (SwitchOnOffRefrigeratorNo, SetSingleWorkTemperature, ATC_Online_Or_offline, Run, SetAllTemp ...); Tri_Temp_Machine IS assigned from Gerneral.ini (database.cpp:1639), so this is live on TriTemp machines; the real ATC_InterfaceForm is still a shim (ST02 KEEP)	9 a1 stubs + 2 a2 abbreviated + 0 seams + 2 gates in these files; 3 with live callers; 0 held	3 member stubs have live callers	n/a (family row)	COMM	see member rows	40	[review=auto] verdict=UNDECIDED || customer/option: Tri-temp machines only
A1-200	a1_stub_body	TempCtrl/TriTemp.cpp:404	W7TT_TfTemp_Set::SwitchOnOffRefrigeratorNo	uTemp_Set.cpp:6672-6683	5 stmts/12 lines; calls: Get_ATCRefrigeratorAllStatus, Get_ATCRefrigeratorAtcSetMode, SendSwitchRefrigerator	EMPTY body{}	possible (3, obj not resolvable) e.g. TempCtrl/TriTemp.cpp:1248 in SwitchRefrigerator [obj=W7TT_FTemp_Set]	gated-only 3/3, e.g. uTemp_Set.cpp:1316 (alt-arm)	COMM	callees 1/3 ok(def 1, macro 0, sys/undeclared 0); DECL-ONLY(no body) [Get_ATCRefrigeratorAllStatus, SendSwitchRefrigerator]; objects 1/1 present	40	[review=auto] || match=L5-standin-class flip=same in_cmake=True || port comment calls it a stub/offline || same-name real def elsewhere: uTemp_Set.cpp:7039
A1-201	a1_stub_body	TempCtrl/TriTemp.cpp:405	W7TT_TfTemp_Set::SetSingleWorkTemperature	uTemp_Set.cpp:6690-6698	4 stmts/9 lines; calls: SetSingleTemp	EMPTY body{}	possible (3, obj not resolvable) e.g. TempCtrl/TriTemp.cpp:1275 in fUseDeviceReHeat [obj=W7TT_FTemp_Set]	gated-only 1/3, e.g. uTemp_Set.cpp:1318 (alt-arm)	COMM	callees 0/1 ok(def 0, macro 0, sys/undeclared 0); DECL-ONLY(no body) [SetSingleTemp]; objects 1/1 present	40	[review=auto] || match=L5-standin-class flip=same in_cmake=True || port comment calls it a stub/offline
A1-202	a1_stub_body	TempCtrl/TriTemp.cpp:499	W7TT_TATC_InterfaceForm::Run	ATC/ATC_Handler_Side.cpp:2012-2019	5 stmts/8 lines; calls: SendCommand	EMPTY body{}	possible (2, obj not resolvable) e.g. TempCtrl/TriTemp.cpp:1444 in fAllDevicePosDefrostON_OFF [obj=W7TT_ATC_InterfaceForm]	no (0/4 checked)	COMM	callees 1/1 ok(def 1, macro 0, sys/undeclared 0); objects 0/1 present; OBJ-ABSENT [A31_RunStopsBtn]	40	[review=auto] || match=L5-standin-class flip=same in_cmake=True || port comment calls it a stub/offline
A1-203	a1_stub_body	TempCtrl/TriTemp.cpp:500	W7TT_TATC_InterfaceForm::SetAllTemp	ATC/ATC_Handler_Side.cpp:2048-2076	9 stmts/29 lines; calls: SendCommand	EMPTY body{}	possible (1, obj not resolvable) e.g. TempCtrl/TriTemp.cpp:3554 in fUseColdTemperatureAutoDefrost [obj=W7TT_ATC_InterfaceForm]	no (0/4 checked)	COMM	callees 1/1 ok(def 1, macro 0, sys/undeclared 0); objects 0/1 present; OBJ-ABSENT [A31_Temperature]	40	[review=auto] || match=L5-standin-class flip=same in_cmake=True || port comment calls it a stub/offline
A1-204	a1_stub_body	TempCtrl/TriTemp.cpp:501	W7TT_TATC_InterfaceForm::ChangeRecipe	ATC/ATC_Handler_Side.cpp:1927-1935	5 stmts/9 lines; calls: SendCommand	EMPTY body{}	possible (1, obj not resolvable) e.g. TempCtrl/TriTemp.cpp:1443 in fAllDevicePosDefrostON_OFF [obj=W7TT_ATC_InterfaceForm]	no (0/3 checked)	COMM	callees 1/1 ok(def 1, macro 0, sys/undeclared 0); objects 0/1 present; OBJ-ABSENT [ATC_RecipeFile]	40	[review=auto] || match=L5-standin-class flip=same in_cmake=True || port comment calls it a stub/offline
B-277	b_gate_comment	csystem.cpp:7604-7607	DoTrayFeedProcess	n/a (gate does not cite a golden line)	golden text as gated: { ATC_InterfaceForm->LotEnd(asATCEvenLotID); //Ifor 20161118 (Steven) add Lot End Command 送至 ATC3.1 System bHasLotEnd=true; }	gated by COMMENT; nothing replaces it (the statements simply do not happen)	yes (6 callers of enclosing DoTrayFeedProcess)	no (0/2 statements found live elsewhere)	COMM	callees 1/1 ok(def 1, macro 0, sys/undeclared 0); objects 1/1 present	36	[review=auto] ST02: no backlog row matched (n/a) || gate_id=L2-04 || COMMENT-type gate (golden lines left as comments; false-positive prone)
A1-205	a1_stub_body	OCRInsp.cpp:343	W906OCR_TfOCRSeam::SendOCR	OCR.cpp:534-551	4 stmts/18 lines; calls: WriteOcrInfoToMemo, MyDBIProcess, WriteCommData	EMPTY body{}	possible (5, obj not resolvable) e.g. OCRInsp.cpp:820 in DoOCRFlow [obj=fOCR]	no (0/4 checked)	COMM	callees 2/3 ok(def 2, macro 0, sys/undeclared 0); ABSENT [WriteOcrInfoToMemo]; objects 1/2 present; OBJ-ABSENT [CommOcr]	35	[review=auto] || scope: feature:OCR camera || match=L5-standin-class flip=same in_cmake=True || port comment calls it a stub/offline
A1-206	a1_stub_body	OCRInsp.cpp:346	W906OCR_TfOCRSeam::DoConnect	OCR.cpp:1497-1512	6 stmts/16 lines; calls: Open	EMPTY body{}	possible (7, obj not resolvable) e.g. OCRInsp.cpp:1089 in DoOCRFlow1 [obj=fOCR]	no (0/4 checked)	COMM	callees 1/1 ok(def 1, macro 0, sys/undeclared 0); objects 1/6 present; OBJ-ABSENT [ClientSocket1, IPAddress1, IPPort1, ClientSocket2, IPAddress2]	33	[review=auto] || scope: feature:OCR camera || match=L5-standin-class flip=same in_cmake=True || port comment calls it a stub/offline
A1-207	a1_stub_body	Automation/auto9045.cpp:225	W5FA_TfMainExt::ShowOLPState	main.cpp:26938-26965	16 stmts/28 lines; calls: TAlignment	EMPTY body{}	possible (1, obj not resolvable) e.g. Automation/auto9045.cpp:1540 in ShowOLPState [obj=W5FA_FMain]	no (0/4 checked)	COMM	callees 0/1 ok(def 0, macro 0, sys/undeclared 0); ABSENT [TAlignment]; objects 1/1 present	32	[review=auto] || match=L5-standin-class flip=same in_cmake=True || port comment calls it a stub/offline
A1-208	a1_stub_body	cSecurity.cpp:545-648	TfSecurity::SecurityPalVisible	cSecurity.cpp:470-571	81 stmts/102 lines; calls: SetVisible, UseCanBusOrEtherCAT	EMPTY body{}	yes (1 certain, 0 possible) e.g. cSecurity.cpp:352 in TfSecurity::FormShow	YES live 4/4, e.g. WebLevelSet.cpp:207 in SecurityPalVisible [same-name family]	COMM	callees 2/2 ok(def 2, macro 0, sys/undeclared 0); objects 3/3 present	27	[review=auto] || in-function gates: 547-647 [KEEP: still missing UseCanBusOrEtherCAT, G9004_M204 (flip-compile, ...] || match=L1-samefile flip=same in_cmake=True
A1-209	a1_stub_body	uTemp_Set.cpp:4851-5397	TfTemp_Set::SaveSetupFile	uTemp_Set.cpp:4532-5099	294 stmts/568 lines; calls: GetLastOpenFN, MyForceDirectories, WriteIniData, FormatFloat, ReadWriteIni, ReadTestIFFile	EMPTY body{} (only (void)x)	no (0 live call sites found)	YES live 1/4, e.g. FileRW/Temperature.gen.inc:6029 in TS_SaveSetupFile [same-name family]	COMM	callees 5/6 ok(def 5, macro 0, sys/undeclared 0); DECL-ONLY(no body) [ReadTestIFFile]; objects 241/241 present	27	[review=auto] docs:other-docs || in-function gates: 4853-5395 S1 [KEEP: still missing FTestIF (flip-compile, main 8e5a1b1b + gw) [RES...] || match=L1-samefile flip=same in_cmake=True || port comment calls it a stub/offline
A1-210	a1_stub_body	Automation/auto9045.cpp:152	W5FA_DoStructUnitConvert	cUnitConvert.cpp:243-260	7 stmts/18 lines; calls: DoTestIFConvert, DoDeviceConvert, DoHotPlateConvert, DoArmOffsetConvert, DoArmSpeedConvert, DoDefFormConvert	EMPTY body{}	yes (1 certain, 0 possible) e.g. Automation/auto9045.cpp:891 in SetMapping [via #define DoStructUnitConvert]	YES live 4/4, e.g. cUnitConvert.cpp:689 in DoStructUnitConvert [same-name family]	COMM	callees 6/6 ok(def 6, macro 0, sys/undeclared 0); objects 4/4 present	20	[review=auto] docs:NB2-seam-list(0925) || match=L2-anyfile flip=same in_cmake=True || port comment calls it a stub/offline || same-name real def elsewhere: cUnitConvert.cpp:675
A1-211	a1_stub_body	ckernel_shims.cpp:64	W7L2_DoStructUnitConvert	cUnitConvert.cpp:243-260	7 stmts/18 lines; calls: DoTestIFConvert, DoDeviceConvert, DoHotPlateConvert, DoArmOffsetConvert, DoArmSpeedConvert, DoDefFormConvert	EMPTY body{}	no (0 live call sites found)	YES live 4/4, e.g. cUnitConvert.cpp:689 in DoStructUnitConvert [same-name family]	COMM	callees 6/6 ok(def 6, macro 0, sys/undeclared 0); objects 4/4 present	20	[review=auto] docs:NB2-seam-list(0925) || match=L2-anyfile flip=same in_cmake=True || port comment calls it a stub/offline || same-name real def elsewhere: cUnitConvert.cpp:675
A1-212	a1_stub_body	forms/fCleaning.cpp:168-171	TfCleaning::btnResetCleanCountClick	AutoClean/uCleaning.cpp:2095-2117	14 stmts/23 lines; calls: Barcode_Reader, ReadWriteAutoCleanCount, SearchCleanNum, SetAutoCleanICCount, EventReport	EMPTY body{} (only (void)x)	no (0 live call sites found)	YES live 4/4, e.g. FileRW/TestIF_File_Cleaning.gen.inc:3370 in CL_btnResetCleanCountClick [same-name family]	COMM	callees 5/5 ok(def 5, macro 0, sys/undeclared 0); objects 4/5 present; OBJ-ABSENT [btnResetCleanCount]	19	[review=auto] || match=L2-anyfile flip=same in_cmake=True
A1-213	a1_stub_body	Automation/auto9045.cpp:332	W5FA_TfShowBinSelectExt::ShowBinSel	cShowBinSelect.cpp:388-756	113 stmts/369 lines; calls: AnsiPos, DelDot, IsATK_AMR, StringReplace, TReplaceFlags, EventReport ...	EMPTY body{}	possible (14, obj not resolvable) e.g. Automation/auto9045.cpp:521 in SetCategory [obj=W5FA_FShowBinSelect]	YES live 4/4, e.g. cShowBinSelect.cpp:1228 in TfShowBinSelect::ShowBinSel [same-name family]	COMM	callees 9/9 ok(def 9, macro 0, sys/undeclared 0); objects 20/20 present	17	[review=auto] || match=L5-standin-class flip=same in_cmake=True || port comment calls it a stub/offline || same-name real def elsewhere: cShowBinSelect.cpp:1187
A1-214	a1_stub_body	uTemp_Set.cpp:276-278	TfTemp_Set::TfTemp_Set	uTemp_Set.cpp:95-408	326 stmts/314 lines; calls: TMyTempPanel, TList, Add, SetParent, SetIndexTag	EMPTY body{}	no (0 live call sites found)	YES live 4/4, e.g. uTemp_Set.cpp:364 in TfTemp_Set::Init [same-name family]	COMM	callees 5/5 ok(def 5, macro 0, sys/undeclared 0); objects 7/7 present	17	[review=auto] || match=L3-arity-mismatch flip=same in_cmake=True
A1-215	a1_stub_body	csystem.cpp:2701	W7C1_TfSCKARTSeam::SaveTestSummary	Automation/SCK_ART.cpp:1619-1645	6 stmts/27 lines; calls: Save2DSortingSummary, SaveTestSummarySECS, ProcessOSPrint, SaveTestSummaryTSV, SaveSummaryTrayFeed	EMPTY body{}	possible (4, obj not resolvable) e.g. csystem.cpp:3567 in DoCleanOutFinishCheck [obj=W7C1_SCKART]	YES live 2/4, e.g. Automation/SCK_ART_Remainder.cpp:915 in SckArtRem_SaveTestSummary [same-name family]	COMM	callees 0/5 ok(def 0, macro 0, sys/undeclared 0); DECL-ONLY(no body) [ProcessOSPrint]; ABSENT [Save2DSortingSummary, SaveTestSummarySECS, SaveTestSummaryTSV, SaveSummaryTrayFeed]; objects 4/4 present	7	[review=auto] || scope: customer/feature-specific || match=L5-standin-class flip=absentB in_cmake=True
A1-216	a1_stub_body	csystem.cpp:3913	W7C2_TfSCKARTSeam::SaveTestSummary	Automation/SCK_ART.cpp:1619-1645	6 stmts/27 lines; calls: Save2DSortingSummary, SaveTestSummarySECS, ProcessOSPrint, SaveTestSummaryTSV, SaveSummaryTrayFeed	EMPTY body{}	possible (4, obj not resolvable) e.g. csystem.cpp:3567 in DoCleanOutFinishCheck [obj=W7C1_SCKART]	YES live 2/4, e.g. Automation/SCK_ART_Remainder.cpp:915 in SckArtRem_SaveTestSummary [same-name family]	COMM	callees 0/5 ok(def 0, macro 0, sys/undeclared 0); DECL-ONLY(no body) [ProcessOSPrint]; ABSENT [Save2DSortingSummary, SaveTestSummarySECS, SaveTestSummaryTSV, SaveSummaryTrayFeed]; objects 4/4 present	7	[review=auto] || scope: customer/feature-specific || match=L5-standin-class flip=absentB in_cmake=True
A1-217	a1_stub_body	BinDisplay/MyBinDisp.h:406	TMyBinDispOffline::WriteBin	BinDisplay/MyBinDisp.cpp:657-677	11 stmts/21 lines; calls: A_Create_LCR, T_HEX2ASCII_Mac, WriteCommData, MyDeCodeASCII, AddTextWithDateTime	EMPTY body{}	no (0 live call sites found)	YES live 4/4, e.g. BinDisplay/MyBinDisp.cpp:754 in TMyBinDispHT9046::WriteBin [same-name family]	COMM	callees 5/5 ok(def 5, macro 0, sys/undeclared 0); objects 3/3 present	4	[review=auto] || match=L6-unique-name flip=absentB in_cmake=False || port comment calls it a stub/offline || same-name real def elsewhere: BinDisplay/MyBinDisp.cpp:743
A1-218	a1_stub_body	BinDisplay/MyBinDisp.h:407	TMyBinDispOffline::WriteColor	BinDisplay/MyBinDisp.cpp:1560-1580	11 stmts/21 lines; calls: A_Create_LCR, T_HEX2ASCII_Mac, WriteCommData, MyDeCodeASCII, AddTextWithDateTime	EMPTY body{}	no (0 live call sites found)	YES live 4/4, e.g. BinDisplay/MyBinDisp.cpp:1682 in TMyBinDispHT9046::WriteColor [same-name family]	COMM	callees 5/5 ok(def 5, macro 0, sys/undeclared 0); objects 3/3 present	4	[review=auto] || match=L6-unique-name flip=absentB in_cmake=False || port comment calls it a stub/offline || same-name real def elsewhere: BinDisplay/MyBinDisp.cpp:1671
A1-219	a1_stub_body	BinDisplay/MyBinDisp.h:408	TMyBinDispOffline::WriteBin2	BinDisplay/MyBinDisp.cpp:679-699	11 stmts/21 lines; calls: A_Create_LCR, T_HEX2ASCII_Mac, WriteCommData, MyDeCodeASCII, AddTextWithDateTime	EMPTY body{}	no (0 live call sites found)	YES live 4/4, e.g. BinDisplay/MyBinDisp.cpp:754 in TMyBinDispHT9046::WriteBin [same-name family]	COMM	callees 5/5 ok(def 5, macro 0, sys/undeclared 0); objects 3/3 present	4	[review=auto] || match=L6-unique-name flip=absentB in_cmake=False || same-name real def elsewhere: BinDisplay/MyBinDisp.cpp:767
A1-220	a1_stub_body	BinDisplay/MyBinDisp.h:409	TMyBinDispOffline::WriteColor2	BinDisplay/MyBinDisp.cpp:1582-1602	11 stmts/21 lines; calls: A_Create_LCR, T_HEX2ASCII_Mac, WriteCommData, MyDeCodeASCII, AddTextWithDateTime	EMPTY body{}	no (0 live call sites found)	YES live 4/4, e.g. BinDisplay/MyBinDisp.cpp:1682 in TMyBinDispHT9046::WriteColor [same-name family]	COMM	callees 5/5 ok(def 5, macro 0, sys/undeclared 0); objects 3/3 present	4	[review=auto] || match=L6-unique-name flip=absentB in_cmake=False || same-name real def elsewhere: BinDisplay/MyBinDisp.cpp:1695
A1-221	a1_stub_body	BinDisplay/MyBinDisp.h:410	TMyBinDispOffline::ReadVersion	BinDisplay/MyBinDisp.cpp:1604-1624	11 stmts/21 lines; calls: A_Create_LCR, T_HEX2ASCII_Mac, WriteCommData, MyDeCodeASCII, AddTextWithDateTime	EMPTY body{}	no (0 live call sites found)	YES live 4/4, e.g. BinDisplay/MyBinDisp.cpp:1730 in TMyBinDispHT9046::ReadVersion [same-name family]	COMM	callees 5/5 ok(def 5, macro 0, sys/undeclared 0); objects 3/3 present	4	[review=auto] || match=L6-unique-name flip=absentB in_cmake=False || same-name real def elsewhere: BinDisplay/MyBinDisp.cpp:1719
A1-222	a1_stub_body	BinDisplay/MyBinDisp.h:411	TMyBinDispOffline::ReadVersion2	BinDisplay/MyBinDisp.cpp:1626-1646	11 stmts/21 lines; calls: A_Create_LCR, T_HEX2ASCII_Mac, WriteCommData, MyDeCodeASCII, AddTextWithDateTime	EMPTY body{}	no (0 live call sites found)	YES live 4/4, e.g. BinDisplay/MyBinDisp.cpp:1730 in TMyBinDispHT9046::ReadVersion [same-name family]	COMM	callees 5/5 ok(def 5, macro 0, sys/undeclared 0); objects 3/3 present	4	[review=auto] || match=L6-unique-name flip=absentB in_cmake=False || port comment calls it a stub/offline || same-name real def elsewhere: BinDisplay/MyBinDisp.cpp:1743
A1-223	a1_stub_body	Motor/mymotor.cpp:2795	TrigerIndexAxisHome	Motor/mymotor.cpp:5518-5527	5 stmts/10 lines; calls: RecordProcess, AddIndexPosLog, LogIndexMaxMinPos, DoIndex4AxisHome	EMPTY body{}	no (0 live call sites found)	no (0/3 checked)	FILE_WRITE	callees 4/4 ok(def 3, macro 1, sys/undeclared 0); objects 1/1 present	85	[review=auto] docs:GL_S0_STUB_LEDGER(Aug26),NB2-seam-list(0925) || match=L1-samefile flip=same in_cmake=True
A1-224	a1_stub_body	ainarm9045.cpp:3445	RecordUPH	ainarm9045.cpp:5376-5388	6 stmts/13 lines; calls: MyForceDirectories, WriteDataToFile	EMPTY body{}	no (0 live call sites found)	no (0/4 checked)	FILE_WRITE	callees 2/2 ok(def 2, macro 0, sys/undeclared 0); objects 2/2 present	85	[review=auto] docs:handoff || match=L1-samefile flip=same in_cmake=True || port comment calls it a stub/offline
A2-117	a2_abbreviated_body	cObserver.cpp:4266-4300	TfObserver::FormDestroy	cObserver.cpp:676-695	8 stmts/20 lines; calls: ReleaseDC, Delete, Clear, MyDBIProcess, LogSoftwareOffTime	ABBREVIATED body (35 of 20 lines): 2/10 (20%) of golden's distinct statements exist live anywhere in the port; 70% only under #if 0/alt arm; 20% in this function	possible (1, obj not resolvable) e.g. TesterComm/Rs232/Rs232Engine.cpp:271 in Rs232Engine::Teardown [obj=fRS232Main]	gated-only 2/4, e.g. cObserver.cpp:158 (alt-arm)	FILE_WRITE	callees 5/5 ok(def 4, macro 0, sys/undeclared 1); objects 1/1 present	81	[review=auto] || in-function gates: 4270-4275 FW3A-10 [KEEP: still missing DcSG2, DcSG3, DcSG5, pCanvas (flip-compile, mai...] | 4276-4282 FW3A-11 [KEEP: still missing TfObserverChart::SeriesList (flip-compile, main...] || match=L1-samefile flip=same in_cmake=True || port comment calls it a stub/offline
A2-118	a2_abbreviated_body	cObserver.cpp:6235-6292	TfObserver::BtnSaveClick	cObserver.cpp:2393-2419	8 stmts/27 lines; calls: Execute, SGDToXLS, SGDToCSV, SaveToBitmapFile	ABBREVIATED body (58 of 27 lines): 4/11 (36%) of golden's distinct statements exist live anywhere in the port; 64% only under #if 0/alt arm; 27% in this function	no (0 live call sites found)	YES live 1/4, e.g. cObserver.cpp:1898 in TfObserver::BtnQueryClick	FILE_WRITE	callees 3/4 ok(def 3, macro 0, sys/undeclared 0); ABSENT [SaveToBitmapFile]; objects 3/4 present; OBJ-ABSENT [SavePictureDialog1]	61	[review=auto] || in-function gates: 6251-6255 C-log-2a [KEEP: still missing SaveDialog1 (flip-compile, main 8e5a1b1b + gw) ...] | 6265-6272 C-log-2b [KEEP: still missing SaveDialog1 (flip-compile, main 8e5a1b1b + gw) ...] | 6286-6290 C-log-2c [KEEP: still missing SavePictureDialog1, TfObserverChart::SaveToBitm...] || match=L1-samefile flip=same in_cmake=True || port comment calls it a stub/offline
A1-225	a1_stub_body	OCRInsp.cpp:378	W906OCR_TfLotInfoSeam::Save_BarCodeLog	uLotInfo.cpp:8435-8456	14 stmts/22 lines; calls: DecodeDate, ProcessTimeUpdate, MyForceDirectories, SaveToFile	EMPTY body{}	possible (1, obj not resolvable) e.g. OCRInsp.cpp:1741 in DoOCRFlow1 [obj=fLotInfo]	YES live 3/4, e.g. TesterComm/Gpib/GpibUi.cpp:1343 in TSerialPoll::Save_Log	FILE_WRITE	callees 4/4 ok(def 4, macro 0, sys/undeclared 0); objects 3/3 present	57	[review=auto] || scope: feature:OCR camera || match=L5-standin-class flip=same in_cmake=True || port comment calls it a stub/offline
B-278	b_gate_expired	forms/fPassword.cpp:426-433	TfPassword::SavePasswordFile	n/a (gate does not cite a golden line)	golden text as gated: WriteIniData(sFileName, "LEVEL", EvenLogUSER.ID[OPERATOR], EvenLogUSER.PassWord[OPERATOR]); WriteIniData(sFileName, "LEVEL", EvenLogUSER.ID[ENG_VENDOR], EvenLogUSER.Pa...	gated by IF0; nothing replaces it (the statements simply do not happen)	yes (1 callers of enclosing TfPassword::SavePasswordFile)	no (0/6 statements found live elsewhere)	FILE_WRITE	callees 1/1 ok(def 1, macro 0, sys/undeclared 0); objects 1/1 present	50	[review=auto] ST02 row 924 [LOW]: KEEP: still missing WriteIniData (flip-compile, main 8e5a1b1b + gw) [RESCAN 0930]; DECL-ONLY: every name ST02 calls missing has a live definition (declonly_scan) || gate_id=P-S1
B-279	b_gate_expired	SECSGEM/uHGemHT9045.cpp:569-575	HT9045Gem::ReloadParameter	uHGemHT9045.cpp:373-374 (file assumed = port file)	golden text VERBATIM in the gate: if(CUSTOMER_CODE==CC_ASE_KaohSiung) SaveAllFile(GetLastOpenFN());	gated by IF0; #else arm: EMPTY (0 stmts)	yes (2 callers of enclosing HT9045Gem::ReloadParameter)	no (0/1 statements found live elsewhere)	FILE_WRITE	callees 2/2 ok(def 2, macro 0, sys/undeclared 0); objects 0/0 present | link-boundary only: SaveAllFile	42	[review=auto] ST02 row 1241 [MEDIUM]: KEEP: still missing GetLastOpenFN, SaveAllFile (flip-compile, main 8e5a1b1b + gw) [RESCAN 0930]; DECL-ONLY: every name ST02 calls missing has a live definition (declonly_scan)
B-280	b_gate_expired	asortarm.cpp:4177-4179	DoSortArmPlaceToWitchAuto	asortarm.cpp:3599	golden text as gated: OutArm2Suck.PordRec[i][j].SaveRecord();	gated by IF0; nothing replaces it (the statements simply do not happen)	yes (1 callers of enclosing DoSortArmPlaceToWitchAuto)	no (0/1 statements found live elsewhere)	FILE_WRITE	callees 1/1 ok(def 1, macro 0, sys/undeclared 0); objects 1/1 present	40	[review=auto] ST02 row 1690 [MEDIUM]: CLAIMED (rescan 0930, the laptop's file): dependency now exists, single-row flip 0 errors in both configs, body = golden; St02 local 5d766431, two-config ful... || gate_id=10
A1-226	a1_stub_body	acatchtray_shims.cpp:41	TYieldShim::AddYieldData	cTrayMapping.cpp:6305-6319	6 stmts/15 lines; calls: FormatString, RefreshTotalNum, LoadFile, GetFileNameWithDir, AddRowData, GetFileNameNoExt ...	EMPTY body{}	possible (2, obj not resolvable) e.g. acatchtray.cpp:6603 in DoCatchTray [obj=yieldRemainIC]	no (0/4 checked)	FILE_WRITE	callees 3/7 ok(def 3, macro 0, sys/undeclared 0); ABSENT [RefreshTotalNum, GetFileNameWithDir, AddRowData, GetFileNameNoExt]; objects 0/1 present; OBJ-ABSENT [dbJ_History]	36	[review=auto] || scope: feature:CCD/tray-map || match=L6-unique-name flip=same in_cmake=True || port comment calls it a stub/offline
B-281	b_gate_comment	csystem.cpp:8006-8008	DoTrayFeedProcess	n/a (gate does not cite a golden line)	golden text as gated: { fSCKART->SaveTestSummary(1); }	gated by COMMENT; nothing replaces it (the statements simply do not happen)	yes (6 callers of enclosing DoTrayFeedProcess)	no (0/1 statements found live elsewhere)	FILE_WRITE	callees 1/1 ok(def 1, macro 0, sys/undeclared 0); objects 1/1 present	36	[review=auto] ST02: no backlog row matched (n/a) || gate_id=L2-16 || COMMENT-type gate (golden lines left as comments; false-positive prone)
A1-227	a1_stub_body	Automation/SCK_ART_Remainder.cpp:140-143	W5SckArtRem_MyForceDirectories	common.cpp:1667-1721	17 stmts/55 lines; calls: RecordProcess, GetFileAttributes, ExtractFileExt, ShowMyMessage	constant: return 0;	no same-file call sites (file-local static: calls elsewhere bind to the real function; tree-wide by-name count was 0)	YES live 4/4, e.g. common.cpp:2030 in MyForceDirectories [same-name family]	FILE_WRITE	callees 4/4 ok(def 3, macro 0, sys/undeclared 1); objects 1/1 present	17	[review=auto] docs:NB2-seam-list(0925) || scope: customer/feature-specific || match=L3-arity-mismatch flip=same in_cmake=True || port comment calls it a stub/offline || same-name real def elsewhere: EventLogAnalysis/ElaFileUtil.cpp:168, TesterComm/Rs232/Rs232Globals.cpp:861
A1-228	a1_stub_body	BarCode/BarCode_Shuttle1_Scan.cpp:200	BarSh1_MyForceDirectories	common.cpp:1667-1721	17 stmts/55 lines; calls: RecordProcess, GetFileAttributes, ExtractFileExt, ShowMyMessage	EMPTY body{}	yes (1 certain, 0 possible) e.g. BarCode/BarCode_Shuttle1_Scan.cpp:1504 in DoBarcodeScanInShuttle_1	YES live 4/4, e.g. common.cpp:2030 in MyForceDirectories [same-name family]	FILE_WRITE	callees 4/4 ok(def 3, macro 0, sys/undeclared 1); objects 1/1 present	17	[review=auto] docs:NB2-seam-list(0925) || match=L3-arity-mismatch flip=same in_cmake=True || port comment calls it a stub/offline || same-name real def elsewhere: EventLogAnalysis/ElaFileUtil.cpp:168, TesterComm/Rs232/Rs232Globals.cpp:861
A1-229	a1_stub_body	BarCode/BarCode_Shuttle2_ScanRemainder1.cpp:133-135	Gated_MyForceDirectories	common.cpp:1667-1721	17 stmts/55 lines; calls: RecordProcess, GetFileAttributes, ExtractFileExt, ShowMyMessage	EMPTY body{}	yes (6 certain, 0 possible) e.g. BarCode/BarCode_Shuttle2_ScanRemainder1.cpp:821 in BarCode_Sh2_DoBarcodeScanInShuttle_2	YES live 4/4, e.g. common.cpp:2030 in MyForceDirectories [same-name family]	FILE_WRITE	callees 4/4 ok(def 3, macro 0, sys/undeclared 1); objects 1/1 present	17	[review=auto] docs:NB2-seam-list(0925) || match=L3-arity-mismatch flip=same in_cmake=True || port comment calls it a stub/offline || same-name real def elsewhere: EventLogAnalysis/ElaFileUtil.cpp:168, TesterComm/Rs232/Rs232Globals.cpp:861
A1-230	a1_stub_body	Public/HTMD5.cpp:79	MyDBIProcess	cMyDB.cpp:789-855	34 stmts/67 lines; calls: RespondASECom, MyDBExecSQL, ProductionLog, TStringList, GetTimeInfo, Add ...	EMPTY body{}	yes (1 same-file call sites; file-local static, other TUs bind to the real function) e.g. Public/HTMD5.cpp:512 in CheckFilenameExtension	YES live 4/4, e.g. cMyDB.cpp:1021 in MyDBIProcess [same-name family]	FILE_WRITE	callees 11/11 ok(def 11, macro 0, sys/undeclared 0); objects 5/5 present	17	[review=auto] docs:handoff || match=L3-arity-mismatch flip=same in_cmake=True || port comment calls it a stub/offline || same-name real def elsewhere: cMyDB.cpp:1006
A1-231	a1_stub_body	csystem.cpp:2457	W7C1_TRecListSeam::ResetFile	Public/HTEditList.cpp:2822-2830	3 stmts/9 lines; calls: ClearGroupList, FileInfo, IsFilePathExist, SaveFile	EMPTY body{}	possible (2, obj not resolvable) e.g. csystem.cpp:3133 in DoCleanOutFinishCheck [obj=PickFromHPList]	YES live 4/4, e.g. Public/HTEditList.cpp:2516 in uPlateInfo::ResetFile [same-name family]	FILE_WRITE	callees 4/4 ok(def 4, macro 0, sys/undeclared 0); objects 0/0 present	11	[review=auto] docs:NB2-seam-list(0925),AUDIT || match=L6-unique-name flip=absentB in_cmake=True || port comment calls it a stub/offline || same-name real def elsewhere: Public/HTEditList.cpp:2514
A1-232	a1_stub_body	ProductionInfo/uPAT_Function.cpp:1886-1896	PAT_Function::GetJobContactToSetting	ProductionInfo/uPAT_Function.cpp:1201-1206	3 stmts/6 lines; calls: Click	EMPTY body{} (only (void)x)	yes (1 certain, 0 possible) e.g. ProductionInfo/uPAT_Function.cpp:1643 in PAT_Function::LoadJobINI	gated-only 3/3, e.g. ProductionInfo/uPAT_Function.cpp:68 (alt-arm)	DISPLAY	callees 1/1 ok(def 1, macro 0, sys/undeclared 0); objects 1/1 present	85	[review=auto] || in-function gates: 1889-1895 REGISTER. [KEEP: still missing fContact (flip-compile, main 8e5a1b1b + gw) [RE...] || match=L1-samefile flip=same in_cmake=True
A1-233	a1_stub_body	ProductionInfo/uPAT_Function.cpp:2048-2058	PAT_Function::SetJobTesterToSetting	ProductionInfo/uPAT_Function.cpp:1348-1353	3 stmts/6 lines; calls: StrToIntDef	EMPTY body{} (only (void)x)	yes (1 certain, 0 possible) e.g. ProductionInfo/uPAT_Function.cpp:1605 in PAT_Function::SaveJobINI	gated-only 3/3, e.g. ProductionInfo/uPAT_Function.cpp:119 (alt-arm)	DISPLAY	callees 1/1 ok(def 1, macro 0, sys/undeclared 0); objects 1/1 present	85	[review=auto] || in-function gates: 2051-2057 REGISTER. [KEEP (dependency exists, but heater / motor / IO / customer -- stop...] || match=L1-samefile flip=same in_cmake=True
A1-234	a1_stub_body	ProductionInfo/uPAT_Function.cpp:2108-2123	PAT_Function::SetJobVacuumToSetting	ProductionInfo/uPAT_Function.cpp:1398-1408	8 stmts/11 lines; calls: StrToFloatDef	EMPTY body{} (only (void)x)	yes (1 certain, 0 possible) e.g. ProductionInfo/uPAT_Function.cpp:1606 in PAT_Function::SaveJobINI	gated-only 4/4, e.g. ProductionInfo/uPAT_Function.cpp:126 (alt-arm)	DISPLAY	callees 1/1 ok(def 1, macro 0, sys/undeclared 0); objects 1/1 present	85	[review=auto] || in-function gates: 2111-2122 REGISTER. [KEEP (dependency exists, but heater / motor / IO / customer -- stop...] || match=L1-samefile flip=same in_cmake=True
A1-235	a1_stub_body	ProductionInfo/uPAT_Function.cpp:2125-2142	PAT_Function::GetJobVacuumToSetting	ProductionInfo/uPAT_Function.cpp:1410-1422	9 stmts/13 lines; calls: Click	EMPTY body{} (only (void)x)	yes (1 certain, 0 possible) e.g. ProductionInfo/uPAT_Function.cpp:1646 in PAT_Function::LoadJobINI	gated-only 4/4, e.g. ProductionInfo/uPAT_Function.cpp:135 (alt-arm)	DISPLAY	callees 1/1 ok(def 1, macro 0, sys/undeclared 0); objects 1/1 present	85	[review=auto] || in-function gates: 2128-2141 REGISTER. [KEEP (dependency exists, but heater / motor / IO / customer -- stop...] || match=L1-samefile flip=same in_cmake=True
A1-236	a1_stub_body	ProductionInfo/uPAT_Function.cpp:2169-2182	PAT_Function::SetJobSpeedToSetting	ProductionInfo/uPAT_Function.cpp:1449-1457	6 stmts/9 lines; calls: StrToIntDef	EMPTY body{} (only (void)x)	yes (1 certain, 0 possible) e.g. ProductionInfo/uPAT_Function.cpp:1607 in PAT_Function::SaveJobINI	gated-only 4/4, e.g. ProductionInfo/uPAT_Function.cpp:147 (alt-arm)	DISPLAY	callees 1/1 ok(def 1, macro 0, sys/undeclared 0); objects 1/1 present	85	[review=auto] || in-function gates: 2172-2181 REGISTER. [KEEP (dependency exists, but heater / motor / IO / customer -- stop...] || match=L1-samefile flip=same in_cmake=True
A1-237	a1_stub_body	ProductionInfo/uPAT_Function.cpp:2184-2208	PAT_Function::GetJobSpeedToSetting	ProductionInfo/uPAT_Function.cpp:1459-1478	10 stmts/20 lines; calls: Click	EMPTY body{} (only (void)x)	yes (1 certain, 0 possible) e.g. ProductionInfo/uPAT_Function.cpp:1647 in PAT_Function::LoadJobINI	gated-only 4/4, e.g. ProductionInfo/uPAT_Function.cpp:154 (alt-arm)	DISPLAY	callees 1/1 ok(def 1, macro 0, sys/undeclared 0); objects 1/1 present	85	[review=auto] || in-function gates: 2187-2207 REGISTER. [KEEP (dependency exists, but heater / motor / IO / customer -- stop...] || match=L1-samefile flip=same in_cmake=True
A2-119	a2_abbreviated_body	aoutarm9045.cpp:4114-4185	InitNewFixTrayForUnloaderClipRead	aoutarm9045.cpp:4536-4605	28 stmts/70 lines; calls: DoGetPhotoCmd, InitNewFixTray, ShowMyMessage	ABBREVIATED body (72 of 70 lines): 3/34 (9%) of golden's distinct statements exist live anywhere in the port; 91% only under #if 0/alt arm; 6% in this function	yes (10 certain, 0 possible) e.g. aoutarm9045.cpp:3034 in DoFixTrayFullAlarm	gated-only 4/4, e.g. aoutarm9045.cpp:494 (alt-arm)	DISPLAY	callees 3/3 ok(def 3, macro 0, sys/undeclared 0); objects 1/1 present	85	[review=auto] || in-function gates: 4117-4183 G2 [KEEP: still missing TfBarCode::eUnloaderClipAuto1, TfBarCode::eUnlo...] || match=L1-samefile flip=same in_cmake=True || port comment calls it a stub/offline
A1-238	a1_stub_body	cObserver.cpp:2040-2044	TfObserver::DoProduction_Summary_Report	cObserver.cpp:4889-5058	79 stmts/170 lines; calls: Clear, MyDBVProcess, ConvertSecondToSPC, StrToDateTime, FormatString, ReadIniData	EMPTY body{}	yes (1 certain, 0 possible) e.g. cObserver.cpp:1901 in TfObserver::BtnQueryClick	no (0/4 checked)	DISPLAY	callees 6/6 ok(def 6, macro 0, sys/undeclared 0); objects 4/5 present; OBJ-ABSENT [strngrdTemp]	85	[review=auto] docs:INBOX_QUEUE,AUDIT || match=L1-samefile flip=same in_cmake=True || port comment calls it a stub/offline
A1-239	a1_stub_body	cObserver.cpp:3091-3095	RecordMonitoringIndexCycleTime	cObserver.cpp:1709-1775	29 stmts/67 lines; calls: Close, ShowUnloaderTrayMessage, ShowMyMessage, IniRecordMonitoringIndexCycleTime, ChangeToFloatNonPcnt	EMPTY body{}	yes (1 same-file call sites; file-local static, other TUs bind to the real function) e.g. cObserver.cpp:3143 in RecordEndTestTime	no (0/4 checked)	DISPLAY	callees 5/5 ok(def 5, macro 0, sys/undeclared 0); objects 3/3 present	85	[review=auto] docs:NB2-seam-list(0925) || match=L1-samefile flip=same in_cmake=True
A1-240	a1_stub_body	cSecurity.cpp:687-902	ChangePassword	cSecurity.cpp:599-811	98 stmts/213 lines; calls: CheckAndReadIniDataGeneral, Clear, LoadFromFile, strncpy, SplitStrByDotSpaceOnly, Add ...	EMPTY body{} (only (void)x)	yes (7 certain, 0 possible) e.g. cSecurity.cpp:1074 in TfSecurity::btnHonPrecClick	gated-only 4/4, e.g. cSecurity.cpp:1425 (alt-arm)	DISPLAY	callees 15/16 ok(def 14, macro 0, sys/undeclared 1); ABSENT [MessageBox]; objects 6/6 present	85	[review=auto] docs:INBOX_QUEUE,RULINGS,handoff,AUDIT || in-function gates: 690-901 [KEEP: still missing fLogin, StringsProxy::Pos, Application (flip-co...] || match=L1-samefile flip=same in_cmake=True || port comment calls it a stub/offline
A1-241	a1_stub_body	cSecurity.cpp:1046-1064	TMySecurity::SetCaption	cSecurity.cpp:910-920	8 stmts/11 lines; calls:	EMPTY body{} (only (void)x)	possible (429, obj not resolvable) e.g. FileRW/HotPlateForm_File.cpp:78 in B_FormShow [obj=J]	gated-only 4/4, e.g. cSecurity.cpp:1494 (alt-arm)	DISPLAY	callees 0/0 ok(def 0, macro 0, sys/undeclared 0); objects 3/3 present	85	[review=auto] || in-function gates: 1051-1063 SEC10 [KEEP: still missing TPanel::Name, TRadioGroup::Name, TRadioGroup::C...] || match=L1-samefile flip=same in_cmake=True
A1-242	a1_stub_body	mycylin.cpp:705-722	TMyCylinder::UpdateSimulateCompomentPosition	mycylin.cpp:741-756	4 stmts/16 lines; calls:	EMPTY body{}	yes (6 certain, 0 possible) e.g. mycylin.cpp:351 in TMyCylinder::On	gated-only 3/3, e.g. mycylin.cpp:14 (alt-arm)	DISPLAY	callees 0/0 ok(def 0, macro 0, sys/undeclared 0); objects 1/1 present	85	[review=auto] || in-function gates: 707-721 TODO(W7-UI) [NOT REVIEWED: HIGH tier (the laptop's)] || match=L1-samefile flip=same in_cmake=True || port comment calls it a stub/offline
A1-243	a1_stub_body	uTemp_Set.cpp:5476-5516	TfTemp_Set::pgcTempOffsetChange	uTemp_Set.cpp:5150-5188	22 stmts/39 lines; calls:	EMPTY body{}	no (0 live call sites found)	YES live 2/4, e.g. uTemp_Set.cpp:1061 in TfTemp_Set::FormShow	DISPLAY	callees 0/0 ok(def 0, macro 0, sys/undeclared 0); objects 19/19 present	85	[review=auto] || in-function gates: 5478-5515 dep-TabSheet-PageIndex [KEEP: still missing TTabSheet::TabIndex, TPageControl::ActivePage, ...] || match=L1-samefile flip=same in_cmake=True
A1-244	a1_stub_body	uTemp_Set.cpp:6205-6238	TfTemp_Set::ShowLineOnTop	uTemp_Set.cpp:5823-5854	25 stmts/32 lines; calls: BringToFront	EMPTY body{}	yes (1 certain, 0 possible) e.g. uTemp_Set.cpp:1146 in TfTemp_Set::FormShow	gated-only 4/4, e.g. uTemp_Set.cpp:1276 (alt-arm)	DISPLAY	callees 1/1 ok(def 1, macro 0, sys/undeclared 0); objects 25/25 present	85	[review=auto] || in-function gates: 6207-6237 G-Align [KEEP: compiles, reviewed by hand in the 0930 stale scan (design dec...] || match=L1-samefile flip=same in_cmake=True
A1-245	a1_stub_body	uTemp_Set.cpp:6675-6697	TfTemp_Set::sgTjMapMouseDown	uTemp_Set.cpp:6291-6309	5 stmts/19 lines; calls: MouseToCell	EMPTY body{} (only (void)x)	no (0 live call sites found)	gated-only 4/4, e.g. uTemp_Set.cpp:1302 (alt-arm)	DISPLAY	callees 1/1 ok(def 1, macro 0, sys/undeclared 0); objects 2/2 present	85	[review=auto] || in-function gates: 6679-6695 G-Grid [KEEP: still missing TStringGrid::MouseToCell (flip-compile, main 8e...] || match=L1-samefile flip=same in_cmake=True
A2-120	a2_abbreviated_body	cBinSel.cpp:507-525	TfBinSel::ChangeActivePageIndex	cBinSel.cpp:2194-2212	8 stmts/19 lines; calls: ShowMyMessage	ABBREVIATED body (19 of 19 lines): 1/8 (12%) of golden's distinct statements exist live anywhere in the port; 0% only under #if 0/alt arm; 12% in this function	yes (7 certain, 2 possible) e.g. Command.cpp:12418 in TfMain::BinPosChange	no (0/4 checked)	DISPLAY	callees 1/1 ok(def 1, macro 0, sys/undeclared 0); objects 1/1 present	84	[review=auto] || match=L1-samefile flip=same in_cmake=True || port comment calls it a stub/offline
A2-121	a2_abbreviated_body	MyTempPanel.cpp:77-596	TMyTempPanel::TMyTempPanel	MyTempPanel.cpp:20-349	292 stmts/330 lines; calls: TPanel, TLabel, TEdit	ABBREVIATED body (520 of 330 lines): 49/292 (17%) of golden's distinct statements exist live anywhere in the port; 75% only under #if 0/alt arm; 16% in this function	no (0 live call sites found)	gated-only 3/4, e.g. MyTempPanel.cpp:430 (alt-arm)	DISPLAY	callees 3/3 ok(def 2, macro 0, sys/undeclared 1); objects 23/23 present	82	[review=auto] docs:other-docs || in-function gates: 123-129 [KEEP: still missing TPanel::Width, TPanel::Height, TPanel::DragKind...] | 131-134 [KEEP: still missing TPanel::BevelInner, bvNone, TPanel::BevelOuter ...] | 142-149 [KEEP: still missing TLabel::Parent, TLabel::AutoSize, TLabel::Width...] (+1) || match=L1-samefile flip=same in_cmake=True
A2-122	a2_abbreviated_body	cBinSel.cpp:3475-4192	TfBinSel::InitDataToEdit	cBinSel.cpp:4142-4783	270 stmts/642 lines; calls: TStringList, Clear, Add, SetCellColorIndex, SetCellNumber	ABBREVIATED body (718 of 642 lines): 72/248 (29%) of golden's distinct statements exist live anywhere in the port; 48% only under #if 0/alt arm; 27% in this function	yes (3 certain, 0 possible) e.g. FileRW/BinSelect.cpp:624 in SaveFlow	gated-only 3/4, e.g. cBinSel.cpp:342 (alt-arm)	DISPLAY	callees 5/5 ok(def 5, macro 0, sys/undeclared 0); objects 34/34 present	76	[review=auto] || in-function gates: 3484-3512 G7 [KEEP: 維持 -- 畫面：MyBinPanel 的編輯框文字（G7，edXxx），TMyBinPanelData 沒有這些 TEd...] | 3525-3528 G7 [KEEP: 維持 -- 畫面：MyBinPanel 的編輯框文字（G7，edXxx），TMyBinPanelData 沒有這些 TEd...] | 3546-3549 G7 [KEEP: 維持 -- 畫面：MyBinPanel 的編輯框文字（G7，edXxx），TMyBinPanelData 沒有這些 TEd...] (+1) || match=L1-samefile flip=same in_cmake=True || port comment calls it a stub/offline
A2-123	a2_abbreviated_body	EJ1N/MyOmronPanel.cpp:71-144	TMyOmronPanel::TMyOmronPanel	EJ1N/MyOmronPanel.cpp:10-65	48 stmts/56 lines; calls: TGroupBox, TEdit, TImage, TCheckBox, SetBG, SetPV ...	ABBREVIATED body (74 of 56 lines): 11/48 (23%) of golden's distinct statements exist live anywhere in the port; 71% only under #if 0/alt arm; 23% in this function	no (0 live call sites found)	gated-only 4/4, e.g. EJ1N/MyOmronPanel.cpp:11 (alt-arm)	DISPLAY	callees 11/12 ok(def 9, macro 0, sys/undeclared 2); ABSENT [TImage]; objects 3/4 present; OBJ-ABSENT [ImgOmronPanel]	74	[review=auto] docs:other-docs || in-function gates: 86-105 1 [KEEP: still missing ImgOmronPanel, TGroupBox::Width, TGroupBox::Hei...] | 115-123 [KEEP: still missing TEdit::Parent, TEdit::AutoSize, TEdit::Width, T...] | 125-132 [KEEP: still missing TEdit::Font, TEdit::ParentFont, TEdit::OnClick ...] (+1) || match=L1-samefile flip=same in_cmake=True
A1-246	a1_stub_body	language.cpp:629-632	TfLan::LoadCompomentForChangeLan	language.cpp:328-457	30 stmts/130 lines; calls: GotLanString, SetCompomentLanguage, eUserLanguage, LoadCompomentForChangeLan	EMPTY body{}	yes (1 certain, 0 possible) e.g. language.cpp:638 in TfLan::ChangeLanguage	gated-only 4/4, e.g. language.cpp:127 (alt-arm)	DISPLAY	callees 4/4 ok(def 3, macro 0, sys/undeclared 1); objects 5/9 present; OBJ-ABSENT [ShtPtr, PGroupBox, PLabel, PButton]	74	[review=auto] || match=L1-samefile flip=same in_cmake=True || port comment calls it a stub/offline
A2-124	a2_abbreviated_body	cObserver.cpp:696-761	TfObserver::SetSiteYieldDiagram	cObserver.cpp:771-836	28 stmts/66 lines; calls: SetCellNumber, SetCellColorIndex, UpdateBin	ABBREVIATED body (66 of 66 lines): 11/32 (34%) of golden's distinct statements exist live anywhere in the port; 0% only under #if 0/alt arm; 34% in this function	yes (4 certain, 0 possible) e.g. cObserver.cpp:526 in TfObserver::TfObserver	no (0/4 checked)	DISPLAY	callees 3/3 ok(def 3, macro 0, sys/undeclared 0); objects 4/4 present	73	[review=auto] || match=L1-samefile flip=same in_cmake=True
A1-247	a1_stub_body	EJ1N/MyOmronPanel.cpp:310-318	TMyOmronPanel::SetBG	EJ1N/MyOmronPanel.cpp:193-198	3 stmts/6 lines; calls: Rectangle, TRect	EMPTY body{}	yes (1 certain, 0 possible) e.g. EJ1N/MyOmronPanel.cpp:106 in TMyOmronPanel::TMyOmronPanel	gated-only 3/3, e.g. EJ1N/MyOmronPanel.cpp:71 (alt-arm)	DISPLAY	callees 2/2 ok(def 0, macro 0, sys/undeclared 2); objects 0/1 present; OBJ-ABSENT [ImgOmronPanel]	72	[review=auto] || in-function gates: 313-317 1 [KEEP: still missing ImgOmronPanel, TRect (flip-compile, main 8e5a1b...] || match=L1-samefile flip=same in_cmake=True
A2-125	a2_abbreviated_body	SECSGEM/uHGemEquipment.cpp:5733-5736	THGem::ShowLocalHeadInfo	SECSGEM/uHGemEquipment.cpp:1378-1405	17 stmts/28 lines; calls: StringOut	ABBREVIATED body (4 of 28 lines): 4/11 (36%) of golden's distinct statements exist live anywhere in the port; 0% only under #if 0/alt arm; 0% in this function	yes (1 certain, 0 possible) e.g. SECSGEM/uHGemEquipment.cpp:5834 in THGem::SendLocalDataFrom	YES live 1/4, e.g. SECSGEM/uHGemEquipment.cpp:5705 in THGem::ShowLocalHeadInfo [same-name family]	DISPLAY	callees 1/1 ok(def 1, macro 0, sys/undeclared 0); objects 2/2 present	72	[review=auto] || scope: feature:SECS/GEM || match=L1-samefile flip=same in_cmake=True || same-name real def elsewhere: SECSGEM/uHGemEquipment.cpp:5703
A1-248	a1_stub_body	VacuumUnit/MyVacuumPanel.cpp:499-511	TMyVacuumPanel::SetBG	VacuumUnit/MyVacuumPanel.cpp:373-378	3 stmts/6 lines; calls: Rectangle, TRect	EMPTY body{} (only (void)x)	yes (1 certain, 0 possible) e.g. VacuumUnit/MyVacuumPanel.cpp:246 in TMyVacuumPanel::TMyVacuumPanel	gated-only 3/3, e.g. VacuumUnit/MyVacuumPanel.cpp:215 (alt-arm)	DISPLAY	callees 2/2 ok(def 0, macro 0, sys/undeclared 2); objects 0/1 present; OBJ-ABSENT [ImgVacuumPanel]	72	[review=auto] || in-function gates: 505-509 1 [KEEP: still missing ImgVacuumPanel, TRect (flip-compile, main 8e5a1...] || match=L1-samefile flip=same in_cmake=True
A1-249	a1_stub_body	cSecurity.cpp:985-1032	TMySecurity::SetParent	cSecurity.cpp:860-902	28 stmts/43 lines; calls: Add	EMPTY body{} (only (void)x)	possible (18, obj not resolvable) e.g. FileRW/Temperature.gen.inc:168 in TS_TMyTempPanel::SetParent [obj=p]	YES live 3/4, e.g. WebLevelSet.cpp:320 in GoldenPageControlVisible	DISPLAY	callees 1/1 ok(def 1, macro 0, sys/undeclared 0); objects 4/4 present	72	[review=auto] || in-function gates: 988-1031 SEC10 [KEEP: still missing TPanel::Parent, TRadioGroup::Columns, TRadioGro...] || match=L1-samefile flip=same in_cmake=True
A1-250	a1_stub_body	cAuthority.cpp:630-640	ChangeCompomentEnabled	cAuthority.cpp:438-503	32 stmts/66 lines; calls: ChangeCompomentEnabled	EMPTY body{}	no (0 live call sites found)	gated-only 4/4, e.g. cAuthority.cpp:55 (alt-arm)	DISPLAY	callees 1/1 ok(def 1, macro 0, sys/undeclared 0); objects 6/10 present; OBJ-ABSENT [ShtPtr, PGroupBox, PLabel, PButton]	71	[review=auto] docs:other-docs || match=L1-samefile flip=same in_cmake=True || port comment calls it a stub/offline
A2-126	a2_abbreviated_body	Automation/uRENESAS_Server.cpp:2089-2129	TRENESAS_Server::GetEndMessge	Automation/uRENESAS_Server.cpp:1955-2002	23 stmts/48 lines; calls: fnsplit, cat_printf	ABBREVIATED body (41 of 48 lines): 7/23 (30%) of golden's distinct statements exist live anywhere in the port; 0% only under #if 0/alt arm; 30% in this function	yes (1 certain, 0 possible) e.g. Automation/uRENESAS_Server.cpp:2224 in TRENESAS_Server::SendEnd	no (0/4 checked)	DISPLAY	callees 1/2 ok(def 1, macro 0, sys/undeclared 0); ABSENT [fnsplit]; objects 5/5 present	69	[review=auto] || scope: customer/feature-specific || match=L1-samefile flip=same in_cmake=True
A1-251	a1_stub_body	language.cpp:322-325	TfLan::SearchCompomentForSave	language.cpp:119-188	19 stmts/70 lines; calls: UpdateCompomentToStrList, SearchCompomentForSave	EMPTY body{}	yes (1 certain, 0 possible) e.g. language.cpp:404 in TfLan::UpdateLanguageToStrList	gated-only 4/4, e.g. language.cpp:18 (alt-arm)	DISPLAY	callees 2/2 ok(def 2, macro 0, sys/undeclared 0); objects 4/8 present; OBJ-ABSENT [ShtPtr, PGroupBox, PLabel, PButton]	69	[review=auto] || match=L1-samefile flip=same in_cmake=True || port comment calls it a stub/offline
A1-252	a1_stub_body	Motor/myMN200motor.cpp:2447-2508	ShowMNetTree	Motor/myMN200motor.cpp:2085-2142	28 stmts/58 lines; calls: Clear, Add, GetUseMNetIPName, AddChild, FullExpand	EMPTY body{} (only (void)x)	no (0 live call sites found)	gated-only 4/4, e.g. Motor/myMN200motor.cpp:72 (alt-arm)	DISPLAY	callees 3/5 ok(def 3, macro 0, sys/undeclared 0); ABSENT [AddChild, FullExpand]; objects 1/2 present; OBJ-ABSENT [StrIP]	67	[review=auto] docs:other-docs || in-function gates: 2449-2507 [NOT REVIEWED: HIGH tier (the laptop's)] || scope: feature:MN200/EtherCAT card || match=L1-samefile flip=same in_cmake=True || port comment calls it a stub/offline
A1-253	a1_stub_body	AutoClean/AutoClean.cpp:189	MNetLog	Motor/myMN200motor.cpp:2146-2156	4 stmts/11 lines; calls: AddTextWithDateTime, Clear, Add	constant: return false;	yes (1 same-file call sites; file-local static, other TUs bind to the real function) e.g. AutoClean/AutoClean.cpp:3356 in RecDebug	gated-only 3/3, e.g. Motor/myMN200motor.cpp:89 (alt-arm)	DISPLAY	callees 3/3 ok(def 3, macro 0, sys/undeclared 0); objects 1/1 present	66	[review=auto] || scope: feature:MN200/EtherCAT card || match=L2-anyfile flip=same in_cmake=True || port comment calls it a stub/offline
A1-254	a1_stub_body	ProductionInfo/TfFTP.cpp:179	MNetLog	Motor/myMN200motor.cpp:2146-2156	4 stmts/11 lines; calls: AddTextWithDateTime, Clear, Add	constant: return false;	yes (58 same-file call sites; file-local static, other TUs bind to the real function) e.g. ProductionInfo/TfFTP.cpp:703 in TfFTP::Upload	gated-only 3/3, e.g. Motor/myMN200motor.cpp:89 (alt-arm)	DISPLAY	callees 3/3 ok(def 3, macro 0, sys/undeclared 0); objects 1/1 present	66	[review=auto] || scope: feature:MN200/EtherCAT card || match=L2-anyfile flip=same in_cmake=True || port comment calls it a stub/offline
A1-255	a1_stub_body	TempCtrl/TriTemp.cpp:517	W7TT_ShowNoteMessage_1032	note.cpp:6294-6308	11 stmts/15 lines; calls: BringToFront, ShowModal, RecordProcess	EMPTY body{}	yes (10 certain, 0 possible) e.g. TempCtrl/TriTemp.cpp:2465 in DoorOpenAlarmForTriTemp	no (0/4 checked)	DISPLAY	callees 3/3 ok(def 3, macro 0, sys/undeclared 0); objects 1/1 present	66	[review=auto] || match=L2-anyfile flip=same in_cmake=True
A1-256	a1_stub_body	cMyDB.cpp:186	MNetLog	Motor/myMN200motor.cpp:2146-2156	4 stmts/11 lines; calls: AddTextWithDateTime, Clear, Add	EMPTY body{}	no same-file call sites (file-local static: calls elsewhere bind to the real function; tree-wide by-name count was 96)	gated-only 3/3, e.g. Motor/myMN200motor.cpp:89 (alt-arm)	DISPLAY	callees 3/3 ok(def 3, macro 0, sys/undeclared 0); objects 1/1 present	66	[review=auto] || scope: feature:MN200/EtherCAT card || match=L2-anyfile flip=same in_cmake=True || port comment calls it a stub/offline
A2-127	a2_abbreviated_body	cShowBinSelect.cpp:850-900	TfShowBinSelect::UPH_StringGridDblClick	cShowBinSelect.cpp:2054-2099	14 stmts/46 lines; calls: MessageBoxA, MyDBIProcess	ABBREVIATED body (51 of 46 lines): 7/21 (33%) of golden's distinct statements exist live anywhere in the port; 67% only under #if 0/alt arm; 19% in this function	no (0 live call sites found)	gated-only 3/4, e.g. cShowBinSelect.cpp:1 (alt-arm)	DISPLAY	callees 1/2 ok(def 1, macro 0, sys/undeclared 0); ABSENT [MessageBoxA]; objects 4/4 present	66	[review=auto] || in-function gates: 861-896 B2 [KEEP: still missing Application (flip-compile, main 8e5a1b1b + gw) ...] || match=L1-samefile flip=same in_cmake=True
A1-257	a1_stub_body	ProductionInfo/uPAT_Function.cpp:1762-1784	PAT_Function::SetJobPlateToSetting	ProductionInfo/uPAT_Function.cpp:1103-1120	10 stmts/18 lines; calls: OverWritePlateFormData, SettingHotPlateFormFromServer	EMPTY body{} (only (void)x)	yes (1 certain, 0 possible) e.g. ProductionInfo/uPAT_Function.cpp:1601 in PAT_Function::SaveJobINI	gated-only 4/4, e.g. ProductionInfo/uPAT_Function.cpp:43 (alt-arm)	DISPLAY	callees 0/2 ok(def 0, macro 0, sys/undeclared 0); ABSENT [OverWritePlateFormData, SettingHotPlateFormFromServer]; objects 2/2 present	63	[review=auto] || in-function gates: 1765-1783 REGISTER. [KEEP: still missing TfProductionInfo::OverWritePlateFormData, Plate...] || match=L1-samefile flip=same in_cmake=True
A2-128	a2_abbreviated_body	forms/fTeachPara.cpp:96-138	TECH_PARA::ReadFromFile	uteach.cpp:77-116	11 stmts/40 lines; calls: CheckSectionExist, CheckAndReadIniData	ABBREVIATED body (43 of 40 lines): 5/16 (31%) of golden's distinct statements exist live anywhere in the port; 0% only under #if 0/alt arm; 31% in this function	possible (5, obj not resolvable) e.g. forms/fTeachPara.cpp:465 in TfTeach::ReadFile [obj=]	no (0/4 checked)	DISPLAY	callees 2/2 ok(def 2, macro 0, sys/undeclared 0); objects 2/2 present	63	[review=auto] docs:other-docs || match=L2-anyfile flip=same in_cmake=True
A2-129	a2_abbreviated_body	forms/fTeachPara.cpp:176-215	TECH_PARA::SaveToFile	uteach.cpp:118-157	11 stmts/40 lines; calls: CheckSectionExist, WriteIniData	ABBREVIATED body (40 of 40 lines): 5/16 (31%) of golden's distinct statements exist live anywhere in the port; 0% only under #if 0/alt arm; 31% in this function	possible (118, obj not resolvable) e.g. Automation/SCK_ART_Remainder.cpp:1268 in SckArtRem_SaveTestSummarySECS [obj=sList]	no (0/4 checked)	DISPLAY	callees 2/2 ok(def 2, macro 0, sys/undeclared 0); objects 2/2 present	63	[review=auto] || match=L2-anyfile flip=same in_cmake=True
A1-258	a1_stub_body	uTemp_Set.cpp:610-622	TfTemp_Set::SetBasePointIMG	uTemp_Set.cpp:410-419	3 stmts/10 lines; calls: LoadFromFile	EMPTY body{} (only (void)x)	yes (3 certain, 0 possible) e.g. uTemp_Set.cpp:896 in TfTemp_Set::FormShow	gated-only 2/2, e.g. uTemp_Set.cpp:15 (alt-arm)	DISPLAY	callees 1/1 ok(def 1, macro 0, sys/undeclared 0); objects 0/1 present; OBJ-ABSENT [Image1]	63	[review=auto] || in-function gates: 612-620 G-Image [KEEP: still missing Image1 (flip-compile, main 8e5a1b1b + gw) [RESC...] || match=L1-samefile flip=same in_cmake=True || port comment calls it a stub/offline
A2-130	a2_abbreviated_body	TempCtrl/TriTemp.cpp:1071-1137	fTriMachineSelectDeviceDefrost_End	TempCtrl/TriTemp.cpp:551-617	25 stmts/67 lines; calls: ChangeATCSiteUse, fUseDeviceReHeat, ShowErrorMessage, MyDBIProcess	ABBREVIATED body (67 of 67 lines): 16/30 (53%) of golden's distinct statements exist live anywhere in the port; 0% only under #if 0/alt arm; 53% in this function	yes (3 certain, 0 possible) e.g. TempCtrl/TriTemp.cpp:1187 in fcheckDefrostStatus	no (0/4 checked)	DISPLAY	callees 4/4 ok(def 4, macro 0, sys/undeclared 0); objects 3/3 present	62	[review=auto] docs:B8_RISK || match=L1-samefile flip=same in_cmake=True
A2-131	a2_abbreviated_body	VacuumUnit/MyVacuumPanel.cpp:78-373	TMyVacuumPanel::TMyVacuumPanel	VacuumUnit/MyVacuumPanel.cpp:16-272	174 stmts/257 lines; calls: TGroupBox, TImage, TEdit, TSpeedButton, TMyLed, TBtnPanelLane ...	ABBREVIATED body (296 of 257 lines): 51/162 (32%) of golden's distinct statements exist live anywhere in the port; 41% only under #if 0/alt arm; 32% in this function	no (0 live call sites found)	gated-only 2/4, e.g. VacuumUnit/MyVacuumPanel.cpp:53 (alt-arm)	DISPLAY	callees 9/10 ok(def 7, macro 0, sys/undeclared 2); ABSENT [TImage]; objects 4/8 present; OBJ-ABSENT [ImgVacuumPanel, myld1, bplOn, bplOff]	62	[review=auto] || in-function gates: 225-242 1 [KEEP: still missing ImgVacuumPanel, myld1, bplOn, bplOff, TGroupBox...] | 259-265 [KEEP: still missing TEdit::Parent, TEdit::Width, TEdit::Height (fli...] | 267-273 [KEEP: still missing TEdit::Font, TEdit::BorderStyle, TEdit::OnClick...] (+1) || match=L1-samefile flip=same in_cmake=True
A2-132	a2_abbreviated_body	TempCtrl/TriTemp.cpp:1027-1069	fTriMachineSelectDeviceDefrost_Start	TempCtrl/TriTemp.cpp:507-549	19 stmts/43 lines; calls: SwitchRefrigerator, fUseDeviceReHeat, MyDBIProcess	ABBREVIATED body (43 of 43 lines): 13/24 (54%) of golden's distinct statements exist live anywhere in the port; 0% only under #if 0/alt arm; 54% in this function	yes (1 certain, 0 possible) e.g. TempCtrl/TriTemp.cpp:1440 in fAllDevicePosDefrostON_OFF	no (0/4 checked)	DISPLAY	callees 3/3 ok(def 3, macro 0, sys/undeclared 0); objects 4/4 present	61	[review=auto] docs:B8_RISK || match=L1-samefile flip=same in_cmake=True
A2-133	a2_abbreviated_body	cObserver.cpp:840-1192	TfObserver::WriteContactKind	cObserver.cpp:1301-1645	86 stmts/345 lines; calls: IsNNMode, GetTotal, GetPassCT, GetPCA	ABBREVIATED body (353 of 345 lines): 30/55 (55%) of golden's distinct statements exist live anywhere in the port; 0% only under #if 0/alt arm; 55% in this function	yes (5 certain, 0 possible) e.g. cObserver.cpp:1199 in TfObserver::rgContactCountKindsClick	no (0/4 checked)	DISPLAY	callees 4/4 ok(def 4, macro 0, sys/undeclared 0); objects 9/9 present	61	[review=auto] || match=L1-samefile flip=same in_cmake=True
A2-134	a2_abbreviated_body	forms/fHome.cpp:143-170	THomeClass::THomeClass	uhome.cpp:61-104	35 stmts/44 lines; calls: TLabel, TEdit, TALed	ABBREVIATED body (28 of 44 lines): 9/36 (25%) of golden's distinct statements exist live anywhere in the port; 6% only under #if 0/alt arm; 22% in this function	no (0 live call sites found)	no (0/4 checked)	DISPLAY	callees 3/3 ok(def 2, macro 0, sys/undeclared 1); objects 4/5 present; OBJ-ABSENT [ledHome]	61	[review=auto] || match=L2-anyfile flip=same in_cmake=True
A2-135	a2_abbreviated_body	cSpeed.cpp:870-1105	TfSpeed::ReadWriteFile	cSpeed.cpp:784-1006	88 stmts/223 lines; calls: ReadWriteIni	ABBREVIATED body (236 of 223 lines): 56/101 (55%) of golden's distinct statements exist live anywhere in the port; 45% only under #if 0/alt arm; 50% in this function	yes (1 certain, 0 possible) e.g. cSpeed.cpp:867 in TfSpeed::ReadFile	gated-only 2/4, e.g. cSpeed.cpp:68 (alt-arm)	DISPLAY	callees 1/1 ok(def 1, macro 0, sys/undeclared 0); objects 39/40 present; OBJ-ABSENT [dmTrayMotor]	60	[review=auto] || in-function gates: 889-977 S5 [KEEP: still missing dmTrayMotor (flip-compile, main 8e5a1b1b + gw) ...] || match=L1-samefile flip=same in_cmake=True
A1-259	a1_stub_body	Automation/uRENESAS_Server.cpp:3267-3301	TContinueForm::TContinueForm	Automation/uRENESAS_Server.cpp:3113-3144	26 stmts/32 lines; calls: TBorderIcons, TLabel, SetBounds, TPanel, TFontStyles	EMPTY body{}	no (0 live call sites found)	gated-only 4/4, e.g. Automation/uRENESAS_Server.cpp:78 (alt-arm)	DISPLAY	callees 3/5 ok(def 2, macro 0, sys/undeclared 1); ABSENT [TBorderIcons, SetBounds]; objects 0/2 present; OBJ-ABSENT [lbl, pnl]	59	[review=auto] || in-function gates: 3270-3300 [KEEP: still missing TContinueForm::Caption, TContinueForm::BorderSt...] || scope: customer/feature-specific || match=L1-samefile flip=same in_cmake=True
A2-136	a2_abbreviated_body	cMyDB.cpp:1633-1712	MyDBVProcess	cMyDB.cpp:1338-1409	24 stmts/72 lines; calls: sqlite3_get_table, GetJamArea, GetJemIncludeMTBA, sqlite3_free, sqlite3_free_table	ABBREVIATED body (80 of 72 lines): 7/31 (23%) of golden's distinct statements exist live anywhere in the port; 64% only under #if 0/alt arm; 6% in this function	yes (2 certain, 0 possible) e.g. cObserver.cpp:1834 in TfObserver::BtnQueryClick	YES live 1/4, e.g. cMyDB.cpp:1627 in MyDBVEventFreq	DISPLAY	callees 2/5 ok(def 2, macro 0, sys/undeclared 0); ABSENT [sqlite3_get_table, sqlite3_free, sqlite3_free_table]; objects 2/2 present	59	[review=auto] docs:INBOX_QUEUE || in-function gates: 1667-1678 TODO(GA1-B4) [] || match=L1-samefile flip=same in_cmake=True || port comment calls it a stub/offline
A2-137	a2_abbreviated_body	forms/fMain.cpp:508	TfMain::LoadStartModePicture	main.cpp:23827-23888	12 stmts/62 lines; calls: LoadFromFile	ABBREVIATED body (1 of 62 lines): 4/19 (21%) of golden's distinct statements exist live anywhere in the port; 0% only under #if 0/alt arm; 0% in this function	yes (2 certain, 0 possible) e.g. RunStartMode.cpp:812 in SetRunStartMode	YES live 2/4, e.g. Command.cpp:11824 in TfMain::ChkStatus	DISPLAY	callees 1/1 ok(def 1, macro 0, sys/undeclared 0); objects 3/4 present; OBJ-ABSENT [imgStartMode]	59	[review=auto] || match=L2-anyfile flip=same in_cmake=True || port comment calls it a stub/offline
A1-260	a1_stub_body	Automation/auto9045.cpp:290	W5FA_TfLotInfoExt::SetFirstTrayCheckOnUnloader	uLotInfo.cpp:16036-16045	7 stmts/10 lines; calls:	EMPTY body{}	possible (2, obj not resolvable) e.g. Automation/auto9045.cpp:1491 in SetLotInfoGreatekOEE [obj=W5FA_FLotInfo]	YES live 4/4, e.g. forms/fLotInfo.cpp:4990 in TfLotInfo::cbFirstTrayCheckOnUnloaderClick	DISPLAY	callees 0/0 ok(def 0, macro 0, sys/undeclared 0); objects 6/6 present	57	[review=auto] || match=L5-standin-class flip=same in_cmake=True || port comment calls it a stub/offline || same-name real def elsewhere: forms/fLotInfo.cpp:5005
A1-261	a1_stub_body	Motor/myGALILmotor.cpp:672	W4G_TfMainExt::AddIndexPosLog	main.cpp:33634-33664	12 stmts/31 lines; calls: MyForceDirectories, Add, SaveToFile, Clear	EMPTY body{}	no (0 live call sites found)	no (0/4 checked)	DISPLAY	callees 4/4 ok(def 4, macro 0, sys/undeclared 0); objects 2/2 present	57	[review=auto] || scope: feature:Galil motor || match=L5-standin-class flip=same in_cmake=True || port comment calls it a stub/offline
A1-262	a1_stub_body	OCRInsp.cpp:350	W906OCR_TfOCRSeam::DeleteOCRImage	OCR.cpp:2476-2497	11 stmts/22 lines; calls: Update, Refresh, MyForceDirectories	EMPTY body{}	possible (2, obj not resolvable) e.g. OCRInsp.cpp:1167 in DoOCRFlow1 [obj=fOCR]	no (0/4 checked)	DISPLAY	callees 3/3 ok(def 3, macro 0, sys/undeclared 0); objects 2/2 present	57	[review=auto] || scope: feature:OCR camera || match=L5-standin-class flip=same in_cmake=True || port comment calls it a stub/offline
A1-263	a1_stub_body	acatchtray_shims.cpp:73	TfTrayMapping::WritePickMapLog	cTrayMapping.cpp:3243-3272	8 stmts/30 lines; calls: WriteTrayMapLog	EMPTY body{}	yes (1 certain, 0 possible) e.g. acatchtray.cpp:1587 in InitialCatchFromLoader	YES live 1/4, e.g. forms/fTrayMapping.cpp:255 in TfTrayMappingForm::TrayMapSetDefault	DISPLAY	callees 0/1 ok(def 0, macro 0, sys/undeclared 0); DECL-ONLY(no body) [WriteTrayMapLog]; objects 3/3 present	57	[review=auto] docs:GL_S0_STUB_LEDGER(Aug26) || scope: feature:CCD/tray-map || match=L2-anyfile flip=same in_cmake=True
A1-264	a1_stub_body	cObserver.cpp:4528-4586	TfObserver::DrawCellCounter	cObserver.cpp:1080-1132	14 stmts/53 lines; calls: FillRect, MyDrawText, IsNNMode	EMPTY body{} (only (void)x)	yes (2 certain, 0 possible) e.g. cObserver.cpp:4360 in TfObserver::StringGrid2DrawCell	gated-only 4/4, e.g. cObserver.cpp:227 (alt-arm)	DISPLAY	callees 3/3 ok(def 2, macro 0, sys/undeclared 1); objects 3/3 present	57	[review=auto] || in-function gates: 4530-4585 FW3A-10 [KEEP: still missing pCanvas, Rect, MyDrawText, DcSG2 (flip-compile,...] || match=L3-arity-mismatch flip=same in_cmake=True || port comment calls it a stub/offline
A1-265	a1_stub_body	cObserver.cpp:4606-4775	TfObserver::DrawCellCategory	cObserver.cpp:1136-1299	78 stmts/164 lines; calls: FillRect, MyDrawText	EMPTY body{} (only (void)x)	yes (1 certain, 0 possible) e.g. cObserver.cpp:4847 in TfObserver::StringGrid5DrawCell	gated-only 4/4, e.g. cObserver.cpp:300 (alt-arm)	DISPLAY	callees 2/2 ok(def 1, macro 0, sys/undeclared 1); objects 5/5 present	57	[review=auto] || in-function gates: 4608-4774 FW3A-10 [KEEP: still missing pCanvas, SGDC, Rect, MyDrawText (flip-compile, ...] || match=L3-arity-mismatch flip=same in_cmake=True || port comment calls it a stub/offline
A1-266	a1_stub_body	cSecurity.cpp:933-977	TMySecurity::TMySecurity	cSecurity.cpp:818-852	23 stmts/35 lines; calls: TPanel, TRadioGroup, TSpeedButton, SetCaption, SetParent	EMPTY body{} (only (void)x)	no (0 live call sites found)	gated-only 4/4, e.g. cSecurity.cpp:1447 (alt-arm)	DISPLAY	callees 5/5 ok(def 5, macro 0, sys/undeclared 0); objects 3/3 present	57	[review=auto] || in-function gates: 940-976 SEC10 [KEEP: still missing signature:vclcompat::TPanel::TPanel, TPanel::He...] || match=L3-arity-mismatch flip=same in_cmake=True
A2-138	a2_abbreviated_body	cSensorScan.cpp:69-433	TfMain::ProcessSensorScan	main.cpp:13949-14305	115 stmts/357 lines; calls: ChangeToFloat, UpdateCount, RecordProcess, ShowMyMessage, Start, CheckActionFlag ...	ABBREVIATED body (365 of 357 lines): 63/142 (44%) of golden's distinct statements exist live anywhere in the port; 56% only under #if 0/alt arm; 43% in this function	yes (1 certain, 0 possible) e.g. csystem.cpp:1844 in DoAllProcess	YES live 1/4, e.g. WebStart.cpp:2550 in TfMainWeb::StartFromWeb	DISPLAY	callees 7/7 ok(def 7, macro 0, sys/undeclared 0); objects 15/15 present	57	[review=auto] || in-function gates: 158-160 W906-SENSORSCAN-G1 [KEEP: still missing fSCKART (flip-compile, main 8e5a1b1b + gw) [RES...] | 164-199 W906-SENSORSCAN-G2 [KEEP: still missing TfLotInfo::edInputAmount, TfLotInfo::edLoadingC...] | 202-301 W906-SENSORSCAN-G3 [KEEP: still missing TfLotInfo::LART_Passlimit, TfLotInfo::LART_Open...] (+1) || match=L2-anyfile flip=same in_cmake=True
A1-267	a1_stub_body	cStartCondition.cpp:696-716	TfStartCondition::pgLifeTimeChange	cStartCondition.cpp:1029-1047	4 stmts/19 lines; calls:	EMPTY body{}	no (0 live call sites found)	YES live 1/4, e.g. cStartCondition.cpp:488 in TfStartCondition::FormShow	DISPLAY	callees 0/0 ok(def 0, macro 0, sys/undeclared 0); objects 3/3 present	57	[review=auto] || in-function gates: 698-715 [KEEP: still missing TPageControl::ActivePage (flip-compile, main 8e...] || scope: feature:RTC vision || match=L3-arity-mismatch flip=same in_cmake=True
A1-268	a1_stub_body	forms/fMain.cpp:30	TfMainHanaART::AddNewTrayHead	Automation/HANA_ART.cpp:840-854	6 stmts/15 lines; calls: IsHanaArtAvailable, AddText	EMPTY body{}	possible (1, obj not resolvable) e.g. acatchtray.cpp:8737 in AddTrayCount [obj=hanaART]	YES live 1/4, e.g. Automation/HANA_ART.cpp:954 in uHANA_ART::UpdateFileNameList	DISPLAY	callees 2/2 ok(def 2, macro 0, sys/undeclared 0); objects 4/4 present	57	[review=auto] || scope: customer/feature-specific || match=L6-unique-name flip=same in_cmake=True || port comment calls it a stub/offline || same-name real def elsewhere: Automation/HANA_ART.cpp:992
A2-139	a2_abbreviated_body	forms/fNote_ShowError.cpp:134-347	TfNote::ErrShowToForm	note.cpp:4307-4509	49 stmts/203 lines; calls: PlayMovie, Clear, LoadFromFile, Add	ABBREVIATED body (214 of 203 lines): 11/43 (26%) of golden's distinct statements exist live anywhere in the port; 74% only under #if 0/alt arm; 21% in this function	yes (5 certain, 0 possible) e.g. forms/fNote_ShowError.cpp:402 in W906_ShowErrorMessageRecordLikeGolden	gated-only 4/4, e.g. forms/fNote_ShowError.cpp:39 (alt-arm)	DISPLAY	callees 3/4 ok(def 3, macro 0, sys/undeclared 0); DECL-ONLY(no body) [PlayMovie]; objects 6/8 present; OBJ-ABSENT [reDescription, ShowMessageEdit1]	56	[review=auto] || in-function gates: 227-264 W906-SHOWERR [KEEP: still missing reDescription, TfNote::reBigDescription (flip-c...] | 273-326 W906-SHOWERR [KEEP: still missing ShowMessageEdit1, TfNote::reBigDescription (fli...] | 331-333 W906-SHOWERR [KEEP: 客戶專屬（S25）: 客戶專屬（S25）：uHGemHT9045.cpp:7867（CC_KYEC_LEE 的 Check...] (+1) || match=L2-anyfile flip=same in_cmake=True
A2-140	a2_abbreviated_body	cMyDB.cpp:1542-1631	MyDBVEventFreq	cMyDB.cpp:1254-1336	44 stmts/83 lines; calls: sqlite3_get_table, ChangeToPercentage, sqlite3_free, sqlite3_free_table	ABBREVIATED body (90 of 83 lines): 4/42 (10%) of golden's distinct statements exist live anywhere in the port; 90% only under #if 0/alt arm; 5% in this function	yes (1 certain, 0 possible) e.g. cObserver.cpp:1827 in TfObserver::BtnQueryClick	gated-only 4/4, e.g. cMyDB.cpp:563 (alt-arm)	DISPLAY	callees 1/4 ok(def 1, macro 0, sys/undeclared 0); ABSENT [sqlite3_get_table, sqlite3_free, sqlite3_free_table]; objects 1/1 present	55	[review=auto] || match=L1-samefile flip=same in_cmake=True || port comment calls it a stub/offline
A1-269	a1_stub_body	Automation/uRENESAS_Server.cpp:3205-3234	TErrorForm::TErrorForm	Automation/uRENESAS_Server.cpp:3055-3082	23 stmts/28 lines; calls: TBorderIcons, TLabel, SetBounds, TButton	EMPTY body{}	no (0 live call sites found)	gated-only 4/4, e.g. Automation/uRENESAS_Server.cpp:65 (alt-arm)	DISPLAY	callees 2/4 ok(def 1, macro 0, sys/undeclared 1); ABSENT [TBorderIcons, SetBounds]; objects 0/2 present; OBJ-ABSENT [lbl, btnClose]	54	[review=auto] || in-function gates: 3207-3233 [KEEP: still missing TErrorForm::Caption, TErrorForm::BorderStyle, b...] || scope: customer/feature-specific || match=L1-samefile flip=same in_cmake=True
A1-270	a1_stub_body	VacuumUnit/MyVacuumPanel.cpp:531-567	TMyVacuumPanel::btnVaccumOnOffOnClick	VacuumUnit/MyVacuumPanel.cpp:391-416	9 stmts/26 lines; calls: Acm_DaqDoSetBitEx, ChangeBtnPanelLane	EMPTY body{} (only (void)x)	no (0 live call sites found)	no (0/4 checked)	DISPLAY	callees 0/2 ok(def 0, macro 0, sys/undeclared 0); ABSENT [Acm_DaqDoSetBitEx, ChangeBtnPanelLane]; objects 1/1 present	54	[review=auto] || in-function gates: 541-565 3 [KEEP: still missing TBtnPanelLane, Ptr, ChangeBtnPanelLane (flip-co...] || match=L1-samefile flip=same in_cmake=True || port comment calls it a stub/offline
A2-141	a2_abbreviated_body	forms/fLotInfo.cpp:1074-1166	TfLotInfo::AdjtsYieldMonitiorSize	uLotInfo.cpp:13636-13717	26 stmts/82 lines; calls: RefreshYieldMonitor, RefreshAMR	ABBREVIATED body (93 of 82 lines): 15/30 (50%) of golden's distinct statements exist live anywhere in the port; 0% only under #if 0/alt arm; 50% in this function	yes (6 certain, 0 possible) e.g. forms/fLotInfo.cpp:745 in TfLotInfo::RefreshYieldMonitor_SIGURD	YES live 1/4, e.g. FileRW/IniConfig.gen.inc:3316 in IC_InitConfigEdtList_ItemA	DISPLAY	callees 2/2 ok(def 2, macro 0, sys/undeclared 0); objects 14/14 present	54	[review=auto] || match=L2-anyfile flip=same in_cmake=True || port comment calls it a stub/offline
A2-142	a2_abbreviated_body	forms/fMain.cpp:504	TfMain::LoadRunModePicture	main.cpp:12382-12403	9 stmts/22 lines; calls: LoadFromFile	ABBREVIATED body (1 of 22 lines): 1/11 (9%) of golden's distinct statements exist live anywhere in the port; 0% only under #if 0/alt arm; 0% in this function	yes (5 certain, 0 possible) e.g. FileRW/MainClick.cpp:1134 in W906_Main_RunICModeChange	no (0/4 checked)	DISPLAY	callees 1/1 ok(def 1, macro 0, sys/undeclared 0); objects 1/3 present; OBJ-ABSENT [palRunMode_1, imgRunMode]	51	[review=auto] || match=L2-anyfile flip=same in_cmake=True
A1-271	a1_stub_body	language.cpp:950-953	FormReSize	language.cpp:478-733	140 stmts/256 lines; calls: FormReSize	EMPTY body{}	no (0 live call sites found)	gated-only 4/4, e.g. language.cpp:957 (alt-arm)	DISPLAY	callees 1/1 ok(def 1, macro 0, sys/undeclared 0); objects 6/24 present; OBJ-ABSENT [PPageControl, PRadioGroup, PComboBox, PImage, PALed, PMaskEdit, PPanel, PButton]	51	[review=auto] || match=L1-samefile flip=same in_cmake=True
B-282	b_gate_expired	Command.cpp:12994-13001	TfMain::SetSGCONTFAIL	Command.cpp:12046-12051 (file assumed = port file)	golden text VERBATIM in the gate: WriteIniData(szDir, "Alarm", "SocketEnable RT", iOn); WriteIniData(szDir, "Alarm", "HeadEnable RT", iOn); fYieldMonitoring->rbContsFailBySocket_RTOn->Checked=TestIF_Fi...	gated by IF0; nothing replaces it (the statements simply do not happen)	yes (1 callers of enclosing TfMain::SetSGCONTFAIL)	no (0/6 statements found live elsewhere)	DISPLAY	callees 1/1 ok(def 1, macro 0, sys/undeclared 0); objects 2/2 present	50	[review=auto] ST02 row 1147 [MEDIUM]: LIFTED on main 1d596436: 4232999a (S-09 stale scan C (12): remote commands and replies now do what golden does, the dependency now exists (the la) || gate_id=FW3-WD
A2-143	a2_abbreviated_body	Public/HTEditList.cpp:1392-1478	HTEditList::InitialDataToEdit	Public/HTEditList.cpp:1323-1445	50 stmts/123 lines; calls: ConvertIntStrToDouble	ABBREVIATED body (87 of 123 lines): 37/62 (60%) of golden's distinct statements exist live anywhere in the port; 3% only under #if 0/alt arm; 58% in this function	possible (14, obj not resolvable) e.g. FileRW/AutoCalSuckZ.gen.inc:223 in ACZ_DoIniDataToForm [obj=elData]	YES live 2/4, e.g. Public/HTEditList.cpp:797 in HTEditList::SaveEditTextToFile	DISPLAY	callees 1/1 ok(def 1, macro 0, sys/undeclared 0); objects 7/9 present; OBJ-ABSENT [Ed, LEd]	50	[review=auto] || match=L1-samefile flip=same in_cmake=True || port comment calls it a stub/offline
B-283	b_gate_expired	SECSGEM/uHGemEquipment.cpp:7633-7647	THGem::EventReport	uHGemEquipment.cpp:92-96 (file assumed = port file)	golden text VERBATIM in the gate: Timer1->Enabled=false; Close();	gated by IF0; nothing replaces it (the statements simply do not happen)	yes (182 callers of enclosing THGem::EventReport)	yes: 1/1 statements already live elsewhere, e.g. BinDisplay/MyBinDisp.cpp:257	DISPLAY	callees 1/1 ok(def 1, macro 0, sys/undeclared 0); objects 1/1 present	50	[review=auto] ST02 row 1236 [MEDIUM]: KEEP: still missing Timer1, Close (flip-compile, main 8e5a1b1b + gw) [RESCAN 0930]; DECL-ONLY: every name ST02 calls missing has a live definition (declonly_scan) || gate_id=W9-ExitTail
B-284	b_gate_expired	cObserver.cpp:3906-3911	TfObserver::FormShow	n/a (gate does not cite a golden line)	golden text as gated: Timer1->Enabled=true;	gated by IF0; nothing replaces it (the statements simply do not happen)	yes (16 callers of enclosing TfObserver::FormShow)	yes: 1/1 statements already live elsewhere, e.g. BinDisplay/MyBinDisp.cpp:216	DISPLAY	callees 0/0 ok(def 0, macro 0, sys/undeclared 0); objects 1/1 present	50	[review=auto] ST02 row 469 [LOW]: KEEP: still missing Timer1 (flip-compile, main 8e5a1b1b + gw) [RESCAN 0930]; DECL-ONLY: every name ST02 calls missing has a live definition (declonly_scan) || gate_id=FW3A-7
B-285	b_gate_expired	cObserver.cpp:4230-4232	TfObserver::FormClose	n/a (gate does not cite a golden line)	golden text as gated: Timer1->Enabled=false;	gated by IF0; nothing replaces it (the statements simply do not happen)	yes (11 callers of enclosing TfObserver::FormClose)	yes: 1/1 statements already live elsewhere, e.g. BinDisplay/MyBinDisp.cpp:257	DISPLAY	callees 0/0 ok(def 0, macro 0, sys/undeclared 0); objects 1/1 present	50	[review=auto] ST02 row 472 [LOW]: KEEP: still missing Timer1 (flip-compile, main 8e5a1b1b + gw) [RESCAN 0930]; DECL-ONLY: every name ST02 calls missing has a live definition (declonly_scan) || gate_id=FW3A-7
B-286	b_gate_expired	uYieldMonitoring.cpp:3518-3522	TfYieldMonitoring::ReadFile	uYieldMonitoring.cpp:527-893 (file assumed = port file)	golden text as gated: DoIniDataToForm(); fSortCT->pnlYield->Visible=TestIF_File.bLowYieldAlarmByBin; fSortCT->pnlYieldART->Visible=TestIF_File.bLowYieldAlarmByBin;	gated by IF0; nothing replaces it (the statements simply do not happen)	yes (107 callers of enclosing TfYieldMonitoring::ReadFile)	yes: 1/3 statements already live elsewhere, e.g. OmronLaser/LaserSensor.cpp:508	DISPLAY	callees 1/1 ok(def 1, macro 0, sys/undeclared 0); objects 2/2 present	50	[review=auto] ST02 row 1054 [LOW]: KEEP: still missing DoIniDataToForm (flip-compile, main 8e5a1b1b + gw) [RESCAN 0930]; DECL-ONLY: every name ST02 calls missing has a live definition (declonly_scan) || gate_id=G-YM-Tail
A1-272	a1_stub_body	forms/fOffSet.cpp:10	TfOffSet::UseAutoOffsetFunction	cOffSet.cpp:2940-2953	3 stmts/14 lines; calls: IsArmNeedPause	constant: return false;	yes (19 certain, 0 possible) e.g. ainarm9045.cpp:7337 in InArmNeedCheckOffset	no (0/3 checked)	DISPLAY	callees 0/1 ok(def 0, macro 0, sys/undeclared 0); ABSENT [IsArmNeedPause]; objects 3/5 present; OBJ-ABSENT [fAutoTeach, cb_AutoOffsetPositionCheck]	47	[review=auto] || match=L2-anyfile flip=same in_cmake=True || port comment calls it a stub/offline
A1-273	a1_stub_body	FileRW/AOAOffset.cpp:96	Reload	EJ1N/fDTME08.cpp:81-86	3 stmts/6 lines; calls: ReadSettingFile, GetSocketAddress, GetSocketPort	EMPTY body{}	yes (2 certain, 0 possible) e.g. FileRW/BinSelect.cpp:891 in BinCloseTail	gated-only 3/3, e.g. forms/fDTME08.cpp:57 (alt-arm)	DISPLAY	callees 3/3 ok(def 3, macro 0, sys/undeclared 0); objects 1/3 present; OBJ-ABSENT [edAddress, edPort]	46	[review=auto] || match=L6-unique-name flip=same in_cmake=True || port comment calls it a stub/offline
A1-274	a1_stub_body	FileRW/TestIF_File_Cleaning.cpp:210	Reload	EJ1N/fDTME08.cpp:81-86	3 stmts/6 lines; calls: ReadSettingFile, GetSocketAddress, GetSocketPort	EMPTY body{}	yes (2 certain, 0 possible) e.g. FileRW/BinSelect.cpp:891 in BinCloseTail	gated-only 3/3, e.g. forms/fDTME08.cpp:57 (alt-arm)	DISPLAY	callees 3/3 ok(def 3, macro 0, sys/undeclared 0); objects 1/3 present; OBJ-ABSENT [edAddress, edPort]	46	[review=auto] || match=L6-unique-name flip=same in_cmake=True
A1-275	a1_stub_body	cStartCondition.cpp:923-957	TfStartCondition::strngrdCylinderViewDrawCell	cStartCondition.cpp:1418-1450	11 stmts/33 lines; calls: TFontStyles, MyDrawText	EMPTY body{} (only (void)x)	no (0 live call sites found)	gated-only 4/4, e.g. cStartCondition.cpp:86 (alt-arm)	DISPLAY	callees 2/2 ok(def 1, macro 0, sys/undeclared 1); objects 0/1 present; OBJ-ABSENT [pCanvasCyl]	46	[review=auto] || in-function gates: 925-956 [NOT REVIEWED: HIGH tier (the laptop's)] || scope: feature:RTC vision || match=L3-arity-mismatch flip=same in_cmake=True
A1-276	a1_stub_body	csystem.cpp:2578	W7C1_GetLastOpenFN	common.cpp:1252-1281	10 stmts/30 lines; calls: TStringList, LoadFromFile, ShowMyMessage, Clear	constant: return AnsiString("");	yes (1 certain, 0 possible) e.g. csystem.cpp:3111 in DoCleanOutFinishCheck [via #define GetLastOpenFN]	YES live 3/4, e.g. Automation/auto9045.cpp:85 in W5FA_GetLastOpenFN	DISPLAY	callees 4/4 ok(def 4, macro 0, sys/undeclared 0); objects 1/1 present	42	[review=auto] docs:NB2-seam-list(0925),INBOX_QUEUE || match=L2-anyfile flip=absentB in_cmake=True || port comment calls it a stub/offline || same-name real def elsewhere: common.cpp:1446
A2-144	a2_abbreviated_body	forms/fMain_OperateMode.cpp:574-605	TfMain::SetNormalOrPrime	main.cpp:32387-32410	8 stmts/24 lines; calls:	ABBREVIATED body (32 of 24 lines): 2/10 (20%) of golden's distinct statements exist live anywhere in the port; 80% only under #if 0/alt arm; 20% in this function	yes (2 certain, 0 possible) e.g. FileRW/BinSelect.gen.inc:1057 in BS_SetPrimeButton	YES live 1/4, e.g. FileRW/BinSelect.gen.inc:1026 in BS_SetPrimeButton	DISPLAY	callees 0/0 ok(def 0, macro 0, sys/undeclared 0); objects 1/3 present; OBJ-ABSENT [palPrime, palNormal]	41	[review=auto] || in-function gates: 578-581 TODO(W906-OPMODE) [KEEP: 維持 -- 畫面元件（spbSet／labSoakTime／labDeg／imgTempOnOff／lblTemperat...] | 585-588 TODO(W906-OPMODE) [KEEP: 維持 -- 畫面元件（spbSet／labSoakTime／labDeg／imgTempOnOff／lblTemperat...] | 592-595 TODO(W906-OPMODE) [KEEP: 維持 -- 畫面元件（spbSet／labSoakTime／labDeg／imgTempOnOff／lblTemperat...] (+1) || match=L2-anyfile flip=same in_cmake=True || port comment calls it a stub/offline
A2-145	a2_abbreviated_body	forms/fSCKART.cpp:151-166	TfSCKART::AccessFile	Automation/SCK_ART.cpp:190-444	145 stmts/255 lines; calls: SetSetupFilePath, ReadWriteIni, WriteIniData, gethostname, IsHanaArtAvailable, SetStartModeData ...	ABBREVIATED body (16 of 255 lines): 37/160 (23%) of golden's distinct statements exist live anywhere in the port; 1% only under #if 0/alt arm; 2% in this function	yes (27 certain, 3 possible) e.g. Automation/HANA_ART.cpp:566 in uHANA_ART::DoCmdWhenHDStart	YES live 1/4, e.g. Automation/SCK_ART_Remainder.cpp:495 in SckArtRem_AccessFile [same-name family]	DISPLAY	callees 9/12 ok(def 9, macro 0, sys/undeclared 0); DECL-ONLY(no body) [ReadTestIFFile]; ABSENT [SetSetupFilePath, gethostname]; objects 10/42 present; OBJ-ABSENT [palInputQty, palTesterType, palLotStatus, palARTPassRate, edLotCount, edARTPassRate, chkNoTesterCmd, cbAutoSkip]	41	[review=auto] docs:GL_S0_STUB_LEDGER(Aug26),handoff || scope: customer/feature-specific || match=L2-anyfile flip=same in_cmake=True
B-287	b_gate_expired	Command.cpp:3245-3247	TfMain::SetTesterID	Command.cpp:2887 (file assumed = port file)	golden text as gated: fConfiguration->edN27_6->Text=asCmd;	gated by IF0; nothing replaces it (the statements simply do not happen)	yes (1 callers of enclosing TfMain::SetTesterID)	no (0/1 statements found live elsewhere)	DISPLAY	callees 0/0 ok(def 0, macro 0, sys/undeclared 0); objects 1/1 present	40	[review=auto] ST02 row 1119 [MEDIUM]: CLAIMED: Q3 = A, fConfiguration via the FileRW edit-list proxies; St02 local 4cdf1af3, waits for ST01-E R1 / R2 (Q3_FCONFIG_CLAIMS 0930) || gate_id=FW3-WA
B-288	b_gate_expired	Command.cpp:16960-16962	TfMain::TCPCommandServerClientRead	Command.cpp:13272 (file assumed = port file)	golden text as gated: fConfiguration->cbD22_1->Checked=true;	gated by IF0; nothing replaces it (the statements simply do not happen)	yes (2 callers of enclosing TfMain::TCPCommandServerClientRead)	no (0/1 statements found live elsewhere)	DISPLAY	callees 0/0 ok(def 0, macro 0, sys/undeclared 0); objects 1/1 present	40	[review=auto] ST02 row 1188 [MEDIUM]: CLAIMED: Q3 = A, fConfiguration via the FileRW edit-list proxies; St02 local 4cdf1af3, waits for ST01-E R1 / R2 (Q3_FCONFIG_CLAIMS 0930) || gate_id=W906-FW-CMD-C
B-289	b_gate_expired	Command.cpp:16975-16977	TfMain::TCPCommandServerClientRead	Command.cpp:13280 (file assumed = port file)	golden text as gated: fConfiguration->cbD22_1->Checked=false;	gated by IF0; nothing replaces it (the statements simply do not happen)	yes (2 callers of enclosing TfMain::TCPCommandServerClientRead)	no (0/1 statements found live elsewhere)	DISPLAY	callees 0/0 ok(def 0, macro 0, sys/undeclared 0); objects 1/1 present	40	[review=auto] ST02 row 1189 [MEDIUM]: CLAIMED: Q3 = A, fConfiguration via the FileRW edit-list proxies; St02 local 4cdf1af3, waits for ST01-E R1 / R2 (Q3_FCONFIG_CLAIMS 0930) || gate_id=W906-FW-CMD-C
B-290	b_gate_expired	Command.cpp:17987-17989	TfMain::TCPCommandServerClientRead	Command.cpp:14117 (file assumed = port file)	golden text as gated: fConfiguration->cbA60_1->Checked=bOnOff;	gated by IF0; nothing replaces it (the statements simply do not happen)	yes (2 callers of enclosing TfMain::TCPCommandServerClientRead)	no (0/1 statements found live elsewhere)	DISPLAY	callees 0/0 ok(def 0, macro 0, sys/undeclared 0); objects 1/1 present	40	[review=auto] ST02 row 1208 [MEDIUM]: CLAIMED: Q3 = A, fConfiguration via the FileRW edit-list proxies; St02 local 4cdf1af3, waits for ST01-E R1 / R2 (Q3_FCONFIG_CLAIMS 0930) || gate_id=W906-FW-CMD-C
A4-015	a4_standin_family	uPAT_Function.cpp:1710-2208	ProductionInfo/uPAT_Function.cpp job<->settings copies (Greatek PAT)	(see members)	11 Get/SetJob*ToSetting functions are (void)x; with the golden widget text kept in #if 0 (GATE REGISTER G3-G16); the job load/save (LoadJobFromServer/SaveJobToServer) is live so PAT jobs apply/collect nothing; ST02 KEEP 'dependency exists but widget-bound'	11 a1 stubs + 0 a2 abbreviated + 2 seams + 4 gates in these files; 11 with live callers; 0 held	11 member stubs have live callers	n/a (family row)	DISPLAY	see member rows	40	[review=auto] verdict=UNDECIDED || Greatek PAT only
B-291	b_gate_expired	SECSGEM/uHGemHT9045.cpp:6377-6391	HT9045Gem::S2F42_Host_Command_Acknowledge	uHGemHT9045.cpp:2831	golden text as gated: fConfiguration->cbN07_EnableHostStart->Checked=true;	gated by IF0; #else arm: EMPTY (0 stmts)	no callers found for enclosing HT9045Gem::S2F42_Host_Command_Acknowledge	no (0/1 statements found live elsewhere)	DISPLAY	callees 0/0 ok(def 0, macro 0, sys/undeclared 0); objects 1/1 present	40	[review=auto] ST02 row 1268 [MEDIUM]: CLAIMED: Q3 = A, fConfiguration via the FileRW edit-list proxies; St02 local 4cdf1af3, waits for ST01-E R1 / R2 (Q3_FCONFIG_CLAIMS 0930) || gate_id=G20
A1-277	a1_stub_body	csystem.cpp:2582	W7C1_WriteIniData	common.cpp:691-873	44 stmts/183 lines; calls: OpenIniFile, RecordProcess, ReadInteger, TempChangeLog, ConvertToMMType, RecordChangeLogProcess ...	EMPTY body{}	yes (42 certain, 0 possible) e.g. csystem.cpp:3114 in DoCleanOutFinishCheck [via #define WriteIniData]	YES live 1/4, e.g. common_ChangeLog.cpp:600 in W906_ChangeLog_Int	DISPLAY	callees 7/8 ok(def 7, macro 0, sys/undeclared 0); DECL-ONLY(no body) [RecordChangeLogByLot]; objects 8/8 present	40	[review=auto] docs:NB2-seam-list(0925) || match=L2-anyfile flip=absentB in_cmake=True || port comment calls it a stub/offline
A1-278	a1_stub_body	csystem.cpp:2583	W7C1_WriteIniData	common.cpp:691-873	44 stmts/183 lines; calls: OpenIniFile, RecordProcess, ReadInteger, TempChangeLog, ConvertToMMType, RecordChangeLogProcess ...	EMPTY body{}	yes (42 certain, 0 possible) e.g. csystem.cpp:3114 in DoCleanOutFinishCheck [via #define WriteIniData]	YES live 1/4, e.g. common_ChangeLog.cpp:600 in W906_ChangeLog_Int	DISPLAY	callees 7/8 ok(def 7, macro 0, sys/undeclared 0); DECL-ONLY(no body) [RecordChangeLogByLot]; objects 8/8 present	40	[review=auto] docs:NB2-seam-list(0925) || match=L2-anyfile flip=absentB in_cmake=True || port comment calls it a stub/offline
A1-279	a1_stub_body	Automation/auto9045.cpp:392-398	W5FA_TfProductionInfoExt::OEE_StartLot	ProductionInfo/ProductionInfo.cpp:232-345	52 stmts/114 lines; calls: SetMOInformation, ShowMyMessage, GetScheduleName, MyForceDirectories, SetSaveESDControlMsgToFile, ClearTrayCnt ...	constant: return false;	possible (1, obj not resolvable) e.g. Automation/auto9045.cpp:1475 in SetLotInfoGreatekOEE [obj=W5FA_FProductionInfo]	no (0/4 checked)	DISPLAY	callees 7/14 ok(def 7, macro 0, sys/undeclared 0); ABSENT [SetMOInformation, SetSaveESDControlMsgToFile, SaveSetting, DoSetUpFileFromServer, LoadMOInformation, AutoDownloadSetupFileByMO, SaveInfoFileWhenStart]; objects 2/5 present; OBJ-ABSENT [cb_PIChoiseMO, ESDForm, sLoadMO_SetupFileName]	39	[review=auto] || match=L5-standin-class flip=same in_cmake=True || port comment calls it a stub/offline
A2-146	a2_abbreviated_body	cObserver.cpp:7221-7273	TfObserver::btnLot1Click	cObserver.cpp:5401-5424	20 stmts/24 lines; calls:	ABBREVIATED body (53 of 24 lines): 3/20 (15%) of golden's distinct statements exist live anywhere in the port; 85% only under #if 0/alt arm; 15% in this function	no (0 live call sites found)	gated-only 4/4, e.g. cObserver.cpp:519 (alt-arm)	DISPLAY	callees 0/0 ok(def 0, macro 0, sys/undeclared 0); objects 2/19 present; OBJ-ABSENT [palCustomer, palInnLotID, palCustLotID, palCustDevGup, palDevName, palStage, palStep, palReportCnt]	39	[review=auto] || in-function gates: 7254-7272 C-log-11 [KEEP: still missing palCustomer, TfSCKART::sInfoArr_Customer, palIn...] || match=L1-samefile flip=same in_cmake=True
A1-280	a1_stub_body	EJ1N/MyOmronPanel.cpp:220-232	TMyOmronPanel::SetDegree	EJ1N/MyOmronPanel.cpp:121-130	6 stmts/10 lines; calls: TextWidth, TextHeight, TextOutA	EMPTY body{}	yes (1 certain, 0 possible) e.g. EJ1N/MyOmronPanel.cpp:108 in TMyOmronPanel::TMyOmronPanel	gated-only 3/3, e.g. EJ1N/MyOmronPanel.cpp:32 (alt-arm)	DISPLAY	callees 0/3 ok(def 0, macro 0, sys/undeclared 0); ABSENT [TextWidth, TextHeight, TextOutA]; objects 0/1 present; OBJ-ABSENT [ImgOmronPanel]	36	[review=auto] || in-function gates: 223-231 1 [KEEP: still missing ImgOmronPanel (flip-compile, main 8e5a1b1b + gw...] || match=L1-samefile flip=same in_cmake=True
A1-281	a1_stub_body	EJ1N/MyOmronPanel.cpp:234-246	TMyOmronPanel::SetRunStop	EJ1N/MyOmronPanel.cpp:132-141	6 stmts/10 lines; calls: TextWidth, TextHeight, TextOutA	EMPTY body{}	yes (1 certain, 0 possible) e.g. EJ1N/MyOmronPanel.cpp:109 in TMyOmronPanel::TMyOmronPanel	gated-only 3/3, e.g. EJ1N/MyOmronPanel.cpp:38 (alt-arm)	DISPLAY	callees 0/3 ok(def 0, macro 0, sys/undeclared 0); ABSENT [TextWidth, TextHeight, TextOutA]; objects 0/1 present; OBJ-ABSENT [ImgOmronPanel]	36	[review=auto] || in-function gates: 237-245 1 [KEEP: still missing ImgOmronPanel (flip-compile, main 8e5a1b1b + gw...] || match=L1-samefile flip=same in_cmake=True
A1-282	a1_stub_body	EJ1N/MyOmronPanel.cpp:248-260	TMyOmronPanel::SetAT	EJ1N/MyOmronPanel.cpp:143-152	6 stmts/10 lines; calls: TextWidth, TextHeight, TextOutA	EMPTY body{}	yes (1 certain, 2 possible) e.g. EJ1N/MyOmronPanel.cpp:110 in TMyOmronPanel::TMyOmronPanel	gated-only 3/3, e.g. EJ1N/MyOmronPanel.cpp:43 (alt-arm)	DISPLAY	callees 0/3 ok(def 0, macro 0, sys/undeclared 0); ABSENT [TextWidth, TextHeight, TextOutA]; objects 0/1 present; OBJ-ABSENT [ImgOmronPanel]	36	[review=auto] || in-function gates: 251-259 1 [KEEP: still missing ImgOmronPanel (flip-compile, main 8e5a1b1b + gw...] || match=L1-samefile flip=same in_cmake=True
A1-283	a1_stub_body	EJ1N/MyOmronPanel.cpp:262-274	TMyOmronPanel::SetInputErr	EJ1N/MyOmronPanel.cpp:154-163	6 stmts/10 lines; calls: TextWidth, TextHeight, TextOutA	EMPTY body{}	yes (1 certain, 0 possible) e.g. EJ1N/MyOmronPanel.cpp:111 in TMyOmronPanel::TMyOmronPanel	gated-only 3/3, e.g. EJ1N/MyOmronPanel.cpp:49 (alt-arm)	DISPLAY	callees 0/3 ok(def 0, macro 0, sys/undeclared 0); ABSENT [TextWidth, TextHeight, TextOutA]; objects 0/1 present; OBJ-ABSENT [ImgOmronPanel]	36	[review=auto] || in-function gates: 265-273 1 [KEEP: still missing ImgOmronPanel (flip-compile, main 8e5a1b1b + gw...] || match=L1-samefile flip=same in_cmake=True
A1-284	a1_stub_body	EJ1N/MyOmronPanel.cpp:276-294	TMyOmronPanel::SetEvent	EJ1N/MyOmronPanel.cpp:165-180	9 stmts/16 lines; calls: TextOutA, TextWidth, TextHeight	EMPTY body{}	yes (1 certain, 0 possible) e.g. EJ1N/MyOmronPanel.cpp:112 in TMyOmronPanel::TMyOmronPanel	gated-only 4/4, e.g. EJ1N/MyOmronPanel.cpp:58 (alt-arm)	DISPLAY	callees 0/3 ok(def 0, macro 0, sys/undeclared 0); ABSENT [TextOutA, TextWidth, TextHeight]; objects 0/1 present; OBJ-ABSENT [ImgOmronPanel]	36	[review=auto] || in-function gates: 279-293 1 [KEEP: still missing ImgOmronPanel (flip-compile, main 8e5a1b1b + gw...] || match=L1-samefile flip=same in_cmake=True
A1-285	a1_stub_body	EJ1N/MyOmronPanel.cpp:296-308	TMyOmronPanel::SetSP	EJ1N/MyOmronPanel.cpp:182-191	6 stmts/10 lines; calls: TextWidth, TextHeight, TextOutA	EMPTY body{}	yes (2 certain, 0 possible) e.g. EJ1N/MyOmronPanel.cpp:113 in TMyOmronPanel::TMyOmronPanel	gated-only 3/3, e.g. EJ1N/MyOmronPanel.cpp:66 (alt-arm)	DISPLAY	callees 0/3 ok(def 0, macro 0, sys/undeclared 0); ABSENT [TextWidth, TextHeight, TextOutA]; objects 0/1 present; OBJ-ABSENT [ImgOmronPanel]	36	[review=auto] || in-function gates: 299-307 1 [KEEP: still missing ImgOmronPanel (flip-compile, main 8e5a1b1b + gw...] || match=L1-samefile flip=same in_cmake=True
B-292	b_gate_comment	VacuumUnit/MyVacuumPanel.cpp:683-690	2	n/a (gate does not cite a golden line)	golden text as gated: { if(Ptr->Down) { Ptr->Color =Ptr->TrueColor; Ptr->Font->Color =Ptr->TrueFontColor; Ptr->BevelInner =bvLowered; Ptr->BevelOuter =bvLowered; }	gated by COMMENT; nothing replaces it (the statements simply do not happen)	no callers found for enclosing (file scope)	yes: 1/5 statements already live elsewhere, e.g. DynamicTemp.cpp:382	DISPLAY	callees 0/0 ok(def 0, macro 0, sys/undeclared 0); objects 1/1 present	36	[review=auto] ST02: no backlog row matched (n/a) || gate_id=2 || COMMENT-type gate (golden lines left as comments; false-positive prone)
A1-286	a1_stub_body	cMyDB.cpp:1304-1450	MyDBQTimeData	cMyDB.cpp:1051-1180	62 stmts/130 lines; calls: sqlite3_get_table, sqlite3_free, sqlite3_free_table, ConvertSecondToTime	body is only "return;"	yes (1 certain, 0 possible) e.g. cObserver.cpp:2016 in TfObserver::BtnQueryClick	gated-only 4/4, e.g. cMyDB.cpp:373 (alt-arm)	DISPLAY	callees 1/4 ok(def 1, macro 0, sys/undeclared 0); ABSENT [sqlite3_get_table, sqlite3_free, sqlite3_free_table]; objects 1/1 present	36	[review=auto] docs:other-docs || in-function gates: 1389-1392 TODO(GA1-B4) [] | 1396-1398 TODO(GA1-B4) [] | 1402-1404 TODO(GA1-B4) [] (+1) || match=L1-samefile flip=nontrivialB in_cmake=True || port comment calls it a stub/offline
B-293	b_gate_comment	cObserver.cpp:3786-3788	TfObserver::FormShow	n/a (gate does not cite a golden line)	golden text as gated: { fObserver->Width=1300; }	gated by COMMENT; nothing replaces it (the statements simply do not happen)	yes (16 callers of enclosing TfObserver::FormShow)	no (0/1 statements found live elsewhere)	DISPLAY	callees 0/0 ok(def 0, macro 0, sys/undeclared 0); objects 1/1 present	36	[review=auto] ST02: no backlog row matched (n/a) || gate_id=FW3A-3 || COMMENT-type gate (golden lines left as comments; false-positive prone)
B-294	b_gate_comment	forms/fMesSystem.cpp:662-665	TfMesSystem::CheckLotInfor	n/a (gate does not cite a golden line)	golden text as gated: { ShowMyMessage("Run RT Start mode error!!"); return false; }	gated by COMMENT; nothing replaces it (the statements simply do not happen)	yes (1 callers of enclosing TfMesSystem::CheckLotInfor)	yes: 2/2 statements already live elsewhere, e.g. WebStart.cpp:2301	DISPLAY	callees 1/1 ok(def 1, macro 0, sys/undeclared 0); objects 0/0 present	36	[review=auto] ST02: no backlog row matched (n/a) || COMMENT-type gate (golden lines left as comments; false-positive prone)
B-295	b_gate_comment	forms/fMesSystem.cpp:670-673	TfMesSystem::CheckLotInfor	n/a (gate does not cite a golden line)	golden text as gated: { ShowMyMessage("Run FT Start mode error!!"); return false; }	gated by COMMENT; nothing replaces it (the statements simply do not happen)	yes (1 callers of enclosing TfMesSystem::CheckLotInfor)	yes: 2/2 statements already live elsewhere, e.g. WebStart.cpp:2318	DISPLAY	callees 1/1 ok(def 1, macro 0, sys/undeclared 0); objects 0/0 present	36	[review=auto] ST02: no backlog row matched (n/a) || COMMENT-type gate (golden lines left as comments; false-positive prone)
B-296	b_gate_comment	forms/fTrayAssignment.cpp:368-370	TfTrayAssignment::ReadFile	n/a (gate does not cite a golden line)	golden text as gated: rgLoaderTrayMode->Controls[0]->Enabled=false; rgLoaderTrayMode->Controls[1]->Enabled=false; rgLoaderTrayMode->Controls[2]->Enabled=false;	gated by COMMENT; nothing replaces it (the statements simply do not happen)	yes (107 callers of enclosing TfTrayAssignment::ReadFile)	no (0/3 statements found live elsewhere)	DISPLAY	callees 0/0 ok(def 0, macro 0, sys/undeclared 0); objects 1/1 present	36	[review=auto] ST02: no backlog row matched (n/a) || gate_id=T2 || COMMENT-type gate (golden lines left as comments; false-positive prone)
B-297	b_gate_comment	forms/fTrayAssignment.cpp:1127-1129	TfTrayAssignment::ShowCompnet	n/a (gate does not cite a golden line)	golden text as gated: edNoRTBinFix1->Color=(bNoRTBinFixFlag[0]==true)?clYellow:clWindow; //Rogeryang 20250723 add 顯示顏色 edNoRTBinFix2->Color=(bNoRTBinFixFlag[1]==true)?clYellow:clWindow; edN...	gated by COMMENT; nothing replaces it (the statements simply do not happen)	yes (7 callers of enclosing TfTrayAssignment::ShowCompnet)	no (0/3 statements found live elsewhere)	DISPLAY	callees 0/0 ok(def 0, macro 0, sys/undeclared 0); objects 3/3 present	36	[review=auto] ST02: no backlog row matched (n/a) || gate_id=T4 || COMMENT-type gate (golden lines left as comments; false-positive prone)
B-298	b_gate_expired	Command.cpp:12161-12166	TfMain::ChangeHandlerStartMode	Command.cpp:11302-11305 (file assumed = port file)	golden text as gated: bBackupState=cbRunStartMode->Enabled; cbRunStartMode->Enabled=true; fMain->DoFTRTClick(false, false); cbRunStartMode->Enabled=bBackupState;	gated by IF0; nothing replaces it (the statements simply do not happen)	yes (1 callers of enclosing TfMain::ChangeHandlerStartMode)	no (0/4 statements found live elsewhere)	DISPLAY	callees 1/1 ok(def 1, macro 0, sys/undeclared 0); objects 2/2 present	35	[review=auto] ST02 row 1135 [MEDIUM]: BLOCKED: remote FT/RT switch -- can call St01 review6 W906_Main_DoFTRTClick once a9f41d24 is on main and St01 gives an ht9045_sm-reachable entry (FREED_SCAN ... || gate_id=FW3-WD
B-299	b_gate_expired	Command.cpp:12176-12181	TfMain::ChangeHandlerStartMode	Command.cpp:11313-11316 (file assumed = port file)	golden text as gated: bBackupState=cbRunStartMode->Enabled; cbRunStartMode->Enabled=true; fMain->DoFTRTClick(true, false); cbRunStartMode->Enabled=bBackupState;	gated by IF0; nothing replaces it (the statements simply do not happen)	yes (1 callers of enclosing TfMain::ChangeHandlerStartMode)	no (0/4 statements found live elsewhere)	DISPLAY	callees 1/1 ok(def 1, macro 0, sys/undeclared 0); objects 2/2 present	35	[review=auto] ST02 row 1136 [MEDIUM]: BLOCKED: remote FT/RT switch -- can call St01 review6 W906_Main_DoFTRTClick once a9f41d24 is on main and St01 gives an ht9045_sm-reachable entry (FREED_SCAN ... || gate_id=FW3-WD
A1-287	a1_stub_body	forms/fLotInfo.cpp:2101-2186	TfLotInfo::LoadRTCFullViewImg	uLotInfo.cpp:5366-5448	30 stmts/83 lines; calls: LoadFromFile	EMPTY body{}	yes (1 certain, 0 possible) e.g. cSetUp.cpp:1100 in TfSetup::ReadFile	YES live 1/4, e.g. FileRW/DeviceForm_File.gen.inc:772 in DF_TfContact	DISPLAY	callees 1/1 ok(def 1, macro 0, sys/undeclared 0); objects 0/4 present; OBJ-ABSENT [imgRTCFullView1, imgRTCFullView2, imgRTCFullView3, imgRTCFullView4]	35	[review=auto] || in-function gates: 2105-2185 WB-1 [KEEP: still missing imgRTCFullView1, imgRTCFullView2, imgRTCFullVie...] || scope: feature:RTC vision || match=L2-anyfile flip=same in_cmake=True
A2-147	a2_abbreviated_body	EJ1N/MyOmronPanel.cpp:198-218	TMyOmronPanel::SetPV	EJ1N/MyOmronPanel.cpp:105-119	9 stmts/15 lines; calls: TextHeight, TextOutA, TextWidth	ABBREVIATED body (21 of 15 lines): 1/9 (11%) of golden's distinct statements exist live anywhere in the port; 89% only under #if 0/alt arm; 11% in this function	yes (1 certain, 0 possible) e.g. EJ1N/MyOmronPanel.cpp:107 in TMyOmronPanel::TMyOmronPanel	gated-only 4/4, e.g. EJ1N/MyOmronPanel.cpp:27 (alt-arm)	DISPLAY	callees 0/3 ok(def 0, macro 0, sys/undeclared 0); ABSENT [TextHeight, TextOutA, TextWidth]; objects 0/1 present; OBJ-ABSENT [ImgOmronPanel]	34	[review=auto] || in-function gates: 204-216 1 [KEEP: still missing ImgOmronPanel (flip-compile, main 8e5a1b1b + gw...] || match=L1-samefile flip=same in_cmake=True
A2-148	a2_abbreviated_body	cMyDB.cpp:1794-1856	MyDBVProcessFilter	cMyDB.cpp:1487-1542	21 stmts/56 lines; calls: sqlite3_get_table, sqlite3_free, sqlite3_free_table	ABBREVIATED body (63 of 56 lines): 7/27 (26%) of golden's distinct statements exist live anywhere in the port; 74% only under #if 0/alt arm; 7% in this function	yes (1 certain, 0 possible) e.g. cObserver.cpp:1832 in TfObserver::BtnQueryClick	YES live 1/4, e.g. cMyDB.cpp:1627 in MyDBVEventFreq	DISPLAY	callees 0/3 ok(def 0, macro 0, sys/undeclared 0); ABSENT [sqlite3_get_table, sqlite3_free, sqlite3_free_table]; objects 0/0 present	31	[review=auto] docs:other-docs || match=L1-samefile flip=same in_cmake=True || port comment calls it a stub/offline
A1-288	a1_stub_body	forms/fTrayAssignment.cpp:709-731	TfTrayAssignment::LoadImage	cTrayAssignment.cpp:647-664	13 stmts/18 lines; calls: LoadFromFile	EMPTY body{}	yes (1 certain, 0 possible) e.g. forms/fTrayAssignment.cpp:737 in TfTrayAssignment::FormShow	no (0/4 checked)	DISPLAY	callees 1/1 ok(def 1, macro 0, sys/undeclared 0); objects 0/13 present; OBJ-ABSENT [imgLoader, imgAuto1, imgAuto2, imgAuto3, imgAuto4, imgAuto5, imgAuto6, imgFix1]	29	[review=auto] || match=L2-anyfile flip=same in_cmake=True
A2-149	a2_abbreviated_body	FileRW/ContactForce_Panels.h:111-235	THTSLKClass::THTSLKClass	ContactForce.cpp:21-206	144 stmts/186 lines; calls: TGroupBox, TLabel, TEdit, TTrackBar	ABBREVIATED body (125 of 186 lines): 28/147 (19%) of golden's distinct statements exist live anywhere in the port; 0% only under #if 0/alt arm; 19% in this function	no (0 live call sites found)	no (0/4 checked)	DISPLAY	callees 4/4 ok(def 2, macro 0, sys/undeclared 2); objects 15/15 present	27	[review=auto] || match=L2-anyfile flip=same in_cmake=False || port comment calls it a stub/offline
A2-150	a2_abbreviated_body	FileRW/ContactForce_Panels.h:268-356	THTDieForceOneByOneSLKClass::THTDieForceOneByOneSLKClass	ContactForce.cpp:209-328	79 stmts/120 lines; calls: TGroupBox, TLabel, TEdit, TTrackBar	ABBREVIATED body (89 of 120 lines): 15/79 (19%) of golden's distinct statements exist live anywhere in the port; 0% only under #if 0/alt arm; 19% in this function	no (0 live call sites found)	YES live 1/4, e.g. FileRW/ContactForce_Panels.h:232 in THTSLKClass::THTSLKClass	DISPLAY	callees 4/4 ok(def 2, macro 0, sys/undeclared 2); objects 8/8 present	27	[review=auto] || match=L2-anyfile flip=same in_cmake=False
A2-151	a2_abbreviated_body	FileRW/ContactForce_Panels.h:385-442	THTDieForceSLKClass::THTDieForceSLKClass	ContactForce.cpp:331-419	72 stmts/89 lines; calls: TGroupBox, TLabel, TEdit, TTrackBar	ABBREVIATED body (58 of 89 lines): 13/71 (18%) of golden's distinct statements exist live anywhere in the port; 0% only under #if 0/alt arm; 18% in this function	no (0 live call sites found)	no (0/4 checked)	DISPLAY	callees 4/4 ok(def 2, macro 0, sys/undeclared 2); objects 8/8 present	27	[review=auto] || match=L2-anyfile flip=same in_cmake=False
A2-152	a2_abbreviated_body	FileRW/ContactForce_Panels.h:471-553	THTSLKIndClass::THTSLKIndClass	ContactForce.cpp:1439-1560	79 stmts/122 lines; calls: TGroupBox, TLabel, TEdit, TTrackBar	ABBREVIATED body (83 of 122 lines): 15/79 (19%) of golden's distinct statements exist live anywhere in the port; 0% only under #if 0/alt arm; 19% in this function	no (0 live call sites found)	no (0/4 checked)	DISPLAY	callees 4/4 ok(def 2, macro 0, sys/undeclared 2); objects 8/8 present	27	[review=auto] || match=L2-anyfile flip=same in_cmake=False
A1-289	a1_stub_body	forms/fAOI.cpp:17	TFrmAOI::TFrmAOI	fAOI.cpp:128-164	29 stmts/37 lines; calls: SetColorMap, TTopBottomInspect, SetRecordMsg, InitialTopBtmSG, InitialTopBtmSGTitle, InitialEdList ...	EMPTY body{}	no (0 live call sites found)	YES live 1/4, e.g. FileRW/Offset_File.gen.inc:844 in OS_TfOffSet	DISPLAY	callees 2/7 ok(def 2, macro 0, sys/undeclared 0); ABSENT [TTopBottomInspect, InitialTopBtmSG, InitialTopBtmSGTitle, InitialEdList, IntialParameter]; objects 0/8 present; OBJ-ABSENT [mtDutCol_Vitrox, mtDutRow_Vitrox, mtDutOnOff_Vitrox, mtDutCol_Vitrox1, mtDutRow_Vitrox1, mtDutOnOff_Vitrox1, ttbInsp, scroAOIFailCountL...	27	[review=auto] || match=L3-arity-mismatch flip=same in_cmake=True
A1-290	a1_stub_body	forms/fMain.cpp:238	TfMain::DebugOneCycleHotPlate	main.cpp:33766-33814	33 stmts/49 lines; calls: UpdateTaskList, ProcessTimeUpdate, MyForceDirectories, SaveTaskList, SGDToXLS	EMPTY body{}	yes (15 certain, 0 possible) e.g. ainarm9045.cpp:13416 in CheekNeedToDoInArmAdditionalFunction	no (0/4 checked)	DISPLAY	callees 4/5 ok(def 4, macro 0, sys/undeclared 0); ABSENT [UpdateTaskList]; objects 2/12 present; OBJ-ABSENT [asHP1HotTime, asHP2WhichShuttle, asHP1WhichShuttle, asHP2WhichKit, asHP1WhichKit, asHP2Count, asHP1Count, asHP2Row]	26	[review=auto] || scope: feature:hot plate || match=L2-anyfile flip=same in_cmake=True || port comment calls it a stub/offline
A1-291	a1_stub_body	forms/fIoSetView.cpp:16-26	Tfiosetview::Tfiosetview	iosetview.cpp:49-91	111 stmts/43 lines; calls: LoadIoTable	EMPTY body{}	no (0 live call sites found)	no (0/4 checked)	DISPLAY	callees 0/1 ok(def 0, macro 0, sys/undeclared 0); DECL-ONLY(no body) [LoadIoTable]; objects 2/13 present; OBJ-ABSENT [PC_IOSET, palArm2_A_16, palArm2_A, palArm2_B_16, palArm2_B, palArm1_A_16, palArm1_A, palArm1_B_16]	22	[review=auto] || match=L3-arity-mismatch flip=same in_cmake=True || port comment calls it a stub/offline
A1-292	a1_stub_body	csystem.cpp:3906	W7C2_TfSCKARTSeam::UpdateCount	Automation/SCK_ART.cpp:477-591	43 stmts/115 lines; calls:	EMPTY body{}	possible (1, obj not resolvable) e.g. csystem.cpp:5694 in DoART_AfterCleanOut [obj=W7C2_SCKART]	no (0/4 checked)	DISPLAY	callees 0/0 ok(def 0, macro 0, sys/undeclared 0); objects 6/20 present; OBJ-ABSENT [palInputCount, palInputCnt, palInShtCnt, palAutoTrayCnt1, palAutoTrayCnt2, palAutoTrayCnt3, palInShtCntGap, palOutputGap]	21	[review=auto] || scope: customer/feature-specific || match=L5-standin-class flip=absentB in_cmake=True
A1-293	a1_stub_body	cBinSel.cpp:3234-3268	TfBinSel::SetPrimeButton	cBinSel.cpp:6010-6042	13 stmts/33 lines; calls: SetNormalOrPrime	EMPTY body{}	yes (3 certain, 0 possible) e.g. cBinSel.cpp:731 in TfBinSel::ReadPrimeDara	YES live 2/4, e.g. FileRW/BinSelect.gen.inc:1047 in BS_SetPrimeButton [same-name family]	DISPLAY	callees 1/1 ok(def 1, macro 0, sys/undeclared 0); objects 3/6 present; OBJ-ABSENT [spbNormal, spbPrime, tsRetest]	20	[review=auto] || in-function gates: 3236-3267 [KEEP: 維持 -- 畫面：spbNormal／spbPrime／cbTestMode 按鈕的 Visible／Down（移植樹沒有...] || match=L1-samefile flip=same in_cmake=True || port comment calls it a stub/offline
A1-294	a1_stub_body	Automation/auto9045.cpp:289	W5FA_TfLotInfoExt::SetLotComponents	uLotInfo.cpp:2283-2320	30 stmts/38 lines; calls:	EMPTY body{}	possible (1, obj not resolvable) e.g. Automation/auto9045.cpp:1488 in SetLotInfoGreatekOEE [obj=W5FA_FLotInfo]	YES live 4/4, e.g. forms/fLotInfo.cpp:4762 in TfLotInfo::SetLotComponents [same-name family]	DISPLAY	callees 0/0 ok(def 0, macro 0, sys/undeclared 0); objects 30/30 present	17	[review=auto] || match=L5-standin-class flip=same in_cmake=True || port comment calls it a stub/offline || same-name real def elsewhere: forms/fLotInfo.cpp:4723
A1-295	a1_stub_body	Automation/auto9045.cpp:324	W5FA_TfBinSelExt::ChangeActivePageIndex	cBinSel.cpp:2194-2212	8 stmts/19 lines; calls: ShowMyMessage	EMPTY body{}	possible (9, obj not resolvable) e.g. Automation/auto9045.cpp:519 in SetCategory [obj=W5FA_FBinSel]	YES live 1/4, e.g. cBinSel.cpp:522 in TfBinSel::ChangeActivePageIndex [same-name family]	DISPLAY	callees 1/1 ok(def 1, macro 0, sys/undeclared 0); objects 1/1 present	17	[review=auto] || match=L5-standin-class flip=same in_cmake=True || port comment calls it a stub/offline || same-name real def elsewhere: cBinSel.cpp:507
A1-296	a1_stub_body	Automation/auto9045.cpp:349	W5FA_TfTrayAssignmentExt::ReadFile	cTrayAssignment.cpp:129-470	146 stmts/342 lines; calls: GetLastOpenFN, ReadIniData, CheckRange, IsHanaArtAvailable, FixCanUse	EMPTY body{}	possible (71, obj not resolvable) e.g. Automation/auto9045.cpp:659 in SetFixTrayDefine [obj=W5FA_FTrayAssignment]	YES live 4/4, e.g. FileRW/TrayForm.gen.inc:975 in TA_ReadFile [same-name family]	DISPLAY	callees 5/5 ok(def 5, macro 0, sys/undeclared 0); objects 11/11 present	17	[review=auto] docs:other-docs || match=L5-standin-class flip=same in_cmake=True || port comment calls it a stub/offline || same-name real def elsewhere: forms/fTrayAssignment.cpp:185
A1-297	a1_stub_body	Automation/auto9045.cpp:371	W5FA_TfContactCTExt::ShowFormComp	cContactCT.cpp:97-146	21 stmts/50 lines; calls:	EMPTY body{}	possible (5, obj not resolvable) e.g. Automation/auto9045.cpp:894 in SetMapping [obj=W5FA_FContactCT]	YES live 3/4, e.g. cContactCT.cpp:219 in TfContactCT::ShowFormComp [same-name family]	DISPLAY	callees 0/0 ok(def 0, macro 0, sys/undeclared 0); objects 4/4 present	17	[review=auto] || match=L5-standin-class flip=same in_cmake=True || port comment calls it a stub/offline || same-name real def elsewhere: cContactCT.cpp:208
A1-298	a1_stub_body	forms/fSetup.cpp:31	TfSetup::TfSetup	cSetUp.cpp:123-216	39 stmts/94 lines; calls: TStringList, Add, Clear, TRadioGroup	EMPTY body{}	no (0 live call sites found)	YES live 4/4, e.g. AutoClean/AutoClean.cpp:8299 in DoAutoCleanKit [same-name family]	DISPLAY	callees 4/4 ok(def 4, macro 0, sys/undeclared 0); objects 6/6 present	17	[review=auto] docs:other-docs || match=L3-arity-mismatch flip=same in_cmake=True
A1-299	a1_stub_body	Automation/auto9045.cpp:325	W5FA_TfBinSelExt::spbSaveClick	cBinSel.cpp:2214-2272	24 stmts/59 lines; calls: ShowMyMessage, Close, CheckFix2Tray, GetRecipePath, SaveOther, bSaveAsJobFile ...	EMPTY body{}	possible (11, obj not resolvable) e.g. Automation/auto9045.cpp:520 in SetCategory [obj=W5FA_FBinSel]	YES live 4/4, e.g. FileRW/BinSelect.gen.inc:1119 in BS_spbSaveClick [same-name family]	DISPLAY	callees 16/16 ok(def 16, macro 0, sys/undeclared 0); objects 10/10 present	14	[review=auto] docs:handoff || match=L5-standin-class flip=same in_cmake=True || port comment calls it a stub/offline || same-name real def elsewhere: cBinSel.cpp:956
A1-300	a1_stub_body	BarCode/BarCode_Bottom2DID.cpp:143-146	GetSimuBarCodeName	BarCode/BarCode.cpp:1669-1697	14 stmts/29 lines; calls:	constant: return AnsiString("");	no (0 live call sites found)	YES live 1/4, e.g. BarCode/BarCode_Shuttle2_CCDScan.cpp:388 in BarCode_Sh2CCD_GetSimuBarCodeName [same-name family]	DISPLAY	callees 0/0 ok(def 0, macro 0, sys/undeclared 0); objects 1/2 present; OBJ-ABSENT [ed_BarCodeNo]	12	[review=auto] || match=L6-unique-name flip=same in_cmake=True
A1-301	a1_stub_body	csystem.cpp:3905	W7C2_TfSCKARTSeam::AccessFile	Automation/SCK_ART.cpp:190-444	145 stmts/255 lines; calls: SetSetupFilePath, ReadWriteIni, WriteIniData, gethostname, IsHanaArtAvailable, SetStartModeData ...	EMPTY body{}	possible (30, obj not resolvable) e.g. Automation/HANA_ART.cpp:566 in uHANA_ART::DoCmdWhenHDStart [obj=fSCKART]	YES live 1/4, e.g. Automation/SCK_ART_Remainder.cpp:495 in SckArtRem_AccessFile [same-name family]	DISPLAY	callees 9/12 ok(def 9, macro 0, sys/undeclared 0); DECL-ONLY(no body) [ReadTestIFFile]; ABSENT [SetSetupFilePath, gethostname]; objects 10/42 present; OBJ-ABSENT [palInputQty, palTesterType, palLotStatus, palARTPassRate, edLotCount, edARTPassRate, chkNoTesterCmd, cbAutoSkip]	7	[review=auto] docs:GL_S0_STUB_LEDGER(Aug26),handoff || scope: customer/feature-specific || match=L5-standin-class flip=absentB in_cmake=True
A1-302	a1_stub_body	atester.cpp:5273-5280	DoCheckSocketHasIC	atester.cpp:4305-4781	162 stmts/477 lines; calls: SetSecAndOn, Off, RecordProcess, DoStateRecord, Gali_Two_ZAxis_Move, GalilTwoY_Move ...	constant: (void)iSelArm; (void)iCheckSocketHasIC; return false;	yes (1 certain, 0 possible) e.g. atester.cpp:5429 in DoTestY	YES live 3/4, e.g. FileRW/DeviceForm_File.gen.inc:1286 in DF_FormShow	MOTION	callees 19/19 ok(def 19, macro 0, sys/undeclared 0); objects 14/15 present; OBJ-ABSENT [CheckSocketHasICHangUpCheck]	85	[review=auto] HELD(Index arm, RULINGS_20260929 #8 / handed to Kevin RULINGS_20260929 #12); docs:other-docs || in-function gates: 5275-5276 TODO(W7) [NOT REVIEWED: HELD (index arm -- waits for the user's BCB6 9050 ind...] || match=L1-samefile flip=same in_cmake=True || port comment calls it a stub/offline
A1-303	a1_stub_body	atester.cpp:12147-12153	DoHalfViewAllPassVerifyRTC	atester.cpp:11297-11491	79 stmts/195 lines; calls: Gali_Two_ZAxis_Move, GalilTwoY_Move, DoSetupSystemToProd, Get0_01MMType, Gali_MotMove, SendCommToVision ...	constant: (void)bInitial; return false;	yes (4 certain, 0 possible) e.g. aTester_Front.cpp:5974 in DoFRTCAutoModelVerify	YES live 1/4, e.g. atester_32Site.cpp:1889 in DoTestY_TwoArm32Site	MOTION	callees 15/15 ok(def 15, macro 0, sys/undeclared 0); objects 8/9 present; OBJ-ABSENT [DoTestHeadMotorDelay3]	85	[review=auto] HELD(Index arm, RULINGS_20260929 #8 / handed to Kevin RULINGS_20260929 #12) || in-function gates: 12149-12150 TODO(W7) [NOT REVIEWED: HELD (index arm -- waits for the user's BCB6 9050 ind...] || scope: feature:RTC vision || match=L1-samefile flip=same in_cmake=True || port comment calls it a stub/offline
A1-304	a1_stub_body	atester.cpp:12378-12384	DoHalfViewAllFailVerifyRTC	atester.cpp:11494-11698	81 stmts/205 lines; calls: Gali_Two_ZAxis_Move, GalilTwoY_Move, DoSetupSystemToProd, Get0_01MMType, Gali_MotMove, SendCommToVision ...	constant: (void)bInitial; return false;	yes (4 certain, 0 possible) e.g. aTester_Front.cpp:6415 in DoFRTCAutoModelVerify	YES live 1/4, e.g. atester_32Site.cpp:1889 in DoTestY_TwoArm32Site	MOTION	callees 15/15 ok(def 15, macro 0, sys/undeclared 0); objects 8/9 present; OBJ-ABSENT [DoTestHeadMotorDelay3]	85	[review=auto] HELD(Index arm, RULINGS_20260929 #8 / handed to Kevin RULINGS_20260929 #12) || in-function gates: 12380-12381 TODO(W7) [NOT REVIEWED: HELD (index arm -- waits for the user's BCB6 9050 ind...] || scope: feature:RTC vision || match=L1-samefile flip=same in_cmake=True || port comment calls it a stub/offline
A1-305	a1_stub_body	atester_shims.cpp:322	TfContactShim::DoFullViewCheck	cContact.cpp:15069-15162	42 stmts/94 lines; calls: SendCommToVision, SetSecAndOn, ShowMyMessage, Off, Gali_Two_ZAxis_Move, GotIndexZSpeed ...	constant: return true;	yes (1 certain, 0 possible) e.g. AutoClean/AutoClean.cpp:8375 in DoAutoCleanKit	gated-only 1/4, e.g. atester.cpp:1410 (alt-arm)	MOTION	callees 8/8 ok(def 8, macro 0, sys/undeclared 0); objects 3/4 present; OBJ-ABSENT [HFullViewCheckDelay]	54	[review=auto] HELD(Index arm, RULINGS_20260929 #8 / handed to Kevin RULINGS_20260929 #12) || scope: feature:RTC vision || match=L5-standin-class flip=same in_cmake=True || port comment calls it a stub/offline
A1-306	a1_stub_body	atester_shims.cpp:303	TfContactShim::Do_ROILearning	cContact.cpp:14497-15010	208 stmts/514 lines; calls: IsNNMode, SendCommToVision, SetSecAndOn, Off, ShowMyMessage, Gali_ReadEncoderPos ...	constant: return true;	yes (2 certain, 0 possible) e.g. aTester_Front.cpp:7929 in DoTestYFront	YES live 1/4, e.g. aTester_Front.cpp:386 in DoFrontTestDestroyIC	MOTION	callees 28/29 ok(def 28, macro 0, sys/undeclared 0); ABSENT [RTCChangeFile]; objects 16/18 present; OBJ-ABSENT [ROILearningDelay, hRealCCDChangeFileTimeOut]	44	[review=auto] HELD(Index arm, RULINGS_20260929 #8 / handed to Kevin RULINGS_20260929 #12) || match=L5-standin-class flip=same in_cmake=True || port comment calls it a stub/offline
A2-153	a2_abbreviated_body	ainarm9045.cpp:3125-3136	DoInArmAutoCalSuckZ	ainarm9045.cpp:8843-9027	golden :8843-9028 auto-calibrate suck-Z state machine (MOT[] encoders + fProductionInfo->setEditZ* edits); port only handles bIsFirst then returns false	ABBREVIATED body (12 of 185 lines): 14/55 (26%) of golden's distinct statements exist live anywhere in the port; 0% only under #if 0/alt arm; 6% in this function	no (0 live call sites found)	YES live 1/4, e.g. aoutarm9045.cpp:3809 in FindArmSuck	MOTION	callees 9/10 ok(def 9, macro 0, sys/undeclared 0); ABSENT [SaveAutoCalSuckZ]; objects 4/4 present	30	[review=manual] verdict=NO-CALLER || no live port caller (FileRW/AutoCalSuckZ.cpp:85 says the same); AutoTeach module untranslated (INBOX 89 item 5) || in-function gates: 3133-3134 TODO(W7) [] || match=L1-samefile flip=same in_cmake=True || port comment calls it a stub/offline
A4-016	a4_standin_family	atester*.cpp	Index arm: atester.cpp / aTester_Front.cpp / aTester_Rear.cpp / atester_32Site.cpp / atester_shims.cpp	(see members)	74 a1 stubs + ~150 gates around the Index arm (TestHead/TestY/IndexStatus/RearTest* tasks, RTC vision K1F4/K1G1 FALSE gates); 9050 has only Z1, other Galil axes off; user will write the BCB6 9050 Index flow (Kevin)	74 a1 stubs + 0 a2 abbreviated + 10 seams + 0 gates in these files; 41 with live callers; 74 held	41 member stubs have live callers	n/a (family row)	MOTION	see member rows	30	[review=manual] verdict=HELD || RULINGS_20260929 #8 and #12: differences are labelled 'not judged, not fixed'
A1-307	a1_stub_body	atester.cpp:11317-11321	DoTestHeadMotorLoadCell	atester.cpp:10444-10745	113 stmts/302 lines; calls: RecordProcess, IsOn, ShowMyMessage, Gali_Two_ZAxis_Move, GalilTwoY_Move, Gali_MotMove ...	EMPTY body{}	no (0 live call sites found)	YES live 1/4, e.g. atester.cpp:6149 in DoTestHeadMotor [same-name family]	MOTION	callees 11/11 ok(def 10, macro 1, sys/undeclared 0); objects 8/8 present	27	[review=auto] HELD(Index arm, RULINGS_20260929 #8 / handed to Kevin RULINGS_20260929 #12) || in-function gates: 11319-11320 TODO(W7) [NOT REVIEWED: HELD (index arm -- waits for the user's BCB6 9050 ind...] || match=L1-samefile flip=same in_cmake=True || port comment calls it a stub/offline
A4-017	a4_standin_family	Motor/myMN200motor.cpp, EtherCAT/*	MN200 / EtherCAT card family (Motor/myMN200motor.cpp, EtherCAT/*.cpp, Motor/myEthercatmotor.cpp)	(see members)	vendor-card HAL abbreviated by design (MN200 log/tree UI, EtherCAT vendor SDK); engine motors route through the 1203 route design (ENGINE_1203_MOTOR_ROUTE_DESIGN.md), not through these	8 a1 stubs + 19 a2 abbreviated + 0 seams + 0 gates in these files; 16 with live callers; 0 held	16 member stubs have live callers	n/a (family row)	MOTION	see member rows	25	[review=auto] verdict=UNDECIDED || hardware abstraction
A1-308	a1_stub_body	Motor/mymotor.cpp:2564	ServoOnAllMOT	Motor/mymotor.cpp:4609-4621	golden ServoOnAllMOT(): SetServoOn(true) for every enabled motor except Y1/Y2 with MySleep(2); port body {}	EMPTY body{}	no (0 live call sites found)	YES live 1/4, e.g. EtherCAT/MyEtherCAT.cpp:621 in OpenEtherCatMastCard	MOTION	callees 2/2 ok(def 2, macro 0, sys/undeclared 0); objects 1/1 present	25	[review=manual] HELD(Index arm, RULINGS_20260929 #8 / handed to Kevin RULINGS_20260929 #12); verdict=NO-CALLER; docs:GL_S0_STUB_LEDGER(Aug26) || no live port caller (golden caller main.cpp:10165 TfMain::FormShow; port boots servos via the G31A path) || match=L1-samefile flip=same in_cmake=True || port comment calls it a stub/offline
A1-309	a1_stub_body	common.cpp:115	ShowMyMessage	mymessbox.cpp:761-864	static ShowMyMessage no-op inside common.cpp (GetLastOpenFN / MyForceDirectories error popups)	EMPTY body{}	yes (4 same-file call sites; file-local static, other TUs bind to the real function) e.g. common.cpp:1456 in GetLastOpenFN	YES live 1/4, e.g. tools/wb_serve.cpp:7999 in W906_MbServoOffInArmLikeGolden	MOTION	callees 11/11 ok(def 11, macro 0, sys/undeclared 0); objects 9/9 present	20	[review=manual] verdict=DESIGN; docs:NB2-seam-list(0925),INBOX_QUEUE || same comment block || match=L2-anyfile flip=same in_cmake=True || port comment calls it a stub/offline
A4-018	a4_standin_family	ainarm9045_2x8_32.cpp:71-81	ainarm9045_2x8_32.cpp dead variant	(see members)	11 stubs, 0 live callers; golden itself does not compile this variant (INBOX115 row 25 class C)	11 a1 stubs + 0 a2 abbreviated + 0 seams + 0 gates in these files; 0 with live callers; 0 held	0 member stubs have live callers	n/a (family row)	MOTION	see member rows	10	[review=manual] verdict=DESIGN || INBOX115 C
A1-310	a1_stub_body	ainarm9045_2x8_32.cpp:71	DoInArm_9045_2x8_32	ainarm9045_2x8_32.cpp:6642-7633	2x8_32 variant: golden itself does not compile it (Prod.fInArmSuckUse_TwoArm32Site absent from golden); verbatim body kept in #if 0	EMPTY body{}	no (0 live call sites found)	YES live 1/4, e.g. ainarm9045S_1x4_4.cpp:2207 in DoInArm_9045S_1x4_4	MOTION	callees 47/52 ok(def 47, macro 0, sys/undeclared 0); ABSENT [HasHotReadyIC_9045_2x8_32, ShuttleMustFullfor16Site, SetInArmNullToHasNull_9045, DoPlaceToHotPlate_9045_2x8_32, DoInArmPickFromHotPlate_9045_2x8_32]; objects 16/16 present	10	[review=manual] verdict=DESIGN || INBOX115 row 25 (C) || match=L1-samefile flip=same in_cmake=True || port comment calls it a stub/offline
A3-036	a3_macro_seam	cSortCT.cpp:97	ShowMyMessageBox_YES_NO -> W906_ShowMyMessageBox_YES_NO	mymessbox.cpp:1009-1069 (32 stmts)	test/web hook auto-answer for the YES/NO box (nb2 dialog-stand-in census)	OTHER stub (2 stmts); #define ShowMyMessageBox_YES_NO W906_ShowMyMessageBox_YES_NO	yes (1 call sites between #define and #undef read the stub) e.g. cSortCT.cpp:397 in TfSortCT::W906Body_btnClearCountClick	yes: real body canary_support.cpp:208(7 stmts) (already live; the seam hides it from the call sites above)	MOTION	real body exists: yes	10	[review=manual] seam id=A-SEAM-32 src=both undef=None; verdict=DESIGN || DOUBLE-APPLY HAZARD: do not copy golden text into the stub; retire the #define/stub so callers reach the real body
A1-311	a1_stub_body	atester.cpp:9122-9128	DoTesterSidePush	atester.cpp:8656-8681	3 stmts/26 lines; calls: Push, Pop	constant: (void)bInitial; return 0;	yes (6 certain, 0 possible) e.g. aTester_Front.cpp:10489 in DoTestYFront	no (0/3 checked)	IO_OUT	callees 2/2 ok(def 2, macro 0, sys/undeclared 0); objects 1/1 present	85	[review=auto] HELD(Index arm, RULINGS_20260929 #8 / handed to Kevin RULINGS_20260929 #12) || in-function gates: 9124-9125 TODO(W7) [NOT REVIEWED: HELD (index arm -- waits for the user's BCB6 9050 ind...] || match=L1-samefile flip=same in_cmake=True || port comment calls it a stub/offline
A1-312	a1_stub_body	atester.cpp:9280-9286	DoAllPassVerifyRTC	atester.cpp:8685-8814	61 stmts/130 lines; calls: DoReleaseAndInspEnd, SetSecAndOn, Off, OpenRTCComPortAgain, ShowMyMessage, SendCommToVision ...	constant: (void)bInitial; return false;	yes (11 certain, 0 possible) e.g. aTester_Front.cpp:5958 in DoFRTCAutoModelVerify	gated-only 4/4, e.g. atester.cpp:1566 (alt-arm)	IO_OUT	callees 7/7 ok(def 7, macro 0, sys/undeclared 0); objects 2/2 present	85	[review=auto] HELD(Index arm, RULINGS_20260929 #8 / handed to Kevin RULINGS_20260929 #12) || in-function gates: 9282-9283 TODO(W7) [NOT REVIEWED: HELD (index arm -- waits for the user's BCB6 9050 ind...] || scope: feature:RTC vision || match=L1-samefile flip=same in_cmake=True || port comment calls it a stub/offline
A1-313	a1_stub_body	atester.cpp:10390-10396	IndexCheckOneByOne	atester.cpp:9849-9939	35 stmts/91 lines; calls: SetSecAndOn, ProcessIndexSuckDestroy1, ProcessIndexSuckDestroy2, Off, CheckVaccumIsON_AboveSocket, CheckVaccumIsIniaialON ...	constant: (void)bReset; (void)iWhichArm; (void)iSiteCount; (void)bNeed	yes (10 certain, 0 possible) e.g. atester.cpp:7128 in DoTestHeadMotor	gated-only 4/4, e.g. atester.cpp:2505 (alt-arm)	IO_OUT	callees 7/7 ok(def 7, macro 0, sys/undeclared 0); objects 5/5 present	85	[review=auto] HELD(Index arm, RULINGS_20260929 #8 / handed to Kevin RULINGS_20260929 #12); docs:other-docs || in-function gates: 10392-10393 TODO(W7) [NOT REVIEWED: HELD (index arm -- waits for the user's BCB6 9050 ind...] || match=L1-samefile flip=same in_cmake=True || port comment calls it a stub/offline
A1-314	a1_stub_body	atester.cpp:10533-10539	IndexCheck4Site	atester.cpp:9944-10060	38 stmts/117 lines; calls: SetMSAndOn, ProcessIndexSuckDestroy1, ProcessIndexSuckDestroy2, Off, CheckVaccumIsIniaialON	constant: (void)bReset; (void)iWhichArm; (void)iSiteCount; return fals	yes (12 certain, 0 possible) e.g. aTester_Front.cpp:863 in DoFrontTestDestroyIC	YES live 2/4, e.g. aTester_Front.cpp:7029 in DoIndexArm2PickUpErrNeedPiggyback	IO_OUT	callees 5/5 ok(def 5, macro 0, sys/undeclared 0); objects 6/6 present	85	[review=auto] HELD(Index arm, RULINGS_20260929 #8 / handed to Kevin RULINGS_20260929 #12); docs:other-docs || in-function gates: 10535-10536 TODO(W7) [NOT REVIEWED: HELD (index arm -- waits for the user's BCB6 9050 ind...] || match=L1-samefile flip=same in_cmake=True || port comment calls it a stub/offline
A1-315	a1_stub_body	atester.cpp:10797-10801	CheckInitialStartDelayInSocket	atester.cpp:10062-10296	103 stmts/235 lines; calls: RecordProcess, LatchCycleTime, ShowErrorMessage, Off	EMPTY body{}	yes (3 certain, 0 possible) e.g. aTester_Front.cpp:9563 in DoTestYFront	YES live 1/4, e.g. csystem.cpp:33488 in W906_DoAllProcessLadder	IO_OUT	callees 4/4 ok(def 4, macro 0, sys/undeclared 0); objects 8/8 present	85	[review=auto] HELD(Index arm, RULINGS_20260929 #8 / handed to Kevin RULINGS_20260929 #12) || in-function gates: 10799-10800 TODO(W7) [NOT REVIEWED: HELD (index arm -- waits for the user's BCB6 9050 ind...] || match=L1-samefile flip=same in_cmake=True || port comment calls it a stub/offline
A2-154	a2_abbreviated_body	cinitial.cpp:13853-14586	SetSimuScreenPara	cinitial.cpp:5855-6493	352 stmts/639 lines; calls: SetScreenScale, SetPanel, SetMyLed, SetHTrayPanel, SetSimulateCompoment	ABBREVIATED body (734 of 639 lines): 70/356 (20%) of golden's distinct statements exist live anywhere in the port; 80% only under #if 0/alt arm; 19% in this function	yes (1 certain, 0 possible) e.g. cinitial.cpp:7229 in SetWorkParameter	gated-only 2/4, e.g. cinitial.cpp:1982 (alt-arm)	IO_OUT	callees 5/5 ok(def 5, macro 0, sys/undeclared 0); objects 18/18 present	81	[review=auto] HELD(Index arm, RULINGS_20260929 #8 / handed to Kevin RULINGS_20260929 #12); docs:INBOX_QUEUE,handoff || in-function gates: 13920-13923 n5-G2 [NOT REVIEWED: TO_STEVEN §1 (laptop INBOX 121 (SetSimuScreenPara))] | 13929-13931 n5-G2 [NOT REVIEWED: TO_STEVEN §1 (laptop INBOX 121 (SetSimuScreenPara))] | 13955-13957 n5-G2 [NOT REVIEWED: TO_STEVEN §1 (laptop INBOX 121 (SetSimuScreenPara))] (+1) || match=L1-samefile flip=same in_cmake=True || port comment calls it a stub/offline
A1-316	a1_stub_body	atester.cpp:9585-9591	GetTempICResult	atester.cpp:9002-9068	28 stmts/67 lines; calls: SetSecAndOn, WriteCommData, Off	constant: (void)iTempICTask; return false;	yes (2 certain, 0 possible) e.g. DynamicTemp.cpp:488 in TfDynamicTemp::Timer1Timer	YES live 1/4, e.g. DynamicTemp.cpp:123 in TfDynamicTemp::lblRealTime6Click	IO_OUT	callees 3/3 ok(def 3, macro 0, sys/undeclared 0); objects 3/5 present; OBJ-ABSENT [TempICTimeOut, TempICDelay]	77	[review=auto] HELD(Index arm, RULINGS_20260929 #8 / handed to Kevin RULINGS_20260929 #12) || in-function gates: 9587-9588 TODO(W7) [NOT REVIEWED: HELD (index arm -- waits for the user's BCB6 9050 ind...] || match=L1-samefile flip=same in_cmake=True || port comment calls it a stub/offline
A1-317	a1_stub_body	forms/fMain.cpp:403	TfMain::Reset	main.cpp:7235-7601	golden TfMain::Reset(Func) (141 stmts: main RESET = unload/clear ICs, cylinder pushes, tray data) is {}; internal callers (asendic_*, BarCode_*, ProcessTesterTimeOut ...) call it as the error-recovery reset	EMPTY body{}	yes (9 certain, 27 possible) e.g. BarCode/BarCode_Shuttle1_CCDScan.cpp:2262 in BarCode_DoBarcodeCCDInShuttle_1	YES live 1/4, e.g. asendic_Empty.cpp:1294 in DoAutoEmpty1	IO_OUT	callees 22/23 ok(def 22, macro 0, sys/undeclared 0); ABSENT [ResetServoOff]; objects 19/20 present; OBJ-ABSENT [BtnCleanOut]	70	[review=manual] verdict=KNOWN-DEFERRED; docs:GL_S0_STUB_LEDGER(Aug26),INBOX_QUEUE || RULINGS_20260930 #5 (button not wired) + INBOX_QUEUE 77/89: START/PAUSE last || match=L2-anyfile flip=same in_cmake=True || port comment calls it a stub/offline
A1-318	a1_stub_body	forms/fMain.cpp:237	TfMain::LightOn	main.cpp:26056-26062	golden LightOn(): spbLight caption/tag + SW[SwCCDLight].On() (CCD light output); port body {}	EMPTY body{}	yes (3 certain, 0 possible) e.g. aTester_Front.cpp:7954 in DoTestYFront	YES live 1/3, e.g. FileRW/MainClick.cpp:1316 in W906_Main_LightOn [same-name family]	IO_OUT	callees 1/1 ok(def 1, macro 0, sys/undeclared 0); objects 1/2 present; OBJ-ABSENT [spbLight]	65	[review=manual] verdict=HELD || live callers are RTC/Index-arm flows (aTester_Front.cpp:7954, aTester_Rear.cpp:8002, atester.cpp:6504); the main-screen light button has its own copy in FileRW/MainClick.cpp:1313 || match=L2-anyfile flip=same in_cmake=True || port comment calls it a stub/offline
A1-319	a1_stub_body	atester_shims.cpp:327	ADAM_WriteVoltage	adam6024.cpp:1798-1915	27 stmts/118 lines; calls: fCheckConnectStatus_ADAM6024, ADAM_DirectWriteData, TransformFuntion, IsIndependentEPPressureRouteActive, APAX_WriteData, CheckRange ...	EMPTY body{}	yes (19 certain, 0 possible) e.g. AutoClean/AutoClean.cpp:5672 in DoIndexAutoClean_Arm1PickArm2Test	YES live 1/4, e.g. Command.cpp:16544 in TfMain::TCPCommandServerClientRead	IO_OUT	callees 3/9 ok(def 3, macro 0, sys/undeclared 0); ABSENT [fCheckConnectStatus_ADAM6024, IsIndependentEPPressureRouteActive, APAX_WriteData, ADAMTCP_WriteReg, WriteDigital, AdamOutputToPA]; objects 3/3 present	47	[review=auto] HELD(Index arm, RULINGS_20260929 #8 / handed to Kevin RULINGS_20260929 #12); docs:GL_S0_STUB_LEDGER(Aug26),handoff || match=L2-anyfile flip=same in_cmake=True || port comment calls it a stub/offline
A1-320	a1_stub_body	forms/fMain.cpp:411	TfMain::Start	main.cpp:4385-6259	golden TfMain::Start(Func) 1,875 lines is {} on purpose (StartFromWeb is the wired path)	EMPTY body{}	yes (13 certain, 6 possible) e.g. Automation/automation.cpp:1981 in TfAutomation::ProcessBuffer	YES live 4/4, e.g. WebStart.cpp:3412 in TfMainWeb::StartFromWeb [same-name family]	IO_OUT	callees 76/89 ok(def 76, macro 0, sys/undeclared 0); DECL-ONLY(no body) [CheckCanRunStart_HS, Get2DIDFromServer]; ABSENT [Read2DIDList, CheckEmployeeID, DownloadUpdateAutomatically, CheckingCheckList, CheckSmartAutoCleanCanStart, IsRun, CheckOEE_WhenStart, ATCAmbientTemperCheck]; objects 50/63 present; OBJ-ABSENT [p...	40	[review=manual] verdict=KNOWN-DEFERRED; docs:INBOX_QUEUE,handoff,B8_RISK || ST campaign; 13 certain + 6 possible callers reach the {} (AUTO restarts) || match=L2-anyfile flip=same in_cmake=True || port comment calls it a stub/offline
A1-321	a1_stub_body	atester_shims.cpp:326	ADAM_DirectWriteData	adam6024.cpp:1936-2021	25 stmts/86 lines; calls: fCheckConnectStatus_ADAM6024, CheckRange, WriteAO, IsIndependentEPPressureRouteActive, APAX_WriteData, ADAMTCP_WriteReg ...	EMPTY body{}	yes (8 certain, 0 possible) e.g. WebStart.cpp:3781 in TfMainWeb::StartFromWeb	no (0/4 checked)	IO_OUT	callees 1/7 ok(def 1, macro 0, sys/undeclared 0); ABSENT [fCheckConnectStatus_ADAM6024, WriteAO, IsIndependentEPPressureRouteActive, APAX_WriteData, ADAMTCP_WriteReg, WriteDigital]; objects 1/2 present; OBJ-ABSENT [fAdam6024]	35	[review=auto] HELD(Index arm, RULINGS_20260929 #8 / handed to Kevin RULINGS_20260929 #12); docs:RULINGS || match=L2-anyfile flip=same in_cmake=True || port comment calls it a stub/offline
A1-322	a1_stub_body	atester.cpp:12579-12584	bContSoftEpSwitch	atester.cpp:9714-9789	10 stmts/76 lines; calls: FrontTestHeadHasIC, OnOff, RearTestHeadHasIC	EMPTY body{} (only (void)x)	no (0 live call sites found)	YES live 2/4, e.g. adam6024.cpp:959 in EpSwitch [same-name family]	IO_OUT	callees 3/3 ok(def 3, macro 0, sys/undeclared 0); objects 4/4 present	27	[review=auto] HELD(Index arm, RULINGS_20260929 #8 / handed to Kevin RULINGS_20260929 #12); docs:other-docs || in-function gates: 12581-12582 TODO(W7) [NOT REVIEWED: HELD (index arm -- waits for the user's BCB6 9050 ind...] || match=L1-samefile flip=same in_cmake=True || port comment calls it a stub/offline
A1-323	a1_stub_body	atester.cpp:4512-4519	DoInterFaceErrorStep	atester.cpp:3856-4101	71 stmts/246 lines; calls: Gali_ReadPos, Gali_MotMove, ShowErrorMessage, ShowMyMessage, ProcessTesterTimeOut, ProcessCount ...	constant: (void)ZAxisSelect; (void)iDoInterFaceErrorStepTask; return f	yes (2 certain, 0 possible) e.g. aTester_Front.cpp:4431 in DoFTestSuckTestIC	YES live 2/4, e.g. atester_32Site.cpp:443 in DoInterFaceErrorStep_TwoArm32Site [same-name family]	IO_OUT	callees 14/15 ok(def 14, macro 0, sys/undeclared 0); DECL-ONLY(no body) [SendHandler2DID]; objects 11/11 present	26	[review=auto] HELD(Index arm, RULINGS_20260929 #8 / handed to Kevin RULINGS_20260929 #12) || in-function gates: 4514-4515 TODO(W7) [NOT REVIEWED: HELD (index arm -- waits for the user's BCB6 9050 ind...] || match=L1-samefile flip=same in_cmake=True || port comment calls it a stub/offline
A1-324	a1_stub_body	aTester_Rear.cpp:392-396	W64bT2_DoVibrateOutShuttle	ainarm2.cpp:3528-3583	26 stmts/56 lines; calls: On, SetMSAndOn, Off	constant: (void)iShuttle; (void)bNeedInitial; return true;	yes (2 same-file call sites; file-local static, other TUs bind to the real function) e.g. aTester_Rear.cpp:704 in DoRearTestDestroyIC	YES live 4/4, e.g. ainarm2.cpp:2548 in DoVibrateOutShuttle [same-name family]	IO_OUT	callees 3/3 ok(def 3, macro 0, sys/undeclared 0); objects 3/3 present	20	[review=auto] HELD(Index arm, RULINGS_20260929 #8 / handed to Kevin RULINGS_20260929 #12); docs:other-docs || match=L2-anyfile flip=same in_cmake=True || port comment calls it a stub/offline || same-name real def elsewhere: ainarm2.cpp:2522
A1-325	a1_stub_body	ckernel_shims.cpp:67	W7L2_SetSimuScreenPara	cinitial.cpp:5855-6493	352 stmts/639 lines; calls: SetScreenScale, SetPanel, SetMyLed, SetHTrayPanel, SetSimulateCompoment	EMPTY body{}	no (0 live call sites found)	YES live 2/4, e.g. cinitial.cpp:14015 in SetSimuScreenPara [same-name family]	IO_OUT	callees 5/5 ok(def 5, macro 0, sys/undeclared 0); objects 18/18 present	20	[review=auto] HELD(Index arm, RULINGS_20260929 #8 / handed to Kevin RULINGS_20260929 #12); docs:INBOX_QUEUE,handoff || match=L2-anyfile flip=same in_cmake=True || port comment calls it a stub/offline
A1-326	a1_stub_body	ckernel_shims.cpp:66	W7L2_DoSetupSystemToProd	cinitial.cpp:6650-7555	313 stmts/906 lines; calls: UpdateMyKitSuckDelayTimeToProd, IsRun, GetSocketPickUpOffsetWhenAutoTeachOnly, SetHangupMaxTime, On, Off ...	EMPTY body{}	no (0 live call sites found)	YES live 4/4, e.g. cinitial.cpp:8352 in DoSetupSystemToProd [same-name family]	IO_OUT	callees 7/10 ok(def 7, macro 0, sys/undeclared 0); DECL-ONLY(no body) [CheckEPRange]; ABSENT [IsRun, GetSocketPickUpOffsetWhenAutoTeachOnly]; objects 22/23 present; OBJ-ABSENT [fAutoTeach]	18	[review=auto] HELD(Index arm, RULINGS_20260929 #8 / handed to Kevin RULINGS_20260929 #12); docs:other-docs || match=L2-anyfile flip=same in_cmake=True || port comment calls it a stub/offline || same-name real def elsewhere: cinitial.cpp:8282
A3-037	a3_macro_seam	RotateKit/aRotateKIT_Out.cpp:419	CheckOutArmZ -> W906RKO_CheckOutArmZ	aoutarm.cpp:95-115 (6 stmts)	W906RKO_CheckOutArmZ = golden aoutarm.cpp:95 verbatim (6 stmts)	OTHER stub (5 stmts); #define CheckOutArmZ W906RKO_CheckOutArmZ	yes (2 call sites between #define and #undef read the stub) e.g. RotateKit/aRotateKIT_Out.cpp:450 in MoveOutArmXY_ToRotateKIT	yes: real body aoutarm.cpp:653(6 stmts) (already live; the seam hides it from the call sites above)	IO_OUT	real body exists: yes	5	[review=manual] seam id=A-SEAM-23 src=both undef=None; verdict=FAITHFUL-COPY || DOUBLE-APPLY HAZARD: do not copy golden text into the stub; retire the #define/stub so callers reach the real body
A1-327	a1_stub_body	Motor/mymotor.cpp:1928	TMyMotor::Check_Y1Y2_TargetPosWillCrash	Motor/mymotor.cpp:5882-5904	10 stmts/23 lines; calls: Gali_ReadEncoderPos, NewRecordProcess	constant: return false;	no (0 live call sites found)	no (0/4 checked)	STATE	callees 2/2 ok(def 2, macro 0, sys/undeclared 0); objects 2/2 present	85	[review=auto] HELD(Index arm, RULINGS_20260929 #8 / handed to Kevin RULINGS_20260929 #12); docs:GL_S0_STUB_LEDGER(Aug26) || match=L1-samefile flip=same in_cmake=True
A1-328	a1_stub_body	Motor/mymotor.cpp:1929	TMyMotor::CheckY1Y2TargetPos	Motor/mymotor.cpp:6436-6484	22 stmts/49 lines; calls: Gali_ReadPos, ShowMyMessage	constant: return false;	no (0 live call sites found)	YES live 1/4, e.g. AutoClean/AutoClean.cpp:7449 in DoIndexAutoClean	STATE	callees 2/2 ok(def 2, macro 0, sys/undeclared 0); objects 2/2 present	85	[review=auto] HELD(Index arm, RULINGS_20260929 #8 / handed to Kevin RULINGS_20260929 #12); docs:GL_S0_STUB_LEDGER(Aug26) || match=L1-samefile flip=same in_cmake=True
A1-329	a1_stub_body	Motor/mymotor.cpp:1932	TMyMotor::Check_Y1_TargetPosInTeachPos	Motor/mymotor.cpp:6516-6534	4 stmts/19 lines; calls: CheckArmPosArrival	constant: return false;	yes (1 certain, 0 possible) e.g. Motor/myGALILmotor.cpp:5452 in TMyMotor::GalilTwoY_Move	no (0/2 checked)	STATE	callees 1/1 ok(def 1, macro 0, sys/undeclared 0); objects 2/2 present	85	[review=auto] HELD(Index arm, RULINGS_20260929 #8 / handed to Kevin RULINGS_20260929 #12); docs:GL_S0_STUB_LEDGER(Aug26) || match=L1-samefile flip=same in_cmake=True
A1-330	a1_stub_body	Motor/mymotor.cpp:1933	TMyMotor::Check_Y2_TargetPosInTeachPos	Motor/mymotor.cpp:6536-6554	4 stmts/19 lines; calls: CheckArmPosArrival	constant: return false;	yes (1 certain, 0 possible) e.g. Motor/myGALILmotor.cpp:5453 in TMyMotor::GalilTwoY_Move	no (0/2 checked)	STATE	callees 1/1 ok(def 1, macro 0, sys/undeclared 0); objects 2/2 present	85	[review=auto] HELD(Index arm, RULINGS_20260929 #8 / handed to Kevin RULINGS_20260929 #12); docs:GL_S0_STUB_LEDGER(Aug26) || match=L1-samefile flip=same in_cmake=True
A1-331	a1_stub_body	Motor/mymotor.cpp:2793	EncoderTeachingMaxMinCount	Motor/mymotor.cpp:5426-5499	18 stmts/74 lines; calls: Gali_ReadEncoderPos	EMPTY body{}	yes (7 certain, 0 possible) e.g. aTester_Front.cpp:1440 in DoFrontTestSuckIC	gated-only 4/4, e.g. Motor/mymotor.cpp:1451 (alt-arm)	STATE	callees 1/1 ok(def 1, macro 0, sys/undeclared 0); objects 2/2 present	85	[review=auto] HELD(Index arm, RULINGS_20260929 #8 / handed to Kevin RULINGS_20260929 #12); docs:GL_S0_STUB_LEDGER(Aug26),NB2-seam-list(0925) || match=L1-samefile flip=same in_cmake=True
A1-332	a1_stub_body	atester.cpp:4676-4682	CheckIndexStatus	atester.cpp:4104-4235	48 stmts/132 lines; calls: ISZ1Up_Z2DownNoWait, RecordIndexPositionError, ShowIndexMotorError, ISZ1Down_Z2UpNoWait, CheckBackError, ISZ1Up_Z2Up ...	constant: (void)str; return true;	yes (4 certain, 0 possible) e.g. aTester_Front.cpp:8400 in DoTestYFront	gated-only 4/4, e.g. atester.cpp:877 (alt-arm)	STATE	callees 8/8 ok(def 8, macro 0, sys/undeclared 0); objects 2/2 present	85	[review=auto] HELD(Index arm, RULINGS_20260929 #8 / handed to Kevin RULINGS_20260929 #12) || in-function gates: 4678-4679 TODO(W7) [NOT REVIEWED: HELD (index arm -- waits for the user's BCB6 9050 ind...] || match=L1-samefile flip=same in_cmake=True || port comment calls it a stub/offline
A1-333	a1_stub_body	atester.cpp:4761-4767	CheckPlaceOutShuttle	atester.cpp:4250-4293	11 stmts/44 lines; calls: UseSiteHasIC, AlreadyTest, FTestNeedDestroy, ScanMotorStatus, InShtInLF, BTestNeedDestroy	constant: (void)iShuttle; return false;	yes (3 certain, 0 possible) e.g. aTester_Front.cpp:8624 in DoTestYFront	YES live 2/4, e.g. aTester_Front.cpp:7489 in DoTestYFront	STATE	callees 6/6 ok(def 6, macro 0, sys/undeclared 0); objects 5/5 present	85	[review=auto] HELD(Index arm, RULINGS_20260929 #8 / handed to Kevin RULINGS_20260929 #12) || in-function gates: 4763-4764 TODO(W7) [NOT REVIEWED: HELD (index arm -- waits for the user's BCB6 9050 ind...] || match=L1-samefile flip=same in_cmake=True || port comment calls it a stub/offline
A1-334	a1_stub_body	atester.cpp:9883-9889	CheckAndRecodrEP	atester.cpp:9266-9411	54 stmts/146 lines; calls: MyForceDirectories, FormatString, beKeepLotNumber, GetDateInfoByString, WriteDataToFile, Del_Tree ...	constant: (void)iArm; return false;	yes (1 certain, 0 possible) e.g. atester.cpp:1532 in GetTesterResult	gated-only 4/4, e.g. atester.cpp:1844 (alt-arm)	STATE	callees 13/14 ok(def 13, macro 0, sys/undeclared 0); ABSENT [KpaTransferKG]; objects 4/5 present; OBJ-ABSENT [sEPCopyFileName]	85	[review=auto] HELD(Index arm, RULINGS_20260929 #8 / handed to Kevin RULINGS_20260929 #12); docs:other-docs || in-function gates: 9885-9886 TODO(W7) [NOT REVIEWED: HELD (index arm -- waits for the user's BCB6 9050 ind...] || match=L1-samefile flip=same in_cmake=True || port comment calls it a stub/offline
A1-335	a1_stub_body	atester.cpp:10208-10214	NewCheckAndRecodeTorque	atester.cpp:9465-9683	54 stmts/219 lines; calls: UseSiteHasIC, SaveTorque, ShowErrorMessage	constant: (void)iArm; return false;	no (0 live call sites found)	gated-only 4/4, e.g. atester.cpp:2416 (alt-arm)	STATE	callees 3/3 ok(def 3, macro 0, sys/undeclared 0); objects 4/4 present	85	[review=auto] HELD(Index arm, RULINGS_20260929 #8 / handed to Kevin RULINGS_20260929 #12); docs:other-docs || in-function gates: 10210-10211 TODO(W7) [NOT REVIEWED: HELD (index arm -- waits for the user's BCB6 9050 ind...] || match=L1-samefile flip=same in_cmake=True || port comment calls it a stub/offline
A1-336	a1_stub_body	atester.cpp:10218-10223	SaveTorque	atester.cpp:9685-9710	19 stmts/26 lines; calls: TStringList, GetTimeInfo, FormatString, Clear, Add, AddTextWithDateTime ...	EMPTY body{} (only (void)x)	no (0 live call sites found)	no (0/4 checked)	STATE	callees 7/7 ok(def 7, macro 0, sys/undeclared 0); objects 3/4 present; OBJ-ABSENT [asTorqueDataFileName]	85	[review=auto] HELD(Index arm, RULINGS_20260929 #8 / handed to Kevin RULINGS_20260929 #12) || in-function gates: 10220-10221 TODO(W7) [NOT REVIEWED: HELD (index arm -- waits for the user's BCB6 9050 ind...] || match=L1-samefile flip=same in_cmake=True || port comment calls it a stub/offline
A1-337	a1_stub_body	atester.cpp:10899-10904	NeedResetInitialDelay	atester.cpp:10298-10375	32 stmts/78 lines; calls: RecordProcess	constant: return false;	yes (1 certain, 0 possible) e.g. atester.cpp:1337 in GetTesterResult	gated-only 4/4, e.g. atester.cpp:2910 (alt-arm)	STATE	callees 1/1 ok(def 1, macro 0, sys/undeclared 0); objects 1/1 present	85	[review=auto] HELD(Index arm, RULINGS_20260929 #8 / handed to Kevin RULINGS_20260929 #12) || in-function gates: 10901-10902 TODO(W7) [NOT REVIEWED: HELD (index arm -- waits for the user's BCB6 9050 ind...] || match=L1-samefile flip=same in_cmake=True || port comment calls it a stub/offline
A1-338	a1_stub_body	atester.cpp:12471-12476	TestProcessSetToErr	atester.cpp:11772-11818	18 stmts/47 lines; calls: SetItemData, AddTestResultRecord, MyDBIProcess, DoJCETSiteMappingCHK	EMPTY body{} (only (void)x)	yes (1 certain, 0 possible) e.g. atester.cpp:4152 in ProcessTesterTimeOut	YES live 1/4, e.g. aTester_Front.cpp:3630 in DoFTestSuckTestIC	STATE	callees 4/4 ok(def 4, macro 0, sys/undeclared 0); objects 3/3 present	85	[review=auto] HELD(Index arm, RULINGS_20260929 #8 / handed to Kevin RULINGS_20260929 #12) || in-function gates: 12473-12474 TODO(W7) [NOT REVIEWED: HELD (index arm -- waits for the user's BCB6 9050 ind...] || match=L1-samefile flip=same in_cmake=True || port comment calls it a stub/offline
A1-339	a1_stub_body	forms/fMain.cpp:248	TfMain::ReStartAutoSiteMapping	main.cpp:28166-28212	golden ReStartAutoSiteMapping(bStart) resets the Auto-Site-Map state (iDoSiteMappingStep, iAutoSiteMapCount, kit/arm cursors, Prod.bInitialAutoSiteMap, bAutoSiteMapWaitTestResult ...); port body {}	EMPTY body{}	yes (10 certain, 0 possible) e.g. RunStartMode.cpp:727 in SetRunStartMode	no (0/4 checked)	STATE	callees 4/4 ok(def 4, macro 0, sys/undeclared 0); objects 3/3 present	78	[review=manual] verdict=KNOWN-DEFERRED; docs:GL_S0_STUB_LEDGER(Aug26) || 10 live callers (RunStartMode.cpp:727 SetRunStartMode ...); INBOX_QUEUE 77 defers it (START/site-map) || match=L2-anyfile flip=same in_cmake=True || port comment calls it a stub/offline
A1-340	a1_stub_body	atester.cpp:12848-12856	Sim_TTL_Single	atester.cpp:699-753	20 stmts/55 lines; calls: ArrayConvertSite	EMPTY body{} (only (void)x)	no (0 live call sites found)	gated-only 4/4, e.g. atester.cpp:4125 (alt-arm)	STATE	callees 1/1 ok(def 1, macro 0, sys/undeclared 0); objects 2/3 present; OBJ-ABSENT [ComboCH]	77	[review=auto] HELD(Index arm, RULINGS_20260929 #8 / handed to Kevin RULINGS_20260929 #12) || in-function gates: 12850-12851 TODO(GA-3/UI) [NOT REVIEWED: HELD (index arm -- waits for the user's BCB6 9050 ind...] || match=L1-samefile flip=same in_cmake=True || port comment calls it a stub/offline
A1-341	a1_stub_body	Motor/mymotor.cpp:2578	RecordIndexPositionError	Motor/mymotor.cpp:4848-4855	golden RecordIndexPositionError logs MyDBIProcessNew("Motion","WAR2200","Index Position Error",...) ; port body {} -> the record of an Index Z/Y position error is never written	EMPTY body{}	yes (13 certain, 0 possible) e.g. Motor/myGALILmotor.cpp:896 in W4G_CheckTestZ	no (0/2 checked)	STATE	callees 1/1 ok(def 1, macro 0, sys/undeclared 0); objects 0/0 present	75	[review=manual] verdict=HELD; docs:GL_S0_STUB_LEDGER(Aug26),NB2-seam-list(0925),INBOX_QUEUE || 13 callers (Galil CheckTestZ*, atester); INBOX_QUEUE 89(2) waits for St02 cMyDB P4 || match=L1-samefile flip=same in_cmake=True || port comment calls it a stub/offline
A3-038	a3_macro_seam	FileRW/TestIF_File_Cleaning.gen.inc:89	SearchCleanNum -> FileRW_Cleaning_SearchCleanNum	AutoClean/AutoClean.cpp:1245-1304 (21 stmts)	golden SearchCleanNum has 21 statements	no stub function found (alias/macro seam); #define SearchCleanNum FileRW_Cleaning_SearchCleanNum	yes (4 call sites between #define and #undef read the stub) e.g. FileRW/TestIF_File_Cleaning.gen.inc:1551 in CL_LoadAutoCleanData	yes: real body AutoClean/AutoClean.cpp:1662(12 stmts) (already live; the seam hides it from the call sites above)	STATE	real body exists: yes	70	[review=auto] seam id=- src=same-file/own scan undef=None; verdict=DESIGN || St01 generator output (.gen.inc): redirect is generated on purpose || DOUBLE-APPLY HAZARD: do not copy golden text into the stub; retire the #define/stub so callers reach the real body
A3-039	a3_macro_seam	atester.cpp:5856	MyTickCount -> W7T1_MyTickCount	common.cpp:1726-1729 (1 stmts)	W7T1_MyTickCount returns 0 instead of GetTickCount(): every timeout measured in DoTestHeadMotor (atester.cpp:8730-8743) compares 0 with 0	RETLIT stub (1 stmts); #define MyTickCount W7T1_MyTickCount	yes (6 call sites between #define and #undef read the stub) e.g. atester.cpp:8730 in DoTestHeadMotor	yes: real body common.cpp:2118(1 stmts) (already live; the seam hides it from the call sites above)	STATE	real body exists: yes	70	[review=manual] seam id=A-SEAM-08 src=both undef=None; verdict=HELD || Index arm: HELD by RULINGS_20260929 #8 || DOUBLE-APPLY HAZARD: do not copy golden text into the stub; retire the #define/stub so callers reach the real body
A1-342	a1_stub_body	atester.cpp:11732-11738	CheckSocketSensor	atester.cpp:10784-11126	89 stmts/343 lines; calls: Gali_ReadEncoderPos, IsOn, Gali_Command, IsOff, Stop, RecordProcess ...	constant: (void)iArm; (void)Func; (void)bInit; (void)bCheckArmHieght;	yes (15 certain, 0 possible) e.g. AutoClean/AutoClean.cpp:6056 in DoIndexAutoClean_Arm1PickArm2Test	YES live 2/4, e.g. atester.cpp:6139 in DoTestHeadMotor	STATE	callees 9/9 ok(def 9, macro 0, sys/undeclared 0); objects 8/9 present; OBJ-ABSENT [ScanBtnThd]	70	[review=auto] HELD(Index arm, RULINGS_20260929 #8 / handed to Kevin RULINGS_20260929 #12); docs:INBOX_QUEUE || in-function gates: 11734-11735 TODO(W7) [NOT REVIEWED: HELD (index arm -- waits for the user's BCB6 9050 ind...] || match=L1-samefile flip=same in_cmake=True || port comment calls it a stub/offline
A1-343	a1_stub_body	Motor/myGALILmotor.cpp:671	W4G_TfMainExt::sb_Gali_LogClick	main.cpp:33710-33741	17 stmts/32 lines; calls: Gali_Command, RecordProcess	EMPTY body{}	possible (4, obj not resolvable) e.g. Motor/myGALILmotor.cpp:2619 in TMyMotor::Z1UpZ2Down1 [obj=fMain]	no (0/4 checked)	STATE	callees 2/2 ok(def 2, macro 0, sys/undeclared 0); objects 0/0 present	57	[review=auto] HELD(Index arm, RULINGS_20260929 #8 / handed to Kevin RULINGS_20260929 #12) || scope: feature:Galil motor || match=L5-standin-class flip=same in_cmake=True || port comment calls it a stub/offline
A1-344	a1_stub_body	atester_shims.cpp:355	TCCDInterfaceFormShim::CCDRunExec	CCDInterface.cpp:383-421	20 stmts/39 lines; calls: SetSecAndOn, SendCCD, Add	constant: return false;	yes (1 certain, 0 possible) e.g. atester.cpp:6085 in DoTestHeadMotor	no (0/4 checked)	STATE	callees 2/3 ok(def 2, macro 0, sys/undeclared 0); ABSENT [SendCCD]; objects 2/3 present; OBJ-ABSENT [CCDDelayTime]	46	[review=auto] HELD(Index arm, RULINGS_20260929 #8 / handed to Kevin RULINGS_20260929 #12) || scope: feature:CCD/tray-map || match=L5-standin-class flip=same in_cmake=True || port comment calls it a stub/offline
B-300	b_gate_expired	cinitial.cpp:9820-9823	LoadMachineRecord	cinitial.cpp:8100-8101	golden cinitial.cpp:8100-8101 / :8424-8425 / :8429-8430 PickFromHPList/PlaceToCleanList ->ResetFile / ->LoadFile(sHPPickRec / sCleanPlaceRec): HotPlate pick record and AutoClean place record are neither wiped after an abnormal close nor reloaded at start	gated by IF0; nothing replaces it (the statements simply do not happen)	yes (1 callers of enclosing LoadMachineRecord)	yes: 2/2 statements already live elsewhere, e.g. csystem.cpp:3131	STATE	callees 1/1 ok(def 1, macro 0, sys/undeclared 0); objects 2/2 present	45	[review=manual] ST02 row 1707 [MEDIUM]: KEEP: does not compile when opened (ship only): 'class uPlateInfo' has no member named 'ResetFile'; did you mean 'SaveFile'? [RESCAN 0930]; verdict=DESIGN || reason still holds: the uPlateInfo seen from cinitial.cpp is the zero-data-member facade in aHotPlateSubstrate.h:697 (no ResetFile/LoadFile declared) although real bodies exist at Public/HTEditList.cpp:2482/2514 -- needs the facade to declare them, cross-cutting; consequence on iron: pick teams re-derived from the tray map after a restart || gate_id=n2-17
B-301	b_gate_expired	cinitial.cpp:10204-10207	LoadMachineRecord	cinitial.cpp:8100-8101	golden cinitial.cpp:8100-8101 / :8424-8425 / :8429-8430 PickFromHPList/PlaceToCleanList ->ResetFile / ->LoadFile(sHPPickRec / sCleanPlaceRec): HotPlate pick record and AutoClean place record are neither wiped after an abnormal close nor reloaded at start	gated by IF0; nothing replaces it (the statements simply do not happen)	yes (1 callers of enclosing LoadMachineRecord)	no (0/2 statements found live elsewhere)	STATE	callees 1/1 ok(def 1, macro 0, sys/undeclared 0); objects 2/2 present	45	[review=manual] ST02 row 1710 [MEDIUM]: KEEP: still missing uPlateInfo::LoadFile, sCleanPlaceRec (flip-compile, main 8e5a1b1b + gw) [RESCAN 0930]; verdict=DESIGN || reason still holds: the uPlateInfo seen from cinitial.cpp is the zero-data-member facade in aHotPlateSubstrate.h:697 (no ResetFile/LoadFile declared) although real bodies exist at Public/HTEditList.cpp:2482/2514 -- needs the facade to declare them, cross-cutting; consequence on iron: pick teams re-derived from the tray map after a restart || gate_id=n2-20
B-302	b_gate_expired	cinitial.cpp:10214-10217	LoadMachineRecord	cinitial.cpp:8100-8101	golden cinitial.cpp:8100-8101 / :8424-8425 / :8429-8430 PickFromHPList/PlaceToCleanList ->ResetFile / ->LoadFile(sHPPickRec / sCleanPlaceRec): HotPlate pick record and AutoClean place record are neither wiped after an abnormal close nor reloaded at start	gated by IF0; nothing replaces it (the statements simply do not happen)	yes (1 callers of enclosing LoadMachineRecord)	yes: 2/2 statements already live elsewhere, e.g. csystem.cpp:3131	STATE	callees 1/1 ok(def 1, macro 0, sys/undeclared 0); objects 2/2 present	45	[review=manual] ST02 row 1711 [MEDIUM]: KEEP: still missing uPlateInfo::ResetFile, sCleanPlaceRec (flip-compile, main 8e5a1b1b + gw) [RESCAN 0930]; verdict=DESIGN || reason still holds: the uPlateInfo seen from cinitial.cpp is the zero-data-member facade in aHotPlateSubstrate.h:697 (no ResetFile/LoadFile declared) although real bodies exist at Public/HTEditList.cpp:2482/2514 -- needs the facade to declare them, cross-cutting; consequence on iron: pick teams re-derived from the tray map after a restart || gate_id=n2-21
A1-345	a1_stub_body	atester_shims.cpp:329	ADAM_Alarm	adam6024.cpp:545-601	19 stmts/57 lines; calls: fCheckConnectStatus_ADAM6024, ADAM_ReadPA, AdamOutputToPA, MNetLog	constant: return false;	yes (3 certain, 0 possible) e.g. atester.cpp:9651 in IndexEveryTimeCheckEP	no (0/4 checked)	STATE	callees 1/4 ok(def 1, macro 0, sys/undeclared 0); ABSENT [fCheckConnectStatus_ADAM6024, ADAM_ReadPA, AdamOutputToPA]; objects 1/1 present	43	[review=auto] HELD(Index arm, RULINGS_20260929 #8 / handed to Kevin RULINGS_20260929 #12); docs:GL_S0_STUB_LEDGER(Aug26) || match=L2-anyfile flip=same in_cmake=True || port comment calls it a stub/offline
A1-346	a1_stub_body	atester.cpp:5893	W7T1_EncoderTeachingMaxMinCount	Motor/mymotor.cpp:5426-5499	18 stmts/74 lines; calls: Gali_ReadEncoderPos	EMPTY body{}	yes (1 certain, 0 possible) e.g. atester.cpp:8556 in DoTestHeadMotor [via #define EncoderTeachingMaxMinCount]	gated-only 4/4, e.g. Motor/mymotor.cpp:1451 (alt-arm)	STATE	callees 1/1 ok(def 1, macro 0, sys/undeclared 0); objects 2/2 present	42	[review=auto] HELD(Index arm, RULINGS_20260929 #8 / handed to Kevin RULINGS_20260929 #12); docs:GL_S0_STUB_LEDGER(Aug26),NB2-seam-list(0925) || match=L2-anyfile flip=absentB in_cmake=True || port comment calls it a stub/offline
A1-347	a1_stub_body	aTester_Front.cpp:5236	K8S7_TCOM2Ext::RTC_ResetAlarm	rs232.cpp:4781-4786	3 stmts/6 lines; calls:	EMPTY body{}	possible (3, obj not resolvable) e.g. aTester_Front.cpp:5312 in DoFRTCUseSocketFloat [obj=K8S7_COM2]	YES live 1/3, e.g. atester_32Site.cpp:2105 in DoTestY_TwoArm32Site	STATE	callees 0/0 ok(def 0, macro 0, sys/undeclared 0); objects 1/1 present	36	[review=auto] HELD(Index arm, RULINGS_20260929 #8 / handed to Kevin RULINGS_20260929 #12) || scope: feature:RTC vision || match=L5-standin-class flip=absentB in_cmake=True || port comment calls it a stub/offline
A1-348	a1_stub_body	aTester_Rear.cpp:5042	K6BRTC_TCOM2Ext::RTC_ResetAlarm	rs232.cpp:4781-4786	3 stmts/6 lines; calls:	EMPTY body{}	possible (3, obj not resolvable) e.g. aTester_Front.cpp:5312 in DoFRTCUseSocketFloat [obj=K8S7_COM2]	YES live 1/3, e.g. atester_32Site.cpp:2105 in DoTestY_TwoArm32Site	STATE	callees 0/0 ok(def 0, macro 0, sys/undeclared 0); objects 1/1 present	36	[review=auto] HELD(Index arm, RULINGS_20260929 #8 / handed to Kevin RULINGS_20260929 #12) || scope: feature:RTC vision || match=L5-standin-class flip=absentB in_cmake=True || port comment calls it a stub/offline
A1-349	a1_stub_body	atester_32Site.cpp:370	W5_32S_TCOM2Ext::RTC_ResetAlarm	rs232.cpp:4781-4786	3 stmts/6 lines; calls:	EMPTY body{}	possible (3, obj not resolvable) e.g. aTester_Front.cpp:5312 in DoFRTCUseSocketFloat [obj=K8S7_COM2]	YES live 1/3, e.g. atester_32Site.cpp:2105 in DoTestY_TwoArm32Site	STATE	callees 0/0 ok(def 0, macro 0, sys/undeclared 0); objects 1/1 present	36	[review=auto] HELD(Index arm, RULINGS_20260929 #8 / handed to Kevin RULINGS_20260929 #12) || scope: feature:RTC vision || match=L6-unique-name flip=absentB in_cmake=True || port comment calls it a stub/offline
A1-350	a1_stub_body	atester_shims.cpp:328	ADAM_Alarm	adam6024.cpp:545-601	19 stmts/57 lines; calls: fCheckConnectStatus_ADAM6024, ADAM_ReadPA, AdamOutputToPA, MNetLog	constant: return false;	yes (3 certain, 0 possible) e.g. atester.cpp:9651 in IndexEveryTimeCheckEP	no (0/4 checked)	STATE	callees 1/4 ok(def 1, macro 0, sys/undeclared 0); ABSENT [fCheckConnectStatus_ADAM6024, ADAM_ReadPA, AdamOutputToPA]; objects 1/1 present	36	[review=auto] HELD(Index arm, RULINGS_20260929 #8 / handed to Kevin RULINGS_20260929 #12); docs:GL_S0_STUB_LEDGER(Aug26) || match=L3-arity-mismatch flip=same in_cmake=True || port comment calls it a stub/offline
A1-351	a1_stub_body	aTester_Front.cpp:5237	K8S7_TCOM2Ext::InitRealTimeCCDPara	rs232.cpp:3688-3709	7 stmts/22 lines; calls: SetArmState, Stop	EMPTY body{}	possible (4, obj not resolvable) e.g. aTester_Front.cpp:5380 in DoFRTCUseSocketFloat [obj=K8S7_COM2]	no (0/4 checked)	STATE	callees 2/2 ok(def 2, macro 0, sys/undeclared 0); objects 1/2 present; OBJ-ABSENT [ScanBtnThd]	31	[review=auto] HELD(Index arm, RULINGS_20260929 #8 / handed to Kevin RULINGS_20260929 #12) || scope: feature:CCD/tray-map || match=L5-standin-class flip=absentB in_cmake=True || port comment calls it a stub/offline
A1-352	a1_stub_body	aTester_Front.cpp:5877	K5F_TCOM2Ext::InitRealTimeCCDPara	rs232.cpp:3688-3709	7 stmts/22 lines; calls: SetArmState, Stop	EMPTY body{}	possible (4, obj not resolvable) e.g. aTester_Front.cpp:5380 in DoFRTCUseSocketFloat [obj=K8S7_COM2]	no (0/4 checked)	STATE	callees 2/2 ok(def 2, macro 0, sys/undeclared 0); objects 1/2 present; OBJ-ABSENT [ScanBtnThd]	31	[review=auto] HELD(Index arm, RULINGS_20260929 #8 / handed to Kevin RULINGS_20260929 #12) || scope: feature:CCD/tray-map || match=L5-standin-class flip=absentB in_cmake=True || port comment calls it a stub/offline
A1-353	a1_stub_body	aTester_Rear.cpp:5043	K6BRTC_TCOM2Ext::InitRealTimeCCDPara	rs232.cpp:3688-3709	7 stmts/22 lines; calls: SetArmState, Stop	EMPTY body{}	possible (4, obj not resolvable) e.g. aTester_Front.cpp:5380 in DoFRTCUseSocketFloat [obj=K8S7_COM2]	no (0/4 checked)	STATE	callees 2/2 ok(def 2, macro 0, sys/undeclared 0); objects 1/2 present; OBJ-ABSENT [ScanBtnThd]	31	[review=auto] HELD(Index arm, RULINGS_20260929 #8 / handed to Kevin RULINGS_20260929 #12) || scope: feature:RTC vision, feature:CCD/tray-map || match=L5-standin-class flip=absentB in_cmake=True || port comment calls it a stub/offline
A1-354	a1_stub_body	aTester_Rear.cpp:6000	K5_TCOM2Ext::InitRealTimeCCDPara	rs232.cpp:3688-3709	7 stmts/22 lines; calls: SetArmState, Stop	EMPTY body{}	possible (4, obj not resolvable) e.g. aTester_Front.cpp:5380 in DoFRTCUseSocketFloat [obj=K8S7_COM2]	no (0/4 checked)	STATE	callees 2/2 ok(def 2, macro 0, sys/undeclared 0); objects 1/2 present; OBJ-ABSENT [ScanBtnThd]	31	[review=auto] HELD(Index arm, RULINGS_20260929 #8 / handed to Kevin RULINGS_20260929 #12) || scope: feature:CCD/tray-map || match=L5-standin-class flip=absentB in_cmake=True || port comment calls it a stub/offline
A1-355	a1_stub_body	atester_32Site.cpp:371	W5_32S_TCOM2Ext::InitRealTimeCCDPara	rs232.cpp:3688-3709	7 stmts/22 lines; calls: SetArmState, Stop	EMPTY body{}	possible (4, obj not resolvable) e.g. aTester_Front.cpp:5380 in DoFRTCUseSocketFloat [obj=K8S7_COM2]	no (0/4 checked)	STATE	callees 2/2 ok(def 2, macro 0, sys/undeclared 0); objects 1/2 present; OBJ-ABSENT [ScanBtnThd]	31	[review=auto] HELD(Index arm, RULINGS_20260929 #8 / handed to Kevin RULINGS_20260929 #12) || scope: feature:CCD/tray-map || match=L6-unique-name flip=absentB in_cmake=True || port comment calls it a stub/offline
A3-040	a3_macro_seam	FileRW/Offset_File.gen.inc:69	ReadFile -> OS_PortReadFile	uYieldMonitoring.cpp:895-1700 (403 stmts)	golden ReadFile has 403 statements	OTHER stub (1 stmts); #define ReadFile OS_PortReadFile	yes (5 call sites between #define and #undef read the stub) e.g. FileRW/Offset_File.gen.inc:928 in OS_FormShow	no real body found	STATE	real body exists: no	30	[review=auto] seam id=- src=same-file/own scan undef=None; verdict=DESIGN || St01 generator output (.gen.inc): redirect is generated on purpose || DOUBLE-APPLY HAZARD: do not copy golden text into the stub; retire the #define/stub so callers reach the real body
A3-041	a3_macro_seam	FileRW/TestIF_File_SetUp.gen.inc:72	ReadFile -> SU_PortReadFile	uYieldMonitoring.cpp:895-1700 (403 stmts)	golden ReadFile has 403 statements	OTHER stub (8 stmts); #define ReadFile SU_PortReadFile	yes (3 call sites between #define and #undef read the stub) e.g. FileRW/TestIF_File_SetUp.gen.inc:1051 in SU_FormShow	no real body found	STATE	real body exists: no	30	[review=auto] seam id=- src=same-file/own scan undef=None; verdict=DESIGN || St01 generator output (.gen.inc): redirect is generated on purpose || DOUBLE-APPLY HAZARD: do not copy golden text into the stub; retire the #define/stub so callers reach the real body
A1-356	a1_stub_body	aTester_Front.cpp:5876	K5F_TCOM2Ext::OpenRTCComPortAgain	rs232.cpp:695-719	10 stmts/25 lines; calls: StopComm, MySleep, GetCOMPortStatus, StartComm, ShowMyMessage, InitRTCComPortAgain	constant: return false;	possible (20, obj not resolvable) e.g. aTester_Front.cpp:5963 in DoFRTCAutoModelVerify [obj=COM2]	no (0/4 checked)	STATE	callees 5/6 ok(def 5, macro 0, sys/undeclared 0); ABSENT [InitRTCComPortAgain]; objects 0/1 present; OBJ-ABSENT [Comm4]	30	[review=auto] HELD(Index arm, RULINGS_20260929 #8 / handed to Kevin RULINGS_20260929 #12) || scope: feature:RTC vision || match=L5-standin-class flip=absentB in_cmake=True || port comment calls it a stub/offline
A1-357	a1_stub_body	aTester_Rear.cpp:5999	K5_TCOM2Ext::OpenRTCComPortAgain	rs232.cpp:695-719	10 stmts/25 lines; calls: StopComm, MySleep, GetCOMPortStatus, StartComm, ShowMyMessage, InitRTCComPortAgain	constant: return false;	possible (20, obj not resolvable) e.g. aTester_Front.cpp:5963 in DoFRTCAutoModelVerify [obj=COM2]	no (0/4 checked)	STATE	callees 5/6 ok(def 5, macro 0, sys/undeclared 0); ABSENT [InitRTCComPortAgain]; objects 0/1 present; OBJ-ABSENT [Comm4]	30	[review=auto] HELD(Index arm, RULINGS_20260929 #8 / handed to Kevin RULINGS_20260929 #12) || scope: feature:RTC vision || match=L5-standin-class flip=absentB in_cmake=True || port comment calls it a stub/offline
A2-155	a2_abbreviated_body	ainarm9045.cpp:711-723	InspectInArmPosition	ainarm9045.cpp:8591-8696	golden :8591-8697 compares the encoder XY with the teach position and raises a WAR alarm, but returns at once unless IniConfig.bE74_InspectArmPosition (debug option, off by default); the port keeps the early return and drops the compare + alarm	ABBREVIATED body (13 of 106 lines): 3/45 (7%) of golden's distinct statements exist live anywhere in the port; 13% only under #if 0/alt arm; 2% in this function	yes (11 certain, 0 possible) e.g. AutoClean/AutoClean.cpp:1939 in DoPlaceToKitSwapData	no (0/4 checked)	STATE	callees 7/7 ok(def 7, macro 0, sys/undeclared 0); objects 7/7 present	30	[review=manual] verdict=DEBUG-OPTION || 11 live call sites; St02 KEEP 'placeholder gate'; no effect while E74 is off || in-function gates: 716-722 TODO(W7) [KEEP: placeholder gate -- the #if 0 holds only a comment; golden ai...] || match=L1-samefile flip=same in_cmake=True || port comment calls it a stub/offline
B-303	b_gate_placeholder	ainarm9045.cpp:716-722	InspectInArmPosition	ainarm9045.cpp:8597-8697 (file assumed = port file)	placeholder for golden :8597-8697 (see A1 InspectInArmPosition)	gated by IF0; #else arm: EMPTY_VC (6 stmts) (void)iTarget; (void)iSuckRow; (void)iSuckCol; (void)iTarget	yes (11 callers of enclosing InspectInArmPosition)	no (0/0 statements found live elsewhere)	STATE	callees 0/0 ok(def 0, macro 0, sys/undeclared 0); objects 0/0 present	30	[review=manual] ST02 row 1482 [MEDIUM]: KEEP: placeholder gate -- the #if 0 holds only a comment; golden ainarm9045.cpp:8597-8697 (encoder compare + WAR alarm) is not translated yet, so lifting doe...; verdict=DEBUG-OPTION || gate_id=TODO(W7)
B-304	b_gate_placeholder	ainarm9045.cpp:3133-3134	DoInArmAutoCalSuckZ	ainarm9045.cpp:8867-9028 (file assumed = port file)	placeholder for golden :8867-9028 (see A1 DoInArmAutoCalSuckZ)	gated by IF0; nothing replaces it (the statements simply do not happen)	no callers found for enclosing DoInArmAutoCalSuckZ	no (0/0 statements found live elsewhere)	STATE	callees 0/0 ok(def 0, macro 0, sys/undeclared 0); objects 0/0 present	30	[review=manual] ST02 row 1490 [MEDIUM]: KEEP: empty block (nothing to lift) [S09_FREED_STATUS 0930]; verdict=NO-CALLER || gate_id=TODO(W7)
A2-156	a2_abbreviated_body	aoutarm9045.cpp:2200-2208	InspectOutArmPosition	aoutarm9045.cpp:3865-3993	same for the out arm: golden :3865-3993 compare + alarm behind IniConfig.bE74_InspectArmPosition; port keeps only the early return (golden text kept verbatim in #if 0 at :2069)	ABBREVIATED body (9 of 129 lines): 9/52 (17%) of golden's distinct statements exist live anywhere in the port; 83% only under #if 0/alt arm; 2% in this function	yes (3 certain, 0 possible) e.g. aoutarm.cpp:4181 in SwapShuttleDataToOutArm	gated-only 4/4, e.g. aoutarm9045.cpp:300 (alt-arm)	STATE	callees 8/8 ok(def 8, macro 0, sys/undeclared 0); objects 9/9 present	30	[review=manual] verdict=DEBUG-OPTION || St02 KEEP (laptop: motor/IO words) || in-function gates: 2205-2206 TODO(W7) [] || match=L1-samefile flip=same in_cmake=True || port comment calls it a stub/offline
A1-358	a1_stub_body	atester_32Site.cpp:369	W5_32S_TCOM2Ext::OpenRTCComPortAgain	rs232.cpp:695-719	10 stmts/25 lines; calls: StopComm, MySleep, GetCOMPortStatus, StartComm, ShowMyMessage, InitRTCComPortAgain	constant: return false;	possible (20, obj not resolvable) e.g. aTester_Front.cpp:5963 in DoFRTCAutoModelVerify [obj=COM2]	no (0/4 checked)	STATE	callees 5/6 ok(def 5, macro 0, sys/undeclared 0); ABSENT [InitRTCComPortAgain]; objects 0/1 present; OBJ-ABSENT [Comm4]	30	[review=auto] HELD(Index arm, RULINGS_20260929 #8 / handed to Kevin RULINGS_20260929 #12) || scope: feature:RTC vision || match=L6-unique-name flip=absentB in_cmake=True || port comment calls it a stub/offline
B-305	b_gate_macro	FileRW/MainClose.cpp:419-431	CloseGuards	n/a (gate does not cite a golden line)	golden text as gated: if(AccessLevel<LevelSet.AccessLevel[6]) { if(W906_CheckAllMOTHome()==false) { Msg m; m.s1 = "Must finish home process before terminal"; m.s2 = "請在關閉程式前,執行歸零步驟"; m.s3 =...	gated by MACRO; nothing replaces it (the statements simply do not happen)	yes (1 callers of enclosing CloseGuards)	yes: 2/10 statements already live elsewhere, e.g. FileRW/MainClose.cpp:1453	STATE	callees 2/2 ok(def 1, macro 0, sys/undeclared 1); objects 2/2 present	25	[review=manual] ST02: no backlog row matched (n/a); verdict=DESIGN || user decision AI(W906-EXIT-NOHOME) 20260930 (EastSun: "no need to confirm all-zero before exit"); golden default is off too (MachineType.h tail) || MACRO-type gate (macro=W906_EXIT_REQUIRE_HOME)
B-306	b_gate_macro	TesterComm/Handler/HandlerGpibMsg.cpp:714-719	THandlerTesterSide::ProcessARTMessage	n/a (gate does not cite a golden line)	golden text as gated: bSECSGEMAlarm=false; bHasSaveSet=false; fMain->Start("GPIB Command : START"); SendMSG_CMD(MSG_CMD_RemoteStart, "SETTINGOK");	gated by MACRO; nothing replaces it (the statements simply do not happen)	yes (1 callers of enclosing THandlerTesterSide::ProcessARTMessage)	yes: 2/4 statements already live elsewhere, e.g. SECSGEM/uHGemHT9045.cpp:5795	STATE	callees 2/2 ok(def 2, macro 0, sys/undeclared 0); objects 1/1 present	25	[review=manual] ST02: no backlog row matched (n/a); verdict=HELD || START campaign: remote START stays unwired until S3 (HandlerGpibMsg.cpp:176 #define W906_REMOTE_START_WIRED 0; tools/start_sites_census.py 34/30/4) || MACRO-type gate (macro=W906_REMOTE_START_WIRED)
B-307	b_gate_macro	TesterComm/Handler/HandlerGpibMsg.cpp:1665-1670	THandlerTesterSide::OnGpibProgramMsg	n/a (gate does not cite a golden line)	golden text as gated: if(bSETSLOPEOFFSET==1) sprintf(HHandler2Gpib.Message, "SETTINGOK\r\n"); else sprintf(HHandler2Gpib.Message, "SETTINGNG\r\n");	gated by MACRO; nothing replaces it (the statements simply do not happen)	yes (1 callers of enclosing THandlerTesterSide::OnGpibProgramMsg)	yes: 1/2 statements already live elsewhere, e.g. TesterComm/Handler/HandlerGpibMsg.cpp:452	STATE	callees 0/0 ok(def 0, macro 0, sys/undeclared 0); objects 1/1 present	25	[review=manual] ST02: no backlog row matched (n/a); verdict=HELD || ATC_InterfaceForm is still a shim (ST02 KEEP rows on HandlerGpibMsg.cpp 1718/1767/1815) || MACRO-type gate (macro=W906_ATC_PORTED)
B-308	b_gate_macro	TesterComm/Handler/HandlerGpibMsg.cpp:1850-1852	THandlerTesterSide::OnGpibProgramMsg	n/a (gate does not cite a golden line)	golden text as gated: sprintf(HHandler2Gpib.Message, "SETTINGOK\r\n");	gated by MACRO; nothing replaces it (the statements simply do not happen)	yes (1 callers of enclosing THandlerTesterSide::OnGpibProgramMsg)	yes: 1/1 statements already live elsewhere, e.g. TesterComm/Handler/HandlerGpibMsg.cpp:447	STATE	callees 0/0 ok(def 0, macro 0, sys/undeclared 0); objects 1/1 present	25	[review=manual] ST02: no backlog row matched (n/a); verdict=HELD || ATC_InterfaceForm is still a shim (ST02 KEEP rows on HandlerGpibMsg.cpp 1718/1767/1815) || MACRO-type gate (macro=W906_ATC_PORTED)
B-309	b_gate_false	aoutarm9045_2x2_4_23.cpp:666-671	DoPickFromShuttle1_9045_2x2_4_23	n/a (gate does not cite a golden line)	golden text as gated: { bEnterOffset=false; Task=500; break; }	gated by FALSE; nothing replaces it (the statements simply do not happen)	yes (2 callers of enclosing DoPickFromShuttle1_9045_2x2_4_23)	yes: 1/1 statements already live elsewhere, e.g. AutoClean/AutoClean.cpp:4113	STATE	callees 0/0 ok(def 0, macro 0, sys/undeclared 0); objects 0/0 present	25	[review=manual] ST02: no backlog row matched (n/a); verdict=DESIGN || DEAD variant (2x2_4_23 is not compiled by golden either)
B-310	b_gate_false	aoutarm9045_2x2_4_23.cpp:939-944	DoPickFromShuttle2_9045_2x2_4_23	n/a (gate does not cite a golden line)	golden text as gated: { bEnterOffset=false; Task=500; break; }	gated by FALSE; nothing replaces it (the statements simply do not happen)	yes (2 callers of enclosing DoPickFromShuttle2_9045_2x2_4_23)	yes: 1/1 statements already live elsewhere, e.g. AutoClean/AutoClean.cpp:4113	STATE	callees 0/0 ok(def 0, macro 0, sys/undeclared 0); objects 0/0 present	25	[review=manual] ST02: no backlog row matched (n/a); verdict=DESIGN || DEAD variant (2x2_4_23 is not compiled by golden either)
B-311	b_gate_false	aoutarm9045_2x2_4_23.cpp:1566-1571	DoPlaceToAuto_9045_2x2_4_23	n/a (gate does not cite a golden line)	golden text as gated: { bEnterOffset=false; Task=200; break; }	gated by FALSE; nothing replaces it (the statements simply do not happen)	yes (1 callers of enclosing DoPlaceToAuto_9045_2x2_4_23)	yes: 1/1 statements already live elsewhere, e.g. AutoClean/AutoClean.cpp:4113	STATE	callees 0/0 ok(def 0, macro 0, sys/undeclared 0); objects 0/0 present	25	[review=manual] ST02: no backlog row matched (n/a); verdict=DESIGN || DEAD variant (2x2_4_23 is not compiled by golden either)
B-312	b_gate_macro	cMyDB.cpp:119-121	(file scope)	n/a (gate does not cite a golden line)	golden text as gated: #include "third_party/sqlite3/sqlite3.h"	gated by MACRO; nothing replaces it (the statements simply do not happen)	no callers found for enclosing (file scope)	no (0/1 statements found live elsewhere)	STATE	callees 0/0 ok(def 0, macro 0, sys/undeclared 0); objects 0/0 present	25	[review=manual] ST02: no backlog row matched (n/a); verdict=DESIGN || CSV plan: sqlite branch off on purpose (cMyDB.cpp:119 comment quotes the user) || MACRO-type gate (macro=W906_CMYDB_SQLITE)
B-313	b_gate_false	uhome.cpp:3767-3769	ProcessMotorHome	n/a (gate does not cite a golden line)	golden text as gated: { }	gated by FALSE; nothing replaces it (the statements simply do not happen)	yes (1 callers of enclosing ProcessMotorHome)	no (0/0 statements found live elsewhere)	STATE	callees 0/0 ok(def 0, macro 0, sys/undeclared 0); objects 0/0 present	25	[review=manual] ST02: no backlog row matched (n/a); verdict=HELD || HOME-C2-VTESTPOS arms of ProcessMotorHome: ST02 holds the HOME gates for the laptop (EP / HOME) || gate_id=W906-HOME-C2-VTESTPOS
B-314	b_gate_false	uhome.cpp:4042-4043	ProcessMotorHome	n/a (gate does not cite a golden line)	golden text as gated: ;	gated by FALSE; nothing replaces it (the statements simply do not happen)	yes (1 callers of enclosing ProcessMotorHome)	no (0/0 statements found live elsewhere)	STATE	callees 0/0 ok(def 0, macro 0, sys/undeclared 0); objects 0/0 present	25	[review=manual] ST02: no backlog row matched (n/a); verdict=HELD || HOME-C2-VTESTPOS arms of ProcessMotorHome: ST02 holds the HOME gates for the laptop (EP / HOME) || gate_id=W906-HOME-C2-VTESTPOS
B-315	b_gate_false	uhome.cpp:4068-4069	ProcessMotorHome	n/a (gate does not cite a golden line)	golden text as gated: ;	gated by FALSE; nothing replaces it (the statements simply do not happen)	yes (1 callers of enclosing ProcessMotorHome)	no (0/0 statements found live elsewhere)	STATE	callees 0/0 ok(def 0, macro 0, sys/undeclared 0); objects 0/0 present	25	[review=manual] ST02: no backlog row matched (n/a); verdict=HELD || HOME-C2-VTESTPOS arms of ProcessMotorHome: ST02 holds the HOME gates for the laptop (EP / HOME) || gate_id=W906-HOME-C2-VTESTPOS
B-316	b_gate_false	uhome.cpp:4095-4096	ProcessMotorHome	n/a (gate does not cite a golden line)	golden text as gated: ;	gated by FALSE; nothing replaces it (the statements simply do not happen)	yes (1 callers of enclosing ProcessMotorHome)	no (0/0 statements found live elsewhere)	STATE	callees 0/0 ok(def 0, macro 0, sys/undeclared 0); objects 0/0 present	25	[review=manual] ST02: no backlog row matched (n/a); verdict=HELD || HOME-C2-VTESTPOS arms of ProcessMotorHome: ST02 holds the HOME gates for the laptop (EP / HOME) || gate_id=W906-HOME-C2-VTESTPOS
A1-359	a1_stub_body	atester.cpp:6012	W7T1_TCOM2Ext::OpenRTCComPortAgain	rs232.cpp:695-719	10 stmts/25 lines; calls: StopComm, MySleep, GetCOMPortStatus, StartComm, ShowMyMessage, InitRTCComPortAgain	constant: return false;	possible (20, obj not resolvable) e.g. aTester_Front.cpp:5963 in DoFRTCAutoModelVerify [obj=COM2]	no (0/4 checked)	STATE	callees 5/6 ok(def 5, macro 0, sys/undeclared 0); ABSENT [InitRTCComPortAgain]; objects 0/1 present; OBJ-ABSENT [Comm4]	24	[review=auto] HELD(Index arm, RULINGS_20260929 #8 / handed to Kevin RULINGS_20260929 #12) || scope: feature:RTC vision || match=L5-standin-class flip=absentB in_cmake=True || port comment calls it a stub/offline
A1-360	a1_stub_body	aTester_Rear.cpp:1045-1048	W64bT2_APAX_WriteData	cprod.cpp:1320-1338	9 stmts/19 lines; calls: CreateFile, WriteFile, CloseHandle, ShowErrorMessage	EMPTY body{} (only (void)x)	yes (1 same-file call sites; file-local static, other TUs bind to the real function) e.g. aTester_Rear.cpp:2442 in DoRearTestSuckIC	YES live 4/4, e.g. cprod.cpp:1421 in WriteData [same-name family]	STATE	callees 4/4 ok(def 2, macro 0, sys/undeclared 2); objects 0/0 present	20	[review=auto] HELD(Index arm, RULINGS_20260929 #8 / handed to Kevin RULINGS_20260929 #12); docs:other-docs || match=L2-anyfile flip=same in_cmake=True || port comment calls it a stub/offline || same-name real def elsewhere: cprod.cpp:1418
A4-019	a4_standin_family	cMyDB.cpp	cMyDB.cpp SQLite off (W906_CMYDB_SQLITE=0)	(see members)	14 stubs: sqlite paths compiled out on purpose (CSV plan, 'DB branch #if 0 is fine' quote in the file); do not re-report	14 a1 stubs + 5 a2 abbreviated + 0 seams + 2 gates in these files; 11 with live callers; 0 held	11 member stubs have live callers	n/a (family row)	STATE	see member rows	20	[review=auto] verdict=DESIGN || documented design
A4-020	a4_standin_family	common.cpp:98,115	common.cpp static stubs (RecordProcess / ShowMyMessage)	(see members)	static no-ops so ht9045_core links standalone; documented 'left as-is deliberately' (common.cpp:80-98)	2 a1 stubs + 0 a2 abbreviated + 0 seams + 6 gates in these files; 2 with live callers; 0 held	2 member stubs have live callers	n/a (family row)	STATE	see member rows	20	[review=manual] verdict=DESIGN || documented design
A1-361	a1_stub_body	common.cpp:98	RecordProcess	cMyDB.cpp:1564-1573	static RecordProcess no-op inside common.cpp so ht9045_core links standalone	EMPTY body{}	yes (38 same-file call sites; file-local static, other TUs bind to the real function) e.g. common.cpp:641 in CheckIniData	YES live 3/3, e.g. cMyDB.cpp:1873 in NewRecordProcess [same-name family]	STATE	callees 1/1 ok(def 1, macro 0, sys/undeclared 0); objects 1/1 present	20	[review=manual] verdict=DESIGN; docs:NB2-seam-list(0925),handoff || documented 'Left as-is deliberately' (common.cpp:80-98, 11 test executables would lose the symbol) || match=L2-anyfile flip=same in_cmake=True || port comment calls it a stub/offline || same-name real def elsewhere: cMyDB.cpp:1896
B-317	b_gate_expired	csystem.cpp:21081-21102	CheckSafeDoorIsClosed	csystem.cpp:2608-2624	golden csystem.cpp:2608-2624 0.5 s door-settle window when not started and Teach form closed	gated by IF0; #else arm: EMPTY (0 stmts)	yes (12 callers of enclosing CheckSafeDoorIsClosed)	yes: 1/7 statements already live elsewhere, e.g. ATC/ATCSystem.cpp:395	STATE	callees 2/2 ok(def 2, macro 0, sys/undeclared 0); objects 2/2 present	20	[review=manual] ST02 row 1990 [HIGH]: NOT REVIEWED: HIGH tier (the laptop's); INBOX115=C(reason still holds); verdict=DESIGN || reason still holds: fTeach is NULL (no `new TfTeach`), un-guarded deref; the default is the stricter direction (comment csystem.cpp:21060-21073) || gate_id=G22
A1-362	a1_stub_body	atester_shims.cpp:364-365	TfAutomationShim::DoCommandBuffer	Automation/automation.cpp:937-947	8 stmts/11 lines; calls: MyProcessBuffer, GetTimeInfo, Add	EMPTY body{}	yes (7 certain, 0 possible) e.g. atester.cpp:323 in DoStartMode	YES live 4/4, e.g. Automation/automation.cpp:1169 in TfAutomation::DoCommandBuffer [same-name family]	STATE	callees 3/3 ok(def 2, macro 0, sys/undeclared 1); objects 2/2 present	17	[review=auto] HELD(Index arm, RULINGS_20260929 #8 / handed to Kevin RULINGS_20260929 #12) || match=L5-standin-class flip=same in_cmake=True || port comment calls it a stub/offline || same-name real def elsewhere: Automation/automation.cpp:1158
A1-363	a1_stub_body	atester_shims.cpp:366	TfAutomationShim::GetEventNum	Automation/automation.cpp:149-162	5 stmts/14 lines; calls: SetEventResult	constant: return false;	yes (4 certain, 0 possible) e.g. atester.cpp:332 in DoStartMode	YES live 3/3, e.g. Automation/automation.cpp:312 in TfAutomation::GetEventNum [same-name family]	STATE	callees 1/1 ok(def 1, macro 0, sys/undeclared 0); objects 1/1 present	17	[review=auto] HELD(Index arm, RULINGS_20260929 #8 / handed to Kevin RULINGS_20260929 #12) || match=L5-standin-class flip=same in_cmake=True || port comment calls it a stub/offline || same-name real def elsewhere: Automation/automation.cpp:309
A1-364	a1_stub_body	atester_shims.cpp:367	TfAutomationShim::GetEventResult	Automation/automation.cpp:177-187	4 stmts/11 lines; calls:	constant: return false;	yes (3 certain, 0 possible) e.g. atester.cpp:341 in DoStartMode	YES live 3/3, e.g. Automation/automation.cpp:341 in TfAutomation::GetEventResult [same-name family]	STATE	callees 0/0 ok(def 0, macro 0, sys/undeclared 0); objects 1/1 present	17	[review=auto] HELD(Index arm, RULINGS_20260929 #8 / handed to Kevin RULINGS_20260929 #12) || match=L5-standin-class flip=same in_cmake=True || same-name real def elsewhere: Automation/automation.cpp:337
A1-365	a1_stub_body	atester_shims.cpp:368	TfAutomationShim::GetEventStrResult	Automation/automation.cpp:2396-2419	7 stmts/24 lines; calls:	constant: return 0;	yes (1 certain, 0 possible) e.g. atester.cpp:423 in DoEndMode	YES live 4/4, e.g. Automation/automation.cpp:2655 in TfAutomation::GetEventStrResult [same-name family]	STATE	callees 0/0 ok(def 0, macro 0, sys/undeclared 0); objects 1/1 present	17	[review=auto] HELD(Index arm, RULINGS_20260929 #8 / handed to Kevin RULINGS_20260929 #12) || match=L5-standin-class flip=same in_cmake=True || same-name real def elsewhere: Automation/automation.cpp:2645
A4-021	a4_standin_family	ckernel_shims.cpp:111-117	ckernel_shims.cpp W7L2_* seams (0 live callers)	(see members)	6 stubs behind #define seams that no live code reads	6 a1 stubs + 0 a2 abbreviated + 0 seams + 0 gates in these files; 0 with live callers; 2 held	0 member stubs have live callers	n/a (family row)	STATE	see member rows	15	[review=auto] verdict=NO-CALLER || dead seams
A1-366	a1_stub_body	atester_32Site.cpp:273	W5_32S_TTimerSeam::LatchCycleTimeSec	myTimer.cpp:102-117	6 stmts/16 lines; calls: QueryPerformanceCounter, QueryPerformanceFrequency, ChangeToFloatNonPcnt	EMPTY body{}	possible (39, obj not resolvable) e.g. Motor/myGALILmotor.cpp:1470 in TMyMotor::Gali_Command [obj=tGalilCmdTimer]	YES live 4/4, e.g. myTimer.cpp:116 in TQPF_Timer::LatchCycleTimeSec [same-name family]	STATE	callees 3/3 ok(def 1, macro 0, sys/undeclared 2); objects 3/3 present	11	[review=auto] HELD(Index arm, RULINGS_20260929 #8 / handed to Kevin RULINGS_20260929 #12); docs:other-docs || match=L6-unique-name flip=absentB in_cmake=True || port comment calls it a stub/offline || same-name real def elsewhere: myTimer.cpp:106
A1-367	a1_stub_body	atester_32Site.cpp:373	W5_32S_TCOM2Ext::ReadIndexTorqueSetting	rs232.cpp:779-787	3 stmts/9 lines; calls: ReadIndexTorqueSetting_HPCard, ReadIndexTorqueSetting_Pana, ReadIndexTorqueSetting_Mitu	EMPTY body{}	possible (1, obj not resolvable) e.g. FileRW/MainClick.cpp:1561 in W906_Main_IndexTorqueOp [obj=COM2]	YES live 2/3, e.g. rs232.cpp:327 in TCOM2Shim::ReadIndexTorqueSetting [same-name family]	STATE	callees 2/3 ok(def 2, macro 0, sys/undeclared 0); ABSENT [ReadIndexTorqueSetting_HPCard]; objects 0/0 present	9	[review=auto] HELD(Index arm, RULINGS_20260929 #8 / handed to Kevin RULINGS_20260929 #12) || match=L6-unique-name flip=absentB in_cmake=True || port comment calls it a stub/offline
A2-157	a2_abbreviated_body	Automation/uRENESAS_Server.cpp:3072-3139	TRENESAS_Server::CheckInputCommand	Automation/uRENESAS_Server.cpp:2932-2999	port spells RENESAS_CMD.OnLineCMD() (accessor) where golden reads the member RENESAS_CMD.OnLineCMD; 68 of 68 lines present, same control flow -- statement text differs only by ()	ABBREVIATED body (68 of 68 lines): 1/14 (7%) of golden's distinct statements exist live anywhere in the port; 0% only under #if 0/alt arm; 7% in this function	yes (5 certain, 0 possible) e.g. Automation/uRENESAS_Server.cpp:595 in TRENESAS_Server::DoProcess	no (0/4 checked)	STATE	callees 0/0 ok(def 0, macro 0, sys/undeclared 0); objects 1/1 present	5	[review=manual] verdict=FALSE-POSITIVE || known a2 false-positive shape: accessor-vs-member spelling || scope: customer/feature-specific || match=L1-samefile flip=same in_cmake=True
A3-042	a3_macro_seam	Motor/myGALILmotor.cpp:848	CheckTestZ -> W4G_CheckTestZ	Motor/mymotor.cpp:67-115 (22 stmts)	W4G_CheckTestZ is golden Motor/mymotor.cpp:67 verbatim	OTHER stub (22 stmts); #define CheckTestZ W4G_CheckTestZ	yes (6 call sites between #define and #undef read the stub) e.g. Motor/myGALILmotor.cpp:1776 in TMyMotor::Gali_MotMove2	yes: real body Motor/mymotor.cpp:3015(22 stmts) (already live; the seam hides it from the call sites above)	STATE	real body exists: yes	5	[review=manual] seam id=A-SEAM-07 src=both undef=None; verdict=FAITHFUL-COPY || INDEXZ; HELD || DOUBLE-APPLY HAZARD: do not copy golden text into the stub; retire the #define/stub so callers reach the real body
A3-043	a3_macro_seam	Motor/myGALILmotor.cpp:849	CheckTestZ1 -> W4G_CheckTestZ1	Motor/mymotor.cpp:117-171 (23 stmts)	W4G_CheckTestZ1 is golden Motor/mymotor.cpp:117 verbatim	OTHER stub (23 stmts); #define CheckTestZ1 W4G_CheckTestZ1	yes (8 call sites between #define and #undef read the stub) e.g. Motor/myGALILmotor.cpp:1772 in TMyMotor::Gali_MotMove2	yes: real body Motor/mymotor.cpp:3066(23 stmts) (already live; the seam hides it from the call sites above)	STATE	real body exists: yes	5	[review=manual] seam id=A-SEAM-05 src=both undef=None; verdict=FAITHFUL-COPY || INDEXZ; HELD || DOUBLE-APPLY HAZARD: do not copy golden text into the stub; retire the #define/stub so callers reach the real body
A3-044	a3_macro_seam	Motor/myGALILmotor.cpp:850	CheckTestZ2 -> W4G_CheckTestZ2	Motor/mymotor.cpp:173-226 (22 stmts)	W4G_CheckTestZ2 is golden Motor/mymotor.cpp:173 verbatim	OTHER stub (22 stmts); #define CheckTestZ2 W4G_CheckTestZ2	yes (8 call sites between #define and #undef read the stub) e.g. Motor/myGALILmotor.cpp:1774 in TMyMotor::Gali_MotMove2	yes: real body Motor/mymotor.cpp:3123(22 stmts) (already live; the seam hides it from the call sites above)	STATE	real body exists: yes	5	[review=manual] seam id=A-SEAM-06 src=both undef=None; verdict=FAITHFUL-COPY || INDEXZ; HELD || DOUBLE-APPLY HAZARD: do not copy golden text into the stub; retire the #define/stub so callers reach the real body
A1-368	a1_stub_body	atester.cpp:9489-9496	DoSetupTest	atester.cpp:8818-8998	47 stmts/181 lines; calls: IsNNMode, Gali_ReadPos, ClearAll, SetItemData, ProcessStartTestData, SetSecAndOn ...	constant: (void)iContactArm; (void)iSetupTask; return false;	no (0 live call sites found)	YES live 2/4, e.g. FileRW/DeviceForm_File.gen.inc:1286 in DF_FormShow	COMM	callees 11/12 ok(def 11, macro 0, sys/undeclared 0); DECL-ONLY(no body) [SiteTesting]; objects 10/11 present; OBJ-ABSENT [DoSetupTestDelay]	85	[review=auto] HELD(Index arm, RULINGS_20260929 #8 / handed to Kevin RULINGS_20260929 #12) || in-function gates: 9491-9492 TODO(W7) [NOT REVIEWED: HELD (index arm -- waits for the user's BCB6 9050 ind...] || match=L1-samefile flip=same in_cmake=True || port comment calls it a stub/offline
A1-369	a1_stub_body	atester.cpp:10988-10993	CheckToBoostIndexTemp	atester.cpp:10377-10440	12 stmts/64 lines; calls: LatchCycleTime	constant: return 0;	yes (3 certain, 0 possible) e.g. atester.cpp:1275 in GetTesterResult	gated-only 4/4, e.g. atester.cpp:2990 (alt-arm)	COMM	callees 1/1 ok(def 1, macro 0, sys/undeclared 0); objects 4/4 present	85	[review=auto] HELD(Index arm, RULINGS_20260929 #8 / handed to Kevin RULINGS_20260929 #12) || in-function gates: 10990-10991 TODO(W7) [NOT REVIEWED: HELD (index arm -- waits for the user's BCB6 9050 ind...] || match=L1-samefile flip=same in_cmake=True || port comment calls it a stub/offline
A1-370	a1_stub_body	atester.cpp:12687-12693	SendSiteMapToRTC	atester.cpp:5471-5549	20 stmts/79 lines; calls: GetRTCSiteMap, SendCommToVision	constant: (void)bSendToRTC; (void)iSelArm; return 0;	yes (7 certain, 0 possible) e.g. aTester_Front.cpp:5949 in DoFRTCAutoModelVerify	gated-only 4/4, e.g. atester.cpp:4092 (alt-arm)	COMM	callees 2/2 ok(def 2, macro 0, sys/undeclared 0); objects 3/3 present	85	[review=auto] HELD(Index arm, RULINGS_20260929 #8 / handed to Kevin RULINGS_20260929 #12) || in-function gates: 12689-12690 TODO(W7) [NOT REVIEWED: HELD (index arm -- waits for the user's BCB6 9050 ind...] || scope: feature:RTC vision || match=L1-samefile flip=same in_cmake=True || port comment calls it a stub/offline
A1-371	a1_stub_body	atester.cpp:12400-12404	DoCheckHasTestTempChange	atester.cpp:11750-11770	8 stmts/21 lines; calls: SetAllTemp, SetATCOffset	EMPTY body{}	yes (4 certain, 0 possible) e.g. atester.cpp:3252 in ProcessTestResult	YES live 2/4, e.g. Command.cpp:1981 in TfMain::WriteSetTestTempStatus	COMM	callees 1/2 ok(def 1, macro 0, sys/undeclared 0); ABSENT [SetATCOffset]; objects 5/5 present	83	[review=auto] HELD(Index arm, RULINGS_20260929 #8 / handed to Kevin RULINGS_20260929 #12) || in-function gates: 12402-12403 TODO(W7) [NOT REVIEWED: HELD (index arm -- waits for the user's BCB6 9050 ind...] || match=L1-samefile flip=same in_cmake=True || port comment calls it a stub/offline
A1-372	a1_stub_body	atester.cpp:12386-12391	DoTemperatureRise	atester.cpp:11700-11733	13 stmts/34 lines; calls: SetSingleTemp, SetAllTemp	EMPTY body{} (only (void)x)	yes (6 certain, 0 possible) e.g. aTester_Front.cpp:481 in DoFrontTestDestroyIC	YES live 2/4, e.g. Command.cpp:1981 in TfMain::WriteSetTestTempStatus	COMM	callees 1/2 ok(def 1, macro 0, sys/undeclared 0); DECL-ONLY(no body) [SetSingleTemp]; objects 4/4 present	81	[review=auto] HELD(Index arm, RULINGS_20260929 #8 / handed to Kevin RULINGS_20260929 #12) || in-function gates: 12388-12389 TODO(W7) [NOT REVIEWED: HELD (index arm -- waits for the user's BCB6 9050 ind...] || match=L1-samefile flip=same in_cmake=True || port comment calls it a stub/offline
A1-373	a1_stub_body	atester.cpp:12393-12398	TriggerATC_FFC_Function	atester.cpp:11735-11748	3 stmts/14 lines; calls: ChannelFFCTrigger	EMPTY body{} (only (void)x)	yes (5 certain, 0 possible) e.g. atester.cpp:3477 in ProcessTestResult	no (0/4 checked)	COMM	callees 0/1 ok(def 0, macro 0, sys/undeclared 0); DECL-ONLY(no body) [ChannelFFCTrigger]; objects 2/2 present	72	[review=auto] HELD(Index arm, RULINGS_20260929 #8 / handed to Kevin RULINGS_20260929 #12) || in-function gates: 12395-12396 TODO(W7) [NOT REVIEWED: HELD (index arm -- waits for the user's BCB6 9050 ind...] || match=L1-samefile flip=same in_cmake=True || port comment calls it a stub/offline
A1-374	a1_stub_body	forms/fMain.cpp:247	TfMain::ShowTestHeadComp	main.cpp:22530-22539	golden ShowTestHeadComp: ChangeArmSiteView + ShowTestHeadComp1 + ChangeATCSiteUse + SECS SiteOnOff event; port {}	EMPTY body{}	yes (40 certain, 0 possible) e.g. AutoRetest.cpp:1943 in GPIB_SetData	YES live 1/4, e.g. forms/fMain_OperateMode.cpp:514 in TfMain::W906_UpdateMainOperateModeBody	COMM	callees 2/4 ok(def 2, macro 0, sys/undeclared 0); ABSENT [ChangeArmSiteView, ShowTestHeadComp1]; objects 2/2 present	65	[review=manual] verdict=KNOWN-DEFERRED; docs:GL_S0_STUB_LEDGER(Aug26) || INBOX_QUEUE 69/77 || match=L2-anyfile flip=same in_cmake=True || port comment calls it a stub/offline
A1-375	a1_stub_body	forms/fMain.cpp:412	TfMain::ChangeLevelAttr	main.cpp:12405-12670	94 stmts/266 lines; calls: DoChangeLevel, HasIC, ShuttleHasIC, IndexHasIC, AllArmZIsSafe, CheckCanChangeRealDummy ...	EMPTY body{}	yes (6 certain, 0 possible) e.g. Command.cpp:16917 in TfMain::TCPCommandServerClientRead	YES live 1/4, e.g. FileRW/MainClick.cpp:2126 in FtRtStartModeEnabled	COMM	callees 10/10 ok(def 10, macro 0, sys/undeclared 0); objects 20/39 present; OBJ-ABSENT [sbSetting, sbCloseProgram, sbSpeed, cb_MainAutoSkipSwitch, spbRPDefalut, sbTeaching, sbMessage, imgTester]	51	[review=auto] HELD(Index arm, RULINGS_20260929 #8 / handed to Kevin RULINGS_20260929 #12); docs:INBOX_QUEUE || match=L2-anyfile flip=same in_cmake=True || port comment calls it a stub/offline
A1-376	a1_stub_body	atester_shims.cpp:386	TCOM2Shim::DoReleaseAndInspEnd	rs232.cpp:3747-3761	6 stmts/15 lines; calls: SendCommToVision, MySleep, InitRealTimeCCDPara	EMPTY body{}	yes (47 certain, 9 possible) e.g. aTester_Front.cpp:5965 in DoFRTCAutoModelVerify	YES live 1/4, e.g. Automation/SCK_ART.cpp:717 in SckArt_DoChkInputCntAlarm	COMM	callees 3/3 ok(def 3, macro 0, sys/undeclared 0); objects 1/1 present	46	[review=auto] HELD(Index arm, RULINGS_20260929 #8 / handed to Kevin RULINGS_20260929 #12) || match=L5-standin-class flip=same in_cmake=True || port comment calls it a stub/offline
A2-158	a2_abbreviated_body	forms/fMain.cpp:513	TfMain::FTClick	main.cpp:29666-29788	25 stmts/123 lines; calls: HasIC, ShuttleHasIC, IndexHasIC, ShowMyMessage, AllArmZIsSafe, sbSECSLotEndClick ...	ABBREVIATED body (1 of 123 lines): 21/35 (60%) of golden's distinct statements exist live anywhere in the port; 0% only under #if 0/alt arm; 0% in this function	yes (1 certain, 0 possible) e.g. SECSGEM/uHGemHT9045.cpp:5711 in HT9045Gem::S2F42_Host_Command_Acknowledge	YES live 2/4, e.g. FileRW/MainClick.cpp:2238 in W906_Main_FTClick [same-name family]	COMM	callees 10/11 ok(def 10, macro 0, sys/undeclared 0); ABSENT [cbRunStartModeChange]; objects 12/13 present; OBJ-ABSENT [spbUserName]	46	[review=auto] HELD(Index arm, RULINGS_20260929 #8 / handed to Kevin RULINGS_20260929 #12) || match=L2-anyfile flip=same in_cmake=True || port comment calls it a stub/offline
A1-377	a1_stub_body	aTester_Front.cpp:3264	W7Ck4_SendTestResultToHttp	BarCode/BarcodeXML.cpp:399-410	3 stmts/12 lines; calls: SendTestResultToHttp	constant: return 1;	yes (1 same-file call sites; file-local static, other TUs bind to the real function) e.g. aTester_Front.cpp:4784 in DoFTestSuckTestIC	no (0/3 checked)	COMM	callees 1/1 ok(def 0, macro 1, sys/undeclared 0); objects 2/3 present; OBJ-ABSENT [frmXml]	45	[review=auto] HELD(Index arm, RULINGS_20260929 #8 / handed to Kevin RULINGS_20260929 #12); docs:NB2-seam-list(0925) || match=L2-anyfile flip=same in_cmake=True || port comment calls it a stub/offline
A1-378	a1_stub_body	aTester_Rear.cpp:3148	W7Bk4_SendTestResultToHttp	BarCode/BarcodeXML.cpp:399-410	3 stmts/12 lines; calls: SendTestResultToHttp	constant: return 1;	yes (1 same-file call sites; file-local static, other TUs bind to the real function) e.g. aTester_Rear.cpp:4632 in DoBTestSuckTestIC	no (0/3 checked)	COMM	callees 1/1 ok(def 0, macro 1, sys/undeclared 0); objects 2/3 present; OBJ-ABSENT [frmXml]	45	[review=auto] HELD(Index arm, RULINGS_20260929 #8 / handed to Kevin RULINGS_20260929 #12); docs:NB2-seam-list(0925) || match=L2-anyfile flip=same in_cmake=True || port comment calls it a stub/offline
A1-379	a1_stub_body	aTester_Front.cpp:5244	K8S7_TCOM2Ext::DoReleaseAndInspEnd	rs232.cpp:3747-3761	6 stmts/15 lines; calls: SendCommToVision, MySleep, InitRealTimeCCDPara	EMPTY body{}	possible (56, obj not resolvable) e.g. aTester_Front.cpp:5313 in DoFRTCUseSocketFloat [obj=K8S7_COM2]	YES live 1/4, e.g. Automation/SCK_ART.cpp:717 in SckArt_DoChkInputCntAlarm	COMM	callees 3/3 ok(def 3, macro 0, sys/undeclared 0); objects 1/1 present	36	[review=auto] HELD(Index arm, RULINGS_20260929 #8 / handed to Kevin RULINGS_20260929 #12) || match=L5-standin-class flip=absentB in_cmake=True || port comment calls it a stub/offline
A1-380	a1_stub_body	aTester_Front.cpp:5874	K5F_TCOM2Ext::DoReleaseAndInspEnd	rs232.cpp:3747-3761	6 stmts/15 lines; calls: SendCommToVision, MySleep, InitRealTimeCCDPara	EMPTY body{}	possible (56, obj not resolvable) e.g. aTester_Front.cpp:5313 in DoFRTCUseSocketFloat [obj=K8S7_COM2]	YES live 1/4, e.g. Automation/SCK_ART.cpp:717 in SckArt_DoChkInputCntAlarm	COMM	callees 3/3 ok(def 3, macro 0, sys/undeclared 0); objects 1/1 present	36	[review=auto] HELD(Index arm, RULINGS_20260929 #8 / handed to Kevin RULINGS_20260929 #12) || match=L5-standin-class flip=absentB in_cmake=True || port comment calls it a stub/offline
A1-381	a1_stub_body	aTester_Rear.cpp:5050	K6BRTC_TCOM2Ext::DoReleaseAndInspEnd	rs232.cpp:3747-3761	6 stmts/15 lines; calls: SendCommToVision, MySleep, InitRealTimeCCDPara	EMPTY body{}	possible (56, obj not resolvable) e.g. aTester_Front.cpp:5313 in DoFRTCUseSocketFloat [obj=K8S7_COM2]	YES live 1/4, e.g. Automation/SCK_ART.cpp:717 in SckArt_DoChkInputCntAlarm	COMM	callees 3/3 ok(def 3, macro 0, sys/undeclared 0); objects 1/1 present	36	[review=auto] HELD(Index arm, RULINGS_20260929 #8 / handed to Kevin RULINGS_20260929 #12) || scope: feature:RTC vision || match=L5-standin-class flip=absentB in_cmake=True || port comment calls it a stub/offline
A1-382	a1_stub_body	aTester_Rear.cpp:5997	K5_TCOM2Ext::DoReleaseAndInspEnd	rs232.cpp:3747-3761	6 stmts/15 lines; calls: SendCommToVision, MySleep, InitRealTimeCCDPara	EMPTY body{}	possible (56, obj not resolvable) e.g. aTester_Front.cpp:5313 in DoFRTCUseSocketFloat [obj=K8S7_COM2]	YES live 1/4, e.g. Automation/SCK_ART.cpp:717 in SckArt_DoChkInputCntAlarm	COMM	callees 3/3 ok(def 3, macro 0, sys/undeclared 0); objects 1/1 present	36	[review=auto] HELD(Index arm, RULINGS_20260929 #8 / handed to Kevin RULINGS_20260929 #12) || match=L5-standin-class flip=absentB in_cmake=True || port comment calls it a stub/offline
A1-383	a1_stub_body	atester.cpp:6000	W7T1_TCOM2Ext::DoReleaseAndInspEnd	rs232.cpp:3747-3761	6 stmts/15 lines; calls: SendCommToVision, MySleep, InitRealTimeCCDPara	EMPTY body{}	possible (56, obj not resolvable) e.g. aTester_Front.cpp:5313 in DoFRTCUseSocketFloat [obj=K8S7_COM2]	YES live 1/4, e.g. Automation/SCK_ART.cpp:717 in SckArt_DoChkInputCntAlarm	COMM	callees 3/3 ok(def 3, macro 0, sys/undeclared 0); objects 1/1 present	36	[review=auto] HELD(Index arm, RULINGS_20260929 #8 / handed to Kevin RULINGS_20260929 #12) || match=L5-standin-class flip=absentB in_cmake=True || port comment calls it a stub/offline
A1-384	a1_stub_body	atester_32Site.cpp:367	W5_32S_TCOM2Ext::DoReleaseAndInspEnd	rs232.cpp:3747-3761	6 stmts/15 lines; calls: SendCommToVision, MySleep, InitRealTimeCCDPara	EMPTY body{}	possible (56, obj not resolvable) e.g. aTester_Front.cpp:5313 in DoFRTCUseSocketFloat [obj=K8S7_COM2]	YES live 1/4, e.g. Automation/SCK_ART.cpp:717 in SckArt_DoChkInputCntAlarm	COMM	callees 3/3 ok(def 3, macro 0, sys/undeclared 0); objects 1/1 present	36	[review=auto] HELD(Index arm, RULINGS_20260929 #8 / handed to Kevin RULINGS_20260929 #12) || match=L6-unique-name flip=absentB in_cmake=True || port comment calls it a stub/offline
A1-385	a1_stub_body	aTester_Front.cpp:5235	K8S7_TCOM2Ext::SendCommToVision	rs232.cpp:3733-3745	4 stmts/13 lines; calls: RecordProcess, WriteCommData	EMPTY body{}	possible (29, obj not resolvable) e.g. aTester_Front.cpp:5295 in DoFRTCUseSocketFloat [obj=K8S7_COM2]	YES live 1/4, e.g. ATC/ATCInterface.cpp:1869 in TATCInterfaceForm::TimerChillerStopTimer	COMM	callees 2/2 ok(def 2, macro 0, sys/undeclared 0); objects 2/3 present; OBJ-ABSENT [Comm4]	32	[review=auto] HELD(Index arm, RULINGS_20260929 #8 / handed to Kevin RULINGS_20260929 #12) || match=L5-standin-class flip=absentB in_cmake=True || port comment calls it a stub/offline
A1-386	a1_stub_body	aTester_Front.cpp:5875	K5F_TCOM2Ext::SendCommToVision	rs232.cpp:3733-3745	4 stmts/13 lines; calls: RecordProcess, WriteCommData	EMPTY body{}	possible (29, obj not resolvable) e.g. aTester_Front.cpp:5295 in DoFRTCUseSocketFloat [obj=K8S7_COM2]	YES live 1/4, e.g. ATC/ATCInterface.cpp:1869 in TATCInterfaceForm::TimerChillerStopTimer	COMM	callees 2/2 ok(def 2, macro 0, sys/undeclared 0); objects 2/3 present; OBJ-ABSENT [Comm4]	32	[review=auto] HELD(Index arm, RULINGS_20260929 #8 / handed to Kevin RULINGS_20260929 #12) || match=L5-standin-class flip=absentB in_cmake=True || port comment calls it a stub/offline
A1-387	a1_stub_body	aTester_Rear.cpp:5041	K6BRTC_TCOM2Ext::SendCommToVision	rs232.cpp:3733-3745	4 stmts/13 lines; calls: RecordProcess, WriteCommData	EMPTY body{}	possible (29, obj not resolvable) e.g. aTester_Front.cpp:5295 in DoFRTCUseSocketFloat [obj=K8S7_COM2]	YES live 1/4, e.g. ATC/ATCInterface.cpp:1869 in TATCInterfaceForm::TimerChillerStopTimer	COMM	callees 2/2 ok(def 2, macro 0, sys/undeclared 0); objects 2/3 present; OBJ-ABSENT [Comm4]	32	[review=auto] HELD(Index arm, RULINGS_20260929 #8 / handed to Kevin RULINGS_20260929 #12) || scope: feature:RTC vision || match=L5-standin-class flip=absentB in_cmake=True || port comment calls it a stub/offline
A1-388	a1_stub_body	aTester_Rear.cpp:5998	K5_TCOM2Ext::SendCommToVision	rs232.cpp:3733-3745	4 stmts/13 lines; calls: RecordProcess, WriteCommData	EMPTY body{}	possible (29, obj not resolvable) e.g. aTester_Front.cpp:5295 in DoFRTCUseSocketFloat [obj=K8S7_COM2]	YES live 1/4, e.g. ATC/ATCInterface.cpp:1869 in TATCInterfaceForm::TimerChillerStopTimer	COMM	callees 2/2 ok(def 2, macro 0, sys/undeclared 0); objects 2/3 present; OBJ-ABSENT [Comm4]	32	[review=auto] HELD(Index arm, RULINGS_20260929 #8 / handed to Kevin RULINGS_20260929 #12) || match=L5-standin-class flip=absentB in_cmake=True || port comment calls it a stub/offline
A1-389	a1_stub_body	atester_32Site.cpp:368	W5_32S_TCOM2Ext::SendCommToVision	rs232.cpp:3733-3745	4 stmts/13 lines; calls: RecordProcess, WriteCommData	EMPTY body{}	possible (29, obj not resolvable) e.g. aTester_Front.cpp:5295 in DoFRTCUseSocketFloat [obj=K8S7_COM2]	YES live 1/4, e.g. ATC/ATCInterface.cpp:1869 in TATCInterfaceForm::TimerChillerStopTimer	COMM	callees 2/2 ok(def 2, macro 0, sys/undeclared 0); objects 2/3 present; OBJ-ABSENT [Comm4]	32	[review=auto] HELD(Index arm, RULINGS_20260929 #8 / handed to Kevin RULINGS_20260929 #12) || match=L6-unique-name flip=absentB in_cmake=True || port comment calls it a stub/offline
A1-390	a1_stub_body	atester.cpp:6011	W7T1_TCOM2Ext::SendCommToVision	rs232.cpp:3733-3745	4 stmts/13 lines; calls: RecordProcess, WriteCommData	EMPTY body{}	possible (29, obj not resolvable) e.g. aTester_Front.cpp:5295 in DoFRTCUseSocketFloat [obj=K8S7_COM2]	YES live 1/4, e.g. ATC/ATCInterface.cpp:1869 in TATCInterfaceForm::TimerChillerStopTimer	COMM	callees 2/2 ok(def 2, macro 0, sys/undeclared 0); objects 2/3 present; OBJ-ABSENT [Comm4]	25	[review=auto] HELD(Index arm, RULINGS_20260929 #8 / handed to Kevin RULINGS_20260929 #12) || match=L5-standin-class flip=absentB in_cmake=True || port comment calls it a stub/offline
A3-045	a3_macro_seam	Motor/myGALILmotor.cpp:721	SaveFile -> W4G_SaveFile	cprod.cpp:381-520 (57 stmts)	W4G_SaveFile is golden csystem.cpp:22179 SaveFile verbatim (INDEXZ area)	OTHER stub (11 stmts); #define SaveFile W4G_SaveFile	yes (16 call sites between #define and #undef read the stub) e.g. Motor/myGALILmotor.cpp:5116 in TMyMotor::Gali_FindZPhase	yes: real body csystem.cpp:26723(11 stmts) (already live; the seam hides it from the call sites above)	COMM	real body exists: yes	5	[review=manual] seam id=A-SEAM-02 src=both undef=None; verdict=FAITHFUL-COPY || 16 call sites in Gali_FindZPhase; HELD (INDEXZ-1203) || DOUBLE-APPLY HAZARD: do not copy golden text into the stub; retire the #define/stub so callers reach the real body
A1-391	a1_stub_body	atester.cpp:9963-9969	CheckAndRecodrTorque	atester.cpp:9413-9463	16 stmts/51 lines; calls: MyForceDirectories, FormatString, WriteDataToFile, GetDateInfoByString, GetOnlyTimeInfoByString	constant: (void)iArm; return false;	yes (4 certain, 0 possible) e.g. aTester_Front.cpp:9803 in DoTestYFront	gated-only 4/4, e.g. atester.cpp:1873 (alt-arm)	FILE_WRITE	callees 5/5 ok(def 5, macro 0, sys/undeclared 0); objects 3/3 present	85	[review=auto] HELD(Index arm, RULINGS_20260929 #8 / handed to Kevin RULINGS_20260929 #12); docs:other-docs || in-function gates: 9965-9966 TODO(W7) [NOT REVIEWED: HELD (index arm -- waits for the user's BCB6 9050 ind...] || match=L1-samefile flip=same in_cmake=True || port comment calls it a stub/offline
A1-392	a1_stub_body	atester.cpp:5895	W7T1_TrigerIndexAxisHome	Motor/mymotor.cpp:5518-5527	5 stmts/10 lines; calls: RecordProcess, AddIndexPosLog, LogIndexMaxMinPos, DoIndex4AxisHome	EMPTY body{}	no (0 live call sites found)	no (0/3 checked)	FILE_WRITE	callees 4/4 ok(def 3, macro 1, sys/undeclared 0); objects 1/1 present	42	[review=auto] HELD(Index arm, RULINGS_20260929 #8 / handed to Kevin RULINGS_20260929 #12); docs:GL_S0_STUB_LEDGER(Aug26),NB2-seam-list(0925) || match=L2-anyfile flip=absentB in_cmake=True || port comment calls it a stub/offline
A1-393	a1_stub_body	Motor/mymotor.cpp:2577	SaveLog	Motor/mymotor.cpp:4833-4844	golden SaveLog() builds the per-month log path; port returns ""	constant: return "";	no (0 live call sites found)	no (0/4 checked)	FILE_WRITE	callees 2/2 ok(def 2, macro 0, sys/undeclared 0); objects 0/0 present	15	[review=manual] verdict=NO-CALLER || no callers in golden or port || match=L1-samefile flip=same in_cmake=True || port comment calls it a stub/offline
A1-394	a1_stub_body	atester.cpp:11742-11747	CheckICExistInSocket	atester.cpp:11128-11152	4 stmts/25 lines; calls: IsOff, ShowMyMessage	EMPTY body{} (only (void)x)	yes (3 certain, 0 possible) e.g. aTester_Front.cpp:3338 in DoFTestSuckTestIC	no (0/3 checked)	DISPLAY	callees 2/2 ok(def 2, macro 0, sys/undeclared 0); objects 5/5 present	85	[review=auto] HELD(Index arm, RULINGS_20260929 #8 / handed to Kevin RULINGS_20260929 #12) || in-function gates: 11744-11745 TODO(W7) [NOT REVIEWED: HELD (index arm -- waits for the user's BCB6 9050 ind...] || match=L1-samefile flip=same in_cmake=True || port comment calls it a stub/offline
A1-395	a1_stub_body	Motor/mymotor.cpp:2704	RecordIndexPosition	Motor/mymotor.cpp:5318-5424	31 stmts/107 lines; calls: GetTimeInfo, Gali_ReadPos, Gali_ReadEncoderPos, AddIndexPosLog	EMPTY body{}	yes (8 certain, 0 possible) e.g. aTester_Front.cpp:1439 in DoFrontTestSuckIC	YES live 1/4, e.g. Motor/mymotor.cpp:6336 in ShowIndexMotorError	DISPLAY	callees 4/4 ok(def 4, macro 0, sys/undeclared 0); objects 4/5 present; OBJ-ABSENT [StrType]	84	[review=auto] HELD(Index arm, RULINGS_20260929 #8 / handed to Kevin RULINGS_20260929 #12); docs:GL_S0_STUB_LEDGER(Aug26),NB2-seam-list(0925),INBOX_QUEUE || match=L1-samefile flip=same in_cmake=True
A3-046	a3_macro_seam	csystem.cpp:2584	WriteIniData -> W7C1_WriteIniData	common.cpp:691-873 (44 stmts)	3 of the 5 live WriteIniData call sites (csystem.cpp:3114-3116, DoCleanOutFinishCheck) restore the [I49] rest-mode Contact height into <recipe>\Contact.Data; they read the empty stub W7C1_WriteIniData + W7C1_GetLastOpenFN -> "" ; the raising half is gated in atester.cpp:4221 (O07) so nothing is half-done; the 4th site (csystem.cpp:7513 DoHomeProcess) is a real loss: bI01TesterFinishThenHome=true is set in memory after HOME (option I06) but never persisted to config.ini	EMPTY stub (0 stmts); #define WriteIniData W7C1_WriteIniData	yes (5 call sites between #define and #undef read the stub) e.g. csystem.cpp:3114 in DoCleanOutFinishCheck	yes: real body TesterComm/Gpib/GpibGlobals.cpp:466(3 stmts), TesterComm/Gpib/GpibGlobals.cpp:473(3 stmts) (already live; the seam hides it from the call sites above)	DISPLAY	real body exists: yes	60	[review=manual] seam id=A-SEAM-04 src=both undef=26487; verdict=DESIGN || SAFETY write-gate pair documented at atester.cpp:4221 (production recipe file); only csystem.cpp:7513 is an unpaired persistence loss (path also comes from the W906G4_AuthPath() seam = "") || DOUBLE-APPLY HAZARD: do not copy golden text into the stub; retire the #define/stub so callers reach the real body
A2-159	a2_abbreviated_body	cStateRecord.cpp:754-869	TfMain::StateRecordImage	main.cpp:26109-26207	63 stmts/99 lines; calls: MainFormSizeToEpson, BringToFront, BitBlt, GetDC, SaveToFile, SetForegroundWindow ...	ABBREVIATED body (116 of 99 lines): 16/46 (35%) of golden's distinct statements exist live anywhere in the port; 54% only under #if 0/alt arm; 26% in this function	yes (1 certain, 0 possible) e.g. cStateRecord.cpp:1532 in W906_StateRecordTimer2Pump	YES live 2/4, e.g. cStateRecord.cpp:1492 in RunStateRecordJob	DISPLAY	callees 11/13 ok(def 6, macro 0, sys/undeclared 5); ABSENT [MainFormSizeToEpson, sbReturnToMainClick]; objects 3/7 present; OBJ-ABSENT [ImageRecord, pgMotionView, sbStateRecord, sbStateRecord2]	50	[review=auto] HELD(Index arm, RULINGS_20260929 #8 / handed to Kevin RULINGS_20260929 #12) || in-function gates: 758-763 W906-STATEREC-G2 [KEEP: 維持 -- 抓圖／畫面還原：ImageRecord／MainFormSizeToEpson／Application／sbS...] | 768-779 W906-STATEREC-G2 [KEEP: 維持 -- 抓圖／畫面還原：ImageRecord／MainFormSizeToEpson／Application／sbS...] | 784-790 W906-STATEREC-G2 [KEEP: 維持 -- 抓圖／畫面還原：ImageRecord／MainFormSizeToEpson／Application／sbS...] (+1) || match=L2-anyfile flip=same in_cmake=True
A1-396	a1_stub_body	atester.cpp:5891	W7T1_RecordIndexPosition	Motor/mymotor.cpp:5318-5424	31 stmts/107 lines; calls: GetTimeInfo, Gali_ReadPos, Gali_ReadEncoderPos, AddIndexPosLog	EMPTY body{}	yes (1 certain, 0 possible) e.g. atester.cpp:8555 in DoTestHeadMotor [via #define RecordIndexPosition]	YES live 1/4, e.g. Motor/mymotor.cpp:6336 in ShowIndexMotorError	DISPLAY	callees 4/4 ok(def 4, macro 0, sys/undeclared 0); objects 4/5 present; OBJ-ABSENT [StrType]	39	[review=auto] HELD(Index arm, RULINGS_20260929 #8 / handed to Kevin RULINGS_20260929 #12); docs:GL_S0_STUB_LEDGER(Aug26),NB2-seam-list(0925),INBOX_QUEUE || match=L2-anyfile flip=absentB in_cmake=True || port comment calls it a stub/offline
A4-022	a4_standin_family	various	UI-only display shells (EJ1N/MyOmronPanel.cpp, cObserver.cpp, language.cpp, cSecurity.cpp, mycylin.cpp, uTemp_Set.cpp handlers)	(see members)	empty VCL-widget/redraw handlers whose job the web pages replaced; low value unless a handler also carries state (uTemp_Set btn_Defrost*, cObserver Record*CycleTime)	34 a1 stubs + 11 a2 abbreviated + 1 seams + 35 gates in these files; 27 with live callers; 0 held	27 member stubs have live callers	n/a (family row)	DISPLAY	see member rows	25	[review=auto] verdict=UNDECIDED || web replaces the widget
A3-047	a3_macro_seam	csystem.cpp:2579	GetLastOpenFN -> W7C1_GetLastOpenFN	common.cpp:1252-1281 (10 stmts)	GetLastOpenFN stub returns "" for the DoCleanOutFinishCheck rest-mode block -- paired with the WriteIniData write gate above	RETLIT stub (1 stmts); #define GetLastOpenFN W7C1_GetLastOpenFN	yes (1 call sites between #define and #undef read the stub) e.g. csystem.cpp:3111 in DoCleanOutFinishCheck	yes: real body common.cpp:1446(10 stmts) (already live; the seam hides it from the call sites above)	DISPLAY	real body exists: yes	20	[review=manual] seam id=A-SEAM-33 src=both undef=26488; verdict=DESIGN || real GetLastOpenFN common.cpp:1446 || DOUBLE-APPLY HAZARD: do not copy golden text into the stub; retire the #define/stub so callers reach the real body
A1-397	a1_stub_body	Motor/myMN200motor.cpp:2516-2531	MNetLog	Motor/myMN200motor.cpp:2146-2156	MNetLog writes a TMemo (mmoMNet) that does not exist	constant: (void)Message; return true;	yes (96 certain, 0 possible) e.g. AutoClean/AutoClean.cpp:3356 in RecDebug	gated-only 3/3, e.g. Motor/myMN200motor.cpp:89 (alt-arm)	DISPLAY	callees 3/3 ok(def 3, macro 0, sys/undeclared 0); objects 1/1 present	15	[review=manual] verdict=DESIGN || INBOX115 row 7 (C) || in-function gates: 2518-2530 [NOT REVIEWED: HIGH tier (the laptop's)] || scope: feature:MN200/EtherCAT card || match=L1-samefile flip=same in_cmake=True
A3-048	a3_macro_seam	Automation/auto9045.cpp:103	GetLastOpenFN -> W5FA_GetLastOpenFN	common.cpp:1252-1281 (10 stmts)	TU-local W5FA_GetLastOpenFN is statement-for-statement common.cpp:1446 / golden common.cpp:1252 (8 of 10 stmts, stack TStringList) -- not a behaviour gap, only a duplicate	OTHER stub (8 stmts); #define GetLastOpenFN W5FA_GetLastOpenFN	yes (36 call sites between #define and #undef read the stub) e.g. Automation/auto9045.cpp:636 in SetFixTrayDefine	yes: real body common.cpp:1446(10 stmts) (already live; the seam hides it from the call sites above)	DISPLAY	real body exists: yes	5	[review=manual] seam id=A-SEAM-01 src=both undef=None; verdict=FAITHFUL-COPY || 36 live call sites read the copy, all equivalent || DOUBLE-APPLY HAZARD: do not copy golden text into the stub; retire the #define/stub so callers reach the real body
A3-049	a3_macro_seam	KYECFTP/FTPClient_Transfer.cpp:253	GetLastOpenFN -> FTPXfer_GetLastOpenFN	common.cpp:1252-1281 (10 stmts)	FTPXfer_GetLastOpenFN copy (8 stmts)	OTHER stub (8 stmts); #define GetLastOpenFN FTPXfer_GetLastOpenFN	yes (1 call sites between #define and #undef read the stub) e.g. KYECFTP/FTPClient_Transfer.cpp:550 in LoadFileFormServer2	yes: real body common.cpp:1446(10 stmts) (already live; the seam hides it from the call sites above)	DISPLAY	real body exists: yes	5	[review=manual] seam id=- src=same-file/own scan undef=None; verdict=FAITHFUL-COPY || DOUBLE-APPLY HAZARD: do not copy golden text into the stub; retire the #define/stub so callers reach the real body
