id	kind	name	golden_file_line	port_status_with_citation	what_is_dead_because_of_it	action_class	confidence	notes	provenance
E-SMC-001	BOOT_GROUP	SYSTEM_MODULAR ctor: MInRotate[2][4] / MOutRotate[2][4] motor-id tables never filled	database.cpp:252-281 (`MInRotate[0][0] =MInRotateKit;` ... `MOutRotate[1][3]=MOutRotateF;`, inside SYSTEM_MODULAR::SYSTEM_MODULAR() database.cpp:43-287)	ABSENT: arrays exist zero-initialised at cmydef.cpp:2424 `int MInRotate[MAX_ARM_Row][MAX_ARM_Col];` and cmydef.cpp:2425; the only code that fills them is the ctor, which is `#if 0` at database.cpp:139 `#if 0 // TODO(wave): SYSTEM_MODULAR ctor -- database.cpp:43-288`; `git grep -n -a -E "(MInRotate|MOutRotate)\s*\[[^]]+\]\s*(\[[^]]+\])?\s*=[^=]"` on the port = 0 hits (20260930 22:xx); LoadMachineConfig (database.cpp:3138) replaces the ctor and does not fill them	every rotate-kit consumer indexes MOT[] with 0 = MInArmX (motor 0): RotateKit/aRotateKIT_In.cpp:3943 `iResult=MOT[MInRotate[0][0]].MotorMove(iPos);`, :3993/:4063/:4136/:4244, aRotateKIT_Out.cpp:4061/:4111/..., RotateKit/fRotate.cpp:41 `ProcessSingleMotorHome(MInRotate[i][j])`. With USE_ROTATE_KIT=1 the rotate flows would MOVE/HOME THE IN-ARM X AXIS instead of the rotate motors (HT9050 has M41 MInRotate / M42 MOutRotate enabled on PCI1203, machines/HT9050/Mot_Table.csv:43-44)	MOTION	88	IDENTS=MInRotate;MOutRotate; condition: only when USE_ROTATE_KIT=1 (this laptop system\Gerneral.ini:485 USE_ROTATE_KIT=0; the machine value is unknown) -- with it 0 the rotate code is not entered; fix is 16 assignments (constants MInRotateKit..MOutRotateH exist, cmydef.cpp:2381-2421); consumers are in the build (CMakeLists.txt:2764 RotateKit/aRotateKIT.cpp). NOT recorded in any port doc (git grep MInRotate docs = 0)	hand-read (golden + port text read; file:line quotes machine-validated)
E-T1-001	TIMER_WHOLE	TfMain::Timer1Timer (Timer1, Interval=30 ms, VCL main thread) - WHOLE HANDLER	main.cpp:2696-3838 (1143 lines, 343 statements; main.dfm:17272 Interval=30 Enabled=False; enabled note.cpp:220 fMain->Timer1->Enabled=true; disabled main.cpp:11703; also called from note.cpp:3355 and mymessbox.cpp:542 while a box is open)	ABSENT as a function, PARTIAL as hand-written slices. Class-scoped search `git grep -n -a -E "Timer1Timer|Timer1->" -- forms/fMain.h forms/fMain.cpp` = 0 hits (no TfMain::Timer1Timer, no TfMain Timer1 member, nothing invokes an OnTimer). Slices that do run: WebBridgeTags.cpp:626 `{ extern void W906_FlushFlagTick(); W906_FlushFlagTick(); }` (FlushFlag flip only; 500 ms beat plus modal tick); FileRW/MainRecord.cpp:357 `void W906_MainRecordTimer1Tick()` (UpdateRecordScreen only; pumpBeat at tools/wb_serve.cpp:5953 `if (pumpBeat) { extern void W906_MainRecordTimer1Tick();` and modal tick); tools/wb_serve.cpp:7630 `CheckIndexAllSuckICFallDown(true, true)` (only while a blocking box is open); csystem.cpp:1844 `fMain->ProcessSensorScan();` (only inside DoAllProcess, i.e. only while SystemStart).	Denominators (2696-3838 segmented into 55 statement groups): 4 timer-mechanics (39 statements incl. the static/local declarations: prologue/InitialOK/bRunTimer1, bTimer1Begin gate, 20 ms throttle, SystemInitialOK gate - nothing to port); 4 PORTED/equivalent (6 statements); 4 PARTIAL (E-T1-009, -017, -018, -019); 25 ABSENT or NO_CALLER with an observable effect (rows E-T1-002..-030 minus the 4 partials); 18 display-only (127 of the 343 statements; folded in E-T1-031); the remaining 171 statements are the 29 rows E-T1-002..-030. Everything the machine got from Timer1 is silent except the FlushFlag flip, the UpdateRecordScreen counters and the modal-box IC-fall-down check: hot-plate soak clock, panel key lamps, safe-door and magazine locks, ion relay/fan, dry air, socket air cooling, OTD docking waits, card health polls, SECS disconnect/loader events, Qorvo ESC reset, and the empty-tray manual-check clear (E-T1-030 = LIVE HANG).	MOTION	85	IDENTS=W906_FlushFlagTick;W906_MainRecordTimer1Tick;Timer1Timer ; PORTED/equivalent groups (no row): (a) 3125-3129 CheckIndexAllSuckICFallDown while a box is open = tools/wb_serve.cpp:7630 (modal tick only); (b) btClearCount enable 3133/3141 = derived at publish time from SystemStart in cContactCT.cpp:1767 (enabled.btClearCount = !SystemStart); (c) 3189 ProcessTimeUpdate(false) = PumpTick GetTimeInfo (cStateRecord.cpp:719 comment; sAlarmTime/sFileNameTime refreshed only on demand by the state-record path, consumers golden uLotInfo.cpp:8454 / rs232.cpp:2080 not ported); (d) 3202-3206 iTestRunMode->ShowBinSel = SetRunStartMode RunStartMode.cpp:782 (RunStartMode.cpp is the only file that writes iTestRunMode, and it calls ShowBinSel itself at 782 right after). Examined and NOT in this handler: no FindWindow/SendMessage/PostMessage/WM_ anywhere in main.cpp 2696-3838 (scan = 0; the FindWindow("TfMain") blocks cited as 3096/3110 are GPIB9045 Main.cpp, port GpibCore.cpp:46); no ion-bar/ESD block (only SwIonRelay E-T1-005 and SwIndexIonFan E-T1-016; ProcessForESC = Qorvo Empty-Socket-Check E-T1-007); no ScanKey/ScanPannelKey/Pause/Stop/Start call (indirect only: ProcessSensorScan->Start("AMR") E-T1-018, BtnOneCycleClick E-T1-023, RunTestProgram/InitOneCycle E-T1-007). LINE-NUMBER TRAP: port comments and the task cite V912 numbers for OEE (V912 3055 = 906 2961-2991), btClearCount (V912 3222-3233 = 906 3131-3141), NeedRef (V912 3299-3304 = 906 3208-3213). V912 Timer1 (2753-3969) adds vs 906: FTP upload-fail drain (V912 2795-2802, SaveEventLogInfo FTP_UPLOAD_FAIL), fSecsAlarm handling, IsSafePLCIOInstall() for the door lock, CC_ASE_SG magazine lock, PDD/P65 labels, UpdateRecordScreen/ProcessTimeUpdate inside the S10F3 branch (V912 3035-3036). GOLDEN 906 LATENT BUG (fixed in V912 3013): 906 main.cpp:2928 returns inside the Employee-ID branch without resetting static bRunTimer1, so Timer1 stops for good after the first N07 check (E-T1-008). SystemInitialOK is never set true on HEAD (INBOX 127, fix on WIP v906/jimmy-sysinit 364d3d1d): fill-ins must not inherit golden SystemInitialOK gates (ProcessICHotTime 7913, Timer1 3172) before that fix lands. Timing: golden 30 ms vs port 500 ms beat; tick-count debounces (Loader buffer 100 ticks, OTD 100, card poll 200) must become wall-clock; anything that must also run while a box waits has to be called from W906_ModalWaitTick too (golden note/mymessbox timers call fMain->Timer1Timer). SIM builds clear all IO Enable flags after binding (machines/HT9050/README.md, cinitial.cpp:1432), so the IO_OUT rows are inert in SIM and live only in SHIP (-DW906_NO_SOFT_SIMULTE=ON). ; MACHINE_IO[machines/HT9050/IO_Table.csv]: SwIonRelay=no row, SwIndexIonFan=no row ; CUSTOMER_SPECIFIC (this laptop CUSTOMER_CODE=957=CC_PTI): CC_ASE_SG	hand-read by sub-agent A (TfMain::Timer1Timer), reviewed and machine-validated (87/87 cites, 72/72 quotes)
E-CG-005	OTHER	DoPlaceToHotPlate_9045() (InArm iInArmType dispatcher to the 23-24 per-layout hot-plate placement routines) is an ACTIVE STUB returning false: every DoPlaceToHotPlate_9045_<layout> is unreachable	ainarm_SearchPlacePlate.cpp (golden) :4814-4837 (24 `extern bool DoPlaceToHotPlate_9045_<config>();` decls) and :4839-4948 (dispatcher switch on iInArmType -> DoPlaceToHotPlate_9045_2x2_8_Hot ... ); called by every InArm layout flow at case 1100 after `LastSet.iTemperature==Tempture_Hot` (e.g. golden ainarm9045_1x1_1.cpp case 1000 -> Task=1100)	STUB: ainarm_SearchPlacePlate.cpp:4865 `#if 0 // AI(W6.2-INARM) 20260626 TODO(W7: per-site DoPlaceToHotPlate variants):` keeps the real dispatcher dead and :5005 `bool DoPlaceToHotPlate_9045()` returns constant false (:5007 `return false;   // AI(W6.2-INARM) 20260626: per-site dispatch is W7`); the layout flows still wait on it, e.g. ainarm9045_1x1_1.cpp:2263 `if(DoPlaceToHotPlate_9045())`; the 23 per-layout bodies (2,200 port statements, e.g. ainarm9045_2x2_8_Hot.cpp:1062) have no live caller (name-level reachability, tools s14/s15).	in Hot temperature mode the In-arm task cannot complete the "place IC on hot plate" step in any of the layouts: case 1100 never advances (Task stays 1100), so a hot-plate flow hangs at the first IC	MOTION	80	IDENTS0=DoPlaceToHotPlate_9045_2x2_8_Hot:3; inert on THIS machine if it runs without hot plates: Gerneral.ini USE_HOTPLATE_TYPE=0 and machines/HT9050/IO_Table.csv has no HotPlate rows (grep count 0) - but the stub is a silent dead end for every hot-plate machine; peer stub census (a) probably lists the stub itself, the closure (23 unreachable bodies) is the (e) contribution. The W7 reason ("pure iInArmType dispatch") is a few lines: extern decls + one switch	tool-derived counts + hand-read verdicts (call census / reachability tools, then hand check; quotes machine-validated)
E-TM-016	TIMER	TfMain::Timer9Timer (Auto Shuttle Sensor pitch: polls DoMoveShuttleSensor until done) absent; its trigger button is unbound	main.cpp:32678-32691 (main.dfm:17351 Interval=100, design Enabled=False): `if(AUTO_SENSOR_INSTALL) if(DoMoveShuttleSensor()) { Timer9->Enabled=false; ShowMyMessage("Auto Shuttle Sensor OK!!");`; started by cSetUp.cpp:4732-4736 btAutoShuttlePitchClick `fMain->Timer9->Enabled=true;`	ABSENT (driver + trigger): cSetUp.cpp:246 records "btAutoShuttlePitchClick:4732-4736 (5L)  fMain->Timer9 (TTimer zero-port)."; no Timer9Timer, no handler for the setup button (dfm2rc cSetUp_events.gen.json:159-162 lists btAutoShuttlePitchClick as a handler name only); the motion routine exists (acarry.cpp:7661 `bool DoMoveShuttleSensor()`) and has a different caller (uhome.cpp:4105).	AUTO_SENSOR_INSTALL machines: the Setup-page "Auto shuttle pitch" button cannot run the automatic shuttle-sensor position search (the shuttle motors are never moved by it)	MOTION	65	IDENTS0=Timer9Timer:0; AUTO_SENSOR_INSTALL is an INI option (HSys rgAutoShuttleSensor) -- machine value unknown; MOTION consequence means the fix needs a machine-side test	hand-read (golden timer body read; port side by grep; quotes machine-validated)
E-T1-018	TIMER_SEGMENT	TfMain::Timer1Timer: ProcessSensorScan() every tick even when stopped (AMR/SECS Auto START, ART counts, loader-tray LED and log)	main.cpp:3191 (body main.cpp:13949-14305)	PARTIAL. The body is ported (cSensorScan.cpp) but its only live caller is DoAllProcess: csystem.cpp:1844 `fMain->ProcessSensorScan();`, and DoAllProcess is reached only under `if(SystemStart==true)` (csystem.cpp:32482 `if(SystemStart==true)`); golden DoAllProcess is gated the same way (golden csystem.cpp 18718), so Timer1 is golden's ONLY idle-time caller. The idle-time consumer is dead: bAMRReceiveStart is set by SECSGEM/uHGemHT9045.cpp:7866 `bAMRReceiveStart=true;` and consumed at cSensorScan.cpp:358 `bAMRReceiveStart` only while the machine already runs.	While the machine is stopped: KYEC_LEE AMR/SECS Auto START (RCMD START -> bAMRReceiveStart -> fMain->Start("AMR")) is acknowledged HCACK=0 but never acted on; the ASE_KaohSiung log "<AutoMove>LoadTray put on loader location." (cSensorScan.cpp:419 `CUSTOMER_CODE==CC_ASE_KaohSiung && SystemStart==false && IniConfig.bG11ASEReport`) never fires; ART yield labels, fSCKART->UpdateCount() and the loader-tray LED ALed1 stay stale until START.	MOTION	55	IDENTS=ProcessSensorScan;bAMRReceiveStart;iloadHasTray ; Drive from the pump beat regardless of SystemStart (golden calls it from Timer1 AND DoAllProcess). Start("AMR") is one of the START census sites (tools/start_sites_census.py); whether it does anything depends on the S3 arming state (TfMain::Start is deliberately not an override, WebStart.h) - arming is the user's decision. Two port gates remain inside the body (cSensorScan.cpp GATE W906-SENSORSCAN-G3/G4: fLotInfo->labLotTrayCount_KYEC missing -> AMR reflash-tray-count block). KYEC_LEE + bUseSECSGEMAutoStart + TrayForm.bEnableAMR customers only. ; CUSTOMER_SPECIFIC (this laptop CUSTOMER_CODE=957=CC_PTI): CC_ASE_K	hand-read by sub-agent A (TfMain::Timer1Timer), reviewed and machine-validated (87/87 cites, 72/72 quotes)
E-BOOT-002	BOOT_GROUP	ServoOnAllMOT() at boot is an empty stub: servos of all enabled motors are not switched on by the boot	main.cpp:10165 `ServoOnAllMOT();` -> Motor/mymotor.cpp:4609-4621 (for every motor except MTestY1..MTestY2 with Motor->Enable: `MOT[i].Motor->SetServoOn(true); MySleep(2);`)	STUB: Motor/mymotor.cpp:2564 `void ServoOnAllMOT()                   {}` (empty, and unreachable); servo-on exists only on explicit operator paths: WebMotorAccess.cpp:1777 `SetServoOn(true) -> MotOutputOn(1)` (motor-access page) and the 1203 control block EtherCAT/Pci1203Control.h:938.	after a cold start golden has every servo ON before the operator touches anything; the port needs an explicit Motor Power / servo command first (a motor that golden holds with servo power is free until then)	MOTION	45	IDENTS0=ServoOnAllMOT:2; may be intentional (BU-C rule: motion only on explicit operator command) - a decision item, not a silent bug; golden also does `SW[SwServerON].On()` at :9658 just before SystemInitialOK (the port does it in the Motor Power On path, WebMotorAccess.cpp:2454; SwServerON has no IO row in machines/HT9050, Enable=0) ; MACHINE_IO[machines/HT9050/IO_Table.csv]: SwServerON=Enable0	tool-derived name-level callee census, every U/M item then hand-read
E-FT1-002	TIMER	TfTeach::Timer1Timer (30 ms, fShow-gated) + TfTeach::tmr_PitchLoopTimer (15 ms): teach-page Home / pitch-home / Z-home driver, pitch-loop test (DoPitchLoopMove) and ScanNowMotorStatus poll	uteach.cpp:1359-1411 (17 statements: `ScanNowMotorStatus(); fiosetview->ScanLed(fTeach); if(DoZHome()==false) return; if(btnHome->Down) ... ProcessSingleMotorHome(ActiveMotorIndex) ... DoPitch_Home();`); golden methods DoZHome uteach.cpp:4505-4540, DoPitch_Home :5698-5782	PARTIAL: forms/fTeach.h:351 `[MOTION] Timer1Timer                     :1359-1411  ProcessSingleMotorHome / DoGaliHome / DoPitch_Home` is listed as a machine action that the wave deliberately left out; forms/fTeach.cpp:417 `void TfTeach::ScanNowMotorStatus()` is translated but has no periodic caller; DoZHome and DoPitch_Home have NO definition (comment mentions only). ProcessSingleMotorHome itself is REAL now (acatchtray_shims.h:424 `AI(W906-SMHOME) 20260927`; two web strings WebMotorAccess.cpp:1390 and :2675 still say "stub" and are stale) and the web motor page drives single-axis home through MainProc's hook (WebMotorAccess.cpp:1112 `AI(W906-MT-E3c) 20260925`).	the Teach page's own Home button chain (btnHome toggle -> timer -> ProcessSingleMotorHome / Z-home / pitch-home state machines) and its live motor-status LEDs have no driver; single-axis home still works from the web motor page	MOTION	40	hand-read uteach.cpp:1359-1411; related per-button rows of the Teach page are in census129_ab / census129_cd (btnHomeClick :2133-2198 is on the same [MOTION] list). Whether the web Teach page needs this at all depends on how the operator homes from the web (motor page vs Teach page). IDENTS0=DoPitch_Home:0;DoZHome:0	hand-read (non-TfMain form timer: golden body read, port counterpart located by grep; quotes machine-validated)
E-FT1-003	TIMER	TZteach::AutoTimerTimer (30 ms, fShow-gated): auto-teach-Z measurement recorder (encoder position -> AutoTeachOffset.dXPos/dYPos, index vacuum on/off test)	AutoTeach/InOutArmZteach.cpp:4552-4646 (37 statements: `MOT[ActiveMotorIndex].ScanMotorStatus(); dPos= MOT[ActiveMotorIndex].ReadEncoderPos();` then `AutoTeachOffset.dXPos[n]=dPos` per motor and `bVacuumOnOff(iUseVacuum,iZ)`)	ABSENT BY DECISION: the port has no TZteach body at all. FileRW/Zteach.cpp:21 `沒有 TZteach 本體` (only TfInOutArmZteach_Facade, fShow constantly false) and the same header records the RULINGS decision that the machine-action callers (AutoTeachZ / DoZHome / InOutArmZHome) are not connected and are listed for Jimmy. bVacuumOnOff, used by this timer, has no definition in the port.	the auto-teach-Z procedure (AutoTeachZ) cannot run, so AutoTeachOffset.dXPos/dYPos are never recorded and the auto Z-teach offset files (Position Offset.Data) are only ever read, not produced	MOTION	40	hand-read AutoTeach/InOutArmZteach.cpp:4552-4646; FileRW/Zteach.cpp header read in full. Known and documented gap (not a surprise); listed because the census asks for every timer/periodic driver. IDENTS0=bVacuumOnOff:0	hand-read (non-TfMain form timer: golden body read, port counterpart located by grep; quotes machine-validated)
E-T1-011	TIMER_SEGMENT	TfMain::Timer1Timer: motion/IO card health polls (CheckPCI_L112State, CheckPCI_MN200State, CheckPCI_EtherCatState every 200 ticks)	main.cpp:3001-3049 (callers main.cpp:3008/3021/3039; Timer1Timer is the ONLY golden caller of all three)	NO_CALLER. Bodies are ported but nothing non-test calls them: Motor/myMN200motor.cpp:1524 `int CheckPCI_L112State()`, Motor/myMN200motor.cpp:2163 `int CheckPCI_MN200State()`, EtherCAT/MyEtherCAT.cpp:399 `int CheckPCI_EtherCatState()`. Their status flag is read but never set: csystem.cpp:13989 `if(bCheckPCI_MN200StateRun==false)` (24V power-off branch; only the definition cmydef.cpp:4629 assigns it).	Card-fault supervision is gone: MN200 24V power-off / ring line error / slave error -> ResetMNet (message, SwMotorRelay off/on, card reopen) and fAllMotorHome=false; same for L112; EtherCAT master/slave disconnect -> WAR16151 etc. bCheckPCI_MN200StateRun stays false, so on L112/MN200 machines the fix-tray 'Normal Get Tray' branch with the safe door open (csystem.cpp:13989) is permanently skipped (golden sets it true after a passing poll; on other card types golden leaves it false too, so PCI1203 machines see no difference).	MOTION	40	IDENTS=CheckPCI_L112State;CheckPCI_MN200State;CheckPCI_EtherCatState;bCheckPCI_MN200StateRun;INSTALL_ETHETCAT ; SOFT_SIMULTE: all three return 1 (no-op) so this matters in SHIP builds only. EtherCAT body needs HAVE_PCI1203 and MyEtherCAT->bInitialOK (MyEtherCAT.cpp:405); the port's own Pci1203Monitor()->Poll() (200 ms) covers part of the disconnect detection - check overlap before wiring. MN200/L112 are legacy cards (HT9050 tables are PCI1203 only). Golden ct2>200 at 30 ms = 6 s -> use wall-clock 6 s. Return value 2 makes golden skip the rest of the tick. ; MACHINE_IO[machines/HT9050/IO_Table.csv]: SwMotorRelay=Enable1	hand-read by sub-agent A (TfMain::Timer1Timer), reviewed and machine-validated (87/87 cites, 72/72 quotes)
E-BOOT-009	BOOT_GROUP	ReadLightScaleTable() at boot is absent: iMagneticScalePos[][] (light-scale calibration) is never filled	main.cpp:10968 `ReadLightScaleTable();` -> main.cpp:33070-33101 (reads `<asLightScalePath>\Motor{1..8}Positive.csv` into iMagneticScalePos[i*2][j] / [i*2+1][j])	ABSENT: ReadLightScaleTable has 0 mentions in the port; iMagneticScalePos has readers only (Motor/mymotor.cpp:3346 `if(Pos>=iMagneticScalePos[iMove][j+1] && Pos<=iMagneticScalePos[iMove][j])` ) and no writer; the path global exists (common.cpp:294 `AnsiString asLightScalePath         ="D:\\HT9045_Log\\LightScale\\";`); the motor-access page writes the CSVs (WebMotorAccess.cpp:2605 note) but nothing reads them back.	the magnetic/light-scale position conversion of motors that use a light scale runs on an all-zero table (the conversion branches are guarded against division by zero, so it degrades to "no correction")	MOTION	30	IDENTS0=ReadLightScaleTable:0; only motors with a light scale; D:/HT9045_Log/LightScale/ may not exist on this machine; adjacent: SetMotorMonitor / ChangeArmSiteView / InitialOCRCom / InitialOCRCwithTesterCom / InitialASEKrSocket / SearchForm / AdjZLedPos / SetTrayColorMap / SpeedButton10Click have NO mention in the port but are UI or option-specific	tool-derived name-level callee census, every U/M item then hand-read
E-TH-004	THREAD	ScanBtn thread (REAL_TIME_CCD stop button/sensor poll) never created	main.cpp:10571 `ScanBtnThd = new ScanBtn(false);` under `if(REAL_TIME_CCD)`; ScanBtnThread.cpp:97-120 Execute (Sen[SnRealTimeCCDStop].IsOn() -> MOT[MTestY1].Gali_Command("VS0;SP0,0,0,0;") + SetArmState(true))	ABSENT: port ScanBtnThread.cpp is translated (class ScanBtn) but `ScanBtnThd` is declared nowhere: aTester_Rear.cpp:10508 `#if 0 // GATE W7R3-G05 -- golden :8307 ScanBtnThd->Start(). The global scan-button thread pointer is declared NOWHERE in the port`; aTester_Front.cpp:8913 GATE F-G2	REAL_TIME_CCD (RTC, SPIL-type customers) machines: the real-time-CCD emergency stop of the test-Y Galil axis is never armed	MOTION	15	IDENTS=ScanBtnThd;REAL_TIME_CCD; customer/config specific (REAL_TIME_CCD off on HT9050 unless set); already documented as gates	hand-read (golden + port text read; file:line quotes machine-validated)
E-FT1-004	CHECKED_ALIVE	TfMotorTest::Timer1Timer (5 ms, fShow-gated): motor-test page LED / loop-move / home state machine	uMotorTest.cpp:912-983 (25 statements: UpdatePreasureScreen, UpdateMotorLed, btnLoopMove->Down -> DoLoopMove, btnHome->Down -> DoGaliHome / ProcessSingleMotorHome)	ALIVE for PCIe-1203 axes through the web motor page: WebMotorAccess.cpp:58 `{ "loopMove",            "live",   "",     "uMotorTest.cpp:1300 btnLoopMoveClick` (the loop-move and home state machines are reproduced in WebMotorAccess.cpp:984 `int         task;` and :1234 home section, run from MainProc hook WebMotorAccess.cpp:1112 `AI(W906-MT-E3c) 20260925`). Remaining gaps: forms/fMotorTest.h:961 `bool DoGaliHome(int Index);` is GATE (S-47) (Galil Index axes, INDEX_MOTION_CARD==0, not this machine) and forms/fMotorTest.h:952 `void UpdatePreasureScreen();` has no periodic caller (display only).	nothing on a 1203 machine (Galil home and the pressure screen only)	MOTION	10	CHECKED-ALIVE row, hand-read uMotorTest.cpp:912-983; included so that the timer inventory has a reason for every MOTION-class timer	hand-read (non-TfMain form timer: golden body read, port counterpart located by grep; quotes machine-validated)
E-T2-001	TIMER_SEGMENT	Timer2Timer: SW[SwBigFan].OnOff(LastSet.bBigFan) -- the FAN ON/OFF button flips a flag, nothing drives the fan output	main.cpp:20964-20968 (`if(CUSTOMER_CODE==CC_ASE_CL || CUSTOMER_CODE==CC_HONPREC_QC) SW[SwFanDirection].OnOff(IniConfig.bC01_FanDirection);` :20966, `SW[SwBigFan].OnOff(LastSet.bBigFan);` :20968)	ABSENT: `git grep -n -a -w SwBigFan` non-comment = registration only (5 lines: constant cmydef.cpp:1952 / cmydef.h:1761, the name registration below, two message strings): cinitial.cpp:1196 `SW[SwBigFan                     ].Name="SwBigFan";` (plus two printf/todo strings in FileRW/MainClick.cpp:1408/:1419); the button handler only flips the flag: FileRW/MainClick.cpp:1407 `LastSet.bBigFan=!LastSet.bBigFan;` and records its own gap: FileRW/MainClick.cpp:1419 "golden main.cpp:21665 Timer2Timer SW[SwBigFan].OnOff(LastSet.bBigFan) is not ported -- the fan output does not follow yet (Jimmy)". SwBigFan is WIRED on this machine: machines/HT9050/IO_Table.csv:20 `Switch,SwBigFan,1,1,1,26,2,1,3,1` (Enable=1).	the operator FAN ON / FAN OFF button on the main page never switches the big fan (real output, Enable=1 in the machine table)	IO_OUT	95	IDENTS0=SwBigFan:5; fix = one line in a per-second tick: SW[SwBigFan].OnOff(LastSet.bBigFan); SwFanDirection has no row in the machine table (inert here) ; MACHINE_IO[machines/HT9050/IO_Table.csv]: SwBigFan=Enable1, SwFanDirection=no row	hand-read (golden timer body read; port side by grep; quotes machine-validated)
E-IO-001	IO_ROW_NO_OBJECT	C_Auto2LoaderZ_SelectOff	none: golden 906 and V912 define no Cylinder named C_Auto2LoaderZ_SelectOff (nearest golden name: C_Auto2LoaderZ_Select)	ABSENT: no const in cmydef.cpp and no registration in cinitial.cpp InitialSwitchName:1127 / InitialSensorName:1747 / InitialCylinderName:7703 (s1_iomatch2.py name-only match over 333 SW + 790 Sen + 260 Cyl names); IO row machines/HT9050/IO_Table.csv:36	valve output row 36 (C_Auto2LoaderZ_SelectOff, Enable=1) has no TMyCylinder object: no flow can push/pull it; only the raw-row web IO button can	IO_OUT	90	IDENTS=C_Auto2LoaderZ_SelectOff; family=second coil "<Cyl>Off" of an existing golden cylinder; Enable=1; the FLOW that would use it is not in golden 906/912 -- per docs/IO_LIST_20260928.md it exists only in the HT9050 tree V910_HT9050 (not on this machine, unverified); adding the object = constant + name line; capacity: MAX_SENSOR_ITEM 820 (max idx 801), MaxCylinderItem 295 (max idx 294, 0 spare), MAX_SWITCH_ITEM 372 (max idx 370)	tool-derived (IO_Table.csv row vs golden/port SW[] registration diff; no body read)
E-IO-002	IO_ROW_NO_OBJECT	C_Auto1LoaderZ_SelectOff	none: golden 906 and V912 define no Cylinder named C_Auto1LoaderZ_SelectOff (nearest golden name: C_Auto1LoaderZ_Select)	ABSENT: no const in cmydef.cpp and no registration in cinitial.cpp InitialSwitchName:1127 / InitialSensorName:1747 / InitialCylinderName:7703 (s1_iomatch2.py name-only match over 333 SW + 790 Sen + 260 Cyl names); IO row machines/HT9050/IO_Table.csv:38	valve output row 38 (C_Auto1LoaderZ_SelectOff, Enable=1) has no TMyCylinder object: no flow can push/pull it; only the raw-row web IO button can	IO_OUT	90	IDENTS=C_Auto1LoaderZ_SelectOff; family=second coil "<Cyl>Off" of an existing golden cylinder; Enable=1; the FLOW that would use it is not in golden 906/912 -- per docs/IO_LIST_20260928.md it exists only in the HT9050 tree V910_HT9050 (not on this machine, unverified); adding the object = constant + name line; capacity: MAX_SENSOR_ITEM 820 (max idx 801), MaxCylinderItem 295 (max idx 294, 0 spare), MAX_SWITCH_ITEM 372 (max idx 370)	tool-derived (IO_Table.csv row vs golden/port SW[] registration diff; no body read)
E-IO-003	IO_ROW_NO_OBJECT	C_LoaderEdgePushOff	none: golden 906 and V912 define no Cylinder named C_LoaderEdgePushOff (nearest golden name: C_LoaderEdgePush)	ABSENT: no const in cmydef.cpp and no registration in cinitial.cpp InitialSwitchName:1127 / InitialSensorName:1747 / InitialCylinderName:7703 (s1_iomatch2.py name-only match over 333 SW + 790 Sen + 260 Cyl names); IO row machines/HT9050/IO_Table.csv:46	valve output row 46 (C_LoaderEdgePushOff, Enable=1) has no TMyCylinder object: no flow can push/pull it; only the raw-row web IO button can	IO_OUT	90	IDENTS=C_LoaderEdgePushOff; family=second coil "<Cyl>Off" of an existing golden cylinder; Enable=1; the FLOW that would use it is not in golden 906/912 -- per docs/IO_LIST_20260928.md it exists only in the HT9050 tree V910_HT9050 (not on this machine, unverified); adding the object = constant + name line; capacity: MAX_SENSOR_ITEM 820 (max idx 801), MaxCylinderItem 295 (max idx 294, 0 spare), MAX_SWITCH_ITEM 372 (max idx 370)	tool-derived (IO_Table.csv row vs golden/port SW[] registration diff; no body read)
E-IO-004	IO_ROW_NO_OBJECT	C_Auto1EdgePushOff	none: golden 906 and V912 define no Cylinder named C_Auto1EdgePushOff (nearest golden name: C_Auto1EdgePush)	ABSENT: no const in cmydef.cpp and no registration in cinitial.cpp InitialSwitchName:1127 / InitialSensorName:1747 / InitialCylinderName:7703 (s1_iomatch2.py name-only match over 333 SW + 790 Sen + 260 Cyl names); IO row machines/HT9050/IO_Table.csv:48	valve output row 48 (C_Auto1EdgePushOff, Enable=1) has no TMyCylinder object: no flow can push/pull it; only the raw-row web IO button can	IO_OUT	90	IDENTS=C_Auto1EdgePushOff; family=second coil "<Cyl>Off" of an existing golden cylinder; Enable=1; the FLOW that would use it is not in golden 906/912 -- per docs/IO_LIST_20260928.md it exists only in the HT9050 tree V910_HT9050 (not on this machine, unverified); adding the object = constant + name line; capacity: MAX_SENSOR_ITEM 820 (max idx 801), MaxCylinderItem 295 (max idx 294, 0 spare), MAX_SWITCH_ITEM 372 (max idx 370)	tool-derived (IO_Table.csv row vs golden/port SW[] registration diff; no body read)
E-IO-005	IO_ROW_NO_OBJECT	C_Auto2EdgePushOff	none: golden 906 and V912 define no Cylinder named C_Auto2EdgePushOff (nearest golden name: C_Auto2EdgePush)	ABSENT: no const in cmydef.cpp and no registration in cinitial.cpp InitialSwitchName:1127 / InitialSensorName:1747 / InitialCylinderName:7703 (s1_iomatch2.py name-only match over 333 SW + 790 Sen + 260 Cyl names); IO row machines/HT9050/IO_Table.csv:50	valve output row 50 (C_Auto2EdgePushOff, Enable=1) has no TMyCylinder object: no flow can push/pull it; only the raw-row web IO button can	IO_OUT	90	IDENTS=C_Auto2EdgePushOff; family=second coil "<Cyl>Off" of an existing golden cylinder; Enable=1; the FLOW that would use it is not in golden 906/912 -- per docs/IO_LIST_20260928.md it exists only in the HT9050 tree V910_HT9050 (not on this machine, unverified); adding the object = constant + name line; capacity: MAX_SENSOR_ITEM 820 (max idx 801), MaxCylinderItem 295 (max idx 294, 0 spare), MAX_SWITCH_ITEM 372 (max idx 370)	tool-derived (IO_Table.csv row vs golden/port SW[] registration diff; no body read)
E-IO-006	IO_ROW_NO_OBJECT	C_Auto3EdgePushOff	none: golden 906 and V912 define no Cylinder named C_Auto3EdgePushOff (nearest golden name: C_Auto3EdgePush)	ABSENT: no const in cmydef.cpp and no registration in cinitial.cpp InitialSwitchName:1127 / InitialSensorName:1747 / InitialCylinderName:7703 (s1_iomatch2.py name-only match over 333 SW + 790 Sen + 260 Cyl names); IO row machines/HT9050/IO_Table.csv:52	valve output row 52 (C_Auto3EdgePushOff, Enable=1) has no TMyCylinder object: no flow can push/pull it; only the raw-row web IO button can	IO_OUT	90	IDENTS=C_Auto3EdgePushOff; family=second coil "<Cyl>Off" of an existing golden cylinder; Enable=1; the FLOW that would use it is not in golden 906/912 -- per docs/IO_LIST_20260928.md it exists only in the HT9050 tree V910_HT9050 (not on this machine, unverified); adding the object = constant + name line; capacity: MAX_SENSOR_ITEM 820 (max idx 801), MaxCylinderItem 295 (max idx 294, 0 spare), MAX_SWITCH_ITEM 372 (max idx 370)	tool-derived (IO_Table.csv row vs golden/port SW[] registration diff; no body read)
E-IO-007	IO_ROW_NO_OBJECT	C_TrayZ_SelectorOff	none: golden 906 and V912 define no Cylinder named C_TrayZ_SelectorOff (nearest golden name: C_TrayZ_Selector)	ABSENT: no const in cmydef.cpp and no registration in cinitial.cpp InitialSwitchName:1127 / InitialSensorName:1747 / InitialCylinderName:7703 (s1_iomatch2.py name-only match over 333 SW + 790 Sen + 260 Cyl names); IO row machines/HT9050/IO_Table.csv:54	valve output row 54 (C_TrayZ_SelectorOff, Enable=1) has no TMyCylinder object: no flow can push/pull it; only the raw-row web IO button can	IO_OUT	90	IDENTS=C_TrayZ_SelectorOff; family=second coil "<Cyl>Off" of an existing golden cylinder; Enable=1; the FLOW that would use it is not in golden 906/912 -- per docs/IO_LIST_20260928.md it exists only in the HT9050 tree V910_HT9050 (not on this machine, unverified); adding the object = constant + name line; capacity: MAX_SENSOR_ITEM 820 (max idx 801), MaxCylinderItem 295 (max idx 294, 0 spare), MAX_SWITCH_ITEM 372 (max idx 370)	tool-derived (IO_Table.csv row vs golden/port SW[] registration diff; no body read)
E-IO-008	IO_ROW_NO_OBJECT	C_EmptyLoaderZ_SelectOff	none: golden 906 and V912 define no Cylinder named C_EmptyLoaderZ_SelectOff (nearest golden name: C_EmptyLoaderZ_Select)	ABSENT: no const in cmydef.cpp and no registration in cinitial.cpp InitialSwitchName:1127 / InitialSensorName:1747 / InitialCylinderName:7703 (s1_iomatch2.py name-only match over 333 SW + 790 Sen + 260 Cyl names); IO row machines/HT9050/IO_Table.csv:56	valve output row 56 (C_EmptyLoaderZ_SelectOff, Enable=1) has no TMyCylinder object: no flow can push/pull it; only the raw-row web IO button can	IO_OUT	90	IDENTS=C_EmptyLoaderZ_SelectOff; family=second coil "<Cyl>Off" of an existing golden cylinder; Enable=1; the FLOW that would use it is not in golden 906/912 -- per docs/IO_LIST_20260928.md it exists only in the HT9050 tree V910_HT9050 (not on this machine, unverified); adding the object = constant + name line; capacity: MAX_SENSOR_ITEM 820 (max idx 801), MaxCylinderItem 295 (max idx 294, 0 spare), MAX_SWITCH_ITEM 372 (max idx 370)	tool-derived (IO_Table.csv row vs golden/port SW[] registration diff; no body read)
E-IO-009	IO_ROW_NO_OBJECT	C_Load_UpOff	none: golden 906 and V912 define no Cylinder named C_Load_UpOff	ABSENT: no const in cmydef.cpp and no registration in cinitial.cpp InitialSwitchName:1127 / InitialSensorName:1747 / InitialCylinderName:7703 (s1_iomatch2.py name-only match over 333 SW + 790 Sen + 260 Cyl names); IO row machines/HT9050/IO_Table.csv:65	valve output row 65 (C_Load_UpOff, Enable=1) has no TMyCylinder object: no flow can push/pull it; only the raw-row web IO button can	IO_OUT	90	IDENTS=C_Load_UpOff; family=second coil "<Cyl>Off" of an existing golden cylinder; Enable=1; the FLOW that would use it is not in golden 906/912 -- per docs/IO_LIST_20260928.md it exists only in the HT9050 tree V910_HT9050 (not on this machine, unverified); adding the object = constant + name line; capacity: MAX_SENSOR_ITEM 820 (max idx 801), MaxCylinderItem 295 (max idx 294, 0 spare), MAX_SWITCH_ITEM 372 (max idx 370)	tool-derived (IO_Table.csv row vs golden/port SW[] registration diff; no body read)
E-IO-010	IO_ROW_NO_OBJECT	C_Empty_UpOff	none: golden 906 and V912 define no Cylinder named C_Empty_UpOff	ABSENT: no const in cmydef.cpp and no registration in cinitial.cpp InitialSwitchName:1127 / InitialSensorName:1747 / InitialCylinderName:7703 (s1_iomatch2.py name-only match over 333 SW + 790 Sen + 260 Cyl names); IO row machines/HT9050/IO_Table.csv:68	valve output row 68 (C_Empty_UpOff, Enable=1) has no TMyCylinder object: no flow can push/pull it; only the raw-row web IO button can	IO_OUT	90	IDENTS=C_Empty_UpOff; family=second coil "<Cyl>Off" of an existing golden cylinder; Enable=1; the FLOW that would use it is not in golden 906/912 -- per docs/IO_LIST_20260928.md it exists only in the HT9050 tree V910_HT9050 (not on this machine, unverified); adding the object = constant + name line; capacity: MAX_SENSOR_ITEM 820 (max idx 801), MaxCylinderItem 295 (max idx 294, 0 spare), MAX_SWITCH_ITEM 372 (max idx 370)	tool-derived (IO_Table.csv row vs golden/port SW[] registration diff; no body read)
E-IO-011	IO_ROW_NO_OBJECT	C_Auto1_UpOff	none: golden 906 and V912 define no Cylinder named C_Auto1_UpOff	ABSENT: no const in cmydef.cpp and no registration in cinitial.cpp InitialSwitchName:1127 / InitialSensorName:1747 / InitialCylinderName:7703 (s1_iomatch2.py name-only match over 333 SW + 790 Sen + 260 Cyl names); IO row machines/HT9050/IO_Table.csv:77	valve output row 77 (C_Auto1_UpOff, Enable=1) has no TMyCylinder object: no flow can push/pull it; only the raw-row web IO button can	IO_OUT	90	IDENTS=C_Auto1_UpOff; family=second coil "<Cyl>Off" of an existing golden cylinder; Enable=1; the FLOW that would use it is not in golden 906/912 -- per docs/IO_LIST_20260928.md it exists only in the HT9050 tree V910_HT9050 (not on this machine, unverified); adding the object = constant + name line; capacity: MAX_SENSOR_ITEM 820 (max idx 801), MaxCylinderItem 295 (max idx 294, 0 spare), MAX_SWITCH_ITEM 372 (max idx 370)	tool-derived (IO_Table.csv row vs golden/port SW[] registration diff; no body read)
E-IO-012	IO_ROW_NO_OBJECT	C_Auto2_UpOff	none: golden 906 and V912 define no Cylinder named C_Auto2_UpOff	ABSENT: no const in cmydef.cpp and no registration in cinitial.cpp InitialSwitchName:1127 / InitialSensorName:1747 / InitialCylinderName:7703 (s1_iomatch2.py name-only match over 333 SW + 790 Sen + 260 Cyl names); IO row machines/HT9050/IO_Table.csv:79	valve output row 79 (C_Auto2_UpOff, Enable=1) has no TMyCylinder object: no flow can push/pull it; only the raw-row web IO button can	IO_OUT	90	IDENTS=C_Auto2_UpOff; family=second coil "<Cyl>Off" of an existing golden cylinder; Enable=1; the FLOW that would use it is not in golden 906/912 -- per docs/IO_LIST_20260928.md it exists only in the HT9050 tree V910_HT9050 (not on this machine, unverified); adding the object = constant + name line; capacity: MAX_SENSOR_ITEM 820 (max idx 801), MaxCylinderItem 295 (max idx 294, 0 spare), MAX_SWITCH_ITEM 372 (max idx 370)	tool-derived (IO_Table.csv row vs golden/port SW[] registration diff; no body read)
E-IO-013	IO_ROW_NO_OBJECT	C_Auto3_UpOff	none: golden 906 and V912 define no Cylinder named C_Auto3_UpOff	ABSENT: no const in cmydef.cpp and no registration in cinitial.cpp InitialSwitchName:1127 / InitialSensorName:1747 / InitialCylinderName:7703 (s1_iomatch2.py name-only match over 333 SW + 790 Sen + 260 Cyl names); IO row machines/HT9050/IO_Table.csv:81	valve output row 81 (C_Auto3_UpOff, Enable=1) has no TMyCylinder object: no flow can push/pull it; only the raw-row web IO button can	IO_OUT	90	IDENTS=C_Auto3_UpOff; family=second coil "<Cyl>Off" of an existing golden cylinder; Enable=1; the FLOW that would use it is not in golden 906/912 -- per docs/IO_LIST_20260928.md it exists only in the HT9050 tree V910_HT9050 (not on this machine, unverified); adding the object = constant + name line; capacity: MAX_SENSOR_ITEM 820 (max idx 801), MaxCylinderItem 295 (max idx 294, 0 spare), MAX_SWITCH_ITEM 372 (max idx 370)	tool-derived (IO_Table.csv row vs golden/port SW[] registration diff; no body read)
E-IO-014	IO_ROW_NO_OBJECT	C_Auto3LoaderZ_SelectOff	none: golden 906 and V912 define no Cylinder named C_Auto3LoaderZ_SelectOff (nearest golden name: C_Auto3LoaderZ_Select)	ABSENT: no const in cmydef.cpp and no registration in cinitial.cpp InitialSwitchName:1127 / InitialSensorName:1747 / InitialCylinderName:7703 (s1_iomatch2.py name-only match over 333 SW + 790 Sen + 260 Cyl names); IO row machines/HT9050/IO_Table.csv:83	valve output row 83 (C_Auto3LoaderZ_SelectOff, Enable=1) has no TMyCylinder object: no flow can push/pull it; only the raw-row web IO button can	IO_OUT	90	IDENTS=C_Auto3LoaderZ_SelectOff; family=second coil "<Cyl>Off" of an existing golden cylinder; Enable=1; the FLOW that would use it is not in golden 906/912 -- per docs/IO_LIST_20260928.md it exists only in the HT9050 tree V910_HT9050 (not on this machine, unverified); adding the object = constant + name line; capacity: MAX_SENSOR_ITEM 820 (max idx 801), MaxCylinderItem 295 (max idx 294, 0 spare), MAX_SWITCH_ITEM 372 (max idx 370)	tool-derived (IO_Table.csv row vs golden/port SW[] registration diff; no body read)
E-IO-027	IO_ROW_NO_OBJECT	C_SafeDoorIndexLock	none: golden 906 and V912 define no Cylinder named C_SafeDoorIndexLock	ABSENT: no const in cmydef.cpp and no registration in cinitial.cpp InitialSwitchName:1127 / InitialSensorName:1747 / InitialCylinderName:7703 (s1_iomatch2.py name-only match over 333 SW + 790 Sen + 260 Cyl names); IO row machines/HT9050/IO_Table.csv:451	valve output row 451 (C_SafeDoorIndexLock, Enable=1) has no TMyCylinder object: no flow can push/pull it; only the raw-row web IO button can	IO_OUT	90	IDENTS=C_SafeDoorIndexLock; family=other; Enable=1; the FLOW that would use it is not in golden 906/912 -- per docs/IO_LIST_20260928.md it exists only in the HT9050 tree V910_HT9050 (not on this machine, unverified); adding the object = constant + name line; capacity: MAX_SENSOR_ITEM 820 (max idx 801), MaxCylinderItem 295 (max idx 294, 0 spare), MAX_SWITCH_ITEM 372 (max idx 370)	tool-derived (IO_Table.csv row vs golden/port SW[] registration diff; no body read)
E-IO-052	IO_ROW_NO_OBJECT	C_LoaderEdgeClip	none: golden 906 and V912 define no Cylinder named C_LoaderEdgeClip	ABSENT: no const in cmydef.cpp and no registration in cinitial.cpp InitialSwitchName:1127 / InitialSensorName:1747 / InitialCylinderName:7703 (s1_iomatch2.py name-only match over 333 SW + 790 Sen + 260 Cyl names); IO row machines/HT9050/IO_Table.csv:945	valve output row 945 (C_LoaderEdgeClip, Enable=1) has no TMyCylinder object: no flow can push/pull it; only the raw-row web IO button can	IO_OUT	90	IDENTS=C_LoaderEdgeClip; family=EdgeClip (stack edge clamp); Enable=1; the FLOW that would use it is not in golden 906/912 -- per docs/IO_LIST_20260928.md it exists only in the HT9050 tree V910_HT9050 (not on this machine, unverified); adding the object = constant + name line; capacity: MAX_SENSOR_ITEM 820 (max idx 801), MaxCylinderItem 295 (max idx 294, 0 spare), MAX_SWITCH_ITEM 372 (max idx 370)	tool-derived (IO_Table.csv row vs golden/port SW[] registration diff; no body read)
E-IO-053	IO_ROW_NO_OBJECT	C_LoaderEdgeClipOff	none: golden 906 and V912 define no Cylinder named C_LoaderEdgeClipOff	ABSENT: no const in cmydef.cpp and no registration in cinitial.cpp InitialSwitchName:1127 / InitialSensorName:1747 / InitialCylinderName:7703 (s1_iomatch2.py name-only match over 333 SW + 790 Sen + 260 Cyl names); IO row machines/HT9050/IO_Table.csv:946	valve output row 946 (C_LoaderEdgeClipOff, Enable=1) has no TMyCylinder object: no flow can push/pull it; only the raw-row web IO button can	IO_OUT	90	IDENTS=C_LoaderEdgeClipOff; family=EdgeClip (stack edge clamp); Enable=1; the FLOW that would use it is not in golden 906/912 -- per docs/IO_LIST_20260928.md it exists only in the HT9050 tree V910_HT9050 (not on this machine, unverified); adding the object = constant + name line; capacity: MAX_SENSOR_ITEM 820 (max idx 801), MaxCylinderItem 295 (max idx 294, 0 spare), MAX_SWITCH_ITEM 372 (max idx 370)	tool-derived (IO_Table.csv row vs golden/port SW[] registration diff; no body read)
E-IO-061	IO_ROW_NO_OBJECT	C_LoaderDrawerLock	none: golden 906 and V912 define no Cylinder named C_LoaderDrawerLock	ABSENT: no const in cmydef.cpp and no registration in cinitial.cpp InitialSwitchName:1127 / InitialSensorName:1747 / InitialCylinderName:7703 (s1_iomatch2.py name-only match over 333 SW + 790 Sen + 260 Cyl names); IO row machines/HT9050/IO_Table.csv:954	valve output row 954 (C_LoaderDrawerLock, Enable=1) has no TMyCylinder object: no flow can push/pull it; only the raw-row web IO button can	IO_OUT	90	IDENTS=C_LoaderDrawerLock; family=Drawer (stack drawer lock/position sensors); Enable=1; the FLOW that would use it is not in golden 906/912 -- per docs/IO_LIST_20260928.md it exists only in the HT9050 tree V910_HT9050 (not on this machine, unverified); adding the object = constant + name line; capacity: MAX_SENSOR_ITEM 820 (max idx 801), MaxCylinderItem 295 (max idx 294, 0 spare), MAX_SWITCH_ITEM 372 (max idx 370)	tool-derived (IO_Table.csv row vs golden/port SW[] registration diff; no body read)
E-IO-062	IO_ROW_NO_OBJECT	C_LoaderDrawerLockOff	none: golden 906 and V912 define no Cylinder named C_LoaderDrawerLockOff	ABSENT: no const in cmydef.cpp and no registration in cinitial.cpp InitialSwitchName:1127 / InitialSensorName:1747 / InitialCylinderName:7703 (s1_iomatch2.py name-only match over 333 SW + 790 Sen + 260 Cyl names); IO row machines/HT9050/IO_Table.csv:955	valve output row 955 (C_LoaderDrawerLockOff, Enable=1) has no TMyCylinder object: no flow can push/pull it; only the raw-row web IO button can	IO_OUT	90	IDENTS=C_LoaderDrawerLockOff; family=Drawer (stack drawer lock/position sensors); Enable=1; the FLOW that would use it is not in golden 906/912 -- per docs/IO_LIST_20260928.md it exists only in the HT9050 tree V910_HT9050 (not on this machine, unverified); adding the object = constant + name line; capacity: MAX_SENSOR_ITEM 820 (max idx 801), MaxCylinderItem 295 (max idx 294, 0 spare), MAX_SWITCH_ITEM 372 (max idx 370)	tool-derived (IO_Table.csv row vs golden/port SW[] registration diff; no body read)
E-IO-067	IO_ROW_NO_OBJECT	C_Auto1EdgeClip	none: golden 906 and V912 define no Cylinder named C_Auto1EdgeClip	ABSENT: no const in cmydef.cpp and no registration in cinitial.cpp InitialSwitchName:1127 / InitialSensorName:1747 / InitialCylinderName:7703 (s1_iomatch2.py name-only match over 333 SW + 790 Sen + 260 Cyl names); IO row machines/HT9050/IO_Table.csv:960	valve output row 960 (C_Auto1EdgeClip, Enable=1) has no TMyCylinder object: no flow can push/pull it; only the raw-row web IO button can	IO_OUT	90	IDENTS=C_Auto1EdgeClip; family=EdgeClip (stack edge clamp); Enable=1; the FLOW that would use it is not in golden 906/912 -- per docs/IO_LIST_20260928.md it exists only in the HT9050 tree V910_HT9050 (not on this machine, unverified); adding the object = constant + name line; capacity: MAX_SENSOR_ITEM 820 (max idx 801), MaxCylinderItem 295 (max idx 294, 0 spare), MAX_SWITCH_ITEM 372 (max idx 370)	tool-derived (IO_Table.csv row vs golden/port SW[] registration diff; no body read)
E-IO-068	IO_ROW_NO_OBJECT	C_Auto1EdgeClipOff	none: golden 906 and V912 define no Cylinder named C_Auto1EdgeClipOff	ABSENT: no const in cmydef.cpp and no registration in cinitial.cpp InitialSwitchName:1127 / InitialSensorName:1747 / InitialCylinderName:7703 (s1_iomatch2.py name-only match over 333 SW + 790 Sen + 260 Cyl names); IO row machines/HT9050/IO_Table.csv:961	valve output row 961 (C_Auto1EdgeClipOff, Enable=1) has no TMyCylinder object: no flow can push/pull it; only the raw-row web IO button can	IO_OUT	90	IDENTS=C_Auto1EdgeClipOff; family=EdgeClip (stack edge clamp); Enable=1; the FLOW that would use it is not in golden 906/912 -- per docs/IO_LIST_20260928.md it exists only in the HT9050 tree V910_HT9050 (not on this machine, unverified); adding the object = constant + name line; capacity: MAX_SENSOR_ITEM 820 (max idx 801), MaxCylinderItem 295 (max idx 294, 0 spare), MAX_SWITCH_ITEM 372 (max idx 370)	tool-derived (IO_Table.csv row vs golden/port SW[] registration diff; no body read)
E-IO-076	IO_ROW_NO_OBJECT	C_Auto1DrawerLock	none: golden 906 and V912 define no Cylinder named C_Auto1DrawerLock	ABSENT: no const in cmydef.cpp and no registration in cinitial.cpp InitialSwitchName:1127 / InitialSensorName:1747 / InitialCylinderName:7703 (s1_iomatch2.py name-only match over 333 SW + 790 Sen + 260 Cyl names); IO row machines/HT9050/IO_Table.csv:969	valve output row 969 (C_Auto1DrawerLock, Enable=1) has no TMyCylinder object: no flow can push/pull it; only the raw-row web IO button can	IO_OUT	90	IDENTS=C_Auto1DrawerLock; family=Drawer (stack drawer lock/position sensors); Enable=1; the FLOW that would use it is not in golden 906/912 -- per docs/IO_LIST_20260928.md it exists only in the HT9050 tree V910_HT9050 (not on this machine, unverified); adding the object = constant + name line; capacity: MAX_SENSOR_ITEM 820 (max idx 801), MaxCylinderItem 295 (max idx 294, 0 spare), MAX_SWITCH_ITEM 372 (max idx 370)	tool-derived (IO_Table.csv row vs golden/port SW[] registration diff; no body read)
E-IO-077	IO_ROW_NO_OBJECT	C_Auto1DrawerLockOff	none: golden 906 and V912 define no Cylinder named C_Auto1DrawerLockOff	ABSENT: no const in cmydef.cpp and no registration in cinitial.cpp InitialSwitchName:1127 / InitialSensorName:1747 / InitialCylinderName:7703 (s1_iomatch2.py name-only match over 333 SW + 790 Sen + 260 Cyl names); IO row machines/HT9050/IO_Table.csv:970	valve output row 970 (C_Auto1DrawerLockOff, Enable=1) has no TMyCylinder object: no flow can push/pull it; only the raw-row web IO button can	IO_OUT	90	IDENTS=C_Auto1DrawerLockOff; family=Drawer (stack drawer lock/position sensors); Enable=1; the FLOW that would use it is not in golden 906/912 -- per docs/IO_LIST_20260928.md it exists only in the HT9050 tree V910_HT9050 (not on this machine, unverified); adding the object = constant + name line; capacity: MAX_SENSOR_ITEM 820 (max idx 801), MaxCylinderItem 295 (max idx 294, 0 spare), MAX_SWITCH_ITEM 372 (max idx 370)	tool-derived (IO_Table.csv row vs golden/port SW[] registration diff; no body read)
E-IO-081	IO_ROW_NO_OBJECT	C_Auto2EdgeClip	none: golden 906 and V912 define no Cylinder named C_Auto2EdgeClip	ABSENT: no const in cmydef.cpp and no registration in cinitial.cpp InitialSwitchName:1127 / InitialSensorName:1747 / InitialCylinderName:7703 (s1_iomatch2.py name-only match over 333 SW + 790 Sen + 260 Cyl names); IO row machines/HT9050/IO_Table.csv:974	valve output row 974 (C_Auto2EdgeClip, Enable=1) has no TMyCylinder object: no flow can push/pull it; only the raw-row web IO button can	IO_OUT	90	IDENTS=C_Auto2EdgeClip; family=EdgeClip (stack edge clamp); Enable=1; the FLOW that would use it is not in golden 906/912 -- per docs/IO_LIST_20260928.md it exists only in the HT9050 tree V910_HT9050 (not on this machine, unverified); adding the object = constant + name line; capacity: MAX_SENSOR_ITEM 820 (max idx 801), MaxCylinderItem 295 (max idx 294, 0 spare), MAX_SWITCH_ITEM 372 (max idx 370)	tool-derived (IO_Table.csv row vs golden/port SW[] registration diff; no body read)
E-IO-082	IO_ROW_NO_OBJECT	C_Auto2EdgeClipOff	none: golden 906 and V912 define no Cylinder named C_Auto2EdgeClipOff	ABSENT: no const in cmydef.cpp and no registration in cinitial.cpp InitialSwitchName:1127 / InitialSensorName:1747 / InitialCylinderName:7703 (s1_iomatch2.py name-only match over 333 SW + 790 Sen + 260 Cyl names); IO row machines/HT9050/IO_Table.csv:975	valve output row 975 (C_Auto2EdgeClipOff, Enable=1) has no TMyCylinder object: no flow can push/pull it; only the raw-row web IO button can	IO_OUT	90	IDENTS=C_Auto2EdgeClipOff; family=EdgeClip (stack edge clamp); Enable=1; the FLOW that would use it is not in golden 906/912 -- per docs/IO_LIST_20260928.md it exists only in the HT9050 tree V910_HT9050 (not on this machine, unverified); adding the object = constant + name line; capacity: MAX_SENSOR_ITEM 820 (max idx 801), MaxCylinderItem 295 (max idx 294, 0 spare), MAX_SWITCH_ITEM 372 (max idx 370)	tool-derived (IO_Table.csv row vs golden/port SW[] registration diff; no body read)
E-IO-090	IO_ROW_NO_OBJECT	C_Auto2DrawerLock	none: golden 906 and V912 define no Cylinder named C_Auto2DrawerLock	ABSENT: no const in cmydef.cpp and no registration in cinitial.cpp InitialSwitchName:1127 / InitialSensorName:1747 / InitialCylinderName:7703 (s1_iomatch2.py name-only match over 333 SW + 790 Sen + 260 Cyl names); IO row machines/HT9050/IO_Table.csv:983	valve output row 983 (C_Auto2DrawerLock, Enable=1) has no TMyCylinder object: no flow can push/pull it; only the raw-row web IO button can	IO_OUT	90	IDENTS=C_Auto2DrawerLock; family=Drawer (stack drawer lock/position sensors); Enable=1; the FLOW that would use it is not in golden 906/912 -- per docs/IO_LIST_20260928.md it exists only in the HT9050 tree V910_HT9050 (not on this machine, unverified); adding the object = constant + name line; capacity: MAX_SENSOR_ITEM 820 (max idx 801), MaxCylinderItem 295 (max idx 294, 0 spare), MAX_SWITCH_ITEM 372 (max idx 370)	tool-derived (IO_Table.csv row vs golden/port SW[] registration diff; no body read)
E-IO-091	IO_ROW_NO_OBJECT	C_Auto2DrawerLockOff	none: golden 906 and V912 define no Cylinder named C_Auto2DrawerLockOff	ABSENT: no const in cmydef.cpp and no registration in cinitial.cpp InitialSwitchName:1127 / InitialSensorName:1747 / InitialCylinderName:7703 (s1_iomatch2.py name-only match over 333 SW + 790 Sen + 260 Cyl names); IO row machines/HT9050/IO_Table.csv:984	valve output row 984 (C_Auto2DrawerLockOff, Enable=1) has no TMyCylinder object: no flow can push/pull it; only the raw-row web IO button can	IO_OUT	90	IDENTS=C_Auto2DrawerLockOff; family=Drawer (stack drawer lock/position sensors); Enable=1; the FLOW that would use it is not in golden 906/912 -- per docs/IO_LIST_20260928.md it exists only in the HT9050 tree V910_HT9050 (not on this machine, unverified); adding the object = constant + name line; capacity: MAX_SENSOR_ITEM 820 (max idx 801), MaxCylinderItem 295 (max idx 294, 0 spare), MAX_SWITCH_ITEM 372 (max idx 370)	tool-derived (IO_Table.csv row vs golden/port SW[] registration diff; no body read)
E-IO-095	IO_ROW_NO_OBJECT	C_Auto3EdgeClip	none: golden 906 and V912 define no Cylinder named C_Auto3EdgeClip	ABSENT: no const in cmydef.cpp and no registration in cinitial.cpp InitialSwitchName:1127 / InitialSensorName:1747 / InitialCylinderName:7703 (s1_iomatch2.py name-only match over 333 SW + 790 Sen + 260 Cyl names); IO row machines/HT9050/IO_Table.csv:988	valve output row 988 (C_Auto3EdgeClip, Enable=1) has no TMyCylinder object: no flow can push/pull it; only the raw-row web IO button can	IO_OUT	90	IDENTS=C_Auto3EdgeClip; family=EdgeClip (stack edge clamp); Enable=1; the FLOW that would use it is not in golden 906/912 -- per docs/IO_LIST_20260928.md it exists only in the HT9050 tree V910_HT9050 (not on this machine, unverified); adding the object = constant + name line; capacity: MAX_SENSOR_ITEM 820 (max idx 801), MaxCylinderItem 295 (max idx 294, 0 spare), MAX_SWITCH_ITEM 372 (max idx 370)	tool-derived (IO_Table.csv row vs golden/port SW[] registration diff; no body read)
E-IO-096	IO_ROW_NO_OBJECT	C_Auto3EdgeClipOff	none: golden 906 and V912 define no Cylinder named C_Auto3EdgeClipOff	ABSENT: no const in cmydef.cpp and no registration in cinitial.cpp InitialSwitchName:1127 / InitialSensorName:1747 / InitialCylinderName:7703 (s1_iomatch2.py name-only match over 333 SW + 790 Sen + 260 Cyl names); IO row machines/HT9050/IO_Table.csv:989	valve output row 989 (C_Auto3EdgeClipOff, Enable=1) has no TMyCylinder object: no flow can push/pull it; only the raw-row web IO button can	IO_OUT	90	IDENTS=C_Auto3EdgeClipOff; family=EdgeClip (stack edge clamp); Enable=1; the FLOW that would use it is not in golden 906/912 -- per docs/IO_LIST_20260928.md it exists only in the HT9050 tree V910_HT9050 (not on this machine, unverified); adding the object = constant + name line; capacity: MAX_SENSOR_ITEM 820 (max idx 801), MaxCylinderItem 295 (max idx 294, 0 spare), MAX_SWITCH_ITEM 372 (max idx 370)	tool-derived (IO_Table.csv row vs golden/port SW[] registration diff; no body read)
E-IO-103	IO_ROW_NO_OBJECT	C_Auto3DrawerLock	none: golden 906 and V912 define no Cylinder named C_Auto3DrawerLock	ABSENT: no const in cmydef.cpp and no registration in cinitial.cpp InitialSwitchName:1127 / InitialSensorName:1747 / InitialCylinderName:7703 (s1_iomatch2.py name-only match over 333 SW + 790 Sen + 260 Cyl names); IO row machines/HT9050/IO_Table.csv:996	valve output row 996 (C_Auto3DrawerLock, Enable=1) has no TMyCylinder object: no flow can push/pull it; only the raw-row web IO button can	IO_OUT	90	IDENTS=C_Auto3DrawerLock; family=Drawer (stack drawer lock/position sensors); Enable=1; the FLOW that would use it is not in golden 906/912 -- per docs/IO_LIST_20260928.md it exists only in the HT9050 tree V910_HT9050 (not on this machine, unverified); adding the object = constant + name line; capacity: MAX_SENSOR_ITEM 820 (max idx 801), MaxCylinderItem 295 (max idx 294, 0 spare), MAX_SWITCH_ITEM 372 (max idx 370)	tool-derived (IO_Table.csv row vs golden/port SW[] registration diff; no body read)
E-IO-104	IO_ROW_NO_OBJECT	C_Auto3DrawerLockOff	none: golden 906 and V912 define no Cylinder named C_Auto3DrawerLockOff	ABSENT: no const in cmydef.cpp and no registration in cinitial.cpp InitialSwitchName:1127 / InitialSensorName:1747 / InitialCylinderName:7703 (s1_iomatch2.py name-only match over 333 SW + 790 Sen + 260 Cyl names); IO row machines/HT9050/IO_Table.csv:997	valve output row 997 (C_Auto3DrawerLockOff, Enable=1) has no TMyCylinder object: no flow can push/pull it; only the raw-row web IO button can	IO_OUT	90	IDENTS=C_Auto3DrawerLockOff; family=Drawer (stack drawer lock/position sensors); Enable=1; the FLOW that would use it is not in golden 906/912 -- per docs/IO_LIST_20260928.md it exists only in the HT9050 tree V910_HT9050 (not on this machine, unverified); adding the object = constant + name line; capacity: MAX_SENSOR_ITEM 820 (max idx 801), MaxCylinderItem 295 (max idx 294, 0 spare), MAX_SWITCH_ITEM 372 (max idx 370)	tool-derived (IO_Table.csv row vs golden/port SW[] registration diff; no body read)
E-IO-108	IO_ROW_NO_OBJECT	C_EmptyEdgeClip	none: golden 906 and V912 define no Cylinder named C_EmptyEdgeClip	ABSENT: no const in cmydef.cpp and no registration in cinitial.cpp InitialSwitchName:1127 / InitialSensorName:1747 / InitialCylinderName:7703 (s1_iomatch2.py name-only match over 333 SW + 790 Sen + 260 Cyl names); IO row machines/HT9050/IO_Table.csv:1001	valve output row 1001 (C_EmptyEdgeClip, Enable=1) has no TMyCylinder object: no flow can push/pull it; only the raw-row web IO button can	IO_OUT	90	IDENTS=C_EmptyEdgeClip; family=EdgeClip (stack edge clamp); Enable=1; the FLOW that would use it is not in golden 906/912 -- per docs/IO_LIST_20260928.md it exists only in the HT9050 tree V910_HT9050 (not on this machine, unverified); adding the object = constant + name line; capacity: MAX_SENSOR_ITEM 820 (max idx 801), MaxCylinderItem 295 (max idx 294, 0 spare), MAX_SWITCH_ITEM 372 (max idx 370)	tool-derived (IO_Table.csv row vs golden/port SW[] registration diff; no body read)
E-IO-109	IO_ROW_NO_OBJECT	C_EmptyEdgeClipOff	none: golden 906 and V912 define no Cylinder named C_EmptyEdgeClipOff	ABSENT: no const in cmydef.cpp and no registration in cinitial.cpp InitialSwitchName:1127 / InitialSensorName:1747 / InitialCylinderName:7703 (s1_iomatch2.py name-only match over 333 SW + 790 Sen + 260 Cyl names); IO row machines/HT9050/IO_Table.csv:1002	valve output row 1002 (C_EmptyEdgeClipOff, Enable=1) has no TMyCylinder object: no flow can push/pull it; only the raw-row web IO button can	IO_OUT	90	IDENTS=C_EmptyEdgeClipOff; family=EdgeClip (stack edge clamp); Enable=1; the FLOW that would use it is not in golden 906/912 -- per docs/IO_LIST_20260928.md it exists only in the HT9050 tree V910_HT9050 (not on this machine, unverified); adding the object = constant + name line; capacity: MAX_SENSOR_ITEM 820 (max idx 801), MaxCylinderItem 295 (max idx 294, 0 spare), MAX_SWITCH_ITEM 372 (max idx 370)	tool-derived (IO_Table.csv row vs golden/port SW[] registration diff; no body read)
E-IO-114	IO_ROW_NO_OBJECT	C_EmptyEdgePushOff	none: golden 906 and V912 define no Cylinder named C_EmptyEdgePushOff (nearest golden name: C_EmptyEdgePush)	ABSENT: no const in cmydef.cpp and no registration in cinitial.cpp InitialSwitchName:1127 / InitialSensorName:1747 / InitialCylinderName:7703 (s1_iomatch2.py name-only match over 333 SW + 790 Sen + 260 Cyl names); IO row machines/HT9050/IO_Table.csv:1008	valve output row 1008 (C_EmptyEdgePushOff, Enable=1) has no TMyCylinder object: no flow can push/pull it; only the raw-row web IO button can	IO_OUT	90	IDENTS=C_EmptyEdgePushOff; family=second coil "<Cyl>Off" of an existing golden cylinder; Enable=1; the FLOW that would use it is not in golden 906/912 -- per docs/IO_LIST_20260928.md it exists only in the HT9050 tree V910_HT9050 (not on this machine, unverified); adding the object = constant + name line; capacity: MAX_SENSOR_ITEM 820 (max idx 801), MaxCylinderItem 295 (max idx 294, 0 spare), MAX_SWITCH_ITEM 372 (max idx 370)	tool-derived (IO_Table.csv row vs golden/port SW[] registration diff; no body read)
E-IO-120	IO_ROW_NO_OBJECT	C_EmptyDrawerLock	none: golden 906 and V912 define no Cylinder named C_EmptyDrawerLock	ABSENT: no const in cmydef.cpp and no registration in cinitial.cpp InitialSwitchName:1127 / InitialSensorName:1747 / InitialCylinderName:7703 (s1_iomatch2.py name-only match over 333 SW + 790 Sen + 260 Cyl names); IO row machines/HT9050/IO_Table.csv:1016	valve output row 1016 (C_EmptyDrawerLock, Enable=1) has no TMyCylinder object: no flow can push/pull it; only the raw-row web IO button can	IO_OUT	90	IDENTS=C_EmptyDrawerLock; family=Drawer (stack drawer lock/position sensors); Enable=1; the FLOW that would use it is not in golden 906/912 -- per docs/IO_LIST_20260928.md it exists only in the HT9050 tree V910_HT9050 (not on this machine, unverified); adding the object = constant + name line; capacity: MAX_SENSOR_ITEM 820 (max idx 801), MaxCylinderItem 295 (max idx 294, 0 spare), MAX_SWITCH_ITEM 372 (max idx 370)	tool-derived (IO_Table.csv row vs golden/port SW[] registration diff; no body read)
E-IO-121	IO_ROW_NO_OBJECT	C_EmptyDrawerLockOff	none: golden 906 and V912 define no Cylinder named C_EmptyDrawerLockOff	ABSENT: no const in cmydef.cpp and no registration in cinitial.cpp InitialSwitchName:1127 / InitialSensorName:1747 / InitialCylinderName:7703 (s1_iomatch2.py name-only match over 333 SW + 790 Sen + 260 Cyl names); IO row machines/HT9050/IO_Table.csv:1017	valve output row 1017 (C_EmptyDrawerLockOff, Enable=1) has no TMyCylinder object: no flow can push/pull it; only the raw-row web IO button can	IO_OUT	90	IDENTS=C_EmptyDrawerLockOff; family=Drawer (stack drawer lock/position sensors); Enable=1; the FLOW that would use it is not in golden 906/912 -- per docs/IO_LIST_20260928.md it exists only in the HT9050 tree V910_HT9050 (not on this machine, unverified); adding the object = constant + name line; capacity: MAX_SENSOR_ITEM 820 (max idx 801), MaxCylinderItem 295 (max idx 294, 0 spare), MAX_SWITCH_ITEM 372 (max idx 370)	tool-derived (IO_Table.csv row vs golden/port SW[] registration diff; no body read)
E-IO-125	IO_ROW_NO_OBJECT	C_InPnPDrop1	none: golden 906 and V912 define no Cylinder named C_InPnPDrop1	ABSENT: no const in cmydef.cpp and no registration in cinitial.cpp InitialSwitchName:1127 / InitialSensorName:1747 / InitialCylinderName:7703 (s1_iomatch2.py name-only match over 333 SW + 790 Sen + 260 Cyl names); IO row machines/HT9050/IO_Table.csv:1021	valve output row 1021 (C_InPnPDrop1, Enable=1) has no TMyCylinder object: no flow can push/pull it; only the raw-row web IO button can	IO_OUT	90	IDENTS=C_InPnPDrop1; family=PnPDrop cylinders; Enable=1; the FLOW that would use it is not in golden 906/912 -- per docs/IO_LIST_20260928.md it exists only in the HT9050 tree V910_HT9050 (not on this machine, unverified); adding the object = constant + name line; capacity: MAX_SENSOR_ITEM 820 (max idx 801), MaxCylinderItem 295 (max idx 294, 0 spare), MAX_SWITCH_ITEM 372 (max idx 370)	tool-derived (IO_Table.csv row vs golden/port SW[] registration diff; no body read)
E-IO-128	IO_ROW_NO_OBJECT	C_InPnPDrop2	none: golden 906 and V912 define no Cylinder named C_InPnPDrop2	ABSENT: no const in cmydef.cpp and no registration in cinitial.cpp InitialSwitchName:1127 / InitialSensorName:1747 / InitialCylinderName:7703 (s1_iomatch2.py name-only match over 333 SW + 790 Sen + 260 Cyl names); IO row machines/HT9050/IO_Table.csv:1024	valve output row 1024 (C_InPnPDrop2, Enable=1) has no TMyCylinder object: no flow can push/pull it; only the raw-row web IO button can	IO_OUT	90	IDENTS=C_InPnPDrop2; family=PnPDrop cylinders; Enable=1; the FLOW that would use it is not in golden 906/912 -- per docs/IO_LIST_20260928.md it exists only in the HT9050 tree V910_HT9050 (not on this machine, unverified); adding the object = constant + name line; capacity: MAX_SENSOR_ITEM 820 (max idx 801), MaxCylinderItem 295 (max idx 294, 0 spare), MAX_SWITCH_ITEM 372 (max idx 370)	tool-derived (IO_Table.csv row vs golden/port SW[] registration diff; no body read)
E-IO-131	IO_ROW_NO_OBJECT	C_InPnPDrop3	none: golden 906 and V912 define no Cylinder named C_InPnPDrop3	ABSENT: no const in cmydef.cpp and no registration in cinitial.cpp InitialSwitchName:1127 / InitialSensorName:1747 / InitialCylinderName:7703 (s1_iomatch2.py name-only match over 333 SW + 790 Sen + 260 Cyl names); IO row machines/HT9050/IO_Table.csv:1027	valve output row 1027 (C_InPnPDrop3, Enable=1) has no TMyCylinder object: no flow can push/pull it; only the raw-row web IO button can	IO_OUT	90	IDENTS=C_InPnPDrop3; family=PnPDrop cylinders; Enable=1; the FLOW that would use it is not in golden 906/912 -- per docs/IO_LIST_20260928.md it exists only in the HT9050 tree V910_HT9050 (not on this machine, unverified); adding the object = constant + name line; capacity: MAX_SENSOR_ITEM 820 (max idx 801), MaxCylinderItem 295 (max idx 294, 0 spare), MAX_SWITCH_ITEM 372 (max idx 370)	tool-derived (IO_Table.csv row vs golden/port SW[] registration diff; no body read)
E-IO-134	IO_ROW_NO_OBJECT	C_InPnPDrop4	none: golden 906 and V912 define no Cylinder named C_InPnPDrop4	ABSENT: no const in cmydef.cpp and no registration in cinitial.cpp InitialSwitchName:1127 / InitialSensorName:1747 / InitialCylinderName:7703 (s1_iomatch2.py name-only match over 333 SW + 790 Sen + 260 Cyl names); IO row machines/HT9050/IO_Table.csv:1030	valve output row 1030 (C_InPnPDrop4, Enable=1) has no TMyCylinder object: no flow can push/pull it; only the raw-row web IO button can	IO_OUT	90	IDENTS=C_InPnPDrop4; family=PnPDrop cylinders; Enable=1; the FLOW that would use it is not in golden 906/912 -- per docs/IO_LIST_20260928.md it exists only in the HT9050 tree V910_HT9050 (not on this machine, unverified); adding the object = constant + name line; capacity: MAX_SENSOR_ITEM 820 (max idx 801), MaxCylinderItem 295 (max idx 294, 0 spare), MAX_SWITCH_ITEM 372 (max idx 370)	tool-derived (IO_Table.csv row vs golden/port SW[] registration diff; no body read)
E-IO-137	IO_ROW_NO_OBJECT	C_OutPnPDrop1	none: golden 906 and V912 define no Cylinder named C_OutPnPDrop1	ABSENT: no const in cmydef.cpp and no registration in cinitial.cpp InitialSwitchName:1127 / InitialSensorName:1747 / InitialCylinderName:7703 (s1_iomatch2.py name-only match over 333 SW + 790 Sen + 260 Cyl names); IO row machines/HT9050/IO_Table.csv:1033	valve output row 1033 (C_OutPnPDrop1, Enable=1) has no TMyCylinder object: no flow can push/pull it; only the raw-row web IO button can	IO_OUT	90	IDENTS=C_OutPnPDrop1; family=PnPDrop cylinders; Enable=1; the FLOW that would use it is not in golden 906/912 -- per docs/IO_LIST_20260928.md it exists only in the HT9050 tree V910_HT9050 (not on this machine, unverified); adding the object = constant + name line; capacity: MAX_SENSOR_ITEM 820 (max idx 801), MaxCylinderItem 295 (max idx 294, 0 spare), MAX_SWITCH_ITEM 372 (max idx 370)	tool-derived (IO_Table.csv row vs golden/port SW[] registration diff; no body read)
E-IO-140	IO_ROW_NO_OBJECT	C_OutPnPDrop2	none: golden 906 and V912 define no Cylinder named C_OutPnPDrop2	ABSENT: no const in cmydef.cpp and no registration in cinitial.cpp InitialSwitchName:1127 / InitialSensorName:1747 / InitialCylinderName:7703 (s1_iomatch2.py name-only match over 333 SW + 790 Sen + 260 Cyl names); IO row machines/HT9050/IO_Table.csv:1036	valve output row 1036 (C_OutPnPDrop2, Enable=1) has no TMyCylinder object: no flow can push/pull it; only the raw-row web IO button can	IO_OUT	90	IDENTS=C_OutPnPDrop2; family=PnPDrop cylinders; Enable=1; the FLOW that would use it is not in golden 906/912 -- per docs/IO_LIST_20260928.md it exists only in the HT9050 tree V910_HT9050 (not on this machine, unverified); adding the object = constant + name line; capacity: MAX_SENSOR_ITEM 820 (max idx 801), MaxCylinderItem 295 (max idx 294, 0 spare), MAX_SWITCH_ITEM 372 (max idx 370)	tool-derived (IO_Table.csv row vs golden/port SW[] registration diff; no body read)
E-IO-143	IO_ROW_NO_OBJECT	C_OutPnPDrop3	none: golden 906 and V912 define no Cylinder named C_OutPnPDrop3	ABSENT: no const in cmydef.cpp and no registration in cinitial.cpp InitialSwitchName:1127 / InitialSensorName:1747 / InitialCylinderName:7703 (s1_iomatch2.py name-only match over 333 SW + 790 Sen + 260 Cyl names); IO row machines/HT9050/IO_Table.csv:1039	valve output row 1039 (C_OutPnPDrop3, Enable=1) has no TMyCylinder object: no flow can push/pull it; only the raw-row web IO button can	IO_OUT	90	IDENTS=C_OutPnPDrop3; family=PnPDrop cylinders; Enable=1; the FLOW that would use it is not in golden 906/912 -- per docs/IO_LIST_20260928.md it exists only in the HT9050 tree V910_HT9050 (not on this machine, unverified); adding the object = constant + name line; capacity: MAX_SENSOR_ITEM 820 (max idx 801), MaxCylinderItem 295 (max idx 294, 0 spare), MAX_SWITCH_ITEM 372 (max idx 370)	tool-derived (IO_Table.csv row vs golden/port SW[] registration diff; no body read)
E-IO-146	IO_ROW_NO_OBJECT	C_OutPnPDrop4	none: golden 906 and V912 define no Cylinder named C_OutPnPDrop4	ABSENT: no const in cmydef.cpp and no registration in cinitial.cpp InitialSwitchName:1127 / InitialSensorName:1747 / InitialCylinderName:7703 (s1_iomatch2.py name-only match over 333 SW + 790 Sen + 260 Cyl names); IO row machines/HT9050/IO_Table.csv:1042	valve output row 1042 (C_OutPnPDrop4, Enable=1) has no TMyCylinder object: no flow can push/pull it; only the raw-row web IO button can	IO_OUT	90	IDENTS=C_OutPnPDrop4; family=PnPDrop cylinders; Enable=1; the FLOW that would use it is not in golden 906/912 -- per docs/IO_LIST_20260928.md it exists only in the HT9050 tree V910_HT9050 (not on this machine, unverified); adding the object = constant + name line; capacity: MAX_SENSOR_ITEM 820 (max idx 801), MaxCylinderItem 295 (max idx 294, 0 spare), MAX_SWITCH_ITEM 372 (max idx 370)	tool-derived (IO_Table.csv row vs golden/port SW[] registration diff; no body read)
E-IO-153	IO_ROW_NO_OBJECT	C_OutArmSmallY	none: golden 906 and V912 define no Cylinder named C_OutArmSmallY	ABSENT: no const in cmydef.cpp and no registration in cinitial.cpp InitialSwitchName:1127 / InitialSensorName:1747 / InitialCylinderName:7703 (s1_iomatch2.py name-only match over 333 SW + 790 Sen + 260 Cyl names); IO row machines/HT9050/IO_Table.csv:1055	valve output row 1055 (C_OutArmSmallY, Enable=1) has no TMyCylinder object: no flow can push/pull it; only the raw-row web IO button can	IO_OUT	90	IDENTS=C_OutArmSmallY; family=OutArmSmallY; Enable=1; the FLOW that would use it is not in golden 906/912 -- per docs/IO_LIST_20260928.md it exists only in the HT9050 tree V910_HT9050 (not on this machine, unverified); adding the object = constant + name line; capacity: MAX_SENSOR_ITEM 820 (max idx 801), MaxCylinderItem 295 (max idx 294, 0 spare), MAX_SWITCH_ITEM 372 (max idx 370)	tool-derived (IO_Table.csv row vs golden/port SW[] registration diff; no body read)
E-IO-157	IO_ROW_NO_OBJECT	C_CleanPanel	none: golden 906 and V912 define no Cylinder named C_CleanPanel	ABSENT: no const in cmydef.cpp and no registration in cinitial.cpp InitialSwitchName:1127 / InitialSensorName:1747 / InitialCylinderName:7703 (s1_iomatch2.py name-only match over 333 SW + 790 Sen + 260 Cyl names); IO row machines/HT9050/IO_Table.csv:1061	valve output row 1061 (C_CleanPanel, Enable=1) has no TMyCylinder object: no flow can push/pull it; only the raw-row web IO button can	IO_OUT	90	IDENTS=C_CleanPanel; family=CleanPanel; Enable=1; the FLOW that would use it is not in golden 906/912 -- per docs/IO_LIST_20260928.md it exists only in the HT9050 tree V910_HT9050 (not on this machine, unverified); adding the object = constant + name line; capacity: MAX_SENSOR_ITEM 820 (max idx 801), MaxCylinderItem 295 (max idx 294, 0 spare), MAX_SWITCH_ITEM 372 (max idx 370)	tool-derived (IO_Table.csv row vs golden/port SW[] registration diff; no body read)
E-IO-158	IO_ROW_NO_OBJECT	C_CleanPanelOff	none: golden 906 and V912 define no Cylinder named C_CleanPanelOff	ABSENT: no const in cmydef.cpp and no registration in cinitial.cpp InitialSwitchName:1127 / InitialSensorName:1747 / InitialCylinderName:7703 (s1_iomatch2.py name-only match over 333 SW + 790 Sen + 260 Cyl names); IO row machines/HT9050/IO_Table.csv:1062	valve output row 1062 (C_CleanPanelOff, Enable=1) has no TMyCylinder object: no flow can push/pull it; only the raw-row web IO button can	IO_OUT	90	IDENTS=C_CleanPanelOff; family=CleanPanel; Enable=1; the FLOW that would use it is not in golden 906/912 -- per docs/IO_LIST_20260928.md it exists only in the HT9050 tree V910_HT9050 (not on this machine, unverified); adding the object = constant + name line; capacity: MAX_SENSOR_ITEM 820 (max idx 801), MaxCylinderItem 295 (max idx 294, 0 spare), MAX_SWITCH_ITEM 372 (max idx 370)	tool-derived (IO_Table.csv row vs golden/port SW[] registration diff; no body read)
E-IO-163	IO_ROW_NO_OBJECT	C_MobileTrayTableSelect	none: golden 906 and V912 define no Cylinder named C_MobileTrayTableSelect	ABSENT: no const in cmydef.cpp and no registration in cinitial.cpp InitialSwitchName:1127 / InitialSensorName:1747 / InitialCylinderName:7703 (s1_iomatch2.py name-only match over 333 SW + 790 Sen + 260 Cyl names); IO row machines/HT9050/IO_Table.csv:1067	valve output row 1067 (C_MobileTrayTableSelect, Enable=1) has no TMyCylinder object: no flow can push/pull it; only the raw-row web IO button can	IO_OUT	90	IDENTS=C_MobileTrayTableSelect; family=MobileTray/MobileCassette table; Enable=1; the FLOW that would use it is not in golden 906/912 -- per docs/IO_LIST_20260928.md it exists only in the HT9050 tree V910_HT9050 (not on this machine, unverified); adding the object = constant + name line; capacity: MAX_SENSOR_ITEM 820 (max idx 801), MaxCylinderItem 295 (max idx 294, 0 spare), MAX_SWITCH_ITEM 372 (max idx 370)	tool-derived (IO_Table.csv row vs golden/port SW[] registration diff; no body read)
E-IO-164	IO_ROW_NO_OBJECT	C_MobileTrayTableSelectOff	none: golden 906 and V912 define no Cylinder named C_MobileTrayTableSelectOff	ABSENT: no const in cmydef.cpp and no registration in cinitial.cpp InitialSwitchName:1127 / InitialSensorName:1747 / InitialCylinderName:7703 (s1_iomatch2.py name-only match over 333 SW + 790 Sen + 260 Cyl names); IO row machines/HT9050/IO_Table.csv:1068	valve output row 1068 (C_MobileTrayTableSelectOff, Enable=1) has no TMyCylinder object: no flow can push/pull it; only the raw-row web IO button can	IO_OUT	90	IDENTS=C_MobileTrayTableSelectOff; family=MobileTray/MobileCassette table; Enable=1; the FLOW that would use it is not in golden 906/912 -- per docs/IO_LIST_20260928.md it exists only in the HT9050 tree V910_HT9050 (not on this machine, unverified); adding the object = constant + name line; capacity: MAX_SENSOR_ITEM 820 (max idx 801), MaxCylinderItem 295 (max idx 294, 0 spare), MAX_SWITCH_ITEM 372 (max idx 370)	tool-derived (IO_Table.csv row vs golden/port SW[] registration diff; no body read)
E-IO-179	IO_ROW_NO_OBJECT	SwCupLight	none: golden 906 and V912 define no Switch named SwCupLight	ABSENT: no const in cmydef.cpp and no registration in cinitial.cpp InitialSwitchName:1127 / InitialSensorName:1747 / InitialCylinderName:7703 (s1_iomatch2.py name-only match over 333 SW + 790 Sen + 260 Cyl names); IO row machines/HT9050/IO_Table.csv:1085	output row 1085 (SwCupLight, Enable=1) cannot be driven by name: no SW[] object; only the raw-row web IO button can actuate it	IO_OUT	90	IDENTS=SwCupLight; family=Switch; Enable=1; the FLOW that would use it is not in golden 906/912 -- per docs/IO_LIST_20260928.md it exists only in the HT9050 tree V910_HT9050 (not on this machine, unverified); adding the object = constant + name line; capacity: MAX_SENSOR_ITEM 820 (max idx 801), MaxCylinderItem 295 (max idx 294, 0 spare), MAX_SWITCH_ITEM 372 (max idx 370)	tool-derived (IO_Table.csv row vs golden/port SW[] registration diff; no body read)
E-IO-181	IO_ROW_NO_OBJECT	SwIndexZBreakerLed	none: golden 906 and V912 define no Switch named SwIndexZBreakerLed	ABSENT: no const in cmydef.cpp and no registration in cinitial.cpp InitialSwitchName:1127 / InitialSensorName:1747 / InitialCylinderName:7703 (s1_iomatch2.py name-only match over 333 SW + 790 Sen + 260 Cyl names); IO row machines/HT9050/IO_Table.csv:1087	output row 1087 (SwIndexZBreakerLed, Enable=1) cannot be driven by name: no SW[] object; only the raw-row web IO button can actuate it	IO_OUT	90	IDENTS=SwIndexZBreakerLed; family=Switch; Enable=1; the FLOW that would use it is not in golden 906/912 -- per docs/IO_LIST_20260928.md it exists only in the HT9050 tree V910_HT9050 (not on this machine, unverified); adding the object = constant + name line; capacity: MAX_SENSOR_ITEM 820 (max idx 801), MaxCylinderItem 295 (max idx 294, 0 spare), MAX_SWITCH_ITEM 372 (max idx 370)	tool-derived (IO_Table.csv row vs golden/port SW[] registration diff; no body read)
E-IO-182	IO_ROW_NO_OBJECT	SwIonBarPower	cmydef.cpp:2081 `const int SwIonBarPower =184;` exists; used main.cpp:17502/:17505 (ESD_Read_ESD_Power_ON/OFF in TimerESDTimer) but InitialSwitchName (cinitial.cpp:1002-1376) has NO SW[SwIonBarPower].Name line	ABSENT (registration): port cmydef.cpp:2085 has the const but cinitial.cpp InitialSwitchName:1127-1512 has no "SwIonBarPower" line, so SW[184].Name=="" and InitialSwitch:1513 skips it; port refs to SwIonBarPower = 0 (s5_objuse)	Ion-bar power relay (IO_Table row 1088, Enable=1) can never be bound or switched; golden has the identical defect (V912 too) so the ESD "power on/off" message from the ESD program also does nothing there	IO_OUT	85	IDENTS=SwIonBarPower; GOLDEN-DEFECT (not a port regression): one-line fix = register the name; needs user ruling (faithful vs fix); the ESD message path itself (TfMain::TimerESDTimer) is also not ported	tool-derived (IO_Table.csv row vs golden/port SW[] registration diff; no body read)
E-T1-012	TIMER_SEGMENT	TfMain::Timer1Timer: SwSafeDoorLock follows SystemStart (INBOX 65)	main.cpp:3051-3064 (jou 2011-12-16, Steven 20120131, jou 20231016 CE PLC)	ABSENT. The only writes are the boot-time error paths: cinitial.cpp:8130 `SW[SwSafeDoorLock].OnOff(false);` (and 8158/8185/8213); nothing locks it while running or releases it after stop (git grep SwSafeDoorLock outside cinitial/cmydef = IO-page aliases only). Tracked as INBOX 65 (NB2 R71 DOOR).	With SAFE_DOOR_LOCK=1 the door-lock solenoid is never energised while the machine runs, never re-released on stop, not released for manual height teach (fContact + CONTACT_MANUAL_GET_HEIGHT), and the CE-PLC non-safe-mode force-lock (Enable_PLCSafety_IO && SnSafeMode off) is never applied.	IO_OUT	85	IDENTS=SwSafeDoorLock;SAFE_DOOR_LOCK;Enable_PLCSafety_IO;SnSafeMode ; INBOX 65 / NB2 R71 / NIGHT_REPORT Q14. Golden's only writes that lock the door are in this block (golden grep SwSafeDoorLock: cinitial error paths OnOff(false) x4 + main.cpp:3055/3062), the port kept exactly the cinitial ones. Dependencies all exist: SAFE_DOOR_LOCK (cmydef.cpp:3186, read from Gerneral.ini by HandlerSys.cpp:216), Enable_PLCSafety_IO (cmydef.cpp:5792), SnSafeMode (cmydef.cpp:1648), fiosetview/fContact via the page table (WebPageTable.cpp), iContactMode, CONTACT_MANUAL_GET_HEIGHT. machines/HT9050 IO_Table.csv:437 has SwSafeDoorLock Enable=1; laptop SAFE_DOOR_LOCK=1. Must also run inside W906_ModalWaitTick (golden box timers call Timer1) and release on PAUSE/alarm (SystemStart false). Safety relevant: arming decision is the user's (20260918 live-ammo ruling applies). V912 changed the PLC clause to IsSafePLCIOInstall(). ; MACHINE_IO[machines/HT9050/IO_Table.csv]: SwSafeDoorLock=Enable1, SnSafeMode=no row	hand-read by sub-agent A (TfMain::Timer1Timer), reviewed and machine-validated (87/87 cites, 72/72 quotes)
E-T1-028	TIMER_SEGMENT	TfMain::Timer1Timer: SocketAirCoolingEnd() - socket air-cooling ON-timer sequencer (SwTesterAirCooling)	main.cpp:3667 (body csystem.cpp:21375-21402; Timer1Timer is the only golden caller; jou 2016-04-28 L03)	NO_CALLER. csystem.cpp:22745 `void SocketAirCoolingEnd()` is defined and labelled ACTIVE/faithful (header comment csystem.cpp:21727), but no caller exists, while its partners are called: ckernel.cpp:2162 `SocketAirCoolingStart();` arms the timers and WebStart.cpp:3459 clears them.	With IniConfig.bL03SocketAirCoolingCT the contact-count-triggered socket air-cooling pulse never turns ON: Start() switches the output OFF and arms SocketAirCoolingTurnOnTimer, and only End() (Timer1) turns SW[SwTesterAirCooling] back ON for dSocketAirCoolingOnTimer; with bL03 false the periodic SW[SwTesterAirCooling].Off() is not applied either.	IO_OUT	85	IDENTS=SocketAirCoolingEnd;SocketAirCoolingStart;SwTesterAirCooling;bL03SocketAirCoolingCT ; Only the caller is missing; dependencies trivial. machines/HT9050 IO_Table has no SwTesterAirCooling row. SIM inert / SHIP live. Timers are seconds-scale, so the 500 ms pump beat is fine. ; MACHINE_IO[machines/HT9050/IO_Table.csv]: SwTesterAirCooling=no row	hand-read by sub-agent A (TfMain::Timer1Timer), reviewed and machine-validated (87/87 cites, 72/72 quotes)
E-T2-008	TIMER_SEGMENT	Timer2Timer / FormShow: heater install table bUT150Install[] never filled -- HotplateHeatMode()/IndexHeatMode()/Index16Heater() untranslated	main.cpp:21582-21642 (per customer/temperature mode: `bUT150Install[...]=...` for UT150 channels, `HotplateHeatMode();` :21601/:21635/:21640, `IndexHeatMode();` :21642; also FormShow main.cpp:10722) -> TfMain::Index16Heater main.cpp:18613-20265 (~1650 lines), IndexHeatMode main.cpp:20266-20742 (477 lines), HotplateHeatMode main.cpp:20743-20847 (105 lines), Tri_Temp_Set_Site main.cpp:34453	ABSENT and DOCUMENTED: JsonBridge/StageThermo.cpp:51 "All-false at runtime, but NOT because there are no writers. Golden V912 " (and :54 "HotplateHeatMode 28, Timer2Timer 18, ctor 1) and main.cpp does not ", :57-58 OpenDUTHeat(bool) "fully translated and marked ACTIVE" but "with zero callers"); `git grep -w -E "IndexHeatMode|HotplateHeatMode|Index16Heater"` = comment mentions only; the only writers of bUT150Install are OpenDUTHeat csystem.cpp:22393-22450 (csystem.cpp:22382 `void OpenDUTHeat(bool Open)`, no caller) and the zero-initialised table cmydef.cpp:3539 `bool bUT150Install[tcTotalCount]={false};`.	every consumer of bUT150Install (bthermo.cpp 15 refs, csystem.cpp 18, Command.cpp 22, uHeaterThread.cpp 7, cTemperFrom.cpp 7, uTemp_Set.cpp 6, TriTemp.cpp 4 ...) sees "no heater channel installed": the per-channel temperature read / compare / alarm / wait logic has no channel to act on in a ship build (the heater thread, E-TH-001, and the UT150 / DT4848 / KT4H drivers, E-RT-007, are separately missing, so the chain is open at three places)	IO_OUT	85	IDENTS0=IndexHeatMode:1;HotplateHeatMode:1;OpenDUTHeat:4; ~2,300 golden lines of pure flag logic (no hardware dependency) -- largest single silent gap of category (e); sibling of E-TH-001 (heater thread absent in SHIP); USE_16_HEATER=0 and Tri_Temp_Machine=0 in this laptop Gerneral.ini	hand-read (golden timer body read; port side by grep; quotes machine-validated)
E-T1-013	TIMER_SEGMENT	TfMain::Timer1Timer: Magazine safe-door locks (SwMagazineSafeDoorLock, SwMagazineSafeDoor2LockOn/Off)	main.cpp:3066-3077 (JerryYang 20220909; Ifor 20240103)	ABSENT. The three switches are only name-bound: cinitial.cpp:1419 `SW[SwMagazineSafeDoorLock].Name="SwMagazineSafeDoorLock";` (1420/1421 the pair); nothing drives them (git grep SwMagazineSafeDoor = cinitial/cmydef/dfm2rc layout only).	With AUTO3_IS_MAGAZINE==1 the magazine door lock never follows SystemStart (locked while running, open when stopped; unlocked while iMagazineStatus!=0 during tray eject) and the complementary Door2 lock On/Off pair is never driven.	IO_OUT	75	IDENTS=SwMagazineSafeDoorLock;SwMagazineSafeDoor2LockOn;SwMagazineSafeDoor2LockOff;AUTO3_IS_MAGAZINE;iMagazineStatus ; Golden gate fiosetview->fShow==false (page table). Dependencies exist (constants 306-308 cmydef.cpp:2229-2231; AUTO3_IS_MAGAZINE read from Gerneral.ini; iMagazineStatus used at acatchtray.cpp:936). machines/HT9050 IO_Table.csv:876 has only SwMagazineSafeDoorLock with Enable=0. V912 adds `|| CUSTOMER_CODE==CC_ASE_SG` to the iMagazineStatus test. Golden's only writers of these switches are main.cpp:3071-3075 (golden grep). Same drive rule as E-T1-012 (second half of INBOX 65). ; MACHINE_IO[machines/HT9050/IO_Table.csv]: SwMagazineSafeDoorLock=Enable0, SwMagazineSafeDoor2LockOn=no row, SwMagazineSafeDoor=no row, SwMagazineSafeDoor2LockOff=no row ; CUSTOMER_SPECIFIC (this laptop CUSTOMER_CODE=957=CC_PTI): CC_ASE_SG	hand-read by sub-agent A (TfMain::Timer1Timer), reviewed and machine-validated (87/87 cites, 72/72 quotes)
E-T1-016	TIMER_SEGMENT	TfMain::Timer1Timer: Index ion fan SwIndexIonFan (ATC_SYSTEM>eATC60): ON while running, OFF when stopped and Index empty	main.cpp:3131-3149 (ion-fan arms 3134-3137 and 3142-3148; dell 2014-05-30)	ABSENT. Only references: cinitial.cpp:1250 `SW[SwIndexIonFan].Name="SwIndexIonFan";` and the close-time OFF list FileRW/MainClose.cpp:1042 `v.push_back(SwOffItem(SwIndexIonFan,`; golden's only drivers are Timer1Timer (3136/3146) and FormClose (11647).	The index ion fan (ATC 6.0+ machines) is never switched ON while the machine runs nor OFF when it idles with an empty Index.	IO_OUT	75	IDENTS=SwIndexIonFan;ATC_SYSTEM;eATC60;IndexHasIC ; Dependencies exist (eATC60 46 hits, ATC_SYSTEM, IndexHasIC 92 hits); gate fiosetview->fShow==false via the page table. machines/HT9050 IO_Table has no SwIndexIonFan row. SIM inert / SHIP live. The btClearCount half of this golden block (3133/3141) is PORTED-equivalent (derived at publish time, cContactCT.cpp:1767). ; MACHINE_IO[machines/HT9050/IO_Table.csv]: SwIndexIonFan=no row, SwOffItem=no row	hand-read by sub-agent A (TfMain::Timer1Timer), reviewed and machine-validated (87/87 cites, 72/72 quotes)
E-T1-017	TIMER_SEGMENT	TfMain::Timer1Timer: 250 ms block - FlushFlag flip (ported) + ProcessKeyFlush panel-lamp flags and button enables (absent) + UpdateMotorHomeLed	main.cpp:3181-3188 (ProcessKeyFlush body main.cpp:4098-4262; UpdateMotorHomeLed main.cpp:14307; only caller)	PARTIAL. FlushFlag flip is ported (WebBridgeTags.cpp:2459 `void W906_FlushFlagTick()`, whose comment itself says ProcessKeyFlush()/UpdateMotorHomeLed() are not in the port). ProcessKeyFlush has no definition and no caller (4 non-test hits, all inside string literals, e.g. FileRW/MainClick.cpp:1698 `golden ProcessKeyFlush main.cpp:4228-4286`). Visible consequence: DoPanelLamp is wired and driven by MainProc (ckernel.cpp:2916 `SW[SwFKStart].OnOff(bLampStart);`) but bLampStart/bLampPause have no writer in normal run/stop - the only writers are the modal-box ones (tools/wb_serve.cpp:7554 `if (IniConfig.bG14UseStartSoundAlarm && bStartMoveSpeed) bLampStart = false;`).	Front/rear panel key lamps never follow the machine state: START lit while running, PAUSE lit while stopped, RESET/HOME/CLEAN OUT/TRAY FEED lamps for iReset/iHome/iCleanOut/iTrayFeed (golden bLampReset/Home/CleanOut/TrayFeed via *lamp[i]), ALARM RESET lamp blinking while the buzzer is on. Also the BtnReset/BtnHome/BtnCleanOut/BtnTrayEnd/BtnAlarmReset enable state by SystemStart/fAllMotorHome/iOneCycle is only re-derived for web clicks (St01 CtlBtnEnabled), not as lamps. UpdateMotorHomeLed is display only.	IO_OUT	75	IDENTS0=UpdateMotorHomeLed:0 ; IDENTS=ProcessKeyFlush;bLampStart;bLampPause;bLampCleanOut;bLampTrayFeed ; DoPanelLamp (ckernel.cpp:2815-3006) exists and is called via DoSystemMessage phase 3 (ckernel.cpp:3080; MainProc and the modal tick), so the lamp OUTPUTS are wired while their inputs are never set. Golden returns early while fNote->fShow || MyMessageBox->fShow (4103-4106) and while BtnPause/BtnStart->Down (no web equivalent). Drive from the 250 ms FlushFlag edge in W906_FlushFlagTick. All globals exist (iCleanOut/iReset/iHome/iTrayFeed, bMotorPowerState, MotorPowerOnDelay, bAlarmBuzzer). machines/HT9050 IO_Table.csv:520-543: SwFK*/SwRK* rows exist with Enable=0, so no visible effect on that rig; other panel-equipped machines yes. SIM inert / SHIP live. ; MACHINE_IO[machines/HT9050/IO_Table.csv]: SwFKStart=Enable0	hand-read by sub-agent A (TfMain::Timer1Timer), reviewed and machine-validated (87/87 cites, 72/72 quotes)
E-SUCK-002	IO_ROW_NO_OBJECT	HT9050 sucker rows are ALL Enable=0 (147/147) -> every sucker/vacuum control on the IO page is grayed exactly as golden grays it	iosetview.cpp:2159 `PBtnPanelLan->Enabled  =pTempSuck->Enable;` (button Enabled = sucker sensor row Enable, iosetview.cpp:2148-2192); golden InitSucker sets `pTempSuck->Enable=true` only when the sensor row has a Port and iEnable==1 (port copy cinitial.cpp:607-617, statement-identical per fdiff)	CONFIG (not a code gap): machines/HT9050/IO_Table.csv sucker rows = 49 Sucker + 49 Sucker_On + 49 Sucker_Off, every one Enable=0 (they carry full 1203 coordinates, e.g. FTestSuckAA Lane 1 IP 64 Port 128 Bit 0 ISABase 3, but Enable=0; stations 32/48/64/65/80/81 not wired: RULINGS_20260929 #11 "硬體還沒接", docs/IO_LIST_20260928.md "吸嘴 147 列全關"). Web page web/page/HW.IoSetView.html: 312 sucker/vacuum-named controls with an Alias (LEDs + On/Off buttons + a few switches) -> 200 bind an IO_Table row, and exactly 1 of those 200 binds an Enabled=1 row (Switch SwDieCleanSuck, not a sucker object); the other 112 carry 16-picker / kit names the table does not have; the port publishes those rows as quality "disabled" (JsonBridge/ChanIoPoints.cpp:86 `if (t == "Sensor" || t == "Cylinder_On" || t == "Cylinder_Off" || t == "Sucker")`)	operators see the whole IO-page Vacuum tab dead: no valve can be toggled and the vacuum LEDs stay dark. This is the most likely reading of EastSun's "suck 部分沒功能" if the machine's live IO_Table is still the versioned one; if the live table has Enable=1 rows, E-SUCK-003/004 apply	IO_OUT	70	IDENTS=InitSucker; ASK EastSun (INBOX 132 step 4): which symptom, and the Enable column of the live system\IO_Table.csv sucker rows; SIM builds additionally force every sucker Enable=false (cinitial.cpp:600-605, golden SOFT_SIMULTE arm) so the engine objects stay off in the default F5 dev build ; MACHINE_IO[machines/HT9050/IO_Table.csv]: SwDieCleanSuck=Enable1	hand-read (golden + port text read; file:line quotes machine-validated)
E-T1-015	TIMER_SEGMENT	TfMain::Timer1Timer: Index-sucker pause pump (ProcessIndexSuckDestroy1/2 do/while while a box is open or paused mid Index Check)	main.cpp:3098-3114 (jou 2011-11-01 / 2012-05-09; Sam 20220902, 20230110; bVaccumDone1/2)	ABSENT. The pump bodies are real (atester_shims.cpp:464 `bool TfiosetviewShim::ProcessIndexSuckDestroy1(int iType)`) and the aTester state machines call them and set the keep-going flag (aTester_Front.cpp:7018 `bIndexCheckNoStopVaccum=true;`), but nothing calls them when a Note/MessageBox is open or after PAUSE: of the Timer1 slices the modal tick runs only tools/wb_serve.cpp:7630 `CheckIndexAllSuckICFallDown(true, true)` (plus FlushFlag and the record counters); the main loop has no caller; every clear of bIndexCheckNoStopVaccum sits inside the running state machines, which stop on PAUSE.	INDEX_SUCKER_TYPE==1 (negative-pressure index): if the operator presses PAUSE in the middle of an Index Check, or an alarm box opens, the suck()/destroy sequences are not driven to completion (golden comments: finish suck() on pause to avoid negative-pressure IC drops; Start<>Stop drop-contact fix); vacuum outputs stay half-done and bIndexCheckNoStopVaccum stays true.	IO_OUT	65	IDENTS=bIndexCheckNoStopVaccum;bVaccumDone1;bVaccumDone2;ProcessIndexSuckDestroy1;ProcessIndexSuckDestroy2 ; Condition: fNote->fShow || MyMessageBox->fShow || (bIndexCheckNoStopVaccum && SystemStart==false); golden do/while spins with MySleepEx(1,true) until both pumps report done (time-bounded by the Suck timers). In the port it must run inside W906_ModalWaitTick (box open) AND in the pump beat (paused arm); a blocking loop in the tick is acceptable only if each pump call returns within its Suck timers (see memory note on blocking ticks). INDEX_SUCKER_TYPE==1 machines only; not SOFT_SIMULTE-gated in golden (SIM: Suck objects disabled anyway).	hand-read by sub-agent A (TfMain::Timer1Timer), reviewed and machine-validated (87/87 cites, 72/72 quotes)
E-CG-001	OTHER	Object-use census: 155 IO objects that golden references in live code and the port never references (Sw 70, Sn 62, Cylinder 23); only 3 of them are wired and enabled in the machine table	whole golden 906 tree, SOFT_SIMULTE undefined (ship polarity): 1,666 objects counted (Sn 728, Sw 344, Mot/MM* 315, Cylinder 279); golden-referenced (excluding .Name= registrations and constant definitions): Sn 487, Sw 227, Cylinder 227	ABSENT x155: referenced in both trees: Sn 425, Sw 157, Cylinder 204; golden-only: Sn 62, Sw 70, Cylinder 23. Machine table cross-check (machines/HT9050/IO_Table.csv, git-tracked copy): 3 wired+Enable=1 (SwBigFan -> E-T2-001; SwCCDZBreaker: its only use is inside a documented gate, uhome.cpp:454 `#if 0 // GATE (W906-HOME-C2-TOPBTMAOI)` and uhome.cpp:460 `SW[SwCCDZBreaker].On();  //Jimmychiu 20240322 : Top & Bottom Inspect`; SwIonBarPower: golden-dead, see notes), 49 in the table with Enable=0, 103 with no table row.	SwBigFan (fan button), SwCCDZBreaker (Top/Bottom AOI breaker, only on USE_Scanner_AOI_Inspection==eBtnAOI_TopBottomInstall machines) and SwIonBarPower (ESD ion-bar power on/off commands, main.cpp:17501-17505) are never driven; the other 152 are either not wired on this machine or not in its table	IO_OUT	60	IDENTS0=SwIonBarPower:2; SwIonBarPower: golden cinitial.cpp has NO `SW[SwIonBarPower].Name=...` line, so the golden calls main.cpp:17502/:17505 are no-ops too (golden defect, do not fix without a ruling); the port defines only the constant (cmydef.cpp:2085). Method: tools s5_objuse.py (identifier references with comments, strings, extern/const definitions and compile-disabled regions removed; array-element indirection counted separately); limitation: references through index arithmetic (SW[base+i]) are invisible, so some of the 155 may be used indirectly (g_ind/p_ind columns count array-initialiser indirection only) ; MACHINE_IO[machines/HT9050/IO_Table.csv]: SwBigFan=Enable1, SwCCDZBreaker=Enable1, SwIonBarPower=Enable1	tool-derived counts + hand-read verdicts (call census / reachability tools, then hand check; quotes machine-validated)
E-SUCK-004	TIMER_SEGMENT	Tfiosetview::Timer1Timer sucker sequencing (bChangeSuckStatus -> mySuckerTemp->Suck()/Destroy()) + Index IC-fall-down/pump block has no driver	iosetview.cpp:159-183 (`if(bChangeSuckStatus==SStatusSuck)` :159, `mySuckerTemp->Suck()` :161, `mySuckerTemp->Destroy()` :170, `if(INDEX_SUCKER_TYPE==1)` :176 -> CheckIndexSuck/ProcessIndexSuckDestroy1/2/CheckIndexAllSuckICFallDown :179-183); set by BtnPanelClick iosetview.cpp:1040 `if(IndexHasIC() && Ptr->Alias.AnsiPos("TestSuck")!=0)`	ABSENT: no Tfiosetview::Timer1Timer in the port (class-scoped 0 definitions; forms/fIoSetView.h S-01 "GATED -- MACHINE ACTION"); JsonBridge/IoBtnPanelClick.cpp:288 `if (indexHasIC && alias.find("TestSuck") != std::string::npos && W906_IO_PAGE_NO_GUARDS) bypassed.push_back(` (else branch refuses with "Index 上有 IC：golden 對 TestSuck 走 Suck()／Destroy() 流程")	with an IC on the Index, turning a TestSuck valve ON/OFF from the IO page cannot follow golden's Suck()/Destroy() sequence (vacuum verify + blow-off/destroy air): the click is either refused or (guards bypassed) becomes a raw DO write with no destroy air, so the IC is not released cleanly; the IO-window IC-fall-down monitor (CheckIndexAllSuckICFallDown while the window is open) does not run	IO_OUT	60	IDENTS=W906_IO_PAGE_NO_GUARDS;bChangeSuckStatus; engine-side Index suck/destroy (ProcessIndexSuckDestroy1/2) IS ported and wired since AI(W906-IDXSUCK) 20260927 (aTester_Front.cpp:207), so only the IO-window driver is missing; needs INDEX_SUCKER_TYPE and sucker rows enabled to matter	hand-read (golden + port text read; file:line quotes machine-validated)
E-T1-005	TIMER_SEGMENT	TfMain::Timer1Timer: SwIonRelay follows the chamber door (SnHeaterDoor2): ion-gun blowing off while the chamber is open	main.cpp:2766-2805 (Ifor 20190114; IonRelayWaitTime 3 s lockouts)	ABSENT. SW[SwIonRelay] is only name-bound: cinitial.cpp:1372 `SW[SwIonRelay].Name="SwIonRelay";` and cmydef.cpp:2200 (constant 281); nothing drives it (git grep -w SwIonRelay = 3 hits, all declarations) and the IonRelayWaitTime timer has 0 definitions.	Ion-gun relay is never switched by the chamber door: golden turns it OFF (3 s lockout) when SnHeaterDoor2 reads off/open and back ON when the door closes, so the ion gun keeps blowing into an open chamber; in the port the output stays wherever IO init left it.	IO_OUT	60	IDENTS0=IonRelayWaitTime:0;SwIonRelay:3 ; IDENTS=SwIonRelay;SnHeaterDoor2;IonRelayWaitTime ; Dependencies exist (SW/Sen constants, TQPF_Timer). Golden gate: SW[SwIonRelay].Enable (IO_Table row with Enable=1); machines/HT9050 IO_Table has no SwIonRelay row. SIM build clears IO Enable, so live in SHIP only. Golden's ONLY driver of SwIonRelay is this block (golden grep: name, constant, and main.cpp:2766-2801 only). No separate ion-bar block exists in this handler. Drive from the pump beat; must also run in W906_ModalWaitTick (golden box timers call Timer1). ; MACHINE_IO[machines/HT9050/IO_Table.csv]: SwIonRelay=no row, SnHeaterDoor2=Enable0	hand-read by sub-agent A (TfMain::Timer1Timer), reviewed and machine-validated (87/87 cites, 72/72 quotes)
E-REG-004	BOOT_GROUP	Tfiosetview::btnReloadClick: IO_Table re-load + re-registration (InitialSwitch/Sensor/InitSucker/InitCylinder/ChangeSite) has no body	iosetview.cpp:1252-1266 (`HSys.LoadIoData(); LoadIoTable(0,0,0); InitialSwitch(); InitialSensor(); InitSucker(); InitCylinder(); ChangeSite();`)	ABSENT: forms/fIoSetView.h:643 `void btnReloadClick(TObject *Sender);` is declared but no `Tfiosetview::btnReloadClick` definition exists; SYSTEM_MODULAR::LoadIoData has one caller (database.cpp:1215 `LoadIoData();`, boot); the web page shows the button (web/page/HW.IoSetView.html id="btnReload" "Reload Sensor & Switch") but its JS binds only sbtReload (bindOnce('sbtReload',...) -> ioLoadAndBind())	editing IO_Table.csv on the running machine cannot be applied: switch/sensor/cylinder/sucker names are bound only at boot; the "Reload Sensor & Switch" button does nothing	IO_OUT	55	IDENTS=btnReloadClick;LoadIoData; class (c)/(e) overlap; the four Initial* functions are safe to re-run (they re-bind by name, golden does it from the same button)	hand-read (golden + port text read; file:line quotes machine-validated)
E-T1-006	TIMER_SEGMENT	TfMain::Timer1Timer: Tester Dry Air switch follows TestIF_File.bUseTesterDry (SwTesterDryAirSwitch, 3 s lockouts)	main.cpp:2809-2856 (Ifor 20200115)	ABSENT for the general (non-TriTemp) path. The only port driver of the switch is the TriTemp controller: TempCtrl/TriTemp.cpp:3142 `SW[SwTesterDryAirSwitch].On();`. The setting itself is live: FileRW/TestIF_File_SetUp.gen.inc:1329 `EL<TCheckBox>("TfSetup", "cbUseTesterDry")->Visible=Sen[SnTesterDryAir].Enable;` and cSetUp.cpp:1188 `TestIF_File.bUseTesterDry=CheckAndReadIniData(szDir, "Configuration", "Use Tester Dry Air", false);`. TesterDryAirRelayWaitTime has 0 definitions.	The "Use Tester Dry Air" setting can be ticked and saved but the dry-air valve is never switched by it on non-TriTemp machines (golden: ON when bUseTesterDry, OFF when not, each with a 3 s guard timer).	IO_OUT	55	IDENTS0=TesterDryAirRelayWaitTime:0 ; IDENTS=SwTesterDryAirSwitch;SnTesterDryAir;bUseTesterDry ; Golden gate: Sen[SnTesterDryAir].Enable && SW[SwTesterDryAirSwitch].Enable. Dependencies exist. Neither row is in machines/HT9050 IO_Table. SIM inert / SHIP live. csystem.cpp:16828 already has the start-time dew-point check (separate golden site). ; MACHINE_IO[machines/HT9050/IO_Table.csv]: SwTesterDryAirSwitch=no row, SnTesterDryAir=no row	hand-read by sub-agent A (TfMain::Timer1Timer), reviewed and machine-validated (87/87 cites, 72/72 quotes)
E-T1-022	TIMER_SEGMENT	TfMain::Timer1Timer: fShowBinSelect->DoShowBinDigital() bin-number panel driver (NUMBER_PANEL_TYPE==2; Timer3 drives the other types)	main.cpp:3439-3440 (golden also Timer3Timer main.cpp:25237-25238 for NUMBER_PANEL_TYPE!=2; body cShowBinSelect.cpp:998-1423)	NO_CALLER. The state machine is ported (cShowBinSelect.cpp:2405 `void TfShowBinSelect::DoShowBinDigital()`, iShowBinDigitalTask, SW[SwLoaderBin+i] pulses) but git grep finds no non-test call site (only the definition and forms/fShowBinSelect.h:1119).	Digital bin display panels (pulse-count LED type 2, colour/TFT types 3/4 via BinDisCtrl) are never refreshed after the initial InitShowBinDigital: bin/tray assignment changes do not reach the panel and the SW[SwLoaderBin+i] pulse sequence never runs.	IO_OUT	55	IDENTS=DoShowBinDigital;iShowBinDigitalTask;bUpdateBinDigital;NUMBER_PANEL_TYPE ; Golden: type 2 -> Timer1 (30 ms), other types -> Timer3Timer main.cpp:25237 (same missing caller, other census scope). Types 3/4 need HSys.BinDisCtrl (database.h:303 opaque/NULL in the port; header gates D7/D8) so confidence is lower for those; the type-2 path needs only SW[] and BinTimer. Timing: the machine uses 0.1 s BinTimer pulses, a 500 ms beat quantises them to 0.5 s - call it from a faster tick or check that the panel counts edges not widths. ; MACHINE_IO[machines/HT9050/IO_Table.csv]: SwLoaderBin=Enable0	hand-read by sub-agent A (TfMain::Timer1Timer), reviewed and machine-validated (87/87 cites, 72/72 quotes)
E-T2-002	TIMER_SEGMENT	Timer2Timer: ProcessCCDLight() (SW[SwCCDLight] on/off) has no caller	main.cpp:20953 `ProcessCCDLight();` -> csystem.cpp:19128-19217 (door-open light for RTC, TCP CCD light, spbLight tag / bD53CCDLightOn timing)	NO_CALLER: csystem.cpp:14466 `void ProcessCCDLight()` is translated and csystem.h:182 declares it, nothing calls it (git grep -w ProcessCCDLight non-comment: definition + declaration only, 2026-10-01); the port admits it: FileRW/MainClick.cpp:1302 "ProcessCCDLight 目前沒有呼叫端（golden 在 Timer2Timer 呼叫）".	the CCD light output never follows heater-door / TCP-CCD / lamp-timeout logic (only the manual light button works)	IO_OUT	55	IDENTS0=ProcessCCDLight:2; inert on this machine: machines/HT9050/IO_Table.csv `Switch,SwCCDLight,0,2,1,2,1,1,0,0` Enable=0, REAL_TIME_CCD=0 and SnHeaterDoor/SnHeaterDoor2 Enable=0 in the same table; D:/HT9045/system/Gerneral.ini (this laptop, Sep 30 14:37) EP_Install=3 NUMBER_PANEL_TYPE=3 CUSTOMER_CODE=957 (=CC_PTI MachineType.h:425) REAL_TIME_CCD=0 ; MACHINE_IO[machines/HT9050/IO_Table.csv]: SwCCDLight=Enable0, SnHeaterDoor=Enable0, SnHeaterDoor2=Enable0	hand-read (golden timer body read; port side by grep; quotes machine-validated)
E-T2-009	TIMER_SEGMENT	Timer2Timer: CheckLBTemp() (LB cooling-air SW[SwLBAir] + over-temperature message) has no caller	main.cpp:21680 `CheckLBTemp();` -> bthermo.cpp:4782-4818 (`if(Temperature.bLBCoolingAirOn==false) return; ... if(UN150Read[tcLB]>Temperature.dLBAirOnTemp) { SW[SwLBAir].On(); ... ShowMyMessage("LB temperature OverHigh Over %d secs")} else SW[SwLBAir].Off();`)	NO_CALLER: bthermo.cpp:5405 `void CheckLBTemp()` and bthermo.h:56 only (git grep -w CheckLBTemp non-comment, 2026-10-01).	the LB (load-board) blow-air valve never follows the LB temperature (Temperature.bLBCoolingAirOn option)	IO_OUT	50	IDENTS0=CheckLBTemp:2; inert here: no SwLBAir row in machines/HT9050/IO_Table.csv; also depends on UN150Read[tcLB] which needs the heater thread (E-TH-001) ; MACHINE_IO[machines/HT9050/IO_Table.csv]: SwLBAir=no row	hand-read (golden timer body read; port side by grep; quotes machine-validated)
E-BOOT-003	BOOT_GROUP	Open_ADAM_6024() (EP DAQ connection) is never called at boot -- the function does not exist in the port	main.cpp:9457 `Open_ADAM_6024();` (golden def 58 statements; also used by the homing flow, uhome.cpp golden around :1492)	ABSENT: Open_ADAM_6024 has 0 definitions in the port; the only mentions are comments (uhome.cpp:1492 "ADAM-6024 類比模組的連線開關" - the homing gate W906-HOME-C2 documents it); the EP output layer behind it is a documented no-op stub (atester_shims.cpp:326-327, see E-T2-003).	the ADAM-6024 analog module (EP regulator / die-force output, read-back) is never connected, so the EP voltage is never written and never read back	IO_OUT	40	IDENTS0=Open_ADAM_6024:0; DEPENDENCY MISSING (ADAMTCP transport binding); this laptop EP_Install=3; root of E-T2-003 / E-T2-004	tool-derived name-level callee census, every U/M item then hand-read
E-T2-003	TIMER_SEGMENT	Timer2Timer: EP (electro-pneumatic regulator) set-point refresh loop + die-force analog output -- no driver AND the ADAM-6024 output layer is a no-op stub	main.cpp:20980-21104 (every tick while not in Contact/IO windows: `DeviceForm.fAireForce=DeviceForm.dPress(+offset)` :20995-20999; double/multi EP `ADAM_DirectWriteData(iInputValue, 0, 0)` :21029-21033; air force `if(fAirForce!=DeviceForm.fAireForce || ct>=10 || bOpenChambo) ... ADAM_WriteVoltage(fAirForce)` :21045-21082 (0 V when bHeaterDoorIsOpen[0/1] and no real IC :21048-21053; AutoClean minimum iEP_Min_KG :21056-21061); SPIL CKD FCM `ADAM_DirectWriteData(iEPControlValue*41, 1)` :21084-21101)	ABSENT + STUB: atester_shims.cpp:326 `void ADAM_DirectWriteData(int /*iData*/, int /*iCh*/, int /*iAdd*/) {}` and :327 `void ADAM_WriteVoltage(double /*dVolt*/)              {}` are empty; atester_shims.h:266 documents "no binding in this tree" (golden body adam6024.cpp lines 1798-1915 writes through ADAMTCP_WriteReg to the ADAM-6024 at Modbus/TCP 172.16.8.110:502) and says the machine HAS the card (HT9050 EP_Install=3); so every call site (WebStart.cpp:3781, aTester_Front.cpp:9184, atester.cpp:1766, AutoClean/AutoClean.cpp:5672 ...) writes nothing, and the periodic refresh has no driver either (no `bOpenChambo`, `DeviceForm.fAireForce` is only set inside the Index test path aTester_Front.cpp:9183).	EP regulator pressure (die force / contact air) is never written on this machine by any path, and the chamber-door-open zero-pressure safety (:21048-21053) and the AutoClean minimum-pressure guard never act	IO_OUT	40	IDENTS0=bOpenChambo:0; DEPENDENCY MISSING (ADAMTCP transport binding) so not fillable by a tick alone -- cross-reference to the stub census (a); on this machine EP_Install=3 (Gerneral.ini) so it matters; FileRW/DeviceForm_File.gen.inc:2720 ELTodo "ADAM_WriteVoltage(DeviceForm.dPress) not done (EP hardware output; ADAM_* are empty stubs"	hand-read (golden timer body read; port side by grep; quotes machine-validated)
E-IO-028	IO_ROW_NO_OBJECT	SwShuttleYibration1	none: golden 906 and V912 define no Switch named SwShuttleYibration1 (nearest golden name: SwShuttleVibration1)	ABSENT: no const in cmydef.cpp and no registration in cinitial.cpp InitialSwitchName:1127 / InitialSensorName:1747 / InitialCylinderName:7703 (s1_iomatch2.py name-only match over 333 SW + 790 Sen + 260 Cyl names); IO row machines/HT9050/IO_Table.csv:672	output row 672 (SwShuttleYibration1, Enable=0) cannot be driven by name: no SW[] object; only the raw-row web IO button can actuate it	IO_OUT	35	IDENTS=SwShuttleYibration1; family=Switch; Enable=0; the FLOW that would use it is not in golden 906/912 -- per docs/IO_LIST_20260928.md it exists only in the HT9050 tree V910_HT9050 (not on this machine, unverified); adding the object = constant + name line; capacity: MAX_SENSOR_ITEM 820 (max idx 801), MaxCylinderItem 295 (max idx 294, 0 spare), MAX_SWITCH_ITEM 372 (max idx 370); Enable=0 => hardware not wired on this machine	tool-derived (IO_Table.csv row vs golden/port SW[] registration diff; no body read)
E-IO-029	IO_ROW_NO_OBJECT	SwShuttleYibration2	none: golden 906 and V912 define no Switch named SwShuttleYibration2 (nearest golden name: SwShuttleVibration2)	ABSENT: no const in cmydef.cpp and no registration in cinitial.cpp InitialSwitchName:1127 / InitialSensorName:1747 / InitialCylinderName:7703 (s1_iomatch2.py name-only match over 333 SW + 790 Sen + 260 Cyl names); IO row machines/HT9050/IO_Table.csv:673	output row 673 (SwShuttleYibration2, Enable=0) cannot be driven by name: no SW[] object; only the raw-row web IO button can actuate it	IO_OUT	35	IDENTS=SwShuttleYibration2; family=Switch; Enable=0; the FLOW that would use it is not in golden 906/912 -- per docs/IO_LIST_20260928.md it exists only in the HT9050 tree V910_HT9050 (not on this machine, unverified); adding the object = constant + name line; capacity: MAX_SENSOR_ITEM 820 (max idx 801), MaxCylinderItem 295 (max idx 294, 0 spare), MAX_SWITCH_ITEM 372 (max idx 370); Enable=0 => hardware not wired on this machine	tool-derived (IO_Table.csv row vs golden/port SW[] registration diff; no body read)
E-IO-050	IO_ROW_NO_OBJECT	SwLightReset	none: golden 906 and V912 define no Switch named SwLightReset	ABSENT: no const in cmydef.cpp and no registration in cinitial.cpp InitialSwitchName:1127 / InitialSensorName:1747 / InitialCylinderName:7703 (s1_iomatch2.py name-only match over 333 SW + 790 Sen + 260 Cyl names); IO row machines/HT9050/IO_Table.csv:907	output row 907 (SwLightReset, Enable=0) cannot be driven by name: no SW[] object; only the raw-row web IO button can actuate it	IO_OUT	35	IDENTS=SwLightReset; family=Switch; Enable=0; the FLOW that would use it is not in golden 906/912 -- per docs/IO_LIST_20260928.md it exists only in the HT9050 tree V910_HT9050 (not on this machine, unverified); adding the object = constant + name line; capacity: MAX_SENSOR_ITEM 820 (max idx 801), MaxCylinderItem 295 (max idx 294, 0 spare), MAX_SWITCH_ITEM 372 (max idx 370); Enable=0 => hardware not wired on this machine	tool-derived (IO_Table.csv row vs golden/port SW[] registration diff; no body read)
E-IO-051	IO_ROW_NO_OBJECT	SwLightSON	none: golden 906 and V912 define no Switch named SwLightSON	ABSENT: no const in cmydef.cpp and no registration in cinitial.cpp InitialSwitchName:1127 / InitialSensorName:1747 / InitialCylinderName:7703 (s1_iomatch2.py name-only match over 333 SW + 790 Sen + 260 Cyl names); IO row machines/HT9050/IO_Table.csv:908	output row 908 (SwLightSON, Enable=0) cannot be driven by name: no SW[] object; only the raw-row web IO button can actuate it	IO_OUT	35	IDENTS=SwLightSON; family=Switch; Enable=0; the FLOW that would use it is not in golden 906/912 -- per docs/IO_LIST_20260928.md it exists only in the HT9050 tree V910_HT9050 (not on this machine, unverified); adding the object = constant + name line; capacity: MAX_SENSOR_ITEM 820 (max idx 801), MaxCylinderItem 295 (max idx 294, 0 spare), MAX_SWITCH_ITEM 372 (max idx 370); Enable=0 => hardware not wired on this machine	tool-derived (IO_Table.csv row vs golden/port SW[] registration diff; no body read)
E-IO-149	IO_ROW_NO_OBJECT	C_Shuttle1FloodgateOff	none: golden 906 and V912 define no Cylinder named C_Shuttle1FloodgateOff (nearest golden name: C_Shuttle1Floodgate)	ABSENT: no const in cmydef.cpp and no registration in cinitial.cpp InitialSwitchName:1127 / InitialSensorName:1747 / InitialCylinderName:7703 (s1_iomatch2.py name-only match over 333 SW + 790 Sen + 260 Cyl names); IO row machines/HT9050/IO_Table.csv:1046	valve output row 1046 (C_Shuttle1FloodgateOff, Enable=0) has no TMyCylinder object: no flow can push/pull it; only the raw-row web IO button can	IO_OUT	35	IDENTS=C_Shuttle1FloodgateOff; family=Floodgate 2nd coil feedback; Enable=0; the FLOW that would use it is not in golden 906/912 -- per docs/IO_LIST_20260928.md it exists only in the HT9050 tree V910_HT9050 (not on this machine, unverified); adding the object = constant + name line; capacity: MAX_SENSOR_ITEM 820 (max idx 801), MaxCylinderItem 295 (max idx 294, 0 spare), MAX_SWITCH_ITEM 372 (max idx 370); Enable=0 => hardware not wired on this machine	tool-derived (IO_Table.csv row vs golden/port SW[] registration diff; no body read)
E-IO-151	IO_ROW_NO_OBJECT	C_OutShuttle1FloodgateOff	none: golden 906 and V912 define no Cylinder named C_OutShuttle1FloodgateOff (nearest golden name: C_OutShuttle1Floodgate)	ABSENT: no const in cmydef.cpp and no registration in cinitial.cpp InitialSwitchName:1127 / InitialSensorName:1747 / InitialCylinderName:7703 (s1_iomatch2.py name-only match over 333 SW + 790 Sen + 260 Cyl names); IO row machines/HT9050/IO_Table.csv:1051	valve output row 1051 (C_OutShuttle1FloodgateOff, Enable=0) has no TMyCylinder object: no flow can push/pull it; only the raw-row web IO button can	IO_OUT	35	IDENTS=C_OutShuttle1FloodgateOff; family=Floodgate 2nd coil feedback; Enable=0; the FLOW that would use it is not in golden 906/912 -- per docs/IO_LIST_20260928.md it exists only in the HT9050 tree V910_HT9050 (not on this machine, unverified); adding the object = constant + name line; capacity: MAX_SENSOR_ITEM 820 (max idx 801), MaxCylinderItem 295 (max idx 294, 0 spare), MAX_SWITCH_ITEM 372 (max idx 370); Enable=0 => hardware not wired on this machine	tool-derived (IO_Table.csv row vs golden/port SW[] registration diff; no body read)
E-IO-156	IO_ROW_NO_OBJECT	C_DieClean	none: golden 906 and V912 define no Cylinder named C_DieClean	ABSENT: no const in cmydef.cpp and no registration in cinitial.cpp InitialSwitchName:1127 / InitialSensorName:1747 / InitialCylinderName:7703 (s1_iomatch2.py name-only match over 333 SW + 790 Sen + 260 Cyl names); IO row machines/HT9050/IO_Table.csv:1058	valve output row 1058 (C_DieClean, Enable=0) has no TMyCylinder object: no flow can push/pull it; only the raw-row web IO button can	IO_OUT	35	IDENTS=C_DieClean; family=other; Enable=0; the FLOW that would use it is not in golden 906/912 -- per docs/IO_LIST_20260928.md it exists only in the HT9050 tree V910_HT9050 (not on this machine, unverified); adding the object = constant + name line; capacity: MAX_SENSOR_ITEM 820 (max idx 801), MaxCylinderItem 295 (max idx 294, 0 spare), MAX_SWITCH_ITEM 372 (max idx 370); Enable=0 => hardware not wired on this machine	tool-derived (IO_Table.csv row vs golden/port SW[] registration diff; no body read)
E-IO-171	IO_ROW_NO_OBJECT	C_MobileCassetteSelect	none: golden 906 and V912 define no Cylinder named C_MobileCassetteSelect	ABSENT: no const in cmydef.cpp and no registration in cinitial.cpp InitialSwitchName:1127 / InitialSensorName:1747 / InitialCylinderName:7703 (s1_iomatch2.py name-only match over 333 SW + 790 Sen + 260 Cyl names); IO row machines/HT9050/IO_Table.csv:1075	valve output row 1075 (C_MobileCassetteSelect, Enable=0) has no TMyCylinder object: no flow can push/pull it; only the raw-row web IO button can	IO_OUT	35	IDENTS=C_MobileCassetteSelect; family=MobileTray/MobileCassette table; Enable=0; the FLOW that would use it is not in golden 906/912 -- per docs/IO_LIST_20260928.md it exists only in the HT9050 tree V910_HT9050 (not on this machine, unverified); adding the object = constant + name line; capacity: MAX_SENSOR_ITEM 820 (max idx 801), MaxCylinderItem 295 (max idx 294, 0 spare), MAX_SWITCH_ITEM 372 (max idx 370); Enable=0 => hardware not wired on this machine	tool-derived (IO_Table.csv row vs golden/port SW[] registration diff; no body read)
E-IO-183	IO_ROW_NO_OBJECT	C_OTD_LeftRight	none: golden 906 and V912 define no Cylinder named C_OTD_LeftRight	ABSENT: no const in cmydef.cpp and no registration in cinitial.cpp InitialSwitchName:1127 / InitialSensorName:1747 / InitialCylinderName:7703 (s1_iomatch2.py name-only match over 333 SW + 790 Sen + 260 Cyl names); IO row machines/HT9050/IO_Table.csv:1089	valve output row 1089 (C_OTD_LeftRight, Enable=0) has no TMyCylinder object: no flow can push/pull it; only the raw-row web IO button can	IO_OUT	35	IDENTS=C_OTD_LeftRight; family=OTD (on-tester docking) valves; Enable=0; the FLOW that would use it is not in golden 906/912 -- per docs/IO_LIST_20260928.md it exists only in the HT9050 tree V910_HT9050 (not on this machine, unverified); adding the object = constant + name line; capacity: MAX_SENSOR_ITEM 820 (max idx 801), MaxCylinderItem 295 (max idx 294, 0 spare), MAX_SWITCH_ITEM 372 (max idx 370); Enable=0 => hardware not wired on this machine	tool-derived (IO_Table.csv row vs golden/port SW[] registration diff; no body read)
E-IO-186	IO_ROW_NO_OBJECT	C_OTD_FrontBack	none: golden 906 and V912 define no Cylinder named C_OTD_FrontBack	ABSENT: no const in cmydef.cpp and no registration in cinitial.cpp InitialSwitchName:1127 / InitialSensorName:1747 / InitialCylinderName:7703 (s1_iomatch2.py name-only match over 333 SW + 790 Sen + 260 Cyl names); IO row machines/HT9050/IO_Table.csv:1092	valve output row 1092 (C_OTD_FrontBack, Enable=0) has no TMyCylinder object: no flow can push/pull it; only the raw-row web IO button can	IO_OUT	35	IDENTS=C_OTD_FrontBack; family=OTD (on-tester docking) valves; Enable=0; the FLOW that would use it is not in golden 906/912 -- per docs/IO_LIST_20260928.md it exists only in the HT9050 tree V910_HT9050 (not on this machine, unverified); adding the object = constant + name line; capacity: MAX_SENSOR_ITEM 820 (max idx 801), MaxCylinderItem 295 (max idx 294, 0 spare), MAX_SWITCH_ITEM 372 (max idx 370); Enable=0 => hardware not wired on this machine	tool-derived (IO_Table.csv row vs golden/port SW[] registration diff; no body read)
E-IO-189	IO_ROW_NO_OBJECT	C_OTD_Valve	none: golden 906 and V912 define no Cylinder named C_OTD_Valve	ABSENT: no const in cmydef.cpp and no registration in cinitial.cpp InitialSwitchName:1127 / InitialSensorName:1747 / InitialCylinderName:7703 (s1_iomatch2.py name-only match over 333 SW + 790 Sen + 260 Cyl names); IO row machines/HT9050/IO_Table.csv:1095	valve output row 1095 (C_OTD_Valve, Enable=0) has no TMyCylinder object: no flow can push/pull it; only the raw-row web IO button can	IO_OUT	35	IDENTS=C_OTD_Valve; family=OTD (on-tester docking) valves; Enable=0; the FLOW that would use it is not in golden 906/912 -- per docs/IO_LIST_20260928.md it exists only in the HT9050 tree V910_HT9050 (not on this machine, unverified); adding the object = constant + name line; capacity: MAX_SENSOR_ITEM 820 (max idx 801), MaxCylinderItem 295 (max idx 294, 0 spare), MAX_SWITCH_ITEM 372 (max idx 370); Enable=0 => hardware not wired on this machine	tool-derived (IO_Table.csv row vs golden/port SW[] registration diff; no body read)
E-SUCK-005	OTHER	btnAllVacuum (arms bIndexSuck/bIndexDestroy for four whole shuttle grids) has no C++ handler	iosetview.cpp:1831-1859 Tfiosetview::btnAllVacuumClick (:684-686 shown/enabled by mode)	ABSENT: forms/fIoSetView.h "(S-06) btnAllVacuumClick   golden :1831-1859 arms bIndexSuck/bIndexDestroy" GATED; web/page/HW.IoSetView.html has `id="btnAllVacuum"` (display:none) but no `io.` command is bound to it (git grep -c "btnAllVacuum" JsonBridge = 0); JsonBridge/IoBtnPanelClick.cpp header (g) `btnAllVacuumClick, ...` records it as unwired	the "all vacuum" test button of the Index vacuum grid does nothing (only relevant on INDEX_SUCKER_TYPE==1 negative-pressure machines with Index suckers enabled)	IO_OUT	35	IDENTS0=btnAllVacuumClick:1; depends on the Timer1Timer driver (E-SUCK-004) to consume bIndexSuck/bIndexDestroy	hand-read (golden + port text read; file:line quotes machine-validated)
E-SUCK-003	OTHER	io.btnPanelClick decides Sucker_On/Sucker_Off by the row's own Enable, golden by the sucker SENSOR row (pTempSuck->Enable)	iosetview.cpp:2148-2192 (SetCompomentIO sucker arm: `PBtnPanelLan->Enabled  =pTempSuck->Enable;` :2159 and :2181)	PARTIAL (documented deviation h): JsonBridge/IoBtnPanelClick.cpp:265 `if (r->iEnable != 1 && W906_IO_PAGE_NO_GUARDS) bypassed.push_back("IO_Table Enable=0");` tests only the clicked row; the engine-object check that follows (IoBtnPanelClick.cpp:275-285) walks SW[] and Cylinder[] only, never pSuck	when the table enables a valve row but not the vacuum sensor row (or the reverse) golden grays/enables the button by the SENSOR row and the port by the VALVE row: a valve can be driven from the web where golden refuses (or refused where golden allows)	IO_OUT	30	IDENTS=pTempSuck; latent today (all rows Enable=0); fix = look the row up in pSuck (OnPortName/OffPortName) and use pTempSuck->Enable, then fall back	hand-read (golden + port text read; file:line quotes machine-validated)
E-T1-009	TIMER_SEGMENT	TfMain::Timer1Timer: S10F3 SECS-alarm lockout branch - FlushFlag keeps flipping when SECS_GEM_PPSIGNALTOWER_CONTROL_flag	main.cpp:2938-2959 (Ifor 20171026; wei 20150817)	PARTIAL. The port returns without flipping: WebBridgeTags.cpp:2463 `if (bSECSGEMAlarm && bSECSGEM_NoteAlarm == false)` (its comment at 2465 still says the flag is undefined). The flag is defined since 20260924: ckernel.cpp:1275 `bool SECS_GEM_PPSIGNALTOWER_CONTROL_flag=false;`, but its only setter arm is still gated: SECSGEM/uHGemHT9045.cpp:5980 `SECS_GEM_PPSIGNALTOWER_CONTROL_flag=true;` sits inside `#if 0 // GATE G17` whose stated premise ("DEFINED NOWHERE") expired.	While a SECS host alarm (S10F3) locks the keys, FlushFlag stops flipping, so host-commanded tower-lamp blinking (PP_SIGNALTOWER) cannot blink; the PP_SIGNALTOWER RCMD itself answers HCACK=1 today (gate G17), so nothing lights either way.	IO_OUT	25	IDENTS=SECS_GEM_PPSIGNALTOWER_CONTROL_flag;bSECSGEMAlarm;bSECSGEM_NoteAlarm;FlushFlag ; Two steps: (1) re-open GATE G17 (expired premise: flag and iSECS_GEM_PPSIGNALTOWER_CONTROL_RED/GREEN/YELLOW are defined since ckernel.cpp:1275-1278, 20260924 W906-MSTATE-P2b; sibling GATE G16 PP_MUSIC at uHGemHT9045.cpp:5897 and uHGemHT9045_SV.cpp [G3] carry the same expired premise), (2) W906_FlushFlagTick flips while the flag is true (golden 2940-2947, 250 ms ct). ckernel.cpp:1744 ShowRunLed already reads the flag. Golden also returns out of the whole tick here (skips ProcessSensorScan etc. in 906) - the port needs nothing for that. The FlushFlag half outside the S10F3 branch is ported (WebBridgeTags.cpp:2459).	hand-read by sub-agent A (TfMain::Timer1Timer), reviewed and machine-validated (87/87 cites, 72/72 quotes)
E-T2-010	TIMER_SEGMENT	Timer2Timer: SW[SwCarRecord].Off() after bCarRecordTimeEnd/CarRecord timeout -- consumer absent	main.cpp:21207-21210 (`if(bCarRecordTimeEnd==true && CarRecord.Off()) { SW[SwCarRecord].Off(); bCarRecordTimeEnd=false; }`)	ABSENT (consumer): WebStart.cpp:2999 `CarRecord.Set0_1SecAndOn(IniConfig.iCarRecordDelayTime * 600);` arms the timer and sets bCarRecordTimeEnd (:3001) but no code reads bCarRecordTimeEnd/CarRecord afterwards (git grep -w, cmydef.cpp definitions + WebStart.cpp only); FileRW/MainClose.cpp:1046 SwOffItem(SwCarRecord ...) only switches it off at shutdown.	the drive-recorder output switched on at Start (bCarRecordTimeStart) is never switched off after its delay	IO_OUT	25	IDENTS0=bCarRecordTimeEnd:3; inert here: no SwCarRecord row in machines/HT9050/IO_Table.csv (SW[].Enable false => Off() is a no-op) ; MACHINE_IO[machines/HT9050/IO_Table.csv]: SwCarRecord=no row, SwOffItem=no row	hand-read (golden timer body read; port side by grep; quotes machine-validated)
E-FT1-006	TIMER	TfContact::OTDTimerTimer (100 ms): One-Touch-Docking state machine -> SW[SwUnDock] / SW[SwDockError] outputs	cContact.cpp:15220-15282 (24 statements; reads Cylinder[C_DockYAxisOn/Off, C_DockXAxisOn/Off].OnSensor(); `SW[SwUnDock].OnOff(bUnDock); SW[SwDockError].OnOff(bError);`)	DECLARED ONLY, gate S-17: forms/fContact.h:211 `(S-17) OTDTimerTimer          golden :15220-15282 SW[SwUnDock]/SW[SwDockError] outputs` (forms/fContact.h:1287 declares the handler, no body). The objects exist in the port (cinitial.cpp:1265 `SW[SwUnDock                     ].Name="SwUnDock";`).	OTD (tester auto-docking) cannot signal undock / dock error to the tester	IO_OUT	10	hand-read cContact.cpp:15220-15282. INERT on this machine: every OTD row in machines/HT9050/IO_Table.csv is Enable=0 (C_DockXAxisOn/Off, C_DockYAxisOn/Off, SwUnDock, SwDockError, SnAutoDockingOn/Off, SnTesterDocking: lines 288-293, 650, 670, 684-685, 742, 793-796, 814-817). IDENTS0=OTDTimerTimer:1 ; MACHINE_IO[machines/HT9050/IO_Table.csv]: SwUnDock=Enable0, SwDockError=Enable0, C_DockXAxisOn=Enable0, C_DockYAxisOn=Enable0, SnAutoDockingOn=Enable0, SnTesterDocking=Enable0	hand-read (non-TfMain form timer: golden body read, port counterpart located by grep; quotes machine-validated)
E-REG-003	BOOT_GROUP	InitialHandler: InitNTPort() (NT-port ISA I/O driver) gated (N1-G2b)	cinitial.cpp:5839 `InitNTPort();`	GATED: cinitial.cpp:16981 `#if 0 // N1-G2b: blocked by InitNTPort() -- 0 occurrences tree-wide` / :16982 `InitNTPort();`	the NT-port parallel/ISA driver is never opened; only matters for ISA-card IO_CARD_TYPE builds, not for PCIE-1203	IO_OUT	10	IDENTS=InitNTPort; HT9050 uses PCIE-1203 (IO_CARD_TYPE PCI1203_IO) -- informational	hand-read (golden + port text read; file:line quotes machine-validated)
E-FTF-002	TIMER_FAMILY	barcode / CCD / OCR / AI-CCD / auto-alignment forms: 15 timers that only matter when the device / option is enabled	TFormBarcodeReader::TimerKeyInTimer (BarcodeReader.cpp:182-402, 50ms, 53 stmts, port DEF_NO_CALL); TfAutoAlignment::Timer1Timer (AutoAlignment/AutoAlignment.cpp:370-381, 1000ms, 2 stmts, port NO_DEF); TfAutoAlignment::tmrCCDConnectTimer (AutoAlignment/cAutoAlignment.cpp:790-805, 1000ms, 8 stmts, port NO_DEF); TfAutoAlignment::tmrCCDInitialTimer (AutoAlignment/cAutoAlignment.cpp:775-787, 100ms, 5 stmts, port NO_DEF); TfAutoAlignment::tmrProcessGetDataTimer (AutoAlignment/cAutoAlignment.cpp:807-822, 1ms, 8 stmts, port NO_DEF); TfBarCode::TimerBarcodeChangeFileTimer (BarCode/BarCode.cpp:6195-6212, 1000ms, 5 stmts, port NO_DEF); TfBarCode::TimerBottom8CCDInitialTimer (BarCode/BarCode.cpp:9539-9938, 100ms, 173 stmts, port NO_DEF); TfBarCode::TimerBotton8CCDConnectTimer (BarCode/BarCode.cpp:9192-9537, 1000ms, 110 stmts, port NO_DEF); TfBarCode::TimerCCDInitialTimer (BarCode/BarCode.cpp:5545-5839, 100ms, 107 stmts, port NO_DEF); TfBarCode::TimerDownCCDConnectTimer (BarCode/BarCode.cpp:2904-3126, 1000ms, 57 stmts, port NO_DEF); TfBarCode::TimerProcess2DDataTimer (BarCode/BarCode.cpp:3476-3876, 1ms, 112 stmts, port NO_DEF); TfBarCode::tmr1Timer (BarCode/BarCode.cpp:2474-2497, 100ms, 9 stmts, port NO_DEF); TfFixAICCD::TimerDownFixAICCDConnectTimer (FixAICCD.cpp:375-509, 1000ms, 18 stmts, port NO_DEF); TfFixAICCD::tmrProcessFixAICCDDataTimer (FixAICCD.cpp:155-373, 1ms, 51 stmts, port NO_DEF); TfOCR::Timer1Timer (OCR.cpp:1467-1495, 1ms, 12 stmts, port NO_DEF)	ABSENT or DEF_NO_CALL (14 NO_DEF, 1 DEF_NO_CALL; 730 statements in total; class-scoped census plus callee census, no hand read of the bodies)	barcode reader and CCD socket connect / initial / decode timers, OCR on/off and change-file, AI-CCD data and light control, auto-alignment CCD data never run	IO_OUT	8	tool-derived, bodies NOT read. Inert on this laptop: BAR_CODE_INSTALL=0, INSTALL_OCR=0, REAL_TIME_CCD=0 and USE_AUTO_ALIGNMENT=0 (system/Gerneral.ini:110) on this laptop. The real HT9050 may differ (laptop ini is not the machine ini).	tool-derived (timer body NOT read; membership and callee counts from the name-level census, gating option value read by hand from this laptop ini)
E-FTF-003	TIMER_FAMILY	laser / ground man / RFID / Keyence / tray step-motor devices: 5 timers that only matter when the device / option is enabled	TdmTrayMotor::tmrTrayStepMotorTimer (Motor/TrayStepMotor.cpp:102-107, 20ms, 2 stmts, port NO_DEF); TfGroundMan::Timer1Timer (GroundMan/GroundMan.cpp:551-575, 30ms, 8 stmts, port DEF_NO_CALL); TfLaserSensor::Timer1Timer (OmronLaser/LaserSensor.cpp:777-1075, 1ms, 137 stmts, port DEF_NO_CALL); TfLaserSensor::TimerInArmTimer (OmronLaser/LaserSensor.cpp:1322-1578, 1ms, 100 stmts, port DEF_NO_CALL); TfNote::timerKeyenceTimer (note.cpp:6470-6528, 300ms, 24 stmts, port NO_DEF)	ABSENT or DEF_NO_CALL (2 NO_DEF, 3 DEF_NO_CALL; 271 statements in total; class-scoped census plus callee census, no hand read of the bodies)	Omron laser distance sensor timers, ground-man monitor, RFID page, Keyence reader, tray / vibration step-motor serial state machine (DoTrayStepMotor) never run	IO_OUT	8	tool-derived, bodies NOT read. Inert on this laptop: USE_LASER_DISTANCE=0, USE_GROUND_MAN=0, USE_RFID_SYSTEM=0, USE_KEYENCE_*=0, LoaderUnload_StepMotor=0 (system/Gerneral.ini:582), VibrationCommunication=0 (:615) on this laptop. The real HT9050 may differ (laptop ini is not the machine ini).	tool-derived (timer body NOT read; membership and callee counts from the name-level census, gating option value read by hand from this laptop ini)
E-REG-005	BOOT_GROUP	InitialSwitch/InitialSensor/InitCylinder/InitSucker/InitialMotorParameter: golden database (.db) branches compiled out	cinitial.cpp:1377-1591 (else-branch reads system\switch.db), 2471-2768 (sensor*.db), 4390-4955 (cylinder*.db), 356-1000 (sucker), 3392-4101 (motor*.db)	GATED (by user ruling): port InitialSwitch cinitial.cpp:1570-1658 `#if 0` around the DB else-branch; InitialMotorParameter cinitial.cpp:3856 `#if 0 // GATE 1: BDE` (user 20260924 W3 ruling: IO_CARD_TYPE 2/3 half only, BDE not ported) and cinitial.cpp:4138 `#if 0 // GATE 2: BDE motor.db`; the CSV branch condition was extended `IO_CARD_TYPE==PCI_P64C64 || IO_CARD_TYPE==PCI1203_IO` (cinitial.cpp:1520)	a machine whose IO_CARD_TYPE is not NewIO_MN200 / PCI_P64C64 / PCI1203_IO binds NO switches/sensors/cylinders/suckers/motors (golden reads the .db files)	IO_OUT	8	IDENTS=IO_CARD_TYPE; ruled out by the user (20260924 W3); listed so the denominator is complete; not a defect for HT9050	hand-read (golden + port text read; file:line quotes machine-validated)
E-SUCK-001	BOOT_GROUP	INBOX 132 premise CHECKED: the sucker binder InitSucker is NOT `#if 0` -- its IO_Table.csv half is live since 20260924 (only the BDE else-half is gated)	cinitial.cpp:356-1000 InitSucker (golden; IO_Table half :401-551, DB half :552-774)	ALIVE (claim in INBOX 132 / IoBtnPanelClick.cpp header is stale): cinitial.cpp:493 `//AI(W906-W3-9) 20260924: if-half (IO_CARD_TYPE 2/3, IO_Table.csv) un-gated` -- the binder body cinitial.cpp:504-654 has no `#if 0` (only #ifdef SOFT_SIMULTE arms); the single `#if 0` is cinitial.cpp:656 `#if 0 // AI(W906-W3-9) 20260924 使用者裁決` ... `#endif` at :877 = the BDE/DB else-half (user ruling: only the CSV half). Caller: cinitial.cpp:11052 `InitSucker();` (InitHontechHardware, AI(W906-A4-7)). Test: tests/test_machine_suckers.cpp:6 `InitSucker 的 if（IO_CARD_TYPE==NewIO_MN200 || PCI_P64C64）那半才編得起來` -- 49 suckers x 3 row groups x 7 columns vs machines/HT9050/IO_Table.csv, 0 mismatches (commit 2726306d). The stale wording in JsonBridge/IoBtnPanelClick.cpp header item (h) was corrected on main while this census ran (commits 2cd6cec4 / beccfda4, AI(W906-INBOX132) 20261001): JsonBridge/IoBtnPanelClick.cpp:108 `does fill pSuck` now says the binder is alive, and cpp 0045 adds `W906_Vc8SuckerGate` (a sucker whose station is not an ECAT-VC8 is refused; none on ring 1 today) - re-checked against main f528311a at 20261001 04:5x	nothing is dead in the binder: pSuck (53 named suckers: InArm/OutArm 8+8, FTest/BTest 16+16, OutArm2, CatchTray, CheckKit x2) is bound from the CSV by name; 4 names have no table row (OutArm2SuckAA/AB, CheckKitSuck_1/_2) exactly as in golden	IO_OUT	5	IDENTS0=InitSucker:3; CHECKED-ALIVE row: documents that INBOX 132 (b)/(h) wording must not be used as a work item; the IO page "no function" has other causes, see E-SUCK-002..	hand-read (golden + port text read; file:line quotes machine-validated)
E-T1-030	TIMER_SEGMENT	TfMain::Timer1Timer: clears bNeedManualCheckEmptyTray when SnEmptyTrayIsLock1 opens (CosFunction.bOpenDoorCheckLoaderAfterTrayEnd) - LIVE HANG	main.cpp:3827-3835 (Jimmychiu 20250826; the ONLY clear in golden)	ABSENT with a live setter and a live waiter = hang. Setter: ainarm9045.cpp:2929 `bNeedManualCheckEmptyTray=true;` (loader pick K_TRAY_END). Waiter: CatchTray case 2130 re-shows the popup until the flag clears: acatchtray.cpp:7630 `ShowMyMessage("Please check the tray on Empty and Color mamually.");`. Nobody clears it: git grep bNeedManualCheckEmptyTray = 4 lines (cprod.cpp:119 definition, cprod.h extern, the set and the read).	After a Loader TRAY END on a machine with CosFunction.bOpenDoorCheckLoaderAfterTrayEnd (set for CC_ChipMos_ZHUBEI, CosFunction.cpp:3109) and AUTO_EMPTY_COLOR==0, CatchTray sits in case 2130 for ever showing the manual-check popup each pass and never reaches Task 2140 (empty/color tray handling): the tray-end flow hangs.	STATE	92	IDENTS=bNeedManualCheckEmptyTray;bOpenDoorCheckLoaderAfterTrayEnd;SnEmptyTrayIsLock1;AUTO_EMPTY_COLOR ; LIVE BUG (customer specific). Golden clear = `if(Sen[SnEmptyTrayIsLock1].IsOn()==false) bNeedManualCheckEmptyTray=false;` (3831-3834) under CosFunction.bOpenDoorCheckLoaderAfterTrayEnd && AUTO_EMPTY_COLOR==0 && flag. Because case 2130 waits BEHIND a blocking ShowMyMessage, the clear has to run inside W906_ModalWaitTick as well as in the pump beat (golden does it in Timer1, which note/mymessbox timers also call). Sen/CosFunction/AUTO_EMPTY_COLOR exist. The web key lane already mirrors golden :2921 (tools/wb_serve.cpp:7328). Not SOFT_SIMULTE-gated. machines/HT9050 SnEmptyTrayIsLock1 Enable=0 (feature is per customer code). ; MACHINE_IO[machines/HT9050/IO_Table.csv]: SnEmptyTrayIsLock1=Enable0 ; CUSTOMER_SPECIFIC (this laptop CUSTOMER_CODE=957=CC_PTI): CC_C	hand-read by sub-agent A (TfMain::Timer1Timer), reviewed and machine-validated (87/87 cites, 72/72 quotes)
E-T3-001	TIMER_SEGMENT	Timer3Timer: the 8 fYieldMonitoring->Check*YieldAlarm() calls -- the yield-monitor alarms have no caller	main.cpp:25520-25527 (`fYieldMonitoring->CheckBySiteYieldAlarm(); CheckBySiteByArmYieldAlarm(); CheckLowYieldAlarm(); CheckLowYieldAlarmByTotal(); CheckIntervalLowYieldAlarmBySite(); CheckIntervalLowYieldAlarmByTotal(); CheckLowYieldAlarmSpecial(); CheckByPickerYieldAlarm();`, once per second)	NO_CALLER x8: all eight bodies are translated in uYieldMonitoring.cpp (:349 CheckBySiteYieldAlarm, :585 CheckByPickerYieldAlarm, :827 CheckBySiteByArmYieldAlarm, :1085 CheckLowYieldAlarm, :1544 CheckLowYieldAlarmByTotal, :1841 CheckIntervalLowYieldAlarmBySite, :1950 CheckIntervalLowYieldAlarmByTotal, :2031 CheckLowYieldAlarmSpecial) and declared in forms/fYieldMonitoring.h:286-299, but `git grep -n -a -w <name>` non-comment returns only the definition and the declaration for every one of them (2026-10-01 00:3x).	the Yield Monitoring feature never raises anything: by-site / by-arm / low-yield / total / interval / picker yield alarms and their follow-up actions (WAR0721/WAR0722 popups uYieldMonitoring.cpp:1925/:2006, Auto Clean start InitialAutoCleanAllTask :1147, fMain->CleanOut(...) :2091) cannot fire although the settings page stores the limits	STATE	92	IDENTS0=CheckBySiteYieldAlarm:2;CheckLowYieldAlarm:2;CheckByPickerYieldAlarm:2;CheckLowYieldAlarmSpecial:3; fix = one per-second tick calling the eight functions in golden order (all dependencies exist: fYieldMonitoring counters are live, see atester_ProcessCount.cpp:1728 PCW7_YIELDMON_INC)	hand-read (golden timer body read; port side by grep; quotes machine-validated)
E-BOOT-001	BOOT_GROUP	Periodic drivers started by the boot (timers, worker threads) -- nothing in the port starts any of them	FormShow: :9616 fNote->Timer1, :9617 TimerScanKey, :10138 StartHeaterThread(), :10139 InitialShuttleThread(), :10142 MyPad232Thread->Resume(), :10179-10180 Timer2 + Timer3, :10187 fShowBinSelect->TimerAutoCleanCount, :10518-10519 MyOmronThread->Resume() + fOmron->Timer2, :10529 frmDTME08->TimerUpdate, :10575 Timer4, :10597 fOCR->TimerOcrOn, :10603 StartMainThread(), :10703 ATCInterfaceForm->TimerATC, :10853-10888 fBarCode / fTrayMapping / fTesterTCP / fFixAICCD timers, :11120 TimerDLL; ctor-created objects MyThread = new TRunControl (SetInitialData main.cpp:22475), HeaterThread = new THeaterThread (:22481), MyPad232Thread (:22479)	ABSENT: there is no TfMain::FormShow; the form headers carry inert stand-in TTimers (nothing invokes OnTimer); the heater thread is never created: uHeaterThread.cpp:363 `THeaterThread *HeaterThread;` has no assignment and uHeaterThread.cpp:436 `void StartHeaterThread()` is defined but unreachable from main(); the replacement for MainProc is the 500 ms pump `void PumpTick()` WebBridgeTags.cpp:598 plus the hand-written W906_*Tick slices.	every handler behind these starts is dead or only partially re-driven: rows E-T1-*, E-T2-*, E-T3-*, E-TM-*, E-TH-*, E-RT-*, E-FT*-*; the start statements are the single root cause, the handlers are the consequences	STATE	90	umbrella row / root cause; IDENTS0=StartHeaterThread:2; TRunControl (MainProc at 1-3 ms) is replaced by design (E-TH-003), the others are not	tool-derived name-level callee census, every U/M item then hand-read
E-IO-015	IO_ROW_NO_OBJECT	C_Load_UpOff_On	none: golden 906 and V912 define no Cylinder named C_Load_UpOff_On	ABSENT: no const in cmydef.cpp and no registration in cinitial.cpp InitialSwitchName:1127 / InitialSensorName:1747 / InitialCylinderName:7703 (s1_iomatch2.py name-only match over 333 SW + 790 Sen + 260 Cyl names); IO row machines/HT9050/IO_Table.csv:128	position-feedback row 128 (C_Load_UpOff_On, Enable=1) has no cylinder object to bind to: the cylinder's On/Off sensor is never read	STATE	90	IDENTS=C_Load_UpOff_On; family=second coil feedback (<Cyl>Off_On); Enable=1; the FLOW that would use it is not in golden 906/912 -- per docs/IO_LIST_20260928.md it exists only in the HT9050 tree V910_HT9050 (not on this machine, unverified); adding the object = constant + name line; capacity: MAX_SENSOR_ITEM 820 (max idx 801), MaxCylinderItem 295 (max idx 294, 0 spare), MAX_SWITCH_ITEM 372 (max idx 370)	tool-derived (IO_Table.csv row vs golden/port SW[] registration diff; no body read)
E-IO-016	IO_ROW_NO_OBJECT	C_Empty_UpOff_On	none: golden 906 and V912 define no Cylinder named C_Empty_UpOff_On	ABSENT: no const in cmydef.cpp and no registration in cinitial.cpp InitialSwitchName:1127 / InitialSensorName:1747 / InitialCylinderName:7703 (s1_iomatch2.py name-only match over 333 SW + 790 Sen + 260 Cyl names); IO row machines/HT9050/IO_Table.csv:162	position-feedback row 162 (C_Empty_UpOff_On, Enable=1) has no cylinder object to bind to: the cylinder's On/Off sensor is never read	STATE	90	IDENTS=C_Empty_UpOff_On; family=second coil feedback (<Cyl>Off_On); Enable=1; the FLOW that would use it is not in golden 906/912 -- per docs/IO_LIST_20260928.md it exists only in the HT9050 tree V910_HT9050 (not on this machine, unverified); adding the object = constant + name line; capacity: MAX_SENSOR_ITEM 820 (max idx 801), MaxCylinderItem 295 (max idx 294, 0 spare), MAX_SWITCH_ITEM 372 (max idx 370)	tool-derived (IO_Table.csv row vs golden/port SW[] registration diff; no body read)
E-IO-017	IO_ROW_NO_OBJECT	C_Auto1_UpOff_On	none: golden 906 and V912 define no Cylinder named C_Auto1_UpOff_On	ABSENT: no const in cmydef.cpp and no registration in cinitial.cpp InitialSwitchName:1127 / InitialSensorName:1747 / InitialCylinderName:7703 (s1_iomatch2.py name-only match over 333 SW + 790 Sen + 260 Cyl names); IO row machines/HT9050/IO_Table.csv:197	position-feedback row 197 (C_Auto1_UpOff_On, Enable=1) has no cylinder object to bind to: the cylinder's On/Off sensor is never read	STATE	90	IDENTS=C_Auto1_UpOff_On; family=second coil feedback (<Cyl>Off_On); Enable=1; the FLOW that would use it is not in golden 906/912 -- per docs/IO_LIST_20260928.md it exists only in the HT9050 tree V910_HT9050 (not on this machine, unverified); adding the object = constant + name line; capacity: MAX_SENSOR_ITEM 820 (max idx 801), MaxCylinderItem 295 (max idx 294, 0 spare), MAX_SWITCH_ITEM 372 (max idx 370)	tool-derived (IO_Table.csv row vs golden/port SW[] registration diff; no body read)
E-IO-018	IO_ROW_NO_OBJECT	C_Auto2_UpOff_On	none: golden 906 and V912 define no Cylinder named C_Auto2_UpOff_On	ABSENT: no const in cmydef.cpp and no registration in cinitial.cpp InitialSwitchName:1127 / InitialSensorName:1747 / InitialCylinderName:7703 (s1_iomatch2.py name-only match over 333 SW + 790 Sen + 260 Cyl names); IO row machines/HT9050/IO_Table.csv:215	position-feedback row 215 (C_Auto2_UpOff_On, Enable=1) has no cylinder object to bind to: the cylinder's On/Off sensor is never read	STATE	90	IDENTS=C_Auto2_UpOff_On; family=second coil feedback (<Cyl>Off_On); Enable=1; the FLOW that would use it is not in golden 906/912 -- per docs/IO_LIST_20260928.md it exists only in the HT9050 tree V910_HT9050 (not on this machine, unverified); adding the object = constant + name line; capacity: MAX_SENSOR_ITEM 820 (max idx 801), MaxCylinderItem 295 (max idx 294, 0 spare), MAX_SWITCH_ITEM 372 (max idx 370)	tool-derived (IO_Table.csv row vs golden/port SW[] registration diff; no body read)
E-IO-019	IO_ROW_NO_OBJECT	C_Auto3_UpOff_On	none: golden 906 and V912 define no Cylinder named C_Auto3_UpOff_On	ABSENT: no const in cmydef.cpp and no registration in cinitial.cpp InitialSwitchName:1127 / InitialSensorName:1747 / InitialCylinderName:7703 (s1_iomatch2.py name-only match over 333 SW + 790 Sen + 260 Cyl names); IO row machines/HT9050/IO_Table.csv:233	position-feedback row 233 (C_Auto3_UpOff_On, Enable=1) has no cylinder object to bind to: the cylinder's On/Off sensor is never read	STATE	90	IDENTS=C_Auto3_UpOff_On; family=second coil feedback (<Cyl>Off_On); Enable=1; the FLOW that would use it is not in golden 906/912 -- per docs/IO_LIST_20260928.md it exists only in the HT9050 tree V910_HT9050 (not on this machine, unverified); adding the object = constant + name line; capacity: MAX_SENSOR_ITEM 820 (max idx 801), MaxCylinderItem 295 (max idx 294, 0 spare), MAX_SWITCH_ITEM 372 (max idx 370)	tool-derived (IO_Table.csv row vs golden/port SW[] registration diff; no body read)
E-IO-026	IO_ROW_NO_OBJECT	SnSafeDoorIndex	none: golden 906 and V912 define no Sensor named SnSafeDoorIndex	ABSENT: no const in cmydef.cpp and no registration in cinitial.cpp InitialSwitchName:1127 / InitialSensorName:1747 / InitialCylinderName:7703 (s1_iomatch2.py name-only match over 333 SW + 790 Sen + 260 Cyl names); IO row machines/HT9050/IO_Table.csv:450	input row 450 (SnSafeDoorIndex, Enable=1) has no Sen[] object: nothing can read it (no flow condition, interlock or alarm)	STATE	90	IDENTS=SnSafeDoorIndex; family=other; Enable=1; the FLOW that would use it is not in golden 906/912 -- per docs/IO_LIST_20260928.md it exists only in the HT9050 tree V910_HT9050 (not on this machine, unverified); adding the object = constant + name line; capacity: MAX_SENSOR_ITEM 820 (max idx 801), MaxCylinderItem 295 (max idx 294, 0 spare), MAX_SWITCH_ITEM 372 (max idx 370)	tool-derived (IO_Table.csv row vs golden/port SW[] registration diff; no body read)
E-IO-034	IO_ROW_NO_OBJECT	SnAuto1EdgePush1	none: golden 906 and V912 define no Sensor named SnAuto1EdgePush1 (nearest golden name: SnAuto1EdgePush)	ABSENT: no const in cmydef.cpp and no registration in cinitial.cpp InitialSwitchName:1127 / InitialSensorName:1747 / InitialCylinderName:7703 (s1_iomatch2.py name-only match over 333 SW + 790 Sen + 260 Cyl names); IO row machines/HT9050/IO_Table.csv:767	input row 767 (SnAuto1EdgePush1, Enable=1) has no Sen[] object: nothing can read it (no flow condition, interlock or alarm)	STATE	90	IDENTS=SnAuto1EdgePush1; family=EdgePush/Z_Select position sensors (HT9050 4-point); Enable=1; the FLOW that would use it is not in golden 906/912 -- per docs/IO_LIST_20260928.md it exists only in the HT9050 tree V910_HT9050 (not on this machine, unverified); adding the object = constant + name line; capacity: MAX_SENSOR_ITEM 820 (max idx 801), MaxCylinderItem 295 (max idx 294, 0 spare), MAX_SWITCH_ITEM 372 (max idx 370)	tool-derived (IO_Table.csv row vs golden/port SW[] registration diff; no body read)
E-IO-035	IO_ROW_NO_OBJECT	SnAuto1EdgePush2	none: golden 906 and V912 define no Sensor named SnAuto1EdgePush2 (nearest golden name: SnAuto1EdgePush)	ABSENT: no const in cmydef.cpp and no registration in cinitial.cpp InitialSwitchName:1127 / InitialSensorName:1747 / InitialCylinderName:7703 (s1_iomatch2.py name-only match over 333 SW + 790 Sen + 260 Cyl names); IO row machines/HT9050/IO_Table.csv:768	input row 768 (SnAuto1EdgePush2, Enable=1) has no Sen[] object: nothing can read it (no flow condition, interlock or alarm)	STATE	90	IDENTS=SnAuto1EdgePush2; family=EdgePush/Z_Select position sensors (HT9050 4-point); Enable=1; the FLOW that would use it is not in golden 906/912 -- per docs/IO_LIST_20260928.md it exists only in the HT9050 tree V910_HT9050 (not on this machine, unverified); adding the object = constant + name line; capacity: MAX_SENSOR_ITEM 820 (max idx 801), MaxCylinderItem 295 (max idx 294, 0 spare), MAX_SWITCH_ITEM 372 (max idx 370)	tool-derived (IO_Table.csv row vs golden/port SW[] registration diff; no body read)
E-IO-036	IO_ROW_NO_OBJECT	SnAuto2EdgePush1	none: golden 906 and V912 define no Sensor named SnAuto2EdgePush1 (nearest golden name: SnAuto2EdgePush)	ABSENT: no const in cmydef.cpp and no registration in cinitial.cpp InitialSwitchName:1127 / InitialSensorName:1747 / InitialCylinderName:7703 (s1_iomatch2.py name-only match over 333 SW + 790 Sen + 260 Cyl names); IO row machines/HT9050/IO_Table.csv:775	input row 775 (SnAuto2EdgePush1, Enable=1) has no Sen[] object: nothing can read it (no flow condition, interlock or alarm)	STATE	90	IDENTS=SnAuto2EdgePush1; family=EdgePush/Z_Select position sensors (HT9050 4-point); Enable=1; the FLOW that would use it is not in golden 906/912 -- per docs/IO_LIST_20260928.md it exists only in the HT9050 tree V910_HT9050 (not on this machine, unverified); adding the object = constant + name line; capacity: MAX_SENSOR_ITEM 820 (max idx 801), MaxCylinderItem 295 (max idx 294, 0 spare), MAX_SWITCH_ITEM 372 (max idx 370)	tool-derived (IO_Table.csv row vs golden/port SW[] registration diff; no body read)
E-IO-037	IO_ROW_NO_OBJECT	SnAuto2EdgePush2	none: golden 906 and V912 define no Sensor named SnAuto2EdgePush2 (nearest golden name: SnAuto2EdgePush)	ABSENT: no const in cmydef.cpp and no registration in cinitial.cpp InitialSwitchName:1127 / InitialSensorName:1747 / InitialCylinderName:7703 (s1_iomatch2.py name-only match over 333 SW + 790 Sen + 260 Cyl names); IO row machines/HT9050/IO_Table.csv:776	input row 776 (SnAuto2EdgePush2, Enable=1) has no Sen[] object: nothing can read it (no flow condition, interlock or alarm)	STATE	90	IDENTS=SnAuto2EdgePush2; family=EdgePush/Z_Select position sensors (HT9050 4-point); Enable=1; the FLOW that would use it is not in golden 906/912 -- per docs/IO_LIST_20260928.md it exists only in the HT9050 tree V910_HT9050 (not on this machine, unverified); adding the object = constant + name line; capacity: MAX_SENSOR_ITEM 820 (max idx 801), MaxCylinderItem 295 (max idx 294, 0 spare), MAX_SWITCH_ITEM 372 (max idx 370)	tool-derived (IO_Table.csv row vs golden/port SW[] registration diff; no body read)
E-IO-038	IO_ROW_NO_OBJECT	SnAuto3EdgePush1	none: golden 906 and V912 define no Sensor named SnAuto3EdgePush1 (nearest golden name: SnAuto3EdgePush)	ABSENT: no const in cmydef.cpp and no registration in cinitial.cpp InitialSwitchName:1127 / InitialSensorName:1747 / InitialCylinderName:7703 (s1_iomatch2.py name-only match over 333 SW + 790 Sen + 260 Cyl names); IO row machines/HT9050/IO_Table.csv:783	input row 783 (SnAuto3EdgePush1, Enable=1) has no Sen[] object: nothing can read it (no flow condition, interlock or alarm)	STATE	90	IDENTS=SnAuto3EdgePush1; family=EdgePush/Z_Select position sensors (HT9050 4-point); Enable=1; the FLOW that would use it is not in golden 906/912 -- per docs/IO_LIST_20260928.md it exists only in the HT9050 tree V910_HT9050 (not on this machine, unverified); adding the object = constant + name line; capacity: MAX_SENSOR_ITEM 820 (max idx 801), MaxCylinderItem 295 (max idx 294, 0 spare), MAX_SWITCH_ITEM 372 (max idx 370)	tool-derived (IO_Table.csv row vs golden/port SW[] registration diff; no body read)
E-IO-039	IO_ROW_NO_OBJECT	SnAuto3EdgePush2	none: golden 906 and V912 define no Sensor named SnAuto3EdgePush2 (nearest golden name: SnAuto3EdgePush)	ABSENT: no const in cmydef.cpp and no registration in cinitial.cpp InitialSwitchName:1127 / InitialSensorName:1747 / InitialCylinderName:7703 (s1_iomatch2.py name-only match over 333 SW + 790 Sen + 260 Cyl names); IO row machines/HT9050/IO_Table.csv:784	input row 784 (SnAuto3EdgePush2, Enable=1) has no Sen[] object: nothing can read it (no flow condition, interlock or alarm)	STATE	90	IDENTS=SnAuto3EdgePush2; family=EdgePush/Z_Select position sensors (HT9050 4-point); Enable=1; the FLOW that would use it is not in golden 906/912 -- per docs/IO_LIST_20260928.md it exists only in the HT9050 tree V910_HT9050 (not on this machine, unverified); adding the object = constant + name line; capacity: MAX_SENSOR_ITEM 820 (max idx 801), MaxCylinderItem 295 (max idx 294, 0 spare), MAX_SWITCH_ITEM 372 (max idx 370)	tool-derived (IO_Table.csv row vs golden/port SW[] registration diff; no body read)
E-IO-040	IO_ROW_NO_OBJECT	SnEmptyZ_Select1	none: golden 906 and V912 define no Sensor named SnEmptyZ_Select1	ABSENT: no const in cmydef.cpp and no registration in cinitial.cpp InitialSwitchName:1127 / InitialSensorName:1747 / InitialCylinderName:7703 (s1_iomatch2.py name-only match over 333 SW + 790 Sen + 260 Cyl names); IO row machines/HT9050/IO_Table.csv:798	input row 798 (SnEmptyZ_Select1, Enable=1) has no Sen[] object: nothing can read it (no flow condition, interlock or alarm)	STATE	90	IDENTS=SnEmptyZ_Select1; family=EdgePush/Z_Select position sensors (HT9050 4-point); Enable=1; the FLOW that would use it is not in golden 906/912 -- per docs/IO_LIST_20260928.md it exists only in the HT9050 tree V910_HT9050 (not on this machine, unverified); adding the object = constant + name line; capacity: MAX_SENSOR_ITEM 820 (max idx 801), MaxCylinderItem 295 (max idx 294, 0 spare), MAX_SWITCH_ITEM 372 (max idx 370)	tool-derived (IO_Table.csv row vs golden/port SW[] registration diff; no body read)
E-IO-041	IO_ROW_NO_OBJECT	SnEmptyZ_Select2	none: golden 906 and V912 define no Sensor named SnEmptyZ_Select2	ABSENT: no const in cmydef.cpp and no registration in cinitial.cpp InitialSwitchName:1127 / InitialSensorName:1747 / InitialCylinderName:7703 (s1_iomatch2.py name-only match over 333 SW + 790 Sen + 260 Cyl names); IO row machines/HT9050/IO_Table.csv:799	input row 799 (SnEmptyZ_Select2, Enable=1) has no Sen[] object: nothing can read it (no flow condition, interlock or alarm)	STATE	90	IDENTS=SnEmptyZ_Select2; family=EdgePush/Z_Select position sensors (HT9050 4-point); Enable=1; the FLOW that would use it is not in golden 906/912 -- per docs/IO_LIST_20260928.md it exists only in the HT9050 tree V910_HT9050 (not on this machine, unverified); adding the object = constant + name line; capacity: MAX_SENSOR_ITEM 820 (max idx 801), MaxCylinderItem 295 (max idx 294, 0 spare), MAX_SWITCH_ITEM 372 (max idx 370)	tool-derived (IO_Table.csv row vs golden/port SW[] registration diff; no body read)
E-IO-042	IO_ROW_NO_OBJECT	SnEmptyZ_Select3	none: golden 906 and V912 define no Sensor named SnEmptyZ_Select3	ABSENT: no const in cmydef.cpp and no registration in cinitial.cpp InitialSwitchName:1127 / InitialSensorName:1747 / InitialCylinderName:7703 (s1_iomatch2.py name-only match over 333 SW + 790 Sen + 260 Cyl names); IO row machines/HT9050/IO_Table.csv:800	input row 800 (SnEmptyZ_Select3, Enable=1) has no Sen[] object: nothing can read it (no flow condition, interlock or alarm)	STATE	90	IDENTS=SnEmptyZ_Select3; family=EdgePush/Z_Select position sensors (HT9050 4-point); Enable=1; the FLOW that would use it is not in golden 906/912 -- per docs/IO_LIST_20260928.md it exists only in the HT9050 tree V910_HT9050 (not on this machine, unverified); adding the object = constant + name line; capacity: MAX_SENSOR_ITEM 820 (max idx 801), MaxCylinderItem 295 (max idx 294, 0 spare), MAX_SWITCH_ITEM 372 (max idx 370)	tool-derived (IO_Table.csv row vs golden/port SW[] registration diff; no body read)
E-IO-043	IO_ROW_NO_OBJECT	SnEmptyZ_Select4	none: golden 906 and V912 define no Sensor named SnEmptyZ_Select4	ABSENT: no const in cmydef.cpp and no registration in cinitial.cpp InitialSwitchName:1127 / InitialSensorName:1747 / InitialCylinderName:7703 (s1_iomatch2.py name-only match over 333 SW + 790 Sen + 260 Cyl names); IO row machines/HT9050/IO_Table.csv:801	input row 801 (SnEmptyZ_Select4, Enable=1) has no Sen[] object: nothing can read it (no flow condition, interlock or alarm)	STATE	90	IDENTS=SnEmptyZ_Select4; family=EdgePush/Z_Select position sensors (HT9050 4-point); Enable=1; the FLOW that would use it is not in golden 906/912 -- per docs/IO_LIST_20260928.md it exists only in the HT9050 tree V910_HT9050 (not on this machine, unverified); adding the object = constant + name line; capacity: MAX_SENSOR_ITEM 820 (max idx 801), MaxCylinderItem 295 (max idx 294, 0 spare), MAX_SWITCH_ITEM 372 (max idx 370)	tool-derived (IO_Table.csv row vs golden/port SW[] registration diff; no body read)
E-IO-044	IO_ROW_NO_OBJECT	SnLoaderEdgePush1	none: golden 906 and V912 define no Sensor named SnLoaderEdgePush1 (nearest golden name: SnLoaderEdgePush)	ABSENT: no const in cmydef.cpp and no registration in cinitial.cpp InitialSwitchName:1127 / InitialSensorName:1747 / InitialCylinderName:7703 (s1_iomatch2.py name-only match over 333 SW + 790 Sen + 260 Cyl names); IO row machines/HT9050/IO_Table.csv:804	input row 804 (SnLoaderEdgePush1, Enable=1) has no Sen[] object: nothing can read it (no flow condition, interlock or alarm)	STATE	90	IDENTS=SnLoaderEdgePush1; family=EdgePush/Z_Select position sensors (HT9050 4-point); Enable=1; the FLOW that would use it is not in golden 906/912 -- per docs/IO_LIST_20260928.md it exists only in the HT9050 tree V910_HT9050 (not on this machine, unverified); adding the object = constant + name line; capacity: MAX_SENSOR_ITEM 820 (max idx 801), MaxCylinderItem 295 (max idx 294, 0 spare), MAX_SWITCH_ITEM 372 (max idx 370)	tool-derived (IO_Table.csv row vs golden/port SW[] registration diff; no body read)
E-IO-045	IO_ROW_NO_OBJECT	SnLoaderEdgePush2	none: golden 906 and V912 define no Sensor named SnLoaderEdgePush2 (nearest golden name: SnLoaderEdgePush)	ABSENT: no const in cmydef.cpp and no registration in cinitial.cpp InitialSwitchName:1127 / InitialSensorName:1747 / InitialCylinderName:7703 (s1_iomatch2.py name-only match over 333 SW + 790 Sen + 260 Cyl names); IO row machines/HT9050/IO_Table.csv:805	input row 805 (SnLoaderEdgePush2, Enable=1) has no Sen[] object: nothing can read it (no flow condition, interlock or alarm)	STATE	90	IDENTS=SnLoaderEdgePush2; family=EdgePush/Z_Select position sensors (HT9050 4-point); Enable=1; the FLOW that would use it is not in golden 906/912 -- per docs/IO_LIST_20260928.md it exists only in the HT9050 tree V910_HT9050 (not on this machine, unverified); adding the object = constant + name line; capacity: MAX_SENSOR_ITEM 820 (max idx 801), MaxCylinderItem 295 (max idx 294, 0 spare), MAX_SWITCH_ITEM 372 (max idx 370)	tool-derived (IO_Table.csv row vs golden/port SW[] registration diff; no body read)
E-IO-046	IO_ROW_NO_OBJECT	SnLoaderZ_Select1	none: golden 906 and V912 define no Sensor named SnLoaderZ_Select1	ABSENT: no const in cmydef.cpp and no registration in cinitial.cpp InitialSwitchName:1127 / InitialSensorName:1747 / InitialCylinderName:7703 (s1_iomatch2.py name-only match over 333 SW + 790 Sen + 260 Cyl names); IO row machines/HT9050/IO_Table.csv:809	input row 809 (SnLoaderZ_Select1, Enable=1) has no Sen[] object: nothing can read it (no flow condition, interlock or alarm)	STATE	90	IDENTS=SnLoaderZ_Select1; family=EdgePush/Z_Select position sensors (HT9050 4-point); Enable=1; the FLOW that would use it is not in golden 906/912 -- per docs/IO_LIST_20260928.md it exists only in the HT9050 tree V910_HT9050 (not on this machine, unverified); adding the object = constant + name line; capacity: MAX_SENSOR_ITEM 820 (max idx 801), MaxCylinderItem 295 (max idx 294, 0 spare), MAX_SWITCH_ITEM 372 (max idx 370)	tool-derived (IO_Table.csv row vs golden/port SW[] registration diff; no body read)
E-IO-047	IO_ROW_NO_OBJECT	SnLoaderZ_Select2	none: golden 906 and V912 define no Sensor named SnLoaderZ_Select2	ABSENT: no const in cmydef.cpp and no registration in cinitial.cpp InitialSwitchName:1127 / InitialSensorName:1747 / InitialCylinderName:7703 (s1_iomatch2.py name-only match over 333 SW + 790 Sen + 260 Cyl names); IO row machines/HT9050/IO_Table.csv:810	input row 810 (SnLoaderZ_Select2, Enable=1) has no Sen[] object: nothing can read it (no flow condition, interlock or alarm)	STATE	90	IDENTS=SnLoaderZ_Select2; family=EdgePush/Z_Select position sensors (HT9050 4-point); Enable=1; the FLOW that would use it is not in golden 906/912 -- per docs/IO_LIST_20260928.md it exists only in the HT9050 tree V910_HT9050 (not on this machine, unverified); adding the object = constant + name line; capacity: MAX_SENSOR_ITEM 820 (max idx 801), MaxCylinderItem 295 (max idx 294, 0 spare), MAX_SWITCH_ITEM 372 (max idx 370)	tool-derived (IO_Table.csv row vs golden/port SW[] registration diff; no body read)
E-IO-048	IO_ROW_NO_OBJECT	SnLoaderZ_Select3	none: golden 906 and V912 define no Sensor named SnLoaderZ_Select3	ABSENT: no const in cmydef.cpp and no registration in cinitial.cpp InitialSwitchName:1127 / InitialSensorName:1747 / InitialCylinderName:7703 (s1_iomatch2.py name-only match over 333 SW + 790 Sen + 260 Cyl names); IO row machines/HT9050/IO_Table.csv:811	input row 811 (SnLoaderZ_Select3, Enable=1) has no Sen[] object: nothing can read it (no flow condition, interlock or alarm)	STATE	90	IDENTS=SnLoaderZ_Select3; family=EdgePush/Z_Select position sensors (HT9050 4-point); Enable=1; the FLOW that would use it is not in golden 906/912 -- per docs/IO_LIST_20260928.md it exists only in the HT9050 tree V910_HT9050 (not on this machine, unverified); adding the object = constant + name line; capacity: MAX_SENSOR_ITEM 820 (max idx 801), MaxCylinderItem 295 (max idx 294, 0 spare), MAX_SWITCH_ITEM 372 (max idx 370)	tool-derived (IO_Table.csv row vs golden/port SW[] registration diff; no body read)
E-IO-049	IO_ROW_NO_OBJECT	SnLoaderZ_Select4	none: golden 906 and V912 define no Sensor named SnLoaderZ_Select4	ABSENT: no const in cmydef.cpp and no registration in cinitial.cpp InitialSwitchName:1127 / InitialSensorName:1747 / InitialCylinderName:7703 (s1_iomatch2.py name-only match over 333 SW + 790 Sen + 260 Cyl names); IO row machines/HT9050/IO_Table.csv:812	input row 812 (SnLoaderZ_Select4, Enable=1) has no Sen[] object: nothing can read it (no flow condition, interlock or alarm)	STATE	90	IDENTS=SnLoaderZ_Select4; family=EdgePush/Z_Select position sensors (HT9050 4-point); Enable=1; the FLOW that would use it is not in golden 906/912 -- per docs/IO_LIST_20260928.md it exists only in the HT9050 tree V910_HT9050 (not on this machine, unverified); adding the object = constant + name line; capacity: MAX_SENSOR_ITEM 820 (max idx 801), MaxCylinderItem 295 (max idx 294, 0 spare), MAX_SWITCH_ITEM 372 (max idx 370)	tool-derived (IO_Table.csv row vs golden/port SW[] registration diff; no body read)
E-IO-056	IO_ROW_NO_OBJECT	SnLoaderEdgeClip1	none: golden 906 and V912 define no Sensor named SnLoaderEdgeClip1	ABSENT: no const in cmydef.cpp and no registration in cinitial.cpp InitialSwitchName:1127 / InitialSensorName:1747 / InitialCylinderName:7703 (s1_iomatch2.py name-only match over 333 SW + 790 Sen + 260 Cyl names); IO row machines/HT9050/IO_Table.csv:949	input row 949 (SnLoaderEdgeClip1, Enable=1) has no Sen[] object: nothing can read it (no flow condition, interlock or alarm)	STATE	90	IDENTS=SnLoaderEdgeClip1; family=EdgeClip (stack edge clamp); Enable=1; the FLOW that would use it is not in golden 906/912 -- per docs/IO_LIST_20260928.md it exists only in the HT9050 tree V910_HT9050 (not on this machine, unverified); adding the object = constant + name line; capacity: MAX_SENSOR_ITEM 820 (max idx 801), MaxCylinderItem 295 (max idx 294, 0 spare), MAX_SWITCH_ITEM 372 (max idx 370)	tool-derived (IO_Table.csv row vs golden/port SW[] registration diff; no body read)
E-IO-057	IO_ROW_NO_OBJECT	SnLoaderEdgeClip2	none: golden 906 and V912 define no Sensor named SnLoaderEdgeClip2	ABSENT: no const in cmydef.cpp and no registration in cinitial.cpp InitialSwitchName:1127 / InitialSensorName:1747 / InitialCylinderName:7703 (s1_iomatch2.py name-only match over 333 SW + 790 Sen + 260 Cyl names); IO row machines/HT9050/IO_Table.csv:950	input row 950 (SnLoaderEdgeClip2, Enable=1) has no Sen[] object: nothing can read it (no flow condition, interlock or alarm)	STATE	90	IDENTS=SnLoaderEdgeClip2; family=EdgeClip (stack edge clamp); Enable=1; the FLOW that would use it is not in golden 906/912 -- per docs/IO_LIST_20260928.md it exists only in the HT9050 tree V910_HT9050 (not on this machine, unverified); adding the object = constant + name line; capacity: MAX_SENSOR_ITEM 820 (max idx 801), MaxCylinderItem 295 (max idx 294, 0 spare), MAX_SWITCH_ITEM 372 (max idx 370)	tool-derived (IO_Table.csv row vs golden/port SW[] registration diff; no body read)
E-IO-058	IO_ROW_NO_OBJECT	SnLoaderDrawerHasTray	none: golden 906 and V912 define no Sensor named SnLoaderDrawerHasTray	ABSENT: no const in cmydef.cpp and no registration in cinitial.cpp InitialSwitchName:1127 / InitialSensorName:1747 / InitialCylinderName:7703 (s1_iomatch2.py name-only match over 333 SW + 790 Sen + 260 Cyl names); IO row machines/HT9050/IO_Table.csv:951	input row 951 (SnLoaderDrawerHasTray, Enable=1) has no Sen[] object: nothing can read it (no flow condition, interlock or alarm)	STATE	90	IDENTS=SnLoaderDrawerHasTray; family=Drawer (stack drawer lock/position sensors); Enable=1; the FLOW that would use it is not in golden 906/912 -- per docs/IO_LIST_20260928.md it exists only in the HT9050 tree V910_HT9050 (not on this machine, unverified); adding the object = constant + name line; capacity: MAX_SENSOR_ITEM 820 (max idx 801), MaxCylinderItem 295 (max idx 294, 0 spare), MAX_SWITCH_ITEM 372 (max idx 370)	tool-derived (IO_Table.csv row vs golden/port SW[] registration diff; no body read)
E-IO-059	IO_ROW_NO_OBJECT	SnLoaderDrawerPosOver	none: golden 906 and V912 define no Sensor named SnLoaderDrawerPosOver	ABSENT: no const in cmydef.cpp and no registration in cinitial.cpp InitialSwitchName:1127 / InitialSensorName:1747 / InitialCylinderName:7703 (s1_iomatch2.py name-only match over 333 SW + 790 Sen + 260 Cyl names); IO row machines/HT9050/IO_Table.csv:952	input row 952 (SnLoaderDrawerPosOver, Enable=1) has no Sen[] object: nothing can read it (no flow condition, interlock or alarm)	STATE	90	IDENTS=SnLoaderDrawerPosOver; family=Drawer (stack drawer lock/position sensors); Enable=1; the FLOW that would use it is not in golden 906/912 -- per docs/IO_LIST_20260928.md it exists only in the HT9050 tree V910_HT9050 (not on this machine, unverified); adding the object = constant + name line; capacity: MAX_SENSOR_ITEM 820 (max idx 801), MaxCylinderItem 295 (max idx 294, 0 spare), MAX_SWITCH_ITEM 372 (max idx 370)	tool-derived (IO_Table.csv row vs golden/port SW[] registration diff; no body read)
E-IO-060	IO_ROW_NO_OBJECT	SnLoaderDrawerPosSafe	none: golden 906 and V912 define no Sensor named SnLoaderDrawerPosSafe	ABSENT: no const in cmydef.cpp and no registration in cinitial.cpp InitialSwitchName:1127 / InitialSensorName:1747 / InitialCylinderName:7703 (s1_iomatch2.py name-only match over 333 SW + 790 Sen + 260 Cyl names); IO row machines/HT9050/IO_Table.csv:953	input row 953 (SnLoaderDrawerPosSafe, Enable=1) has no Sen[] object: nothing can read it (no flow condition, interlock or alarm)	STATE	90	IDENTS=SnLoaderDrawerPosSafe; family=Drawer (stack drawer lock/position sensors); Enable=1; the FLOW that would use it is not in golden 906/912 -- per docs/IO_LIST_20260928.md it exists only in the HT9050 tree V910_HT9050 (not on this machine, unverified); adding the object = constant + name line; capacity: MAX_SENSOR_ITEM 820 (max idx 801), MaxCylinderItem 295 (max idx 294, 0 spare), MAX_SWITCH_ITEM 372 (max idx 370)	tool-derived (IO_Table.csv row vs golden/port SW[] registration diff; no body read)
E-IO-063	IO_ROW_NO_OBJECT	C_LoaderDrawerLock_Off	none: golden 906 and V912 define no Cylinder named C_LoaderDrawerLock_Off	ABSENT: no const in cmydef.cpp and no registration in cinitial.cpp InitialSwitchName:1127 / InitialSensorName:1747 / InitialCylinderName:7703 (s1_iomatch2.py name-only match over 333 SW + 790 Sen + 260 Cyl names); IO row machines/HT9050/IO_Table.csv:956	position-feedback row 956 (C_LoaderDrawerLock_Off, Enable=1) has no cylinder object to bind to: the cylinder's On/Off sensor is never read	STATE	90	IDENTS=C_LoaderDrawerLock_Off; family=Drawer (stack drawer lock/position sensors); Enable=1; the FLOW that would use it is not in golden 906/912 -- per docs/IO_LIST_20260928.md it exists only in the HT9050 tree V910_HT9050 (not on this machine, unverified); adding the object = constant + name line; capacity: MAX_SENSOR_ITEM 820 (max idx 801), MaxCylinderItem 295 (max idx 294, 0 spare), MAX_SWITCH_ITEM 372 (max idx 370)	tool-derived (IO_Table.csv row vs golden/port SW[] registration diff; no body read)
E-IO-064	IO_ROW_NO_OBJECT	C_LoaderDrawerLockOff_On	none: golden 906 and V912 define no Cylinder named C_LoaderDrawerLockOff_On	ABSENT: no const in cmydef.cpp and no registration in cinitial.cpp InitialSwitchName:1127 / InitialSensorName:1747 / InitialCylinderName:7703 (s1_iomatch2.py name-only match over 333 SW + 790 Sen + 260 Cyl names); IO row machines/HT9050/IO_Table.csv:957	position-feedback row 957 (C_LoaderDrawerLockOff_On, Enable=1) has no cylinder object to bind to: the cylinder's On/Off sensor is never read	STATE	90	IDENTS=C_LoaderDrawerLockOff_On; family=Drawer (stack drawer lock/position sensors); Enable=1; the FLOW that would use it is not in golden 906/912 -- per docs/IO_LIST_20260928.md it exists only in the HT9050 tree V910_HT9050 (not on this machine, unverified); adding the object = constant + name line; capacity: MAX_SENSOR_ITEM 820 (max idx 801), MaxCylinderItem 295 (max idx 294, 0 spare), MAX_SWITCH_ITEM 372 (max idx 370)	tool-derived (IO_Table.csv row vs golden/port SW[] registration diff; no body read)
E-IO-065	IO_ROW_NO_OBJECT	C_LoaderDrawerLock_On	none: golden 906 and V912 define no Cylinder named C_LoaderDrawerLock_On	ABSENT: no const in cmydef.cpp and no registration in cinitial.cpp InitialSwitchName:1127 / InitialSensorName:1747 / InitialCylinderName:7703 (s1_iomatch2.py name-only match over 333 SW + 790 Sen + 260 Cyl names); IO row machines/HT9050/IO_Table.csv:958	position-feedback row 958 (C_LoaderDrawerLock_On, Enable=1) has no cylinder object to bind to: the cylinder's On/Off sensor is never read	STATE	90	IDENTS=C_LoaderDrawerLock_On; family=Drawer (stack drawer lock/position sensors); Enable=1; the FLOW that would use it is not in golden 906/912 -- per docs/IO_LIST_20260928.md it exists only in the HT9050 tree V910_HT9050 (not on this machine, unverified); adding the object = constant + name line; capacity: MAX_SENSOR_ITEM 820 (max idx 801), MaxCylinderItem 295 (max idx 294, 0 spare), MAX_SWITCH_ITEM 372 (max idx 370)	tool-derived (IO_Table.csv row vs golden/port SW[] registration diff; no body read)
E-IO-066	IO_ROW_NO_OBJECT	SnAuto3DrawerPosSafe	none: golden 906 and V912 define no Sensor named SnAuto3DrawerPosSafe	ABSENT: no const in cmydef.cpp and no registration in cinitial.cpp InitialSwitchName:1127 / InitialSensorName:1747 / InitialCylinderName:7703 (s1_iomatch2.py name-only match over 333 SW + 790 Sen + 260 Cyl names); IO row machines/HT9050/IO_Table.csv:959	input row 959 (SnAuto3DrawerPosSafe, Enable=1) has no Sen[] object: nothing can read it (no flow condition, interlock or alarm)	STATE	90	IDENTS=SnAuto3DrawerPosSafe; family=Drawer (stack drawer lock/position sensors); Enable=1; the FLOW that would use it is not in golden 906/912 -- per docs/IO_LIST_20260928.md it exists only in the HT9050 tree V910_HT9050 (not on this machine, unverified); adding the object = constant + name line; capacity: MAX_SENSOR_ITEM 820 (max idx 801), MaxCylinderItem 295 (max idx 294, 0 spare), MAX_SWITCH_ITEM 372 (max idx 370)	tool-derived (IO_Table.csv row vs golden/port SW[] registration diff; no body read)
E-IO-071	IO_ROW_NO_OBJECT	SnAuto1EdgeClip1	none: golden 906 and V912 define no Sensor named SnAuto1EdgeClip1	ABSENT: no const in cmydef.cpp and no registration in cinitial.cpp InitialSwitchName:1127 / InitialSensorName:1747 / InitialCylinderName:7703 (s1_iomatch2.py name-only match over 333 SW + 790 Sen + 260 Cyl names); IO row machines/HT9050/IO_Table.csv:964	input row 964 (SnAuto1EdgeClip1, Enable=1) has no Sen[] object: nothing can read it (no flow condition, interlock or alarm)	STATE	90	IDENTS=SnAuto1EdgeClip1; family=EdgeClip (stack edge clamp); Enable=1; the FLOW that would use it is not in golden 906/912 -- per docs/IO_LIST_20260928.md it exists only in the HT9050 tree V910_HT9050 (not on this machine, unverified); adding the object = constant + name line; capacity: MAX_SENSOR_ITEM 820 (max idx 801), MaxCylinderItem 295 (max idx 294, 0 spare), MAX_SWITCH_ITEM 372 (max idx 370)	tool-derived (IO_Table.csv row vs golden/port SW[] registration diff; no body read)
E-IO-072	IO_ROW_NO_OBJECT	SnAuto1EdgeClip2	none: golden 906 and V912 define no Sensor named SnAuto1EdgeClip2	ABSENT: no const in cmydef.cpp and no registration in cinitial.cpp InitialSwitchName:1127 / InitialSensorName:1747 / InitialCylinderName:7703 (s1_iomatch2.py name-only match over 333 SW + 790 Sen + 260 Cyl names); IO row machines/HT9050/IO_Table.csv:965	input row 965 (SnAuto1EdgeClip2, Enable=1) has no Sen[] object: nothing can read it (no flow condition, interlock or alarm)	STATE	90	IDENTS=SnAuto1EdgeClip2; family=EdgeClip (stack edge clamp); Enable=1; the FLOW that would use it is not in golden 906/912 -- per docs/IO_LIST_20260928.md it exists only in the HT9050 tree V910_HT9050 (not on this machine, unverified); adding the object = constant + name line; capacity: MAX_SENSOR_ITEM 820 (max idx 801), MaxCylinderItem 295 (max idx 294, 0 spare), MAX_SWITCH_ITEM 372 (max idx 370)	tool-derived (IO_Table.csv row vs golden/port SW[] registration diff; no body read)
E-IO-073	IO_ROW_NO_OBJECT	SnAuto1DrawerHasTray	none: golden 906 and V912 define no Sensor named SnAuto1DrawerHasTray	ABSENT: no const in cmydef.cpp and no registration in cinitial.cpp InitialSwitchName:1127 / InitialSensorName:1747 / InitialCylinderName:7703 (s1_iomatch2.py name-only match over 333 SW + 790 Sen + 260 Cyl names); IO row machines/HT9050/IO_Table.csv:966	input row 966 (SnAuto1DrawerHasTray, Enable=1) has no Sen[] object: nothing can read it (no flow condition, interlock or alarm)	STATE	90	IDENTS=SnAuto1DrawerHasTray; family=Drawer (stack drawer lock/position sensors); Enable=1; the FLOW that would use it is not in golden 906/912 -- per docs/IO_LIST_20260928.md it exists only in the HT9050 tree V910_HT9050 (not on this machine, unverified); adding the object = constant + name line; capacity: MAX_SENSOR_ITEM 820 (max idx 801), MaxCylinderItem 295 (max idx 294, 0 spare), MAX_SWITCH_ITEM 372 (max idx 370)	tool-derived (IO_Table.csv row vs golden/port SW[] registration diff; no body read)
E-IO-074	IO_ROW_NO_OBJECT	SnAuto1DrawerPosOver	none: golden 906 and V912 define no Sensor named SnAuto1DrawerPosOver	ABSENT: no const in cmydef.cpp and no registration in cinitial.cpp InitialSwitchName:1127 / InitialSensorName:1747 / InitialCylinderName:7703 (s1_iomatch2.py name-only match over 333 SW + 790 Sen + 260 Cyl names); IO row machines/HT9050/IO_Table.csv:967	input row 967 (SnAuto1DrawerPosOver, Enable=1) has no Sen[] object: nothing can read it (no flow condition, interlock or alarm)	STATE	90	IDENTS=SnAuto1DrawerPosOver; family=Drawer (stack drawer lock/position sensors); Enable=1; the FLOW that would use it is not in golden 906/912 -- per docs/IO_LIST_20260928.md it exists only in the HT9050 tree V910_HT9050 (not on this machine, unverified); adding the object = constant + name line; capacity: MAX_SENSOR_ITEM 820 (max idx 801), MaxCylinderItem 295 (max idx 294, 0 spare), MAX_SWITCH_ITEM 372 (max idx 370)	tool-derived (IO_Table.csv row vs golden/port SW[] registration diff; no body read)
E-IO-075	IO_ROW_NO_OBJECT	SnAuto1DrawerPosSafe	none: golden 906 and V912 define no Sensor named SnAuto1DrawerPosSafe	ABSENT: no const in cmydef.cpp and no registration in cinitial.cpp InitialSwitchName:1127 / InitialSensorName:1747 / InitialCylinderName:7703 (s1_iomatch2.py name-only match over 333 SW + 790 Sen + 260 Cyl names); IO row machines/HT9050/IO_Table.csv:968	input row 968 (SnAuto1DrawerPosSafe, Enable=1) has no Sen[] object: nothing can read it (no flow condition, interlock or alarm)	STATE	90	IDENTS=SnAuto1DrawerPosSafe; family=Drawer (stack drawer lock/position sensors); Enable=1; the FLOW that would use it is not in golden 906/912 -- per docs/IO_LIST_20260928.md it exists only in the HT9050 tree V910_HT9050 (not on this machine, unverified); adding the object = constant + name line; capacity: MAX_SENSOR_ITEM 820 (max idx 801), MaxCylinderItem 295 (max idx 294, 0 spare), MAX_SWITCH_ITEM 372 (max idx 370)	tool-derived (IO_Table.csv row vs golden/port SW[] registration diff; no body read)
E-IO-078	IO_ROW_NO_OBJECT	C_Auto1DrawerLock_Off	none: golden 906 and V912 define no Cylinder named C_Auto1DrawerLock_Off	ABSENT: no const in cmydef.cpp and no registration in cinitial.cpp InitialSwitchName:1127 / InitialSensorName:1747 / InitialCylinderName:7703 (s1_iomatch2.py name-only match over 333 SW + 790 Sen + 260 Cyl names); IO row machines/HT9050/IO_Table.csv:971	position-feedback row 971 (C_Auto1DrawerLock_Off, Enable=1) has no cylinder object to bind to: the cylinder's On/Off sensor is never read	STATE	90	IDENTS=C_Auto1DrawerLock_Off; family=Drawer (stack drawer lock/position sensors); Enable=1; the FLOW that would use it is not in golden 906/912 -- per docs/IO_LIST_20260928.md it exists only in the HT9050 tree V910_HT9050 (not on this machine, unverified); adding the object = constant + name line; capacity: MAX_SENSOR_ITEM 820 (max idx 801), MaxCylinderItem 295 (max idx 294, 0 spare), MAX_SWITCH_ITEM 372 (max idx 370)	tool-derived (IO_Table.csv row vs golden/port SW[] registration diff; no body read)
E-IO-079	IO_ROW_NO_OBJECT	C_Auto1DrawerLockOff_On	none: golden 906 and V912 define no Cylinder named C_Auto1DrawerLockOff_On	ABSENT: no const in cmydef.cpp and no registration in cinitial.cpp InitialSwitchName:1127 / InitialSensorName:1747 / InitialCylinderName:7703 (s1_iomatch2.py name-only match over 333 SW + 790 Sen + 260 Cyl names); IO row machines/HT9050/IO_Table.csv:972	position-feedback row 972 (C_Auto1DrawerLockOff_On, Enable=1) has no cylinder object to bind to: the cylinder's On/Off sensor is never read	STATE	90	IDENTS=C_Auto1DrawerLockOff_On; family=Drawer (stack drawer lock/position sensors); Enable=1; the FLOW that would use it is not in golden 906/912 -- per docs/IO_LIST_20260928.md it exists only in the HT9050 tree V910_HT9050 (not on this machine, unverified); adding the object = constant + name line; capacity: MAX_SENSOR_ITEM 820 (max idx 801), MaxCylinderItem 295 (max idx 294, 0 spare), MAX_SWITCH_ITEM 372 (max idx 370)	tool-derived (IO_Table.csv row vs golden/port SW[] registration diff; no body read)
E-IO-080	IO_ROW_NO_OBJECT	C_Auto1DrawerLock_On	none: golden 906 and V912 define no Cylinder named C_Auto1DrawerLock_On	ABSENT: no const in cmydef.cpp and no registration in cinitial.cpp InitialSwitchName:1127 / InitialSensorName:1747 / InitialCylinderName:7703 (s1_iomatch2.py name-only match over 333 SW + 790 Sen + 260 Cyl names); IO row machines/HT9050/IO_Table.csv:973	position-feedback row 973 (C_Auto1DrawerLock_On, Enable=1) has no cylinder object to bind to: the cylinder's On/Off sensor is never read	STATE	90	IDENTS=C_Auto1DrawerLock_On; family=Drawer (stack drawer lock/position sensors); Enable=1; the FLOW that would use it is not in golden 906/912 -- per docs/IO_LIST_20260928.md it exists only in the HT9050 tree V910_HT9050 (not on this machine, unverified); adding the object = constant + name line; capacity: MAX_SENSOR_ITEM 820 (max idx 801), MaxCylinderItem 295 (max idx 294, 0 spare), MAX_SWITCH_ITEM 372 (max idx 370)	tool-derived (IO_Table.csv row vs golden/port SW[] registration diff; no body read)
E-IO-085	IO_ROW_NO_OBJECT	SnAuto2EdgeClip1	none: golden 906 and V912 define no Sensor named SnAuto2EdgeClip1	ABSENT: no const in cmydef.cpp and no registration in cinitial.cpp InitialSwitchName:1127 / InitialSensorName:1747 / InitialCylinderName:7703 (s1_iomatch2.py name-only match over 333 SW + 790 Sen + 260 Cyl names); IO row machines/HT9050/IO_Table.csv:978	input row 978 (SnAuto2EdgeClip1, Enable=1) has no Sen[] object: nothing can read it (no flow condition, interlock or alarm)	STATE	90	IDENTS=SnAuto2EdgeClip1; family=EdgeClip (stack edge clamp); Enable=1; the FLOW that would use it is not in golden 906/912 -- per docs/IO_LIST_20260928.md it exists only in the HT9050 tree V910_HT9050 (not on this machine, unverified); adding the object = constant + name line; capacity: MAX_SENSOR_ITEM 820 (max idx 801), MaxCylinderItem 295 (max idx 294, 0 spare), MAX_SWITCH_ITEM 372 (max idx 370)	tool-derived (IO_Table.csv row vs golden/port SW[] registration diff; no body read)
E-IO-086	IO_ROW_NO_OBJECT	SnAuto2EdgeClip2	none: golden 906 and V912 define no Sensor named SnAuto2EdgeClip2	ABSENT: no const in cmydef.cpp and no registration in cinitial.cpp InitialSwitchName:1127 / InitialSensorName:1747 / InitialCylinderName:7703 (s1_iomatch2.py name-only match over 333 SW + 790 Sen + 260 Cyl names); IO row machines/HT9050/IO_Table.csv:979	input row 979 (SnAuto2EdgeClip2, Enable=1) has no Sen[] object: nothing can read it (no flow condition, interlock or alarm)	STATE	90	IDENTS=SnAuto2EdgeClip2; family=EdgeClip (stack edge clamp); Enable=1; the FLOW that would use it is not in golden 906/912 -- per docs/IO_LIST_20260928.md it exists only in the HT9050 tree V910_HT9050 (not on this machine, unverified); adding the object = constant + name line; capacity: MAX_SENSOR_ITEM 820 (max idx 801), MaxCylinderItem 295 (max idx 294, 0 spare), MAX_SWITCH_ITEM 372 (max idx 370)	tool-derived (IO_Table.csv row vs golden/port SW[] registration diff; no body read)
E-IO-087	IO_ROW_NO_OBJECT	SnAuto2DrawerHasTray	none: golden 906 and V912 define no Sensor named SnAuto2DrawerHasTray	ABSENT: no const in cmydef.cpp and no registration in cinitial.cpp InitialSwitchName:1127 / InitialSensorName:1747 / InitialCylinderName:7703 (s1_iomatch2.py name-only match over 333 SW + 790 Sen + 260 Cyl names); IO row machines/HT9050/IO_Table.csv:980	input row 980 (SnAuto2DrawerHasTray, Enable=1) has no Sen[] object: nothing can read it (no flow condition, interlock or alarm)	STATE	90	IDENTS=SnAuto2DrawerHasTray; family=Drawer (stack drawer lock/position sensors); Enable=1; the FLOW that would use it is not in golden 906/912 -- per docs/IO_LIST_20260928.md it exists only in the HT9050 tree V910_HT9050 (not on this machine, unverified); adding the object = constant + name line; capacity: MAX_SENSOR_ITEM 820 (max idx 801), MaxCylinderItem 295 (max idx 294, 0 spare), MAX_SWITCH_ITEM 372 (max idx 370)	tool-derived (IO_Table.csv row vs golden/port SW[] registration diff; no body read)
E-IO-088	IO_ROW_NO_OBJECT	SnAuto2DrawerPosOver	none: golden 906 and V912 define no Sensor named SnAuto2DrawerPosOver	ABSENT: no const in cmydef.cpp and no registration in cinitial.cpp InitialSwitchName:1127 / InitialSensorName:1747 / InitialCylinderName:7703 (s1_iomatch2.py name-only match over 333 SW + 790 Sen + 260 Cyl names); IO row machines/HT9050/IO_Table.csv:981	input row 981 (SnAuto2DrawerPosOver, Enable=1) has no Sen[] object: nothing can read it (no flow condition, interlock or alarm)	STATE	90	IDENTS=SnAuto2DrawerPosOver; family=Drawer (stack drawer lock/position sensors); Enable=1; the FLOW that would use it is not in golden 906/912 -- per docs/IO_LIST_20260928.md it exists only in the HT9050 tree V910_HT9050 (not on this machine, unverified); adding the object = constant + name line; capacity: MAX_SENSOR_ITEM 820 (max idx 801), MaxCylinderItem 295 (max idx 294, 0 spare), MAX_SWITCH_ITEM 372 (max idx 370)	tool-derived (IO_Table.csv row vs golden/port SW[] registration diff; no body read)
E-IO-089	IO_ROW_NO_OBJECT	SnAuto2DrawerPosSafe	none: golden 906 and V912 define no Sensor named SnAuto2DrawerPosSafe	ABSENT: no const in cmydef.cpp and no registration in cinitial.cpp InitialSwitchName:1127 / InitialSensorName:1747 / InitialCylinderName:7703 (s1_iomatch2.py name-only match over 333 SW + 790 Sen + 260 Cyl names); IO row machines/HT9050/IO_Table.csv:982	input row 982 (SnAuto2DrawerPosSafe, Enable=1) has no Sen[] object: nothing can read it (no flow condition, interlock or alarm)	STATE	90	IDENTS=SnAuto2DrawerPosSafe; family=Drawer (stack drawer lock/position sensors); Enable=1; the FLOW that would use it is not in golden 906/912 -- per docs/IO_LIST_20260928.md it exists only in the HT9050 tree V910_HT9050 (not on this machine, unverified); adding the object = constant + name line; capacity: MAX_SENSOR_ITEM 820 (max idx 801), MaxCylinderItem 295 (max idx 294, 0 spare), MAX_SWITCH_ITEM 372 (max idx 370)	tool-derived (IO_Table.csv row vs golden/port SW[] registration diff; no body read)
E-IO-092	IO_ROW_NO_OBJECT	C_Auto2DrawerLock_Off	none: golden 906 and V912 define no Cylinder named C_Auto2DrawerLock_Off	ABSENT: no const in cmydef.cpp and no registration in cinitial.cpp InitialSwitchName:1127 / InitialSensorName:1747 / InitialCylinderName:7703 (s1_iomatch2.py name-only match over 333 SW + 790 Sen + 260 Cyl names); IO row machines/HT9050/IO_Table.csv:985	position-feedback row 985 (C_Auto2DrawerLock_Off, Enable=1) has no cylinder object to bind to: the cylinder's On/Off sensor is never read	STATE	90	IDENTS=C_Auto2DrawerLock_Off; family=Drawer (stack drawer lock/position sensors); Enable=1; the FLOW that would use it is not in golden 906/912 -- per docs/IO_LIST_20260928.md it exists only in the HT9050 tree V910_HT9050 (not on this machine, unverified); adding the object = constant + name line; capacity: MAX_SENSOR_ITEM 820 (max idx 801), MaxCylinderItem 295 (max idx 294, 0 spare), MAX_SWITCH_ITEM 372 (max idx 370)	tool-derived (IO_Table.csv row vs golden/port SW[] registration diff; no body read)
E-IO-093	IO_ROW_NO_OBJECT	C_Auto2DrawerLockOff_On	none: golden 906 and V912 define no Cylinder named C_Auto2DrawerLockOff_On	ABSENT: no const in cmydef.cpp and no registration in cinitial.cpp InitialSwitchName:1127 / InitialSensorName:1747 / InitialCylinderName:7703 (s1_iomatch2.py name-only match over 333 SW + 790 Sen + 260 Cyl names); IO row machines/HT9050/IO_Table.csv:986	position-feedback row 986 (C_Auto2DrawerLockOff_On, Enable=1) has no cylinder object to bind to: the cylinder's On/Off sensor is never read	STATE	90	IDENTS=C_Auto2DrawerLockOff_On; family=Drawer (stack drawer lock/position sensors); Enable=1; the FLOW that would use it is not in golden 906/912 -- per docs/IO_LIST_20260928.md it exists only in the HT9050 tree V910_HT9050 (not on this machine, unverified); adding the object = constant + name line; capacity: MAX_SENSOR_ITEM 820 (max idx 801), MaxCylinderItem 295 (max idx 294, 0 spare), MAX_SWITCH_ITEM 372 (max idx 370)	tool-derived (IO_Table.csv row vs golden/port SW[] registration diff; no body read)
E-IO-094	IO_ROW_NO_OBJECT	C_Auto2DrawerLock_On	none: golden 906 and V912 define no Cylinder named C_Auto2DrawerLock_On	ABSENT: no const in cmydef.cpp and no registration in cinitial.cpp InitialSwitchName:1127 / InitialSensorName:1747 / InitialCylinderName:7703 (s1_iomatch2.py name-only match over 333 SW + 790 Sen + 260 Cyl names); IO row machines/HT9050/IO_Table.csv:987	position-feedback row 987 (C_Auto2DrawerLock_On, Enable=1) has no cylinder object to bind to: the cylinder's On/Off sensor is never read	STATE	90	IDENTS=C_Auto2DrawerLock_On; family=Drawer (stack drawer lock/position sensors); Enable=1; the FLOW that would use it is not in golden 906/912 -- per docs/IO_LIST_20260928.md it exists only in the HT9050 tree V910_HT9050 (not on this machine, unverified); adding the object = constant + name line; capacity: MAX_SENSOR_ITEM 820 (max idx 801), MaxCylinderItem 295 (max idx 294, 0 spare), MAX_SWITCH_ITEM 372 (max idx 370)	tool-derived (IO_Table.csv row vs golden/port SW[] registration diff; no body read)
E-IO-099	IO_ROW_NO_OBJECT	SnAuto3EdgeClip1	none: golden 906 and V912 define no Sensor named SnAuto3EdgeClip1	ABSENT: no const in cmydef.cpp and no registration in cinitial.cpp InitialSwitchName:1127 / InitialSensorName:1747 / InitialCylinderName:7703 (s1_iomatch2.py name-only match over 333 SW + 790 Sen + 260 Cyl names); IO row machines/HT9050/IO_Table.csv:992	input row 992 (SnAuto3EdgeClip1, Enable=1) has no Sen[] object: nothing can read it (no flow condition, interlock or alarm)	STATE	90	IDENTS=SnAuto3EdgeClip1; family=EdgeClip (stack edge clamp); Enable=1; the FLOW that would use it is not in golden 906/912 -- per docs/IO_LIST_20260928.md it exists only in the HT9050 tree V910_HT9050 (not on this machine, unverified); adding the object = constant + name line; capacity: MAX_SENSOR_ITEM 820 (max idx 801), MaxCylinderItem 295 (max idx 294, 0 spare), MAX_SWITCH_ITEM 372 (max idx 370)	tool-derived (IO_Table.csv row vs golden/port SW[] registration diff; no body read)
E-IO-100	IO_ROW_NO_OBJECT	SnAuto3EdgeClip2	none: golden 906 and V912 define no Sensor named SnAuto3EdgeClip2	ABSENT: no const in cmydef.cpp and no registration in cinitial.cpp InitialSwitchName:1127 / InitialSensorName:1747 / InitialCylinderName:7703 (s1_iomatch2.py name-only match over 333 SW + 790 Sen + 260 Cyl names); IO row machines/HT9050/IO_Table.csv:993	input row 993 (SnAuto3EdgeClip2, Enable=1) has no Sen[] object: nothing can read it (no flow condition, interlock or alarm)	STATE	90	IDENTS=SnAuto3EdgeClip2; family=EdgeClip (stack edge clamp); Enable=1; the FLOW that would use it is not in golden 906/912 -- per docs/IO_LIST_20260928.md it exists only in the HT9050 tree V910_HT9050 (not on this machine, unverified); adding the object = constant + name line; capacity: MAX_SENSOR_ITEM 820 (max idx 801), MaxCylinderItem 295 (max idx 294, 0 spare), MAX_SWITCH_ITEM 372 (max idx 370)	tool-derived (IO_Table.csv row vs golden/port SW[] registration diff; no body read)
E-IO-101	IO_ROW_NO_OBJECT	SnAuto3DrawerHasTray	none: golden 906 and V912 define no Sensor named SnAuto3DrawerHasTray	ABSENT: no const in cmydef.cpp and no registration in cinitial.cpp InitialSwitchName:1127 / InitialSensorName:1747 / InitialCylinderName:7703 (s1_iomatch2.py name-only match over 333 SW + 790 Sen + 260 Cyl names); IO row machines/HT9050/IO_Table.csv:994	input row 994 (SnAuto3DrawerHasTray, Enable=1) has no Sen[] object: nothing can read it (no flow condition, interlock or alarm)	STATE	90	IDENTS=SnAuto3DrawerHasTray; family=Drawer (stack drawer lock/position sensors); Enable=1; the FLOW that would use it is not in golden 906/912 -- per docs/IO_LIST_20260928.md it exists only in the HT9050 tree V910_HT9050 (not on this machine, unverified); adding the object = constant + name line; capacity: MAX_SENSOR_ITEM 820 (max idx 801), MaxCylinderItem 295 (max idx 294, 0 spare), MAX_SWITCH_ITEM 372 (max idx 370)	tool-derived (IO_Table.csv row vs golden/port SW[] registration diff; no body read)
E-IO-102	IO_ROW_NO_OBJECT	SnAuto3DrawerPosOver	none: golden 906 and V912 define no Sensor named SnAuto3DrawerPosOver	ABSENT: no const in cmydef.cpp and no registration in cinitial.cpp InitialSwitchName:1127 / InitialSensorName:1747 / InitialCylinderName:7703 (s1_iomatch2.py name-only match over 333 SW + 790 Sen + 260 Cyl names); IO row machines/HT9050/IO_Table.csv:995	input row 995 (SnAuto3DrawerPosOver, Enable=1) has no Sen[] object: nothing can read it (no flow condition, interlock or alarm)	STATE	90	IDENTS=SnAuto3DrawerPosOver; family=Drawer (stack drawer lock/position sensors); Enable=1; the FLOW that would use it is not in golden 906/912 -- per docs/IO_LIST_20260928.md it exists only in the HT9050 tree V910_HT9050 (not on this machine, unverified); adding the object = constant + name line; capacity: MAX_SENSOR_ITEM 820 (max idx 801), MaxCylinderItem 295 (max idx 294, 0 spare), MAX_SWITCH_ITEM 372 (max idx 370)	tool-derived (IO_Table.csv row vs golden/port SW[] registration diff; no body read)
E-IO-105	IO_ROW_NO_OBJECT	C_Auto3DrawerLock_Off	none: golden 906 and V912 define no Cylinder named C_Auto3DrawerLock_Off	ABSENT: no const in cmydef.cpp and no registration in cinitial.cpp InitialSwitchName:1127 / InitialSensorName:1747 / InitialCylinderName:7703 (s1_iomatch2.py name-only match over 333 SW + 790 Sen + 260 Cyl names); IO row machines/HT9050/IO_Table.csv:998	position-feedback row 998 (C_Auto3DrawerLock_Off, Enable=1) has no cylinder object to bind to: the cylinder's On/Off sensor is never read	STATE	90	IDENTS=C_Auto3DrawerLock_Off; family=Drawer (stack drawer lock/position sensors); Enable=1; the FLOW that would use it is not in golden 906/912 -- per docs/IO_LIST_20260928.md it exists only in the HT9050 tree V910_HT9050 (not on this machine, unverified); adding the object = constant + name line; capacity: MAX_SENSOR_ITEM 820 (max idx 801), MaxCylinderItem 295 (max idx 294, 0 spare), MAX_SWITCH_ITEM 372 (max idx 370)	tool-derived (IO_Table.csv row vs golden/port SW[] registration diff; no body read)
E-IO-106	IO_ROW_NO_OBJECT	C_Auto3DrawerLockOff_On	none: golden 906 and V912 define no Cylinder named C_Auto3DrawerLockOff_On	ABSENT: no const in cmydef.cpp and no registration in cinitial.cpp InitialSwitchName:1127 / InitialSensorName:1747 / InitialCylinderName:7703 (s1_iomatch2.py name-only match over 333 SW + 790 Sen + 260 Cyl names); IO row machines/HT9050/IO_Table.csv:999	position-feedback row 999 (C_Auto3DrawerLockOff_On, Enable=1) has no cylinder object to bind to: the cylinder's On/Off sensor is never read	STATE	90	IDENTS=C_Auto3DrawerLockOff_On; family=Drawer (stack drawer lock/position sensors); Enable=1; the FLOW that would use it is not in golden 906/912 -- per docs/IO_LIST_20260928.md it exists only in the HT9050 tree V910_HT9050 (not on this machine, unverified); adding the object = constant + name line; capacity: MAX_SENSOR_ITEM 820 (max idx 801), MaxCylinderItem 295 (max idx 294, 0 spare), MAX_SWITCH_ITEM 372 (max idx 370)	tool-derived (IO_Table.csv row vs golden/port SW[] registration diff; no body read)
E-IO-107	IO_ROW_NO_OBJECT	C_Auto3DrawerLock_On	none: golden 906 and V912 define no Cylinder named C_Auto3DrawerLock_On	ABSENT: no const in cmydef.cpp and no registration in cinitial.cpp InitialSwitchName:1127 / InitialSensorName:1747 / InitialCylinderName:7703 (s1_iomatch2.py name-only match over 333 SW + 790 Sen + 260 Cyl names); IO row machines/HT9050/IO_Table.csv:1000	position-feedback row 1000 (C_Auto3DrawerLock_On, Enable=1) has no cylinder object to bind to: the cylinder's On/Off sensor is never read	STATE	90	IDENTS=C_Auto3DrawerLock_On; family=Drawer (stack drawer lock/position sensors); Enable=1; the FLOW that would use it is not in golden 906/912 -- per docs/IO_LIST_20260928.md it exists only in the HT9050 tree V910_HT9050 (not on this machine, unverified); adding the object = constant + name line; capacity: MAX_SENSOR_ITEM 820 (max idx 801), MaxCylinderItem 295 (max idx 294, 0 spare), MAX_SWITCH_ITEM 372 (max idx 370)	tool-derived (IO_Table.csv row vs golden/port SW[] registration diff; no body read)
E-IO-112	IO_ROW_NO_OBJECT	SnEmptyEdgeClip1	none: golden 906 and V912 define no Sensor named SnEmptyEdgeClip1	ABSENT: no const in cmydef.cpp and no registration in cinitial.cpp InitialSwitchName:1127 / InitialSensorName:1747 / InitialCylinderName:7703 (s1_iomatch2.py name-only match over 333 SW + 790 Sen + 260 Cyl names); IO row machines/HT9050/IO_Table.csv:1005	input row 1005 (SnEmptyEdgeClip1, Enable=1) has no Sen[] object: nothing can read it (no flow condition, interlock or alarm)	STATE	90	IDENTS=SnEmptyEdgeClip1; family=EdgeClip (stack edge clamp); Enable=1; the FLOW that would use it is not in golden 906/912 -- per docs/IO_LIST_20260928.md it exists only in the HT9050 tree V910_HT9050 (not on this machine, unverified); adding the object = constant + name line; capacity: MAX_SENSOR_ITEM 820 (max idx 801), MaxCylinderItem 295 (max idx 294, 0 spare), MAX_SWITCH_ITEM 372 (max idx 370)	tool-derived (IO_Table.csv row vs golden/port SW[] registration diff; no body read)
E-IO-113	IO_ROW_NO_OBJECT	SnEmptyEdgeClip2	none: golden 906 and V912 define no Sensor named SnEmptyEdgeClip2	ABSENT: no const in cmydef.cpp and no registration in cinitial.cpp InitialSwitchName:1127 / InitialSensorName:1747 / InitialCylinderName:7703 (s1_iomatch2.py name-only match over 333 SW + 790 Sen + 260 Cyl names); IO row machines/HT9050/IO_Table.csv:1006	input row 1006 (SnEmptyEdgeClip2, Enable=1) has no Sen[] object: nothing can read it (no flow condition, interlock or alarm)	STATE	90	IDENTS=SnEmptyEdgeClip2; family=EdgeClip (stack edge clamp); Enable=1; the FLOW that would use it is not in golden 906/912 -- per docs/IO_LIST_20260928.md it exists only in the HT9050 tree V910_HT9050 (not on this machine, unverified); adding the object = constant + name line; capacity: MAX_SENSOR_ITEM 820 (max idx 801), MaxCylinderItem 295 (max idx 294, 0 spare), MAX_SWITCH_ITEM 372 (max idx 370)	tool-derived (IO_Table.csv row vs golden/port SW[] registration diff; no body read)
E-IO-115	IO_ROW_NO_OBJECT	SnEmptyEdgePush1	none: golden 906 and V912 define no Sensor named SnEmptyEdgePush1	ABSENT: no const in cmydef.cpp and no registration in cinitial.cpp InitialSwitchName:1127 / InitialSensorName:1747 / InitialCylinderName:7703 (s1_iomatch2.py name-only match over 333 SW + 790 Sen + 260 Cyl names); IO row machines/HT9050/IO_Table.csv:1011	input row 1011 (SnEmptyEdgePush1, Enable=1) has no Sen[] object: nothing can read it (no flow condition, interlock or alarm)	STATE	90	IDENTS=SnEmptyEdgePush1; family=EdgePush/Z_Select position sensors (HT9050 4-point); Enable=1; the FLOW that would use it is not in golden 906/912 -- per docs/IO_LIST_20260928.md it exists only in the HT9050 tree V910_HT9050 (not on this machine, unverified); adding the object = constant + name line; capacity: MAX_SENSOR_ITEM 820 (max idx 801), MaxCylinderItem 295 (max idx 294, 0 spare), MAX_SWITCH_ITEM 372 (max idx 370)	tool-derived (IO_Table.csv row vs golden/port SW[] registration diff; no body read)
E-IO-116	IO_ROW_NO_OBJECT	SnEmptyEdgePush2	none: golden 906 and V912 define no Sensor named SnEmptyEdgePush2	ABSENT: no const in cmydef.cpp and no registration in cinitial.cpp InitialSwitchName:1127 / InitialSensorName:1747 / InitialCylinderName:7703 (s1_iomatch2.py name-only match over 333 SW + 790 Sen + 260 Cyl names); IO row machines/HT9050/IO_Table.csv:1012	input row 1012 (SnEmptyEdgePush2, Enable=1) has no Sen[] object: nothing can read it (no flow condition, interlock or alarm)	STATE	90	IDENTS=SnEmptyEdgePush2; family=EdgePush/Z_Select position sensors (HT9050 4-point); Enable=1; the FLOW that would use it is not in golden 906/912 -- per docs/IO_LIST_20260928.md it exists only in the HT9050 tree V910_HT9050 (not on this machine, unverified); adding the object = constant + name line; capacity: MAX_SENSOR_ITEM 820 (max idx 801), MaxCylinderItem 295 (max idx 294, 0 spare), MAX_SWITCH_ITEM 372 (max idx 370)	tool-derived (IO_Table.csv row vs golden/port SW[] registration diff; no body read)
E-IO-117	IO_ROW_NO_OBJECT	SnEmptyDrawerHasTray	none: golden 906 and V912 define no Sensor named SnEmptyDrawerHasTray	ABSENT: no const in cmydef.cpp and no registration in cinitial.cpp InitialSwitchName:1127 / InitialSensorName:1747 / InitialCylinderName:7703 (s1_iomatch2.py name-only match over 333 SW + 790 Sen + 260 Cyl names); IO row machines/HT9050/IO_Table.csv:1013	input row 1013 (SnEmptyDrawerHasTray, Enable=1) has no Sen[] object: nothing can read it (no flow condition, interlock or alarm)	STATE	90	IDENTS=SnEmptyDrawerHasTray; family=Drawer (stack drawer lock/position sensors); Enable=1; the FLOW that would use it is not in golden 906/912 -- per docs/IO_LIST_20260928.md it exists only in the HT9050 tree V910_HT9050 (not on this machine, unverified); adding the object = constant + name line; capacity: MAX_SENSOR_ITEM 820 (max idx 801), MaxCylinderItem 295 (max idx 294, 0 spare), MAX_SWITCH_ITEM 372 (max idx 370)	tool-derived (IO_Table.csv row vs golden/port SW[] registration diff; no body read)
E-IO-118	IO_ROW_NO_OBJECT	SnEmptyDrawerPosOver	none: golden 906 and V912 define no Sensor named SnEmptyDrawerPosOver	ABSENT: no const in cmydef.cpp and no registration in cinitial.cpp InitialSwitchName:1127 / InitialSensorName:1747 / InitialCylinderName:7703 (s1_iomatch2.py name-only match over 333 SW + 790 Sen + 260 Cyl names); IO row machines/HT9050/IO_Table.csv:1014	input row 1014 (SnEmptyDrawerPosOver, Enable=1) has no Sen[] object: nothing can read it (no flow condition, interlock or alarm)	STATE	90	IDENTS=SnEmptyDrawerPosOver; family=Drawer (stack drawer lock/position sensors); Enable=1; the FLOW that would use it is not in golden 906/912 -- per docs/IO_LIST_20260928.md it exists only in the HT9050 tree V910_HT9050 (not on this machine, unverified); adding the object = constant + name line; capacity: MAX_SENSOR_ITEM 820 (max idx 801), MaxCylinderItem 295 (max idx 294, 0 spare), MAX_SWITCH_ITEM 372 (max idx 370)	tool-derived (IO_Table.csv row vs golden/port SW[] registration diff; no body read)
E-IO-119	IO_ROW_NO_OBJECT	SnEmptyDrawerPosSafe	none: golden 906 and V912 define no Sensor named SnEmptyDrawerPosSafe	ABSENT: no const in cmydef.cpp and no registration in cinitial.cpp InitialSwitchName:1127 / InitialSensorName:1747 / InitialCylinderName:7703 (s1_iomatch2.py name-only match over 333 SW + 790 Sen + 260 Cyl names); IO row machines/HT9050/IO_Table.csv:1015	input row 1015 (SnEmptyDrawerPosSafe, Enable=1) has no Sen[] object: nothing can read it (no flow condition, interlock or alarm)	STATE	90	IDENTS=SnEmptyDrawerPosSafe; family=Drawer (stack drawer lock/position sensors); Enable=1; the FLOW that would use it is not in golden 906/912 -- per docs/IO_LIST_20260928.md it exists only in the HT9050 tree V910_HT9050 (not on this machine, unverified); adding the object = constant + name line; capacity: MAX_SENSOR_ITEM 820 (max idx 801), MaxCylinderItem 295 (max idx 294, 0 spare), MAX_SWITCH_ITEM 372 (max idx 370)	tool-derived (IO_Table.csv row vs golden/port SW[] registration diff; no body read)
E-IO-122	IO_ROW_NO_OBJECT	C_EmptyDrawerLock_Off	none: golden 906 and V912 define no Cylinder named C_EmptyDrawerLock_Off	ABSENT: no const in cmydef.cpp and no registration in cinitial.cpp InitialSwitchName:1127 / InitialSensorName:1747 / InitialCylinderName:7703 (s1_iomatch2.py name-only match over 333 SW + 790 Sen + 260 Cyl names); IO row machines/HT9050/IO_Table.csv:1018	position-feedback row 1018 (C_EmptyDrawerLock_Off, Enable=1) has no cylinder object to bind to: the cylinder's On/Off sensor is never read	STATE	90	IDENTS=C_EmptyDrawerLock_Off; family=Drawer (stack drawer lock/position sensors); Enable=1; the FLOW that would use it is not in golden 906/912 -- per docs/IO_LIST_20260928.md it exists only in the HT9050 tree V910_HT9050 (not on this machine, unverified); adding the object = constant + name line; capacity: MAX_SENSOR_ITEM 820 (max idx 801), MaxCylinderItem 295 (max idx 294, 0 spare), MAX_SWITCH_ITEM 372 (max idx 370)	tool-derived (IO_Table.csv row vs golden/port SW[] registration diff; no body read)
E-IO-123	IO_ROW_NO_OBJECT	C_EmptyDrawerLockOff_On	none: golden 906 and V912 define no Cylinder named C_EmptyDrawerLockOff_On	ABSENT: no const in cmydef.cpp and no registration in cinitial.cpp InitialSwitchName:1127 / InitialSensorName:1747 / InitialCylinderName:7703 (s1_iomatch2.py name-only match over 333 SW + 790 Sen + 260 Cyl names); IO row machines/HT9050/IO_Table.csv:1019	position-feedback row 1019 (C_EmptyDrawerLockOff_On, Enable=1) has no cylinder object to bind to: the cylinder's On/Off sensor is never read	STATE	90	IDENTS=C_EmptyDrawerLockOff_On; family=Drawer (stack drawer lock/position sensors); Enable=1; the FLOW that would use it is not in golden 906/912 -- per docs/IO_LIST_20260928.md it exists only in the HT9050 tree V910_HT9050 (not on this machine, unverified); adding the object = constant + name line; capacity: MAX_SENSOR_ITEM 820 (max idx 801), MaxCylinderItem 295 (max idx 294, 0 spare), MAX_SWITCH_ITEM 372 (max idx 370)	tool-derived (IO_Table.csv row vs golden/port SW[] registration diff; no body read)
E-IO-124	IO_ROW_NO_OBJECT	C_EmptyDrawerLock_On	none: golden 906 and V912 define no Cylinder named C_EmptyDrawerLock_On	ABSENT: no const in cmydef.cpp and no registration in cinitial.cpp InitialSwitchName:1127 / InitialSensorName:1747 / InitialCylinderName:7703 (s1_iomatch2.py name-only match over 333 SW + 790 Sen + 260 Cyl names); IO row machines/HT9050/IO_Table.csv:1020	position-feedback row 1020 (C_EmptyDrawerLock_On, Enable=1) has no cylinder object to bind to: the cylinder's On/Off sensor is never read	STATE	90	IDENTS=C_EmptyDrawerLock_On; family=Drawer (stack drawer lock/position sensors); Enable=1; the FLOW that would use it is not in golden 906/912 -- per docs/IO_LIST_20260928.md it exists only in the HT9050 tree V910_HT9050 (not on this machine, unverified); adding the object = constant + name line; capacity: MAX_SENSOR_ITEM 820 (max idx 801), MaxCylinderItem 295 (max idx 294, 0 spare), MAX_SWITCH_ITEM 372 (max idx 370)	tool-derived (IO_Table.csv row vs golden/port SW[] registration diff; no body read)
E-IO-126	IO_ROW_NO_OBJECT	C_InPnPDrop1_Off	none: golden 906 and V912 define no Cylinder named C_InPnPDrop1_Off	ABSENT: no const in cmydef.cpp and no registration in cinitial.cpp InitialSwitchName:1127 / InitialSensorName:1747 / InitialCylinderName:7703 (s1_iomatch2.py name-only match over 333 SW + 790 Sen + 260 Cyl names); IO row machines/HT9050/IO_Table.csv:1022	position-feedback row 1022 (C_InPnPDrop1_Off, Enable=1) has no cylinder object to bind to: the cylinder's On/Off sensor is never read	STATE	90	IDENTS=C_InPnPDrop1_Off; family=PnPDrop cylinders; Enable=1; the FLOW that would use it is not in golden 906/912 -- per docs/IO_LIST_20260928.md it exists only in the HT9050 tree V910_HT9050 (not on this machine, unverified); adding the object = constant + name line; capacity: MAX_SENSOR_ITEM 820 (max idx 801), MaxCylinderItem 295 (max idx 294, 0 spare), MAX_SWITCH_ITEM 372 (max idx 370)	tool-derived (IO_Table.csv row vs golden/port SW[] registration diff; no body read)
E-IO-127	IO_ROW_NO_OBJECT	C_InPnPDrop1_On	none: golden 906 and V912 define no Cylinder named C_InPnPDrop1_On	ABSENT: no const in cmydef.cpp and no registration in cinitial.cpp InitialSwitchName:1127 / InitialSensorName:1747 / InitialCylinderName:7703 (s1_iomatch2.py name-only match over 333 SW + 790 Sen + 260 Cyl names); IO row machines/HT9050/IO_Table.csv:1023	position-feedback row 1023 (C_InPnPDrop1_On, Enable=1) has no cylinder object to bind to: the cylinder's On/Off sensor is never read	STATE	90	IDENTS=C_InPnPDrop1_On; family=PnPDrop cylinders; Enable=1; the FLOW that would use it is not in golden 906/912 -- per docs/IO_LIST_20260928.md it exists only in the HT9050 tree V910_HT9050 (not on this machine, unverified); adding the object = constant + name line; capacity: MAX_SENSOR_ITEM 820 (max idx 801), MaxCylinderItem 295 (max idx 294, 0 spare), MAX_SWITCH_ITEM 372 (max idx 370)	tool-derived (IO_Table.csv row vs golden/port SW[] registration diff; no body read)
E-IO-129	IO_ROW_NO_OBJECT	C_InPnPDrop2_Off	none: golden 906 and V912 define no Cylinder named C_InPnPDrop2_Off	ABSENT: no const in cmydef.cpp and no registration in cinitial.cpp InitialSwitchName:1127 / InitialSensorName:1747 / InitialCylinderName:7703 (s1_iomatch2.py name-only match over 333 SW + 790 Sen + 260 Cyl names); IO row machines/HT9050/IO_Table.csv:1025	position-feedback row 1025 (C_InPnPDrop2_Off, Enable=1) has no cylinder object to bind to: the cylinder's On/Off sensor is never read	STATE	90	IDENTS=C_InPnPDrop2_Off; family=PnPDrop cylinders; Enable=1; the FLOW that would use it is not in golden 906/912 -- per docs/IO_LIST_20260928.md it exists only in the HT9050 tree V910_HT9050 (not on this machine, unverified); adding the object = constant + name line; capacity: MAX_SENSOR_ITEM 820 (max idx 801), MaxCylinderItem 295 (max idx 294, 0 spare), MAX_SWITCH_ITEM 372 (max idx 370)	tool-derived (IO_Table.csv row vs golden/port SW[] registration diff; no body read)
E-IO-130	IO_ROW_NO_OBJECT	C_InPnPDrop2_On	none: golden 906 and V912 define no Cylinder named C_InPnPDrop2_On	ABSENT: no const in cmydef.cpp and no registration in cinitial.cpp InitialSwitchName:1127 / InitialSensorName:1747 / InitialCylinderName:7703 (s1_iomatch2.py name-only match over 333 SW + 790 Sen + 260 Cyl names); IO row machines/HT9050/IO_Table.csv:1026	position-feedback row 1026 (C_InPnPDrop2_On, Enable=1) has no cylinder object to bind to: the cylinder's On/Off sensor is never read	STATE	90	IDENTS=C_InPnPDrop2_On; family=PnPDrop cylinders; Enable=1; the FLOW that would use it is not in golden 906/912 -- per docs/IO_LIST_20260928.md it exists only in the HT9050 tree V910_HT9050 (not on this machine, unverified); adding the object = constant + name line; capacity: MAX_SENSOR_ITEM 820 (max idx 801), MaxCylinderItem 295 (max idx 294, 0 spare), MAX_SWITCH_ITEM 372 (max idx 370)	tool-derived (IO_Table.csv row vs golden/port SW[] registration diff; no body read)
E-IO-132	IO_ROW_NO_OBJECT	C_InPnPDrop3_Off	none: golden 906 and V912 define no Cylinder named C_InPnPDrop3_Off	ABSENT: no const in cmydef.cpp and no registration in cinitial.cpp InitialSwitchName:1127 / InitialSensorName:1747 / InitialCylinderName:7703 (s1_iomatch2.py name-only match over 333 SW + 790 Sen + 260 Cyl names); IO row machines/HT9050/IO_Table.csv:1028	position-feedback row 1028 (C_InPnPDrop3_Off, Enable=1) has no cylinder object to bind to: the cylinder's On/Off sensor is never read	STATE	90	IDENTS=C_InPnPDrop3_Off; family=PnPDrop cylinders; Enable=1; the FLOW that would use it is not in golden 906/912 -- per docs/IO_LIST_20260928.md it exists only in the HT9050 tree V910_HT9050 (not on this machine, unverified); adding the object = constant + name line; capacity: MAX_SENSOR_ITEM 820 (max idx 801), MaxCylinderItem 295 (max idx 294, 0 spare), MAX_SWITCH_ITEM 372 (max idx 370)	tool-derived (IO_Table.csv row vs golden/port SW[] registration diff; no body read)
E-IO-133	IO_ROW_NO_OBJECT	C_InPnPDrop3_On	none: golden 906 and V912 define no Cylinder named C_InPnPDrop3_On	ABSENT: no const in cmydef.cpp and no registration in cinitial.cpp InitialSwitchName:1127 / InitialSensorName:1747 / InitialCylinderName:7703 (s1_iomatch2.py name-only match over 333 SW + 790 Sen + 260 Cyl names); IO row machines/HT9050/IO_Table.csv:1029	position-feedback row 1029 (C_InPnPDrop3_On, Enable=1) has no cylinder object to bind to: the cylinder's On/Off sensor is never read	STATE	90	IDENTS=C_InPnPDrop3_On; family=PnPDrop cylinders; Enable=1; the FLOW that would use it is not in golden 906/912 -- per docs/IO_LIST_20260928.md it exists only in the HT9050 tree V910_HT9050 (not on this machine, unverified); adding the object = constant + name line; capacity: MAX_SENSOR_ITEM 820 (max idx 801), MaxCylinderItem 295 (max idx 294, 0 spare), MAX_SWITCH_ITEM 372 (max idx 370)	tool-derived (IO_Table.csv row vs golden/port SW[] registration diff; no body read)
E-IO-135	IO_ROW_NO_OBJECT	C_InPnPDrop4_Off	none: golden 906 and V912 define no Cylinder named C_InPnPDrop4_Off	ABSENT: no const in cmydef.cpp and no registration in cinitial.cpp InitialSwitchName:1127 / InitialSensorName:1747 / InitialCylinderName:7703 (s1_iomatch2.py name-only match over 333 SW + 790 Sen + 260 Cyl names); IO row machines/HT9050/IO_Table.csv:1031	position-feedback row 1031 (C_InPnPDrop4_Off, Enable=1) has no cylinder object to bind to: the cylinder's On/Off sensor is never read	STATE	90	IDENTS=C_InPnPDrop4_Off; family=PnPDrop cylinders; Enable=1; the FLOW that would use it is not in golden 906/912 -- per docs/IO_LIST_20260928.md it exists only in the HT9050 tree V910_HT9050 (not on this machine, unverified); adding the object = constant + name line; capacity: MAX_SENSOR_ITEM 820 (max idx 801), MaxCylinderItem 295 (max idx 294, 0 spare), MAX_SWITCH_ITEM 372 (max idx 370)	tool-derived (IO_Table.csv row vs golden/port SW[] registration diff; no body read)
E-IO-136	IO_ROW_NO_OBJECT	C_InPnPDrop4_On	none: golden 906 and V912 define no Cylinder named C_InPnPDrop4_On	ABSENT: no const in cmydef.cpp and no registration in cinitial.cpp InitialSwitchName:1127 / InitialSensorName:1747 / InitialCylinderName:7703 (s1_iomatch2.py name-only match over 333 SW + 790 Sen + 260 Cyl names); IO row machines/HT9050/IO_Table.csv:1032	position-feedback row 1032 (C_InPnPDrop4_On, Enable=1) has no cylinder object to bind to: the cylinder's On/Off sensor is never read	STATE	90	IDENTS=C_InPnPDrop4_On; family=PnPDrop cylinders; Enable=1; the FLOW that would use it is not in golden 906/912 -- per docs/IO_LIST_20260928.md it exists only in the HT9050 tree V910_HT9050 (not on this machine, unverified); adding the object = constant + name line; capacity: MAX_SENSOR_ITEM 820 (max idx 801), MaxCylinderItem 295 (max idx 294, 0 spare), MAX_SWITCH_ITEM 372 (max idx 370)	tool-derived (IO_Table.csv row vs golden/port SW[] registration diff; no body read)
E-IO-138	IO_ROW_NO_OBJECT	C_OutPnPDrop1_Off	none: golden 906 and V912 define no Cylinder named C_OutPnPDrop1_Off	ABSENT: no const in cmydef.cpp and no registration in cinitial.cpp InitialSwitchName:1127 / InitialSensorName:1747 / InitialCylinderName:7703 (s1_iomatch2.py name-only match over 333 SW + 790 Sen + 260 Cyl names); IO row machines/HT9050/IO_Table.csv:1034	position-feedback row 1034 (C_OutPnPDrop1_Off, Enable=1) has no cylinder object to bind to: the cylinder's On/Off sensor is never read	STATE	90	IDENTS=C_OutPnPDrop1_Off; family=PnPDrop cylinders; Enable=1; the FLOW that would use it is not in golden 906/912 -- per docs/IO_LIST_20260928.md it exists only in the HT9050 tree V910_HT9050 (not on this machine, unverified); adding the object = constant + name line; capacity: MAX_SENSOR_ITEM 820 (max idx 801), MaxCylinderItem 295 (max idx 294, 0 spare), MAX_SWITCH_ITEM 372 (max idx 370)	tool-derived (IO_Table.csv row vs golden/port SW[] registration diff; no body read)
E-IO-139	IO_ROW_NO_OBJECT	C_OutPnPDrop1_On	none: golden 906 and V912 define no Cylinder named C_OutPnPDrop1_On	ABSENT: no const in cmydef.cpp and no registration in cinitial.cpp InitialSwitchName:1127 / InitialSensorName:1747 / InitialCylinderName:7703 (s1_iomatch2.py name-only match over 333 SW + 790 Sen + 260 Cyl names); IO row machines/HT9050/IO_Table.csv:1035	position-feedback row 1035 (C_OutPnPDrop1_On, Enable=1) has no cylinder object to bind to: the cylinder's On/Off sensor is never read	STATE	90	IDENTS=C_OutPnPDrop1_On; family=PnPDrop cylinders; Enable=1; the FLOW that would use it is not in golden 906/912 -- per docs/IO_LIST_20260928.md it exists only in the HT9050 tree V910_HT9050 (not on this machine, unverified); adding the object = constant + name line; capacity: MAX_SENSOR_ITEM 820 (max idx 801), MaxCylinderItem 295 (max idx 294, 0 spare), MAX_SWITCH_ITEM 372 (max idx 370)	tool-derived (IO_Table.csv row vs golden/port SW[] registration diff; no body read)
E-IO-141	IO_ROW_NO_OBJECT	C_OutPnPDrop2_Off	none: golden 906 and V912 define no Cylinder named C_OutPnPDrop2_Off	ABSENT: no const in cmydef.cpp and no registration in cinitial.cpp InitialSwitchName:1127 / InitialSensorName:1747 / InitialCylinderName:7703 (s1_iomatch2.py name-only match over 333 SW + 790 Sen + 260 Cyl names); IO row machines/HT9050/IO_Table.csv:1037	position-feedback row 1037 (C_OutPnPDrop2_Off, Enable=1) has no cylinder object to bind to: the cylinder's On/Off sensor is never read	STATE	90	IDENTS=C_OutPnPDrop2_Off; family=PnPDrop cylinders; Enable=1; the FLOW that would use it is not in golden 906/912 -- per docs/IO_LIST_20260928.md it exists only in the HT9050 tree V910_HT9050 (not on this machine, unverified); adding the object = constant + name line; capacity: MAX_SENSOR_ITEM 820 (max idx 801), MaxCylinderItem 295 (max idx 294, 0 spare), MAX_SWITCH_ITEM 372 (max idx 370)	tool-derived (IO_Table.csv row vs golden/port SW[] registration diff; no body read)
E-IO-142	IO_ROW_NO_OBJECT	C_OutPnPDrop2_On	none: golden 906 and V912 define no Cylinder named C_OutPnPDrop2_On	ABSENT: no const in cmydef.cpp and no registration in cinitial.cpp InitialSwitchName:1127 / InitialSensorName:1747 / InitialCylinderName:7703 (s1_iomatch2.py name-only match over 333 SW + 790 Sen + 260 Cyl names); IO row machines/HT9050/IO_Table.csv:1038	position-feedback row 1038 (C_OutPnPDrop2_On, Enable=1) has no cylinder object to bind to: the cylinder's On/Off sensor is never read	STATE	90	IDENTS=C_OutPnPDrop2_On; family=PnPDrop cylinders; Enable=1; the FLOW that would use it is not in golden 906/912 -- per docs/IO_LIST_20260928.md it exists only in the HT9050 tree V910_HT9050 (not on this machine, unverified); adding the object = constant + name line; capacity: MAX_SENSOR_ITEM 820 (max idx 801), MaxCylinderItem 295 (max idx 294, 0 spare), MAX_SWITCH_ITEM 372 (max idx 370)	tool-derived (IO_Table.csv row vs golden/port SW[] registration diff; no body read)
E-IO-144	IO_ROW_NO_OBJECT	C_OutPnPDrop3_Off	none: golden 906 and V912 define no Cylinder named C_OutPnPDrop3_Off	ABSENT: no const in cmydef.cpp and no registration in cinitial.cpp InitialSwitchName:1127 / InitialSensorName:1747 / InitialCylinderName:7703 (s1_iomatch2.py name-only match over 333 SW + 790 Sen + 260 Cyl names); IO row machines/HT9050/IO_Table.csv:1040	position-feedback row 1040 (C_OutPnPDrop3_Off, Enable=1) has no cylinder object to bind to: the cylinder's On/Off sensor is never read	STATE	90	IDENTS=C_OutPnPDrop3_Off; family=PnPDrop cylinders; Enable=1; the FLOW that would use it is not in golden 906/912 -- per docs/IO_LIST_20260928.md it exists only in the HT9050 tree V910_HT9050 (not on this machine, unverified); adding the object = constant + name line; capacity: MAX_SENSOR_ITEM 820 (max idx 801), MaxCylinderItem 295 (max idx 294, 0 spare), MAX_SWITCH_ITEM 372 (max idx 370)	tool-derived (IO_Table.csv row vs golden/port SW[] registration diff; no body read)
E-IO-145	IO_ROW_NO_OBJECT	C_OutPnPDrop3_On	none: golden 906 and V912 define no Cylinder named C_OutPnPDrop3_On	ABSENT: no const in cmydef.cpp and no registration in cinitial.cpp InitialSwitchName:1127 / InitialSensorName:1747 / InitialCylinderName:7703 (s1_iomatch2.py name-only match over 333 SW + 790 Sen + 260 Cyl names); IO row machines/HT9050/IO_Table.csv:1041	position-feedback row 1041 (C_OutPnPDrop3_On, Enable=1) has no cylinder object to bind to: the cylinder's On/Off sensor is never read	STATE	90	IDENTS=C_OutPnPDrop3_On; family=PnPDrop cylinders; Enable=1; the FLOW that would use it is not in golden 906/912 -- per docs/IO_LIST_20260928.md it exists only in the HT9050 tree V910_HT9050 (not on this machine, unverified); adding the object = constant + name line; capacity: MAX_SENSOR_ITEM 820 (max idx 801), MaxCylinderItem 295 (max idx 294, 0 spare), MAX_SWITCH_ITEM 372 (max idx 370)	tool-derived (IO_Table.csv row vs golden/port SW[] registration diff; no body read)
E-IO-147	IO_ROW_NO_OBJECT	C_OutPnPDrop4_Off	none: golden 906 and V912 define no Cylinder named C_OutPnPDrop4_Off	ABSENT: no const in cmydef.cpp and no registration in cinitial.cpp InitialSwitchName:1127 / InitialSensorName:1747 / InitialCylinderName:7703 (s1_iomatch2.py name-only match over 333 SW + 790 Sen + 260 Cyl names); IO row machines/HT9050/IO_Table.csv:1043	position-feedback row 1043 (C_OutPnPDrop4_Off, Enable=1) has no cylinder object to bind to: the cylinder's On/Off sensor is never read	STATE	90	IDENTS=C_OutPnPDrop4_Off; family=PnPDrop cylinders; Enable=1; the FLOW that would use it is not in golden 906/912 -- per docs/IO_LIST_20260928.md it exists only in the HT9050 tree V910_HT9050 (not on this machine, unverified); adding the object = constant + name line; capacity: MAX_SENSOR_ITEM 820 (max idx 801), MaxCylinderItem 295 (max idx 294, 0 spare), MAX_SWITCH_ITEM 372 (max idx 370)	tool-derived (IO_Table.csv row vs golden/port SW[] registration diff; no body read)
E-IO-148	IO_ROW_NO_OBJECT	C_OutPnPDrop4_On	none: golden 906 and V912 define no Cylinder named C_OutPnPDrop4_On	ABSENT: no const in cmydef.cpp and no registration in cinitial.cpp InitialSwitchName:1127 / InitialSensorName:1747 / InitialCylinderName:7703 (s1_iomatch2.py name-only match over 333 SW + 790 Sen + 260 Cyl names); IO row machines/HT9050/IO_Table.csv:1044	position-feedback row 1044 (C_OutPnPDrop4_On, Enable=1) has no cylinder object to bind to: the cylinder's On/Off sensor is never read	STATE	90	IDENTS=C_OutPnPDrop4_On; family=PnPDrop cylinders; Enable=1; the FLOW that would use it is not in golden 906/912 -- per docs/IO_LIST_20260928.md it exists only in the HT9050 tree V910_HT9050 (not on this machine, unverified); adding the object = constant + name line; capacity: MAX_SENSOR_ITEM 820 (max idx 801), MaxCylinderItem 295 (max idx 294, 0 spare), MAX_SWITCH_ITEM 372 (max idx 370)	tool-derived (IO_Table.csv row vs golden/port SW[] registration diff; no body read)
E-IO-150	IO_ROW_NO_OBJECT	C_Shuttle1FloodgateOff_On	none: golden 906 and V912 define no Cylinder named C_Shuttle1FloodgateOff_On	ABSENT: no const in cmydef.cpp and no registration in cinitial.cpp InitialSwitchName:1127 / InitialSensorName:1747 / InitialCylinderName:7703 (s1_iomatch2.py name-only match over 333 SW + 790 Sen + 260 Cyl names); IO row machines/HT9050/IO_Table.csv:1048	position-feedback row 1048 (C_Shuttle1FloodgateOff_On, Enable=1) has no cylinder object to bind to: the cylinder's On/Off sensor is never read	STATE	90	IDENTS=C_Shuttle1FloodgateOff_On; family=Floodgate 2nd coil feedback; Enable=1; the FLOW that would use it is not in golden 906/912 -- per docs/IO_LIST_20260928.md it exists only in the HT9050 tree V910_HT9050 (not on this machine, unverified); adding the object = constant + name line; capacity: MAX_SENSOR_ITEM 820 (max idx 801), MaxCylinderItem 295 (max idx 294, 0 spare), MAX_SWITCH_ITEM 372 (max idx 370)	tool-derived (IO_Table.csv row vs golden/port SW[] registration diff; no body read)
E-IO-152	IO_ROW_NO_OBJECT	C_OutShuttle1FloodgateOff_On	none: golden 906 and V912 define no Cylinder named C_OutShuttle1FloodgateOff_On (nearest golden name: C_OutShuttle1Floodgate)	ABSENT: no const in cmydef.cpp and no registration in cinitial.cpp InitialSwitchName:1127 / InitialSensorName:1747 / InitialCylinderName:7703 (s1_iomatch2.py name-only match over 333 SW + 790 Sen + 260 Cyl names); IO row machines/HT9050/IO_Table.csv:1053	position-feedback row 1053 (C_OutShuttle1FloodgateOff_On, Enable=1) has no cylinder object to bind to: the cylinder's On/Off sensor is never read	STATE	90	IDENTS=C_OutShuttle1FloodgateOff_On; family=Floodgate 2nd coil feedback; Enable=1; the FLOW that would use it is not in golden 906/912 -- per docs/IO_LIST_20260928.md it exists only in the HT9050 tree V910_HT9050 (not on this machine, unverified); adding the object = constant + name line; capacity: MAX_SENSOR_ITEM 820 (max idx 801), MaxCylinderItem 295 (max idx 294, 0 spare), MAX_SWITCH_ITEM 372 (max idx 370)	tool-derived (IO_Table.csv row vs golden/port SW[] registration diff; no body read)
E-IO-154	IO_ROW_NO_OBJECT	C_OutArmSmallY_Off	none: golden 906 and V912 define no Cylinder named C_OutArmSmallY_Off	ABSENT: no const in cmydef.cpp and no registration in cinitial.cpp InitialSwitchName:1127 / InitialSensorName:1747 / InitialCylinderName:7703 (s1_iomatch2.py name-only match over 333 SW + 790 Sen + 260 Cyl names); IO row machines/HT9050/IO_Table.csv:1056	position-feedback row 1056 (C_OutArmSmallY_Off, Enable=1) has no cylinder object to bind to: the cylinder's On/Off sensor is never read	STATE	90	IDENTS=C_OutArmSmallY_Off; family=OutArmSmallY; Enable=1; the FLOW that would use it is not in golden 906/912 -- per docs/IO_LIST_20260928.md it exists only in the HT9050 tree V910_HT9050 (not on this machine, unverified); adding the object = constant + name line; capacity: MAX_SENSOR_ITEM 820 (max idx 801), MaxCylinderItem 295 (max idx 294, 0 spare), MAX_SWITCH_ITEM 372 (max idx 370)	tool-derived (IO_Table.csv row vs golden/port SW[] registration diff; no body read)
E-IO-155	IO_ROW_NO_OBJECT	C_OutArmSmallY_On	none: golden 906 and V912 define no Cylinder named C_OutArmSmallY_On	ABSENT: no const in cmydef.cpp and no registration in cinitial.cpp InitialSwitchName:1127 / InitialSensorName:1747 / InitialCylinderName:7703 (s1_iomatch2.py name-only match over 333 SW + 790 Sen + 260 Cyl names); IO row machines/HT9050/IO_Table.csv:1057	position-feedback row 1057 (C_OutArmSmallY_On, Enable=1) has no cylinder object to bind to: the cylinder's On/Off sensor is never read	STATE	90	IDENTS=C_OutArmSmallY_On; family=OutArmSmallY; Enable=1; the FLOW that would use it is not in golden 906/912 -- per docs/IO_LIST_20260928.md it exists only in the HT9050 tree V910_HT9050 (not on this machine, unverified); adding the object = constant + name line; capacity: MAX_SENSOR_ITEM 820 (max idx 801), MaxCylinderItem 295 (max idx 294, 0 spare), MAX_SWITCH_ITEM 372 (max idx 370)	tool-derived (IO_Table.csv row vs golden/port SW[] registration diff; no body read)
E-IO-159	IO_ROW_NO_OBJECT	C_CleanPanel_Off	none: golden 906 and V912 define no Cylinder named C_CleanPanel_Off	ABSENT: no const in cmydef.cpp and no registration in cinitial.cpp InitialSwitchName:1127 / InitialSensorName:1747 / InitialCylinderName:7703 (s1_iomatch2.py name-only match over 333 SW + 790 Sen + 260 Cyl names); IO row machines/HT9050/IO_Table.csv:1063	position-feedback row 1063 (C_CleanPanel_Off, Enable=1) has no cylinder object to bind to: the cylinder's On/Off sensor is never read	STATE	90	IDENTS=C_CleanPanel_Off; family=CleanPanel; Enable=1; the FLOW that would use it is not in golden 906/912 -- per docs/IO_LIST_20260928.md it exists only in the HT9050 tree V910_HT9050 (not on this machine, unverified); adding the object = constant + name line; capacity: MAX_SENSOR_ITEM 820 (max idx 801), MaxCylinderItem 295 (max idx 294, 0 spare), MAX_SWITCH_ITEM 372 (max idx 370)	tool-derived (IO_Table.csv row vs golden/port SW[] registration diff; no body read)
E-IO-160	IO_ROW_NO_OBJECT	C_CleanPanelOff_On	none: golden 906 and V912 define no Cylinder named C_CleanPanelOff_On	ABSENT: no const in cmydef.cpp and no registration in cinitial.cpp InitialSwitchName:1127 / InitialSensorName:1747 / InitialCylinderName:7703 (s1_iomatch2.py name-only match over 333 SW + 790 Sen + 260 Cyl names); IO row machines/HT9050/IO_Table.csv:1064	position-feedback row 1064 (C_CleanPanelOff_On, Enable=1) has no cylinder object to bind to: the cylinder's On/Off sensor is never read	STATE	90	IDENTS=C_CleanPanelOff_On; family=CleanPanel; Enable=1; the FLOW that would use it is not in golden 906/912 -- per docs/IO_LIST_20260928.md it exists only in the HT9050 tree V910_HT9050 (not on this machine, unverified); adding the object = constant + name line; capacity: MAX_SENSOR_ITEM 820 (max idx 801), MaxCylinderItem 295 (max idx 294, 0 spare), MAX_SWITCH_ITEM 372 (max idx 370)	tool-derived (IO_Table.csv row vs golden/port SW[] registration diff; no body read)
E-IO-161	IO_ROW_NO_OBJECT	C_CleanPanel_On	none: golden 906 and V912 define no Cylinder named C_CleanPanel_On	ABSENT: no const in cmydef.cpp and no registration in cinitial.cpp InitialSwitchName:1127 / InitialSensorName:1747 / InitialCylinderName:7703 (s1_iomatch2.py name-only match over 333 SW + 790 Sen + 260 Cyl names); IO row machines/HT9050/IO_Table.csv:1065	position-feedback row 1065 (C_CleanPanel_On, Enable=1) has no cylinder object to bind to: the cylinder's On/Off sensor is never read	STATE	90	IDENTS=C_CleanPanel_On; family=CleanPanel; Enable=1; the FLOW that would use it is not in golden 906/912 -- per docs/IO_LIST_20260928.md it exists only in the HT9050 tree V910_HT9050 (not on this machine, unverified); adding the object = constant + name line; capacity: MAX_SENSOR_ITEM 820 (max idx 801), MaxCylinderItem 295 (max idx 294, 0 spare), MAX_SWITCH_ITEM 372 (max idx 370)	tool-derived (IO_Table.csv row vs golden/port SW[] registration diff; no body read)
E-IO-162	IO_ROW_NO_OBJECT	SnMobileTrayHasTray	none: golden 906 and V912 define no Sensor named SnMobileTrayHasTray	ABSENT: no const in cmydef.cpp and no registration in cinitial.cpp InitialSwitchName:1127 / InitialSensorName:1747 / InitialCylinderName:7703 (s1_iomatch2.py name-only match over 333 SW + 790 Sen + 260 Cyl names); IO row machines/HT9050/IO_Table.csv:1066	input row 1066 (SnMobileTrayHasTray, Enable=1) has no Sen[] object: nothing can read it (no flow condition, interlock or alarm)	STATE	90	IDENTS=SnMobileTrayHasTray; family=MobileTray/MobileCassette table; Enable=1; the FLOW that would use it is not in golden 906/912 -- per docs/IO_LIST_20260928.md it exists only in the HT9050 tree V910_HT9050 (not on this machine, unverified); adding the object = constant + name line; capacity: MAX_SENSOR_ITEM 820 (max idx 801), MaxCylinderItem 295 (max idx 294, 0 spare), MAX_SWITCH_ITEM 372 (max idx 370)	tool-derived (IO_Table.csv row vs golden/port SW[] registration diff; no body read)
E-IO-167	IO_ROW_NO_OBJECT	SnMobileTrayTableSelect1	none: golden 906 and V912 define no Sensor named SnMobileTrayTableSelect1	ABSENT: no const in cmydef.cpp and no registration in cinitial.cpp InitialSwitchName:1127 / InitialSensorName:1747 / InitialCylinderName:7703 (s1_iomatch2.py name-only match over 333 SW + 790 Sen + 260 Cyl names); IO row machines/HT9050/IO_Table.csv:1071	input row 1071 (SnMobileTrayTableSelect1, Enable=1) has no Sen[] object: nothing can read it (no flow condition, interlock or alarm)	STATE	90	IDENTS=SnMobileTrayTableSelect1; family=MobileTray/MobileCassette table; Enable=1; the FLOW that would use it is not in golden 906/912 -- per docs/IO_LIST_20260928.md it exists only in the HT9050 tree V910_HT9050 (not on this machine, unverified); adding the object = constant + name line; capacity: MAX_SENSOR_ITEM 820 (max idx 801), MaxCylinderItem 295 (max idx 294, 0 spare), MAX_SWITCH_ITEM 372 (max idx 370)	tool-derived (IO_Table.csv row vs golden/port SW[] registration diff; no body read)
E-IO-168	IO_ROW_NO_OBJECT	SnMobileTrayTableSelect2	none: golden 906 and V912 define no Sensor named SnMobileTrayTableSelect2	ABSENT: no const in cmydef.cpp and no registration in cinitial.cpp InitialSwitchName:1127 / InitialSensorName:1747 / InitialCylinderName:7703 (s1_iomatch2.py name-only match over 333 SW + 790 Sen + 260 Cyl names); IO row machines/HT9050/IO_Table.csv:1072	input row 1072 (SnMobileTrayTableSelect2, Enable=1) has no Sen[] object: nothing can read it (no flow condition, interlock or alarm)	STATE	90	IDENTS=SnMobileTrayTableSelect2; family=MobileTray/MobileCassette table; Enable=1; the FLOW that would use it is not in golden 906/912 -- per docs/IO_LIST_20260928.md it exists only in the HT9050 tree V910_HT9050 (not on this machine, unverified); adding the object = constant + name line; capacity: MAX_SENSOR_ITEM 820 (max idx 801), MaxCylinderItem 295 (max idx 294, 0 spare), MAX_SWITCH_ITEM 372 (max idx 370)	tool-derived (IO_Table.csv row vs golden/port SW[] registration diff; no body read)
E-IO-169	IO_ROW_NO_OBJECT	SnMobileTrayTableSelect3	none: golden 906 and V912 define no Sensor named SnMobileTrayTableSelect3	ABSENT: no const in cmydef.cpp and no registration in cinitial.cpp InitialSwitchName:1127 / InitialSensorName:1747 / InitialCylinderName:7703 (s1_iomatch2.py name-only match over 333 SW + 790 Sen + 260 Cyl names); IO row machines/HT9050/IO_Table.csv:1073	input row 1073 (SnMobileTrayTableSelect3, Enable=1) has no Sen[] object: nothing can read it (no flow condition, interlock or alarm)	STATE	90	IDENTS=SnMobileTrayTableSelect3; family=MobileTray/MobileCassette table; Enable=1; the FLOW that would use it is not in golden 906/912 -- per docs/IO_LIST_20260928.md it exists only in the HT9050 tree V910_HT9050 (not on this machine, unverified); adding the object = constant + name line; capacity: MAX_SENSOR_ITEM 820 (max idx 801), MaxCylinderItem 295 (max idx 294, 0 spare), MAX_SWITCH_ITEM 372 (max idx 370)	tool-derived (IO_Table.csv row vs golden/port SW[] registration diff; no body read)
E-IO-170	IO_ROW_NO_OBJECT	SnMobileTrayTableSelect4	none: golden 906 and V912 define no Sensor named SnMobileTrayTableSelect4	ABSENT: no const in cmydef.cpp and no registration in cinitial.cpp InitialSwitchName:1127 / InitialSensorName:1747 / InitialCylinderName:7703 (s1_iomatch2.py name-only match over 333 SW + 790 Sen + 260 Cyl names); IO row machines/HT9050/IO_Table.csv:1074	input row 1074 (SnMobileTrayTableSelect4, Enable=1) has no Sen[] object: nothing can read it (no flow condition, interlock or alarm)	STATE	90	IDENTS=SnMobileTrayTableSelect4; family=MobileTray/MobileCassette table; Enable=1; the FLOW that would use it is not in golden 906/912 -- per docs/IO_LIST_20260928.md it exists only in the HT9050 tree V910_HT9050 (not on this machine, unverified); adding the object = constant + name line; capacity: MAX_SENSOR_ITEM 820 (max idx 801), MaxCylinderItem 295 (max idx 294, 0 spare), MAX_SWITCH_ITEM 372 (max idx 370)	tool-derived (IO_Table.csv row vs golden/port SW[] registration diff; no body read)
E-IO-174	IO_ROW_NO_OBJECT	SnMobileCassetteSelect1	none: golden 906 and V912 define no Sensor named SnMobileCassetteSelect1	ABSENT: no const in cmydef.cpp and no registration in cinitial.cpp InitialSwitchName:1127 / InitialSensorName:1747 / InitialCylinderName:7703 (s1_iomatch2.py name-only match over 333 SW + 790 Sen + 260 Cyl names); IO row machines/HT9050/IO_Table.csv:1078	input row 1078 (SnMobileCassetteSelect1, Enable=1) has no Sen[] object: nothing can read it (no flow condition, interlock or alarm)	STATE	90	IDENTS=SnMobileCassetteSelect1; family=MobileTray/MobileCassette table; Enable=1; the FLOW that would use it is not in golden 906/912 -- per docs/IO_LIST_20260928.md it exists only in the HT9050 tree V910_HT9050 (not on this machine, unverified); adding the object = constant + name line; capacity: MAX_SENSOR_ITEM 820 (max idx 801), MaxCylinderItem 295 (max idx 294, 0 spare), MAX_SWITCH_ITEM 372 (max idx 370)	tool-derived (IO_Table.csv row vs golden/port SW[] registration diff; no body read)
E-IO-175	IO_ROW_NO_OBJECT	SnMobileCassetteSelect2	none: golden 906 and V912 define no Sensor named SnMobileCassetteSelect2	ABSENT: no const in cmydef.cpp and no registration in cinitial.cpp InitialSwitchName:1127 / InitialSensorName:1747 / InitialCylinderName:7703 (s1_iomatch2.py name-only match over 333 SW + 790 Sen + 260 Cyl names); IO row machines/HT9050/IO_Table.csv:1079	input row 1079 (SnMobileCassetteSelect2, Enable=1) has no Sen[] object: nothing can read it (no flow condition, interlock or alarm)	STATE	90	IDENTS=SnMobileCassetteSelect2; family=MobileTray/MobileCassette table; Enable=1; the FLOW that would use it is not in golden 906/912 -- per docs/IO_LIST_20260928.md it exists only in the HT9050 tree V910_HT9050 (not on this machine, unverified); adding the object = constant + name line; capacity: MAX_SENSOR_ITEM 820 (max idx 801), MaxCylinderItem 295 (max idx 294, 0 spare), MAX_SWITCH_ITEM 372 (max idx 370)	tool-derived (IO_Table.csv row vs golden/port SW[] registration diff; no body read)
E-IO-176	IO_ROW_NO_OBJECT	SnHead7TempOverDetect	none: golden 906 and V912 define no Sensor named SnHead7TempOverDetect (nearest golden name: SnHead6TempOverDetect)	ABSENT: no const in cmydef.cpp and no registration in cinitial.cpp InitialSwitchName:1127 / InitialSensorName:1747 / InitialCylinderName:7703 (s1_iomatch2.py name-only match over 333 SW + 790 Sen + 260 Cyl names); IO row machines/HT9050/IO_Table.csv:1082	input row 1082 (SnHead7TempOverDetect, Enable=1) has no Sen[] object: nothing can read it (no flow condition, interlock or alarm)	STATE	90	IDENTS=SnHead7TempOverDetect; family=TempOverDetect (over-temperature fuse input); Enable=1; the FLOW that would use it is not in golden 906/912 -- per docs/IO_LIST_20260928.md it exists only in the HT9050 tree V910_HT9050 (not on this machine, unverified); adding the object = constant + name line; capacity: MAX_SENSOR_ITEM 820 (max idx 801), MaxCylinderItem 295 (max idx 294, 0 spare), MAX_SWITCH_ITEM 372 (max idx 370)	tool-derived (IO_Table.csv row vs golden/port SW[] registration diff; no body read)
E-IO-177	IO_ROW_NO_OBJECT	SnHead8TempOverDetect	none: golden 906 and V912 define no Sensor named SnHead8TempOverDetect (nearest golden name: SnHead6TempOverDetect)	ABSENT: no const in cmydef.cpp and no registration in cinitial.cpp InitialSwitchName:1127 / InitialSensorName:1747 / InitialCylinderName:7703 (s1_iomatch2.py name-only match over 333 SW + 790 Sen + 260 Cyl names); IO row machines/HT9050/IO_Table.csv:1083	input row 1083 (SnHead8TempOverDetect, Enable=1) has no Sen[] object: nothing can read it (no flow condition, interlock or alarm)	STATE	90	IDENTS=SnHead8TempOverDetect; family=TempOverDetect (over-temperature fuse input); Enable=1; the FLOW that would use it is not in golden 906/912 -- per docs/IO_LIST_20260928.md it exists only in the HT9050 tree V910_HT9050 (not on this machine, unverified); adding the object = constant + name line; capacity: MAX_SENSOR_ITEM 820 (max idx 801), MaxCylinderItem 295 (max idx 294, 0 spare), MAX_SWITCH_ITEM 372 (max idx 370)	tool-derived (IO_Table.csv row vs golden/port SW[] registration diff; no body read)
E-IO-178	IO_ROW_NO_OBJECT	SnSupportFoot	none: golden 906 and V912 define no Sensor named SnSupportFoot	ABSENT: no const in cmydef.cpp and no registration in cinitial.cpp InitialSwitchName:1127 / InitialSensorName:1747 / InitialCylinderName:7703 (s1_iomatch2.py name-only match over 333 SW + 790 Sen + 260 Cyl names); IO row machines/HT9050/IO_Table.csv:1084	input row 1084 (SnSupportFoot, Enable=1) has no Sen[] object: nothing can read it (no flow condition, interlock or alarm)	STATE	90	IDENTS=SnSupportFoot; family=other; Enable=1; the FLOW that would use it is not in golden 906/912 -- per docs/IO_LIST_20260928.md it exists only in the HT9050 tree V910_HT9050 (not on this machine, unverified); adding the object = constant + name line; capacity: MAX_SENSOR_ITEM 820 (max idx 801), MaxCylinderItem 295 (max idx 294, 0 spare), MAX_SWITCH_ITEM 372 (max idx 370)	tool-derived (IO_Table.csv row vs golden/port SW[] registration diff; no body read)
E-IO-180	IO_ROW_NO_OBJECT	SnIndexZBreakerButton	none: golden 906 and V912 define no Sensor named SnIndexZBreakerButton	ABSENT: no const in cmydef.cpp and no registration in cinitial.cpp InitialSwitchName:1127 / InitialSensorName:1747 / InitialCylinderName:7703 (s1_iomatch2.py name-only match over 333 SW + 790 Sen + 260 Cyl names); IO row machines/HT9050/IO_Table.csv:1086	input row 1086 (SnIndexZBreakerButton, Enable=1) has no Sen[] object: nothing can read it (no flow condition, interlock or alarm)	STATE	90	IDENTS=SnIndexZBreakerButton; family=other; Enable=1; the FLOW that would use it is not in golden 906/912 -- per docs/IO_LIST_20260928.md it exists only in the HT9050 tree V910_HT9050 (not on this machine, unverified); adding the object = constant + name line; capacity: MAX_SENSOR_ITEM 820 (max idx 801), MaxCylinderItem 295 (max idx 294, 0 spare), MAX_SWITCH_ITEM 372 (max idx 370)	tool-derived (IO_Table.csv row vs golden/port SW[] registration diff; no body read)
E-IO-184	IO_ROW_NO_OBJECT	C_OTD_LeftRight_Off	none: golden 906 and V912 define no Cylinder named C_OTD_LeftRight_Off	ABSENT: no const in cmydef.cpp and no registration in cinitial.cpp InitialSwitchName:1127 / InitialSensorName:1747 / InitialCylinderName:7703 (s1_iomatch2.py name-only match over 333 SW + 790 Sen + 260 Cyl names); IO row machines/HT9050/IO_Table.csv:1090	position-feedback row 1090 (C_OTD_LeftRight_Off, Enable=1) has no cylinder object to bind to: the cylinder's On/Off sensor is never read	STATE	90	IDENTS=C_OTD_LeftRight_Off; family=OTD (on-tester docking) valves; Enable=1; the FLOW that would use it is not in golden 906/912 -- per docs/IO_LIST_20260928.md it exists only in the HT9050 tree V910_HT9050 (not on this machine, unverified); adding the object = constant + name line; capacity: MAX_SENSOR_ITEM 820 (max idx 801), MaxCylinderItem 295 (max idx 294, 0 spare), MAX_SWITCH_ITEM 372 (max idx 370)	tool-derived (IO_Table.csv row vs golden/port SW[] registration diff; no body read)
E-IO-185	IO_ROW_NO_OBJECT	C_OTD_LeftRight_On	none: golden 906 and V912 define no Cylinder named C_OTD_LeftRight_On	ABSENT: no const in cmydef.cpp and no registration in cinitial.cpp InitialSwitchName:1127 / InitialSensorName:1747 / InitialCylinderName:7703 (s1_iomatch2.py name-only match over 333 SW + 790 Sen + 260 Cyl names); IO row machines/HT9050/IO_Table.csv:1091	position-feedback row 1091 (C_OTD_LeftRight_On, Enable=1) has no cylinder object to bind to: the cylinder's On/Off sensor is never read	STATE	90	IDENTS=C_OTD_LeftRight_On; family=OTD (on-tester docking) valves; Enable=1; the FLOW that would use it is not in golden 906/912 -- per docs/IO_LIST_20260928.md it exists only in the HT9050 tree V910_HT9050 (not on this machine, unverified); adding the object = constant + name line; capacity: MAX_SENSOR_ITEM 820 (max idx 801), MaxCylinderItem 295 (max idx 294, 0 spare), MAX_SWITCH_ITEM 372 (max idx 370)	tool-derived (IO_Table.csv row vs golden/port SW[] registration diff; no body read)
E-IO-187	IO_ROW_NO_OBJECT	C_OTD_FrontBack_Off	none: golden 906 and V912 define no Cylinder named C_OTD_FrontBack_Off	ABSENT: no const in cmydef.cpp and no registration in cinitial.cpp InitialSwitchName:1127 / InitialSensorName:1747 / InitialCylinderName:7703 (s1_iomatch2.py name-only match over 333 SW + 790 Sen + 260 Cyl names); IO row machines/HT9050/IO_Table.csv:1093	position-feedback row 1093 (C_OTD_FrontBack_Off, Enable=1) has no cylinder object to bind to: the cylinder's On/Off sensor is never read	STATE	90	IDENTS=C_OTD_FrontBack_Off; family=OTD (on-tester docking) valves; Enable=1; the FLOW that would use it is not in golden 906/912 -- per docs/IO_LIST_20260928.md it exists only in the HT9050 tree V910_HT9050 (not on this machine, unverified); adding the object = constant + name line; capacity: MAX_SENSOR_ITEM 820 (max idx 801), MaxCylinderItem 295 (max idx 294, 0 spare), MAX_SWITCH_ITEM 372 (max idx 370)	tool-derived (IO_Table.csv row vs golden/port SW[] registration diff; no body read)
E-IO-188	IO_ROW_NO_OBJECT	C_OTD_FrontBack_On	none: golden 906 and V912 define no Cylinder named C_OTD_FrontBack_On	ABSENT: no const in cmydef.cpp and no registration in cinitial.cpp InitialSwitchName:1127 / InitialSensorName:1747 / InitialCylinderName:7703 (s1_iomatch2.py name-only match over 333 SW + 790 Sen + 260 Cyl names); IO row machines/HT9050/IO_Table.csv:1094	position-feedback row 1094 (C_OTD_FrontBack_On, Enable=1) has no cylinder object to bind to: the cylinder's On/Off sensor is never read	STATE	90	IDENTS=C_OTD_FrontBack_On; family=OTD (on-tester docking) valves; Enable=1; the FLOW that would use it is not in golden 906/912 -- per docs/IO_LIST_20260928.md it exists only in the HT9050 tree V910_HT9050 (not on this machine, unverified); adding the object = constant + name line; capacity: MAX_SENSOR_ITEM 820 (max idx 801), MaxCylinderItem 295 (max idx 294, 0 spare), MAX_SWITCH_ITEM 372 (max idx 370)	tool-derived (IO_Table.csv row vs golden/port SW[] registration diff; no body read)
E-IO-190	IO_ROW_NO_OBJECT	C_OTD_Valve_Off	none: golden 906 and V912 define no Cylinder named C_OTD_Valve_Off	ABSENT: no const in cmydef.cpp and no registration in cinitial.cpp InitialSwitchName:1127 / InitialSensorName:1747 / InitialCylinderName:7703 (s1_iomatch2.py name-only match over 333 SW + 790 Sen + 260 Cyl names); IO row machines/HT9050/IO_Table.csv:1096	position-feedback row 1096 (C_OTD_Valve_Off, Enable=1) has no cylinder object to bind to: the cylinder's On/Off sensor is never read	STATE	90	IDENTS=C_OTD_Valve_Off; family=OTD (on-tester docking) valves; Enable=1; the FLOW that would use it is not in golden 906/912 -- per docs/IO_LIST_20260928.md it exists only in the HT9050 tree V910_HT9050 (not on this machine, unverified); adding the object = constant + name line; capacity: MAX_SENSOR_ITEM 820 (max idx 801), MaxCylinderItem 295 (max idx 294, 0 spare), MAX_SWITCH_ITEM 372 (max idx 370)	tool-derived (IO_Table.csv row vs golden/port SW[] registration diff; no body read)
E-IO-191	IO_ROW_NO_OBJECT	C_OTD_Valve_On	none: golden 906 and V912 define no Cylinder named C_OTD_Valve_On	ABSENT: no const in cmydef.cpp and no registration in cinitial.cpp InitialSwitchName:1127 / InitialSensorName:1747 / InitialCylinderName:7703 (s1_iomatch2.py name-only match over 333 SW + 790 Sen + 260 Cyl names); IO row machines/HT9050/IO_Table.csv:1097	position-feedback row 1097 (C_OTD_Valve_On, Enable=1) has no cylinder object to bind to: the cylinder's On/Off sensor is never read	STATE	90	IDENTS=C_OTD_Valve_On; family=OTD (on-tester docking) valves; Enable=1; the FLOW that would use it is not in golden 906/912 -- per docs/IO_LIST_20260928.md it exists only in the HT9050 tree V910_HT9050 (not on this machine, unverified); adding the object = constant + name line; capacity: MAX_SENSOR_ITEM 820 (max idx 801), MaxCylinderItem 295 (max idx 294, 0 spare), MAX_SWITCH_ITEM 372 (max idx 370)	tool-derived (IO_Table.csv row vs golden/port SW[] registration diff; no body read)
E-IO-192	IO_ROW_NO_OBJECT	SnChamberTempOverDetect	none: golden 906 and V912 define no Sensor named SnChamberTempOverDetect	ABSENT: no const in cmydef.cpp and no registration in cinitial.cpp InitialSwitchName:1127 / InitialSensorName:1747 / InitialCylinderName:7703 (s1_iomatch2.py name-only match over 333 SW + 790 Sen + 260 Cyl names); IO row machines/HT9050/IO_Table.csv:1100	input row 1100 (SnChamberTempOverDetect, Enable=1) has no Sen[] object: nothing can read it (no flow condition, interlock or alarm)	STATE	90	IDENTS=SnChamberTempOverDetect; family=TempOverDetect (over-temperature fuse input); Enable=1; the FLOW that would use it is not in golden 906/912 -- per docs/IO_LIST_20260928.md it exists only in the HT9050 tree V910_HT9050 (not on this machine, unverified); adding the object = constant + name line; capacity: MAX_SENSOR_ITEM 820 (max idx 801), MaxCylinderItem 295 (max idx 294, 0 spare), MAX_SWITCH_ITEM 372 (max idx 370)	tool-derived (IO_Table.csv row vs golden/port SW[] registration diff; no body read)
E-IO-193	IO_ROW_NO_OBJECT	SnHotGun1TempOverDetect	none: golden 906 and V912 define no Sensor named SnHotGun1TempOverDetect	ABSENT: no const in cmydef.cpp and no registration in cinitial.cpp InitialSwitchName:1127 / InitialSensorName:1747 / InitialCylinderName:7703 (s1_iomatch2.py name-only match over 333 SW + 790 Sen + 260 Cyl names); IO row machines/HT9050/IO_Table.csv:1101	input row 1101 (SnHotGun1TempOverDetect, Enable=1) has no Sen[] object: nothing can read it (no flow condition, interlock or alarm)	STATE	90	IDENTS=SnHotGun1TempOverDetect; family=TempOverDetect (over-temperature fuse input); Enable=1; the FLOW that would use it is not in golden 906/912 -- per docs/IO_LIST_20260928.md it exists only in the HT9050 tree V910_HT9050 (not on this machine, unverified); adding the object = constant + name line; capacity: MAX_SENSOR_ITEM 820 (max idx 801), MaxCylinderItem 295 (max idx 294, 0 spare), MAX_SWITCH_ITEM 372 (max idx 370)	tool-derived (IO_Table.csv row vs golden/port SW[] registration diff; no body read)
E-IO-194	IO_ROW_NO_OBJECT	SnHotGun2TempOverDetect	none: golden 906 and V912 define no Sensor named SnHotGun2TempOverDetect	ABSENT: no const in cmydef.cpp and no registration in cinitial.cpp InitialSwitchName:1127 / InitialSensorName:1747 / InitialCylinderName:7703 (s1_iomatch2.py name-only match over 333 SW + 790 Sen + 260 Cyl names); IO row machines/HT9050/IO_Table.csv:1102	input row 1102 (SnHotGun2TempOverDetect, Enable=1) has no Sen[] object: nothing can read it (no flow condition, interlock or alarm)	STATE	90	IDENTS=SnHotGun2TempOverDetect; family=TempOverDetect (over-temperature fuse input); Enable=1; the FLOW that would use it is not in golden 906/912 -- per docs/IO_LIST_20260928.md it exists only in the HT9050 tree V910_HT9050 (not on this machine, unverified); adding the object = constant + name line; capacity: MAX_SENSOR_ITEM 820 (max idx 801), MaxCylinderItem 295 (max idx 294, 0 spare), MAX_SWITCH_ITEM 372 (max idx 370)	tool-derived (IO_Table.csv row vs golden/port SW[] registration diff; no body read)
E-IO-195	IO_ROW_NO_OBJECT	SnSLK1TempOverDetect	none: golden 906 and V912 define no Sensor named SnSLK1TempOverDetect	ABSENT: no const in cmydef.cpp and no registration in cinitial.cpp InitialSwitchName:1127 / InitialSensorName:1747 / InitialCylinderName:7703 (s1_iomatch2.py name-only match over 333 SW + 790 Sen + 260 Cyl names); IO row machines/HT9050/IO_Table.csv:1103	input row 1103 (SnSLK1TempOverDetect, Enable=1) has no Sen[] object: nothing can read it (no flow condition, interlock or alarm)	STATE	90	IDENTS=SnSLK1TempOverDetect; family=TempOverDetect (over-temperature fuse input); Enable=1; the FLOW that would use it is not in golden 906/912 -- per docs/IO_LIST_20260928.md it exists only in the HT9050 tree V910_HT9050 (not on this machine, unverified); adding the object = constant + name line; capacity: MAX_SENSOR_ITEM 820 (max idx 801), MaxCylinderItem 295 (max idx 294, 0 spare), MAX_SWITCH_ITEM 372 (max idx 370)	tool-derived (IO_Table.csv row vs golden/port SW[] registration diff; no body read)
E-IO-196	IO_ROW_NO_OBJECT	SnSLK2TempOverDetect	none: golden 906 and V912 define no Sensor named SnSLK2TempOverDetect	ABSENT: no const in cmydef.cpp and no registration in cinitial.cpp InitialSwitchName:1127 / InitialSensorName:1747 / InitialCylinderName:7703 (s1_iomatch2.py name-only match over 333 SW + 790 Sen + 260 Cyl names); IO row machines/HT9050/IO_Table.csv:1104	input row 1104 (SnSLK2TempOverDetect, Enable=1) has no Sen[] object: nothing can read it (no flow condition, interlock or alarm)	STATE	90	IDENTS=SnSLK2TempOverDetect; family=TempOverDetect (over-temperature fuse input); Enable=1; the FLOW that would use it is not in golden 906/912 -- per docs/IO_LIST_20260928.md it exists only in the HT9050 tree V910_HT9050 (not on this machine, unverified); adding the object = constant + name line; capacity: MAX_SENSOR_ITEM 820 (max idx 801), MaxCylinderItem 295 (max idx 294, 0 spare), MAX_SWITCH_ITEM 372 (max idx 370)	tool-derived (IO_Table.csv row vs golden/port SW[] registration diff; no body read)
E-IO-197	IO_ROW_NO_OBJECT	SnSLK3TempOverDetect	none: golden 906 and V912 define no Sensor named SnSLK3TempOverDetect	ABSENT: no const in cmydef.cpp and no registration in cinitial.cpp InitialSwitchName:1127 / InitialSensorName:1747 / InitialCylinderName:7703 (s1_iomatch2.py name-only match over 333 SW + 790 Sen + 260 Cyl names); IO row machines/HT9050/IO_Table.csv:1105	input row 1105 (SnSLK3TempOverDetect, Enable=1) has no Sen[] object: nothing can read it (no flow condition, interlock or alarm)	STATE	90	IDENTS=SnSLK3TempOverDetect; family=TempOverDetect (over-temperature fuse input); Enable=1; the FLOW that would use it is not in golden 906/912 -- per docs/IO_LIST_20260928.md it exists only in the HT9050 tree V910_HT9050 (not on this machine, unverified); adding the object = constant + name line; capacity: MAX_SENSOR_ITEM 820 (max idx 801), MaxCylinderItem 295 (max idx 294, 0 spare), MAX_SWITCH_ITEM 372 (max idx 370)	tool-derived (IO_Table.csv row vs golden/port SW[] registration diff; no body read)
E-IO-198	IO_ROW_NO_OBJECT	SnSLK4TempOverDetect	none: golden 906 and V912 define no Sensor named SnSLK4TempOverDetect	ABSENT: no const in cmydef.cpp and no registration in cinitial.cpp InitialSwitchName:1127 / InitialSensorName:1747 / InitialCylinderName:7703 (s1_iomatch2.py name-only match over 333 SW + 790 Sen + 260 Cyl names); IO row machines/HT9050/IO_Table.csv:1106	input row 1106 (SnSLK4TempOverDetect, Enable=1) has no Sen[] object: nothing can read it (no flow condition, interlock or alarm)	STATE	90	IDENTS=SnSLK4TempOverDetect; family=TempOverDetect (over-temperature fuse input); Enable=1; the FLOW that would use it is not in golden 906/912 -- per docs/IO_LIST_20260928.md it exists only in the HT9050 tree V910_HT9050 (not on this machine, unverified); adding the object = constant + name line; capacity: MAX_SENSOR_ITEM 820 (max idx 801), MaxCylinderItem 295 (max idx 294, 0 spare), MAX_SWITCH_ITEM 372 (max idx 370)	tool-derived (IO_Table.csv row vs golden/port SW[] registration diff; no body read)
E-IO-199	IO_ROW_NO_OBJECT	SnSLK5TempOverDetect	none: golden 906 and V912 define no Sensor named SnSLK5TempOverDetect	ABSENT: no const in cmydef.cpp and no registration in cinitial.cpp InitialSwitchName:1127 / InitialSensorName:1747 / InitialCylinderName:7703 (s1_iomatch2.py name-only match over 333 SW + 790 Sen + 260 Cyl names); IO row machines/HT9050/IO_Table.csv:1107	input row 1107 (SnSLK5TempOverDetect, Enable=1) has no Sen[] object: nothing can read it (no flow condition, interlock or alarm)	STATE	90	IDENTS=SnSLK5TempOverDetect; family=TempOverDetect (over-temperature fuse input); Enable=1; the FLOW that would use it is not in golden 906/912 -- per docs/IO_LIST_20260928.md it exists only in the HT9050 tree V910_HT9050 (not on this machine, unverified); adding the object = constant + name line; capacity: MAX_SENSOR_ITEM 820 (max idx 801), MaxCylinderItem 295 (max idx 294, 0 spare), MAX_SWITCH_ITEM 372 (max idx 370)	tool-derived (IO_Table.csv row vs golden/port SW[] registration diff; no body read)
E-IO-200	IO_ROW_NO_OBJECT	SnSLK6TempOverDetect	none: golden 906 and V912 define no Sensor named SnSLK6TempOverDetect	ABSENT: no const in cmydef.cpp and no registration in cinitial.cpp InitialSwitchName:1127 / InitialSensorName:1747 / InitialCylinderName:7703 (s1_iomatch2.py name-only match over 333 SW + 790 Sen + 260 Cyl names); IO row machines/HT9050/IO_Table.csv:1108	input row 1108 (SnSLK6TempOverDetect, Enable=1) has no Sen[] object: nothing can read it (no flow condition, interlock or alarm)	STATE	90	IDENTS=SnSLK6TempOverDetect; family=TempOverDetect (over-temperature fuse input); Enable=1; the FLOW that would use it is not in golden 906/912 -- per docs/IO_LIST_20260928.md it exists only in the HT9050 tree V910_HT9050 (not on this machine, unverified); adding the object = constant + name line; capacity: MAX_SENSOR_ITEM 820 (max idx 801), MaxCylinderItem 295 (max idx 294, 0 spare), MAX_SWITCH_ITEM 372 (max idx 370)	tool-derived (IO_Table.csv row vs golden/port SW[] registration diff; no body read)
E-IO-201	IO_ROW_NO_OBJECT	SnSLK7TempOverDetect	none: golden 906 and V912 define no Sensor named SnSLK7TempOverDetect	ABSENT: no const in cmydef.cpp and no registration in cinitial.cpp InitialSwitchName:1127 / InitialSensorName:1747 / InitialCylinderName:7703 (s1_iomatch2.py name-only match over 333 SW + 790 Sen + 260 Cyl names); IO row machines/HT9050/IO_Table.csv:1109	input row 1109 (SnSLK7TempOverDetect, Enable=1) has no Sen[] object: nothing can read it (no flow condition, interlock or alarm)	STATE	90	IDENTS=SnSLK7TempOverDetect; family=TempOverDetect (over-temperature fuse input); Enable=1; the FLOW that would use it is not in golden 906/912 -- per docs/IO_LIST_20260928.md it exists only in the HT9050 tree V910_HT9050 (not on this machine, unverified); adding the object = constant + name line; capacity: MAX_SENSOR_ITEM 820 (max idx 801), MaxCylinderItem 295 (max idx 294, 0 spare), MAX_SWITCH_ITEM 372 (max idx 370)	tool-derived (IO_Table.csv row vs golden/port SW[] registration diff; no body read)
E-IO-202	IO_ROW_NO_OBJECT	SnSLK8TempOverDetect	none: golden 906 and V912 define no Sensor named SnSLK8TempOverDetect	ABSENT: no const in cmydef.cpp and no registration in cinitial.cpp InitialSwitchName:1127 / InitialSensorName:1747 / InitialCylinderName:7703 (s1_iomatch2.py name-only match over 333 SW + 790 Sen + 260 Cyl names); IO row machines/HT9050/IO_Table.csv:1110	input row 1110 (SnSLK8TempOverDetect, Enable=1) has no Sen[] object: nothing can read it (no flow condition, interlock or alarm)	STATE	90	IDENTS=SnSLK8TempOverDetect; family=TempOverDetect (over-temperature fuse input); Enable=1; the FLOW that would use it is not in golden 906/912 -- per docs/IO_LIST_20260928.md it exists only in the HT9050 tree V910_HT9050 (not on this machine, unverified); adding the object = constant + name line; capacity: MAX_SENSOR_ITEM 820 (max idx 801), MaxCylinderItem 295 (max idx 294, 0 spare), MAX_SWITCH_ITEM 372 (max idx 370)	tool-derived (IO_Table.csv row vs golden/port SW[] registration diff; no body read)
E-TM-001	TIMER	TfMain::TimerScanKeyTimer -> TfMain::ScanKey (front-panel key scan, 30 ms) has no port driver	main.cpp:31994-32025 TimerScanKeyTimer (main.dfm:17339 Interval=30, design Enabled=False; started main.cpp:9617 `fMain->TimerScanKey->Enabled=true;`) -> ScanKey main.cpp:2379-2656 (SnFKStart :2390, SnFKPause :2519/:2527, SnFKHome :2545, SnFKReset :2565, SnFKCleanOut :2588, SnFKOneCycle :2598, SnFKTrayFeed :2616, SnFKAlarmReset :2626, Power keys :2638-2644, TrayEnd :2646)	ABSENT: 0 non-comment matches of `TfMain::(ScanKey|TimerScanKeyTimer)` in *.cpp/*.h (git grep, 2026-10-01 00:22). cCleanOut.cpp:157 "TfMain::ScanKey is not translated" (its own note: no call site exists). ScanPannelKey() is real (ckernel.cpp:3147 `int ScanPannelKey()`) but is polled only inside modal waits (tools/wb_serve.cpp:7227 `const int ret = ScanPannelKey();`), never from the idle loop. Known and deferred: tools/wb_serve.cpp:7840 "裁決 Q32：面板鍵之後再做，INBOX 第 86 列".	physical front-panel keys Start / Pause / Home / Reset / CleanOut / OneCycle / TrayFeed / TrayEnd do nothing while the machine runs (only a modal wait polls them); the AlarmReset key (silences the buzzer: bAlarmBuzzer=false, SW[SwFKAlarmReset].Off(), main.cpp:2626-2636) and the SECS EventReport(DoCleanOut/DoOneCycle/DoAlarmReset) that the keys raise are dead too	STATE	90	IDENTS0=TimerScanKeyTimer:0; machines/HT9050/IO_Table.csv:486-498 lists SnFKPowerOn..SnRKTrayEnd / SwFK* with Enable=0 (checked with grep), so on THIS machine the keys are not wired and the gap is inert; on any machine with panel keys it is a full gap. Ruling Q32 / INBOX 86 / 127 already defer it. ; MACHINE_IO[machines/HT9050/IO_Table.csv]: SwFKAlarmReset=Enable0, SnFKPowerOn=Enable0, SnRKTrayEnd=Enable0	hand-read (golden timer body read; port side by grep; quotes machine-validated)
E-SMC-000	BOOT_GROUP	SYSTEM_MODULAR::SYSTEM_MODULAR WHOLE (golden database.cpp:43-287)	database.cpp:43-287 (245 lines, 13 statement groups)	PARTIAL: ctor is `#if 0` (database.cpp:139); replacement LoadMachineConfig (database.cpp:3138, NOT in golden) = OpenGeneralIniFile + ReadGeneralIni. Covered elsewhere: SysTimer.LatchCycleTime (FileRW/MainRecord.cpp:350), InitialMemory (tools/wb_serve.cpp:3859 `InitialMemory();`, AI(W906-INITMEM) 20260927), OpenGeneralIniFile, ReadGeneralIni. Missing: InitCommonString, SystemModularInitial, ATKRecipeInfo, mapATCAlarmCode, MInRotate/MOutRotate, AddSpace(asGeneralPath)	denominator: 13 groups = 2 log lines + 4 ported by other means + 1 default (BinDisCtrl=NULL) + 6 missing (see E-SMC-001..005; AddSpace is a trailing-blank trim of asGeneralPath, no effect)	STATE	85	IDENTS=SYSTEM_MODULAR;LoadMachineConfig; InitialMemory was un-gated by a peer on 20260927 for the same reason -- the remaining pieces are the same class of gap	hand-read (golden + port text read; file:line quotes machine-validated)
E-T3-000	TIMER	TfMain::Timer3Timer (1000 ms housekeeping timer) has NO port driver as a whole -- 20 groups: the [A01] segment is now ported (E-T3-004), 8 dead ones listed below	main.cpp:25106-25742 (637 lines; main.dfm:17301 Interval=1000, design Enabled=False; started main.cpp:10180 `Timer3->Enabled=true;`)	ABSENT: 0 definitions/declarations of TfMain::Timer3Timer and no W906_*Timer3* slice (git grep -n -a -E "Timer3Timer|W906_\w*Timer3" non-comment, 2026-10-01 01:0x: the only hits are TfLotInfo::Timer3Timer forms/fLotInfo.cpp:2360 (a different form) and one mirrored sliver, WebRecipeChange.cpp:680 `if (bNoNeedLoadSteupFile)` = golden :25231-25235). Group census (20 groups G3-01..G3-20): ported elsewhere 0; dead: yield alarms (E-T3-001), soak countdown (E-T3-002), BinDisplay refresh (E-T3-003), Program Start record (E-T3-005), daily TimerRecordLoaderDate (E-T3-006), change-file alarms (E-T3-007), Z step-loss message (E-T3-008), customer items (E-T3-009); display-only or already covered: UpdateLanguage, EnabledSetupFile, Fix3 sensor hint, QWERTY auto close, vibration LEDs, ShowHandlerStopTime, JOBFILE hints, RecordTemp chart history (needs bUT150Install), TTL Clear lines (E-T3-009).	see rows E-T3-001..009	STATE	85	IDENTS0=Timer3Timer:5	hand-read (golden timer body read; port side by grep; quotes machine-validated)
E-TH-001	THREAD	THeaterThread (temperature control loop, 20 ms): never created, empty in SHIP builds	uHeaterThread.cpp:56-76 HeaterThreadProcess `CheckATC6System(); DoThermo(); HeaterDoorIsOpen(); CheckHeater(); DoHeaterOn();` via Synchronize every 20 ms; created main.cpp:22481 `HeaterThread=new THeaterThread(true);`, started main.cpp:10138 `StartHeaterThread();`	ABSENT in SHIP: uHeaterThread.cpp:363 `THeaterThread *HeaterThread;` is never assigned (`git grep -a -E "HeaterThread\s*=|new\s+THeaterThread"` non-test/non-doc = 0 assignments); FileRW/MainClose.cpp:986 `"HeaterThread==NULL（移植樹沒有溫控輪詢執行緒）`; uHeaterThread.cpp:436 `void StartHeaterThread()` has no caller; the only driver is W906_HeaterSimTick (WebBridgeTags.cpp:632 `{ extern void W906_HeaterSimTick(); W906_HeaterSimTick(); }`) whose body is HeaterSimTick.cpp:44 `#ifdef SOFT_SIMULTE` only and HeaterSimTick.cpp:26 says `SHIP build: an empty function`. Inside the never-run body uHeaterThread.cpp:383 `#if 0 // TODO(W7-csystem) GATE 1` (also :393 GATE 3, :397 GATE 4) still gates CheckATC6System/HeaterDoorIsOpen/DoHeaterOn although csystem.cpp:19211/:14238/:19273 now define them	on a real (non-SOFT_SIMULTE) build: DoThermo never refreshes UN150Read[]/temperature controllers, CheckHeater never sets fHeaterOK/fHeaterStableOK (Hot-mode InArm case 50 goes back to case 1, HeaterSimTick.cpp:11-13), DoHeaterOn never drives SwHeaterRelay/SwHeaterFan/SwHeatGun (HT9050 IO_Table Enable=1) and never checks the fan, HeaterDoorIsOpen never raises the heater-door interlock flags, over-temperature/heater alarms (bHeatOverTenErrorOK) never latch	STATE	85	IDENTS=StartHeaterThread;HeaterThreadProcess;DoThermo;CheckHeater;DoHeaterOn;HeaterDoorIsOpen;CheckATC6System; action classes also IO_OUT+COMM; ruled "SHIP timing left to Jimmy/Steven/EastSun" in HeaterSimTick.cpp:12-14 (RULINGS_20260929 #10 = A) -- known, but the SHIP side is still not scheduled; DoThermo is called ONLY from this thread (WebBridgeTags.h:114) ; MACHINE_IO[machines/HT9050/IO_Table.csv]: SwHeaterRelay=Enable1, SwHeaterFan=Enable1, SwHeatGun=Enable1	hand-read (golden + port text read; file:line quotes machine-validated)
E-T2-000	TIMER	TfMain::Timer2Timer (main status timer, 1000 ms) -- PARTIALLY driven: 7 slices ported, 12 groups dead (rows E-T2-001..012)	main.cpp:20848-21682 (835 lines; main.dfm:17279 Interval=1000, design Enabled=False; started main.cpp:10179 `Timer2->Enabled=true;`; `if(fShow==false) return;` :20860 is the web page table gate; everything after :21382 `if(SystemStart==true) {bTimer2Run=false; return;}` runs only while the machine is NOT started)	PARTIAL: no TfMain::Timer2Timer, the port re-implements slices: FileRW/MainRecord.cpp:376 `void W906_MainRunInfoTimer2Tick()` (UpdateRunInfo), cStateRecord.cpp:1519 `void W906_StateRecordTimer2Pump()` (:21142-21153), forms/fMain_TestSeconds.cpp:27 `void W906_Timer2TestSecondsTick()` (:21157-21205), TesterComm/Handler/TesterCommWiring.cpp:156 `fTesterSide->ProcessHVisionConnect();`, TesterComm/Handler/HandlerBridgeCtl.cpp:1072 (tester bridge sync :21391-21526), cMainStatus.cpp:125 (SECS RunStatus, deviation: `StrToIntDef(Capstr,-1)` vs golden `StrToIntDef(sMachineState,-1)`), EventLogAnalysis/ElaSchedule.cpp:498 (EL_UPLOAD_* :21364-21379 modelled by the ELA scheduler). Group census (about 34 top-level groups in the body, my enumeration): 7 ported slices above, 12 dead groups in rows E-T2-001..012, the rest display-only (caption/colour/visibility/form-size: :20872-20895, :20923-20951, :20955-20962, :21213-21306, :21388 ShowMainSafeDoorLabel (0 definitions), :21644 ShowHotName, :21658-21678 MainFormChange stub forms/fMain.cpp:549, ChangeLevelAttr :20978 (event-driven guards in FileRW/MainClick.cpp:2054 ff. instead)).	see the per-group rows: the fan output, CCD light, EP pressure refresh, EP read-back alarm, auto one-cycle/home/start timer, AGV load-port scan, heater install flags, LB blow air, clean-pad count reset, car-recorder, AMR cover-tray ID	STATE	80	measured with effview.py + git grep -w on each callee (see the row notes); the EP/ADAM group is a documented stub cluster (atester_shims.cpp:326-327, see E-T2-003)	hand-read (golden timer body read; port side by grep; quotes machine-validated)
E-TM-013	TIMER_SEGMENT	TfMain::Timer8Timer: [P29] Loader-full periodic check (MES0921) has no driver -- the option registers but nothing reads it	main.cpp:32076-32168 Timer8Timer (main.dfm:17346 Interval=1000, Enabled=True), segment :32117-32135 (`if(IniConfig.bP29LoaderCheckIsFull) { ... LoaderCheckFullDelay.SetSecAndOn(IniConfig.dP29LoaderCheckIsFullInterval); ... if(Sen[SnLoaderIsFull].Enable && Sen[SnLoaderIsFull].IsOn()) ShowErrorMessage("MES0921", 0, MMTrayZ, false, "Main--Timer8");`)	ABSENT: cConfiguration.cpp:4572 registers `&IniConfig.bP29LoaderCheckIsFull` ([Function] bP29LoaderCheckIsFull) and Config.h:1423-1424 declare the two fields, but there is NO reader (git grep -w bP29LoaderCheckIsFull, 2026-10-01 00:3x: Config.h:1423 declaration + two elConfig->Add registrations, cConfiguration.cpp:4572 and FileRW/IniConfig.gen.inc:7293). MES0921 is raised by other sites (asendic_Loader.cpp:362 `ShowErrorMessage("MES0921", 0, MMTrayZ);`), not by this periodic check.	an operator who enables "Check loader is full" gets no periodic loader-tray-full alarm (the option is a switch that does nothing)	STATE	80	IDENTS0=bP29LoaderCheckIsFull:3; SnLoaderIsFull is registered (cinitial.cpp:1992) so the dependency exists ; MACHINE_IO[machines/HT9050/IO_Table.csv]: SnLoaderIsFull=Enable0	hand-read (golden timer body read; port side by grep; quotes machine-validated)
E-T3-007	TIMER_SEGMENT	Timer3Timer: iChangeFileHasErr -> ShowErrorMessage(WAR1684 / WAR16500) raised nowhere	main.cpp:25652-25664 (`if(fNote->fShow==false) { if(iChangeFileHasErr==1) { iChangeFileHasErr=0; ShowErrorMessage("WAR1684", K_SKIP, ...asChangeSetupFileName); } else if(iChangeFileHasErr==2) { ... "WAR16500" ...`)	ABSENT (consumer): Command.cpp:14438 `iChangeFileHasErr=2;` and :14502 `iChangeFileHasErr=1;` set the flag; nothing reads it (git grep -w iChangeFileHasErr: cmydef + those two sets); WAR1684 is raised only by a different path (Automation/auto9045.cpp:2473), WAR16500 only inserted in the alarm table (cMyDB.cpp:2348).	a remote/host "change recipe file" failure (WAR1684 download fail / WAR16500 local recipe switching failed) is silently swallowed; the operator never sees the alarm	STATE	75	IDENTS0=iChangeFileHasErr:4; the flag is set from Command.cpp (SECS/host recipe change), so it matters where a host changes recipes	hand-read (golden timer body read; port side by grep; quotes machine-validated)
E-T1-002	TIMER_SEGMENT	TfMain::Timer1Timer: ProcessICHotTime() hot-plate soak clock + iHeaterWait/iHeaterCooling countdown	main.cpp:2735 (body main.cpp:7907-8158; only periodic caller, other callers are 6 state-record calls)	ABSENT. No TfMain::ProcessICHotTime definition anywhere; its only references are inside `#if 0` at cStateRecord.cpp:1339 `#if 0 // GATE(W906-STATEREC-G7)`. Nothing ever accumulates HotTime: its only writes are placement-time resets (ainarm_SearchPlacePlate.cpp:4715 `HotTime[iP][iPlateC][iPlateR]       =0;` and the QA-mode pre-soak at :4713, plus csystem.cpp:14577 `HotTime[ip][ix][iy]=0;`); the accumulating statements `HotTime[plate][x][y]+=P` (golden main.cpp:8038) and `FLCarryKit.HotCount+=P` (8123) have no port counterpart (git grep -n -a -E "HotTime[^;=]*[+][+=]" = 0 hits). Readers exist: ainarm_SearchPickPlate.cpp:95 `ret=Prod.iHotTime-HotTime[iPickPlate[0]][ix][iy];`, ainarm_SearchPickPlate.cpp:1369 `HotTime[iP][iC][iR]>=Prod.iHotTime)` and ckernel.cpp:2356 `if(iShuttleHeaterWaitTime>0)`.	Hot-plate soak time never accumulates: HotTime[plate][x][y] stays 0, IC cells on MOT[MMPlate1/2].Tray are never promoted HAS_IC -> HAS_HOT_IC, iHeaterWait/iHeaterCooling never count down (cooling wait and fHeaterOK clear never expire), FLCarryKit/BLCarryKit.HotCount and iShuttleHeaterWaitTime (auto-site-mapping shuttle soak) never count. On a Tempture_Hot machine the InArm hot-plate pick (HasHotReadyIC_9045 needs HAS_HOT_IC or HotTime>=Prod.iHotTime) can never become ready, so InArm keeps looping at its wait-for-hot-IC step (Task 50).	STATE	70	IDENTS=ProcessICHotTime;HotTime;iHeaterWait;iHeaterCooling;iShuttleHeaterWaitTime ; All dependencies exist in the port: Prod.iHotTime, Temperature.fJamSoakTime, MOT[MMPlate1+n].Tray.{XItem,YItem,Data}, SetTraySingleData, fHeaterOK_Backup (cmydef.cpp:2768), SystemMin/SystemSec (PumpTick GetTimeInfo), IniConfig.bHighModeCanOffTemp, HotCount; the display half (StringGrid4/5, rgHotplateShowMessage) is absent by design and not needed. Golden function starts with `if(SystemInitialOK==false) return;` (7913) and SystemInitialOK is never true on HEAD (INBOX 127) - a fill-in must not copy that gate. Period: golden body returns unless SystemSec changed, so drive it from the 500 ms pump beat with P = elapsed seconds (golden P>3 -> 1). Hot mode only (LastSet.iTemperature==Tempture_Hot with MMPlate motors; HT9050 Mot_Table has none). The heater thread is never created in the port (HeaterSimTick.cpp header): SIM sets fHeaterOK/iHeaterWait=chkHeaterOk->Checked each tick, SHIP build has no producer of fHeaterOK at all, so the wait-state symptoms appear in SIM Hot mode first.	hand-read by sub-agent A (TfMain::Timer1Timer), reviewed and machine-validated (87/87 cites, 72/72 quotes)
E-T1-007	TIMER_SEGMENT	TfMain::Timer1Timer: fMain->ProcessForESC() - Qorvo/RFMD Empty Socket Check reset sequence	main.cpp:2858 (body main.cpp:7615-7706; only caller)	ABSENT with a live writer (write-only flag). git grep ProcessForESC = 0 hits. The writer is live: TesterComm/Handler/HandlerGpibMsg.cpp:198 `bTriggerESC=true;` (THandlerTesterSide::ResetForESC, Qorvo CHECKEMPTY path); bTriggerESC has no reader anywhere (only HandlerTesterSide.h:61, HandlerTesterSide.cpp:41 init and that write).	A Qorvo tester's Empty-Socket-Check request is accepted (RecordProcess(Msg)) but nothing performs the reset: no RunTestProgram(false), no OneCycle "Reset For ESC", no bResetMode, no booking of in-socket ICs as TEST_PASS+iI41_BinOfESC (production record "RESET"), no "Start RESET by Empty Socket Check..." record; bTriggerESC stays true forever.	STATE	70	IDENTS0=ProcessForESC:0 ; IDENTS=ProcessForESC;bTriggerESC;iESC_IndexContactCount;bDoEmptySocketOneCycle ; Golden condition: TestIF_File.iGpibMode==InterfaceType_15BinQorvo && bTriggerESC && !IsTest && !TestSocket.HasIC() && all four Suck.CheckDestoryFinish(). Dependencies exist: THandlerTesterSide::RunTestProgram (HandlerBridgeCtl.cpp:684), InitOneCycle, CloseGpibProgram, TMyProductionRecord::AddTestResultRecord, iI41_BinOfESC (Config.h:824), bBin16HangUp, iWhoTriggerPiggyBack/pbtReset. Result-side consumers exist (ckernel.cpp:2154, atester_ProcessCount.cpp:2260). Qorvo customers only. Other ESC triggers are gated too (csystem.cpp:21552 GATE G26 heater-door-open trigger and atester_ProcessCount.cpp:1508 GATE B regular-execution trigger both call fMain->ResetForESC, whose stated premise 'fMain has no ResetForESC' is only half-true now: THandlerTesterSide::ResetForESC exists at HandlerGpibMsg.cpp:192 and is called at HandlerGpibMsg.cpp:1362). Drive from the pump beat (idle-time logic, not display).	hand-read by sub-agent A (TfMain::Timer1Timer), reviewed and machine-validated (87/87 cites, 72/72 quotes)
E-T1-023	TIMER_SEGMENT	TfMain::Timer1Timer: SECS/GEM disconnect detection -> automatic One Cycle (SECSGEM_Disconnect timer 60 s, JCET 1 s)	main.cpp:3496-3523 (wei 20150817; Ifor 20161221; Steven 20190723 JCET)	ABSENT (producer) with a live consumer. The SECSGEM_Disconnect timer and bSECSGEM_Disconnect have 0 definitions and nothing ever sets bSECSGEMConnectionFailOneCycle=true; the flag is only read/cleared at csystem.cpp:5028 `bSECSGEMConnectionFailOneCycle)` and csystem.cpp:5035 `bSECSGEMConnectionFailOneCycle=false;`. The link state itself is maintained: SECSGEM/uHGemEquipment.cpp:6260 `bSECSGEMConnectionFail = true;`.	When the SECS/GEM host link stays down 60 s (JCET: 1 s) golden logs "SECSGEM Connection Fail OneCycle" and presses One Cycle so the machine runs out its cycle and stops (ending with MES1650, csystem.cpp:5032); in the port the machine keeps running with the host link down.	STATE	70	IDENTS0=SECSGEM_Disconnect:0 ; IDENTS=SECSGEM_Disconnect;bSECSGEM_Disconnect;bSECSGEMConnectionFailOneCycle;bSECSGEMConnectionFail;bSECSGEMbyPass ; Dependencies exist: IniConfig.bSECS_GEM_OneCycle + CosFunction.bSECS_GEM_OneCycle, TQPF_Timer, RecordProcess, fMain->BtnOneCycleClick (cCleanOut.cpp, called by WebMainCtlButtons.cpp), iOneCycle. Also needs IniConfig.bEnable_SECS_GEM and CosFunction.bEnable_SECS_GEM and !bSECSGEMbyPass && iOneCycle==0. Customers with CosFunction.bSECS_GEM_OneCycle (KYEC family etc.). Golden re-arms the 60 s timer on every expiry. Drive from the pump beat with wall-clock timers.	hand-read by sub-agent A (TfMain::Timer1Timer), reviewed and machine-validated (87/87 cites, 72/72 quotes)
E-T2-005	TIMER_SEGMENT	Timer2Timer: AutoOnecycleHomeStartTimeCount() (timed one-cycle / home / start, customer request 20210821) absent	main.cpp:20971-20973 call, body main.cpp:22109-22124 (`if(SystemStart==false) return; isecondcount++; if(isecondcount>=TestIF_File.iAutoOnecycleHomStartTime*60) { isecondcount=0; bIsAvoidIndexShiftOneCycle=true; fMain->BtnOneCycleClick(fMain);`)	ABSENT: AutoOnecycleHomeStartTimeCount has no definition and no mention in the port (git grep -w, 0 hits, 2026-10-01); the option is live: FileRW/TestIF_File_TesterIF.gen.inc:1368 reads TestIF_File.bAutoOnecycleHomStart and :1369 iAutoOnecycleHomStartTime, the consumer flag exists (cCleanOut.cpp:338 `if(TestIF_File.bAutoOnecycleHomStart && bIsAvoidIndexShiftOneCycle)`, csystem.cpp:5132).	the recipe option "auto one-cycle / home / start every N minutes" is stored and shown but the periodic trigger never fires (no timed one-cycle while running)	STATE	70	IDENTS0=AutoOnecycleHomeStartTimeCount:0; one-cycle = machine motion (BtnOneCycleClick) so the fix needs START-campaign care; customer feature (Isaac 20210821 全智)	hand-read (golden timer body read; port side by grep; quotes machine-validated)
E-TM-011	TIMER	TfMain::Timer6Timer (start-check timer: SECS RCMD START timeout WAR16110, ChipMOS FTP AutoStart N25, GM-Test Important-Parameter check N29) absent	main.cpp:31299-31548 (Interval=1000, design Enabled=False; started main.cpp:6182/:6192/:6217 in Start() and csystem.cpp:10373): branch 1 `bEnable_SECS_GEM && bRCMDStart && bPhysicalStart` -> after iN07RunCheckAlarmTime ticks `bPhysicalStart=false; ShowErrorMessage("WAR16110", ...)` :31310-31320; branch 2 CC_ChipMos_ZHUBEI && bN25_1_EnableStartControl -> `fFTPClient->N25_ReadAutoStartFileFromFTP()` then `SoftStart=true; bPhysicalStart=true` :31322-31361; branch 3 bN29_ParameterCheckForGMTest -> reads "Important Parameter.csv", compares temperature + site map, then `SoftStart=true` :31363-31533; else `RecordProcess("Run check was interrupted!")` :31535-31545	ABSENT and KNOWN: WebStart.cpp:3684 `//MARKED(W906-ST-S3-B1) 20260918 Timer6->Enabled = true;` (also :3695, :3720; and :3716 ImpParaCheck->Clear, :3718 iAutoStartTask=1, :3721 tAutoStartTimeOutTimer) -- the ST port sets bPhysicalStart=true and waits for a timer that does not exist; csystem.cpp:7431 `#if 0 // GOLDEN VERBATIM -- golden csystem.cpp:10336-10374.  GATE G4-1` keeps the fourth start site off; members `iAutoStartTask`, `tAutoStartTimeOutTimer`, `N25_ReadAutoStartFileFromFTP` have 0 hits, WAR16110 is catalog-only (AlarmCodeCatalog.cpp:1174).	ChipMOS ZhuBei FTP auto-start and GM-Test parameter-check start can never reach SoftStart=true (the machine will not start from that trigger); for SECS remote start the run-check timeout alarm WAR16110 and the "Run check was interrupted!" flag reset never happen (bPhysicalStart stays true)	STATE	70	IDENTS0=iAutoStartTask:0;tAutoStartTimeOutTimer:0;N25_ReadAutoStartFileFromFTP:0; customer-specific (N25/N29/SECS RCMD); ST campaign (S3) territory -- report only	hand-read (golden timer body read; port side by grep; quotes machine-validated)
E-T1-025	TIMER_SEGMENT	TfMain::Timer1Timer: SCK tester-docking (OTD) start-count soak timer - bTesterDucking / iTesterDucking countdown (CC_SCK + Tempture_Hot)	main.cpp:3546-3575 (ChungHung 20140623/20140714/20141015; ctor-area init main.cpp:2252)	ABSENT (producer) with live consumers. bTesterDucking, iTesterDucking and bNeedTesterDuckingFinishLightYellowAndAlarmOn have no writer in the port (definitions only, e.g. cmydef.cpp:3863 `int  iTesterDucking=0;`) and tOTDTimer has 0 definitions; the consumers exist: ckernel.cpp:2273 `bTesterDucking==true && iTesterDucking>0` (status countdown), aTester_Front.cpp:1278 `LastSet.iTemperature==Tempture_Hot) && iTesterDucking>0)` (holds the index pick) and the finish-light flag at aTester_Front.cpp:1284. The Start-Count button flag is set but unread: forms/fLotInfo.cpp:1993 `bStartCount_SCK=true;`.	SCK hot-test tester-docking soak wait (Temperature.iUseTesterDocking minutes, counted down on the main status bar) never starts or ends: bTesterDucking is never true, so the iTesterDucking>0 holds never trip, the "docking finished" yellow light + alarm (bNeedTesterDuckingFinishLightYellowAndAlarmOn) never fires and the Start Count button flag is ignored.	STATE	65	IDENTS0=tOTDTimer:0 ; IDENTS=bTesterDucking;iTesterDucking;bStartCount_SCK;tOTDTimer;bNeedTesterDuckingFinishLightYellowAndAlarmOn ; Golden also initialises bTesterDucking=true for CC_SCK at main.cpp:2252 (ctor area, not Timer1) - the port has no such init either. Dependencies exist: Temperature.iUseTesterDocking (Temperature.gen.inc:3883), fHeaterOK, TQPF_Timer::LatchCycleTimeSec (47 hits). iTesterDockingCT counts 100 ticks x 30 ms = 3 s -> wall clock. SCK customer only. Pair with E-T1-026 (same state variables). ; CUSTOMER_SPECIFIC (this laptop CUSTOMER_CODE=957=CC_PTI): CC_SCK	hand-read by sub-agent A (TfMain::Timer1Timer), reviewed and machine-validated (87/87 cites, 72/72 quotes)
E-T1-026	TIMER_SEGMENT	TfMain::Timer1Timer: auto-docking (OTD) initial-delay / tester-docking wait state (bA05UseAutoDocking && bUseInitDelay): bTesterDucking, bDoOTDOffUseInitialDelay	main.cpp:3577-3662 (jou 2014-04-25; Steven 20160818/20171208/20180221; ChungHung 20140623)	ABSENT (producer) with live consumers. bDoOTDOffUseInitialDelay is never set true: its consumers exist (atester.cpp:10715 `if(bDoOTDOffUseInitialDelay)` starts the initial delay after the docking opens; also atester.cpp:10883) but the producer arms (golden main.cpp:3598 and 3623) are absent, as are the bTesterDucking writes that feed the iTesterDucking>0 pick hold.	KYEC / A05 auto-docking machines: the "initial temp delay after OTD opens" (Prod.bOTDUnlockDelay, USE_OTD 0 sensor pair or USE_OTD 2 C_Dock cylinders) and the Temperature.bUseTesterDocking wait never arm; Start does not wait for docking/soak.	STATE	65	IDENTS=bDoOTDOffUseInitialDelay;bUseInitDelay;bA05UseAutoDocking;USE_OTD;SnAutoDockingOn ; Dependencies exist: Sen[SnAutoDockingOn/Off], Sen[SenAutoDocking240KG], Cylinder[C_DockYAxisOn/Off, C_DockXAxisOn/Off], Prod.bOTDUnlockDelay, Temperature.bUseTesterDocking, iTesterDockingCT logic. Only machines with OTD sensors/cylinders enabled (HT9050: SnAutoDockingOn/Off and C_Dock* rows Enable=0, SenAutoDocking240KG Enable=0). Drive from the pump beat; 100-tick counter = 3 s wall clock. ; MACHINE_IO[machines/HT9050/IO_Table.csv]: SnAutoDockingOn=Enable0, C_DockYAxisOn=Enable0, C_DockXAxisOn=Enable0	hand-read by sub-agent A (TfMain::Timer1Timer), reviewed and machine-validated (87/87 cites, 72/72 quotes)
E-REG-001	BOOT_GROUP	InitialHandler: fStartCondition->LoadCylinderLife() gated (N1-G2e)	cinitial.cpp:5842 `fStartCondition->LoadCylinderLife();` (golden InitialHandler 5836-5853)	GATED: cinitial.cpp:16990 `#if 0 // N1-G2e: blocked by fStartCondition -- NO declaration in ANY header in this tree` then :16991 `fStartCondition->LoadCylinderLife();`; the body exists (cStartCondition.cpp:850 `void TfStartCondition::LoadCylinderLife()`) but forms/fStartCondition.h still has no `extern TfStartCondition *fStartCondition` (cSetUp.cpp:1202 GATE(G-SU-StartCond))	cylinder life counters (Cylinder[i].iOnOffCount / iTimeOutCount / alarm limits, MachineLife.ini [CylinderLife]/[CylinderAlarm]) are never loaded: counting in mycylin.cpp:749/:761 starts from 0 at every boot, so the Pre-Alarm Cylinder feature never fires	STATE	60	IDENTS=LoadCylinderLife;fStartCondition; the gate reason is PARTLY still true (no global instance of the form facade); the body class exists, so the missing piece is one global object	hand-read (golden + port text read; file:line quotes machine-validated)
E-RT-003	TIMER_RUNTIME	TPowerSaving::ScanTmr (power-saving idle scanner): OnTimer lambda set, nothing ticks it	PowerSavingMode.cpp:35 `ScanTmr=new TTimer(fMain);` handler OnScanTmr :72-224 (idle detect -> turn off temp/motor/vacuum after countdown, MessageBox "Enter power saving mode")	NO_CALLER: port PowerSavingMode.cpp:543 `ScanTmr->OnTimer=[this](TObject *Sender){ OnScanTmr(Sender); };`, :578 `void TPowerSaving::OnScanTmr(TObject *Sender)`; only caller tests/test_i115b_lifted.cpp:194 `ps->OnScanTmr(0);`	C05 power-saving mode (IniConfig.bPowerSaveFunction / bC05_PowerSaveTemp/Motor/Vacuum) never triggers: heaters/motors/vacuum are never switched to the saving state after the idle countdown	STATE	60	IDENTS=OnScanTmr;ScanTmr;bPowerSaveFunction; feature is optional (config flag); HeaterFan/heater/vacuum outputs are driven by it (IO_OUT)	hand-read (golden + port text read; file:line quotes machine-validated)
E-SMC-002	BOOT_GROUP	SYSTEM_MODULAR ctor: mapATCAlarmCode (91 ATC alarm -> WAR code entries) never seeded	database.cpp:57-154 (`mapATCAlarmCode["ALM001"]="WAR15200";` ... 91 assignments); consumer HS_Function.cpp:3659-3705 ShowATCAlarmMessage (:3680 `HSys.mapATCAlarmCodeIter=HSys.mapATCAlarmCode.find(sAlarmCode);`)	ABSENT: ctor is `#if 0` (database.cpp:139); its stub only keeps database.cpp:153 `mapATCAlarmCode.clear();` and database.cpp:154 `// ... mapATCAlarmCode["ALM001"] = "WAR15200"; ... (database.cpp:58-288)`; consumer is also not ported: forms/fHS.h:306 `ShowATCAlarmMessage     golden :3659-3705` (GATED category C); `git grep -w mapATCAlarmCode` non-test = declaration + gated stub only	an alarm sent by the ATC temperature-chamber controller (ALMxxx / MESxxx) cannot be translated to the handler warning code WAR152xx: golden shows ShowErrorMessage(WARxxxxx) or "No alarm code"; the port shows nothing	STATE	60	IDENTS=mapATCAlarmCode;ShowATCAlarmMessage; both filler and consumer absent => needs both; relevant only where ATC_SYSTEM is installed (ATC_InterfaceForm); golden 906 entry count measured 91 by grep -c on database.cpp:57-154	hand-read (golden + port text read; file:line quotes machine-validated)
E-T1-010	TIMER_SEGMENT	TfMain::Timer1Timer: OEE / SJ-OS / XINITECH / JCET Lot-End gating (sbSECSLotStart/sbSECSLotEnd Enabled, ed_PIOEEMO ReadOnly)	main.cpp:2961-2991 (V912 numbers in port comments: 3055 OEE, 3070 SJ/XINITECH; JCET RogerYang 20260610)	ABSENT. sbSECSLotEnd->Enabled has no runtime writer that follows golden: forms/fLotInfo.cpp:7287 `sbSECSLotEnd->Visible=true; sbSECSLotEnd->Enabled=true;` (dfm default applied once) and csystem.cpp:8743 `fLotInfo->sbSECSLotEnd->Enabled=true;`; yet the web Lot End path reads it as a guard: WebLotInfo.cpp:544 `const bool btnEn    = fLotInfo->sbSECSLotEnd->Enabled;` (button-disabled guard can never trip). The port's own comment at forms/fLotInfo.cpp:7277 lists these Timer1 writers as not ported.	OEE (N14-1) machines: Lot End is pressable before a lot is started and Lot Start after it started (fProductionInfo->_bOEEStartLotSuccess never drives the buttons); SJ-Semi-OS / XINITECH / JCET: Lot End is NOT blocked while ICs are still inside the machine (HasICUnderMachine()), so a lot can be ended with ICs on board (writes config.ini [Lot Info], LotInfo csv, ArmByLot, SECS); ed_PIOEEMO stays editable under N14-4 auto-load MO and does not track OEE_GetMO().	STATE	60	IDENTS=_bOEEStartLotSuccess;HasICUnderMachine;sbSECSLotEnd;bN14_1_EnableOEEFunction ; Dependencies exist: fProductionInfo->_bOEEStartLotSuccess (forms/fProductionInfo.h:130), HasICUnderMachine (csystem.h:105), RunInfo.bLotStart, CosFunction.bOEEFunction, CC_SJ_Semiconductor_OS/CC_XINITECH/CC_JCET. The web guard already consults Enabled, so a fill-in = write the four Enabled/ReadOnly assignments from the pump beat (500 ms is fine, state is level-triggered). OEE = Greatek-type customers only. ; CUSTOMER_SPECIFIC (this laptop CUSTOMER_CODE=957=CC_PTI): CC_JCET, CC_SJ_S, CC_XINITECH	hand-read by sub-agent A (TfMain::Timer1Timer), reviewed and machine-validated (87/87 cites, 72/72 quotes)
E-CG-006	OTHER	Transitive reachability from wb_serve main(): 1,582 golden-named port functions are unreachable, 596 of them (13,676 port statements) are executed in golden by a timer / worker thread / boot root	golden roots: 105 non-TfMain dfm timer handlers + 14 TfMain timers, 10 worker-thread bodies (HeaterThreadProcess, TRunControl ThreadProcess, HThreadCtrlShuttle, PLCIOProcess, OmronThreadProcess, RS232ThreadProcess, ATC/Monitor socket watchers ...), TfMain ctor / FormCreate / FormShow, WinMain; name-level call graph of golden 906 (9,633 names, 7,649 functions with edges)	PARTIAL / candidate list: port name-level call graph on main f528311a (11,365 defined names, 13,573 definitions; roots = main() of tools/wb_serve.cpp + 701 names used as callbacks/table entries + 597 names called at file scope): 8,123 names reachable; golden-named port functions with >= 2 statements NOT reachable = 1,582 (421 have no caller at all = the direct census, 1,161 are reachable only from those); 869 of the 1,582 have >= 1 golden call-site. Intersection with golden periodic roots = 596 functions / 13,676 port statements: driven in golden by other-form timers 425 (8,474 stmts), worker threads 483 (10,939), TfMain timers 244 (4,530), TfMain boot 163 (3,006), WinMain 63 (909) (groups overlap). Biggest single families: DoPlaceToHotPlate_9045_<layout> 23 functions / 2,200 stmts (E-CG-005), AddSV 774 (false positive: reached through SecsTagPublish.cpp:70 `g_h9045->AddSV();`), SetSiteMapByDLL 292 (E-TM-017), ShowThermo 243, DoShowBinDigital 211 (E-T3-003), DoStartSetBin 187 (E-RT-001), CheckLowYieldAlarm 138 (E-T3-001).	this is the size of "everything behind the missing drivers": code that exists in the port, compiles, links, and can never run from the product entry point because the timer / thread / boot root that calls it is not ported; fixing a driver (E-TH-001, E-TM-*, E-T*-*, E-BOOT-*) makes its whole closure live at once, so each such fix needs a verification pass over its closure	STATE	55	CANDIDATE list, not verified function by function (name-level graph: a same-named method in another class makes a function look reachable, which under-counts; a call the regex misses makes it look unreachable, which over-counts - AddSV is one such false positive; entries of the top 60 that coincide with hand-verified rows and are genuine: E-CG-005, E-T3-001, E-T3-003, E-TM-017, E-RT-001, E-T1-011). Appendix: census129_e_unreachable.tsv (596 rows) and tools/s14_unreachable.tsv (1,582 rows). Commands: tools s14_reach.py, s15_golden_periodic.py (27 s + 12 s)	tool-derived counts + hand-read verdicts (call census / reachability tools, then hand check; quotes machine-validated)
E-TH-002	THREAD	HThreadCtrlShuttle (out-shuttle residual-IC / Z-sensor thread, acarry.cpp): offline driver never runs	acarry.cpp:7026-7234 HThreadCtrlShuttle::ThreadProcess (~210 lines: shuttle Z-sensor / InPut sensor scan, sets bShuttleHasIC[][][]); OpenThread acarry.cpp:6998 `_handle=CreateThread(0, 0, ThreadProcess, this, 0, (DWORD*)&_id);`; started via StartShuttleThread() acarry.cpp:4213/:6040 (golden 7236) after a JAM0560 retry and StartDetectMotorSensor()	ABSENT: port acarry.cpp:7053 `// offline driver: no real OS thread; SMs take the bExeShuttleThread==false path`, OpenThread sets `_execute=false` (acarry.cpp:7055); but cinitial.cpp:12661/:12691/:12712 still set `SThreadPara.bExeShuttleThread=true` (`//Thread`) when the Z-detect teach values (Tech.OutSH1ZDetectPos etc.) are non-zero, and acarry.cpp:4015/:4212/:5871/:6049 take the thread branch	on a machine with taught out-shuttle Z-detect positions the residual-IC check after an out-shuttle move uses bShuttleHasIC[][][] that StartDetectMotorSensor() (acarry.cpp:7290) seeds to TRUE and that only the thread would clear: JAM0560 "Out Shuttle residual IC" retry loops / false residual-IC alarms	STATE	55	IDENTS=bExeShuttleThread;HThreadCtrlShuttle;StartShuttleThread;StartDetectMotorSensor;bShuttleHasIC; real HThreadCtrl (HThreadCtrl/HThreadCtrl.cpp) is a genuine CreateThread in the port, so a real thread here is possible; condition depends on the machine teach values (not measured); not mentioned in any port doc (git grep bExeShuttleThread docs = 0)	hand-read (golden + port text read; file:line quotes machine-validated)
E-TM-010	TIMER	TfMain::Timer5Timer (ATC connection watchdog: iATCOnLine + WAR15309 + Tj log rotation) absent	main.cpp:31210-31297 (main.dfm:17323 Interval=1000, Enabled=True): iATCOnLine written at :31239/:31245/:31252/:31258/:31268/:31272; `ShowErrorMessage("WAR15309", 0, MMATC_TCPIP, ...)` when ATC lost and (LastSet.iTester==ON_LINE || CC_ASE_SG); `ATC_InterfaceForm->AskATCDateToHandle()` for ASE Kaohsiung :31284-31290; sTjLogList>10000 -> Button3Click :31223-31225; the eNewATCSystem arm is `#ifndef SOFT_SIMULTE` :31263-31282	ABSENT: no Timer5Timer; iATCOnLine has a single writer under SOFT_SIMULTE only: uHeaterThread.cpp:506 `iATCOnLine=true;` inside CheckHeater `#ifdef SOFT_SIMULTE`, so in a SHIP build it stays false forever (cmydef.cpp:4270 `bool iATCOnLine=false;`); WAR15309 only in AlarmCodeCatalog.cpp:979; AskATCDateToHandle is a GATE(NET) decl (forms/fATCHandlerSide.h:901).	with an ATC chamber: ATC-online state is never learned (the TriTemp door state machine sees the ATC as offline forever: TempCtrl/TriTemp.cpp:2493 `int iATC_On=(iATCOnLine==true)?1:0;`, the `iATCOnLine==1` arms at :2687/:2716 are never taken and the `iATCOnLine==0` arm at :2745 always is; SECS SV 1043 "ATC State" reads false) and the WAR15309 "ATC connect error" alarm never fires	STATE	55	IDENTS0=WAR15309:1; relevance = ATC_SYSTEM installed (eATCHonPrecType / eNewATCSystem); heater thread absence (E-TH-001) is the sibling gap in the same SHIP build	hand-read (golden timer body read; port side by grep; quotes machine-validated)
E-CG-000	OTHER	Name-level call census: 425 port-defined functions with golden call-sites and ZERO live callers in the port (76 of them are called from timer/tick handlers in golden)	whole golden 906 tree: 9,633 function names defined (11,259 definitions); 6,704 of the names have >=1 live call-site (comment/string-stripped, compile-disabled regions removed, SOFT_SIMULTE undefined)	NO_CALLER x425 (main f528311a; 426 on 12fe15e4 - SetIOTableByECAT_VC8_Sucker got a caller with cpp 0045): the port defines 11,365 names (13,573 definitions); candidates = golden call-sites >= 1, port body >= 2 statements, 0 live call-sites in the port outside tests/docs (declaration-context filtered). By golden-body effect class: DISPLAY 187, COMM 71, STATE 54, IO_OUT 43, FILE_WRITE 36, MOTION 34. Called from a golden Timer*/tick handler: 76 (DISPLAY 23, COMM 20, IO_OUT 16, STATE 14, MOTION 2, FILE_WRITE 1). Full list with golden callers: census129_e_nocaller.tsv (appendix). Also 1,583 golden-called names have no port definition at all (other censuses).	the list is the mechanical cross-check of the timer rows: e.g. ProcessCCDLight, CheckLBTemp, ScanLoadPort, DoShowBinDigital, ChangeBinDispStatus, the eight fYieldMonitoring->Check*YieldAlarm, CheckPCI_L112State / MN200State / EtherCatState, SocketAirCoolingEnd are all in it	STATE	50	method: tools s6_callgraph.py (definitions + call-sites, same logic both trees) and s10_callers.py / s10_appendix.py (enclosing function of each golden call-site, effect fingerprint of the golden body); limitation: name-level (two functions with the same name in different classes share a counter, so a same-named live call can hide a dead function: 425 is a LOWER bound for dead-by-name), calls through function-pointer tables or macros are not seen	tool-derived counts + hand-read verdicts (call census / reachability tools, then hand check; quotes machine-validated)
E-FT1-001	TIMER_PARTIAL	TfNote::Timer1Timer + TMyMessageBox::Timer1Timer + TfAGV::Timer2Timer (10 ms while a blocking alarm / message box is open): golden keeps ~20 pieces of main-loop work running inside the box; the port wait loop runs only about half of them	note.cpp:3143-3525 (TfNote::Timer1Timer, 115 statements, dfm Interval 10); mymessbox.cpp:538-757 (TMyMessageBox::Timer1Timer, 66 statements); Automation/AGV.cpp:1290-1307 (TfAGV::Timer2Timer: `if(!fNote->fShow || InitialOK==false) return;` then DoE84Loader/DoE84Unloader)	PARTIAL BY DESIGN (documented in the comment block above the function): tools/wb_serve.cpp:7620 `void W906_ModalWaitTick(int kind, int kcode)` covers fMain->Timer1Timer's FlushFlag + MainRecord, FlushLabel lamps, ScanKey (tools/wb_serve.cpp:7284 `int W906_AlarmIoAnswer(const char* qid, int kcode`), the MyMessageBox dismissal conditions (tools/wb_serve.cpp:7222 `std::string W906MbIoDismiss()`), DoSystemMessage x6 and DoAvoidIndexMotorFallDown. NOT run while a box waits, although golden runs them from the box timer: ProcessStatrDigital (note.cpp:3357, mymessbox.cpp:547), ScanTrayStatus (note.cpp:3398, mymessbox.cpp:664-666; in the port only MainProc calls it: csystem.cpp:30674 `ScanTrayStatus();`), RecordSafeDoorStates (note.cpp:3383; port only in DoSystem: csystem.cpp:16551 `RecordSafeDoorStates();`), DoThermo + HeaterDoorIsOpen + CheckHeater + fOmron->Main232/Timer1Timer (note.cpp:3498-3504, mymessbox.cpp:544-545; DoThermo is bthermo.cpp:1262 `void DoThermo()`), bPLCStatusCheck (note.cpp:3194, mymessbox.cpp:551), HP-card torque-log stop (note.cpp:3159-3171), fMain->Timer7Timer (note.cpp:3356), IndexMoveToFrontRear when bIndexDropErrCanMove (note.cpp:3493-3495), the E84 handshake (AGV.cpp:1303-1304; in the port only MainProc calls it: csystem.cpp:30424 `DoE84Loader();`). Also listed as not built inside W906_AlarmIoAnswer itself: Tri_Temp door-lock cylinders, bOpenSixDoor, P59 unloader-floating step machine, BtnResetClick.	while an alarm or message box is on screen (every alarm) the normal tick is stopped, and the tray scan, safe-door logging, digital-status pass, heater supervision (DoThermo / HeaterDoorIsOpen / CheckHeater), PLC-safety check and E84 handshake do not run, although golden runs them from the box's own 10 ms timer	STATE	50	hand-read: note.cpp:3143-3525, mymessbox.cpp:538-757, AGV.cpp:1290-1307, wb_serve.cpp:7440-7660. Machine relevance on this laptop: AGVModal=0 (E84 part inert), Enable_PLCSafety_IO defaults false (cmydef.cpp:5792), Tri_Temp_Machine=0; ScanTrayStatus / RecordSafeDoorStates / ProcessStatrDigital apply to every machine; the heater part only matters once the heater chain is restored (E-TH-001, E-T2-008). Golden also closes these boxes by itself when the door check clears (covered: W906MbIoDismiss). IDENTS0=ShowUnloaderChkMsg:0	hand-read (non-TfMain form timer: golden body read, port counterpart located by grep; quotes machine-validated)
E-BOOT-006	BOOT_GROUP	14 of the 72 objects created by the TfMain ctor / FormCreate / FormShow have no counterpart in the port	ctor :1496 ImpParaCheck, :1497 ImpParaCheckRecipe, :1498 UnloadTrayLog, :1499 RTMCommand, :1642 slLowYieldAlarm, :2149-2150 PickFromHPList / PlaceToCleanList, :2227 tMonitorIndex, :2231 tESDError, :2232 tGPIBMsg, :2263 patFunc (PAT_Function); FormCreate :26704-26705 BV / BL; FormShow :10571 ScanBtnThd	ABSENT (by name, tools s16_boot_new.py with subscript-aware pattern): ImpParaCheck/Recipe: csystem.cpp:11886 `#if 0   // GATE(g3-G18)  golden csystem.cpp:7470  --  fMain->ImpParaCheck->Clear()` (GM Test start check, E-TM-011); UnloadTrayLog: SortingBinTray/SortingBinTray.cpp:2767 `#if 0 // TODO(W7-UI): golden :2477-2486 fLotInfo->iXMLOnLineStatus + fMain->UnloadTrayLog (no such members)`; slLowYieldAlarm: atester_ProcessCount.cpp:343 `#if 0 // TODO(W6.4b-integrate): ADD `TStringList *slLowYieldAlarm;``; tMonitorIndex: Motor/mymotor.cpp:2878 diagnostic sink gated; tESDError / tGPIBMsg: E-TM-002 / E-TM-003; patFunc: WebStart.cpp:1205 `// SAFETY-GATE(W906-ST-W1-A) golden :4434` (CC_PANTHER object, no instance in the tree); PickFromHPList / PlaceToCleanList are created lazily (aHotPlateSubstrate.cpp:1029 `if(PickFromHPList  == NULL) PickFromHPList  = W906_NewPlateInfo();`) - not a gap; RTMCommand, BV, BL: no consumer found (RTM = TFormHS real-time-monitor message list).	the lists behind GM-Test start check, unloader-tray production log + FTP upload, yield-alarm bookkeeping, ESD/GPIB operator messages and the Panther PAT object do not exist, so the features that need them are gated or silently skipped	STATE	45	IDENTS0=ImpParaCheckRecipe:0; the ESD/GPIB pair is the most consequential (tester alarms, E-TM-002), slLowYieldAlarm belongs to the yield-alarm family (E-T3-001); the rest are customer- or option-specific ; CUSTOMER_SPECIFIC (this laptop CUSTOMER_CODE=957=CC_PTI): CC_PANTHER	tool-derived name-level callee census, every U/M item then hand-read
E-TM-015	TIMER_SEGMENT	TfMain::Timer8Timer: VTEST tester-alarm sensor check (SnTesterAlarm -> MES0732) and ASE KH ReadEPData handoff have no consumer	main.cpp:32101-32109 (`if(IniConfig.bVTESTFunction==true) { ... if(Sen[SnTesterAlarm].IsOn() && iTesterAlarmCount>=10) ShowErrorMessage("MES0732", K_RETRY, MMInterface);`), :32111-32115 (`if(bReadEpTime) { fMain->ReadEPData(); bReadEpTime=false;`)	ABSENT: cinitial.cpp:2536 `Sen[SnTesterAlarm               ].Name="SnTesterAlarm";` registers the sensor but nothing reads it (git grep -w SnTesterAlarm: constant, extern, registration only); MES0732 is catalog-only (AlarmCodeCatalog.cpp:387); bReadEpTime is SET (aTester_Front.cpp:9356, aTester_Rear.cpp:9303 for CC_ASE_KaohSiung) but ReadEPData has 0 definitions/callers.	VTEST: a tester alarm line (SnTesterAlarm held 10 s) never raises MES0732 "LB Undocking..."; ASE Kaohsiung: the EP-time data read requested after the index cycle never happens	STATE	45	IDENTS0=MES0732:1;ReadEPData:0;SnTesterAlarm:3; customer-specific; also golden bNeedClearFile (Timer8 :32086-32098) is a GOLDEN-DEAD path: its only setter is commented out (golden SECSGEM/uHGemHT9045.cpp:5312 `//                    fMain->bNeedClearFile=true;`) so that segment is NOT a port gap ; MACHINE_IO[machines/HT9050/IO_Table.csv]: SnTesterAlarm=no row ; CUSTOMER_SPECIFIC (this laptop CUSTOMER_CODE=957=CC_PTI): CC_ASE_K	hand-read (golden timer body read; port side by grep; quotes machine-validated)
E-REG-006	BOOT_GROUP	WinMain: single-instance mutex `CreateMutex(NULL,FALSE,"MyMutexName")` + "Please copy HT9045.EXE to D:\HT9045\EXE" path check + OSK.exe reset	HT9045.cpp:132-156 (:132 taskkill OSK.exe, :142 `::CreateMutex(NULL,FALSE,"MyMutexName");`, :153 MessageBox "Please copy HT9045.EXE to D:\\HT9045\\EXE")	ABSENT: `git grep -a -E "MyMutexName|CreateMutex"` finds no wb_serve/FormsBootstrap equivalent (only ELA/JamIniMerge file locks and the GPIB/RS232 sub-engines); FormsBootstrap.cpp:27 records the path check as not translated; forms/fHS.h:426 documents the OSK kill as deliberately not done	nothing stops a second wb_serve from booting on the same machine (both would open the PCIE-1203 card and fight over the ports before the HTTP bind fails); the kill/reset of the Windows on-screen keyboard settings is not done	STATE	40	IDENTS=MyMutexName; tools/check_wb_serve_not_running.ps1 exists as an external convention only; hmi_shell has its own mutex (tools/hmi_shell/hmi_shell.cpp:631)	hand-read (golden + port text read; file:line quotes machine-validated)
E-BOOT-007	BOOT_GROUP	Initial values set by the ctor / FormCreate and not replicated: sATCPath (ATC recipe share path), CC_SCK bTesterDucking=true, Application->OnException logger	main.cpp:2209 `sATCPath="\\172.16.8.90\Data";`, :2251-2252 `if(CUSTOMER_CODE==CC_SCK) bTesterDucking=true;`, FormCreate :26703 `Application->OnException = AppException;` (TfMain::AppException main.cpp:26680-26684 = `RecordProcess(E->HelpContext + ":" + E->Message)`)	ABSENT: cmydef.cpp:5071 `AnsiString sATCPath;` is declared and never assigned, so the consumer KYECFTP/FTPClient_Transfer.cpp:823 `if (DirectoryExists(sATCPath))` sees an empty path and takes the "Upload ATC recipe fail" branch; bTesterDucking keeps its default false (cmydef.cpp:3862) - golden sets it only for CC_SCK; TfMain::AppException has no port (tools/wb_serve.cpp:4591 states PumpTick "never throws", so a C++ exception escaping a tick is not logged and swallowed the way golden does). Of 141 non-zero ctor/FormCreate assignments 124 are replicated (tools s16_boot_asg.py); the other 17 are these three, six local `asString=` default strings (:2053-2070: ASEK15PassWord / EPuser / EPPass / ConfigPass / Gigas FTP password / SetupFileCheckList defaults that feed ini reads done elsewhere), UI title/icon strings, oldLastSetiTester/oldbA10_6 (set by an initializer list in THandlerTesterSide) and SUPPORT_2_EMPTY_EMPTY (read from the ini elsewhere).	ATC recipe upload to the ATC share fails with a path error; SCK tester-docking wait starts from the wrong state; an unhandled exception is neither logged nor survivable	STATE	35	IDENTS0=AppException:2; sATCPath matters only with ATC recipe FTP upload (KYEC/ChipMOS flows), bTesterDucking only CC_SCK (E-T1-025/026), AppException is a robustness gap of the port architecture (decision item) ; CUSTOMER_SPECIFIC (this laptop CUSTOMER_CODE=957=CC_PTI): CC_SCK	tool-derived name-level callee census, every U/M item then hand-read
E-IO-020	IO_ROW_NO_OBJECT	SnColorDetect1	none: golden 906 and V912 define no Sensor named SnColorDetect1 (nearest golden name: SnColor_Detect)	ABSENT: no const in cmydef.cpp and no registration in cinitial.cpp InitialSwitchName:1127 / InitialSensorName:1747 / InitialCylinderName:7703 (s1_iomatch2.py name-only match over 333 SW + 790 Sen + 260 Cyl names); IO row machines/HT9050/IO_Table.csv:282	input row 282 (SnColorDetect1, Enable=0) has no Sen[] object: nothing can read it (no flow condition, interlock or alarm)	STATE	35	IDENTS=SnColorDetect1; family=other; Enable=0; the FLOW that would use it is not in golden 906/912 -- per docs/IO_LIST_20260928.md it exists only in the HT9050 tree V910_HT9050 (not on this machine, unverified); adding the object = constant + name line; capacity: MAX_SENSOR_ITEM 820 (max idx 801), MaxCylinderItem 295 (max idx 294, 0 spare), MAX_SWITCH_ITEM 372 (max idx 370); Enable=0 => hardware not wired on this machine	tool-derived (IO_Table.csv row vs golden/port SW[] registration diff; no body read)
E-IO-021	IO_ROW_NO_OBJECT	SnColorDetect2	none: golden 906 and V912 define no Sensor named SnColorDetect2 (nearest golden name: SnColor_Detect)	ABSENT: no const in cmydef.cpp and no registration in cinitial.cpp InitialSwitchName:1127 / InitialSensorName:1747 / InitialCylinderName:7703 (s1_iomatch2.py name-only match over 333 SW + 790 Sen + 260 Cyl names); IO row machines/HT9050/IO_Table.csv:283	input row 283 (SnColorDetect2, Enable=0) has no Sen[] object: nothing can read it (no flow condition, interlock or alarm)	STATE	35	IDENTS=SnColorDetect2; family=other; Enable=0; the FLOW that would use it is not in golden 906/912 -- per docs/IO_LIST_20260928.md it exists only in the HT9050 tree V910_HT9050 (not on this machine, unverified); adding the object = constant + name line; capacity: MAX_SENSOR_ITEM 820 (max idx 801), MaxCylinderItem 295 (max idx 294, 0 spare), MAX_SWITCH_ITEM 372 (max idx 370); Enable=0 => hardware not wired on this machine	tool-derived (IO_Table.csv row vs golden/port SW[] registration diff; no body read)
E-IO-022	IO_ROW_NO_OBJECT	SnColorDetect3	none: golden 906 and V912 define no Sensor named SnColorDetect3 (nearest golden name: SnColor_Detect)	ABSENT: no const in cmydef.cpp and no registration in cinitial.cpp InitialSwitchName:1127 / InitialSensorName:1747 / InitialCylinderName:7703 (s1_iomatch2.py name-only match over 333 SW + 790 Sen + 260 Cyl names); IO row machines/HT9050/IO_Table.csv:284	input row 284 (SnColorDetect3, Enable=0) has no Sen[] object: nothing can read it (no flow condition, interlock or alarm)	STATE	35	IDENTS=SnColorDetect3; family=other; Enable=0; the FLOW that would use it is not in golden 906/912 -- per docs/IO_LIST_20260928.md it exists only in the HT9050 tree V910_HT9050 (not on this machine, unverified); adding the object = constant + name line; capacity: MAX_SENSOR_ITEM 820 (max idx 801), MaxCylinderItem 295 (max idx 294, 0 spare), MAX_SWITCH_ITEM 372 (max idx 370); Enable=0 => hardware not wired on this machine	tool-derived (IO_Table.csv row vs golden/port SW[] registration diff; no body read)
E-IO-023	IO_ROW_NO_OBJECT	SnColorDetect4	none: golden 906 and V912 define no Sensor named SnColorDetect4 (nearest golden name: SnColor_Detect)	ABSENT: no const in cmydef.cpp and no registration in cinitial.cpp InitialSwitchName:1127 / InitialSensorName:1747 / InitialCylinderName:7703 (s1_iomatch2.py name-only match over 333 SW + 790 Sen + 260 Cyl names); IO row machines/HT9050/IO_Table.csv:285	input row 285 (SnColorDetect4, Enable=0) has no Sen[] object: nothing can read it (no flow condition, interlock or alarm)	STATE	35	IDENTS=SnColorDetect4; family=other; Enable=0; the FLOW that would use it is not in golden 906/912 -- per docs/IO_LIST_20260928.md it exists only in the HT9050 tree V910_HT9050 (not on this machine, unverified); adding the object = constant + name line; capacity: MAX_SENSOR_ITEM 820 (max idx 801), MaxCylinderItem 295 (max idx 294, 0 spare), MAX_SWITCH_ITEM 372 (max idx 370); Enable=0 => hardware not wired on this machine	tool-derived (IO_Table.csv row vs golden/port SW[] registration diff; no body read)
E-IO-024	IO_ROW_NO_OBJECT	SnColorDetect5	none: golden 906 and V912 define no Sensor named SnColorDetect5 (nearest golden name: SnColor_Detect)	ABSENT: no const in cmydef.cpp and no registration in cinitial.cpp InitialSwitchName:1127 / InitialSensorName:1747 / InitialCylinderName:7703 (s1_iomatch2.py name-only match over 333 SW + 790 Sen + 260 Cyl names); IO row machines/HT9050/IO_Table.csv:286	input row 286 (SnColorDetect5, Enable=0) has no Sen[] object: nothing can read it (no flow condition, interlock or alarm)	STATE	35	IDENTS=SnColorDetect5; family=other; Enable=0; the FLOW that would use it is not in golden 906/912 -- per docs/IO_LIST_20260928.md it exists only in the HT9050 tree V910_HT9050 (not on this machine, unverified); adding the object = constant + name line; capacity: MAX_SENSOR_ITEM 820 (max idx 801), MaxCylinderItem 295 (max idx 294, 0 spare), MAX_SWITCH_ITEM 372 (max idx 370); Enable=0 => hardware not wired on this machine	tool-derived (IO_Table.csv row vs golden/port SW[] registration diff; no body read)
E-IO-025	IO_ROW_NO_OBJECT	SnColorDetect6	none: golden 906 and V912 define no Sensor named SnColorDetect6 (nearest golden name: SnColor_Detect)	ABSENT: no const in cmydef.cpp and no registration in cinitial.cpp InitialSwitchName:1127 / InitialSensorName:1747 / InitialCylinderName:7703 (s1_iomatch2.py name-only match over 333 SW + 790 Sen + 260 Cyl names); IO row machines/HT9050/IO_Table.csv:287	input row 287 (SnColorDetect6, Enable=0) has no Sen[] object: nothing can read it (no flow condition, interlock or alarm)	STATE	35	IDENTS=SnColorDetect6; family=other; Enable=0; the FLOW that would use it is not in golden 906/912 -- per docs/IO_LIST_20260928.md it exists only in the HT9050 tree V910_HT9050 (not on this machine, unverified); adding the object = constant + name line; capacity: MAX_SENSOR_ITEM 820 (max idx 801), MaxCylinderItem 295 (max idx 294, 0 spare), MAX_SWITCH_ITEM 372 (max idx 370); Enable=0 => hardware not wired on this machine	tool-derived (IO_Table.csv row vs golden/port SW[] registration diff; no body read)
E-IO-030	IO_ROW_NO_OBJECT	SnOutPutSHT1S8	none: golden 906 and V912 define no Sensor named SnOutPutSHT1S8 (nearest golden name: SnOutPutSHT1S7)	ABSENT: no const in cmydef.cpp and no registration in cinitial.cpp InitialSwitchName:1127 / InitialSensorName:1747 / InitialCylinderName:7703 (s1_iomatch2.py name-only match over 333 SW + 790 Sen + 260 Cyl names); IO row machines/HT9050/IO_Table.csv:715	input row 715 (SnOutPutSHT1S8, Enable=0) has no Sen[] object: nothing can read it (no flow condition, interlock or alarm)	STATE	35	IDENTS=SnOutPutSHT1S8; family=other; Enable=0; the FLOW that would use it is not in golden 906/912 -- per docs/IO_LIST_20260928.md it exists only in the HT9050 tree V910_HT9050 (not on this machine, unverified); adding the object = constant + name line; capacity: MAX_SENSOR_ITEM 820 (max idx 801), MaxCylinderItem 295 (max idx 294, 0 spare), MAX_SWITCH_ITEM 372 (max idx 370); Enable=0 => hardware not wired on this machine	tool-derived (IO_Table.csv row vs golden/port SW[] registration diff; no body read)
E-IO-031	IO_ROW_NO_OBJECT	SnOutPutSHT1S9	none: golden 906 and V912 define no Sensor named SnOutPutSHT1S9 (nearest golden name: SnOutPutSHT1S7)	ABSENT: no const in cmydef.cpp and no registration in cinitial.cpp InitialSwitchName:1127 / InitialSensorName:1747 / InitialCylinderName:7703 (s1_iomatch2.py name-only match over 333 SW + 790 Sen + 260 Cyl names); IO row machines/HT9050/IO_Table.csv:716	input row 716 (SnOutPutSHT1S9, Enable=0) has no Sen[] object: nothing can read it (no flow condition, interlock or alarm)	STATE	35	IDENTS=SnOutPutSHT1S9; family=other; Enable=0; the FLOW that would use it is not in golden 906/912 -- per docs/IO_LIST_20260928.md it exists only in the HT9050 tree V910_HT9050 (not on this machine, unverified); adding the object = constant + name line; capacity: MAX_SENSOR_ITEM 820 (max idx 801), MaxCylinderItem 295 (max idx 294, 0 spare), MAX_SWITCH_ITEM 372 (max idx 370); Enable=0 => hardware not wired on this machine	tool-derived (IO_Table.csv row vs golden/port SW[] registration diff; no body read)
E-IO-032	IO_ROW_NO_OBJECT	SnOutPutSHT2S8	none: golden 906 and V912 define no Sensor named SnOutPutSHT2S8 (nearest golden name: SnOutPutSHT2S7)	ABSENT: no const in cmydef.cpp and no registration in cinitial.cpp InitialSwitchName:1127 / InitialSensorName:1747 / InitialCylinderName:7703 (s1_iomatch2.py name-only match over 333 SW + 790 Sen + 260 Cyl names); IO row machines/HT9050/IO_Table.csv:726	input row 726 (SnOutPutSHT2S8, Enable=0) has no Sen[] object: nothing can read it (no flow condition, interlock or alarm)	STATE	35	IDENTS=SnOutPutSHT2S8; family=other; Enable=0; the FLOW that would use it is not in golden 906/912 -- per docs/IO_LIST_20260928.md it exists only in the HT9050 tree V910_HT9050 (not on this machine, unverified); adding the object = constant + name line; capacity: MAX_SENSOR_ITEM 820 (max idx 801), MaxCylinderItem 295 (max idx 294, 0 spare), MAX_SWITCH_ITEM 372 (max idx 370); Enable=0 => hardware not wired on this machine	tool-derived (IO_Table.csv row vs golden/port SW[] registration diff; no body read)
E-IO-033	IO_ROW_NO_OBJECT	SnOutPutSHT2S9	none: golden 906 and V912 define no Sensor named SnOutPutSHT2S9 (nearest golden name: SnOutPutSHT2S7)	ABSENT: no const in cmydef.cpp and no registration in cinitial.cpp InitialSwitchName:1127 / InitialSensorName:1747 / InitialCylinderName:7703 (s1_iomatch2.py name-only match over 333 SW + 790 Sen + 260 Cyl names); IO row machines/HT9050/IO_Table.csv:727	input row 727 (SnOutPutSHT2S9, Enable=0) has no Sen[] object: nothing can read it (no flow condition, interlock or alarm)	STATE	35	IDENTS=SnOutPutSHT2S9; family=other; Enable=0; the FLOW that would use it is not in golden 906/912 -- per docs/IO_LIST_20260928.md it exists only in the HT9050 tree V910_HT9050 (not on this machine, unverified); adding the object = constant + name line; capacity: MAX_SENSOR_ITEM 820 (max idx 801), MaxCylinderItem 295 (max idx 294, 0 spare), MAX_SWITCH_ITEM 372 (max idx 370); Enable=0 => hardware not wired on this machine	tool-derived (IO_Table.csv row vs golden/port SW[] registration diff; no body read)
E-IO-054	IO_ROW_NO_OBJECT	C_LoaderEdgeClip_Off	none: golden 906 and V912 define no Cylinder named C_LoaderEdgeClip_Off	ABSENT: no const in cmydef.cpp and no registration in cinitial.cpp InitialSwitchName:1127 / InitialSensorName:1747 / InitialCylinderName:7703 (s1_iomatch2.py name-only match over 333 SW + 790 Sen + 260 Cyl names); IO row machines/HT9050/IO_Table.csv:947	position-feedback row 947 (C_LoaderEdgeClip_Off, Enable=0) has no cylinder object to bind to: the cylinder's On/Off sensor is never read	STATE	35	IDENTS=C_LoaderEdgeClip_Off; family=EdgeClip (stack edge clamp); Enable=0; the FLOW that would use it is not in golden 906/912 -- per docs/IO_LIST_20260928.md it exists only in the HT9050 tree V910_HT9050 (not on this machine, unverified); adding the object = constant + name line; capacity: MAX_SENSOR_ITEM 820 (max idx 801), MaxCylinderItem 295 (max idx 294, 0 spare), MAX_SWITCH_ITEM 372 (max idx 370); Enable=0 => hardware not wired on this machine	tool-derived (IO_Table.csv row vs golden/port SW[] registration diff; no body read)
E-IO-055	IO_ROW_NO_OBJECT	C_LoaderEdgeClip_On	none: golden 906 and V912 define no Cylinder named C_LoaderEdgeClip_On	ABSENT: no const in cmydef.cpp and no registration in cinitial.cpp InitialSwitchName:1127 / InitialSensorName:1747 / InitialCylinderName:7703 (s1_iomatch2.py name-only match over 333 SW + 790 Sen + 260 Cyl names); IO row machines/HT9050/IO_Table.csv:948	position-feedback row 948 (C_LoaderEdgeClip_On, Enable=0) has no cylinder object to bind to: the cylinder's On/Off sensor is never read	STATE	35	IDENTS=C_LoaderEdgeClip_On; family=EdgeClip (stack edge clamp); Enable=0; the FLOW that would use it is not in golden 906/912 -- per docs/IO_LIST_20260928.md it exists only in the HT9050 tree V910_HT9050 (not on this machine, unverified); adding the object = constant + name line; capacity: MAX_SENSOR_ITEM 820 (max idx 801), MaxCylinderItem 295 (max idx 294, 0 spare), MAX_SWITCH_ITEM 372 (max idx 370); Enable=0 => hardware not wired on this machine	tool-derived (IO_Table.csv row vs golden/port SW[] registration diff; no body read)
E-IO-069	IO_ROW_NO_OBJECT	C_Auto1EdgeClip_Off	none: golden 906 and V912 define no Cylinder named C_Auto1EdgeClip_Off	ABSENT: no const in cmydef.cpp and no registration in cinitial.cpp InitialSwitchName:1127 / InitialSensorName:1747 / InitialCylinderName:7703 (s1_iomatch2.py name-only match over 333 SW + 790 Sen + 260 Cyl names); IO row machines/HT9050/IO_Table.csv:962	position-feedback row 962 (C_Auto1EdgeClip_Off, Enable=0) has no cylinder object to bind to: the cylinder's On/Off sensor is never read	STATE	35	IDENTS=C_Auto1EdgeClip_Off; family=EdgeClip (stack edge clamp); Enable=0; the FLOW that would use it is not in golden 906/912 -- per docs/IO_LIST_20260928.md it exists only in the HT9050 tree V910_HT9050 (not on this machine, unverified); adding the object = constant + name line; capacity: MAX_SENSOR_ITEM 820 (max idx 801), MaxCylinderItem 295 (max idx 294, 0 spare), MAX_SWITCH_ITEM 372 (max idx 370); Enable=0 => hardware not wired on this machine	tool-derived (IO_Table.csv row vs golden/port SW[] registration diff; no body read)
E-IO-070	IO_ROW_NO_OBJECT	C_Auto1EdgeClip_On	none: golden 906 and V912 define no Cylinder named C_Auto1EdgeClip_On	ABSENT: no const in cmydef.cpp and no registration in cinitial.cpp InitialSwitchName:1127 / InitialSensorName:1747 / InitialCylinderName:7703 (s1_iomatch2.py name-only match over 333 SW + 790 Sen + 260 Cyl names); IO row machines/HT9050/IO_Table.csv:963	position-feedback row 963 (C_Auto1EdgeClip_On, Enable=0) has no cylinder object to bind to: the cylinder's On/Off sensor is never read	STATE	35	IDENTS=C_Auto1EdgeClip_On; family=EdgeClip (stack edge clamp); Enable=0; the FLOW that would use it is not in golden 906/912 -- per docs/IO_LIST_20260928.md it exists only in the HT9050 tree V910_HT9050 (not on this machine, unverified); adding the object = constant + name line; capacity: MAX_SENSOR_ITEM 820 (max idx 801), MaxCylinderItem 295 (max idx 294, 0 spare), MAX_SWITCH_ITEM 372 (max idx 370); Enable=0 => hardware not wired on this machine	tool-derived (IO_Table.csv row vs golden/port SW[] registration diff; no body read)
E-IO-083	IO_ROW_NO_OBJECT	C_Auto2EdgeClip_Off	none: golden 906 and V912 define no Cylinder named C_Auto2EdgeClip_Off	ABSENT: no const in cmydef.cpp and no registration in cinitial.cpp InitialSwitchName:1127 / InitialSensorName:1747 / InitialCylinderName:7703 (s1_iomatch2.py name-only match over 333 SW + 790 Sen + 260 Cyl names); IO row machines/HT9050/IO_Table.csv:976	position-feedback row 976 (C_Auto2EdgeClip_Off, Enable=0) has no cylinder object to bind to: the cylinder's On/Off sensor is never read	STATE	35	IDENTS=C_Auto2EdgeClip_Off; family=EdgeClip (stack edge clamp); Enable=0; the FLOW that would use it is not in golden 906/912 -- per docs/IO_LIST_20260928.md it exists only in the HT9050 tree V910_HT9050 (not on this machine, unverified); adding the object = constant + name line; capacity: MAX_SENSOR_ITEM 820 (max idx 801), MaxCylinderItem 295 (max idx 294, 0 spare), MAX_SWITCH_ITEM 372 (max idx 370); Enable=0 => hardware not wired on this machine	tool-derived (IO_Table.csv row vs golden/port SW[] registration diff; no body read)
E-IO-084	IO_ROW_NO_OBJECT	C_Auto2EdgeClip_On	none: golden 906 and V912 define no Cylinder named C_Auto2EdgeClip_On	ABSENT: no const in cmydef.cpp and no registration in cinitial.cpp InitialSwitchName:1127 / InitialSensorName:1747 / InitialCylinderName:7703 (s1_iomatch2.py name-only match over 333 SW + 790 Sen + 260 Cyl names); IO row machines/HT9050/IO_Table.csv:977	position-feedback row 977 (C_Auto2EdgeClip_On, Enable=0) has no cylinder object to bind to: the cylinder's On/Off sensor is never read	STATE	35	IDENTS=C_Auto2EdgeClip_On; family=EdgeClip (stack edge clamp); Enable=0; the FLOW that would use it is not in golden 906/912 -- per docs/IO_LIST_20260928.md it exists only in the HT9050 tree V910_HT9050 (not on this machine, unverified); adding the object = constant + name line; capacity: MAX_SENSOR_ITEM 820 (max idx 801), MaxCylinderItem 295 (max idx 294, 0 spare), MAX_SWITCH_ITEM 372 (max idx 370); Enable=0 => hardware not wired on this machine	tool-derived (IO_Table.csv row vs golden/port SW[] registration diff; no body read)
E-IO-097	IO_ROW_NO_OBJECT	C_Auto3EdgeClip_Off	none: golden 906 and V912 define no Cylinder named C_Auto3EdgeClip_Off	ABSENT: no const in cmydef.cpp and no registration in cinitial.cpp InitialSwitchName:1127 / InitialSensorName:1747 / InitialCylinderName:7703 (s1_iomatch2.py name-only match over 333 SW + 790 Sen + 260 Cyl names); IO row machines/HT9050/IO_Table.csv:990	position-feedback row 990 (C_Auto3EdgeClip_Off, Enable=0) has no cylinder object to bind to: the cylinder's On/Off sensor is never read	STATE	35	IDENTS=C_Auto3EdgeClip_Off; family=EdgeClip (stack edge clamp); Enable=0; the FLOW that would use it is not in golden 906/912 -- per docs/IO_LIST_20260928.md it exists only in the HT9050 tree V910_HT9050 (not on this machine, unverified); adding the object = constant + name line; capacity: MAX_SENSOR_ITEM 820 (max idx 801), MaxCylinderItem 295 (max idx 294, 0 spare), MAX_SWITCH_ITEM 372 (max idx 370); Enable=0 => hardware not wired on this machine	tool-derived (IO_Table.csv row vs golden/port SW[] registration diff; no body read)
E-IO-098	IO_ROW_NO_OBJECT	C_Auto3EdgeClip_On	none: golden 906 and V912 define no Cylinder named C_Auto3EdgeClip_On	ABSENT: no const in cmydef.cpp and no registration in cinitial.cpp InitialSwitchName:1127 / InitialSensorName:1747 / InitialCylinderName:7703 (s1_iomatch2.py name-only match over 333 SW + 790 Sen + 260 Cyl names); IO row machines/HT9050/IO_Table.csv:991	position-feedback row 991 (C_Auto3EdgeClip_On, Enable=0) has no cylinder object to bind to: the cylinder's On/Off sensor is never read	STATE	35	IDENTS=C_Auto3EdgeClip_On; family=EdgeClip (stack edge clamp); Enable=0; the FLOW that would use it is not in golden 906/912 -- per docs/IO_LIST_20260928.md it exists only in the HT9050 tree V910_HT9050 (not on this machine, unverified); adding the object = constant + name line; capacity: MAX_SENSOR_ITEM 820 (max idx 801), MaxCylinderItem 295 (max idx 294, 0 spare), MAX_SWITCH_ITEM 372 (max idx 370); Enable=0 => hardware not wired on this machine	tool-derived (IO_Table.csv row vs golden/port SW[] registration diff; no body read)
E-IO-110	IO_ROW_NO_OBJECT	C_EmptyEdgeClip_Off	none: golden 906 and V912 define no Cylinder named C_EmptyEdgeClip_Off	ABSENT: no const in cmydef.cpp and no registration in cinitial.cpp InitialSwitchName:1127 / InitialSensorName:1747 / InitialCylinderName:7703 (s1_iomatch2.py name-only match over 333 SW + 790 Sen + 260 Cyl names); IO row machines/HT9050/IO_Table.csv:1003	position-feedback row 1003 (C_EmptyEdgeClip_Off, Enable=0) has no cylinder object to bind to: the cylinder's On/Off sensor is never read	STATE	35	IDENTS=C_EmptyEdgeClip_Off; family=EdgeClip (stack edge clamp); Enable=0; the FLOW that would use it is not in golden 906/912 -- per docs/IO_LIST_20260928.md it exists only in the HT9050 tree V910_HT9050 (not on this machine, unverified); adding the object = constant + name line; capacity: MAX_SENSOR_ITEM 820 (max idx 801), MaxCylinderItem 295 (max idx 294, 0 spare), MAX_SWITCH_ITEM 372 (max idx 370); Enable=0 => hardware not wired on this machine	tool-derived (IO_Table.csv row vs golden/port SW[] registration diff; no body read)
E-IO-111	IO_ROW_NO_OBJECT	C_EmptyEdgeClip_On	none: golden 906 and V912 define no Cylinder named C_EmptyEdgeClip_On	ABSENT: no const in cmydef.cpp and no registration in cinitial.cpp InitialSwitchName:1127 / InitialSensorName:1747 / InitialCylinderName:7703 (s1_iomatch2.py name-only match over 333 SW + 790 Sen + 260 Cyl names); IO row machines/HT9050/IO_Table.csv:1004	position-feedback row 1004 (C_EmptyEdgeClip_On, Enable=0) has no cylinder object to bind to: the cylinder's On/Off sensor is never read	STATE	35	IDENTS=C_EmptyEdgeClip_On; family=EdgeClip (stack edge clamp); Enable=0; the FLOW that would use it is not in golden 906/912 -- per docs/IO_LIST_20260928.md it exists only in the HT9050 tree V910_HT9050 (not on this machine, unverified); adding the object = constant + name line; capacity: MAX_SENSOR_ITEM 820 (max idx 801), MaxCylinderItem 295 (max idx 294, 0 spare), MAX_SWITCH_ITEM 372 (max idx 370); Enable=0 => hardware not wired on this machine	tool-derived (IO_Table.csv row vs golden/port SW[] registration diff; no body read)
E-IO-165	IO_ROW_NO_OBJECT	C_MobileTrayTableSelect_Off	none: golden 906 and V912 define no Cylinder named C_MobileTrayTableSelect_Off	ABSENT: no const in cmydef.cpp and no registration in cinitial.cpp InitialSwitchName:1127 / InitialSensorName:1747 / InitialCylinderName:7703 (s1_iomatch2.py name-only match over 333 SW + 790 Sen + 260 Cyl names); IO row machines/HT9050/IO_Table.csv:1069	position-feedback row 1069 (C_MobileTrayTableSelect_Off, Enable=0) has no cylinder object to bind to: the cylinder's On/Off sensor is never read	STATE	35	IDENTS=C_MobileTrayTableSelect_Off; family=MobileTray/MobileCassette table; Enable=0; the FLOW that would use it is not in golden 906/912 -- per docs/IO_LIST_20260928.md it exists only in the HT9050 tree V910_HT9050 (not on this machine, unverified); adding the object = constant + name line; capacity: MAX_SENSOR_ITEM 820 (max idx 801), MaxCylinderItem 295 (max idx 294, 0 spare), MAX_SWITCH_ITEM 372 (max idx 370); Enable=0 => hardware not wired on this machine	tool-derived (IO_Table.csv row vs golden/port SW[] registration diff; no body read)
E-IO-166	IO_ROW_NO_OBJECT	C_MobileTrayTableSelect_On	none: golden 906 and V912 define no Cylinder named C_MobileTrayTableSelect_On	ABSENT: no const in cmydef.cpp and no registration in cinitial.cpp InitialSwitchName:1127 / InitialSensorName:1747 / InitialCylinderName:7703 (s1_iomatch2.py name-only match over 333 SW + 790 Sen + 260 Cyl names); IO row machines/HT9050/IO_Table.csv:1070	position-feedback row 1070 (C_MobileTrayTableSelect_On, Enable=0) has no cylinder object to bind to: the cylinder's On/Off sensor is never read	STATE	35	IDENTS=C_MobileTrayTableSelect_On; family=MobileTray/MobileCassette table; Enable=0; the FLOW that would use it is not in golden 906/912 -- per docs/IO_LIST_20260928.md it exists only in the HT9050 tree V910_HT9050 (not on this machine, unverified); adding the object = constant + name line; capacity: MAX_SENSOR_ITEM 820 (max idx 801), MaxCylinderItem 295 (max idx 294, 0 spare), MAX_SWITCH_ITEM 372 (max idx 370); Enable=0 => hardware not wired on this machine	tool-derived (IO_Table.csv row vs golden/port SW[] registration diff; no body read)
E-IO-172	IO_ROW_NO_OBJECT	C_MobileCassetteSelect_Off	none: golden 906 and V912 define no Cylinder named C_MobileCassetteSelect_Off	ABSENT: no const in cmydef.cpp and no registration in cinitial.cpp InitialSwitchName:1127 / InitialSensorName:1747 / InitialCylinderName:7703 (s1_iomatch2.py name-only match over 333 SW + 790 Sen + 260 Cyl names); IO row machines/HT9050/IO_Table.csv:1076	position-feedback row 1076 (C_MobileCassetteSelect_Off, Enable=0) has no cylinder object to bind to: the cylinder's On/Off sensor is never read	STATE	35	IDENTS=C_MobileCassetteSelect_Off; family=MobileTray/MobileCassette table; Enable=0; the FLOW that would use it is not in golden 906/912 -- per docs/IO_LIST_20260928.md it exists only in the HT9050 tree V910_HT9050 (not on this machine, unverified); adding the object = constant + name line; capacity: MAX_SENSOR_ITEM 820 (max idx 801), MaxCylinderItem 295 (max idx 294, 0 spare), MAX_SWITCH_ITEM 372 (max idx 370); Enable=0 => hardware not wired on this machine	tool-derived (IO_Table.csv row vs golden/port SW[] registration diff; no body read)
E-IO-173	IO_ROW_NO_OBJECT	C_MobileCassetteSelect_On	none: golden 906 and V912 define no Cylinder named C_MobileCassetteSelect_On	ABSENT: no const in cmydef.cpp and no registration in cinitial.cpp InitialSwitchName:1127 / InitialSensorName:1747 / InitialCylinderName:7703 (s1_iomatch2.py name-only match over 333 SW + 790 Sen + 260 Cyl names); IO row machines/HT9050/IO_Table.csv:1077	position-feedback row 1077 (C_MobileCassetteSelect_On, Enable=0) has no cylinder object to bind to: the cylinder's On/Off sensor is never read	STATE	35	IDENTS=C_MobileCassetteSelect_On; family=MobileTray/MobileCassette table; Enable=0; the FLOW that would use it is not in golden 906/912 -- per docs/IO_LIST_20260928.md it exists only in the HT9050 tree V910_HT9050 (not on this machine, unverified); adding the object = constant + name line; capacity: MAX_SENSOR_ITEM 820 (max idx 801), MaxCylinderItem 295 (max idx 294, 0 spare), MAX_SWITCH_ITEM 372 (max idx 370); Enable=0 => hardware not wired on this machine	tool-derived (IO_Table.csv row vs golden/port SW[] registration diff; no body read)
E-T2-004	TIMER_SEGMENT	Timer2Timer: ADAM_ReturnValueCheck() (EP read-back voltage supervision, WAR16322) -- no body	main.cpp:21646-21647 (`if(EP_Install==3 || EP_Install==5) ADAM_ReturnValueCheck();`) -> adam6024.cpp:2673-2757 (reads ADAM_ReadPA, `dReadVoltage<0.8 || >5.2` for >100 ticks -> ShowErrorMessage("WAR16322", K_RETRY, MMSystem ...); the body is `#ifndef SOFT_SIMULTE`)	ABSENT: ADAM_ReturnValueCheck has 0 definitions and 0 live mentions in the port (git grep -w, only comments, 2026-10-01); ADAM_ReadPA likewise has no body (Command.cpp:2934 "GATE(FW3-WA) golden :5297 `ADAM_ReadPA(&dValue)`"); WAR16322 is catalog-only (AlarmCodeCatalog.cpp:1220 "EP controller return value error.").	with EP_Install=3/5 (this machine: 3) an EP regulator that stops answering or reports an out-of-range voltage is never detected; WAR16322 never fires	STATE	35	IDENTS0=ADAM_ReturnValueCheck:0;WAR16322:1; DEPENDENCY MISSING (ADAM-6024 read path) -- same root as E-T2-003	hand-read (golden timer body read; port side by grep; quotes machine-validated)
E-T2-011	TIMER_SEGMENT	Timer2Timer: clean-pad missing -> fCleaning->btnResetCleanCount->Click() (auto reset of the Auto-Clean count)	main.cpp:21309-21316 (`if(SystemStart) { if(bRunAutoClean==false && TestIF_File.iAutoClean_Function && MOT[MMAutoCleanKit].HasCleanPad()==false) fCleaning->btnResetCleanCount->Click();`)	ABSENT: MOT[].HasCleanPad exists (Motor/mymotor.cpp:1979 `bool TTrayMotor::HasCleanPad()`) but the only mentions of btnResetCleanCount in the port are property rows of the layout (FileRW/TestIF_File_Cleaning.gen.inc:2265/:2298/:2302); no click handler and no caller (git grep -w btnResetCleanCount, 2026-10-01).	Auto Clean: when the clean pad is gone the running clean count is not reset automatically	STATE	35	IDENTS0=HasCleanPad:4; only with TestIF_File.iAutoClean_Function (recipe option)	hand-read (golden timer body read; port side by grep; quotes machine-validated)
E-T1-014	TIMER_SEGMENT	TfMain::Timer1Timer: D44 Index vacuum-time snapshot while DestroyIC task==600 (INDEX_SUCKER_TYPE==1)	main.cpp:3079-3096 (kevin 20110601)	ABSENT (periodic copy only). The same four-array copy exists only at PAUSE and STOP: ckernel.cpp:1096 `LastSet.iFTestArmVacuumDummyOnTime[i][j]=FTestSuck.Suck[i][j].VacuumOnTime;` and FileRW/_KitSuck.cpp:125 (same line); no code keys on iFrontTestDestroyICTask==600 / iRearTestDestroyICTask==600 (variable defined at aTester_Front.cpp:323).	LastSet.i{F,B}TestArmVacuumDummy{On,Off}Time (auto-learned Index sucker vacuum times persisted in lastdata.dat) are not refreshed when the negative-pressure destroy step completes (D44 check); they are copied only at PAUSE/STOP, so a crash or kill during a long run loses the newly learned times.	STATE	30	IDENTS=iFrontTestDestroyICTask;iRearTestDestroyICTask;bD44CheckIndexICDestroy;iBTestArmVacuumDummyOnTime ; Low impact because the pause/stop snapshots exist. All dependencies exist (LastSet arrays, FTestSuck.Suck[][].VacuumOnTime, MAX_Index_Row, NEW_MAX_Index_Col, SoftStop). Live in SIM and SHIP. Drive from the pump beat.	hand-read by sub-agent A (TfMain::Timer1Timer), reviewed and machine-validated (87/87 cites, 72/72 quotes)
E-T2-007	TIMER_SEGMENT	Timer2Timer: ATK-AMR cover-tray-ID tasks (DoCoverTrayID / DoColorTrayToRear error handling) -- tray-ID state machines are no-op stubs	main.cpp:21108-21140 (`if(fAGV->IsATK_AMR()) { if(chkE84LoadTray->Checked==true) { if(fTrayMapping->DoCoverTrayID(iKeyenceCoverTrayID_LoaderCar)==true) { ... ShowMyMessage("Loader Car Cover tray ID error."); InitialCoverTrayIDTask(iKeyenceCoverTrayID_LoaderCar);` ...)	STUB: acatchtray_shims.cpp:242 `void InitialCoverTrayIDTask(int /*iPos*/)  {}` (also InitialTrayIDTask/InitialTrayID2Task/InitialTrayMapTask :239-241) and acatchtray_shims.cpp:79 `bool TfTrayMapping::DoCoverTrayID(int, bool)        { return false; }`; `chkE84LoadTray` has 0 mentions in the port.	ATK AMR sites: the Keyence cover-tray-ID read/verify never runs from the main timer (DoCoverTrayID is always false, the reset-task is empty)	STATE	30	IDENTS0=chkE84LoadTray:0; cross-reference to the stub census (a); only for fAGV->IsATK_AMR() machines	hand-read (golden timer body read; port side by grep; quotes machine-validated)
E-BOOT-013	BOOT_GROUP	Other FormShow statements with a port counterpart documented as gated: SaveLotOperatorID, ToolLoadICO / DoShowUserDefFrom / ShowFormPos / MainFormSizeToEpson (UI), ChangeCBListProperty	main.cpp:10152 `fLotInfo->SaveLotOperatorID(IniConfig.LotID_ART, ...)`, :10161-10162 DoShowUserDefFrom + ShowFormPos, :10721 ToolLoadICO, :9400 MainFormSizeToEpson, :9580 fConfiguration->ChangeCBListProperty()	GATED / N/A_WEB: forms/fLotInfo.cpp:5688 `#if 0 // GATE (W906-LOT-W1-SAVEOPID)` (SaveLotOperatorID: writes the last operator ID of the ART lot); the UI ones are replaced by the web layer (FileRW/IniConfig.gen.inc:8305 ELTodo "主畫面 UI").	the ART lot operator ID is not saved at boot; the rest is screen layout only	STATE	25	only SaveLotOperatorID has a non-UI effect (ART / SCK lots)	tool-derived name-level callee census, every U/M item then hand-read
E-TM-009	TIMER	TfMain::Timer4Timer (RTC vision-program watchdog, WAR0330) absent	main.cpp:28469-28502 (main.dfm:17307 Interval=1000, design Enabled=False; started main.cpp:10575 when REAL_TIME_CCD and rs232.cpp:3430 `fMain->Timer4->Enabled=true;`, stopped main.cpp:11706): waits `COM2->bRealTimeCom_ReceiveOK[COM2->rtVISIONON]`, after 10 ticks `ShowErrorMessage("WAR0330", 0, MMIndex, ...)`	ABSENT: 0 mentions of Timer4 in live port code (git grep -E "\bTimer4\b", 2026-10-01); WAR0330 exists only in the alarm catalog (AlarmCodeCatalog.cpp:158 "RTC vision program off error!!"); the RTC link flag is a TU-local stand-in (aTester_Front.cpp:5233 "golden rs232.h -- offline all false").	REAL_TIME_CCD machines: the "RTC vision program off" alarm (WAR0330) never fires when the vision program stops answering	STATE	25	IDENTS0=WAR0330:1; applies only where REAL_TIME_CCD is installed and the RTC serial/TCP link (COM2) exists -- the link is not in the port, so the dependency is missing	hand-read (golden timer body read; port side by grep; quotes machine-validated)
E-FT2-012	TIMER	Tfiosetview::Timer1Timer (50 ms, fShow-gated = while the IO page is open) + Timer2Timer: manual sucker Suck / Destroy follow-up state machine, Index EMG lock, Index IC-fall-down check, EP read-out, PLC-safety LEDs	iosetview.cpp:93-214 (42 statements: `if(IsIndexMotorOutOfPower()) ... LockIndexMotorAndDoHomeProcess()`, bChangeSuckStatus machine on mySuckerTemp, `if(INDEX_SUCKER_TYPE==1) { CheckIndexSuck(); ProcessIndexSuckDestroy1(); ProcessIndexSuckDestroy2(); }`, `CheckIndexAllSuckICFallDown(true, true)`, `if(Enable_PLCSafety_IO==true) RefreshSafePLCLed();`); iosetview.cpp:1275-1279 (DoTTL_Spin / DoColorSensor_Spin)	NOT DRIVEN: forms/fIoSetView.h:604 `int  bChangeSuckStatus = 0;` is declared but "Timer1Timer-only" and the timer is not defined; forms/fIoSetView.h:663 `void CheckIndexSuck();` is GATE (S-10). The EMG lock itself is live elsewhere (csystem.cpp:16378 `LockIndexMotorAndDoHomeProcess();` in DoSystem) and ProcessIndexSuckDestroy1/2 are real now (AutoClean/AutoClean.cpp:288 `AI(W906-IDXSUCK) 20260927`).	while the IO page is open nothing completes a manual Suck / Destroy button state, runs the page-local Index IC-fall-down check, or refreshes the EP / PLC-safety read-outs	STATE	20	hand-read iosetview.cpp:93-214. INDEX_SUCKER_TYPE=1 on this laptop (so the Index branch is the active one), EP_Install=3. The run path does not depend on this timer (DoSystem / MainProc run the same checks); it only matters for manual operation on the IO page, which the web IO page replaces with its own handlers (JsonBridge/IoBtnPanelClick.cpp)	hand-read (non-TfMain form timer: golden body read, port counterpart located by grep; quotes machine-validated)
E-T3-009	TIMER_SEGMENT	Timer3Timer: customer/option items with no driver (TTL Clear lines, Renesas FTCT alarm, A37 EAP2S messages, KYEC barcode timers, UNISEM observer refresh, RTC auto close)	main.cpp:25485-25518 (`SW[SwClear2/6].Off()` then after 15 ticks `bChangeTTLFlag=LastSet.bUseNewTTLBoard; ... SW[SwClear2/6/1/5].On()/Off()` by TestIF_File.bAntiSignal); :25666-25695 (bRenesasFTCTAlarm -> ShowMyMessage + `Start("FTCT_AfterAlarm")`); :25400-25452 (bA37LotStartLotEnd hLotStartTimeOut/hLotEndTimeOut EAP2S messages); :25455-25482 (ReEnterBarcode KYEC); :25529-25536 (CC_UNISEM_M); :25587-25610 (REAL_TIME_CCD bNeedRestartProgram -> Close())	ABSENT: `bChangeTTLFlag` is declared only (cmydef.cpp:3057 `bool bChangeTTLFlag=true;`, no reader) and no SW[SwClear1/2/5/6] write exists outside cDIOStatus.cpp:69-70 (manual DIO page); bRenesasFTCTAlarm is set (Automation/uRENESAS_Server.cpp:308 ...) but never read; hLotStartTimeOut has only its extern (csystem.h:299); none of the rows SwClear* exists in machines/HT9050/IO_Table.csv.	TTL-interface Clear lines are never driven from the timer (TTL card machines only), Renesas FTCT alarm popup / auto restart, SCK-ART EAP2S lot-start/lot-end reminders, KYEC barcode re-enter timers and the RTC auto-close are all dead	STATE	20	IDENTS0=bChangeTTLFlag:2;hLotStartTimeOut:1; all customer- or option-specific and inert on this machine (TTL_CARD_TYPE=0, REAL_TIME_CCD=0, BAR_CODE_INSTALL=0 in this laptop Gerneral.ini; CUSTOMER_CODE=957=CC_PTI) ; MACHINE_IO[machines/HT9050/IO_Table.csv]: SwClear1=no row, SwClear=no row	hand-read (golden timer body read; port side by grep; quotes machine-validated)
E-TH-003	THREAD	TRunControl thread (MainProc every ~1-3 ms) replaced by PumpTick every 500 ms	uruncontrol.cpp:42-70 Execute: `Synchronize(ThreadProcess)` then MySleepEx(1) (2 of 3 passes when running); created main.cpp:22475 `MyThread=new TRunControl(true);` priority tpTimeCritical, started main.cpp:10603 StartMainThread()	PARTIAL (ruled): tools/wb_serve.cpp:4560-4581 pumpBeat every kServeTickMs=500 (ruling B13) -> WebBridgeTags.cpp:598-639 PumpTick -> MainProc(); uruncontrol.cpp:223 StartMainThread() has no caller	every state machine advances ~300-1000x slower than golden (2 steps/s); motion sequences that depend on step counts or on sub-second sensor timing (delay timers are wall-clock TQPF_Timer so mostly unaffected) run stretched	STATE	20	IDENTS=StartMainThread;PumpTick;kServeTickMs; documented + ruled (B13), listed for completeness; measured golden period is Sleep(1)+Synchronize, not verified in wall time	hand-read (golden + port text read; file:line quotes machine-validated)
E-TM-006	TIMER_SEGMENT	TfMain::TimerESDTimer: ASESendMessage->bASE_AutoClean -> AutoCleanButtonClick (ASE host-triggered Auto Clean)	main.cpp:30854-30858 (`if(ASESendMessage->bASE_AutoClean) { ASESendMessage->bASE_AutoClean=false; AutoCleanButtonClick(this);`)	ABSENT: `bASE_AutoClean` 0 hits in the port; the ASE socket form itself is untranslated: aoutarm.cpp:3322 `#if 0   // GATE G12 -- golden `ASESendMessage->SendToASEData()`` (git grep, 2026-10-01).	an ASE host command cannot trigger Auto Clean	STATE	20	IDENTS0=bASE_AutoClean:0; ASE-specific and the dependency (TASESendMessage form) is missing, so this is not fillable without translating the ASE link first	hand-read (golden timer body read; port side by grep; quotes machine-validated)
E-CG-002	OTHER	NOT READ: constructors / FormCreate / FormShow of the other 132 golden forms (13,898 golden statements vs 5,508 port statements)	golden dfm forms (133 incl. TfMain): ctor + FormCreate + FormShow statement counts from s4_formboot.py; 52 forms have >= 50 golden boot statements	PARTIAL / UNREAD: per-form table in census129_e_formboot.tsv. 19 of the 52 big forms have NO port ctor/FormCreate/FormShow body at all (TfCCLink 447 statements, TfYieldMonitoring 444, TfContact 404, TfOffSet 355, TfSetup 232, TfBarCode 195, Tfiosetview 615 ...), 13 more have < 20% (TfTeach 916 vs 13, TfNote 528 vs 5, TfMotorTest 232 vs 3, TMyMessageBox 215 vs 3, THGem 225 vs 34, TfTemperFrom 216 vs 16). Only TfMain (row family E-BOOT-*) was read statement by statement.	unknown: the golden boot bodies of these forms mix UI property assignments (replaced by web pages) with non-UI work (list creation, ini loads, component opens, timers enabled) - the port replaces part of it with FileRW/*.gen.inc read functions, so the statement ratio over-states the gap	STATE	15	denominator row: what this census did NOT read; method: tools s4_formboot.py (find_functions on golden cpp, count_stmts) - a heuristic; the class-level timers of these forms are covered by E-FT* rows, the IO-bearing ones by E-SUCK-*/E-REG-*	tool-derived counts + hand-read verdicts (call census / reachability tools, then hand check; quotes machine-validated)
E-FT2-007	TIMER	TfLotInfo::LotKeyInTimeTimer (50 ms): lot / operator id key-in validation (KYEC_LEE length 10, KLT head-number range, AMD HiSilicon 10 s prompt)	uLotInfo.cpp:11543-11660 (37 statements)	DEF_NO_CALL: handler translated, no caller.	operator-id / lot-id format checks for the KYEC_LEE and AMD_M branches never run	STATE	15	hand-read uLotInfo.cpp:11543-11660. CUSTOMER_SPECIFIC (CC_KYEC_LEE, CC_AMD_M), not CC_PTI	hand-read (non-TfMain form timer: golden body read, port counterpart located by grep; quotes machine-validated)
E-FT2-008	TIMER	TfLotInfo::Timer2Timer / TimerERMSTimer / tmrChamberBoostTimer / NetATCTimeTimer / ATCTransferFileTimeTimer / Timer1Timer (vision) / Timer3 / Timer4: lot-page family (OCR connect test, ERMS recipe folder scan, chamber boost countdown, NetATC air machine status, ATC file transfer, vision command)	uLotInfo.cpp:6934-7191, :10035-10211, :11664-11737, :8558-9350, :5255-5342 (heads read: Timer2 OCR connect test and tab visibility; ERMS `if(InitialOK==false || bRun || IniConfig.bEnableErms==false) return;`; chamber boost `if(CosFunction.bUseChamberBoostMode==false ...) return;` then MES15401)	ABSENT (NO_DEF) or DEF_NO_CALL; 25 of the NetATC callees are missing; ERMS / OCR / boost / NetATC all sit behind option flags.	OCR connect test message, ERMS download watcher, chamber boost timeout alarm MES15401, NetATC status exchange and ATC file transfer never run	STATE	12	heads hand-read, bodies tool-derived. Machine relevance: INSTALL_OCR=0, USE_ATC_MODE=5 (eNonChamber), bEnableErms / bUseChamberBoostMode are option flags (not set for this laptop), so this family is inert here	hand-read (non-TfMain form timer: golden body read, port counterpart located by grep; quotes machine-validated)
E-BOOT-000	BOOT_GROUP	Boot coverage in numbers: 194 golden-defined callees of TfMain ctor + FormCreate + FormShow -> 121 reachable from wb_serve main(), 25 defined but unreachable, 48 not defined in the port	main.cpp:1340-2265 (ctor, 926 lines / 531 statements), :26686-26706 (FormCreate), :9141-11365 (FormShow, 2,225 lines / 1,084 statements)	PARTIAL: the port boot is wb_serve main() (LoadMachineConfig, InitialMemory, InitialHandler, PumpInit ... lines 3797-4300) plus about 59 boot functions that re-implement form-level and single FormShow statements: 33 forms with a FileRW_<Form>_Boot (ContactForce, IniConfig, YieldMonitoring, Cleaning, Offset, Speed, Teach, Temperature, TesterIF, ...), 11 W906_FRWBoot_* with golden line numbers (FileRW/MainBoot.cpp header: BinCountRead :9609, VersionStamp :9779, JamRawDataRecord :11576, ShowLotInfoDownloadFlag :10041, ResetLotInfo :10991, JamRateByDayRead :9607, CriticalParaAuth :9787, LimitAuth :9786, LotListsRead :11344, SystemInitialOK :9659, FTPDownloadDataSnapshot) and 15 W906_Boot* (CreateAlarm, CreateTrayAssignment, InitialATC, TestCategory, ReadLotSummary, RegisterTaskList, SecurityBoot, InitDIOStstus ...). Name-level census (tools s16_boot_callees.py, main f528311a): R 121 / U 25 / M 48 of 194; of the 73 U+M, 11 have no mention anywhere in the port; because of the FileRW layer many U/M names are implemented under other names (LoadAutoCleanData, ReadJamRateByDay), so every U/M item was checked by hand below. Objects: 72 created in the three functions, 14 without a counterpart (E-BOOT-005). Initial values: 141 non-zero ctor/FormCreate assignments, 124 replicated, 17 not (E-BOOT-006). Directory ids: 65, 31 not created at boot (E-BOOT-008).	denominator row: which boot work exists in the port, and how the rows E-BOOT-001..014 were derived	STATE	10	tool-derived counts; the U/M lists are candidates, each one was classified by hand in the rows below (several U names are re-implemented under W906_FRWBoot_* names, e.g. RunInfo.ReadJamRateByDay -> W906_FRWBoot_JamRateByDayRead, so they are NOT gaps)	tool-derived name-level callee census, every U/M item then hand-read
E-BOOT-012	BOOT_GROUP	Boot-time hardware/DLL sanity checks not run: CheckSMCDLLVersion, CheckATPDLLVersion, CheckFixTraySensor, InitialHT9045SModule, ATC boot configuration	main.cpp:9196 CheckSMCDLLVersion, :9207 CheckATPDLLVersion (DLL-version mismatch -> MessageDlg + Terminate), :11147 CheckFixTraySensor (csystem.cpp golden :23237-23259, fix-tray sensors still ON -> message), :10925 InitialHT9045SModule (cinitial.cpp golden :14267-14322: disables picker suckers / Z motors when USE_PICKER_COUNT is 4-picker or 1-picker), :9366-9371 ATC_InterfaceForm ReadATCModeType / SetChannelCount / SetAddressPort / SetReadTempInterval(2000) / Disconnet	ABSENT / NO_CALLER: CheckSMCDLLVersion and CheckATPDLLVersion have no body (MainCalcCore.h:60 `CheckSMCDLLVersion()'s own MOTION_CARD_TYPE guard` is out of scope by design); CheckFixTraySensor and InitialHT9045SModule are defined but unreachable (tools s16_boot_callees.py U list); the ATC boot calls are documented in forms/fATCHandlerSide.cpp:592-615 (golden FormShow :9797-9802) and the port calls W906_BootInitialATC instead.	no DLL-version guard, no boot alarm for trays left on fix positions, picker-count dependent disabling of unused suckers/motors is skipped	STATE	10	inert on this laptop configuration: USE_PICKER_COUNT=1 (= ep8Picker, InitialHT9045SModule acts only for 0 and ep1Picker), no SnFixedTrayDetect rows in machines/HT9050/IO_Table.csv, ATC_SYSTEM = eNonChamber ([ATC] USE_ATC_MODE=5), 1203 motion card instead of SMC ; MACHINE_IO[machines/HT9050/IO_Table.csv]: SnFixedTrayDetect=no row	tool-derived name-level callee census, every U/M item then hand-read
E-MOT-001	OTHER	Motor alias spelling: MInShuttle1/2 SetAlias renamed vs golden "MInShutte1/2"	cinitial.cpp:3109 `MOT[MInShuttle1   ].SetAlias( 11, "MInShutte1");  //不可以改成MInShuttle1, 會造成Teaching異常` (golden), Mot_Table.csv M11/M12 alias `MInShutte1`/`MInShutte2`	PARTIAL (intentional): port cinitial.cpp:3308 `SetAlias( 11, "MInShuttle1")` (AI(W906-SHTSPELL) 20260930, EastSun request; fTeachPara.cpp reads either spelling); machines/HT9050/Mot_Table.csv:13-14 in this checkout still says `MInShutte1`/`MInShutte2` (the port note says the machine files were renamed the same day)	nothing dead: the two spellings only matter to teach.ini section lookup; versioned Mot_Table.csv copy lags the machine copy	STATE	10	IDENTS=MInShuttle1;MInShutte1; measured: golden 906 SetAlias = 274, port = 274, Mot_Table.csv 48 rows all have a SetAlias; only these 2 strings differ	hand-read (golden + port text read; file:line quotes machine-validated)
E-T1-004	TIMER_SEGMENT	TfMain::Timer1Timer: external auto-update close request (bCloseByAutoUpdate -> Close())	main.cpp:2758-2764 (setter main.cpp:17686 in the WM_AutoUpdate handler 17666-17690)	ABSENT. bCloseByAutoUpdate and bCloseByAutoUpdate2 have no definition in the port (only comments at FileRW/MainRecord.cpp:11/:64). The port has the sender half only: Interface/InterfaceSYS.cpp:607 `SendMessage(fMain->HAutoUpdateWnd, WM_COPYDATA, WM_AutoUpdate, (LPARAM)pcp);` and no receiver for AU_CLOSE_HANDLER (no VCL message loop).	The external AutoUpdate program cannot ask the handler to close itself (AU_CLOSE_HANDLER), and its AU_HANDLER_RUNNING / AU_HAS_IC_UNDER_MACHINE queries are not answered.	STATE	10	IDENTS=bCloseByAutoUpdate;bCloseByAutoUpdate2;AU_CLOSE_HANDLER;WM_AutoUpdate ; The whole external-updater IPC (WM_COPYDATA receive) is outside the wb_serve architecture (updates go through the machine update package), so filling Timer1 alone would do nothing - trigger chain missing too. Conf low on purpose.	hand-read by sub-agent A (TfMain::Timer1Timer), reviewed and machine-validated (87/87 cites, 72/72 quotes)
E-FTF-001	TIMER_FAMILY	ATC / chiller / defrost forms: 7 timers that only matter when the device / option is enabled	TATCInterfaceForm::ATCWatchTimerTimer (ATC/ATCInterface.cpp:412-818, 200ms, 170 stmts, port DEF_NO_CALL); TATCInterfaceForm::TimerATCTimer (ATC/ATCInterface.cpp:1769-1849, 5000ms, 27 stmts, port DEF_NO_CALL); TATCInterfaceForm::TimerChillerStopTimer (ATC/ATCInterface.cpp:1421-1477, 5000ms, 15 stmts, port DEF_NO_CALL); TATC_InterfaceForm::CommFlagTimerTimer (ATC/ATC_Handler_Side.cpp:2803-2845, 1000ms, 16 stmts, port NO_DEF); TATC_InterfaceForm::TimerTimer (ATC/ATC_Handler_Side.cpp:1692-1708, 10ms, 7 stmts, port NO_DEF); TfDefrostNote::Timer1Timer (cDefrostNote.cpp:27-46, 500ms, 7 stmts, port NO_DEF); TfrmDefrost::tmrCloseTimer (TempCtrl/TriMachineDeforst.cpp:68-97, 1000ms, 21 stmts, port NO_DEF)	ABSENT or DEF_NO_CALL (4 NO_DEF, 3 DEF_NO_CALL; 263 statements in total; class-scoped census plus callee census, no hand read of the bodies)	ATC chiller interface (serial / TCP to the ATC or NetATC chiller), ATC watch and stop, Tri-temp defrost dialogs never run	STATE	8	tool-derived, bodies NOT read. Inert on this laptop: USE_ATC_MODE=5 (eNonChamber, config ini [ATC]) and Tri_Temp_Machine=0 on this laptop, so no ATC or defrost form is used. The real HT9050 may differ (laptop ini is not the machine ini).	tool-derived (timer body NOT read; membership and callee counts from the name-level census, gating option value read by hand from this laptop ini)
E-SUCK-006	BOOT_GROUP	Named-but-never-IO-bound sucker groups (by design): FL/FR/BL/BR CarryKit, TestSocket, OutSht3Kit are not in pSuck	cinitial.cpp:257-354 InitialSuckerName names FLCarryKit/FRCarryKit/BLCarryKit/BRCarryKit/OutSht3Kit/TestSocket; InitSucker :356-400 adds only InArm/OutArm/FTest/BTest/OutArm2/CatchTray/CheckKit x2 to pSuck	SAME AS GOLDEN: port cinitial.cpp:461-490 builds the identical pSuck list (fdiff InitSucker: 540 vs 539 statement lines, only the PCI1203_IO card-type and SOFT_SIMULTE arms differ)	nothing: those groups are pure data grids (shuttle/test-socket IC maps), they have no IO of their own; the census records them so a reader does not mistake the 6 named-but-unbound groups for a gap	STATE	3	IDENTS0=InitialSuckerName:6; CHECKED-ALIVE / by-design row	hand-read (golden + port text read; file:line quotes machine-validated)
E-T3-004	CHECKED_ALIVE	Timer3Timer: [A01] auto switch to Operator level after idle (iOperatorModeCount, bAutoOpenConfigA01) -- was absent in the first pass, now PORTED on main (St01 D-015)	main.cpp:25243-25365 (`iOperatorModeCount++` per second while an engineer page is closed; >= IniConfig.iA01ChangeOpTime -> `cbUserSelect->ItemIndex=0; AccessLevel=0; ChangeLevelAttr(); ... NewRecordProcess("MES2140", "======== Operator login ========")`); :25366-25380 bAutoOpenConfigA01 writes config.ini `bAutoSwitchToOperatorMode` after 1800 s	PORTED (main f528311a, after the mach0930 12fe15e4 pass): FileRW/Main_A01AutoLogout.cpp:2 `FileRW/Main_A01AutoLogout.cpp -- golden [A01]` implements the A01 segments of Timer3 (screens-open reset, logout after iA01ChangeOpTime through W906_WebLoginForceOperator, the 1800 s config.ini write, the fOffSet save reset); the tick is FileRW/Main_A01AutoLogout.cpp:299 `void W906_A01AutoLogoutTick()` called from the pumpBeat line tools/wb_serve.cpp:5953 and from W906_ModalWaitTick tools/wb_serve.cpp:7621.	nothing now (the row stays as a record of a gap that closed while the census ran; the rest of Timer3 is still open, see E-T3-000)	STATE	3	IDENTS=iOpenA01Count;W906_A01AutoLogoutTick; CHECKED-ALIVE row; SOFT_SIMULTE: golden zeroes the counter in a simulation build, the port keeps that	hand-read (golden timer body read; port side by grep; quotes machine-validated)
E-BOOT-004	CHECKED_ALIVE	fCleaning->LoadAutoCleanData() + SearchCleanNum() at boot -- PORTED through the FileRW layer (name-level census showed them as missing; the validator's hit count caught it)	main.cpp:11074-11075 (`fCleaning->LoadAutoCleanData();` golden def 412 statements; `int iCount=SearchCleanNum();`); V912 main.cpp:11513-11526	PORTED: FileRW/TestIF_File_Cleaning.cpp:390 prints `boot LoadAutoCleanData done` from FileRW_Cleaning_Boot (called from the wb_serve boot sequence), FileRW_Cleaning_SearchCleanNum is an alias of the AutoClean.cpp body (FileRW/TestIF_File_Cleaning.cpp:262 `int FileRW_Cleaning_SearchCleanNum() { return W906_AutoClean_SearchCleanNum(); }`); the recipe-change path calls it too (FileRW/MainClick.cpp:937).	nothing (recorded because the name-level boot census listed both names as "not defined in the port")	STATE	2	CHECKED-ALIVE row; lesson for the U/M lists: the FileRW layer re-implements form-level boot reads under FileRW_<Form>_Boot names (33 forms), so a golden callee name that is missing from the port is NOT evidence of a missing boot step	tool-derived name-level callee census, every U/M item then hand-read
E-BOOT-014	CHECKED_ALIVE	Boot statements that ARE in the port (verified): SystemInitialOK=true (INBOX 127, now on main), bin count / jam-rate / version stamp / limit and critical-parameter authority reads, lot lists, ResetLotInfo, Alarm object, tray assignment	main.cpp:9659 `SystemInitialOK=true;` plus :9607-9609, :9779-9787, :10041-10046, :10991, :11344-11365, SetInitialData main.cpp:22472-22473 (Alarm = new HAlarm)	PORTED (main f528311a): FileRW/MainBoot.cpp:618 `SystemInitialOK=true;` (W906_FRWBoot_SystemInitialOK, pinned by ctest SysinitBoot; it was a WIP-branch fix 364d3d1d when this census started); the other FRWBoot functions are listed in FileRW/MainBoot.cpp header and called from the wb_serve boot sequence; HAlarm: HAlarm.cpp:325 golden SetInitialData main.cpp:22472-22473 translated.	nothing (recorded so the boot inventory is not re-audited)	STATE	2	CHECKED-ALIVE row; INBOX 127 status: SystemInitialOK fixed on main	tool-derived name-level callee census, every U/M item then hand-read
E-OK-001	CHECKED_ALIVE	IO object tables: all 1,070 golden Sw/Sn/C_ constants and all 331 + 790 + 260 name registrations exist in the port with identical values (+2 machine-added switches)	golden cmydef.cpp (1,070 `const int Sw*/Sn*` constants), cinitial.cpp InitialSwitchName (331 SW names), InitialSensorName (790 Sen names), InitialCylinderName (260 cylinder names)	PORTED: port cmydef.cpp defines 1,072 constants = the 1,070 golden ones with identical values plus cmydef.cpp:2304 `SwCassetteEmptyMotBreaker` (369) and :2305 SwCassetteAuto3MotBreaker (370) (commit for cpp 0039, both also in V912); registrations: 333 SW (331 + the 2), 790 Sen, 260 Cylinder, registered names identical (tools s1_consts.py / s1_regs.py, compared by name and by value, 2026-09-30 21:0x). So nothing in category (e)/IO objects is missing relative to golden 906/912; the 202 unbindable IO_Table rows (E-IO-*) are rows the golden code does not know either.	nothing (recorded so that the object tables are not re-audited)	STATE	2	CHECKED-ALIVE row; IDENTS=SwCassetteEmptyMotBreaker;SwCassetteAuto3MotBreaker ; MACHINE_IO[machines/HT9050/IO_Table.csv]: SwCassetteEmptyMotBreaker=Enable1, SwCassetteAuto3MotBreaker=Enable1	tool-derived counts + hand-read verdicts (call census / reachability tools, then hand check; quotes machine-validated)
E-OK-002	CHECKED_ALIVE	Driven and alive (verified, not gaps): tower lights, SECS RunStatus event, tester-bridge sync, vision connect, state-record image pump, test seconds, run info, ATC socket thread	ckernel.cpp:915-917 (SW[SwTowerRed/Yellow/Green]); main.cpp:20897-20921 (Timer2 SECS RunStatus); main.cpp:22089-22234 V912 numbering (Timer2 tester sync); main.cpp:20953 ProcessHVisionConnect; main.cpp:21142-21153; main.cpp:21157-21205; UpdateRunInfo	PORTED: ckernel.cpp:1815 `SW[SwTowerRed].OnOff(fMain->ledRed->Value);` (:1816 yellow, :1817 green); cMainStatus.cpp:125 `if(sMachineState!=palMainStatus->Caption)` (RunStatus event, with the documented val/Capstr deviation); TesterComm/Handler/TesterCommWiring.cpp:156 `fTesterSide->ProcessHVisionConnect();`; cStateRecord.cpp:1519 `void W906_StateRecordTimer2Pump()`; FileRW/MainRecord.cpp:376 `void W906_MainRunInfoTimer2Tick()`; forms/fMain_TestSeconds.cpp:27 `void W906_Timer2TestSecondsTick()`; ATC/ATCSystem.cpp:339 `_socket_thread.OpenThread();` (ATC socket thread is opened in both trees).	nothing (recorded so these slices are not re-discovered as gaps)	STATE	2	CHECKED-ALIVE row; golden-dead items found on the way (NOT port gaps): TfMain::bNeedClearFile (its only setter is commented out, golden SECSGEM/uHGemHT9045.cpp:5312), SW[SwIonBarPower] (golden never registers the name), TShuttleThread (uShuttleThread.cpp is never instantiated in golden); alarm catalog: 157 codes used in golden code are not in AlarmCodeCatalog.cpp, but the catalog is generated from the MDB Updater (AlarmCodeCatalog.cpp:2-4), not from the handler, so this is not evidence of a gap ; MACHINE_IO[machines/HT9050/IO_Table.csv]: SwTowerRed=Enable1, SwIonBarPower=Enable1	tool-derived counts + hand-read verdicts (call census / reachability tools, then hand check; quotes machine-validated)
E-OK-003	CHECKED_ALIVE	Configuration option registrations: golden cConfiguration.cpp and the port register the same 1,537 elConfig->Add entries (993 distinct [section] key pairs)	golden cConfiguration.cpp: 1,537 live `elConfig->Add(control, &IniConfig.field, ECxxx, "Section", "Key", ...)` statements (compile-disabled regions removed)	PORTED: port cConfiguration.cpp has 1,537 matching statements and exactly the same 993 distinct (section, key) pairs (0 golden keys missing, 0 extra; tools s12_config_keys.py, 2026-10-01 02:0x); example registration cConfiguration.cpp:4572 `elConfig->Add(cbP29,        &IniConfig.bP29LoaderCheckIsFull,`. Registered is not the same as consumed: E-TM-013 (bP29LoaderCheckIsFull) is a registered option with no reader.	nothing (an INI key that the port silently ignores because it is not registered does not exist at the registration level)	STATE	2	CHECKED-ALIVE row; limitation: registration only, the consumers of each option were not audited one by one (see the name-level call census E-CG-000 and the per-timer rows)	tool-derived counts + hand-read verdicts (call census / reachability tools, then hand check; quotes machine-validated)
E-TM-002	TIMER_SEGMENT	TfMain::TimerESDTimer: tESDError alarm queue is filled by 11 tester-side sites and drained by nobody	main.cpp:30833-31095 TimerESDTimer (main.dfm:17313 Interval=1000 (default), Enabled=True); drain main.cpp:30861-30945 (`ShowErrorMessage(tESDError->Strings[0], ...)` then `tESDError->Delete(0)` :30942): MES0731 K_SKIP|K_ONECYCLE :30871-30906 (resets IC data TEST_PASS+iTestBinCount on FTestSuck/BTestSuck/TestSocket, InitOneCycle), WAR07326/7327/7328/7317 :30908-30926 (iI46_ActionWhenGpibFlowErr -> TestProcessSetToErr), MES1713/1813/1913 :30928-30932. NOTE golden :30843-30845 `#ifdef SOFT_SIMULTE return; #endif` -- the whole timer is a no-op in a simulation build, live only in SHIP builds.	ABSENT (consumer): TesterComm/Handler/HandlerTesterSide.h:57 `TStringList *tESDError;` (a member of THandlerTesterSide, not of the fMain facade: csystem.cpp:12898 records "fMain has NO tESDError member"). Producers (11): TesterComm/Handler/HandlerGpibMsg.cpp:1235 `tESDError->Add("MES0731");` and :928 WAR0704, :933 WAR07401, :1228 MES0736, :1230 MES0733, :1262 WAR07327, :1270 WAR15404, :1274 WAR15403, :1278 WAR0711, :1295 WAR07317, :1297 WAR07328. Readers: only the destructor TesterComm/Handler/HandlerTesterSide.cpp:61 `tESDError->Clear();` (git grep -E "tESDError->(Count|Strings|Delete)" = 0 hits, 2026-10-01 00:32). The other producers are inert too: Automation/SCK_ART_Remainder.cpp:344 `#define W5SCKARTREM_FMAIN_TESDERROR_ADD(code)       do { (void)(code); } while(0)` and csystem.cpp:13850 `#if 0   // GATE G3 -- golden :16116-16120.` (MES1712/MES1713 once-per-tray).	every tester-side ESD/GPIB alarm the handler queues never reaches the operator: MES0731 "STOP from tester, waiting for user to operate" (golden lets the operator pick Skip / One-cycle and resets the IC bins on the Index sockets), WAR07326/7/8/17 GPIB flow errors (Skip -> TestProcessSetToErr, Retry), WAR0704/07401/0711/15403/15404, MES0733/0736. The tester raised them and the handler keeps running as if nothing happened.	COMM	85	IDENTS0=TimerESDTimer:0; dependencies all exist in the port: ShowErrorMessage, InitOneCycle (Automation/auto9045.cpp:2645), TestProcessSetToErr (atester.cpp:4152 caller), AddTestResultRecord (Public/MyProductionRecord.cpp:411), iI46_ActionWhenGpibFlowErr (Config.h:833); a consumer must reach the THandlerTesterSide instance (the list is not on fMain); docs/MACHINE_GATES_OPENED_20260926.md:507 lists G3 fMain->tESDError as still missing but does not mention the drain; must be built without SOFT_SIMULTE to matter	hand-read (golden timer body read; port side by grep; quotes machine-validated)
E-BOOT-005	BOOT_GROUP	RunInfo.Factory = HandlerSystem->GetCustomerName() is not executed at boot: SECS SV 1005 "Factory" and the Observer factory label stay empty	main.cpp:10615 `RunInfo.Factory=HandlerSystem->GetCustomerName();` (V912 :11056-11057)	NO_CALLER: THandlerSystem::GetCustomerName is translated (HandlerSys.cpp:821 `AnsiString THandlerSystem::GetCustomerName()`) but nothing calls it at boot; the port documents the gap in the Observer page: cObserver.cpp:7467 `const char kW906ObsNoFac[]`; the consumers exist: SECSGEM/uHGemHT9045_SV.cpp:451 registers SVID 1005 `"Factory"` on &RunInfo.Factory, cObserver.cpp:8133 publishes runInfoFactory.	a MES host reading SV 1005 gets an empty factory name and the web Observer page shows no factory	COMM	80	IDENTS0=GetCustomerName:3; one line at boot (dependencies exist); RunInfo.Factory has no other writer in the port (git grep "RunInfo.Factory" 2026-10-01 04:5x)	tool-derived name-level callee census, every U/M item then hand-read
E-FT2-001	TIMER	TfAutomation::tmrOLPTimer (1 ms): the OLP host link of CC_PTI / CC_MTI / CC_Greatek (and HTML monitor): command queue -> host, host commands -> ProcessBuffer, reconnect, reply retry	Automation/automation.cpp:435-644 (91 statements, golden 906): `if(CosFunction.bOLPFunction==false || InitialOK==false) return;` ... `if(CUSTOMER_CODE==CC_MTI || CUSTOMER_CODE==CC_PTI) { ... OLPClient->Open() }` ... Task 1/100 send ALARM_REQUEST / MESSAGE_REQUEST / PRODUCTION_REQUEST / PRODUCTION_REPLY / TEST_RESULT_REQUEST, `ProcessBuffer(sSubTCPstr,iSocketHandle)`; ctor Automation/automation.cpp:57 (golden): :77 `OLPServer->Port=6671;` for CC_HTML_Monitor / CC_Greatek / CC_MTI / CC_PTI	TRANSLATED BUT NEVER INSTANTIATED: Automation/automation.cpp:609 `void TfAutomation::tmrOLPTimer(TObject * /*Sender*/)` and the whole class (server / client sockets, ProcessBuffer ladder, CommandProcess) exist, but Automation/automation.cpp:2795 `Nothing in this tree calls AutomationEngine() yet` and Automation/automation.cpp:2798 `TfAutomation *fAutomationEngine = NULL;` stays NULL. The global every caller uses is the no-op stand-in: atester_shims.cpp:367 `bool TfAutomationShim::GetEventResult(int /*num*/)     { return false; }` (DoCommandBuffer is an empty body, GetEventNum false, ClearEvent empty). The 6 start / result call sites atester.cpp:323 `fAutomation->DoCommandBuffer("PRODUCTION_REQUEST", "", "0003", 0, "");` and the alarm report forms/fNote_ShowError.cpp:712 `fAutomation->DoCommandBuffer("ALARM_REQUEST"` therefore go nowhere, and the shim `TestMode` member is never written (the only writes are the real class, Automation/automation.cpp:295 `TestMode = 0;`, and a TU-local object in auto9045.cpp:988), so DoStartMode (atester.cpp:314 `bool DoStartMode(int mode)`) takes its mode==0 branch and returns true at once. CosFunction.cpp:1664 `bOLPFunction` is true for FUNC_CC_PTI.	for CC_PTI, CC_MTI, CC_Greatek and the HTML monitor the OLP TCP link does not exist: no listener on 6671, no ALARM_REQUEST / PRODUCTION_REQUEST / TEST_RESULT_REQUEST reports to the host, no host commands (start / home / pause / recipe / inquiries) reach the handler, and the PTI start-mode handshake (PRODUCTION_REQUEST 0003 / REPLY 0007 / 0008) is skipped	COMM	65	hand-read automation.cpp:435-644 (golden) and the port ctor / shim. This laptop has CUSTOMER_CODE=957 (CC_PTI, Powertech) - the real HT9050 may differ. The class is documented as deliberately not wired ("a future integrate wave can retarget atester_shims.h's fAutomation extern onto fAutomationEngine"), and the wiring would also arm host START / HOME / PAUSE (ProcessBuffer calls fMain->Start / Home / Pause at automation.cpp:1927-2002), so it is a user decision first. V912 commit 9c8adc98 (CASE-PTI-20260929-001) is the same PTI OLP channel. IDENTS0=AutomationEngine:3;tmrOLPTimer:3 ; CUSTOMER_SPECIFIC (this laptop CUSTOMER_CODE=957=CC_PTI): CC_G, CC_MTI	hand-read (non-TfMain form timer: golden body read, port counterpart located by grep; quotes machine-validated)
E-T1-029	TIMER_SEGMENT	TfMain::Timer1Timer: SECS Loader-buffer tray presence events (CEID 275 Loader_Buffer_HasTray / 276 Loader_Buffer_NoTray, 100-tick debounce)	main.cpp:3786-3825 (Sam 20250605)	ABSENT. iSECS_Loader_Buffer_State is defined but never read or written (cmydef.cpp:5946 `int iSECS_Loader_Buffer_State=-1;`); the event ids exist (SECSGEM/SecsEventType.h:318 `Loader_Buffer_HasTray,` and 319) but no EventReport(SECS_EVENT.Loader_Buffer_*) call exists anywhere.	The host never receives the Loader-buffer has-tray / no-tray collection events (S6F11 CEID 275/276) when the loader tray sensor changes (3 s debounce in golden).	COMM	60	IDENTS=iSECS_Loader_Buffer_State;Loader_Buffer_HasTray;Loader_Buffer_NoTray;SnLoaderTrayHasTray ; Dependencies exist: HGem->IsConnect (uHGemEquipment.cpp:3931), EventReport, LoadTask, Sen[SnLoaderTrayHasTray]. SOFT_SIMULTE polarity: golden reads CheckBox1->Checked in SIM and the sensor in SHIP. 100 ticks x 30 ms = 3 s -> use a 3 s wall-clock debounce; skipped while LoadTask==900. Requires IniConfig.bEnable_SECS_GEM. ; MACHINE_IO[machines/HT9050/IO_Table.csv]: SnLoaderTrayHasTray=Enable1	hand-read by sub-agent A (TfMain::Timer1Timer), reviewed and machine-validated (87/87 cites, 72/72 quotes)
E-T3-003	TIMER_SEGMENT	Timer3Timer: fShowBinSelect->DoShowBinDigital() / ChangeBinDispStatus() (bin-count display panel refresh) have no caller	main.cpp:25237-25241 (`if(NUMBER_PANEL_TYPE!=2) fShowBinSelect->DoShowBinDigital(); if(NUMBER_PANEL_TYPE==3 || NUMBER_PANEL_TYPE==4) fShowBinSelect->ChangeBinDispStatus();` once per second)	NO_CALLER: cShowBinSelect.cpp:2405 `void TfShowBinSelect::DoShowBinDigital()` and :2253 `void TfShowBinSelect::ChangeBinDispStatus()` are defined, forms/fShowBinSelect.h:1118-1119 declares them, no live call (git grep -w, 2026-10-01); ChangeBinDispStatus additionally runs on the substitute "not installed" outcome (cShowBinSelect.cpp GATE (D1) `bErrFlag[i]=false;`) because HSys.BinDisCtrl is never created (E-SMC-004).	NUMBER_PANEL_TYPE 3/4 sites (this laptop Gerneral.ini: NUMBER_PANEL_TYPE=3): the physical bin-count display panels (BinDisplay TFT / 7-segment) are neither installed nor refreshed, and the on-screen bin-display error strip (Bin display error record, Jimmychiu 20231031) never updates	COMM	60	IDENTS0=DoShowBinDigital:2;ChangeBinDispStatus:2; depends on E-SMC-004 (SystemModularInitial/InstallColorBinDisplay) -- both must be fixed together	hand-read (golden timer body read; port side by grep; quotes machine-validated)
E-T1-003	TIMER_SEGMENT	TfMain::Timer1Timer: SECS BIND/UNBIND/TRAY CHECK NG operator popups (bBindChkNG, bUnbindChkNG, bTRAYCHKNG)	main.cpp:2737-2756 (JerryYang 20250220 AUTO IN OUT; flag writers golden uHGemHT9045.cpp RCMD handler)	ABSENT (reader) with live writers. The SECS remote-command handler sets the flags and answers HCACK=0: SECSGEM/uHGemHT9045.cpp:5168 `bTRAYCHKNG=true;`, SECSGEM/uHGemHT9045.cpp:5173 `bBindChkNG=true;`, SECSGEM/uHGemHT9045.cpp:5178 `bUnbindChkNG=true;`. No reader exists: git grep -w for the three flags outside cmydef/uHGemHT9045 = 0 hits.	Host RCMD TRAYCHKNG / BINDCHKNG / UNBINDCHKNG is acknowledged OK but the operator popup "TRAY CHECK NG!!" / "BIND CHECK NG!!" / "UNBIND CHECK NG!!" is never shown and the flags latch true forever (a later fill-in will fire one stale popup per flag on its first tick) - the host believes the operator was alerted.	COMM	55	IDENTS=bBindChkNG;bUnbindChkNG;bTRAYCHKNG;ShowMyMessage ; Dependencies exist (ShowMyMessage -> blocking web box; MyMessageBox->fShow via the page table). Golden shows them only while MyMessageBox->fShow==false (2737). Drive from the pump beat (500 ms is fine). The RCMD handler lines are live code (no #if 0 around 5166-5180). SECS engine ownership: wb_serve (future HT9045.exe) per memory note.	hand-read by sub-agent A (TfMain::Timer1Timer), reviewed and machine-validated (87/87 cites, 72/72 quotes)
E-T1-027	TIMER_SEGMENT	TfMain::Timer1Timer: CheckOTDStatus() OTD Lock/UnLock event log + SECS events (A05 auto docking or bOTDRecord)	main.cpp:3664-3665 (body main.cpp:31805-31884; wei 20150810 / kevin 20150827)	ABSENT. There is no TfMain::CheckOTDStatus definition; bCheckOTDStatus is declared only (cmydef.cpp:4053) and the SECS events exist but are never emitted: SECSGEM/SecsEventType.h:114 `OTDLock,` (CEID 71, with OTDUnLock next to it).	The RecordProcess lines "OTD Lock" / "OTD UnLock" and SECS collection events 71/72 on every docking state change (USE_OTD==2 240/360KG sensors, or KYEC LEE/XILINX SnAutoDockingOn/Off) are never produced; the host and the event log see no docking events.	COMM	55	IDENTS0=CheckOTDStatus:0 ; IDENTS=CheckOTDStatus;bCheckOTDStatus;bOTDRecord;SenAutoDocking360KG ; Dependencies exist: Sen[...] constants (cinitial.cpp:2080), EventReport/SECS_EVENT.OTDLock, RecordProcess, USE_OTD; bOTDRecord is read from Gerneral.ini OTDRecord (database.cpp:1469). Edge detection on sensors, so the 500 ms pump beat is acceptable. ; MACHINE_IO[machines/HT9050/IO_Table.csv]: SnAutoDockingOn=Enable0	hand-read by sub-agent A (TfMain::Timer1Timer), reviewed and machine-validated (87/87 cites, 72/72 quotes)
E-T3-002	TIMER_SEGMENT	Timer3Timer: iInitialSoakTimer / iSoakTimer countdown never recomputed -- HandlerSoak status bit would stay 1 after the first soak (latent: live in SIM builds and once the heater thread is ported)	main.cpp:25642-25649 (`if(iSoakTimer>0) iSoakTimer=Temperature.iIndexSoakTime-tSoakTimer.LatchCycleTimeSec(); if(iInitialSoakTimer>0) iInitialSoakTimer=Temperature.iInitialStart1Time-tInitSoakTimer.LatchCycleTimeSec(); if(iATCTempWaitTimer>0) iATCTempWaitTimer=180-(MyTickCount()-iATCTempWaitTimer_Start)/1000;`); the only decrementer in golden (writers: aTester_Front.cpp:988 / atester_32Site.cpp:3833 set it, main.cpp:25646 counts it down)	ABSENT (decrementer): aTester_Front.cpp:1229 `iInitialSoakTimer = Temperature.iInitialStart1Time;` sets it once (also atester_32Site.cpp:4306) and nothing ever lowers or clears it (git grep -E "iInitialSoakTimer\s*(=|\+\+|--)" = those two sets); the start stamp is gated: aTester_Front.cpp:1230 `#if 0 // TODO(W7) -- golden :989 fMain->tInitSoakTimer (FormsFacade TfMain has no such member` and atester_32Site.cpp:273 no-op seam `struct W5_32S_TTimerSeam { void LatchCycleTimeSec(bool){} };`. Readers: Command.cpp:15162 `(iHeaterWaitTime>0 || iInitialSoakTimer>0 || iSoakTimer>0))` drives HHandler2Gpib.iStatus[Bit10_HandlerSoak]=1 (:15164) and ckernel.cpp:2299 shows it on the status panel. The Dell iSoakTimer branch is gated whole (atester.cpp:5610 `#if 0 // TODO(W7) -- golden :5099-5176`).	after the first hot-mode initial soak (Temperature.iInitialStart1Time>0) the "Handler soak / waiting for heating" status bit sent to the tester (Bit10, golden comment "bit10 機台等待加熱完成,停止中") stays 1 for as long as fHeaterOK && temperature mode is not Ambient, and the status panel shows the frozen start value; the ATC-wait countdown (iATCTempWaitTimer, DeviceForm_File.gen.inc:4150-4153) is frozen the same way. TODAY in a ship build the bit cannot become 1 because fHeaterOK is never true there: its only true-writer is the SOFT_SIMULTE branch uHeaterThread.cpp:508 `fHeaterOK       =fMain->chkHeaterOk->Checked;` (all other writers assign false), so the defect is masked by E-TH-001 and surfaces in a SIM build (chkHeaterOk ticked) and the moment the heater thread is ported	COMM	55	IDENTS0=tInitSoakTimer:2; effect only in hot/AmbientHot mode with DeviceForm.bSuckShuttleDeviceAfterTested and iInitialStart1Time>0 (aTester_Front.cpp:1222-1227); needs a one-second tick plus a real tInitSoakTimer; a tester that reads the bit may refuse to test or show "soaking"	hand-read (golden timer body read; port side by grep; quotes machine-validated)
E-TM-017	TIMER	TfMain::TimerDLLTimer (Epson/ATP DLL remote-command dispatcher, 17 commands) has no driver; the file mapping is never opened	main.cpp:33273-33431 TimerDLLTimer (main.dfm:17378 Interval=100, design Enabled=False; started main.cpp:11117-11120 `if(CosFunction.bDLLCommands==true) { bOpenFileMap=CreateAndOpenMap(); TimerDLL->Enabled=true;`): dispatches CmdData->bCommandList[eSetSiteMap .. eGetProdMode] (SetSiteMap, GetSiteMap, SetBin, GetBin, SetTemp, GetTempSetting, GetTempActual, GetBinCount, ClearBinCount, GetSortCount, ClearSortCount, GetHandlerStatus, GetAlarmStatus, RemoteControl (Start/Pause), DownloadRecipe, GetBinCountPerSite, SetProdMode/GetProdMode) and logs each with RecordProcess	NO_CALLER (all bodies real, dispatcher and opener absent): the command bodies are translated, some arms gated (Command.cpp:8730 `int TfMain::SetSiteMapByDLL(LPSTR cSiteMap, int iNoOfSites)`, :9848 GetHandlerStatusByDll, :16327 RemoteControl, :9680 FTPDownloadByDLL, :13680 SetProdModeByDll) and CreateAndOpenMap is real (Command.cpp:8439 `bool TfMain::CreateAndOpenMap()`), but nothing calls CreateAndOpenMap (git grep -w: decl forms/fMain.h:896 + definition only), `bOpenFileMap` has 0 hits, and the only `bCommandList[` accesses are the initialiser loops (Command.cpp:8449, :8475). The shutdown side admits it: FileRW/MainClose.cpp:728 "移植樹沒有 Epson DLL 檔案對映".	CosFunction.bDLLCommands customers (set in FUNC_CC_AMKOR_Philippines, CosFunction.cpp:2331, comment "support Epson DLL function"): an external ATP/Epson DLL client sees a handler that never answers any of the 17 commands (no remote Start/Pause, no SetTemp, no recipe download, no bin counts)	COMM	55	IDENTS0=TimerDLLTimer:0;bOpenFileMap:0;CreateAndOpenMap:2; a driver = FormShow-style one-shot CreateAndOpenMap + a 100 ms tick that copies the 17 branches; customer-specific; the golden TimerDLLTimer body is 158 lines of uniform dispatch	hand-read (golden timer body read; port side by grep; quotes machine-validated)
E-SMC-004	BOOT_GROUP	SystemModularInitial() never called at boot: MyGem (HT9045Gem, SECS/GEM) not created, BinDisplay TFT not installed	database.cpp:54 `SystemModularInitial();` -> database.cpp:1539-1546 (`MyGem=new HT9045Gem("HT9045", HGem);` + `InstallColorBinDisplay(NUMBER_PANEL_TYPE)` when NUMBER_PANEL_TYPE==3||4)	ABSENT (caller): database.cpp:187 `void SYSTEM_MODULAR::SystemModularInitial()` is real (AI(W906-SysModWire)) but its only golden caller is the gated ctor; wb_serve does not call it (git grep SystemModularInitial: definition, header, FileRW/MainClose.cpp:960 comment "wb_serve 沒有呼叫 ⇒ 沒有 BinDisplay 可停")	HSys.MyGem stays NULL (SECS/GEM engine object never created) and the colour BinDisplay panel is never installed on machines with NUMBER_PANEL_TYPE 3/4	COMM	50	IDENTS=SystemModularInitial;InstallColorBinDisplay;MyGem; SECS is owned by wb_serve per the 20260924 ruling (future HT9045.exe) so MyGem may be intentionally absent; BinDisplay only for NUMBER_PANEL_TYPE 3/4	hand-read (golden + port text read; file:line quotes machine-validated)
E-CG-004	OTHER	SECS/GEM data registrations: 99 SV ids and 32 EC ids of the compiled golden uHGemHT9045_SV.cpp / _EC.cpp are not registered in live port code (all are documented gates)	golden SECSGEM/uHGemHT9045_SV.cpp (868 distinct SVIDs registered with SetSVDataPointer, live code) and uHGemHT9045_EC.cpp (1,740 distinct ECIDs); golden SECSGEM/SECSGEM.cpp (133 SV + 91 EC more) is NOT in HT9045.bpr (only uHGemClass / uHGemEquipment / UsecegemMainFrom / uHGemHT9045 / _SV / _EC are) and is commented out of every includer, so it is golden-dead and excluded	GATED x131: port uHGemHT9045_SV.cpp has 790 distinct live SVIDs (golden-only 99) and uHGemHT9045_EC.cpp 1,710 live ECIDs (golden-only 32); every one of the 131 is present in the port text under a labelled gate, e.g. SECSGEM/uHGemHT9045_SV.cpp:459 `#if 0 // GATE [G3] -- golden :76-78.  SVID 1014/1015/1016` (tower-light remote-control values: iSECS_GEM_PPSIGNALTOWER_CONTROL_RED/YELLOW/GREEN are "DEFINED NOWHERE in the port"), G4 fMain->lbEPenconder, G5 fContact->lblEPValueKg, G6/G7 ATC head temperatures (fLotInfo->pl_ATCTempHead01..08, 16 ids), G8-G10 fContact force edits, G11 fShowBinSelect->lblMag1..9, G13 fTrayAssignment, G14 fCleaning, G15 fLotInfo ESD labels, G17 fGroundMan (28 ids), G18 fSmartDiagnostic (20 ids), G21 iSV_ErrBinCnt (undefined at link); EC gates g2..g29 (sInfo_* customer labels 13 ids, AutoClean modes, AC contact heights ...). Counts: live-code scan with SOFT_SIMULTE undefined on both trees (tools s13_secs_ids.py, s13_gates.py, 2026-10-01 02:0x).	a MES host that reads these status variables (tower-light control values, ATC head temperatures, force values, magazine test bins, ground-man values, smart-diagnostic times) or writes these equipment constants gets an unknown-id answer; most of them are bound to GUI controls that the web port does not have, so they need tag-backed substitutes, not members	COMM	45	SECS/GEM is owned by wb_serve (ruling 20260924); the gates are already tracked by the St02-E S-09 claim (uHGemHT9045_SV.cpp:455 "AI(W906-S09-ST) 20260930 (St02-E, claim)"); listed here because each gate is a registration the port never does. Only relevant where bEnable_SECS_GEM is on	tool-derived counts + hand-read verdicts (call census / reachability tools, then hand check; quotes machine-validated)
E-RT-001	TIMER_RUNTIME	TMyBinDispCtrl::Timer1 (BinDisplay TFT protocol pump, 200/50/30 ms): OnTimer lambda set, handler is an empty stub, nothing ticks it	BinDisplay/MyBinDisp.cpp:92-96 `Timer1=new TTimer(NULL); Timer1->Interval=200; Timer1->Enabled=true;`, handler Timer1Timer :284-604 (~320 lines)	STUB+NO_CALLER: BinDisplay/MyBinDisp.cpp:214 `Timer1->OnTimer=[this](TObject *Sender){ Timer1Timer(Sender); };`, BinDisplay/MyBinDisp.h:279 `void Timer1Timer(TObject *Sender);  // GATE (1) -- see banner; body is an intentional empty stub`; the port TTimer stand-in has no clock and `git grep "OnTimer\s*\("` non-test = comments only	the BinDisplay TFT/LED bin-count panel state machine (bin numbers, colours, status query) never runs	COMM	45	IDENTS=Timer1Timer;InstallColorBinDisplay;DoStartSetBin; only NUMBER_PANEL_TYPE 3/4 machines install a BinDisplay; also SystemModularInitial never runs (E-SMC-004)	hand-read (golden + port text read; file:line quotes machine-validated)
E-T2-006	TIMER_SEGMENT	Timer2Timer: fAGV->ScanLoadPort() (AGV / AMR load-port scan) has no caller	main.cpp:20976 `fAGV->ScanLoadPort();` -> Automation/AGV.cpp:1350-1383 (SPIL A65 bundle-ID ports bScanLoadPortState_SPIL / bScanUnLoadPortState_SPIL x3, MAXIM analog ports, ATK AMR bScanLoadPortState_ATK)	NO_CALLER: Automation/AGV_PortScan.cpp:316 `void ScanLoadPort()` and Automation/AGV_PortScan.h:180 are the only live mentions (git grep -w ScanLoadPort non-comment, 2026-10-01).	AGV/AMR/SPIL-bundle load-port state is never polled (the port-state flags stay at their defaults; E84/AMR handshakes built on them cannot progress)	COMM	45	IDENTS0=ScanLoadPort:2; customer/option specific (bA65_BundleIDList+SPIL, CC_MAXIM, ATK AMR); not relevant for CC_PTI unless AMR is installed ; CUSTOMER_SPECIFIC (this laptop CUSTOMER_CODE=957=CC_PTI): CC_MAXIM	hand-read (golden timer body read; port side by grep; quotes machine-validated)
E-BOOT-011	BOOT_GROUP	SECS/GEM boot: FSECS->GemInitial(), HSys.MyGem creation, SetInitialOK -- SECS/GEM engine start is not part of the port boot	main.cpp:10740 `FSECS->GemInitial(IniConfig.sMachineType, RunInfo.SoftwareVersion);` (+ :10731 ConnectNetDeviceS); database.cpp SystemModularInitial MyGem (E-SMC-004)	ABSENT by design of the current architecture: FileRW/IniConfig.gen.inc:8214 `FSECS->GemInitial：SECS/GEM 初始化（移植樹沒有 FSECS）`; the SV registry is published as tags by SecsTagPublish.cpp (g_h9045->AddSV(), AddEC deliberately skipped), the engine itself is owned by wb_serve per the 20260924 ruling.	no SECS/GEM link is brought up by the boot (S1F13 / online state / remote commands); the host sees no equipment	COMM	35	relevant only where bEnable_SECS_GEM is on; cross-reference E-SMC-004 and E-CG-004; decision item (who owns the SECS engine)	tool-derived name-level callee census, every U/M item then hand-read
E-CG-003	OTHER	TfMain::OnMyCopyMsg (WM_COPYDATA receiver, 1,829 lines): only the GPIB branch is ported -- the ESD_Monitor / AutoUpdate / EventLog-analyzer / CCD / ASE-KH branches have no receiver	main.cpp:15864-17692 (main.h:1204-1205 `BEGIN_MESSAGE_MAP VCL_MESSAGE_HANDLER(WM_COPYDATA, Messages::TMessage, OnMyCopyMsg)`); switch(msg.WParam) :15914: WM_GPIBInterface :15916 / WM_GPIB_Program :15919-17198, WM_ASEKH_Program :17199, WM_CCD_Program :17241, WM_EventAnalysis :17248, WM_ESD_Program :17252-17665 (MV_ESD->bCommand: ESD decay data, Ion-bar power on/off -> SW[SwIonBarPower] :17501-17505, version), WM_AutoUpdate :17666-17691 (AU_HANDLER_RUNNING / AU_HAS_IC_UNDER_MACHINE replies, AU_CLOSE_HANDLER -> bCloseByAutoUpdate)	PARTIAL: the GPIB branch lives in TesterComm/Handler/HandlerGpibMsg.cpp:751 "OnMyCopyMsg -> OnGpibProgramMsg" (with the documented G1..G23 gates); the other five branches have no receiver: Interface/InterfaceSYS.cpp:62 `M_V *MV_ESD=new M_V;` and :63 MV_AutoUpdate exist only as empty message buffers, the senders are live (Interface/InterfaceSYS.cpp:523 `SendMessage(fMain->HESDWnd, WM_COPYDATA, WM_ESD_Program, (LPARAM)pcp);`, :580 EventLog, :607 AutoUpdate), and WM_CCD_Program / WM_ASEKH_Program are only #defines (Interface/InterfaceSYS.h:42-43); bCloseByAutoUpdate and TfMain::OnMyCopyMsg have 0 live mentions (whole-word search over *.cpp/*.h/*.inc, 2026-10-01).	replies of external helper programs are dropped: the ESD monitor (decay data, ion-bar power switch, version), the Auto-Update helper (it asks whether the handler is running / holds an IC and never gets an answer; the close request is never honoured), the EventLog analyzer window and the ASE-KH / CCD programs	COMM	35	IDENTS0=bCloseByAutoUpdate:0; the port runs its own in-process event-log analyzer (EventLogAnalysis/*) and has no separate AutoUpdate / ESD_Monitor exe on this machine as far as the tree shows, so most of this is inert by design; SwIonBarPower is golden-dead anyway (E-CG-001) ; MACHINE_IO[machines/HT9050/IO_Table.csv]: SwIonBarPower=Enable1	tool-derived counts + hand-read verdicts (call census / reachability tools, then hand check; quotes machine-validated)
E-FT2-003	TIMER	THGem::Timer1Timer (300 ms) + TFSECS::TimerSecsAlarmTimer (1000 ms): SECS/GEM engine state machine (open communication -> connect -> on-line) and the SECS alarm message box	SECSGEM/uHGemEquipment.cpp:5176-5527 (golden 906; 147 statements: InitialHGem, ProcessSocketReceiveData, DoUpdateStatus, Task 1 -> 10 -> 100 -> 110 -> 200 -> 250 -> 260 -> 300 ...); SECSGEM/UsecegemMainFrom.cpp:1023-1103 (TFSECS::TimerSecsAlarmTimer, 22 statements)	TRANSLATED BUT DORMANT: SECSGEM/uHGemEquipment.cpp:6403 `void __fastcall THGem::Timer1Timer(TObject *Sender)` is a full state machine, but nothing calls it and the engine object is never created (SECSGEM/SecsEventReport.h:17 `explicitly OUT OF SCOPE`; tools/wb_serve.cpp:3921 `移植樹從來沒有 new 過`). EventReport() is a Sim counter. TFSECS::TimerSecsAlarmTimer is not defined in the port.	no HSMS connection, no S1F13 / on-line handshake, no SECS events or alarms towards an EAP host, no SECS alarm message box	COMM	35	hand-read uHGemEquipment.cpp:5176-5440 (golden) and the port header notes. On this laptop [SECS GEM] Enable SECS GEM=0 (config/config.ini:778), and memory notes the direction "SECS belongs to wb_serve (20260924)", so the engine is a planned piece not a forgotten one. Customer branches in TimerSecsAlarmTimer are KYEC_LEE / MAXIM_THAILAND only. IDENTS0=ProcessSocketReceiveData:3	hand-read (non-TfMain form timer: golden body read, port counterpart located by grep; quotes machine-validated)
E-REG-002	BOOT_GROUP	InitialHandler: dmTrayMotor->RS232Init(HSys.TrayStepMotor_ComPort) gated (N1-G2g)	cinitial.cpp:5851 (inside `if(LoaderUnload_StepMotor || iControlPanelMode || USE_VibrationCommunication)`)	GATED: cinitial.cpp:17001 `#if 0 // N1-G2g: blocked by dmTrayMotor -- exists ONLY as dfm2rc layout METADATA` / :17002 `dmTrayMotor->RS232Init(HSys.TrayStepMotor_ComPort);`	the tray step-motor / control-pad / vibration serial channel is never opened on machines with LoaderUnload_StepMotor, iControlPanelMode or USE_VibrationCommunication	COMM	30	IDENTS=dmTrayMotor;RS232Init; machine-type specific; dmTrayMotor (TdmTrayMotor data module) does not exist as an object in the port; also its tmrTrayStepMotorTimer (TrayStepMotor.cpp:102-107, 20 ms) has no port	hand-read (golden + port text read; file:line quotes machine-validated)
E-FT1-009	TIMER	TfTrayMapping::TimerProcessTrayDataTimer / TimerCCDTrayInitialTimer / tmrNFCTimer / TimerDownCCDTrayConnectTimer (1 / 100 / 100 / 1000 ms): tray-mapping laser / CCD / NFC tray data flows	cTrayMapping.cpp:1264-1708 (142 statements; head read: `if(USE_TRAY_MAPPING==etmDeviceRemain && GetSimulationState() && ...) DoLaserScanFromLoader(eAOIType_TrayDeviceCheckLaser, ...)` = "SimulateRemainIC" loop started from btnSimulateRemainIC), :973-1094, :7111-7239, connect timer in the same file	ABSENT: none of the four handlers is defined in the port (NO_DEF); fTrayMapping is a stand-in (acatchtray_shims.h:164 `TfTrayMapping (fTrayMapping)  -- golden cTrayMapping.h`) and 21 of the 36 distinct callees of the four handlers are missing or unreachable (SendCCDTrayCommand, SendNFC*, CCDTrayID_Decoding, WriteLaserScanFlowLog ...).	the CCD / laser / NFC tray-mapping device dialogues and the "simulate remain IC" scan loop never run	COMM	25	first timer hand-read (head), the other three tool-derived. This laptop has USE_TRAY_MAPPING=1 but TRAY_MAPPING_GRAB=0; the flows are started by operator buttons and need the CCD / laser device on a socket, so they are inert without that device	hand-read (non-TfMain form timer: golden body read, port counterpart located by grep; quotes machine-validated)
E-RT-007	TIMER_RUNTIME	TMyTempCtrl::Timer1 (legacy RS485 temperature-controller state machine, 30 ms; base of the DT4848 / KT4H / TMC401 / UT100 / WT404 drivers): the whole driver family is not in the port	TempCtrl/MyTempture.cpp:76-79 (`Timer1=new TTimer(NULL); Timer1->OnTimer=Timer1Timer; Timer1->Interval=30; Timer1->Enabled=true;`), Timer1Timer :199-325 (opens DataModule2->Tempture COM, tasks: set temperature, auto-tuning, read/write PID, read current temperature); derived drivers TempCtrl/MyTempture_DT4848.cpp, _KT4H, _TMC401, _UT100, _WT404, plus _MainPanel / _Monitor / _Offset	ABSENT: `git ls-files | grep -i mytempture` lists only layout/ir files under docs/web-fw-legacy/forms/TempCtrl/ and tools/dfm2rc/** - no MyTempture*.cpp/.h exist in the port, TempCtrl/ holds only TriTemp.cpp/TriTemp.h, and `git grep -n -a -w TMyTempCtrl` returns no live code (2026-10-01 01:3x); the controller kinds survive only as config enum values (Command.cpp:415 `USE_16_HEATER==eht32HeaterKT4H`).	RS485 communication with the temperature controllers (set temperature, read current temperature, PID read/write, auto-tuning) - nothing talks to a heater controller in the port	COMM	25	IDENTS0=TMyTempCtrl:0; DEPENDENCY MISSING (12 golden files of driver classes) so this is an absent-function finding, listed here because it is the periodic driver behind UN150Read[] / bUT150Install[] (see E-T2-008, E-TH-001); this laptop Gerneral.ini USE_16_HEATER=0 = eht4Heater (MachineType.h:777 "Index使用4組加熱器"), i.e. the 4-head UT150 path	tool-derived counts + hand-read verdicts (call census / reachability tools, then hand check; quotes machine-validated)
E-T1-008	TIMER_SEGMENT	TfMain::Timer1Timer: SECS/GEM Employee-ID check wait (N07): EAP judgement popup, 3x time-out, iShowAUTHORITY 1/2/3, CheckEmployeeID	main.cpp:2861-2934 (Ifor 20180227/20180911; the `return` at 2928 skips the rest of the tick)	ABSENT. The host reply is stored but nothing polls it: SECSGEM/uHGemHT9045.cpp:6537 `iShowAUTHORITY=2;` (and 6542 `iShowAUTHORITY=1;`) have no reader; bEnableEmployeeIDCheck has no writer that sets it true (only reads: ckernel.cpp:2865 `bEnableEmployeeIDCheck==true)`); golden CheckEmployeeID exists only in a dead branch: WebStart.cpp:1457 `CheckEmployeeID(strShowAUTHORITY);` inside `#if 0` (gate W906-ST-W1-G, ShowModal round trip).	SECS/GEM Employee-ID verification never runs: no "Waiting for EAP system judgment" popup, no time-out fallback (3 x IniConfig.iN07_EmployeeIdCheakTime), AUTHORITY_CHECK replies (iShowAUTHORITY 1/2) are accepted by the RCMD handler and then ignored, no re-prompt.	COMM	20	IDENTS=iShowAUTHORITY;bWaitSecsGemReply;bEnableEmployeeIDCheck;CheckEmployeeID;bN07_EnableEmployeeIdCheak ; Intentionally gated chain (WebStart.cpp:1425-1450: ShowModal has no headless round trip; writing empty credentials to the host would be worse) so conf is low. GOLDEN 906 LATENT BUG, FIXED IN V912: main.cpp:2928 `return;` inside `if(bEnableEmployeeIDCheck==true)` does not reset the static bRunTimer1, so after the first tick in which the flag is true golden 906 Timer1Timer never runs again (bRunTimer1 stays true); V912 adds `bRunTimer1=false;` before that return (V912 3013) and fSecsAlarm handling (V912 2942-3013) - translate with the V912 reset, not the 906 bug. N07 customers only.	hand-read by sub-agent A (TfMain::Timer1Timer), reviewed and machine-validated (87/87 cites, 72/72 quotes)
E-TH-005	THREAD	TPadRS232Thread (RS232 operator panel) never created	main.cpp:22479 `MyPad232Thread=new TPadRS232Thread(true);` (iControlPanelMode==1), Resume main.cpp:10142	GATED: mysensor.cpp:72 `#if 0   // AI(W906-W3-SENSOR) 20260924 維持閘住，理由更正：不是「VCL 表單」問題 —— fPadInterface 是 RS232 通訊式實體操作面板`; FileRW/MainClose.cpp:1008 MyPad232Thread->Suspend() "noop"	iControlPanelMode==1 machines: the serial physical operator pad (START/STOP keys, sensors mapped to Sen[]) never delivers keys	COMM	20	IDENTS=MyPad232Thread;TPadRS232Thread;iControlPanelMode; already documented; HT9050 uses IO-panel keys (SnFKStart...) instead ; MACHINE_IO[machines/HT9050/IO_Table.csv]: SnFKStart=Enable0	hand-read (golden + port text read; file:line quotes machine-validated)
E-TH-007	THREAD	TOmronProcessThread / TRS232Thread (Omron EJ1N heater controllers) + TfOmron form: no port	EJ1N/OmronEJ1N.cpp:160 `MyOmronThread=new TOmronProcessThread(true);` , :1894 `My232Thread=new TRS232Thread(true);`; TfOmron::Timer2Timer OmronEJ1N.cpp:1927-1981 (1000 ms), main.cpp:10519 `fOmron->Timer2->Enabled=true;`	ABSENT: `git grep -w -E "TOmronProcessThread|TRS232Thread|TfOmron"` = 0 non-doc hits; bthermo.cpp:1308 calls DoSetSVOfOmronEJ1N for USE_16_HEATER==eht16HeaterEJ1N only	machines with 16/32 Omron EJ1N index heaters (USE_16_HEATER eht16HeaterEJ1N/eht32HeaterEJ1N): no temperature read/set over RS-485	COMM	20	IDENTS=TfOmron;TOmronProcessThread;DoSetSVOfOmronEJ1N; hardware option not on HT9050 (its heaters go through 1203 IO + ATC)	hand-read (golden + port text read; file:line quotes machine-validated)
E-BOOT-010	BOOT_GROUP	Device and host connections opened by the boot that the port does not open: RTC vision, OCR, barcode, Amkor / ASE sockets, GroundMan, AirCon, Renesas server, Omron log, CC-Link, TesterTCP / FixAI / TrayMapping CCD timers	FormShow: :10470-10471 InitialOCRCom / InitialOCRCwithTesterCom, :10477-10480 InitialAirConCom + PowerUp (USE_AIR_CONDITIONER==2), :10496 fCCLink->SetInitialOK, :10574-10576 SendCommToVision + RTCChangeFile (REAL_TIME_CCD), :10605 AmkorSendMessage(0), :10621 InitialASEKrSocket, :10731 ConnectNetDeviceS, :10783 ASESendMessage->initial, :10849-10855 InitSht2DCodeComPort / Change2DSetupFile, :11110 Init_GM_RS232 (USE_GROUND_MAN>0), :11235 ClearOmronLog, :11290 RENESAS_Server->Listen	ABSENT/GATED (mostly documented by the port): FileRW/MainClose.cpp:962 `SdAdd(&v, "12088", "comm", "fCCLink->SetInitialOK(InitialOK)", "missing", "");`; cSetUp.cpp:1083 `#if 0 // GATE(G-SU-RtcChangeFile)`; OCR/Amkor/ASE: not declared in the port (Automation/automation.h:331); Renesas `Listen` and AirCon `InitialAirConCom`/`PowerUp` are stubs or unreachable (tools s16_boot_callees.py U list: Listen 3 stmts, InitialAirConCom/PowerUp 0 stmts); GroundMan boot read is re-implemented in FileRW/GroundMan.cpp (PORTED).	each customer / option device link stays closed: OCR and RTC vision serial links, barcode CCD sockets, Amkor UDP / ASE socket, AirCon power-up, Renesas MES server listen	COMM	15	all option- or customer-specific and inert on this laptop configuration: INSTALL_OCR=0, REAL_TIME_CCD=0, BAR_CODE_INSTALL=0, USE_GROUND_MAN=0, CUSTOMER_CODE=957 (CC_PTI); listed so they are not re-discovered	tool-derived name-level callee census, every U/M item then hand-read
E-FT1-008	TIMER	TACTForm::TimerACTTimer + ACTConnectTimerTimer (50 ms): ACT tool page temperature scan (Agilent 34970A / Delta DTB4824 over serial)	AutoTemperature.cpp:887-1273 (128 statements; head read: Agilent `MEAS:TEMP? TC,K,(@...)` scan, `DTB4824_ReadPV(iAddr)`, UpdateTemperatureData, palSaveLogClick); ACTConnectTimerTimer same file (8 statements)	ABSENT: handler not defined in the port; the callees DTB4824_ReadPV / ChangeStartState / ImageShowCurrentOffset / UpdateTemperatureData / palSaveLogClick are not defined (5 M, 10 R).	the ACT calibration tool page (a separate multi-channel temperature logger) cannot scan or log	COMM	15	first 70 lines hand-read, rest tool-derived (callee census). Separate tool page with its own instrument settings (ACTData), not part of the run path	hand-read (non-TfMain form timer: golden body read, port counterpart located by grep; quotes machine-validated)
E-RT-002	TIMER_RUNTIME	TRENESAS_Server::ProcTimer (Renesas MES server processing, 100 ms): OnTimer lambda set, nothing ticks it	Automation/uRENESAS_Server.cpp:53 `ProcTimer=new TTimer(NULL);` ProcTimer OnProcTimer (RENESAS customer server protocol)	NO_CALLER: port Automation/uRENESAS_Server.cpp:186 `ProcTimer->OnTimer=[this](TObject* Sender){ OnProcTimer(Sender); };`, :2432 `void TRENESAS_Server::OnProcTimer(TObject *Sender)`; no non-test call of OnProcTimer (git grep -w OnProcTimer)	Renesas MES host server processing loop (order/lot messages) never runs	COMM	15	IDENTS=OnProcTimer;ProcTimer; customer-specific (Renesas)	hand-read (golden + port text read; file:line quotes machine-validated)
E-RT-006	TIMER_RUNTIME	TfOCR::tmrOCRSim / TimerOcrOn / TimerOcrChangeFile / Timer1 (OCR inspection timers): no port	OCR.cpp:297 `tmrOCRSim=new TTimer(this);` + dfm timers OCR.dfm:1033-1079 (handlers OCR.cpp:916-1495)	ABSENT: forms/fOCR.cpp:27-64 is a facade (`TfOCR::TfOCR()` 5 lines, `ChangeLightValue(...) {}`); `git grep -w -E "TimerOcrOnTimer|TimerOcrChangeFileTimer|tmrOCRSim"` = 0 non-doc hits	OCR (mark inspection) machines: OCR trigger/result timers and file-change poll never run	COMM	15	IDENTS=TimerOcrOnTimer;TimerOcrChangeFileTimer;tmrOCRSim; OCR option (OCRInsp.cpp exists as seam)	hand-read (golden + port text read; file:line quotes machine-validated)
E-T2-012	TIMER_SEGMENT	Timer2Timer: ChinaMOS N25 log uploads (N25_UploadTempDataToFTP) and UTAC TW AutoTempOfsByFTP absent	main.cpp:21347-21381 (`#ifndef SOFT_SIMULTE`, bN25_2_EnableUploadLog -> `fFTPClient->N25_UploadTempDataToFTP(0|1|2)`); main.cpp:21321-21322 (`if(CUSTOMER_CODE==CC_UTAC_TW) fLotInfo->AutoTempOfsByFTP();`)	ABSENT: N25_UploadTempDataToFTP 0 mentions and AutoTempOfsByFTP 0 live mentions in the port (git grep -w, 2026-10-01). The EL_UPLOAD_JAMWEEK/SUMMARY/EVENTLOG uploads of the same block are handled elsewhere (EventLogAnalysis/ElaSchedule.cpp:498-511).	ChipMOS ZhuBei FTP temperature-data upload and UTAC Taiwan FTP temperature-offset fetch never run	COMM	15	IDENTS0=N25_UploadTempDataToFTP:0;AutoTempOfsByFTP:0; customer-specific (CC_ChipMos_ZHUBEI / CC_UTAC_TW), not CC_PTI ; CUSTOMER_SPECIFIC (this laptop CUSTOMER_CODE=957=CC_PTI): CC_C, CC_UTAC_TW	hand-read (golden timer body read; port side by grep; quotes machine-validated)
E-TH-006	THREAD	TPLCIOThread (Modbus PLC safety-IO poll) offline	MyPLC/MyPLC_IO_Modbus.cpp:56 `MyPLCIOThread=new TPLCIOThread(false);` (golden), Execute PLCIOProcess loop	PARTIAL (documented): port MyPLC/MyPLC_IO_Modbus.cpp:121-123 creates the object and calls `Resume()` which is inert (`TPLCIOThread::Resume()` :318); Execute :304 never runs	PLC-safety-IO machines (Enable_PLCSafety_IO, ePLCbase sensors) never refresh their PLC bits; ePLCbase sensors read stale/false	COMM	15	IDENTS=MyPLCIOThread;TPLCIOThread;PLCIOProcess; not used on HT9050 (no PLC rows in IO_Table)	hand-read (golden + port text read; file:line quotes machine-validated)
E-RT-004	TIMER_RUNTIME	TMyCCLinkCtrl::Timer1 (CC-Link board/sensor state machine, 30 ms): timer not created, handler has no driver	CCLink/MyCCLink.cpp:19-22 `Timer1=new TTimer(fCCLink); Timer1->Interval=30; Timer1->Enabled=true;`	NO_CALLER: port CCLink/MyCCLink.cpp:52 `No vclcompat::TTimer primitive exists yet` (comment :51-55), handler CCLink/MyCCLink.cpp:127 `void TMyCCLinkCtrl::Timer1Timer(TObject * /*Sender*/)`; header MyCCLink.h:16-20; only tests/test_MyCCLink.cpp calls it	CC-Link IO boards (Mitsubishi) never connect/scan; CC-Link sensor bits stay 0	COMM	10	IDENTS=Timer1Timer;TMyCCLinkCtrl; CC-Link hardware not on HT9050	hand-read (golden + port text read; file:line quotes machine-validated)
E-RT-005	TIMER_RUNTIME	TMyDNM100UD_Card / TMyEtherCAT tmrReadInputData (DeviceNet DNM100 / EtherCAT FS-N12 IO fleet poll, 30 ms): timers not created	CanBus/cMyDNM100UD.cpp:62 `tmrReadInputData=new TTimer(this);` (:226-480), EtherCAT/MyEtherCAT.cpp:46 (:75-232)	NO_CALLER: port CanBus/cMyDNM100UD.h:102 "No real periodic driver exists yet; tmrReadInputDataTimer() checks", CanBus/cMyDNM100UD.cpp:365 / EtherCAT/MyEtherCAT.cpp:229 handler bodies present	DeviceNet/EtherCAT slave IO modules are never polled	COMM	10	IDENTS=tmrReadInputDataTimer; HT9050 IO is PCIE-1203 (own Poll at wb_serve.cpp:4646)	hand-read (golden + port text read; file:line quotes machine-validated)
E-T1-021	TIMER_SEGMENT	TfMain::Timer1Timer: fOCR->OCRIn() reply pump (bOCRUser / bOCRPassWord / bOCRNewFile) - SHIP builds only	main.cpp:3381-3388 (wei 20161028; #ifndef SOFT_SIMULTE at 3383)	ABSENT. No TfOCR::OCRIn in the port and the three flags have no writers: cmydef.cpp:4116 `bool bOCRPassWord=false;` is definition only; golden writers are OCR.cpp:2027-2039 (the OCR receive path is not ported, only the config-file proxy FileRW/IniConfig_OCR.cpp exists).	The Tray-OCR program's replies (user / password / new file name) are never processed - OCR results are not picked up (SHIP builds; SIM has the #ifndef).	COMM	10	IDENTS0=OCRIn:0 ; IDENTS=OCRIn;bOCRPassWord;bOCRUser;bOCRNewFile ; The whole TfOCR runtime (serial/socket receive, OCRIn) is not ported; Timer1 is only the consumer, so this is not a simple fill-in. INSTALL_OCR/TestIF_File.bOcrFunction/CosFunction.bTrayOCR customers only.	hand-read by sub-agent A (TfMain::Timer1Timer), reviewed and machine-validated (87/87 cites, 72/72 quotes)
E-FTF-004	TIMER_FAMILY	CC-Link form timers: 2 timers that only matter when the device / option is enabled	TfCCLink::Timer1Timer (CCLink/MyCCLinkSensor.cpp:782-1452, 1000ms, 249 stmts, port NO_DEF); TfCCLink::tmrCanBusSearchTimer (CCLink/MyCCLinkSensor.cpp:2351-2455, 1000ms, 51 stmts, port NO_DEF)	ABSENT or DEF_NO_CALL (2 NO_DEF, 0 DEF_NO_CALL; 300 statements in total; class-scoped census plus callee census, no hand read of the bodies)	CC-Link CAN-bus search and PLC I/O exchange (WAR16109) never run	COMM	8	tool-derived, bodies NOT read. Inert on this laptop: CC-Link card option not evaluated for this laptop (config.ini [CCLink] holds page settings only); UNDECIDED whether the real HT9050 uses it. The real HT9050 may differ (laptop ini is not the machine ini).	tool-derived (timer body NOT read; membership and callee counts from the name-level census, gating option value read by hand from this laptop ini)
E-FTF-005	TIMER_FAMILY	customer / option servers and cards: 6 timers that only matter when the device / option is enabled	TCOM2::TimerHPCardTimer (rs232.cpp:4316-4670, 100ms, 149 stmts, port NO_DEF); TFormHS::TimerRTMMsgTimer (HS_Function.cpp:4163-4183, 100ms, 7 stmts, port NO_DEF); TfMonitor::MonitorTimerTimer (Monitor/MonitorInterface.cpp:143-327, 100ms, 61 stmts, port NO_DEF); TfNote::TimerFTPTimer (note.cpp:5567-5622, 100ms, 21 stmts, port NO_DEF); TfSCKART::TimerTSVTimer (Automation/SCK_ART.cpp:4074-4101, 100ms, 11 stmts, port NO_DEF); TfrmDTME08::TimerUpdateTimer (EJ1N/fDTME08.cpp:158-176, 100ms, 6 stmts, port DEF_NO_CALL)	ABSENT or DEF_NO_CALL (5 NO_DEF, 1 DEF_NO_CALL; 255 statements in total; class-scoped census plus callee census, no hand read of the bodies)	SCK ART flow and TSV timers, Renesas server processing, FTP upload of tray / lot files (MES1120..1720), RTM message box, monitor video, HP torque card reader, DTME08 cycle never run	COMM	8	tool-derived, bodies NOT read. Inert on this laptop: CUSTOMER_CODE=957 (CC_PTI) on this laptop; these are SCK / Renesas / SCC / KYEC style options or optional devices (HP torque card: TorqueUseHPComCard), not evaluated for the real machine. The real HT9050 may differ (laptop ini is not the machine ini).	tool-derived (timer body NOT read; membership and callee counts from the name-level census, gating option value read by hand from this laptop ini)
E-FT2-004	CHECKED_ALIVE	TfTesterTCP::TimerTCPIPConnectTimer + TimerProcessTCPDataTimer (1000 ms / 1 ms): built-in TCP/IP tester channel	Interface/TesterTCP_Socket golden form TfTesterTCP timers (81 + 19 statements)	ALIVE through a W906 slice: TesterComm/Tcp/TcpPump.h:6 `a Handler form; its socket events and its two timers (TimerTCPIPConnect, TimerProcessTCPData Interval=1) all run` and the tick call TesterComm/Handler/TesterCommWiring.cpp:151 `W906_TcpPumpTick();  W906_CmdServerPumpTick();` replays the golden handlers every tick.	nothing (known limit in TcpPump.h: real-mode connect is synchronous)	COMM	5	CHECKED-ALIVE row; the class-scoped census called these two NO_DEF because the port names are TesterTCPSocket_On* / W906_TcpPumpTick	hand-read (non-TfMain form timer: golden body read, port counterpart located by grep; quotes machine-validated)
E-TM-004	TIMER_SEGMENT	TfMain::TimerESDTimer: periodic fContactCT->SaveSiteYield("By Interval") has no caller	main.cpp:30963-30972 (`if(IniConfig.bI29EnableYieldRecord==true) { iIntervalCount++; if(iIntervalCount>=IniConfig.fI29YieldRecordInterval) { iIntervalCount=0; fContactCT->SaveSiteYield("By Interval");`)	NO_CALLER (the string): cContactCT.cpp:1382 `if (SaveEvent != "By Interval")` is the only place the literal occurs (git grep -F "By Interval" = 1 hit, 2026-10-01); the body SaveSiteYield is real (cContactCT.cpp:1363) and its only other caller passes a different event (cMyDB.cpp:666 `fContactCT->SaveSiteYield(sAction);`).	the periodic Site Yield CSV (<YieldRecordPath>/YYYYMM/yyyy-mm-dd_NSite.csv, [I29] Enable yield record + interval) is never written on interval; with IniConfig.bSPILFunction (SPIL) the body returns for every other event, so SPIL sites get NO yield CSV at all	FILE_WRITE	85	IDENTS0=SaveSiteYield:3; the memory note "periodic yield export already exists" refers to golden; SPIL branch at cContactCT.cpp:1379-1383 makes it customer-visible; needs a ship build (timer returns under SOFT_SIMULTE, main.cpp:30843)	hand-read (golden timer body read; port side by grep; quotes machine-validated)
E-TM-014	TIMER_SEGMENT	TfMain::Timer8Timer: RecordJamRateByTime() ([O11] Jam-rate/MTBF record every N minutes) has no caller	main.cpp:32028-32074 RecordJamRateByTime (called Timer8Timer main.cpp:32166); counters bumped at ainarm9045.cpp:2766 / Magazine.cpp:484 / note.cpp:379 in golden	NO_CALLER: counters and options are live (ainarm9045.cpp:6488 `iRecordJamRateByTime_LoaderCount++;`, forms/fNote_JamCount.cpp:83 `iRecordJamRateByTime_JamCount++;`, cConfiguration.cpp:3020 registers bRecordJamRateByTime) and the formatter exists (MainCalcCore.cpp:456 `void ComputeJamRateRecordStrings(int iRecordJamRateByTime_JamCount,`), but ComputeJamRateRecordStrings has NO non-test caller (git grep -w, 2026-10-01: definition, declaration, tests/test_MainCalcCore.cpp only) and `RecordJamRateByTime` has no definition in the port.	with "Record Jam Rate By Time" on, the "[Jam Rate Record] jam/loader MTBF x/y hr" line is never written to the process log; the counters just keep growing	FILE_WRITE	85	IDENTS0=ComputeJamRateRecordStrings:2; the driver needs iRecordJamRateIntervalTime minutes of clock() and RecordProcess -- both exist	hand-read (golden timer body read; port side by grep; quotes machine-validated)
E-SMC-003	BOOT_GROUP	InitCommonString() never called: 3 path globals keep their declaration-site values	database.cpp:48 `InitCommonString();` (SYSTEM_MODULAR ctor); body common.cpp:177-265 in golden	ABSENT: `git grep -n -a -w InitCommonString` in the port shows the definition (common.cpp:391 `void InitCommonString()`), the declaration (common.h:293) and comments only; the caller is the gated ctor (database.cpp:139). The port itself documents the consequence: common.cpp:373-384 "VERIFIED DEVIATION ... which value is actually in force at runtime depends on whether InitCommonString has been called yet"	golden runtime values differ from the port for three globals: SecsGemPath (port keeps `D:\HT9045\SECS\SECS\SYSTEM\Gerneral.ini` common.cpp:237, golden runtime `D:\HT9045\SECS\SYSTEM\Gerneral.ini`), asBarCodeDownLot (port `...\2DBarCode\LotCheckData.txt` common.cpp:287, golden `...\LotData1.txt`; used AutoRetest.cpp:2034-2046 WriteDataToFile and BarCode_Bottom2DID.cpp:1183) and asSortingBy2DID (port a FILE `SortingBy2DID.txt` common.cpp:289, golden a DIRECTORY); the other ~90 strings are identical at both sites	FILE_WRITE	80	IDENTS=InitCommonString;SecsGemPath;asBarCodeDownLot;asSortingBy2DID; the static initialisers carry the same ~90 values (env-redirect seams W906_*), so only the 3 listed deviate; fix = call InitCommonString() once at boot before LoadMachineConfig (as golden database.cpp:48) -- check the ctest seams first (tests/test_common.cpp:288 already calls it)	hand-read (golden + port text read; file:line quotes machine-validated)
E-TM-005	TIMER_SEGMENT	TfMain::TimerESDTimer: periodic Production record ([O06-8] every 10/30 min) + TimerRecordLoaderDate never run mid-session	main.cpp:30974-31070 (`if(IniConfig.bO06SaveLogTimePeriod) { iSaveLogTimePeridCount++; if(iSaveLogTimePeridCount>=IniConfig.iO06SaveLogTimePeriod*1200+600) { ... fMain->TimerRecordLoaderDate(); ... ProductionLog(str, true);` :31069)	ABSENT: `iSaveLogTimePeridCount` 0 hits and the composer literal "Load:%d;Total:%d" 0 hits (git grep -F, 2026-10-01 00:2x); ProductionLog itself is real (LogObjects.cpp:361 `if(IniConfig.bO06SaveLogTimePeriod==false)` is its guard) and W906_Main_TimerRecordLoaderDate exists but is called only from the close path (FileRW/MainClose.cpp:1267).	with [Event Log] EnanleTimePeriodSaveLog checked, the timed Production record line (<asProductionLogPath>/<ID>_yyyymmdd.logs: Load/Total/tray counts/site PCA) is never appended, and the mid-run EventLog refresh (TimerRecordLoaderDate) never happens	FILE_WRITE	80	IDENTS0=iSaveLogTimePeridCount:0; docs/ELA_PORT_LEDGER.md:1324 describes this exact golden loop; the port analyzer (ElaSchedule.cpp:433 W43=C) "follows the Handler" as if the Handler wrote such records -- it does not in the port	hand-read (golden timer body read; port side by grep; quotes machine-validated)
E-TM-008	TIMER	TfMain::TimerTemperatureStorageMinuteTimer -> TemperatureStorageLog(0) (temperature CSV logger) has no periodic caller	main.cpp:31097-31102 (main.dfm:17318 Interval=1000 despite the name, design Enabled=True): `if(InitialOK==false) return; if(IniConfig.bL10IndexTestlogTemp==false) TemperatureStorageLog(0);`	NO_CALLER: TemperatureStorageLog is fully translated (csystem.cpp:27325 `bool TemperatureStorageLog(int iRecord)`; csystem.h:275 default argument =0) but its only callers are the Index-test sites with iRecord=1: aTester_Front.cpp:3511, aTester_Rear.cpp:3387, atester_32Site.cpp:2950 `TemperatureStorageLog(1);` (git grep -E "\bTemperatureStorageLog\b" non-comment: 3 calls + def + decl + a retired stub, 2026-10-01 00:28). No `TemperatureStorageLog(0)` / `TemperatureStorageLog()` call exists.	with the default setting (bL10IndexTestlogTemp=false) the once-per-[iL10TempRecordInterval]-seconds temperature CSV (asHiSiLogPath, ASE/HiSilicon Current copy), the bTempMessage feed for SECS and Ase_SendTemp, and the LB_TEMP_UpDown log are never produced	FILE_WRITE	80	IDENTS0=TemperatureStorageLog:6; the function is heavy on gates (csystem.cpp:26305 "ACTIVE, 6 gates (H3-7..H3-12)") but ACTIVE; a driver is one call per PumpTick second	hand-read (golden timer body read; port side by grep; quotes machine-validated)
E-FT2-011	CALLEE_GATED	RUN_INFO::SaveJamRateByDay(): the By-Day jam-rate report is never written when the date rolls over while the handler runs (AddAlarm rollover; the 00:00 clock job of TFormHS::TimerAutoBackupTimer); only the FormClose copy writes	cprod.cpp:995-1110 (golden 906, `void RUN_INFO::SaveJamRateByDay(bool bUpload)` writes <MachineType>_<HandlerID>_<date>_DailyJamRate.txt, uploads, then `InitialDailyData()`); call sites: cprod.cpp:970 (AddAlarm: `if(iToday!=SystemDate) { SaveJamRateByDay(); InitialDailyData(); }`), HS_Function.cpp:187 (00:00), main.cpp:11435 (FormClose)	BODY GATED: cprod.cpp:1072 `#if 0 // TODO(GA1-B2): blocked by FileInfo@ProductionInfo/FileInfo.h+.cpp` covers the whole body up to the live tail `InitialDailyData();` (cprod.cpp:1192), so the live rollover call cprod.cpp:1045 `SaveJamRateByDay();` only clears the counters. The stated reason is stale: ProductionInfo/FileInfo.cpp:457 `AnsiString FileInfo::PathCombin(const AnsiString& sPath, const AnsiString& sFile)` is ported, and a working copy exists for the exit path only: FileRW/MainClose.cpp:219 `AnsiString W906_RunInfo_SaveJamRateByDay(bool bUpload)` (compiled into wb_serve only, called from FormClose).	the previous day's By-Day jam counts (iDailyCount, vDailyJam) are thrown away by InitialDailyData() at the first JAM after midnight instead of being saved; a handler that runs across midnight never produces that day's DailyJamRate.txt unless it is closed that same day	FILE_WRITE	70	hand-read cprod.cpp:1004-1200 and FileRW/MainClose.cpp:200-260 (the port documents the gap at FileRW/MainClose.cpp:207 and Automation/SCK_ART_Remainder.cpp:305-306 but no census file recorded it). Not option-gated in golden. Fix would be to call the wb_serve copy (or un-gate the body, FileInfo is ported) from the rollover path. IDENTS=W906_RunInfo_SaveJamRateByDay	hand-read (non-TfMain form timer: golden body read, port counterpart located by grep; quotes machine-validated)
E-T3-006	TIMER_SEGMENT	Timer3Timer: hourly TimerRecordLoaderDate() (CC_JCET: every 10 minutes) absent (only the shutdown call exists)	main.cpp:25540-25556 (`if(StatusBar1->Panels->Items[6]->Text.SubString(15, 5)=="00:00") TimerRecordLoaderDate();`; CC_JCET variant :25541-25546; golden comments :25541 "每10分鐘存一筆LoaderData" and :25551 "每個小時記錄一次" = once per hour, the 00:00 is minute:second of the status-bar clock text)	ABSENT (periodic): FileRW/MainClose.cpp:497 `int W906_Main_TimerRecordLoaderDate()` exists and runs only from the close path (FileRW/MainClose.cpp:1267 `W906_Main_TimerRecordLoaderDate();`); no daily caller; the two golden in-tree callers are gated: cMyDB.cpp:670 sits in `#if 0 // TODO(GA1-B4): fMain->TimerRecordLoaderDate() not yet ported` (rowID=0 instead) and cObserver.cpp:3767 in `#if 0 // GATE (FW3A-1)`.	the hourly "LoaderData" record (TimerRecordLoaderDate: loaded count of both arms + time data into the EventLog/SaveEventLog csv) is never written while the machine runs; it is written only once, at shutdown	FILE_WRITE	55	IDENTS0=TimerRecordLoaderDate:4; the function body is the ported one in MainClose.cpp (free function); needs Panels[6] clock text or SystemHour/SystemMin ; CUSTOMER_SPECIFIC (this laptop CUSTOMER_CODE=957=CC_PTI): CC_JCET	hand-read (golden timer body read; port side by grep; quotes machine-validated)
E-FT2-002	TIMER	TFormHS::TimerAutoBackupTimer (1000 ms): handler housekeeping clock - midnight / 01:00 / 08:00 / 20:00 / hourly jobs, daily counter reset, ATC self-test, SW-version upload, unloader-tray FTP, RTM server	HS_Function.cpp:84-511 (135 statements; CheckClockTrigger(0) :167-200, (1) :204-207, (8)/(20) :209-225, (30/60/90/120) :227-285, daily reset :287-295, ATC self-test :297-381, N17 SW version :383-412, unloader FTP :415-430, RTM :438-470)	PARTIAL BY DECISION: only the hourly record is ported - TesterComm/Handler/TesterCommWiring.cpp:228 `if(W906_TimeDataHourEdge(iNowTime, &g_bPerHours))` (golden :233 CheckClockTrigger(60) -> RecordTimeData(2/3)) and the ELA scheduler (EventLogAnalysis/ElaSchedule.h header: N17 01:00 UploadProdLog, VTEST weekly, N10-3, N25 jobs). forms/fHS.h:691 `void TimerAutoBackupTimer(TObject *Sender);` is GATE (Cat A). Not driven by anything: the 00:00 branch (NewRecordProcess("00:00 AM", version) - no hit for that text in the port; fObserver->StatisticalJamCount(true) - the only call is boot-time FileRW/MainBoot.cpp:202 `fObserver->StatisticalJamCount();`; RunInfo.SaveJamRateByDay() - see E-FT2-011: its body is #if 0 in cprod.cpp, only FormClose has a working copy), the VTEST daily counter reset (LastSet.iDaySendCT / iDayJamCount = 0), ATC self-test monitoring WAR15313-15318, the SW-version upload, unloader-tray-log FTP, the RTM socket.	the daily jam-rate file (By Day) is written only when a jam arrives after midnight or at exit instead of at 00:00; the "00:00 AM" version marker and the daily JamRawData statistic are not produced; the N17 SW-version upload, unloader-tray FTP and the ATC self-test alarms never run	FILE_WRITE	45	hand-read HS_Function.cpp:84-511 and the port slices. Machine relevance: bN26_UseJamRawDataRecord / bN17UploadSwVersion / bN10_9_UploadUnloadTrayToFTP / ATC self-test are option flags (not evaluated for the real HT9050), the 00:00 marker and the By-Day jam-rate save have no option gate. IDENTS0=TimerAutoBackupTimer:1	hand-read (non-TfMain form timer: golden body read, port counterpart located by grep; quotes machine-validated)
E-TM-012	TIMER	TfMain::Timer7Timer (VTEST hourly OEE/yield report, Excel-close + RecordUPH, rotate picture) absent	main.cpp:31550-31638 (Interval=1000, Enabled=True): bVTESTFunction -> `fMesSystem->RecordByTimeOEE(hh)` :31569 and `DoSaveReportByTime()` at 08/20 h :31575; USE_ROTATE_KIT picture :31585-31600 (display); `bCloseExcelflag` -> close XLMAIN, `RecordUPH(RunInfo.iUPH)` :31610-31625; iCount>3 -> ShowMyMessage("請關閉csv檔案") :31629-31631	ABSENT: no Timer7Timer. RecordByTimeOEE/DoSaveReportByTime are declared and gated (forms/fMesSystem.h:675 `void        RecordByTimeOEE(int iHour);` and :670, both "GATE"); RecordUPH is a stub with no caller (ainarm9045.cpp:3445 `void RecordUPH(int)` empty body, its own note: golden's only caller is main.cpp:31624); the flag setter is off (ainarm9045.cpp:8886 `#if 0 // GATE (k7-G6) -- golden :5520-5521; forms/fMain.h has no bCloseExcelflag / bCloseExcelfinishflag`).	VTEST customers: no hourly OEE record and no 08:00/20:00 yield report; [P11] RecordUPH never writes the UPH csv (and the Excel-close handshake is moot); rotate-kit IC-direction picture (SPIL) never refreshed (display only)	FILE_WRITE	45	IDENTS0=RecordByTimeOEE:1;DoSaveReportByTime:1;bCloseExcelflag:1; customer-specific (VTEST / RecordUPH option cbP11) and the report bodies live in the MES form that is itself gated (W-06/W-12)	hand-read (golden timer body read; port side by grep; quotes machine-validated)
E-T3-005	TIMER_SEGMENT	Timer3Timer: one-shot "Program Start" event record (MES2108 + handler version) absent	main.cpp:25137-25188 (2 s after InitialOK: `UpdateLanguage()`, `RecordProcess(SocketHandlerID is connect with ...)` for FTP, `NewRecordProcess("MES2108", "Program Start", asHandlerVersion+"."+SVNRevision)` :25181, CCD enable records, `fShowMessage->ShowMyMessage()`)	ABSENT: no writer of MES2108 (only the catalog entry AlarmCodeCatalog.cpp:1391 `{ "MES2108", "Program start" },`); UpdateLanguage has 0 definitions; the nearby RecordProcess("Program Start,Yes,load last data.") lines are a different record (cinitial.cpp:9903).	the event/process log has no "Program Start / handler version" marker per session (real event logs contain it: docs/KNOWLEDGE.md:199 "含 MES2108")	FILE_WRITE	40	IDENTS0=UpdateLanguage:0;MES2108:1; log completeness only	hand-read (golden timer body read; port side by grep; quotes machine-validated)
E-FT2-006	TIMER	TfProductionInfo::tm_PITimer (500 ms) + tm_IPSCControlTimer (500 ms): OEE file save / bin-quantity FTP report / control-bin yield check / FTP one-cycle file check; IPSC control	ProductionInfo/ProductionInfo.cpp:942-1019 (22 statements: `if(CosFunction.bOEEFunction==false || IniConfig.bN14_1_EnableOEEFunction==false || InitialOK==false) return;` EachCycleSecondDo_SaveAndUpdateOEEFiles, UploadBinQtyReport, bCheckControlBinYield, FTP_OEEFile_Upload, DoCheckFTPFile -> fMain->BtnOneCycleClick); ProductionInfo.cpp:3792-3910 (IPSC)	ABSENT: neither handler is defined in the port (NO_DEF); callees EachCycleSecondDo_SaveAndUpdateOEEFiles, UploadBinQtyReport, bCheckControlBinYield, bIsNeedCheckControlBin, FTP_OEEFile_Upload, ACM_WriteMsgAndCallExe, RecordControlBinCount, bEnableIPSC are missing or unreachable.	OEE csv files, the bin-quantity report upload, the control-bin yield check and the FTP-triggered one-cycle never run	FILE_WRITE	25	hand-read ProductionInfo.cpp:942-1019, tm_IPSCControlTimer tool-derived. Gated by the OEE option (config.ini N14_HandlerOEEUseFunction=0 on this laptop) and CosFunction.bOEEFunction (customer list), so inert here; CUSTOMER_SPECIFIC (OEE customers)	hand-read (non-TfMain form timer: golden body read, port counterpart located by grep; quotes machine-validated)
E-SMC-005	BOOT_GROUP	SYSTEM_MODULAR ctor: ATKRecipeInfo = new ATK_RECIPE_INFO() (AMKOR Korea/China work-file comparison) not created	database.cpp:51 `ATKRecipeInfo=new ATK_RECIPE_INFO();`; users cBinSel.cpp:1595, cSetUp.cpp:2974, cTesterIF.cpp:973, uTemp_Set.cpp:3142, main.cpp:27411	ABSENT (documented): database.cpp:149 `// ATKRecipeInfo = new ATK_RECIPE_INFO();`; FileRW/Temperature.cpp:133 `else if(CUSTOMER_CODE==CC_AMKOR_Korea || CUSTOMER_CODE==CC_AMKOR_China)` prints an ELTodo instead	AMKOR Korea/China only: the "Information.txt" work-file comparison record (D:\eRMS) is not written on recipe save	FILE_WRITE	25	IDENTS=ATKRecipeInfo; customer-code specific and already recorded by the port (FileRW/Temperature.gen.inc:4212 GATE (S12-C save)) ; CUSTOMER_SPECIFIC (this laptop CUSTOMER_CODE=957=CC_PTI): CC_AMKOR_C, CC_AMKOR_K	hand-read (golden + port text read; file:line quotes machine-validated)
E-BOOT-008	BOOT_GROUP	Boot-time directory creation: 31 of the 65 MyForceDirectories ids of FormShow have live users in the port but the port boot never creates them	main.cpp FormShow :9460-9532 (65 `MyForceDirectories(<id>)` calls: as9045LogPath, asHiSiLogPath, asLbTempLogPath, asShtLogPath, asHomeLogPath, asLaserLogPath, asASELogPath, asTravelingLogPath, asOLPLogPath, asSystemPath, asBarCodeLogPath, DIOCFGPath, BmpPath, as9045UPH, asYieldRecordPath, asProductionLogPath, asProductDataPath, asProductRecordPath, asProduct_LoaderPath, asUDPLogPath, asHPCardPath, sSaveByMachine, asGroundManPath, asCleanPadLogPath, asBackup2DSortListPath, asBackup2DSummaryPath, as2DWhiteListLog, asATCEventLog_HS, asACSmartIntervalLogPath, asSocketIDLogPath, asATCFileTransferPath)	ABSENT (counts from tools s17_dirs.py on main f528311a, 2026-10-01 04:5x): 65 ids; 31 with live users in the port (as9045LogPath 28 users, DIOCFGPath 43, BmpPath 50, asSystemPath 11, sSaveByMachine 15, asShtLogPath 8, asTravelingLogPath 8, asBarCodeLogPath 7, as2DWhiteListLog 7 ...) and no creation by the port; 27 ids have no live user; 7 are created by the port somewhere (asEPLogPath, asTorqLogPath, asTrayLogPath, asLogPath, DataPath, OffsetPath, sGroundESDLogPath).	on a machine that lacks one of these folders (fresh install, cleaned disk) the first reader or writer that does not create its own folder fails silently; most writers create on demand (MyForceDirectories inside SaveSiteYield etc.), so the effect is limited to readers and DirectoryExists checks	FILE_WRITE	20	upper bound of the effect; folders exist on the installed machine; fix = one boot function that creates the 31 folders (cheap, idempotent)	tool-derived name-level callee census, every U/M item then hand-read
E-T1-019	TIMER_SEGMENT	TfMain::Timer1Timer: UpdateRecordScreen(false) residual - ASE-CL event-log back-up (SaveBackEventLogInfo) gated	main.cpp:3193 (body main.cpp:8159-8262, residual at 8244-8250)	PARTIAL (GATED residual). The counters run (FileRW/MainRecord.cpp:357 `void W906_MainRecordTimer1Tick()`), but the ASE-CL block that writes the back-up event log is compiled out: FileRW/MainRecord.cpp:227 `#if 0 // GATE(W906-PROD-S113-G2)` (TfLotInfo::SaveBackEventLogInfo not translated; fLotInfo->bEventLogAlarm is never set true, golden setter note.cpp:2367 not ported).	ASE-CL "HANDLER LOG_*.csv" back-up event-log write (golden uLotInfo.cpp:10903) never happens.	FILE_WRITE	15	IDENTS=SaveBackEventLogInfo;bEventLogAlarm ; Everything else in UpdateRecordScreen is live (FileRW/MainRecord.cpp:160-250: SystemAccSecond per state, iPauseTime, lAutoClean_TimeCount, fMesSystem->SetOEEState, SaveASECLTestLogInfo once a minute). Customer-specific (ASE-CL); the gate premise still holds (no SaveBackEventLogInfo in forms/fLotInfo.h, no setter).	hand-read by sub-agent A (TfMain::Timer1Timer), reviewed and machine-validated (87/87 cites, 72/72 quotes)
E-FT2-009	TIMER	TfOmron::Timer2Timer (1000 ms, bShow-gated): Omron EJ1N controller page refresh + optional csv log	EJ1N/OmronEJ1N.cpp:1927-1981 (24 statements: `if(cbGetRecord->Checked==true)` and `Memo1->Lines->Count>400 || bSaveData` -> csv under asEJ1NLogPath)	ABSENT (NO_DEF); golden also calls fOmron->Main232() / fOmron->Timer1Timer() from the alarm and message box timers (note.cpp:3501-3502, mymessbox.cpp:544-545; see E-FT1-001); the port has no definition of Main232.	the Omron page values and its optional csv log	FILE_WRITE	12	hand-read EJ1N/OmronEJ1N.cpp:1927-1981; the csv is written only when the operator ticks "get record" on the page	hand-read (non-TfMain form timer: golden body read, port counterpart located by grep; quotes machine-validated)
E-TM-003	TIMER_SEGMENT	TfMain::TimerESDTimer: tGPIBMsg (tester RCMD:S10F3 / RCMD:TESTER_ERROR text) is written to a file-static list nobody shows	main.cpp:30951-30958 (`if(tGPIBMsg->Count!=0) { ShowMyMessage(tGPIBMsg->Strings[0], ""); tGPIBMsg->Delete(0); ...`)	ABSENT (consumer): AutoRetest.cpp:284 `static TStringList          W906ART_fMain_tGPIBMsg;` (TU-local, no fMain member); producers AutoRetest.cpp:1742 `W906ART_FMAIN_TGPIBMSG->Add(S3);` (RCMD:S10F3) and :1754 (RCMD:TESTER_ERROR); 0 readers (git grep W906ART_fMain_tGPIBMsg|W906ART_FMAIN_TGPIBMSG shows 5 lines: comment, decl, define and the 2 Adds).	operator-visible GPIB text sent by the tester ("TESTER ERROR : ...", S10F3 display messages) is stored and never displayed	DISPLAY	80	IDENTS0=W906ART_FMAIN_TGPIBMSG:3; the port comment AutoRetest.cpp:280 admits "the two golden Add() calls are the only way a tester-side RCMD:S10F3 / RCMD:TESTER_ERROR is ever surfaced"	hand-read (golden timer body read; port side by grep; quotes machine-validated)
E-T3-008	TIMER_SEGMENT	Timer3Timer: [E73] In/Out arm Z step-motor frequent-loss message (iInZHomeCnt / iOutZHomeCnt) absent	main.cpp:25287-25306 (`if(IniConfig.bE73_InOutZStepMotorLossCheck) { iZhomeTime++; if(iZhomeTime>=60) { if(iInZHomeCnt>=IniConfig.iE73StepMotorCheckCnt) ShowMyMessage("Input arm Z軸頻繁失步, ..."); if(iOutZHomeCnt>=...) ShowMyMessage("Output arm Z軸頻繁失步, ..."); counters=0`)	ABSENT (consumer): the counter is bumped (csystem.cpp:17309 `iInZHomeCnt++;`), the option is registered (cConfiguration.cpp:2287-2288) but nothing reads iInZHomeCnt/iOutZHomeCnt or evaluates the threshold (git grep -w, 2026-10-01).	the "Z axis frequently loses steps" warning (option [E73]) never appears	DISPLAY	55	IDENTS0=iInZHomeCnt:3;iE73StepMotorCheckCnt:3; message only (no machine action)	hand-read (golden timer body read; port side by grep; quotes machine-validated)
E-TM-007	TIMER_SEGMENT	TfMain::TimerESDTimer: SPIL event-log save-path check (ship-only)	main.cpp:31073-31092 (`#ifndef SOFT_SIMULTE`, `if(IniConfig.bSPILFunction==true)`, every 600 s `DirectoryExists(asEventlogPath)` else ShowMyMessage("Event log存檔路徑異常,請確認網路是否正常連線!"))	ABSENT: no Handler-side reader of [Event Log] AutoSaveEventLogPath (git grep: only EventLogAnalysis/ElaHub.cpp:412, ElaSchedule.cpp:318 and cConfiguration.cpp:2981 register/read it), no message string.	SPIL sites get no warning when the network path of the auto-saved event log is unreachable	DISPLAY	40	customer-specific (bSPILFunction) and compiled only without SOFT_SIMULTE in golden	hand-read (golden timer body read; port side by grep; quotes machine-validated)
E-FT2-005	TIMER	TfContact::TimerEPTimer (1000 ms) + the EP read-out in TFormHS::TimerAutoBackupTimer: EP pressure read-back display	cContact.cpp:16886-16941 (`if(EP_Install==3 && fShow==true) labEPValue->Caption=ADAM_ReadPA(&dValue);`); HS_Function.cpp:130-159 (EP: value string)	ABSENT: ADAM_ReadPA has no working body in the port (atester_shims.cpp:326 `void ADAM_DirectWriteData(int /*iData*/, int /*iCh*/, int /*iAdd*/) {}` and :327 `void ADAM_WriteVoltage(double /*dVolt*/)              {}` are the documented no-op layer, see E-T2-003 / E-BOOT-003).	the Contact page EP value label and the HS EP log line never show the regulator read-back	DISPLAY	30	hand-read cContact.cpp:16886-16941; EP_Install=3 on this laptop so the golden branch is the active one. Root cause is the EP/ADAM layer (E-T2-003), this row only records the two display drivers	hand-read (non-TfMain form timer: golden body read, port counterpart located by grep; quotes machine-validated)
E-T1-020	TIMER_SEGMENT	TfMain::Timer1Timer: fCounterSel->NeedRef -> fTestCategory->SetShowCateMode() + DoShowUserDefFrom()	main.cpp:3208-3213 (V912 3299-3304 in port comments; DoShowUserDefFrom body main.cpp:8729-8837)	ABSENT. cTestCategory.cpp:639 `NOT translated here (nothing ported to drive it)`; NeedRef's only writer is gated (forms/fCounterSel.cpp GATE C-2); DoShowUserDefFrom has no definition (its only call is dead: FileRW/IniConfig.gen.inc:8306 `#if 0 // GATE (S12-C save)`); SetShowCateMode exists (forms/fTestCategory.cpp:182) but runs only from the boot/FormShow paths (cTestCategory.cpp:642 `void W906_BootTestCategory()`).	After the operator saves the Counter-Select page (bShowLoaderCT/ContactCT/BinCT/TestCate, iShowCateByArm) golden refreshes the main-screen counter forms and Test-Category layout; here tcat.show / tcat.cateByArm and the sort/contact/bin counter visibility change only at next boot.	DISPLAY	25	IDENTS=NeedRef;SetShowCateMode;DoShowUserDefFrom ; The port comment at FileRW/IniConfig_CounterSel.cpp:37 already flags this "for Steven to decide". DoShowUserDefFrom body is form Show/Close plus fLotInfo->Show() (FormShow side effects SetLotStart/RunInfo.bLotStart only on a first show) - replaced by the page table in the web design, so this is a tag-refresh gap, not a machine action.	hand-read by sub-agent A (TfMain::Timer1Timer), reviewed and machine-validated (87/87 cites, 72/72 quotes)
E-FT1-007	TIMER	TfTemperFrom::Timer1Timer (100 ms, bShow-gated): temperature-page refresh (+ optional RecordTemp file, CCD cooling switch)	cTemperFrom.cpp:1617-1682 (20 statements: ShowThermo per channel, `SW[SwCCDCooling].On()/Off()` when REAL_TIME_CCD or ATC_SYSTEM>eATC60, `if(bStartRecord) RecordTemp();`, fLotInfo->ShowATCThermo)	DEF_NO_CALL: the handler is translated but nothing calls it (class-scoped census); five callees (SetShowYield, ShowThermo, ShowOffYieldFun, RecordTemp, ShowATCThermo) are each missing or unreachable.	the temperature page shows no live values and cannot write its RecordTemp csv; the CCD cooling output is never driven by it	DISPLAY	15	hand-read cTemperFrom.cpp:1617-1682. SwCCDCooling (IO_Table.csv line 436) and SnRTCCDTempCtrl (line 731) are Enable=0; REAL_TIME_CCD=0 and USE_ATC_MODE=5 (eNonChamber) on this laptop, so the output part is inert; RecordTemp needs an operator to press record first ; MACHINE_IO[machines/HT9050/IO_Table.csv]: SwCCDCooling=Enable0, SnRTCCDTempCtrl=Enable0	hand-read (non-TfMain form timer: golden body read, port counterpart located by grep; quotes machine-validated)
E-FT1-005	TIMER	TfLtcSensor::TimerLtcSensorTimer (100 ms): latch-sensor page LED refresh (GetLatchIOStatus of the shuttle axes)	LtcSensor.cpp:130-171 (23 statements: ScanMotorStatus of MInShuttle1/2/MOutSortSht, ledSht*Servo->Value, GetLatchTotalLength, GetLatchIOStatus)	ABSENT: the timer handler is not defined in the port (class-scoped census: NO_DEF); the callees GetLatchTotalLength / GetLatchIOStatus are each missing or unreachable from main() (1 U + 1 M in the callee census).	only the latch-sensor diagnostic page would show live shuttle latch LEDs	DISPLAY	10	hand-read LtcSensor.cpp:130-171; read-only ScanMotorStatus + LED copy, no output	hand-read (non-TfMain form timer: golden body read, port counterpart located by grep; quotes machine-validated)
E-FT1-010	TIMER	TfSmartDiagnostic::SmartDiagnosticTimerTimer (1000 ms): threshold check on the Smart Diagnostic summary grid (alarm blink)	SmartDiagnostic.cpp:729-783 (21 statements: loops the summary rows, `if(iOnCount>=iLimitCountValue) bAlarm=true`, delay iLimitCheckTime*10 ms, 6-step blink)	DEF_NO_CALL: handler translated, no caller; display-only effect (grid colours / blink).	nothing beyond the Smart Diagnostic page colouring	DISPLAY	10	hand-read SmartDiagnostic.cpp:729-783	hand-read (non-TfMain form timer: golden body read, port counterpart located by grep; quotes machine-validated)
E-FT2-010	TIMER	UI-only state timers (hand-read): TfObserver::Timer1Timer, TfOffSet::Timer1Timer, TfShowBinSelect::TimerAutoCleanCountTimer, TfSortCT::Timer2Timer / Timer1Timer, TFTool::Timer1Timer, TTrayEditForm::Timer1Timer, TLoadCCD::Timer1Timer, Tfiosetview::Timer1Timer	cObserver.cpp:708-753 (GetMachineData, yield-chart auto close); cOffSet.cpp:3280-3339 (enables IndexArmOffSet5/6 edit boxes); cShowBinSelect.cpp:2168-2214 (CaculateUPH when bG10ShowImmediateUPH && SystemStart, tab visibility); cSortCT.cpp:840-855 (UpForm on bin-box mode change); tools.cpp:43-199 (IO tool LED bytes); LoadCCD/LoadCCDMap.cpp:255-262; iosetview.cpp (LED scan)	mixed: DEF_NO_CALL for Observer / ShowBinSelect, NO_DEF for the rest; every effect is on-screen state (labels, enable flags, LEDs, tab visibility) except CaculateUPH (computes the immediate UPH counter).	page refresh only; the immediate-UPH figure would not update	DISPLAY	10	hand-read in full: TfObserver, TfOffSet, TfShowBinSelect, TfSortCT::Timer2; by head: TFTool; tool-derived/short: TTrayEditForm, TLoadCCD, the display part of Tfiosetview. Also TfSortCT::Timer1Timer (cSortCT.cpp:823-838, 1000 ms): while SystemStart it writes config.ini [Count] Lot ID when edLotID differs from IniConfig.sLotID (WriteIniData(sPath, "Count", "Lot ID", ...)) - a small FILE_WRITE that only the sort-count page uses. Not machine actions	hand-read (non-TfMain form timer: golden body read, port counterpart located by grep; quotes machine-validated)
E-FT-DISP	TIMER_SEGMENT	Display-only form timers (effect fingerprint has no MOTION / IO_OUT / COMM / FILE_WRITE / STATE statement): 29 timers, three of them hide a helper call (listed in notes)	TFSECS::TimerToolingTimer (SECSGEM/UsecegemMainFrom.cpp:724-731, 100ms, 2 stmts, port NO_DEF); TdmTrayMotor::tmrTrayStepMotorTimer (Motor/TrayStepMotor.cpp:102-107, 20ms, 2 stmts, port NO_DEF); TfConfiguration::Timer1Timer (cConfiguration.cpp:5919-5944, 1000ms, 19 stmts, port NO_DEF); TfContact::timerContactTimer (cContact.cpp:21355-21366, 50ms, 3 stmts, port DEF_NO_CALL); TfDynamicTemp::Timer1Timer (DynamicTemp.cpp:330-337, 100ms, 2 stmts, port DEF_NO_CALL); TfFixAICCD::tmrLightControlTimer (FixAICCD.cpp:1310-1324, 100ms, 4 stmts, port NO_DEF); TfHome::Timer1Timer (uhome.cpp:4885-4889, 10ms, 2 stmts, port NO_DEF); TfLotInfo::Timer3Timer (uLotInfo.cpp:8476-8485, 1000ms, 4 stmts, port DEF_NO_CALL); TfLotInfo::Timer4Timer (uLotInfo.cpp:16487-16493, 1000ms, 3 stmts, port DEF_NO_CALL); TfLtcSensor::DellTestTimer (LtcSensor.cpp:826-835, 100ms, 4 stmts, port NO_DEF); TfMotorTest::Timer2Timer (uMotorTest.cpp:2031-2037, 10ms, 3 stmts, port NO_DEF); TfNote::tmrKeyInTimer (note.cpp:6443-6458, 500ms, 3 stmts, port NO_DEF); TfOCR::TimerOcrChangeFileTimer (OCR.cpp:1043-1061, 100ms, 9 stmts, port NO_DEF); TfOCR::TimerOcrOnTimer (OCR.cpp:916-982, 1000ms, 4 stmts, port NO_DEF); TfOffSet::TimerSetupTeachTimer (cOffSet.cpp:3100-3205, 1000ms, 1 stmts, port DEF_NO_CALL); TfPrecaution::tm_CheckEditEmptyTimer (Precaution.cpp:45-74, 300ms, 11 stmts, port DEF_NO_CALL); TfRFID::Timer1Timer (MR/RFID.cpp:1532-1538, 1000ms, 1 stmts, port NO_DEF); TfSCKART::TimerSCKARTFlowTimer (Automation/SCK_ART.cpp:1403-1519, 1000ms, 33 stmts, port NO_DEF); TfServerFrm::ProcTimerTimer (Automation/fRENESAS_ServerFrm.cpp:37-160, 100ms, 43 stmts, port NO_DEF); TfShowBinSet::Timer1Timer (cShowBinSet.cpp:226-232, 100ms, 2 stmts, port NO_DEF); TfTeach::tmr_PitchLoopTimer (uteach.cpp:5929-5932, 15ms, 1 stmts, port NO_DEF); TfTemp_Set::tmr_ATC_DeforstTimer (uTemp_Set.cpp:6816-6838, 200ms, 5 stmts, port DEF_NO_CALL); TfTowerLight::Timer1Timer (cTowerLight.cpp:148-153, 10ms, 2 stmts, port DEF_NO_CALL); TfVacuumUnit::tmr1Timer (VacuumUnit/VacuumUnit.cpp:255-302, 1000ms, 22 stmts, port DEF_NO_CALL); TfYieldMonitoring::Timer1Timer (uYieldMonitoring.cpp:3616-3626, 100ms, 6 stmts, port NO_DEF); Tfiosetview::Timer2Timer (iosetview.cpp:1275-1279, 1000ms, 2 stmts, port NO_DEF); TframeProdInfo::ShowTimerTimer (Automation/ufrmProdInfo.cpp:18-29, 100ms, 0 stmts, port NO_DEF); TfrmDefrost::tmrGetTemperatureStatusTimer (TempCtrl/TriMachineDeforst.cpp:26-42, 1000ms, 0 stmts, port NO_DEF); TfrmDefrost::tmrMessageFlashTimer (TempCtrl/TriMachineDeforst.cpp:99-130, 1000ms, 10 stmts, port NO_DEF)	N/A_WEB / NO_DEF (20) / DEF_NO_CALL (9): the port shows the same values as web tags and pages (WebBridgeTags.cpp PublishHandlerTags), so these are dead by design unless a tag is missing. Method: effect-pattern scan of each comment-stripped, SOFT_SIMULTE-undefined handler body (tools/s3_fingerprint.py), then the bodies of the ones with a callee were looked at by hand; the scan is a heuristic, so the list is not a proof for the ones not opened.	captions, colours, visibility, chart refresh and similar UI updates of the VCL forms	DISPLAY	5	hidden helper calls found by hand: TdmTrayMotor::tmrTrayStepMotorTimer -> DoTrayStepMotor() (Motor/TrayStepMotor.cpp:109, tray/vibration step-motor serial state machine; inert here: LoaderUnload_StepMotor=0 and VibrationCommunication=0 in system/Gerneral.ini:582/:615; DoTrayStepMotor has no definition in the port); TfTeach::tmr_PitchLoopTimer -> DoPitchLoopMove() (uteach.cpp:5834-5927, MOTION, teach pitch-loop test, same gap as E-FT1-002); TfHome::Timer1Timer -> ScanKey() (uhome.cpp:4885-4889: panel-key scan while the Home dialog is up, same topic as E-TM-001). TfVacuumUnit::tmr1Timer (VacuumUnit/VacuumUnit.cpp:255-302) only refreshes the VC8 vacuum-unit page values (the machine-side vacuum binder is INBOX 132 / cpp 0045, not this timer).	hand-read (non-TfMain form timer: golden body read, port counterpart located by grep; quotes machine-validated)
E-T1-024	TIMER_SEGMENT	TfMain::Timer1Timer: FormHS->CheckKeyPro() SECS/GEM KeyPro licence poll (every 60 s while running)	main.cpp:3525 (Ifor 20230720; body HS_Function.cpp:4898-4947)	NO_CALLER. forms/fHS.cpp:995 `bool TFormHS::CheckKeyPro(bool bStart)` is defined but nothing calls it (neither Timer1 nor Start).	The "For enabling SECS GEM function, please insert KeyPro" check never runs. Moot in practice: KeyProDLL is 32-bit and Public/HTKeyProShim returns level 1 on x64 - user ruling 20260910 accepted that x64 does not verify the key.	DISPLAY	5	IDENTS=CheckKeyPro;KeyPro_GetLevel;bSECSGEM_UseKeyPro ; Intentionally not done: memory note ht9045-v906-keypro-inert-on-x64 (user 20260910 accepted the unverified key). Listed only for completeness; no machine action, only a popup.	hand-read by sub-agent A (TfMain::Timer1Timer), reviewed and machine-validated (87/87 cites, 72/72 quotes)
E-T1-031	TIMER_SEGMENT	TfMain::Timer1Timer: display-only statements folded (N/A_WEB) - 18 groups, 127 of 343 statements, plus 4 timer-mechanics groups (39 statements)	main.cpp:2698-2733, 2994, 2996-2999, 3119-3123, 3153-3180, 3194-3200, 3215-3226, 3228-3297, 3300-3379, 3394-3437, 3442-3494, 3527-3530, 3533-3544, 3669-3784, 3837	N/A_WEB. Not listed one by one (browser renders tags published by WebBridgeTags.cpp): UnloaderInfo grid 2994; ShowFormByInitPos 2996-2999 (window layout); UpdateSystemMessage 3180 (statics only, no effect); UpdateMotorScreen/UpdateCylinderScreen 3194-3195 (UpdateCylinderScreen also clears a negative Cylinder[].iOnOffCount + SaveCylinderLife but only while fStartCondition is shown); LevelChange->DoChangeLevel 3196-3200 (web login calls it directly: WebLogin.cpp:57 `void ChangeLevelAttr() { fMain->DoChangeLevel(); }`); UpdateIndexScreenPos/AdjZLedPos (SOFT_SIMULTE sim widgets); fMain Top/Left, SetTempFormPos; DoMainPadProcess (palSetup/palConfig hidden while SystemStart - the port refuses web saves while running instead); lblInOutAlarm, spbSet blink and the bStopChangeTempVisible 100-tick counter 3228-3284; ShowRTCState/ShowATCState/ShowAOAState/ShowOCRState/ShowFTPState captions 3287-3392 (all pure Caption/Color); labScanAOI/labTrayMap/labARTStop 3394-3437; labAutomation SECS caption + blink 3442-3494; SCK btStartCount visibility 3533-3544; motor-speed sort panels and their +-99 clamps 3669-3739; customer labels (SIGURD HUKOU/ChungXing tray name, GIGAS FTP/socket sensor, AMKOR_Japan FTCT) 3741-3784. Timer mechanics with no port equivalent needed: prologue/InitialOK/bRunTimer1 2698-2733, bTimer1Begin 3119-3123, 20 ms throttle 3153-3170, SystemInitialOK gate 3172, bRunTimer1 reset 3837.	Nothing observable beyond browser-rendered tags.	DISPLAY	5	IDENTS=ChangeLevelAttr;DoChangeLevel ; Statement denominators counted with a ';'-counter over the comment-stripped golden text (scratch A_stmt2.py): display ranges 2994; 2996-2999; 3180; 3194-3195; 3196-3200; 3215-3222; 3224-3226; 3228-3284; 3287-3297; 3300-3369; 3371-3379; 3394-3437; 3442-3494 + 3527-3530 (labAutomation); 3533-3544; 3669-3739; 3741-3784 = 127 statements of 343; mechanics 2698-2733, 3119-3123, 3153-3178, 3837 = 39; ported/equivalent 3125-3129, 3133 and 3141 (btClearCount), 3189, 3202-3206 = 6. A display statement is listed separately only when its value is read elsewhere: bStopChangeTempVisible and the speed-sort arrays are read only by Timer1 itself; ALed1 (fLotInfo) is written here only for REAL_TIME_CCD and is display.	hand-read by sub-agent A (TfMain::Timer1Timer), reviewed and machine-validated (87/87 cites, 72/72 quotes)
E-TM-018	TIMER	TfMain::Timer10Timer (counter refresh + LED mirrors) -- CHECKED-ALIVE	main.cpp:34156-34200 (Interval=100, Enabled=True): vibration LEDs :34161-34178 (display), `bRefreshCount` -> WriteCTInfo/ShowLoadingIC/ShowSortIC/ShowLoadingIC_ART :34180-34192, `bShowSiteYield[i]=false; ClearYieldCount()` :34194-34198	PORTED: WebBridgeTags.cpp:636 `{ extern void W906_CounterRefreshTick(); W906_CounterRefreshTick(); }` (inside PumpTick) -> W906_CounterRefreshTick WebBridgeTags.cpp:3460 with the golden order (bRefreshCount cleared first, :3468); LED mirrors are web tags (N/A_WEB).	nothing (recorded so a reader does not count Timer10 as a gap)	DISPLAY	3	IDENTS=W906_CounterRefreshTick; CHECKED-ALIVE row	hand-read (golden timer body read; port side by grep; quotes machine-validated)
